date GEMM WARE BATT LANA TERN BALM JALH VIEL ROBE LAND BIER MODA VEDR STGE CRUP CINE FLOR DAVE LIBI BEAU ROCH NASS GEDI VRES BOUI SUGN BERT STRA RACH ORTHp FLAM STHU TAIL OUFF EREZ SOMM MARC BAST TORG ORVA STEF STVI
2002010100 0 0 0 0 0 0 0 0 0 0 0 0 0 0 0 0 0 0 0 0 0 0 0 0 0 0 0 0 0 0 0 0 0 0 0 0 0 0 0 0 0 0
2002010101 0 0 0 0 0 0 0 0 0 0 0 0 0 0 0 0 0 0 0 0 0 0 0 0 0 0 0 0 0 0 0 0 0 0 0 0 0 0 0 0 0 0
2002010102 0 0 0 0 0 0 0 0 0 0 0 0 0 0 0 0 0 0 0 0 0 0 0.1 0 0 0 0 0 0 0 0 0 0 0 0 0 0 0 0 0 0 0
2002010103 0 0 0 0 0 0 0 0 0 0 0 0 0 0 0 0 0 0 0 0 0 0 0 0 0 0 0 0 0 0 0 0 0 0 0 0 0 0 0 0 0 0
2002010104 0 0 0 0 0 0 0 0 0 0 0 0 0 0 0 0 0 0 0 0 0 0 0 0 0 0 0 0 0 0 0 0 0 0 0 0 0 0 0 0 0 0
2002010105 0 0 0 0 0 0 0 0 0 0 0 0 0 0 0 0 0 0 0 0 0 0 0 0 0 0 0 0 0 0 0 0 0 0 0 0 0 0 0 0 0 0
2002010106 0 0 0 0 0 0 0 0 0 0 0 0 0 0 0 0 0 0 0 0 0 0 0 0 0 0 0 0 0 0 0 0 0 0 0 0 0 0 0 0 0 0
2002010107 0 0 0 0 0 0 0 0 0 0 0 0 0 0 0 0 0 0 0 0 0 0 0 0 0 0 0 0 0 0 0 0 0 0 0 0 0 0 0 0 0 0
2002010108 0 0 0 0 0 0 0 0 0 0 0 0 0 0 0 0 0 0 0 0 0 0 0 0 0 0 0 0 0 0 0 0 0 0 0 0 0 0 0 0 0 0
2002010109 0 0 0 0 0 0 0 0 0 0 0 0 0 0 0 0 0 0 0 0 0 0 0 0 0 0 0 0 0 0 0 0.1 0 0 0 0 0 0 0 0 0 0
2002010110 0 0 0 0 0.9 0 0 0 0 0 0 0 0 0 0 0 0 0 0.1 0.1 0.1 0 0.1 0 0 0 1 0 0 0 0.1 0.2 0 0 0.1 0 0 0 0 0 0 0.1
2002010111 0.1 0 0 0 2.8 0.1 0.4 0.1 0 0 0 0 0 0 0 0.3 0.1 0.1 0.3 0.4 0.1 0.3 1.2 0 0.1 0.3 1.9 0 0 0 0.2 0.2 0 0 0 0 0.1 0 0.1 0.1 0 0
2002010112 0 0 0.1 0 1.6 0.2 0 0 0 0 0 0 0 0 0 0.3 0.3 0.4 0.7 0.5 0 0.3 0.7 0.1 0.2 0.3 2.4 0 0 0 0.1 0.1 0 0 0 0 0 0 0 0 0 0
2002010113 0.3 0 0 0 0.5 0 0 0 0 0 0 0 0 0 0 0.3 0.4 0.1 0.3 0.3 0 0 0.1 0.1 0.1 0.3 1.1 0 0 0 0.1 0.3 0.1 0 0.2 0 0.4 0 0 0 0 0.2
2002010114 0 0 0 0 0.1 0 0 0 0 0 0 0.1 0 0 0 0.1 0 0 0.1 0.2 0 0.1 0 0.1 0.1 0.2 0.1 0 0 0 0 0 0.2 0 0.1 0 0.3 0 0 0 0 0.1
2002010115 0 0 0 0 0 0 0 0 0 0 0 0 0 0 0 0 0 0 0 0 0 0 0 0 0 0 0 0 0 0 0 0 0 0 0.1 0 0 0 0 0 0 0
2002010116 0 0 0 0 0 0 0 0 0 0 0 0 0 0 0 0 0 0 0 0 0 0 0 0 0 0 0 0 0 0 0 0 0 0 0 0 0 0 0 0 0 0
2002010117 0 0 0 0 0 0 0 0 0 0 0 0 0 0 0 0 0 0.1 0 0 0 0 0 0 0 0 0 0 0 0 0 0 0 0 0 0 0 0 0 0 0 0
2002010118 0 0 0 0 0 0 0 0 0 0 0 0 0 0 0 0 0 0 0 0 0 0 0 0 0 0 0 0 0 0 0 0 0 0 0 0 0 0 0 0 0 0
2002010119 0 0 0 0 0 0 0 0 0 0 0 0 0 0 0 0 0 0 0 0 0 0 0 0 0 0 0 0 0 0 0 0 0 0 0 0 0 0 0 0 0 0
2002010120 0 0 0 0 0 0 0 0 0 0 0 0 0 0 0 0 0 0 0 0 0 0 0 0 0 0 0 0 0 0 0 0 0 0 0 0 0 0 0 0 0 0
2002010121 0 0 0 0 0 0 0 0 0 0 0 0 0 0 0 0 0 0 0 0 0 0 0 0 0 0 0 0 0 0 0 0 0 0 0 0 0 0 0 0 0 0
2002010122 0 0 0 0 0 0 0 0 0 0 0 0 0 0 0 0 0 0 0 0 0 0 0 0 0 0 0 0 0 0 0 0 0 0 0 0 0 0 0 0 0 0
2002010123 0 0 0 0 0 0 0 0 0 0 0 0 0 0 0 0 0 0 0 0 0 0 0 0 0 0 0 0 0 0 0 0 0 0 0 0 0 0 0 0 0 0
2002010200 0 0 0 0 0 0 0 0 0 0 0 0 0 0 0 0 0 0 0 0 0 0 0 0 0 0 0 0 0 0 0 0 0 0 0 0 0 0 0 0 0 0
2002010201 0 0 0 0 0 0 0 0 0 0 0 0 0 0 0 0 0 0 0 0 0 0 0 0 0 0 0 0 0 0 0 0 0 0 0 0 0 0 0 0 0 0
2002010202 0 0 0 0 0 0 0 0 0 0 0 0 0 0 0 0 0 0 0 0 0 0 0 0 0 0 0 0 0 0 0 0 0 0 0 0 0 0 0 0 0 0
2002010203 0 0 0 0 0 0 0 0 0 0 0 0 0 0 0 0 0 0 0 0 0 0 0 0 0 0 0 0 0 0 0 0 0 0 0 0 0 0 0 0 0 0
2002010204 0 0 0 0 0 0 0 0 0 0 0 0 0 0 0 0 0 0 0 0 0 0 0 0 0 0 0 0 0 0 0 0 0 0 0 0 0 0 0 0 0 0
2002010205 0 0 0 0 0 0 0 0 0 0 0 0 0 0 0 0 0 0 0 0 0 0 0 0 0 0 0 0 0 0 0 0 0 0 0 0 0 0 0 0 0 0
2002010206 0 0 0 0 0 0 0 0 0 0 0 0 0 0 0 0 0 0 0 0 0 0 0 0 0 0 0 0 0 0 0 0 0 0 0 0 0 0 0 0 0 0
2002010207 0 0 0 0 0 0 0 0 0 0 0 0 0 0 0 0 0 0 0 0 0 0 0 0 0 0 0 0 0 0 0 0 0 0 0 0 0 0 0 0 0 0
2002010208 0 0 0 0 0 0 0 0 0 0 0 0 0 0 0 0 0 0 0 0 0 0 0 0 0 0 0 0 0 0 0 0 0 0 0 0 0 0 0 0 0 0
2002010209 0 0 0 0 0 0 0 0 0 0 0 0 0 0 0 0 0.1 0 0 0 0 0 0 0 0 0.2 0 0 0 0 0.1 0 0 0 0.1 0 0 0 0 0 0 0
2002010210 0.1 0.1 0.2 0.1 0.2 0 0 0 0 0 0 0 0 0 0 0 0 0 0.1 0 0 0 0 0.1 0 0.4 0.6 0 0 0 0 0 0 0 0.7 0 0 0 0.1 0.1 0 0.1
2002010211 0.1 0 0.7 0 0.3 0 0 0 0 0.1 0 0 0.1 0 0 0.7 0.3 0 0.4 0.1 0.1 0.1 0.1 0.6 0.8 0.5 0.5 0 0 0 0.1 0 0 0 0.1 0 0.3 0 0 0 0 0.3
2002010212 0 0.1 0.4 0 0.2 0 0.2 0 0 0.2 0.1 0 0.2 0 0 0.7 0.1 0.2 0.2 0 0 0 0.1 0.9 0.3 0.7 0.2 0 0 0 0 0 0.3 0 0.2 0 0.2 0 0 0.3 0 0.4
2002010213 0 0 0.3 0 0.1 0 1.1 0 0 0.3 0 0 0.3 0 0 0.3 0.1 0 0.1 0.2 0 0.2 0 0.7 0.7 0.8 0.1 0 0 0 0 0 1.2 0 0 0.1 0.1 0 0 0 0 0.2
2002010214 0 0 0.1 0 0 0 0.2 0 0 0.2 0.2 0 0.2 0 0 0.2 0 0 0.1 0.1 0 0 0 0.3 0.2 0.4 0 0 0 0.1 0 0 0.3 0 0.1 0.1 0 0 0.1 0 0 0
2002010215 0 0 0.1 0 0 0 0 0 0 0 0 0 0 0 0 0 0 0 0 0 0 0 0 0 0 0 0 0 0 0 0 0 0 0 0 0 0.1 0 0 0 0 0
2002010216 0 0 0.1 0 0 0 0 0 0 0 0 0 0 0 0 0 0 0 0 0 0 0 0 0 0 0 0 0 0 0 0 0 0 0 0 0 0 0 0 0 0 0
2002010217 0 0 0 0 0 0 0 0 0 0 0 0 0 0 0 0 0 0 0 0 0 0 0 0 0 0 0 0 0 0 0 0 0 0 0 0 0 0 0 0 0 0
2002010218 0 0 0 0 0 0 0 0 0 0 0 0 0 0 0 0 0 0 0 0 0 0 0 0 0 0 0 0 0 0 0 0 0 0 0 0 0 0 0 0 0 0
2002010219 0 0 0 0 0 0 0 0 0 0 0 0 0 0 0 0 0 0 0 0 0 0 0 0 0 0 0 0 0 0 0 0 0 0 0 0 0 0 0 0 0 0
2002010220 0 0 0 0 0 0 0 0 0 0 0 0 0 0 0 0 0 0 0 0 0 0 0 0 0 0 0 0 0 0 0 0 0 0 0 0 0 0 0 0 0 0
2002010221 0 0 0 0 0 0 0 0 0 0 0 0 0 0 0 0 0 0 0 0 0 0 0 0 0 0 0 0 0 0 0 0 0 0 0 0 0 0 0 0 0 0
2002010222 0 0 0 0 0 0 0 0 0 0 0 0 0 0 0 0 0 0 0 0 0 0 0 0 0 0 0 0 0 0 0 0 0 0 0 0 0 0 0 0 0 0
2002010223 0 0 0 0 0 0 0 0 0 0 0 0 0 0 0 0 0 0 0 0 0 0 0 0 0 0 0 0 0 0 0 0 0 0.1 0 0 0 0 0 0 0 0
2002010300 0 0 0 0 0 0 0 0 0 0 0 0 0 0 0 0 0 0 0 0 0 0 0 0 0 0 0 0 0 0 0 0 0 0 0 0 0 0 0 0 0 0
2002010301 0 0 0 0 0 0 0 0 0 0 0 0 0 0 0 0 0 0 0 0 0 0 0 0 0 0 0 0 0 0 0 0.1 0 0 0 0 0 0 0 0 0 0
2002010302 0 0 0 0 0 0 0 0 0 0 0 0 0 0 0 0 0 0 0 0 0 0 0 0 0 0 0 0 0 0 0 0 0 0 0 0 0 0 0 0 0 0
2002010303 0 0 0 0 0 0 0 0 0 0 0 0 0 0 0 0 0 0 0 0 0 0 0 0 0 0 0 0 0 0 0 0 0 0 0 0 0 0 0 0 0 0
2002010304 0 0 0 0 0 0 0 0 0 0 0 0 0 0 0 0 0 0 0 0 0 0 0 0 0 0 0 0 0 0 0 0 0 0 0 0 0 0 0 0 0 0
2002010305 0 0 0 0 0 0 0 0 0 0 0 0 0 0 0 0 0 0 0 0 0 0 0 0 0 0 0 0 0 0 0 0 0 0 0 0 0 0 0 0 0 0
2002010306 0 0 0 0 0 0 0 0 0 0 0 0 0 0 0 0 0 0 0 0 0 0 0 0 0 0 0 0 0 0 0 0 0 0 0 0 0 0 0 0 0 0
2002010307 0 0 0 0 0 0 0 0 0 0 0 0 0 0 0 0 0 0 0 0 0 0 0 0 0 0 0 0 0 0 0 0 0 0 0 0 0 0 0 0 0 0
2002010308 0 0 0 0 0 0 0 0 0 0 0 0 0 0 0 0 0 0 0 0 0 0 0 0 0 0 0 0 0 0 0 0 0 0 0 0 0 0 0 0 0 0
2002010309 0 0 0.3 0.1 0 0 0 0 0 0 0 0 0 0 0 0 0 0 0 0 0 0 0 0 0.1 0.1 0 0 0 0 0 0 0 0 0.2 0 0 0 0 0 0 0.1
2002010310 0.1 0.1 0.3 0.1 0 0 0 0 0 0.3 0 0 0.3 0 0 0 0 0 0 0.1 0 0 0 0.3 0.5 0.8 0 0 0 0 0 0 0 0 0.2 0 0.1 0 0 0 0 0.1
2002010311 0 0.1 0.4 0 0 0 0 0 0.1 0.3 0 0 0.3 0 0 0.2 0.1 0 0.1 0.4 0.1 0 0.1 0.5 0.4 0.7 0 0 0 0 0 0 0 0 0 0.1 0.1 0 0 0.1 0 0
2002010312 0 0 0.2 0 0 0 0.8 0 0 0.2 0 0 0.2 0 0 0 0 0 0 0.3 0 0 0 0.4 0.5 0.2 0 0 0 0 0 0 0 0 0 0.5 0 0 0.1 0 0 0
2002010313 0 0 0 0 0 0 0.7 0 0 0.1 0 0 0.1 0 0 0.1 0 0.1 0 0 0 0 0 0.3 0.6 0 0 0 0 0 0 0 0 0 0 0.7 0 0 0 0 0 0.1
2002010314 0 0 0 0 0 0 0.1 0 0 0.1 0 0 0.1 0 0.1 0.1 0 0 0 0.1 0 0 0 0.1 0 0 0 0 0 0.1 0 0 0 0 0 0.3 0 0 0 0 0 0
2002010315 0 0 0 0 0 0 0 0 0 0 0 0 0 0 0 0 0 0 0 0 0 0 0 0 0 0 0 0 0 0 0 0 0 0 0 0 0 0 0 0 0 0
2002010316 0 0 0 0 0 0 0 0 0 0 0 0 0 0 0 0 0 0 0 0 0 0 0 0 0 0 0 0 0 0 0 0 0 0 0 0 0 0 0 0 0 0
2002010317 0 0 0 0 0 0 0 0 0 0 0 0 0 0 0 0 0 0 0 0 0 0 0 0 0 0 0 0 0 0 0 0 0 0 0 0 0 0 0 0 0 0
2002010318 0 0 0 0 0 0 0 0 0 0 0 0 0 0 0 0 0 0 0 0 0 0 0 0 0 0 0 0 0 0 0 0 0 0 0 0 0 0 0 0 0 0
2002010319 0 0 0 0 0 0 0 0 0 0 0 0 0 0 0 0 0 0 0 0 0 0 0 0 0 0 0 0 0 0 0 0 0 0 0 0 0 0 0 0 0 0
2002010320 0 0 0 0 0 0 0 0 0 0 0 0 0 0 0 0 0 0 0 0 0 0 0 0 0 0 0 0 0 0 0 0 0 0 0 0 0 0 0 0 0 0
2002010321 0 0 0 0 0 0 0 0 0 0 0 0 0 0 0 0 0 0 0 0 0 0 0 0 0 0 0 0 0 0 0 0 0 0 0 0 0 0 0 0 0 0
2002010322 0 0 0 0 0 0 0 0 0 0 0 0 0 0 0 0 0 0 0 0 0 0 0 0 0 0 0 0 0 0 0 0 0 0 0 0 0 0 0 0 0 0
2002010323 0 0 0 0 0 0 0 0 0 0 0 0 0 0 0 0 0 0 0 0 0 0 0 0 0 0 0 0 0 0 0 0 0 0 0 0 0 0 0 0 0 0
2002010400 0 0 0 0 0 0 0 0 0 0 0 0 0 0 0 0 0 0 0 0 0 0 0 0 0 0 0 0 0 0 0 0 0 0 0 0 0 0 0 0 0 0
2002010401 0 0 0 0 0 0 0 0 0 0 0 0 0 0 0 0 0 0 0 0 0 0 0 0 0 0 0 0 0 0 0 0 0 0 0 0 0 0 0 0 0 0
2002010402 0 0 0 0 0 0 0 0 0 0 0 0 0 0 0 0 0 0 0 0 0 0 0 0 0 0 0 0 0 0 0 0 0 0 0 0 0 0 0 0 0 0
2002010403 0 0 0 0 0 0 0 0 0 0 0 0 0 0 0 0 0 0 0 0 0 0 0 0 0 0 0 0 0 0 0 0 0 0 0 0 0 0 0 0 0 0
2002010404 0 0 0 0 0 0 0 0 0 0 0 0 0 0 0 0 0 0 0 0 0 0 0 0 0 0 0 0 0 0 0 0 0 0 0 0 0 0 0 0 0 0
2002010405 0 0 0 0 0 0 0 0 0 0 0 0 0 0 0 0 0 0 0 0 0 0 0 0 0 0 0 0 0 0 0 0 0 0 0 0 0 0 0 0 0 0
2002010406 0 0 0 0 0 0 0 0 0 0 0 0 0 0 0 0 0 0 0 0 0 0 0 0 0 0 0 0 0 0 0 0 0 0 0 0 0 0 0 0 0 0
2002010407 0 0 0 0 0 0 0 0 0 0 0 0 0 0 0 0 0 0 0 0 0 0 0 0 0 0 0 0 0 0 0 0 0 0 0 0.1 0 0 0 0 0 0
2002010408 0 0 0 0 0 0 0 0 0 0 0 0 0 0 0 0 0 0 0 0 0 0 0 0 0 0 0 0 0 0 0 0 0 0 0 0 0 0 0 0 0 0
2002010409 0 0 0 0 0 0 0 0 0 0 0 0 0 0 0 0 0 0 0 0 0 0 0 0 0 0 0 0 0 0 0 0 0 0 0 0 0 0 0 0 0 0
2002010410 0 0 0 0 0 0 0 0 0 0 0.1 0 0 0 0 0 0 0 0 0 0 0 0 0 0.1 0 0 0 0 0 0 0 0 0 0 0 0 0 0 0 0 0
2002010411 0 0 0.1 0 0 0 0.1 0 0 0 0 0 0 0 0 0 0.1 0 0 0 0.1 0 0.1 0.2 0.6 0 0 0 0 0 0 0 0 0 0 0 0 0 0 0.1 0 0
2002010412 0 0 0.3 0 0 0 0.7 0 0 0 0 0 0 0 0 0 0 0 0 0.1 0 0 0 0 0.2 0 0 0 0 0 0 0 0 0 0 0 0 0 0 0 0 0
2002010413 0 0 0.1 0 0 0 1.2 0 0 0 0 0 0 0 0 0 0 0 0 0 0 0 0 0.3 0.4 0 0 0 0 0 0 0 0 0 0 0 0.1 0 0 0 0 0
2002010414 0 0 0 0 0 0 0.2 0 0 0 0 0 0 0 0.1 0 0 0 0 0 0 0 0 0.2 0.1 0 0 0 0 0 0 0 0 0.1 0 0 0 0 0 0 0 0
2002010415 0 0 0 0 0 0 0 0 0 0 0 0 0 0 0 0 0 0 0 0 0 0 0 0 0 0 0 0 0 0 0 0 0 0 0 0 0 0 0 0 0 0
2002010416 0 0 0 0 0 0 0 0 0 0 0 0 0 0 0 0 0 0 0 0 0 0 0 0 0 0 0 0 0 0 0 0 0 0 0 0 0 0 0 0 0 0
2002010417 0 0 0 0 0 0 0 0 0 0 0 0 0 0 0 0 0 0 0 0 0 0 0 0 0 0 0 0 0 0 0 0 0 0 0 0 0 0 0 0 0 0
2002010418 0 0 0 0 0 0 0 0 0 0 0 0 0 0 0 0 0 0 0 0 0 0 0 0 0 0 0 0 0 0 0 0 0 0 0 0 0 0 0 0 0 0
2002010419 0 0 0 0 0 0 0 0 0 0 0 0 0 0 0 0 0 0 0 0 0 0 0 0 0 0 0 0 0 0 0 0 0 0 0 0 0 0 0 0 0 0
2002010420 0 0 0 0 0 0 0 0 0 0 0 0 0 0 0 0 0 0 0 0 0 0 0 0 0 0 0 0 0 0 0 0 0 0 0 0 0 0 0 0 0 0
2002010421 0 0 0 0 0 0 0 0 0 0 0 0 0 0 0 0 0 0 0 0 0 0 0 0 0 0 0 0 0 0 0 0 0 0 0 0 0 0 0 0 0 0
2002010422 0 0 0 0 0 0 0 0 0 0 0 0 0 0 0 0 0 0 0 0 0 0 0 0 0 0 0 0 0 0 0 0 0 0 0 0 0 0 0 0 0 0
2002010423 0 0 0 0 0 0 0 0 0 0 0 0 0 0 0 0 0 0 0 0 0 0 0 0 0 0 0 0 0 0 0 0 0 0 0 0 0 0 0 0 0 0
2002010500 0 0 0 0 0 0 0 0 0 0 0 0 0 0 0 0 0 0 0 0 0 0 0 0 0 0 0 0 0 0 0 0 0 0 0 0 0 0 0 0 0 0
2002010501 0 0 0 0 0 0 0 0 0 0 0 0 0 0 0 0 0 0 0 0 0 0 0 0 0 0 0 0 0 0 0 0 0 0 0 0 0 0 0 0 0 0
2002010502 0 0 0 0 0 0 0 0 0 0 0 0 0 0 0 0 0 0 0 0 0 0 0 0 0 0 0 0 0 0 0 0 0 0 0 0 0 0 0 0 0 0
2002010503 0 0 0 0 0 0 0 0 0 0 0 0 0 0 0 0 0 0 0 0 0 0 0 0 0 0 0 0 0 0 0 0 0 0 0 0 0 0 0 0 0 0
2002010504 0 0 0 0 0 0 0 0 0 0 0 0 0 0 0 0 0 0 0 0 0 0 0 0 0 0 0 0 0 0 0 0 0 0 0 0 0 0 0 0 0 0
2002010505 0 0 0 0 0 0 0 0 0 0 0 0 0 0 0 0 0 0 0 0 0 0 0 0 0 0 0 0 0 0 0 0 0 0 0 0 0 0 0 0 0 0
2002010506 0 0 0 0 0 0 0 0 0 0 0 0 0 0 0 0 0 0 0 0 0 0 0 0 0 0 0 0 0 0 0 0 0 0 0 0 0 0 0 0 0 0
2002010507 0 0 0 0 0 0 0 0 0 0 0 0 0 0 0 0 0 0 0 0 0 0 0 0 0 0 0 0 0 0 0 0 0 0 0 0 0 0 0 0 0 0
2002010508 0 0 0 0 0 0 0 0 0 0 0 0 0 0 0 0 0 0 0 0 0 0 0 0 0 0 0 0 0 0 0 0 0 0 0 0 0 0 0 0 0 0
2002010509 0 0 0 0 0.1 0 0 0 0 0 0 0 0 0 0 0 0 0 0 0 0 0.1 0 0 0 0 0 0 0 0 0 0 0 0 0.1 0 0 0 0 0 0 0
2002010510 0 0.1 0 0 0 0 0 0 0 0 0 0 0 0 0 0 0 0 0 0 0 0 0 0 0.1 0 0.1 0 0 0 0 0 0 0 0 0 0 0 0 0 0 0
2002010511 0 0 0.1 0 0.1 0.1 0.2 0 0 0 0 0 0 0 0 0 0 0 0 0 0 0 0 0.2 0.3 0 0 0 0 0 0 0 0.1 0 0 0 0.1 0 0 0 0 0
2002010512 0 0 0.2 0 0 0 1.1 0 0 0 0 0 0 0 0 0 0 0 0.1 0 0 0 0 0 0.3 0 0 0 0 0.1 0 0 0 0 0 0 0 0 0.1 0 0 0
2002010513 0 0 0.2 0 0.1 0 1.3 0 0 0 0 0 0 0 0 0.1 0 0 0 0 0 0 0 0.2 0.3 0 0 0 0 0 0 0 0 0.1 0 0.1 0 0 0 0 0 0
2002010514 0 0 0 0 0 0 0.3 0 0 0 0 0 0 0 0.1 0 0 0 0 0 0 0 0 0 0.1 0 0 0 0 0 0 0 0.1 0 0 0 0 0 0 0 0 0.1
2002010515 0 0 0 0 0 0 0 0 0 0 0 0 0 0 0 0 0 0 0 0 0 0 0 0 0 0 0 0 0 0.1 0 0 0.1 0 0 0 0 0 0 0 0 0
2002010516 0 0 0 0 0 0 0 0 0 0 0 0 0 0 0 0 0 0 0 0 0 0 0 0 0 0 0 0 0 0 0 0 0 0 0 0 0 0 0 0 0 0
2002010517 0 0 0 0 0 0 0 0 0 0 0 0 0 0 0 0 0 0 0 0 0 0 0 0 0 0 0 0 0 0 0 0 0 0 0 0 0 0 0 0 0 0
2002010518 0 0 0 0 0 0 0 0 0 0 0 0 0 0 0 0 0 0 0 0 0 0 0 0 0 0 0 0 0 0 0 0 0 0 0 0 0 0 0 0 0 0
2002010519 0 0 0 0 0 0 0 0 0 0 0 0 0 0 0 0 0 0 0 0 0 0 0 0 0 0 0 0 0 0 0 0 0 0 0 0 0 0 0 0 0 0
2002010520 0 0 0 0 0 0 0 0 0 0 0 0 0 0 0 0 0 0 0 0 0 0 0 0 0 0 0 0 0 0 0 0 0 0 0 0 0 0 0 0 0 0
2002010521 0 0 0 0 0 0 0 0 0 0 0 0 0 0 0 0 0 0 0 0 0 0 0 0 0 0 0 0 0 0 0 0 0 0 0 0 0 0 0 0 0 0
2002010522 0 0 0 0 0 0 0 0 0 0 0 0 0 0 0 0 0 0 0 0 0 0 0 0 0 0 0 0 0 0 0 0 0 0 0 0 0 0 0 0 0 0
2002010523 0 0 0 0 0 0 0 0 0 0 0 0 0 0 0 0 0 0 0 0 0 0 0 0 0 0 0 0 0 0 0 0 0 0 0 0 0 0 0 0 0 0
2002010600 0 0 0 0 0 0 0 0 0 0 0 0 0 0 0 0 0 0 0 0 0 0 0 0 0 0 0 0 0 0 0 0 0 0 0 0 0 0 0 0 0 0
2002010601 0 0 0 0 0 0 0 0 0 0 0 0 0 0 0 0 0 0 0 0 0 0 0 0 0 0 0 0 0 0 0 0 0 0 0 0 0 0 0 0 0 0
2002010602 0 0 0 0 0 0 0 0 0 0 0 0 0 0 0 0 0 0 0 0 0 0 0 0 0 0 0 0 0 0 0 0 0 0 0 0 0 0 0 0 0 0
2002010603 0 0 0 0 0 0 0 0 0 0 0 0 0 0 0 0 0 0 0 0 0 0 0 0 0 0 0 0 0 0 0 0 0 0 0 0 0 0 0 0 0 0
2002010604 0 0 0 0 0 0 0 0 0 0 0 0 0 0 0 0 0 0 0 0 0 0 0 0 0 0 0 0 0 0 0 0 0 0 0 0 0 0 0 0 0 0
2002010605 0 0 0 0 0 0 0 0 0 0 0 0 0 0 0 0 0 0 0 0 0 0 0 0 0 0 0 0 0 0 0 0 0 0 0 0 0 0 0 0 0 0
2002010606 0 0 0 0 0 0 0 0 0 0 0 0 0 0 0 0 0 0 0 0 0 0 0 0 0 0 0 0 0 0 0 0 0 0 0 0 0 0 0 0 0 0
2002010607 0 0 0 0 0 0 0 0 0 0 0 0 0 0 0 0 0 0 0 0 0 0 0 0 0 0 0 0 0 0 0 0 0 0 0 0 0 0 0 0 0 0
2002010608 0 0 0 0 0 0 0 0 0 0 0 0 0 0 0 0 0 0 0 0 0 0.1 0 0 0 0.1 0 0 0 0 0 0.3 0 0 0 0 0 0 0 0 0 0
2002010609 0 0 0 0 0.1 0 0 0 0 0 0 0 0 0 0 0 0 0 0 0 0 0.1 0 0 0 0 0 0 0 0 0.1 0 0 0 0 0 0 0 0 0.1 0 0
2002010610 0.1 0 0.1 0 0 0 0 0 0 0 0 0 0 0 0.1 0.1 0.1 0 0.1 0 0 0 0.1 0 0.1 0 0.2 0 0 0 0 0 0.1 0 0.1 0 0 0 0 0 0 0
2002010611 0 0 0 0 0.1 0 0.4 0 0 0 0 0 0 0 0.2 0.3 0 0 0 0 0 0 0 0.1 0.1 0.1 0.2 0 0 0.1 0.2 0 0 0.1 0 0 0 0.7 0.1 0 0 0
2002010612 0 0 0 0.1 0.1 0 0.4 0 0 0 0 0 0 0 0.2 0.1 0 0 0.1 0.1 0 0 0 0 0 0 0.1 0 0 0.2 0 0 0.2 0 0 0 0 3.1 0 0 0 0.1
2002010613 0.1 0.2 0.2 0 0.3 0 0.7 0 0 0.1 0.2 0 0.1 0 0.1 0.1 0 0 0.1 0 0 0 0 0 0 0.1 0 0 0 0 0 0 0.9 0 0 0 0 1 0 0 0 0.1
2002010614 0.1 0 0 0 0.1 0.1 0.6 0 0 0 0 0 0 0 0.2 0.2 0 0.1 0.1 0 0.1 0.2 0 0 0 0 0 0 0 0 0 0.1 0.4 0 0.3 0 0.1 0.9 0 0 0 0.1
2002010615 0.1 0 0 0 0.1 0 0.4 0 0 0.1 0.1 0 0.1 0 0 0.1 0.1 0.1 0.2 0 0 0.1 0.1 0 0 0 0.1 0 0 0.2 0.2 0.1 0 0.1 0.1 0 0 0.6 0 0 0 0
2002010616 0.2 0.1 0 0 0.1 0 0.2 0 0 0.1 0 0 0.1 0.1 0 0 0 0.1 0 0 0 0 0.1 0 0 0.1 0 0 0 0.1 0 0 0.1 0.1 0.1 0 0 0.3 0 0 0 0
2002010617 0 0.1 0 0 0.2 0 0.2 0 0 0.1 0.1 0 0.1 0 0 0.1 0.1 0 0.1 0 0 0.1 0 0 0 0 0 0 0 0.1 0 0.1 0.2 0 0 0 0 0.3 0 0 0 0
2002010618 0.1 0 0 0 0 0 0.2 0 0 0 0.1 0 0 0 0 0 0 0 0.1 0 0 0 0.1 0 0 0.1 0.1 0 0 0.1 0 0 0.1 0 0.1 0 0 0.2 0 0 0 0
2002010619 0 0 0.1 0 0 0 0.1 0 0 0 0 0 0 0 0 0 0.1 0 0 0 0 0 0 0 0 0 0 0 0 0.1 0 0 0.2 0.1 0 0 0 0.1 0 0 0 0
2002010620 0 0 0 0 0 0 0.1 0 0 0.1 0 0 0.1 0 0 0.1 0 0 0 0 0 0 0 0 0 0 0 0 0 0.1 0 0 0.2 0.1 0.1 0 0 0.1 0 0 0 0
2002010621 0.1 0.1 0.1 0 0 0 0 0 0 0.1 0 0 0.1 0 0 0.1 0.1 0.1 0.1 0 0 0.1 0 0 0 0 0 0 0 0.1 0.1 0 0.2 0.1 0.1 0 0 0.2 0 0 0 0
2002010622 0 0 0 0 0 0 0 0 0 0 0 0 0 0 0 0 0.1 0.1 0 0 0 0.1 0.1 0 0 0.1 0 0 0 0 0 0.1 0.1 0 0 0 0 0.2 0 0 0 0
2002010623 0 0 0.1 0.1 0 0 0 0 0 0 0.1 0 0 0 0.1 0 0 0 0.1 0 0 0 0 0 0 0 0 0 0 0 0 0 0 0 0.1 0 0 0 0 0 0 0
2002010700 0 0 0 0 0 0 0 0 0 0 0 0 0 0 0 0 0 0 0 0 0 0 0 0 0 0 0 0 0 0 0 0 0.1 0 0 0 0 0.1 0 0 0 0
2002010701 0.2 0 0 0 0 0 0 0 0 0 0 0 0 0 0 0 0 0 0 0 0 0 0 0 0 0.1 0 0 0 0 0 0 0 0 0 0 0 0 0 0 0 0
2002010702 0.5 0 0.1 0 0 0 0.1 0 0 0 0 0 0 0 0 0.1 0 0 0 0 0 0 0 0 0 0 0 0 0 0 0 0 0 0 0 0 0 0 0 0 0 0
2002010703 0 0 0.1 0 0 0 0 0 0 0 0 0 0 0 0 0 0 0 0 0 0 0 0 0 0 0 0 0 0 0 0 0 0 0 0 0 0 0 0 0 0 0
2002010704 0.1 0 0.1 0 0 0 0 0 0 0 0 0 0 0 0 0 0 0 0 0 0 0 0 0 0 0 0 0 0 0 0 0 0 0.1 0 0 0 0 0 0 0 0
2002010705 0 0 0.1 0 0 0 0 0 0 0 0 0 0 0 0 0 0 0 0 0 0 0 0 0 0 0 0 0 0 0 0 0 0 0.2 0 0 0 0 0 0 0 0
2002010706 0 0 0.1 0.1 0 0 0 0 0 0.1 0 0 0.1 0 0 0 0 0 0 0 0 0 0 0 0 0 0 0 0 0 0 0 0 0 0 0 0 0 0 0 0 0
2002010707 0 0 0 0.1 0 0 0 0 0 0 0 0 0 0 0 0 0 0 0 0 0 0 0 0 0 0 0 0 0 0 0 0 0 0.1 0 0 0 0 0 0 0 0
2002010708 0 0 0.1 0 0 0 0 0 0 0 0 0 0 0 0 0 0.1 0 0 0 0 0.1 0.1 0 0 0 0 0 0 0 0.1 0 0 0.1 0.2 0 0 0 0 0 0 0
2002010709 0 0 0.1 0 0.2 0 0.4 0 0 0 0 0 0 0 0.3 0 0 0.1 0 0.3 0 0 0 0.1 0.1 0 0 0 0 0.2 0 0 0 0.1 0 0.1 0 0 0 0 0 0.2
2002010710 0 0 0.9 0 1.1 0.4 0.3 0 0 0 0 0.3 0 0 0.6 0 0 0.1 0.1 0.2 0.1 0 0 0 0 0.1 0 0.1 0 0.2 0 0 0 0.2 0 0 0.1 0.4 0 0 0.1 0.2
2002010711 0 0 0 0 0.3 0.7 0.3 0 0 0 0 0.9 0 0 0.7 0 0 0.1 0.1 0 0.1 0 0 0 0 0 0 0 0.3 0.2 0 0 0 0.2 0 0.1 0 0.6 0 0 1.1 0.2
2002010712 0 0 0 0 0 0.9 0.3 0.4 0 0 0 1.2 0 0 0.4 0 0 0.3 0.1 0 0 0 0 0.1 0 0 0 0.2 0.3 0.2 0 0 0 0.2 0 0.2 0 0.4 0 0 0.8 0.2
2002010713 0 0 0 0 0.1 0.7 0.3 0.4 0 0 0 0.4 0 0.2 0.3 0 0 0.2 0.2 0 0 0 0 0 0 0 0 0.4 0.3 0.3 0 0 0 0.2 0 0.2 0 0.4 0 0 0.7 0.1
2002010714 0 0 0 0 0 0.4 0.4 0.2 0 0 0 0.2 0 0.2 0.2 0 0 0.2 0.2 0 0 0 0 0 0 0 0 0.7 0.2 0.1 0 0 0.1 0 0 0.1 0 0.2 0 0 0.6 0.1
2002010715 0 0 0 0 0 0.2 0.3 0.1 0 0 0 0.2 0 0.1 0.1 0 0 0 0.1 0 0 0 0 0 0 0 0 0.6 0.1 0.1 0 0 0 0 0 0 0 0 0 0 0.3 0
2002010716 0 0 0 0 0 0.1 0.2 0.1 0 0 0 0.1 0 0.2 0.1 0 0 0.1 0 0 0 0 0 0 0 0 0 0.4 0 0.1 0 0 0 0 0 0.1 0 0.1 0 0 0.2 0
2002010717 0 0 0 0 0 0 0 0 0 0 0 0 0 0 0 0 0 0 0 0 0 0 0 0 0 0 0 0.1 0.1 0 0 0 0.1 0 0 0 0 0 0 0 0.1 0
2002010718 0 0 0 0 0 0 0.1 0 0 0 0 0.1 0 0.1 0.1 0 0 0 0.1 0 0 0 0 0 0 0 0 0.1 0 0 0 0 0 0 0 0.1 0 0 0 0 0.1 0
2002010719 0 0 0 0 0 0 0 0 0 0 0 0 0 0.1 0 0 0 0 0 0 0 0 0 0 0 0 0 0 0 0 0 0 0 0 0 0 0 0 0 0 0 0
2002010720 0 0 0 0 0 0.1 0 0.1 0 0 0 0 0 0 0 0 0 0.1 0 0 0 0 0 0 0 0 0 0.1 0 0 0 0 0 0 0 0.1 0 0 0 0 0.1 0
2002010721 0 0 0 0 0 0 0 0 0 0 0 0 0 0 0 0 0 0 0 0 0 0 0 0 0 0 0 0.1 0 0 0 0 0 0 0 0 0 0 0 0 0.1 0
2002010722 0 0 0 0 0 0.1 0 0 0 0 0 0 0 0 0 0 0 0 0.1 0 0 0 0 0 0 0 0 0 0 0 0 0 0 0 0 0 0 0 0 0 0.1 0
2002010723 0 0 0 0 0 0.1 0.1 0.1 0 0 0 0 0 0.1 0.1 0 0 0 0 0 0 0 0 0 0 0 0 0.1 0 0 0 0 0 0 0 0.1 0 0 0 0 0 0
2002010800 0 0 0 0 0 0 0 0 0 0 0 0 0 0 0 0 0 0 0 0 0 0 0 0 0 0 0 0 0 0 0 0 0 0 0 0 0 0 0 0 0.1 0
2002010801 0 0 0 0 0 0.1 0 0 0 0 0 0 0 0 0 0 0 0.1 0 0 0 0 0 0 0 0 0 0 0 0 0 0 0 0 0 0 0 0 0 0 0 0
2002010802 0 0 0 0 0 0 0 0 0 0 0 0 0 0 0 0 0 0 0 0 0 0 0 0 0 0 0 0 0 0 0 0 0 0 0 0 0 0 0 0 0 0
2002010803 0 0 0 0 0 0 0 0 0 0 0 0 0 0.1 0 0 0 0 0 0 0 0 0 0 0 0 0 0 0 0 0 0 0 0 0 0 0 0 0 0 0 0
2002010804 0 0 0 0 0 0 0 0 0 0 0 0 0 0 0 0 0 0 0 0 0 0 0 0 0 0 0 0 0 0 0 0 0 0 0 0 0 0 0 0 0 0
2002010805 0 0 0 0 0 0 0 0 0 0 0 0 0 0 0.1 0 0 0 0 0 0 0 0 0 0 0 0 0 0 0 0 0 0 0 0 0 0 0 0 0 0 0
2002010806 0 0 0 0 0 0 0 0 0 0 0 0 0 0 0 0 0 0 0 0 0 0 0 0 0 0 0 0 0 0 0 0 0 0 0 0 0 0 0 0 0 0
2002010807 0 0 0 0 0 0 0 0 0 0 0 0 0 0 0 0 0 0 0 0 0 0 0 0 0 0 0 0 0 0 0 0 0 0 0 0 0 0 0 0 0 0
2002010808 0 0 0 0 0 0 0 0 0 0 0 0 0 0 0 0 0 0 0 0 0 0 0 0 0 0 0 0 0 0 0 0 0 0 0 0 0 0 0 0 0 0
2002010809 0 0 0 0 0 0 0 0 0 0 0 0.1 0 0.1 0 0 0.1 0 0 0 0 0 0 0 0 0 0 0 0 0 0 0 0 0 0 0 0 0 0 0 0 0
2002010810 0 0 0 0 0.3 0 0 0.1 0 0 0 0 0 0 0 0 0 0.1 0.1 0 0 0 0 0 0 0 0 0 0.1 0.1 0 0 0 0 0 0 0 0.1 0 0 0.3 0.1
2002010811 0 0 0 0 0 0.2 0.2 0.1 0.1 0 0 0 0 0 0 0 0 0.1 0.1 0 0 0 0 0 0 0 0 0 0.2 0.1 0 0 0 0 0 0 0 0 0 0 0.2 0
2002010812 0 0 0 0 0 0.6 1.4 0.2 0.3 0 0 0.1 0 0 0 0 0 0.3 0 0 0 0 0 0 0 0 0 0 0.2 0.1 0 0 0 0 0 0 0 0 0 0 0.2 0.1
2002010813 0 0 0 0 0 0.1 1.3 0.1 0 0 0 0 0 0 0.1 0 0 0 0 0 0 0 0 0 0 0 0 0 0.2 0 0 0 0.4 0 0 0 0 0 0 0 0.1 0
2002010814 0 0 0 0 0 0 0.4 0 0 0 0 0 0 0 0 0 0 0 0 0 0 0 0 0 0 0 0 0 0.1 0.1 0 0 0.1 0 0 0 0 0 0 0 0 0
2002010815 0 0 0 0 0 0 0.1 0 0 0 0 0 0 0 0 0 0 0 0 0 0 0 0 0 0 0 0 0 0 0 0 0 0 0 0 0 0 0 0 0 0 0
2002010816 0 0 0 0 0 0 0 0 0 0 0 0 0 0 0 0 0 0 0 0 0 0 0 0 0 0 0 0 0 0 0 0 0 0 0 0 0 0 0 0 0 0
2002010817 0 0 0 0 0 0 0 0 0 0 0 0 0 0 0 0 0 0 0 0 0 0 0 0 0 0 0 0 0 0 0 0 0 0 0 0 0 0 0 0 0 0
2002010818 0 0 0 0 0 0 0 0 0 0 0 0 0 0 0 0 0 0 0 0 0 0 0 0 0 0 0 0 0 0 0 0 0 0 0 0 0 0 0 0 0 0
2002010819 0 0 0 0 0 0 0 0 0 0 0 0 0 0 0 0 0 0 0 0 0 0 0 0 0 0 0 0 0 0 0 0 0 0 0 0 0 0 0 0 0 0
2002010820 0 0.1 0 0 0 0 0 0 0 0 0 0 0 0 0 0 0 0 0 0 0 0 0 0 0 0 0 0 0 0 0 0 0 0 0 0 0 0 0 0 0 0
2002010821 0 0 0 0 0 0 0 0 0 0 0 0 0 0 0 0 0 0 0 0 0 0 0 0 0 0 0 0 0 0 0 0 0 0 0 0 0 0 0 0 0 0
2002010822 0 0 0 0 0 0 0 0 0 0 0 0 0 0 0 0 0 0 0 0 0 0 0 0 0 0 0 0 0 0 0 0 0 0 0 0 0 0 0 0 0 0
2002010823 0 0 0 0 0 0 0 0 0 0 0 0 0 0 0 0 0 0 0 0 0 0 0 0 0 0 0 0 0 0 0 0 0 0 0 0 0 0 0 0 0 0
2002010900 0 0 0 0 0 0 0 0 0 0 0 0 0 0 0 0 0 0 0 0 0 0 0 0 0 0 0 0 0 0 0 0 0 0 0 0 0 0 0 0 0 0
2002010901 0 0 0 0 0 0 0 0 0 0 0 0 0 0 0 0 0 0 0 0 0 0 0 0 0 0 0 0 0 0 0 0 0 0 0 0 0 0 0 0 0 0
2002010902 0 0 0 0 0 0 0 0 0 0 0 0 0 0 0 0 0 0 0 0 0 0 0 0 0 0 0 0 0 0 0 0 0 0 0 0 0 0 0 0 0 0
2002010903 0 0 0 0 0 0 0 0 0 0 0 0 0 0 0 0 0 0 0 0 0 0 0 0 0 0 0 0 0 0 0 0 0 0 0 0 0 0 0 0 0 0
2002010904 0 0 0 0 0 0 0 0 0 0 0 0 0 0 0 0 0 0 0 0 0 0 0 0 0 0 0 0 0 0 0 0 0 0 0 0 0 0 0 0 0 0
2002010905 0 0 0 0 0 0 0 0 0 0 0 0 0 0 0 0 0 0 0 0 0 0 0 0 0 0 0 0 0 0 0 0 0 0 0 0 0 0 0 0 0 0
2002010906 0 0 0 0 0 0 0 0 0 0 0 0 0 0 0 0 0 0 0 0 0 0 0 0 0 0 0 0 0 0 0 0 0 0 0 0 0 0 0 0 0 0
2002010907 0 0 0 0 0 0 0 0 0 0 0 0 0 0 0 0 0 0 0 0 0 0 0 0 0 0 0 0 0 0 0 0 0 0 0 0 0 0 0 0 0 0
2002010908 0 0 0 0 0 0.1 0 0 0 0 0 0 0 0 0 0 0 0 0 0 0 0 0 0 0 0 0 0 0 0 0 0.1 0 0 0 0 0 0 0 0 0 0
2002010909 0.2 0 0.1 0.2 0 0 0 0 0 0.1 0 0 0.1 0 0 0 0.1 0.1 0.1 0 0.1 0 0 0 0 0.1 0 0 0 0 0 0 0 0 0.1 0 0 0 0 0 0 0
2002010910 0 0 0 0 0 0.4 0.2 0 0 0 0 0 0 0 0 0 0 0.1 0 0.1 0 0 0.1 0.1 0.2 0 0.2 0 0 0 0.1 0 0.7 0 0.1 0 0 0 0 0 0 0.1
2002010911 0 0.1 0 0 0 0.7 1.5 0.2 0.1 0 0 0 0 0 0.2 0 0 0 0 0 0 0 0 0 0 0 0 0 0.1 0.1 0 0 0.6 0 0 0.1 0 0 0 0 0 0
2002010912 0 0 0 0 0 0.9 1.8 0.2 0 0 0 0 0 0.1 0.1 0 0 0 0 0 0 0 0 0 0 0 0 0 0.3 0.1 0 0 0.7 0 0 0 0 0 0 0 0.1 0
2002010913 0 0 0 0 0 0.5 1.8 0.2 0 0 0 0 0 0 0.1 0 0 0 0 0 0 0 0 0 0 0 0 0 0.1 0 0.1 0 0.6 0 0 0 0 0 0 0 0 0
2002010914 0 0 0 0 0 0.4 0.6 0.1 0 0 0 0 0 0 0 0 0 0 0 0 0 0 0 0 0 0.1 0 0 0.1 0.1 0 0 0.4 0 0 0 0 0 0 0 0 0
2002010915 0 0 0 0 0 0.1 0.1 0 0 0 0 0 0 0 0 0 0 0 0 0 0 0 0 0 0 0 0 0 0 0 0 0 0 0 0 0 0 0 0 0 0 0
2002010916 0 0 0 0 0 0 0 0 0 0 0 0 0 0 0 0 0 0 0 0 0 0 0 0 0 0 0 0 0 0 0 0 0 0 0 0 0 0 0 0 0 0
2002010917 0 0 0 0 0 0 0 0 0 0 0 0 0 0 0 0 0 0 0 0 0 0 0 0 0 0 0 0 0 0 0 0 0 0 0 0 0.1 0 0 0 0 0
2002010918 0 0 0 0 0 0 0 0 0 0 0 0 0 0 0 0 0 0 0 0 0 0 0 0 0 0 0 0 0 0 0 0 0 0 0 0 0 0 0 0 0 0
2002010919 0 0 0 0 0 0 0 0 0 0 0 0 0 0 0 0 0 0 0 0 0 0 0 0 0 0 0 0 0 0 0 0 0 0 0 0 0 0 0 0 0 0
2002010920 0 0 0 0 0 0 0 0 0 0 0 0 0 0 0 0 0 0 0 0 0 0 0 0 0 0 0 0 0 0 0 0 0 0 0 0 0 0 0 0 0 0
2002010921 0 0 0 0 0 0 0 0 0 0 0 0 0 0 0 0 0 0 0 0 0 0 0 0 0 0 0 0 0 0 0 0 0 0 0 0 0 0 0 0 0 0
2002010922 0 0 0 0 0 0 0 0 0 0 0 0 0 0 0 0 0 0 0 0 0 0 0 0 0 0 0 0 0 0 0 0 0 0 0 0 0 0 0 0 0 0
2002010923 0 0 0 0 0 0 0 0 0 0 0 0 0 0 0 0 0 0 0 0 0 0 0 0 0 0 0 0 0 0 0 0 0 0 0 0 0 0 0 0 0 0
2002011000 0 0 0 0 0 0 0 0 0 0 0 0 0 0 0 0 0 0 0 0 0 0 0 0 0 0 0 0 0 0 0 0 0 0 0 0 0 0 0 0 0 0
2002011001 0 0 0 0 0 0 0 0 0 0 0 0 0 0 0 0 0 0 0 0 0 0 0 0 0 0 0 0 0 0 0 0 0 0 0 0 0 0 0 0 0 0
2002011002 0 0 0 0 0 0 0 0 0 0 0 0 0 0 0 0 0 0 0 0 0 0 0 0 0 0 0 0 0 0 0 0 0 0 0 0 0 0 0 0 0 0
2002011003 0 0 0 0 0 0 0 0 0 0 0 0 0 0 0 0 0 0 0 0 0 0 0 0 0 0 0 0 0 0 0 0 0 0 0 0 0 0 0 0 0 0
2002011004 0 0 0 0 0 0 0 0 0 0 0 0 0 0 0 0 0 0 0 0 0 0 0 0 0 0 0 0 0 0 0 0 0 0 0 0 0 0 0 0 0 0
2002011005 0 0 0 0 0 0 0 0 0 0 0 0 0 0 0 0 0 0 0 0 0 0 0 0 0 0 0 0 0 0 0 0 0 0 0 0 0 0 0 0 0 0
2002011006 0 0 0 0 0 0 0 0 0 0 0 0 0 0 0 0 0 0 0 0 0 0 0 0 0 0 0 0 0 0 0 0 0 0 0 0 0 0 0 0 0 0
2002011007 0 0 0 0 0 0 0 0 0 0 0 0 0 0 0 0 0 0 0 0 0 0 0 0 0 0 0 0 0 0 0 0 0 0 0 0 0 0 0 0 0 0
2002011008 0.1 0 0 0.1 0 0 0 0 0 0 0 0 0 0 0 0 0.1 0 0 0 0 0 0 0 0 0 0 0 0 0 0 0 0 0 0 0 0 0 0 0 0 0
2002011009 0 0.1 0 0 0 0 0 0 0 0 0 0 0 0 0 0.1 0 0.1 0.1 0 0 0 0 0 0 0 0 0 0 0 0 0.1 0 0 0 0 0 0 0 0 0 0
2002011010 0 0 0 0.1 0 0.1 0.4 0 0 0 0 0 0 0 0 0 0 0 0 0.1 0 0 0.1 0 0 0.1 0 0 0 0.1 0 0 0.1 0.1 0 0 0 0 0 0 0 0
2002011011 0 0 0 0 0 0 0.8 0.1 0 0 0 0 0 0 0.1 0 0 0 0 0 0 0 0 0 0.1 0 0 0 0.1 0 0.1 0 0 0 0 0.1 0 0 0 0 0 0
2002011012 0 0 0 0 0 0 1 0 0 0 0 0 0 0.1 0 0 0 0 0 0 0 0 0.1 0 0 0 0 0 0.1 0 0 0 0.2 0 0 0 0 0 0 0 0 0
2002011013 0 0 0 0 0 0 1.1 0 0 0 0 0.2 0 0 0 0 0 0 0 0 0 0 0 0 0 0 0.1 0 0.1 0.1 0 0 0.1 0 0 0 0 0 0 0 0 0
2002011014 0 0 0 0 0 0 0.4 0 0 0 0 0.1 0 0 0 0 0 0 0 0 0 0 0 0 0 0 0 0 0 0 0 0 0.1 0 0 0 0 0 0 0 0 0
2002011015 0 0 0 0 0 0 0.1 0 0 0 0 0 0 0 0 0 0 0 0 0 0 0 0 0 0 0 0 0 0 0 0 0 0 0 0 0 0 0 0 0 0 0
2002011016 0 0 0 0 0 0 0 0 0 0 0 0 0 0 0 0 0 0 0 0 0 0 0 0 0 0 0 0 0 0 0 0 0 0 0 0 0 0 0 0 0 0
2002011017 0 0 0 0 0 0 0 0 0 0 0 0 0 0 0 0 0 0 0 0 0 0 0 0 0 0 0 0 0 0 0 0 0 0 0 0 0 0 0 0 0 0
2002011018 0 0 0 0 0 0 0 0 0 0 0 0 0 0 0 0 0 0 0 0 0 0 0 0 0 0 0 0 0 0 0 0 0 0 0 0 0 0 0 0 0 0
2002011019 0 0 0 0 0 0 0 0 0 0 0 0 0 0 0 0 0 0 0 0 0 0 0 0 0 0 0 0 0 0 0 0 0 0 0 0 0 0 0 0 0 0
2002011020 0.1 0 0 0 0.1 0 0 0 0 0 0 0 0 0 0 0 0 0 0 0 0 0 0 0.1 0 0 0 0 0 0 0 0 0 0 0 0 0 0 0 0 0 0
2002011021 0 0 0 0 0 0 0.1 0 0 0 0 0 0 0 0 0 0 0 0 0 0 0 0 0 0 0 0 0 0 0 0 0 0 0 0 0 0 0 0 0 0 0
2002011022 0 0 0 0 0 0 0 0 0 0 0 0 0 0 0 0 0 0 0 0 0 0 0 0 0 0 0 0 0 0 0 0 0 0 0 0 0 0 0 0 0 0
2002011023 0 0 0 0 0 0 0.1 0 0 0 0 0 0 0 0 0 0 0 0 0 0 0 0 0 0 0 0 0 0 0 0 0 0 0 0 0 0 0 0 0 0 0
2002011100 0 0 0 0 0 0 0 0 0 0 0 0 0 0 0 0 0 0 0 0 0 0 0 0 0 0 0 0 0 0 0 0 0 0 0 0 0 0 0 0 0 0
2002011101 0 0 0 0 0 0 0 0 0 0 0 0 0 0 0 0 0 0 0 0 0 0 0 0 0 0 0 0 0 0 0 0 0 0 0 0 0 0 0 0 0 0
2002011102 0 0 0 0 0 0 0.1 0 0 0 0 0 0 0 0 0 0 0 0 0 0 0 0 0 0 0 0 0 0 0 0 0 0 0 0 0 0 0 0 0 0 0
2002011103 0 0 0 0 0 0 0.1 0 0 0 0 0 0 0 0 0 0 0 0 0 0 0 0 0 0 0 0 0 0 0 0 0 0 0 0 0 0 0 0 0 0 0
2002011104 0 0 0 0 0 0 0 0 0 0 0 0 0 0 0 0 0 0 0 0 0 0 0 0 0 0 0 0 0 0 0 0 0 0 0 0 0 0 0 0 0 0
2002011105 0 0 0 0 0 0 0 0 0 0 0 0 0 0 0 0 0 0 0 0 0 0 0 0 0 0 0 0 0 0 0 0 0 0 0 0 0 0 0 0 0 0
2002011106 0 0.2 0 0 0 0 0 0 0 0 0 0 0 0 0 0 0.1 0 0 0 0 0 0 0 0 0 0 0 0 0 0 0 0 0 0 0 0 0 0 0 0 0
2002011107 0 0.3 0 0.1 0 0 0 0 0 0.5 0 0 0.5 0 0.1 0.1 0.7 0 0 0.2 0 0 0 0 0 0 0 0 0 0 0 0 0 0 0 0 0 0 0 0 0 0
2002011108 0.1 0.2 0.3 0.4 0 0 0 0 0 0 0.5 0 0 0 0 0.6 0.1 0 0.2 0.6 0.4 0.3 0 0 0 0 0 0 0 0 0 0 0 0.5 0.3 0 0 0 0 0 0 0
2002011109 0.2 0 0.3 0 0 0.1 0 0 0 0 0 0 0 0 0 0 0 0.5 0.3 0.1 0.1 0 0.4 0.6 0 0 0 0 0 0 0 0 0 0.1 0.5 0 0.1 0 0 0 0 0
2002011110 0.1 0 0 0 0 0.1 0 0 0 0 0 0 0 0 0 0 0 0.1 0.1 0 0 0 0.2 0.2 0.1 0 0 0 0 0 0 0 0 0 0 0.4 0 0 0 0 0 0
2002011111 0 0 0 0 0.3 0.1 0 0 0 0 0 0 0 0 0.1 0 0 0 0 0 0 0 0.1 0 0 0.3 0.2 0 0 0.1 0 0.3 0 0 0 0 0 0 0.3 0.1 0 0
2002011112 0 0 0 0 0 0 0 0.5 0 0 0 0.1 0 0.1 0 0 0 0 0 0 0 0 0 0 0 0.2 0 0 0.2 0.1 0.2 0 0 0 0 0 0 0.1 0 0 0 0.1
2002011113 0 0 0 0 0 0 0 0.2 0 0 0 0 0 0 0 0 0 0 0 0 0 0 0 0 0 0 0 0 0.1 0 0 0 0 0 0 0 0.1 0 0 0 0 0
2002011114 0 0 0 0 0 0 0.1 0 0 0 0 0 0 0.1 0 0 0 0 0 0 0 0 0 0.1 0 0 0.1 0 0.1 0.1 0 0 0 0 0 0 0 0 0 0 0 0
2002011115 0 0 0 0 0 0 0.1 0 0 0 0 0 0 0 0 0 0 0 0 0 0 0 0 0 0 0.1 0 0 0 0.1 0 0.1 0 0 0 0 0 0 0 0 0 0
2002011116 0 0 0 0 0 0 0.1 0 0.1 0 0 0 0 0 0 0 0 0 0 0 0 0 0 0 0 0 0 0 0 0 0 0 0 0 0 0 0 0 0 0 0 0
2002011117 0 0 0 0 0 0 0.1 0 0 0 0 0 0 0 0 0 0 0 0 0 0 0 0 0 0 0 0 0 0 0 0 0 0 0 0 0 0 0 0.1 0 0 0
2002011118 0 0 0 0 0 0 0.1 0 0 0 0 0 0 0.1 0 0 0 0 0 0 0 0 0 0 0 0 0 0 0 0 0 0 0 0 0 0 0 0 0.1 0 0 0
2002011119 0 0 0 0 0 0 0.2 0 0 0 0 0 0 0 0 0 0 0 0 0 0 0 0 0 0 0 0 0 0 0 0 0 0 0 0 0 0 0 0 0 0 0
2002011120 0 0 0 0 0 0 0.2 0 0 0 0 0 0 0 0 0.1 0 0 0 0 0 0 0 0 0 0 0 0 0 0 0 0 0 0 0 0 0 0 0 0 0 0
2002011121 0 0 0 0 0 0 0.1 0 0 0 0 0 0 0 0 0 0 0 0 0 0 0 0 0 0 0 0 0 0 0 0 0 0 0 0 0 0 0 0 0 0 0
2002011122 0 0 0 0 0 0 0.2 0 0 0 0 0 0 0 0 0 0 0 0 0 0 0 0 0 0 0 0 0 0 0 0 0 0 0 0 0 0 0 0 0 0 0
2002011123 0 0 0 0 0 0 0.1 0 0 0 0 0 0 0 0 0 0 0 0 0 0 0 0 0 0 0 0 0 0 0 0 0 0 0 0 0 0 0 0 0 0 0
2002011200 0 0 0 0 0 0 0 0 0 0 0 0 0 0 0 0 0.1 0 0 0 0 0 0 0 0 0 0 0 0 0 0 0 0 0 0 0 0 0 0 0 0 0
2002011201 0 0 0 0 0 0 0 0 0 0.1 0 0 0.1 0 0 0 0 0 0 0 0 0 0 0 0 0 0 0 0 0 0 0 0 0 0 0 0 0 0 0 0 0
2002011202 0 0.1 0 0.1 0 0 0 0 0 0 0 0 0 0 0 0 0 0 0 0 0 0 0 0 0 0 0 0 0 0 0.1 0 0 0 0 0 0 0 0 0 0 0
2002011203 0.1 0.1 0.1 0.1 0 0 0 0 0 0 0.1 0.1 0 0 0 0 0 0 0 0 0 0 0 0 0 0 0 0 0 0 0 0 0 0 0 0 0 0 0 0 0 0
2002011204 0.1 0 0 0 0 0 0 0 0 0 0 0 0 0 0 0 0 0 0 0 0 0 0 0 0 0 0 0 0 0 0 0 0 0 0 0 0 0 0 0 0 0
2002011205 0.1 0 0.1 0 0 0 0 0 0 0 0 0 0 0 0 0 0 0 0 0 0 0 0 0 0 0 0 0 0 0 0 0 0 0 0 0 0 0 0 0 0 0
2002011206 0.1 0 0 0 0 0.1 0 0 0 0 0 0 0 0 0 0 0 0 0 0 0 0 0 0 0 0 0 0 0 0 0 0 0 0 0 0 0 0 0 0 0 0
2002011207 0.1 0 0 0 0 0 0 0 0 0 0 0 0 0 0 0 0 0 0 0 0 0 0 0 0 0 0 0 0 0 0 0 0 0 0 0 0 0 0 0 0 0
2002011208 0 0 0.1 0 0 0 0 0 0 0 0 0 0 0 0 0 0 0 0 0 0 0.1 0 0 0 0 0 0 0 0 0 0 0 0 0 0 0 0 0 0 0 0
2002011209 0 0 0 0 0 0 0 0.1 0 0 0 0 0 0 0 0 0 0.1 0 0 0 0 0.1 0 0 0.2 0.1 0 0.1 0 0 0.1 0 0 0 0 0 0 0.2 0 0 0.1
2002011210 0 0 0 0 0 0 0.6 0 0 0 0 0 0 0.1 0 0 0 0 0 0 0 0 0 0 0 0 0 0 0 0.1 0 0 0.1 0 0 0 0 0 0 0.1 0 0
2002011211 0 0 0 0 0 0 1.7 0 0 0 0 0 0 0 0 0 0 0 0 0 0 0 0 0 0 0 0 0 0 0 0 0 0.4 0 0 0 0 0 0 0 0.1 0
2002011212 0 0 0 0 0 0 1 0 0 0 0 0 0 0.1 0 0 0 0 0 0 0 0 0 0 0 0 0 0.2 0.3 0.2 0 0 0.3 0 0 0 0 0 0 0 0 0.1
2002011213 0 0 0 0 0 0 1.1 0 0.1 0 0 0 0 0.1 0 0 0 0 0 0 0 0 0 0 0 0 0 1.2 0.2 0.2 0 0 0.3 0 0 0 0 0.1 0 0 0.1 0
2002011214 0 0 0 0 0 0 0.8 0 0.5 0 0 0 0 0 0 0 0 0 0 0 0 0 0 0 0 0 0 0.5 0.2 0.1 0 0 0.2 0 0 0 0 0 0 0 0.3 0
2002011215 0 0 0 0 0 0 0.3 0 0.2 0 0 0 0 0 0 0 0 0 0 0 0 0 0 0 0 0 0 0.2 0 0.1 0 0 0 0 0 0 0 0 0 0 0.1 0
2002011216 0 0 0 0 0 0 0.1 0 0.2 0 0 0 0 0 0 0 0 0 0 0 0 0 0 0 0 0 0 0.1 0 0 0 0 0 0 0 0 0 0 0 0 0.1 0
2002011217 0 0 0 0 0 0 0.1 0 0.1 0 0 0 0 0 0 0 0 0 0 0 0 0 0 0 0 0 0 0 0 0 0 0 0 0 0 0 0 0 0 0 0 0
2002011218 0 0 0 0 0 0 0.1 0 0.1 0 0 0 0 0 0 0 0 0 0 0 0 0 0 0 0 0 0 0 0 0 0 0 0.1 0 0 0 0 0 0 0 0 0
2002011219 0 0 0 0 0 0 0.1 0 0 0 0 0 0 0 0 0 0 0 0 0 0 0 0 0 0 0 0 0 0 0 0 0 0 0 0 0 0 0 0 0 0 0
2002011220 0 0 0 0 0 0 0.1 0 0.1 0 0 0 0 0 0 0 0 0 0 0 0 0 0 0 0 0 0 0 0 0 0 0 0 0 0 0 0 0 0 0 0 0
2002011221 0 0 0 0 0 0 0.1 0 0 0 0 0 0 0 0 0 0 0 0 0 0 0 0 0 0 0 0 0 0 0 0 0 0 0 0 0 0 0 0 0 0 0
2002011222 0 0 0 0 0 0 0.1 0 0 0 0 0 0 0 0 0 0 0 0 0 0 0 0 0 0 0 0 0 0 0 0 0 0 0 0 0 0 0 0 0 0 0
2002011223 0 0 0 0 0 0 0 0 0 0 0 0 0 0 0 0 0 0 0 0 0 0 0 0 0 0 0 0 0 0 0 0 0 0 0 0 0 0 0 0 0 0
2002011300 0 0 0 0 0 0 0 0 0 0 0 0 0 0 0 0 0 0 0 0 0 0 0 0 0 0 0 0 0 0 0 0 0 0 0 0 0 0 0 0 0 0
2002011301 0 0 0 0 0 0 0 0 0 0 0 0 0 0 0 0 0 0 0 0 0 0 0 0 0 0 0 0 0 0 0 0 0 0 0 0 0 0 0 0 0 0
2002011302 0 0 0 0 0 0 0 0 0 0 0 0 0 0 0 0 0 0 0 0 0 0 0 0 0 0 0 0 0 0 0 0 0 0 0 0 0 0 0 0 0 0
2002011303 0 0 0 0 0 0 0 0 0 0 0 0 0 0 0 0 0 0 0 0 0 0 0 0 0 0 0 0 0 0 0 0 0 0 0 0 0 0 0 0 0 0
2002011304 0 0 0 0 0 0 0 0 0 0 0 0 0 0 0 0 0 0 0 0 0 0 0 0 0 0 0 0 0 0 0 0 0 0 0 0 0 0 0 0 0 0
2002011305 0 0 0 0 0 0 0 0 0 0 0 0 0 0 0 0 0 0 0 0 0 0 0 0 0 0 0 0 0 0 0 0 0 0 0 0 0 0 0 0 0 0
2002011306 0 0 0 0 0 0 0 0 0 0 0 0 0 0 0 0 0 0 0 0 0 0 0 0 0 0 0 0 0 0 0 0 0 0 0 0 0 0 0 0 0 0
2002011307 0 0 0 0 0 0 0 0 0 0 0 0 0 0 0 0 0 0 0 0 0 0 0 0 0 0 0 0 0 0 0 0 0 0 0 0 0 0 0 0 0 0
2002011308 0 0 0 0.1 0 0 0 0 0 0 0 0 0 0 0 0 0 0 0 0 0 0 0 0 0 0.2 0 0 0 0 0 0.1 0 0 0 0 0 0 0 0 0 0
2002011309 0 0 0 0 0 0 0.2 0 0 0 0 0 0 0 0 0 0.1 0.2 0.1 0.1 0.1 0 0 0 0 0 0.1 0 0 0 0.1 0 0.2 0 0 0 0.1 0 0 0 0 0
2002011310 0 0 0 0 0 0 0.4 0 0.1 0 0 0 0 0 0.1 0 0 0 0.1 0 0 0 0.1 0 0 0 0.1 0 0 0.1 0 0 0.3 0 0 0.1 0 0 0 0 0.3 0
2002011311 0 0 0 0 0 0 1.1 0 0.8 0 0 0 0 0.1 0 0 0 0 0 0.1 0 0 0 0 0 0 0 0 0.1 0.2 0 0 0.7 0 0 0 0 0 0 0 0.3 0
2002011312 0 0 0 0 0 0 1.4 0 0.5 0 0 0 0 0 0.1 0.1 0 0 0 0 0 0 0 0 0 0 0 0.2 0.1 0.1 0 0 0.5 0 0 0 0 0 0 0 0.2 0
2002011313 0 0 0 0 0 0 1.1 0 0.3 0 0 0 0 0 0 0 0 0 0 0 0 0 0 0 0 0 0 0.3 0.1 0 0 0 0.5 0 0 0 0 0 0 0 0 0
2002011314 0 0 0 0 0 0 0.5 0 0.1 0 0 0 0 0.1 0 0 0 0 0 0 0 0 0 0 0 0 0 0.2 0.1 0.1 0 0 0.4 0 0 0 0 0.1 0 0 0 0
2002011315 0 0 0 0 0 0 0.1 0 0.1 0 0 0 0 0 0 0 0 0 0 0 0 0 0 0 0 0 0 0.2 0 0 0 0 0 0 0 0 0 0 0 0 0 0
2002011316 0 0 0 0 0 0 0.1 0 0 0 0 0 0 0 0 0 0 0 0 0 0 0 0 0 0 0 0 0 0 0 0 0 0 0 0 0 0 0 0 0 0 0
2002011317 0 0 0 0 0 0 0 0 0 0 0 0 0 0 0 0 0 0 0 0 0 0 0 0 0 0 0 0 0 0 0 0 0 0 0 0 0 0 0 0 0 0
2002011318 0 0 0 0 0 0 0 0 0 0 0 0 0 0 0 0 0 0 0 0 0 0 0 0 0 0 0 0 0 0 0 0 0 0 0 0 0 0 0 0 0 0
2002011319 0 0 0 0 0 0 0 0 0 0 0 0 0 0 0 0 0 0 0 0 0 0 0 0 0 0 0 0 0 0 0 0 0 0 0 0 0 0 0 0 0 0
2002011320 0 0 0 0 0 0 0 0 0 0 0 0 0 0 0 0 0 0 0 0 0 0 0 0 0 0 0 0 0 0 0 0 0 0 0 0 0 0 0 0 0 0
2002011321 0 0 0 0 0 0 0 0 0 0 0 0 0 0 0 0 0 0 0 0 0 0 0 0 0 0 0 0 0 0 0 0 0 0 0 0 0 0 0 0 0 0
2002011322 0 0 0 0 0 0 0 0 0 0 0 0 0 0 0 0 0 0 0 0 0 0 0 0 0 0 0 0 0 0 0 0 0 0 0 0 0 0 0 0 0 0
2002011323 0 0 0 0 0 0 0 0 0 0 0 0 0 0 0 0 0 0 0 0 0 0 0 0 0 0 0 0 0 0 0 0 0 0 0 0 0 0 0 0 0 0
2002011400 0 0 0 0 0 0 0 0 0 0 0 0 0 0 0 0 0 0 0 0 0 0 0 0 0 0 0 0 0 0 0 0 0 0 0 0 0 0 0 0 0 0
2002011401 0 0 0 0 0 0 0 0 0 0 0 0 0 0 0 0 0 0 0 0 0 0 0 0 0 0 0 0 0 0 0 0 0 0 0 0 0 0 0 0 0 0
2002011402 0 0 0 0 0 0 0 0 0 0 0 0 0 0 0 0 0 0 0 0 0 0 0 0 0 0 0 0 0 0 0 0 0 0 0 0 0 0 0 0 0 0
2002011403 0 0 0 0 0 0 0 0 0 0 0 0 0 0 0 0 0 0 0 0 0 0 0 0 0 0 0 0 0 0 0 0 0 0 0 0 0 0 0 0 0 0
2002011404 0 0 0 0 0 0 0 0 0 0 0 0 0 0 0 0 0 0 0 0 0 0 0 0 0 0 0 0 0 0 0 0 0 0 0 0 0 0 0 0 0 0
2002011405 0 0 0 0 0 0 0 0 0 0 0 0 0 0 0 0 0 0 0 0 0 0 0 0 0 0 0 0 0 0 0 0 0 0 0 0 0 0 0 0 0 0
2002011406 0 0 0 0 0 0 0 0 0 0 0 0 0 0 0 0 0 0 0 0 0 0 0 0 0 0 0 0 0 0 0 0 0 0 0 0 0 0 0 0 0 0
2002011407 0 0 0 0 0 0 0 0 0 0 0 0 0 0 0 0 0 0 0 0 0 0 0 0 0 0 0 0 0 0.1 0 0 0 0 0 0 0 0 0 0 0 0
2002011408 0 0 0 0 0 0 0 0 0 0 0 0 0 0 0 0 0 0 0 0 0 0 0 0 0 0 0 0 0 0 0 0 0 0 0 0 0 0 0 0 0 0
2002011409 0 0 0 0.1 0 0 0 0 0 0 0 0 0 0 0 0 0 0 0 0 0 0 0 0 0 0 0 0 0 0 0 0 0 0 0 0 0.1 0 0 0 0 0
2002011410 0 0 0 0 0 0 0.6 0 0 0 0 0.1 0 0 0 0 0 0 0 0 0 0 0.1 0 0 0 0 0 0 0 0.1 0 0.1 0 0 0.1 0 0 0 0 0 0
2002011411 0 0 0 0 0 0 0.7 0.1 0.1 0 0 0 0 0 0 0 0 0 0 0 0 0 0 0.1 0.1 0 0 0 0 0 0 0 0 0 0 0 0 0 0 0 0 0.1
2002011412 0 0 0 0 0 0 0.6 0 0.2 0 0 0.1 0 0.1 0 0 0 0 0 0 0 0 0 0 0 0.1 0.1 0 0 0.1 0 0 0 0 0 0 0 0 0 0 0 0
2002011413 0 0 0 0 0 0 0.5 0.1 0.2 0 0 0 0 0 0 0 0 0 0 0 0 0 0 0 0 0 0 0 0 0 0 0 0 0 0 0 0 0 0 0 0 0
2002011414 0 0 0 0 0 0 0.3 0 0 0 0 0 0 0 0 0 0 0 0 0 0 0 0 0 0 0 0 0 0 0 0 0 0 0 0 0 0 0 0 0 0 0
2002011415 0 0 0 0 0 0 0.2 0 0 0 0 0 0 0 0 0 0 0 0 0 0 0 0 0 0 0 0 0 0 0 0 0 0 0 0 0 0 0 0 0 0 0
2002011416 0 0 0 0 0 0 0.1 0 0 0 0 0 0 0 0 0 0 0 0 0 0 0 0 0 0 0 0 0 0 0 0 0 0 0 0 0 0 0 0 0 0 0
2002011417 0 0 0 0 0 0 0.2 0 0 0 0 0 0 0 0 0 0 0 0 0 0 0 0 0 0 0 0 0 0 0 0 0 0 0 0 0 0 0 0 0 0 0
2002011418 0 0 0 0 0 0 0 0 0 0 0 0 0 0 0 0 0 0 0 0 0 0 0 0 0 0 0 0 0 0 0 0 0 0 0 0 0 0 0 0 0 0
2002011419 0 0 0 0 0 0 0.1 0 0.1 0 0 0 0 0 0 0 0 0 0 0 0 0 0 0 0 0 0 0 0 0 0 0 0 0 0 0 0 0 0 0 0 0
2002011420 0 0 0 0 0 0 0 0 0 0 0 0 0 0 0 0 0 0 0 0 0 0 0 0 0 0 0 0 0 0 0 0 0 0 0 0 0 0 0 0 0 0
2002011421 0 0 0 0 0 0 0 0 0 0 0 0 0 0 0 0 0 0 0 0 0 0 0 0 0 0 0 0 0 0 0 0 0 0 0 0 0 0 0 0 0 0
2002011422 0 0 0 0 0 0 0 0 0 0 0 0 0 0 0 0 0 0 0 0 0 0 0 0 0 0 0 0 0 0 0 0 0 0 0 0 0 0 0 0 0 0
2002011423 0 0 0 0 0 0 0 0 0 0 0 0 0 0 0 0 0 0 0 0 0 0 0 0 0 0 0 0 0 0 0 0 0 0 0 0 0 0 0 0 0 0
2002011500 0 0 0 0 0 0 0 0 0 0 0 0 0 0 0 0 0 0 0 0 0 0 0 0 0 0 0 0 0 0 0 0 0 0 0 0 0 0 0 0 0 0
2002011501 0 0 0 0 0 0 0 0 0 0 0 0 0 0 0 0 0 0 0 0 0 0 0 0 0 0 0 0 0 0 0 0 0 0 0 0 0 0 0 0 0 0
2002011502 0 0 0 0 0 0 0 0 0 0 0 0 0 0 0 0 0 0 0 0 0 0 0 0 0 0 0 0 0 0 0 0 0 0 0 0 0 0 0 0 0 0
2002011503 0 0 0 0 0 0 0 0 0 0 0 0 0 0 0 0 0 0 0 0 0 0 0 0 0 0 0 0 0 0 0 0 0 0 0 0 0 0 0 0 0 0
2002011504 0 0 0 0 0 0 0 0 0 0 0 0 0 0 0 0 0 0 0 0 0 0 0 0 0 0 0 0 0 0 0 0 0 0 0 0 0 0 0 0 0 0
2002011505 0 0 0 0 0 0 0 0 0 0 0 0 0 0 0 0 0 0 0 0 0 0 0 0 0 0 0 0 0 0 0 0 0 0 0 0 0 0 0 0 0 0
2002011506 0 0 0 0 0 0 0 0 0 0 0 0 0 0 0 0 0.1 0 0 0 0 0 0 0 0 0 0 0 0 0 0 0 0 0 0 0 0 0 0 0 0 0
2002011507 0 0 0 0 0 0 0 0 0 0 0 0 0 0 0 0 0 0 0 0 0 0 0 0 0 0 0 0 0 0 0 0 0 0 0 0 0 0 0 0 0 0
2002011508 0 0 0 0 0 0 0 0 0 0 0 0 0 0 0 0 0 0 0 0 0 0 0 0 0 0 0 0 0 0 0 0 0 0 0 0 0 0 0 0 0 0
2002011509 0 0 0 0 0 0 0 0 0 0 0 0 0 0 0 0 0 0 0 0 0 0 0 0 0 0 0 0 0 0 0 0 0 0 0 0 0 0 0 0 0 0
2002011510 0 0 0 0 0 0 0 0 0 0 0 0 0 0 0 0 0 0 0 0 0 0 0 0 0 0 0 0 0 0 0 0 0 0 0 0 0 0 0 0 0 0
2002011511 0 0 0 0 0 0 0.6 0 0 0 0 0 0 0.1 0 0 0.1 0 0 0 0 0 0 0 0 0 0 0 0 0 0 0 0 0 0 0 0 0 0 0 0 0
2002011512 0 0.2 0 0 0 0 0.3 0 0 0.1 0 0.3 0.1 0.4 0.2 0.2 0.4 0.3 0 0.2 0.1 0 0.2 0 0 0 0 0 0 0 0 0 0 0 0 0 0 0 0.1 0 0.1 0
2002011513 0 1.3 0 0 0 0 0.2 0 0 1.8 0.3 0.4 1.8 0.7 1.6 1.2 1.3 0.7 0 1 0.5 0 1.1 0 0 0 0 0 0 0 0 0 0 0.1 0 0.1 0.1 0 0 0.1 0 0
2002011514 0.1 0.8 0.3 1.3 0 0 0.2 0 0 1.1 1.1 1.4 1.1 1.1 1.1 1.6 1.3 1.2 0.9 1.2 1.7 0.5 1 0 0 0 0 0 0 0 0 0 0 0.4 0 0.5 0.8 0 0 0 0 0
2002011515 0.3 2.4 0.6 0.1 0 0 0 0 0 1.8 0.1 0.7 1.8 2.1 1.5 1.2 1.7 1.5 1.7 1.1 2.4 2.1 2 1.8 0 0 0 0 0 0 0 0 0 0.4 0 0.7 1.3 0 0 0 0 0
2002011516 0.2 1.5 0.2 0.4 0 0 0 0 0 1.8 1.5 1.4 1.8 1 1.6 1.6 1.1 1.4 1.8 1.4 1.5 1.4 1.4 1.6 0 0 0 0 0 0 0 0 0 0 0 0.4 1 0 0.2 0 0 0
2002011517 0 0.9 0 1.5 0 0 0 0 0 0.7 1.3 1.5 0.7 0.9 0.7 0.7 0.8 1.5 0.3 1 1.1 0.5 0.7 0.8 0.2 0 0 0 0 0 0 0 0 0.1 0 0 0.8 0 0 0 0 0
2002011518 0.1 0.9 0 0.9 0 0 0 0 0 0.5 0.6 0.7 0.5 0.8 0.5 0.3 0.8 1.4 0.1 0.7 0.8 0.1 0.1 0.1 0.1 0 0 0 0 0 0 0 0 0 0 0.1 0.1 0 0 0 0 0
2002011519 0.3 1.2 0 1 0 0 0 0 0 0.9 0.2 0.5 0.9 1.1 0.9 0.4 0.7 0.9 0 0.5 0.3 0.1 0 0 0.1 0 0 0 0 0 0 0 0 0 0 0 0.1 0 0 0 0 0
2002011520 0.8 0.8 0 1 0 0 0 0 0 1.1 0.7 0.3 1.1 0.6 0.9 0.3 0.7 0.3 0 0.7 0.3 0.1 0.1 0 0 0 0 0 0 0 0 0 0 0 0 0 0 0 0 0 0 0
2002011521 0.9 0.7 0 0.8 0 0 0 0 0 0.5 0.8 0.7 0.5 0.4 0.9 0.7 0.4 0.1 0 0.7 0.1 0.1 0 0.1 0 0 0 0 0 0 0 0 0 0 0 0 0 0 0 0 0 0
2002011522 0.8 0.9 0 0.4 0 0 0 0 0 0.4 0.5 1 0.4 0.4 0.4 0.9 0.4 0 0 0.5 0.1 0 0 0 0 0 0 0 0 0 0 0 0 0 0 0 0 0 0 0 0 0
2002011523 0.9 0.7 0.7 0.1 0 0 0 0 0 0.6 0.8 0.8 0.6 0.6 0.5 0.7 0.6 0.1 0 0.4 0.5 0.1 0 0 0 0 0 0 0 0 0 0 0 0.6 0 0.1 0.1 0 0 0 0 0
2002011600 0.9 0.8 0.5 0.8 0 0 0 0 0 0.3 0.6 1 0.3 0.1 0.1 1.2 0.2 0 0 0.2 0.8 0 0 0 0.1 0 0 0 0 0 0 0 0 0.8 0 0.2 0.3 0 0 0 0 0
2002011601 0.4 0.2 0.6 0.5 0 0 0 0 0 0.1 0.6 0.6 0.1 0.1 0 0.4 0.1 0 0 0.1 0.6 0 0 0 0 0 0 0 0 0 0 0 0 0.6 0 0.3 0.6 0 0 0 0 0
2002011602 0.4 0 0.2 0.3 0 0 0 0 0 0 0.7 0.7 0 0 0.1 0.4 0 0.1 0 0.4 0.6 0.1 0.1 0.2 0 0 0 0 0 0 0 0 0 0.6 0 0.5 0.6 0 0 0 0 0
2002011603 0.4 0 0.5 1 0 0 0 0 0 0 0.3 0.1 0 0 0 0.2 0 0.2 0 0 0.4 0.3 0.1 0.1 0 0 0 0 0 0 0 0 0 0.8 0 0.8 0.7 0 0 0 0 0
2002011604 0.4 0 0.3 0.1 0 0 0 0 0 0 0 0.2 0 0 0 0.2 0 0.3 0 0.1 0.2 0.3 0 0.1 0 0 0 0 0 0 0 0 0 0.1 0 0.1 0.2 0 0 0 0 0
2002011605 0.4 0 0.3 0 0 0 0 0 0 0 0 0.1 0 0 0.1 0.2 0.1 0.1 0 0 0.1 0.2 0.1 0.1 0 0 0 0 0 0 0 0 0 0.2 0 0.1 0.1 0 0 0 0 0
2002011606 0.4 0 0.2 0 0 0.1 0 0 0 0 0 0.2 0 0 0 0.3 0 0.1 0 0 0.1 0.3 0.1 0.1 0 0 0 0 0 0 0 0 0 0.2 0 0.1 0.1 0 0 0 0 0
2002011607 0.2 0 0.1 0 0 0.3 0 0 0 0.1 0 0.1 0.1 0 0 0.4 0 0.1 0 0 0.2 0.3 0.4 0.1 0 0 0 0 0 0 0 0 0 0.2 0 0.1 0.2 0 0 0 0 0
2002011608 0.3 0 0.5 0 0 0.3 0 0 0 0 0 0.3 0 0 0 0.4 0 0.2 0 0 0.3 0.4 0.6 0.3 0.1 0 0 0 0 0 0 0 0 0.7 0.1 0.1 0.4 0 0 0 0 0
2002011609 0.2 0 1.3 0 0.1 0.9 0 0 0 0 0 0 0 0.1 0 0 0.1 0.4 0.2 0 0.5 0.9 1.4 0.5 0.4 0 0 0 0 0 0.1 0.5 0 1.4 0.7 0.8 1.2 0 0 0 0 0
2002011610 0.2 0 1.1 0 0.8 1.7 0.2 0.5 0 0 0 0 0 0 0 0 0.1 0.7 0.8 0 0.5 1 1.5 1.3 1.3 0 0.2 0 1.3 0.1 0 2.2 0 1 1.9 1.3 1.1 0 0 0.2 0 0
2002011611 0.2 0 1 0 1.1 1.3 1.2 2.2 0.5 0 0 0 0 0 0 0 0 0.7 1.6 0 0.4 0.8 0.9 0.9 1.4 1 0.6 0.3 2.3 0.2 0.7 1.5 0 0.9 1.6 1.4 1 0 1.2 0 0.1 0.2
2002011612 0.1 0 1.2 0 0.8 1 1.1 1.2 0.4 0 0 0 0 0 0 0 0 0.9 1.7 0 0 1.1 0.7 1.2 1.3 0.9 1.7 0 1.2 0 1.7 1.6 0.1 0.7 1.5 1.4 1 0 1.8 0.2 0 0.1
2002011613 0.1 0 0.5 0 1.1 0.8 1.4 1.3 0.6 0 0 0 0 0 0 0 0 1 1.2 0 0 0.5 0.2 0.5 0.9 0.3 1.4 0.1 1 1 1.3 1.4 0 0.2 1 0.8 0.1 0 1.3 1.2 0.3 1.1
2002011614 0 0 0.2 0 0.5 0.2 0.4 0.6 0.4 0 0 0 0 0 0 0 0 1.3 0.7 0 0 0.3 0 0 0.4 0 0.6 0.3 0.7 0.6 0.7 0.6 0 0 0.5 0.6 0 0.1 0.7 0.5 0.4 0.6
2002011615 0 0 0.1 0 0.2 0.2 0.4 0.4 0.3 0 0 0 0 0 0 0 0 0.5 0.3 0 0 0.1 0 0 0.1 0 0.4 0.2 0.3 0.4 0.3 0.3 0 0 0.2 0.3 0 0.2 0.3 0.3 0.4 0.2
2002011616 0 0 0.1 0 0.1 0 0.3 0.1 0.2 0 0 0 0 0 0 0 0 0.1 0.1 0 0 0 0 0 0.1 0 0.1 0 0.1 0.1 0.1 0.1 0 0 0.1 0.1 0 0.1 0.2 0.1 0.1 0.1
2002011617 0 0 0 0 0 0 0 0 0.1 0 0 0 0 0 0 0 0 0 0 0 0 0 0 0 0 0 0 0 0.1 0.1 0 0.1 0 0 0.1 0 0 0 0.1 0 0.1 0
2002011618 0 0 0 0 0 0 0 0 0 0 0 0 0 0 0 0 0 0 0 0 0 0 0 0 0 0 0 0 0 0 0 0 0 0 0 0.1 0 0 0.2 0.1 0 0
2002011619 0 0 0 0 0 0 0 0 0 0 0 0 0 0 0 0 0 0 0 0 0 0 0 0 0 0 0 0 0 0 0 0 0 0 0 0 0 0 0.1 0 0 0
2002011620 0 0 0 0 0 0 0 0 0 0 0 0 0 0 0 0 0 0 0 0 0 0 0 0 0 0 0 0 0 0 0 0 0 0 0 0 0 0 0.1 0 0 0
2002011621 0 0 0 0 0 0 0 0 0 0 0 0 0 0 0 0 0 0 0 0 0 0 0 0 0 0 0 0 0 0 0 0 0 0 0 0 0 0 0 0 0 0
2002011622 0 0 0 0 0 0 0 0 0 0 0 0 0 0 0 0 0 0 0 0 0 0 0 0 0 0 0 0 0 0 0 0 0 0 0 0 0 0 0 0 0 0
2002011623 0 0 0 0 0 0 0 0 0 0 0 0 0 0 0 0 0.1 0 0 0 0 0 0 0 0 0 0 0 0 0 0 0 0 0 0 0 0 0 0 0 0 0
2002011700 0 0.1 0 0 0 0 0 0 0 0 0 0 0 0 0 0 0 0 0 0 0 0 0 0 0 0 0 0 0 0 0 0 0 0 0 0 0 0 0 0 0 0
2002011701 0 0 0 0 0 0 0 0 0 0 0 0 0 0 0 0 0 0 0 0 0 0 0 0 0 0 0 0 0 0 0 0 0 0 0 0 0 0 0 0 0 0
2002011702 0 0 0 0 0 0 0 0 0 0 0 0 0 0 0 0 0 0 0 0 0 0 0 0 0 0 0 0 0 0 0 0 0 0 0 0 0 0 0 0 0 0
2002011703 0.1 0.1 0 0.1 0 0 0 0 0 0 0 0 0 0 0 0 0 0 0 0.1 0 0 0 0 0 0 0 0 0 0 0 0 0 0 0 0 0 0 0 0 0 0
2002011704 0 0 0.1 0 0 0 0 0 0 0 0 0 0 0 0 0.1 0 0 0 0 0 0 0 0 0 0 0 0 0 0 0 0 0 0.1 0.1 0 0.1 0 0 0 0 0
2002011705 0 0 0 0 0 0 0 0 0 0 0 0.1 0 0 0 0 0 0 0 0 0 0.1 0 0 0 0 0 0 0 0 0 0 0 0 0.2 0 0 0 0 0 0 0
2002011706 0 0 0 0 0 0 0 0 0 0 0 0 0 0 0 0 0 0 0 0 0 0.1 0 0 0 0 0 0 0 0 0 0 0 0 0 0 0 0 0 0 0 0
2002011707 0 0 0 0 0 0.1 0 0 0 0 0 0 0 0 0 0.1 0 0.1 0 0 0 0.1 0 0.2 0 0 0 0 0 0 0 0 0 0 0 0 0 0 0 0 0 0
2002011708 0 0 0 0 0 0.1 0 0 0 0 0 0 0 0 0 0 0 0 0 0 0 0 0 0.8 0.5 0 0 0 0 0 0 0 0 0 0 0 0 0 0.1 0.1 0 0
2002011709 0 0 0 0 0 0.1 0 0.1 0 0 0 0 0 0 0 0 0 0.3 0.3 0 0 0 0.4 0.5 0.4 0.6 0 0 0 0 0.1 0 0 0 0.1 0.1 0 0 0.3 0.2 0 0
2002011710 0 0 0 0 0.1 0 0.2 0.2 0.1 0 0 0 0 0 0 0 0 0.1 0.4 0 0 0 0.3 0.1 0.5 0.1 0.3 0 0.3 0.1 0.3 0.1 0 0 0 0.3 0 0.1 0.2 0.3 0.2 0.1
2002011711 0 0 0 0 0.2 0 0.8 0 0.2 0 0 0 0 0 0 0 0 0.1 0.3 0 0 0 0.2 0 0 0 0.5 0 0.4 0.4 0.2 0.2 0 0 0 0.1 0 0 0.3 0.2 0.1 0
2002011712 0 0 0 0 0.3 0 0.5 0.2 0.2 0 0 0 0 0 0 0 0 0 0.3 0 0 0 0 0 0 0 0.2 0 0.3 0.3 0.2 0.1 0 0 0 0 0 0.3 0.1 0.3 0.2 0
2002011713 0 0 0 0 0.3 0 0.4 0.1 0.2 0 0 0 0 0 0 0 0 0 0.3 0 0 0 0 0 0 0 0.2 0 0.2 0.3 0.2 0.2 0 0 0 0 0 0.4 0.2 0.6 0.2 0.1
2002011714 0 0 0 0 0.2 0 0.4 0.1 0.1 0 0 0 0 0 0 0 0 0 0.1 0 0 0 0 0 0 0 0.2 0 0.2 0.2 0 0.1 0 0 0 0 0 0.2 0.1 0.4 0.2 0.1
2002011715 0 0.1 0 0 0 0 0.2 0 0.1 0 0 0 0 0 0 0 0 0 0.1 0 0 0 0 0 0 0 0 0 0 0.1 0 0.1 0 0 0 0 0 0.1 0.1 0.1 0.1 0
2002011716 0 0 0 0.3 0 0 0 0 0 0.1 0 0 0.1 0 0 0 0 0 0.1 0 0 0 0 0 0 0 0 0 0.1 0 0 0 0 0 0 0 0 0 0 0 0 0
2002011717 0 0 0 0 0 0 0.1 0 0 0 0 0 0 0 0 0 0 0 0 0 0 0 0 0 0 0 0.1 0 0 0.1 0 0 0 0 0 0 0 0 0 0 0 0
2002011718 0 0.1 0 0 0 0 0.1 0 0 0 0 0 0 0.1 0 0 0 0 0 0 0 0 0 0 0 0.1 0 0 0 0.1 0 0 0 0 0 0 0 0 0 0 0.1 0
2002011719 0.1 0 0 0 0 0 0.1 0 0 0 0.1 0 0 0 0 0.1 0 0.1 0 0 0 0 0 0 0 0 0 0 0 0.1 0.1 0 0 0 0 0 0 0 0 0 0 0
2002011720 0 0 0 0 0 0 0.1 0 0 0 0 0 0 0 0 0 0.1 0 0.2 0 0 0 0 0 0.2 0 0 0 0 0 0 0 0 0 0 0 0 0 0 0 0 0
2002011721 0 0 0 0 0 0 0.1 0 0 0 0 0 0 0 0 0 0 0 0 0 0 0 0 0 0 0 0 0 0.1 0 0 0 0 0 0 0 0 0 0 0 0 0
2002011722 0 0 0 0 0 0 0.1 0 0 0 0 0 0 0 0 0 0 0 0 0 0 0 0 0 0 0 0 0 0 0 0 0 0 0 0 0 0 0 0 0 0.1 0
2002011723 0 0 0 0 0 0 0 0 0 0 0 0 0 0 0 0 0.2 0 0 0 0 0 0 0 0 0 0 0 0 0 0 0 0 0 0 0 0 0 0 0 0 0
2002011800 0 0.1 0 0 0 0 0 0 0 0.1 0 0 0.1 0.1 0.1 0.1 0.1 0.1 0 0 0.1 0 0 0 0 0 0 0 0 0 0 0 0 0 0 0 0 0 0 0 0 0
2002011801 0 0 0.6 0.3 0 0 0 0 0 0.2 0.1 0 0.2 1.1 0.3 0.1 1 0.1 0 0 0 0 0 0 0 0 0 0 0 0 0 0 0 0.1 0 0 0 0 0 0 0 0
2002011802 0 0.8 0.1 0 0 0 0 0 0 0.7 0 0.1 0.7 0.6 1.3 0.5 0.6 0 0 0.3 0.1 0.1 0 0.2 0.2 0 0 0 0 0 0 0 0 0.1 0 0.1 0.1 0 0 0 0 0
2002011803 0.1 0.1 0.5 0.3 0 0.1 0 0 0 0.1 0.2 0.4 0.1 0 0.1 0.5 0.1 0.3 0 0.1 0.9 0.5 0 0.8 0.4 0 0 0 0 0 0 0 0 0.3 0.9 0.3 0.7 0 0 0 0 0
2002011804 0.2 0 0.8 0 0 0.6 0.4 0.1 0 0.1 0.2 0.1 0.1 0.1 0.1 0.1 0 0 0.1 0 0 0.2 0 0.1 0.7 0 0 0 0 0 0 0 0 0.3 1 0.3 0.1 0 0 0 0 0
2002011805 0.1 0 0.2 0 0 0.6 0.2 0 0 0.1 0 0.1 0.1 0 0 0.1 0.1 0 0 0 0.1 0.1 0 0 0.1 0 0 0 0 0 0 0 0 0 0.1 0.3 0.1 0 0 0 0 0
2002011806 0.2 0.1 0 0 0 0.1 0 0.1 0 0.1 0 0.1 0.1 0.1 0.1 0.1 0 0 0 0 0 0 0 0.1 0 0 0 0 0 0 0 0 0 0 0 0.2 0 0 0 0 0 0
2002011807 0.2 0 0.3 0 0 0 0.5 0.1 0 0 0 0 0 0 0 0 0 0 0 0 0 0 0 0 0 0 0 0 0 0 0 0 0 0.1 0.1 0.1 0.1 0 0 0 0 0
2002011808 0.1 0 0 0 0 0.1 0.5 0.1 0 0 0 0 0 0 0 0 0 0.1 0 0 0 0.1 0 0 0 0 0 0 0 0 0 0 0 0 0 0 0 0 0 0.1 0 0
2002011809 0.1 0 0 0 0 0 0.5 0.3 0 0 0 0 0 0 0 0 0 0 0.4 0 0 0 0.6 0 0 0 0.1 0 0 0.2 0 0 0 0 0 0 0 0 0.5 0.9 0 0
2002011810 0.1 0 0 0 0.1 0 0.3 0.1 0 0 0 0 0 0 0 0 0 0 0.2 0 0 0 0 0 0 0.5 0.8 0 0.6 0.5 0.4 0 0 0 0 0 0 0.3 0 0.1 0 1.1
2002011811 0.1 0 0 0 1.2 0 0.5 0 0 0 0 0 0 0 0 0 0 0 0.2 0 0 0 0 0 0 0 0.3 0 0.3 0.3 0 1 0 0 0 0 0 0 0 0.1 0 0.3
2002011812 0.1 0 0 0 0.5 0 0.6 0 0.1 0 0 0 0 0 0 0 0 0 0.2 0 0 0 0 0 0 0 0.2 0 0.3 0.3 0 0.3 0 0 0 0 0 0.3 0 0 0 0.2
2002011813 0 0 0 0 0.2 0 0.4 0 1.2 0 0 0 0 0 0 0 0 0 0 0 0 0 0 0 0 0 0.1 0 0.2 0.3 0 0.2 0 0 0 0 0 0.2 0 0 0.6 0
2002011814 0 0 0 0 0.2 0 0.3 0 0.2 0 0 0 0 0 0 0 0 0 0 0 0 0 0 0 0 0 0.1 0 0.1 0.1 0 0.2 0 0 0 0 0 0.1 0 0 0.3 0
2002011815 0 0 0 0 0 0 0.3 0 0.2 0 0 0 0 0 0 0 0 0 0 0 0 0 0 0 0 0 0.1 0 0 0.1 0 0.1 0 0 0 0 0 0.1 0 0 0.1 0
2002011816 0 0 0 0 0 0 0.2 0 0.2 0 0 0 0 0 0 0 0 0 0 0 0 0 0 0 0 0 0 0 0.1 0 0 0 0 0 0 0 0 0 0 0 0.1 0
2002011817 0 0 0 0 0 0 0.1 0 0.1 0 0 0 0 0 0 0 0 0 0 0 0 0 0 0 0 0.1 0 0 0 0 0 0 0 0 0 0 0 0 0 0 0.1 0
2002011818 0 0 0 0 0 0 0.1 0 0.1 0 0 0 0 0 0 0 0 0 0 0 0 0 0 0 0.2 0 0.1 0 0 0 0 0 0 0 0 0 0 0 0 0 0.1 0
2002011819 0 0 0 0 0 0 0 0 0 0 0 0 0 0 0 0 0 0 0 0 0 0 0 0 0.1 0 0.1 0 0 0 0 0 0 0 0 0 0 0 0 0 0 0
2002011820 0 0 0 0 0 0 0 0 0 0 0 0 0 0 0 0 0.1 0 0.1 0 0 0 0.1 0.1 0.1 0.1 0.1 0 0 0 0 0 0 0 0 0 0 0.1 0 0 0.1 0
2002011821 0 0 0 0 0 0 0 0 0 0 0 0 0 0 0 0 0 0 0 0 0 0 0.1 0 0 0 0 0 0.1 0 0 0.1 0 0 0 0 0 0 0 0 0 0
2002011822 0 0 0 0 0 0 0.1 0 0 0 0 0 0 0 0 0 0 0 0 0 0 0 0 0 0 0 0 0 0.1 0.1 0 0.1 0 0 0 0 0 0.1 0 0 0.2 0
2002011823 0 0 0 0 0 0 0.1 0 0 0 0 0 0 0 0 0 0 0 0 0 0 0 0 0 0 0.1 0 0 0 0.1 0.1 0 0 0 0 0 0 0 0.1 0 0 0
2002011900 0 0 0 0 0 0 0.1 0 0 0 0 0 0 0 0 0 0 0 0.1 0 0 0 0 0 0 0 0.1 0 0.1 0.1 0 0.2 0 0 0 0 0 0.1 0 0 0.1 0
2002011901 0 0 0 0 0 0 0.2 0 0 0 0 0 0 0 0 0 0 0 0 0 0 0 0 0 0 0 0 0 0 0.1 0 0.2 0 0 0 0 0 0 0 0 0.1 0
2002011902 0 0 0 0 0 0 0.2 0 0 0.1 0 0.1 0.1 0.3 0.1 0 0.7 0.1 0 0 0 0 0.1 0 0 0.1 0 0 0 0.1 0.1 0.2 0 0 0 0 0 0.1 0 0 0 0
2002011903 0.1 0.4 0.6 0.4 0.2 0.2 0.2 0.3 0 0.3 0.3 0.5 0.3 0.3 0.3 0.6 0.4 0.5 0.7 0.3 0.4 0.1 0.9 1.7 1.3 0.9 0.9 0 0.2 0.3 0.2 0.5 0 0.5 0.5 0.2 0.7 0.2 0 0.1 0.3 0.1
2002011904 0.1 0.2 0.3 0.1 0.5 0.3 0.3 0.9 0 0.3 0 0.4 0.3 0.8 0.5 0.5 0.8 0.3 0.5 0.1 0.2 0.4 0.5 0.7 2.1 0.6 1.1 0 0.5 0.7 0.5 0.3 0 0.3 0.3 0.3 0.6 0.7 0.9 0.5 0.5 0.7
2002011905 0.1 0 0.7 0.1 0.5 0.3 0.4 0.4 0 0.3 0.1 0.4 0.3 0.2 0.3 0.3 0.3 0.2 0.2 0.2 0.2 0.3 0.5 0.4 1.4 0.9 0.7 0.1 0.1 0.6 0.1 0.2 0 0.2 0.2 0.2 0.6 0.3 1.1 0.3 0.7 0.3
2002011906 0.1 0 0 0 0.7 0.1 0.4 0.3 0 0 0 0 0 0 0 0 0.1 0.2 0.2 0 0.1 0.2 0.1 0.2 0.7 0.3 0.9 0.2 0.3 0.8 0.5 0.2 0 0 0.3 0.3 0.2 0.3 0.4 1.2 0.5 0.2
2002011907 0.1 0 0 0 0 0 0.4 0.2 0.1 0 0 0 0 0 0 0 0 0 0 0 0 0 0.1 0.1 0.2 0.1 0.1 0.2 0.2 0.1 0.2 0 0 0 0 0.8 0 0.4 0.2 0.5 0.4 0.5
2002011908 0.2 0.1 0.2 0 0.1 0 0.3 0 0.4 0 0 0.1 0 0.2 0.2 0.1 0 0.1 0.1 0.1 0 0.1 0 0 0.1 0.1 0 0.2 0 0.1 0 0.1 0 0.1 0 0.2 0 0.1 0 0.1 0.2 0
2002011909 0.1 0 0 0 0.3 0.4 0.4 0.1 5.9 0 0 0.1 0 0 0 0 0 0.1 0 0 0 0 0.1 0 0.1 0 0.1 0.1 0 0.1 0 0 0.3 0.2 0.1 0.1 0 0.1 0.1 0 0.5 0
2002011910 0.1 0 0 0 0.2 0 0.3 0 1.4 0 0 0 0 0 0.2 0 0 0 0.1 0 0 0 0 0 0.1 0 0.1 0.2 0 0 0 0 0.4 0 0 0 0 0 0 0 0.5 0.1
2002011911 0.1 0 0.1 0 0.3 0.5 0.3 0 1.3 0 0 0 0 0 0 0.2 0 0 0 0 0 0 0 0 0.1 0.1 0.1 0.2 0 0 0 0 1 0.3 0 0.4 0 0 0.1 0 0.4 0
2002011912 0.1 0 0 0 0 0.1 0.2 0 3.1 0 0 0.1 0 0 0 0 0 0 0 0 0.2 0 0 0 0 0 0 0.1 0 0 0 0 1.6 0.1 0 0 0 0 0 0 0.5 0
2002011913 0.1 0 3.2 0 0.1 0 0.3 0 1.6 0 2.5 0 0 0 0 0 0 0 0 0 0 0 0 0 0 0 0 0.2 0 0 0 0 1.7 0 0 0 0 0 0.6 0.1 0.7 0
2002011914 0.1 1 0.6 0 0.1 0 0.2 0 1.3 0 0.1 0 0 0.3 0 0.1 0.1 0.4 0 0 0 0 0 0 0 0 0 0.2 0 0 0.1 0.1 1.2 0 0 0 0 0 0 0 0.4 0
2002011915 0.1 1.5 0.3 0.2 0 0 0.2 0.1 0.9 0.3 0 0 0.3 0.1 0.3 2.1 2.1 0 0.1 0 0 0 0 0 0 0 0 0.2 0.1 0 1.2 0.3 1.1 0 0.8 1.2 2.6 0 0 0 0.3 0.2
2002011916 0.1 0.1 0 0 0 0.2 0.2 4.2 0.6 0 0.1 0.1 0 0.1 0 0.1 0.1 0 0 0 0 0.1 0 0 0 0 0 0.2 0 0 0 0 2.6 0.3 1.5 0.3 0.5 0 0 0 0.4 2.8
2002011917 0.2 0 1.1 0 0.3 0.4 0.2 0.3 0.6 0 0.2 0 0 0 0 0.2 0 0.1 0 0 0 0 0 0.5 0.2 0.7 1.3 0.4 0 0 0 0 0.9 0 0.2 0.4 0.1 0 0 0.1 1.6 0.3
2002011918 0.1 0 0 0 0.3 0 0.1 0.1 0.5 0 0 0 0 0 0 0 0 0 0 0 0 0 0 0 0 0 0 0.3 0 0 0 0 1.6 0 0 0 0 0.1 1.4 0.2 0.7 0.1
2002011919 0.1 0.2 0 0 0 0 0.2 0 0.7 0.7 0 0.8 0.7 0.1 0.2 0.4 0.3 0.1 0.1 0.2 0 0 0.1 1.9 5 3.8 1.9 0.3 0 0 0 0 0.4 0.1 0 0.1 0.1 0 0.1 0.3 0.1 0
2002011920 0.1 0 0.9 1.1 0.7 1.1 0.1 0.6 1.1 0 0.4 1.9 0 0 0 0.1 0 0.2 0.1 0.1 0.2 0.2 0 0 0.1 0 0.7 0.3 0.6 0.4 0.3 0.4 1.4 1.8 0.8 0.4 0.8 0.3 0.2 0.4 0.1 0.2
2002011921 0 0 0.1 0 0.1 0.1 0.2 0.1 1.7 0 0 0 0 0 0 0 0 0 0 0 0 0 0 0 0 0 0 0.3 0 0 0 0 0.6 0 0 0.1 0 0 0 0 0.7 0.6
2002011922 0.1 0 0 0 0 0 0.1 0 4.7 0 0 0 0 0 0 0 0 0 0 0 0 0 0.3 0.2 0.2 0.3 0.4 0.3 0.1 0.1 0 0 0.4 0 0 0 0 0 1.8 0.8 0.1 0
2002011923 0.1 0 0 0 0 0 0.1 0 1.1 0 0 0 0 0 0 0 0 0.6 0.1 0 0 0 0 0 0.2 0 0.4 0.3 0.1 0 0.3 0.3 0.4 0 0 0 0 0.4 0 0.1 0.1 0
2002012000 0.1 0 0 0 0 0 0.2 0 0.9 0 0 0 0 0 0 0 0 0 0 0 0 0 0 0 0.2 0 0 0.3 0 0 0 0 0.3 0 0 0 0 0 0 0 0.2 0
2002012001 0 0 0 0 0 0 0.1 0 1 0 0 0 0 0 0 0 0 0 0 0 0 0 0 0 0 0 0 0.3 0 0 0 0 0.3 0 0 0 0 0 0 0 0.1 0
2002012002 0.1 0 0 0 0 0 0.1 0 0.8 0 0 0 0 0 0 0 0 0 0 0 0 0 0 0 0 0 0 0.3 0 0 0 0 0.3 0 0 0 0 0 0 0 0.1 0
2002012003 0 0 0 0 0 0 0.1 0 0.3 0 0 0 0 0 0 0 0 0 0 0 0 0 0 0 0 0 0 0.3 0 0 0 0 0.3 0 0 0 0 0.1 0 0 0 0
2002012004 0.1 0 0 0 0 0 0.1 0 0.9 0 0 0 0 0 0 0 0 0 0 0 0 0 0 0 0 0 0 0.2 0 0 0 0 0.3 0 0 0 0 0 0 0 0.1 0
2002012005 0 0 0 0 0 0 0.1 0 0.4 0 0 0 0 0 0 0 0 0 0 0 0 0 0 0 0 0 0.4 0.3 0 0 0 0 0.2 0 0 0 0 0 0 0 0.1 0
2002012006 0.1 0 0 0 0 0 0.1 0 0.2 0 0 0 0 0 0 0 0.3 0.1 0.6 0.1 0.3 0.4 0.4 0 0 0 0.5 0.2 0 0.3 0.1 0.1 0.2 0 0.1 0 0 0 0 0 0.2 0.1
2002012007 0 0.4 0 0.1 0.2 0 0.1 0.1 0.2 0 0.1 0 0 0 0.1 0.2 0 0.7 0.8 0.1 0.2 0.2 0.7 0.8 0.3 0.5 0.7 0.3 0.2 0.6 0.5 0.3 0.6 0 0.2 0 0.3 1.4 0 0 0.3 0
2002012008 0.1 0.1 0.5 0 0 0 0.1 0.3 0.4 0 0.6 0 0 0 0.1 0 0 0.4 0.1 0 0 0 0.1 0.1 0.1 0.2 0.3 0.2 0.2 0 0.3 0.1 0.8 0 0 0 0.2 0.3 0 0.2 0.3 0.1
2002012009 0 0 0 0 0 0 0.1 0 0.4 0 0 0 0 0 0 0 0 0 0 0 0 0 0 0.1 0.1 0 0.1 1.3 0 0.1 0 0.1 0.3 0 0 0.1 0 0 0.1 0 0.3 0
2002012010 0.1 0 0 0 0 0 0.1 0 0.4 0 0 0 0 0 0 0 0 0 0.1 0 0 0 0 0 0 0 0.2 0.7 0 0 0 0 0.5 0 0 0 0 0.1 0 0.3 0.3 0
2002012011 1 0 0 0 0 0 0.1 0 0.5 0 0 0 0 0 0 0 0 0 0 0 0 0 0 0 0 0 0 0.1 0 0 0 0 0.5 0 0 0 0 0 0.2 0 0.2 0
2002012012 0 0 0 0 0 0 0.1 0 0.5 0 0 0 0 0 0 0 0 0 0 0 0 0 0 0 0 0 0 0.1 0 0 0 0 0.4 0 0 0 0 0 0 0 0.1 0
2002012013 0 0 0 0 0 0 0.1 0.1 0.6 0 0 0 0 0 0 0 0 0 0 0 0 0 0 0 0.1 0 0.1 0 0 0 0 0 0.5 0 0 0 0 0.1 0.4 0 0 0
2002012014 0 0 0 0 0 0 0.1 0 5.1 0 0 0 0 0 0 0 0 0 0 0 0 0 0 0 0 0 0 0.1 0 0 0 0 0.3 0 0 0 0 0 0.1 0 0.1 0
2002012015 0 0.1 0 0 0 0 0 0 1 0 0 0 0 0 0 0 0 0 0 0 0 0 0 0 0 0 0 0 0.1 0 0 0 0.1 0 0 0 0 0 0 0 0 0
2002012016 0.5 0.8 0.2 0.6 0.5 0.2 0.1 0 1 0.4 0.7 0.1 0.4 0 0 0 0 0 0 0 0 0 0 0 0.1 0 0.1 0.1 0 0 0 0 0.3 0.1 0 0 0 0 0 0 0 0
2002012017 1.2 0.4 1.4 1.2 1.5 0.5 0.1 0 1.7 0.7 0.3 0.7 0.7 1.3 1 0.9 1.4 0.4 0.6 0.8 0.7 0.8 0.8 0.5 0.6 0.4 0.3 0 0 0.3 0.3 0.5 0.4 0.6 0.2 0.6 0.7 0.2 0 0 0 0
2002012018 1.3 0.2 1 1.1 1.9 0.5 0.1 0.7 2.9 0.1 0.1 0.5 0.1 0.3 0.5 0.9 1.1 1.2 0.6 0.7 0.4 0.4 1.1 1.8 3 2 1.2 0.1 0.1 0.8 1 0.6 1.4 0.3 0.6 1 0.7 0.8 0.1 0.4 0.6 0.6
2002012019 3.9 1.3 4.5 3.3 3.7 1.9 0.1 0.4 4.4 1.1 1.1 1.6 1.1 0.5 0.5 0.5 0.3 0.7 0.6 0.1 0.1 0.4 0.5 0.9 2.4 1.4 1.2 0 0.1 0.3 0.6 0.5 0.5 1.5 0.6 0.7 0.2 0.6 0.3 1.2 0.3 0.4
2002012020 2.2 0.4 4.1 1.5 3.4 3.5 0.1 2.2 5.4 0.5 0.3 1.2 0.5 1.7 1.3 2.2 1.2 0.3 0.2 0.3 0.8 1 0.4 0.8 1.1 0.3 0.7 0 0.1 1.3 0.6 0.5 4.1 1.3 2.7 2.7 2.9 0.3 0.1 0.2 1.3 2.4
2002012021 2.1 0.2 1.4 0.7 1.6 0.9 0.1 0.5 2.2 0.1 0.2 0.1 0.1 0.1 0.1 0.1 0.3 1.5 1.2 0.4 0.3 0.5 1 1.5 1.1 1 1.3 0.1 0.1 1 1.8 1 1 0 0.5 0.4 0.3 1.2 0.3 0.3 0.5 0.4
2002012022 0.2 0 0.9 0 1.4 0.7 0.1 0.4 2.7 0 0 0 0 0 0 0.1 0.1 0.6 0.5 0.1 0.1 0.2 0.4 1 0.9 1.6 1.5 0 0.1 0.2 0.2 0.2 0.6 0.1 0.2 0.1 0.1 0.7 0.5 2.9 0.4 0.4
2002012023 0 0 0 0 0.7 0.1 0.2 0.3 2.1 0 0 0 0 0.1 0 0.1 0.1 0.2 0.1 0.1 0.1 0.1 0.1 0.3 0.6 0.8 0.6 0.1 0.1 0.2 0.1 0.1 0.6 0 0 0 0 0.1 0.6 1.9 0.6 0.3
2002012100 0 0 0.1 0 0.6 0.1 0.1 0.1 1.8 0 0 0 0 0.1 0 0.1 0.2 0 0.1 0 0 0.1 0 0.4 0.3 0.7 0.2 0 0.1 0.2 0.1 0.1 0.3 0 0.1 0.2 0.1 0.1 0.8 1 0.1 0.2
2002012101 0 0 0 0 0.2 0.2 0.1 0.2 1.9 0 0 0 0 0 0 0.1 0 0.1 0 0 0 0.2 0.2 0.4 0.5 0.7 0.4 0.1 0 0.4 0.1 0.1 0.4 0 0.1 0.2 0.2 0.2 0.5 1.1 0.2 0.1
2002012102 0 0 0.1 0 1.4 0.1 0.1 0.2 1.6 0 0 0 0 0.1 0.1 0.1 0.1 0.1 0.1 0 0 0.3 0 0.3 0.5 0.7 0.5 0 0.1 0.2 0.2 0.2 0.7 0 0.1 0.1 0.1 0.2 0.2 0.9 0.3 0.3
2002012103 0 0.1 0.1 0 0.1 0.1 0.2 0.2 1.5 0.1 0 0.1 0.1 0.1 0 0.1 0.1 0.1 0.1 0 0.1 0.2 0.2 0.3 0.5 0.6 0.4 0 0.1 0.3 0.2 0.1 1 0 0.5 0.4 0.2 0.3 0.1 1.1 0.2 0.2
2002012104 0 0.2 0.2 0 0.5 1.3 0.1 0.5 2.4 0.2 0.1 0.1 0.2 0.3 0.3 0.4 0.2 0.4 0.2 0 0.3 0.6 0.2 0.3 0.7 0.7 0.8 0 0 0.7 0.2 0.2 1.9 0.1 1.1 0.6 0.6 0.1 0 0.1 0.3 1.3
2002012105 0 0 0.4 0 1 0.6 0.1 0.2 1.8 0.2 0 0.3 0.2 0.3 0.2 0.3 0.2 0.4 0.2 0 0.1 0.2 0.2 0.3 0.6 0.8 0.7 0.1 0.1 0.4 0.3 0.2 1.3 0 0.4 0.6 0.6 0.2 0 0.9 0.1 0.1
2002012106 0.8 0.8 1.1 0.3 1.2 0.5 0.1 0.1 1.8 0.5 0.7 0.3 0.5 0.1 0.1 0.1 0.3 0.1 0.2 0.1 0.1 0.2 0.2 0.7 0.7 0.8 0.4 0 0.1 0.3 0.3 0.4 0.6 0.3 0.1 0.5 0.3 0.5 0.3 0.8 0.1 0.1
2002012107 1.7 0.1 3.3 0.5 1.5 0.3 0.2 0 1.4 0.2 0.1 0.1 0.2 0.1 0.1 0.1 0.1 0.1 0 0 0.1 0 0.2 0.3 0.8 0.7 0.5 0 0.1 0.2 0.1 0.1 0.1 0.1 0 0.1 0.1 0.3 0 0.1 0.1 0.2
2002012108 0.2 0 0.1 0 0.3 0.1 0.1 0.1 1.1 0.1 0 0.2 0.1 0.1 0.2 0.1 0.1 0.1 0.1 0.1 0 0 0.3 0.3 0.5 0 0.1 0 0 0 0 0 0.1 0 0 0.1 0 0 0 0.1 0.1 0
2002012109 0 0 0.1 0 0.1 0 9.1 0 1 0 0 0 0 0 0 0 0 0.1 0.1 0 0 0 0.2 0 0 0.1 0.2 0 0.1 0 0 0.1 0.1 0.1 0 0 0 0 0 0 0 0
2002012110 0 0 0 0 0 0 6.1 0 0.8 0 0 0 0 0 0 0.1 0 0.1 0.1 0 0 0 0 0 0 0 0 0 0.1 0 0 0.1 0 0 0 0 0.1 0 0 0 0 0
2002012111 0 0 0 0 0 0 0.3 0 0.8 0 0 0 0 0 0 0 0 0 0 0 0 0 0.1 0 0 0 0 0 0 0 0 0 0 0 0 0 0 0 0 0 0 0
2002012112 0 0 0 0 0 0 0 0 0.7 0 0 0 0 0 0 0 0 0 0 0 0 0 0 0.1 0 0 0.1 0.1 0.1 0 0 0 0.1 0 0 0 0 0 0 0 0 0
2002012113 0 0 0 0 0 0 0 0 0.6 0 0 0 0 0 0 0 0 0 0 0 0 0 0 0 0 0 0 0 0.1 0 0 0 0.1 0 0 0 0 0 0 0 0 0
2002012114 0 0 0 0 0 0 0 0 0.5 0 0 0 0 0 0 0 0 0 0 0 0 0 0 0 0 0 0 0 0 0 0 0 0 0 0 0 0 0 0 0 0 0
2002012115 0 0 0 0 0 0 0 0 0.4 0 0 0 0 0 0 0 0 0 0 0 0 0 0 0 0 0 0 0 0.1 0 0 0 0 0 0 0 0 0 0 0 0 0
2002012116 0 0 0 0 0 0 0 0 0.3 0 0 0 0 0 0 0 0 0 0 0 0 0 0 0 0 0 0 0 0 0 0 0 0 0 0 0 0 0 0 0 0 0
2002012117 0 0 0 0 0 0 0 0 0.3 0 0 0 0 0 0 0 0 0 0 0 0 0 0 0 0 0 0 0 0.1 0 0 0 0 0 0 0 0 0 0 0 0 0
2002012118 0 0 0 0 0 0 0 0 0.2 0 0 0 0 0 0 0 0 0 0 0 0 0 0 0 0 0 0 0 0 0 0 0 0 0 0 0 0 0 0 0 0 0
2002012119 0 0 0 0 0 0 0 0 0.2 0 0 0 0 0 0 0 0 0 0 0 0 0 0 0 0 0 0 0 0.1 0 0 0 0 0 0 0 0 0 0 0 0 0
2002012120 0 0 0 0 0 0 0 0 0.3 0 0 0 0 0 0 0.1 0.1 0 0 0 0 0 0 0 0 0 0 0 0 0 0 0 0 0 0 0 0 0 0 0 0 0
2002012121 0 0 0 0 0 0 0 0 0.3 0 0 0 0 0 0 0 0 0 0 0 0 0 0 0 0 0 0 0 0.1 0 0 0 0 0 0 0 0 0.1 0.1 0 0 0
2002012122 0 0 0 0 0.1 0 0 0 0.3 0 0 0 0 0 0 0 0 0 0 0 0 0 0 0 0 0 0 0 0 0 0 0 0 0 0 0 0 0 0 0.1 0 0
2002012123 0 0 0 0 0 0 0 0 0.1 0.1 0 0 0.1 0 0 0 0 0 0 0 0 0 0 0 0.1 0 0 0 0 0 0 0 0 0 0 0 0 0 0 0 0 0
2002012200 0 0 0 0 0 0 0 0 0 0 0 0 0 0.1 0.1 0.1 0 0 0 0 0 0 0 0.1 0 0 0 0 0 0 0 0 0 0 0 0 0 0 0 0 0 0
2002012201 0 0 0 0 0 0 0 0 0 0 0 0 0 0 0 0 0 0 0 0 0 0 0 0 0 0 0 0 0.1 0 0 0 0 0 0 0 0 0 0 0 0 0
2002012202 0 0 0 0 0 0 0 0 0 0 0 0 0 0 0 0 0 0 0 0 0 0 0 0 0 0 0 0 0 0 0 0 0.1 0 0 0 0 0 0 0 0 0
2002012203 0 0 0 0 0 0 0 0 0.1 0 0 0 0 0 0 0 0 0 0 0 0 0 0 0 0 0 0 0 0.1 0 0 0 0 0 0 0.1 0.1 0 0 0 0 0
2002012204 0 0 0 0 0 0 0 0 0 0 0 0 0 0 0 0 0 0 0 0 0 0 0 0 0 0 0 0 0 0 0 0 0 0 0 0.1 0 0 0 0 0 0
2002012205 0 0 0 0 0 0 0 0 0 0 0 0 0 0 0 0 0 0 0 0 0 0 0 0 0 0 0 0 0 0 0 0 0 0 0 0 0 0 0 0.1 0 0
2002012206 0 0 0 0 0 0 0 0 0 0 0 0.2 0 0.1 0 0 0 0 0 0 0 0 0 0 0 0 0.1 0 0 0 0 0 0 0 0 0 0 0 0 0 0 0
2002012207 0 0 0 0 0 0 0 0 0 0 0 0 0 0 0 0 0 0.1 0.1 0 0 0 0.1 0.1 0.4 0 0.1 0.6 0.1 0.1 0 0.1 0 0 0 0 0 0.2 0 0 0.1 0
2002012208 0 0.1 0 0 0.1 0 0.1 0.1 0.3 0 0 0 0 0 0 0 0 0 0 0 0 0 0 0.2 0.2 0 0.1 0.1 0 0 0 0 0.1 0 0 0 0 0.2 0.1 0 0 0
2002012209 0 0 0 0 0 0 0 0.3 0.3 0 0 0.1 0 0 0 0.3 0.1 0.4 0.5 0.3 0 0.1 0.6 0.9 1 0.4 1.7 1.1 0 0.2 0.3 0.3 0.2 0.2 0 0.2 0 0.3 0.1 0.3 0.1 0.2
2002012210 0.1 0 0.3 0 0.2 0.1 0.1 0.7 0.9 0 0 0 0 0 0 0 0 0.1 0.2 0.1 0 0.1 0.1 0 0.5 0.1 0.4 1.2 0.1 0.4 0.3 0.2 0.9 0 0.3 0.3 0.4 0.3 0.1 0.2 0.2 0.3
2002012211 0 0 0 0 0 0 0 0 0.3 0 0 0 0 0 0 0 0 0 0 0 0 0 0 0 0 0 0 0 0 0 0 0 0 0 0 0 0 0.1 0 0 0 0
2002012212 0 0 0 0 0 0 0 0 0.2 0 0 0 0 0 0 0 0 0 0 0 0 0 0 0 0 0 0 0 0.1 0 0 0 0 0 0 0 0 0 0 0 0 0
2002012213 0.3 0 0 0 0 0.1 0 0.1 0.2 0 0 0 0 0 0 0 0 0 0 0 0 0 0 0 0 0 0 0 0 0 0.1 0 0.1 0 0 0 0 0.4 0 0 0 0
2002012214 0 0 0 0 0.2 0.2 0.2 0 0.2 0 0.1 0.1 0 0 0 0 0 0.1 0.6 0 0 0 0.1 0 0 0 0.7 0 2.1 1.4 0.4 0.4 0 0 0 0.1 0.2 0.1 0 0 0 0
2002012215 0 0.1 0 0.1 0.1 0 0 0.8 0.3 0.1 0 0 0.1 0.6 0 0.1 0 0.1 0.2 0 0 0.1 0 0 0 0 0 0 1.3 0.2 0 0.1 0.1 0 0.4 0.2 0.1 0.1 0 0 0.6 0
2002012216 0 0.3 0.1 2.9 0.1 0 0.1 0.2 0.2 0 0.1 1.6 0 0.8 0.7 1.5 1.8 0 0.4 0 0 0 0.1 0.1 0 0 0 0 0.2 0.1 0.6 0 0.1 1.4 0 0.5 0 0.4 0 0 0.2 0.2
2002012217 0 0 0 0 1.2 1.2 1.3 0 0.8 0 0 0 0 0 0 1.2 0.1 0 0 0 0 0 0 0 0 0 0 0 0.1 0 0.4 0.1 0 0.1 0.2 3.9 0 0.8 0 0 0.1 0
2002012218 0 0.1 0 0 0 0 0 0 0.8 0 0 0 0 0 0 0.1 0 0 0 0 0 0 0 0 0 0 0 0 0 0 0 0 0 0 0 0.1 0 0.2 0 0 0 0
2002012219 0 0 0 0 0 0.1 0 0 0.1 0 0 0 0 0 0 0 0 0 0 0 0 0 0 0 0 0 0 0 0 0 0 0 0 0 0 0 0 0 0 0 0 0
2002012220 0 0 0 0 0 0 0 0 0.1 0 0 0 0 0 0 0 0 0.1 0 0 0 0 0 0 0 0 0 0 0 0 0 0 0 0 0 0 0 0 0 0 0 0
2002012221 0 0 0 0 0 0 0.1 0 0.1 0 0 0 0 0 0 0 0 0 0.1 0 0 0 0 0 0 0 0 0 0 0 0 0 0 0 0 0 0 0 0 0 0 0
2002012222 0 0 0 0 0 0 0 0 0.1 0 0 0 0 0 0 0 0 0 0 0 0 0 0 0 0 0 0 0 0 0 0 0 0 0 0 0 0 0 0 0 0 0
2002012223 0 0 0 0 0 0 0 0 0 0 0 0 0 0 0 0 0 0 0 0 0 0 0 0 0 0 0 0 0 0 0 0 0 0 0 0 0 0 0 0 0 0
2002012300 0 0 0 0 0 0 0 0 0.1 0 0 0 0 0 0 0 0 0 0 0 0 0 0 0 0 0 0 0 0 0 0 0 0 0 0 0 0 0 0 0 0 0
2002012301 0 0 0 0 0 0 0 0 0.1 0 0 0 0 0 0 0 0 0 0 0 0 0 0 0 0 0 0 0 0 0 0 0 0 0 0 0 0 0 0 0 0 0
2002012302 0 0 0 0 0 0 0 0 0 0 0 0 0 0 0 0 0 0 0 0 0 0 0 0 0 0 0 0 0 0 0 0 0 0 0 0 0 0 0 0 0 0
2002012303 0 0 0 0 0 0 0 0 0 0 0 0 0 0 0 0 0 0 0 0 0 0 0 0 0 0 0 0 0 0 0 0 0 0 0 0 0 0 0 0 0 0
2002012304 0 0 0 0 0.1 0 0 0 0.1 0 0 0 0 0 0 0 0 0 0 0 0 0 0 0 0 0 0 0 0 0 0 0 0 0 0 0 0 0 0 0 0 0
2002012305 0 0 0 0 0 0 0 0 0 0 0 0.1 0 0 0 0 0 0 0 0 0 0 0 0 0 0 0 0 0 0 0 0 0 0 0 0 0 0 0 0 0 0
2002012306 0 0 0 0 0 0 0 0 0.1 0 0 0 0 0 0 0 0 0 0 0 0 0 0 0 0 0 0 0 0 0 0 0 0 0 0 0 0 0 0 0 0 0
2002012307 0 0 0 0 0 0 0 0 0 0 0 0 0 0 0 0 0 0 0 0 0 0 0 0 0 0 0 0 0 0 0 0 0 0 0 0 0 0 0 0 0 0
2002012308 0 0 0 0 0 0 0 0 0.1 0 0 0 0 0 0 0 0 0 0 0 0 0 0 0 0 0 0 0 0 0 0 0 0 0 0 0 0 0 0 0 0 0
2002012309 0 0 0 0 0 0 0 0 0 0 0 0 0 0 0 0 0 0 0 0 0 0 0 0 0 0 0 0 0.1 0 0 0 0 0 0 0 0 0 0 0 0 0
2002012310 0 0 0 0 0 0 0 0 0.1 0 0 0 0 0 0 0 0 0 0 0 0 0 0 0 0 0 0 0 0 0 0 0 0 0 0 0 0 0 0 0 0 0
2002012311 0 0 0 0 0 0 0 0 0.2 0 0 0 0 0.4 0.1 0.1 0.4 0 0 0.1 0 0 0.5 0.7 0.4 0.9 0 0 0 0 0 0 0 0 0 0 0 0 0 0 0 0
2002012312 0.1 1.3 0 0.1 0 0 0 0 0 1.8 0.2 0.3 1.8 1.7 1.3 0.9 2.2 0.7 0.9 0.7 0.3 0.2 2.1 1.8 2 1.6 1.3 1 0 0 0.1 0.3 0 0.4 0.4 0.8 0.8 0 0.3 0.7 0 0
2002012313 0.9 2.6 1.6 1.8 0.7 1.3 1 1.2 1.1 1.6 1.9 1.4 1.6 1 1.1 1.9 1.3 1.1 2.2 1 0.8 0.6 2.4 2.7 3.8 2.2 2.9 2.5 0.8 1.1 1.1 1.6 1.8 1.3 3.1 1.2 2.1 0.5 1.5 1.9 0.3 0.9
2002012314 1.1 2.5 1.4 2.1 0.9 1.2 1.1 1.4 2.4 2.5 1.8 1.5 2.5 2.2 2.4 3.4 2.6 1.1 2 1.8 0.7 0.5 3.6 3.6 4.1 3.8 2.3 2.6 0.6 0.9 1 1.3 0.5 1.1 1.8 1.8 1.4 1.3 2.8 2.5 0.6 1.6
2002012315 2.6 1.7 3.1 2.6 2.1 2.8 2.1 2.2 3.5 1.1 1.6 2.2 1.1 0.3 1 2.2 0.4 2.1 1.7 0.6 1.1 1 1 0.7 1.8 0.7 2.1 2.6 1.5 1.7 1.8 1.8 2.1 2.3 3.3 2.6 2.4 1.3 2.3 2.1 0.6 1.7
2002012316 0.2 0 0.2 0.1 0.9 0.2 0.3 0.4 0.7 0 0 0 0 0 0 0 0 1.5 0.2 0 0 0 0.7 0.6 0.6 0.6 0.4 0.4 0.2 0 0 0.1 0.1 0 0.1 0 0 1.2 0.7 0.2 0.6 0.6
2002012317 0 0 0 0 0 0 0 0.1 0 0 0 0 0 0 0 0 0 1 1.3 0.1 0 0.3 1.3 1.4 2 1.4 1 0.9 0.1 0.4 0.5 0.8 0.1 0 0 0 0 1 0.7 0.5 0.6 0
2002012318 0 0 0 0 0 0 0 0.1 0 0 0 0 0 0.1 0 0 0.3 1.6 1.9 0.1 0 0.5 2.1 2.5 2.5 1.7 2.5 3 0.7 0.8 1.3 1.2 0.1 0 0 0 0 0.9 1.7 2 0.4 0.1
2002012319 0 0 0 0 0.1 0.1 0 1.1 0.1 0 0 0.3 0 0.1 0.2 0.9 0.1 0.9 1.5 0.5 0.6 0.6 1 0.8 1.4 0.4 1.6 1.8 1.3 0.9 1.2 1.1 0.8 0.4 0.5 0.6 0.8 1 1.8 0.9 0.4 0.5
2002012320 0 0 0 0 0.3 0.1 0.3 0.4 0.2 0 0 0 0 0 0 0 0 0.1 0 0.1 0 0 0.1 0.1 0.1 0.1 0.1 0 0.2 0.1 0.1 0.1 0.3 0 0 0 0 0.9 0 0.1 0.5 0.5
2002012321 0 0 0 0 0 0.1 0 0 0 0 0 0 0 0 0 0 0 0 0 0 0 0 0.1 0 0 0 0 0 0 0 0 0 0 0 0 0 0 0.8 0 0 0.4 0
2002012322 0 0 0 0 0 0 0 0.1 0 0 0 0 0 0 0 0 0 0 0.1 0 0 0 0 0 0 0 0.1 0.2 0 0 0.1 0 0.1 0 0 0 0 0.6 0 0 0.4 0
2002012323 0 0 0 0 0 0 0 0.2 0.1 0 0 0.2 0 0 0 0 0 0.1 0 0 0 0 0.1 0.1 0 0 0 0 0.2 0.1 0.1 0 0 0 0 0 0 0.1 0 0 0.2 0.1
2002012400 0 0 0.1 0 0.2 0 0.1 0.1 0 0 0 0 0 0 0 0 0 0 0 0 0 0 0 0 0 0 0.1 0 0 0 0 0.1 0.1 0 0 0 0 0 0 0 0.1 0.1
2002012401 0 0 0 0 0.2 0 0.1 0.1 0.1 0 0 0 0 0 0 0 0 0 0 0 0 0 0 0 0 0 0 0 0 0 0 0 0 0 0 0 0 0.1 0 0.1 0 0
2002012402 0 0 0 0 0.4 0 0.1 0.3 0.1 0 0 0 0 0 0 0 0 0.2 0.2 0 0 0.2 0.3 0.3 0 0 0.1 0.1 0.2 0.2 0.1 0.2 0.1 0 0 0 0 0.1 0 0 0.2 0.1
2002012403 0 0 0 0 0.2 0.1 0.1 0.5 0.1 0 0 0 0 0 0 0 0 0.2 0.2 0 0.1 0.2 0.2 0.1 0 0 0.1 0.1 0.2 0.3 0 0.2 0.5 0 0.1 0 0.1 0.2 0.3 0 0.2 0.3
2002012404 0 0 0 0 0.1 0 0 0.1 0.2 0 0 0 0 0 0 0 0 0 0 0 0 0.1 0 0 0.1 0 0.1 0 0.2 0 0.1 0 0.1 0.1 0 0 0 0.1 0.2 0.1 0.2 0.1
2002012405 0 0 0 0 0.1 0 0 0 0 0.1 0 0 0.1 0.3 0 0 0.4 0.3 0.1 0.1 0 0 1.1 0 0 0 0 0.1 0 0.2 0 0.2 0 0 0 0 0 0.1 0.1 0.1 0.2 0.1
2002012406 0.1 0.2 0.2 0 0.8 0.2 0.3 1.9 0 0.1 0 0.2 0.1 0.1 0.1 0.3 0.3 1 0.3 0.4 0.1 0.8 2 1.5 0.6 0.3 0.3 0.1 0.4 0.3 0.7 0.4 1.1 0.2 0.2 0.4 0.1 0.2 0.5 0.1 0.2 0.8
2002012407 0 0 0.4 0 0.5 0.4 0.3 1.8 0.5 0.1 0.2 0.3 0.1 0.3 0.3 0.4 1.2 1.3 0.9 0.3 0.2 0.6 1.2 1.3 0.6 0.5 1 0.6 0.5 0.5 0.8 0.7 1.4 0.4 0.4 0.3 0.7 0.4 0.1 0.5 0.1 0.8
2002012408 0.1 0.2 0.1 0.4 0.6 0.3 0.3 1.1 0.3 0.2 0.6 0.2 0.2 0 0.7 1.7 2.2 0.6 0.8 0.2 0 0.2 0.4 0.8 1.1 0.9 1.1 0.8 0 0.3 0.4 0.5 0.9 0.6 0.4 0.6 1 0.5 2.5 0.3 0.1 1
2002012409 0.2 0.2 0 0.1 1.7 2 1.9 1.5 1 0.1 0.1 0.5 0.1 0.8 2 0.5 0.6 0.2 0.2 0 0 0 0.1 0 1 0.6 0.9 1.3 0.7 0.2 0.5 0.2 1.2 3.6 0.5 0.6 0.1 0.6 0.2 0.6 0.2 1
2002012410 0 0 0 0 2.5 2.7 4.2 0.1 0.2 0.1 0 1.2 0.1 0.7 0.4 0.1 0 0.2 0.4 0.3 0 0 0.4 1.6 1.3 0.9 2.3 1.8 0 0.1 0 0.1 0 0.2 0 0.1 0 0.6 0 0 0.2 0.1
2002012411 0 0 0.9 0 0.6 1 0.8 0.1 0.4 0 0 0.1 0 0 0 0.2 0 0.3 0.3 0.1 0.1 0.4 0.4 1 1.2 0.1 0.4 1.8 0.4 0.2 1.4 0.3 0.9 0.1 0.1 0.1 0 0.6 0 0.2 0.2 0.1
2002012412 0 0.1 0 0 0.6 0 0 0.1 0.1 0.1 0 0 0.1 0.1 0 0 0.3 0 0.4 0 0 0 0 0.7 0.2 0.1 0.4 1.1 0.1 0 0.3 0 0.1 0 0 0 0 0.6 0.1 0.3 0.1 0.7
2002012413 1.4 0.9 1.8 0.9 0.1 0.1 0.2 0 0.2 0.4 0.8 1.3 0.4 0.2 0.7 0.4 0.6 0 0.3 0.1 0.1 0 0 0.2 0.5 0 0.2 0.6 0.1 0 0.6 0 0.1 0.2 0.5 0.3 0.8 0.5 0.3 0.1 0.2 0
2002012414 0.2 0 1.7 0.3 0.6 0.2 0.5 1.8 0.6 0.7 0 0 0.7 0.6 0.2 0 0.5 0.6 0.1 1.2 1.5 0.9 0.7 0 0.3 0.1 0 0.5 0 0.1 0 0.1 2.3 0 0.7 0 0.2 0.5 0.3 0.6 0.1 1.1
2002012415 0 0.1 0.4 0.3 1.5 0.1 1.9 0.2 0.4 0.7 0.3 0.2 0.7 0.3 0.4 1.4 0.1 0.6 1.5 0.1 0.1 0.1 0.8 0.3 0.3 0 0.2 1.2 0.4 0.9 1.1 0.8 0.4 0.3 0.1 0.3 0.5 0.5 0.4 0 0.1 0.6
2002012416 0.2 2.3 1 0.4 0.6 0.2 1 0.2 1.1 0.2 0.4 0 0.2 0.7 1.1 0.2 0 0.5 0.4 0.1 0 0 0.1 0.2 0 0 0.1 0.1 0.2 0.1 0.1 0 1.5 0 1.4 0.8 0.3 0.6 1.3 0 0.2 0.2
2002012417 1.1 0.9 1.3 0.4 1.2 0.4 1.9 0.8 0.1 2.4 1 2.2 2.4 0.5 0.4 1.3 0.2 1 1.7 0.4 0.1 0.1 0.6 0.7 0.4 0.4 1.1 0.8 0 0.1 0 0 0.8 1.3 2 0.7 0.6 0.5 0.1 0.4 0.1 0
2002012418 0.3 0.2 0 0.3 0.7 0.2 0.9 1.9 1.4 0.1 0.2 0.3 0.1 0.2 0.1 0.2 0.5 0.6 0.7 0 0.5 0.4 0.7 3.1 0.5 0.1 0.8 0.9 0.1 0.2 0.2 0.1 2.1 0.4 0.9 0.4 1.1 0.5 0.6 0.1 0.3 0.8
2002012419 0 0 0 0 0.2 0 0.4 0.8 0.7 0.1 0 0.4 0.1 1 0.4 0.1 1.7 0.2 0.2 0.6 0.7 0.7 0.1 0.1 0 0.1 0.3 1.2 0.3 0.2 0.8 1.2 1 0.2 0.9 0.7 0.1 0.4 0.6 1.2 0.2 0.2
2002012420 0 0 0.1 0 0.4 0.1 0.3 1 0.3 0.3 0.1 0.3 0.3 0.5 0.3 1.1 1.3 2.4 0.8 3.8 1 0.8 0.5 0 0 0 0.7 0.1 0.8 1.1 0.6 1.4 1.5 0.2 1.6 0.4 0.7 0.5 0.2 2.1 0.2 0.7
2002012421 0 0 0.1 0 0.3 0 0.3 0 0.4 0.1 0 0 0.1 0 0 0 0 1.3 1.4 0.1 0.1 0.8 0.3 0.5 0.5 2 1.2 0.3 0.6 1.3 0.6 0.8 0.3 0 0.1 0 0 0.5 0 0 0.2 0
2002012422 0 0 0 0 0 0 0 0 0 0 0 0 0 0 0 0.1 0 0.4 0.3 0.1 0.1 0.2 0.4 0 0.8 0.3 0.3 0.5 0.5 0.4 0.5 0.7 0.2 0 0 0 0.1 0.5 0.1 0.3 0.2 0
2002012423 0 0 0 0 0 0 0 0 0.1 0 0 0.2 0 0 0 0 0 0 0.1 0 0 0 0 0.1 0 0 0 0 0.2 0 0 0 0 0.6 0 0 0 0.4 0.9 0 0.2 0
2002012500 0.1 0 0 0.5 0 0 0 0.1 0 0 0 0 0 0 0 0 0 0 0 0 0 0 0 0 0 0 0 0 0 0 0 0 0 0 0 0 0 0.5 0 0.1 0.1 0.1
2002012501 0.2 0 0.4 0.1 0.2 0.1 0.1 0 0 0 0 0.2 0 0 0 0 0 0 0 0 0 0 0 0 0 0 0 0 0 0 0 0 0.1 0 0 0 0 0.3 0 0 0.2 0
2002012502 0 0.1 0.1 0 0 0 0 0.1 0.2 0 0 0 0 0 0 0 0 0 0 0 0 0 0 0 0 0 0 0 0 0 0 0 0.2 0 0 0 0 0.4 0 0 0.1 0.4
2002012503 0 0 0.3 0 0.4 0 0.4 0 0 0 0.1 0 0 0 0 0 0 0 0 0 0 0 0 0 0 0 0 0 0.3 0.7 0 0 0 0 0 0 0 0.3 0 0 0.2 0
2002012504 0 0.1 0 0 0.6 0 0 0 0.1 0 0 0 0 0 0 0 0 0 0 0 0 0 0 0 0 0 0 0 0.1 0 0 0 0 0 0 0 0 0.3 0 0 0.1 0
2002012505 0 0 0 0.1 0.2 0 0 0 0 0 0 0 0 0 0 0 0 0 0 0 0 0 0 0 0 0 0 0 0 0.1 0 0 0 0 0 0 0 0.3 0 0 0.2 0
2002012506 0 0 0 0 0 0 0 0 0 0 0 0 0 0 0 0 0 0 0 0 0 0 0 0 0 0 0 0 0 0 0 0 0 0 0 0 0 0.2 0 0 0.1 0
2002012507 0 0 0 0 0 0 0 0 0 0 0 0 0 0 0 0 0 0 0 0 0 0 0 0 0 0 0 0 0 0 0 0 0 0 0 0 0 0.2 0 0 0.1 0
2002012508 0 0 0 0 0.1 0 0 0 0 0 0 0 0 0 0 0 0 0 0 0 0 0 0 0 0 0 0 0 0 0 0 0 0 0 0 0 0 0.2 0 0 0.1 0
2002012509 0 0 0 0 0.2 0 0 0 0 0 0 0 0 0 0 0 0 0 0 0 0.1 0 0 0 0 0 0 0 0 0 0 0 0 0 0 0 0 0.2 0 0 0.1 0
2002012510 0 0 0 0 0.2 0 0 0 0 0 0 0 0 0 0 0 0 0 0 0 0 0 0 0 0 0 0 0 0 0 0 0 0 0 0 0 0 0.1 0 0 0.2 0
2002012511 0 0 0 0 0.3 0 0 0 0 0 0 0 0 0 0 0 0 0 0 0 0 0 0 0 0 0 0 0 0 0 0 0 0 0 0 0 0 0 0 0 0.1 0
2002012512 0 0 0 0 0 0 0 0 0 0 0 0 0 0 0 0 0 0 0 0 0 0 0 0 0 0 0 0 0 0 0 0 0 0 0 0 0 0 0 0 0.2 0
2002012513 0 0 0 0 0 0 0 0 0 0 0 0 0 0 0 0 0 0 0 0 0 0 0 0 0 0.1 0 0 0 0 0 0 0 0 0 0 0 0 0 0 0.1 0
2002012514 0 0 0 0 0 0 0 0 0 0 0 0 0 0 0 0 0 0 0 0 0 0 0 1.3 0 0 0 0 0 0 0 0 0 0 0 0 0 0 0 0 0.2 0
2002012515 0 0 0 0 0 0 0 0 0 0 0 0 0 0 0 0 0 0 0 0 0 0 0 2.4 0 0 0 0 0 0 0 0 0 0 0 0 0 0 0 0 0.1 0
2002012516 0 0 0 0 0 0 0 0 0 0.1 0 0 0.1 0 0.1 0 0.1 0 0 0 0 0 0 0 0 0 0 0 0 0 0 0 0 0 0 0 0 0 0 0 0.3 0
2002012517 0 0.4 0.1 0 0 0 0 0 0 0.4 0.2 0.2 0.4 0.3 0.1 0.1 0.2 0.2 0 0.3 0.1 0 0.2 0.1 0.2 0 0 0 0 0 0.1 0.1 0 0.1 0 0.1 0.1 0 0 0 0.2 0
2002012518 0.7 0.3 0.7 0.6 0.6 0.5 0.5 0.1 0.3 0.4 0.3 0.1 0.4 0.1 0.2 0.5 0.2 0.3 0 0.1 0.2 0.6 0.2 0.4 0.3 0.2 0.2 0.2 0.3 0.3 0.5 0.3 0.6 0.1 0.4 0.2 0.2 0.1 0 0 0.2 0.3
2002012519 0.3 0 0.2 0 0.5 0.1 0.3 0.2 0.2 0 0.1 0 0 0.1 0 0 0 0.2 0.2 0 0.1 0 0.5 1 1.2 0.9 0.4 0.3 0.1 0.1 0.1 0.1 0.1 0 0 0 0.1 0.1 0 0.1 0.2 0.3
2002012520 0 0 0 0 0 0 0 0 0 0 0 0 0 0 0.1 0.1 0.2 0.3 0.4 0.1 0.1 0 0.8 1.2 2.2 0.4 1 1.1 0 0 0 0.1 0 0 0 0 0 0.1 0.6 0.4 0.2 0
2002012521 0.1 0.7 0.4 0.3 0.2 0.5 0.3 0.7 1 1.2 0.8 0.8 1.2 0.3 0.3 0.7 0.1 1.2 1.2 0.4 0.7 0.2 1.9 2.1 1.8 0.9 1.9 1.7 0.2 0.2 0.3 0.3 1.7 0.8 0.7 0.9 1.5 0.2 1.7 0.6 0.2 0.2
2002012522 0.3 0.1 0.6 0 1.2 0.7 1.2 1.2 2 0.2 0 0.2 0.2 0.5 0.4 0.2 0.8 0.6 1.1 0.3 0.2 0.3 0.7 0.6 1.2 0.6 2.1 2.1 0.6 0.6 0.9 0.6 1.2 0.3 1 0.2 0.5 0.4 1.3 0.8 0.2 1.1
2002012523 0 0.5 0.2 0.1 0.3 0.3 0.2 0.9 0.6 0.3 0 0.4 0.3 0.1 0.4 0.3 0.3 1 1.2 0.3 0.1 0.2 1.6 1.2 1.3 0.7 1.1 1.3 0.6 0.3 0.5 0.8 0.5 0.3 0.2 0.3 0.3 0.5 0.7 1.1 0.1 1
2002012600 0 0 0.1 0 0.2 0.2 0.3 0.6 0.6 0 0 0 0 0 0 0.1 0 0.2 0.3 0 0.1 0.1 0.2 0 0.3 0 0.8 0.6 0.1 0.2 0.3 0.2 0.4 0 0.2 0 0.2 0.5 0.2 0.2 0.2 0.5
2002012601 0 0 0 0 0 0 0 0.1 0 0 0 0 0 0 0 0 0 0.3 0.1 0.1 0 0.1 0.1 0.1 0.4 0 0.2 0.4 0.3 0.4 0.2 0.2 0.1 0 0 0 0 0.6 0 0 0.2 0
2002012602 0 0 0 0 0.2 0 0.1 0.2 0.5 0 0 0.1 0 0 0 0 0.1 0.1 0.1 0.1 0.1 0.4 0 0 0.1 0.1 0.3 0.4 0.4 1 0.2 0.3 0.4 0.1 0.2 0.1 0.3 0.6 0 0 0.1 0.3
2002012603 0 0 0 0 0.1 0 0 0.4 0 0 0 0 0 0.2 0 0 0 0 0 0 0 0 0 0 0 0 0 0 0.4 0 0.1 0 0.1 0 0.2 0.1 0 0.5 0 0 0.2 0.3
2002012604 0 0 0 0 0 0 0 0.2 1.3 0.6 0 0 0.6 0 0 0 0 0.2 0.1 0 0 0 0.1 0 0 0 0 0 0.1 0 0.1 0 0.1 0.1 0.1 0 0 0.4 0 0 0.1 0.4
2002012605 0.1 0 0.2 0 1 0.1 0.5 0 0.4 0 0.1 0 0 0 0 0 0 0 0 0 0 0 0 0 0 0 0 0 0.1 0 0.3 0.1 0.3 0 0 0 0 0.3 0 0 0.2 0
2002012606 0 0 0 0 0 0 0 0 0 0 0 0 0 0 0 0 0 0 0 0 0 0 0 0 0 0 0 0 0 0 0 0 0 0 0 0 0 0.3 0 0 0.1 0
2002012607 0 0 0 0 0 0 0 0 0 0 0 0 0 0 0 0 0 0 0 0 0 0 0 0 0 0 0 0 0 0 0 0 0 0 0 0 0 0.2 0 0 0.1 0
2002012608 0 0 0 0 0 0 0 0 0 0 0 0 0 0 0 0 0 0 0 0 0 0 0 0 0 0 0 0 0 0 0 0 0 0 0 0 0 0.2 0 0 0.1 0
2002012609 0 0 0 0 0 0 0 0 0 0 0 0 0 0 0 0 0 0 0 0 0 0 0 0 0 0 0 0 0 0 0 0 0 0 0 0 0 0.2 0 0 0.2 0
2002012610 0 0 0 0 0 0 0 0 0 0 0 0 0 0 0 0 0 0 0 0 0 0 0.1 0 0 0 0 0 0 0 0 0.1 0 0 0 0 0 0 0 0 0.1 0
2002012611 0 0 0 0 0 0 0 0 0 0 0 0 0 0 0 0 0 0 0 0 0 0 0 0 0 0 0 0 0 0 0 0 0 0 0 0 0 0.1 0 0 2.2 0
2002012612 0 0 0 0 0 0 0 0 0 0 0 0 0 0 0 0 0 0 0 0 0 0 0 0 0 0 0 0 0 0 0 0 0 0 0 0 0 0 0 0 0 0
2002012613 0 0 0 0 0 0 0 0 0 0 0 0 0 0 0 0 0 0 0 0 0 0 0.1 0 0 0 0 0 0 0 0 0 0 0 0 0 0 0 0 0 0 0
2002012614 0 0.1 0 0 0 0 0 0.1 0 0.2 0.1 0.4 0.2 0.1 0.1 0.3 0.1 0.7 0.6 0.2 0.1 0 0.7 0.1 0 0 0.2 0.1 0 0 0.1 0.4 0 0.1 0 0.1 0.2 0 0 0 0 0
2002012615 0 0 0.5 0 0.4 0.3 0.2 0.8 0.3 0 0.1 0 0 0 0 0 0.1 0.1 0.3 0 0 0.1 0 0 0.1 0 0.3 0.5 0.3 0.3 0.5 0.4 0.2 0.1 0.2 0.2 0.1 0.2 0 0 0.1 0.6
2002012616 0.1 0.1 0.1 0.3 0.2 0.2 0.1 0.4 0.3 0.1 0.1 0.5 0.1 0.2 0.2 0.2 0.3 0.5 0 0.2 0 0 0.6 0 0 0 0 0 0.1 0 0 0.1 0.1 0.4 0.1 0.2 0 0.2 0 0 0 0.7
2002012617 0.5 0.5 1.3 0.3 1.7 1.8 1.6 0.6 1.4 0.5 0.5 1 0.5 0.3 0.5 1.2 1.2 0.3 0.1 0.4 0.3 0.2 0.4 0.1 0 0 0 0 0 0.4 0 0.2 0.2 0.7 0.4 1.2 0.6 0.1 0 0 0.2 0.6
2002012618 0.3 0.2 0.6 0.1 1.1 0.7 0.8 1.3 0.8 0.1 0.1 0.4 0.1 0.1 0.2 0.9 1.3 0.3 0.3 0 0 0 0.3 0 0 0 0 0 0.1 0 0.2 0.1 0.6 0.4 0.8 0.6 0.8 0.2 0 0 0.4 1.4
2002012619 0.1 0.1 0.5 0 0.7 0.4 0.5 0.2 0.3 0.2 0.1 0.4 0.2 0.5 0.3 0.4 0.5 0.2 0 0 0 0 0.8 0 0.2 0.1 0 0.1 0 0 0 0.1 0 0.2 0 0.3 0 0.2 0 0 0 0.2
2002012620 0.9 1.7 1.6 1.3 0.8 0.5 0.4 0.2 0.1 1.6 1.3 1.4 1.6 1.5 1.2 0.8 1.6 2.3 1.3 0.7 0 0.2 3.8 0.9 0.6 0.4 1.3 0.7 0.1 0.1 0.3 0.4 0.2 0.8 0.3 0.8 0.1 0.1 0 0.1 0 0.1
2002012621 0.7 1.1 1.3 0.7 1.6 1.1 0.7 3.6 1 1.1 0.8 1.2 1.1 1.1 1 0.9 1.2 1.9 1.6 0.9 0.4 0.6 2.6 1.9 1.6 1.3 1.2 1.2 0.4 0.6 0.9 1.1 0.6 0.9 1 1.3 1.4 0.3 0.1 0.1 0 1.6
2002012622 0.9 1.8 2.4 1.7 1.6 2.1 1.7 4 1.4 2.1 1.5 2 2.1 1.9 2.4 2.3 1.9 2.9 2.4 1.6 1.1 0.9 4.5 4.7 3 2.1 3.2 3.4 0.8 1.5 1.5 1.7 0.5 2.1 1.7 1.9 2.7 0.2 0.7 1.2 0.4 2.3
2002012623 1.3 1.3 1.9 1.7 1.3 1.4 1.2 2.8 1.4 0.7 0.7 1.3 0.7 0.4 0.9 2 1.5 2.4 2 1.1 1 1 4.3 3 3.3 1.7 4 4.5 1.1 2 1.6 2 1.5 1.1 1.5 1.9 2.1 0.7 1 1.7 1.3 2
2002012700 1.1 0.3 1.2 0.3 1 1 0.9 2.1 1.1 0.2 0.3 1.1 0.2 0.4 0.3 1.4 0.9 2 2.1 0.6 0.1 0.3 3.1 3.3 4.4 3 4.8 3.9 0.6 0.6 0.5 0.8 1.1 1.1 1.1 1.1 0.5 0.5 1.7 2.1 1 1.7
2002012701 1.7 1.4 2.2 1.4 1.4 1.2 1.4 2.8 1.7 1.5 1.3 1.8 1.5 1 0.8 1.5 1.6 2.1 1.8 0.8 0.1 0.4 3.4 3.6 3.9 2.1 3.7 3.9 0.6 1 0.7 0.9 1.4 1.8 1.4 2.1 0.9 0.9 2 1.9 1.3 2.7
2002012702 3.4 2.9 3.5 2.6 4.1 3.4 3.9 4.2 3.6 4 2.3 3.5 4 2.2 2.2 2.9 3.1 3.1 3.4 1.7 1.1 2 4.7 4.7 5.7 3.2 4.7 4.2 2.1 4 3 2.7 2.3 2.8 3.1 3.3 3.7 0.8 2.7 2.8 1.4 2.5
2002012703 3.7 2.5 5.1 2.9 4.9 4.7 4.6 5.5 6.6 3.6 2.2 3.1 3.6 2.6 2.7 2.9 3.1 2.9 3.2 1.7 1.9 2.2 4.2 4.5 5.4 2.9 4.6 4.1 3 3.6 3.8 2.8 3.8 3 3.5 3.5 3.8 0.6 2.7 2.6 2.2 4.1
2002012704 2.4 0.8 3 1 3.9 4.3 3.6 3.1 6.2 0.7 0.9 0.9 0.7 0.8 1.2 2.1 1.2 2.3 2.2 0.9 1.4 1.2 2.5 3.5 4.2 2.3 4.7 3.9 2.8 2.2 3 2.2 4 1.6 2.6 2 3.8 0.5 2.2 2 3.2 3.1
2002012705 2.1 1.1 3.1 0.8 3.4 3.5 3 2.4 6 1.2 0.8 1.3 1.2 2 1.2 2 1.1 1.8 1.2 0.5 0.7 0.7 1.4 3.2 3.5 1.1 2.9 2.4 2.2 1.7 2.3 1.9 4.1 1.2 2.1 2.2 3.1 0.5 1.5 1.4 3.1 2.3
2002012706 2.1 1.9 3.1 1.1 2.1 2 1.7 1.7 2.6 0.4 0.8 0.4 0.4 0.7 0.6 1 1.1 1.4 0.7 0.2 0.3 0.2 1.1 1.9 3.3 1.3 2.3 1.2 1.6 1.2 2.1 1.4 2.8 0.5 1.3 1 1.2 0.5 0.8 0.8 3 1.7
2002012707 2.1 1.2 3 1 3 2.4 3 0.9 2.1 2.3 1.3 1.1 2.3 1 0.6 1.1 0.7 1.2 0.6 0.5 0.1 0.1 0.8 1.5 2.6 1.2 1.6 0.9 0.2 0.8 1.3 1 2.3 0.5 0.5 1.3 0.9 0.7 0.5 0.8 1.3 0.9
2002012708 0.5 0.5 4.8 0.1 5.7 2.2 7.6 1.6 1.6 2.1 2.3 4.4 2.1 2 1.3 1.2 2.8 1.1 0.8 0.4 0.6 0.4 0.9 1.8 2.3 1.9 2.3 1.3 0.3 0.6 1.4 1 5.6 2.8 1.5 1.3 2.3 0.5 0.6 0.8 1.4 0.7
2002012709 0.1 1 1.8 0 3.5 2.7 2.7 1.8 2.4 2.2 1.1 3.2 2.2 3.3 3 1.5 2.3 2 1.7 1 1.3 1.4 1.5 2.9 2.6 2.9 2.9 1.7 1.1 1.7 2.5 2.1 5.3 2.9 2 2.8 2.1 0.6 0.4 1.1 2.2 1.4
2002012710 0.3 0.4 1.2 0.1 2.5 2.4 2.4 1 1.3 1.7 0.6 2.1 1.7 3.5 3.6 1.5 1.9 1.3 1.1 0.8 1.3 0.9 1 2.4 2.1 2.7 2 1.7 0.6 0.9 1.6 1.6 2.9 1.9 0.9 5.6 1.7 0.5 0.8 1.4 1.4 1
2002012711 0.5 0.4 0.9 0 2.5 2.2 2.5 0.8 1.3 2 0.6 2.1 2 3.2 3.5 2.4 2.1 0.6 0.7 0.7 1.1 1.2 0.6 1.2 1.5 1.5 1.5 1.3 0.4 0.8 1.5 1.1 3 1.9 1.2 4.4 2.4 0.6 1.2 1.5 1.4 1.2
2002012712 0.5 1.2 1.3 0.1 2.6 3.1 3.5 1.2 2.2 2.3 1.8 2.7 2.3 3 3.3 2.7 2.7 1 0.8 1.3 1.8 1.5 0.6 1 1.3 1.5 1.4 0.9 0.5 1.4 1.3 1.1 4.3 2.7 2 4.3 1.8 0.6 0.9 1.2 1.5 2.8
2002012713 0.5 0.2 0.6 0 1.6 1.3 1.2 0.9 1.6 0.6 0.1 1.3 0.6 3.6 3.2 2.8 4 1.4 0.9 1.8 1.4 1.8 0.5 0.5 0.8 0.6 0.8 0.6 0.4 2 0.9 0.8 2.4 1.3 1.7 2.2 2 0.6 0.7 0.3 1 0.8
2002012714 1.4 1.2 1.6 0.8 2.4 3.1 3 2 3.8 1.2 1.3 1.8 1.2 3.7 3.2 3.7 4.3 1.3 1 1.9 2.2 2.6 0.9 0.6 1.4 1.3 1.4 1.1 1 2 1.5 1.7 4.1 1.9 3.2 3.6 2.9 0.5 0.3 0.2 1.1 1.8
2002012715 1.6 0.9 2.8 0.7 3.5 2.4 3.7 2.2 3.4 0.8 0.9 1.4 0.8 2.2 2.2 2.5 2.4 1.1 1.2 1.2 1.3 1.6 0.5 1.1 1.6 2.3 1.5 1.3 1 1.6 1.5 1.5 3.5 1.2 3 2.7 2.1 0.5 0.5 1.9 1 1.6
2002012716 1.2 0.4 1.9 0.4 2.5 2.1 3.3 0.7 2.6 1.4 0.3 1.6 1.4 1.1 1 1 0.5 0.2 0.2 0.1 0.3 0.6 0.2 0.5 1 1.4 0.7 0.6 0.3 0.7 0.6 0.4 1.4 1 1.2 1.4 0.7 0.6 0.3 0.3 0.3 0.9
2002012717 1.1 0.2 1.5 0.8 2.5 1.6 2 0.3 1.7 0.1 0.2 0.3 0.1 0.1 0.2 0.3 0.3 0.2 0.2 0 0 0 0.1 0.3 1.1 1.1 0.5 0.4 0.1 0.3 0 0.1 0.6 0.2 0.2 0.2 0.3 0.5 0.1 0.4 0.2 0.3
2002012718 0.4 0 0 0.2 0.5 0.1 0.1 0.3 0.6 0 0 0 0 0.3 0.1 0.4 0.6 0.5 0.1 0.2 0.3 0.5 0.2 0.6 1.1 0.7 0.6 0.4 0.2 0.4 0.1 0.2 0.8 0.1 0.4 0.3 0.4 0.6 0.2 0.6 0.3 0.5
2002012719 0 0 0 0 0.1 0 0.1 0.3 0.3 0 0 0.1 0 0.7 0.8 0.8 0.4 0.4 0.2 0.1 0.3 0.1 0.3 0.8 1.2 0.7 1.1 0.6 0.1 0.3 0.3 0.5 1.1 0 0.5 0.6 0.7 0.6 0.3 0.5 0.4 0.2
2002012720 0 0 0 0 0 0.5 0.2 0.8 0.4 0.5 0 0.4 0.5 0.4 0.2 0.3 0.4 0.1 0.1 0.1 0.1 0.1 0.2 0.6 0.6 0.1 0.7 0.3 0.2 0.3 0.5 0.5 1.3 0.4 0.6 0.3 0.6 0.6 0.2 0.4 0.5 0.3
2002012721 0 0.2 0.5 0 0.3 0.5 0.5 0.5 0.8 0.2 0.2 0.2 0.2 0.4 0.3 0.5 0.7 0.1 0.3 0 0 0 0.4 0.5 1.4 0.5 0.5 0.4 0 0.1 0.1 0.1 0.7 0.1 0.2 0.4 0.4 0.6 0.3 0.1 0.4 0.5
2002012722 0.2 0.4 0.5 0.3 0.4 0.6 0.6 0.1 1.5 0.5 0.1 0.3 0.5 0.3 0.4 0.5 0.3 0.2 0.5 0 0 0 0.4 0.9 0.9 0.3 0.6 0.9 0.1 0 0.2 0.2 0.3 0.1 0.1 0.4 0.3 0.5 0.3 0.1 0.1 0.2
2002012723 0.2 0.1 0.5 0.3 0.7 0.4 0.8 0.3 0.9 0.5 0.1 0.4 0.5 0.1 0.2 0.4 0 0.4 0.5 0.1 0 0.2 0.8 0.5 1 0.1 0.8 0.5 0.2 0.3 0.5 0.7 0.6 0.2 0.5 0.4 0.4 0.5 0.1 0.2 0 0.4
2002012800 0 0 0.7 0 1 0.3 0.9 0.1 0.6 0 0 0 0 0 0 0 0 0.1 0.1 0 0 0.1 0.2 0.1 0.2 0 0.6 0.3 0.3 0.5 0.2 0.3 0.1 0.1 0 0.1 0 0.6 0 0 0.3 0.5
2002012801 0 0 0.1 0 0.1 0 0.1 0 0.1 0 0 0 0 0 0 0 0 0.1 0 0 0 0 0 0 0 0 0 0 0 0 0 0 0 0 0 0 0 0.4 0 0 0.1 0
2002012802 0 0 0 0 0 0 0 0 0 0 0 0 0 0 0 0 0 0 0 0 0 0 0 0 0 0 0 0 0 0 0 0 0 0 0 0 0 0.5 0 0 0 0
2002012803 0 0 0 0 0 0 0 0 0 0 0 0 0 0 0 0 0 0 0 0 0 0 0 0 0 0 0 0.1 0 0 0 0 0 0 0 0 0 0.4 0 0 0 0
2002012804 0 0 0 0 0 0 0 0 0 0 0 0 0 0 0 0 0.2 0 0.1 0 0 0 0.2 0.5 0.6 0.3 0.3 0.2 0 0 0 0.1 0 0 0 0 0 0.4 0.1 0 0 0
2002012805 0 0 0 0 0.1 0 0 0.1 0.2 0 0 0.1 0 0.1 0 0.4 0.2 0.4 0.4 0.1 0 0 0.8 0.7 0.5 0.3 0.9 1.3 0 0 0.1 0.2 0.3 0.1 0 0.3 0.3 0.4 0.3 0.2 0 0.1
2002012806 0 0 0 0 0 0 0 0.4 0.2 0.2 0 0.1 0.2 0.3 0.3 0.3 0.6 0.7 0.3 0.3 0.1 0 0.8 0.7 0.7 0.5 1.4 1.8 0 0.1 0 0.2 0.3 0.1 0 0.2 0.1 0.4 0.3 0.6 0 0.6
2002012807 0 0 0 0 0.1 0.1 0.1 0.3 0.3 0 0 0.3 0 0.3 0.4 0.2 0.4 0.5 0.2 0.1 0 0 1 0.4 0.8 0.5 1.1 2.4 0.2 0.2 0.1 0.2 0.3 0.3 0 0 0 0.4 0.4 0.9 0.8 0.6
2002012808 0 0.1 0.2 0 0 0 0 0 0 0 0 0.2 0 0 0.1 0.1 0.3 0.3 0.7 0 0 0.1 0.2 0.2 0.8 0.4 1 0.9 0 0.1 0.2 0.4 0.1 0 0 0 0 0.6 0.1 0.1 0.1 0.2
2002012809 0.1 0.4 0.7 0.3 0.4 0.4 0.3 2.2 1.1 0.1 0.1 0.4 0.1 0.1 0.1 0.3 0.4 1.3 0.6 0.2 0 0.3 1.4 1.1 0.4 0.4 0.7 0.5 0.6 0.9 0.7 0.5 3.3 0.2 0.8 0.6 0 0.8 0 0 0.4 2.1
2002012810 2.6 2.4 3 1.1 1.3 1.1 1.2 0.9 0.7 3.8 2.9 2.5 3.8 1.7 1.3 4.4 2.6 0.9 0.6 1.1 0 0.1 1.2 1 1.2 0.6 2 1.8 0.3 0.3 0.3 0.6 0.3 3.5 0.4 4.9 0.9 0.8 0 0.2 0.2 1.2
2002012811 0.3 0 0.6 0 2.7 3.6 3.3 2.1 2.8 0 0 0 0 0 0 0.1 0 1.7 0.5 0.3 1.6 2.2 0.7 0.9 0.2 1.2 0.9 0.7 0.3 1.7 0.2 1.1 3.6 0.2 1 1.7 2.6 0.4 1.6 6.2 1.1 2.2
2002012812 0 0 0 0 0 0 0 0 0 0 0 0 0 0 0 0 0 0 0 0.1 0 0 0 0 0 0 0 0 0.1 0.1 0 0 0 0 0 0 0 0 0 0 0.5 0
2002012813 0.3 0 0 0 0 0 0 0 0 0 0 0 0 0 0 0 0 0 0 0 0 0 0 0 0 0 0 0 0 0 0 0 0 0 0 0 0 0 0 0 0 0
2002012814 2.5 0 0 0 0 0 0 0 0 0 0 0 0 0 0 0 0 0 0 0 0 0 0 0 0 0 0 0 0 0 0 0.1 0 0 0 0 0 0 0 0 0 0
2002012815 0 0 0 0 0 0 0 0 0 0 0 0 0 0 0 0 0 0 0 0 0 0 0 0 0 0 0 0 0 0 0 0 0 0 0 0 0 0 0 0 0 0
2002012816 0 0 0 0 0 0 0 0 0 0 0 0 0 0 0 0 0 0 0 0 0 0 0 0 0 0 0 0 0 0 0 0 0 0 0 0 0 0 0 0 0 0
2002012817 0 0 0 0 0 0 0 0 0 0 0 0 0 0 0 0 0 0 0 0 0 0 0 0 0 0 0 0 0 0 0 0 0 0 0 0 0 0 0 0 0 0
2002012818 0 0 0 0 0 0 0 0 0 0 0 0 0 0 0 0 0 0 0 0 0 0 0 0 0 0 0 0 0 0 0 0 0 0 0 0 0 0 0 0 0 0
2002012819 0 0 0 0 0 0 0 0 0 0 0 0 0 0 0 0 0 0 0 0 0 0 0 0 0 0 0 0 0 0 0 0 0 0 0 0 0 0 0 0 0 0
2002012820 0 0 0 0 0 0 0 0 0 0 0 0 0 0 0 0 0 0 0 0 0 0 0 0 0 0 0 0 0 0 0 0 0 0 0 0 0 0 0 0 0 0
2002012821 0 0 0 0 0 0 0 0 0 0 0 0 0 0 0 0 0 0 0 0 0 0 0 0 0 0 0 0 0 0 0 0 0 0 0 0 0 0 0 0 0 0
2002012822 0 0 0 0 0 0 0 0 0 0 0 0 0 0 0 0 0 0 0 0 0 0 0 0 0 0 0 0 0 0 0 0 0 0 0 0 0 0 0 0 0 0
2002012823 0 0 0 0 0 0 0 0 0 0 0 0 0 0 0 0 0 0 0 0 0 0 0 0 0 0 0 0 0 0 0 0 0 0 0 0 0 0 0 0 0 0
2002012900 0 0 0 0 0 0 0 0 0 0 0 0 0 0 0 0 0 0 0 0 0 0 0 0 0 0 0 0 0 0 0 0 0 0 0 0 0 0.1 0 0 0 0
2002012901 0 0 0 0 0 0 0 0 0 0 0 0 0 0 0 0 0 0 0 0 0 0 0 0 0 0 0 0 0 0 0 0 0 0 0 0 0 0 0.1 0 0 0
2002012902 0 0 0 0 0 0 0 0 0 0 0 0 0 0 0 0 0 0 0 0 0 0 0 0 0 0 0 0 0 0 0 0 0 0 0 0 0 0 0 0 0 0
2002012903 0 0 0 0 0 0 0 0 0 0 0 0 0 0 0 0 0 0 0 0 0 0 0 0 0.1 0.1 0 0 0 0 0 0 0 0 0 0 0 0.1 0 0 0 0
2002012904 0 0 0 0 0 0 0 0 0 0 0 0 0 0 0 0 0 0 0.1 0 0 0 0 0 0 0 0 0 0 0 0 0 0 0 0 0 0 0 0 0 0 0
2002012905 0 0 0 0 0 0 0 0 0 0 0 0 0 0 0 0 0 0 0 0 0 0 0 0 0 0 0 0 0 0 0 0 0.1 0 0 0 0 0 0 0 0 0
2002012906 0 0 0 0 0 0 0 0 0 0 0 0 0 0 0 0 0 0 0 0 0 0 0 0 0 0 0 0 0 0 0 0 0 0 0 0 0 0.1 0.1 0 0 0
2002012907 0 0 0 0 0 0 0 0 0 0 0 0 0 0 0 0 0 0 0 0 0 0 0 0 0 0 0 0 0.1 0 0 0 0 0 0 0 0 0 0 0 0 0
2002012908 0 0 0 0 0 0 0 0 0.1 0 0 0 0 0 0 0.1 0 0 0 0 0 0 0 0 0 0 0 0 0 0 0 0 0 0 0 0 0 0 0 0 0 0
2002012909 0 0 0 0 0 0 0 0 0 0 0 0 0 0 0 0 0 0 0 0 0 0 0 0 0 0 0 0 0 0 0 0 0 0 0 0 0 0 0 0 0 0
2002012910 0 0 0 0 0 0 0 0 0 0 0 0 0 0 0 0 0.1 0 0 0 0 0 0 0 0 0 0 0 0 0 0 0 0 0 0 0 0 0 0 0 0 0
2002012911 0 0 0 0 0 0 0 0 0 0 0 0 0 0 0 0 0 0.1 0 0 0 0 0 0.4 0 0.1 0 0 0 0 0 0 0 0 0 0 0 0 0 0 0 0
2002012912 0 0 0 0 0 0 0 0 0 0 0 0 0 0 0 0 0 0 0 0 0 0 0 0 0 0 0 0 0 0 0 0 0 0 0 0 0 0 0 0 0 0
2002012913 0 0 0 0 0 0 0 0 0 0 0 0 0 0 0 0 0 0 0 0 0 0 0 0 0 0 0 0 0 0 0 0 0 0 0 0 0 0 0 0 0 0
2002012914 0 0 0 0 0 0 0 0 0 0 0 0 0 0 0 0 0 0 0 0 0 0 0 0.2 0.1 0.1 0.1 0.1 0 0 0 0.1 0 0 0 0 0 0 0 0 0 0
2002012915 0 0 0 0 0 0 0 0 0 0 0 0 0 0 0 0 0 0 0 0 0 0 0 0 0 0 0 0 0 0 0 0 0.1 0 0 0 0 0 0 0 0.1 0
2002012916 0 0 0 0 0 0 0 0 0 0 0 0 0 0 0 0 0 0 0 0 0 0 0 0 0 0 0 0 0 0 0.1 0 0 0 0 0 0 0 0 0.1 0 0
2002012917 0 0 0 0 0 0 0 0 0 0 0 0 0 0 0 0 0 0 0 0 0 0 0 0 0 0 0.1 0 0 0 0 0 0 0 0 0 0 0 0 0 0 0
2002012918 0 0 0 0 0 0 0 0 0 0 0 0 0 0 0 0 0 0 0 0 0 0 0 0 0 0 0 0 0 0 0 0 0 0 0 0 0 0 0 0 0 0
2002012919 0 0 0 0 0 0 0 0 0 0 0 0 0 0 0 0 0 0 0 0 0 0 0 0 0 0 0 0 0 0 0 0 0 0 0 0 0 0 0 0 0 0
2002012920 0 0 0 0 0.1 0 0 0 0 0 0 0 0 0 0 0 0 0 0 0 0 0 0 0 0 0 0 0 0 0 0 0 0 0 0 0 0 0 0 0 0 0
2002012921 0 0 0 0 0 0 0 0 0 0 0 0 0 0 0 0 0 0 0 0 0 0 0 0 0 0 0 0 0 0 0 0 0 0 0 0 0 0 0 0 0 0
2002012922 0 0 0 0 0 0 0 0 0 0 0 0 0 0 0 0 0 0 0 0 0 0 0 0 0 0 0 0 0 0 0 0 0 0 0 0 0 0 0 0 0 0
2002012923 0 0 0 0 0 0 0 0 0 0 0 0 0 0 0 0 0 0 0 0 0 0 0 0 0 0 0 0 0 0 0 0 0 0 0 0 0 0 0 0 0 0
2002013000 0 0 0 0 0 0 0 0 0 0 0 0 0 0 0 0 0.1 0 0 0 0 0 0 0 0 0 0 0 0 0 0 0 0 0 0 0 0 0 0 0 0 0
2002013001 0 0 0 0 0 0 0 0 0 0 0 0 0 0 0 0 0 0 0 0 0 0 0 0 0 0 0 0 0 0 0 0 0 0 0 0 0 0 0 0 0 0
2002013002 0 0 0 0 0 0 0 0 0 0 0 0 0 0 0 0 0 0 0 0 0 0 0 0 0 0 0 0 0 0 0 0 0 0 0 0 0 0 0 0 0 0
2002013003 0 0 0 0 0 0 0 0 0 0 0 0 0 0 0 0.1 0 0 0 0 0 0 0 0 0 0 0 0 0 0.1 0 0 0 0.1 0 0 0 0 0 0 0 0
2002013004 0 0 0 0 0 0 0 0 0 0 0 0 0 0 0 0 0 0 0 0 0 0 0 0 0 0 0 0 0 0 0 0 0 0 0 0 0 0 0 0 0 0
2002013005 0 0 0 0 0 0 0 0 0 0 0 0.1 0 0 0 0 0 0 0 0 0 0 0 0 0 0 0 0 0 0 0 0 0 0 0 0 0 0 0 0 0 0
2002013006 0 0 0 0 0 0 0 0 0 0 0 0 0 0 0 0 0 0 0 0 0 0 0 0 0 0 0 0 0 0 0 0 0 0 0 0 0 0 0.1 0 0 0
2002013007 0 0 0 0 0 0 0 0 0 0 0 0 0 0 0 0 0 0 0 0 0 0 0 0 0 0 0 0 0 0 0 0 0.1 0 0 0 0 0 0 0 0 0
2002013008 0 0 0 0 0 0 0 0 0 0 0 0 0 0 0 0 0 0 0 0 0 0 0 0 0 0 0 0 0 0 0 0 0 0 0 0 0 0 0 0 0 0
2002013009 0 0 0 0 0 0 0 0 0 0 0 0 0 0 0 0 0 0 0 0 0 0 0 0 0 0 0 0 0 0 0 0 0 0 0 0 0 0 0 0 0 0
2002013010 0 0 0 0 0 0 0 0 0 0 0 0 0 0 0 0 0 0 0 0 0 0 0 0 0 0 0 0 0 0 0 0 0 0 0 0 0 0 0 0 0 0
2002013011 0 0 0 0 0 0 0 0 0 0 0 0 0 0 0 0 0 0 0 0 0 0 0 0 0 0 0 0 0 0 0 0 0 0 0 0 0 0 0 0 0 0
2002013012 0 0 0 0 0 0 0 0 0 0 0 0 0 0 0 0 0 0 0 0 0 0 0 0 0 0 0 0 0 0 0 0 0 0 0 0 0 0 0 0 0 0
2002013013 0 0 0 0 0 0 0 0.1 0 0 0 0 0 0 0 0 0 0 0 0 0 0 0 0 0 0 0 0 0 0 0 0 0 0 0 0 0 0 0 0 0 0
2002013014 0 0 0 0 0 0 0 0 0 0.3 0 0 0.3 0 0 0 0 0 0 0 0 0 0 0 0 0 0 0 0 0 0 0 0 0 0 0 0 0 0 0.1 0 0
2002013015 0 0 0 0 0 0 0 0 0 0 0 0 0 0 0 0 0 0 0 0 0 0 0 0 0 0 0 0 0 0 0 0 0 0 0 0 0 0 0 0 0 0
2002013016 0 0 0 0 0 0 0 0 0 0 0 0 0 0 0 0 0 0 0 0 0 0 0 0 0 0 0 0 0 0 0 0 0 0 0 0 0 0 0 0 0 0
2002013017 0 0 0 0 0 0 0 0 0 0 0 0 0 0 0 0 0 0 0 0 0 0 0 0 0 0 0 0 0 0 0 0 0 0 0 0 0 0 0 0 0 0
2002013018 0 0 0 0 0 0 0 0 0 0 0 0 0 0 0 0 0 0 0 0 0 0 0 0 0 0 0 0 0 0 0 0 0 0 0 0 0 0 0 0 0 0
2002013019 0 0 0 0 0 0 0 0 0 0 0 0 0 0 0 0 0 0 0 0 0 0 0 0 0 0 0 0 0 0 0 0 0 0 0 0 0 0 0 0 0 0
2002013020 0 0 0 0 0 0 0 0 0 0 0 0 0 0 0 0 0 0 0 0 0 0 0 0 0 0 0 0 0 0 0 0 0 0 0 0 0 0 0 0 0 0
2002013021 0 0 0 0 0 0 0 0 0 0 0 0 0 0 0 0 0 0 0 0 0 0 0 0 0 0 0 0 0 0 0 0 0 0 0 0 0 0 0 0 0 0
2002013022 0 0 0 0 0 0 0 0 0 0 0 0 0 0 0 0 0 0 0 0 0 0 0 0 0 0 0 0 0 0 0 0 0 0 0 0 0 0 0 0 0 0
2002013023 0 0 0 0 0 0 0 0 0 0 0 0 0 0 0 0 0 0 0 0 0 0 0 0 0 0 0 0 0 0 0 0 0 0 0 0 0 0 0 0 0 0
2002013100 0 0 0 0 0 0 0 0 0 0 0 0 0 0 0 0 0 0 0 0 0 0 0 0 0 0 0 0.1 0 0 0 0 0 0 0 0 0 0 0 0 0 0
2002013101 0 0.1 0 0 0 0 0 0 0 0 0 0 0 0 0 0 0 0 0 0 0 0 0 0 0 0 0 0 0 0 0 0 0 0 0 0 0 0 0 0 0 0
2002013102 0 0.9 0 0.1 0 0 0 0 0 0.7 0.7 0.1 0.7 1 0.3 0 0.2 0 0 0 0 0 0 0 0 0 0 0 0 0 0 0 0 0 0 0 0 0 0 0 0 0
2002013103 2.1 0.1 1.6 0.7 0.3 0.5 0.2 0 0 0.1 0.4 2.1 0.1 0.1 0.2 0.9 0.3 0.1 0 0.4 0.4 0.1 0.2 0.1 0 0 0 0 0 0 0 0.1 0.2 0.6 0.6 0.6 1 0 0.1 0 0 0
2002013104 0 0 0.2 0 1.7 1.3 1.4 0.5 1.4 0 0 0.1 0 0 0 0.1 0 0.8 0.5 0 0.4 0.2 0.4 0.6 0.2 0.4 0.4 0 0.7 1 0.8 1.2 0.8 0.6 1.8 0.5 0.9 0.2 0 0.1 0 0.2
2002013105 0 0 0 0 0 0.1 0 0.3 0.1 0 0 0 0 0 0 0 0 0 0 0 0 0.1 0 0 0 0 0.1 0.5 0.1 0 0 0 0.1 0 0 0 0 0.7 0.1 0 0.3 0.2
2002013106 0 0 0 0 0 0 0 0 0 0 0 0 0 0 0 0 0 0 0 0 0 0 0 0 0 0 0 0 0 0 0 0 0 0 0 0 0 0 0 0 0 0
2002013107 0.2 0.1 0 0.6 0 0.1 0 0 0 0.3 0 0 0.3 0 0 0 0 0 0 0 0 0 0 0 0 0 0 0 0 0 0 0 0 0 0 0 0 0 0 0 0 0
2002013108 0 0 0 0 0 0 0.2 0 0 0 0 0 0 0 0 0 0 0 0 0 0 0 0 0 0 0 0 0 0 0 0 0 0 0 0 0 0 0 0 0 0 0
2002013109 0 0 0 0 0 0 0 0 0 0 0 0 0 0 0 0 0 0 0 0 0 0 0 0 0 0 0 0 0 0 0 0.1 0 0 0 0 0 0 0 0 0 0
2002013110 0 0 0 0 0 0 0 0 0 0 0 0.4 0 0 0 0 0 0 0 0 0 0 0 0 0 0 0 0 0 0 0 0 0 0 0 0 0 0 0 0 0 0
2002013111 0 0 0 0 0 0 0 0 0 0 0 0 0 0 0 0 0 0 0 0 0 0 0 0 0 0 0 0 0 0 0 0 0 0 0 0 0 0 0 0 0 0
2002013112 0 0 0 0 0 0 0 0 0 0 0 0 0 0 0 0 0 0 0 0 0 0 0 0 0 0 0 0 0 0 0 0 0 0 0 0 0 0 0 0 0 0
2002013113 0 0 0 0 0 0 0 0 0 0 0 0 0 0 0 0 0 0 0 0 0 0 0 0 0 0 0 0 0 0 0 0 0 0 0 0 0 0 0 0 0 0
2002013114 0 0 0 0 0 0 0 0 0 0 0 0 0 0 0 0 0 0 0 0 0 0 0 0 0 0 0 0 0 0 0 0 0 0 0 0 0 0 0 0 0 0
2002013115 0 0 0 0 0 0 0 0 0 0 0 0 0 0 0 0 0 0 0 0 0 0 0 0 0 0 0 0 0 0 0 0 0 0 0 0 0.2 0 0 0 0 0
2002013116 0 0 0 0 0 0 0 0 0 0 0 0 0 0 0 0 0 0 0 0 0 0 0 0.1 0 0.1 0 0 0 0 0 0 0 0 0 0 0 0 0 0 0 0
2002013117 0 0 0 0 0 0 0 0 0 0 0 0 0 0 0 0 0 0 0 0 0 0 0 0 0 0 0 0 0 0 0 0 0 0 0 0 0 0 0 0 0 0
2002013118 0 0 0 0 0 0 0 0 0 0 0 0 0 0 0 0 0 0 0 0 0 0 0 0 0 0 0 0 0 0 0 0 0 0 0 0 0 0 0 0 0 0
2002013119 0 0 0 0 0 0 0 0 0 0 0 0 0 0 0 0 0 0 0 0 0 0 0 0 0 0 0 0 0 0 0 0 0 0 0 0 0 0 0 0 0 0
2002013120 0 0 0 0 0 0 0 0 0 0 0 0 0 0 0 0 0 0 0 0 0 0 0 0 0 0 0 0 0 0 0 0 0 0 0 0 0 0 0 0 0 0
2002013121 0 0 0 0 0 0 0 0 0 0 0 0 0 0 0 0 0 0 0 0 0 0 0 0 0 0 0 0 0 0 0 0 0 0 0 0 0 0 0 0 0 0
2002013122 0 0 0 0 0 0 0 0 0 0 0 0 0 0 0 0 0 0 0 0 0 0 0 0 0 0 0 0 0 0 0 0 0 0 0 0 0 0 0 0 0 0
2002013123 0 0 0 0 0 0 0 0 0 0 0 0 0 0 0 0 0 0 0 0 0 0 0 0 0 0 0 0 0 0 0 0 0 0 0 0 0 0 0 0 0 0
2002020100 0 0 0 0 0 0 0 0 0 0.1 0 0 0.1 0.2 0 0 0.4 0 0 0 0 0 0 0.2 0 0.1 0 0 0 0 0 0 0 0 0 0 0 0 0 0 0 0
2002020101 0 0.1 0 0 0 0 0 0 0 0.1 0.1 0.2 0.1 0.1 0.2 0.3 0.3 0.5 0.5 0.2 0 0 1.4 1.9 1.5 1.1 1.2 1.4 0 0 0.1 0.1 0 0.1 0 0.1 0.2 0.2 0.6 0.6 0 0
2002020102 0 0.1 0 0 0 0 0 0.1 0 0.1 0 0.1 0.1 0.1 0 0 0.3 0.4 0.4 0 0 0 0.5 0.5 0.7 0.3 1 1.4 0 0.1 0.1 0.3 0 0 0.1 0 0 0.3 0.7 0.5 0 0
2002020103 0 0 0.1 0 0.2 0 0.1 0.5 0.2 0.4 0 0.1 0.4 0.8 0.6 0.5 1.3 0.3 0.3 0.4 0.2 0.3 0.5 0.5 0.3 0.3 0.4 0.2 0.1 0.5 0.1 0.1 1.1 0 0.1 0.2 0.5 0.6 0.1 0.1 0 0.3
2002020104 0.6 0.1 0.9 0 1.2 0.5 0.9 0.9 1.3 0.2 0.1 0.5 0.2 0 0.3 0.4 0.1 0.5 0.2 0.1 0 0.4 0.4 0.4 1.2 0.5 0.9 0.8 0.1 0.8 0.4 0.2 2.7 0.5 0.3 0.7 0.4 0.5 0.3 0.4 0.8 0.8
2002020105 0 0.1 0.1 0 0 0 0 0 0.1 0 0 0 0 0 0 0 0 0 0.1 0 0 0 0 0 0 0 0 0.1 0.1 0 0 0 0 0 0 0 0 0 0.1 0 0.4 0.2
2002020106 0 0 0 0 0 0 0 0 0 0 0 0 0 0 0 0 0 0 0 0 0 0 0 0 0 0 0 0 0 0 0 0.1 0 0 0 0 0 0 0 0 0 0
2002020107 0 0 0 0 0 0 0 0 0 0 0 0 0 0 0 0 0 0 0 0 0 0 0 0 0 0 0 0 0 0.1 0 0 0 0 0 0 0 0 0 0 0 0
2002020108 0 0 0 0 0 0 0 0 0 0 0 0 0 0 0 0 0 0 0 0 0 0 0 0 0 0 0 0 0 0 0 0 0 0 0 0 0 0 0 0 0 0
2002020109 0 0 0 0 0 0 0 0 0 0 0 0 0 0 0 0 0 0 0 0 0 0 0 0 0 0 0 0 0 0 0 0 0 0 0 0 0 0 0 0 0 0
2002020110 0 0 0 0 0 0 0 0 0 0 0 0 0 0 0 0 0 0 0 0 0 0 0.1 0 0 0.1 0.1 0 0 0 0 0 0 0 0 0 0 0 0 0 0 0
2002020111 0 0 0 0 0 0 0 0 0 0 0 0 0 0 0 0 0 0.5 0.2 0 0 0 0.4 0.2 0.3 0 0.3 0.3 0 0 0.1 0.1 0 0 0 0 0 0.1 0.1 0.1 0 0
2002020112 0 0 0 0 0 0 0 0 0 0 0 0 0 0.1 0 0 0 0.2 0.2 0 0 0 0.4 0.1 0.1 0 0.3 0.3 0 0 0 0 0 0 0 0 0 0.2 0 0 0 0
2002020113 0 0 0 0 0 0 0 0 0 0 0 0 0 0 0 0 0 0.1 0.1 0 0 0 0.2 0 0 0 0.1 0.1 0 0 0.1 0.1 0 0 0 0 0 0.2 0 0 0 0
2002020114 0 0 0 0 0 0 0 0 0 0 0 0 0 0 0 0 0 0 0 0 0 0 0 0 0 0 0 0 0.1 0 0 0 0.1 0 0 0 0 0.1 0 0 0 0
2002020115 0 0 0 0 0 0 0 0 0 0 0 0 0 0 0 0 0 0 0 0 0 0 0 0 0 0 0 0 0 0 0 0 0 0 0 0 0 0 0 0 0 0
2002020116 0 0 0 0 0 0 0 0 0 0 0 0 0 0 0 0 0 0 0 0 0 0 0 0 0 0 0 0 0 0 0 0 0 0 0 0 0 0 0 0 0 0
2002020117 0 0 0 0 0 0 0 0 0 0 0 0 0 0 0 0 0 0 0 0 0 0 0 0 0 0 0 0 0 0 0 0 0 0 0 0 0 0 0 0 0 0
2002020118 0 0 0 0 0 0 0 0 0 0 0 0 0 0 0 0 0 0 0 0 0 0 0 0 0 0 0 0 0 0 0 0 0 0 0 0 0 0 0 0 0 0
2002020119 0 0 0 0 0 0 0 0 0 0 0 0 0 0 0 0 0 0 0 0 0 0 0 0 0 0 0 0 0 0 0 0 0 0 0 0 0 0 0 0 0 0
2002020120 0 0 0 0 0 0 0 0 0 0 0 0 0 0 0 0 0 0 0 0 0 0 0 0 0 0 0 0 0 0 0 0 0 0 0 0 0 0 0 0 0 0
2002020121 0 0 0 0 0 0 0 0 0 0 0 0 0 0 0 0 0 0 0 0 0 0 0 0 0 0 0 0 0 0 0 0 0 0 0 0 0 0 0 0 0 0
2002020122 0 0 0 0 0 0 0 0 0 0 0 0 0 0 0 0 0 0 0 0 0 0 0 0 0 0 0 0 0 0 0 0 0 0 0 0 0 0 0 0 0 0
2002020123 0 0 0 0 0 0 0 0 0 0 0 0 0 0 0 0 0 0 0 0 0 0 0 0 0 0 0 0 0 0 0 0 0 0 0 0 0 0 0 0 0 0
2002020200 0 0 0 0 0 0 0 0 0 0 0 0 0 0 0 0 0 0 0 0 0 0 0 0 0 0 0.1 0 0 0 0 0 0 0 0 0 0 0 0 0 0 0
2002020201 0 0 0 0 0 0 0 0 0 0 0 0 0 0 0 0 0 0 0 0 0 0 0 0 0 0 0 0 0 0 0 0 0 0 0 0 0 0 0 0.1 0 0
2002020202 0 0 0 0 0 0 0 0 0 0 0 0 0 0 0 0 0 0 0 0 0 0 0 0 0 0 0 0.1 0 0 0 0 0 0 0 0 0 0 0 0 0 0
2002020203 0 0 0 0 0 0 0 0 0 0 0 0 0 0 0 0 0 0 0 0 0 0 0 0 0 0 0 0 0 0 0 0 0 0 0 0 0 0.1 0 0 0 0
2002020204 0 0 0 0 0 0 0 0 0 0 0 0 0 0 0 0 0 0 0 0 0 0 0 0 0 0 0 0 0 0 0 0 0 0 0 0 0 0 0 0 0 0
2002020205 0 0 0 0 0 0 0 0 0 0 0 0 0 0 0 0 0 0 0 0 0 0 0 0.1 0 0 0 0 0 0 0 0 0 0 0 0 0 0 0 0 0 0
2002020206 0 0 0 0 0 0 0 0 0 0 0 0 0 0 0 0 0 0 0 0 0 0 0 0 0 0 0 0.1 0 0 0 0 0 0 0 0 0 0.1 0 0 0 0
2002020207 0 0 0 0 0 0 0 0 0 0 0 0 0 0 0 0 0 0 0 0 0 0 0 0 0.1 0 0.1 0 0 0 0 0 0 0 0 0 0 0 0 0.1 0 0
2002020208 0 0 0 0 0 0 0 0 0 0 0 0 0 0 0 0 0 0 0 0 0 0 0 0 0 0 0 0 0 0 0 0 0 0 0 0 0 0 0 0 0 0.1
2002020209 0 0 0 0 0 0 0 0 0 0 0 0 0 0 0 0 0 0 0 0 0 0 0 0 0 0 0 0 0 0 0 0 0 0 0 0 0 0 0 0 0 0
2002020210 0 0 0 0 0 0 0 0 0 0 0 0 0 0 0 0 0 0 0 0 0 0 0 0 0 0 0 0 0 0 0 0 0 0 0 0 0 0 0 0 0 0
2002020211 0 0 0 0 0 0 0 0 0 0 0 0 0 0 0 0 0 0 0 0 0 0 0 0 0 0 0 0 0 0 0 0 0 0 0 0 0.1 0 0 0 0 0
2002020212 0 0 0 0 0 0 0 0 0 0 0 0 0 0 0 0 0 0 0 0 0 0 0 0 0 0 0 0 0 0 0 0 0 0 0 0 0 0 0 0 0 0
2002020213 0 0 0 0 0 0 0 0 0 0 0 0 0 0 0 0 0 0 0 0 0 0 0 0 0 0 0 0 0 0 0 0 0 0 0 0 0 0 0 0 0 0
2002020214 0 0 0 0 0 0 0 0 0 0 0 0 0 0 0 0 0 0 0 0 0 0 0 0 0 0 0 0 0 0 0 0 0 0 0 0 0 0 0 0 0 0
2002020215 0 0 0 0 0 0 0 0 0 0 0 0 0 0 0 0 0 0 0 0 0 0 0 0 0 0 0 0 0 0 0 0 0 0 0 0 0 0 0 0 0 0
2002020216 0 0 0 0 0 0 0 0 0 0 0 0 0 0 0 0 0 0 0 0 0 0 0 0 0 0 0 0 0 0 0 0 0 0 0 0 0 0 0 0 0 0
2002020217 0 0 0 0 0 0 0 0 0 0 0 0 0 0 0 0 0 0 0 0 0 0 0 0 0 0 0 0 0 0 0 0 0 0 0 0 0 0 0 0 0 0
2002020218 0 0 0 0 0 0 0 0 0 0 0 0 0 0 0 0 0 0 0 0 0 0 0 0 0 0 0 0 0 0 0 0 0 0 0 0 0 0 0 0 0 0
2002020219 0 0 0 0 0 0 0 0 0 0 0 0 0 0 0 0 0 0 0 0 0 0 0 0 0 0 0 0 0 0 0 0 0 0 0 0 0 0 0 0 0 0
2002020220 0 0 0 0 0 0 0 0 0 0 0 0 0 0 0 0 0 0 0 0 0 0 0 0 0 0 0 0 0 0 0 0 0 0 0 0 0 0 0 0 0 0
2002020221 0 0 0 0 0 0 0 0 0 0 0 0 0 0 0 0 0 0 0 0 0 0 0 0 0 0 0 0 0 0 0 0 0 0 0 0 0 0 0 0 0 0
2002020222 0 0 0 0 0 0 0 0 0 0 0 0 0 0 0 0 0 0 0 0 0 0 0 0 0 0 0 0 0 0 0 0 0 0 0 0 0 0 0 0 0 0
2002020223 0 0 0 0 0 0 0 0 0 0 0 0 0 0 0 0 0 0 0 0 0 0 0 0 0 0 0 0 0 0 0 0 0 0 0 0 0 0 0 0 0 0
2002020300 0 0 0 0 0 0 0 0 0 0 0 0 0 0 0 0 0 0 0 0 0 0 0 0 0 0 0 0 0 0 0 0 0 0 0 0 0 0 0 0 0 0
2002020301 0 0 0 0 0 0 0 0 0 0 0 0 0 0 0 0 0 0 0 0 0 0 0 0 0 0 0 0 0 0 0 0 0 0 0 0 0 0 0 0 0 0
2002020302 0 0 0 0 0 0 0 0 0 0 0 0 0 0 0 0 0 0 0 0 0 0 0 0 0 0 0 0 0 0 0 0 0 0 0 0 0 0 0 0 0 0
2002020303 0 0 0 0 0 0 0 0 0 0 0 0 0 0 0 0 0 0 0 0 0 0 0 0 0 0 0 0 0 0 0 0 0 0 0 0 0 0 0 0 0 0
2002020304 0 0 0 0 0 0 0 0 0 0 0 0 0 0 0 0 0 0 0 0 0 0 0 0 0 0 0 0 0 0 0 0 0 0 0 0 0.1 0 0 0 0 0
2002020305 0 0 0 0 0 0 0 0 0 0 0 0 0 0 0 0 0 0 0 0 0 0 0 0 0 0 0 0 0 0 0 0 0 0 0 0 0 0 0 0 0 0
2002020306 0 0 0 0 0 0 0 0 0 0 0 0 0 0 0 0 0 0 0 0 0 0 0 0 0 0 0 0 0 0 0 0 0 0 0 0 0 0 0 0 0 0
2002020307 0 0 0 0 0 0 0 0 0 0 0 0 0 0 0 0 0 0 0 0 0 0 0 0 0 0 0 0 0 0 0 0 0 0 0 0 0 0 0 0 0 0
2002020308 0 0 0 0 0 0 0 0 0 0 0 0 0 0 0 0 0 0 0 0 0 0 0 0.2 0.2 0 0 0 0 0 0 0 0 0 0 0.1 0 0.1 0 0.1 0 0.2
2002020309 0 0 0 0 0 0 0 0 0 0 0 0.2 0 0 0 0 0 0 0 0 0 0 0 0 0 0 0 0 0 0 0 0 0 0 0 0 0 0 0 0 0.1 0
2002020310 0 0 0 0 0 0 0 0 0 0 0 0 0 0 0 0 0 0 0 0 0 0 0 0 0 0 0 0.1 0 0 0 0 0 0 0 0 0 0 0 0 0 0
2002020311 0 0 0 0 0 0 0 0 0 0 0 0 0 0 0 0 0 0 0 0 0 0 0 0 0 0 0 0 0 0 0 0 0 0 0 0 0 0 0 0 0 0
2002020312 0 0 0 0 0 0 0 0 0 0 0 0 0 0 0 0 0 0 0 0 0 0 0 0 0 0 0 0 0 0 0 0 0 0 0 0 0 0 0 0 0 0
2002020313 0 0 0 0 0 0 0 0 0 0 0 0 0 0 0 0 0 0 0 0 0 0 0 0 0 0 0 0 0 0 0 0 0 0 0 0 0 0 0 0 0 0
2002020314 0 0 0 0 0 0 0 0 0 0 0 0 0 0 0 0 0 0 0 0 0 0 0 0 0 0 0 0 0 0 0 0 0 0 0 0 0 0 0 0 0 0
2002020315 0 0 0 0 0 0 0 0 0 0 0 0 0 0 0 0 0 0 0 0 0 0 0 0 0 0 0 0 0 0 0 0 0 0 0 0 0 0 0 0 0 0
2002020316 0 0 0 0 0 0 0 0 0 0 0 0 0 0 0 0 0 0 0 0 0 0 0 0 0 0 0 0 0 0 0 0 0 0 0 0.1 0 0 0 0 0 0
2002020317 0 0 0 0 0 0 0 0 0 0 0 0 0 0 0 0 0 0.1 0 0 0 0 0 0 0 0 0 0 0 0 0 0 0 0 0 0 0 0 0 0 0 0
2002020318 0 0 0 0 0 0 0 0 0 0 0 0 0 0 0 0 0 0 0 0 0 0 0 0 0 0 0 0 0 0 0 0 0 0 0 0 0 0 0 0 0 0
2002020319 0 0 0 0 0 0 0 0 0 0 0 0 0 0 0 0 0 0 0 0 0 0 0 0 0 0 0 0 0 0 0 0 0 0 0 0 0 0 0 0 0 0
2002020320 0 0 0 0 0 0 0 0 0 0.1 0 0 0.1 0.1 0 0 0.1 0.1 0.1 0.1 0.1 0.1 0.2 0 0 0 0 0 0 0 0 0 0 0 0 0 0 0 0 0 0 0
2002020321 0 0 0 0.1 0 0 0 0 0 0 0 0.1 0 0.1 0.1 0.1 0 0.3 0.1 0 0.1 0.2 0.1 0 0 0 0 0 0 0.3 0.2 0.2 0.1 0.3 0.2 0.1 0.1 0.1 0 0 0 0
2002020322 0 0 0 0 0 0 0 0 0 0 0 0 0 0 0 0 0 0 0 0 0 0 0 0 0 0 0 0 0 0 0 0 0 0 0 0 0 0 0 0 0 0
2002020323 0 0 0 0 0 0 0 0 0 0 0 0 0 0 0 0 0 0 0 0.1 0 0 0 0 0 0 0 0 0 0 0 0 0 0 0 0 0 0 0 0 0 0
2002020400 0 0 0 0 0 0 0 0 0 0 0 0 0 0.2 0.3 0.2 0.3 0.1 0 0.2 0 0.1 0.1 0 0 0.1 0 0 0 0 0.1 0 0 0 0 0 0 0 0 0 0 0
2002020401 0 0 0 0 0.3 0.1 0.1 0.3 0.2 0.1 0.2 0.6 0.1 0.2 0.5 0.4 0.3 0.4 0.8 0.3 0.5 0.2 0.5 0.4 0.3 0.3 0.7 0.2 0.3 0.5 0.3 0.2 0.2 0.2 0.8 0.4 0.5 0.5 0 0 0 0.1
2002020402 0.2 0 0.1 0 0.2 0.1 0.1 0.4 0.4 0.1 0 0.3 0.1 0 0 0 0 0 0 0 0 0 0 0 0 0 0 0.2 0.1 0 0.2 0 0.1 0.1 0.3 0 0.1 0.1 0 0 0 0.2
2002020403 0 0 0 0 0 0 0 0 0.2 0 0 0 0 0 0 0 0 0 0 0 0 0 0 0 0 0 0 0 0 0 0 0 0 0 0 0 0 0 0 0 0 0
2002020404 0 0 0 0 0 0 0 0 0 0 0 0 0 0 0 0 0 0 0 0 0 0 0 0 0 0 0 0 0 0 0 0 0 0 0 0 0 0 0 0 0 0
2002020405 0 0 0 0 0 0 0 0 0 0 0 0 0 0.1 0 0 0 0 0 0 0 0 0 0 0 0 0 0 0 0 0 0 0 0 0 0 0 0 0 0 0 0
2002020406 0 0 0 0 0 0 0 0 0 0 0 0 0 0 0 0 0 0 0 0 0 0 0 0 0 0 0 0 0 0 0 0 0 0 0 0 0 0 0 0 0 0
2002020407 0 0 0 0 0.1 0.1 0 0.3 0.3 0 0 0 0 0 0 0 0 0 0 0 0 0 0 0 0 0 0 0.2 0 0 0 0 0 0 0.1 0 0 0 0 0 0 0.1
2002020408 0 0 0 0 0.1 0.1 0.1 0 0.1 0 0 0 0 0.1 0 0 0 0 0 0 0 0 0 0 0 0 0 0 0 0 0 0 0 0.1 0 0 0 0 0 0 0 0.2
2002020409 0 0 0 0 0 0 0 0 0 0 0 0 0 0 0 0 0 0 0 0 0 0 0 0 0 0 0 0 0 0 0 0 0 0 0 0 0 0 0 0 0 0
2002020410 0 0 0 0 0 0 0 0 0 0 0 0 0 0 0 0 0.1 0 0 0 0 0 0 0 0 0 0 0 0 0 0 0 0 0 0 0 0 0 0 0 0 0
2002020411 0 0 0 0 0 0 0 0 0 0 0 0 0 0 0 0 0 0 0 0 0 0 0 0 0 0 0 0 0 0 0 0 0 0 0 0 0 0 0 0 0 0
2002020412 0 0 0 0 0 0 0 0 0 0 0 0 0 0 0 0 0 0 0 0 0 0 0 0 0 0 0 0 0 0 0 0 0 0 0 0 0 0 0 0 0 0
2002020413 0 0 0 0 0 0 0 0 0 0 0 0 0 0 0 0 0 0 0 0 0 0 0 0 0 0 0 0 0 0 0 0 0 0 0 0 0 0 0 0 0 0
2002020414 0 0 0 0 0 0 0 0 0 0 0 0 0 0 0 0 0 0 0 0 0 0 0 0 0 0 0 0 0 0 0 0 0 0 0 0 0 0 0 0 0 0
2002020415 0 0 0 0 0 0 0 0 0 0 0 0 0 0 0 0 0 0 0 0 0 0 0 0 0 0 0 0 0 0 0 0 0 0 0 0 0 0 0 0 0 0
2002020416 0 0 0 0 0 0 0 0 0 0 0 0 0 0.1 0.1 0 0 0 0 0 0 0 0 0 0 0 0 0 0 0 0 0 0 0 0 0 0 0 0 0 0 0
2002020417 0 0 0 0 0 0 0 0 0 0.1 0 0 0.1 0 0 0.1 0 0 0 0 0 0 0 0 0 0 0 0 0 0 0 0 0 0 0 0 0 0 0 0 0 0
2002020418 0 0.3 0 0 0 0.1 0.1 0 0 0.1 0 0.1 0.1 0.1 0.2 0.1 0 0 0 0 0 0 0 0 0 0 0 0 0 0 0 0 0 0 0 0 0 0 0 0 0 0
2002020419 0 0.1 0.1 0 0.2 0.1 0 0 0 0 0 0 0 0.1 0 0 0 0 0 0 0 0 0 0 0 0 0 0 0 0 0 0 0 0 0 0 0 0 0 0 0 0
2002020420 0 0 0 0 0 0 0 0 0 0 0 0 0 0 0 0 0 0 0 0 0 0 0 0 0 0 0 0 0 0 0 0 0 0 0 0 0 0 0 0 0 0
2002020421 0 0 0 0 0.1 0 0 0 0 0 0 0 0 0 0 0 0.1 0 0 0 0 0 0 0 0 0 0 0 0 0 0 0 0 0 0 0 0 0 0 0 0 0
2002020422 0 0 0 0 0 0 0 0 0 0 0 0 0 0 0 0 0.1 0 0 0 0 0 0 0 0 0 0 0 0 0 0 0 0 0 0 0 0 0 0 0 0 0
2002020423 0 0 0.1 0 0 0 0 0 0 0 0 0 0 0 0 0 0 0 0 0 0 0 0.1 0.2 0.1 0.1 0 0 0 0 0 0 0 0 0 0 0 0 0 0 0 0
2002020500 0 0 0 0 0 0 0 0 0 0 0 0 0 0 0 0 0.3 0.1 0 0 0 0 0.4 0.2 0.4 0.1 0.4 0.5 0 0 0 0 0 0 0 0 0 0 0 0 0 0
2002020501 0 0 0.1 0 0 0 0 0 0 0.1 0 0.1 0.1 0.2 0 0.1 0.2 0.7 0.4 0.1 0 0 1.5 0.5 0.4 0.3 1.4 0.4 0 0 0 0.2 0.1 0 0.1 0 0 0.2 0 0 0 0
2002020502 0.1 0 0 0 0 0 0 0.1 0 0 0 0.1 0 0 0.2 0.1 0.4 1 0.8 0.1 0 0 1.2 0.5 0.1 0 0.8 0.4 0 0.2 0.1 0.3 0 0 0 0 0 0.5 0 0 0.1 0.1
2002020503 0 0.5 0 0 0 0 0 0.1 0.1 0.3 0.2 0 0.3 0.3 0.2 0.1 0.2 0.1 0.1 0 0 0.1 0 0 0 0 0 0.6 0.1 0.1 0.2 0 0.1 0 0 0 0 0.6 0 0 0.1 0.3
2002020504 0 0.3 0 0.3 0.1 0 0 0 0.1 0.1 0 0 0.1 0.1 0 0.1 0.2 0 0 0 0 0 0 0 0 0 0 0.4 0 0 0 0 0 0.1 0 0 0 0 0 0 0 0
2002020505 0 0.6 0.3 0.4 0 0 0.1 0 0 0.7 0.7 1.1 0.7 0.8 0.8 0.4 1.2 0.6 0.4 0.3 0 0.1 1.4 0.8 0.7 0.6 0.9 0.3 0 0 0 0.1 0 0.2 0 0.2 0 0 0 0 0 0
2002020506 0.8 0.1 1.8 0.2 0.5 0.5 0.7 0.7 0.2 0.3 0.5 0.7 0.3 0.3 0.3 0.8 0.4 1.1 0.9 0.9 0.2 0.3 1.9 1 1.4 1.2 1.1 0.1 0.2 0.4 0.4 0.7 0.4 0.7 0.2 0.9 0.7 0.6 0 0.1 0.1 0.6
2002020507 0.1 0 0.1 0 0.5 0.1 0.1 0.4 0.2 0 0 0 0 0.1 0.3 0.5 0.7 1.8 1.2 1.1 0.6 0.3 2.5 2.3 2.6 1.5 3.7 0.2 0.6 0.3 0.8 0.7 0.2 0 0.4 0.3 0.5 1.5 0.1 0 0.1 0.2
2002020508 0 0 0 0 0.1 0 0.1 0.2 0.3 0.2 0 0.3 0.2 0.5 0.4 1.1 0.7 2.1 2 1.6 0.7 0.6 3.3 1.7 1.4 1 1.8 0.2 1.4 0.8 1.4 1.3 0.3 0.3 0.4 0.8 0.8 1.5 0 0 0.2 0.1
2002020509 0 0.7 0.1 0 0.2 0.3 0.2 0.2 0.2 0.6 0.2 0.4 0.6 1 1 0.4 1.5 0.4 0.1 0.6 0.1 0 0.6 0.6 0.2 0.4 0.2 0.2 0.1 0.1 0 0.1 0 0.2 0.1 0.2 0 0.1 0 0.1 0.1 0.2
2002020510 0 2.1 0 0.7 0 0 0 0.4 0.1 1.9 1 1.6 1.9 1.6 2.3 1 3.5 1.2 1.4 0.7 0.3 0.7 1.4 1.6 1.6 1.1 2.1 0.4 0.8 0.8 1.3 1.2 0.4 0.4 0.1 0.7 0.2 1.8 1.6 1.7 0.4 0.2
2002020511 0.5 1.4 0.6 2.5 0.8 0.1 0.3 0.6 0.2 5.8 3.2 1.5 5.8 0.6 0.8 1.9 0.4 0.6 0.6 0.7 0.1 0.2 1.3 0.5 0.5 0.4 1.2 1 1.2 0.5 1.1 0.6 0.4 0.6 0.1 0.7 0.2 2.3 1.2 0.8 1 0.9
2002020512 0.1 2 0.3 2.9 0.4 0.1 0.1 0.1 0.4 0.9 0.8 0.5 0.9 1 0.5 0.5 0.9 0.6 0.4 0.1 0.1 0.2 1.2 1 0.5 0.5 0.5 0.9 0.2 0 0.2 0.2 0.1 0.1 0 0.2 0.1 0.4 0.4 0.2 0.3 0.4
2002020513 1 0.6 1 1.3 0.9 0.2 0.4 0.5 0.5 0.6 0.7 1.3 0.6 0.3 0.6 0.6 0.2 1 0.6 0.4 0.3 0.5 1.3 1.2 1.1 0.7 1 0.8 0.3 0.7 0.7 0.9 0.6 0.7 0.2 0.5 0.5 0.9 0.1 0.5 0.5 0.4
2002020514 0.4 0 0.3 0.1 0.8 0.4 0.5 0.6 0.6 0 0 0 0 0 0 0 0 0.5 0.2 0.1 0 0.1 1 1 0.6 0.5 0.5 0.6 0.5 0.3 0.4 0.2 0.6 0.1 0 0.1 0.1 0.7 0.9 0.5 1 0.9
2002020515 0 0 0 0 0 0 0 0 0.1 0 0 0 0 0 0 0 0 0.1 0.2 0 0 0 0.6 0.7 1.7 0.8 0.9 0.4 0 0 0.1 0 0 0 0 0 0 0.3 1.1 0.7 0.1 0
2002020516 0 0 0 0 0 0.1 0 0 0 0 0 0 0 0 0 0 0 0 0 0 0 0 0.1 0 0.1 0.1 0.1 0.4 0 0 0.1 0.1 0 0 0 0 0 0.3 1.3 0.8 0 0.1
2002020517 0 0 0 0 0 0 0 0 0 0 0 0 0 0 0 0 0 0 0 0 0 0 0 0 0.1 0 0.1 0.3 0 0 0 0 0 0 0 0 0 0 0.1 0 0 0.1
2002020518 0 0 0 0 0 0 0 0 0 0 0 0 0 0 0 0 0.1 0.1 0.2 0 0 0 0.1 0 0 0 0.1 0.2 0 0 0 0 0 0 0 0 0 0 0 0 0.1 0
2002020519 0 0 0 0 0 0 0 0.1 0 0 0 0.1 0 0 0 0 0 0 0.1 0 0 0.1 0 0.1 0.1 0.1 0.3 0.2 0.1 0.2 0.1 0.3 0.2 0 0.2 0 0 0.1 0.8 0.5 0 0.1
2002020520 0 0 0 0 1.1 1 0.9 0.6 1 0 0 0 0 0 0 1 0 1 0.3 0.7 0.4 0.9 1.1 0.3 0.5 0.6 0.6 0.2 0.1 0.2 0.3 0 0.7 0 0.3 0.2 0.4 0.4 0 0.3 0.2 0.2
2002020521 0 0 0.3 0 1.1 0.3 0.2 0.3 0.5 0 0.1 0.7 0 0 0.4 1.2 0.6 1.8 0.4 2.8 1.2 0.5 4.4 2.1 0.8 0.5 0.8 0.1 0.4 0.3 0.7 0.4 0.3 1.1 0.4 1.3 1.5 0.5 0 0 0.5 0.7
2002020522 0.6 0.1 1.3 0 0.3 0.5 0.1 0.4 0.1 0.1 0.3 0.8 0.1 0 0.1 0.7 0 1.6 0.4 0.1 0.8 1.8 0.2 0 0.1 0 0.4 0.2 0.2 0.4 0.1 0.1 1.4 1.4 1.6 2 2.1 0.4 0.6 0.2 0.1 0.1
2002020523 0.4 0 0.4 0.1 1.6 0.3 0.6 0.7 1.2 0 0 0 0 0 0 0 0 0 0 0 0 0 0 0 0 0 0 0.1 0 0 0 0 0.1 0.1 0 0 0 0 0.2 0.1 0.4 0.7
2002020600 0 0 0 0 0 0 0 0 0.1 0 0 0 0 0 0 0 0 0 0 0 0 0 0 0 0 0 0 0.1 0 0 0 0 0 0 0 0 0 0 0 0 0 0
2002020601 0 0 0 0 0 0 0.1 0 0 0 0 0 0 0 0 0 0 0 0 0 0 0 0 0 0 0 0 0.1 0 0 0 0 0 0 0 0 0 0 0 0 0 0
2002020602 0 0 0 0 0 0 0 0 0 0 0 0 0 0.1 0.1 0 0.1 0.1 0 0.2 0 0 0.2 0 0 0 0 0.1 0 0 0 0 0 0 0 0 0 0 0 0 0 0
2002020603 0.3 0 0.2 0.2 0 0 0 0 0 0.3 0 0.1 0.3 0.5 0.1 0.1 0.2 0 0 0 0.2 0.1 0.1 0.1 0.1 0 0.1 0.1 0 0.1 0 0.1 0 0 0.1 0.3 0.2 0 0 0.5 0 0
2002020604 0 0.8 0 2.2 0 0.1 0 0.2 0.8 0.7 0.1 0.1 0.7 0 0.1 1 0 0.2 0.3 0 0.1 0.1 0.1 0.4 0.9 0.7 0.1 0.1 0.2 0 0.4 0 0.2 0.3 0.4 2.3 0.7 0.4 0 0.1 0.1 0.1
2002020605 0.6 0 1.7 0 0.2 0.2 0.1 0 0.2 0 0 0 0 0 0 0 0 0 0 0 0.1 0 0 0 0.3 0.1 0.7 0.1 0 0.1 0 0.1 0 0 1.2 0.2 1.1 0.4 0 0 0.2 0
2002020606 0 0 0 0 0.1 0 0 0.2 0.1 0 0 0 0 0 0 0 0 0 0 0 0.1 0 0 0 0 0 0.1 0.1 0 0 0 0 0 0 0 0 0 0 0 0 0 0
2002020607 0 0 0 0 0 0 0 0 0 0 0 0 0 0 0 0 0.1 0.1 0 0 0 0 0 0 0 0 0 0 0 0 0 0 0 0 0 0.1 0 0 0 0 0 0
2002020608 0 0 0 0 0 0 0 0 0 0 0 0 0 0 0 0 0 0 0 0 0 0 0 0 0 0 0 0.1 0 0 0 0 0 0 0 0 0 0 0 0 0 0
2002020609 0 0 0 0 0 0 0 0 0 0 0 0 0 0 0 0 0 0 0 0 0 0 0 0 0 0 0 0.1 0 0 0 0 0 0 0 0 0 0 0 0 0 0
2002020610 0 0 0 0 0 0 0 0 0 0 0 0 0 0 0 0 0 0 0 0 0 0 0 0 0 0 0 0.1 0 0 0 0 0 0 0 0 0 0 0 0 0 0
2002020611 0 0 0 0 0 0 0 0 0 0 0 0 0 0 0 0 0 0 0 0 0 0 0 0 0 0 0 0.1 0 0 0 0 0 0.1 0 0 0 0 0 0 0 0
2002020612 0 0 0 0 0 0 0 0 0.1 0 0 0 0 0 0 0 0 0.1 0.1 0 0.1 0 0.1 0 0.1 0 0.1 0.1 0 0 0 0 0.1 0 0 0 0 0 0.5 0 0 0
2002020613 0 0 0 0 0.1 0 0 0.4 0.7 0 0 0 0 0 0 0 0 0 0.1 0 0 0 0 0 0 0 0 0.1 0.3 0 0.2 0.2 0.7 0 0 0 0 0.6 0 0.8 0.1 0.2
2002020614 0 0.1 0 0 0.1 0 0 0.2 0.1 0.2 0.2 0.3 0.2 0.2 0 0 0 0 0 0 0 0 0 0.1 0 0 0 0.1 0 0 0 0 0 0 0 0 0 0.1 0.2 0 0.2 0
2002020615 0 0 0 0 0.1 0.4 0.1 0.3 0.1 0 0 0.1 0 0 0 0 0.1 0 0.1 0 0 0.1 0 0.1 0.7 1.7 0.2 0.1 0 0 0.2 0.9 0.2 0.1 0.3 1.3 0 0 0 0 0.1 0.1
2002020616 0 0 0 0 0.6 0 0.3 0 0.6 0 0 0 0 0 0 0 0 0.5 0.4 0 0.3 0.2 0 0.4 0.3 0.7 0 0.1 0 0.3 0.1 0 1.1 0 1.1 0 0.1 0 0 2.1 0.1 0
2002020617 0 0 0 0 0 0.1 0 0 0 0.1 0 0.3 0.1 0 0 0 0 0.1 0 0 0 0 0 0 0.2 0 0 0.1 0.2 0 0 0 0 0 0 0 0 0 0.3 0.2 0 0
2002020618 0.1 0 0 0 0 0 0 0 0 0 0 0.1 0 0 0 0 0.1 0 0 0 0 0 0 0.1 0 0.4 0 0.1 0 0.1 0 0 0.4 0 0.8 0.2 0 0 0.5 0 0 0
2002020619 0 0 0 0 0 0 0 0.1 0 0 0 0 0 0 0 0 0 0 0 0 0 0 0 0.1 0.1 0 0.1 0.1 0.1 0 0.1 0 0.1 0 0 0 0 0 0 0 0 0
2002020620 0 0 0 0 0 0 0 0 0 0 0 0 0 0.1 0 0 0 0.1 0 0 0 0.1 0.1 0 0 0 0 0.1 0 0 0 0 0 0 0.1 0 0 0 0 0.1 0 0
2002020621 0 0 0.2 0.2 0 0 0 0 0 0 0 0 0 0.1 0.1 0 0 0 0 0.1 0 0 0 0 0 0 0 0 0 0 0 0 0 0.2 0 0 0 0.1 0 0 0 0
2002020622 0 0 0 0 0.8 0.1 0.2 0.1 0.2 0 0 0 0 0.1 0.1 0 0.2 0.1 0.1 0.1 0 0 0 0 0 0 0 0.1 0 0 0 0 0.5 0 0 0 0.1 0 0 0 0 0.1
2002020623 0 0.2 0.1 0 0 0 0.1 0 0 0 0 0 0 0 0 0 0 0.2 0.2 0 0 0 0.2 0.1 0 0 0 0 0 0 0 0 0.1 0 0 0 0 0 0 0 0.1 0.1
2002020700 0 0 0.2 0 0 0.1 0 0 0.3 0 0.1 0 0 0 0 0 0 0 0 0 0 0 0 0 0.1 0 0 0.1 0 0 0 0 0 0 0 0.1 0 0 0 0 0 0
2002020701 0 0.4 0 0 0 0.2 0.2 0.5 0.2 0.1 0.9 0 0.1 0 0.4 0.2 0 0 0 0.1 0 0 0 0 0 0.1 0 0 0 0 0 0 0.1 0.3 0.2 0 0 0 0.1 0 0 0.4
2002020702 0 0 0.3 0 0.2 0.1 0.7 0.2 0.5 0 0 0.1 0 0 0 0 0 0 0 0 0.1 0 0 0.2 0.2 0.1 0.1 0.1 0.1 0 0 0.3 0.5 1.5 0.8 0 0 0 0 0 0.3 0.1
2002020703 0 0.1 0 0 0 0 0 0.3 0.5 0 0 0 0 0 0 0 0 0 0 0 0 0 0 0 0 0.1 0.1 0.1 0.8 0.3 0.2 0.2 1.2 0 1 0 0 0 0 0 0.2 0.4
2002020704 0 0 0 0 0 0 0 0 0 0 0.1 0 0 0 0 0 0 0 0 0 0 0 0 0 0 0 0.1 0 0.4 0 0 0.1 0 0 0 0 0 0.1 0 0.1 0.1 0.1
2002020705 0 0 0 0 0 0 0 0 0 0 0 0 0 0 0 0 0.1 0 0 0 0 0 0 0 0 0 0 0.1 0.1 0 0 0 0 0 0 0 0 0 0 0 0 0
2002020706 0 0 0 0 0 0 0 0 0 0 0 0 0 0 0 0 0 0 0.1 0 0 0 0 0 0 0 0 0 0.5 0 0.1 0 1.8 0 0 0 0 0.1 0 0 0 0
2002020707 0 0 0 0 0 0 0 0 0 0 0 0 0 0 0 0 0 0 0 0 0 0 0 0 0 0 0 0.1 0 0.1 0 0 0.4 0 0 0 0 0.1 0 0 0 0
2002020708 0 0 0 0 0 0 0 0 0 0 0 0 0 0 0 0 0 0 0 0 0 0 0 0 0 0 0 0 0 0 0.1 0 0.2 0 0 0 0 0 0 0 0 0
2002020709 0 0 0 0 0 0 0 0 0 0 0 0 0 0 0 0 0 0 0 0 0 0 0 0 0 0 0 0.1 0 0 0 0 0 0 0 0 0 0 0 0 0 0
2002020710 0 0 0 0 0 0 0 0 0 0 0 0 0 0 0 0 0 0 0 0 0 0 0 0 0 0 0 0.1 0 0 0 0 0 0 0 0 0 0 0 0 0 0
2002020711 0 0 0 0 0 0 0 0 0 0 0 0 0 0 0 0 0 0 0 0.1 0 0 0 0 0 0 0 0 0 0 0 0 0 0 0 0 0 0 0 0 0 0
2002020712 0 0 0 0 0 0 0 0 0 0 0 0 0 0 0 0 0 0 0 0 0 0 0 0 0 0 0 0.4 0 0 0 0 0 0 0 0 0 0 0 0 0 0
2002020713 0 0 0 0 0 0 0 0 0 0 0 0 0 0 0 0 0 0 0 0 0 0.3 0 0 0 0 0 0.1 0 0 0 0 0 0 0 0 0 0 0 0 0 0
2002020714 0 0 0 0 0 0 0 0 0 0 0 0 0 0 0 0.1 0 0 0 0 0 0 0 0 0 0 0 0 0 0 0 0 0 0 0 0 0 0 0 0 0 0
2002020715 0 0 0 0 0 0 0 0 0 0 0 0 0 0 0.1 0 0 0 0 0 0 0 0 0 0 0 0 0 0 0 0 0 0 0 0 0 0 0 0 0 0 0
2002020716 0 0 0 0 0 0 0 0 0 0 0 0 0 0 0 0 0 0 0 0 0 0 0 0.1 0 0 0 0 0 0 0 0 0 0 0 0 0 0 0 0 0 0
2002020717 0 0 0 0 0 0 0 0 0 0 0 0 0 0 0 0 0 0 0 0 0 0 0 0 0 0 0 0 0 0 0 0 0 0 0 0 0 0 0 0 0 0
2002020718 0 0 0 0 0 0 0 0 0 0 0 0 0 0 0 0 0 0 0 0 0 0 0 0 0 0 0 0 0 0 0 0 0 0 0 0 0 0 0 0 0 0
2002020719 0 0.9 0 0.1 0 0 0 0 0 0.5 0.4 0.6 0.5 0.3 0.6 0.4 0.2 0 0 0.2 0.2 0 0.1 0 0 0 0 0 0 0 0 0 0 0.5 0 0.3 0.2 0 0 0 0 0
2002020720 0.9 1.2 1.3 1.1 0.6 0.8 0.7 0.4 0.4 0.7 0.7 1 0.7 0.7 1 0.8 0.4 0.5 0.9 0.5 0.8 0.5 0.7 0.7 0.4 0.6 0.6 0.4 0.4 0.5 0.1 0.5 0.8 1.3 1.1 0.7 0.7 0 0 0 0.3 0.2
2002020721 0.3 1.9 1.6 1.3 1.1 1.1 1.4 1.4 1.7 1 1.3 1.1 1 1.4 1.8 2.4 1.8 1.3 1 1 2.3 1.4 1.2 1.1 0.4 0.6 0.6 0.7 1.8 1.1 0.9 1.5 2.1 1.8 2.1 1.5 2 1 0 0.1 1.9 1.9
2002020722 2.1 1.5 3.1 1.5 2.4 3.1 3.8 1.8 5.2 1.7 1.4 1.4 1.7 0.6 1.5 1.9 2.6 2 1.8 1.6 2.6 2.1 1.9 2.8 2.4 2.1 2.1 2.2 2.2 1.4 1.6 2.4 2.5 1.8 2.5 2.6 1.7 1.5 0.2 1.7 2.4 2.8
2002020723 0.3 0.3 1.8 0.5 1.3 1.1 2.5 2.6 3.4 0.9 0.2 1 0.9 0.8 0.8 2 1.5 1.8 1.8 1.2 2.4 1.9 1.1 2.7 1.9 2.1 1.9 1.8 1.9 1.5 1.5 3 3 1.1 2.7 1.9 2.5 1.4 1.5 1.5 3.2 3.9
2002020800 0.2 0.1 0.4 0.1 0.8 1.5 1.5 1.9 3.5 0.6 0.1 0.7 0.6 0.1 0 0.1 0.6 0.7 0.7 0.3 0.5 0.6 1.4 1.9 2.1 3 1.3 1.4 0.8 0.5 0.6 0.7 2.1 1.5 1.3 0.6 0.5 1 2.1 1.8 2.9 2.8
2002020801 0.1 0 0.6 0 0.7 0.3 0.4 0.3 0.5 0.1 0 0.2 0.1 0.3 0.2 0.2 0.3 0.2 0.2 0 0.1 0.1 0.1 0.6 0.6 0.2 0.4 0.6 0.2 0.2 0.1 0.1 0.5 0.3 0.3 0.4 0.1 0.1 1.4 1 0.6 0.9
2002020802 0.1 0.1 0.1 0 0.2 0.1 0.2 0.1 0.2 0.1 0 0.1 0.1 0.1 0 0 0.1 0 0 0.1 0 0.1 0.1 0.2 0.2 0.2 0.2 0.2 0.1 0.1 0.1 0.1 0.2 0 0 0.1 0.1 0 0.3 0.1 0.2 0.2
2002020803 0 0 0.1 0 0.1 0.1 0.1 0.1 0.1 0 0 0.1 0 0 0.1 0.2 0.1 0.1 0.1 0 0.1 0.1 0 0.2 0.1 0.1 0.2 0.2 0 0.1 0.1 0.1 0.4 0 0.2 0.2 0.1 0.1 0.1 0.3 0.1 0.2
2002020804 0 0 0 0 0 0 0.1 0 0.1 0 0 0 0 0 0 0.1 0 0.2 0.2 0 0 0.2 0.2 0.3 0.3 0.2 0.2 0.2 0.1 0.1 0.1 0.2 0.1 0.1 0.1 0.1 0 0.1 0.2 0.3 0.1 0.1
2002020805 0.1 0 0.2 0 0.1 0 0.1 0.1 0.1 0.1 0 0.1 0.1 0 0 0 0 0 0 0 0 0 0 0.1 0 0.1 0.1 0.1 0 0.1 0 0 0.2 0 0.1 0.1 0.1 0.1 0.1 0.3 0 0.1
2002020806 0 0 0.1 0 0.1 0.1 0.2 0 0.1 0 0 0 0 0 0 0 0 0 0 0 0 0 0 0.1 0.1 0 0.1 0.1 0.1 0 0 0.1 0.1 0 0 0 0 0 0.1 0.1 0.1 0.1
2002020807 0 0 0.1 0 0 0 0 0 0.1 0 0 0 0 0.1 0 0 0 0 0 0 0 0 0 0 0 0 0 0 0 0 0.1 0 0 0.1 0 0 0 0 0.1 0 0 0.1
2002020808 0 0 0 0 0.1 0 0 0 0.1 0 0 0 0 0 0 0 0 0 0.1 0 0 0 0 0 0 0.1 0 0 0 0 0 0 0 0 0 0 0 0 0 0 0 0.1
2002020809 0 0 0 0 0 0 0 0 0 0 0.1 0 0 0 0 0 0 0 0 0 0 0 0.1 0 0 0 0 0 0 0 0 0 0.1 0 0 0 0 0 0 0 0 0
2002020810 0 0 0 0 0 0 0 0 0 0 0 0 0 0 0 0 0 0.1 0 0 0 0 0 0 0.1 0 0.1 0.1 0 0 0 0 0 0 0 0 0 0 0 0.1 0 0
2002020811 0 0 0 0 0 0 0 0 0 0 0 0 0 0 0 0.1 0 0 0 0 0 0 0 0 0 0 0 0 0 0 0 0 0 0 0 0 0 0 0 0 0 0
2002020812 0 0 0 0 0 0 0 0 0 0.1 0 0 0 0 0 0 0 0 0 0 0 0 0 0 0 0 0 0 0 0 0 0 0 0 0 0 0 0 0 0 0 0.1
2002020813 0 0.6 0 0 0 0.2 0.2 0 0 0.6 0.3 0.3 0 0 0 0 0 0 0 0 0 0 0 0.1 0.3 0.2 0.1 0.2 0 0 0 0 0.1 0.2 0 0 0 0 0 0 0 0
2002020814 0 0.1 0.5 0.1 0 0.6 0.2 0.1 0.6 0.1 0.3 0.1 0 0 0 0 0.1 0 0 0 0 0 0.2 0.1 0.1 0 0.1 0.1 0 0 0 0 0 0.1 0 0 0 0 0 0 0.1 0.1
2002020815 0.1 0.2 0.4 0.1 0.4 0.2 0.3 0 0.3 0 0.3 0 0.1 0.1 0 0 0.1 0.2 0.1 0.2 0.1 0.1 0.1 0.2 0.2 0.1 0.1 0.2 0 0.1 0 0.1 0 0.1 0 0 0 0.1 0 0 0 0.1
2002020816 0.3 0.3 0.9 0.2 0.3 0.1 0.2 0.1 0.2 1.8 0.3 0.7 1.8 1 0.9 0.2 0.8 0.1 0 0 0.1 0 0.4 1.3 1.3 1.5 0.2 0.2 0.1 0 0 0 0.1 0.3 0.1 0.3 0.1 0.2 0 0 0.1 0.4
2002020817 0.3 0.5 1 0.2 0.8 0.8 0.5 0.2 1.4 0.9 0.2 1.7 1.2 1.6 2.4 1.6 2.3 0.6 0.4 0.6 1.6 1.1 0.7 1 1.7 0.6 1.1 0.5 0.1 0.2 0.1 0.4 1.3 1.7 1 2.5 1.5 0.1 0.4 0.6 0.5 0.2
2002020818 0.5 0.1 1.4 0.1 0.9 0.9 1.1 1.3 2 0.1 0.1 1.1 0.1 0.2 0.6 1.1 0.4 0.5 0.4 0.4 1.3 0.6 0.9 1.1 1.3 0.8 1 0.5 0.7 1.7 0.5 0.5 3 1.2 1.2 1.3 2 0.1 0.4 0.3 1.4 1.7
2002020819 0 0 0 0 0.4 0.2 0.3 0.3 1.9 0 0 0.1 0 0.2 0.1 0.1 0.2 0.2 0.3 0 0.1 0.4 0.3 0.4 1.1 0.2 0.7 0.4 0.3 0.5 0.2 0.3 1.4 0.1 0.3 0.2 0.2 0.2 0.1 0.1 0.4 0.4
2002020820 0 0.3 0.3 0.1 0.3 0.2 0.2 0 1 1 0.4 0.2 0.6 0.2 0.4 0.5 0.2 0.2 0.2 0 0 0 0.4 0.4 0.6 0.2 0.7 0.3 0 0 0.1 0.1 0.1 0.2 0 0.4 0.2 0.1 0.1 0.1 0.2 0.1
2002020821 0.6 0 0.7 0 0.8 0.2 0.5 0.3 1.5 0.1 0.1 0.1 0 0 0 0.1 0.1 0.2 0.3 0 0.4 0.1 0.1 0.2 0.1 0 0.5 0.3 0 0.3 0.2 0.3 0.6 0.1 0.1 0.2 0.2 0 0 0 0 0
2002020822 0 0 0 0 0 0 0.1 0.1 0.6 0 0 0 0 0 0 0 0 0.1 0 0 0 0 0 0 0.2 0.1 0.1 0.1 0.2 0.1 0.2 0 0 0 0 0 0 0.6 0 0 0.5 0.3
2002020823 0 0 0 0 0 0 0 0 0 0 0 0 0 0 0 0.1 0 0 0 0 0 0 0 0 0.1 0.1 0 0 0 0 0 0 0.1 0 0 0 0 0.1 0.1 0 0 0
2002020900 0 0 0 0 0 0 0 0 0 0 0 0 0 0 0 0 0 0 0 0 0 0 0.1 0 0 0 0 0 0 0 0 0 0 0 0 0 0 0 0 0 0 0
2002020901 0 0 0 0 0 0 0 0 0 0 0 0 0 0 0 0 0 0 0 0 0 0 0 0 0 0 0 0 0 0 0 0 0 0 0 0 0 0 0 0 0 0
2002020902 0 0 0 0 0 0 0 0 0 0 0 0 0 0 0 0 0 0 0 0 0 0 0 0 0 0 0 0 0 0 0 0 0 0 0 0 0 0 0 0 0 0
2002020903 0 0 0 0 0 0 0 0 0.1 0 0 0 0 0 0 0 0 0 0 0 0 0 0 0 0 0 0 0 0 0 0 0 0 0 0 0 0 0 0 0 0 0
2002020904 0 0 0 0 0 0 0 0 0.8 0 0 0 0 0 0.1 0.1 0 0 0 0 0.1 0.1 0 0.1 0 0 0 0 0 0.1 0 0.1 0.1 0 0.5 0.1 0.2 0 0 0 0.1 0
2002020905 0 0 0 0 0 0 0 0.1 0.2 0 0 0 0 0 0 0 0 0 0 0 0 0 0 0 0.1 0.1 0.2 0.1 0 0 0.1 0 0 0 0 0 0 0 0 0 0 0.1
2002020906 0 0 0.1 0 0 0 0 0 0 0 0.1 0 0 0 0 0 0 0 0 0 0.1 0 0 0 0 0 0 0 0 0 0 0 0.1 0 0 0 0 0 0 0 0 0
2002020907 0 0.1 0 0 0 0 0 0 0 0.1 0 0 0.1 0.1 0 0.1 0.3 0.2 0.3 0.1 0.3 0 0.9 0.7 0 0 0.1 0.1 0 0 0 0 0.1 0.1 0 0.2 0.2 0 0 0 0.1 0
2002020908 0 0 0.5 0 0.4 0.3 0.3 1.1 1.4 0 0 0 0 0 0 0.6 0.2 0.4 0.9 0.3 0.2 0.5 1 2.1 1.8 1.4 1.1 1.4 0.3 0.2 0.6 0.4 2.1 0.1 0.4 0.7 0.5 0.7 0 0 0.4 1.2
2002020909 0 0 0 0 0.2 0.2 0.2 1 0.5 0.1 0 0.1 0 0.9 0.9 0 1.4 0.4 0.4 0 0.1 0.1 1.1 0.9 2.2 0.7 2.1 3.5 0.4 0.4 0.3 0.1 1 0 0.1 0.1 0 1.3 0.3 0.6 0.8 1
2002020910 0 0 0.1 0 0.2 0.2 0.2 0.6 1.2 0.1 0 0.6 0.1 0.1 0.6 1.9 0.6 1.9 1 1.1 0.7 0.5 2.8 1.6 1.4 0.6 2.3 1.2 0.4 0.7 0.5 0.8 1.4 0.7 0.9 1.9 1.5 0.9 0.2 0.1 0.1 0.8
2002020911 0.1 0 0.4 0 0.5 0.3 0.4 1.6 2.5 0 0.2 0.3 0 0.1 0.1 0.5 0.2 0.4 0.4 0 0.1 0.3 0.4 0 0.6 0.1 1 1.8 0.6 0.9 0.5 0.4 1.3 0.4 0.4 0.6 0.3 1.3 1 0.8 1.4 2.3
2002020912 0.1 0.3 0.1 0.2 0.1 0.1 0.1 0.3 0.5 0.1 0 0.1 0.1 0 0 0 0.7 0.8 0.5 0.1 0.1 0.2 0.8 0.8 0.6 0.3 0.6 0.6 0.1 0.1 0.1 0.2 0.3 0 0.3 0 0.2 0.2 0.3 0.1 0 0.3
2002020913 0.3 3.7 0.7 3.3 0.1 0.3 0.2 1 0.5 0.2 0.1 1.5 0.3 4.3 7.1 0.9 1.4 0.7 1 0 0 0.2 0.7 0.6 2.7 0.9 2 2.9 0.3 0.4 0.4 0.6 0.8 1 0.3 0.6 0.2 1 1.7 2.4 0.3 1.3
2002020914 0.8 0.1 0.8 2 1.7 2.1 2.9 0.4 2.7 0.5 0.6 2.3 0.1 0 0.4 0.6 0 0.2 0.3 0.2 0 0.1 0.6 1.2 1.4 1.1 3.2 2.2 0.2 0.2 0.2 0.1 0.6 5.7 0.2 1 0.2 1.1 2.2 1.1 0.2 0.7
2002020915 0.1 0 0 0 2.5 0.7 2.4 0.5 1.2 0.5 0 0 0.8 0.3 0 0.1 0 0.4 2.8 0.1 0 0.2 0.7 4.1 4.5 3.2 3.7 3.4 0.6 0.2 1.4 1.2 0.2 0 0 0.1 0 1.7 2.4 2.3 0.1 0.5
2002020916 0.7 2.8 1.8 2.5 0.3 3 1.8 0.1 0.1 4.6 1.6 6.5 3.3 5.8 6.3 4.3 5.8 0.6 0.4 2.8 1.2 0.3 0.6 0.9 5.2 2.2 4.2 5 0.4 0.2 2.4 0.1 0 5.8 0.6 2.8 2.1 4.9 3.9 8.3 0.3 0.1
2002020917 2.5 0.1 2.9 1 6.6 4.3 4.9 3.7 7.4 0.5 0.6 1.8 0.2 0.5 1 2.4 0.6 3.8 3 1.5 2.5 3.9 2.4 1.6 2.2 1.7 2.1 2.6 3.3 5.4 3.5 3.1 3.9 2.8 4.1 4.4 3.4 3.1 3.8 2.4 2.3 3.9
2002020918 0.1 0 0 0 1.1 0.3 0.5 1.4 2 0 0 0 0 0 0 0 0 0.1 0.2 0 0.1 0.3 0.1 0.4 0.9 0.4 0.9 1.6 1.3 1 1 0.4 1.4 0 0.3 0 0.1 1.5 3.1 2.3 2.3 2.7
2002020919 0 0 0 0 0 0 0 0.5 0.1 0.1 0 0.7 0.9 0.1 0 0.1 0.4 1.3 0.8 0.7 0.9 1.3 1.1 2.2 1.1 1.3 1.9 1.8 0.6 1.3 0.5 0.9 1.1 0.3 0.2 0.2 0.5 0.8 3.3 2.5 0.9 0.8
2002020920 0 0 0 0 0.1 0 0 1.2 0 0 0 3.4 0 0 0 0.1 0 0 0.1 0 0 0.1 0 1.1 1.4 0.5 2.4 2.8 0.3 0.2 0.3 0.1 0.5 2.3 0.7 1.1 0 0.5 4.9 2.2 0.6 3.8
2002020921 0 0 0 0 0 0 0 2.1 0 0 0 0 0 0 0 0 0 0 0 0 0.1 0.2 0 0 0.1 0 0.1 0.1 0 0.2 0 0.2 1.3 0 2.5 0.1 0 0.1 2.3 1.4 3.1 4.4
2002020922 0 0 0.1 0 0.3 0 0.2 0.1 0.2 0 0 0 0 0 0 0 0 0.5 0.6 0 0 0.1 0.1 0.3 0.1 0.1 0.9 0.6 1.3 1.4 2.1 0.7 1.7 0.1 0.3 0.1 0.2 0.9 0.9 0.7 0.1 0.4
2002020923 0.2 0 0 0 1.4 0.8 0.4 0.3 1.1 0 0 0 0 0 0 0 0 0 0 0 0 0.1 0 0 0 0 0.1 0 0.3 0.3 0.2 0 0.3 0 0 0 0 0.5 0 0.2 0.7 0.7
2002021000 0 0 0 0 0 0 0 0 0.3 0 0 0 0 0 0 0 0 0 0 0 0 0 0 0 0 0 0 0.1 0 0 0 0 0.1 0 0 0 0 0.1 0 0 0.1 0.1
2002021001 0 0.2 0.2 0 0.1 0 0 0 0.1 0 0.1 0.3 0 0.4 0.2 0.2 0 0 0 0 0 0 0 0 0 0 0 0 0 0 0 0 0.3 0 0.2 0.3 0.3 0 0 0 0.2 0
2002021002 0 0 0 0 0.1 0.1 0.2 0.4 0.7 0 0 0 0 0 0 0 0 0.1 0.2 0.3 0.3 0.3 0.5 0.3 0.1 0.2 0 0 0 0.2 0 0 0.6 0.3 0.2 0.1 0.1 0 0 0 0.6 0.6
2002021003 0 2.2 0 0.8 0 0.1 0 0 0.1 0.2 0.5 0 0.1 0.1 0.1 0.1 0.5 0.2 1.4 0.6 0 0 0.3 0.5 1.6 1 1.4 1.6 0.5 0.4 0.9 0.2 0.8 0 0 0.2 0.1 1.9 0 0.1 0.8 0
2002021004 3.1 0.4 2.5 1.9 1.3 0.8 1 0.2 1.1 0 1 0.2 0 0.1 0 0 0.2 3 3.2 0.7 1 1.5 2.8 1.1 1.6 0.6 1.3 1.5 1.5 1.7 1.4 1.4 0.8 0.2 0.2 0 0.3 1 0.2 0.4 0.3 0.4
2002021005 1.2 1.8 0.1 1.5 0.6 0.3 0.6 0.3 0.9 1.8 0.4 1.2 1.2 0.8 1 0.9 0.2 0.4 1.2 0.2 0.1 0.1 1 1.4 1.1 0.7 1.8 1.7 0.7 0 1.1 0.6 0.7 0.7 0.7 1.4 0.9 4.7 0.3 0.3 0.7 0.4
2002021006 4.6 0.1 2 1.2 2 2.8 2.9 1.6 1.9 6.3 0.5 0.1 0.3 0 0 0.1 0.2 0.8 0.8 0.9 0.2 0.4 0.4 0.7 1.7 0.8 1.1 1.2 0.1 0.3 1.2 1.6 1.2 0.3 0.6 0.3 0.2 1.1 0.6 0.3 0.9 1.7
2002021007 0.1 0 0.1 0 0.4 0.8 0.6 0 2.5 0.2 0 0 0 0.3 0 0 3 0 0 0 0.3 0 0 0 0 0 0.1 0 0.8 0.7 0.6 0.1 0.8 0.2 0 0 0 0.4 1.4 0 0.6 0.1
2002021008 0.2 0.1 0.5 0 0.3 0.1 1 0 1.9 0 0 0 0 0.3 0.1 0.3 2.8 0.7 0 3.9 3.6 3.3 0.1 0 0 0 0 0 2.3 2.4 2.1 2.1 0.4 0 0.5 0.2 0.4 0.8 0.4 0 0 0
2002021009 0 0 0 0 0.1 0 0 0.1 0 0 0 0 0 0.4 1 0.2 0.1 2.7 2.5 0.2 0.2 0.2 2.7 0 0.1 0.2 0 0.2 1.2 0.4 2.1 2.3 0.3 0 0.1 0 0.4 3.9 0.5 0.4 0.1 0
2002021010 0 0 0 0 0 0 0 0.1 0 0 0 0 0.2 0 0 0 0 0 0 0 0.1 0 0 0 0.7 0 0.3 0.1 0 0.3 1.7 1.5 2.5 0 0.1 0 0.1 1.2 0.1 0 0 0
2002021011 0 0 0 0 0.1 0 0 0 0 0.1 0 0 0 0 0 0 0 0 0 0 0 0 0 0.4 0.1 0.1 0 0 0.8 0.6 0 0 0 0 0 0 0 0 1.8 0 0 0
2002021012 0 0 0 0 0 0 0 0 0 0 0 0 0 0 0 0 0 0.4 0 0 0 0 0.1 0 0 0.1 0.1 0.9 0 0 0 0 0 0 0.1 0.1 0 0 0 0 0 0
2002021013 0 0 0 0 0 0 0 0 0 0 0 0 0 0 0 0 0 0 0 0 0 0 0.1 0.6 0.2 0.8 0 0 0 0 0 0 0 0 0 0 0 0 0.1 0.2 0 0.1
2002021014 0 0 0 0 0 0 0 0 0 0 0 0 0 0 0 0 0 0.4 0.1 0 0 0 0 0 0.2 0.1 0.5 0.5 0 0 0.3 0.5 0 0 0 0 0 0.3 0 0 0 0
2002021015 0 0 0 0 0 0 0 0 0 0 0 0 0 0 0 0 0 0 0 0 0 0 0 0 0.3 0.6 0 0 0 0 0 0 0 0 0 0 0 0.3 0 0 0 0
2002021016 0 0 0 0 0 0 0 0 0 0 0 0 0 0 0 0 0 0 0 0 0 0 0 0 0.1 0 0 0.1 0 0 0 0 0 0 0 0 0 0 0.8 0.3 0 0
2002021017 0 0 0 0 0 0 0 0 0 0 0 0 0 0 0 0 0 0 0 0.1 0 0 0 0 0.7 0.4 0.1 1.2 0 0 0 0 0 0 0 0 0 0 0.1 0.6 0 0
2002021018 0 0 0 0 0 0 0 0 0 0 0 0 0 0 0 0 0 0 0 0 0 0 0 0 0 0 0 0 0 0 0 0 0 0 0 0 0 0 0.1 0 0 0
2002021019 0 0 0 0 0 0 0 0 0 0 0 0 0 0 0 0 0 0 0 0 0 0 0 0 0 0 0 0 0 0 0 0 0 0 0 0 0 0 0 0 0 0
2002021020 0 0 0 0 0 0 0 0 0 0 0 0 0 0 0 0 0 0 0 0 0 0 0 0 0 0 0 0 0 0 0 0 0 0 0 0 0 0 0 0 0 0
2002021021 0 0 0 0 0 0 0 0 0 0 0 0 0 0 0 0 0 0 0 0 0 0 0 0 0 0 0 0 0 0 0 0 0 0 0 0 0 0 0 0 0 0
2002021022 0 0 0 0 0 0 0 0 0 0 0 0 0 0 0 0 0 0 0 0 0 0 0 0 0.3 0 0.1 0.1 0 0.1 0 0 0 0 0 0 0 0 0 0 0 0
2002021023 0 0 0 0 0 0 0 0 0 0 0 0 0 0 0 0 0 0 0 0 0 0 0 0 0 0 0 0.1 0 0 0 0 0 0 0 0 0 0.1 0 0 0.1 0
2002021100 0 0.1 0 0.1 0 0 0 0 0 0.1 0 0.1 0.2 0.5 0.2 0.1 0.3 0 0 0 0 0 0.1 0.1 0.1 0.1 0 0 0 0 0.1 0 0.1 0 0 0 0 0 0 0 0.1 0
2002021101 0.1 0.2 0.2 0 0.2 0 0.1 0.1 0.3 0.6 0.1 0.2 0.6 0.5 0.3 0.3 0.5 0.3 0.3 0.1 0 0.1 0.7 1.2 1.5 0.8 0.6 0.2 0.1 0.1 0 0.2 0 0.1 0 0.1 0.1 0 0 0 0.1 0
2002021102 0.6 0.7 0.9 0.8 0.6 0.5 0.7 0.5 0.9 0.9 0.5 0.8 0.6 0.6 0.6 0.7 0.6 0.7 0.9 0.3 0.4 0.5 0.8 0.8 1 0.6 1.1 0.9 0.5 0.6 0.8 0.8 0.9 0.6 0.6 0.8 0.7 0.7 0.2 0.4 0.5 0.5
2002021103 1.1 0.4 1.4 0.5 1.5 1.2 1.2 0.8 1.4 0.7 0.5 0.8 0.4 0.6 0.5 0.5 0.5 0.6 0.7 0.2 0.3 0.6 0.7 0.9 1.7 0.9 1.2 0.9 0.8 1 0.9 0.8 0.9 0.8 0.4 0.8 0.7 1.3 0.2 0.4 0.7 1
2002021104 0.8 0.3 1.2 0.4 1.1 1.1 0.9 0.9 1.4 1 0.3 0.9 0.7 0.7 0.7 0.8 0.7 0.7 0.9 0.5 0.5 0.7 0.7 0.9 1.5 1.1 1.3 1.3 0.6 0.9 1.4 0.9 1.1 0.6 0.6 1.3 1.3 1.2 0.4 0.9 0.7 1.1
2002021105 0.6 0.1 0.8 0.3 1.1 0.8 1 0.8 1 0 0.1 0.2 0 0 0 0.1 0 0 0.1 0 0 0 0.1 0.1 0.1 0 0.2 0.3 0.3 0.4 0.5 0.2 0.2 0.1 0.2 0.1 0.1 1.2 0.2 0.2 0.5 0.6
2002021106 0 0 0 0 0.1 0.1 0 0 0.1 0 0 0 0 0 0 0 0 0 0 0 0 0 0 0 0 0 0 0 0.1 0 0 0 0 0 0 0 0 0 0 0 0 0
2002021107 0 0 0 0 0 0 0 0 0 0 0 0 0 0 0 0 0 0 0 0 0 0 0 0 0 0 0 0 0 0 0 0 0 0 0 0 0 0 0 0 0 0
2002021108 0 0 0 0 0 0 0 0 0 0 0 0 0 0 0 0 0 0.1 0.1 0 0 0 0.1 0.1 0.1 0.1 0.1 0.1 0 0 0.1 0.2 0.1 0 0 0 0 0 0 0 0 0
2002021109 0 0 0 0 0 0 0 0.1 0 0 0 0 0 0 0 0 0 0.3 0.4 0 0 0 0.4 0.5 1.1 0.2 0.7 0.6 0 0 0.2 0.2 0 0 0 0 0 0.2 0 0.1 0 0.1
2002021110 0 0 0 0 0 0 0 0.1 0.1 0 0 0 0 0 0 0.1 0.1 0.3 0.5 0 0 0 0.4 0.2 0.6 0.2 0.7 0.8 0 0.1 0.2 0.2 0.1 0 0 0.1 0.1 0.2 0 0.1 0 0.2
2002021111 0 0 0 0 0 0 0 0.4 0 0 0 0 0 0 0 0.2 0.1 0.5 0.5 0 0 0 0.6 0.8 1.1 0.5 1.2 0.8 0.2 0.2 0.1 0.3 0.4 0.1 0.1 0.3 0.3 0.4 0 0.2 0 0.2
2002021112 0 0 0 0 0 0 0 0.3 0.6 0 0 0 0 0 0 0.4 0 0.3 0.3 0.1 0 0.1 0.3 0.1 0.5 0.1 0.9 1.2 0.2 0.3 0.2 0.3 0.2 0 0.2 0.3 0 0.3 0.1 0.1 0.2 0.3
2002021113 0 0 0 0 0 0 0 0.1 0.1 0 0 0 0 0 0 0 0 0 0 0 0 0 0 0.1 0.7 0.2 0.7 0.9 0.2 0 0 0.1 0 0 0 0 0 0.1 0 0.2 0.1 0.1
2002021114 0.1 0 0.1 0 0 0 0 0 0 0 0 0 0 0 0 0 0 0.6 0.3 0 0 0 0.1 0 0.1 0 0.2 0.1 0 0 0.1 0.5 0 0 0 0 0 0.4 0.1 0.1 0 0
2002021115 0.3 0.1 0.3 0.1 0.4 0 0.2 0.3 0.4 0.1 0.1 0.4 0.2 0.3 0.2 0.4 0.4 0.6 0.6 0.1 0 0.1 0.9 0.7 0.6 0.2 0.7 0.6 0.4 0.5 0.3 0.4 0.2 0.4 0.1 0.4 0.2 0.3 0 0 0.3 0.4
2002021116 0.8 0.1 1.6 0.3 1.9 0.5 1.4 0.9 1 0 0.1 0.4 0 0.2 0.4 0.8 0.6 0.8 0.5 0.4 0.1 0.3 1.2 1.7 2.3 0.8 1.3 1.2 0.5 0.7 0.3 0.4 1 0.5 0.4 0.6 0.3 0.2 0 0.1 0.4 0.6
2002021117 0.9 0.4 1.3 0.8 2.2 0.6 0.9 0.6 1.6 0.1 0.3 0.2 0 0 0 0.3 0.2 0.4 0.4 0 0 0 0.7 1.7 0.8 0.3 1.3 1.3 0.2 0.2 0.2 0.2 0.5 0.3 0.2 0.3 0.2 0.3 0.4 0.3 0.2 0.5
2002021118 0.8 0.2 1.9 0.3 1.9 1.1 1.6 0.6 2 0.8 0.4 1 0.5 0.1 0 0.1 0 0.4 0.4 0 0 0.1 0.6 1.3 2 0.5 1.3 1.4 0.3 0.7 0 0.2 1.2 0.7 0.5 0.4 0.1 0.1 0 0.1 0.4 0.4
2002021119 0 0 0.1 0 0.2 0.2 0.2 0.5 0.4 0 0 0 0.1 0.1 0 0 0.2 0.4 0.4 0.1 0 0 0.6 0.6 1.1 0.2 1.1 1.1 0.1 0 0.1 0.1 0.2 0.1 0.1 0.1 0 0.2 0.1 0.1 0.4 0.4
2002021120 0.4 0 0.4 0.1 0.2 0.3 0.4 0.2 0.4 0.1 0 0.4 0.1 0.6 0.4 0.2 0.6 0.4 0.3 0.2 0 0 0.8 1.5 1.3 0.2 1 1.4 0 0 0 0.2 0.1 0.2 0 0.3 0 0.1 0.1 0.1 0 0.1
2002021121 0 0 0.2 0.1 1.1 0.9 1.2 0.4 2.2 0.2 0 0.6 0.3 0.1 0.1 0.5 0.5 0.6 1 0.2 0.1 0.3 1 1.6 3.5 1.3 1.8 1.7 0.3 0.6 0.4 0.4 0.7 0.4 0.2 0.4 0.4 0.9 1.2 0.6 0.3 0.6
2002021122 0.3 0.1 0.1 0 0.3 0.1 0.2 0.3 0.6 0.2 0 0.2 0.1 0.1 0.1 0.1 0.3 0.4 0.3 0.2 0 0.1 0.5 1.3 1.7 0.7 1.3 1.2 0.4 0.4 0 0.2 0.3 0.1 0 0.1 0 0.2 0.2 0.5 0.4 0.3
2002021123 0.5 0.2 1.7 0.1 2.1 0.8 1.6 0.2 1.5 0.5 0.4 0.7 0.4 0.8 0.7 0.7 0.6 0.7 0.6 0.6 0.3 0.6 0.6 2.5 6.4 5.2 2.4 2.2 0.1 0.6 0.3 0.3 0.5 0.4 0.4 0.8 0.7 0.8 0.1 0.7 0 0.1
2002021200 0.3 0 1.3 0 2.2 1.5 1.8 1.8 3.7 0.2 0.1 0.7 0.1 1.2 1.1 1.6 1.6 1.2 1.5 1.1 1.4 2.3 1.6 2.2 3.8 2.7 2.7 1.6 1.9 2.6 1.7 1.3 1.9 0.6 1.1 1.7 1.7 1.9 0.2 1.2 0.8 1.4
2002021201 0.1 0 0.1 0 0.5 0.2 0.4 1 1.1 0.4 0 0.5 0.4 0.5 0.5 0.6 1 1.6 1.4 0.6 0.3 0.7 1.6 1.8 2.2 1.3 2.3 1.3 1.6 1.4 2.2 1.2 1.9 0.3 0.8 0.6 0.9 1.9 0.3 0.8 1.2 1.1
2002021202 0.5 0.4 0.4 0 0.5 0.1 0.3 0.7 1.6 0.2 0 0.4 0.3 0.4 0.5 1.3 1.1 0.3 0.5 0.2 0 0.3 0.4 1.3 1.7 0.4 1.3 0.9 0.7 1.2 0.5 0.4 1 0.2 0.5 0.8 0.8 0.7 0.1 0.7 0.4 0.5
2002021203 1.3 0.3 3.8 0 2.9 3 3.5 1.4 2.3 1.6 0.6 0.8 1.1 0.9 1 1.5 1.4 1.3 1.1 0.6 0.6 1.6 1.3 1.8 3.2 0.7 1.9 1.2 0.9 2.1 1.3 1 2.2 0.7 1.2 1 1.6 0.9 0.1 0.4 1.2 1.6
2002021204 0.7 0.1 1.1 0 2.8 2.4 2 1.5 3.9 0.3 0 0.8 0.3 0.3 0.7 1.1 0.9 1.2 1 1 0.7 0.9 1.3 1.9 3.8 0.9 1.8 1 1.2 1.3 1.2 0.9 2.1 1.3 1.5 1.1 2 1.7 0.3 0.5 1.5 1.6
2002021205 0.6 0.2 0.8 0 0.7 0.6 0.6 1.6 2.5 0.5 0.1 0.2 0.6 0.5 0.2 0.9 0.4 2.6 1.3 0.6 1.4 0.9 1.6 2 2.7 1.7 2.1 1 1.1 1.1 1.4 1.4 2 0.2 0.7 0.7 1 1.1 0.5 0.7 1.6 1.6
2002021206 0.1 0 0.3 0 1.2 0.5 1.2 0.5 1.5 0.5 0.1 0.3 0.3 0.5 0.5 0.1 0.2 0.6 0.8 0.3 0.3 0.5 0.6 1.8 2.2 2.6 2 1 0.3 0.4 0.7 0.4 1 0.3 0.5 0.3 0.2 1.2 0.6 0.5 1.2 0.7
2002021207 0 0 0 0 0.5 0.6 0.1 0.4 1.6 0 0 0.7 0 1.3 1.2 1.1 0.6 1.1 0.7 0.5 1 0.7 1 0.7 1.3 0.8 1.2 0.6 0.4 1 0.5 1 1.1 0.6 0.4 0.8 0.9 0.4 0.4 0.8 0.5 0.5
2002021208 0 0 0 0 0.1 0.1 0.1 1 1.1 0 0 0.1 0 0.7 1.1 0.9 0.2 2.3 1.4 0.6 2 2 1.9 1.9 1.8 2 1.7 0.6 1.2 2 1.1 1.2 3.6 0.1 1.6 1.3 1.2 0.8 0.2 0.5 1.7 1.4
2002021209 0 0 0.1 0 0 0 0 0.5 0 0 0 0 0 0 0 0 0 1.2 1.3 0.2 0 0 0.5 1.5 1.5 1.7 1.3 0.5 1.3 0.4 1.4 2.1 0.4 0 0.1 0 0 1 0.5 0.8 1 1.1
2002021210 0 0 0 0 0 0 0 0 0 0 0 0 0 0 0 0 0 0 0 0 0 0 0 0.8 0.5 0.5 1.2 0.3 0.5 0.1 0.4 0.1 0 0 0 0 0 0.6 0.5 1.1 0 0
2002021211 0 0 0 0 0 0 0 0 0 0 0 0 0 0 0 0 0 0 0 0 0 0 0 0.1 0 0 0 0.1 0 0 0 0 0 0 0 0 0 0 1 0.5 0 0
2002021212 0 0 0 0 0 0 0 0.1 0 0 0 0 0 0 0 0 0 0.6 0.8 0.1 0.5 0.9 0.8 0.3 0.6 0 0.3 0.4 0.2 0.4 0 0.2 0.2 0 0 0 0 0.2 0.1 0.1 0.2 0.1
2002021213 0 0 0.1 0 0 0 0 0 0 0 0 0 0 0.1 0 0 0 0.5 0.3 0 0 0 0.8 0.3 0.7 0.9 0.2 1.5 0 0 0.4 0.3 0 0 0 0 0 0.1 0 0.1 0 0
2002021214 0.1 0 0.2 0 0.1 0 0 0.8 0.2 0.3 0 0.4 0.3 0.4 0.4 0.8 0.1 0.2 0.2 0.9 0.3 0.3 0.2 0.7 1.1 0.4 0.9 2.4 0 0.1 0.2 0.3 1.2 0.3 1.3 0.4 0.7 0.5 0 0.2 0.1 1.4
2002021215 0 0 0.4 0 2.8 1.5 2.2 1.1 2.1 0.2 0 2.4 0.2 0.2 0.3 0.9 1.2 0.2 0.3 0.3 0.6 0.4 0.5 0.5 1 0.4 0.9 0.8 0.2 0.4 0.2 0.3 0.9 2.3 0.7 0.4 0.5 0.3 0.1 0.1 1.2 1.8
2002021216 1 0.6 0.5 0.3 2.8 0.5 1.2 0.3 2 0.5 0.2 0.3 0.2 1.9 0.6 0.4 0.3 1.6 1.1 0.9 0.3 0.9 1.9 1.7 2 2 1.2 1.6 0.7 0.4 1.4 1.2 1.1 0.1 0.2 0.3 0.6 0.8 0 0.5 0.3 0.8
2002021217 7.1 0.1 0.1 0 0.4 1.7 1.1 0.9 2.8 0.3 0 0.6 0.4 1.1 1.5 3.5 2.9 3 3.3 1.6 0.9 1.6 2.3 0.1 0 0 1 0.9 1.4 1.1 2.5 2.2 2.4 0.7 2.2 1.2 4.2 3.2 0.3 0.3 0.8 0.9
2002021218 0.6 0.3 0.8 0 1.8 1.1 2.1 2.3 5.4 1.6 0.2 0.9 1.6 8.2 7.7 3.4 3.1 0.4 0.4 0.5 1.3 1.5 0.4 0.4 0.8 0.4 0.4 0.9 0.6 1.2 1.3 0.8 2.4 1.3 4.5 3.1 1.8 1.6 0 0 1.1 3.9
2002021219 2.8 0.7 0.8 0 3.3 3.8 3 2.3 6.1 3.5 0.4 5.6 3.6 5.6 8.1 8.5 6.9 1.2 0.9 0.8 0.7 1.1 1.4 2 3.4 2.1 2.7 2.1 0.5 1.5 0.7 0.9 3.6 4.8 2.6 7.6 2.8 0.9 0.1 0.3 2.1 2.6
2002021220 2.2 2.1 3.2 0 3.5 3.5 3.2 4.6 4.8 1.8 2.8 1.2 1.6 2.3 1.6 3.2 4.4 1 0.6 0.4 0.8 0.9 0.6 0.3 0.1 0.1 0.4 0.2 1.6 2 1 1.1 6.8 1.5 6.7 2.9 8.1 0.8 0 0.1 2.7 6.5
2002021221 3.1 2.8 3 0 3.6 4.9 4.3 6.7 2.7 3 3.4 4.4 2.4 2.3 3.3 6.6 5.7 0 0 0 0.7 0.1 0.2 0.1 0 0 0 0 0.5 0.5 0.1 0.2 8.2 4.1 9.8 4.1 7.9 0.2 0 0 3.8 5.8
2002021222 2.3 2.2 2.7 0 3.6 3.8 3.8 6 2.4 3.2 2.1 3 4.3 2.3 3 6.1 8.9 0.1 0.2 0.4 1.8 1 0.1 0 0 0 0 0 0.4 1.3 0.2 0.2 7.6 2.2 6.9 3.1 6.5 0.1 0 0 8 4.4
2002021223 2.5 2.4 2.1 0 2.9 3.5 3.2 3.2 2.2 1.8 1.8 2.9 2 2.7 3.2 3.3 4 1.4 0.7 1.7 6.5 4.1 0.9 0.9 0 0 0.3 0.1 1.7 5.7 1.5 1 5.3 2.5 4.1 2.7 5.4 1.3 0 0 3.6 2
2002021300 2 1.9 2.1 0 2.4 2.6 2.3 1.6 1.7 2.2 1.9 3.2 2.4 1.8 2.8 3.1 2.6 1.7 1.2 2.6 4.4 4.5 0.9 0.9 0.4 0.5 0.7 0.1 3.3 5 2.5 2.7 2.5 2.6 2.7 3.3 4 1.6 0 0 2.2 1.5
2002021301 1 0.5 0.9 0 1.2 2.1 1.6 1.4 1.9 1.9 0.6 2.5 2.2 2.5 2.5 3 1.6 2.6 1.4 2.8 2.8 3 1.3 1.8 2.4 1.7 1.8 0.9 2.5 2.5 1.4 3.2 1.6 2.5 2.7 3.1 3 1.6 0 0 1.3 1.5
2002021302 1.8 1.8 1 0 0.6 0.9 1 2.3 1 1.8 1 1.7 1.9 2.9 2.2 3.2 2.6 4.8 4.1 2 3.6 3.3 3.4 0.8 1.4 0.5 1.1 1.3 3.1 2.9 4.5 3.3 2.5 1.6 2.4 2.4 3.3 3.1 0 0.2 2.2 2.1
2002021303 2.2 1.9 2.6 0 1.9 2 1.9 1.8 1.5 1.5 1.6 2.2 1.7 1.7 1.9 2.2 2.1 3.4 3.5 2.7 2 1.7 4.1 2.6 1.3 0.3 1.1 0.7 3 2.5 3.2 2.9 2 1.9 1.8 2.4 2 3.2 0.4 0.6 1.8 1.7
2002021304 1.6 1.2 1.3 0 1.7 1.4 1.5 1.7 1.8 1.4 1.1 1.6 1.3 1.5 1.6 1.5 1.5 2.6 2 1.9 2 1.8 2.1 3.2 3.3 4.7 6.9 4.8 1.6 2.6 2 2.1 1.6 1.3 1.7 1.6 1.9 2.2 0 0.1 1.3 1.2
2002021305 1.4 0.5 0.9 0 0.8 1.1 1 1.8 1.4 0.4 0.7 1.6 0.3 0.8 1.2 1.7 0.6 0.8 1.3 0.7 1.1 1.2 0.7 1 0.6 0.4 1.3 1.3 1.2 1.7 1.5 1.2 1.6 1.2 1.7 2.4 1.3 1.4 0.1 1.8 1.7 1.9
2002021306 0.6 0.5 0.8 0 1.1 1 1 0.8 1 0.5 0.5 0.4 0.4 0.2 0.3 0.5 0.2 0.6 0.6 0.6 1 1 0.3 0.2 0.4 0.3 0.5 0.4 1 1.2 0.6 0.7 0.8 0.7 0.9 0.6 1 0.6 2.7 1.9 1.4 0.9
2002021307 0.1 0.6 0.2 0 0.4 0.8 0.7 0.5 0.6 0.7 0.4 1.3 0.5 0.7 1 1.2 1 1 1.1 0.7 0.5 0.6 1.1 0.9 0.6 0.9 0.7 0.4 0.9 0.8 1 1.1 0.9 1 0.6 0.9 0.9 1.2 1.8 0.1 0.8 0.7
2002021308 0.1 0.2 0.3 0 0.3 0.2 0.2 0.8 0.5 0.1 0.2 0.3 0.1 0.1 0.3 0.5 0.2 0.8 1.2 0.5 0.7 0.7 1 1.8 1.5 1.7 1.8 1.4 1 0.7 0.9 0.8 0.8 0.4 0.8 0.6 0.6 1.2 2.1 0.9 1 0.7
2002021309 0.3 0 0.1 0.3 0.1 0.1 0.1 0.2 0.2 0 0 0 0 0 0 0.1 0 0.2 0.3 0.1 0.2 0.3 0.2 0.4 0.5 0.3 0.7 1.1 0.9 0.5 0.6 0.4 0.4 0 0.3 0 0.1 1.4 1.2 0.5 0.6 0.2
2002021310 0.3 0.1 0 0 0.1 0 0 0.1 0.1 0 0 0 0 0.1 0 0 0 0 0.2 0 0 0.1 0 0.1 1 0.4 0.1 0.1 0.2 0.1 0.2 0.1 0 0 0 0 0 0.2 0.3 0 0.1 0
2002021311 2 0.3 0.7 0.1 0.2 0.1 0.2 0 0.4 0 0.1 0 0 0 0.1 0.3 0.1 0.2 0.1 0.3 0.4 0.1 0.3 0.6 1.9 1.1 0.3 0.2 0.4 0.3 0.3 0.1 0.1 0 0.1 0.1 0.2 0.3 0.8 0.6 0.3 0.1
2002021312 3.7 0 0.7 1.1 0.1 0.3 0.4 0.1 0.6 0.7 0.6 0 0.1 0 0 0 0 0.6 1.3 0.2 0.2 0.7 1 0.8 0.8 0.9 0.8 0.9 0.8 0.7 0.8 0.9 0.1 0 0.1 0 0 0.7 1.5 1 0.3 0.2
2002021313 2.1 2.5 1.3 0.7 1.2 1.2 1.6 0.2 1.4 1.6 0.2 0.7 0.5 1.7 2.8 0.4 0 0.3 0.9 0 0 0.3 0.4 0.4 0.8 0.8 1.3 1 0.4 0.3 0.7 0.5 0.1 0.2 0 0.5 0 0.8 1 0.6 0.6 0.4
2002021314 1.2 0.8 1.3 0 1.6 1 2.1 1.6 0.7 2.5 1 2.7 0.1 0.4 0.2 2 0.6 0.3 0.4 0.2 0.3 0.1 0.1 0.6 0.6 0.8 0.7 0.7 0.1 0.3 0.1 0.3 0.3 1.9 0.5 2.8 0.4 0.1 2 1.3 0.6 0.6
2002021315 0 0 0 0 0.2 0 0.3 1.3 0.6 0 0 0.9 0 0 1.4 1.1 1.9 2.2 0.5 1.2 1.2 2 1.4 0.1 0.4 0.3 0.4 0.4 0.3 1.7 0.3 0.7 1.8 0.9 2.3 2.4 2.6 0.2 1.3 1 0.3 0.8
2002021316 0 0 0 0 0 0 0 0.1 0 0 0 0.1 0 0 0 0.1 0.2 1.6 2.4 1.4 0.3 1 2.7 2 0.6 1 0.9 0.5 1.2 1.3 1.8 1.9 1.2 0.2 0.4 0.5 0.9 0.9 0.6 0.3 1.2 0.3
2002021317 0 0 0 0 0 0 0 0.1 0 0 0 0 0 0 0 0 0 1.2 2.4 0.2 0.1 0.3 0.7 2 2 1.8 1.2 0.9 1 0.7 0.8 1.1 0.2 0 0.2 0 0.1 0.8 0 0.2 0.8 0.1
2002021318 0 0 0 0 0 0.1 0.1 0.1 0.1 0 0 0 0 0 0 0 0 0 0.5 0 0 0 0.1 0.5 0.7 0.5 1.5 0.7 0.5 0.5 0.8 0.4 0.6 0 0.1 0 0 1.2 0.5 0.5 0.5 0.3
2002021319 0 0 0 0 0 0 0 0.2 0 0 0 0 0 0 0 0 0 0.1 0 0.1 0.1 0.1 0 0 0 0 0.1 0.2 0.4 0.6 0.5 0.3 0.6 0 0.1 0 0.1 0.7 0.7 0.6 0.6 0.2
2002021320 0.1 0.1 0 0 0 0 0 0.1 0.1 0 0 0 0 0.1 0.1 0.2 0.4 0.4 0.3 0.4 0.1 0.3 0.4 0.4 0.8 0.5 0.5 0.3 0.1 0.3 0.1 0.3 0.3 0.1 0 0.1 0.2 0 1.6 1.2 0.2 0.1
2002021321 0.9 0 1 0 0.4 0 0.1 0.5 0.2 0.2 0 0.3 0.3 0.7 0.5 0.4 0.2 0.4 0.5 0.8 0.9 0.8 0.5 0.5 0.6 0.5 0.5 0.4 0.5 1 0.6 0.9 0.8 0.6 0.4 0.4 0.8 0.9 0.9 0.5 0.2 0.1
2002021322 0.1 0 0.6 0 0.6 0.8 0.7 0.2 0.2 0.1 0.1 2.2 0.1 0.5 1.5 0.3 1.6 0.8 0.4 0.5 0.5 0.7 0.9 0.5 0.3 0.4 0.4 0.4 0.8 0.5 0.6 0.9 0.2 1 0.3 0.3 0.3 1.1 0.8 0.5 0.8 0.3
2002021323 0 0 0.1 0 0 0 0 0.1 0.3 0 0 0.8 0 0 1.5 1 1.4 0.5 0.8 0.6 0.6 0.6 0.6 0.5 0.5 0.7 0.8 0.9 0.3 0.3 0.6 0.8 0.3 0.4 0.4 0.9 0.6 0.7 1.4 0.7 0.1 0.1
2002021400 0 0 0 0 0.1 0 0.1 0.1 0 0 0 0 0 0 0 0.2 0.4 0.1 0.7 0.2 0.1 0 0.4 0.8 0.9 0.8 1.2 0.8 0.3 0.2 0.6 0.7 0.3 0 0 0 0 0.7 0.8 0.6 0 0
2002021401 0 0 0 0 0 0 0 0 0.1 0 0 0 0 0 0 0 0 0.1 0.3 0.1 0 0 0.4 0.3 0.1 0.4 0.3 0.2 0 0.1 0.2 0.2 0.1 0 0 0 0 0.3 0.8 0.4 0 0
2002021402 0 0 0 0 0 0 0 0 0 0 0 0 0 0 0 0 0 0.3 0.1 0 0.3 0 0.2 0.2 0.1 0.1 0.3 0.3 0 0 0.1 0.1 0 0 0 0 0.1 0.2 0.6 0.3 0 0
2002021403 0 0 0 0 0 0 0 0 0 0 0 0 0 0 0 0 0 0.3 0.2 0.1 0.1 0.1 0.1 0 0.1 0 0.1 0.1 0.1 0.1 0.3 0.2 0.2 0 0 0 0 0.1 0.4 0.1 0 0.1
2002021404 0 0 0 0 0 0 0 0 0 0 0 0 0 0 0 0 0 0.4 0.2 0 0 0.1 0.2 0.1 0.1 0.3 0.1 0.2 0.1 0.2 0.3 0.4 0.1 0 0 0 0 0.1 1.6 0.5 0.2 0.1
2002021405 0 0 0 0 0 0 0 0 0 0 0 0 0 0 0 0 0 0.1 0.2 0 0 0 0.1 0.1 0 0.1 0.1 0.2 0.1 0 0 0 0 0 0 0 0 0.1 1 0.4 0 0
2002021406 0 0 0 0 0 0 0 0 0 0 0 0 0 0 0 0 0 0 0 0 0 0 0 0 0 0 0 0.1 0 0 0 0 0 0 0 0 0 0 1 0 0 0
2002021407 0 0 0 0 0 0 0 0 0 0 0 0 0 0 0 0 0 0 0 0 0 0 0 0 0 0 0 0 0 0 0 0 0 0 0 0 0 0 1.1 0.2 0 0
2002021408 0 0 0 0 0 0 0 0 0 0 0 0 0 0.1 0 0 0 0 0 0 0 0 0 0 0 0 0 0.1 0 0 0 0 0 0 0 0 0 0 1 0.2 0 0
2002021409 0 0 0 0 0 0 0 0 0 0 0 0 0 0 0 0 0 0 0 0 0 0 0 0 0.1 0 0 0 0 0 0 0 0 0 0 0 0 0 0.6 0 0 0
2002021410 0 0 0 0 0 0 0 0 0 0 0 0 0 0 0 0 0 0 0 0 0 0 0 0 0 0 0 0 0 0 0 0 0 0 0 0 0 0 0 0 0 0
2002021411 0 0 0 0 0 0 0 0 0 0 0 0 0 0 0 0 0 0 0 0 0 0 0 0 0 0 0 0 0 0 0 0 0 0 0 0 0 0 0 0 0 0
2002021412 0 0 0 0 0 0 0 0 0 0 0 0 0 0 0 0 0 0 0 0 0 0 0 0 0 0 0 0 0 0 0 0 0 0 0 0 0 0 0 0 0 0.1
2002021413 0 0 0 0 0 0 0 0 0 0 0 0 0 0 0 0 0 0 0 0 0 0 0 0 0 0 0 0 0 0 0 0 0 0 0 0 0 0 0 0 0 0
2002021414 0 0 0 0 0 0 0 0 0 0 0 0 0 0 0 0 0 0 0 0 0 0 0 0 0 0 0 0 0 0 0 0 0 0 0 0 0 0 0 0 0 0
2002021415 0 0 0 0 0 0 0 0 0 0 0 0 0 0 0 0 0 0 0 0 0 0 0 0 0 0 0 0 0 0 0 0 0 0 0 0 0 0 0 0 0 0
2002021416 0 0 0 0 0 0 0 0 0 0 0 0 0 0 0 0 0 0 0 0 0 0 0 0 0 0 0 0 0 0 0 0 0 0 0 0 0 0 0 0 0 0
2002021417 0 0 0 0 0 0 0 0 0 0 0 0 0 0 0 0 0 0 0 0 0 0 0 0 0 0 0 0 0 0 0 0 0 0 0 0 0 0 0 0 0 0
2002021418 0 0 0 0 0 0 0 0 0 0 0 0 0 0 0 0 0 0 0 0 0 0 0 0 0 0 0 0 0 0 0 0 0 0 0 0 0 0 0 0 0 0
2002021419 0 0 0 0 0 0 0 0 0 0 0 0 0 0 0 0 0 0 0 0 0 0 0 0 0 0 0 0 0 0 0 0 0 0 0 0 0 0 0 0 0 0
2002021420 0 0 0 0 0 0 0 0 0 0 0 0 0 0 0 0 0 0 0 0 0 0 0 0 0 0 0 0 0 0 0 0 0 0 0 0 0 0 0 0 0 0
2002021421 0 0 0 0 0 0 0 0 0 0 0 0 0 0 0 0 0 0 0 0 0 0 0 0 0 0 0 0 0 0 0 0 0 0 0 0 0 0 0 0 0 0
2002021422 0 0 0 0 0 0 0 0 0 0 0 0 0 0 0 0 0 0 0 0 0 0 0 0 0 0 0 0 0 0 0 0 0 0 0 0 0 0 0 0 0 0
2002021423 0 0 0 0 0 0 0 0 0 0 0 0 0 0 0 0 0 0 0 0 0 0 0 0 0 0 0 0 0 0 0 0 0 0 0 0 0 0 0 0 0 0
2002021500 0 0 0 0 0 0 0 0 0 0 0 0 0 0 0 0 0 0 0 0 0 0 0 0 0 0 0 0 0 0 0 0 0 0 0 0 0 0 0 0 0 0
2002021501 0 0 0 0 0 0 0 0 0 0 0 0 0 0 0 0 0 0 0 0 0 0 0 0 0 0 0 0 0 0 0 0 0 0 0 0 0 0 0 0 0 0
2002021502 0 0 0 0 0 0 0 0 0 0 0 0 0 0 0 0 0 0 0 0 0 0 0 0 0 0 0 0 0 0 0 0 0 0 0 0 0 0 0 0 0 0
2002021503 0 0 0 0 0 0 0 0 0 0 0 0 0 0 0 0 0 0 0 0 0 0 0 0 0 0 0 0 0 0 0 0 0 0 0 0 0 0 0 0 0 0
2002021504 0 0 0 0 0 0 0 0 0 0 0 0 0 0 0 0 0 0 0 0 0 0 0 0 0 0 0 0 0 0 0 0 0 0 0 0 0 0 0 0 0 0
2002021505 0 0 0 0 0 0 0 0 0 0 0 0 0 0 0 0 0 0 0 0 0 0 0 0 0 0 0 0 0 0 0 0 0 0 0 0 0 0 0 0 0 0
2002021506 0 0 0 0 0 0 0 0 0 0 0 0 0 0 0 0 0 0 0 0 0 0 0 0 0 0 0 0 0 0 0 0 0 0 0 0 0 0 0 0 0 0
2002021507 0 0 0 0 0 0.1 0 0 0 0 0 0 0 0 0 0 0 0 0 0 0 0 0 0 0 0 0 0 0 0 0 0 0 0 0 0 0 0 0 0 0 0
2002021508 0 0 0 0 0 0 0 0 0 0 0 0 0 0 0 0 0 0 0 0.1 0 0 0 0.1 0 0 0 0 0 0 0.1 0 0 0 0.1 0 0 0 0 0 0 0
2002021509 0.1 0.1 0 0 0 0 0 0.1 0 0.1 0.1 0 0.1 0 0 0 0.1 0.1 0 0 0 0.1 0.1 0 0 0 0 0 0 0 0 0 0 0 0 0 0.1 0 0 0 0.1 0
2002021510 0 0 0 0 0 0 0 0 0 0 0 0.1 0 0 0.1 0.1 0 0 0 0 0 0 0 0 0 0 0 0 0 0 0 0 0 0.1 0 0 0 0 0 0 0 0
2002021511 0 0 0 0 0 0 0 0 0 0 0 0 0 0 0 0 0 0 0 0 0 0 0 0 0 0 0 0 0 0 0 0 0 0 0 0 0 0 0 0 0 0
2002021512 0 0 0 0.1 0 0 0 0 0 0 0 0 0 0 0 0 0 0 0 0 0 0 0 0 0 0 0 0 0 0 0 0 0 0 0 0 0 0 0 0 0 0
2002021513 0 0 0 0 0 0 0 0 0 0 0 0 0 0 0 0 0 0 0 0 0 0 0 0 0 0 0 0 0 0 0 0 0 0 0 0 0 0 0 0 0 0
2002021514 0 0 0 0 0 0 0 0 0 0 0 0 0 0 0 0 0 0 0 0 0 0 0 0 0 0 0 0 0 0 0 0 0 0 0 0 0 0 0 0 0 0
2002021515 0 0 0 0 0 0 0 0 0 0 0 0 0 0 0 0 0 0 0 0 0 0 0 0 0 0 0 0 0 0 0 0 0 0 0 0 0 0 0 0 0 0
2002021516 0 0 0 0 0 0 0 0 0 0 0 0 0 0 0 0 0 0 0 0 0 0 0 0 0 0 0 0 0 0 0 0 0 0 0 0 0 0 0 0 0 0
2002021517 0 0 0 0 0 0 0 0 0 0 0 0 0 0 0 0 0 0 0 0 0 0 0 0 0 0 0 0 0 0 0 0 0 0 0 0 0 0 0 0 0 0
2002021518 0 0 0 0 0 0 0 0 0 0 0 0 0 0 0 0 0 0 0 0 0 0 0 0 0 0 0 0 0 0 0 0 0 0 0 0 0 0 0 0 0 0
2002021519 0 0 0 0 0 0 0 0 0 0 0 0 0 0 0 0 0 0 0 0 0 0 0 0 0 0 0 0 0 0 0 0 0 0 0 0 0 0 0 0 0 0
2002021520 0 0 0 0 0 0 0 0 0 0 0 0 0 0 0 0 0 0 0 0 0 0 0 0 0 0 0 0 0 0 0 0 0 0 0 0 0 0 0 0 0 0
2002021521 0 0 0 0 0 0 0 0 0 0 0 0 0 0 0 0 0 0 0 0 0 0 0 0 0 0 0 0 0 0 0 0 0 0 0 0 0 0 0 0 0 0
2002021522 0 0 0 0 0 0 0 0 0 0 0 0 0 0 0 0 0 0 0 0 0 0 0 0 0 0 0 0 0 0 0 0 0 0 0 0 0 0 0 0 0 0
2002021523 0 0 0 0 0 0 0 0 0 0 0 0 0 0 0 0 0 0 0 0 0 0 0 0 0 0 0 0 0 0 0 0 0 0 0 0 0 0 0 0 0 0
2002021600 0 0 0 0 0 0 0 0 0 0 0 0 0 0 0 0 0 0 0 0 0 0 0 0 0 0 0 0 0 0 0 0 0 0 0 0 0 0 0 0 0 0
2002021601 0 0 0 0 0 0 0 0 0 0 0 0 0 0 0 0 0 0 0 0 0 0 0 0 0 0 0 0 0 0 0 0 0 0 0 0 0 0 0 0 0 0
2002021602 0 0 0 0 0 0 0 0 0 0 0 0 0 0 0 0 0 0 0 0 0 0 0 0 0 0 0 0 0 0 0 0 0 0 0 0 0 0 0 0 0 0
2002021603 0 0 0 0 0 0 0 0 0 0 0 0 0 0 0 0 0 0 0 0 0 0 0 0 0 0 0 0 0 0 0 0 0 0 0 0 0 0 0 0 0 0
2002021604 0 0 0 0 0 0 0 0 0 0 0 0 0 0 0 0 0 0 0 0 0 0 0 0 0 0 0 0 0 0 0 0 0 0 0 0 0 0 0 0 0 0
2002021605 0 0 0 0 0 0 0 0 0 0 0 0 0 0 0 0 0 0 0 0 0 0 0 0 0 0 0 0 0 0 0 0 0 0 0 0 0 0 0 0 0 0
2002021606 0 0 0 0 0 0 0 0 0 0 0 0 0 0 0 0 0 0 0 0 0 0 0 0 0 0 0 0 0 0 0 0 0 0 0 0 0 0 0 0 0 0
2002021607 0 0 0 0 0 0 0 0 0 0 0 0 0 0 0 0 0 0 0 0 0 0 0 0 0 0 0 0 0 0 0 0 0 0 0 0 0 0 0 0 0 0
2002021608 0 0.1 0 0 0 0 0 0 0 0 0 0 0 0.1 0 0 0 0.1 0 0.1 0 0 0 0.1 0 0 0 0 0 0 0 0 0 0 0 0 0.1 0 0 0 0 0
2002021609 0 0 0 0 0 0 0 0 0 0.1 0 0 0.1 0 0 0 0 0 0 0 0 0 0 0 0 0 0 0 0 0 0 0 0 0 0 0 0 0 0 0 0 0
2002021610 0 0 0 0 0 0 0 0 0 0 0 0.1 0 0 0.1 0 0 0 0 0 0 0 0 0 0 0 0 0 0 0 0 0 0 0 0 0 0 0 0 0 0 0
2002021611 0 0 0 0 0 0.1 0 0 0 0 0 0 0 0 0 0 0 0 0 0 0 0 0 0 0 0 0 0 0 0 0 0 0 0 0 0 0 0 0 0 0 0
2002021612 0 0 0 0 0 0 0 0 0 0 0 0.1 0 0 0 0 0 0 0 0 0 0 0 0 0 0 0 0 0 0 0 0 0 0 0 0 0 0 0 0 0 0
2002021613 0 0 0 0 0 0 0 0 0 0 0 0 0 0 0 0 0 0 0 0 0 0 0 0 0 0 0 0 0 0 0 0 0 0 0 0 0 0 0 0 0 0
2002021614 0 0 0 0 0 0 0 0 0 0 0 0 0 0 0 0 0 0 0 0 0 0 0 0 0 0 0 0 0 0 0 0 0 0 0 0 0 0 0 0 0 0
2002021615 0 0 0 0 0 0 0 0 0 0 0 0 0 0 0 0 0 0 0 0 0 0 0 0 0 0 0 0 0 0 0 0 0 0 0 0 0 0 0 0 0 0
2002021616 0 0 0 0 0 0 0 0 0 0 0 0 0 0 0 0 0 0 0 0 0 0 0 0 0 0 0 0 0 0 0 0 0 0 0 0 0 0 0 0 0 0
2002021617 0 0 0 0 0 0 0 0 0 0 0 0 0 0 0 0 0 0 0 0 0 0 0 0 0 0 0 0 0 0 0 0 0 0 0 0 0 0 0 0 0 0
2002021618 0 0 0 0 0 0 0 0 0 0 0 0 0 0 0 0 0 0 0 0 0 0 0 0 0 0 0 0 0 0 0 0 0 0 0 0 0 0 0 0 0 0
2002021619 0 0 0 0 0 0 0 0 0 0 0 0 0 0 0 0 0 0 0 0 0 0 0 0 0 0 0 0 0 0 0 0 0 0 0 0 0 0 0 0 0 0
2002021620 0 0 0 0 0 0 0 0 0 0 0 0 0 0 0 0 0 0 0 0 0 0 0 0 0 0 0 0 0 0 0 0 0 0 0 0 0 0 0 0 0 0
2002021621 0 0 0 0 0 0 0 0 0 0 0 0 0 0 0 0 0 0 0 0 0 0 0 0 0 0 0 0 0 0 0 0 0 0 0 0 0 0 0 0 0 0
2002021622 0 0 0 0 0 0 0 0 0 0 0 0 0 0 0 0 0 0 0 0 0 0 0 0 0 0 0 0 0 0 0 0 0 0 0 0 0 0 0 0 0 0
2002021623 0 0 0 0 0 0 0 0 0 0 0 0 0 0 0 0 0 0 0 0 0 0 0 0 0 0 0 0 0 0 0 0 0 0 0 0 0 0 0 0 0 0
2002021700 0 0 0 0 0 0 0 0 0 0 0 0 0 0 0 0 0 0 0 0 0 0 0 0 0 0 0 0 0 0 0 0 0 0 0 0 0 0 0 0 0 0
2002021701 0 0 0 0 0 0 0 0 0 0 0 0 0 0 0 0 0 0 0 0 0 0 0 0 0 0 0 0 0 0 0 0 0 0 0 0 0 0 0 0 0 0
2002021702 0 0 0 0 0 0 0 0 0 0 0 0 0 0 0 0 0 0 0 0 0 0 0 0 0 0 0 0 0 0 0 0 0 0 0 0 0 0 0 0 0 0
2002021703 0 0 0 0 0 0 0 0 0 0 0 0 0 0 0 0 0 0 0 0 0 0 0 0 0 0 0 0 0 0 0 0 0 0 0 0 0 0 0 0 0 0
2002021704 0 0 0 0 0 0 0 0 0 0 0 0 0 0 0 0 0 0 0 0 0 0 0 0 0 0 0 0 0 0 0 0 0 0 0 0 0 0 0 0 0 0
2002021705 0 0 0 0 0 0 0 0 0 0 0 0 0 0 0 0 0 0 0 0 0 0 0 0 0 0 0 0 0 0 0 0 0 0 0 0 0 0 0 0 0 0
2002021706 0 0 0 0 0 0 0 0 0 0 0 0 0 0 0 0 0 0 0 0 0 0 0 0 0 0 0 0 0 0 0 0 0 0 0 0 0 0 0 0 0 0
2002021707 0 0 0 0 0 0 0 0 0 0 0 0 0 0 0 0 0 0 0 0 0 0 0 0 0 0 0 0 0 0 0 0 0 0 0 0 0 0 0 0 0 0
2002021708 0 0.1 0 0 0 0 0.1 0 0.1 0 0 0 0.1 0 0 0 0 0.1 0 0.1 0.1 0 0 0.1 0.1 0 0.1 0 0 0 0 0 0 0 0 0 0.1 0.1 0.1 0.1 0 0
2002021709 0 0 0 0 0 0 0 0 0 0 0 0.1 0 0 0 0 0 0 0.1 0 0 0 0 0 0 0 0 0 0 0 0 0 0 0 0 0.1 0 0 0 0 0 0
2002021710 0 0 0 0 0 0 0 0 0 0 0 0 0 0 0.1 0 0 0 0 0 0 0 0 0 0 0 0 0 0 0 0 0 0 0 0 0 0 0 0 0 0 0
2002021711 0 0 0 0 0 0 0 0 0 0 0 0 0 0 0 0 0 0 0 0 0 0 0 0 0 0 0 0.1 0 0 0 0 0 0 0 0 0 0 0 0 0 0
2002021712 0 0 0 0 0 0 0 0 0 0 0 0 0 0 0 0 0 0 0 0 0 0 0 0 0 0 0 0 0 0 0 0 0 0 0 0 0 0 0 0 0 0
2002021713 0 0 0 0 0 0 0 0 0 0 0 0 0 0 0 0 0 0 0 0 0 0 0 0 0 0 0 0 0 0 0 0 0 0 0 0 0 0 0 0 0 0
2002021714 0 0 0 0 0 0 0 0 0 0 0 0 0 0 0 0 0 0 0 0 0 0 0 0 0 0 0 0 0 0 0 0 0 0 0 0 0 0 0 0 0 0
2002021715 0 0 0 0 0 0 0 0 0 0 0 0 0 0 0 0 0 0 0 0 0 0 0 0 0 0 0 0 0 0 0 0 0 0 0 0 0 0 0 0 0 0
2002021716 0 0 0 0 0 0 0 0 0 0 0 0 0 0 0 0 0 0 0 0 0 0 0 0 0 0 0 0 0 0 0 0 0 0 0 0 0 0 0 0 0 0
2002021717 0 0 0 0 0 0 0 0 0 0 0 0 0 0 0 0 0 0 0 0 0 0 0 0 0 0 0 0 0 0 0 0 0 0 0 0 0 0 0 0 0 0
2002021718 0 0 0 0 0 0 0 0 0 0 0 0 0 0 0 0 0 0 0 0 0 0 0 0 0.1 0 0 0 0 0 0 0 0 0 0 0 0 0 0 0 0 0
2002021719 0 0 0 0 0 0 0 0 0 0 0 0 0 0 0 0 0 0 0 0 0 0 0 0 0 0 0 0 0 0 0 0 0 0 0 0 0 0 0 0 0 0
2002021720 0 0 0 0 0 0 0 0 0 0 0 0 0 0 0 0 0 0 0 0 0 0 0 0 0 0 0 0 0 0 0 0 0 0 0 0 0 0 0 0 0 0
2002021721 0 0 0 0 0 0 0 0 0 0 0 0 0 0 0 0 0 0 0 0 0 0 0 0 0 0 0 0 0 0 0 0 0 0 0 0 0 0 0 0 0 0
2002021722 0 0 0 0 0 0 0 0 0 0 0 0 0 0 0 0 0 0 0 0 0 0 0 0 0 0 0 0 0 0 0 0 0 0 0 0 0 0 0 0 0 0
2002021723 0 0 0 0 0 0 0 0 0 0 0 0 0 0 0 0 0 0 0 0 0 0 0 0 0 0 0 0 0 0 0 0 0 0 0 0 0 0 0 0 0 0
2002021800 0 0 0 0 0 0 0 0 0 0 0 0 0 0 0 0 0 0 0 0 0 0 0 0 0 0 0 0 0 0 0 0 0 0 0 0 0 0 0 0 0 0
2002021801 0 0 0 0 0 0 0 0 0 0 0 0 0 0 0 0 0 0 0 0 0 0 0 0 0 0 0 0 0 0 0 0 0 0 0 0 0 0 0 0 0 0
2002021802 0 0 0 0 0 0 0 0 0 0 0 0 0 0 0 0 0 0 0 0 0 0 0 0 0 0 0 0 0 0 0 0 0 0 0 0 0 0 0 0 0 0
2002021803 0 0 0 0 0 0 0 0 0 0 0 0 0 0 0 0 0 0 0 0 0 0 0 0 0 0 0 0 0 0 0 0 0 0 0 0 0 0 0 0 0 0
2002021804 0 0 0 0 0 0 0 0 0 0 0 0 0 0 0 0 0 0 0 0.1 0 0 0 0 0 0 0 0 0 0 0 0 0 0 0.1 0 0 0 0 0 0 0
2002021805 0 0 0 0 0 0 0 0 0 0 0 0 0 0 0 0 0 0 0 0 0 0 0 0 0 0 0 0 0 0 0 0 0 0 0 0 0 0 0 0 0 0
2002021806 0 0 0 0 0 0 0 0 0 0 0 0 0 0 0 0 0 0 0 0 0 0 0 0 0 0 0 0 0 0 0 0 0 0 0 0 0 0 0 0 0 0
2002021807 0 0 0 0 0 0 0 0 0 0 0 0 0 0 0 0 0 0 0 0 0 0 0.1 0 0 0.1 0 0 0 0 0 0 0 0 0 0 0 0 0 0 0 0
2002021808 0 0.3 0 0 0 0 0 0 0 0 0 0 0.3 0.5 0.1 0 0.3 0 0 0 0 0 0 0 0.1 0 0 0 0 0 0 0.1 0 0 0 0 0 0 0.1 0.1 0 0.1
2002021809 0.1 0.5 0.2 0.2 0.2 0 0.4 0 0 0.7 0.6 0.6 0.5 1 1.3 0.8 1.2 0.3 0.1 0.3 0.3 0.2 0.1 0.1 0 0.1 0.1 0 0 0.1 0 0.1 0 0.1 0.1 0.3 0.3 0.1 0 0 0.1 0
2002021810 0.5 0.5 0.8 0.4 0.4 0.9 0.7 0.3 0.6 0.8 1 0.6 0.5 0.4 0.7 0.9 0.8 0.3 0.4 0.7 1.2 0.8 0.2 0.5 0.1 0.3 0.2 0.1 0.5 0.6 0.2 0.6 0.3 1.1 1.4 1.3 1 0.2 0 0 0 0
2002021811 0.4 1 1.4 0.5 0.7 1 1.5 0.6 1.2 1.6 1.1 1 1.1 0.6 1.2 0.6 0.6 0.8 0.7 0.7 1.2 0.7 0.5 0.9 0.4 0.6 0.5 0.4 0.4 0.7 0.3 0.5 0.7 1 1.5 1 1 0.3 0 0.1 0.4 0.2
2002021812 0.8 0.5 1.6 0.4 0.8 1 0.9 0.8 1.2 1.4 1 1.2 1.8 1.6 2 1.2 1.8 0.5 0.5 0.5 0.9 0.9 0.6 0.9 0.9 0.6 0.8 0.8 0.6 0.6 0.4 0.5 0.9 1 2.1 1.3 1 0.5 0.2 0.6 0.6 0.9
2002021813 0.3 0 1 0.1 0.3 1.2 0.6 0.4 0.5 0.8 0.1 2.3 0.5 1.6 2.2 2.2 1.6 1.3 0.8 2.4 1.9 0.7 0.5 0.7 0.6 0.8 0.7 0.7 0.9 0.7 0.4 0.2 0.8 2.3 2.9 2.7 2.1 0.6 0.3 0.5 0.3 0.5
2002021814 0 0 0 0 0.5 0.4 1 0.9 0.2 0 0.1 0.1 0 0 0.1 0.6 0.2 1.4 0.4 0.9 1.5 0.4 0.5 0.9 1.1 0.9 0.7 1 0.3 0.2 0.1 0.3 0.3 0.1 2.2 0.6 1.2 0.3 0.7 1.3 1 0.9
2002021815 0 0 0 0 0.3 0 0.6 0.8 0.7 0 0 0 0 0 0 0 0 0.4 0.6 0 0.1 0.4 1 0.4 0.3 0.4 0.8 0.5 0.6 0.3 0.4 0.5 0.7 0 0.4 0 0.1 0.5 0.8 0.6 0.5 0.8
2002021816 0 0 0 0 0.2 0 0.2 0.1 0.2 0 0 0 0 0 0 0 0 0 0.4 0 0 0.4 0.3 0 0 0 0.2 0 0.5 0.4 0.5 0.3 0.2 0 0 0 0 0.3 0.2 0 0.1 0
2002021817 0 0 0 0 0 0 0 0 0.2 0 0 0 0 0 0 0 0 0 0.1 0 0 0.3 0 0 0 0 0 0 0.2 0.4 0.5 0 0.1 0 0 0 0 0.3 0 0 0 0
2002021818 0 0 0 0 0 0 0 0 0.2 0 0 0 0 0 0 0 0 0 0.2 0 0.1 0.6 0 0 0 0 0 0.1 0.3 0.6 0.4 0.1 0.2 0.1 0 0 0 0.4 0 0 0.1 0.2
2002021819 0 0 0 0 0 0 0 0 0 0 0 0 0 0 0 0 0 0 0 0 0 0.4 0 0 0 0 0 0 0.2 0.4 0.3 0.3 0.2 0 0 0 0.1 0.5 0 0.1 0 0.1
2002021820 0 0 0 0 0 0 0 0 0 0 0 0 0 0 0 0 0 0.1 0 0 0 0.2 0 0 0 0 0 0 0 0 0 0.2 0.1 0 0.1 0 0 0.2 0 0 0 0
2002021821 0 0 0 0 0 0 0 0 0 0 0 0 0 0 0 0 0 0 0 0 0 0.1 0 0 0.1 0 0.1 0 0 0 0 0 0 0 0 0 0 0 0 0 0 0
2002021822 0 0 0 0 0 0 0 0 0 0 0 0 0 0 0 0 0 0 0 0 0 0 0 0 0 0 0 0 0 0 0 0 0 0 0 0 0 0 0 0 0 0
2002021823 0 0 0 0 0 0 0 0 0 0 0 0 0 0 0 0 0.1 0 0 0 0 0 0 0 0 0 0 0 0 0 0 0 0 0 0 0 0 0 0 0 0 0
2002021900 0.1 0 0 0 0 0 0 0 0 0 0 0 0 0 0 0 0 0 0 0 0 0 0 0 0 0.1 0 0 0 0 0 0 0 0 0 0 0 0 0 0 0 0
2002021901 0 0 0 0 0 0 0 0 0 0 0 0 0 0 0 0 0 0 0 0 0 0 0 0 0 0 0 0 0 0 0 0 0 0 0 0 0 0 0 0 0 0
2002021902 0 0 0 0 0 0 0 0 0 0 0 0 0 0 0 0 0 0 0 0 0 0 0 0 0 0 0 0 0 0 0 0 0 0 0 0 0 0 0 0 0 0
2002021903 0 0 0 0 0 0 0 0 0 0.1 0 0 0 0 0 0 0 0 0 0.1 0 0 0 0 0 0 0 0 0 0 0 0 0 0 0 0 0 0 0.1 0 0 0
2002021904 0 0 0 0 0 0 0 0 0 0 0 0 0 0 0 0.1 0 0 0 0 0 0 0 0 0 0 0 0 0 0 0 0 0 0 0 0 0.1 0 0 0 0 0
2002021905 0 0.2 0.1 0 0 0 0.1 0.1 0 0 0.1 0.1 0 0.1 0.1 0.1 0 0 0 0 0 0 0 0.1 0.1 0 0 0 0 0 0 0 0 0.1 0 0 0 0 0 0 0 0
2002021906 0.5 0 0.4 0.2 0.1 0.2 0.2 0 0.1 0.1 0 0.2 0.1 0.1 0.2 0.1 0.1 0.3 0 0 0 0 0.3 0.2 0.4 0 0 0 0 0 0 0 0 0.1 0.1 0.1 0.1 0 0 0 0 0
2002021907 0.8 0.3 1.2 0.2 1 1 1 1.3 1 0 0.1 0 0.1 0.4 0 0.6 0.6 0.7 0 0.7 0.5 1.3 0.1 0.8 0.9 0 0 0 0.9 0 0.1 0 0 0.5 1.5 0 1 0 0 0.2 0.7 0.1
2002021908 0.6 0 1 0.1 1.8 0.6 1.4 0.4 1.1 0.2 0.1 0.3 0.2 0.6 0 0.8 0.4 0.4 0.1 0.9 0.3 0.5 0.6 1.2 1.4 1.3 0.5 0.7 0.8 1.9 0.8 0 0 0.2 0.5 0 0.6 0 0.7 1.6 0.9 0
2002021909 0 0 0 0 1.2 0.5 0.9 0.8 1.9 0 0 0 0.2 0.1 0.2 0.5 0 0.4 0 0 0.3 0.7 0.2 1.7 0.8 0.7 2.2 1.5 0.2 1.6 1.1 0 0 0.3 0.6 0.4 1.2 1.4 0.5 0.4 0.3 0.2
2002021910 0.7 0.5 0.1 2.5 0 0.4 0.2 0 0.3 0.7 0.1 1 0.8 0.8 1.1 1.8 0.4 1 0 0.6 0.5 0.6 0.6 0.7 0.3 0.3 1.6 0 0 1.2 0.1 0 2.7 0.9 1.7 2.3 1.4 1.8 0.5 1.7 0.1 0
2002021911 2.9 0.6 1.6 0.6 2.6 2.4 2.1 1.7 3.5 0 0.8 0.2 0 0 0 0.1 0.1 0.5 0 0.1 0.3 0.5 0.4 0.7 0.1 0.2 0.8 0.6 0.3 1.1 0 2.8 3.6 0.2 1.5 0.2 0.3 1.9 0.1 0.4 0.6 0
2002021912 0 0.1 0 0 0.7 0.1 0 0.9 0.8 0.2 0.1 0.2 0.1 0 0.1 0.1 0 0.7 0.3 0 0.2 0.4 1.2 0.9 0.4 0.9 1.2 0.7 0.6 0.8 0 1.3 2.4 0.1 0.1 0.1 0 1.4 0 0.1 0.5 0.4
2002021913 0 0 0 0 0 1.1 0 1.7 1.8 1 0.1 0.3 3.1 0.1 0.3 2 0 0.7 1.5 0.1 0.1 0.1 0.4 0.3 1.2 0.8 0.8 0.3 0.9 1.9 0.1 0.2 3 0 0.3 0.2 2.9 0.1 0 0 1 0.5
2002021914 0.1 0 0 0 0 0 0.1 2.2 1.7 0 0 0.8 0 0.8 0.6 1.5 0 0 0 0.1 1.6 1.6 0 0.6 1 0.9 0.4 0.5 2.1 3.6 0.8 0.8 2.6 1.1 2.8 3 2.1 1 0.2 0.4 2.3 1
2002021915 0.2 0 0 0.1 0 0 0 0.1 0 0.5 0 0.2 0.9 4.4 2.9 2 0.2 0.1 0.1 0.1 1.2 1.9 0.1 0.6 1.2 1.7 0.5 0.1 2 1.5 1.4 0.1 0.7 0.3 0.8 0.3 0.9 1.3 0.6 2.6 0.8 0.1
2002021916 0 0 0 0 0 0 0 1.9 0 0.5 0 0.7 0.3 3.5 2.2 3.6 0.1 0.1 0.1 0 2.6 3.3 0 0.1 0 0.1 0.1 0.1 3 3.7 0.4 0.3 3.6 0.8 2.4 2.3 3.5 0.3 0.9 0.3 0.7 0.4
2002021917 0 0 0 0 0 0 0 1.9 0 0.6 0 0.7 0.6 0.5 0.9 1.8 0 0 0.1 0 2.3 3.8 0 0 0 0 0.1 0.1 5.3 3.5 3.6 0.7 3.7 0.4 1.5 0.8 1.8 3.4 0.4 0.3 2.4 1.5
2002021918 0.5 1.1 1.5 0.7 0.3 0.7 0.9 1.4 0.9 0.1 1.3 0.1 0 0 0 0.1 0 0 0 0 0 0.1 0 0.1 0 0.1 0.1 0 1.5 1.1 0.4 0.1 1.9 0.2 1.1 0.3 0.5 0.9 0 0 1.2 0.9
2002021919 2.3 0 0.7 0.1 1.8 0.4 0.9 0.1 0.9 0 0 0.1 0 0 0 0 0.1 0 0.1 0 0 0 0 0.1 0 0.2 0 0 0 0.1 0.1 0 0.2 0 0 0 0.1 0 0.2 0.1 0.4 0.4
2002021920 0.2 0 0.2 0 0.4 0.2 0.2 0.1 0.3 0 0 0 0.1 0.1 0 0.2 0.1 1.1 0.4 0.2 0.1 0.1 0.7 0.6 1.5 0.9 0.7 0.6 0 0 0.1 0.3 0.2 0.1 0.2 0.1 0.4 0.1 0.1 0.1 0 0.1
2002021921 0.1 0.1 0.3 0 0.4 0.2 0.2 0.6 0.5 0.3 0.2 0.3 0.2 0.5 0.4 0.7 0.3 0.5 0.6 0.2 0.4 0.3 0.4 0.6 1.1 0.7 0.7 0.7 0.6 0.7 1.1 0.8 1.1 0.3 0.3 0.5 0.2 1.1 0.4 0.4 0.4 0.7
2002021922 0.7 0.5 0.9 0.3 0.9 0.7 0.8 0.7 1.5 0.5 0.1 0.5 0.7 0.9 0.6 0.6 0.9 0.8 0.5 0.4 0.4 0.4 0.9 0.8 1.4 1 0.8 0.5 0.4 0.7 0.4 0.5 1.3 0.3 0.3 0.6 0.5 0.6 0.5 0.5 0.6 0.8
2002021923 1.7 1.4 1.7 1.1 1.6 1.6 1.7 1.2 1.8 1.7 1.5 1.7 2.1 1.7 1.7 2.2 1.7 1.6 1.1 1.3 1 1.1 1.7 2.3 2.4 1.4 1.4 1.1 1.2 1.6 1 1 1.9 1.6 1.4 1.9 2 1.2 0.4 0.3 0.9 1.3
2002022000 2.4 2.2 2.5 1.8 3.1 2.3 2.6 2 3.2 2.2 1.4 1.6 2.8 2.3 1.8 2.6 2.5 2.1 2.4 1.6 1 1.5 2.8 4.4 4.5 2.3 3 3.1 2.5 3 2.3 2.2 4.6 1.7 2.1 2.2 2.4 2.6 0.9 0.8 1.9 2.6
2002022001 2.9 3 2.6 2.7 3.5 2.7 2.9 1.9 3.6 2.7 1.9 2.5 2.6 3.3 2.8 3.8 3.4 1.4 1.9 1.6 1 1.1 2.1 3.3 4.2 2.1 2.4 3.4 2.3 2.2 2 1.6 4.1 1.9 2.6 2.6 2.9 2.6 2.7 1.6 1.8 2.2
2002022002 3.2 2.2 3.1 2.2 2.8 2.9 3 2.5 4.7 2.9 2.3 2.9 2.4 2.5 2.1 3.3 2.5 3 2.4 2.2 1.8 1.9 2.9 3.9 5.2 3 3.1 2.9 2.8 3 2.5 2.1 4 2.2 3 3.7 4.1 2.9 3 1.6 2.3 2.6
2002022003 3.6 3.1 4.8 3.3 3.4 3.9 3.4 2.3 4.1 2 1.9 2.8 2.4 2.6 2.4 2.8 2.2 3.4 2.3 2.3 2.4 2.4 2.9 3.4 6.3 3.1 3.1 2.7 2.2 2.8 2.6 2.1 3.8 2.4 2.5 3.2 3.3 3.1 2.1 1.5 2.5 2.8
2002022004 3.7 3.2 4.1 2.1 4.3 4.4 3.1 2.6 4.6 1.9 2.4 3 2.6 3 2.7 3.5 3.1 3.2 2.8 2.2 2.9 2.7 2.9 3.6 6 3.8 3.3 2.2 2.5 3.2 2.9 2.1 4.5 2.7 3.4 3.8 3.5 3.6 2.2 1.3 3 3.3
2002022005 2.3 1.6 2.6 1.5 4.3 3.2 2.8 2.5 4 2.2 0.9 1.7 1.5 1.7 1 2 1.8 2.7 2.7 2.3 1.8 2.8 2.1 3 4.1 3.5 3.8 2.4 3 3.6 3.2 1.8 5.3 1.1 2.7 2.4 2.3 3.9 2.8 1.2 3.3 3.2
2002022006 1.3 0.9 1.1 1.2 2.5 1.9 2.7 1.7 3.2 1.6 0.7 1.5 0.6 1.4 0.7 1.2 1.2 1.1 1.6 0.4 0.7 1.5 1 2.3 2.8 2.6 3.2 2.2 2.2 2.4 1.9 1.3 2.9 1.3 1 1.4 1.4 2.1 3.3 2.1 1.7 3.2
2002022007 1.4 0.7 1.6 0.6 2.1 2 2.6 1.6 1.8 1.8 0.7 1.4 1.7 1.7 0.9 1.3 1 1 1.1 0.4 0.7 1.3 1 2.1 3.1 2.8 2.6 2.4 2 2.4 2.2 0.9 3.1 0.9 1.5 1.6 1.3 2.3 1.5 2.1 1.6 1.8
2002022008 1.7 1.4 3.9 1.5 2.2 2.6 2.8 1.6 2.2 0.9 1 1 0.8 0.3 0.5 0.6 0.6 0.4 0.5 0.2 0.1 0.4 0.2 1.9 2.2 2.2 1.7 1.6 0.6 0.8 0.5 0.3 2.8 0.7 0.5 0.7 0.8 1 0.7 0.6 1.3 2.3
2002022009 3.5 2.3 4.7 1.5 4 2.2 1.8 0.6 2.3 1.3 1.9 1.5 1 4.2 4.6 4.2 1 1.6 1.3 0.7 0.8 0.6 0.9 1.9 2.2 1.6 2 1.6 0.3 0.2 0.9 1.5 0.4 0.5 0.1 0.7 1.8 1.1 1.1 1 0.3 1.8
2002022010 2.1 0.6 1.3 2 3.4 3.2 5.7 3.4 2.8 0.3 0.9 1.4 0 0 1.2 2.8 1 1.1 1.6 3.5 1.3 1.5 0.6 1.3 0.8 1.2 1.3 0.7 0.9 2.7 2.2 2.2 4.4 1.9 6.7 2.5 1.1 1.4 0.9 1 2.3 2.7
2002022011 1.5 0.1 0 0.2 0.6 0 0 0.6 0.5 0.1 0 0 0 0 0 0 0.5 2.1 2.4 1.1 1.5 1.5 2.9 5.1 3.7 4.7 4.7 2.7 1.6 2 2.8 2 1.7 0 0 0 0.1 2 0.8 1.1 1.2 0.6
2002022012 0.7 2.2 1.5 0.9 1.5 0 0.8 1.1 0 0 2.1 0 0 0 0 0 0 0.1 0.1 0.3 0 0 0.3 0.5 1.9 1.9 1.5 0.5 1.2 0.8 0.8 0.3 2 0 0 0.1 0 1.4 0.5 0.4 1.9 1.4
2002022013 1.5 0.2 1.4 0 2.5 1.8 2.8 0 1.8 1.6 0.6 0.5 1.4 0 0.1 0 0 0.1 0.7 0 0 0 0.4 4.2 2.9 1.7 3.4 2.7 0 0 0.8 0.6 0 0.1 0 0 0 1.6 2.4 4.4 0 0
2002022014 0.2 0 0.1 0 1.1 0.5 1.3 0 1.2 0 0 0.2 0 0 0 0 0 0.2 0.2 0 0 0.1 0.1 0.2 0.9 0.4 0.3 1.1 0 0.3 0.1 0.1 1 0.2 0 0 0.1 0 2.5 1.1 0.3 0.1
2002022015 0 0 0 0 0 0 0 0 0.1 0 0 0 0.4 0.1 0 0.1 0.3 0 0 0.1 0 0 0 0 0 0 0 0 0.6 0.3 0.2 0 0.1 0 0.1 0 0 0 0 0 0 0
2002022016 0.6 0.1 0 0.6 0 0 0 0 0 1.6 1.2 2.6 2.4 0.1 0.3 0.6 0.7 0.6 0.7 0.3 0.1 0.5 0.3 0 0 0 0 0 0 0.1 0.6 1.3 0.1 1.4 2.1 1.1 0.3 1 0 0 0 0
2002022017 0.3 0.1 1.9 0.5 0.1 1 0.7 2.7 1.2 0.1 2.2 0 0 0.7 0.9 0.2 0 0 0 0 0 0 0.1 0 0 0 0 0 0.6 0.5 0 0 0.4 0 1.2 0.8 0.2 0.2 0 0 1.1 2
2002022018 0.1 2.3 1.5 0 0 0.8 0.1 0.7 0.3 1.8 2.9 3.7 1.6 0.7 2.7 1.8 0.7 0 0 0.5 0.8 0 0 0 0 0 0 0 0.7 0.5 0 0 0.3 3 1.5 2.8 0.7 0 0 0 0.3 0.7
2002022019 0.2 0 0.3 0 0 1.3 0.5 1.1 0.4 0 0.1 0 1.5 0.2 0.5 0.1 0.2 0 0 0 0.1 0.9 0 0 0 0 0 0 2.3 1.9 0.8 1 0 0.8 2.1 1.7 1.1 0.6 0.3 0 0.8 1.4
2002022020 1.1 0.2 0.9 2.7 0 0.4 0.2 0.3 0.1 0.6 0.1 1.8 0.8 1.8 3.1 2.2 1.3 1.3 1.2 2 1.5 0.6 0.5 0.9 0.1 0.6 0 0 0.5 0.8 0.4 0.4 0.1 2 1.3 2 1.6 0.3 0 0 0.8 0.4
2002022021 0.4 0 0.6 0.3 0 0.3 0.2 1.8 0 0 0 0.2 0 0.3 0 0.6 0.6 0.6 0.8 0.1 0.4 0.5 0.7 0.7 2 0.7 0.2 0.6 1.2 1.2 0.8 0.2 0.7 0.3 1.8 1 1.5 0.7 1.3 2.3 1.3 0.2
2002022022 0 0 0.3 0.1 0 0 0.5 0.8 0 0.1 0 0.1 0 0.3 0.1 0.7 1 0 0.1 0 0.1 0.3 0.5 0 0 0.1 0.6 0.4 0.5 0.3 0.1 0 0.2 0 0 0 0 0.2 0.1 0 0.8 0.7
2002022023 2.9 2.4 2 3 0 0.5 0.6 0.7 0.3 1.7 1.9 1.5 1.3 1.1 1 0.1 0.9 0 0.2 0.1 0.1 0.4 0.6 0 0 0 0.1 0.1 0.4 0.3 0.1 0 0.1 0.8 0 0.1 0 0 0 0 0.7 0.7
2002022100 0.8 0.1 0.6 0.1 0 0.4 0.3 0.5 0.3 0.4 0.4 2 0.1 0.4 1 2.2 1.1 1.1 1.1 0.9 1 0.4 0.5 1 0.3 0.6 0.6 0.4 0.3 0.1 0.2 0 0 1.3 1.3 3.8 2.1 0.1 0 0 0.6 0.5
2002022101 0 0 0.1 0 0 0.1 0.1 0.2 0.1 0 0 0 0 0 0 0 0.1 0.6 0.3 0.2 0.3 0.1 0.1 0.8 0.8 0.5 0.6 1 0.1 0.1 0 0 0 0.1 0.2 0.2 0.2 0 0.5 0.4 0.7 0.3
2002022102 0 0 0 0 0 0 0 0.1 0 0 0 0 0.1 0 0 0 0 0 0 0 0 0 0 0.2 0 0 0.1 0 0.1 0.1 0 0 0 0 0.1 0 0 0 0.1 0.1 0.1 0
2002022103 0 0 0 0 0 0 0 0 0 0 0 0 0 0 0 0 0 0 0 0 0 0 0 0.2 0 0 0 0 0 0 0 0 0 0 0 0 0 0 0 0 0 0
2002022104 0 0 0 0 0 0 0 0 0 0 0 0 0 0 0 0 0 0 0 0 0 0 0 0 0 0 0 0 0 0 0 0 0 0 0 0 0 0 0 0 0 0.1
2002022105 0 0 0 0 0 0 0 0 0 0 0 0 0 0 0 0 0 0 0 0 0 0 0 0 0 0 0 0 0 0 0 0 0 0 0 0 0 0 0 0 0 0
2002022106 0 0 0 0 0 0 0 0 0 0 0 0.1 0 0 0 0 0 0 0 0 0 0 0 0 0 0 0 0 0 0 0 0 0 0 0 0 0 0 0 0 0 0
2002022107 0 0 0 0 0 0 0 0 0 0 0 0 0 0 0 0 0 0 0 0 0 0 0 0 0 0 0 0 0 0 0 0 0 0 0 0 0 0 0 0 0 0
2002022108 0 0 0.6 0 0 0 0 0 0 0 0 0 0 0 0 0 0.2 0.1 0 0 0 0 0 0.2 0 0.8 0.3 0 0 0 0 0 0 0 0 0 0 0 0 0 0 0.4
2002022109 0 0 0.2 0 0 1 0.1 0 0.1 0 0 0 0 0 0 0.1 0.2 0 0.3 0 0 0.6 0.6 0 0 0.4 0.8 0 0 0 0.7 2.6 0 0 1 0 0 0.1 0 0 1 2.2
2002022110 0 0 0.1 0 2.6 0.2 0.9 1.6 0.2 0 0 0 0 0 0 0 0 0 0.5 0 0 0 0.1 0 0 0 0.4 0.3 0.3 3.7 0.1 0.3 0 0 0.4 0 0 0.2 0 0 0.9 2.1
2002022111 0 0 0 0 3.1 0 3.5 1.6 1.2 0 0 0 0 0 0 0 0 0 0 0 0 0 0.2 0 0 0 0.5 0.1 1.1 0.9 0 0.1 0 0 0.1 0 0 0.2 0 0 0.1 0.8
2002022112 0 0 0 0 1.6 0 1.9 1.2 0.1 0 0 0 0 0 0 0 0 0 0 0 0 0 0 0 0 0 0.1 0 0.5 0.5 0.1 0 1.1 0 0 0 0 0 0 0 0 0.4
2002022113 0 0 0 0 0.9 0 0.7 0.8 0 0 0 0 0 0 0 0 0 0 0 0 0 0 0 0 0 0 0 0 0.4 0 0 0 1.2 0 0 0 0 0 0 0 0 0.1
2002022114 0 0 0 0 0.2 0 0.4 0.1 0 0 0 0 0 0 0 0 0 0 0 0 0 0 0 0 0 0 0 0 0.2 0 0 0 0.7 0 0 0 0 0 0 0 0 0
2002022115 0 0 0 0 0.1 0 0.1 0 0 0 0 0 0 0 0 0 0 0 0 0 0 0 0 0 0 0 0 0 0.1 0 0 0 0.3 0 0 0 0 0 0 0 0 0
2002022116 0 0 0 0 0.1 0 0 0 0 0 0 0 0 0 0 0 0 0 0 0 0 0 0 0 0 0 0 0 0 0 0 0 0 0 0 0 0 0 0 0 0 0
2002022117 0 0 0 0 0 0 0 0 0 0 0 0 0 0 0 0 0 0 0 0 0 0 0 0 0 0 0 0 0 0 0 0 0 0 0 0 0 0 0 0 0 0
2002022118 0 0 0 0 0 0 0 0 0 0 0 0 0 0 0 0 0 0 0 0 0 0 0 0 0 0 0 0 0 0 0 0 0 0 0 0 0 0 0 0 0 0
2002022119 0 0 0 0 0 0 0 0 0 0 0 0 0 0 0 0 0 0 0 0 0 0 0 0 0 0 0 0 0 0 0 0 0 0 0 0 0 0 0 0 0 0
2002022120 0 0 0 0 0 0 0 0 0 0 0 0 0 0 0 0 0 0 0 0 0 0 0 0 0 0 0 0 0 0 0 0 0 0 0 0 0 0 0 0 0 0
2002022121 0 0 0 0 0 0 0 0 0 0 0 0 0 0 0 0 0 0 0 0 0 0 0 0 0 0 0 0 0 0 0 0 0 0 0 0 0 0 0 0 0 0
2002022122 0 0 0 0 0 0 0 0 0 0 0 0 0 0 0 0 0 0 0 0 0 0 0 0 0 0 0 0 0 0 0 0 0 0 0 0 0 0 0 0 0 0
2002022123 0 0 0 0 0 0 0 0 0 0 0 0 0 0 0 0 0 0 0 0 0 0 0 0 0 0 0 0 0 0 0 0 0 0 0 0 0 0 0 0 0 0
2002022200 0 0 0 0 0 0 0 0 0 0 0 0 0 0 0 0 0 0 0 0 0 0 0 0 0 0 0 0 0 0 0.1 0 0 0 0 0 0 0 0 0 0 0
2002022201 0 0 0 0 0 0 0 0 0 0 0 0 0 0 0 0 0 0 0 0 0 0 0 0 0 0 0 0 0 0 0 0 0 0 0 0 0 0 0 0 0 0
2002022202 0.1 0 0 0.2 0 0 0 0 0 0 0 0 0 0.1 0 0 0 0 0 0 0 0 0 0 0 0 0 0 0 0 0 0 0 0 0 0 0 0 0 0 0 0
2002022203 0.1 0.1 0 0.1 0 0 0 0 0 0.1 0 0.1 0 0 0.1 0 0 0 0 0 0 0 0 0 0 0 0 0 0 0 0 0 0 0.1 0 0 0 0 0 0 0 0
2002022204 0.1 0 0 0 0 0 0 0 0 0 0 0 0 0 0 0 0 0 0 0 0 0 0 0 0.1 0 0 0 0 0 0 0 0 0 0 0 0 0 0 0 0 0
2002022205 0 0 0.3 0 0 0 0 0 0 0 0 0 0 0 0 0 0 0 0 0 0 0 0 0.4 0.6 0 0 0 0 0 0 0 0 0 0 0 0 0 0 0 0 0
2002022206 0 0 0.2 0 0 0.3 0 0 0 0 0 0 0 0 0 0 0.1 0.1 0 0 0 0 0 0.5 0.6 0 0 0 0 0 0 0 0 0 0 0 0 0 0.1 0.1 0 0
2002022207 0 0.4 0.2 0.5 0 0.3 0 0 0 0.7 0.2 0.1 0.8 0.4 0.1 0 0.3 0 0 0 0 0 0.1 0.4 0.2 0 0 0 0 0 0 0 0 0 0 0 0 0 0.2 0 0 0
2002022208 1.6 1.4 2.4 2.2 0 1.3 1.5 0.8 0 1.5 1.2 1.4 0.8 1.1 1.2 1.3 1.5 0.5 0.1 0.4 0.6 0.6 0.7 0.9 0.9 0.5 0 0 0 0 0 0 0 1.2 0.7 1 0.6 0 0 0 0.1 0
2002022209 1.6 1.1 2.7 1.8 0.8 2.4 0.7 0.9 0 1.8 1.5 2.1 1.5 1.5 1.2 2.2 1.8 1.8 0 1.1 1.7 1.3 1.7 2.1 1.9 1.9 0 0 0.7 0.9 0 0 0 2.3 1.5 2.9 2.7 0 0.4 2 0 1.2
2002022210 0.3 0.2 0.7 0.1 1.8 1.3 1 0.1 0.1 1.1 0.1 0.9 1 1.1 1 0.7 1.1 1.3 0 0.8 0.8 1.1 1.3 1.9 6.3 4.2 2 0 1.6 1.2 0 0 0 0.8 1.2 1 1.4 0 1.7 0.8 0 2
2002022211 0.2 0 0.9 0.1 1.5 0.4 0.6 0.4 0 0.7 0 0.4 0.5 0.6 0.5 0.8 1 1.2 0 0.7 0.5 0.5 1.1 1.2 2.3 1.8 1.7 0.1 0.7 0.9 0 1.6 0 0.4 0.3 0.9 1.5 0.1 1.3 0.9 0.2 0.5
2002022212 0.1 0.2 0.7 0 0.6 0.2 0.4 0.4 0 0.2 0.1 0 0.3 0.5 0.2 0.1 0.2 0.2 0 0 0.1 0 0.5 1 1.8 1.5 0.8 0 0.3 0.2 0 0.2 0.1 0.1 0.1 0.1 0.2 0 0.7 0.8 0.2 0.4
2002022213 0.6 0.2 1.6 0.2 0.5 0.3 0.4 0.2 0.2 0.6 0.4 0.2 0.6 0.6 0.5 0.4 0.6 0.1 0.2 0 0 0 0.4 1.4 2.7 0.7 0.6 0 0 0.1 0 0.2 0 0.1 0 0.5 0.5 0 0.1 0.2 0.3 0.2
2002022214 0 0 0.8 0 0.7 1.3 0.7 0.3 0 0.3 0 0.9 0.1 0.2 0.4 0.8 0.3 0.3 0.1 0.2 0.2 0.2 0.3 0.8 1.3 0.4 0.4 0 0.1 0.2 0 0.3 0 0.8 0.3 1 0.8 0.1 0.3 0.3 0.2 0.2
2002022215 0 0 0 0 0.2 0.6 0.3 0.5 0 0 0 0 0 0 0 0 0 0.1 0.2 0 0.1 0.1 0.1 0.4 1.1 1 1 0.6 0.1 0.3 0.1 0.2 0 0.1 0.4 0.1 0 0.2 0.6 0.7 0.7 0.6
2002022216 0 0 0 0.1 0 0 0 0 0.1 0 0 0 0 0 0 0 0 0 0 0 0 0 0 0.1 0 0 0 0.3 0 0 0 0 0 0 0 0 0 0 0 0 0 0
2002022217 0.1 0 0 0 0.1 0.1 0.1 0 0.2 0 0 0.1 0 0 0 1.2 0 0.1 0.1 0 0 0.2 0.1 0 0 0 0 0 0.1 0.2 0 0.1 0.6 0 0 0.1 0.2 0 0 0.1 0 0.2
2002022218 6.1 0 0 5.9 0 0.3 0 1.1 0.2 0 0 0 0 0 0 0 0 0 0.1 0 0 0.1 0 0.7 1.3 2.3 0.7 0.6 0 0.1 0 0 0.7 0 2 0.2 0.4 0 0 0 0.6 1.2
2002022219 2.7 2.1 0.9 0.8 0.1 0 0 0 1.2 0 0.7 0 0 0 0 0 0 0.2 0.4 0.4 0 0.2 1.1 0 0.3 0.3 0.2 0.5 0.8 0.6 1 0.8 0.3 0 0 0 0 0.7 0 0.1 0.6 0
2002022220 0.1 0.1 1 0.1 1.4 0 0.1 0 0 0.1 0 0 0 0 0 0 0 0.1 0.1 0 0 0.2 0.1 0 0 0 0 0 0.1 0 0.1 0 0 0 0 0 0 0.8 1.6 0 0 0
2002022221 0.2 0.2 0.9 0.1 0 0 0 0.2 0 0 0 0 0 0 0 0 0 0 0 0 0 0 0 0 0 0 0 0 0.1 0.4 0 0 0 0 0 0 0 0 0 0 0 0.5
2002022222 0.4 0 0 2.1 0 0 0 0.1 0.1 0 0 0 0 0 0 0 0 0 0 0 0 0 0 0 0 0 0 0 0 0 0 0 0 0 0 0 0 0 0 0 0 0
2002022223 0.1 0 0 0.5 0 0 0 0 0 0 0 0 0 0 0 0 0 0 0 0 0 0 0 0.1 0 0.2 0 0 0 0 0 0 0 0 0 0 0 0 0 0 0 0
2002022300 0 2.2 0 0 0 0 0 0 0 0.2 0 0 0 0 0 0 0 0 0 0 0 0 0 0 0.4 0.1 0 0.1 0 0 0 0 0 0 0 0 0 0 0.1 1 0 0
2002022301 0 0.3 0.2 0 0 0 0 0 0.6 0.9 0 0.2 0 0 0 0 0 0 0 0 0 0 0 0 0 0 0 0 0 0 0 0 0 0.4 0 0 0 0 0 0 0 0
2002022302 0 0 0 0 0 0 0 0 0.4 0 0 0 0 0.2 1 0.2 0 0 0 0 0 0 0 0 0.3 0.2 0 0 0 0 0 0 0 0 0 0.2 0 0 0 0 0 0
2002022303 0 0 0.7 0 0 0 0 1.1 0 0 0.1 0 0 0 0 0 0 4 1.7 1 0 0 0.7 0 0 0 0.3 0.3 0.2 0 0.7 0.6 0 0 1.2 1.6 0.3 0.9 0 0 0.9 0.9
2002022304 0 0 0.1 0 0.1 0 0 0.6 0.1 0 0 0 0 0 0 0 0 0.1 0.9 0 0 0 0.2 0 0.1 0.1 0 0.1 0 0 0.1 0 0 0 0 0 0 0.4 0 0 0 0.3
2002022305 1 0 0 0.4 0 0 0 0.7 0 0 0 0 0 0 0 0 0 0 0.6 0 0 0 0 0 2.1 1.5 0.1 0.2 0 0 0.1 0.1 0 0 0 0 0 0.2 0 1.5 0.1 0.2
2002022306 0 0 0 0 0 0 0 0.2 0 0 0 0 0 0 0 0 0 0 0.1 0 0 0 0 0 0 0 0 0 0 0 0 0 0 0.1 0 0 0 0 0 0.3 0 0.1
2002022307 0 0 0 0 0 0 0 0.3 0 0 0 0 0 0 0 0 0.3 0 0.3 0 0.1 0.1 0 0 0 0 0 0 0 0 0 0.1 0 0 0 0 0 0 0.2 0.2 0.1 0.2
2002022308 0 0 0 0 0 0 0 0 0 0 0 0 0 0 0 0 0 0 0.1 0 0 0.1 0 0 0 0 0 0 0.3 0.1 0.2 0 0 0 0 0 0 0.1 1.5 0 0 0.1
2002022309 0 0 0 0 0 0 0 0 0 0 0 0 0 0 0 0 0 0 0 0 0 0 0 0.1 0.3 0.1 0.1 0 0 0 0 0 0 0 0 0 0 0 0 0 0 0
2002022310 0 0 0 0 0 0 0 0.2 0.1 0 0 0 0 0 0 0 0 0.8 0.7 0 0 0 0.7 1.2 0.9 0.7 1.7 0.7 0.3 0.1 0.3 0.3 0 0 0 0 0 0.9 0 0.1 0.6 0.1
2002022311 0.5 0 0 0.1 0 0 0 0 0 0 0 0 0 0.6 0.1 0.2 1.1 0 0.1 0 0 0 0 0.1 0.6 0.3 0.8 0.9 0 0.1 0 0 0 0 0 0 0.1 0 1.9 2.9 0 0
2002022312 2.8 1.6 0.1 0.3 0 0.1 0 1.4 0.1 0 0 0 0 0.1 0 0.7 1.9 0 0 0 1.1 0 0 0 0 0 0 0 0 0.2 0 0 0.5 0 1.3 0.3 1.7 0 3.2 0 1 0.5
2002022313 0.7 1.3 0.1 1.3 0 0 0 0.4 0.1 0.1 0.3 0 0 0 0.3 0.3 0.1 0 0 0 0 0 0 0.2 1.6 1 0.5 0.9 0.1 0.4 0 0 2 0 0.2 0.6 0.4 0 1.1 0 1.5 0.9
2002022314 1.8 0.4 0 1.8 0.1 0.1 0 0.1 0 0 0.4 0.3 0 0 0.7 0.1 0 0 0 0 0 0 0.2 0.5 0.2 0.1 0.7 0.7 0 0 0.1 0 0.4 0.1 0.3 0.7 0.5 0 2.3 1.8 0 0.3
2002022315 0.4 1.2 0 0.3 0 0 0 0.4 0 0.1 0.4 0.2 0.4 0.1 0.5 0.1 0.4 0.1 0 0.9 0.6 0.3 0.2 0 0 0 0.7 0.4 0.1 0.1 0.4 0 0 0 0.3 0.1 0.7 0.2 0.3 2.8 0.9 0.4
2002022316 0.3 0.8 0 0 0 0 0 0 0 0.1 0.2 0.3 0.8 0.7 0.8 0 0.2 0.7 0.1 0.5 0.8 0 0 0.6 0.1 0.1 0 0 0 0 0.2 0 0 0 0 0.5 0.5 0 0.2 0.5 0 0
2002022317 0 0.2 0 0 0 0 0 0 0 0.1 0.1 0.6 0.3 0.4 0.6 0.1 0 0.1 0.1 0.6 0.9 0 0 0.4 0.2 0 0 0 0 0 0 0 0 0 0 0.6 0.6 0 0.1 0.2 0.1 0
2002022318 0.1 0.2 0 0 0 0 0 0 0 0 0 0 0 0 0 0 0.1 0 0 0.2 0.2 0 0 0.4 0.5 0 0 0 0 0 0 0 0 0 0 0.2 0 0 0.1 0.3 0 0
2002022319 0 0.1 0 0 0 0 0 0 0 0 0.1 0 0.1 0 0 0 0 0.1 0 0 0 0 0 0.3 0.1 0 0 0 0 0 0 0 0 0 0 0 0 0 0.1 0 0 0
2002022320 0 0.1 0 0 0 0 0 0 0 0 0.1 0 0 0 0 0 0 0 0 0 0 0 0 0 0 0 0 0 0 0 0 0 0 0 0 0 0 0 0 0 0 0
2002022321 0 0 0 0 0 0 0 0 0 0 0 0 0 0 0 0 0 0 0 0 0 0 0 0 0 0 0 0 0 0 0 0 0 0 0 0 0 0 0 0 0 0
2002022322 0 0 0 0 0 0 0 0 0 0 0 0 0 0 0 0 0 0 0 0 0 0 0 0 0 0 0 0 0 0 0 0 0 0 0 0 0 0 0 0 0 0
2002022323 0 0 0 0 0 0 0 0 0 0 0 0 0 0 0 0 0 0 0 0 0 0 0 0 0 0 0 0 0 0 0 0 0 0 0 0 0 0 0 0 0 0
2002022400 0 0 0 0 0 0 0 0 0 0 0 0 0 0 0 0 0 0 0 0 0 0 0 0 0 0 0 0 0 0 0 0 0 0 0 0 0 0 0 0 0 0
2002022401 0 0.1 0 0.7 0 0 0 0 0 0 0 0 0 0 0 0 0 0 0 0 0 0 0 0 0 0 0 0 0 0 0 0 0 0 0 0 0 0 0 0 0 0
2002022402 0 0.3 0 0.1 0 0 0 0 0 0.1 0 0.1 0 0 0.1 0 0 0 0 0 0 0 0 0 0 0 0 0 0 0 0 0 0 0 0 0 0 0 0 0 0 0
2002022403 1 1 0 0.8 0 0 0 0 0 0.6 0 0 0.4 0 0.1 0 0 0 0 0 0 0 0 0 0 0 0.1 0 0 0 0 0 0 0.1 0 0 0 0 0 0 0 0
2002022404 0.4 0.7 0 0.8 0 0 0 0 0 0.3 0 0 0.3 0.1 0.8 0 0.1 0 0 0 0 0 0 0 0 0 0 0 0 0 0 0 0 0.1 0 0.8 0 0 0 0 0 0
2002022405 0.3 0.3 0 0.6 0 0 0 0 0 0.1 0.1 0.1 0.1 0.3 0.1 0 0.1 0 0 0 0.2 0 0 0 0 0 0 0 0 0 0 0 0 0 0 0.1 0.2 0 0 0 0 0
2002022406 0 0.2 0 0.3 0 0 0 0 0 0.1 0.6 0.5 0 0.1 0.1 0 0 0 0 0 0 0 0 0 0 0 0 0 0 0 0 0 0 0 0 0.1 0.3 0 0 0 0 0
2002022407 0.1 0.1 0 0.5 0 0 0 0 0 0.2 1.4 0.9 0 0.1 0 0 0 0.4 0 0.1 0 0 0 0 0 0 0 0 0 0 0 0 0 0 0 0 0.1 0 0 0.1 0 0
2002022408 0.1 0.7 0 0.1 0 0 0 0 0 0.7 0.3 0.5 0.2 0.2 0 0.7 0.3 1.4 0 0.1 0.1 0 0.2 0.8 0.8 0.3 0 0 0 0 1.3 0 0 0.6 1.2 0.4 0 0.5 0.4 0.9 0.8 0.1
2002022409 0.6 1.1 0 0 0 0 0 0.3 0 0.5 0.3 1 0.1 0 0 1.5 0.2 0.2 0.3 0 0 0.9 1.9 0.6 0.2 0.9 0.2 1.2 1.3 0.1 0 0.1 0.5 0.8 1.1 1.4 0 0 0.1 0.4 1.3 1.4
2002022410 0 1 1.9 0 0 0 0 1.3 0.1 0.1 0 0.2 0 0 0 0.5 0.1 0 0.2 0 0 0.5 0.7 0.1 0 0.4 0.3 1.3 2 0 0.1 0 1.7 0.3 0.1 0.8 0 0 0 0 0.7 1.4
2002022411 0 0.5 3.2 0 0.2 2.2 1.5 1.8 0 0 0 0 0 0 0 0 0 0 0.1 0 0 0.3 0.3 0 0 0 0.3 0.7 1.2 0.6 0 0.1 1.7 0 0 0 0 1 0 0 0.4 1.3
2002022412 0 0.3 2 0 1.9 1.5 2.1 0.7 0 0 0 0 0 0 0 0 0 0 0 0 0 0 0 0 0 0 0 0 0.4 0.5 0 0 1 0 0 0 0 0.6 0 0 0 0.3
2002022413 0 0.1 1.4 0 1.1 0.8 1.7 0.1 0.1 0 0 0 0 0 0 0 0 0 0 0 0 0 0 0 0 0 0 0 0 0.1 0 0 0.7 0 0 0 0 0.2 0 0 0 0
2002022414 0 0 0.9 0 0.6 0.5 1.1 0 1.3 0 0 0 0 0.1 0 0 0.3 0 0 0 0 0 0 0 0 0 0 0 0 0 0 0 0.3 0 0 0 0 0 0 0 0 0
2002022415 0 0.2 0.6 0 0.3 0.2 0.5 0 0.7 0.7 0 0.3 0.7 0.6 0.7 0.7 0.9 0.5 0.4 0.4 0.6 0 0.3 0.3 0.5 0.5 0.2 0 0 0 0 0 0.2 0 0 0.4 0.3 0 0.2 0 0 0
2002022416 0.1 1.1 0.3 0.5 0.1 0 0.2 0.2 0.2 0.9 0.7 0.7 0.5 0.8 1.1 1 0.9 0.6 0.5 0.5 0.4 0.1 0.4 0.8 1.4 0.7 0.5 0.7 0 0.1 0 0 0 0.7 0.5 1.3 0.9 0 0 0.6 0 0
2002022417 0.8 0.6 0 0.9 0 0 0.1 0.2 0 0.5 0.6 0.8 0.5 0.5 0.7 0.8 0.7 0.4 0.3 0.4 0.5 0.2 0.4 0.7 0.8 0.5 0.2 0.6 0.1 0 0 0 0.1 0.4 0.7 1 0.7 0 0.2 0.3 0 0
2002022418 0.4 0.4 0.1 0.5 0 0.1 0 0.2 0.1 0.8 0.5 0.7 0.7 0.6 0.8 0.8 1 0.6 0.4 0.5 0.4 0.4 0.5 1.2 1.8 0.7 0.2 0.7 0.1 0.1 0 0 0 0.6 0.9 0.8 0.7 0 0.8 0.7 0 0
2002022419 0.4 0.4 0.1 0.3 0 0 0 0.3 0 0.8 0.3 0.6 0.8 0.9 0.8 0.9 1.2 0.8 0.4 0.8 0.8 0.5 0.1 2.3 2.2 0.7 0.1 0.6 0.2 0 0 0 0 0.6 0.9 0.7 0.9 0 1.3 0.9 0.2 0
2002022420 0.3 0.6 0.8 0.6 0 0.8 0.1 0.4 0 0.9 0.6 0.7 0.8 0.8 1 0.7 1.1 0.8 0.2 1 1 0.3 0.1 1.9 1.4 0 0.1 0.2 0.2 0 0 0 0 0.8 0.7 1 1 0 0.8 0.8 0.2 0
2002022421 0.8 1.1 1.2 0.7 0 0.8 0 0.3 0 1.2 0.6 1.3 1.3 0.8 1.1 1.7 1.5 0.8 0 0.9 0.9 0.3 0 1.3 1.3 0.5 0 0 0.2 0 0 0 0 1.3 1 1.4 1.3 0 0.3 0 0.2 0.1
2002022422 0.7 0.9 1.7 0.6 0 1.2 0 0.2 0 1 1.1 1 0.3 0.2 0.5 0.9 0.7 1.5 0.5 0.8 0.6 1.5 0.5 1.6 1.5 1.5 0.1 0.2 0.1 0 0 0 0 1.1 0.8 1.4 1.5 0 2 1.6 0.1 0
2002022423 1 1.2 2.8 1.1 0 2 0.8 1.2 0.1 0 0.7 0.1 0 0 0 0.1 0 0.4 0.9 0.2 0.2 1.2 1.2 0.6 0.7 1.1 0.9 1.1 0.8 0.1 0.1 0.3 0 0 0.2 0.2 0.1 0 1.6 2.9 0.1 0
2002022500 0.8 0.5 2.8 1.1 2.2 2.3 3.3 2.1 0.1 0.2 0.6 0.5 0 0.1 0 0.1 0.3 0.1 1.2 0.1 0.2 0.4 2 2.2 1.1 1.1 4.9 2.9 1.8 3.2 2.9 1.9 0 0.4 0.2 0.2 0.3 0.5 0.6 1 0.2 0.2
2002022501 1.6 0.6 3.2 1 3.6 1.9 4.4 2.5 1.8 0.2 0.2 0.3 0.1 0.2 0.1 0 0.1 0.7 1.6 0.3 0.4 0.7 1.4 0.4 0.8 0.9 2.5 2 1.6 2.4 0.7 0.4 0.7 0.4 0.3 0.1 0.4 3.4 0.3 0.6 1.6 1.9
2002022502 1.6 0.4 2.7 0.8 4.9 1.3 4.9 0.4 3 0.2 0.1 0.1 0.1 0.5 0.3 0.6 0.9 1.2 1.4 0.4 0.7 1.5 0.4 0.8 1 0.6 1.3 0.8 0.6 1.2 1.4 1.3 6.2 0.1 0.6 0.5 0.8 3.6 0.2 0.2 1.5 2.3
2002022503 1.8 0.6 3 0.9 3.7 1.6 5.9 0.3 5.3 0.5 0.3 0.4 0.5 0.7 0.6 0.7 0.9 0.7 0.6 0.5 0.5 0.9 0.3 0.4 0.5 1.1 0.8 0.4 0.2 0.6 1.2 1.1 4.5 0.1 0.4 0.6 0.7 1.9 0 0 1.5 2.1
2002022504 1.2 1.1 2.7 1.1 2.9 2.1 4.6 0.9 4.7 1 1.2 1.1 1.3 0.7 1 1.1 0.9 1 0.6 0.5 0.5 1 0.7 0.9 1 1.4 0.8 0.5 0.5 0.7 1.2 1 3.5 1.4 1.3 1.5 0.9 1 0.6 0.6 1.4 2.4
2002022505 1.4 1.3 2.8 1.2 2.4 1.7 4.2 0.9 4 1 1.1 1.2 1 1.2 1.5 1.2 0.8 1.2 0.8 0.6 0.8 1.1 1.1 1.7 1.3 1.9 1 0.6 0.6 0.8 1.1 1.8 3.3 1.7 1.1 1.2 1.1 0.7 1 0.9 1.4 2
2002022506 1 0.9 1.7 0.8 1.4 1.1 3.4 1.3 3.2 1.1 0.8 1.1 1.1 1 1.3 1 1.2 1.1 1.1 0.7 0.9 0.9 0.8 1.7 1.5 1.7 1.2 1 0.7 0.7 1.3 1.8 2.8 1.3 1 1.3 0.9 1.3 2 1.5 1.1 2.5
2002022507 1.1 1.3 1.5 1 1.3 1.2 3.1 1 3.3 1.5 0.8 1 1.9 1.3 1.6 1.5 1.5 1.3 1.3 0.9 1.3 1.5 1 1.5 0.8 1.1 1.4 1.1 0.7 0.8 1.6 2.5 2.1 0.9 1.1 1.6 1.2 1.5 1.2 0.5 0.8 2
2002022508 1.7 1.3 2.2 1.6 1.9 1.6 2.6 1.6 3.8 0.9 1.3 1.4 0.9 0.4 1.3 1.9 0.8 1.2 1 0.7 0.9 1 0.6 0.8 0.5 0.6 0.8 0.6 1.1 1.2 1.1 1.4 2.7 1.2 2.2 1.8 1.3 1.8 0.7 0.4 1.1 1.9
2002022509 1.1 0.6 1.7 0.9 2 1.7 2.7 1.3 4.1 0.2 0.5 0.4 0.1 0 0.1 0.3 0.1 0.2 0.2 0.1 0.1 0.2 0.1 0.1 0.1 0.2 0.2 0.2 0.7 1 0.4 0.3 1.5 0.7 0.9 0.7 0.8 0.5 0.1 0.1 1.1 1.3
2002022510 0.7 0 0.5 0.2 1.9 0.5 1.4 0.5 3.2 0 0 0.1 0 0 0 0 0 0 0.1 0 0 0 0 0 0 0 0.1 0 0.1 0.1 0 0 0.5 0.1 0.2 0.1 0 0 0 0.1 0.2 0.5
2002022511 0 0 0 0 0.1 0 0 0.2 1 0 0 0 0 0.1 0 0 0.2 0 0 0 0 0 0 0.2 0 0 0 0 0 0 0 0 0.1 0 0 0 0 0 0 0 0.1 0.2
2002022512 0 0 0 0 0 0 0 0.1 0.6 0.2 0 0.1 0.4 0.1 0.4 0.1 0.4 0.7 0.2 0.9 0.2 0.3 0.5 0.3 0.7 0.8 0.2 0.2 0 0.2 0.7 1 0.1 0 0.1 0.4 0.1 0.1 0 0.1 0 0
2002022513 0.2 0.4 1.1 0 0.5 0.8 0.4 0.2 1 0.5 0.1 0.5 0.2 0.2 0.4 1 0.8 0.3 0.4 0.5 0.1 0.3 0.3 0.3 0.6 0.1 0.2 0.1 0.4 0.3 1.4 0.9 0.5 0.3 0.3 0.6 0.6 0.7 0 0 0.1 0.4
2002022514 0 0 0.3 0 0.8 0.4 0.8 0.4 1.2 0.2 0.1 0.4 0.2 0 0.3 0.4 0.1 0.1 0.1 0.1 0.5 0.5 0.3 1.1 0.8 0.7 1.1 0.4 0.3 0.4 0.3 0.1 0.8 0.4 0.3 0.6 0.5 0.4 0.1 0 0.8 0.5
2002022515 0 0 0 0 0.1 0.2 0.1 0.3 1.3 0.1 0 0 0.1 0 0 0.1 0.1 0.2 0.3 0.1 0 0.2 0.4 0.7 0.4 0 0.7 0.7 0.1 0.2 0.1 0.2 0.6 0 0.1 0.1 0.2 0 0.1 0.1 0.7 0.5
2002022516 0 0 0 0 0.1 0 0.1 0.4 0 0 0 0.1 0 0.2 0 0 0.4 0.4 0.2 0 0.2 0 0.6 0 0 0.3 0.3 0.3 0.1 0.1 0.1 0.1 0.1 0 0.2 0 0.3 0.3 0.1 0.1 0.2 0.3
2002022517 0.3 0.7 0.8 0.5 0.4 0.3 0.3 0.4 0.5 0.5 0.3 0.8 0.3 0.7 0.6 0.4 0.6 0.9 0.6 0.2 0.1 0.2 1 0.3 0.1 0 0.4 0.3 0.4 0.2 0.4 0.6 1.1 0.4 0.6 0.6 0.7 1.2 0 0 0 0.5
2002022518 0.2 0.2 0.3 0.2 0.7 0.2 0.5 1.3 1.2 0.4 0.1 0.4 0.3 0.4 0.4 0.5 0.5 0.4 0.3 0.2 0.1 0.2 0.5 0.5 0.5 0.3 0.6 0.8 0.3 0.5 0.3 0.3 1 0.3 0.4 0.3 0.4 0.6 0.2 0.3 0.6 1.4
2002022519 0.3 0.2 0.4 0 0.6 0.4 0.4 0.5 0.5 0.1 0 0.2 0.3 0.2 0.2 0.3 0.3 0.5 0.4 0 0.1 0.3 1 0.8 0.6 0.6 0.9 1.3 0.6 0.3 0.5 0.2 0.3 0.3 0.4 0.3 0.4 1 0.4 0.4 0.5 0.7
2002022520 0.1 0.6 0.1 0.2 0.5 0 0.1 0.5 0.3 0.5 0.3 0.5 0.4 0.6 0.6 0.4 0.4 0.5 0.3 0.2 0 0.2 0.6 0.8 0.5 0.5 0.6 0.7 0.3 0.3 0.2 0.2 0.5 0.2 0.3 0.3 0.4 0.3 0.4 0.3 0.2 0.7
2002022521 0.3 1 0.7 0.5 0.6 0.8 0.5 1 1.1 1.2 0.6 1.5 1 1.5 1.2 1.1 1.3 0.8 0.6 1.2 0.4 0.4 1.3 2 0.9 1.1 0.8 0.8 0.8 1.7 0.6 0.5 0.8 0.9 0.9 1.7 1.2 0.5 0.1 0 0.6 0.7
2002022522 0.8 1 1.1 0.5 0.9 0.8 0.7 1.4 1.5 1 0.6 1.6 1 1.4 1.4 1.5 1.7 1.1 0.9 0.8 0.8 1 1.8 2.4 1.9 1.4 2.2 2.2 0.8 1.7 0.5 0.6 1.3 1.2 1 1.7 1.5 0.9 0.4 0.7 1.3 1.2
2002022523 0.8 0.8 0.9 0.4 0.8 0.8 0.9 1.3 1.4 0.8 0.5 1.1 0.8 1.2 1.2 1.4 1.4 1.6 1.6 0.8 0.7 0.8 1.8 3.2 3.1 1.9 2.3 2.8 1.2 1.7 0.9 1.5 1.3 1 1.1 1.5 1.5 1.1 1.2 1.4 1.6 1
2002022600 0.4 0.7 0.6 0.4 0.7 0.4 0.6 1 1.4 0.8 0.3 0.9 1 1.3 0.9 1 2 0.9 0.8 0.7 0.4 0.4 1.3 2.5 3.4 1.7 1.9 2.1 0.9 1.1 0.7 0.7 0.8 0.6 0.7 0.9 1 1 1.3 1 1.1 1.1
2002022601 0.2 1 0.5 0.5 0.4 0.3 0.3 0.6 0.9 1.2 0.4 0.9 1.4 1.4 1 1 1.8 1 0.7 0.4 0.3 0.4 1.5 2.4 2.6 1.4 2.3 2.4 0.4 0.6 0.5 0.5 0.8 0.6 0.5 0.7 0.8 0.6 1.1 0.8 0.6 0.4
2002022602 0.7 1.3 1.3 1 1.4 0.7 0.9 1 1.5 1.3 1.1 1.4 1.3 1.7 1.3 1.7 2.2 1.8 1.8 1.1 0.8 0.6 3.3 4 3 2.4 2.5 2.8 0.3 0.4 0.4 0.9 1.6 1.3 1 1.3 1.9 0.9 1.1 1.2 0.7 0.8
2002022603 0.8 1.8 1.4 1 1.7 1.3 1.3 2.3 2.4 1.2 0.9 1.4 1.4 1.5 1.4 1.9 2.1 2.3 2.7 1 1 0.9 3.8 4.6 3.9 2.7 3.8 4.9 0.8 1.2 1.2 1.6 2.1 1.5 1.3 1.7 2.2 2 1.8 1.9 1.2 1.9
2002022604 0.5 1.7 1.5 1 1.2 1.2 1.1 2.4 2.2 1.5 1.1 1.8 1.3 1.4 1.4 2.2 2.2 3 2.6 1.5 0.9 1 4.4 5.3 3.1 2.9 3.5 4.2 1.3 1.2 1.5 1.7 1.7 1.5 1.4 2.2 2.9 2.6 1.9 1.9 1.5 1.7
2002022605 0.4 1.2 1.3 0.6 1.3 1 0.9 2.5 1.7 1.4 1.2 1.7 1.5 1.5 1.1 1.6 1.6 2.3 2 1.3 0.4 0.7 3.5 4 3.1 2.2 3.5 4 0.6 0.8 1 1.3 0.6 1.5 1.4 2 2.1 1.8 0.8 1.2 0.7 1.9
2002022606 0.5 1.1 1.2 0.6 1.3 1.1 0.8 2.5 0.6 1.3 1.2 1.7 1.1 1.5 1.2 1.3 1.6 1.9 1.4 0.7 0.2 0.5 3 2.3 2.4 1.4 2.4 3.4 0.4 0.5 0.8 0.8 0.6 1.4 1.2 1.6 1.4 1.1 0.3 1.3 0.2 1.5
2002022607 0.7 0.9 1.5 0.8 1.7 1.5 1 3.2 1.2 0.9 0.8 1.7 0.6 0.9 1 1.6 1.5 2.9 2.5 1.3 0.8 0.8 3.9 4.8 3.5 2.2 3.4 5 0.9 1.3 1.7 1.6 1.1 1.7 1.8 2 2.4 2 2.3 2.5 0.8 2
2002022608 0 0.7 0.8 0.1 1 1 0.7 3 1 0.6 0.3 1.1 0.9 0.9 0.8 2.3 1.8 2.7 1.7 1 0.1 0.6 3.2 3.6 2.5 2 4.3 5 0.9 1.4 1.3 1.6 0.8 0.8 1.1 1.4 0.5 2.5 1.4 1.3 0.8 2.3
2002022609 0.5 0.1 0.8 0.1 0.6 1.1 0.7 2.1 1.3 0.3 0.6 1.5 0.1 1.7 2.5 3.2 1.7 2.3 1.6 1.3 0.3 0.5 2.7 3.1 3.5 1.8 4.5 5 0.5 1.2 0.9 1.2 0.7 2.9 1.3 2 1.5 1.6 0.4 0.8 0.4 2.2
2002022610 0 0 0.1 0 2.7 2.6 3.6 1.2 0.9 0 0 0.1 0 0 0 0 0 0.1 0.4 0 0.1 0.2 0 2.4 6 5 7.7 5.2 0.4 0.4 0.8 0.3 0.1 0.6 4.5 0 4.8 4.3 0.6 2.3 0.3 1.1
2002022611 0 0 0 0 0 0 0 0 0 0 0 0 0 0 0 0 0 0 0 0 0 0 0 0 0 0 0 0 0 0 0 0 0 0 0 0 0 0.6 0.3 2.2 0 0
2002022612 0 0 0 0 0 0 0 0 0 0 0 0 0 0 0 0 0 0 0 0 0 0 0 0 0 0 0 0 0 0 0 0 0 0 0 0 0 0.1 0 0 0 0
2002022613 0 0 0 0 0 0 0 0 0 0 0 0 0 0 0 0 0 0 0 0 0 0 0 0 0 0 0 0 0 0 0 0 0 0 0 0 0 1.1 0 0 0 0
2002022614 0 0 0 0 0 0 0 0.2 0 0 0 0 0 0 0 0 0 0 0 0 0 0 0 0 0 0 0 0 0 0 0 0 0 0 0 0 0 0 0 0 0 0.4
2002022615 0 0 0 0 0 0 0 0 0 0 0 0 0 0 0 0 0 0 0 0 0 0 0 0 0 0 0 0 0 0 0.1 0 0 0 0 0 0 0 0 0 0 0.7
2002022616 0 0 0 0 0 0 0 0 0 0 0.1 0 0 0 0 0 0 0 0 0 0.1 0.4 0 0 0 0 0 0 0.2 0.3 0 0.5 0.1 0 0 0 0 0 0 0 0 0
2002022617 0.1 0 0 0 0.3 0.3 0.5 0.2 0 0 0 0.2 0 0 0 0 0 0 0 0 0 0 0 0 0 0 0 0 0.6 0 0 0 0.1 0 0 0 0 0 0 0 0.3 0.3
2002022618 0 0.3 0 0 0.2 0 0 0 0 0 0.2 0 0 0 0 0 0 0 0.1 0 0 0 0 0 0.3 0 0.2 0.3 0 0 0.2 0 0 0 0 0 0 0.6 0 0.1 0 0
2002022619 0.1 0.3 0.4 0.1 0.3 0 0.2 0 0 0 0 0.1 0 0.3 0 0 0.1 0 0 0 0 0 0 0 0.5 0.1 0.8 2.7 0 0 0 0 0 0 0 0 0 0.6 0 0.1 0.2 0
2002022620 2.7 1.9 1.1 2.7 0.1 0.5 0.6 0 0 2 2.6 2.9 2.2 2.1 1.7 2.7 2 0 0 0.1 0 0 0 0 0.1 0 0 0.4 0 0 0 0 0 3 0 0.1 0 0.1 0 0 0 0
2002022621 1.1 0 1.3 0.1 4.8 3.2 4.1 2.1 2.6 0.1 0.3 0.5 0 0.1 0 0.4 0.1 4.5 0.5 2.4 2.7 4.4 3.7 3.1 0.6 1.3 0.2 2.6 0 2.9 0 0.6 2.9 0.6 3.4 2.2 3.3 0 0 0 0 2.4
2002022622 0 0 0 0 0 0 0 2.1 0.1 0 0 0.3 0 0.5 0.3 0.2 0.3 0.5 2.3 0.3 0.1 0.3 0.3 0.2 2.2 0.3 2.4 3.4 3.4 3.6 2.7 2.9 1.9 0.2 0.1 0.1 0.2 2.3 0 4.1 4.3 4.4
2002022623 0 0 0 0 0.3 0.4 0.3 0.1 0.4 0 0 0 0 0 0 0.1 0 0 0.1 0 0 0 0 0.9 1.2 0.6 0.7 0.6 0.2 0.1 0.1 0 0.1 0 0 0 0.1 0.1 0.1 0.7 0.3 0.3
2002022700 0 0.1 0 0 0 0 0 0.5 0.4 0 0 0 0.1 0 0 0 0 0 0.1 0.1 0.3 1.3 0 0.1 1.7 0.2 1.4 3.8 0.2 0.4 0.1 0 1.7 0 0.6 0 0.4 0.8 0 1 0.4 0.4
2002022701 0.2 1.3 0.3 2 0.1 0.4 0.2 1.5 0.4 1.6 0.9 2.1 1.8 3.4 1.8 6.4 4.5 0.1 0 0 0 0 0.1 0 0 0 0.2 1.4 0 0 0.1 0 1.1 0.7 0.1 4.6 0.1 0.6 1.9 0.7 0.1 0.7
2002022702 2.3 0.8 2.3 2 2.5 2.5 2.1 2.1 4.7 0.6 0.7 1.2 0.3 0.9 0.8 2.6 0.8 2.9 3.2 2.1 1.9 1.3 2.3 5.2 4.2 1.8 3.3 1 0.9 2.7 2 1.5 1.4 1.7 4 4.4 3.5 4.3 0.2 0.4 0.1 1.2
2002022703 0.4 0 0.5 0 1.6 0.8 1.6 1.3 2.9 0 0 0.2 0 0 0 0.4 0 0.6 0.5 0.5 0.4 0.5 0.4 0.4 0.8 0.4 1.3 2.3 1.6 0.8 0.9 0.6 1.6 0.3 1.3 0.9 0.7 3.5 2.8 3.1 2.1 1.2
2002022704 0 0 0 0 0.5 0 0.5 0.2 0.1 0.1 0 0 0 0.1 0.1 0 0.1 0 0 1.4 0.9 0.1 0 0 0 0 0 0.1 0.1 0.2 0 0 0.4 0 0.1 0.1 0.3 0.1 0.5 0.1 0.2 0.4
2002022705 0 0 0 0 0.1 0 0.1 0.2 0.1 0 0 0 0 0.1 0 0 0.1 1.1 0.9 0 0 0.8 1 0.8 2.2 1.3 1.1 0.4 1 1.4 0.7 0.6 0.2 0 0 0 0 0.8 0 0 0.4 0.3
2002022706 0 0 0 0 0 0 0 0 0 0 0 0 0 0 0 0.1 0 0 0 0 0 0.1 0 0 0.1 0 0.6 1.1 0.5 0.5 0 0 0 0 0 0.1 0.1 0 0 0.8 0.1 0
2002022707 0 0 0 0 0 0 0 0 0 0 0 0 0 0 0 0 0 0 0 0 0 0 0 0 0 0 0 0.1 0 0.1 0 0 0 0 0 0 0 0 0 0 0 0
2002022708 0 0 0 0 0 0 0 0 0 0 0 0 0 0 0 0 0 0 0 0 0 0 0 0 0 0 0 0 0 0 0 0 0 0 0 0 0 0 0 0 0 0
2002022709 0 0 0 0 0 0 0 0 0 0 0 0 0 0 0 0 0 0 0 0 0 0 0 0 0 0 0 0 0 0 0 0 0 0 0 0 0 0 0 0 0 0
2002022710 0 0 0 0 0 0 0 0 0 0 0 0 0 0 0 0 0 0 0 0 0 0 0 0 0 0 0 0 0 0 0 0 0 0 0 0 0 0 0 0 0 0
2002022711 0 0 0 0 0 0 0 0 0 0 0 0 0 0 0.4 0 0.1 0 0 0 0 0 0 0 0 0 0 0 0 0 0 0 0 0 0 0 0 0 0 0 0 0
2002022712 0 0 0 0 0 0 0 0 0 0 0 0 0 0 0 0 0 0 0 0 0 0 0 0 0 0 0 0 0 0 0 0 0 0.2 0 0 0 0 0 0 0 0
2002022713 0 0 0 0 0.1 0.1 0.1 0 0.1 0 0 0 0 0 0 0 0 0 0 0 0 0 0 0 0 0 0 0 0 0 0 0 0 0 0 0 0 0 0 0 0 0
2002022714 0 0 0 0 0 0 0 0 0 0 0 0 0 0 0 0 0 0 0 0 0 0 0 0 0 0 0 0 0 0 0 0 0 0 0 0 0 0 0 0 0 0
2002022715 0 0 0 0 0 0 0 0 0 0 0 0 0 0 0 0 0 0 0 0 0 0 0 0 0 0 0 0 0 0 0 0 0 0 0 0 0 0 0 0 0 0
2002022716 0 0 0 0 0 0 0 0 0 0 0 0 0 0 0 0 0 0 0 0 0 0 0 0 0 0 0 0 0 0 0 0 0 0 0 0 0 0 0 0 0 0
2002022717 0 0 0 0 0 0 0 0 0 0 0 0 0 0 0 0 0 0 0 0 0 0 0 0.1 0.6 1.2 0.2 0.4 0 0 0 0 0 0 0 0 0 0 0 0 0 0
2002022718 0 0 0 0 0 0 0 0 0 0 0 0 0 0 0 0 0 0.1 0.7 0 0 0 0.1 0.9 2.9 0.3 2.4 2 0.3 0 0.7 0.4 0 0 0 0 0 1 0.1 0.2 0 0
2002022719 0 0 0 0 0 0 0 0.3 0 0.1 0 0 0.3 0.5 0.1 0 1.2 0 0 0 0 0 0 0.1 2 0.2 1.3 1.6 0.7 0.1 0.3 0.1 0 0 0 0 0 0.9 0.2 0.5 0.7 0.8
2002022720 0.3 0.4 0.3 0.8 0 0 0 0 0 0.5 0.2 0.2 0 0.1 0 1.8 0 0.6 1.2 0.6 0.2 0.3 0.5 1.5 0.8 0.9 0.7 1 0.4 0.3 0.6 0.7 0.1 0 0.4 2 0.5 0.4 1.3 1.1 0.1 0.1
2002022721 0.1 0 0.6 0 0.3 0.3 0.2 0.2 0.8 0 0 0 0 0 0 0 0 0 0 0 0 0 0 0 0 0 0.1 0 0.3 0.2 0.1 0 0.1 0.1 0.4 0.2 0.1 0.6 0 0 0.1 0.1
2002022722 0 0 0 0 0 0 0 0 0 0 0 0 0 0 0 0 0 0 0 0 0 0 0 0 0 0.1 0 0 0 0 0 0.1 0 0 0 0 0 0 0 0 0 0
2002022723 0 0 0 0 0 0 0 0 0 0 0 0 0 0 0 0 0 0 0 0 0 0 0 0 0 0 0 0 0 0 0 0 0 0 0 0 0 0.1 0.1 0 0.1 0
2002022800 0 0 0 0 0 0 0 0 0 0 0 0 0 0 0 0 0 0 0 0 0 0 0 0 0 0 0 0 0 0 0 0 0 0 0 0 0 0 0 0 0 0
2002022801 0 0 0 0 0 0 0 0 0 0 0 0 0 0 0 0 0 0 0 0 0 0 0 0 0 0 0 0 0 0 0 0 0 0 0 0 0 0 0 0 0 0
2002022802 0 0 0 0 0 0 0 0 0 0 0 0 0 0 0 0 0 0 0 0 0 0 0 0 0 0 0 0 0 0 0 0 0 0 0 0 0 0 0 0 0 0
2002022803 0 0 0 0 0 0 0 0 0 0 0 0 0 0 0 0 0.1 0 0 0 0 0 0 0 0 0 0 0 0 0 0 0 0 0 0 0 0 0 0 0.1 0 0
2002022804 0 0 0 0 0 0 0 0 0 0 0 0 0 0 0 0 0 0 0 0 0 0 0 0 0 0 0 0 0 0 0 0 0 0 0 0 0 0 0 0 0 0
2002022805 0 0 0 0 0 0 0 0 0 0 0 0 0 0 0 0 0 0 0 0 0 0 0 0 0 0 0 0 0 0 0 0 0 0 0 0 0 0 0 0 0 0
2002022806 0 0 0 0 0 0 0 0 0 0 0 0 0 0 0 0 0 0.1 0 0 0 0 0 0 0 0 0 0 0 0 0 0 0 0 0 0 0 0 0 0 0 0
2002022807 0.1 0 0 0 0 0 0 0.1 0 0 0.2 0.2 0 0 0 0.2 0 0.1 0.2 0.8 0.1 0 0 0 0 0 0 0 0.3 0.3 0.2 0 0.1 0.2 0 0.3 0 0 0 0 0.8 0.1
2002022808 0 0 0 0 0.3 0.2 0.2 0.7 0.4 0 0 0 0 0 0 0 0 0.1 0.3 0 0.3 0.1 0.1 0 0.1 0 0.5 0.2 0.1 0.3 0.1 0.4 0.3 0 0.8 0 0.3 0.5 0 0 0.5 0.2
2002022809 0 0 0 0 0.2 0 0 0.1 0 0 0 0 0 0 0 0 0 0 0 0 0 0 0 0 0 0 0.1 0 0 0 0 0.6 0 0 0 0 0 0.4 0 0 0 0
2002022810 0 0 0 0 0 0 0 0 0 0 0 0 0 0 0 0 0 0 0 0 0 0 0 0 0 0 0 0 0.2 0 0 0.2 0 0 0 0 0 0 0 0 0.1 0
2002022811 0 0.2 0 0 0 0 0 0 0 0.1 0 0 0.1 0 0 0 0 0 0 0 0 0 0 0 0 0 0 0 0 0 0 0 0 0 0 0 0 0 0 0 0 0
2002022812 0 0.3 0 0.3 0 0 0 0 0 0.3 0.1 0 0.4 0 0 0 0 0 0 0 0 0 0 0 0 0 0 0 0 0 0 0 0 0 0 0 0 0 0 0 0 0
2002022813 0 0 0 0 0 0 0 0 0 0.1 0 0 0 0 0 0 0 0 0 0 0 0 0.1 0 0 0 0 0 0 0 0 0 0 0 0 0 0 0 0 0 0 0
2002022814 0 0 0 0.1 0 0 0 0 0 0 0 0 0 0 0 0 0 0 0 0 0 0 0 0 0 0 0 0 0 0 0 0 0 0 0 0 0 0 0 0 0 0
2002022815 0.2 0 0 0 0 0 0 0 0 0 0 0 0 0 0 0 0 0 0 0.1 0 0 0 0 0 0 0 0 0 0 0 0 0 0 0 0.1 0 0 0 0 0 0
2002022816 0 0 0 0 0 1.3 0.2 0 0 0 0 0 0 0 0 0 0 0 0.1 0 0 0 0 0 0.2 0.3 0 0 0 0 0 0.1 0 0 0.1 2.1 0.2 0.1 0.1 0 0 0
2002022817 0 0.1 0 0 1.2 0.4 0.6 0 0.3 0 0 0 1 0 0 0 0 1 0 0 0 0.1 0.6 1.1 0.3 0 0.1 0.5 0 0 0 0 0 0 0 0 0 0.6 0 0 0.4 0
2002022818 0 1 0 0.9 0 0 0 0 0 0.6 0.9 0 0.1 0 0 0 0 0.5 1.3 0 0 0.1 0 0.7 0 0 0 0 0.7 0.2 0.4 0.3 0 0 0 0 0 0.1 0 0 0 0
2002022819 0.7 0 0.2 0 0 0 0 0 0 0.1 0 0 0 0 0 0 0 3.4 0.8 0 0 0.5 1.9 1.4 0 0.2 0 0 0.5 0.3 0.3 0.7 0 0 0 0 0 0 0 0 0.7 0
2002022820 0 0.2 0 0 0 0 0 0.6 0.1 0 0 0 0 0 0 0 0 0 0 0 0.4 0 0 0.1 0 0 0 0 0.2 0.9 0.5 0 0.2 0 0.3 0 0 0 0 0 0.1 0.4
2002022821 0 0.1 0 0 0 0 0 0.2 0.1 0 0 0 0 0 0 0.2 0 0 0 0 0.1 0 0 0 0 0 0 0 0.1 0 0.1 0 0.1 0 0 0.2 0 0 0 0 0 0
2002022822 0 0 0 0 0 0 0 0 0 0 0 0 0 0 0 0 0 0 0 0 0 0.1 0 0 0 0 0 0 0 0 0 0 0 0 0 0 0 0 0 0 0 0
2002022823 0 0 0 0 0 0 0 0 0 0 0 0 0 0 0 0 0 0 0 0 0 0 0 0 0 0 0 0 0 0 0 0 0 0 0 0 0 0.1 0 0 0 0
2002030100 0 0 0 0 0 0 0 0 0.1 0 0 0 0 0 0 0 0 0.1 0 0 0 0 0 0 0 0 0 0 0 0 0 0 0 0 0 0 0 0.6 0 0 0 0
2002030101 0 0 0 0 0 0 0 0 0 0 0 0 0 0 0 0.1 0 0 0 0 0 0 0 0 0 0 0 0 0 0 0 0 0 0 0 0 0 0.6 0 0 0 0
2002030102 0 0 0 0 0.1 0 0 0 0 0 0 0 0 0 0 0 0 0 0 0 0 0 0 0 0 0 0 0 0 0 0 0 0 0 0 0 0 0.2 0 0 0 0
2002030103 0 0 0 0 0 0 0 0 0 0 0 0 0 0 0 0 0 0 0 0 0 0 0 0 0 0 0 0 0 0 0 0 0 0 0 0.1 0 0.3 0 0 0 0
2002030104 0 0 0 0 0 0 0 0 0 0 0 0 0 0 0 0 0 0 0 0 0 0 0 0 0 0 0 0 0 0 0 0 0 0 0 0 0 0.2 0 0 0 0
2002030105 0 0 0 0 0 0 0 0 0 0 0 0 0 0 0 0 0 0 0 0 0 0 0 0 0 0 0 0 0 0 0 0 0 0 0 0 0 0.1 0 0 0 0
2002030106 0 0 0 0 0 0 0 0 0 0 0 0 0 0 0 0 0 0 0 0 0 0 0 0 0 0 0 0 0 0 0 0 0 0 0 0 0 0.2 0 0 0 0
2002030107 0 0 0 0 0 0 0 0 0 0 0 0 0 0 0 0 0 0 0 0 0 0 0 0 0 0 0 0 0 0 0 0 0 0 0 0 0 0.1 0 0 0 0
2002030108 0 0 0 0.1 0.1 0 0 0 0 0 0 0 0 0 0 0 0 0 0 0 0 0 0 0 0 0 0 0 0 0 0 0 0 0 0 0 0 0.1 0 0 0 0
2002030109 0 0 0 0.2 0.1 0 0 0 0 0 0 0 0 0 0 0 0 0 0 0 0 0 0 0 0 0 0 0 0 0 0 0 0 0 0 0 0 0 0 1.2 0 0
2002030110 0 0 0 0.1 0 0 0 0 0 0 0 0 0 0 0 0 0 0 0 0 0 0 0 0 0 0 0 0 0 0.1 0 0 0 0 0 0 0 0 0 0 0 0
2002030111 0 0.2 0 0.1 0 0 0 0 0 0 0 0 0 0 0 0 0 0 0 0 0 0 0 0 0 0 0 0 0 0 0 0 0 0 0 0 0 0 0 0 0 0
2002030112 0 0.2 0.3 0 0 0 0 0 0 0 0.1 0 0 0 0 0 0 0 0 0 0 0 0 0 0 0 0 0 0 0 0 0 0 0 0 0 0 0 0 0 0 0
2002030113 0 0 0.2 0 0.3 0.7 0.2 0 0 0 0.1 0 0 0 0 0 0 0 0 0 0 0 0 0 0 0 0 0 0 0 0 0 0 0 0 0.4 0.1 0 0 0 0 0
2002030114 0 0 0.1 0 0.1 0.2 0.2 0 0 0 0 0 0 0 0 0 0 0 0 0 0 0 0 0 0 0 0 0 0 0 0 0 0 0 0 0 0 0 0 0 0 0
2002030115 0 0 0 0 0.4 0.3 0.2 0 0.2 0 0 0 0 0 0 0 0 0 0 0 0 0 0 0 0 0 0 0 0 0 0 0 0.6 0 0 0.1 0 0 0 0 0 0
2002030116 0 0 0 0 0 0.1 0 0 0 0 0 0 0 0 0 0 0 0 0 0 0 0 0 0 0 0 0 0 0 0 0 0 0 0 0 0 0 0 0 0 0 0.2
2002030117 0 0 0 0 0 0 0 0 0 0 0 0 0 0 0 0 0 0 0 0 0 0 0 0 0 0 0 0 0 0 0 0 0 0 0 0 0 0 0 0 0.1 0
2002030118 0 0 0 0 0 0 0 0 0 0 0 0 0 0 0 0 0 0 0 0 0 0 0 0 0 0 0 0 0 0 0 0 0 0 0 0 0 0 0 0 0 0
2002030119 0 0 0 0 0 0 0 0 0 0 0 0 0 0 0 0 0 0 0 0 0 0 0 0 0 0 0 0 0 0 0 0 0 0 0 0 0 0 0 0 0 0
2002030120 0 0 0 0 0 0 0 0 0 0 0 0 0 0 0 0 0 0 0 0 0 0 0 0 0 0 0 0 0 0 0 0 0 0 0 0 0 0 0 0 0 0
2002030121 0.1 0 0 0 0 0 0 0 0 0 0 0 0 0 0 0 0 0 0 0 0 0 0 0 0 0 0 0 0 0 0 0 0 0 0 0 0 0 0 0 0 0
2002030122 0 0 0 0 0 0 0 0 0 0 0 0 0 0 0 0 0 0 0 0 0 0 0 0 0 0 0 0 0 0 0 0 0 0 0 0 0 0 0 0 0 0
2002030123 0 0 0 0 0 0 0 0 0 0 0 0 0 0 0 0 0 0 0 0 0 0 0 0 0 0 0 0 0 0 0 0 0 0 0 0 0 0 0 0 0 0
2002030200 0 0 0 0 0 0 0 0 0 0 0 0 0 0 0 0 0 0 0 0 0 0 0 0 0 0 0 0 0 0 0 0 0 0 0 0 0 0 0 0 0 0
2002030201 0 0 0 0 0 0 0 0 0 0 0 0 0 0 0 0 0 0 0 0 0 0 0 0 0 0 0 0 0 0 0 0 0 0 0 0 0.1 0 0 0 0 0
2002030202 0 0 0 0 0 0 0 0 0 0 0 0 0 0 0 0 0 0 0 0 0 0 0 0 0 0 0 0 0 0 0 0 0 0.1 0 0 0 0 0 0 0 0
2002030203 0 0 0 0 0 0 0 0 0 0 0 0 0 0 0 0.1 0 0 0 0 0 0 0 0 0 0 0 0 0 0 0 0 0 0 0 0 0 0 0 0 0 0
2002030204 0 0 0 0 0 0 0 0 0 0 0 0 0 0 0 0 0 0 0 0 0 0 0 0 0 0 0 0 0 0 0 0 0 0 0 0 0 0 0 0 0 0
2002030205 0 0 0 0 0 0 0 0 0 0 0 0 0 0 0 0 0 0 0 0 0 0 0 0 0 0 0 0 0 0 0 0 0 0 0 0 0 0 0 0 0 0
2002030206 0 0 0 0 0 0 0 0 0 0 0 0 0 0 0 0 0 0 0 0 0 0 0 0 0 0 0 0 0 0 0 0 0 0 0 0 0 0 0 0 0 0
2002030207 0 0 0 0.1 0 0 0 0 0 0 0 0 0 0 0 0 0 0 0 0 0 0 0 0 0 0 0 0 0 0 0 0 0 0 0 0 0 0 0 0 0 0
2002030208 0 0.1 0 0 0 0 0 0 0 0.1 0 0 0.1 0.1 0 0 0 0 0 0 0 0 0 0 0 0 0 0 0 0 0 0 0 0 0 0 0 0 0 0 0 0
2002030209 0 0 0.1 0 0.1 0.1 0 0 0 0 0 0.1 0 0 0.1 0 0 0 0 0 0 0 0 0 0 0 0 0 0 0 0 0 0 0 0 0 0 0 0 0 0 0
2002030210 0 0 0 0 0 0 0 0 0 0 0 0 0 0 0 0 0 0 0 0 0 0 0 0 0 0 0 0 0 0 0 0 0 0 0 0 0 0 0 0 0 0
2002030211 0 0 0 0 0 0 0 0 0 0 0 0 0 0 0 0 0 0 0 0 0 0 0 0 0 0 0 0 0 0 0 0 0 0 0 0 0 0 0 0 0 0
2002030212 0 0 0 0 0 0 0 0 0 0 0 0 0 0 0 0 0 0 0 0 0 0 0 0 0 0 0 0 0 0 0 0 0 0 0 0 0 0 0 0 0 0
2002030213 0 0 0 0 0 0 0 0 0 0 0 0 0 0 0 0 0 0 0 0 0 0 0 0 0 0 0 0 0 0 0 0 0 0 0 0 0 0 0 0 0 0
2002030214 0 0 0 0 0 0 0 0 0 0 0 0 0 0 0 0 0 0 0 0 0 0 0 0 0 0 0 0 0 0 0 0 0 0 0 0 0 0 0 0 0 0
2002030215 0 0 0 0 0 0 0 0 0 0 0 0 0 0 0 0 0 0 0 0 0 0 0 0 0 0 0 0 0 0 0 0 0 0 0 0 0 0 0 0 0 0
2002030216 0 0 0 0 0 0 0 0 0 0 0 0 0 0 0 0 0 0 0 0 0 0 0 0 0 0 0 0 0 0 0 0 0 0 0 0 0 0 0 0 0 0
2002030217 0 0 0 0 0 0 0 0 0 0 0 0 0 0 0 0 0 0 0 0 0 0 0 0 0 0 0 0 0 0 0 0 0 0 0 0 0 0 0 0 0 0
2002030218 0 0 0 0 0 0 0 0 0 0 0 0 0 0 0 0 0 0 0 0 0 0 0 0 0 0 0 0 0 0 0 0 0 0 0 0 0 0 0 0 0 0
2002030219 0 0 0 0 0 0 0 0 0 0 0 0 0 0 0 0 0 0 0 0 0 0 0 0 0 0 0 0 0 0 0 0 0 0 0 0 0 0 0 0 0 0
2002030220 0 0 0 0 0 0 0 0 0 0 0 0 0 0 0 0 0 0 0 0 0 0 0 0 0 0 0 0 0 0 0 0 0 0 0 0 0 0 0 0 0 0
2002030221 0 0 0 0 0 0 0 0 0 0 0 0 0 0 0 0 0 0 0 0 0 0 0 0 0 0.1 0 0 0 0 0 0 0 0 0 0 0 0 0 0 0 0
2002030222 0 0 0 0 0 0 0 0 0 0 0 0 0 0 0 0 0 0 0 0 0 0 0 0 0 0 0 0 0 0 0 0 0 0 0 0 0 0 0 0 0 0
2002030223 0 0.1 0 0 0 0 0 0 0 0 0 0 0 0 0 0 0 0 0 0 0 0 0 0 0 0 0 0 0 0 0 0 0 0 0 0 0 0 0 0 0 0
2002030300 0 0 0 0 0 0 0 0 0 0 0 0 0 0 0 0 0 0 0 0 0 0 0 0 0 0 0 0 0 0 0 0 0 0 0 0 0 0 0 0 0 0
2002030301 0 0 0 0 0 0 0 0 0 0 0 0 0 0 0 0 0 0 0 0 0 0 0 0 0 0 0 0 0 0 0 0 0 0 0 0 0 0 0 0 0 0
2002030302 0 0 0 0 0 0 0 0 0 0 0 0 0 0 0 0 0 0 0 0 0 0 0 0 0 0 0 0 0 0 0 0 0 0 0 0 0 0 0 0 0 0
2002030303 0 0 0 0 0 0 0 0 0 0 0 0 0 0 0 0 0 0 0 0 0 0 0 0 0 0 0 0 0 0 0 0 0 0 0 0 0 0 0 0 0 0
2002030304 0 0 0 0 0 0 0 0 0 0 0 0 0 0 0 0 0 0 0 0 0 0 0 0 0 0 0 0 0 0 0 0 0 0 0 0 0 0 0 0 0 0
2002030305 0 0 0 0 0 0 0 0 0 0 0 0 0 0 0 0 0 0 0 0 0 0 0 0 0 0 0 0 0 0 0 0 0 0 0 0 0 0 0 0 0 0
2002030306 0 0 0 0 0 0 0 0 0 0 0 0 0 0 0 0 0 0 0 0 0 0 0 0 0 0 0 0 0 0 0 0 0 0 0 0 0 0 0 0 0 0
2002030307 0.1 0 0 0 0 0 0 0 0 0 0.1 0 0 0 0 0 0 0 0 0 0 0 0 0 0 0 0 0 0 0 0 0 0 0 0 0 0 0 0 0 0 0
2002030308 0 0 0 0 0 0 0 0 0 0 0 0 0 0 0.1 0 0 0 0 0 0 0 0.1 0.1 0.1 0 0 0 0 0 0 0 0 0 0.1 0 0.1 0 0.1 0.1 0 0
2002030309 0 0 0 0 0 0 0 0 0 0 0 0 0 0 0 0 0.1 0 0 0.1 0 0 0 0 0 0 0 0.1 0 0 0 0 0 0 0 0.1 0 0 0 0 0 0
2002030310 0 0.1 0 0 0 0 0 0 0 0 0 0 0 0 0 0 0 0 0 0 0 0 0 0 0 0 0 0 0 0 0 0 0 0 0 0 0 0 0 0 0 0
2002030311 0 0 0 0 0 0 0 0 0 0 0 0 0 0 0 0 0 0 0 0 0 0 0 0 0 0 0 0 0 0 0 0 0 0 0 0 0 0 0 0 0 0
2002030312 0 0 0 0 0 0 0 0 0 0 0 0 0 0 0 0 0 0 0 0 0 0 0 0 0 0 0 0 0 0 0 0 0 0 0 0 0 0 0 0 0 0
2002030313 0 0 0 0 0 0 0 0 0 0 0 0 0 0 0 0 0 0 0 0 0 0 0 0 0 0 0 0 0 0 0 0 0 0 0 0 0 0 0 0 0 0
2002030314 0 0 0 0 0 0 0 0 0 0 0 0 0 0 0 0 0 0 0 0 0 0 0 0 0 0 0 0 0 0 0 0 0 0 0 0 0 0 0 0 0 0
2002030315 0 0 0 0 0 0 0 0 0 0 0 0 0 0 0 0 0 0 0 0 0 0 0 0 0 0 0 0 0 0 0 0 0 0 0 0 0 0 0 0 0 0
2002030316 0 0 0 0 0 0 0 0 0 0 0 0 0 0 0 0 0 0 0 0 0 0 0 0 0 0 0 0 0 0 0 0 0 0 0 0 0 0 0 0 0 0
2002030317 0 0 0 0 0 0 0 0 0 0 0 0 0 0 0 0 0 0 0 0 0 0 0 0 0 0 0 0 0 0 0 0 0 0 0 0 0 0 0 0 0 0
2002030318 0 0 0 0.4 0 0 0 0 0 0 0 0 0 0 0 0 0 0 0 0 0 0 0 0 0 0 0 0 0 0 0 0 0 0 0 0 0 0 0 0 0 0
2002030319 0 0 0 0 0 0 0 0 0 0 0 0 0 0 0 0 0 0 0 0 0 0 0 0 0 0 0 0 0 0 0 0 0 0 0 0 0 0 0 0 0 0
2002030320 0 0 0 0 0 0 0 0 0 0 0 0 0 0 0 0 0 0 0 0 0 0 0 0 0 0 0 0 0 0 0 0 0 0 0 0 0 0 0 0 0 0
2002030321 0 0 0 0 0 0 0 0 0 0 0 0 0 0 0 0 0 0 0 0 0 0 0 0 0 0 0 0 0 0 0 0 0 0 0 0 0 0 0 0 0 0
2002030322 0 0 0 0 0 0 0 0 0 0 0 0 0 0 0 0 0 0 0 0 0 0 0 0 0 0 0 0 0 0 0 0 0 0 0 0 0 0 0 0 0 0
2002030323 0 0 0 0 0 0 0 0 0 0 0 0 0 0 0 0 0 0 0 0 0 0 0 0 0 0 0 0 0 0 0 0 0 0 0 0 0 0 0 0 0 0
2002030400 0 0 0 0 0 0 0 0 0 0 0 0 0 0 0 0 0 0 0 0 0 0 0 0 0 0 0 0 0 0 0 0 0 0 0 0 0 0 0 0 0 0
2002030401 0 0 0 0 0 0 0 0 0 0 0 0.1 0 0 0 0 0 0 0 0 0 0 0 0 0 0 0 0 0 0 0 0 0 0 0 0 0 0 0 0 0 0
2002030402 0 0 0 0 0 0 0 0 0 0 0 0 0 0 0 0 0 0 0 0 0 0 0 0 0 0 0 0 0 0 0 0 0 0 0 0 0 0 0 0 0 0
2002030403 0 0 0 0 0 0 0 0 0 0 0 0 0 0 0 0.1 0 0 0 0 0 0 0 0 0 0 0 0 0 0 0 0 0 0 0 0 0 0 0 0 0 0
2002030404 0 0 0 0 0 0 0 0 0 0 0 0 0 0 0 0 0.1 0 0 0 0 0 0 0 0 0 0 0 0 0 0 0 0 0 0 0 0 0 0 0 0 0
2002030405 0 0 0 0 0 0 0 0 0 0 0 0 0 0 0 0 0 0 0 0 0 0 0 0 0 0 0 0 0 0 0 0 0 0 0 0 0 0 0 0 0 0
2002030406 0 0 0 0 0 0 0 0 0 0 0 0 0 0 0 0 0 0 0 0 0 0 0 0 0 0 0 0 0 0 0 0 0 0 0 0 0 0 0 0 0 0
2002030407 0 0 0 0 0 0 0 0.1 0.1 0 0 0 0 0 0 0 0.1 0.1 0 0 0 0 0 0 0 0 0 0 0 0 0.1 0.1 0 0 0.1 0 0 0.1 0 0 0 0
2002030408 0 0 0 0 0 0 0 0 0 0 0 0 0 0 0 0 0 0 0.1 0.1 0 0 0 0 0 0 0 0 0.1 0 0 0 0 0 0 0 0 0 0 0 0 0.1
2002030409 0 0 0 0 0 0 0 0 0 0 0 0 0 0 0 0 0 0 0 0 0 0 0 0 0 0 0 0 0 0 0 0 0 0 0 0 0 0 0 0 0 0
2002030410 0 0 0 0 0 0 0 0 0 0 0 0 0 0 0 0 0 0 0 0 0 0 0 0 0 0 0 0 0 0 0 0 0 0 0 0 0 0 0 0 0 0
2002030411 0 0 0 0 0 0 0 0 0 0 0 0 0 0 0 0.1 0 0 0 0 0 0 0 0 0 0 0 0 0 0 0 0 0 0 0 0 0 0 0 0 0 0
2002030412 0 0 0 0 0 0 0 0 0 0 0 0 0 0 0 0 0 0 0 0 0 0 0 0 0 0 0 0 0 0 0 0 0 0 0 0 0 0 0 0 0 0
2002030413 0 0 0 0 0 0 0 0 0 0 0 0 0 0 0 0 0 0 0 0 0 0 0 0 0 0 0 0 0 0 0 0 0 0 0 0 0 0 0 0 0 0
2002030414 0 0 0 0 0 0 0 0 0 0 0 0 0 0 0 0 0 0 0 0 0 0 0 0 0 0 0 0 0 0 0 0 0 0 0 0 0 0 0 0 0 0
2002030415 0 0 0 0 0 0 0 0 0 0 0 0 0 0 0 0 0 0 0 0 0 0 0 0 0 0 0 0 0 0 0 0 0 0 0 0 0 0 0 0 0 0
2002030416 0 0 0 0 0 0 0 0 0 0 0 0 0 0 0 0 0 0 0 0 0 0 0 0 0 0 0 0 0 0 0 0 0 0 0 0 0 0 0 0 0 0
2002030417 0 0 0 0 0 0 0 0 0 0 0 0 0 0 0 0 0 0 0 0 0 0 0 0 0 0 0 0 0 0 0 0 0 0 0 0 0 0 0 0 0 0
2002030418 0 0 0 0 0 0 0 0 0 0 0 0 0 0 0 0 0 0 0 0 0 0 0 0 0 0 0 0 0 0 0 0 0 0 0 0 0 0 0 0 0 0
2002030419 0 0 0 0 0 0 0 0 0 0 0 0 0 0 0 0 0 0 0 0 0 0 0 0 0 0 0 0 0 0 0 0 0 0 0 0 0 0 0 0 0 0
2002030420 0 0 0 0 0 0 0.1 0 0 0 0 0 0 0 0 0 0 0 0 0 0 0 0 0 0 0 0 0 0 0 0 0 0 0 0 0 0 0 0 0 0 0
2002030421 0 0 0 0 0 0 0 0 0 0 0 0 0 0 0 0 0 0 0 0 0 0 0 0 0 0 0 0 0 0 0 0 0 0 0 0 0 0 0 0 0 0
2002030422 0 0 0 0 0 0 0 0 0 0 0 0 0 0 0 0 0 0 0 0 0 0 0 0 0 0 0 0 0 0 0 0 0 0 0 0 0 0 0 0 0 0
2002030423 0 0 0 0 0 0 0 0 0 0 0 0 0 0 0 0 0 0 0 0 0 0 0 0 0 0 0 0 0 0 0 0 0 0 0 0 0 0 0 0 0 0
2002030500 0 0 0 0 0.1 0 0 0 0 0 0 0 0 0 0 0 0 0 0 0 0 0 0 0 0 0 0 0 0 0 0 0 0 0 0 0 0 0 0 0 0 0
2002030501 0 0 0 0 0 0 0 0 0 0 0 0 0 0 0 0 0 0 0 0 0 0 0 0 0 0 0 0 0 0 0 0 0 0 0 0 0 0 0 0 0 0
2002030502 0 0 0 0 0 0 0 0 0 0 0 0 0 0 0 0 0 0 0 0 0 0 0 0 0 0 0 0 0 0 0 0 0 0 0 0 0 0 0 0 0 0
2002030503 0 0 0 0 0 0 0 0 0 0 0 0 0 0 0 0 0 0 0 0 0 0 0 0 0 0 0 0 0 0 0 0 0 0 0 0 0 0 0 0 0 0
2002030504 0 0 0 0 0 0 0 0 0 0 0 0 0 0 0 0 0 0 0 0 0 0 0 0 0 0 0 0 0 0 0 0 0 0 0 0 0 0 0 0 0 0
2002030505 0 0.1 0 0 0 0 0 0 0 0.1 0 0 0 0 0 0 0 0 0 0 0 0 0 0 0 0 0 0 0 0 0 0 0 0 0 0 0 0 0 0 0 0
2002030506 0 0 0 0 0 0 0 0 0 0 0 0 0 0 0 0 0 0 0 0 0 0 0 0 0 0 0 0 0 0 0 0 0 0 0 0 0 0 0 0 0 0
2002030507 0 0 0 0 0.1 0 0 0.1 0 0 0 0 0 0.1 0 0 0.1 0.1 0 0 0 0 0 0 0 0.1 0 0 0 0 0.1 0.1 0.1 0 0 0 0.1 0.1 0.1 0.2 0 0
2002030508 0.1 0 0 0 0 0 0 0 0.1 0 0 0 0.1 0 0.1 0 0 0 0.1 0.1 0 0 0.2 0.1 0.1 0 0.1 0 0.1 0.1 0 0 0 0 0 0.1 0 0 0.1 0 0.1 0.1
2002030509 0 0 0 0 0 0 0 0 0 0 0 0 0 0 0 0 0 0 0 0 0 0 0 0 0 0 0 0 0 0 0 0 0 0 0 0 0 0 0 0 0 0
2002030510 0 0 0 0 0 0 0.1 0 0 0 0 0 0 0 0 0 0 0 0 0 0 0 0 0 0 0 0 0 0 0 0 0 0 0 0 0 0 0 0 0 0 0
2002030511 0 0 0 0 0 0 0 0 0 0 0 0 0 0 0.1 0 0 0 0 0 0 0 0 0 0 0 0 0 0 0 0 0 0 0 0 0 0 0 0 0 0 0
2002030512 0 0 0 0 0 0 0 0 0 0 0 0 0 0 0 0 0 0 0 0 0 0 0 0 0 0 0 0 0 0 0 0 0 0 0 0 0 0 0 0 0 0
2002030513 0 0 0 0 0 0 0 0 0 0 0 0 0 0 0 0 0 0 0 0 0 0 0 0 0 0 0 0 0 0 0 0 0 0 0 0 0 0 0 0 0 0
2002030514 0 0 0 0 0 0 0 0 0 0 0 0 0 0 0 0 0 0 0 0 0 0 0 0 0 0 0 0 0 0 0 0 0 0 0 0 0 0 0 0 0 0
2002030515 0 0 0 0 0 0 0 0 0 0 0 0 0 0 0 0 0 0 0 0 0 0 0 0 0 0 0 0 0 0 0 0 0 0 0 0 0 0 0 0 0 0
2002030516 0 0 0 0 0 0 0 0 0 0 0 0 0 0 0 0 0 0 0 0 0 0 0 0 0 0 0 0 0 0 0 0 0 0 0 0 0 0 0 0 0 0
2002030517 0 0 0 0 0 0 0 0 0 0 0 0 0 0 0 0 0 0 0 0 0 0 0 0 0 0 0 0 0 0 0 0 0 0 0 0 0 0 0 0 0 0
2002030518 0 0 0 0 0 0 0 0 0 0 0 0 0 0 0 0 0 0 0 0 0 0 0 0 0 0 0 0 0 0 0 0 0 0 0 0 0 0 0 0 0 0
2002030519 0 0 0 0 0 0 0 0 0 0 0 0 0 0 0 0 0 0 0 0 0 0 0 0 0 0 0 0 0 0 0 0 0 0 0 0 0 0 0 0 0 0
2002030520 0 0 0 0 0 0 0 0 0 0 0 0 0 0 0 0 0 0 0 0 0 0 0 0 0 0 0 0 0 0 0 0 0 0 0 0 0 0 0 0 0 0
2002030521 0 0 0 0 0 0 0 0 0 0 0 0 0 0 0 0 0 0 0 0 0 0 0 0 0 0 0 0 0 0 0 0 0 0 0 0 0 0 0 0 0 0
2002030522 0 0 0 0 0 0 0 0 0 0 0 0 0 0 0 0 0 0 0 0 0 0 0 0 0 0 0 0 0 0 0 0 0 0 0 0 0 0 0 0 0 0
2002030523 0 0 0 0 0 0 0 0 0 0 0 0 0 0 0 0 0 0 0 0 0 0 0 0 0 0 0 0 0 0 0 0.1 0 0 0 0 0 0 0 0 0 0
2002030600 0 0 0 0 0 0 0 0 0 0 0 0 0 0 0 0 0 0 0 0 0 0 0 0 0 0 0 0 0 0 0.1 0 0 0 0 0 0 0 0 0 0 0
2002030601 0 0 0 0 0 0 0 0 0 0 0 0 0 0 0 0 0 0 0 0 0 0 0 0 0 0 0 0 0 0 0 0 0 0 0 0 0 0 0 0 0 0
2002030602 0 0 0 0 0 0 0 0 0 0 0 0 0 0 0 0 0 0 0 0 0 0 0 0 0 0 0 0 0 0 0 0 0 0 0 0 0 0 0 0 0 0
2002030603 0 0 0 0 0 0 0 0 0 0 0 0 0 0 0 0 0 0 0 0 0 0 0 0 0 0 0 0 0 0.1 0 0 0 0 0 0 0 0 0 0 0 0
2002030604 0 0 0 0 0 0 0 0 0 0 0 0 0 0 0 0 0 0 0 0 0 0 0 0 0 0 0 0 0 0 0 0 0 0 0 0 0 0 0 0 0 0
2002030605 0 0 0 0 0 0 0 0 0 0 0 0 0 0 0 0 0 0 0 0 0 0 0 0 0 0 0 0 0 0 0 0 0 0 0 0 0 0 0 0 0 0
2002030606 0 0 0 0 0 0 0 0 0 0 0 0 0 0 0 0 0 0 0 0 0 0 0 0 0 0 0 0 0 0 0 0 0 0 0 0 0 0 0 0 0 0
2002030607 0 0 0 0 0 0 0 0 0 0 0 0 0 0 0 0 0 0.1 0 0 0 0 0 0.1 0 0.1 0 0 0 0 0.1 0.1 0 0 0 0 0 0.1 0.1 0 0 0
2002030608 0 0 0 0 0 0 0 0 0 0 0 0.1 0 0 0 0 0 0 0 0 0 0 0 0 0.1 0 0.1 0 0 0 0 0 0 0 0 0 0 0.1 0 0.1 0 0
2002030609 0 0 0 0 0 0 0 0 0 0 0 0 0 0 0 0 0 0 0 0 0 0 0 0 0 0 0 0.1 0 0 0 0 0 0 0 0 0 0 0 0 0 0
2002030610 0 0 0 0 0 0 0 0 0 0 0 0 0 0 0 0 0 0 0 0 0 0 0 0 0 0 0 0 0 0 0 0 0 0 0 0 0 0 0 0 0 0
2002030611 0 0 0 0 0 0 0 0 0 0 0 0 0 0 0 0 0 0 0 0 0 0 0 0 0 0 0 0 0 0 0 0 0 0 0 0 0 0 0 0 0 0
2002030612 0 0 0 0 0 0 0 0 0 0 0 0 0 0 0 0 0 0 0 0 0 0 0 0 0 0 0 0 0 0 0 0 0 0 0 0 0 0 0 0 0 0
2002030613 0.1 0.2 0.1 0 0 0 0 0 0 0 0 0.1 0.1 0.1 0 0 0 0 0 0 0 0 0 0 0 0 0 0 0 0 0 0 0 0.1 0 0 0 0 0 0 0 0
2002030614 0.5 0.3 0.8 0.3 0.5 0.6 0.5 0.1 0.4 0.3 0.4 0.4 0.5 0.4 0.6 0.6 0.3 0.1 0.1 0.1 0.3 0.1 0 0 0 0.1 0 0 0.2 0.1 0 0 0.3 0.5 0.6 0.3 0.2 0.1 0.1 0.1 0.3 0.2
2002030615 0.4 0.7 0.5 0.3 0.5 0.7 0.7 0.4 0.9 0.4 0.4 0.6 0.4 0.6 0.6 0.9 0.8 0.7 0.9 0.5 1.3 1 0.8 0.6 0.3 0.4 0.6 0.6 0.8 0.8 0.3 1.1 1.3 0.7 1.6 0.6 0.8 0.6 0.1 0.4 0.5 0.7
2002030616 0.4 0.2 0.1 0.1 0.3 0.3 0.4 0.2 0.3 0.2 0.2 0.2 0.2 0.2 0.3 0.5 0.4 0.8 0.9 0.4 0.8 0.8 0.7 0.8 0.5 0.5 0.8 0.9 0.9 0.5 0.6 1.4 0.5 0 0.4 0.1 0.4 0.9 0.7 0.2 0.3 0.2
2002030617 0 0 0.1 0 0.4 0.1 0.3 0.1 0.3 0 0 0 0 0 0 0 0.1 0.2 0.3 0 0.1 0.2 0.2 0.2 0.3 0.3 0.4 0.6 0.1 0.1 0.2 0.5 0.1 0 0.1 0.1 0.1 0.1 0.4 0.3 0 0.1
2002030618 0.5 0 0.8 0.1 0.9 0.6 0.8 0 0.5 0.1 0 0.2 0.2 0.3 0 0.1 0.1 0 0.1 0 0 0 0.1 0.1 0 0 0.1 0.1 0 0 0 0.1 0 0.1 0 0 0.1 0.1 0.2 0 0 0.1
2002030619 0.5 0.2 1.2 0.1 1.4 1.4 2 0.3 1.2 0.3 0.1 0.4 0.1 0.4 0.4 0.4 0.5 0.2 0.2 0 0 0.2 0.1 0.2 0.3 0.2 0.1 0.1 0.2 0.5 0.3 0.4 0.5 0.1 0.2 0.5 0.2 0.3 0 0 0.1 0.3
2002030620 0 0 0.5 0.1 0.3 0.5 0.4 0.1 0.7 0.1 0 0.2 0 0.3 0.2 0.3 0.1 0.1 0 0.1 0.1 0.2 0 0.1 0.3 0.5 0.2 0.1 0.2 0.3 0.2 0.1 0.3 0.1 0.1 0.3 0.4 0.3 0 0.3 0.1 0
2002030621 0 0 0.1 0 0.5 0.4 0.4 0.1 0.5 0.1 0 0.2 0.1 0.2 0.2 0.3 0.2 0.3 0.2 0.1 0.2 0.3 0.2 0.2 0.4 0.2 0.2 0.1 0.1 0.3 0.2 0.3 0.4 0.1 0.2 0.3 0.2 0.1 0 0.1 0.1 0.1
2002030622 0 0 0.4 0 0.5 0.5 0.5 0.1 0.7 0 0.1 0.1 0 0.3 0.3 0.4 0.2 0.2 0.2 0 0.1 0.2 0.1 0.1 0.4 0.5 0.4 0.4 0.1 0.3 0.1 0.2 0.4 0 0.2 0.3 0.3 0.3 0 0.1 0.1 0.1
2002030623 0 0 0.6 0 0.8 0.8 0.6 0.3 0.9 0 0 0 0 0.1 0 0.4 0.4 0.4 0.2 0.2 0.2 0.4 0.2 0.4 0.6 0.7 0.5 0.3 0.1 0.2 0.1 0.3 1 0.1 0.4 0.4 0.5 0.2 0 0.1 0.1 0.4
2002030700 0.1 0 0.3 0 0.5 0.5 0.4 0.2 0.9 0 0 0.1 0 0.2 0.2 0.2 0.2 0.4 0.2 0 0.2 0.1 0.2 0.4 0.6 0.7 0.5 0.3 0.1 0.2 0.1 0.3 0.4 0.1 0.2 0.2 0.3 0.1 0.2 0 0.3 0.3
2002030701 0 0 0 0 0.1 0.1 0.2 0.3 0.7 0 0 0.1 0 0.1 0.1 0.3 0.2 0.4 0.2 0.1 0.1 0.2 0.2 0.5 0.7 0.8 0.6 0.3 0.2 0.2 0.2 0.3 0.6 0 0.1 0.1 0.3 0.2 0 0.1 0.3 0.5
2002030702 0 0 0 0 0.1 0.2 0 0.2 0.5 0 0 0 0 0.1 0.1 0.1 0 0.3 0.2 0 0.1 0.1 0.2 0.3 0.5 0.4 0.5 0.2 0.1 0.3 0.1 0.3 0.4 0 0.2 0.1 0.2 0.1 0.1 0.1 0.3 0.4
2002030703 0 0 0 0 0.2 0.1 0.2 0.2 0.3 0 0 0 0 0 0 0 0.1 0.4 0.4 0.1 0.1 0.2 0.2 0.7 0.7 0.7 0.5 0.4 0.2 0.3 0.3 0.5 0.5 0 0.1 0 0 0.2 0.2 0.3 0.4 0.4
2002030704 0 0 0.1 0 0.1 0.1 0.1 0.2 0.3 0 0 0 0 0 0 0 0 0.4 0.4 0 0.1 0.1 0.2 0.7 0.7 0.8 0.6 0.4 0.3 0.2 0.2 0.5 0.4 0 0.1 0.1 0.1 0.4 0.2 0.1 0.5 0.4
2002030705 0 0 0 0 0 0 0 0.1 0 0 0 0 0 0 0 0 0 0.1 0.2 0 0 0 0 0.4 0.5 0.6 0.5 0.4 0.2 0 0.2 0.2 0 0 0 0 0 0.4 0.1 0.3 0.3 0.1
2002030706 0 0 0 0 0 0 0 0.2 0 0 0 0 0 0 0 0 0 0.1 0 0 0 0.1 0.1 0.2 0.2 0.5 0.3 0.3 0 0.2 0 0 0.2 0 0 0 0 0 0.4 0.2 0.1 0.4
2002030707 0 0 0 0 0 0 0 0 0 0 0 0 0 0 0 0 0 0 0.2 0 0 0 0 0 0.4 0.3 1 0.4 0.3 0.1 0.1 0 0 0 0 0 0 0.2 0.3 0.1 0 0
2002030708 0 0 0 0 0 0 0 0 0 0 0 0 0 0 0 0 0 0 0.1 0 0 0 0 0.2 0.2 0.3 0.4 0.4 0 0 0 0.1 0 0 0 0 0 0.1 0.3 0.1 0 0
2002030709 0 0 0 0 0 0 0 0 0 0 0 0 0 0 0 0 0 0 0 0 0 0 0 0 0 0 0 0.2 0 0.1 0 0 0 0 0 0 0 0 0.1 0 0 0
2002030710 0 0 0 0 0 0 0 0 0 0 0 0 0 0 0 0 0 0 0 0 0 0 0 0 0 0 0 0 0 0 0 0 0 0 0 0 0 0 0 0 0 0
2002030711 0 0 0 0 0 0 0 0 0 0 0 0 0 0 0 0 0 0 0 0 0 0 0 0 0 0 0 0 0 0 0 0 0 0 0 0 0 0 0 0 0 0
2002030712 0 0 0 0 0 0 0 0 0 0 0 0 0 0 0 0 0 0 0 0 0 0 0 0 0 0 0 0 0 0 0 0 0 0 0 0 0 0 0 0 0 0
2002030713 0 0 0 0 0 0 0 0 0 0 0 0 0 0 0 0 0 0 0 0 0 0 0 0 0 0 0 0 0 0 0 0 0 0 0 0 0 0 0 0 0 0
2002030714 0 0 0 0 0 0 0 0 0 0 0 0 0 0 0 0 0 0 0 0 0 0 0 0 0.1 0 0 0 0 0 0 0 0 0 0 0 0 0 0 0 0 0
2002030715 0 0 0 0 0 0 0 0 0 0 0 0 0 0 0 0 0 0 0 0 0 0 0 0 0 0 0 0 0 0 0 0 0 0 0 0 0 0 0 0 0 0
2002030716 0 0 0 0 0 0 0 0 0 0 0 0 0 0 0 0 0 0 0 0 0 0 0 0 0 0 0 0 0 0 0 0 0 0 0 0 0 0 0 0 0 0
2002030717 0 0 0 0 0 0 0 0 0 0 0 0 0 0 0 0 0 0 0 0 0 0 0 0 0 0 0 0 0 0 0 0 0 0 0 0 0 0 0 0 0 0
2002030718 0 0 0 0 0 0 0 0 0 0 0 0 0 0 0 0 0 0 0 0 0 0 0 0 0 0 0 0 0 0 0 0 0 0 0 0 0 0 0 0 0 0
2002030719 0 0 0 0 0 0 0 0 0 0 0 0 0 0 0 0 0 0 0 0 0 0 0 0 0 0 0 0 0 0 0 0 0 0 0 0 0 0 0 0 0 0
2002030720 0 0 0 0 0 0 0 0 0 0 0 0 0 0 0 0 0 0 0 0 0 0 0 0 0 0 0 0 0 0 0 0 0 0 0 0 0 0 0 0 0 0
2002030721 0 0 0 0 0 0 0 0 0 0 0 0 0 0 0 0 0 0 0 0 0 0 0 0 0 0 0 0 0 0 0 0 0 0 0 0 0 0 0 0 0 0
2002030722 0 0 0 0 0 0 0 0 0 0 0 0 0 0 0 0 0 0 0 0 0 0 0 0 0 0 0 0 0 0 0 0 0 0 0 0 0 0 0 0 0 0
2002030723 0 0 0 0 0 0 0 0 0 0 0 0 0 0 0 0 0 0 0 0 0 0 0 0 0 0 0 0 0 0 0 0 0 0 0 0 0 0 0 0 0 0
2002030800 0 0 0 0 0 0 0 0 0 0 0 0 0 0 0 0 0 0 0 0 0 0 0 0 0 0 0 0 0 0 0 0 0 0 0 0 0 0 0 0 0 0
2002030801 0 0 0 0 0 0 0 0 0 0 0 0 0 0 0 0 0 0 0 0 0 0 0 0 0 0 0 0 0 0 0 0 0 0 0 0 0 0 0 0 0 0
2002030802 0 0 0 0 0 0 0 0 0 0 0 0 0 0 0 0 0 0 0 0 0 0 0 0 0 0 0 0 0 0 0 0 0 0 0 0 0 0 0 0 0 0
2002030803 0 0 0 0 0 0 0 0 0 0 0 0 0 0 0 0 0 0 0 0 0 0 0 0 0 0 0 0 0 0 0 0 0 0 0 0 0 0 0 0 0 0
2002030804 0 0 0 0 0 0 0 0 0 0 0 0 0 0 0 0 0 0 0 0 0 0 0 0 0 0 0 0 0 0 0 0 0 0 0 0 0 0 0 0 0 0
2002030805 0 0 0 0 0 0 0 0 0 0 0 0 0 0 0 0.1 0 0 0 0 0 0 0 0 0 0 0 0 0 0 0 0 0 0 0 0 0 0 0 0 0 0
2002030806 0 0 0 0 0 0 0 0 0 0 0 0 0 0 0 0 0 0 0 0 0 0 0 0 0 0 0 0 0 0 0 0 0 0 0 0 0 0 0 0 0 0
2002030807 0 0 0 0 0.1 0 0.1 0.1 0.1 0 0 0.1 0 0 0 0 0 0.1 0 0 0 0 0.1 0 0.1 0 0.1 0 0 0 0 0 0 0 0.1 0 0.1 0 0.1 0.1 0.1 0
2002030808 0 0 0 0 0 0 0 0 0 0 0 0 0 0 0 0 0 0 0 0 0 0 0 0 0 0 0 0 0.1 0 0 0 0 0 0 0 0 0 0 0 0 0
2002030809 0 0 0 0 0 0 0 0 0 0 0 0 0 0 0 0 0 0 0 0 0 0 0 0 0 0 0 0 0 0 0 0 0 0 0 0 0 0.1 0 0 0 0
2002030810 0 0 0 0 0 0 0 0 0 0 0 0 0 0 0 0 0 0 0 0 0 0 0 0 0 0 0 0 0 0 0 0 0 0 0 0 0 0 0 0 0 0
2002030811 0 0 0 0 0 0 0 0 0 0 0 0 0 0 0 0 0 0 0 0 0 0 0 0 0 0 0 0 0 0 0 0 0 0 0 0 0 0 0 0 0 0
2002030812 0 0.1 0 0 0 0 0 0 0 0 0 0 0 0 0 0 0 0 0 0 0 0 0 0 0 0 0 0 0 0 0 0 0 0 0 0 0 0 0 0 0 0
2002030813 0 0 0 0 0 0 0 0 0 0 0 0 0 0 0 0 0 0 0 0 0 0 0 0 0 0 0 0 0 0 0 0 0 0 0 0 0 0 0 0 0 0
2002030814 0 0 0 0 0 0 0 0 0 0 0 0 0 0 0 0 0 0 0 0 0 0 0 0 0 0 0 0 0 0 0 0 0 0 0 0 0 0 0 0 0 0
2002030815 0 0 0 0 0 0 0 0 0 0 0 0 0 0 0.1 0 0 0 0 0 0 0 0 0 0 0 0 0 0 0 0 0 0 0 0 0 0 0 0 0 0 0
2002030816 0 0 0 0 0 0 0 0 0 0 0 0 0 0 0 0 0 0 0 0 0 0 0 0 0 0 0 0 0 0 0 0 0 0 0 0 0 0 0 0 0 0
2002030817 0 0 0 0 0 0 0 0 0 0 0 0 0 0 0 0 0 0 0 0 0 0 0 0 0 0 0 0 0 0 0 0 0 0 0 0 0 0 0 0 0 0
2002030818 0 0 0 0 0 0 0 0 0 0 0 0 0 0 0 0 0 0 0 0 0 0 0 0 0 0 0 0 0 0 0 0 0 0 0 0 0 0 0 0 0 0
2002030819 0 0 0 0 0 0 0 0 0 0 0 0 0 0 0 0 0 0 0 0 0 0 0 0 0 0 0 0 0 0 0 0 0 0 0 0 0 0 0 0 0 0
2002030820 0 0 0 0 0 0 0 0 0 0 0 0 0 0 0 0 0 0 0 0 0 0 0 0 0 0 0 0 0 0 0 0 0 0 0 0 0 0 0 0 0 0
2002030821 0 0 0 0 0 0 0 0 0 0 0 0 0 0 0 0 0 0 0 0 0 0 0 0 0 0 0 0 0 0 0 0 0 0 0 0 0 0 0 0 0 0
2002030822 0 0 0 0 0 0 0 0 0 0 0 0 0 0 0 0 0 0 0 0 0 0 0 0 0 0 0 0 0 0 0 0 0 0 0 0 0 0 0 0 0 0
2002030823 0 0 0 0 0 0 0 0 0 0 0 0 0 0 0 0 0 0 0 0 0 0 0 0 0 0 0 0 0 0 0 0 0 0 0 0 0 0 0 0.1 0 0
2002030900 0 0 0 0 0 0 0 0 0 0 0 0 0 0 0 0 0 0 0 0 0 0 0 0 0 0 0 0 0 0 0 0 0 0 0 0 0 0 0 0 0 0
2002030901 0 0 0 0 0 0 0 0 0 0 0 0 0 0 0 0 0 0 0.1 0 0 0 0 0 0 0 0 0 0 0 0 0 0 0 0 0 0 0 0 0 0 0
2002030902 0 0 0 0 0 0 0 0 0 0 0 0 0 0 0 0 0 0 0 0 0 0 0 0 0 0 0 0 0 0 0 0 0 0 0 0 0 0 0 0 0 0
2002030903 0 0 0 0 0 0 0 0 0 0 0 0 0 0 0 0 0 0 0 0 0 0 0 0 0 0 0 0 0 0 0 0 0 0 0 0 0 0 0 0 0 0.1
2002030904 0 0 0 0 0 0 0 0 0 0 0 0 0 0 0 0 0 0 0 0 0 0 0 0 0 0 0 0 0 0 0 0 0 0 0 0 0 0 0 0 0 0
2002030905 0 0.1 0 0 0 0 0 0 0 0 0 0 0 0 0 0 0 0 0 0 0 0 0 0 0 0 0 0 0 0 0 0 0 0 0 0 0 0 0 0 0 0
2002030906 0.2 0.1 0.4 0.3 0.1 0 0.1 0 0 0.1 0.2 0 0 0 0 0 0 0 0 0 0 0 0 0 0 0 0 0 0 0 0 0 0 0 0 0 0 0 0 0 0 0
2002030907 0.1 0 0.9 0 0.3 0.5 0.4 0 0.3 0.1 0.3 0.1 0.2 0 0 0 0 0 0 0 0 0 0 0 0 0 0 0 0 0 0 0 0 0.4 0 0.1 0 0 0 0 0 0
2002030908 0 0 0.1 0 0.2 0.3 0.4 0.1 0.2 0 0 0 0 0 0 0 0 0 0 0 0 0 0 0 0 0 0 0 0 0 0 0 0.2 0 0.1 0 0 0 0 0 0 0
2002030909 0 0 0 0 0 0 0 0 0 0 0 0 0 0 0 0 0 0 0 0 0 0 0 0 0 0 0 0 0 0 0 0 0 0 0 0 0 0 0 0 0 0
2002030910 0 0 0 0 0 0 0 0 0 0 0 0 0 0 0 0 0 0 0 0 0 0 0 0 0 0 0 0 0 0 0 0 0 0 0 0 0 0 0 0 0 0
2002030911 0 0 0 0 0.1 0.2 0.2 0 0 0 0 0 0 0 0 0 0 0 0 0 0 0 0.1 0.1 0 0.1 0 0 0 0 0 0 0 0 0 0 0 0 0 0 0 0
2002030912 0 0 0 0 0.2 0 0.1 0.1 0.8 0 0 0 0 0 0 0 0 0 0.1 0 0 0 0.1 0.2 0.3 0.2 0.3 0.2 0 0.2 0.1 0.1 0.4 0 0.1 0 0 0 0 0 0 0
2002030913 0 0 0 0 0.1 0 0 0.1 0.1 0 0 0 0 0 0 0 0 0.1 0 0.1 0 0.1 0 0 0 0 0 0.1 0.1 0 0.1 0 0.1 0 0 0 0 0.2 0 0 0.1 0
2002030914 0 0 0 0.1 0 0 0 0 0.1 0 0 0 0 0 0 0 0 0 0 0 0 0 0 0 0 0 0 0 0 0 0 0 0.2 0 0 0 0 0 0 0.1 0.1 0.4
2002030915 0 0 0 0 0 0 0 0 0 0 0 0 0 0 0 0 0 0 0 0 0 0 0 0 0 0 0 0 0 0 0 0 0 0 0 0 0 0 0 0 0 0
2002030916 0 0 0 0 0 0 0 0 0 0 0 0.2 0 0.2 0.1 0 0 0 0 0 0 0 0 0 0 0 0 0.1 0 0 0.1 0 0.3 0 0 0 0 0 0 0 0 0
2002030917 0 0 0 0 0.2 0.1 0.2 0 0 0 0 0 0 0 0 0 0 0.1 0 0 0 0 0 0 0 0 0 0 0 0 0.1 0 0 0.1 0 0 0 0 0 0.1 0.1 0.1
2002030918 0 0 0 0 0 0 0 0 0 0 0 0 0 0 0 0 0 0 0 0 0 0 0 0 0 0 0 0 0 0 0 0 0 0 0 0 0 0 0 0 0 0.1
2002030919 0 0 0 0 0 0 0 0 0 0 0 0 0 0 0 0 0 0 0 0 0 0 0 0 0 0 0 0 0 0 0 0 0 0 0 0 0 0 0 0 0 0
2002030920 0 0 0 0 0 0 0 0 0 0 0 0 0 0 0 0 0 0 0 0 0 0 0 0 0 0 0 0 0 0 0 0 0 0 0 0 0 0 0 0 0 0
2002030921 0.3 0 0 0.3 0 0 0 0 0 0 0 0 0 0 0 0 0 0 0 0 0 0 0 0 0 0 0 0 0 0 0 0 0 0 0 0 0 0 0 0 0 0
2002030922 0.3 0 0 0.8 0 0 0 0 0 0 0 0 0 0 0 0 0 0 0 0 0 0 0 0 0 0 0 0 0 0 0 0 0 0 0 0 0 0 0 0 0 0
2002030923 0 0 0 0 0 0 0 0 0 0 0 0 0 0 0 0 0 0 0 0 0 0 0 0 0 0 0 0 0 0 0 0 0 0 0 0 0 0 0 0 0 0
2002031000 0 0 0 0 0 0 0 0 0 0 0 0 0 0 0 0 0 0 0 0 0 0 0 0 0 0 0 0 0 0 0 0 0 0 0 0 0 0 0 0 0 0
2002031001 0 0 0 0 0 0 0 0 0 0 0 0 0 0 0 0 0 0 0 0 0 0 0 0 0 0 0 0 0 0 0 0 0 0 0 0 0 0 0 0 0 0
2002031002 0 0 0 0 0 0 0 0 0 0 0 0 0 0 0 0 0 0 0 0 0 0 0 0 0 0 0 0 0 0 0 0 0 0 0 0 0 0 0 0 0 0
2002031003 0 0 0 0 0 0 0 0 0 0 0 0 0 0 0 0 0 0 0 0 0 0 0 0 0 0 0 0 0 0 0 0 0 0 0 0 0 0 0 0 0 0
2002031004 0 0 0 0 0 0 0 0 0 0 0 0 0 0 0 0 0 0 0 0 0 0 0 0 0 0 0 0 0 0 0 0 0 0 0 0 0 0 0 0 0 0
2002031005 0 0 0 0 0 0 0 0 0 0 0 0 0 0 0 0 0 0 0 0 0 0 0 0 0 0 0 0 0 0 0 0 0 0 0 0 0 0 0 0 0 0
2002031006 0 0 0 0 0 0 0 0 0 0 0 0 0 0 0 0.1 0 0 0 0 0 0 0 0 0 0.1 0 0 0 0 0 0.1 0 0 0 0 0 0 0 0 0 0
2002031007 0 0 0 0 0 0 0 0 0 0 0 0.1 0 0.1 0 0 0 0.1 0 0 0 0 0 0 0.1 0 0 0 0 0 0 0 0 0.1 0 0 0.1 0.1 0 0 0 0
2002031008 0 0 0 0 0 0 0 0 0 0 0 0 0 0 0 0 0 0 0.1 0 0 0 0 0 0 0 0 0 0 0 0 0 0 0 0 0.1 0 0 0 0 0 0
2002031009 0 0 0 0 0 0 0 0 0 0 0 0 0 0 0 0 0 0 0 0 0 0 0 0 0 0 0 0 0 0 0 0 0 0 0 0 0 0 0 0 0 0
2002031010 0 0 0 0 0 0 0 0 0 0 0 0 0 0 0 0 0 0 0 0 0 0 0 0 0 0 0 0 0 0 0 0 0 0 0 0 0 0 0 0 0 0
2002031011 0 0 0 0 0 0 0 0 0 0 0 0 0 0 0 0 0 0 0 0 0 0 0 0 0 0 0 0 0 0 0 0 0 0 0 0 0 0 0 0 0 0
2002031012 0 0 0 0 0 0 0 0 0 0 0 0 0 0 0 0 0 0 0 0 0 0 0 0 0 0 0 0 0 0 0 0 0 0 0 0 0 0 0 0 0 0
2002031013 0 0 0 0 0 0 0 0 0 0 0 0 0 0 0 0 0 0 0 0 0 0 0 0 0 0 0 0 0 0 0 0 0 0 0 0 0 0 0 0 0 0
2002031014 0 0 0 0 0 0 0 0 0 0 0 0 0 0 0 0 0 0 0 0 0 0 0 0 0 0 0 0 0 0 0 0 0 0 0 0 0 0 0 0 0 0
2002031015 0 0 0 0 0 0 0 0 0 0 0 0 0 0 0 0 0 0 0 0 0 0 0 0 0 0 0 0 0 0 0 0 0 0 0 0 0 0 0 0 0 0
2002031016 0 0 0 0 0 0 0 0 0 0 0 0 0 0 0 0 0 0 0 0 0 0 0 0 0 0 0 0 0 0 0 0 0 0 0 0 0 0 0 0 0 0
2002031017 0 0 0 0 0 0 0 0 0 0 0 0 0 0 0 0 0 0 0 0 0 0 0 0 0 0 0 0 0 0 0 0 0 0 0 0 0 0 0 0 0 0
2002031018 0 0 0 0 0 0 0 0 0 0 0 0 0 0 0 0 0 0 0 0 0 0 0 0 0 0 0 0 0 0 0 0 0 0 0 0 0 0 0 0 0 0
2002031019 0 0 0 0 0 0 0 0 0 0 0 0 0 0 0 0 0 0 0 0 0 0 0 0 0 0 0 0 0 0 0 0 0 0 0 0 0 0 0 0 0 0
2002031020 0 0 0 0 0 0 0 0 0 0 0 0 0 0 0 0 0 0 0 0 0 0 0 0 0 0 0 0 0 0 0 0 0 0 0 0 0 0 0 0 0 0
2002031021 0 0 0 0 0 0 0 0 0 0 0 0 0 0 0 0 0 0 0 0 0 0 0 0 0 0 0 0 0 0 0 0 0 0 0 0 0 0 0 0 0 0
2002031022 0 0 0 0 0 0 0 0 0 0 0 0 0 0 0 0 0 0 0 0 0 0 0 0 0 0 0 0 0 0 0 0 0 0 0 0 0 0 0 0 0 0
2002031023 0 0 0 0 0 0 0 0 0 0 0 0 0 0 0 0 0 0 0 0 0 0 0 0 0 0 0 0 0 0 0 0 0 0 0 0 0 0 0 0 0 0
2002031100 0 0 0 0 0 0 0 0 0 0 0 0 0 0 0 0 0 0 0 0 0 0 0 0 0 0 0 0 0 0 0 0 0 0 0 0 0 0 0 0 0 0
2002031101 0 0 0 0 0 0 0 0 0 0 0 0 0 0 0 0 0 0 0 0 0 0 0 0 0 0 0 0 0 0 0 0 0 0 0 0 0 0 0 0 0 0
2002031102 0 0 0 0 0 0 0 0 0 0 0 0 0 0 0 0 0 0 0 0 0 0 0 0 0 0 0 0 0 0 0 0 0 0 0 0 0 0 0 0 0 0
2002031103 0 0 0 0 0 0 0 0 0 0 0 0 0 0 0 0 0 0 0 0 0 0 0 0 0 0 0 0 0 0 0 0 0 0 0 0 0 0 0 0 0 0
2002031104 0 0 0 0 0 0 0 0 0 0 0 0 0 0 0 0 0 0 0 0 0 0 0 0 0 0 0 0 0 0 0 0 0 0 0 0 0 0 0 0 0 0
2002031105 0 0 0 0 0 0 0 0 0 0 0 0 0 0 0 0 0 0 0 0 0 0 0 0 0 0 0 0 0 0 0 0 0 0 0 0 0 0 0 0 0 0
2002031106 0 0 0 0 0 0 0 0.1 0 0 0 0 0 0 0 0 0 0 0 0 0 0 0 0 0 0 0 0 0 0 0 0 0 0 0 0 0 0 0 0 0 0
2002031107 0 0 0 0 0 0 0 0 0 0 0 0 0 0 0 0 0 0 0 0 0 0 0 0.1 0.1 0 0 0 0 0 0 0 0 0 0 0 0 0 0 0.1 0 0
2002031108 0 0 0 0 0 0 0 0 0 0 0 0 0 0 0 0 0 0 0 0 0 0 0 0 0 0 0 0 0 0 0 0 0 0 0 0 0 0 0 0 0.1 0
2002031109 0 0 0 0 0 0 0 0 0 0.1 0 0 0 0 0 0 0 0 0 0 0 0 0 0 0 0 0 0 0 0 0 0 0 0 0 0 0 0 0 0.1 0 0
2002031110 0 0 0 0 0 0 0 0 0 0 0 0 0 0 0 0 0 0 0 0 0 0 0 0 0 0 0 0.1 0 0 0 0 0 0 0 0 0 0 0.1 0 0 0
2002031111 0 0 0 0 0 0 0 0 0 0 0 0 0 0 0 0 0 0 0 0 0 0 0 0 0 0 0 0 0 0 0 0 0 0 0 0 0 0 0 0 0 0
2002031112 0 0 0 0 0 0 0 0 0 0 0 0 0 0 0.1 0 0 0 0 0 0 0 0 0 0 0 0 0 0 0 0 0 0 0 0 0 0 0 0 0 0 0
2002031113 0 0 0 0 0 0 0 0 0 0 0 0 0 0 0 0 0 0 0 0 0 0 0 0 0 0 0 0 0 0 0 0 0 0 0 0 0 0 0 0 0 0
2002031114 0 0 0 0 0 0 0 0 0 0 0 0 0 0 0 0 0 0 0 0 0 0 0 0 0 0 0 0 0 0 0 0 0 0 0 0 0 0 0 0 0 0
2002031115 0 0 0 0 0 0 0 0 0 0 0 0 0 0 0 0 0 0 0 0 0 0 0 0 0 0 0 0 0 0 0 0 0 0 0 0 0 0 0 0 0 0
2002031116 0 0 0 0 0 0 0 0 0 0 0 0 0 0 0 0 0 0 0 0 0 0 0 0 0 0 0 0 0 0 0 0 0 0 0 0 0 0 0 0 0 0
2002031117 0 0 0 0 0 0 0 0 0 0 0 0 0 0 0 0 0 0 0 0 0 0 0 0 0 0 0 0 0 0 0 0 0 0 0 0 0 0 0 0 0 0
2002031118 0 0 0 0 0 0 0 0 0 0 0 0 0 0 0 0 0 0 0 0 0 0 0 0 0 0 0 0 0 0 0 0 0 0 0 0 0 0 0 0 0 0
2002031119 0 0 0 0 0 0 0 0 0 0 0 0 0 0 0 0 0 0 0 0 0 0 0 0 0 0 0 0 0 0 0 0 0 0 0 0 0 0 0 0 0 0
2002031120 0 0 0 0 0 0 0 0 0 0 0 0 0 0 0 0 0 0 0 0 0 0 0 0 0 0 0 0 0 0 0 0 0 0 0 0 0 0 0 0 0 0
2002031121 0 0 0 0 0 0 0 0 0 0 0 0 0 0 0 0 0 0 0 0 0 0 0 0 0 0 0 0 0 0 0 0 0 0 0 0 0 0 0 0 0 0
2002031122 0 0 0 0 0 0 0 0 0 0 0 0 0 0 0 0 0 0 0 0 0 0 0 0 0 0 0 0 0 0 0 0 0 0 0 0 0 0 0 0 0 0
2002031123 0 0 0 0 0 0 0 0 0 0 0 0 0 0 0 0 0 0 0 0 0 0 0 0 0 0 0 0 0 0 0 0 0 0 0 0 0 0 0 0 0 0
2002031200 0 0 0 0 0 0 0 0 0 0 0 0 0 0 0 0 0 0 0 0 0 0 0 0.1 0 0 0 0 0 0 0 0 0 0 0 0 0 0 0 0 0 0
2002031201 0 0 0 0 0 0 0 0 0 0 0 0 0.1 0.3 0 0.1 0.1 0.1 0.1 0.1 0 0.1 0.1 0 0 0 0.1 0 0 0.2 0.2 0.1 0 0 0 0.1 0 0.1 0 0 0 0
2002031202 0 0.7 0 0 0 0 0 0.1 0 0.3 0.1 0.3 0.1 0 0.1 0 0 0 0 0 0.1 0.1 0 0 0.1 0 0 0.1 0.4 0.1 0.3 0 0 0.1 0.1 0 0.1 0.5 0 0 0.1 0.1
2002031203 0.1 1 0 0.3 0.1 0 0.1 0 0 0.4 0.8 0 0.5 0.1 0 0.1 0.1 0 0.1 0 0 0 0.1 0.1 0 0 0 0 0 0 0 0.1 0 0 0 0 0 0 0 0 0.1 0
2002031204 0.2 1.2 0.5 1 0.3 0.5 0.4 0 0.1 0.5 0.7 0.4 0.5 0.2 0.2 0.2 0.1 0.1 0 0.1 0.1 0.1 0 0 0 0 0 0 0 0 0 0 0 0.1 0.1 0.1 0.1 0 0 0 0 0
2002031205 0.2 0.1 0.2 0.3 0.3 0.4 0.5 0 0.2 0 0.1 0.5 0 0 0.1 0.2 0 0.1 0 0.1 0.1 0 0 0 0 0 0 0 0.1 0 0.1 0 0 0.5 0.4 0.2 0.2 0 0 0 0 0
2002031206 0 0.1 0.1 0.3 0 0.1 0 0 0 0 0.1 0 0.1 0 0 0 0 0 0 0 0 0 0 0 0 0 0 0 0 0.1 0 0 0 0 0 0.1 0 0 0 0 0 0
2002031207 0 0 0 0 0 0 0 0 0 0.1 0 0 0 0 0 0 0 0 0 0 0 0 0 0 0 0 0 0 0 0 0 0 0 0 0 0 0 0 0 0 0 0
2002031208 0 0 0 0 0 0 0 0 0 0 0 0 0 0 0 0 0 0 0 0 0 0 0 0 0 0 0 0 0 0 0 0 0 0 0 0 0 0 0 0 0 0
2002031209 0 0 0 0 0 0 0 0 0 0 0 0 0 0 0 0 0 0 0 0 0 0 0 0 0 0 0 0 0 0 0 0 0 0 0 0 0 0 0 0 0 0
2002031210 0 0 0 0 0 0 0 0 0 0 0 0 0 0 0 0 0 0 0 0 0 0 0 0 0 0 0 0 0 0 0 0 0 0 0 0 0 0 0 0 0 0.1
2002031211 0 0 0 0 0 0 0 0 0 0 0 0 0 0 0 0 0 0 0 0 0 0 0 0 0 0 0 0 0 0 0 0 0 0 0 0 0 0 0 0 0 0
2002031212 0 0 0 0 0 0 0 0 0 0 0 0 0 0 0 0 0 0 0 0 0 0 0 0 0 0 0 0 0 0 0 0 0 0 0 0 0 0 0 0 0 0
2002031213 0 0 0 0 0 0 0 0 0 0 0 0 0 0 0 0 0 0 0 0 0 0 0 0 0 0 0 0 0 0 0 0 0 0 0 0 0 0 0 0 0 0
2002031214 0 0 0 0 0 0 0 0 0 0 0 0 0 0 0 0 0 0 0 0 0 0 0 0 0 0 0 0 0 0 0 0 0 0 0 0 0 0 0 0 0 0
2002031215 0 0.1 0 0 0 0 0 0 0 0 0 0 0 0 0 0 0 0.1 0 0.1 0.1 0 0 0 0 0 0 0 0 0 0 0 0 0 0 0 0 0 0 0 0 0
2002031216 0 0 0 0 0 0 0 0 0 0.1 0 0.2 0.3 0.3 0.1 0.3 0.1 0 0 0.1 0.1 0.3 0 0 0 0 0 0 0 0 0 0 0 0.3 0.3 0 0.2 0 0 0 0 0
2002031217 0.1 0.3 0 0.1 0 0.3 0.3 0 0 0.5 0.1 0.2 0.8 0.3 0.2 0 0.1 0 0 0 0 0 0 0 0 0 0 0 0 0 0 0 0 0.1 0.1 0.1 0 0 0 0 0 0
2002031218 0.1 0.4 0.1 0.1 0.1 0 0 0 0 0.3 0.3 0.1 0.2 0.2 0.2 0.2 0.2 0.1 0 0.2 0 0 0.1 0.1 0 0.2 0 0 0 0 0 0 0 0 0 0 0 0 0 0 0 0
2002031219 0.1 0.2 0.3 0.2 0.1 0.1 0.1 0 0 0.2 0.2 0.2 0.1 0.3 0.6 0.6 1.1 0.7 0 0.7 0.4 0.2 0.7 0.7 0 0.2 0 0 0 0 0 0 0 0.2 0 0.3 0.3 0 0 0 0 0
2002031220 0.5 0.2 0.4 0.1 0.3 0.2 0.3 0.1 0.1 0.3 0.3 0.8 0.3 1.1 1 0.6 0.6 0.1 0 0.2 0.2 0.2 0 0.1 0 0 0 0 0 0 0 0 0 1 0.6 0.6 0.3 0 0 0 0 0
2002031221 1 0.6 1 0.3 0.5 0.8 0.8 0.2 0.5 0.3 0.4 0.5 0.3 0.1 0.2 0.2 0.1 0.1 0.1 0.1 0 0 0.1 0 0 0 0 0 0 0.1 0 0 0 0.2 0.2 0.1 0.1 0 0 0 0 0
2002031222 0.6 0.3 0.3 0.4 0.3 0.1 0.2 0 0.2 0 0.2 0.1 0.1 0.3 0 0 0.2 0.1 0.1 0.2 0 0 0.2 0.1 0.1 0 0 0 0 0 0 0 0 0.1 0 0 0 0 0 0 0 0
2002031223 0.1 0 0 0.1 0 0 0 0.1 0 0.3 0.2 0.1 0.1 0 0.1 0.1 0 0.3 0 0.4 0.1 0.2 0.2 0 0 0.2 0.1 0 0 0 0 0 0 0 0.1 0.1 0.1 0 0 0.2 0 0
2002031300 0 0.4 0.1 0.1 0 0.1 0.1 0 0.1 0 0.2 0 0.1 0 0 0.1 0 0 0 0.1 0.1 0 0.1 0.1 0 0 0 0 0 0 0 0 0 0.1 0.1 0.1 0.2 0.2 0 0 0 0
2002031301 0.2 0.1 0.1 0.3 0.2 0.3 0.2 0 0.2 0.1 0.1 0.1 0.1 0 0.1 0.1 0 0 0 0.1 0 0 0 0 0 0 0 0 0 0 0 0 0 0.5 0 0.1 0 0 0 0 0.2 0.1
2002031302 0.3 0.2 0.1 0 0.1 0 0.2 0.2 0.2 0 0.3 0 0.1 0 0 0 0 0 0 0 0 0 0.1 0 0 0 0 0 0 0 0 0 0 0.1 0.1 0 0 0 0 0 0.1 0.2
2002031303 0.5 0 0 0.5 0 0 0 0 0.1 0.1 1.5 0 0.4 0.3 0 0.1 0.4 0.1 0.2 0 0.1 0.1 0 0.2 0.2 0.1 0 0.5 0 0.1 0.1 0.1 0 0 0 0 0.1 0 0.6 0.2 0 0.1
2002031304 1.9 0.1 0.1 0.1 0 0 0 0 0 0.4 0.7 0.4 0 0.1 0.4 0.2 0 0 0 0 0.1 0.1 0 0.1 0 0 0 0.1 0.2 0.2 0 0.1 0 0.2 0.1 0.5 0.1 0.3 0 0 0 0
2002031305 0.4 0.1 0.1 0 0 0.1 0 0 0.1 0 0.1 0 0.1 0 0.1 0 0 0.1 0 0 0 0 0 0 0 0 0 0 0 0 0 0 0 0.1 0.1 0 0 0 0 0 0.1 0
2002031306 0 0 0 0.1 0 0 0 0 0 0.1 0.2 0.1 0 0 0 0 0.1 0 0 0 0 0 0 0 0 0 0.1 0 0 0 0 0 0 0.1 0 0 0 0 0 0 0 0
2002031307 0.1 0.3 0.1 0 0 0 0 0 0 0 0.1 0 0 0 0 0 0 0 0 0 0 0 0 0 0 0 0 0 0 0 0 0 0 0 0 0 0 0 0 0 0 0
2002031308 0 0 0 0 0 0 0 0 0 0 0 0 0 0 0.1 0 0 0 0 0 0 0 0 0 0 0 0 0 0 0 0 0 0 0 0 0 0 0 0 0 0 0
2002031309 0 0 0 0.1 0 0 0 0 0 0 0 0 0 0 0 0 0 0 0 0 0 0 0.1 0 0 0 0 0 0 0 0 0 0 0 0 0 0 0 0 0 0 0
2002031310 0 0 0 0 0 0 0 0 0 0 0 0 0 0 0 0 0 0 0 0 0 0 0 0 0 0 0 0 0 0 0 0 0 0 0 0 0 0 0 0 0 0
2002031311 0 0 0 0 0 0 0 0 0 0 0 0 0 0 0 0 0 0 0 0 0 0 0 0 0 0 0 0 0 0 0 0 0 0 0 0 0 0 0 0 0 0
2002031312 0 0 0 0 0 0 0 0 0 0 0 0 0 0 0 0 0 0 0 0 0 0 0 0 0 0 0 0 0 0 0 0 0 0 0 0 0 0 0 0 0 0
2002031313 0 0.1 0 0 0 0 0 0 0 0 0 0 0 0 0 0 0 0 0 0 0 0 0 0 0 0 0 0 0 0 0 0 0 0 0 0 0 0 0 0 0 0
2002031314 0 0.3 0 0 0 0 0 0 0 0 0 0 0 0 0 0 0 0 0 0 0 0 0 0 0 0 0 0 0 0 0 0 0 0 0 0 0 0 0 0 0 0
2002031315 0 0 0 0 0 0 0 0 0 0 0 0 0 0 0 0 0 0 0 0 0 0 0 0 0 0 0 0 0 0 0 0 0 0 0 0 0 0 0 0 0 0
2002031316 0 0 0 0 0 0 0 0 0 0 0 0 0.1 0.4 0.1 0 0.2 0 0 0.1 0 0 0 0 0 0 0 0 0 0 0 0 0 0 0 0 0 0 0 0 0 0
2002031317 0.1 0.4 0 0 0.1 0 0 0.1 0 0 0 0.2 0 1 0.7 0.3 0.8 0 0 0.1 0.1 0 0 0 0 0 0 0 0 0 0 0 0 0 0 0.2 0.1 0 0 0 0 0
2002031318 0.2 1.9 0 0.5 0 0 0.1 0.1 0 0.5 0.1 0.7 0.8 0.2 0 0.8 0 0.1 0 0 0 0 0 0 0 0 0 0 0 0 0 0 0 0.6 0.1 0.7 0.7 0 0 0 0 0.1
2002031319 2.3 4.4 1.8 2.8 0.2 0.3 0.5 0.1 2.1 0.9 2.4 0.5 0.5 0.3 0.2 0 0 0 0 0 0 0 0 0 0 0 0 0 0 0 0 0 0 0.8 0.5 0.2 0 0 0 0 0 0
2002031320 2.3 1.9 2.1 2 1.2 1.3 0.9 0 1.1 0.3 1.5 0.1 0.2 0 0 0 0 0 0 0 0 0 0 0 0 0 0 0 0 0 0 0 0 0.4 0 0 0 0 0 0 0 0
2002031321 2.1 2.3 2.4 1 0.5 0.1 0.2 0 0.3 0.7 2.6 0.1 0.5 0.2 0.2 0 0 0 0 0 0 0 0 0 0 0 0 0 0 0 0 0 0 0.5 0 0.1 0.1 0 0 0 0 0
2002031322 1.8 3.5 0.7 0.5 0.3 0.6 0.4 0 0.2 1.2 3.1 0.2 2.7 0 0.1 0 0 0 0 0.2 0.2 0.1 0 0 0 0 0 0 0 0 0 0 0 1 1.2 0 1.1 0 0 0 0 0
2002031323 3.4 0.5 0.1 0.8 0.2 0.1 0.2 1.5 0.1 2.7 2.8 0.2 1.9 1.4 0.5 0 0 0 0 0.1 0.2 0 0 0 0 0 0 0 0 0 0 0 0 0.1 0.2 0.1 0 0 0 0 0 0.7
2002031400 1.1 0 0.1 0 0 0.4 0.4 0.7 2.2 0.2 0.7 2 0.4 2.9 2.7 0.1 0 0 0 0 0 0 0 0 0 0 0 0 0 0 0 0 0 0.6 0 0.1 0 0 0 0.1 0 1.1
2002031401 0 0 0.2 0 0 1.4 1.7 0 1.1 0.8 0 1.6 1.5 0.1 0.3 0 0 0 0 0 0 0.2 0 0 0 0 0 0 0 0 0 0 0 3 0.1 0.1 0.2 0 0 0 0 0
2002031402 0 0 0.3 0 0 1.5 0.5 0.3 0.6 1.4 0 0 0.5 0 0 0 0 0 0 0 0 0 0 0 0 0 0 0 0 0 0 0 0 0 0 0 0 0 0 0 0.1 0.1
2002031403 0 0 0.2 0 0 0 0 0.1 0 0.1 0 0 0 0 0 0 0 0 0 0 0 0 0 0 0 0 0 0 0 0 0 0 0 0.1 0 0 0 0 0 0 0 0
2002031404 0 0 0.2 0 0 0 0 0 0 0 0 0 0 0 0.1 0 0 0 0 0 0 0 0 0 0 0 0 0 0 0 0 0 0 0 0 0 0 0 0 0 0 0
2002031405 0 0.9 0.2 0 0 0 0 0 0 0 0.4 0 0 0 0 0 0 0 0 0 0 0 0 0 0.1 0 0 0 0 0 0 0 0 0 0 0 0 0 0 0.1 0 0
2002031406 0.6 0.1 0.3 0 0 0 0 0 0 0.1 0 0 0 0 0 0 0 0.1 0.1 0.1 0.1 0.1 0.1 0 0 0 0 0 0 0 0.1 0.2 0 0 0 0 0 0 0.1 0 0 0
2002031407 0.2 0 0.6 0 0 0 0.2 0.4 0.1 0 0 0 0 0 0 0.3 0 0 0 0.1 0 0 0 0 0 0 0 0 0 0.2 0 0 0 0 0.3 0 0.2 0 0 0 0 0
2002031408 0 0 0.7 0 0 0.2 0.1 0.1 0.2 0 0 0.1 0 0.1 0.1 0.4 0.4 0 0 0 0 0 0 0 0.9 0.3 0.1 0.1 0 0 0 0 0 0.6 0 1 0 0 0 0 0.1 0.6
2002031409 0 0 0.5 0 0 0.7 0.6 0 0.2 0 0 0.6 0.2 0.4 0.1 0.2 0.2 1 1.9 0.4 0 0 0.6 0.5 0.7 0.5 0.1 0 0.3 0.2 0.1 1.4 0 0.5 0 0.5 0 0.1 0.6 0 0 0
2002031410 0.2 0.3 0.8 0 0 0.4 0.6 0 0.1 0.6 0.8 0.1 0.5 0.3 0.2 0.6 0.2 0 0 0.4 0.6 0.8 0 0 0 0 0 0 0 0.4 0 0.2 0 0.1 1.4 0.6 0.9 0.2 0.1 0.1 0 0
2002031411 0.3 0.5 0.3 0.5 0 1 1.1 0.1 0.2 0.1 0 0.3 0 0.4 0.3 0.2 0.6 0.1 0.1 0.1 0 0 0.1 0 0.1 0 0.1 0.2 0.3 0.1 0.4 0.1 0 0.5 0 0.5 0 0.4 0 0 0.1 0.1
2002031412 0.2 0 0.3 0 0 0.3 0.3 0.3 0.4 1 0.1 0.2 0.9 0.7 0.4 0.2 0.5 0.5 0.4 0 0 0.1 0.8 1.3 1.3 1.7 0.6 0.5 0.2 0.2 0.1 0.3 0 0.1 0.3 0.1 0.1 0.1 1.8 1.4 0.2 0.1
2002031413 0 0.5 0.3 0.1 0 0.9 0.8 0.6 0.5 1.5 0.3 1.3 1.9 1.7 2 2.2 1.7 2.6 2.2 2.3 2.2 1.7 2.5 2.2 1.8 2 2.2 2.2 1.7 2.1 2.4 1.8 0 1.4 1.6 1.4 1.9 2.3 2.3 1.9 1.1 0.6
2002031414 1.4 2.7 2 1.2 0.1 2.2 2.1 2.9 2.9 2.7 2.7 2.9 1.8 0.8 1.4 2.2 0.3 0.6 0.9 0.9 1.2 1.2 0.4 0.1 0.1 0 0.9 0.7 2 2.4 1.8 0.9 0.6 2.6 3 2.5 2.4 2.7 0 0.1 3 3.4
2002031415 2.5 3 2.4 2 0.1 1.5 1.5 1.2 1.6 0.8 2.1 0.6 0.2 0 0 0 0 0 0 0 0 0 0 0 0 0 0 0 0.8 0.5 0.2 0 0.6 0.9 0.3 0.6 0.4 0.7 0 0 1.7 2
2002031416 1.6 0.3 1.5 1.4 0.2 1.1 1 0.4 2.1 0 0.2 0 0 0 0 0 0 0 0 0 0 0 0 0 0 0 0 0 0.1 0.1 0 0 0 0.1 0 0 0 0.1 0.1 0 0.6 0.7
2002031417 1.5 0 0.3 0.3 0.2 0 0.2 0 0.3 0 0 0 0 0 0 0 0 0 0 0 0 0 0 0 0 0 0 0 0.1 0 0 0 0 0 0 0 0 0 0 0 0.1 0.2
2002031418 0.4 0 0 0 0 0 0.1 0 0.1 0 0 0 0 0 0 0 0 0 0 0 0 0 0 0 0 0 0 0 0 0 0 0 0 0 0 0 0 0 0 0 0 0
2002031419 0 0 0 0 0 0 0 0 0 0 0 0 0 0 0 0 0 0 0 0 0 0 0 0 0 0 0 0 0 0 0 0 0 0 0 0 0 0 0 0 0 0
2002031420 0 0 0 0 0 0 0 0 0 0 0 0 0 0 0 0 0 0 0 0 0 0 0 0 0 0 0 0 0 0 0 0 0 0 0 0 0 0 0 0 0 0
2002031421 0 0 0 0 0 0 0 0 0 0 0 0 0 0 0 0 0 0 0 0 0 0 0 0 0 0 0 0 0 0 0 0 0 0 0 0 0 0 0.3 0 0 0
2002031422 0 0 0 0 0 0 0 0 0 0 0 0 0 0 0 0 0 0 0 0 0 0 0 0 0 0 0 0.1 0 0 0 0 0 0 0 0 0 0 0.4 0.5 0 0
2002031423 0 0 0 0 0 0 0 0 0 0 0 0 0 0 0 0 0 0 0 0 0 0 0 0 0 0 0 0 0 0 0 0.1 0 0 0 0 0 0 0.3 0 0 0
2002031500 0 0 0 0 0 0 0 0 0 0 0 0 0 0 0 0.1 0 0 0 0 0 0 0 0 0 0 0 0.2 0.1 0 0 0 0 0 0 0 0 0 2.4 1.2 0 0
2002031501 0 0 0 0 0.1 0 0 0 0 0 0 0 0 0 0 0 0 0 0 0 0 0 0 0 0 0 0 0 0 0 0 0 0.1 0 0 0 0 0.1 1.3 0.9 0.9 0.1
2002031502 0 0 0.1 0 0 0 0 0 0 0 0 0 0 0 0 0 0 0 0 0 0 0 0 0 0 0 0 0.1 0 0 0 0 0 0 0 0 0 0 0 0.1 0.1 0
2002031503 0.3 0 0 0 0 0 0 0 0 0 0 0 0 0 0 0 0 0 0 0 0 0 0 0 0 0 0 0 0.1 0 0 0 0 0 0 0 0 0.1 0.1 0 0.3 0.3
2002031504 0.2 0 0 0 0 0 0 0 0 0 0 0.1 0 0 0 0 0 0 0 0 0 0 0 0 0 0 0 0 0 0 0 0 0 0 0 0 0 0 0 0 0 0
2002031505 0 0 0 0 0 0 0 0 0 0 0 0 0 0 0 0 0 0 0 0 0 0 0 0 0 0 0 0 0 0 0 0 0 0 0 0 0 0 0 0 0 0
2002031506 0 0 0 0 0.8 0 0 0 0 0 0 0 0 0 0 0 0 0 0 0 0 0 0 0 0 0 0 0 0 0 0 0 0 0 0 0 0 0 0 0 0 0
2002031507 0 0 0 0 7.6 0 0 0 0 0 0 0 0 0 0 0 0 0 0 0 0 0 0 0 0 0 0 0 0 0 0 0 0 0 0 0 0 0 0 0 0 0
2002031508 0 0 0 0 1.9 0 0 0 0 0 0 0 0 0 0 0 0 0 0 0 0 0 0 0 0 0 0 0 0 0 0 0 0 0 0 0 0 0 0 0 0 0
2002031509 0 0 0 0 2 0 0 0 0 0 0 0 0 0 0 0 0 0 0 0 0 0 0 0 0 0 0 0 0 0 0 0 0 0 0 0 0 0 0 0 0 0
2002031510 0 0 0 0 1.4 0 0 0 0 0 0 0 0 0 0 0 0 0 0 0 0 0 0 0 0 0 0 0 0 0 0 0 0 0 0 0 0 0 0 0 0 0
2002031511 0 0 0 0 0 0 0 0 0 0 0 0 0 0 0 0 0 0 0 0 0 0 0 0 0 0 0 0 0 0 0 0 0 0 0 0 0 0 0 0 0 0
2002031512 0 0 0 0 0 0 0 0 0 0 0 0 0 0 0 0 0 0 0 0 0 0 0 0 0 0 0 0 0 0 0 0 0 0 0 0 0 0 0 0 0 0
2002031513 0 0 0 0 0 0 0 0 0 0 0 0 0 0 0 0 0 0 0 0 0 0 0 0 0 0 0 0 0 0 0 0 0 0 0 0 0 0 0 0 0 0
2002031514 0 0 0 0 0 0 0 0 0 0 0 0 0 0 0 0 0 0.1 0 0 0 0 0 0 0 0 0 0 0 0 0 0 0 0 0 0 0 0 0 0 0 0.1
2002031515 0 0 0 0 0 0 0 0 0 0 0 0 0 0 0 0 0 0 0.1 0 0 0 0.4 0.1 0 0 0 0 0 0 0 0 0 0 0 0 0 0 0 0 0 0
2002031516 0 0 0 0 0 0 0 0 0 0 0 0 0 0 0.8 0.6 0 0.7 0 1.8 0 0 1.1 3.7 1.6 2.2 0 0 0 0 0 0 0 0 0 0 0 0 0 0 0 0
2002031517 0 0 0 0 0 0 0 0 0 1.2 0 1 0 0 0.3 2.4 0 1.5 2.5 0.8 0 0.2 1.3 0.2 1 0.1 4.6 1.9 0 0 0 0 0 0 0 0 0 0 0 0.7 0 0
2002031518 0 0.5 0 0 0 0 0 0 0 0 0 0.2 0 0 0 0.1 0 0.1 0 0 0.4 1.4 0 0 0 0.4 0 0.1 0 0.8 2.1 1.9 0 0.8 0.3 0.9 1.6 0 0 0.1 0 0
2002031519 0 0 0 0.2 0 0 0 0 0 0 0 0 0 0.1 0 0 0 1 1.2 0.7 0 0 4.4 4.9 2.5 2.7 0.6 0 0 0.3 0 0 0 0.4 0.8 0 0.1 0 0 0 0 0
2002031520 0.1 0.2 0.2 0.1 0 0 0 0 0 0 0 1.2 0.2 0 0 0.8 0 1.5 2 0.5 0.3 1 0.7 1.4 0.6 1.8 1.4 0 0 0 0.1 0.8 0 0 0 0.2 0.4 0 0 0 0 0
2002031521 0 0 0 0 0 0 0 0 0 0 0 0.1 0 0 0 0 0 0.2 0 0 0.1 0 0.1 0 0 0 0 0.1 0 0 0 0 0 0.1 0.4 0.2 0.4 0 0 0 0 0
2002031522 0 0 0 0 0 0 0 0 0 0 0 0.1 0 0 0 0 0 0 0 0 0 0 0 0 0 0 0 0 0 0 0 0.1 0 0.1 0 0 0 0 0 0 0 0
2002031523 0 0 0 0 0 0 0 0 0 0 0 0 0 0.1 0 0 0 0.1 0 0 0 0 0 0 0.1 0 0 0 0 0 0 0 0 0 0 0 0 0 0 0 0 0
2002031600 0 0 0 0 0 0 0 0 0 0 0 0 0 0 0 0 0 0.1 0 0 0.1 0 0 0 0 0 0.1 0 0 0 0 0 0 0 0 0.2 0.2 0 0 0 0 0
2002031601 0 0.1 0 0 0 0 0 0 0 0 0 0 0 0 0 0.1 0 0 0 0 0 0 0 0.1 0.1 0 0 0 0 0.1 0 0 0 0 0 0 0 0 0 0 0 0
2002031602 0 0 0 0 0 0 0.1 0 0 0 0 0 0 0 0 0 0 0 0 0 0 0 0.1 0 0 0.1 0 0 0 0 0 0 0 0 0 0 0 0.1 0 0.1 0 0
2002031603 0 0 0 0 0 0 0 0 0 0 0 0 0 0 0 0 0 0 0 0 0 0 0 0 0 0 0 0 0 0 0 0 0 0 0 0 0 0 0 0 0 0
2002031604 0 0 0 0 0 0 0 0 0 0 0 0.1 0 0 0 0 0 0.1 0 0 0 0 0 0 0 0 0.1 0 0 0 0 0.1 0 0 0 0 0.1 0 0.1 0 0 0
2002031605 0 0 0 0 0.1 0 0 0 0 0 0 0 0 0 0 0 0 0 0.1 0 0 0 0 0 0 0 0 0 0 0 0 0 0 0 0 0.1 0 0 0 0 0.1 0
2002031606 0 0.1 0 0 0 0 0 0 0 0 0 0 0 0 0 0.1 0.1 0 0 0 0 0 0.1 0 0 0 0 0 0 0 0 0 0 0 0 0 0 0 0 0 0 0
2002031607 0 0 0 0 0 0 0 0 0 0 0 0 0 0 0 0 0 0 0 0 0 0 0 0 0 0 0 0 0 0 0 0 0 0 0 0 0 0 0 0 0 0
2002031608 0 0 0 0 0 0 0 0 0 0 0 0 0 0 0 0 0 0 0 0 0 0 0 0 0 0 0 0.1 0 0 0 0 0 0 0 0 0 0 0 0 0 0
2002031609 0 0 0 0 0 0 0 0 0 0 0 0 0 0 0 0 0 0 0 0 0 0 0 0 0 0 0 0 0 0 0 0 0 0 0 0 0 0 0 0.1 0 0
2002031610 0 0 0 0 0 0 0 0 0 0 0 0 0 0 0 0 0 0 0 0 0 0 0 0 0 0 0 0 0 0 0 0 0 0 0 0 0 0 0 0 0 0
2002031611 0 0 0 0 0 0 0 0 0 0 0 0 0 0 0 0 0 0 0 0 0 0 0 0 0 0 0 0 0 0 0 0 0 0 0 0 0 0 0 0 0 0
2002031612 0 0 0 0 0 0 0 0 0 0 0 0 0 0 0 0 0 0 0 0 0 0 0 0 0 0 0 0 0 0 0 0 0 0 0 0 0 0 0 0 0 0
2002031613 0 0 0 0 0 0 0 0 0 0 0 0 0 0 0 0 0 0 0 0 0 0 0 0 0 0 0 0 0 0 0 0 0 0 0 0 0 0 0 0 0 0
2002031614 0 0 0 0 0 0 0 0 0 0 0 0 0 0 0 0 0 0 0 0 0 0 0 0 0 0 0 0 0 0 0 0 0 0 0 0 0 0 0 0 0 0
2002031615 0 0 0 0 0 0 0 0 0 0 0 0 0 0 0 0 0 0 0 0 0 0 0 0 0 0 0 0 0 0 0 0 0 0 0 0 0 0 0 0 0 0
2002031616 0 0 0 0 0 0 0 0 0 0 0 0 0 0 0 0 0 0 0 0 0 0 0 0 0 0 0 0 0 0 0 0 0 0 0 0 0 0 0 0 0 0
2002031617 0 0 0 0 0 0 0 0 0 0 0 0 0 0 0 0 0 0 0 0 0 0 0 0 0 0 0 0 0 0 0 0 0 0 0 0 0 0 0 0 0 0
2002031618 0 0 0 0 0 0 0 0 0 0 0 0 0 0 0 0 0 0 0 0 0 0 0 0 0 0 0 0 0 0 0 0 0 0 0 0 0 0 0 0 0 0
2002031619 0 0 0 0 0 0 0 0 0 0 0 0 0 0 0 0 0 0 0 0 0 0 0 0 0 0 0 0 0 0 0 0 0 0 0 0 0 0 0 0 0 0
2002031620 0 0 0 0 0 0 0 0 0 0 0 0 0 0 0 0 0 0 0 0 0 0 0 0 0 0 0 0 0 0 0 0 0 0 0 0 0 0 0 0 0 0
2002031621 0 0 0 0 0 0 0 0 0 0 0 0 0 0 0 0 0 0 0 0 0 0 0 0 0 0 0 0 0 0 0 0 0 0 0 0 0 0 0 0 0 0
2002031622 0 0 0 0 0 0 0 0 0 0 0 0 0 0 0 0 0 0 0 0 0 0 0 0 0 0 0 0 0 0 0 0 0 0 0 0 0 0 0 0 0 0
2002031623 0 0 0 0 0 0 0 0 0 0 0 0 0 0 0 0 0 0 0 0 0 0 0 0 0 0 0 0 0 0 0 0 0 0 0 0 0 0 0 0 0 0
2002031700 0 0 0 0 0 0 0 0 0 0 0 0 0 0 0 0 0 0 0 0 0 0 0 0 0 0 0 0 0 0 0 0 0 0 0 0 0 0 0 0 0 0
2002031701 0 0 0 0 0 0 0 0 0 0 0 0 0 0 0 0 0 0 0 0 0 0 0 0 0 0 0 0 0 0 0 0 0 0 0 0 0 0 0 0 0 0
2002031702 0 0 0 0 0 0 0 0 0 0 0 0 0 0 0 0 0 0 0 0 0 0 0 0 0.1 0 0 0 0 0 0 0 0 0 0 0 0 0 0 0 0 0
2002031703 0 0 0 0 0 0 0 0 0 0 0 0 0 0 0 0 0 0 0 0 0 0 0 0 0 0 0 0 0 0 0 0 0 0 0 0 0 0 0 0 0 0
2002031704 0 0 0 0 0 0 0 0 0 0 0 0 0 0 0 0 0 0 0 0 0 0 0 0 0 0 0 0 0 0 0 0 0 0 0 0 0 0.1 0 0 0 0
2002031705 0 0 0 0 0 0 0 0 0 0 0 0 0 0 0 0 0 0 0 0 0 0 0 0 0 0 0 0 0 0 0 0 0 0 0 0 0 0 0 0 0 0
2002031706 0 0 0 0 0 0 0 0 0 0 0 0 0 0 0 0 0 0 0 0 0 0 0 0 0 0 0 0 0 0 0 0 0 0 0 0 0 0 0 0 0 0
2002031707 0 0 0 0 0 0 0 0 0 0 0 0 0 0 0 0 0 0 0 0 0 0 0 0 0 0 0 0 0 0 0 0 0 0 0 0 0 0 0 0 0 0
2002031708 0 0 0 0 0 0 0 0 0 0 0 0 0 0 0 0 0 0 0 0 0 0 0 0 0 0 0 0 0 0 0 0 0 0 0 0 0 0 0 0 0 0
2002031709 0 0 0 0 0 0 0 0 0 0 0 0 0 0 0 0 0 0 0 0 0 0 0 0 0 0 0 0 0 0 0 0 0 0 0 0 0 0 0 0 0 0
2002031710 0 0 0 0 0 0 0 0 0 0 0 0 0 0 0 0 0 0 0 0 0 0 0 0 0 0 0 0 0 0 0 0 0 0 0 0 0 0 0 0 0 0
2002031711 0 0 0 0 0 0 0 0 0 0 0 0 0 0 0 0 0 0 0 0 0 0 0 0 0 0 0 0 0 0 0 0 0 0 0 0 0 0 0 0 0 0
2002031712 0 0 0 0 0 0 0 0 0 0.1 0 0 0 0.1 0.2 0.2 0.2 0 0 0.2 0 0 0.1 0.1 0 0 0 0 0 0 0 0 0 0 0 0 0 0 0 0 0 0
2002031713 0 0.5 0 0.2 0 0 0 0 0 0.1 0.1 0.1 0.1 0 0 0 0 0 0 0 0 0 0 0 0 0 0 0 0 0 0 0 0 0 0 0 0 0 0 0 0 0
2002031714 0.8 0 0 0 0 0 0 0 0 0 0 0 0 0 0 0 0 0 0 0 0 0 0 0 0 0 0 0 0 0 0 0 0 0 0 0 0 0 0 0 0 0
2002031715 0 0 0 0 0 0 0 0 0 0 0 0 0 0 0 0 0 0 0 0 0 0 0 0 0 0 0 0 0 0 0 0 0 0 0 0 0 0 0 0 0 0
2002031716 0 0 0 0 0 0 0 0 0 0 0 0 0 0 0 0 0 0 0 0 0 0 0 0 0 0 0 0 0 0 0 0 0 0 0 0 0 0 0 0 0 0
2002031717 0 0 0 0 0 0 0 0 0 0 0 0 0 0 0 0 0 0 0 0 0 0 0 0 0 0 0 0 0 0 0 0 0 0 0 0 0 0 0 0 0 0
2002031718 0 0 0 0 0 0 0 0 0 0 0 0 0 0 0 0 0 0 0 0 0 0 0 0 0 0 0 0 0 0 0 0 0 0 0 0 0 0 0 0 0 0
2002031719 0 0 0 0 0 0 0 0 0 0 0 0 0 0 0 0 0 0 0 0 0 0 0 0 0 0 0 0 0 0 0 0 0 0 0 0 0 0 0 0 0 0
2002031720 0 0 0 0 0 0 0.1 0 0 0 0 0 0 0 0 0 0 0 0 0 0 0 0 0 0 0 0 0 0 0 0 0 0 0 0 0 0 0 0 0 0.4 0.1
2002031721 0 0 0 0 0 0 0 0 0 0 0 0 0 0 0 0 0 0 0 0 0 0 0 0 0 0 0 0 0 0 0 0 0 0 0 0 0 0 0 0 0 0
2002031722 0 0 0 0 0 0 0 0 0 0 0 0 0 0 0 0 0 0 0 0 0 0 0 0 0 0 0 0 0 0 0 0 0 0 0 0 0 0 0 0 0 0
2002031723 0 0 0 0 0 0 0 0 0 0 0 0 0 0 0 0 0 0 0 0 0 0 0 0 0 0 0 0 0 0 0 0 0 0 0 0 0 0 0 0 0 0
2002031800 0 0 0 0 0 0 0 0 0 0 0 0 0 0 0 0 0 0 0 0 0 0 0 0 0 0 0 0 0 0 0 0 0 0 0 0 0 0 0 0 0 0
2002031801 0 0 0 0 0 0 0 0 0 0 0 0 0 0 0 0 0 0 0 0 0 0 0 0 0 0 0 0 0 0 0 0 0 0 0 0 0 0 0 0 0 0
2002031802 0 0 0 0 0 0 0 0 0 0 0 0 0 0 0 0 0 0 0 0 0 0 0 0 0 0 0 0 0 0 0 0 0 0 0 0 0 0 0 0 0 0
2002031803 0 0 0 0 0 0 0 0 0 0 0 0 0 0 0 0 0 0 0 0 0 0 0 0 0 0 0 0 0 0 0 0 0 0 0 0 0 0 0 0 0 0
2002031804 0 0 0 0 0 0 0 0 0 0 0 0 0 0 0 0 0 0 0 0 0 0 0 0 0 0 0 0 0 0 0 0 0 0 0 0 0 0 0 0 0.1 0
2002031805 0 0 0 0 0 0 0 0 0 0 0 0 0 0 0 0 0 0 0 0 0 0 0 0 0 0 0 0 0 0 0 0 0 0 0 0 0 0 0 0 0 0
2002031806 0 0 0 0 0 0 0 0.1 0 0 0 0 0 0.2 0 0 0.2 0 0 0 0 0 0 0 0 0.1 0 0 0 0 0 0 0 0 0 0 0 0 0 0 0 0
2002031807 0 0 0 0 0 0 0 0 0 0 0 0.1 0.1 0.2 0.1 0 0.2 0.1 0 0.1 0 0 0.1 0.3 0.1 0.1 0 0 0 0 0 0 0 0 0 0 0 0 0 0 0 0
2002031808 0 0 0 0 0.1 0.4 0.3 0 0.2 0 0.1 0.1 0 0 0 0 0 0 0 0 0 0 0 0 0 0 0 0 0 0 0 0 0 0.1 0 0 0 0 0 0 0 0
2002031809 0 0 0 0 0 0 0 0 0 0 0 0 0 0 0 0 0 0 0 0 0 0 0 0 0 0 0 0 0 0 0 0 0 0 0 0 0 0 0 0 0 0
2002031810 0 0 0 0 0 0 0 0 0 0 0 0 0 0 0 0 0 0 0 0 0 0 0 0 0 0 0 0 0 0 0 0 0 0 0 0 0 0 0 0 0 0
2002031811 0 0 0 0 0.1 0 0 0.1 0 0 0 0 0 0 0 0 0 0 0 0 0 0 0 0 0 0 0 0 0 0 0 0 0 0 0 0 0 0 0 0 0 0
2002031812 0 0 0 0 0 0 0 0 0 0 0 0 0 0 0 0 0 0 0 0 0 0 0.1 0 0 0 0 0 0 0 0 0 0 0 0 0 0 0 0 0 0 0
2002031813 0 0 0 0 0 0 0 0 0 0.3 0 0 0.8 1.3 0.6 0.2 2.2 0.6 0.4 0.9 0 0 1.2 1.7 0.3 1.2 0.2 0 0 0 0 0 0 0 0 0 0 0 0 0 0 0
2002031814 0 1.7 0.5 0.4 0 0 0 0 0 2.2 0.8 2.4 2.2 2.1 2.2 2.5 2.5 3.8 3 3 1.7 1.7 4 4.9 4.2 2.8 3.3 2.1 0.3 0.6 1.1 2.3 0 1.2 0.4 0.9 1.1 0.6 0.4 1 0 0
2002031815 1.8 1.3 2.3 1.5 2.1 2.6 2.7 3 1.6 1 0.7 1.7 1.3 2.4 2.3 1.5 2.9 3.5 4.5 1.8 1.2 2.5 4.3 4 3.9 2.3 5.5 4.2 3.4 2.6 3.3 3.1 0 2.7 1.1 1.6 1.1 4.2 1.4 2.7 1.1 1.7
2002031816 0.4 2.8 1 1 3.6 2 2.9 2.7 1.3 2.1 1 2.2 1.3 1.9 1.7 1.9 2.3 3.5 3.3 1.5 1.4 2.1 4.1 3.5 3 2.2 4.9 5 3 3.3 3.7 3.2 0 2.2 1.1 2.3 1.6 3.6 2.2 2.1 2.1 1.8
2002031817 0.6 5.9 0.4 1.1 2.3 0.7 1.3 1.9 0.9 2.4 0.1 0.3 4.9 4.1 1 0.4 4.2 0.5 1 0.8 0.3 0.5 0.1 0.4 2.4 1 3.6 3.8 1.6 0.9 1.5 0.7 0 0.5 0.2 0.6 0.3 2.6 1.9 2.1 0.8 1
2002031818 0.4 0.4 0.8 5.9 1 0.2 0.6 1 0.3 2.1 2.1 3.8 0.2 1 2.8 5.1 3 0.8 0.9 0.2 0 0.3 0.9 0.7 0.1 0.1 0.3 0.6 0.8 0.6 0.7 0.5 0 4.7 0 0.2 0.1 1.4 1.2 1.1 0.5 0.4
2002031819 4.4 0 5.7 0.3 3.6 7.6 8 0.1 0.4 0 0.5 0.5 0 0 0.2 5.9 0.5 1.9 2 0.8 0.2 0.1 2.6 3.3 5.8 1.3 2.6 5.4 0.3 0.5 0.9 1.6 0 3.4 0.9 6.4 1.7 0.5 1 1.2 0.2 0.5
2002031820 0 0 0 0 6.4 8.7 8 1.1 0.6 0.5 0 0.1 2 0.1 0 2.7 0.1 1.2 3 0.1 0.1 0.4 1 1.5 2.6 1.1 4.8 9.9 2.3 3.2 1.7 2.3 0 1.5 0.4 5.5 0.5 5.3 1.3 2.2 0.4 3
2002031821 1.4 1 3 1.3 0.8 0.4 0.7 0.2 0 7 2.7 0 3.8 1.6 0 0 0 0.2 0.4 0 0 0 0.2 0.1 1.1 0.4 0.9 4.3 0 0.5 0.1 0.7 0 0 0 0 0 1 0.2 0.3 0.5 0.5
2002031822 1.4 0.3 2.3 0.5 0.3 1.8 1.4 0 0 0.3 0.9 1.4 0 0.7 1.8 0 0 0 0 0 0 0 0 0 0.7 0.1 0.7 0.9 0 0.1 0.1 0 0 1.3 0 0 0 0.2 1.6 7.9 0.3 0
2002031823 0 0 0 0 0.9 0 0.2 0 0 0 0 0 0 0 0 0 0 0 0 0 0 0 0 0 0.3 0.1 0.2 0.4 0.2 0.1 0.1 0 0 0 0 0 0 0.2 5.1 0.5 0.3 0.1
2002031900 0 0 0 0 0 0 0 0 0 0 0 0 0 0 0 0 0 0.1 0 0 0 0 0 0.4 1.2 1.6 1 0.5 0 0 0 0 0 0 0 0 0 0.1 2.8 1.5 0.2 0
2002031901 0 0 0 0 0 0 0 0 0 0 0 0 0 0 0 0 0 0 0 0 0 0 0 0.2 1 0.6 0.9 1.4 0 0 0 0 0 0 0 0 0 0.1 1.9 2.1 0.1 0
2002031902 0 0 0 0 0 0 0 0 0 0 0 0 0 0 0 0 0 0 0 0 0 0 0 0.1 0.7 0.2 0.3 1.3 0 0 0 0 0 0 0 0 0 0.1 2.3 1.4 0.1 0
2002031903 0 0 0 0 0 0 0 0 0 0 0 0 0 0 0 0 0 0 0 0 0 0 0 0 0 0 0 0.2 0 0 0 0 0 0 0 0 0 0 1.3 1 0.1 0
2002031904 0 0 0 0 0 0 0 0 0 0 0 0 0 0 0 0 0 0 0 0 0 0 0 0 0 0 0 0 0 0 0 0 0 0 0 0 0 0 1.8 0.4 0.1 0
2002031905 0 0 0 0 0 0 0 0 0 0 0 0 0 0 0 0 0 0 0 0 0 0 0 0 0 0 0 0 0 0 0 0 0 0 0 0 0 0 2 0.1 0.1 0
2002031906 0 0 0 0 0 0 0 0 0 0 0 0 0 0 0 0 0 0 0 0 0 0 0 0.1 0.6 0.5 0.1 0.5 0 0 0 0 0 0 0 0 0 0 1.8 1.1 0 0
2002031907 0 0 0 0 0 0 0 0 0 0 0 0 0 0 0 0 0 0 0 0 0 0 0 0.4 0.8 1.1 0.1 0.5 0 0 0 0 0 0 0 0 0 0 1.2 2 0.1 0
2002031908 0 0 0 0 0 0 0 0 0 0 0 0 0 0 0 0 0 0 0 0 0 0 0 0.1 0.4 0.7 0.1 0.6 0 0 0 0 0 0 0 0 0 0 0.5 1.4 0.1 0
2002031909 0 0 0 0 0 0 0 0.1 0 0 0 0 0 0.1 0 0 0 0 0.2 0 0 0 0 0 0 0 0 0.1 0 0.1 0.2 0.1 0.1 0 0 0 0.1 0.3 0.3 0.3 0 0.1
2002031910 0 0 0 0 0.3 0 0.1 0.3 0.1 0 0 0 0 0 0.1 0.1 0 0 0 0 0 0 0 0 0.2 0.2 0 0.2 0 0 0.1 0.1 0.1 0 0.1 0 0 0.1 0 0 0.1 0.6
2002031911 0 0 0 0 0 0 0 0.1 0 0 0 0 0 0 0 0 0 0 0 0 0.1 0.1 0 0 0 0 0 0 0 0.2 0 0 0 0 0.1 0 0 0 0 0.1 0 0.1
2002031912 0 0 0 0 0 0 0 0 0 0 0 0 0 0 0 0 0 0 0 0 0 0 0 0 0 0 0 0 0 0 0 0 0 0 0 0 0 0 0 0 0.1 0
2002031913 0 0 0 0 0 0 0 0 0 0 0 0 0 0 0 0 0 0 0 0 0 0 0 0 0 0 0 0 0 0 0 0 0 0 0 0 0 0 0 0 0.1 0.1
2002031914 0 0 0 0 0 0 0 0 0 0 0 0 0 0 0 0 0 0 0 0 0 0 0 0 0 0 0 0 0 0 0 0 0 0 0 0 0 0 0 0 0.1 0
2002031915 0 0 0 0 0 0 0 0 0 0.2 0 0 0 0 0 0 0 0 0 0 0 0 0 0 0 0 0 0 0 0 0 0 0 0 0 0 0 0 0 0 0.1 0
2002031916 0 0.1 0 0 0 0.4 0.3 0 0.2 1 0.3 0.4 0 0 0 0 0 0 0 0 0 0 0 0.3 0.1 0.5 0.1 0.1 0 0 0 0 0 1.7 0 0 0 0 0.2 0.4 0 0.3
2002031917 0 0.1 0.1 0 0.1 0.6 0.3 1 1 0.1 0 0.2 0 0.3 0 0 0.3 0.2 0.2 0.2 0 0 0.2 0.5 0.2 0.2 0.5 0.5 0 0 0 0.1 0 0.4 0 0 0 0 0.6 0.3 0.1 0.9
2002031918 0 0.2 0.5 0 0.4 0.5 0.9 0 0.7 0 0.4 0 0.1 0.3 0.2 0.1 0.2 0.5 0.5 0.4 0.4 0.4 0.5 0.1 0.4 0.3 0.3 0.1 0 0 0.3 1.2 0.1 0 0 0.1 0 0.5 0.3 0.4 0 0.3
2002031919 0 0 0.4 0 0.5 0.2 0.5 0.1 0.3 0.8 0 0.9 0.8 0.2 0.4 0.2 0.1 0.1 0.2 0 0.2 0.2 0.5 0.4 0.4 0.7 0.6 0.8 0.1 0 0.1 0.2 0.2 0.6 0.2 0.1 0.2 0.2 0.4 0.6 0.1 0
2002031920 0.2 0.1 0.3 0 0.2 0.1 0.2 0.1 0 0.2 0 0 0.2 0.4 0.6 0.4 0.8 0.8 1.1 0.5 0.1 0.3 1.1 0.4 0.4 0.2 0.4 0.5 0.5 0.7 0.2 0.1 0.4 0.2 0.1 0.2 0.3 0.2 0.3 0.2 0 0.1
2002031921 0.3 0.5 0.4 0.6 0.2 0.2 0.2 0.2 0.2 0.6 0.2 0.5 0.4 1.4 0.6 0.5 2.4 0.6 0.6 1.4 1.8 1.4 0.2 0.3 0.5 0.7 0.3 0.2 0.6 0.5 1.6 1.5 0.7 0.5 0.2 0.2 0.2 1.5 1.5 1.7 0 0.1
2002031922 0.6 0.9 0.4 0.3 0.5 0.4 0.4 1.7 0.9 1.7 0.7 1.5 2.3 3.5 3.8 3.2 3.7 0.9 0.7 1.7 2.6 3.3 1.3 2.7 3.4 3.3 1.5 1.2 2.4 2.3 1 0.9 2 1.8 2.4 2.1 2.9 0.8 1.3 4 0 3.3
2002031923 1.1 2.4 2 1.1 1.7 2.8 2.3 3.8 3.7 2.2 2.2 2.1 3 2 2.2 2.6 2.2 1.9 2 1.5 1.7 2.3 2.4 2.5 3.5 3.7 3.3 2.7 2.2 2.6 2.4 1.8 3.8 1.8 3.4 3.3 2.3 2.1 1.5 3.7 0 2.9
2002032000 1.8 1.5 2.5 1.4 4.1 2.2 3.3 2.6 3.1 2.2 1.4 2.1 2.1 2.5 1.7 2.2 2.7 3 3 2.2 2.4 3.2 2.1 2.5 3.2 2.7 3.5 2.5 2.3 2.7 3 3.4 3.3 1.8 2.9 1.9 1.9 3.3 0.7 0.3 0.1 3.1
2002032001 1.5 1 1.7 1.3 2.9 2.1 2.6 2.7 2.5 1.4 1 1.5 1.9 2.1 1.8 2.3 2.3 3.3 2.8 2.5 1.7 2.5 2 2.3 3.1 3.5 3.2 2.6 3.1 3.3 5.3 3.8 4.3 1.2 2.8 1.7 2.2 5.3 1.1 1.6 0 3.3
2002032002 2.5 1.9 3.2 1.4 3.4 2.7 3.1 1.5 3.2 1.5 1.6 1.5 1.8 2.2 1.1 1.6 2.2 2.1 1.5 1.5 1 1.8 1 1.9 2.3 2.3 2.4 2 1.7 2.4 3.1 2.2 3.2 1.1 1.3 1.1 1.5 3.5 1 1.3 0 1.9
2002032003 1.3 1.5 3.4 0.9 4.1 3 5.4 2.8 4.2 1.9 1.6 1.7 1.9 2.5 1.7 1.9 2.9 1.2 1 1.3 1.1 1.6 0.7 1.1 1.3 1.2 2.1 1.2 1.6 2.5 2 1.6 4.1 1.6 2.9 1.8 1.9 2.7 0.2 0.3 0 2.5
2002032004 1.1 0.5 2 0.5 2.9 1.4 3 1.9 4.2 1.2 0.2 1.1 1.4 2.2 1.3 1.6 2.2 1.1 1.4 0.9 1.3 1.7 0.8 1.2 1.7 1.3 2.1 1.5 1.5 2 2.5 1.4 3.5 0.8 1.6 1.6 1.9 2.8 0.2 0.2 0 2.1
2002032005 1 0.7 1.6 0.7 2.1 1.2 1.8 3.1 2.5 1.1 0.3 1.3 0.9 2 1.4 2 2.7 1.1 1.2 1 0.9 1.3 0.8 1.3 2.1 1.9 1.9 1.6 1.5 2.1 1.8 1.2 5 1 2.9 2.2 2.5 2.8 0.2 0.2 0 2.1
2002032006 0.6 0.3 1.4 0.6 2.3 0.6 2 1.9 2.4 0.3 0.1 0.3 0.5 0.8 0.5 0.9 1.5 1 1.3 0.8 0.9 1.2 0.6 1.1 1.6 2.1 1.3 1.2 1.2 2 1.4 1.2 4.4 0.2 1.2 1 1.4 2 0.6 0.4 0 1.4
2002032007 1.8 0.5 2.4 1.7 2.9 0.7 2.6 1.6 2.7 1.4 0.8 1 1.1 0.2 0.2 0.6 0.5 1.6 1.4 1 0.4 1 1.8 0.6 1.7 2.6 1.4 1 1.7 2.3 1.7 2.1 3.5 0.7 1.3 0.4 0.6 2 0 0.6 0.1 0.8
2002032008 0 0 0.1 0.1 1 0.5 2.9 1.2 2.7 1.2 0.1 1 0.5 0.1 0.1 0.1 0.2 1.1 1.6 0.5 0.1 0.6 1.3 2 1.5 2.6 1.9 1.5 1.6 1.6 1.7 1.3 2.2 1.3 0.4 0.2 0.4 2.2 0.9 0.2 0.1 0.4
2002032009 0.3 0 0.3 0 1.4 0.9 1.9 0.6 1.4 0.1 0.1 0.8 0 0 0.1 0.2 0 0.5 0.8 0.5 0.1 1 0.3 0.3 1.7 2.1 0.7 3.4 1 0.4 0.4 0.3 1.2 0.9 0.8 0.3 0.1 0.5 1.5 0.3 0.2 0.7
2002032010 0 0 0 0 0 0 0 0.9 0.2 0 0 0 0 0 0 0 0 0.4 0.1 0 0 0 0.2 0.1 0.2 0 0.9 0.2 1.3 0.4 0.5 0.5 1.1 0 0.1 0 0 1.6 1.5 2.1 0.5 0.9
2002032011 0 0 0 0 0 0 0 0 0 0 0 0 0 0 0 0 0 0 0 0 0 0 0 0 0.6 0.2 0.7 0.4 0 0 0 0 0 0 0 0 0 0 0.9 0.5 0 0
2002032012 0 0 0 0 0 0 0 0 0 0 0 0 0 0 0 0 0 0 0.1 0 0 0 0 0 0.2 0.1 0 0.1 0 0 0 0 0 0 0 0 0 0 1 0.3 0 0.1
2002032013 0 0 0 0 0 0 0 0 0 0 0 0 0 0 0 0 0 0 0 0 0 0 0 0.1 0.1 0.1 0 0 0 0 0 0 0 0 0 0 0 0 1.4 0.9 0 0
2002032014 0 0 0 0 0 0 0 0 0 0 0 0 0 0 0 0 0 0.1 0.1 0 0 0.1 0 0.3 0.5 0.8 0.2 0.3 0 0 0.1 0.1 0 0 0 0 0 0.1 2.4 0.8 0 0
2002032015 0 0 0 0 0 0 0 0 0 0.2 0 0.2 0.2 0.1 0 0 0.2 0.1 0.2 0 0 0 0.6 1.2 1.6 1.3 1.7 1.7 0 0.1 0.1 0.1 0.3 0 0.1 0.1 0.1 0.1 3.3 1.5 0 0
2002032016 0 0.6 0 0.1 0.1 0.5 0.2 0.7 0.5 0.4 0.4 0.6 0.5 0.6 0.4 0.5 0.9 1 1.2 1 0.2 0.4 1.1 0.6 0.7 1.3 1.1 1 0.3 0.8 0.2 0.5 1.1 0.6 0.9 0.4 0.6 0.2 5.5 2.3 0.5 0.6
2002032017 0.6 0.8 1.1 0.5 0.9 0.6 1.3 0.7 0.5 0.7 0.7 0.7 1.3 1.7 1.2 1.8 3.6 1.4 1.7 1.6 1.5 1.6 1.2 2.7 2.1 2.4 2.1 1.8 0.4 1.1 0.6 1.2 1.2 0.5 1 1 1.6 0.6 3.1 2.5 0.5 0.6
2002032018 0.7 0.3 1.5 0.6 1.5 0.8 0.9 1 0.8 2.4 0.3 2 3.7 1.4 2.4 2.3 1 1.1 0.9 0.9 2.7 2.6 1.4 1.5 1.4 0.5 2 1.4 1.2 1.9 1.8 2.2 2.1 1.3 2.6 2.2 2.5 1.7 0.1 0.2 0.8 0.6
2002032019 1.2 2.1 1.6 1.2 1.5 2 2 1.3 2.5 3.2 1.7 3.1 2.3 0.3 1.1 0.4 0.2 0.4 1.1 0 0.2 0.5 0.5 0.3 0.5 0.2 0.9 0.3 0.9 0.8 0.5 0.5 1.4 3 1.1 1.8 0.3 1.1 0 0 0.9 1.3
2002032020 1.2 2.5 2.4 1.4 1.8 2.6 2.3 0.5 2.5 1.5 2.4 1.1 1.1 1.2 0.8 0.6 0.5 0.5 0.5 0.4 0.3 0.4 0.3 0.3 0.5 0.4 0.5 0.3 0.3 0.7 0.3 0.5 0.9 1 0.5 0.7 0.5 0.4 0.3 0.6 0.6 1.1
2002032021 1.8 1.2 1.7 1.9 2.9 2.6 2.4 1.3 2.6 1.2 1 1.6 0.9 1.3 1.2 1 0.7 1.4 1.3 0.7 1.4 1.9 0.9 1.1 2.4 2.1 0.9 0.8 1.5 2.1 1.7 1.6 2.1 1.2 1.3 1.6 1.4 1.7 0.1 0.1 0.8 0.7
2002032022 1.2 0.6 2.1 1 3.1 1.8 2.5 1.5 3.2 0.3 0.5 0.5 0.2 0.6 0.6 0.6 0.5 0.9 0.5 0.6 0.6 1 0.8 0.8 3 1.8 1.3 1 1.5 2.2 0.8 0.7 3.4 0.5 1.3 1 1.2 1.1 0.2 0 1.8 1.4
2002032023 0.7 0.3 0.5 0.4 1.8 0.2 1 1 1.4 0.5 0 0.5 0.3 0.9 0.4 0.8 0.7 0.9 0.5 0.3 0.2 0.5 0.3 1.2 3.1 2.2 1.6 0.9 0.7 0.9 0.9 0.5 1.7 0.2 1.1 0.5 1 0.7 0 0 1.3 0.7
2002032100 0 0.6 0.8 0 1.1 1.8 1.7 0.9 2.9 1.5 1 2.1 0.7 0.6 0.3 0.7 0.2 1.3 1 0.5 0.3 1.5 0.8 0.6 1.1 1 1.8 1.6 0.9 1.1 1.3 1 2.3 1.4 0.4 0.3 1.2 1.2 0 0.1 0.3 1.4
2002032101 0 0.1 0.3 0 2.4 1.8 2.8 0.5 3.4 2.1 0.4 3.3 2.6 0.6 0.5 0 0.7 1.3 1 0.6 0.5 1.3 0.4 0.1 0.2 0.1 0.2 0.2 1.5 1.4 0.6 0.4 0.9 2.3 1.4 1 0.2 0.9 0 0 1.1 0.5
2002032102 0.2 0.3 1 0.1 1.8 0.3 1.3 1.5 2.4 0.7 0.2 1.6 0.8 0.7 0.6 1.5 0.6 0.4 0.4 0.7 1.5 2.1 0.7 0.4 0.9 0.5 0.6 0.5 0.9 1.4 0.1 0.4 2.2 1.6 3.1 2.4 2.2 0.4 0 0 0.2 2.3
2002032103 0.3 0.1 0.1 0.2 0.9 1.4 0.7 1.4 1.5 0.5 0 1.3 0.6 0.8 0.7 1.2 0.2 1.7 0.9 0.4 0.5 0.9 0.7 0.7 1.3 1.6 0.7 0.7 2 1.3 0.7 0.6 2.1 0.6 0.6 0.3 0.8 0.8 0 1 1.3 0.8
2002032104 0 0 0 0 0.1 0.1 0.1 0.6 1.1 0 0 0.6 0 1 0.8 0.9 0.1 0.6 1.8 0.6 0.2 0.4 1 2.4 1.6 1.5 1.4 0.9 0.5 0.8 0.3 0.4 2.8 0.4 1.3 0.8 0.9 0.6 0 0.4 0.6 0.3
2002032105 0 0 0 0 0.1 0 0 0.5 0 0 0 0 0 0.2 0.1 0.4 0.7 0 0.2 0.1 0 0 0.4 1.6 0.5 0.9 3.4 1.6 0.3 0.2 0 0.2 0.4 0 0.5 0.5 0.2 0.1 0.1 0.1 0.3 0.5
2002032106 0 0 0 0 0 0 0 0.2 0.1 0 0 0 0 0 0.1 0.1 0 0 0.1 0 0.2 0.1 0 0 0.5 0.3 0 0.4 0.1 0.6 0 0 1 0 0.3 0.1 0.1 0 0.3 0.2 0.3 0.5
2002032107 0 0 0 0 0 0 0 0.1 0 0 0 0 0 0 0 0 0 0.1 0 0 0 0 0 0 0.4 0.2 0.1 0.1 0.1 0.2 0 0 1.2 0 0.1 0.1 0 0 0.3 0.1 0 0.4
2002032108 0.1 0 0 0.1 0 0 0 0.1 0 0 0 0 0 0 0 0 0 0.2 0 0 0.1 0.1 0.2 0 0 0 0 0 0 0.6 0.1 0.1 0.2 0 0 0 0 0.1 0 0 0 0
2002032109 0 0 0.1 0 0.7 0.1 0.3 0.1 0.2 0 0.1 0 0 0 0 0.1 0 0 0.1 0 0 0.4 0 0.1 0 0 0.1 0 0.1 0.3 0.1 0.1 0.7 0 0.1 0 0.1 0.4 0 0 0 0.1
2002032110 0 0 0 0 0.3 0 0 0.5 0 0.1 0 0 0 0 0 0.1 0 0 0 0 0.1 0.5 0 0.1 0 0 0 0 0.2 0.3 0 0 0 0.1 0.3 0.2 0 0 0.1 0 0 0.2
2002032111 0.3 0 0.2 0 0.3 0.4 0.2 0.6 0.3 0 0 0 0 0 0 0 0 0.2 0.1 0.1 0 0 0 0 0 0 0 0 0 0.1 0 0.1 0.2 0 0.1 0 0 0 0.1 0 0 0.5
2002032112 0 0 0.1 0 0.2 0 0.1 0 0.1 0 0 0 0 0 0 0 0 0 0 0 0 0 0 0.1 0.2 0.2 0.1 0.1 0 0 0 0.1 0 0 0 0 0 0 0.3 0 0 0
2002032113 0 0 0 0 0.1 0 0 0 0.8 0 0 0 0 0.6 0.1 0.1 0.6 0.2 0.2 0.3 0 0.1 1.1 2.2 0.8 0.5 1.9 0.9 0 0 0.2 0.6 4.9 0 0 0 0 0 1.1 0.6 0.1 0.3
2002032114 0 0 0 0 0 0 0 0.1 0.1 0 0 0 0 0.8 0.3 0.5 1.5 1.4 1.6 2.3 0.5 0.6 1.4 2 1.6 1.7 2.3 2.1 0.3 0.7 1.8 0.8 2.1 0 0.1 0 0.3 1.1 1.5 1.4 0.5 0.1
2002032115 0 0 0 0 0 1 0 1.1 1.3 0 0 0.2 0 0.3 0.3 0.5 1 2.1 2.6 2.1 1.1 1.1 2 1.9 1.4 1.1 1.7 1.7 1 1.4 1 1.2 1.5 0.2 1 0.6 1.1 1.3 1.6 0.8 0.9 2.1
2002032116 0 0 0 0 0 0 0 0.1 0.1 0 0 0 0 0 0 0 0.1 0.6 1.2 0.1 0.2 0.3 0.7 0.8 1.1 0.9 1.5 1.5 0.9 0.6 1.1 1 0.4 0 0.2 0.1 0 1.7 1.7 1.1 1.1 0.5
2002032117 0 0 0 0 0 0 0 0 0 0 0 0 0 0 0 0 0 0 0 0 0 0 0 0 0 0.1 0 0.1 0 0 0 0 0 0 0 0 0 0 1.5 0.5 0 0
2002032118 0 0 0 0 0 0 0 0 0 0 0 0 0 0 0 0 0 0 0 0 0 0 0 0 0 0 0 0 0 0 0 0 0 0 0 0 0 0 0.1 0 0 0
2002032119 0 0 0 0 0 0.3 0 0 0 0 0 0 0 0 0 0 0 0 0 0 0 0 0 0 0 0 0 0.1 0 0 0 0 0 0 0 0 0.1 0 0 0 0 0
2002032120 0 0 0 0 0 0 0 0 0.2 0 0 0 0 0 0 0.1 0 0 0.1 0 0 0 0 0.1 0 0 0 0 0 0 0 0 0 0 0 0 0 0.1 0 0 0 0
2002032121 0 0 0 0 0 0 0 0 0 0 0 0 0 0 0 0 0 0.1 0 0 0 0 0 0 0.1 0 0.1 0 0 0 0 0 0 0 0 0 0 0 0 0 0 0
2002032122 0 0 0 0 0 0 0 0 0 0 0 0 0 0 0 0 0 0 0 0 0 0 0 0 0 0 0 0 0 0 0 0 0 0 0 0 0 0 0 0.1 0 0
2002032123 0 0 0 0 0 0 0 0 0 0 0 0 0 0 0 0 0 0 0 0 0 0 0 0 0 0 0 0 0 0 0 0 0 0 0 0 0 0 0 0 0 0
2002032200 0 0 0 0 0 0 0 0 0 0 0 0 0 0.1 0 0 0 0 0 0 0 0 0 0 0 0 0 0 0 0 0 0 0 0 0 0 0 0 0 0 0 0
2002032201 0 0 0 0 0 0 0 0 0 0 0 0 0 0 0.1 0 0 0 0 0 0 0 0 0 0 0 0 0 0 0 0 0 0 0 0 0 0 0 0 0 0 0
2002032202 0 0 0 0 0 0 0 0 0 0 0 0 0 0 0 0 0 0 0 0 0 0 0 0 0 0 0 0 0 0 0 0 0 0 0 0 0 0 0 0 0 0
2002032203 0 0 0 0 0 0 0 0 0 0 0 0 0 0 0 0 0 0 0 0 0 0 0 0 0 0 0 0 0 0 0 0 0 0 0 0 0 0 0 0 0 0
2002032204 0 0 0 0 0 0 0 0 0 0 0 0 0 0 0 0 0 0 0 0 0 0 0 0 0 0 0 0 0 0 0 0 0 0 0 0 0 0 0 0 0 0
2002032205 0 0 0 0 0 0 0 0 0 0 0 0 0 0 0 0 0 0 0 0 0 0 0 0 0 0 0 0 0 0 0 0 0.1 0 0 0 0 0 0 0 0 0
2002032206 0.1 0 0 0 0.1 0 0 0 0 0 0 0 0 0 0 0 0 0 0 0 0 0 0 0 0 0.1 0 0 0.1 0 0 0.2 0.2 0 0 0 0 0 0 0 0 0
2002032207 0.5 0.1 1.1 0.2 0.7 0 0.5 0 0.3 0 0.1 0 0 0 0 0 0 0 0 0 0 0 0 0 0 0 0 0 0 0.1 0 0 0 0 0 0 0 0 0 0 0 0
2002032208 0 0.8 1.2 0 0.7 2.5 2.5 0.7 4.3 0.3 0.6 0 0.3 0 0 0 0 0 0 0 0 0 0 0 0 0 0 0 0 0 0 0 0 0.4 0 0 0.2 0 0 0 0 1.3
2002032209 0 0.5 0 0 0.1 0.3 0 3.6 1.1 0.1 0.3 0 0 1 0.2 0.3 0.4 0 0 0.6 0.5 0.2 0 0 0 0 0 0 1.2 0.3 0.2 0.7 1.6 0.1 0.3 1.2 0.7 0.6 0 0 3 3.3
2002032210 0.1 0.2 0.3 0 0.7 0.8 0.9 1.1 1.9 0 0.3 0.7 0 0 0.1 0.1 0.3 1.2 0.7 0.3 0.2 0.2 0.6 0 0 0 0.7 0.8 0.4 0.4 0.1 0.9 2.4 1.5 1.1 0 0 0.3 0 0 1.7 1
2002032211 0.8 0.3 0.5 0.1 1.2 1.2 1.3 1.6 2 0.4 0.3 1.1 0.3 0.1 0.3 0.4 0.1 0 0.1 0.1 0.7 1.4 0.1 0.1 0 0.1 0.5 0.8 3.2 1.5 0.7 0.6 3.4 0.7 1.6 0.4 0.4 0.6 0 0 0.9 1.3
2002032212 0.7 2.2 0 0 0.4 1.2 0 2.4 1.3 0.2 0.1 1.5 0.5 0.1 0.2 0.4 0.3 0.7 0.3 0.4 0.7 0.7 1 0.4 0.2 0 0.7 0.3 1.3 0.6 0.5 1.8 2.4 1.6 1.3 1.1 1.4 0.2 0 0 0.7 1.4
2002032213 0.2 0 0.1 0 0.4 0.3 0.1 5 0.7 0.2 0.1 0 0.1 0 0.2 0.6 0.6 1.5 0.9 0.7 0.5 1.1 1.3 1 1.6 1.1 0.6 0.4 2.5 1.9 0.6 1.2 0.5 0 0.3 0.4 0.4 0.8 0 0 1.1 0
2002032214 0 0 0 0 3 0 2.5 5.2 5.1 0 2.6 0.1 0 0 0.2 0.1 0 0.6 0.5 0.2 0.1 0 1.6 0.1 0 1 0.7 0.9 1 0.3 3 0.3 0 0 0 0 0.7 2.6 0.2 0.5 0.1 0
2002032215 0.1 0 1.1 0 0.5 0.1 0.8 2.1 1.4 0.4 0 0 1.9 0.1 0.3 0.3 0 0 0 0 0 0 0 0 0 0.1 0.2 0.1 0 1.5 0.4 0.6 0 0 0 0.2 0.7 0 0 0 0.3 0
2002032216 0 0 0.1 0 0 0 0.6 0 1.6 0 0 0 0 0 0 0 0.1 0 0 0 0 1 0 0 0 0 0 0 0 1.1 0.4 0.2 0 0 0 0 0 0.5 0 0 1.1 0.6
2002032217 0 0 0 0 0 0 0 1.8 0.1 0 0.1 0 0 0 0 0 0 0 0.2 0 0 0 0 0 0 0 0 0.6 0 0 0 0 0.3 0 0 0 0 0 0 0 0.5 0
2002032218 0 0 0 0 0 0 0 2.6 0 0 0 0 0 0 0 0 0 0 0 0 0 0 0 0 0 0 0 0.2 0 0 0 0 1.4 0 0 0 0 0 0 0 0.1 0
2002032219 0 0 0 0 0 0 0 0 0 0 0 0 0 0 0 0 0 0 0 0 0 0 0 0 0 0 0 0 0.4 0 0 0 0.7 0 0 0 0 0 0 0 0 0
2002032220 0 0 0 0 0 0 0 0 0 0 0 0 0 0 0 0 0 0 0 0 0 0 0 0.1 0 0 0 0 0 0 0 0 0 0 0 0 0 0.1 0 0 0 0
2002032221 0 0 0 0 0 0 0 0 0 0 0 0 0 0 0 0 0 0 0 0 0 0 0 0 0 0 0 0 0 0 0 0 0 0 0 0 0 0 0 0 0 0
2002032222 0 0 0 0 0 0 0 0 0 0 0 0 0 0 0 0 0 0 0 0 0 0 0.1 0 0 0 0 0 0 0 0 0 0 0 0 0 0 0 0 0 0 0
2002032223 0 0 0 0 0 0 0 0 0 0 0 0 0 0 0 0 0 0 0 0 0 0 0 0 0 0 0 0 0 0 0 0 0 0 0 0 0 0 0 0 0 0
2002032300 0 0 0 0 0 0 0 0 0 0 0 0 0 0 0 0 0 0 0 0 0 0 0 0 0 0 0 0 0 0 0 0 0 0 0 0 0 0 0 0 0 0
2002032301 0 0 0 0 0 0 0 0 0 0 0 0 0 0 0 0 0 0 0 0 0 0 0 0 0 0 0 0 0 0 0 0 0 0 0 0 0 0 0 0 0 0
2002032302 0 0 0 0 0 0 0 0 0 0 0 0 0 0 0 0 0 0 0 0 0 0 0 0 0 0 0 0 0 0 0 0 0 0 0 0 0 0 0 0 0 0
2002032303 0 0 0 0 0 0 0 0 0 0 0 0 0 0 0 0 0 0 0 0 0 0 0 0 0 0 0 0 0 0 0 0 0 0 0 0 0 0 0 0 0 0
2002032304 0 0 0 0 0 0 0 0 0 0 0 0 0 0 0 0 0 0 0 0 0 0 0 0 0 0 0 0 0 0 0 0 0 0 0 0 0 0 0 0 0 0
2002032305 0.1 0 0 0 0 0.1 0 0 0 0 0 0 0 0 0 0 0 0 0 0 0 0 0 0 0 0 0 0 0 0 0 0 0 0 0.1 0 0 0 0 0 0 0
2002032306 0 0 0 0 0 0 0.1 0.1 0 0.1 0 0 0 0 0 0 0 0 0.1 0 0 0 0 0 0 0.1 0.1 0 0 0 0.2 0.1 0 0 0 0 0 0 0 0 0 0
2002032307 0 0 0 0 0.1 0 0 0 0 0 0 0 0.1 0 0 0 0.1 0 0 0 0 0 0 0 0 0 0 0 0.2 0.2 0 0.1 0.1 0 0 0 0 0.2 0 0 0 0
2002032308 0 0 0 0 0 0 0 0 0 0 0 0 0 0 0 0 0 0 0 0 0 0.1 0 0 0 0 0 0 0 0 0 0 0 0 0 0 0 0 0 0 0 0
2002032309 0 0 0 0 0 0 0 0 0 0 0 0 0 0 0 0 0 0 0 0 0 0.3 0 0 0 0 0 0 0 0 0 0.1 0 0 0 0 0 0 0 0 0 0
2002032310 0 0 0 0 0 0 0 0 0 0 0 0 0 0 0 0 0 0 0 0 0 0 0 0 0 0 0 0 0 0 0 0 0 0 0 0 0 0 0 0 0 0
2002032311 0 0 0 0 0 0 0 0 0 0 0 0 0 0 0 0 0 0 0 0 0 0 0 0 0 0 0 0 0 0 0 0 0 0 0 0 0 0 0 0 0 0
2002032312 0 0 0 0 0 0 0 0 0 0 0 0 0 0 0 0 0 0 0 0 0 0 0 0 0 0 0 0 0 0 0 0 0 0 0 0 0 0 0 0 0 0
2002032313 0 0 0 0 0 0 0 0 0 0 0 0 0 0 0 0 0 0 0 0 0 0 0 0 0 0 0 0 0 0 0 0 0 0 0 0 0 0 0 0 0 0
2002032314 0 0 0 0 0 0 0 0 0 0 0 0 0 0 0 0 0 0 0 0 0 0 0 0 0 0 0 0 0 0 0 0 0 0 0 0 0 0 0 0 0 0
2002032315 0 0 0 0 0 0.1 0 0 0 0 0 0 0 0 0 0 0 0 0 0 0 0 0 0 0 0 0 0 0 0 0 0 0 0 0 0 0 0 0 0 0 0
2002032316 0 0 0 0 0 0 0 0 0 0 0 0 0 0 0 0 0 0 0 0 0 0 0 0 0 0 0 0 0 0 0 0 0 0 0 0 0 0 0 0 0 0
2002032317 0 0 0 0 0 0 0 0 0 0 0 0 0 0 0 0 0 0 0 0 0 0 0 0 0 0 0 0 0 0 0 0 0 0 0 0 0 0 0 0 0 0
2002032318 0 0 0 0 0 0 0 0 0 0 0 0 0 0 0 0 0 0 0 0 0 0 0 0 0 0 0 0 0 0 0 0 0 0 0 0 0 0 0 0 0 0
2002032319 0 0 0 0 0 0 0 0 0 0 0 0 0 0 0 0 0 0 0 0 0 0 0 0 0 0 0 0 0 0 0 0 0 0 0 0 0 0 0 0 0 0
2002032320 0 0 0 0 0 0 0 0 0 0 0 0 0 0 0 0 0 0 0 0 0 0 0 0 0 0 0 0 0 0 0 0 0 0 0 0 0 0 0 0 0 0
2002032321 0 0 0 0 0 0 0 0 0 0 0 0 0 0 0 0 0 0 0 0 0 0 0 0 0 0 0 0 0 0 0 0 0 0 0 0 0 0 0 0 0 0
2002032322 0 0 0 0 0 0 0 0 0 0 0 0 0 0 0 0 0 0 0 0 0 0 0 0 0 0 0 0 0 0 0 0 0 0 0 0 0 0 0 0 0 0
2002032323 0 0 0 0 0 0 0 0 0 0 0 0 0 0 0 0 0 0 0 0 0 0 0 0 0 0 0 0 0 0 0 0 0 0 0 0 0 0 0 0 0 0
2002032400 0 0 0 0 0 0 0 0 0 0 0 0 0 0 0 0 0 0 0 0 0 0 0 0 0 0 0 0 0 0 0 0 0 0 0 0 0 0 0 0 0 0
2002032401 0 0 0 0 0 0 0 0 0 0 0 0 0 0 0 0 0 0 0 0 0 0 0 0 0 0 0 0 0 0 0 0 0 0 0 0 0 0 0 0 0 0
2002032402 0 0 0 0 0 0 0 0 0 0 0 0 0 0 0 0 0 0 0 0 0 0 0 0 0 0 0 0 0 0 0 0 0 0 0 0 0 0 0 0 0 0
2002032403 0 0 0 0 0 0 0 0 0 0 0 0 0 0 0 0 0 0 0 0 0 0 0 0 0 0 0 0 0 0 0 0 0 0 0 0 0 0 0 0 0 0
2002032404 0 0 0 0 0 0 0 0 0 0 0 0 0 0 0 0 0 0 0 0 0 0 0 0 0 0 0 0 0 0 0 0 0 0 0 0 0 0 0 0 0 0
2002032405 0 0 0 0 0 0 0 0 0 0 0 0 0 0 0 0 0 0 0 0 0 0 0 0 0 0 0 0 0 0 0 0 0 0 0 0 0 0 0 0 0 0
2002032406 0 0 0 0 0 0 0 0 0 0 0.1 0 0 0.1 0 0 0.1 0.1 0 0 0 0 0 0 0 0.1 0.1 0 0 0 0.1 0 0 0 0.1 0 0 0.1 0 0.1 0 0
2002032407 0.1 0.1 0.1 0 0.1 0.1 0.1 0.1 0.1 0 0 0.1 0.1 0 0.1 0.1 0 0 0.1 0 0.1 0 0.1 0.1 0.1 0 0 0 0 0 0 0 0.1 0.1 0 0 0.1 0 0.1 0 0 0.1
2002032408 0 0 0 0 0 0 0 0 0 0 0 0 0 0 0 0 0 0 0 0.1 0 0 0 0 0 0 0 0 0.1 0.1 0 0 0 0 0 0.1 0 0 0 0 0.1 0
2002032409 0 0 0 0 0 0 0 0 0 0 0 0 0 0 0 0 0 0 0 0 0 0 0 0 0 0 0 0.1 0 0 0 0 0 0 0 0 0 0 0 0 0 0
2002032410 0 0 0 0 0 0 0 0 0 0 0 0 0 0 0.1 0 0 0 0 0 0 0 0 0 0 0 0 0 0 0 0 0 0 0 0 0 0 0 0 0 0 0
2002032411 0 0 0 0 0 0 0 0 0 0 0 0 0 0 0 0 0 0 0 0 0 0 0 0 0 0 0 0 0 0 0 0 0 0 0 0 0 0 0 0 0 0
2002032412 0 0 0 0 0 0 0 0 0 0 0 0 0 0 0 0 0 0 0 0 0 0 0 0 0 0 0 0 0 0 0 0 0 0 0 0 0 0 0 0 0 0
2002032413 0 0 0 0 0 0 0 0 0 0 0 0 0 0 0 0 0 0 0 0 0 0 0 0 0 0 0 0 0 0 0 0 0 0 0 0 0 0 0 0 0 0
2002032414 0 0 0 0 0 0 0 0 0 0 0 0 0 0 0 0 0 0 0 0 0 0 0 0 0 0 0 0 0 0 0 0 0 0 0 0 0 0 0 0 0 0
2002032415 0 0 0 0 0 0 0 0 0 0 0 0 0 0 0 0 0 0 0 0 0 0 0 0 0 0 0 0 0 0 0 0 0 0 0 0 0 0 0 0 0 0
2002032416 0 0 0 0 0 0 0 0 0 0 0 0 0 0 0 0 0 0 0 0 0 0 0 0 0 0 0 0 0 0 0 0 0 0 0 0 0 0 0 0 0 0
2002032417 0 0 0 0 0 0 0 0 0 0 0 0 0 0 0 0 0 0 0 0 0 0 0 0 0 0 0 0 0 0 0 0 0 0 0 0 0 0 0 0 0 0
2002032418 0 0 0 0 0 0 0 0 0 0 0 0 0 0 0 0 0 0 0 0 0 0 0 0 0 0 0 0 0 0 0 0 0 0 0 0 0 0 0 0 0 0
2002032419 0 0 0 0 0 0 0 0 0 0 0 0 0 0 0 0 0 0 0 0 0 0 0 0 0 0 0 0 0 0 0 0 0 0 0 0 0 0 0 0 0 0
2002032420 0 0 0 0 0 0 0 0 0 0 0 0 0 0 0 0 0 0 0 0 0 0 0 0 0 0 0 0 0 0 0 0 0 0 0 0 0 0 0 0 0 0
2002032421 0 0 0 0 0 0 0 0 0 0 0 0 0 0 0 0 0 0 0 0 0 0 0 0 0 0 0 0 0 0 0 0 0 0 0 0 0 0 0 0 0 0.1
2002032422 0 0 0 0 0 0 0 0 0 0 0 0 0 0 0 0 0 0 0 0 0 0 0 0 0 0 0 0 0 0 0 0 0 0 0 0 0 0 0 0 0 0
2002032423 0 0 0 0 0 0 0 0 0 0 0 0 0 0 0 0 0 0 0 0 0 0 0 0 0 0 0 0 0 0 0 0 0 0 0 0 0 0 0 0 0 0
2002032500 0 0 0 0 0 0 0 0 0 0 0 0 0 0 0 0 0 0 0 0 0 0 0 0 0 0 0 0 0 0 0 0 0 0 0 0 0 0 0 0 0 0
2002032501 0 0 0 0 0 0 0 0 0 0 0 0 0 0 0 0 0 0 0 0 0 0 0 0 0 0 0 0 0 0 0 0 0 0 0 0 0 0 0 0 0 0
2002032502 0 0 0 0 0 0 0 0 0 0 0 0 0 0 0 0 0 0 0 0 0 0 0 0 0 0 0 0 0 0 0 0 0 0 0 0 0 0 0 0 0 0
2002032503 0 0 0 0 0 0 0 0 0 0 0 0 0 0 0 0 0 0 0 0 0 0 0 0 0 0 0 0 0 0 0 0 0 0 0 0 0 0 0 0 0 0
2002032504 0 0 0 0 0 0 0 0 0 0 0 0 0 0 0 0 0 0 0 0 0 0 0 0 0 0 0 0 0 0 0 0 0 0 0 0 0 0 0 0 0 0
2002032505 0 0 0 0 0 0 0 0 0 0 0 0 0 0 0 0 0 0 0 0 0 0 0 0 0 0 0 0 0 0 0 0 0 0 0 0 0 0 0 0 0 0
2002032506 0 0.1 0 0 0 0 0.1 0.1 0 0.1 0 0 0 0 0 0 0 0.1 0 0 0 0 0 0 0 0 0 0 0 0 0.1 0 0 0 0.1 0 0 0.1 0 0.1 0 0
2002032507 0.1 0 0 0 0.1 0 0 0 0.1 0 0 0.1 0 0 0.1 0 0 0 0.1 0.1 0 0 0 0.1 0.1 0 0 0 0 0 0 0 0 0 0 0 0.1 0 0 0 0 0
2002032508 0 0 0 0 0 0 0 0 0 0 0 0 0 0 0 0 0 0 0 0 0 0 0 0 0 0 0 0 0 0 0 0.1 0 0 0 0 0 0 0 0 0 0
2002032509 0 0 0 0 0 0 0.1 0 0 0 0 0 0 0 0 0 0 0 0 0 0 0 0 0 0 0 0 0 0 0 0 0 0 0 0 0 0 0 0 0 0 0
2002032510 0 0 0 0 0 0 0 0 0 0 0 0 0 0 0 0 0 0 0 0 0 0 0 0 0 0 0 0 0 0 0 0 0 0 0 0 0 0 0 0 0 0
2002032511 0 0 0 0 0 0 0 0 0 0 0 0 0 0 0 0 0 0 0 0 0 0 0 0 0 0 0 0 0 0 0 0 0 0 0 0 0 0 0 0 0 0
2002032512 0 0 0 0 0 0 0 0 0 0 0 0 0 0 0 0 0 0 0 0 0 0 0 0 0 0 0 0 0 0 0 0 0 0 0 0 0 0 0 0 0 0
2002032513 0 0 0 0 0 0 0 0 0 0 0 0 0 0 0 0 0 0 0 0 0 0 0 0 0 0 0 0 0 0 0 0 0 0 0 0 0 0 0 0 0 0
2002032514 0 0 0 0 0 0 0 0 0 0 0 0 0 0 0 0 0 0 0 0 0 0 0 0 0 0 0 0 0 0 0 0 0 0 0 0 0 0 0 0 0 0
2002032515 0 0 0 0 0 0 0 0 0 0 0 0 0 0 0 0.1 0 0 0 0 0 0 0 0 0 0 0 0 0 0 0 0 0 0 0 0 0 0 0 0 0 0
2002032516 0 0 0 0 0 0 0 0 0 0 0 0 0 0 0 0 0 0 0 0 0 0 0 0 0 0 0 0 0 0 0 0 0 0 0 0 0 0 0 0 0.1 0
2002032517 0 0 0 0 0 0 0 0 0 0 0 0 0 0 0 0 0 0 0 0 0 0 0 0 0 0 0 0 0 0 0 0 0 0 0 0 0 0 0 0 0 0
2002032518 0 0 0 0 0 0 0 0 0 0 0 0 0 0 0 0 0 0 0 0 0 0 0 0 0 0 0 0 0 0 0 0 0 0 0 0 0 0 0 0 0 0
2002032519 0 0 0 0 0 0 0 0 0 0 0 0 0 0 0 0 0 0 0 0 0 0 0 0 0 0 0 0 0 0 0 0 0 0 0 0 0 0 0 0 0 0
2002032520 0 0 0 0 0 0 0 0 0 0 0 0 0 0 0 0 0 0 0 0 0 0 0 0 0 0 0 0 0 0 0 0 0 0 0 0 0 0 0 0 0 0
2002032521 0 0 0 0 0 0 0 0 0 0 0 0 0 0 0 0 0 0 0 0 0 0 0 0 0 0 0 0 0 0 0 0 0 0 0 0 0 0 0 0 0 0
2002032522 0 0 0 0 0 0 0 0 0 0 0 0 0 0 0 0 0 0 0 0 0 0 0 0 0 0 0 0 0 0 0 0 0 0 0 0 0 0 0 0 0 0
2002032523 0 0 0 0 0 0 0 0 0 0 0 0 0 0 0 0 0 0 0 0 0 0 0 0 0 0 0 0 0 0 0 0 0 0 0 0 0 0 0 0 0 0
2002032600 0 0 0 0 0 0 0 0 0 0 0 0 0 0 0 0 0 0 0 0 0 0 0 0 0 0 0 0 0 0 0 0 0 0 0 0 0 0 0 0 0 0
2002032601 0 0 0 0 0 0 0 0 0 0 0 0 0 0 0 0 0 0 0 0 0 0 0 0 0 0 0 0 0 0 0 0 0 0 0 0 0 0 0 0 0 0
2002032602 0 0 0 0 0 0 0 0 0 0 0 0 0 0 0 0 0 0 0 0 0 0 0 0 0 0 0 0 0 0 0 0 0 0 0 0 0 0 0 0 0 0
2002032603 0 0 0 0 0 0 0 0 0 0 0 0 0 0 0 0 0 0 0 0 0 0 0 0 0 0 0 0 0 0 0 0 0 0 0 0 0 0 0 0 0 0
2002032604 0 0 0 0 0 0 0 0 0 0 0 0 0 0 0 0 0 0 0 0 0 0 0 0 0 0 0 0 0 0 0 0 0 0 0 0 0 0 0 0 0 0
2002032605 0 0 0 0 0 0 0 0 0 0 0 0 0 0 0 0 0 0 0 0 0 0 0 0 0 0 0 0 0 0 0 0 0 0 0 0 0 0 0 0 0 0
2002032606 0 0 0 0 0 0 0 0 0 0 0 0 0 0 0 0 0 0 0 0 0 0 0 0 0 0 0 0 0 0 0 0 0 0 0 0 0 0.1 0.1 0.1 0 0
2002032607 0 0 0 0 0 0 0 0 0 0 0 0 0 0 0 0 0 0 0 0 0 0 0 0 0.1 0 0 0 0 0 0 0 0 0 0 0.1 0 0 0 0 0 0.1
2002032608 0 0 0 0 0 0 0 0 0 0 0 0 0 0 0 0 0 0 0 0.1 0 0 0 0 0 0 0 0 0.1 0 0 0 0 0 0 0 0 0 0 0 0 0
2002032609 0 0 0 0 0 0 0 0 0 0 0 0 0 0 0 0 0 0 0 0 0 0 0 0 0 0 0 0 0 0 0 0 0 0 0 0 0 0 0 0 0 0
2002032610 0 0 0 0 0 0 0 0 0 0 0 0 0 0 0 0 0 0 0 0 0 0 0 0 0 0 0 0 0 0 0 0 0 0 0 0 0 0 0 0 0 0
2002032611 0 0 0 0 0 0 0 0 0 0 0 0 0 0 0 0 0 0 0 0 0 0 0 0 0 0 0 0 0 0 0 0 0 0 0 0 0 0 0 0 0 0
2002032612 0 0 0 0 0 0 0 0 0 0 0 0 0 0 0 0 0 0 0 0 0 0 0 0 0 0 0 0 0 0 0 0 0 0 0 0 0 0 0 0 0 0
2002032613 0 0 0 0 0 0 0 0 0 0 0 0 0 0 0 0 0 0 0 0 0 0 0 0 0 0 0 0 0 0 0 0 0 0 0 0 0 0 0 0 0 0
2002032614 0 0 0 0 0 0 0 0 0 0 0 0 0 0 0 0 0 0 0 0 0 0 0 0 0 0 0 0 0 0 0 0 0 0 0 0 0 0 0 0 0 0
2002032615 0 0 0 0 0 0 0 0 0 0 0 0 0 0 0 0 0 0 0 0 0 0 0 0 0 0 0 0 0 0 0 0 0 0 0 0 0 0 0 0 0 0
2002032616 0 0 0 0 0 0 0 0 0 0 0 0 0 0 0 0 0 0 0 0 0 0 0 0 0 0 0 0 0 0 0 0 0 0 0 0 0 0 0 0 0 0
2002032617 0 0 0 0 0 0 0 0 0 0 0 0 0 0 0 0 0 0 0 0 0 0 0 0 0 0 0 0 0 0 0 0 0 0 0 0 0 0 0 0 0 0
2002032618 0 0 0 0 0 0 0 0 0 0 0 0 0 0 0 0 0 0 0 0 0 0 0 0 0 0 0 0 0 0 0 0 0 0 0 0 0 0 0 0 0 0
2002032619 0 0 0 0 0 0 0 0 0 0 0 0 0 0 0 0 0 0 0 0 0 0 0 0 0 0 0 0 0 0 0 0 0 0 0 0 0 0 0 0 0 0
2002032620 0 0 0 0 0 0 0 0 0 0 0 0 0 0 0 0 0 0 0 0 0 0 0 0 0 0 0 0 0 0 0 0 0 0 0 0 0 0 0 0 0 0
2002032621 0 0 0 0 0 0 0 0 0 0 0 0 0 0 0 0 0 0 0 0 0 0 0 0 0 0 0 0 0 0 0 0 0 0 0 0 0 0 0 0 0 0
2002032622 0 0 0 0 0 0 0 0 0 0 0 0 0 0 0 0 0 0 0 0 0 0 0 0 0 0 0 0 0 0 0 0 0 0 0 0 0 0 0 0 0 0
2002032623 0 0 0 0 0 0 0 0 0 0 0 0 0 0 0 0 0 0 0 0 0 0 0 0 0 0 0 0 0 0 0 0 0 0 0 0 0 0 0 0 0 0
2002032700 0 0 0 0 0 0 0 0 0 0 0 0 0 0 0 0 0 0 0 0 0 0 0 0 0 0 0 0 0 0 0 0 0 0 0 0 0 0 0 0 0 0
2002032701 0 0 0 0 0 0 0 0 0 0 0 0 0 0 0 0 0 0 0 0 0 0 0 0 0 0 0 0 0 0 0 0 0 0 0 0 0 0 0 0 0 0
2002032702 0 0 0 0 0 0 0 0 0 0 0 0 0 0 0 0 0 0 0 0 0 0 0 0 0 0 0 0 0 0 0 0 0 0 0 0 0 0 0 0 0 0
2002032703 0 0 0 0 0 0 0 0 0 0 0 0 0 0 0 0 0 0 0 0 0 0 0 0 0 0 0 0 0 0 0 0 0 0 0 0 0 0 0 0 0 0
2002032704 0 0 0 0 0 0 0 0 0 0 0 0 0 0 0 0 0 0 0 0 0 0 0 0 0 0 0 0 0 0 0 0 0 0 0 0 0 0 0 0 0 0
2002032705 0 0 0 0 0 0 0 0 0 0 0 0 0 0 0 0 0 0 0 0 0 0 0 0 0 0 0 0 0 0 0 0 0 0 0 0 0 0 0 0 0 0
2002032706 0 0 0 0.1 0 0 0 0 0 0 0 0 0 0 0 0 0 0 0 0 0 0 0 0 0 0 0 0 0 0 0 0 0 0 0.1 0 0 0.1 0 0.1 0 0
2002032707 0 0.1 0 0 0.1 0 0.1 0.1 0.1 0 0 0.1 0.1 0 0.1 0 0.1 0.1 0.1 0 0.1 0 0.1 0.1 0.1 0.1 0.1 0 0 0 0 0 0 0 0 0 0.1 0 0 0 0.1 0
2002032708 0.1 0 0 0 0 0 0 0 0 0 0 0 0 0 0 0 0 0 0 0 0 0 0 0 0 0 0 0 0 0 0 0 0 0 0 0.1 0 0 0 0 0 0
2002032709 0 0 0 0 0 0 0 0 0 0 0 0 0 0 0 0 0 0 0 0 0 0 0 0 0 0 0 0 0 0 0 0 0 0 0 0 0 0 0 0 0 0
2002032710 0 0 0 0 0 0 0 0 0 0 0 0 0 0 0 0 0 0 0 0 0 0 0 0 0 0 0 0 0 0 0 0 0 0 0 0 0 0 0 0 0 0
2002032711 0 0 0 0 0 0 0 0 0 0 0 0 0 0 0 0 0 0 0 0 0 0 0 0 0 0 0 0 0 0 0 0 0 0 0 0 0 0 0 0 0 0
2002032712 0 0 0 0 0 0 0 0 0 0 0 0 0 0 0 0 0 0 0 0 0 0.1 0 0 0 0 0 0 0 0 0 0 0 0 0 0 0 0 0 0 0 0
2002032713 0 0 0 0 0 0 0 0 0 0 0 0 0 0 0 0 0 0 0 0 0 0 0 0 0 0 0 0 0 0 0 0 0 0 0 0 0 0 0 0 0 0
2002032714 0 0 0 0 0 0 0 0 0 0 0 0 0 0 0 0 0 0 0 0 0 0 0 0 0 0 0 0 0 0 0 0 0 0 0 0 0 0 0 0 0 0
2002032715 0 0 0 0 0 0 0 0 0 0 0 0 0 0 0 0 0 0 0 0 0 0 0 0 0 0 0 0 0 0 0 0 0 0 0 0 0 0 0 0 0 0
2002032716 0 0 0 0 0 0 0 0 0 0 0 0 0 0 0 0 0 0 0 0 0 0 0 0 0 0 0 0 0 0 0 0 0 0 0 0 0 0 0 0 0 0
2002032717 0 0 0 0 0 0 0 0 0 0 0 0 0 0 0 0 0 0 0 0 0 0 0 0 0 0 0 0 0 0 0 0 0 0 0 0 0 0 0 0 0 0
2002032718 0 0 0 0 0 0 0 0 0 0 0 0 0 0 0 0 0 0 0 0 0 0 0 0 0 0 0 0 0 0 0 0 0 0 0 0 0 0 0 0 0 0
2002032719 0 0 0 0 0 0 0 0 0 0 0 0 0 0 0 0 0 0 0 0 0 0 0 0 0 0 0 0 0 0 0 0 0 0 0 0 0 0 0 0 0 0
2002032720 0 0 0 0 0 0 0 0 0 0 0 0 0 0 0 0 0 0 0 0 0 0 0 0 0 0 0 0 0 0 0 0 0 0 0 0 0 0 0 0 0 0
2002032721 0 0 0 0 0 0 0 0 0 0 0 0 0 0 0 0 0 0 0 0 0 0 0 0 0 0 0 0 0 0 0 0 0 0 0 0 0 0 0 0 0 0
2002032722 0 0 0 0 0 0 0 0 0 0 0 0 0 0 0 0 0 0 0 0 0 0 0 0 0 0 0 0 0 0 0 0 0 0 0 0 0 0 0 0 0 0
2002032723 0 0 0 0 0 0 0 0 0 0 0 0 0 0 0 0 0 0 0 0 0 0 0 0 0 0 0 0 0 0 0 0 0 0 0 0 0 0 0 0 0 0
2002032800 0 0 0 0 0 0 0 0 0 0 0 0 0 0 0 0 0 0 0 0 0 0 0 0 0 0 0 0 0 0 0 0 0 0 0 0 0 0 0 0 0 0
2002032801 0 0 0 0 0 0 0 0 0 0 0 0 0 0 0 0 0 0 0 0 0 0 0 0 0 0 0 0 0 0 0 0 0 0 0 0 0 0 0 0 0 0
2002032802 0 0 0 0 0 0 0 0 0 0 0 0 0 0 0 0 0 0 0 0.1 0 0 0 0 0 0 0 0 0 0 0 0 0 0 0 0 0 0 0 0 0 0
2002032803 0 0 0 0 0 0 0 0 0 0 0 0 0 0 0 0 0 0 0 0 0 0 0 0 0 0 0 0 0 0 0 0 0 0 0 0 0 0 0 0 0 0
2002032804 0 0 0 0 0 0 0 0 0 0 0 0 0 0 0 0 0 0 0 0 0 0 0 0 0 0 0 0 0 0 0 0 0 0 0 0 0 0 0 0 0 0
2002032805 0 0 0 0 0 0 0 0 0 0 0 0 0 0 0 0 0 0 0 0 0 0 0 0 0 0 0 0 0 0 0 0 0 0 0 0 0 0 0 0 0 0
2002032806 0 0 0 0 0 0 0 0 0.1 0 0 0 0 0 0 0 0 0.1 0 0 0 0 0 0 0 0 0 0 0 0 0 0 0 0 0.1 0 0 0.1 0 0 0 0
2002032807 0.1 0.1 0 0 0 0 0 0 0 0 0 0 0 0 0.1 0 0 0 0 0 0 0 0 0.1 0.1 0 0 0 0 0 0 0 0 0 0 0 0.1 0 0 0 0 0.1
2002032808 0 0 0 0 0 0 0 0 0 0 0 0 0 0 0 0 0 0 0 0 0 0 0 0 0 0 0 0 0 0 0 0 0 0 0 0 0 0 0 0 0 0
2002032809 0 0 0 0 0 0 0 0 0 0 0 0 0 0 0 0 0 0 0 0.1 0 0 0 0 0 0 0 0.1 0 0 0 0 0 0 0 0 0 0 0 0 0 0
2002032810 0 0 0 0 0 0 0 0 0 0 0 0 0 0 0 0 0 0 0 0 0 0 0 0 0 0 0 0 0 0 0 0 0 0 0 0 0 0 0 0 0 0
2002032811 0 0 0 0 0 0 0 0 0 0 0 0 0 0 0 0 0 0 0 0 0 0 0 0 0 0 0 0 0 0 0 0 0 0 0 0 0 0 0 0 0 0
2002032812 0 0 0 0 0 0 0 0 0 0 0 0 0 0 0 0 0 0 0 0 0 0 0 0 0 0 0 0 0 0 0 0 0 0 0 0 0 0 0 0 0 0
2002032813 0 0 0 0 0 0 0 0 0 0 0 0 0 0 0 0 0 0 0 0 0 0 0 0 0 0 0 0 0 0 0 0 0 0 0 0 0 0 0 0 0 0
2002032814 0 0 0 0 0 0 0 0 0 0 0 0.1 0 0 0 0 0 0 0 0 0 0 0 0 0 0 0 0 0 0 0 0 0 0 0 0 0 0 0 0 0 0
2002032815 0 0 0 0 0 0 0 0 0 0 0 0 0 0 0 0 0 0 0 0 0 0 0 0 0 0 0 0 0 0 0 0 0 0 0 0 0 0 0 0 0 0
2002032816 0 0 0 0 0 0 0 0 0 0 0 0 0 0 0 0 0 0 0 0 0 0 0 0 0 0 0 0 0 0 0 0 0 0 0 0 0 0 0 0 0 0
2002032817 0 0 0 0 0 0 0 0 0 0 0 0 0 0 0 0 0 0 0 0 0 0 0 0 0 0 0 0 0 0 0 0 0 0 0 0 0 0 0 0 0 0
2002032818 0 0 0 0 0 0 0 0 0 0 0 0 0 0 0 0 0 0 0 0 0 0 0 0 0 0 0 0 0 0 0 0 0 0 0 0 0 0 0 0 0 0
2002032819 0 0 0 0 0 0 0 0 0 0 0 0 0 0 0 0 0 0 0 0 0 0 0 0 0 0 0 0 0 0 0 0 0 0 0 0 0 0 0 0 0 0
2002032820 0 0 0 0 0 0 0 0 0 0 0 0 0 0 0 0 0 0 0 0 0 0 0 0 0 0 0 0 0 0 0 0 0 0 0 0 0 0 0 0 0 0
2002032821 0 0 0 0 0 0 0 0 0 0 0 0 0 0 0 0 0 0 0 0 0 0 0 0 0 0 0 0 0 0 0 0 0 0 0 0 0 0 0 0 0 0
2002032822 0 0 0 0 0 0 0 0 0 0 0 0 0 0 0 0 0 0 0 0 0 0 0 0 0 0 0 0 0 0 0 0 0 0 0 0 0 0 0 0 0 0
2002032823 0 0 0 0 0 0 0 0 0 0 0 0 0 0 0 0 0 0 0 0 0 0 0 0 0 0 0 0 0 0 0 0 0 0 0 0 0 0 0 0 0 0
2002032900 0 0 0 0 0 0 0 0 0 0 0 0 0 0 0 0 0 0 0 0 0 0 0 0 0 0 0 0 0 0 0 0 0 0 0 0 0 0 0 0 0 0
2002032901 0 0 0 0 0 0 0 0 0 0 0 0 0 0 0 0 0 0 0 0 0 0 0 0 0 0 0 0 0 0 0 0 0 0 0 0 0 0 0 0 0 0
2002032902 0 0 0 0 0 0 0 0 0 0 0 0 0 0 0 0 0 0 0 0 0 0 0 0 0 0 0 0 0 0 0 0 0 0 0 0 0 0 0 0 0 0
2002032903 0 0 0 0 0 0 0 0 0 0 0 0 0 0 0 0 0 0 0 0 0 0 0 0 0 0 0 0 0 0 0 0 0 0 0 0 0 0 0 0 0 0
2002032904 0 0 0 0 0 0 0 0 0 0 0 0 0 0 0 0 0 0 0 0 0 0 0 0 0 0 0 0 0 0 0 0 0 0 0 0 0 0 0 0 0 0
2002032905 0 0 0 0 0 0 0 0 0 0 0 0 0 0 0 0 0 0 0 0 0 0 0 0 0 0 0 0 0 0 0 0 0 0 0 0 0 0 0 0 0 0
2002032906 0 0 0 0 0 0 0 0 0 0 0 0 0 0 0 0 0 0 0 0 0 0 0 0.1 0 0 0 0 0 0 0 0 0 0 0 0 0 0 0 0 0 0
2002032907 0 0 0 0 0 0 0 0 0 0 0 0 0 0 0.1 0 0 0 0 0 0 0 0 0 0.1 0 0 0 0 0 0 0 0 0 0 0 0 0 0 0 0.1 0
2002032908 0 0 0 0 0 0 0 0 0 0 0 0 0 0 0 0 0 0 0 0 0 0 0 0 0 0 0 0 0 0 0 0 0 0 0 0 0 0 0 0 0 0
2002032909 0 0 0 0 0 0 0 0 0 0 0 0 0 0 0.1 0 0 0 0 0 0 0 0 0 0 0 0 0 0 0 0 0 0 0 0 0 0 0 0 0 0 0
2002032910 0 0 0 0 0 0 0 0 0 0 0 0 0 0 0 0 0 0 0 0 0 0 0 0 0 0 0 0 0 0 0 0 0 0 0 0 0 0 0 0 0 0
2002032911 0 0 0 0 0 0 0 0 0 0 0 0 0 0 0 0 0 0 0 0 0 0 0 0 0 0 0 0 0 0 0 0 0 0 0 0 0 0 0 0 0 0
2002032912 0 0 0 0 0 0 0 0 0 0 0 0 0 0 0 0 0 0 0 0 0 0 0 0 0 0 0 0 0 0 0 0 0 0 0 0 0 0 0 0 0 0
2002032913 0 0 0 0 0 0 0 0 0 0 0 0 0 0 0 0 0 0 0 0 0 0 0 0 0 0 0 0 0 0 0 0 0 0 0 0 0 0 0 0 0 0
2002032914 0 0 0 0 0 0 0 0 0 0 0 0 0 0 0 0 0 0 0 0 0 0 0 0 0 0 0 0 0 0 0 0 0 0 0 0 0 0 0 0 0 0
2002032915 0 0 0 0 0 0 0 0 0 0 0 0 0 0 0 0 0 0 0 0 0 0 0 0 0 0 0 0 0 0 0 0 0 0 0 0 0 0 0 0 0 0
2002032916 0 0 0 0 0 0 0 0 0 0 0 0 0 0 0 0 0 0 0 0 0 0 0 0 0 0 0 0 0 0 0 0 0 0 0 0 0 0 0 0 0 0
2002032917 0 0 0 0 0 0 0 0 0 0 0 0 0 0 0 0 0 0 0 0 0 0 0 0 0 0 0 0 0 0 0 0 0 0 0 0 0 0 0 0 0 0
2002032918 0 0 0 0 0 0 0 0 0 0 0 0 0 0 0 0 0 0 0 0 0 0 0 0 0 0 0 0 0 0 0 0 0 0 0 0 0 0 0 0 0 0
2002032919 0 0 0 0 0 0 0 0 0 0 0 0 0 0 0 0 0 0 0 0 0 0 0 0 0 0 0 0 0 0 0 0 0 0 0 0 0 0 0 0 0 0
2002032920 0 0 0 0 0 0 0 0 0 0 0 0 0 0 0 0 0 0 0 0 0 0 0 0 0 0 0 0 0 0 0 0 0 0 0 0 0 0 0 0 0 0
2002032921 0 0 0 0 0 0 0 0 0 0 0 0 0 0 0 0 0 0 0 0 0 0 0 0 0 0 0 0 0 0 0 0 0 0 0 0 0 0 0 0 0 0
2002032922 0 0 0 0 0 0 0 0 0 0 0 0 0 0 0 0 0 0 0 0 0 0 0 0 0 0 0 0 0 0 0 0 0 0 0 0 0 0 0 0 0 0
2002032923 0 0 0 0 0 0 0 0 0 0 0 0 0 0 0 0 0 0 0 0 0 0 0 0 0 0 0 0 0 0 0 0 0 0 0 0 0 0 0 0 0 0
2002033000 0 0 0 0 0 0 0 0 0 0 0 0 0 0 0 0 0 0 0 0 0 0 0 0 0 0 0 0 0 0 0 0 0 0 0 0 0 0 0 0 0 0
2002033001 0 0 0 0 0 0 0 0 0 0 0 0 0 0 0 0 0 0 0 0 0 0 0 0 0 0 0 0 0 0 0 0 0 0 0 0 0 0 0 0 0 0
2002033002 0 0 0 0 0 0 0 0 0 0 0 0 0 0 0 0 0 0 0 0 0 0 0 0 0 0 0 0 0 0 0 0 0 0 0 0 0 0 0 0 0 0
2002033003 0 0 0 0 0 0 0 0 0 0 0 0 0 0 0 0 0 0 0 0 0 0 0 0 0 0 0 0 0 0 0 0 0 0 0 0 0 0 0 0 0 0
2002033004 0 0 0 0 0 0 0 0 0 0 0 0 0 0 0 0 0 0 0 0 0 0 0 0 0 0 0 0 0 0 0 0 0 0 0 0 0 0 0 0 0 0
2002033005 0 0 0 0 0 0 0 0 0 0 0 0 0 0 0 0 0 0 0 0 0 0 0 0 0 0 0 0 0 0 0 0 0 0 0 0 0 0 0 0 0 0
2002033006 0 0 0 0 0 0 0.1 0 0 0 0 0 0 0 0 0 0 0 0 0 0 0 0 0 0 0 0 0 0 0.1 0 0 0 0 0 0 0 0 0 0.1 0 0
2002033007 0 0 0 0 0 0 0 0 0 0 0 0.1 0 0 0 0 0 0.1 0 0.1 0 0 0 0.1 0.1 0 0 0 0.1 0 0 0 0 0 0 0.1 0 0 0 0 0 0
2002033008 0 0 0 0 0 0 0 0.1 0 0 0 0 0 0 0 0 0 0 0 0 0 0 0 0 0 0 0 0 0 0 0 0 0 0 0 0 0 0 0 0 0 0.1
2002033009 0 0 0 0 0 0 0 0 0 0 0 0 0 0 0 0 0 0 0 0 0 0 0 0 0 0 0 0 0 0 0 0 0 0 0 0 0 0 0 0 0.1 0
2002033010 0 0 0 0 0 0 0 0 0 0 0 0 0 0 0 0 0 0 0 0 0 0 0 0 0 0 0 0 0 0 0 0 0 0 0 0 0 0 0 0 0 0
2002033011 0 0 0 0 0 0 0 0 0 0 0 0 0 0 0 0 0 0 0 0 0 0 0 0 0 0 0 0 0 0 0 0 0 0 0 0 0 0 0 0 0 0
2002033012 0 0 0 0 0 0 0 0 0 0 0 0 0 0 0 0 0 0 0 0 0 0 0 0 0 0 0 0 0 0 0 0 0 0 0 0 0 0 0 0 0 0
2002033013 0 0 0 0 0 0 0 0 0.1 0 0 0 0 0 0 0 0 0 0 0 0 0 0 0 0 0 0 0 0 0 0 0 0 0 0 0 0 0 0 0 0 0
2002033014 0 0 0 0 0 0 0 0 0 0 0 0 0 0 0 0 0 0 0 0 0 0 0 0 0 0 0 0 0 0 0 0 0 0 0 0 0 0 0 0 0 0
2002033015 0 0 0 0 0 0 0 0 0 0 0 0 0 0 0 0 0 0 0 0 0 0 0 0 0 0 0 0 0 0 0 0 0 0 0 0 0 0 0 0 0 0
2002033016 0 0 0 0 0 0 0 0 0 0 0 0 0 0 0 0 0 0 0 0 0 0 0 0 0 0 0 0 0 0 0 0 0 0 0 0 0 0 0 0 0 0
2002033017 0 0 0 0 0 0 0 0 0 0 0 0 0 0 0 0 0 0 0 0 0 0 0 0 0 0 0 0 0 0 0 0 0 0 0 0 0 0 0 0 0 0
2002033018 0 0 0 0 0 0 0 0 0 0 0 0 0 0 0 0 0 0 0 0 0 0 0 0 0 0 0 0 0 0 0 0 0 0 0 0 0 0 0 0 0 0
2002033019 0 0 0 0 0 0 0 0 0 0 0 0 0 0 0 0 0 0 0 0 0 0 0 0 0 0 0 0 0 0 0 0 0 0 0 0 0 0 0 0 0 0
2002033020 0 0 0 0 0 0 0 0 0 0 0 0 0 0 0 0 0 0 0 0 0 0 0 0 0 0 0 0 0 0 0 0 0 0 0 0 0 0 0 0 0 0
2002033021 0 0 0 0 0 0 0 0 0 0 0 0 0 0 0 0 0 0 0 0 0 0 0 0 0 0 0 0 0 0 0 0 0 0 0 0 0 0 0 0 0 0
2002033022 0 0 0 0 0 0 0 0 0 0 0 0 0 0 0 0 0 0 0 0 0 0 0 0 0 0 0 0 0 0 0 0 0 0 0 0 0 0 0 0 0 0
2002033023 0 0 0 0 0 0 0 0 0 0 0 0 0 0 0 0 0 0 0 0 0 0 0 0 0 0 0 0 0 0 0 0 0 0 0 0 0 0 0 0 0 0
2002033100 0 0 0 0 0 0 0 0 0 0 0 0 0 0 0 0 0 0 0 0 0 0 0 0 0 0 0 0 0 0 0 0 0 0 0 0 0 0 0 0 0 0
2002033101 0 0 0 0 0 0 0 0 0 0 0 0 0 0 0 0 0 0 0 0 0 0 0 0 0 0 0 0 0 0 0 0 0 0 0 0 0 0 0 0 0 0
2002033102 0 0 0 0 0 0 0 0 0 0 0 0 0 0 0 0 0 0 0 0 0 0 0 0 0 0 0 0 0 0 0 0 0 0 0 0 0 0 0.1 0 0 0
2002033103 0 0 0 0 0 0 0 0 0 0 0 0 0 0 0 0 0 0 0 0 0 0 0 0 0 0 0 0 0 0 0 0 0 0 0 0 0 0 0 0 0 0
2002033104 0 0 0 0 0 0 0 0 0 0 0 0 0 0 0 0 0 0 0 0 0 0 0 0 0 0 0 0 0 0 0 0 0 0 0 0 0 0 0 0 0 0
2002033105 0 0 0 0 0 0 0 0 0 0 0 0 0 0 0 0 0 0 0 0 0 0 0 0 0 0 0 0 0 0 0 0 0 0 0 0 0 0 0 0 0 0
2002033106 0 0 0 0 0 0 0 0 0 0 0 0 0 0 0.1 0 0 0 0 0 0 0 0 0 0.1 0 0 0 0 0 0 0 0 0 0 0 0 0.1 0 0.1 0 0
2002033107 0 0 0 0 0 0 0 0 0 0 0 0 0 0 0 0 0 0 0 0 0 0 0 0 0 0 0 0 0 0 0 0 0 0 0 0 0 0 0 0 0 0
2002033108 0 0 0 0 0 0 0 0 0 0 0 0 0 0 0 0 0 0 0 0 0 0 0 0 0 0 0 0 0 0 0 0 0 0 0 0 0 0 0 0 0 0
2002033109 0 0 0 0 0 0 0 0 0 0 0 0 0 0 0 0 0 0 0 0 0 0 0 0 0 0 0 0 0 0 0 0 0 0 0 0 0 0 0 0 0 0
2002033110 0 0 0 0 0 0 0 0 0 0 0 0 0 0 0 0 0 0 0 0 0 0 0 0 0 0 0 0 0 0 0 0 0 0 0 0 0 0 0 0 0 0
2002033111 0 0 0 0 0 0 0 0 0 0 0 0 0 0 0 0 0 0 0 0 0 0 0 0 0 0 0 0 0 0 0 0 0 0 0 0.1 0 0 0 0 0 0
2002033112 0 0 0 0 0 0 0 0.1 1.7 0 0 0 0 0 0 0 0 0 0 0 0 0 0 0 0 0 0 0 0 0 0 0 0 0 0 0 0 0 0 0 0 0
2002033113 0 0 0 0 0.5 0 0 0 0 0 0 0 0 0 0 0 0 0 0 0 0.5 0 0 0 0 0 0 0 0 0 0 0 0 0 0 0 0 0 0 0 0 0
2002033114 0 0 0 0 0 0 0 0.1 0 0 0 0 0 0 0 0 0 0 0 0 0 0 0 0 0 0 0 0 0 0 0 0 0 0 0 0 0 0 0 0 0 0
2002033115 0 0 0 0 0 0 0 0 0 0 0 0 0 0 0 0 0 0 0 0 0 0 0 0 0 0 0 0 0 0 0 0 0 0 0 0 0 0 0 0 0.6 0.4
2002033116 0 0 0 0 0 0 0 0 0 0 0 0 0 0.4 0 0 0 0 0 0 0 0 0 0 0 0 0 0 0 0 0 0 0.8 0 0 0 0 0 0 0 0 0.4
2002033117 0 0.1 0 0 0 0 0 0 0 1.6 0 0 1.7 1.1 0.1 0 0.1 0 0 0 0 0 0 0 0 0 0 0 0 0 0 0 0 0 0 0 0 0 0 0 0 0
2002033118 0 0.5 0 0 0 0 0 0 0 0.8 0.1 0 0 0 0.2 0 0 0 0 0 0 0 0 0 0 0 0 0 0 0 0 0 0 0 0 0 0 0 0 0 0 0
2002033119 0 0.1 0 0.2 0 0 0 0 0 0 0.2 0 0 0 0 0 0 0 0 0 0 0 0 0 0 0 0 0 0 0 0 0 0 0 0 0 0 0 0 0 0 0
2002033120 0 0 0 0 0 0 0 0 0 0.1 0 0 0 0 0 0 0 0 0 0 0 0 0 0 0 0 0 0 0 0 0 0 0 0 0 0 0 0 0 0 0 0
2002033121 0 0 0 0 0 0 0 0 0 0 0 0 0 0 0.1 0 0 0 0 0 0 0 0 0 0 0 0 0 0 0 0 0 0 0 0 0 0 0 0 0 0 0
2002033122 0 0 0 0 0 0 0 0 0 0 0 0 0 0.1 0 0 0 0 0 0 0 0 0 0 0 0 0 0 0 0 0 0 0 0 0 0 0 0 0 0 0 0
2002033123 0 0 0 0 0 0 0 0 0 0 0 0 0 0 0 0 0 0 0 0 0 0 0 0 0 0 0 0 0 0 0 0 0 0 0 0 0 0 0 0 0 0
2002040100 0 0 0 0 0 0 0 0 0 0 0 0 0 0 0 0 0 0 0 0 0 0 0 0 0 0 0 0 0 0 0 0 0 0 0 0 0 0 0 0 0 0
2002040101 0 0 0 0 0 0 0 0 0 0 0 0 0 0 0 0 0 0 0 0 0 0 0 0 0 0 0 0 0 0 0 0 0 0 0 0 0 0 0 0 0 0
2002040102 0 0 0 0 0 0 0 0 0 0 0 0 0 0 0 0 0 0 0 0 0 0 0 0 0 0 0 0 0 0 0 0 0 0 0 0 0 0 0 0 0 0
2002040103 0 0 0 0 0 0 0 0 0 0 0 0 0 0 0 0 0 0 0 0 0 0 0 0 0 0 0 0 0 0 0 0 0 0 0 0 0 0 0 0 0 0
2002040104 0 0 0 0 0 0 0 0 0 0 0 0 0.1 0 0 0 0 0 0 0 0 0 0 0 0 0 0 0 0 0 0 0 0 0 0 0 0 0 0 0 0 0
2002040105 0 0 0 0 0 0 0 0 0 0 0 0 0 0 0 0 0 0 0 0 0 0 0 0 0 0 0 0 0 0 0 0 0 0 0 0 0 0 0 0 0 0
2002040106 0 0 0 0 0 0 0 0 0 0 0 0 0 0 0 0 0 0 0 0 0 0 0 0 0 0 0 0 0 0 0 0 0 0 0 0 0 0 0 0 0 0
2002040107 0 0 0 0 0 0 0 0 0 0 0 0 0 0 0 0 0 0 0 0 0 0 0 0 0 0 0 0 0 0 0 0 0 0 0 0 0 0 0 0 0 0
2002040108 0 0 0 0 0 0 0 0 0 0 0 0 0 0 0 0 0 0 0 0 0 0 0 0 0 0 0 0 0 0 0 0 0 0 0 0 0 0 0 0 0 0
2002040109 0 0 0 0 0 0 0 0 0 0 0 0 0 0 0 0 0 0 0 0 0 0 0 0 0 0 0 0 0 0 0 0 0 0 0 0 0 0 0 0 0 0
2002040110 0 0 0 0 0 0 0 0 0 0 0 0 0 0 0 0 0 0 0 0 0 0 0 0 0 0 0 0 0 0 0 0 0 0 0 0 0 0 0 0 0 0
2002040111 0 0 0 0 0 0 0 0 0 0 0 0 0 0 0 0 0 0 0 0 0 0 0 0 0 0 0 0 0 0 0 0 0 0 0 0 0 0 0 0 0 0
2002040112 0 0 0 0 0 0 0 0 0 0 0 0 0 0 0 0 0 0 0 0 0 0 0 0 0 0 0 0 0 0 0 0 0 0 0 0 0 0 0 0 0 0
2002040113 0 0 0 0 0 0 0 0 0 0 0 0 0 0 0 0 0 0 0 0 0 0 0 0 0 0 0 0 0 0 0 0 0 0 0 0 0 0 0 0 0 0
2002040114 0 0 0 0 0 0 0 0 0 0 0 0 0 0 0 0 0 0 0 0 0 0 0 0 0 0 0 0 0 0 0 0 0 0 0 0 0 0 0 0 0 0
2002040115 0 0 0 0 0 0 0 0 0 0 0 0 0 0 0 0 0 0 0 0 0 0 0 0 0 0 0 0 0 0 0 0 0 0 0 0 0 0 0 0 0 0
2002040116 0 0 0 0 0 0 0 0 0 0 0 0 0 0 0 0 0 0 0 0 0 0 0 0 0 0 0 0 0 0 0 0 0 0 0 0 0 0 0 0 0.1 0
2002040117 0 0 0 0 0 0 0 0 0 0 0 0 0 0 0 0 0 0 0 0 0 0 0 0 0 0 0 0 0 0 0 0 0 0 0 0 0 0 0 0 0 0
2002040118 0 0 0 0 0 0 0 0 0 0 0 0 0 0 0 0 0 0 0 0 0 0 0 0 0 0 0 0 0 0 0 0 0 0 0 0 0 0 0.1 0 0 0
2002040119 0 0 0 0 0 0 0 0 0 0 0 0 0 0 0 0 0 0 0 0 0 0 0 0 0 0 0 0 0 0 0 0 0 0 0 0 0 0 0 0 0 0
2002040120 0 0 0 0 0 0 0 0 0 0 0 0 0 0 0 0 0 0 0 0 0 0 0 0 0 0 0 0 0 0 0 0 0 0 0 0 0 0 0 0 0 0
2002040121 0 0 0 0 0 0 0 0 0 0 0 0 0 0 0 0 0 0 0 0 0 0 0 0 0 0 0 0 0 0 0 0 0 0 0 0 0 0 0 0 0 0
2002040122 0 0 0 0 0 0 0 0 0 0 0 0 0 0 0 0 0 0 0 0 0 0 0 0 0 0 0 0 0 0 0 0 0 0 0 0 0 0 0 0 0 0
2002040123 0 0 0 0 0 0 0 0 0 0 0 0 0 0 0 0 0 0 0 0 0 0 0 0 0 0 0 0 0 0 0 0 0 0 0 0 0 0 0 0 0 0
2002040200 0 0 0 0 0 0 0 0 0 0 0 0 0 0 0 0 0 0 0 0 0 0 0 0 0 0 0 0 0 0 0 0 0 0 0 0 0 0 0 0 0 0
2002040201 0 0 0 0 0 0 0 0 0 0 0 0 0 0 0 0 0 0 0 0 0 0 0 0 0 0 0 0 0 0 0 0 0 0 0 0 0 0 0 0 0 0
2002040202 0 0 0 0 0 0 0 0 0 0 0 0 0 0 0 0 0 0 0 0 0 0 0 0 0 0 0 0 0 0 0 0 0 0 0 0 0 0 0 0 0 0
2002040203 0 0 0 0 0 0 0 0 0 0 0 0 0 0 0 0 0 0 0 0 0 0 0 0 0 0 0 0 0 0 0 0 0 0 0 0 0 0 0 0 0 0
2002040204 0 0 0 0 0 0 0 0 0 0 0 0 0 0 0 0 0 0 0 0 0 0 0 0 0 0 0 0 0 0 0 0 0 0 0 0 0 0 0 0 0 0
2002040205 0 0 0 0 0 0 0 0 0 0 0 0 0 0 0 0 0 0 0 0 0 0 0 0 0 0 0 0 0 0 0 0 0 0 0 0 0 0 0 0 0 0
2002040206 0 0 0 0 0 0 0 0 0 0 0 0 0 0 0.1 0 0 0 0 0 0 0 0 0 0.1 0 0 0 0 0 0 0 0 0 0 0 0 0 0 0 0 0.1
2002040207 0 0 0 0 0 0 0 0 0 0 0 0 0 0 0 0 0 0 0 0 0 0 0 0.1 0 0 0 0 0 0 0 0 0 0 0 0 0 0 0 0 0 0
2002040208 0 0 0 0 0 0 0 0 0 0 0 0 0 0 0 0 0 0 0 0 0 0 0 0 0 0 0 0 0 0 0 0 0 0 0 0 0 0.1 0 0 0 0
2002040209 0 0 0 0 0 0 0 0 0 0 0 0 0 0 0 0 0 0 0 0 0 0 0 0 0 0 0 0 0 0 0 0 0 0 0 0 0 0 0 0 0 0
2002040210 0 0 0 0 0 0 0 0 0 0 0 0 0 0 0 0 0 0 0 0 0 0 0 0 0 0 0 0 0 0 0 0 0 0 0 0 0 0 0 0 0 0
2002040211 0 0 0 0 0 0 0 0 0 0 0 0 0 0 0 0 0 0 0 0 0 0 0 0 0 0 0 0 0 0 0 0 0 0 0 0 0 0 0 0 0 0
2002040212 0 0 0 0 0 0 0 0 0 0 0 0 0 0 0 0 0 0 0 0 0 0 0 0 0 0 0 0 0 0 0 0 0 0 0 0 0 0 0 0 0 0
2002040213 0 0 0 0 0 0 0 0 0 0 0 0 0 0 0 0 0 0 0 0 0 0 0 0 0 0 0 0 0 0 0 0 0 0 0 0 0 0 0 0 0 0
2002040214 0 0 0 0 0 0 0 0 0 0 0 0 0 0 0 0 0 0 0 0 0 0 0 0 0 0 0 0 0 0 0 0 0 0 0 0 0 0 0 0 0 0
2002040215 0 0 0 0 0 0 0 0 0 0 0 0 0 0 0 0 0 0 0 0 0 0 0 0 0 0 0 0 0 0 0 0 0 0 0 0 0 0 0 0 0 0
2002040216 0 0 0 0 0 0 0 0 0 0 0 0 0 0 0 0 0 0 0 0 0 0 0 0 0 0 0 0 0 0 0 0 0 0 0 0 0 0 0 0 0 0
2002040217 0 0 0 0 0 0 0 0 0 0 0 0 0 0 0 0 0 0 0 0 0 0 0 0 0 0 0 0 0 0 0 0 0 0 0 0 0 0 0 0 0 0
2002040218 0 0 0 0 0 0 0 0 0 0 0 0 0 0 0 0 0 0 0 0 0 0 0 0 0 0 0 0 0 0 0 0 0 0 0 0 0 0 0 0 0 0
2002040219 0 0 0 0 0 0 0 0 0 0 0 0 0 0 0 0 0 0 0 0 0 0 0 0 0 0 0 0 0 0 0 0 0 0 0 0 0 0 0 0 0 0
2002040220 0 0 0 0 0 0 0 0 0 0 0 0 0 0 0 0 0 0 0 0 0 0 0 0 0 0 0 0 0 0 0 0 0 0 0 0 0 0 0 0 0 0
2002040221 0 0 0 0 0 0 0 0 0 0 0 0 0 0 0 0 0 0 0 0 0 0 0 0 0 0 0 0 0 0 0 0 0 0 0 0 0 0 0 0 0 0
2002040222 0 0 0 0 0 0 0 0 0 0 0 0 0 0 0 0 0 0 0 0 0 0 0 0 0 0 0 0 0 0 0 0 0 0 0 0 0 0 0 0 0 0
2002040223 0 0 0 0 0 0 0 0 0 0 0 0 0 0 0 0 0 0 0 0 0 0 0 0 0 0 0 0 0 0 0 0 0 0 0 0 0 0 0 0 0 0
2002040300 0 0 0 0 0 0 0 0 0 0 0 0 0 0 0 0 0 0 0 0 0 0 0 0 0 0 0 0 0 0 0 0 0 0 0 0 0 0 0 0 0 0
2002040301 0 0 0 0 0 0 0 0 0 0 0 0 0 0 0 0 0 0 0 0 0 0 0 0 0 0 0 0 0 0 0 0 0 0 0 0 0 0 0 0 0 0
2002040302 0 0 0 0 0 0 0 0 0 0 0 0 0 0 0 0 0 0 0 0 0 0 0 0 0 0 0 0 0 0 0 0 0 0 0 0 0 0 0 0 0 0
2002040303 0 0 0 0 0 0 0 0 0 0 0 0 0 0 0 0 0 0 0 0 0 0 0 0 0 0 0 0 0 0 0 0 0 0 0 0 0 0 0 0 0 0
2002040304 0 0 0 0 0 0 0 0 0 0 0 0 0 0 0 0 0 0 0 0 0 0 0 0 0 0 0 0 0 0 0 0 0 0 0 0 0 0 0 0 0 0
2002040305 0 0 0 0 0 0 0 0 0 0 0 0 0 0 0 0 0 0 0 0 0 0 0 0 0 0 0 0 0 0 0 0 0 0 0 0 0 0 0 0 0 0
2002040306 0 0 0 0 0 0 0 0 0 0 0 0 0 0 0 0 0 0 0 0 0 0 0 0 0 0 0 0 0 0 0 0 0 0 0 0 0 0 0 0 0 0
2002040307 0 0 0 0 0 0 0 0 0 0 0 0 0 0 0 0 0 0 0 0 0 0 0 0 0 0 0 0 0 0 0 0 0 0 0 0 0 0 0 0 0 0
2002040308 0 0 0 0 0 0 0 0 0 0 0 0 0 0 0 0 0 0 0 0 0 0 0 0 0 0 0 0 0 0 0 0 0 0 0 0 0 0 0 0 0 0
2002040309 0 0 0 0 0 0 0 0 0 0 0 0 0 0 0 0 0 0 0 0 0 0 0 0 0 0 0 0 0 0 0 0 0 0 0 0 0 0 0 0 0 0
2002040310 0 0 0 0 0 0 0 0 0 0 0 0 0 0 0 0 0 0 0 0 0 0 0 0 0 0 0 0 0 0 0 0 0 0 0 0 0 0 0 0 0 0
2002040311 0 0 0 0 0 0 0 0 0 0 0 0 0 0 0 0 0 0 0 0 0 0 0 0 0 0 0 0 0 0 0 0 0 0 0 0 0 0 0 0 0 0
2002040312 0 0 0 0 0 0 0 0 0 0 0 0 0 0 0 0 0 0 0 0 0 0 0 0 0 0 0 0 0 0 0 0 0 0 0 0 0 0 0 0 0 0
2002040313 0 0 0 0 0 0 0 0 0 0 0 0 0 0 0 0 0 0 0 0 0 0 0 0 0 0 0 0 0 0 0 0 0 0 0 0 0 0 0 0 0 0
2002040314 0 0 0 0 0 0 0 0 0 0 0 0 0 0 0 0 0 0 0 0 0 0 0 0 0 0 0 0 0 0 0 0 0 0 0 0 0 0 0 0 0 0
2002040315 0 0 0 0 0 0 0 0 0 0 0 0 0 0 0 0 0 0 0 0 0 0 0 0 0 0 0 0 0 0 0 0 0 0 0 0 0 0 0 0 0 0
2002040316 0 0 0 0 0 0 0 0 0 0 0 0 0 0 0 0 0 0 0 0 0 0 0 0 0 0 0 0 0 0 0 0 0 0 0 0 0 0 0 0 0 0
2002040317 0 0 0 0 0 0 0 0 0 0 0 0 0 0 0 0 0 0 0 0 0 0 0 0 0 0 0 0 0 0 0 0 0 0 0 0 0 0 0 0 0 0
2002040318 0 0 0 0 0 0 0 0 0 0 0 0 0 0 0 0 0 0 0 0 0 0 0 0 0 0 0 0 0 0 0 0 0 0 0 0 0 0 0 0 0 0
2002040319 0 0 0 0 0 0 0 0 0 0 0 0 0 0 0 0 0 0 0 0 0 0 0 0 0 0 0 0 0 0 0 0 0 0 0 0 0 0 0 0 0 0
2002040320 0 0 0 0 0 0 0 0 0 0 0 0 0 0 0 0 0 0 0 0 0 0 0 0 0 0 0 0 0 0 0 0 0 0 0 0 0 0 0 0 0 0
2002040321 0 0 0 0 0 0 0 0 0 0 0 0 0 0 0 0 0 0 0 0 0 0 0 0 0 0 0 0 0 0 0 0 0 0 0 0 0 0 0 0 0 0
2002040322 0 0 0 0 0 0 0 0 0 0 0 0 0 0 0 0 0 0 0 0 0 0 0 0 0 0 0 0 0 0 0 0 0 0 0 0 0 0 0 0 0 0
2002040323 0 0 0 0 0 0 0 0 0 0 0 0 0 0 0 0 0 0 0 0 0 0 0 0 0 0 0 0 0 0 0 0 0 0 0 0 0 0 0 0 0 0
2002040400 0 0 0 0 0 0 0 0 0 0 0 0 0 0 0 0 0 0 0 0 0 0 0 0 0 0 0 0 0 0 0 0 0 0 0 0 0 0 0 0 0 0
2002040401 0 0 0 0 0 0 0 0 0 0 0 0 0 0 0 0 0 0 0 0 0 0 0 0 0 0 0 0 0 0 0 0 0 0 0 0 0 0 0 0 0 0
2002040402 0 0 0 0 0 0 0 0 0 0 0 0 0 0 0 0 0 0 0 0 0 0 0 0 0 0 0 0 0 0 0 0 0 0 0 0 0 0 0 0 0 0
2002040403 0 0 0 0 0 0 0 0 0 0 0 0 0 0 0 0 0 0 0 0 0 0 0 0 0 0 0 0 0 0 0 0 0 0 0 0 0 0 0 0 0 0
2002040404 0 0 0 0 0 0 0 0 0 0 0 0 0 0 0 0 0 0 0 0 0 0 0 0 0 0 0 0 0 0 0 0 0 0 0 0 0 0 0 0 0 0
2002040405 0 0 0 0 0 0 0 0 0 0 0 0 0 0 0 0 0 0 0 0 0 0 0 0 0 0 0 0 0 0 0 0 0 0 0 0 0 0 0 0 0 0
2002040406 0 0 0 0 0 0 0 0 0 0 0 0.1 0 0 0 0 0 0 0 0 0 0 0 0 0 0 0 0 0 0 0 0 0 0 0 0 0 0 0 0 0 0
2002040407 0 0 0 0 0 0 0 0 0 0 0 0 0 0 0 0 0 0 0 0 0 0 0 0 0 0 0 0 0 0 0 0 0 0 0 0 0 0 0 0 0 0
2002040408 0 0 0 0 0 0 0 0 0 0 0 0 0 0 0 0 0 0 0 0 0 0 0 0 0 0 0 0 0 0 0 0 0 0 0 0 0 0 0 0 0 0
2002040409 0 0 0 0 0 0 0 0 0 0 0 0 0 0 0 0 0 0 0 0 0 0 0 0 0 0 0 0 0 0 0 0 0 0 0 0 0 0 0 0 0 0
2002040410 0 0 0 0 0 0 0 0 0 0 0 0 0 0 0 0 0 0 0 0 0 0 0 0 0 0 0 0 0 0 0 0 0 0 0 0 0 0 0 0 0 0
2002040411 0 0 0 0 0 0 0 0 0 0 0 0 0 0 0 0 0 0 0 0 0 0 0 0 0 0 0 0 0 0 0 0 0 0 0 0 0 0 0 0 0 0
2002040412 0 0 0 0 0 0 0 0 0 0 0 0 0 0 0 0 0 0 0 0 0 0 0 0 0 0 0 0 0 0 0 0 0 0 0 0 0 0 0 0 0 0
2002040413 0 0 0 0 0 0 0 0 0 0 0 0 0 0 0 0 0 0 0 0 0 0 0 0 0 0 0 0 0 0 0 0 0 0 0 0 0 0 0 0 0 0
2002040414 0 0 0 0 0 0 0 0 0 0 0 0 0 0 0 0 0 0 0 0 0 0 0 0 0 0 0 0 0 0 0 0 0 0 0 0 0 0 0 0 0 0
2002040415 0 0 0 0 0 0 0 0 0 0 0 0 0 0 0 0 0 0 0 0 0 0 0 0 0 0 0 0 0 0 0 0 0 0 0 0 0 0 0 0 0 0
2002040416 0 0 0 0 0 0 0 0 0 0 0 0 0 0 0 0 0 0 0 0 0 0 0 0 0 0 0 0 0 0 0 0 0 0 0 0 0 0 0 0 0 0
2002040417 0 0 0 0 0 0 0 0 0 0 0 0 0 0 0 0 0 0 0 0 0 0 0 0 0 0 0 0 0 0 0 0 0 0 0 0 0 0 0 0 0 0
2002040418 0 0 0 0 0 0 0 0 0 0 0 0 0 0 0 0 0 0 0 0 0 0 0 0 0 0 0 0 0 0 0 0 0 0 0 0 0 0 0 0 0 0
2002040419 0 0 0 0 0 0 0 0 0 0 0 0 0 0 0 0 0 0 0 0 0 0 0 0 0 0 0 0 0 0 0 0 0 0 0 0 0 0 0 0 0 0
2002040420 0 0 0 0 0 0 0 0 0 0 0 0 0 0 0 0 0 0 0 0 0 0 0 0 0 0 0 0 0 0 0 0 0 0 0 0 0 0 0 0 0 0
2002040421 0 0 0 0 0 0 0 0 0 0 0 0 0 0 0 0 0 0 0 0 0 0 0 0 0 0 0 0 0 0 0 0 0 0 0 0 0 0 0 0 0 0
2002040422 0 0 0 0 0 0 0 0 0 0 0 0 0 0 0 0 0 0 0 0 0 0 0 0 0 0 0 0 0 0 0 0 0 0 0 0 0 0 0 0 0 0
2002040423 0 0 0 0 0 0 0 0 0 0 0 0 0 0 0 0 0 0 0 0 0 0 0 0 0 0 0 0 0 0 0 0 0 0 0 0 0 0 0 0 0 0
2002040500 0 0 0 0 0 0 0 0 0 0 0 0 0 0 0 0 0 0 0 0 0 0 0 0 0 0 0 0 0 0 0 0 0 0 0 0 0 0 0 0 0 0
2002040501 0 0 0 0 0 0 0 0 0 0 0 0 0 0 0 0 0 0 0 0 0 0 0 0 0 0 0 0 0 0 0 0 0 0 0 0 0 0 0 0 0 0
2002040502 0 0 0 0 0 0 0 0 0 0 0 0 0 0 0 0 0 0 0 0 0 0 0 0 0 0 0 0 0 0 0 0 0 0 0 0 0 0 0 0 0 0
2002040503 0 0 0 0 0 0 0 0 0 0 0 0 0 0 0 0 0 0 0 0 0 0 0 0 0 0 0 0 0 0 0 0 0 0 0 0 0 0 0 0 0 0
2002040504 0 0 0 0 0 0 0 0 0 0 0 0 0 0 0 0 0 0 0 0 0 0 0 0 0 0 0 0 0 0 0 0 0 0 0 0 0 0 0 0 0 0
2002040505 0 0 0 0 0 0 0 0 0 0 0 0 0 0 0 0 0 0 0 0 0 0 0 0 0 0 0 0 0 0 0 0 0 0 0 0 0 0 0 0 0 0
2002040506 0 0 0 0 0 0 0 0 0 0 0 0 0 0 0.1 0 0 0 0 0 0 0 0 0 0.1 0 0 0 0 0 0 0 0 0 0 0 0 0 0 0 0.1 0
2002040507 0 0 0 0 0 0 0 0 0 0 0 0 0 0 0 0 0 0 0 0 0 0 0 0 0 0 0 0 0 0 0 0 0 0 0 0 0 0 0 0 0 0
2002040508 0 0 0 0 0 0 0 0 0 0 0 0 0 0 0 0 0 0 0 0 0 0 0 0 0 0 0 0.1 0 0 0 0 0 0 0 0 0 0 0 0 0 0
2002040509 0 0 0 0 0 0 0 0 0 0 0 0 0 0 0 0 0 0 0 0 0 0 0 0 0 0 0 0 0 0 0 0 0 0 0 0 0 0 0 0 0 0
2002040510 0 0 0 0 0 0 0 0 0 0 0 0 0 0 0 0 0 0 0 0 0 0 0 0 0 0 0 0 0 0 0 0 0 0 0 0 0.1 0 0 0 0 0
2002040511 0 0 0 0 0 0 0 0 0 0 0 0 0 0 0 0 0 0 0 0 0 0 0 0 0 0 0 0 0 0 0 0 0 0 0 0 0 0 0 0 0 0
2002040512 0 0 0 0 0 0 0 0 0 0 0 0 0 0 0 0 0 0 0 0 0 0 0 0 0 0 0 0 0 0 0 0 0 0 0 0 0 0 0 0 0 0
2002040513 0 0 0 0 0 0 0 0 0 0 0 0 0 0 0 0 0 0 0 0 0 0 0 0 0 0 0 0 0 0 0 0 0 0 0 0 0 0 0 0 0 0
2002040514 0 0 0 0 0 0 0 0 0 0 0 0 0 0 0 0 0 0 0 0 0 0 0 0 0 0 0 0 0 0 0 0 0 0 0 0 0 0 0 0 0 0
2002040515 0 0 0 0 0 0 0 0 0 0 0 0 0 0 0 0 0 0 0 0 0 0 0 0 0 0 0 0 0 0 0 0 0 0 0 0 0 0 0 0 0 0
2002040516 0 0 0 0 0 0 0 0 0 0 0 0 0 0 0 0 0 0 0 0 0 0 0 0 0 0 0 0 0 0 0 0 0 0 0 0 0 0 0 0 0 0
2002040517 0 0 0 0 0 0 0 0 0 0 0 0 0 0 0 0 0 0 0 0 0 0 0 0 0 0 0 0 0 0 0 0 0 0 0 0 0 0 0 0 0 0
2002040518 0 0 0 0 0 0 0 0 0 0 0 0 0 0 0 0 0 0 0 0 0 0 0 0 0 0 0 0 0 0 0 0 0 0 0 0 0 0 0 0 0 0
2002040519 0 0 0 0 0 0 0 0 0 0 0 0 0 0 0 0 0 0 0 0 0 0 0 0 0 0 0 0 0 0 0 0 0 0 0 0 0 0 0 0 0 0
2002040520 0 0 0 0 0 0 0 0 0 0 0 0 0 0 0 0 0 0 0 0 0 0 0 0 0 0 0 0 0 0 0 0 0 0 0 0 0 0 0 0 0 0
2002040521 0 0 0 0 0 0 0 0 0 0 0 0 0 0 0 0 0 0 0 0 0 0 0 0 0 0 0 0 0 0 0 0 0 0 0 0 0 0 0 0 0 0
2002040522 0 0 0 0 0 0 0 0 0 0 0 0 0 0 0 0 0 0 0 0 0 0 0 0 0 0 0 0 0 0 0 0 0 0 0 0 0 0 0 0 0 0
2002040523 0 0 0 0 0 0 0 0 0 0 0 0 0 0 0 0 0 0 0 0 0 0 0 0 0 0 0 0 0 0 0 0 0 0 0 0 0 0 0 0 0 0
2002040600 0 0 0 0 0 0 0 0 0 0 0 0 0 0 0 0 0 0 0 0 0 0 0 0 0 0 0 0 0 0 0 0 0 0 0 0 0 0 0 0 0 0
2002040601 0 0 0 0 0 0 0 0 0 0 0 0 0 0 0 0 0 0 0 0 0 0 0 0 0 0 0 0 0 0 0 0 0 0 0 0 0 0 0 0 0 0
2002040602 0 0 0 0 0 0 0 0 0 0 0 0 0 0 0 0 0 0 0 0 0 0 0 0 0 0 0 0 0 0 0 0 0 0 0 0 0 0 0 0 0 0
2002040603 0 0 0 0 0 0 0 0 0 0 0 0 0 0 0 0 0 0 0 0 0 0 0 0 0 0 0 0 0 0 0 0 0 0 0 0 0 0 0 0 0 0
2002040604 0 0 0 0 0 0 0 0 0 0 0 0 0 0 0 0 0 0 0 0 0 0 0 0 0 0 0 0 0 0 0 0 0 0 0 0 0 0 0 0 0 0
2002040605 0 0 0 0 0 0 0 0 0 0 0 0 0 0 0 0 0 0 0 0 0 0 0 0 0 0 0 0 0 0 0 0 0 0 0 0 0 0 0 0 0 0
2002040606 0 0 0 0 0 0 0 0 0 0 0 0 0 0 0 0 0 0 0 0 0 0 0 0 0 0 0 0 0 0 0 0 0 0 0 0 0 0 0 0 0 0
2002040607 0 0 0 0 0 0 0 0 0 0 0 0 0 0 0 0 0 0 0 0 0 0 0 0 0 0 0 0 0 0 0 0 0 0 0 0 0 0 0 0 0 0
2002040608 0 0 0 0 0 0 0 0 0 0 0 0 0 0 0 0 0 0 0 0 0 0 0 0 0 0 0 0 0 0 0 0 0 0 0 0 0 0 0 0 0 0
2002040609 0 0 0 0 0 0 0 0 0 0 0 0 0 0 0 0 0 0 0 0 0 0 0 0 0 0 0 0 0 0 0 0 0 0 0 0 0 0 0 0 0 0
2002040610 0 0 0 0 0 0 0 0 0 0 0 0 0 0 0 0 0 0 0 0 0 0 0 0 0 0 0 0 0 0 0 0 0 0 0 0 0 0 0 0 0 0
2002040611 0 0 0 0 0 0 0 0 0 0 0 0 0 0 0 0 0 0 0 0 0 0 0 0 0 0 0 0 0 0 0 0 0 0 0 0 0 0 0 0 0 0
2002040612 0 0 0 0 0 0 0 0 0 0 0 0 0 0 0 0 0 0 0 0 0 0 0 0 0 0 0 0 0 0 0 0 0 0 0 0 0 0 0 0 0 0
2002040613 0 0 0 0 0 0 0 0 0 0 0 0 0 0 0 0 0 0 0 0 0 0 0 0 0 0 0 0 0 0 0 0 0 0 0 0 0 0 0 0 0 0
2002040614 0 0 0 0 0 0 0 0 0 0 0 0 0 0 0 0 0 0 0 0 0 0 0 0 0 0 0 0 0 0 0 0 0 0 0 0 0 0 0 0 0 0
2002040615 0 0 0 0 0 0 0 0 0 0 0 0 0 0 0 0 0 0 0 0 0 0 0 0 0 0 0 0 0 0 0 0 0 0 0 0 0 0 0 0 0 0
2002040616 0 0 0 0 0 0 0 0 0 0 0 0 0 0 0 0 0 0 0 0 0 0 0 0 0 0 0 0 0 0 0 0 0 0 0 0 0 0 0 0 0 0
2002040617 0 0 0 0 0 0 0 0 0 0 0 0 0 0 0 0 0 0 0 0 0 0 0 0 0 0 0 0 0 0 0 0 0 0 0 0 0 0 0 0 0 0
2002040618 0 0 0 0 0 0 0 0 0 0 0 0 0 0 0 0 0 0 0 0 0 0 0 0 0 0 0 0 0 0 0 0 0 0 0 0 0 0 0 0 0 0
2002040619 0 0 0 0 0 0 0 0 0 0 0 0 0 0 0 0 0 0 0 0 0 0 0 0 0 0 0 0 0 0 0 0 0 0 0 0 0 0 0 0 0 0
2002040620 0 0 0 0 0 0 0 0 0 0 0 0 0 0 0 0 0 0 0 0 0 0 0 0 0 0 0 0 0 0 0 0 0 0 0 0 0 0 0 0 0 0
2002040621 0 0 0 0 0 0 0 0 0 0 0 0 0 0 0 0 0 0 0 0 0 0 0 0 0 0 0 0 0 0 0 0 0 0 0 0 0 0 0 0 0 0
2002040622 0 0 0 0 0 0 0 0 0 0 0 0 0 0 0 0 0 0 0 0 0 0 0 0 0 0 0 0 0 0 0 0 0 0 0 0 0 0 0 0 0 0
2002040623 0 0 0 0 0 0 0 0 0 0 0 0 0 0 0 0 0 0 0 0 0 0 0 0 0 0 0 0 0 0 0 0 0 0 0 0 0 0 0 0 0 0
2002040700 0 0 0 0 0 0 0 0 0 0 0 0 0 0 0 0 0 0 0 0 0 0 0 0 0 0 0 0 0 0 0 0 0 0 0 0 0 0 0 0 0 0
2002040701 0 0 0 0 0 0 0 0 0 0 0 0 0 0 0 0 0 0 0 0 0 0 0 0 0 0 0 0 0 0 0 0 0 0 0 0 0 0 0 0 0 0
2002040702 0 0 0 0 0 0 0 0 0 0 0 0 0 0 0 0 0 0 0 0 0 0 0 0 0 0 0 0 0 0 0 0 0 0 0 0 0 0 0 0 0 0
2002040703 0 0 0 0 0 0 0 0 0 0 0 0 0 0 0 0 0 0 0 0 0 0 0 0 0 0 0 0 0 0 0 0 0 0 0 0 0 0 0 0 0 0
2002040704 0 0 0 0 0 0 0 0 0 0 0 0 0 0 0 0 0 0 0 0 0 0 0 0 0 0 0 0 0 0 0 0 0 0 0 0 0 0 0 0 0 0
2002040705 0 0 0 0 0 0 0 0 0 0 0 0 0 0 0 0 0 0 0 0 0 0 0 0 0 0 0 0 0 0 0 0 0 0 0 0 0 0 0 0 0 0
2002040706 0 0 0 0 0 0 0 0 0 0 0 0 0 0 0 0 0 0 0 0 0 0 0 0 0 0 0 0 0 0 0 0 0 0 0 0 0 0 0 0 0 0
2002040707 0 0 0 0 0 0 0 0 0 0 0 0 0 0 0 0 0 0 0 0 0 0 0 0 0 0 0 0 0 0 0 0 0 0 0 0 0 0 0 0 0 0
2002040708 0 0 0 0 0 0 0 0 0 0 0 0 0 0 0 0 0 0 0 0 0 0 0 0 0 0 0 0 0 0 0 0 0 0 0 0 0 0 0 0 0 0
2002040709 0 0 0 0 0 0 0 0 0 0 0 0 0 0 0 0 0 0 0 0 0 0 0 0 0 0 0 0 0 0 0 0 0 0 0 0 0 0 0 0 0 0
2002040710 0 0 0 0 0 0 0 0 0 0 0 0 0 0 0 0 0 0 0 0 0 0 0 0 0 0 0 0 0 0 0 0 0 0 0 0 0 0 0 0 0 0
2002040711 0 0 0 0 0 0 0 0 0 0 0 0 0 0 0 0 0 0 0 0 0 0 0 0 0 0 0 0 0 0 0 0 0 0 0 0 0 0 0 0 0 0
2002040712 0 0 0 0 0 0 0 0 0 0 0 0 0 0 0 0 0 0 0 0 0 0 0 0 0 0 0 0 0 0 0 0 0 0 0 0 0 0 0 0 0 0
2002040713 0 0 0 0 0 0 0 0 0 0 0 0 0 0 0 0 0 0 0 0 0 0 0 0 0 0 0 0 0 0 0 0 0 0 0 0 0 0 0 0 0 0
2002040714 0 0 0 0 0 0 0 0 0 0 0 0 0 0 0 0 0 0 0 0 0 0 0 0 0 0 0 0 0 0 0 0 0 0 0 0 0 0 0 0 0 0
2002040715 0 0 0 0 0 0 0 0 0 0 0 0 0 0 0 0 0 0 0 0 0 0 0 0 0 0 0 0 0 0 0 0 0 0 0 0 0 0 0 0 0 0
2002040716 0 0 0 0 0 0 0 0 0 0 0 0 0 0 0 0 0 0 0 0 0 0 0 0 0 0 0 0 0 0 0 0 0 0 0 0 0 0 0 0 0 0
2002040717 0 0 0 0 0 0 0 0 0 0 0 0 0 0 0 0 0 0 0 0 0 0 0 0 0 0 0 0 0 0 0 0 0 0 0 0 0 0 0 0 0 0
2002040718 0 0 0 0 0 0 0 0 0 0 0 0 0 0 0 0 0 0 0 0 0 0 0 0 0 0 0 0 0 0 0 0 0 0 0 0 0 0 0 0 0 0
2002040719 0 0 0 0 0 0 0 0 0 0 0 0 0 0 0 0 0 0 0 0 0 0 0 0 0 0 0 0 0 0 0 0 0 0 0 0 0 0 0 0 0 0
2002040720 0 0 0 0 0 0 0 0 0 0 0 0 0 0 0 0 0 0 0 0 0 0 0 0 0 0 0 0 0 0 0 0 0 0 0 0 0 0 0 0 0 0
2002040721 0 0 0 0 0 0 0 0 0 0 0 0 0 0 0 0 0 0 0 0 0 0 0 0 0 0 0 0 0 0 0 0 0 0 0 0 0 0 0 0 0 0
2002040722 0 0 0 0 0 0 0 0 0 0 0 0 0 0 0 0 0 0 0 0 0 0 0 0 0 0 0 0 0 0 0 0 0 0 0 0 0 0 0 0 0 0
2002040723 0 0 0 0 0 0 0 0 0 0 0 0 0 0 0 0 0 0 0 0 0 0 0 0 0 0 0 0 0 0 0 0 0 0 0 0 0 0 0 0 0 0
2002040800 0 0 0 0 0 0 0 0 0 0 0 0 0 0 0 0 0 0 0 0 0 0 0 0 0 0 0 0 0 0 0 0 0 0 0 0 0 0 0 0 0 0
2002040801 0 0 0 0 0 0 0 0 0 0 0 0 0 0 0 0 0 0 0 0 0 0 0 0 0 0 0 0 0 0 0 0 0 0 0 0 0 0 0 0 0 0
2002040802 0 0 0 0 0 0 0 0 0 0 0 0 0 0 0 0 0 0 0 0 0 0 0 0 0 0 0 0 0 0 0 0 0 0 0 0 0 0 0 0 0 0
2002040803 0 0 0 0 0 0 0 0 0 0 0 0 0 0 0 0 0 0 0 0 0 0 0 0 0 0 0 0 0 0 0 0 0 0 0 0 0 0 0 0 0 0
2002040804 0 0 0 0 0 0 0 0 0 0 0 0 0 0 0 0 0 0 0 0 0 0 0 0 0 0 0 0 0 0 0 0 0 0 0 0 0 0 0 0 0 0
2002040805 0 0 0 0 0 0 0 0 0 0 0 0 0 0 0 0 0 0 0 0 0 0 0 0 0 0 0 0 0 0 0 0 0 0 0 0 0 0 0 0 0 0
2002040806 0 0 0 0 0 0 0 0 0 0 0 0.1 0 0 0.1 0 0 0 0 0.1 0 0 0 0.1 0.1 0 0 0 0 0 0 0 0 0 0 0 0 0 0 0 0 0
2002040807 0 0 0 0 0 0 0 0 0 0 0 0 0 0 0 0 0 0 0 0 0 0 0 0 0 0 0 0 0 0 0 0 0 0 0 0 0 0 0 0 0 0
2002040808 0 0 0 0 0 0 0 0 0 0 0 0 0 0 0 0 0 0 0 0 0 0 0 0 0 0 0 0 0 0 0 0 0 0 0 0 0 0 0 0 0 0
2002040809 0 0 0 0 0 0 0 0 0 0 0 0 0 0 0 0 0 0 0 0 0 0 0 0 0 0 0 0 0 0 0 0 0 0 0 0 0 0 0 0 0 0
2002040810 0 0 0 0 0 0 0 0 0 0 0 0 0 0 0 0 0 0 0 0 0 0 0 0 0 0 0 0 0 0 0 0 0 0 0 0 0 0 0 0 0 0
2002040811 0 0 0 0 0 0 0 0 0 0 0 0 0 0 0 0 0 0 0 0 0 0 0 0 0 0 0 0 0 0 0 0 0 0 0 0 0 0 0 0 0 0
2002040812 0 0 0 0 0 0 0 0 0 0 0 0 0 0 0 0 0 0 0 0 0 0 0 0 0 0 0 0 0 0 0 0 0 0 0 0 0 0 0 0 0 0
2002040813 0 0 0 0 0 0 0 0 0 0 0 0 0 0 0 0 0 0 0 0 0 0 0 0 0 0 0 0 0 0 0 0 0 0 0 0 0 0 0 0 0 0
2002040814 0 0 0 0 0 0 0 0 0 0 0 0 0 0 0 0 0 0 0 0 0 0 0 0 0 0 0 0 0 0 0 0 0 0 0 0 0 0 0 0 0 0
2002040815 0 0 0 0 0 0 0 0 0 0 0 0 0 0 0 0 0 0 0 0 0 0 0 0 0 0 0 0 0 0 0 0 0 0 0 0 0 0 0 0 0 0
2002040816 0 0 0 0 0 0 0 0 0 0 0 0 0 0 0 0 0 0 0 0 0 0 0 0 0 0 0 0 0 0 0 0 0 0 0 0 0 0 0 0 0 0
2002040817 0 0 0 0 0 0 0 0 0 0 0 0 0 0 0 0 0 0 0 0 0 0 0 0 0 0 0 0 0 0 0 0 0 0 0 0 0 0 0 0 0 0
2002040818 0 0 0 0 0 0 0 0 0 0 0 0 0 0 0 0 0 0 0 0 0 0 0 0 0 0 0 0 0 0 0 0 0 0 0 0 0 0 0 0 0 0
2002040819 0 0 0 0 0 0 0 0 0 0 0 0 0 0 0 0 0 0 0 0 0 0 0 0 0 0 0 0 0 0 0 0 0 0 0 0 0 0 0 0 0 0
2002040820 0 0 0 0 0 0 0 0 0 0 0 0 0 0 0 0 0 0 0 0 0 0 0 0 0 0 0 0 0 0 0 0 0 0 0 0 0 0 0 0 0 0
2002040821 0 0 0 0 0 0 0 0 0 0 0 0 0 0 0 0 0 0 0 0 0 0 0 0 0 0 0 0 0 0 0 0 0 0 0 0 0 0 0 0 0 0
2002040822 0 0 0 0 0 0 0 0 0 0 0 0 0 0 0 0 0 0 0 0 0 0 0 0 0 0 0 0 0 0 0 0 0 0 0 0 0 0 0 0 0 0
2002040823 0 0 0 0 0 0 0 0 0 0 0 0 0 0 0 0 0 0 0 0 0 0 0 0 0 0 0 0 0 0 0 0 0 0 0 0 0 0 0 0 0 0
2002040900 0 0 0 0 0 0 0 0 0 0 0 0 0 0 0 0 0 0 0 0 0 0 0 0 0 0 0 0 0 0 0 0 0 0 0 0 0 0 0 0 0 0
2002040901 0 0 0 0 0 0 0 0 0 0 0 0 0 0 0 0 0 0 0 0 0 0 0 0 0 0 0 0 0 0 0 0 0 0 0 0 0 0 0 0 0 0
2002040902 0 0 0 0 0 0 0 0 0 0 0 0 0 0 0 0 0 0 0 0 0 0 0 0 0 0 0 0 0 0 0 0 0 0 0 0 0 0 0 0 0 0
2002040903 0 0 0 0 0 0 0 0 0 0 0 0 0 0 0 0 0 0 0 0 0 0 0 0 0 0 0 0 0 0 0 0 0 0 0 0 0 0 0 0 0 0
2002040904 0 0 0 0 0 0 0 0 0 0 0 0 0 0 0 0 0 0 0 0 0 0 0 0 0 0 0 0 0 0 0 0 0 0 0 0 0 0 0 0 0 0
2002040905 0 0 0 0 0 0 0 0 0 0 0 0 0 0 0 0 0 0 0 0 0 0 0 0 0 0 0 0 0 0 0 0 0 0 0 0 0 0 0 0 0 0
2002040906 0 0 0 0 0 0 0 0 0 0 0 0 0 0 0.1 0 0 0 0 0 0 0 0 0 0.1 0 0 0 0 0 0 0 0 0 0 0 0 0 0 0 0 0
2002040907 0 0 0 0 0 0 0 0 0 0 0 0 0 0 0 0 0 0 0 0 0 0 0 0 0 0 0 0 0 0 0 0 0 0 0 0 0 0 0 0 0 0
2002040908 0 0 0 0 0 0 0 0 0 0 0 0 0 0 0 0 0 0 0 0 0 0 0 0 0 0 0 0 0 0 0 0 0 0 0 0 0 0 0 0 0 0
2002040909 0 0 0 0 0 0 0 0 0 0 0 0 0 0 0 0 0 0 0 0 0 0 0 0 0 0 0 0 0 0 0 0 0 0 0 0 0 0 0 0 0 0
2002040910 0 0 0 0 0 0 0 0 0 0 0 0 0 0 0 0 0 0 0 0 0 0 0 0 0 0 0 0 0 0 0 0 0 0 0 0 0 0 0 0 0 0
2002040911 0 0 0 0 0 0 0 0 0 0 0 0 0 0 0 0 0 0 0 0 0 0 0 0 0 0 0 0 0 0 0 0 0 0 0 0 0 0 0 0 0 0
2002040912 0 0 0 0 0 0 0 0 0 0 0 0 0 0 0 0 0 0 0 0 0 0 0 0 0 0 0 0 0 0 0 0 0 0 0 0 0 0 0 0 0 0
2002040913 0 0 0 0 0 0 0 0 0 0 0 0 0 0 0 0 0 0 0 0 0 0 0 0 0 0 0 0 0 0 0 0 0 0 0 0 0 0 0 0 0 0
2002040914 0 0 0 0 0 0 0 0 0 0 0 0 0 0 0 0 0 0 0 0 0 0 0 0 0 0 0 0 0 0 0 0 0 0 0 0 0 0 0 0 0 0
2002040915 0 0 0 0 0 0 0 0 0 0 0 0 0 0 0 0 0 0 0 0 0 0 0 0 0 0 0 0 0 0 0 0 0 0 0 0 0 0 0 0 0 0
2002040916 0 0 0 0 0 0 0 0 0 0 0 0 0 0 0 0 0 0 0 0 0 0 0 0 0 0 0 0 0 0 0 0 0 0 0 0 0 0 0 0 0 0
2002040917 0 0 0 0 0 0 0 0 0 0 0 0 0 0 0 0 0 0 0 0 0 0 0 0 0 0 0 0 0 0 0 0 0 0 0 0 0 0 0 0 0 0
2002040918 0 0 0 0 0 0 0 0 0 0 0 0 0 0 0 0 0 0 0 0 0 0 0 0 0 0 0 0 0 0 0 0 0 0 0 0 0 0 0 0 0 0
2002040919 0 0 0 0 0 0 0 0 0 0 0 0 0 0 0 0 0 0 0 0 0 0 0 0 0 0 0 0 0 0 0 0 0 0 0 0 0 0 0 0 0 0
2002040920 0 0 0 0 0 0 0 0 0 0 0 0 0 0 0 0 0 0 0 0 0 0 0 0 0 0 0 0 0 0 0 0 0 0 0 0 0 0 0 0 0 0
2002040921 0 0 0 0 0 0 0 0 0 0 0 0 0 0 0 0 0 0 0 0 0 0 0 0 0 0 0 0 0 0 0 0 0 0 0 0 0 0 0 0 0 0
2002040922 0 0 0 0 0 0 0 0 0 0 0 0 0 0 0 0 0 0 0 0 0 0 0 0 0 0 0 0 0 0 0 0 0 0 0 0 0 0 0 0 0 0
2002040923 0 0 0 0 0 0 0 0 0 0 0 0 0 0 0 0 0 0 0 0 0 0 0 0 0 0 0 0 0 0 0 0 0 0 0 0 0 0 0 0 0 0
2002041000 0 0 0 0 0 0 0 0 0 0 0 0 0 0 0 0 0 0 0 0 0 0 0 0 0 0 0 0 0 0 0 0 0 0 0 0 0 0 0 0 0 0
2002041001 0 0 0 0 0 0 0 0 0 0 0 0 0 0 0 0 0 0 0 0 0 0 0 0 0 0 0 0 0 0 0 0 0 0 0 0 0 0 0 0 0 0
2002041002 0 0 0 0 0 0 0 0 0 0 0 0 0 0 0 0 0 0 0 0 0 0 0 0 0 0 0 0 0 0 0 0 0 0 0 0 0 0 0 0 0 0
2002041003 0 0 0 0 0 0 0 0 0 0 0 0 0 0 0 0 0 0 0 0 0 0 0 0 0 0 0 0 0 0 0 0 0 0 0 0 0 0 0 0 0 0
2002041004 0 0 0 0 0 0 0 0 0 0 0 0 0 0 0 0 0 0 0 0 0 0 0 0 0 0 0 0 0 0 0 0 0 0 0 0 0 0 0 0 0 0
2002041005 0 0 0 0 0 0 0 0 0 0 0 0 0 0 0 0 0 0 0 0 0 0 0 0 0 0 0 0 0 0 0 0 0 0 0 0 0 0 0 0 0 0
2002041006 0 0 0 0 0 0 0 0 0 0 0 0 0 0 0 0 0 0 0 0.1 0 0 0 0 0 0 0 0 0 0 0 0 0 0 0 0 0 0 0 0 0 0
2002041007 0 0 0 0 0 0 0 0 0 0 0 0 0 0 0 0 0 0 0 0 0 0 0 0 0 0 0 0 0 0 0 0 0 0 0 0 0 0 0 0 0 0
2002041008 0 0 0 0 0 0 0 0 0 0 0 0 0 0 0 0 0 0 0 0 0 0 0 0 0 0 0 0 0 0 0 0 0 0 0 0 0 0 0 0 0 0
2002041009 0 0 0 0 0 0 0 0 0 0 0 0 0 0 0 0 0 0 0 0 0 0 0 0 0 0 0 0 0 0 0 0 0 0 0 0 0 0 0 0 0 0
2002041010 0 0 0 0 0 0 0 0 0 0 0 0 0 0 0 0 0 0 0 0 0 0 0 0 0 0 0 0 0 0 0 0 0 0 0 0 0 0 0 0 0 0
2002041011 0 0 0 0 0 0 0 0 0 0 0 0 0 0 0 0 0 0 0 0 0 0 0 0 0 0 0 0 0 0 0 0 0 0 0 0 0 0 0 0 0 0
2002041012 0 0 0 0 0 0 0 0 0 0 0 0 0 0 0 0 0 0 0 0 0 0 0 0 0 0 0 0 0 0 0 0 0 0 0 0 0 0 0 0 0 0
2002041013 0 0 0 0 0 0 0 0 0 0 0 0 0 0 0 0 0 0 0 0 0 0 0 0 0 0 0 0 0 0 0 0 0 0 0 0 0 0 0 0 0 0
2002041014 0 0 0 0 0 0 0 0 0 0 0 0 0 0 0 0 0 0 0 0 0 0 0 0 0 0 0 0 0 0 0 0 0 0 0 0 0 0 0 0 0 0
2002041015 0 0 0 0 0 0 0 0 0 0 0 0 0 0 0 0 0 0 0 0 0 0 0 0 0 0 0 0 0 0 0 0 0 0 0 0 0 0 0 0 0 0
2002041016 0 0 0 0 0 0 0 0 0 0 0 0 0 0 0 0 0 0 0 0 0 0 0 0 0 0 0 0 0 0 0 0 0 0 0 0 0 0 0 0 0 0
2002041017 0 0 0 0 0 0 0 0 0 0 0 0 0 0 0 0 0 0 0 0 0 0 0 0 0 0 0 0 0 0 0 0 0 0 0 0 0 0 0 0 0 0
2002041018 0 0 0 0 0 0 0 0 0 0 0 0 0 0 0 0 0 0 0 0 0 0 0 0 0 0 0 0 0 0 0 0 0 0 0 0 0 0 0 0 0 0
2002041019 0 0 0 0 0 0 0 0 0 0 0 0 0 0 0 0 0 0 0 0 0 0 0 0 0 0 0 0 0 0 0 0 0 0 0 0 0 0 0 0 0 0
2002041020 0 0 0 0 0 0 0 0 0 0 0 0 0 0 0 0 0 0 0 0 0 0 0 0 0 0 0 0 0 0 0 0 0 0 0 0 0 0 0 0 0 0
2002041021 0 0 0 0 0 0 0 0 0 0 0 0 0 0 0 0 0 0 0 0 0 0 0 0 0 0 0 0 0 0 0 0 0 0 0 0 0 0 0 0 0 0
2002041022 0 0 0 0 0 0 0 0 0 0 0 0 0 0 0 0 0 0 0 0 0 0 0 0 0 0 0 0 0 0 0 0 0 0 0 0 0 0 0 0 0 0
2002041023 0 0 0 0 0 0 0 0 0 0 0 0 0 0 0 0 0 0 0 0 0 0 0 0 0 0 0 0 0 0 0 0 0 0 0 0 0 0 0 0 0 0
2002041100 0 0 0 0 0 0 0 0 0 0 0 0 0 0 0 0 0 0 0 0 0 0 0 0 0 0 0 0 0 0 0 0 0 0 0 0 0 0 0 0 0 0
2002041101 0 0 0 0 0 0 0 0 0 0 0 0 0 0 0 0 0 0 0 0 0 0 0 0 0 0 0 0 0 0 0 0 0 0 0 0 0 0 0 0 0 0
2002041102 0 0 0 0 0 0 0 0 0 0 0 0 0 0 0 0 0 0 0 0 0 0 0 0 0 0 0 0 0 0 0 0 0 0 0 0 0 0 0 0 0 0
2002041103 0 0 0 0 0 0 0 0 0 0 0 0 0 0 0 0 0 0 0 0 0 0 0 0 0 0 0 0 0 0 0 0 0 0 0 0 0 0 0 0 0 0
2002041104 0 0 0 0 0 0 0 0 0 0 0 0 0 0 0 0 0 0 0 0 0 0 0 0 0 0 0 0 0 0 0 0 0 0 0 0 0 0 0 0 0 0
2002041105 0 0 0 0 0 0 0 0 0 0 0 0 0 0 0 0 0 0 0 0 0 0 0 0 0 0 0 0 0 0 0 0 0 0 0 0 0 0 0 0 0 0
2002041106 0 0 0 0 0 0 0 0 0 0 0 0 0 0 0 0 0 0 0 0 0 0 0 0 0 0 0 0 0 0 0 0 0 0 0 0 0 0 0 0 0 0
2002041107 0 0 0 0 0 0 0 0 0 0 0 0 0 0 0 0 0 0 0 0 0 0 0 0 0 0 0 0 0 0 0 0 0 0 0 0 0 0 0 0 0 0
2002041108 0 0 0 0 0 0 0 0 0 0 0 0 0 0 0 0 0 0 0 0 0 0 0 0 0 0 0 0 0 0 0 0 0 0 0 0 0 0 0 0 0 0
2002041109 0 0 0 0 0 0 0 0 0 0 0 0 0 0 0 0 0 0 0 0 0 0 0 0 0 0 0 0 0 0 0 0 0 0 0 0 0 0 0 0 0 0
2002041110 0 0 0.2 0 0 0 0 0 0 0 0 0 0 0 0 0 0 0 0 0 0 0 0 0 0 0 0 0 0 0 0 0 0 0 0 0 0 0 0 0 0 0
2002041111 0.1 0 0 0 0 0 0 0 0 0 0 0 0 0 0 0 0 0 0 0 0 0 0 0 0 0 0 0 0 0 0 0 0 0 0 0 0 0 0 0 0 0
2002041112 0 0 0 0 0 0 0 0 0 0 0 0 0 0 0 0 0 0 0 0 0 0 0 0 0 0 0 0 0 0 0 0 0 0 0 0 0 0 0 0 0 0
2002041113 0 0 0 0 0 0 0 0 0 0 0 0 0 0 0 0 0 0 0 0 0 0 0 0 0 0 0 0 0 0 0 0 0 0 0 0 0 0 0 0 0 0
2002041114 0 0 0 0 0 0 0 0 0 0 0 0 0 0 0 0 0 0 0 0 0 0 0 0 0 0 0 0 0 0 0 0 0 0 0 0 0 0 0 0 0 0
2002041115 0 0 0 0 0 0 0 0 0 0 0 0 0 0 0 0 0 0 0 0 0 0 0 0 0 0 0 0 0 0 0 0 0 0 0 0 0 0 0 0 0 0
2002041116 0 0 0 0 0 0 0 0 0 0 0 0 0 0 0 0 0 0 0 0 0 0 0 0 0 0 0 0 0 0 0 0 0 0 0 0 0 0 0 0 0 0
2002041117 0 0 0 0 0 0 0 0 0 0 0 0 0 0 0 0 0 0 0 0 0 0 0 0 0 0 0 0 0 0 0 0 0 0 0 0 0 0 0 0 0 0
2002041118 0 0 0 0 0 0 0 0 0 0 0 0 0 0 0 0 0 0 0 0 0 0 0 0 0 0 0 0 0 0 0 0 0 0 0 0 0 0 0 0 0 0
2002041119 0 0 0 0 0 0 0 0 0 0 0 0 0 0 0 0 0 0 0 0 0 0 0 0 0 0 0 0 0 0 0 0 0 0 0 0 0 0 0 0 0 0
2002041120 0 0 0 0 0 0 0 0 0 0 0 0 0 0 0 0 0 0 0 0 0 0 0 0 0 0 0 0 0 0 0 0 0 0 0 0 0 0 0 0 0 0
2002041121 0 0 0 0 0 0 0 0 0 0 0 0 0 0 0 0 0 0 0 0 0 0 0 0 0 0 0 0 0 0 0 0 0 0 0 0 0 0 0 0 0 0
2002041122 0 0 0 0 0 0 0 0 0 0 0 0 0 0 0 0 0 0 0 0 0 0 0 0 0 0 0 0 0 0 0 0 0 0 0 0 0 0 0 0 0 0
2002041123 0 0 0 0 0 0 0 0 0 0 0 0 0 0 0 0 0 0 0 0 0 0 0 0 0 0 0 0 0 0 0 0 0 0 0 0 0 0 0 0 0 0
2002041200 0 0 0 0 0 0 0 0 0 0 0 0 0 0 0 0 0 0 0 0 0 0 0 0 0 0 0 0 0 0 0 0 0 0 0 0 0 0 0 0 0 0
2002041201 0 0 0 0 0 0 0 0 0 0 0 0 0 0 0 0 0 0 0 0 0 0 0 0 0 0 0 0 0 0 0 0 0 0 0 0 0 0 0 0 0 0
2002041202 0 0 0 0 0 0 0 0 0 0 0 0 0 0 0 0 0 0 0 0 0 0 0 0 0 0 0 0 0 0 0 0 0 0 0 0 0 0 0 0 0 0
2002041203 0 0 0 0 0 0 0 0 0 0 0 0 0 0 0 0 0 0 0 0 0 0 0 0 0 0 0 0 0 0 0 0 0 0 0 0 0 0 0 0 0 0
2002041204 0 0 0 0 0 0 0 0 0 0 0 0 0 0 0 0 0 0 0 0 0 0 0 0 0 0 0 0 0 0 0 0 0 0 0 0 0 0 0 0 0 0
2002041205 0 0 0 0 0 0 0 0 0 0 0 0 0 0 0 0 0 0 0 0 0 0 0 0 0 0 0 0 0 0 0 0 0 0 0 0 0 0 0 0 0 0
2002041206 0 0 0 0 0.1 0 0 0 0 0 0 0 0 0 0.1 0 0 0 0 0.1 0 0 0 0 0.1 0 0 0 0.1 0 0 0 0 0 0 0 0.1 0 0 0 0 0
2002041207 0 0 0 0 0 0 0 0 0 0 0 0 0 0 0 0 0 0 0 0 0 0 0 0 0 0 0 0 0 0 0 0 0 0 0 0 0 0 0 0 0 0
2002041208 0 0 0 0 0 0 0 0 0 0 0 0 0 0 0 0 0 0 0 0 0 0 0 0 0 0 0 0 0 0 0 0 0 0 0 0 0 0 0 0 0 0
2002041209 0 0 0 0 0 0 0 0 0 0 0 0 0 0 0 0 0 0 0 0 0 0 0 0 0 0 0 0 0 0 0 0 0 0 0 0 0 0 0 0 0 0
2002041210 0 0 0 0 0 0 0 0 0 0 0 0 0 0 0 0 0 0 0 0 0 0 0 0 0 0 0 0 0 0 0 0 0 0 0 0 0 0 0 0 0 0
2002041211 0 0 0 0 0 0 0 0 0 0 0 0 0 0 0 0 0 0 0 0 0 0 0 0 0 0 0 0 0 0 0 0 0 0 0 0 0 0 0 0 0 0
2002041212 0 0 0 0 0.7 0 0 0 0 0 0 0 0 0 0 0 0 0 0 0 0 0 0 0 0 0 0 0 0 0 0 0 0 0 0 0 0 0 0 0 0 0
2002041213 0 0 0 0 0.1 0 0 0 0 0 0 0 0 0 0 0 0 0 0 0 0 0 0 0 0 0 0 0 0 0 0 0 0 0 0 0 0 0 0 0 0 0
2002041214 0 0 0 0 0 0 0 0 0 0 0 0 0 0 0 0 0 0 0 0 0 0 0 0 0 0 0 0 0 0 0 0 0 0 0 0 0 0 0 0 0 0
2002041215 0 0 0 0 0 0 0 0 0 0 0 0 0 0 0 0 0 0 0 0 0 0 0 0 0 0 0 0 0 0 0 0 0 0 0 0 0 0 0 0 0 0
2002041216 0 0 0 0 0 0 0 0 0 0 0 0 0 0 0 0 0 0 0 0 0 0 0 0 0 0 0 0 0 0 0 0 0 0 0 0 0 0 0 0 0 0
2002041217 0 0 0 0 0 0 0 0 0 0 0 0 0 0 0 0 0 0 0 0 0 0 0 0 0 0 0 0 0 0 0 0 0 0 0 0 0 0 0 0 0 0
2002041218 0 0 0 0 0 0 0 0 0 0 0 0 0 0 0 0 0 0 0 0 0 0 0 0 0 0 0 0 0 0 0 0 0 0 0 0 0 0 0 0 0 0
2002041219 0 0 0 0 0 0 0 0 0 0 0 0 0 0 0 0 0 0 0 0 0 0 0 0 0 0 0 0 0 0 0 0 0 0 0 0 0 0 0 0 0 0
2002041220 0 0 0 0 0 0 0 0 0 0 0 0 0 0 0 0 0 0 0 0 0 0 0 0 0 0 0 0 0 0 0 0 0 0 0 0 0 0 0 0 0 0
2002041221 0 0 0 0 0 0 0 0 0 0 0 0 0 0 0 0 0 0 0 0 0 0 0 0 0 0 0 0 0 0 0 0 0 0 0 0 0 0 0 0 0 0
2002041222 0 0 0 0 0 0 0 0 0 0 0 0 0 0 0 0 0 0 0 0 0 0 0 0 0 0 0 0 0 0 0 0 0 0 0 0 0 0 0 0 0 0
2002041223 0 0 0 0 0 0 0 0 0 0 0 0 0 0 0 0 0 0 0 0 0 0 0 0 0 0 0 0 0 0 0 0 0 0 0 0 0 0 0 0 0 0
2002041300 0 0 0 0 0 0 0 0 0 0 0 0 0 0 0 0 0 0 0 0 0 0 0 0 0 0 0 0 0 0 0 0 0 0 0 0 0 0 0 0 0 0
2002041301 0 0 0 0 0 0 0 0 0 0 0 0 0 0 0 0 0 0 0 0 0 0 0 0 0 0 0 0 0 0 0 0 0 0 0 0 0 0 0 0 0 0
2002041302 0 0 0 0 0 0 0 0 0 0 0 0 0 0 0 0 0 0 0 0 0 0 0 0 0 0 0 0 0 0 0 0 0 0 0 0 0 0 0 0 0 0
2002041303 0 0 0 0 0 0 0 0 0 0 0 0 0 0 0 0 0 0 0 0 0 0 0 0 0 0 0 0 0 0 0 0 0 0 0 0 0 0 0 0 0 0
2002041304 0 0 0 0 0 0 0 0 0 0 0 0 0 0 0 0 0 0 0 0 0 0 0 0 0 0 0 0 0 0 0 0 0 0 0 0 0 0 0 0 0 0
2002041305 0 0 0 0 0 0 0 0 0 0 0 0 0 0 0 0 0 0 0 0 0 0 0 0 0 0 0 0 0 0 0 0 0 0 0 0 0 0 0 0 0 0
2002041306 0 0 0 0 0 0 0 0 0 0 0 0 0 0 0 0 0 0 0 0 0 0 0 0 0 0 0 0 0 0 0 0 0 0 0 0 0 0 0 0 0 0
2002041307 0 0 0 0 0 0 0 0 0 0 0 0 0 0 0 0 0 0 0 0 0 0 0 0 0 0 0 0 0 0 0 0 0 0 0 0 0 0 0 0 0 0
2002041308 0 0 0 0 0.1 0 0 0 0 0 0 0 0 0 0 0 0 0 0 0 0 0 0 0 0 0 0 0 0 0 0 0 0 0 0 0 0 0 0 0 0 0
2002041309 0.1 0 0.2 0 0 0 0.2 0 0 0 0 0 0 0 0 0 0 0 0 0 0 0 0 0 0 0 0 0 0 0 0 0 0 0 0 0 0 0 0 0 0 0
2002041310 0.1 0 0.1 0 0.1 0.3 0.1 0 0 0 0 0 0 0 0 0 0 0 0 0 0 0 0 0 0 0 0 0 0 0 0 0 0 0 0 0 0 0 0 0 0 0
2002041311 0 0 0.1 0 0 0.1 0 0 0 0 0 0 0 0 0 0 0 0 0 0 0 0 0 0 0 0 0 0 0 0 0 0 0 0 0.1 0 0 0 0 0 0 0
2002041312 0 0 0 0 0 0 0 0 0 0 0 0 0 0 0 0 0 0 0 0 0 0 0 0 0 0 0 0 0 0 0 0 0 0 0.1 0 0 0 0 0 0 0
2002041313 0 0 0 0 0 0 0 0 0 0 0 0 0 0 0 0 0 0 0 0 0 0 0 0 0 0 0 0 0 0 0 0 0 0 0 0 0 0 0 0 0 0
2002041314 0 0 0 0 0 0 0 0 0 0 0 0 0 0 0 0 0 0 0 0 0 0 0.1 0 0 0 0 0 0 0 0 0 0 0 0 0 0 0 0 0 0 0
2002041315 0.1 0 0 0 0 0 0.1 0 0 0 0 0 0 0 0 0 0 0.1 0.1 0 0 0 0 0 0 0 0 0 0 0 0 0 0 0 0.4 0 0 0 0 0 0 0
2002041316 0 0 0 0 0.1 0 0.1 0 0 0 0 0 0 0 0 0 0 0 0 0 0 0 0 0 0 0 0 0 0 0 0 0 0 0 0 0 0 0 0 0 0 0
2002041317 0 0 0 0 0.1 0 0.1 0 0 0 0 0 0 0 0 0 0 0 0.2 0 0 0 0 0 0 0 0 0 0 0 0 0.1 0.3 0 0 0 0 0 0 0 0 0
2002041318 0 0 0 0 0.3 0 0 0 0 0 0 0.8 0 0 0 0 0 0 0.1 0 0 0 0.3 0 0 0 0 0 0 0 0 0 1.3 0 0.2 0 0 0 0 0 0 0
2002041319 0 0 0 0 0.1 0 0.1 0 0 0 0 0 0 0 0 0 0 0.1 0.2 0 0 0 0 0 0 0 0 0 0.1 0 0 0.1 0.1 0 0 0 0 0.1 0 0 0 0
2002041320 0 0 0 0 0 0 0 0 0.1 0 0 0 0 0 0 0 0 0.2 0 0 0 0 0 0 0 0 0 0 0 0 0 0 0 0 0 0 0 0 0 0 0 0
2002041321 0 0 0 0 0 0 0 0 0 0 0 0 0 0 0 0 0 0 0 0 0 0 0 0 0 0 0 0 0 0 0 0 0 0 0 0 0 0 0 0 0 0
2002041322 0 0 0 0 0 0 0 0 0 0 0 0 0 0 0 0 0 0 0 0 0 0 0 0 0 0 0 0 0 0 0 0 0 0 0 0 0 0 0 0 0 0
2002041323 0 0 0 0 0 0 0 0 0 0 0 0 0 0 0 0 0 0 0 0 0 0 0 0 0 0 0 0 0 0 0 0 0 0 0 0 0 0 0 0 0 0
2002041400 0 0 0 0 0 0 0 0 0 0 0 0 0 0 0 0 0 0 0 0 0 0 0 0 0 0 0 0 0 0 0 0 0 0 0 0 0 0 0 0 0 0
2002041401 0 0 0 0 0 0 0 0 0 0 0 0 0 0 0 0 0 0 0 0 0 0 0 0 0 0 0 0 0 0 0 0 0 0 0 0 0 0 0 0 0 0
2002041402 0 0 0 0 0 0 0 0 0 0 0 0.1 0 0 0 0 0 0 0 0 0 0 0 0 0 0 0 0 0 0 0 0 0 0 0 0 0 0 0 0 0 0
2002041403 0 0 0 0 0 0 0 0 0 0 0 0 0.1 0 0 0 0.1 0 0 0 0 0 0 0 0 0 0 0 0 0 0 0 0 0 0 0 0 0 0 0 0 0
2002041404 0 0.5 0 0 0 0 0 0 0 0 0 0 0 0 0 0 0 0 0 0 0 0 0 0 0 0 0 0 0 0 0 0 0 0 0 0 0 0 0 0 0 0
2002041405 0 0.6 0 0 0 0 0 0 0 0 0 0 0 0.1 0 0 0.1 0 0 0 0 0 0.1 0 0 0 0 0 0 0 0 0 0 0 0 0 0 0 0 0 0 0
2002041406 0 0 0 0 0 0 0 0 0 0 0.1 0 0 0 0 0 0.1 0 0 0 0 0 0 0 0 0.1 0 0 0 0 0 0 0 0 0 0 0 0 0 0 0 0
2002041407 0 0 0 0 0 0 0 0 0 0 0 0 0 0 0 0 0.2 0 0 0 0 0 0.2 0 0 0 0 0 0 0 0 0 0 0 0 0 0 0 0 0 0 0
2002041408 0 0 0 0 0 0.5 0 0 0 0 0 0 0 0 0 0 0 0 0 0 0 0 0.1 0 0 0.1 0 0 0 0 0 0.1 0 0 0.1 0.6 0 0 0 0 0 0
2002041409 0 0 0 0 0 0.3 0 0 0 0.3 0 0 0 0 0 0 0 0 0 0 0 0 0 0.2 0 0.2 0 0 0 0 0 0.3 0.1 0 0.1 0.5 0 0 0 0 0 0
2002041410 0 0.3 0 0 0 0 0 0 0 0 0.2 0 0.2 0 0 0 0 0 0 0 0 0 0 0.3 0 0.2 0 0 0 0 0.1 0.1 0 0 0.3 0.9 0 0.3 0 0 0 0
2002041411 0 0.1 0 0 0 0 0 0 0 0.3 1 0 0 1.7 0.2 0 0.7 0 0 0 0 0 0 0 0 0 0 0 0.1 0 0 0 0.1 0 0 0 0 0 0 0 0 0
2002041412 0 0 0 0 0 0 0 0 0 0 0 0 5.5 0 0.3 0 1.4 0 0 0 0 0 0 0 0 0.6 0 0 0 0 0 0 0 0 0 0 0 0 0 0 0 0
2002041413 0 0 0 0 0 0 0 0 0 0 0 0 0.9 0 0 0 0.9 0 0 0 0 0 0.5 2.7 0 2 0 0.4 0 0 0 0 0 0 0 0 0 0 0 0 0 0
2002041414 0 0 0 0 0 0 0.1 0 0 0 0.2 0 1.2 0 0 0 0.1 0 0 0 0 0 1.7 0.2 1.1 0.6 1.1 2.3 0 0 0 0 0 0 0 0 0 0 0 0.2 0 0
2002041415 0 0 0 0 0 0 0 0 0 0 0 0 0 0.7 0.6 0 0 0 0 0 0 0 1.4 0 0 0 0 0 0 0 0.1 0 0 0 0 0 0 0 0 0.8 0 0
2002041416 0 0.1 0 0 0 0 0.2 0 0 2.3 0 0 0 0.3 0 0 0.1 0 0 0 0 0.2 1 0 0.1 0 0 0 0 0 0 0 0.1 0 0 0 0 0.3 0.2 0 0 0
2002041417 0.4 0.5 0 0 0.2 0 0 0 0 0.7 0.1 0 0.1 0 0.2 0 0 1.2 0 0.5 0 0.1 0.1 0 0 0 0 0 0 0 0 0 1.3 0 0 0 0 0.7 0 0 0 0
2002041418 0.1 0 0 0 0.8 0 0.2 0 0 0 0 0 1 0 0.6 0.3 0 0.2 0 0 0 0 0.4 0 0 0 1.1 0 0 0 0 0 0 0 0 0 0 0.1 0 0 0 0
2002041419 1.4 0 0 0 0.2 0.2 0 0 0.4 0.3 0 0 0.5 0 1.1 0.7 0 0.2 0 0.1 0 0 0.1 0 0 0 0 0 0 0 0 0 0 0 0 0 0 0 0 0 0 0
2002041420 1.6 0 0.2 0 1.4 1 0.4 0.1 0.5 0 0 0.1 0 0 0.4 1.1 0 0.5 0 0 0.2 0 0.1 0 0 0 0 0 0 0 0 0 0 0 0 0 0 0 0 0.1 0 0
2002041421 0.1 0 0.2 0 1.5 0.8 1 0 2.8 0 0 0 0 0 0 0.2 0 1.9 0.5 0.1 1 0.1 0 0 0 0 0.2 0 0 0 0 0 0 0 0 0 0 0 0 0 0 0.2
2002041422 0 0 0 0 0.8 0.1 0.2 0 0.8 0 0 0 0 0 0 0 0 0.1 0.5 0 0.1 0.1 0 0 0 0 0.2 0.2 0 0 0 0 0.1 0 0 0 0 0 0 0.1 0 0.7
2002041423 0 0 0 0 0.2 0 0 0 0 0.1 0 0 0 0 0 0.1 0 0 0.1 0 0 0 0 0 0 0 0 0.1 0 0 0 0.1 0 0 0 0 0 0 0 0 0 0
2002041500 0 0 0 0 0.1 0 0 0 0 0 0 0 0 0 0 0 0.1 0 0 0 0 0 0 0 0 0 0 0 0 0 0 0 0 0 0 0 0 0 0 0 0 0
2002041501 0 0 0 0 0 0 0 0 0.1 0 0 0 0 0.1 0 0 0 0 0 0 0 0 0.1 0 0 0 0 0 0 0 0 0 0 0 0 0 0 0 0 0 0 0
2002041502 0 0 0 0 0 0 0 0 0 0 0 0 0 0 0 0 0 0 0 0 0 0 0 0 0 0 0 0 0 0 0 0 0 0 0 0 0 0 0 0 0 0
2002041503 0 0 0 0 0 0 0 0 0 0 0 0 0 0 0 0 0 0 0 0 0 0 0 0 0 0 0 0 0 0 0 0 0 0 0 0 0 0 0 0 0 0
2002041504 0 0 0 0 0 0 0 0 0 0.1 0 0 0 0 0 0 0 0 0 0 0 0 0 0 0 0 0 0 0 0 0 0 0 0 0 0 0 0 0 0 0 0
2002041505 0 0 0 0 0 0 0 0 0 0 0 0 0 0 0 0.1 0.1 0 0 0 0.1 0.1 0 0 0 0 0 0 0 0 0 0 0 0 0 0.1 0 0 0 0.1 0 0
2002041506 0 0 0 0 0 0 0 0 0 0 0 0 0 0 0.1 0 0 0.1 0.2 0 0 0 0 0 0 0.2 0.1 0 0 0 0 0 0 0 0 0 0 0 0 0 0 0
2002041507 0 0 0 0 0 0 0 0 0 0 0 0 0 0 0 0 0 0 0 0 0 0 0 0 0 0 0 0 0 0 0 0 0 0 0 0 0 0 0 0 0 0
2002041508 0 0 0 0 0 0 0 0 0 0 0 0 0 0 0 0 0 0 0 0 0 0 0 0 0 0 0 0 0 0 0 0 0 0 0 0 0 0 0 0 0 0
2002041509 0 0 0 0 0 0 0 0 0 0 0 0 0 0 0 0 0 0 0 0 0 0 0 0 0 0 0 0 0 0 0 0 0 0 0 0 0 0.1 0 0 0 0
2002041510 0.1 0.1 0 0 0 0 0 0 0 0 0.1 0 0 0 0 0 0 0 0 0 0 0 0 0 0 0 0 0 0 0.2 0 0 0 0 0 0 0 0 0 0 0 0
2002041511 0.1 0.1 0 0 0 0 0 0 0 0 0.1 0 0 0 0 0 0 0 0 0 0 0 0 0 0 0 0 0 0 0 0 0 0 0 0 0 0 0 0 0 0 0
2002041512 0.1 0.1 0.1 0 0 0 0 0 0 0 0.1 0 0 0 0 0 0 0 0 0 0 0 0 0 0 0 0 0 0 0 0 0 0 0 0 0 0 0 0 0 0 0
2002041513 0 0 0 0 0 0 0 0 0 0 0 0 0 0 0 0 0 0 0 0 0 0 0 0 0 0 0 0 0 0 0 0 0 0 0 0 0 0 0 0 0 0
2002041514 0 0 0 0 0 0 0 0 0 0 0 0 0 0 0 0 0 0 0 0 0 0 0 0 0 0 0 0 0 0 0 0 0 0 0 0 0 0 0 0 0 0
2002041515 0 0 0 0 0 0 0 0 0 0 0 0 0 0 0 0 0 0 0 0 0 0 0 0 0 0 0 0 0 0 0 0 0 0 0 0 0 0 0 0 0 0
2002041516 0 0 0 0 0 0 0 0 0 0 0 0 0 0 0 0 0 0 0 0 0 0 0 0 0 0 0 0 0 0 0 0 0 0 0 0 0 0 0 0 0 0
2002041517 0.5 0 0.3 0.2 0.1 0 0.1 0 0 0 0 0 0 0 0 0 0 0 0 0 0 0 0 0 0 0 0 0 0 0 0 0 0 0 0.1 0 0 0 0 0 0 0
2002041518 1.4 0.7 1.1 0.8 1 0.8 1 0 0.5 0 0.6 0 0 0 0 0 0 0 0 0 0 0 0 0 0 0 0 0 0 0 0 0 0 0.1 0.1 0 0 0 0 0 0 0
2002041519 1.7 1.5 1.6 1.1 1.4 1.3 1.4 0.5 0.5 0.8 1.4 0.6 0.5 0 0.2 0.1 0 0 0 0 0 0 0 0 0 0 0 0 0 0.4 0 0 0.6 0.9 0.6 0.2 0.2 0 0 0 0 0.3
2002041520 1.1 1.4 1.4 1 1.4 1 1.5 0.8 0.5 0.6 1.7 0.8 0.2 0.3 0.3 0.4 0 0.1 0 0.1 0.5 0.6 0 0 0 0 0 0 0.7 0.8 0.5 0.5 1.2 1 1 0.7 0.7 0.1 0 0 0 0.8
2002041521 0.9 1.1 1 1.1 1 1.3 1.2 0.8 0.6 1.2 0.8 1 0.7 0.2 0.4 0.4 0.1 0.6 0.4 0.4 0.4 0.6 0.4 0.1 0 0 0.2 0.1 1.1 1.1 1 0.7 1.3 0.9 1.3 0.8 0.6 0.9 0 0 0 1.1
2002041522 0.9 1.2 1 1.1 0.9 1.2 1.2 0.7 0.5 1.1 1.2 1 0.6 0.3 0.7 0.7 0.1 0.8 0.7 0.5 0.6 0.9 0.6 0.2 0.5 0.3 0.5 0.6 1.5 1.5 1.2 1 1.5 0.8 1.4 1.2 1.3 0.9 0.1 0.3 0 1.1
2002041523 1 0.7 1.1 1.6 0.3 1.3 1.4 0.7 0.6 1 1 1.2 0.6 0.8 0.7 0.8 0.5 1.2 0.9 0.7 0.8 0.9 0.7 0.4 0.6 0.5 0.7 0.6 1.3 1.4 1.2 1.4 1.2 0.9 1.3 1.2 1 1.3 0.4 0.8 0 1
2002041600 1.1 1.4 1.1 1 0 1.3 1.4 0.9 0.4 0.8 0.6 1.2 0.4 0.6 0.6 0.7 0.6 1.1 0.8 0.7 0.8 0.8 0.8 0.8 1.1 0.7 1 0.7 1 1.2 1 1.2 0.8 1.1 1.6 1.1 0.9 1.4 0.5 1.2 0 0.5
2002041601 1.5 1.1 1.3 1.3 0 1.5 1.5 0.8 0.3 0.7 1.1 1 0.6 0.2 0.4 0.5 0.3 0.8 0.5 0.3 0.4 0.7 0.8 0.8 1 0.7 0.8 0.8 0.7 1.1 0.7 0.9 1 1.2 1.4 0.9 1 0.7 0.8 0.9 0 0.8
2002041602 1.7 1.1 1.7 1.8 1.3 1.7 1.9 0.8 0.1 0.7 1 1 0.9 0.9 0.8 0.8 0.1 0.8 0.4 0.5 0.5 0.8 0.7 0.6 1 0.6 0.4 0.5 0.9 1 0.8 1 0.9 1.1 1.3 0.9 0.6 1.1 1.3 1.7 0 0.5
2002041603 1.6 1.1 1.5 0.9 2.2 1.2 1.8 0.9 1.1 0.9 1.4 1.2 0.8 0.6 0.8 0.7 0.3 1.4 1.2 0.6 0.7 1.4 0.9 0.6 1.1 0.4 0.4 0.2 0.9 1.6 0.8 1.6 1.3 0.9 1.7 0.8 1.1 1 1.4 1.1 0 0.8
2002041604 1.5 1.2 1.2 1 1.8 1.9 1.5 0.4 1.1 1.2 1.2 1 1.1 0.9 1.1 0.8 0.5 1.7 1.3 0.9 1 1.3 0.8 0.5 0.6 0.5 0.8 0.2 1.2 1.4 0.8 1.6 1.1 1.2 1.3 0.7 0.7 1.6 1.1 0.7 0 1.1
2002041605 0.9 1.3 0.5 0.4 1.7 1.2 1.4 0.3 0.8 1.3 1.2 1.4 1.1 1.1 1.2 1 0.7 1.2 1.4 0.7 1.4 1.6 1.3 0.8 0.9 0.8 0.7 0.4 0.5 1 0.5 0.9 0.8 0.9 1.1 0.7 0.4 1 1 0.8 0 1.1
2002041606 1.3 0.4 0.8 0.3 1.9 1.3 1.3 0.2 0.5 1.1 0.5 0.9 1.3 1.4 1.3 0.9 0.6 1.1 1.3 0.8 1.2 1.1 1.2 1.1 0.9 1 0.5 0.6 0.7 0.6 0.4 0.9 0.6 0.7 1 0.7 0.5 0.9 1.2 1.2 0 0.6
2002041607 0.8 0.5 0.5 0.3 1.6 1.2 1 0.2 0.3 1.3 0.6 0.4 1.3 1.1 1.3 0.8 1.1 1.6 1 0.8 0.7 1.1 1.6 0.5 0.8 0.8 0.5 0.8 0.5 0.7 0.7 0.6 1 0.9 1.1 1 0 0.8 1 1.1 0 0.4
2002041608 0.7 0.5 0.8 0.3 1.5 0.5 0.6 0.1 0.1 1 0.4 0.9 0.6 1.1 0.9 0.8 1.4 0.8 0.9 0.8 0.6 1 1.1 1 0.8 0.7 0.5 0.2 0.5 0.4 0.5 0.7 0.6 0.7 1.1 1 0 0.5 0.6 1 0 0.2
2002041609 0.1 0.2 0.2 0 1.3 0.5 1.2 0.2 0.5 0.7 0.4 0.7 0.7 0.9 0.8 0.5 0.5 1.2 0.6 0.4 0.7 0.5 1.2 0.7 0.6 0.7 0.7 0.4 0.2 0.3 0.1 0.6 0.1 0.9 0.8 0.7 0 0.3 0.5 0.8 0 0.2
2002041610 0.1 0.3 0.3 0.3 0.3 0.5 0.6 0.3 0.4 0.3 0 0.4 0.3 0.6 0.6 0.7 0.4 0.6 0.5 0.5 0.4 0.8 0.9 0.5 0.6 0.8 0.4 0.3 0.3 0.7 0.1 0.9 0.5 0.2 1.1 0.6 0 0.5 0.4 0.4 0 0.3
2002041611 0.7 0.3 1 0.9 0.7 0.4 0.5 0.3 0.2 0.2 0.2 0.3 0.1 0.9 0.4 0.5 0.5 0.7 0.4 0.4 0.9 1.5 0.4 0.2 0.3 0.2 0.4 0.5 0.3 0.7 1 1.3 0.3 0.1 0.3 0.3 0 1 0.2 0.6 0 0.5
2002041612 0.4 0.5 2.4 0.1 0.5 1.4 1.1 0.9 0.5 0.1 0.5 0.1 0 1.2 0.1 0.6 0.6 1 0.5 0.6 0.3 1 0.4 0.2 0.3 0.3 0.5 0.1 0.2 0.2 0.4 0.9 0.9 0.2 0.4 0.1 0 0.4 0.3 0.2 0 0.5
2002041613 0.4 0.1 0.1 0 0.3 0.3 0.2 0.5 0.1 0.1 0.1 0.3 0 0.4 0.1 0.4 0.2 0.6 0.5 1.5 0.7 0.2 0.4 0.4 0.5 0.3 0.4 0.4 0.5 0.6 0.2 1.7 1.4 0.3 1.3 0.1 0 0.5 0.1 0.2 0 0.1
2002041614 0.8 0 0.1 0 0.7 0.8 0.8 0.6 0.3 0 0.1 0.1 0 0.2 0.4 0.6 0.3 1.2 0.5 1.1 0.5 0.6 0.6 0.3 0.3 0.2 0.5 0.2 0.4 0.4 0.3 0.5 0.4 0.1 0.3 0.6 0 0.5 0.5 0.5 0 0.5
2002041615 1 0 0.2 0 0.9 0.4 0.5 0.2 0.2 0 0 0 0 0 0.2 0 0 0.8 0.5 0.4 0.3 0 0.8 0.4 0.2 0.1 0.9 0.3 0.1 0.2 0.3 0.3 0.2 0.1 1.2 0.1 0 0.4 0.4 0.5 0 0.1
2002041616 0.2 0 0.2 0 1.1 0.4 1.2 0.2 0.2 0.1 0.1 0.1 0 0 0 0 0 0.2 0.1 0.1 0.1 0.2 0.3 0.2 0.4 0.2 0.2 0 0.1 0.3 0.2 0.4 0.5 0.1 0.9 0 0 0.2 0.3 0.2 0 0
2002041617 0.4 0.1 0.3 0 1.3 0.4 1.3 0.2 0.6 0.1 0.2 0.1 0 0 0 0.2 0 0 0.2 0 0 0 0 0 0 0 0.1 0.1 0 0.4 0.3 0.4 0.4 0.1 0.3 0.4 0 0 0.1 0.1 0 0.1
2002041618 0.5 0.2 0.5 0 0.6 0.7 1.4 0.3 0.5 0.1 0.4 0.2 0 0 0 0 0 0 0.2 0 0.1 0.2 0 0 0 0 0.1 0.1 0.1 0.3 0.2 0.5 0.6 0.3 0.1 0.3 0 0.1 0 0 0 0.2
2002041619 0.8 0.8 0.2 0.2 1.2 0.5 0.9 0.2 0.3 0 0 0.1 0 0 0 0.2 0 0 0.2 0 0.1 0.2 0 0 0 0 0 0 0.2 0.2 0.2 0.2 0.6 0.2 0.5 0 0 0.2 0 0 0 0.3
2002041620 0.3 0.4 0.7 0 1.4 0.2 1.5 0.1 0.6 0 0.2 0.2 0 0 0 0 0 0 0 0 0.1 0.1 0 0 0 0 0 0 0.1 0.3 0.3 0.3 0.4 0.2 0.4 0.2 0 0.3 0 0 0 0.1
2002041621 0.2 0.3 0.6 0.2 0.4 0.5 0.6 0.2 0.4 0 0.3 0.2 0 0 0 0 0 0 0 0 0 0 0.1 0 0 0 0 0 0.1 0.2 0.1 0.1 0.4 0.6 0.4 0.2 0 0.1 0.1 0 0 0.2
2002041622 0.8 0.4 0.4 0.2 0.9 0.4 0.8 0.1 0.4 0.1 0.1 0.6 0 0 0 0.1 0 0 0 0 0 0 0 0 0 0 0 0 0.1 0.3 0.1 0.2 0.7 0.2 0.5 0.2 0 0.1 0 0 0 0.1
2002041623 1.2 0.7 0.2 0.1 0.7 0.1 0.8 0 0.3 0 0.4 0.2 0 0 0 0 0 0 0 0 0 0.1 0 0 0 0 0 0 0.2 0.5 0.2 0.6 0.7 0.2 0.4 0.2 0 0.1 0 0 0 0.1
2002041700 0.9 0.2 0.6 0.2 0.5 0.3 1.2 0.2 0.2 0 0.5 0.4 0 0 0 0 0 0 0 0 0 0 0 0 0 0 0 0 0.1 0.6 0.2 0.5 0.6 0.2 0.3 0.3 0 0.2 0 0 0 0.2
2002041701 0.3 0.1 0.8 0.3 0.5 1.1 0.6 0.5 0.4 0 0.3 0.2 0 0 0 0 0 0 0 0 0 0.1 0 0 0 0 0 0 0.2 0.6 0.1 0.1 0.5 0.1 0.4 0 0 0.2 0 0 0 0.4
2002041702 0.6 0.1 0.6 0.6 0.4 1.2 1.1 0.7 0.4 0 0.1 0.1 0 0 0 0 0 0 0 0 0 0 0 0 0 0 0 0 0 0.3 0.1 0 0.4 0.1 0.1 0 0 0.1 0 0 0 0.1
2002041703 0.6 0.1 0.9 0.3 0.3 0.7 0.3 0.4 0.2 0 0.1 0 0 0 0 0 0 0 0 0 0 0 0 0 0 0 0 0 0.2 0.1 0 0 0.5 0.1 0 0.1 0 0 0 0 0 0.5
2002041704 0.5 0.1 0.8 0.6 0.5 0.8 1.3 0.6 0.2 0 0.6 0 0 0 0 0 0 0 0 0 0 0 0 0 0 0 0 0 0.4 0.6 0.3 0.2 0.4 0 0.2 0 0 0.1 0 0 0 0.2
2002041705 0.6 0 0.7 0.4 0.7 0.6 1.2 0.3 0.7 0 0 0 0 0 0 0 0 0 0 0 0 0 0 0 0 0 0 0 0.2 0.3 0.2 0 0.4 0.2 0.4 0 0 0.2 0 0 0 0.4
2002041706 0.4 0 0.6 0.5 0.8 0.8 0.5 0.4 0.3 0 0.1 0 0 0 0 0 0 0 0 0 0 0 0 0 0 0 0 0 0.2 0.1 0.1 0 0.3 0 0.1 0 0 0.1 0 0 0 0.4
2002041707 0.3 0 0.3 0.2 0.5 0.4 0.4 0.4 0.2 0 0 0 0 0 0 0 0 0 0 0 0 0 0 0 0 0 0 0 0.1 0 0 0 0 0 0.1 0 0 0 0 0 0 0.2
2002041708 0.2 0 0.1 0 0.1 0 0.1 0.1 0 0 0 0 0 0 0 0 0 0 0 0 0 0 0 0 0 0 0 0 0 0 0 0 0 0 0 0 0 0 0 0 0 0.1
2002041709 0 0 0 0 0.2 0 0 0 0 0 0 0 0 0 0 0 0 0 0 0 0 0 0 0 0 0 0 0 0 0 0 0 0 0 0 0 0 0 0 0 0 0
2002041710 0.1 0 0 0 0.2 0 0 0 0.1 0 0 0 0 0 0 0 0 0 0 0 0 0 0 0 0 0 0 0 0 0 0 0 0 0 0 0 0 0 0 0 0 0
2002041711 0.1 0 0 0 0.3 0 0.1 0 0.1 0 0 0 0 0 0 0 0 0 0 0 0 0 0 0 0 0 0 0 0 0 0 0 0 0 0 0 0 0 0 0 0 0
2002041712 0 0 0 0 0.1 0 0 0 0 0 0 0 0 0 0 0 0 0 0 0 0 0 0 0 0 0 0 0 0 0 0 0 0 0 0 0 0 0 0 0 0 0
2002041713 0 0 0 0 0 0 0 0 0 0 0 0 0 0 0 0 0 0 0 0 0 0 0 0 0 0 0 0 0 0 0 0 0 0 0 0 0 0 0 0 0 0
2002041714 0 0 0 0 0 0 0 0 0 0 0 0 0 0 0 0 0 0 0 0 0 0 0 0 0 0 0 0 0 0 0 0 0 0 0 0 0 0 0 0 0 0
2002041715 0 0 0 0 0 0 0 0 0 0 0 0 0 0 0 0 0 0 0 0 0 0 0 0 0 0 0 0 0 0 0 0 0 0 0 0 0 0 0 0 0 0
2002041716 0 0 0 0 0 0 0 0 0 0 0 0 0 0 0 0 0 0 0 0 0 0 0 0 0 0 0 0 0 0 0 0 0 0 0 0 0 0 0 0 0 0
2002041717 0 0 0 0 0 0 0 0 0 0 0 0 0 0 0 0 0 0 0 0 0 0 0 0 0 0 0 0 0 0 0 0 0 0 0 0 0 0 0 0 0 0
2002041718 0 0 0 0 0 0 0 0 0 0 0 0 0 0 0 0 0 0 0 0 0 0 0 0 0 0 0 0 0 0 0 0 0 0 0 0 0 0 0 0 0 0
2002041719 0 0 0 0 0 0 0 0 0 0 0 0 0 0 0 0 0 0 0 0 0 0 0 0 0 0 0 0 0 0 0 0 0 0 0 0 0 0 0 0 0 0
2002041720 0 0 0 0 0 0 0 0 0 0 0 0 0 0 0 0 0 0 0 0 0 0 0 0 0 0 0 0 0 0 0 0 0 0 0 0 0 0 0 0 0 0
2002041721 0 0 0 0 0 0 0 0 0 0 0 0 0 0 0 0 0 0 0 0 0 0 0 0 0 0 0 0 0 0 0 0 0 0 0 0 0 0 0 0 0 0
2002041722 0 0 0 0 0 0 0 0 0 0 0 0 0 0 0 0 0 0 0 0 0 0 0 0 0 0 0 0 0 0 0 0 0 0 0 0 0 0 0 0 0 0
2002041723 0 0 0 0 0 0 0 0 0 0 0 0 0 0 0 0 0 0 0 0 0 0 0 0 0 0 0 0 0 0 0 0 0 0 0 0 0 0 0 0 0 0
2002041800 0 0 0 0 0 0 0 0 0 0 0 0 0 0 0 0 0 0 0 0 0 0 0 0 0 0 0 0 0 0 0 0 0 0 0 0 0 0 0 0 0 0
2002041801 0 0 0 0 0 0 0 0 0 0 0 0 0 0 0 0 0 0 0 0 0 0 0 0 0 0 0 0 0 0 0 0 0 0 0 0 0 0 0 0 0 0
2002041802 0 0 0 0 0 0 0 0 0 0 0 0 0 0 0 0 0 0 0 0 0 0 0 0 0 0 0 0 0 0 0 0 0 0 0 0 0 0 0 0 0 0
2002041803 0 0 0 0 0 0 0 0 0 0 0 0 0 0 0 0 0 0 0 0 0 0 0 0 0 0 0 0 0 0 0 0 0 0 0 0 0 0 0 0 0 0
2002041804 0 0 0 0 0 0 0 0 0 0 0 0 0 0 0 0 0 0 0 0 0 0 0 0 0 0 0 0 0 0 0 0 0 0 0 0 0 0 0 0 0 0
2002041805 0 0 0 0 0 0 0 0 0 0 0 0 0 0 0 0 0 0 0 0 0 0 0 0 0 0 0 0 0 0 0 0 0 0 0 0 0 0 0 0 0 0
2002041806 0 0 0 0 0 0 0 0 0.1 0 0 0 0 0.1 0 0 0 0 0 0 0 0 0 0 0 0 0 0 0 0 0 0 0 0 0 0 0 0 0 0 0 0
2002041807 0 0 0 0 0 0 0 0 0 0 0 0 0 0 0 0 0 0 0 0 0 0 0 0 0 0 0 0 0 0 0 0 0 0 0 0 0 0 0 0 0 0
2002041808 0 0 0 0 0 0 0 0 0 0 0 0 0 0 0 0 0 0 0 0 0 0 0 0 0 0 0 0 0 0 0 0 0 0 0 0 0 0 0 0 0 0
2002041809 0 0 0 0 0 0 0 0 0 0 0 0 0 0 0 0 0.4 0 0 0 0 0 0 0 0 0 0 0 0 0 0 0 0 0 0 0 0 0 0 0 0 0
2002041810 0 0 0 0 0.1 0 0.1 0 1.1 0.3 0 0 1.6 1.7 0.5 0 2 0 0 0.4 0 0 0.1 0.2 0.1 0.4 0 0 0 0 0 0 0 0 0 0 0 0 0 0 0 0
2002041811 0 0.9 0 0 0.9 0 0 0 0.2 2 0 0.1 1.6 0.6 1.3 0.9 0.5 0.7 0.4 1.3 0.3 0.6 0.9 0.4 0.7 0.4 0.6 0.2 0 0 0 0.1 0 0 1.3 0 0 0 0.1 0.1 0 0
2002041812 0.2 2.6 0.3 0 0 1.2 0.4 0.1 0 1.5 0.5 1.4 0.2 0 1.7 1.6 0 0.3 1.2 0.8 1.4 1.2 0.2 0.5 0.2 0.2 1 0.4 0 1.2 0.8 0.9 0.3 0.5 1.5 0.6 0 0.1 0.1 0.1 0 0
2002041813 3.5 0.8 4.2 0.9 0 1.1 0.1 0.3 0.5 0 1.1 0.9 0 0 0.1 0.2 0 0.2 0.4 0.3 0.3 0.7 0.6 0.6 0 0.4 0.2 0 0.4 1 0.5 0.7 2 0.5 2 0.5 0 0.2 0 0.1 0 0
2002041814 1.3 0 1.6 0.3 0.6 2.8 1.1 0.6 2 0 0 0 0 0 0 0 0 0 0.2 0 0.3 0.5 0 0 0 0 0.1 0.1 0.1 0.1 0 0.2 0.6 0.1 0.6 0.1 0 0 0.1 0 0 0.2
2002041815 0.2 0 0.1 0 1.2 0.1 1.1 0 0.4 0 0 0 0.2 0 0 0 0 0 0 0 0 0 0 0 0 0 0 0 0 0 0 0 0 0 0 0 0 0 0 0 0 0.2
2002041816 0 0 0 0 0.1 0 0 0 0 0.2 0 0 0.3 0 0 0 0 0 0 0 0 0 0 0 0 0 0 0 0 0 0 0 0 0 0 0 0 0 0.1 0 0.3 0
2002041817 0 0 0 0 0 0 0 0 0 0 0 0.3 0 0 0 0 0 0 0 0 0 0 0 0 0 0 0 0 0 0 0 0 0 0 0 0 0 0 0 0 0 0
2002041818 0 0 0 0 0 0 0 0 0 0 0 0.1 0 0 0 0 0 0 0 0 0 0 0 0 0 0 0 0 0 0 0 0 0 0 0 0 0 0 0 0 0 0
2002041819 0 0 0 0 0 0 0 0 0 0 0 0 0 0 0 0 0 0 0 0 0 0 0 0.1 0 0 0.2 0 0 0 0 0 0 0 0 0 0 0 0 0 0 0
2002041820 0 0 0 0 0 0 0 0 0 0 0 0.4 0 0 0 0 0 0 0 0 0 0 0 0 0 0 1.7 0.8 0 0 0 0 0 2 0 0 0 0 0 0.1 0 0
2002041821 0 0 0 0 0 0.5 0.1 0 0 0 0 0 0 0.1 0 0 0 0 0 0 0 0 0 0 0 0 0.8 0 0 0 0 0 0 0 0 0 0 0 0 0 0 0
2002041822 0 0 0.3 0 0.2 0.4 0.6 0 1.6 0.1 0 0 0.1 0 0 0 0 0.3 0.5 0 0 0 0.9 0 0 0.4 0 0 0 0 0 0 0 0 0 0 0 0 0 0 0 0
2002041823 0 0.1 0 0 0 0 0 0 0.1 0.2 0 0 0.9 0 0 0 0 0 0 0 0 0 0 0 0 0 0 0 0.1 0.1 0.4 0.4 0 0.1 0 0 0 0.1 0 0 0 0
2002041900 0 0 0 0 0 0.1 0 0 0 0.1 0 0 0 0 0 0 0 0 0 0 0 0 0 0 0.3 0.1 0 0.2 0 0 0 0 0 0 0 0 0 0 0.6 2.3 0.1 0
2002041901 0 0 0 0.1 0 0 0.1 0 0 0 0 0.1 0 0.1 0 0 0 0 0 0 0 0 0.1 0.3 1.4 0.8 0.3 0 0 0 0 0 0 0 0 0 0 0 0.6 1.2 0 0
2002041902 0.1 0 0.2 0 0 0 0 0 0 0 0 0 0 0 0 0 0 0.3 0.7 0.1 0.1 0.4 0.1 1.1 1.8 2.3 0.8 0.3 0 0 0.1 0.5 0 0 0 0 0 0 0 0.1 0 0
2002041903 0 0 0 0 0.1 0 0 0.1 0 0 0 0 0 0 0 0 0.1 0.8 1 0.2 0.2 0.2 0.8 1.6 3 3.3 1.1 1.8 0.1 0.9 0.6 1.1 0.1 0 0 0 0 0.1 0.2 0.7 0 0
2002041904 0.1 0 0 0 0 0.1 0 0.2 0 0 0 0 0 0 0 0 1 0.9 2.8 0.5 0.6 1 0.9 1.3 2.8 2.6 1.4 1.3 1.1 1.8 2.5 1.8 0.4 0 0.3 0 0 2.3 0.9 0.9 0.2 0.3
2002041905 0 0 0 0 0 0.2 0 0.4 0.1 0 0 0 0 0 0 0.1 0 0.2 1.2 0.6 0.4 1 0 0.1 1.1 0 1.3 1.3 2.3 2.6 1.8 2.7 1.3 0 0.4 0 0 1.7 0.1 0.8 1.2 1.3
2002041906 0 0 0 0 0 0.2 0.1 0.7 0.5 0 0 0 0 1.1 0 0 0.2 0 0 0.1 0.1 0 0 0 0 0 1.3 0.8 3.7 2.8 2.7 0.2 4.2 0 0.5 0 0 2 0.1 0.1 2.3 0.9
2002041907 0 0 0 0 0.6 0.1 0.5 2.1 0.4 0 0 0 1.5 1.5 0 0 0.1 0 0 0 0 0 0 0 0 0.2 0.8 0 3.2 0.1 0 0 1.2 0 0 0 0 1.4 0.1 0.1 1.3 1.9
2002041908 0 0 0 0 0.1 0 0 0.4 0.7 0.2 0 0 3.5 0 2.4 0 0 0 0 0 0.1 0 0 0.3 0.2 1.1 0.3 0 0 0 0 0 0.1 0 0 0 0 0.1 0 1.3 2.3 2.1
2002041909 0 0 0 0 0 0 0 0.1 0 0.3 0 0 1.7 1.2 0.9 0.5 0.2 0 0 0.8 0.1 0 0 0.1 0.1 0.2 0.1 0 0 0 0 0 0 0.5 0 0 0 0 2.7 1.8 0.1 0.1
2002041910 0.3 0 0 0 0 0 0 0.1 0 0 0 0 0 0 0 0 0.1 0.1 0.1 0 0 0.5 0.3 0 0 0 0.1 0.1 0 0 0 0.8 2.4 1.4 0 0.8 0 0 0.9 0 0 0
2002041911 0 0 0.5 0 0.3 0 0.1 0.1 0 0 3.7 0 0 0 0 0 0 0 0.6 0.8 0 0 3 0 0 0 0 0 0 0 0 0.8 2.7 0.1 0.5 0.7 0 0 0 0.1 0 0
2002041912 0 0 0 0 0 0 0.2 0 0.3 0 0.1 0 0 0 0 0 0 0.2 0.2 0 0.1 0 0 1.6 1.8 1.6 0 0 0 0 0.2 0 0.7 0 1.2 0.1 0.2 0.6 0 0 0 0
2002041913 0 0 0 0 0 0 0 0.5 0 0 0 0 0 0 0 0 0 0 0 0 0 0 0.4 0 2.6 0 0.8 1.3 0 3.8 0 0.1 0 0.5 0 0 0 0 0 0 0 2.3
2002041914 0 0 0 0.6 0 0 0 0 0 0 0.2 0 0 0 0 0 0 0 0 0 0.1 0 0 0.6 0 0 0.2 0 0 0.5 0 0 0 0 0 0 1.2 0 0 0 0 0
2002041915 0 0 0 0.1 0 0 0 0 0 1.8 4.4 0.3 0.9 0 0 0.2 0.2 1.4 0 0 0.4 0 0.9 0 0 0.2 0 0 0 0 0 0 0 0 0 1.8 2.4 0 0 0 0 0
2002041916 0 0 0 0.2 0.2 0 0 0 0.9 0.1 0 0 0.5 0 0.1 0.4 0 0.2 0 0 1.1 0.6 0.2 0 0 0 0.4 0 0 0.2 1.5 0.1 0 4.2 1.3 3.3 0.2 0 0 0 0 0.5
2002041917 0 0 0 0.5 0 0.2 0 0 0 0 0 0 0 0 0 0 0 0 0.2 0 0 0.1 0 0 0 0 0.8 0.2 0 1.3 1.5 0.2 0.2 0.5 1 0.8 0.4 1.7 0 0 0.2 0.6
2002041918 0 0 0 0 0 0 0 0.1 0 0 0 0 0 0 0 0 0 0 0 0 0 0 0 0 0 0 0.4 0 0.2 0 0 0 0 0 0 0 0 0 0 0 0 0
2002041919 0 0 0 0 0 0 0 0 0 0 0 0 0 0 0 0 0 0 0 0 0 0 0 0 0 0 0 0 0 0 0 0 0.1 0.1 0 0 0 0 0 0 0 0
2002041920 0 0 0 0 0 0 0 0 0 0 0 0 0 0 0 0 0 0 0 0 0 0 0 0 0 0 0 0 0 0 0 0 0 0 0 0 0 0 0 0 0 0
2002041921 0 0 0 0 0 0 0 0 0 0 0 0 0 0 0 0 0 0 0 0 0 0 0 0 0 0 0 0 0.1 0.1 0 0 0 0 0 0 0 0 0 0 0 0
2002041922 0.1 0 0 0 0 0 0 0 0 0 0 0 0 0 0 0 0 0 0 0 0 0 0 0 0.1 0 0 0 0 0 0 0 0 0 0 0 0 0 0 0 0 0
2002041923 0 0 0 0 0 0 0 0 0 0 0 0 0 0 0 0 0 0 0 0 0 0 0 0 0 0 0 0 0 0 0 0 0 0 0.1 0 0 0 0 0 0 0
2002042000 0 0 0 0.1 0 0 0.1 0.1 0 0 0 0 0 0 0 0 0 0 0 0 0 0 0 0 0 0 0 0 0 0 0 0.1 0 0.1 0 0.1 0 0.1 0 0 0 0
2002042001 0 0 0 0 0 0.1 0 0 0 0.1 0 0 0 0 0 0 0 0 0 0 0 0.1 0 0 0 0.1 0 0 0 0 0.1 0 0 0 0 0 0 0 0.1 0 0 0
2002042002 0 0 0 0 0 0 0 0 0 0 0 0 0.1 0 0 0 0 0 0 0 0 0 0 0 0 0 0 0 0 0 0 0 0 0 0 0 0 0 0 0 0 0
2002042003 0 0 0 0 0 0 0 0 0 0 0.1 0 0 0 0 0.1 0 0 0 0 0 0 0 0 0 0 0 0 0 0 0 0.1 0 0 0 0 0 0 0 0 0 0
2002042004 0 0 0 0 0 0 0 0 0 0 0 0 0 0 0 0 0.1 0 0 0 0 0 0 0 0 0 0 0 0 0.1 0 0 0.1 0 0 0 0 0 0 0 0 0
2002042005 0 0.1 0.1 0 0.1 0 0 0 0 0.1 0 0 0 0 0.1 0 0 0 0 0.1 0 0 0 0 0 0.1 0 0 0.1 0 0.1 0 0.1 0 0 0 0.2 0.1 0 0 0.1 0.1
2002042006 0 0 0 0 0 0 0 0 0.2 0 0 0 0 0 0 0 0 0.1 0.1 0 0.1 0.1 0.1 0 0 0 0.1 0.1 0 0 0 0 0 0.1 0.1 0 0 0 0.1 0.1 0 0
2002042007 0 0 0 0 0 0 0 0 0 0 0 0 0 0 0 0 0 0 0 0 0 0 0 0 0 0 0.1 0 0 0 0 0 0 0 0 0 0 0 0 0 0 0
2002042008 0 0 0 0 0 0 0 0 0 0 0 0 0 0 0 0 0 0 0 0 0 0 0 0 0 0 0 0 0 0 0 0 0 0 0 0 0 0 0 0 0 0
2002042009 0 0 0 0 0 0 0 0 0 0 0 0 0 0 0 0 0 0 0 0 0 0 0 0 0 0 0 0 0 0 0 0 0 0 0 0 0 0 0 0 0 0
2002042010 0 0 0 0 0 0 0 0 0 0 0 0 0 0 0 0 0 0 0 0 0 0 0 0 0 0 0 0 0 0 0 0 0 0 0 0 0 0 0 0 0 0
2002042011 0 0 0 0 0 0 0 0 0 0 0 0 0 0 0 0 0 0 0 0 0 0 0 0 0 0 0 0 0 0 0 0 0 0 0 0 0 0 0 0 0 0
2002042012 0 0 0 0 0.1 0 0 0 0 0 0 0 0 0 0 0 0 0 0 0 0 0 0 0 0 0 0 0 0 0 0 0 0 0 0 0 0 0 0 0 0 0
2002042013 0 0 0 0 0 0 0 0 0 0 0 0 0 0 0 0 0 0 0 0 0 0 0 0 0 0 0 0 0 0 0 0 0 0 0 0 0 0 0 0 0 0
2002042014 0 0 0 0 0 0 0 0 0 0 0 0 0 0 0 0 0 0 0 0 0 0 0 0 0 0 0 0 0 0 0 0 0 0 0 0 0 0 0 0 0 0
2002042015 0 0 0 0 0 0 0 0 0 0 0 0 0 0 0 0 0 0 0 0 0 0 0 0 0 0 0 0 0 0 0 0 0 0 0 0 0 0 0 0 0 0
2002042016 0 0 0 0 0 0 0 0 0 0 0 0 0 0 0 0 0 0 0 0 0 0 0 0 0 0 0 0 0 0 0 0 0 0 0 0 0 0 0 0 0 0
2002042017 0 0 0 0 0 0 0 0 0 0 0 0 0 0 0 0 0 0 0 0 0 0 0 0 0 0 0 0 0 0 0 0 0 0 0 0 0 0 0 0 0 0
2002042018 0 0 0 0 0 0 0 0 0 0 0 0 0 0 0 0 0 0 0 0 0 0 0 0 0 0 0 0 0 0 0 0 0 0 0 0 0 0 0 0 0 0
2002042019 0 0 0 0 0 0 0 0 0 0 0 0 0 0 0 0 0 0 0 0 0 0 0 0 0 0 0 0 0 0 0 0 0 0 0 0 0 0 0 0 0 0
2002042020 0 0 0 0 0 0 0 0 0 0 0 0 0 0 0 0 0 0 0 0 0 0 0 0 0 0 0 0 0 0 0 0 0 0 0 0 0 0 0 0 0 0
2002042021 0 0 0 0 0 0 0.1 0 0 0 0 0 0 0 0 0 0 0 0 0 0 0 0 0 0 0 0 0 0 0 0 0 0 0 0 0 0 0 0 0 0 0
2002042022 0 0 0 0 0 0 0 0 0 0 0 0 0 0 0 0 0 0 0 0 0 0 0 0 0 0 0 0 0 0 0 0 0 0 0 0 0 0 0 0 0 0
2002042023 0 0 0 0 0 0 0 0 0 0 0 0 0 0 0 0 0 0 0 0 0 0 0 0 0 0 0 0 0 0 0 0 0 0 0 0 0 0 0 0 0 0
2002042100 0 0 0 0 0 0 0 0 0 0 0 0 0 0 0 0 0 0 0 0 0 0 0 0 0 0 0 0 0 0 0 0 0 0 0 0 0 0 0 0 0 0
2002042101 0.1 0 0 0 0 0 0 0 0 0 0 0 0 0 0 0 0 0 0 0 0 0 0 0 0 0 0 0 0 0 0 0 0 0 0 0 0 0 0 0 0 0
2002042102 0 0 0 0.1 0.1 0 0 0 0 0 0 0 0 0 0 0.1 0 0 0 0 0 0 0 0 0 0 0 0 0 0 0 0 0 0 0 0 0 0 0 0 0 0
2002042103 0 0 0 0 0 0 0 0 0 0 0 0 0.1 0 0 0 0.1 0 0 0 0 0 0 0 0 0 0 0 0 0 0 0 0 0 0 0 0 0 0 0 0 0
2002042104 0 0 0 0 0 0 0.1 0 0 0 0 0 0 0 0 0 0 0 0 0 0 0 0.1 0 0.1 0 0 0 0 0 0 0 0 0 0 0 0 0 0 0 0 0
2002042105 0 0 0 0 0 0 0 0.1 0.1 0 0 0 0 0 0 0 0 0 0 0.1 0 0 0 0 0 0 0 0 0 0 0 0 0 0 0.1 0 0.1 0.1 0.1 0 0 0
2002042106 0.1 0 0 0 0 0 0 0 0 0 0 0.1 0 0 0.1 0 0 0 0 0 0 0 0 0 0 0 0 0 0 0 0 0 0 0 0 0.1 0 0 0 0 0 0.1
2002042107 0 0 0 0 0 0 0 0 0 0 0 0 0 0 0 0 0 0 0 0 0 0 0 0 0 0 0 0.1 0 0 0 0 0 0 0 0 0 0 0 0 0 0
2002042108 0 0 0 0 0 0 0 0 0 0 0 0 0 0 0 0 0 0 0 0 0 0 0 0 0 0 0 0 0 0 0.4 0 0 0 0 0 0 0 0 0 0 0
2002042109 0 0 0 0 0 0 0 0 0 0 0 0 0 0 0 0 0 0 0 0 0 0 0 0 0 0 0 0 0 0 0 0 0 0 0 0 0 0 0 0 0 0
2002042110 0 0 0 0 0 0 0 0 0 0 0 0 0 0 0 0 0 0.1 0 0 0 0 0 0 0 0 0 0 0 0 0 0 0 0 0 0 0 0 0 0 0 0
2002042111 0 0 0 0 0 0 0 0 0 0 0 0 0 0 0 0 0 0 0 0 0 0 0 0 0 0 0 0 0 0 0 0 0 0 0 0 0 0 0 0 0 0
2002042112 0 0 0 0 0 0 0 0 0 0 0 0 0 0 0 0 0 0 0 0 0 0 0 0 0 0 0 0 0 0 0 0 0 0 0 0 0 0 0 0 0 0
2002042113 0 0 0 0 0 0 0 0 0 0 0 0 0 0 0 0 0 0 0 0 0 0 0 0 0 0 0 0 0 0 0 0 0 0 0 0 0 0 0 0 0 0
2002042114 0 0 0 0 0 0 0 0 0 0 0 0 0 0 0 0 0 0 0 0 0 0 0 0 0 0 0 0 0 0 0 0 0 0 0 0 0 0 0 0 0 0
2002042115 0 0 0 0 0 0 0 0 0 0 0 0 0 0 0 0 0 0 0 0 0 0 0 0 0 0 0 0 0 0 0 0 0 0 0 0 0 0 0 0 0 0
2002042116 0 0 0 0 0 0 0 0 0 0 0 0 0 0 0 0 0 0 0 0 0 0 0 0 0 0 0 0 0 0 0 0 0 0 0 0 0 0 0 0 0 0
2002042117 0 0 0 0 0 0 0 0 0 0 0 0 0 0 0 0 0 0 0 0 0 0 0 0 0 0 0 0 0 0 0 0 0 0 0 0 0 0 0 0 0 0
2002042118 0 0 0 0 0 0 0 0 0 0 0 0 0 0 0 0 0 0 0 0 0 0 0 0 0 0 0 0 0 0 0 0 0 0 0 0 0 0 0 0 0 0
2002042119 0 0 0 0 0 0 0 0 0 0 0 0 0 0 0 0 0 0 0 0 0 0 0 0 0 0 0 0 0 0 0 0 0 0 0 0 0 0 0 0 0 0
2002042120 0 0 0 0 0 0 0 0 0 0 0 0 0 0 0 0 0 0 0 0 0 0 0 0 0 0 0 0 0 0 0 0 0 0 0 0 0 0 0 0 0 0
2002042121 0 0 0 0 0 0 0 0 0 0 0 0 0 0 0 0 0 0 0 0 0 0 0 0 0 0 0 0 0 0 0 0 0 0 0 0 0 0 0 0 0 0
2002042122 0 0 0 0 0 0 0 0 0 0 0 0 0 0 0 0 0 0 0 0 0 0 0 0 0 0 0 0 0 0 0 0 0 0 0 0 0 0 0 0 0 0
2002042123 0 0 0 0 0 0 0 0 0 0 0 0 0 0 0 0 0 0 0 0 0 0 0 0 0 0 0 0 0 0 0 0 0 0 0 0 0 0 0 0 0 0
2002042200 0 0 0 0 0 0 0 0 0 0 0 0 0 0 0 0 0 0 0 0 0 0 0 0 0 0 0 0 0 0 0 0 0 0 0 0 0 0 0 0 0 0
2002042201 0 0 0 0 0 0 0 0 0 0 0 0 0 0 0 0 0 0 0 0 0 0 0 0 0 0 0 0 0 0 0 0 0 0 0 0 0 0 0 0 0 0
2002042202 0 0 0 0 0 0 0 0 0 0 0 0 0 0 0 0 0 0 0 0 0 0 0 0 0.1 0 0 0 0 0 0 0 0 0 0 0 0 0 0 0 0 0
2002042203 0 0 0 0 0 0 0 0 0 0 0 0 0 0 0 0 0 0 0 0 0 0 0 0 0 0 0 0 0 0 0 0 0 0 0 0 0 0 0 0.1 0 0
2002042204 0 0 0 0 0 0 0 0 0 0 0 0 0 0 0 0 0 0 0.1 0 0 0 0 0 0 0 0 0 0 0 0.1 0 0 0 0 0 0 0 0 0 0 0
2002042205 0 0 0 0 0 0 0 0 0 0 0 0 0 0 0 0 0 0 0 0 0 0 0 0.1 0 0 0 0 0 0 0 0 0 0 0 0 0 0.1 0 0 0 0
2002042206 0 0 0 0 0 0 0 0 0 0 0 0 0 0 0 0 0 0 0 0 0 0 0 0 0 0 0 0 0 0 0 0 0 0 0 0 0 0 0 0 0.1 0
2002042207 0 0 0 0 0 0 0 0 0 0 0 0 0 0 0 0 0 0 0 0 0 0 0 0 0 0 0 0 0 0 0 0 0 0 0 0 0 0 0 0 0 0
2002042208 0 0 0 0 0 0 0 0 0 0 0 0 0 0 0 0 0 0 0 0 0 0 0 0 0 0 0 0 0 0 0 0 0 0 0 0 0 0 0.1 0 0 0
2002042209 0 0 0 0 0 0 0 0 0 0 0 0 0 0 0 0 0 0 0 0 0 0 0 0 0 0 0 0 0 0 0 0 0 0 0 0 0 0 0 0 0 0
2002042210 0 0 0 0 0 0 0 0 0 0 0 0 0 0 0 0 0 0 0 0 0 0 0 0 0 0 0 0 0 0 0 0 0 0 0 0 0 0 0 0 0 0
2002042211 0 0 0 0 0 0 0 0 0 0 0 0 0 0 0 0 0 0 0 0 0 0 0 0 0 0 0 0 0 0 0 0 0 0 0 0 0 0.1 0 0 0 0
2002042212 0 0 0 0 0 0 0 0 0 0 0 0 0 0 0 0 0 0 0 0 0 0 0 0 0 0 0 0 0 0 0 0 0 0 0 0 0 0 0 0 0 0
2002042213 0 0 0 0 0 0 0 0 0 0 0 0 0 0 0 0 0 0 0 0 0 0 0 0 0 0 0 0 0 0 0 0 0 0 0 0 0 0 0 0 0 0
2002042214 0 0 0 0 0 0 0 0 0 0 0 0 0 0 0 0 0 0 0 0 0 0 0 0 0 0 0 0 0 0 0 0 0 0 0 0 0 0 0 0 0 0.1
2002042215 0 0 0 0 0 0 0 0 0 0 0 0 0 0 0 0 0 0 0 0 0 0 0 0 0 0 0 0 0 0 0 0 0 0 0 0 0 0 0 0 0 0
2002042216 0 0 0 0 0 0 0 0 0 0 0 0 0 0 0 0 0 0 0 0 0 0 0 0 0 0 0 0 0 0 0 0 0 0 0 0 0 0 0 0 0 0
2002042217 0 0 0 0 0 0 0 0 0 0 0 0 0 0 0 0 0 0 0 0 0 0 0 0 0 0 0 0 0 0 0 0 0 0 0 0 0 0 0 0 0 0
2002042218 0 0 0 0 0 0 0 0 0 0 0 0 0 0 0 0 0 0 0 0 0 0 0 0 0 0 0 0 0 0 0 0 0 0 0 0 0 0 0 0 0 0
2002042219 0 0 0 0 0 0 0 0 0 0 0 0 0 0 0 0 0 0 0 0 0 0 0 0 0 0 0 0 0 0 0 0 0 0 0 0 0 0 0 0 0 0
2002042220 0 0 0 0 0 0 0 0 0 0 0 0 0 0 0 0 0 0 0 0 0 0 0 0 0 0 0 0 0 0 0 0 0 0 0 0 0 0 0 0 0 0
2002042221 0 0 0 0 0 0 0 0 0 0 0 0 0 0 0 0 0 0 0 0 0 0 0 0 0 0 0 0 0 0 0 0 0 0 0 0 0 0 0 0 0 0
2002042222 0 0 0 0 0 0 0 0 0 0 0 0 0 0 0 0 0 0 0 0 0 0 0 0 0 0 0 0 0 0 0 0 0 0 0 0 0 0 0 0 0 0
2002042223 0 0 0 0 0 0 0 0 0 0 0 0 0 0 0 0 0 0 0 0 0 0 0 0 0 0 0 0 0 0 0 0 0 0 0 0 0 0 0 0 0 0
2002042300 0 0 0 0 0 0 0 0 0 0 0 0 0 0 0 0 0 0 0 0 0 0 0 0 0 0 0 0 0 0 0 0 0 0 0 0 0 0 0 0 0 0
2002042301 0 0 0 0 0 0 0 0 0 0 0 0 0 0 0 0 0 0 0 0 0 0 0 0 0 0 0 0 0 0 0 0 0 0 0 0 0 0 0 0 0 0
2002042302 0 0 0 0 0 0 0 0 0 0 0 0 0 0 0 0 0 0 0 0 0 0 0 0 0 0 0 0 0 0 0 0 0 0 0 0 0 0 0 0 0 0
2002042303 0 0 0 0 0 0 0 0 0 0 0 0 0 0 0 0 0 0 0 0 0 0 0 0 0 0 0 0 0 0 0 0 0 0 0 0 0 0 0 0 0 0
2002042304 0 0 0 0 0 0 0 0 0 0 0 0 0 0 0 0 0 0 0 0 0 0 0 0 0 0 0 0 0 0 0 0 0 0 0 0 0 0 0 0 0 0
2002042305 0 0 0 0 0 0 0 0 0 0 0 0 0 0 0 0 0 0 0 0 0 0 0 0 0 0 0 0 0 0 0 0 0 0 0 0 0 0 0 0 0 0
2002042306 0 0 0 0 0 0 0 0 0 0 0 0 0 0 0 0 0 0 0 0 0 0 0 0 0 0 0 0 0 0 0 0 0 0 0 0 0 0 0 0 0 0
2002042307 0 0 0 0 0 0 0 0 0 0 0 0 0 0 0 0 0 0 0 0 0 0 0 0 0 0 0 0 0 0 0 0 0 0 0 0 0 0 0 0 0 0
2002042308 0 0 0 0 0 0 0 0 0 0 0 0 0 0 0 0 0 0 0 0 0 0 0 0 0 0 0 0 0 0 0 0 0 0 0 0 0 0 0 0 0 0
2002042309 0 0 0 0 0 0 0 0 0 0 0 0 0 0 0 0 0 0 0 0 0 0 0 0 0 0 0 0 0 0 0 0 0 0 0 0 0 0 0 0 0 0
2002042310 0 0 0 0 0 0 0 0 0 0 0 0 0 0 0 0 0 0 0 0 0 0 0 0 0 0 0 0 0 0 0 0 0 0 0 0 0 0 0 0 0 0
2002042311 0 0 0 0 0 0 0 0 0 0 0 0 0 0 0 0 0 0 0 0 0 0 0 0 0 0 0 0 0 0 0 0 0 0 0 0 0 0 0 0 0 0
2002042312 0 0 0 0 0 0 0 0 0 0 0 0 0 0 0 0 0 0 0 0 0 0 0 0 0 0 0 0 0 0 0 0 0 0 0 0 0 0 0 0 0 0
2002042313 0 0 0 0 0 0 0 0 0 0 0 0 0 0 0 0 0 0 0 0 0 0 0 0 0 0 0 0 0 0 0 0 0 0 0 0 0 0 0 0 0 0
2002042314 0 0 0 0 0 0 0 0 0 0 0 0 0 0 0 0 0 0 0 0 0 0 0 0 0 0 0 0 0 0 0 0 0 0 0 0 0 0 0 0 0 0
2002042315 0 0 0 0 0 0 0 0 0 0 0 0 0 0 0 0 0 0 0 0 0 0 0 0 0 0 0 0 0 0 0 0 0 0 0 0 0 0 0 0 0 0
2002042316 0 0 0 0 0 0 0 0 0 0 0 0 0 0 0 0 0 0 0 0 0 0 0 0 0 0 0 0 0 0 0 0 0 0 0 0 0 0 0 0 0 0
2002042317 0 0 0 0 0 0 0 0 0 0 0 0 0 0 0 0 0 0 0 0 0 0 0 0 0 0 0 0 0 0 0 0 0 0 0 0 0 0 0 0 0 0
2002042318 0 0 0 0 0 0 0 0 0 0 0 0 0 0 0 0 0 0 0 0 0 0 0 0 0 0 0 0 0 0 0 0 0 0 0 0 0 0 0 0 0 0
2002042319 0 0 0 0 0 0 0 0 0 0 0 0 0 0 0 0 0 0 0 0 0 0 0 0 0 0 0 0 0 0 0 0 0 0 0 0 0 0 0 0 0 0
2002042320 0 0 0 0 0 0 0 0 0 0 0 0 0 0 0 0 0 0 0 0 0 0 0 0 0 0 0 0 0 0 0 0 0 0 0 0 0 0 0 0 0 0
2002042321 0 0 0 0 0 0 0 0 0 0 0 0 0 0 0 0 0 0 0 0 0 0 0 0 0 0 0 0 0 0 0 0 0 0 0 0 0 0 0 0 0 0
2002042322 0 0 0 0 0 0 0 0 0 0 0 0 0 0 0 0 0 0 0 0 0 0 0 0 0 0 0 0 0 0 0 0 0 0 0 0 0 0 0 0 0 0
2002042323 0 0 0 0 0 0 0 0 0 0 0 0 0 0 0 0 0 0 0 0 0 0 0 0 0 0 0 0 0 0 0 0 0 0 0 0 0 0 0 0 0 0
2002042400 0 0 0 0 0 0 0 0 0 0 0 0 0 0 0 0 0 0 0 0 0 0 0 0 0 0 0 0 0 0 0 0 0 0 0 0 0 0 0 0 0 0
2002042401 0 0 0 0 0 0 0 0 0 0 0 0 0 0 0 0 0 0 0 0 0 0 0 0 0 0 0 0 0 0 0 0 0 0 0 0 0 0 0 0 0 0
2002042402 0 0 0 0 0 0 0 0 0 0 0 0 0 0 0 0 0 0 0 0 0 0 0 0 0 0 0 0 0 0 0 0 0 0 0 0 0 0 0 0 0 0
2002042403 0 0 0 0 0 0 0 0 0 0 0 0 0 0 0 0 0 0 0 0 0 0 0 0 0 0 0 0 0 0 0 0 0 0 0 0 0 0 0 0 0 0
2002042404 0 0 0 0 0 0 0 0 0 0 0 0 0 0 0 0 0 0 0 0 0 0 0 0 0 0 0 0 0 0 0 0 0 0 0 0 0 0 0 0 0 0
2002042405 0 0 0 0 0 0 0 0 0 0 0 0 0 0 0 0 0 0 0 0 0 0 0 0 0 0 0 0 0 0 0 0 0 0 0 0 0 0 0 0 0 0
2002042406 0 0 0 0 0 0 0 0 0 0 0 0 0 0 0 0 0 0 0 0 0 0 0 0 0 0 0 0 0 0 0 0 0 0 0 0 0 0 0 0 0 0
2002042407 0 0 0 0 0 0 0 0 0 0 0 0 0 0 0 0 0 0 0 0 0 0 0 0 0 0 0 0 0 0 0 0 0 0 0 0 0 0 0 0 0 0
2002042408 0 0 0 0 0 0 0 0 0 0 0 0 0 0 0 0 0 0 0 0 0 0 0 0 0 0 0 0 0 0 0 0 0 0 0 0 0 0 0 0 0 0
2002042409 0 0 0 0 0 0 0 0 0 0 0 0 0 0 0 0 0 0 0 0 0 0 0 0 0 0 0 0 0 0 0 0 0 0 0 0 0 0 0 0 0 0
2002042410 0 0 0 0 0 0 0 0 0 0 0 0 0 0 0 0 0 0 0 0 0 0 0 0 0 0 0 0 0 0 0 0 0 0 0 0 0 0 0 0 0 0
2002042411 0 0 0 0 0 0 0 0 0 0 0 0 0 0 0 0 0 0 0 0 0 0 0 0 0 0 0 0 0 0 0 0 0 0 0 0 0 0 0 0 0 0
2002042412 0 0 0 0 0 0 0 0 0 0 0 0 0 0 0 0 0 0 0 0 0 0 0 0 0 0 0 0 0 0 0 0 0 0 0 0 0 0 0 0 0 0
2002042413 0 0 0 0 0 0 0 0 0 0 0 0 0 0.1 0 0 0 0 0 0 0 0 0 0 0 0 0 0 0 0 0 0 0 0 0 0 0 0 0 0 0 0
2002042414 0 0 0 0 0 0 0 0 0 0 0 0 0 0 0 0 0 0 0 0 0 0 0 0 0 0 0 0 0 0 0 0 0 0 0 0 0 0 0 0 0 0
2002042415 0 0 0 0 0 0 0 0 0 0 0 0 0 0 0 0 0 0 0 0 0 0 0 0 0 0 0 0 0 0 0 0 0 0 0 0 0 0 0 0 0 0
2002042416 0 0 0 0 0 0 0 0 0 0 0 0 0 0 0 0 0 0 0 0 0 0 0 0 0 0 0 0 0 0 0 0 0 0 0 0 0 0 0 0 0 0
2002042417 0 0 0 0 0 0 0 0 0 0 0 0 0 0 0 0 0 0 0 0 0 0 0 0 0 0 0 0 0 0 0 0 0 0 0 0 0 0 0 0 0 0
2002042418 0 0 0 0 0 0 0 0 0 0 0 0 0 0 0 0 0 0 0 0 0 0 0 0 0 0 0 0 0 0 0 0 0 0 0 0 0 0 0 0 0 0
2002042419 0 0 0 0 0 0 0 0 0 0 0 0 0 0 0 0 0 0 0 0 0 0 0 0 0 0 0 0 0 0 0 0 0 0 0 0 0 0 0 0 0 0
2002042420 0 0 0 0 0 0 0 0 0 0 0 0 0 0 0 0 0 0 0 0 0 0 0 0 0 0 0 0 0 0 0 0 0 0 0 0 0 0 0 0 0 0
2002042421 0 0 0 0 0 0 0 0 0 0 0 0 0 0 0 0 0 0 0 0 0 0 0 0 0 0 0 0 0 0 0 0 0 0 0 0 0 0 0 0 0 0
2002042422 0 0 0 0 0 0 0 0 0 0 0 0 0 0 0 0 0 0 0 0 0 0 0 0 0 0 0 0 0 0 0 0 0 0 0 0 0 0 0 0 0 0
2002042423 0 0 0 0 0 0 0 0 0 0 0 0 0 0 0 0 0 0 0 0 0 0 0 0 0 0 0 0 0 0 0 0 0 0 0 0 0 0 0 0 0 0
2002042500 0 0 0 0 0 0 0 0 0 0 0 0 0 0 0 0 0 0 0 0 0 0 0 0 0 0 0 0 0 0 0 0 0 0 0 0 0 0 0 0 0 0
2002042501 0 0 0 0 0 0 0 0 0 0 0 0 0 0 0.1 0 0 0 0 0 0 0 0 0 0 0 0 0 0 0 0 0 0.1 0 0 0 0 0 0 0.1 0 0
2002042502 0.1 0 0 0 0 0 0 0 0 0 0 0 0 0 0 0 0 0 0 0 0 0 0 0 0 0 0 0 0 0 0 0 0 0 0 0 0 0 0 0 0 0
2002042503 0 0 0 0 0.1 0 0.1 0.1 0 0 0 0 0 0 0 0.1 0 0 0 0 0 0 0 0 0.1 0 0 0 0 0 0 0 0.1 0 0 0 0.1 0 0.1 0 0 0
2002042504 0 0 0 0 0 0 0 0 0 0.1 0 0 0.1 0 0.1 0 0.1 0 0 0.1 0 0 0 0 0 0 0 0 0.1 0.1 0 0.1 0 0 0 0.1 0 0 0 0 0.1 0
2002042505 0 0 0 0 0 0 0 0 0.1 0 0 0 0 0 0 0 0.1 0.1 0 0 0 0 0 0 0 0 0 0 0 0 0 0 0 0 0.1 0 0 0 0 0 0 0
2002042506 0 0 0 0 0 0 0 0 0 0 0 0 0 0 0 0 0 0 0 0 0 0 0 0 0 0 0 0 0 0 0 0 0 0 0 0 0 0 0 0 0 0
2002042507 0 0 0 0 0 0 0 0 0 0 0 0 0 0 0 0 0 0 0 0 0 0 0 0 0 0 0 0 0 0 0 0 0 0 0 0 0 0 0 0 0 0
2002042508 0 0 0 0 0 0 0 0 0 0 0 0 0 0 0 0 0 0 0 0 0 0 0 0 0 0 0 0 0 0 0 0 0 0 0 0 0 0 0 0 0 0
2002042509 0 0 0 0 0 0 0 0 0 0 0 0 0 0 0 0 0 0 0 0 0 0 0 0 0 0 0 0 0 0 0 0 0 0 0 0 0 0 0 0 0 0
2002042510 0 0 0 0 0 0 0 0 0 0 0 0 0 0 0 0 0 0 0 0 0 0 0 0 0 0 0 0 0 0 0 0 0 0 0 0 0 0 0 0 0 0
2002042511 0 0 0 0 0 0 0 0 0 0 0 0 0 0 0 0 0 0 0 0 0 0 0 0 0 0 0 0 0 0 0 0 0 0 0 0 0 0 0 0 0 0
2002042512 0 0 0 0 0 0 0 0 0 0 0 0 0 0 0 0 0 0 0 0 0 0 0 0 0 0 0 0 0 0 0 0 0 0 0 0 0 0 0 0 0 0
2002042513 0 0 0 0 0 0 0 0 0 0 0 0 0 0 0 0 0 0 0 0 0 0 0 0 0 0 0 0 0 0.1 0 0 0 0 0 0 0 0 0 0 0 0
2002042514 0 0 0 0 0 0 0 0 0 0 0 0 0 0 0 0 0 0 0 0 0 0 0 0 0 0 0 0 0 0 0 0 0 0 0 0 0 0 0 0 0 0
2002042515 0 0 0 0 0 0 0 0 0 0 0 0 0 0 0 0 0 0 0 0 0 0 0 0 0 0 0 0 0 0 0 0 0 0 0 0 0 0 0 0 0 0
2002042516 0 0 0 0 0 0 0 0 0 0 0 0 0 0 0 0 0 0 0 0 0 0 0 0 0 0 0 0 0 0 0 0 0 0 0 0 0 0 0 0 0 0
2002042517 0 0 0 0 0 0 0 0 0 0 0 0 0 0 0 0 0 0 0 0 0 0 0 0 0 0 0 0 0 0 0 0 0 0 0 0 0 0 0 0 0 0
2002042518 0 0 0 0 0 0 0 0 0 0 0 0 0 0 0 0 0 0 0 0 0 0 0 0 0 0 0 0 0 0 0 0 0 0 0 0 0 0 0 0 0 0
2002042519 0 0 0 0 0 0 0 0 0 0 0 0 0 0 0 0 0 0 0 0 0 0 0 0 0 0 0 0 0 0 0 0 0 0 0 0 0 0 0 0 0 0
2002042520 0 0 0 0 0 0 0 0 0 0 0 0 0 0 0 0 0 0 0 0 0 0 0 0 0 0 0 0 0 0 0 0 0 0 0 0 0 0 0 0 0 0
2002042521 0 0 0 0 0 0 0 0 0 0 0 0 0 0 0 0 0 0 0 0 0 0 0 0 0 0 0 0 0 0 0 0 0 0 0 0 0 0 0 0 0 0
2002042522 0 0 0 0 0 0 0 0 0 0 0 0 0 0 0 0 0 0 0 0 0 0 0 0 0 0 0 0 0 0 0 0 0 0 0 0 0 0 0 0 0 0
2002042523 0 0 0 0 0 0 0 0 0 0 0 0 0 0 0 0 0 0 0 0 0 0 0 0 0 0 0 0 0 0 0 0 0 0 0 0 0 0 0 0 0 0
2002042600 0 0 0 0 0 0 0 0 0 0 0 0 0 0 0 0 0 0 0 0 0 0 0 0 0 0 0 0 0 0 0 0.1 0 0 0 0 0 0.1 0 0.1 0 0
2002042601 0 0 0 0 0 0 0 0 0 0 0 0 0 0 0 0 0 0 0 0 0 0 0 0 0 0 0 0 0 0 0 0 0 0 0 0 0 0 0.1 0 0 0
2002042602 0 0 0 0 0 0 0 0 0 0 0 0 0.1 0 0 0 0 0 0 0 0 0 0 0 0 0 0 0 0.1 0 0 0 0 0 0 0 0 0.1 0 0 0 0
2002042603 0 0 0 0 0 0 0 0 0 0 0 0 0 0 0 0 0 0 0 0 0 0 0 0 0 0 0 0 0 0 0.1 0 0 0.1 0 0 0.1 0 0 0 0 0
2002042604 0 0 0 0.1 0 0 0 0 0 0.1 0 0 0 0 0.1 0 0 0 0.1 0 0 0 0 0 0 0 0 0 0 0 0.1 0.1 0.1 0 0 0 0 0 0 0 0 0
2002042605 0 0 0 0 0 0 0 0 0 0 0 0 0 0 0 0 0 0 0 0 0 0 0 0 0 0 0 0 0 0 0 0 0 0 0 0 0 0 0 0 0 0
2002042606 0 0 0 0 0 0 0 0 0 0 0 0 0 0 0 0 0 0 0 0 0 0 0 0 0 0 0 0 0 0 0 0 0 0 0 0 0 0 0 0 0 0
2002042607 0 0 0 0 0 0 0 0 0 0 0 0 0 0 0 0 0 0 0 0 0 0 0 0 0 0.1 0 0 0 0 0 0 0 0 0 0 0 0 0 0 0 0
2002042608 0 0 0 0 0 0 0 0 0 0 0 0 0 0 0 0 0 0 0 0 0 0 0 0 0.1 0 0 0.3 0 0 0 0 0 0 0 0 0 0 0.1 0.2 0 0
2002042609 0 0 0 0 0 0 0 0 0 0 0 0 0 0 0 0.1 0 0 0 0 0 0 0 0 0 0 0 0 0 0 0 0 0 0 0 0 0 0 0 0 0 0
2002042610 0 0 0 0 0 0 0 0 0 0.1 0 0.1 0.2 0.4 0.1 0 0.6 0 0 0.1 0 0 0 0 0 0 0 0 0 0 0 0 0 0 0 0 0 0 0.1 0.2 0 0
2002042611 0.6 0.9 1.1 0.7 0.4 0.3 0.3 0.1 0.2 1 0.8 0.6 1 1.2 0.6 0.9 0.9 0.5 0.4 0.6 0.6 0.4 0.6 0.9 0.9 1.4 0.3 0.4 0 0.3 0.2 0.3 0.1 0.5 0.5 0.5 0.9 0.2 0.1 0.2 0 0.1
2002042612 1.2 1.2 1.3 0.4 1 1.7 1.1 0.7 1.2 2.9 0.8 1.7 1.5 1.4 1.3 1.9 1.9 2 1.4 1.5 1.4 1.1 1.6 2.4 3 2.7 1 1.3 0.4 0.6 0.8 0.9 1 1.4 1.1 1.1 1.7 0.5 0.9 0.9 0.9 0.5
2002042613 1 1.2 1.4 0.4 1.4 1.4 1.1 1.4 2.1 1.8 1.1 1.7 1.1 0.5 0.6 1.2 0.4 2.6 1.5 1 1.7 2.5 1.3 1.7 2.4 2.3 1.3 1.6 1.4 2.1 1.9 1.8 3.2 1.3 1.6 1.1 1.5 1.5 1.5 1.4 1.6 1.7
2002042614 0.4 0 0.5 0.2 1.4 1 0.9 0.8 1.2 0.1 0.1 0 0.6 0.5 0.3 0.4 0.5 0.6 0.5 0.1 0.1 0.4 0.6 1 1.6 0.7 1.2 0.8 0.5 0.4 0.5 0.5 1.3 0.3 0.2 0.3 0.3 0.7 1 0.8 1.2 1.2
2002042615 0.1 0.1 0.4 0.2 0 0.1 0.1 0.2 0 0.6 0.3 0.5 0.2 0.2 0.4 0.8 0.5 0.2 0.4 0.2 0.1 0.2 0.4 0.9 1.8 0.9 0.9 0.6 0.1 0.4 0.2 0.1 0.8 0.2 0.3 0.4 0.2 0.2 0.6 0.3 0.1 0.1
2002042616 0.3 0 0.3 0.1 0.4 0.1 0.3 0.3 0.9 0 0 0.1 0.2 0.3 0.3 0 0.2 0.3 0.3 0 0 0.1 0.4 1.3 1.2 0.6 0.7 1.2 0.1 0.4 0.1 0.3 0.3 0.3 0.2 0.1 0.3 0.3 0.3 0.3 0.5 0.5
2002042617 0 0 0.6 0.3 0.3 0.4 0.5 0.4 0.4 0.3 0.1 0.5 0.2 0.4 0.3 0.5 0.7 0.2 0.5 0.2 0.1 0.1 0.5 0.6 0.9 0.6 0.7 1.4 0.1 0.2 0.2 0.2 1 0.4 0.1 0.3 0.5 0.3 0.6 0.3 0.5 0.3
2002042618 0.1 0.2 0.1 0.2 0.5 0 0.2 0.3 0.5 1.1 0.2 0.7 2 0.7 0.4 0.7 1.7 1.4 0.8 0.5 0.5 0.6 1.4 2 2.3 1.3 0.6 1.2 0.3 0.6 0.2 0.6 1.1 0.2 0.3 0.4 1.2 0.4 0.1 0.2 0.2 0.5
2002042619 1 1.1 3.2 0.2 1.6 1.2 1.6 1.2 2.7 0.4 1 1.3 0 0 0.2 0.4 0 1.5 1.4 0.2 0.4 0.6 1.1 1 2.7 1.3 0.5 0.8 1 1.1 2.1 2.1 1.3 1.6 1.3 0.4 1.5 1.8 0.1 0.9 0.4 0.8
2002042620 0.7 0 0 0.2 1.2 0 0.3 1.2 0.3 0 0 0 0.2 0 0 0 0 0 0 0 0 0 0 0 0 0 0.8 0 0.1 0.1 0 0 0 0 0 0 0 0.3 1.2 0.1 0.5 1.7
2002042621 0 0 0 0.2 0.1 0 0 0 0 0.4 0 0.2 0 0 0 0 0 0 0 0 0 0 0 0 0 0.1 0.9 0 0 0 0 0 0.1 0.3 0 0 0 0 0 0 0 0
2002042622 0 0 0 0.2 0 0 0 0.6 0 0 0 0 0 0.1 0 0 0 0 0 0 0 0 0 0 0 0 0.7 0 0 0 0 0 0 0 0 0 0 0 0 0 0.8 0.2
2002042623 0 0 0 0.1 0 0 0 0 0 0 0 0 0.1 0.4 0.3 0.2 0 0 0 0 1.1 1 0 0 0 0 0.6 0.1 0 0.9 0.5 0 0.1 0 0 0.1 0.2 0 0 0 0 0
2002042700 0 0 0 0.2 0 0 0.1 0.5 0 0 0 0 0 0 0 0 0 0 0 0 0 0 0 0 0 0 0.5 0 0.8 0 0.1 0 0 0.2 0 0.1 0 0.4 0 0 0.1 0.3
2002042701 0 0 0 0.1 0 0 0 0 0 0 0 0 0 0 0.1 0 0 0 0 0 0 0 0 0 0 0 0.3 0 0 0 0 0 0 0 0 0 0 0 0 0 0 0
2002042702 0 0 0 0.1 0 0 0 0.1 0 0 0 0.1 0 0 0 0 0 0 0 0 0 0 0 0 0 0 0.3 0 0 0 0 0 0 0 0 0 0 0 0 0 0 0
2002042703 0 0 0 0.2 0 0 0 0 0 0 0 0 0 0 0 0 0 0 0 0 0 0 0 0.1 0 0 0.1 0 0 0 0 0 0 0 0 0 0 0 0 0 0.1 0
2002042704 0 0 0 0.1 0 0 0 0 0 0 0 0 0 0 0 0.1 0 0 0 0 0 0 0 0 0 0 0 0 0 0 0 0 0.1 0 0 0 0 0 0 0 0 0
2002042705 0 0 0 0.4 0 0 0 0 0 0 0 0 0 0 0 0 0 0 0.1 0 0 0 0 0 0 0 0 0 0 0 0 0 0 0 0 0 0.1 0 0 0 0 0
2002042706 0 0 0 0 0 0 0 0 0 0 0 0 0 0 0 0 0 0 0 0 0 0 0 0 0 0 0 0 0 0 0 0 0 0 0 0 0 0 0 0 0 0
2002042707 0 0 0 0 0 0 0 0 0 0 0 0 0 0 0 0 0 0 0 0 0 0 0 0 0 0 0 0 0 0 0 0 0 0 0 0 0 0 0 0 0 0
2002042708 0 0 0 0 0 0 0 0 0.2 0 0 0 0 0 0 0 0 0 0 0.2 0 0 0.1 0.4 0 0 0 0 0 0 0 0 0 0 0 0 0 0 0 0 0 0
2002042709 0 0 0 0 0.1 0 0 0 0 0 0 0 0 0.6 0 0.1 1.7 0 0 1.6 0 0.1 0 0.5 0 0.1 0.4 0.3 0 0.1 0.1 0.3 0 0 0 0 0 0 2.2 0.1 0 0
2002042710 0 1 0.1 1.2 0 0 0 0 0 0 0.3 0.4 0.4 0.3 0.3 0.9 0.3 0.5 1.3 2.8 0.9 0.6 0.1 0.7 0.4 1 0.2 1.5 0.2 1.4 0.4 1.8 0.7 0.3 0.8 0.6 0.8 0.8 0.8 0.1 0 0
2002042711 1.6 0 0.2 0 0.1 0.4 0.1 0.4 0.2 1.5 0.1 0.6 0 2.5 0.6 0.1 0 0.1 0.3 1 0.2 0.2 0.1 0 0.8 0.3 0.3 0.1 0.4 0 2.9 3.5 0.1 0.6 0 0 0 3.1 1.6 2.9 0.7 0.5
2002042712 0.4 0 0.6 0 2.1 0.6 0.8 0.6 0.4 0 0 0.3 0 0.8 0.7 0.2 0.2 1.1 0 0.1 0 0 0.1 6.1 0.2 0.3 0.4 0.8 0.7 0 0.7 0.7 1 0.2 0.7 0.1 4.4 1.4 0.5 0 0 0
2002042713 0 0 0 0 0.1 0.4 0 0.1 1.3 0 0 0.1 0 0.1 0 2.5 0.6 0.3 0.4 0 1 0 0.2 0.7 0.5 1.4 0.5 0.2 0.1 1 0.2 0.7 3.4 0.1 0.1 0 0.6 0.1 0 0.5 2.1 0.6
2002042714 0 0.1 0 0.1 0.4 0.3 1.3 0.7 0.1 0 0 0 0 0 0.3 0 0.8 0.6 0.1 0 0.6 0.1 0.8 0.1 3.4 0.8 0.5 2.9 2.3 3 0 1.5 1 0 0.2 0.2 0 0 0.2 0 0.5 0.5
2002042715 0 2.1 0.2 0 0 0 0 0 0 0.2 0.1 0.2 0.1 0 0.6 3.8 0 0 0.2 0.3 0.3 0.1 0 0 0.1 0 0.6 0.2 2.2 0.8 1.1 0.2 0.6 0 0.2 1 0.2 0.2 0 0 0 0
2002042716 0.6 0 0 0 0.2 0.1 0.5 0.4 0.1 0 0 0 0 0 0 0 0 1.5 0.8 1.2 0.1 1.5 1.1 0 0 0 0.5 0 0.3 0.2 0.3 1.2 0.2 0 0 0 0 0 0 0 0 0.5
2002042717 0 0 0 0 0.8 0 0 0 0 0 0 0 0 0 0 0 0 0 0 0 0 0 0 0 0 0 0.4 0 0.4 1.4 0.5 0 0.7 0 0 0 0 0.8 0 0 0.3 0
2002042718 0 0 0 0 0 0 0 0 0 0 0 0 0 0 0 0 0 0 0 0 0 0 0 0.4 0 4.3 0.8 0 0 0 0 0 0 0 0 0 0 0 0 0.1 0.6 0
2002042719 0 0 0 0 0 0 0 0 0 0 0 0 0 0 0 0 0 0 0 0 0 0.1 0 0 6.2 0.2 1 3.4 0 1.1 0 0.1 0 0 0 0 0 0 0 0 0.3 0
2002042720 0 0 0 0 0 0 0 0 0 0 0 0 0 0 0 0 0 0 0 0 0 0 0 0.1 0.2 0.1 0.9 0.7 0.1 0 0 0 0 0 0 0 0 0 0 0 0.1 0
2002042721 0 0 0 0 0 0 0.1 0 0 0 0 0 0 0 0 0 0 0 0.1 0 0 0 0.1 0 0.8 0.1 0.8 0.5 0 0.2 0.1 0.1 0.1 0 0 0 0 0 0.1 0 0 0
2002042722 0 0 0 0 0 0 0 0.1 0 0 0 0 0 0 0 0 0 0.1 0 0 0 0 0 0 0 0 0.5 0 0.1 0.2 0.2 0.1 0.2 0 0 0 0 0.4 0 0 0.1 0.1
2002042723 0 0 0 0 0 0 0 0 0 0 0 0 0 0.1 0 0 0 0 0 0 0 0 0 0 0 0 0.1 0.1 0 0 0 0 0 0 0 0 0 0 0 0 0.2 0
2002042800 0 0 0.2 0 0 0 0 0 0 0.3 0.1 0 0.1 0 0.1 0 0.1 0 0 0 0 0 0 0.1 0 0 0 0 0 0 0 0 0 0 0 0 0 0 0 0 0 0
2002042801 0.2 0 0.1 0 0.3 0.1 0.1 0.1 0.1 0 0.1 0.1 0 0 0 0 0 0 0 0 0 0 0 0 0.1 0 0 0.1 0 0 0 0 0 0.1 0 0 0 0 0 0 0 0.1
2002042802 0 0 0 0 0.1 0 0 0 0 0 0 0 0 0 0 0 0 0 0 0 0 0 0 0 0.1 0.1 0.1 0.2 0 0 0 0 0 0 0 0 0 0 0 0 0 0
2002042803 0 0 0 0 0 0 0 0 0 0 0 0 0 0 0 0 0 0 0 0 0 0 0 0 0 0 0 0.1 0 0 0 0 0 0 0 0 0 0 0 0 0.1 0
2002042804 0 0 0 0 0 0 0 0 0 0 0 0 0 0 0 0 0 0 0 0 0 0 0 0 0 0 0 0 0 0 0 0 0 0 0 0 0 0 0 0 0 0
2002042805 0 0.3 0 0.2 0 0 0 0 0 0 0.1 0 0.1 0.1 0 0 0.2 0 0 0 0 0 0 0 0 0 0 0 0 0 0 0 0 0 0 0 0 0 0 0 0 0
2002042806 0 0 0 0 0 0 0 0 0 0.6 0.1 0.7 1.4 1.5 1 0.7 1.1 0 0 0 0 0 0.1 0.4 0.3 0 0.1 0.1 0 0 0 0 0 0.1 0 0.1 0 0.1 0 0 0 0
2002042807 0.6 1 0.7 0.2 0.1 0.3 0 0 0 1.6 0.7 0.9 0.6 0.4 0.8 0.8 0.1 0.5 1.1 0.9 1 0.3 1.2 3.6 2.2 1.3 0.2 0.4 0.2 0.1 0.6 0.5 0.3 0.5 0.1 0.3 0.3 0.1 0 0 0.1 0
2002042808 0.2 0.7 0.2 1.4 0.1 0.4 0.1 0.6 0.2 0.2 0.4 0.2 0.2 0.6 0.3 0.6 0.8 0.8 0.7 0 0 0.2 1.3 1.5 1.4 1.2 0.3 1.8 0.3 0.4 0.5 0.6 0.8 0.2 0.1 0.3 0.2 0.2 0.9 0.3 0.1 0.3
2002042809 0.4 1.1 0.9 1.1 0.6 0.9 0.7 0.8 0.7 2.2 1.2 2 1.2 1.1 2.1 1.4 1.5 0.5 0.4 0.7 0.5 0.3 1 1.1 2.5 0.5 0.2 2.3 0.1 0.6 0.3 0.4 2 1.5 0.4 1.1 0.8 0.2 2.3 1.3 0.3 0.3
2002042810 2.4 0.5 2.5 1.2 1.6 1.2 1.1 1 1.2 0.5 0.6 0.7 0 0.3 0.5 1.1 0.4 0.5 0.7 0.5 0.7 0.7 1.1 1.4 1.2 0.9 0.3 1.6 0.1 0.4 0.1 0.5 2.5 0.5 0.3 0.5 0.6 0.4 0.3 0.2 0.2 0.8
2002042811 0.1 0 0.1 0.1 0.6 0.2 0.4 1 0.6 0 0.1 0.1 0 0 0 0.3 0 0.3 0.3 0.1 0.2 0.2 0.6 1 0.9 0.5 0.3 1.4 0.3 0.4 0.3 0.1 2.6 0.1 0.3 0.2 0.3 0.4 0.1 0.2 0.3 1.3
2002042812 0 0 0 0 0.1 0 0 0.1 0.2 0 0 0 0 0 0 0.1 0 0.4 0.3 0.1 0 0 0.7 1.2 1 0.6 0.3 1.3 0 0.1 0 0.1 0.2 0.1 0 0.1 0 0.1 0.2 0.2 0.3 0.3
2002042813 0 0 0 0 0 0 0 0.1 0 0 0 0 0 0 0 0.2 0 0.2 0.2 0 0 0 0.2 0.4 0.4 0.2 0.3 1.9 0 0 0.1 0.1 0.2 0.2 0 0.1 0 0.2 0 0.1 0.2 0
2002042814 0 0 0 0 0.1 0.1 0 0 0 0 0 0 0 0 0 0 0 0.2 0.4 0 0 0 0.3 0.9 0.6 0.3 0.3 0.9 0 0 0 0.2 0 0 0 0 0 0.3 0 0.1 0.2 0.1
2002042815 0 0 0 0 0 0 0 0.1 0 0 0 0 0 0 0 0 0 0.1 0.5 0 0 0 0.6 2.7 0.2 2.1 0.2 0.1 0 0 0.1 0.1 0.1 0 0 0 0 0.2 0 0 0.2 0.1
2002042816 0 0 0 0 0 0 0 0 0 0 0 0 0 0.2 0.1 0 0 0.5 0.9 0 0 0.2 0.1 0 1.5 0.3 0.2 0.7 0.8 0.2 1.8 0.6 0.2 0 0 0 0 2 0 0.1 0.2 0
2002042817 0 1.9 0 0 0 0 0 0.6 0 0.1 0 0 0.6 0.6 0 0 0 4.3 0.3 0 0 0 3.8 0.5 0 0 0.2 0.1 0.5 1 0 0.5 0.1 0 0 0 0 1.2 0.6 0 0.2 0
2002042818 0 0.2 0 1.4 0 0 0 0.1 0 0.5 0.1 0 0 1.5 0.2 0 0.2 0 0.3 0.1 0 0 0.2 0 0 0 0.2 0 0 2.6 0 1.3 0.1 0 0 0 0 0.8 0.1 0 0.1 0.9
2002042819 0 0 0 0 0 0 0 0 0 0 0.1 0.5 0.1 0.1 0 0.4 0 0.1 0 0.3 2 0.8 0.3 0 0 0 0.2 0 0.1 0 0 0 0 0.5 1.5 0 0.2 0 0 0 0.2 0.9
2002042820 1 0.5 0.4 0.6 0 0 0 0.8 0.1 0.2 0 1.4 0.2 0.1 0 2.2 0.2 0.2 0.8 4.2 3.5 0.5 1.3 0.8 0 0.1 0.1 0 0 0 0 0 0.5 2.3 0.6 2.8 3.3 0 0 0 0.1 0.3
2002042821 0.7 0.2 0.8 0.2 2.7 1.9 1.3 2.8 2.1 0.2 0.1 0.1 0.5 0.5 0.2 0.1 0.4 4.6 8.7 0.6 3 3.4 5.5 6.3 3.1 2.9 0.2 0.3 0.4 2 0.5 6.3 3.2 0.1 8.6 0.3 1.4 0.1 0 0 0.1 1.3
2002042822 0 0 0.1 0 1.5 0.8 0.8 5.7 6.3 0.4 0.1 0.1 0.4 1.9 0.2 0.9 0.8 2.2 0.7 0.6 0.5 0.6 2.6 0.6 0.3 0.1 0.2 0.7 3.1 1.9 2.6 2 7.2 0.1 0.7 0.2 0.4 3.1 0 0.1 0.2 3.9
2002042823 0.7 0 2.6 0.1 1 1.4 1.3 0.6 2.4 0.5 1.1 0.7 0.5 1.9 0.7 0.6 0.2 3.5 4.4 0.2 0.7 2.8 2 5.5 0.4 2.3 0.3 0 0.1 2.5 1.8 3.7 2.4 0.5 2.6 0.3 0.9 1.3 0 0 0.1 2.1
2002042900 1.2 1.1 1.4 1.4 1.5 0.3 0.8 1.6 1.1 0.7 1.8 2 0.6 1.3 2.3 1.7 0.8 0.4 0.5 0.1 0.1 0.3 0.5 0.4 2.7 0.5 0.3 1.1 0.8 1.8 1.7 0.7 2.4 1.5 0.3 0.7 0.3 1.3 0 0.6 0.2 2.4
2002042901 3.8 0.1 2.1 0.7 2.9 4.4 4.5 0.2 0.7 0.8 1.3 1.3 0.2 0.4 0.4 1.9 0.6 1 0.2 3.4 2.4 1.8 0.9 0.4 1.7 1.2 0.3 1.5 0.2 0.1 0.5 0.2 0.1 2.3 2.5 2.5 4.1 0.6 0 2.2 0.1 0.3
2002042902 0.9 0 1.1 0 2 1.6 2 1 1.4 0 0 0.2 0.1 0 0.1 0.4 0 1.6 1.2 0.6 1.2 1.5 1.1 2.7 0.6 1.6 0.3 0.4 1.4 1.8 1 1.6 3.2 0.3 2.1 0.5 1 1 1.9 1.4 0.2 1.3
2002042903 0 0 0 0 0.3 0 0.1 0.4 0.3 0 0 0 0 0.1 0 0 0 0.1 1 0 0 0.1 0 0.6 0.2 0.3 0.4 0.2 2.3 0.9 1.6 0.9 1.1 0 0 0.1 0 2.2 0.5 0.3 0.1 1
2002042904 0 0 0 0 0 0.1 0 0.1 0 0 0 0 0 0 0 0 0 0 0 0 0 0 0 0 0 0 0.3 0.1 0 0 0 0 0 0 0 0 0 0.1 0.8 0.1 0.1 0
2002042905 0 0 0 0 0 0 0 0 0 0 0 0 0 0 0.1 0 0 0 0 0 0 0 0 0 0 0 0.4 0 0 0 0 0 0 0 0 0 0 0 0 0 0.1 0
2002042906 0 0 0 0 0 0 0 0 0 0 0 0 0 0 0 0 0 0 0 0 0 0 0 0 0 0 0.3 0 0 0 0.1 0 0 0 0 0 0 0 0 0 0.2 0.1
2002042907 0 0 0 0 0 0 0 0 0 0 0 0 0 0 0 0 0 0 0 0 0 0 0 0 0 0 0.3 0 0 0 0 0 0 0 0 0 0 0 0 0 0.1 0
2002042908 0 0 0 0 0 0 0 0 0 0 0 0 0 0 0 0 0 0 0 0 0 0 0 0 0 0 0.3 0 0 0 0 0 0 0 0 0 0 0 0 0 0.1 0
2002042909 0 0 0 0 0 0 0 0 0 0 0 0 0 0 0 0 0 0 0 0 0 0 0 0 0 0 0.2 0 0 0 0 0 0 0 0 0 0 0 0 0 0.3 0
2002042910 0.2 3.3 0.4 0.7 0 0 0 0 0 7.6 2.5 0.5 8.5 2 0.6 0.3 0.5 0 0 0 0 0 0.1 0 0 0 10.5 0 0 0 0 0 0 0 0 0.1 0.1 0 0 0 0.2 0
2002042911 3.2 0 4.6 1.5 0.8 2.7 3.2 1.5 1.4 1.5 1.3 4.2 1.5 2.6 4 3.1 1.6 0 0 0.3 0 0 0 0 0 0 0 0 0 0 0 0 0.3 2.7 2.7 3.9 3.4 0 0 0 0.3 0.7
2002042912 0 0 0 0 3.3 1.8 1.9 2.7 5 0.2 0 1.1 0.2 0.2 0.6 1.3 2.1 0.2 0 0.7 0.3 0.5 0.3 0 0 0 0 0 0 0.3 0 0 1.5 1.1 0.9 1 0.6 0 0 0 3.9 2.9
2002042913 0 0.3 0 0 1.5 0.8 0.3 1.9 1.1 0 0.2 0 0.3 0.1 0.7 1.8 0.8 0.7 1.8 2.5 3.1 2.7 0.9 0.5 0.1 0.4 0.4 0.2 0.6 1.5 0.8 0.6 3.4 0.7 2.4 1.6 2.4 0.1 0 0.1 1 1.7
2002042914 0 0.1 0.3 0.1 0.2 0.1 0.1 1.8 1.2 0 1.3 0 0 0.9 0.1 3.3 1.1 1.9 1.9 0.1 0.1 0.7 1.7 0.2 0.5 1.6 2.6 2 1.7 4.2 2.5 1.7 4.6 0 0 0.9 0.4 1 1.4 0.9 4.1 4
2002042915 1.9 0 1 0.1 0 0.2 0 0.5 0.7 0 0.4 0.1 0 0 0.1 0 0 0 0 0 0 0 0 0 1.5 0.3 0.9 4.7 0.3 0.4 0.4 0.1 0 0.2 0.4 0 0.1 2.4 0 0.1 0.1 0.5
2002042916 0 0 0 0 0 0 0.1 0 0 0 0 0 0 0 0 0 0 0 0 0 0 0 0 0 0 0 0 0 0.3 0 0 0 0 0.1 0 0 0 0 0 0 0.1 0
2002042917 0 0 0 0 0 0 0 0 0 0 0 0 0 0 0 0 0 0 0 0 0 0 0 0 0 0 0 0 0 0 0 0 0 0 0 0 0 0 0 0 0 0
2002042918 0 0 0 0 0 0 0 0 0 0 0 0 0 0 0 0 0 0.1 0 0.1 0 0 0 0 0.4 0.3 0.6 0 0 0 0 0 0 0 0 0 0 0 0.2 0 0 0
2002042919 0 0 0 0 0.1 0 0 0.1 0 0 0 0 0 0 0 0 0.1 0 0 0 0.1 0.3 0 0 0.2 0 0.5 0.2 0.1 0 0 0 1.2 0 0 0 0 0.5 0 0 0 0.6
2002042920 0 0 0 0 0 0 0 0 0 0 0 0 0 0 0 0.1 0 0 0 0 0 0 0 0 0 0.1 0 0.1 0 0 0.1 0 0 0 0.5 0.1 0.1 0 0 0 0 0.1
2002042921 0 0 0 0 0 0 0.1 0 0.3 0 0 0 0 0 0 0 0 0 0 0 0 0 0 0 0.1 0 0.1 0 0 0 0 0 0 0 0 0 0 0.1 0 0 0 0
2002042922 0 0 0 0 0 0 0 0 0 0 0 0 0 0 0 0 0 0 0 0 0 0 0 0 0 0 0 0 0 0 0 0 0 0 0 0 0 0 0 0 0 0.1
2002042923 0 0 0 0 0 0 0 0 0 0 0 0 0 0 0 0 0 0 0 0 0 0 0 0 0 0 0 0 0 0 0 0 0 0 0 0 0 0 0 0 0 0
2002043000 0 0 0 0 0 0 0 0 0 0 0 0 0 0 0 0 0 0 0 0 0 0 0 0 0 0 0 0 0 0 0 0 0 0 0 0 0 0 0 0 0 0
2002043001 0 0 0 0 0 0 0 0 0 0 0 0 0 0 0 0 0 0 0 0 0 0 0 0 0 0 0 0 0 0 0 0 0 0 0 0 0 0 0 0 0 0
2002043002 0 0 0 0 0 0 0 0 0 0 0 0 0 0 0 0 0 0 0.1 0.1 0 0 0.1 0.2 0.2 0.1 0.1 0.1 0 0 0 0 0 0 0 0 0 0 0 0 0 0
2002043003 0 0 0 0 0 0 0 0 0 0 0 0 0 0.1 0 0 0 0.3 0.1 0.3 0.2 0 0.2 0.3 0.3 0.2 0.2 0.2 0.1 0.2 0.2 0.1 0.1 0 0 0.1 0.3 0.1 0.2 0.2 0.1 0
2002043004 0 0 0 0 0.3 0.2 0.2 0.1 1 0.1 0 0 0.1 0.1 0.1 0.4 0.1 0.3 0.2 0.3 0.1 0.1 0.5 0.3 0.4 0.2 0.6 0.5 0.1 0 0.2 0.1 0.1 0.1 0.2 0.3 0.2 0.1 0.2 0.3 0.1 0.1
2002043005 0 0.1 0.1 0 0.3 0.1 0.2 0.1 0.1 0 0 0 0 0 0 0 0 0 0 0.1 0 0 0 0.1 0.1 0 0.1 0.2 0.1 0.1 0 0 0.1 0 0.1 0 0 0.1 0 0 0 0
2002043006 0 0 0 0 0 0 0 0 0 0 0 0 0 0 0 0 0 0 0 0 0 0 0 0 0 0 0 0 0 0 0 0 0 0 0 0 0 0 0 0 0 0.1
2002043007 0 0 0 0 0 0 0 0 0 0 0 0 0 0 0 0 0 0 0 0 0 0 0 0 0 0 0 0 0 0 0 0 0 0 0 0 0 0 0 0 0 0
2002043008 0 0 0 0 0 0 0 0 0 0 0 0 0 0 0 0 0 0 0 0 0 0 0.1 0 0 0 0 0 0 0 0 0 0 0 0 0 0 0 0 0 0 0
2002043009 0 0 0 0 0 0 0 0 0 0 0 0 0 0 0 0 0 0 0 0 0 0 0 0 0 0 0 0 0 0 0 0 0 0 0 0 0 0 0 0 0 0
2002043010 0 0 0 0 0.1 0 0 0 0 0 0 0 0 0 0 0 0 0 0 0 0 0 0 0 0 0 0 0 0 0 0 0 0 0 0 0 0 0 0 0 0 0
2002043011 0 0 0 0 0 0 0 0 0 0 0 0 0 0 0 0 0 0 0 0 0 0 0 0 0 0 0 0 0 0 0 0 0 0 0 0 0 0 0 0 0 0
2002043012 0 0 0 0 0 0 0 0 0 0 0 0 0 0 0 0 0 0 0 0 0 0 0 0 0 0 0 0 0 0 0 0 0 0 0 0 0 0 0 0 0 0
2002043013 0 0 0 0 0 0 0 0 0 0 0 0 0 0 0 0 0 0 0 0 0 0 0 0 0 0 0 0 0 0 0 0 0 0 0 0 0 0 0 0 0 0
2002043014 0 0 0 0 0 0 0 0 0 0 0 0 0 0 0 0 0 0 0 0 0 0 0 0 0 0 0 0 0 0 0 0 0 0 0 0 0 0 0 0 0 0
2002043015 0 0 0 0 0 0 0 0 0 0 0 0 0 0 0 0 0 0 0 0 0 0 0 0 0 0 0 0 0 0 0 0 0 0 0 0 0 0 0 0 0 0
2002043016 0 0 0 0 0 0 0 0 0 0 0 0 0 0 0 0 0 0 0 0 0 0 0 0 0 0 0 0 0 0 0 0 0 0 0 0 0 0 0 0 0.1 0
2002043017 0 0 0 0 0 0 0 0 0 0 0 0 0 0 0 0 0 0 0 0 0 0 0 0 0 0 0 0 0 0 0 0 0 0 0 0 0 0 0 0 0 0
2002043018 0 0 0 0 0 0 0 0 0 0 0 0 0 0 0 0 0 0 0 0 0 0 0 0 0 0 0 0 0 0 0 0 0 0 0 0 0 0 0 0 0 0
2002043019 0 0 0 0 0 0 0 0 0 0 0 0 0 0 0 0 0 0 0 0 0 0 0 0 0 0 0 0 0 0 0 0 0 0 0 0 0 0 0 0 0 0
2002043020 0 0 0 0 0 0 0 0 0 0 0 0 0 0 0 0 0 0 0 0 0 0 0 0 0 0 0 0 0 0 0 0 0 0 0 0 0 0 0 0 0 0
2002043021 0 0 0 0 0 0 0 0 0 0 0 0 0 0 0 0 0 0 0 0 0 0 0 0 0 0 0 0 0 0 0 0 0 0 0 0 0 0 0 0 0 0
2002043022 0 0 0 0 0 0 0 0 0 0 0 0 0 0 0 0 0 0 0 0 0 0 0 0 0 0 0 0 0 0 0 0 0 0 0 0 0 0 0 0 0 0
2002043023 0 0 0 0 0 0 0 0 0 0 0 0 0.1 0.2 0 0 0.2 0 0 0 0 0 0 0 0 0 0 0 0 0 0 0 0 0 0 0 0 0 0 0 0 0
2002050100 0 0 0.6 0 0 0 0 0 0 0.2 0.1 0.7 0.5 0.6 0.4 0.6 0.8 0.3 0.2 0.5 0 0.1 0.5 0.5 0.2 0.2 0.6 1.3 0 0.4 0.6 0.2 0.2 0.1 0.1 0.3 0.2 0.3 0.2 0.7 0 0
2002050101 0.8 0.8 0.8 0.3 0.7 0.9 0.9 0.6 0.2 0.3 0.3 0.5 0.1 0.1 0.2 0.4 0 0.9 0.9 0.3 0.3 0.4 0.8 0.7 0.8 0.5 1.4 2 0.6 0.7 1 0.8 1 0.4 0.6 0.5 0.6 1 1 1 0.3 0.3
2002050102 0.2 0 0.1 0.1 0.5 0.2 0.2 1.1 0.6 0 0 0 0 0 0 0 0 0 0 0 0 0.1 0 0 0 0 0.2 0.7 0.7 0.6 0.8 0.2 0.5 0 0.1 0 0 1 0.8 0.5 1 0.8
2002050103 0 0 0 0 0 0 0 0 0 0 0 0 0 0 0 0 0 0 0 0 0 0 0 0 0 0 0 0 0 0 0 0 0 0 0 0 0 0 0 0 0 0.1
2002050104 0 0 0 0 0 0 0 0 0 0 0 0 0 0 0 0 0 0 0 0 0 0 0 0 0 0 0 0 0 0 0 0 0 0 0 0 0 0.1 0 0 0 0
2002050105 0 0 0 0 0 0 0 0 0 0 0 0 0 0 0 0 0 0 0 0 0 0 0 0 0 0 0 0 0 0 0 0 0 0 0.1 0 0 0 0 0 0 0
2002050106 0 0 0 0 0 0 0 0 0 0 0 0 0 0 0 0 0 0 0 0 0 0 0 0 0 0 0 0 0 0 0 0 0 0 0 0 0 0 0 0 0 0
2002050107 0 0 0 0 0 0 0 0 0 0 0 0 0 0 0 0 0 0 0 0 0 0 0 0 0 0 0 0 0 0 0 0 0 0 0 0 0 0 0 0 0 0
2002050108 0 0 0 0 0 0 0 0 0 0 0 0 0 0 0 0 0.1 0 0 0 0 0 0 0 0 0.1 0.1 0 0 0 0 0 0 0 0 0 0 0 0 0 0 0
2002050109 0 0 0 0 0 0 0 0 0 0 0 0 0 0 0 0 0.6 0.3 0.2 0 0 0.2 0.2 0.4 0.4 0.6 0.3 0.4 0 0.1 0 0.4 0.1 0 0 0 0 0 0 0 0 0
2002050110 0 0 0 0 0 0 0 0.2 0 0 0 0.3 0.2 0 0 0.1 0.1 0 0 0 0.1 0.3 1.2 0 0.1 0.3 0.2 0.1 0.5 0.3 0.3 0.2 0.4 0.2 0 0.1 0.7 0.1 0.1 0.1 0 0
2002050111 0 0.1 0.1 0 0 0.7 0.7 0 0 0.4 0.3 0.2 0 0.3 0.6 0 2.4 0 0 0.4 0.8 0.1 0.4 0.1 0.1 0 0.1 0.6 0.2 0 0 0 0 0 0.4 0 0 0.3 0 0 0 0.9
2002050112 0.7 0 0.1 0.1 0.3 0 0 0.1 0 0 0 0.1 0 0 0 0 0 3 0 0 1.9 0 1.7 1.3 0 0.6 0 0.5 0 0 0.1 0 0 0 0.2 0.1 1.2 0.2 0.1 2.8 0 0
2002050113 0 0 0 0 2.2 0.2 0.8 0 0 0 0 0 0 0 0 0 0 0.3 0.8 0 0 1.3 0 0 0.1 0.3 4.1 0 0 0.4 0.1 0.5 0 0 0.3 0 0 0 0 1.6 0 0
2002050114 0 0 0 0 0 0 0 0.4 0 0 0 0 0 0 0 0 0 0 0 0 0 0 0 0 0 0 0 0 2.1 0.3 1.9 0 0.5 0 0 0 0 0 0 1.3 0 0.7
2002050115 0 0 0 0 0 0 0 0.9 0.9 0 0 0 0 0 0 0 0 0 0 0 0 0 0 0 0 0 0 0 0 0 0 0 0 0 0 0.3 0 0 0 0 0 1.3
2002050116 0 0 0 0 0 0 0 0 0 0 0 0 0 0 0 0 0 0 0 0 0 0 0 0 0 0 0 0 0 0 0 0 0 0 0 0 0 0 0 0.5 0 0
2002050117 0 0 0 0 0 0 0 0 0 0 0 0 0 0 0 0 0 0 0 0 0 0 0 0 0 0 0 0 0 0 0 0 0 0 0 0 0 0 0 0 0 0
2002050118 0 0 0 0 0 0 0 0 0 0 0 0 0 0 0 0 0 0 0 0 0 0 0 0 0 0.1 0 0 0 0 0 0 0 0 0 0 0 0 2.4 0 0 0
2002050119 0 0 0 0 0 0 0 0 0 0 0 0 0 0 0 0 0 0 0 0 0 0 0 0.1 0 0 0 0 0 0 0 0 0 0 0 0 0 0 0.1 0 0 0
2002050120 0 0 0 0 0 0 0 0 0 0 0 0 0 0 0 0 0 0 0 0 0 0 0 0 3.6 0 0.3 0 0 0 0 0 0 0 0 0 0 0 0 0 0 0
2002050121 0 0 0 0 0 0 0 0 0 0 0 0 0 0 0 0 0 0.6 1.2 0 0.2 0.1 0 0 0.4 0 1.5 0.2 0 0 0 0.5 0 0 0 0 0.2 0 0.2 0 0.2 0
2002050122 0 0 0 0 0 0 0 0 0 0 0.1 0.4 0 0 0 0.1 0 0.1 0.1 0 0.9 0.8 0 0 0.1 0 0.3 0.1 0 0 0 0.5 0 0.7 0.1 2.9 3 0.2 0.2 0 0 0
2002050123 0 0.1 0 0 0 0 0 0 0 0 1 0.6 0 0 0 0 0 0.2 0.1 0 0 0.1 0.1 0.1 0.3 0.7 0.2 0 0.1 0.2 0.6 0.4 0.1 1 0.2 0.8 0.6 0.2 0.1 0 0 0
2002050200 0 0 0.2 0.3 0 0 0 0 0 0 0.1 0 0 0 0 0.4 0 0.2 0.2 0.1 0 0.1 0.4 0.8 1 0.9 0.3 0.2 0.3 0.8 0.9 0.2 0.1 0.1 0.3 0 0.1 0.8 0 0.2 0 0
2002050201 0 0.2 0.1 0.1 0 0 0 0 0 0.1 0 0.3 0 0.1 0.2 0.5 0.3 0.2 0.2 0.1 0.1 0 0.3 0.3 0.6 0.5 0.8 0.3 0 0 0 0 0.2 0.2 0 0.1 0 0 0.8 0.3 0 0
2002050202 0 0.4 0 0 0 0 0 0 0 0.2 0.2 0.3 0.2 0 0.2 0.3 0.1 0.1 0.2 0 0 0 0.1 0.2 0.5 0.2 0.4 0.9 0.1 0.1 0.2 0.2 0.3 0.4 0.1 0.2 0 0.4 0.8 0.5 0 0
2002050203 0 0.2 0.2 0 0 0.2 0 0.3 0.1 0 0 0 0 0 0.1 0.1 0 0 0 0 0 0 0.1 0 0 0.1 0 0.4 0.3 0.2 0.2 0 0.6 0 0.1 0.1 0 0.3 1.1 0.4 0.4 0.3
2002050204 0 0 0.2 0 0.2 0.3 0.3 0.2 0.2 0 0 0 0 0 0 0 0 0 0 0 0 0 0 0.2 0.7 0.3 0.1 0.1 0 0 0 0 0 0.1 0.1 0 0 0.1 0.3 0 0.1 0.2
2002050205 0 0 0 0 0 0 0 0 0 0 0 0 0 0 0 0 0 0.2 0.2 0.1 0 0 0.5 0.6 0.4 0.2 0.4 0.1 0.1 0 0 0.2 0.1 0 0 0 0 0.1 0.1 0 0 0
2002050206 0 0 0 0 0 0 0 0 0 0 0 0 0 0.1 0 0.1 0.9 0.3 0.7 0.6 0 0.2 0.2 0.1 0.1 0 0.2 0 0 0.1 0 0.2 0 0 0 0 0 0 0 0 0 0
2002050207 0 0 0 0 0 0 0 0 0 0.1 0 0 0 0.2 0.1 0 0.1 0 0 0.1 0.2 0.1 0 0 0 0 0 0 0 0.1 0.1 0.2 0 0 0 0 0.1 0.3 0 0 0 0
2002050208 0 0 0 0 0.2 0 0 0 0.1 0.2 0.5 0 0 0 0 0 0 0 0 0 0.1 0 0 0 0 0 0 0 0.1 0 0 0.2 0.3 0 0 0 0 0 0 0 0.1 0
2002050209 0 0 0.2 0 0 0 0.2 0 0.3 0 0.4 0 0 0 0 0 0 0 0 0 0 0 0 0 0 0 0 0.1 0 0 0 0 0 0 0 0 0 0 0 0.1 0 0
2002050210 0 0 0 0.1 0 0 0 0 0 0 0 0 0 0 0 0 0 0 0 0 0 0 0 0 0 0 0 0 0 0 0 0 0 0 0 0 0 0 0 0 0 0
2002050211 0 0.1 0 0 0 0 0 0 0 0 0 0 0 0 0 0 0 0 0 0 0 0 0 0 0 0 0 0 0 0 0 0 0 0 0 0 0 0 0 0 0 0
2002050212 0 0 0 0 0 0 0 0 0 0 0 0 0 0 0 0 0 0 0 0 0 0 0 0 0 0 0 0 0 0 0 0 0 0 0 0 0 0 0 0 0 0.1
2002050213 0 0 0 0 0 0 0 0 0 0 0 0 0 0 0 0 0 0 0 0 0 0 0 0 0 0 0 0 0 0 0 0 0 0 0 0 0 0 0 0 0 0
2002050214 0 0 0 0 0 0 0 0 0.1 0 0 0 0 0.2 0 0 0.7 0 0 0 0 0 0 0 0 0 0 0 0 0 0 0 0 0 0 0 0 0 0 0 0 0
2002050215 0 0 0 0 0 0 0 0 0 0.1 0 0 0.1 0.2 0.2 0 0.8 0 0 0 0 0 0.1 0.4 0.5 0.2 0 0 0 0 0 0 0 0 0 0 0 0 0 0 0 0
2002050216 0 0 0 0 0 0 0 0 0 0 0 0 0.2 0 0.4 0.1 0 0 0 0.3 0 0 1.2 0.4 0.1 0 0.2 0 0 0 0 0 0 0 0 0 0 0 0 0 0 0
2002050217 0 0 0 0 0 0 0 0 0 0.8 0 0.1 0 0 0.1 0.1 0 0.1 0 0 0 0 0 0 0 0 0 0.1 0 0 0 0 0 0 0 0.1 0 0 0 0 0 0
2002050218 0 0 0 0 0 0 0 0 0 0 0.1 0.3 0 0 0 0 0 0 0 0 0 0 0 0 0 0 0 0 0 0.1 0.1 0 0 0 0 0 0 0 0 0 0 0
2002050219 0 0 0.1 0 0 0 0 0 0 0 0 0 0 0 0 0 0 0 0 0 0 0 0 0 0 0 0 0 0 0 0 0 0.1 0 0 0 0 0 0 0 0 0
2002050220 0 0 0.1 0 0 0 0 0 0 0 0 0 0 0 0 0 0 0 0 0 0 0 0 0 0 0 0 0 0 0 0 0 0.2 0 0.1 0 0 0 0 0 0 0
2002050221 0 0 0 0 0 0 0 0 0 0 0 0 0 0 0 0 0 0 0 0 0 0 0 0 0 0 0 0 0 0 0 0 0 0 0 0 0 0 0 0 0 0
2002050222 0 0 0 0 0 0 0 0 0 0 0 0 0 0 0 0 0 0 0 0 0 0 0 0 0 0 0 0 0 0 0 0 0 0 0 0 0 0 0 0 0 0
2002050223 0 0 0 0 0 0 0 0 0 0 0 0 0 0 0 0 0 0 0 0 0 0 0 0 0 0 0 0 0 0 0 0 0 0 0 0 0 0 0 0 0 0
2002050300 0 0 0 0 0 0 0 0 0 0 0 0 0 0 0 0 0 0 0 0 0 0 0 0 0 0 0 0 0 0 0 0 0 0 0 0 0 0 0 0 0 0
2002050301 0 0 0 0 0 0 0 0 0 0 0 0 0 0 0 0 0 0 0 0 0 0 0 0 0 0 0 0 0 0 0 0 0 0 0 0 0 0 0 0 0 0
2002050302 0 0 0 0 0 0 0 0 0 0 0 0 0 0 0 0 0 0 0 0 0 0 0 0 0 0 0 0 0 0 0 0 0 0 0 0 0 0 0 0 0 0
2002050303 0 0 0 0 0 0 0 0 0 0 0 0 0 0 0 0 0.1 0 0 0 0 0 0 0 0 0 0 0 0 0 0 0 0 0 0 0 0 0 0 0 0 0
2002050304 0 0 0 0 0 0 0 0 0 0 0 0 0 0 0 0 0 0 0 0 0 0 0 0 0 0 0 0 0 0 0 0 0 0 0 0 0 0 0 0 0 0
2002050305 0 0 0 0 0 0 0 0 0 0 0 0 0 0 0 0 0 0 0 0 0 0 0 0 0 0 0 0 0 0 0 0 0 0 0 0 0 0 0 0 0 0
2002050306 0 0 0 0 0 0 0 0 0 0 0 0 0 0 0 0 0 0 0 0 0 0 0 0 0 0 0 0 0 0 0 0 0 0 0 0 0 0 0 0 0 0
2002050307 0 0 0 0 0 0 0 0 0 0 0 0 0 0 0 0 0 0 0 0 0 0 0 0 0 0 0 0 0 0 0 0 0 0 0 0 0 0 0 0 0 0
2002050308 0 0 0 0 0 0 0 0 0 0 0 0 0 0 0 0 0 0 0 0 0 0 0 0 0 0 0 0 0 0 0 0 0 0 0 0 0 0 0 0 0 0
2002050309 0 0 0 0 0 0 0 0 0 0 0 0 0 0 0 0 0 0 0 0 0 0 0 0 0 0 0 0 0 0 0 0 0 0 0 0 0 0 0 0 0 0
2002050310 0 0 0 0 0 0 0 0 0 0 0 0 0 0 0 0 0 0 0 0 0 0 0 0 0 0 0 0 0 0 0 0 0 0 0 0 0 0 0 0 0 0
2002050311 0 0 0 0 0 0 0 0 0 0 0 0 0 0 0 0 0 0 0 0 0 0 0 0 0 0 0 0 0 0 0 0 0 0 0 0 0 0 0 0 0 0
2002050312 0 0 0 0 0 0 0 0 0 0 0 0 0 0 0 0 0 0 0 0 0 0 0 0 0 0 0 0 0 0 0 0 0 0 0 0 0 0 0 0 0 0
2002050313 0 0 0 0 0 0 0 0 0 0 0 0 0 0 0 0 0 0 0 0 0 0 0 0 0 0 0 0 0 0 0 0 0 0 0 0 0 0 0 0 0 0
2002050314 0 0 0 0 0 0 0 0 0 0 0 0 0 0 0 0 0 0 0 0 0 0 0 0 0 0 0 0 0 0 0 0 0 0 0 0 0 0 0 0 0 0
2002050315 0 0 0 0 0 0 0 0 0 0 0 0 0 0 0 0 0 0 0 0 0 0 0 0 0 0 0 0 0 0 0 0 0 0 0 0 0 0 0 0 0 0
2002050316 0 0 0 0 0 0 0 0 0 0 0 0 0 0 0 0 0 0 0 0 0 0 0 0 0 0 0 0 0 0 0 0 0 0 0 0 0 0 0 0 0 0
2002050317 0 0 0 0 0 0 0 0 0 0 0 0 0 0 0 0 0 0 0 0 0 0 0 0 0 0 0 0 0 0 0 0 0 0 0 0 0 0 0 0 0 0
2002050318 0 0 0 0 0 0 0 0 0 0 0 0 0 0 0 0 0 0 0 0 0 0 0 0 0 0 0 0 0 0 0 0 0 0 0 0 0 0 0 0 0 0
2002050319 0 0 0 0 0 0 0 0 0 0 0 0 0 0 0 0 0 0 0 0 0 0 0 0 0 0 0 0 0 0 0 0 0 0 0 0 0 0 0 0 0 0
2002050320 0 0 0 0 0 0 0 0 0 0 0 0 0 0 0 0 0 0 0 0 0 0 0 0 0 0 0 0 0 0 0 0 0 0 0 0 0 0 0 0 0 0
2002050321 0 0 0 0 0 0 0 0 0 0 0 0 0 0 0 0 0 0 0 0 0 0 0 0 0 0 0 0 0 0 0 0 0 0 0 0 0 0 0 0 0 0
2002050322 0 0 0 0 0 0 0 0 0 0 0 0 0 0 0 0 0 0 0 0 0 0 0 0 0 0 0 0 0 0 0 0 0 0 0 0 0 0 0 0 0 0
2002050323 0 0 0 0 0 0 0 0 0 0 0 0 0 0 0 0 0 0 0 0 0 0 0 0 0 0 0 0 0 0 0 0 0 0 0 0 0 0 0 0 0 0
2002050400 0 0 0 0 0 0 0 0 0 0 0 0 0 0 0 0 0 0 0 0 0 0 0 0 0 0 0 0 0 0 0 0 0 0 0 0 0 0 0 0 0 0
2002050401 0 0 0 0 0 0 0 0 0 0 0 0 0 0 0 0 0 0 0 0 0 0 0 0 0 0 0 0 0 0 0 0 0 0 0 0 0 0 0 0 0 0
2002050402 0 0 0 0 0 0 0 0 0 0 0 0 0 0 0 0 0 0 0 0 0 0 0 0 0 0 0 0 0 0 0 0 0 0 0 0 0 0 0 0 0 0
2002050403 0.2 0 0.2 0 0.2 0 0 0 0 0 0 0 0 0 0 0 0 0 0 0 0 0 0 0 0 0 0 0 0 0 0 0 0 0 0 0 0 0 0 0 0.3 0.1
2002050404 0.3 0 0.2 0 1.4 0.1 0.6 0 0.3 0 0 0 0 0 0 0 0 0 0 0 0 0 0 0 0 0 0 0 0 0 0 0 0 0 0 0 0 0 0 0 0.1 0.2
2002050405 1.1 0 0.1 0 0.7 0.5 0.9 0.1 0.1 0 0 0 0 0 0 0 0 0 0 0 0 0 0 0 0 0 0 0 0 0 0 0 0.1 0 0.1 0 0 0.2 0 0 0.7 0.8
2002050406 1.4 0.1 0.7 0.3 1.1 0.4 0.7 0.6 0.3 0.1 0 0 0 0 0 0 0.1 0 0 0 0 0 0 0 0 0 0 0 0.9 0 0 0 1.8 0 0.1 0 0 1.3 0 0 0.6 0.4
2002050407 0.5 0 0.8 0.2 0.4 0.3 0.3 0.2 0 0.1 0.1 0 0 0.1 0 0 0 0 0 0 0 0 0 0 0 0 0 0 0.2 0.1 0.1 0 0.4 0 0.1 0 0 0 0 0 0.1 0.1
2002050408 0.1 0 0 0.1 0.7 0.2 0.4 0 0.9 0 0.5 0.1 0 0 0.2 0.2 0 0 0 0 0.4 0.2 0 0 0 0 0 0 0.1 0.1 0.1 0 0.2 0 0.5 0 0 0.1 0 0 0 0
2002050409 0.2 0.4 0.1 0 0.7 0.2 0.3 0.2 0.9 0 0 0.6 0 0 0 0.1 0 0.2 0.1 0 0 0.1 0.3 0 0 0 0 0 0.1 0.4 0.4 0.5 0.3 0 0.3 0 0 0.2 0 0 0 0.1
2002050410 0.2 0.2 0.2 0.1 0.5 0.1 0.2 0.3 0.1 0 0.3 0 0 0 0 0.1 0 0 0.1 0 0 0 0.5 0 0 0 0 0 0 0.1 0 0.1 0.1 0.1 0.1 0 0 0 0 0 0 0
2002050411 0.2 0.3 0.3 0 0.2 0.5 0.3 0 0 0.2 0.2 0.2 0.3 0 0.1 0 0.1 0 0 0 0 0 0 0 0 0 0 0 0 0 0 0 0.3 0 0.2 0 0 0.1 0 0 0.1 0.1
2002050412 0 0.3 0.3 0 0.3 0.3 0.2 0.1 0.1 0.4 0.1 0.2 0.2 0.4 0.6 0.2 0 0 0 0 0 0.1 0.1 0 0 0 0 0 0.1 0.2 0.6 0.1 0 0.3 0.1 0.1 0.1 0.4 0.2 0 0.3 0.4
2002050413 0.5 0.2 0.4 0.1 0.6 0.5 0.5 0.5 0 0.3 0.3 0.5 0.8 1 1.1 0.5 1.3 1.2 0.3 1.1 0.7 1.1 1.8 0.7 0.2 0.6 0.2 0 0.4 0.3 0.9 0.9 0.5 0.4 0.4 0.4 0.5 0.9 0.4 0.2 0.2 0.4
2002050414 0.8 0.3 0.5 0 0.9 0.9 0.8 0.8 0.3 0.5 0.2 0.7 0.2 0.5 0.4 0.5 0.3 1.1 0.8 0.5 0.8 1.1 0.8 0.3 0.3 0.3 0.8 0.5 0.8 0.3 0.6 0.6 1.4 0.4 0.6 0.6 0.4 0.7 0.3 0.3 0.4 0.4
2002050415 1.8 0.4 1.6 0.4 1.8 1.7 3.1 1.3 0.7 0.5 0.5 2.9 0.5 1.2 0.7 0.4 0.7 1.2 0.5 0.4 0.5 0.9 1 0.4 0.4 0.3 0.2 0.2 1.8 0.9 1.1 1.1 1.6 1.2 1.6 1.1 0.7 1.7 0.5 0.4 1 1.2
2002050416 2.4 1.2 2 1.7 2.7 2.6 3 2.2 1.6 0.8 1.6 2.8 0.2 0.3 1.1 1.5 0.3 1.9 1.3 0.3 1.8 1.8 1 0.5 0.4 0.5 1 0.9 2.1 1.7 1.9 1.7 2.4 1.8 2 1.8 1.6 1.8 1.3 1.1 1.9 2.2
2002050417 2.1 1.8 2.1 1.5 2.6 2.3 3.5 2 1.3 1.9 1.9 2.1 1.5 1.4 1.7 1.9 0.9 1.3 1.1 1 1.5 1.2 1.6 0.7 0.9 0.7 0.8 0.9 0.9 1 1.7 1.5 2 1.3 1.8 1.3 1 1.2 1 0.7 1 1.6
2002050418 2.2 0.9 1.8 1.3 2 1.3 2.3 1.3 0.6 1.2 1.3 2.1 0.9 1.1 1.7 0.9 1.3 1.3 0.9 0.5 0.7 1.1 1.4 0.6 0.3 0.4 0.6 0.3 0.3 0.9 1.3 1.1 1 0.9 1.2 1 0.7 0.9 0.4 0.4 0.3 0.5
2002050419 1.5 0.8 1.1 0.7 1.9 1.4 3 1.2 0.9 0.8 0.7 1.2 0.7 1.3 0.9 0.5 1.7 1.1 0.9 0.5 0.3 0.6 1.1 0.2 0.2 0.1 0.3 0.1 0.1 0.6 1.1 0.9 1.1 0.5 1 0.5 0.2 1 0.3 0.1 0.5 0.5
2002050420 1.8 1.1 1.7 0.8 2.3 1.8 2.8 1.4 0.7 0.8 1.2 1.9 0.5 0.5 0.9 0.6 0.5 1 0.7 0.3 0.3 0.8 1.4 0.2 0 0.1 0.2 0.1 0.2 0.8 0.4 0.7 2.3 0.9 1.4 1 0.6 1.9 0.7 0.1 1.3 0.9
2002050421 1.4 1.2 1.4 1 2.4 1.6 2.4 0.9 1.1 0.9 1 2 0.6 0.7 1 0.7 0.6 1.9 1.4 0.4 0.7 1.1 2 0.4 0.2 0.2 0.7 0.9 0.5 1.4 1.3 1.3 3 1.1 2.2 0.8 0.7 2.5 1.4 0.5 1 0.6
2002050422 0.8 0.8 0.6 0.1 3.2 1.6 2.6 1.1 1.8 0.9 1 2.3 0.6 1.2 1.3 1.3 0.9 2.3 1.4 0.7 0.7 0.9 2.4 0.6 0.3 0.3 0.9 0.7 0.5 1.5 0.6 1.3 1.2 1.3 1.6 1.1 0.9 1.3 1.2 0.8 1.1 1.1
2002050423 1.9 0.1 1.6 0 2.3 1.7 2.2 1.3 1.7 0.5 0 0.3 0.7 0.8 1.3 0.6 1 1.3 1 0.5 0.3 0.8 1.4 0.7 0.1 0.1 0.5 0.8 1.2 1.1 0.9 1 1.9 0.2 1.6 0.4 0.2 2.8 1.1 0.6 1.6 1.7
2002050500 1.9 0 2.1 0.4 1.3 2.6 1.4 1.7 1.1 0.2 0 0.1 0.2 0.3 0.3 0.5 0.5 1.1 0.8 0.3 0.4 0.9 1.4 0.5 0.1 0.2 0.5 0.8 1.2 1.8 1.3 1.2 3.4 0.6 1.4 0.5 0.5 1.7 1.3 0.7 2.4 1.4
2002050501 2.3 0.5 1.8 1.6 1.4 1.4 1.2 2.7 0.8 0.7 0.9 0.6 0.5 0.3 0.8 1.2 0.3 3.1 1.4 0.5 1.5 1 1.1 0.6 0.3 0.2 0.8 1 1 1.2 0.8 1.7 2.5 1.4 1.7 1 0.4 1.8 1.4 0.9 1.3 1.3
2002050502 3.7 0.7 1.9 1.9 0.5 2.2 2.1 1 0.9 1.7 0.7 1 1.2 0.9 1.5 0.8 0.6 2.5 1.3 1.4 0.6 0.8 2 0.9 0.7 0.5 0.8 0.7 0.8 1.7 1.4 1.3 2 0.8 1.7 0.6 0.6 2.1 0.7 0.6 0.3 0.5
2002050503 2.9 1.2 1.8 1.9 0 2.3 2.5 1.3 0.7 2.2 0.6 0.7 1.7 1.5 1.4 0.9 1.2 2.1 1.7 1.3 0.5 1 1.5 0.6 0.4 0.2 0.7 0.5 0.4 0.8 0.7 1.4 1.7 0.3 1.3 0.4 0.4 1.1 1 0.7 0.8 1.1
2002050504 1.5 2.3 1.2 1.9 0.4 2 1 0.7 0.5 1.9 1.9 2 1 0.9 1 1.1 1.1 2 1.6 0.7 0.9 1.3 1.5 0.5 0.5 0.4 0.6 0.3 0.5 1.1 0.5 1.2 2.4 1.3 1.7 1.2 1.1 1.5 0.5 0.4 0.9 0.6
2002050505 2.5 2 1.2 1.4 1.8 1.7 1.9 1.7 0.4 1.8 1.1 1.7 1.5 1.1 1.8 1.3 1 1.6 1.2 0.7 1.1 1.5 1.2 0.5 0.3 0.6 0.6 0.3 0.7 1.2 0.7 1 1.2 1.8 1.9 1.4 1.1 1.7 1.2 0.5 0.3 0.7
2002050506 3 1.4 1.9 2 2.9 2.2 2.4 1.5 0.7 1.7 1.1 2 0.7 1.1 0.9 1.1 1 1.7 1 1 0.8 1 1.7 0.6 0.5 0.3 0.6 0.4 0.6 1 0.8 0.9 1 1.7 1.8 1.3 0.9 1.5 0.7 0.8 0.4 0.5
2002050507 2.4 1.8 2.1 1.9 2.9 1.8 1.8 0.9 0.5 1.2 1.6 0.8 1.5 1.6 1.3 1.1 0.9 0.9 0.9 1.1 0.9 1.4 1 0.4 0.4 0.3 0.5 0.6 0.7 1.2 0.7 0.9 1.5 0.9 1.5 0.8 0.9 1.3 1 0.9 0.2 0.8
2002050508 1.9 2.4 1.1 1.5 3.4 1.6 2.1 1 0.8 1.6 1.9 1.5 1.5 1.5 1.1 0.8 1 1.5 0.8 0.8 0.7 1.2 0.8 0.1 0.3 0.2 0.4 0.1 0.4 0.6 1 1.1 3.8 0.8 0.7 0.6 0.7 1.1 0.7 1 0.3 1
2002050509 2.4 2.4 1.4 1.4 2.2 2.5 2.9 1.6 0.2 2 1.3 1.9 1.2 1.3 1.6 1.2 0.8 1.4 1 0.9 0.7 0.9 0.8 0.2 0.6 0.5 0.7 0.6 0.5 0.9 0.7 0.7 5.2 1.3 1.4 1.7 1 0.8 0.7 0.4 0.9 1.2
2002050510 1.6 1.9 1.1 0.5 1 1.7 2.9 0.9 0.1 1.3 1.3 1.8 1.3 1 1.4 1.4 0.7 0.7 0.7 1.3 1.8 1.6 0.6 0.4 0.3 0.5 0.2 1.3 0.5 1.3 1.2 1 3.7 1 1.8 1.4 1.5 0.7 0.9 1.1 0.2 0.1
2002050511 1.4 2.1 0.9 0.5 0.6 0.8 2.4 0.3 0 1.2 1 1.3 2.1 1.2 1.3 1.4 0.9 0.7 1 1.1 1.4 1.3 1 0.4 0.2 0.2 0.4 0.5 0.6 0.5 0.7 1.2 1.3 1.5 2.1 1 1.2 1 0.6 1.2 0 0.1
2002050512 1.2 1.3 1 0.5 0.6 2 1.6 0.2 0.1 1.4 1.1 1.6 2.1 2.2 1.3 0.9 1.1 0.9 0.8 0.9 0.9 1.2 0.7 0.4 0.5 0.8 0.4 0.9 0.5 0.3 1 0.8 0.5 0.7 1.1 1.4 1.3 0.8 0.7 1.2 0.5 0.2
2002050513 1 1.1 0.8 0.2 0.6 2 1.5 0 0.1 1.1 0.7 1.2 2.2 1.8 1.7 0.7 1.6 0.7 1.1 1.3 0.7 1.1 1.3 0.5 0.7 1 0.7 1 0.7 0.2 0.4 0.9 0.4 0.6 1.4 0.8 0.4 0.4 0.8 1.1 0.5 0.3
2002050514 0.6 0.7 0.5 0.2 0.2 0.9 1 0 0.4 1 0.4 1.4 1 1.1 1.3 0.7 0.8 1.2 0.8 0.5 0.7 0.6 0.6 0.7 0.9 0.7 0.8 0.9 0.2 0.3 0.1 0.5 0.3 1.3 1.8 1 0.5 0.2 0.2 0.6 0.2 0.2
2002050515 0.5 0.6 0.3 0.1 0.3 0.8 0.6 0.1 0.6 1.1 0.2 1.2 1 1.2 0.8 0.9 1.1 0.4 0.2 0.7 1.1 0.3 1 0.4 1 0.8 0.6 1.3 0.1 0.3 0.1 0.3 0.3 0.5 0.8 1 0.9 0.1 0 0.4 0 0.1
2002050516 0.2 0.8 0.4 0 0.1 0.4 0.4 0 0.1 0.8 0.4 0.8 0.7 0.9 0.7 0.4 0.8 0.6 0.4 1 1 0.6 0.9 0.6 0.8 0.5 0.8 0.3 0.2 0.2 0.3 0.3 0.6 0.5 0.9 0.6 1.1 0.3 0 0.4 0 0
2002050517 0.1 0.6 0.8 0 0 0.2 0.3 0 0.1 0.6 0.4 0.7 0.8 0.3 0.6 0.4 0.6 1.4 0.4 0.6 0.6 1 0.9 0.4 0.4 0.4 0.2 0.3 0.2 0.3 0.2 0.5 0.5 0.3 0.9 0.5 0.9 0.2 0.1 0 0 0
2002050518 0 0.1 0.2 0 0 0.1 0.1 0 0.1 0.8 0.2 1.1 0.6 0.2 0.4 0.4 0.3 1 0.3 0.3 0.6 1.2 0.9 0.6 0.4 0.5 0.4 0.1 0.6 0.2 0.2 0.9 0.3 0.2 0.6 0.3 1 0.4 0 0.1 0.1 0.1
2002050519 0 0.1 0 0 0.1 0 0 0 0 0.1 0.2 0.2 0.1 0.3 0.1 0.2 0.2 0.2 0.4 0.2 0.3 0.8 0.5 0.4 0.2 0.4 0 0.1 0.2 0.1 0.1 0.6 0.4 0.1 0.5 0.1 0.3 0.1 0 0.1 0 0
2002050520 0 0.1 0.1 0 0 0.1 0 0 0 0.1 0.2 0.1 0 0.2 0 0 0.1 0.3 0.2 0.2 0.1 0.5 0.3 0.4 0.1 0.2 0.1 0 0 0.1 0 0.1 0.4 0.2 0.4 0.2 0.3 0.4 0 0 0.1 0.1
2002050521 0 0.1 0.1 0.2 0 0 0.1 0 0 0 0.1 0.1 0 0.1 0 0 0.4 0.1 0.2 0.1 0.2 0.5 0.2 0.1 0.2 0.2 0 0 0 0.1 0.6 0.5 0.2 0.3 0.2 0.2 0.4 0 0 0 0.1 0
2002050522 0 0 0 0.1 0 0 0 0 0.1 0.1 0.1 0.1 0 0.1 0 0.1 0.1 0 0.2 0.8 0.2 0.4 0.6 0.2 0.1 0.1 0.2 0 0 0 0.1 0.1 0.9 0.2 0.2 0.2 0.1 0 0 0 0 0.2
2002050523 0 0 0 0 0 0 0 0.1 0 0 0 0.2 0 0 0 0 0 0 0 0.2 0 0.2 0 0.2 0.2 0.7 0.1 0.1 0 0.1 0 0 0.1 0.1 0.2 0 0 0 0 0 0 0
2002050600 0 0.1 0 0 0 0 0 0 0 0 0 0 0 0 0 0.1 0 0 0 0 0 0 0.1 0.2 0 0 0 0 0 0 0 0 0 0.1 0 0 0 0 0 0 0 0
2002050601 0 0 0 0 0 0 0 0 0 0 0 0 0 0 0 0 0 0.2 0 0 0 0 0 0 0 0.1 0.1 0 0 0 0 0 0 0 0 0 0 0 0 0 0 0
2002050602 0 0 0 0 0 0 0.1 0 0 0 0 0 0 0 0 0.1 0 0 0 0 0 0 0 0 0 0.1 0 0 0 0 0 0 0 0 0 0 0 0 0 0 0 0
2002050603 0 0 0 0 0 0 0 0 0 0 0 0 0 0 0 0 0 0 0 0 0 0 0 0 0 0 0 0 0 0 0 0 0 0 0 0 0 0 0 0 0.1 0
2002050604 0 0 0 0 0.1 0 0 0 0 0 0 0 0 0 0 0 0 0 0 0 0 0 0 0 0 0 0 0 0 0 0 0 0 0 0 0 0 0 0 0 0 0
2002050605 0 0 0 0 0 0 0 0 0 0 0 0 0 0 0 0 0 0 0 0 0 0 0 0 0 0 0 0 0 0 0 0 0 0 0 0 0 0 0 0 0 0
2002050606 0 0 0 0 0 0 0 0 0 0 0 0.1 0 0 0 0 0 0 0 0 0 0 0 0 0 0 0 0 0 0 0 0 0 0 0 0 0 0 0 0 0 0
2002050607 0 0 0 0 0 0 0 0 0 0.1 0 0 0 0 0 0 0 0 0 0 0 0 0 0 0 0 0 0 0 0 0 0 0 0 0 0 0 0 0 0 0 0
2002050608 0 0 0 0 0 0 0 0 0 0 0 0 0 0 0 0 0 0 0 0 0 0 0 0 0 0 0 0 0 0 0 0 0 0 0 0 0 0 0 0 0 0
2002050609 0 0 0 0 0 0 0 0 0 0 0 0 0 0 0 0 0 0 0 0 0 0 0 0 0 0 0 0 0 0 0 0 0 0 0 0 0 0 0 0 0 0
2002050610 0 0 0 0 0 0 0 0 0 0 0 0 0 0 0 0 0 0 0 0 0 0 0 0 0 0 0 0 0 0 0 0 0 0 0 0 0 0 0 0 0 0
2002050611 0 0 0 0 0 0 0 0 0 0 0 0 0 0 0 0 0 0 0 0 0 0 0 0 0 0 0 0 0 0 0 0 0 0 0 0 0 0 0 0 0 0
2002050612 0 0 0 0 0 0 0 0 0 0 0 0 0 0 0 0 0 0 0 0 0 0 0 0 0 0 0 0 0 0 0 0 0 0 0 0 0 0 0 0 0 0
2002050613 0 0 0 0 0 0 0 0 0 0 0 0 0 0 0 0 0 0 0 0 0 0 0 0 0 0 0 0 0 0 0 0 0 0 0 0 0 0 0 0 0 0
2002050614 0 0 0 0 0.1 0 0.1 0 0 0 0 0 0 0 0 0 0 0 0 0 0 0 0 0 0 0 0 0 0 0 0 0 0 0 0 0 0 0 0 0 0 0
2002050615 0.1 0.1 0.3 0.3 0.3 0.2 0.3 0 0.1 0 0.2 0 0 0 0 0 0 0 0 0 0 0 0 0 0 0 0 0 0 0 0 0 0 0 0 0 0 0 0 0 0 0
2002050616 0 0 0 0 0.2 0 0.2 0 0 0 0 0 0 0 0 0 0 0 0 0 0 0 0 0 0 0 0 0 0 0 0 0 0 0 0 0 0 0 0 0 0 0
2002050617 0.2 0 0.3 0 0.3 0.3 0.3 0 0.3 0 0 0 0 0 0 0 0 0 0 0 0 0 0 0 0 0 0 0 0 0 0 0 0 0.1 0 0 0 0 0 0 0 0
2002050618 0 0.1 0.1 0.1 0.2 0.2 0.4 0 0.3 0 0.1 0 0 0 0 0 0 0 0 0 0 0 0 0 0 0 0 0 0 0 0 0 0 0 0 0 0 0 0 0 0 0
2002050619 0 0 0 0 0 0.1 0.1 0 0.2 0.1 0 0 0 0 0 0 0 0 0 0 0 0 0 0 0 0 0 0 0 0 0 0 0 0 0 0 0 0 0 0 0 0.1
2002050620 0 0 0 0 0 0 0 0.2 0.3 0.4 0 0 0.3 0 0 0.1 0 0 0 0 0 0 0 0 0 0 0 0 0 0.1 0.2 0 0.2 0.5 0.2 0.1 0.1 0.2 0 0 0 0.1
2002050621 0 0 0 0 0 0.1 0 0.1 0.1 0 0 0.4 0 0.4 0.5 0.5 0.6 0 0.2 0.1 0.1 0.2 0 0 0.3 0 0.4 0.5 0.1 0.1 0 0.1 0 0.5 0.4 1.4 0.4 0.1 0.1 0.4 0 0.2
2002050622 0 0 0 0 0 0.1 0 0 0.1 0 0 0.1 0.1 0.2 0.3 0.2 0.1 0.3 0.3 0.1 0 0.1 0 0.2 0.8 0.1 1.6 0.6 0 0.1 0.2 0.1 0 0.1 0 0.1 0 0.2 0 0.1 0 0
2002050623 0 0 0 0 0 0 0 0 0 0 0 0 0.1 0.1 0 0 0 0.1 0.1 0 0 0 0 0.3 0.1 0.2 0 0 0 0 0 0 0 0 0 0 0 0 0 0 0 0
2002050700 0 0 0 0 0 0 0 0 0 0 0 0 0 0 0 0.1 0 0 0 0 0 0 0 0 0 0 0 0 0 0 0.1 0 0 0 0 0 0 0 0 0 0 0
2002050701 0 0 0 0 0.1 0 0.1 0 0 0 0 0 0 0 0 0 0.1 0 0 0 0 0 0 0 0 0 0 0.1 0 0 0 0 0 0 0 0 0 0 0 0 0 0
2002050702 0 0 0 0 0 0 0 0 0 0 0 0 0 0 0 0 0 0 0 0 0 0 0 0 0 0 0 0 0 0 0 0 0 0.1 0 0 0.1 0 0.1 0 0 0.1
2002050703 0.1 0 0.1 0 0 0 0 0.1 0.1 0 0 0 0 0 0 0 0 0 0 0 0 0 0 0 0 0 0.1 0 0 0 0 0.1 0 0 0 0 0 0.1 0 0 0 0
2002050704 0 0 0 0 0 0 0 0 0 0 0 0 0 0 0 0 0 0 0 0 0 0 0 0 0 0 0 0 0.1 0 0 0 0.1 0 0 0.1 0 0 0 0 0 0
2002050705 0 0 0 0 0 0 0 0 0 0 0 0 0 0 0 0 0 0 0 0 0 0 0 0 0 0 0 0 0 0 0 0 0 0 0 0 0 0 0 0 0 0
2002050706 0 0 0 0 0 0 0 0 0 0 0 0 0 0 0 0 0 0 0 0 0 0 0 0 0 0 0 0 0 0 0 0 0 0 0 0 0 0 0 0 0 0
2002050707 0 0 0 0 0 0 0 0 0 0 0 0 0 0 0 0 0 0 0 0 0 0 0.1 0 0 0 0 0 0 0 0 0 0 0 0 0 0 0 0 0 0 0
2002050708 0 0 0 0 0 0 0 0 0 0 0 0 0 0 0 0 0 0 0 0 0 0 0 0 0 0 0 0 0 0 0 0 0 0 0 0 0 0 0 0 0 0
2002050709 0 0 0 0 0 0 0 0 0 0 0 0 0 0 0 0 0 0 0 0 0 0 0 0 0 0 0 0 0 0 0 0 0 0 0 0 0 0 0 0 0 0
2002050710 0 0 0 0 0 0 0 0 0 0 0 0 0 0 0 0 0 0 0 0 0 0 0 0 0 0 0 0 0 0 0 0 0 0 0 0 0 0 0 0 0 0
2002050711 0 0 0 0 0 0 0 0 0 0 0 0 0 0 0 0 0 0 0 0 0 0 0 0 0 0 0 0 0 0 0 0 0 0 0 0 0 0 0 0 0 0
2002050712 0 0 0 0 0 0 0 0 0 0 0 0 0 0 0 0 0 0 0 0 0 0 0 0 0 0 0 0 0 0 0 0 0 0 0 0 0 0 0 0 0 0
2002050713 0 0 0 0 0 0 0 0 0 0 0 0 0 0 0 0 0 0 0 0 0 0 0 0 0 0 0 0 0 0 0 0 0 0 0 0 0 0 0 0 0 0
2002050714 0 0 0 0 0 0 0 0 0 0 0 0 0 0 0 0 0 0 0 0 0 0 0 0 0 0 0 0 0 0 0 0 0 0 0 0 0 0 0 0 0 0
2002050715 0 0 0 0 0 0 0 0 0 0 0 0 0 0 0 0 0 0 0 0 0 0 0 0 0 0 0 0 0 0 0 0 0 0 0 0 0 0 0 0 0 0
2002050716 0 0 0 0 0 0 0 0 0 0 0 0 0 0 0 0 0 0 0 0 0 0 0 0 0 0 0 0 0 0 0 0 0 0 0 0 0 0 0 0 0 0
2002050717 0 0 0 0 0 0 0 0 0 0 0 0 0 0 0 0 0 0 0 0 0 0 0 0 0 0 0 0 0 0 0 0 0 0 0 0 0 0 0 0 0 0
2002050718 0 0 0 0 0 0 0 0 0 0 0 0 0 0 0 0 0 0 0 0 0 0 0 0 0 0 0 0 0 0 0 0 0 0 0 0 0 0 0 0 0 0
2002050719 0 0 0 0 0 0 0 0 0 0 0 0 0 0 0 0 0 0 0 0 0 0 0 0 0 0 0 0 0 0 0 0 0 0 0 0 0 0 0 0 0 0
2002050720 0 0 0 0 0 0 0 0 0 0 0 0 0 0 0 0 0 0 0 0 0 0 0 0 0 0 0 0 0 0 0 0 0 0 0 0 0 0 0 0 0 0
2002050721 0 0 0 0 0 0 0 0 0 0 0 0 0 0 0 0 0 0 0 0 0 0 0 0 0 0 0 0 0 0 0 0 0 0 0 0 0 0 0 0 0 0
2002050722 0 0 0 0 0 0 0 0 0 0 0 0.1 0 0 0 0 0 0 0 0 0 0 0 0 0 0 0 0 0 0 0 0 0 0 0 0 0 0 0 0 0 0
2002050723 0 0 0 0 0 0 0 0 0 0 0 0 0 0 0 0 0 0 0 0 0 0 0 0 0 0 0 0 0 0 0 0 0 0 0 0 0 0 0 0 0 0
2002050800 0 0 0 0 0 0 0 0 0 0 0 0 0 0 0 0 0 0 0 0 0 0 0 0 0 0 0 0 0 0 0 0 0 0 0 0 0 0 0 0 0 0
2002050801 0 0 0 0 0 0 0 0 0 0 0 0 0 0 0 0 0 0 0 0 0 0 0 0 0 0 0 0 0 0 0 0 0 0 0 0 0 0 0 0 0 0
2002050802 0 0 0 0 0.1 0 0 0 0 0 0 0 0 0 0 0 0 0 0 0 0 0 0 0 0 0 0 0 0 0 0 0 0 0 0 0 0 0 0 0 0 0
2002050803 0 0 0 0 0 0 0 0 0 0 0 0 0 0 0.1 0 0 0 0 0 0 0 0 0.1 0 0 0 0 0 0 0 0 0 0 0 0 0 0 0 0 0 0
2002050804 0 0 0 0 0 0 0 0 0 0 0 0 0 0 0 0 0 0 0 0 0 0 0 0 0 0 0 0 0 0 0 0 0 0 0 0 0 0 0 0 0 0
2002050805 0 0 0 0 0 0 0 0 0 0 0 0 0 0 0 0 0 0 0 0 0 0 0 0 0 0 0 0 0 0 0 0 0 0 0 0 0 0 0 0 0 0
2002050806 0 0 0 0 0 0 0 0 0 0 0 0 0 0 0 0 0 0 0 0 0 0 0 0 0 0 0 0 0 0 0 0 0 0 0 0 0 0 0 0 0 0
2002050807 0 0 0 0 0 0 0 0 0 0 0 0 0 0 0 0 0 0 0 0 0 0 0 0 0 0 0 0 0 0 0 0 0 0 0 0 0 0 0 0 0 0
2002050808 0 0 0 0 0 0 0 0 0 0 0 0 0 0 0 0 0 0 0 0 0 0 0 0 0 0 0 0 0 0 0 0 0 0 0 0 0 0 0 0 0 0
2002050809 0 0 0 0 0 0 0 0 0 0 0 0 0 0 0 0 0 0 0 0 0 0 0 0 0 0 0 0 0 0 0 0 0 0 0 0 0 0 0 0 0 0
2002050810 0 0 0 0 0 0 0 0 0 0 0 0 0 0 0 0 0 0 0 0 0 0 0 0 0 0 0 0 0 0 0 0 0 0 0 0 0 0 0 0 0 0
2002050811 0 0 0 0 0 0 0 0 0 0 0 0 0 0 0 0 0 0 0 0 0 0 0 0 0 0 0 0 0 0 0 0 0 0 0 0 0 0 0 0 0 0
2002050812 0 0 0 0 0 0 0 0 0 0 0 0 0 0 0 0 0 0 0 0 0 0 0 0 0 0 0 0 0 0 0 0 0 0 0 0 0 0 0 0 0 0
2002050813 0 0 0 0 0 0 0 0 0 0 0 0 0 0 0 0 0 0 0 0 0 0 0 0 0 0 0 0 0 0 0 0 0 0 0 0 0 0 0 0 0 0
2002050814 0 0 0 0 0 0 0 0 0 0 0 0 0 0 0 0 0 0 0 0 0 0 0 0 0 0 0 0 0 0 0 0 0 0 0 0 0 0 0 0 0 0
2002050815 0 0 0 0 0 0 0 0 0 0 0 0 0 0 0 0 0 0 0 0 0 0 0 0 0 0 0 0 0 0 0 0 0 0 0 0 0 0 0 0 0 0
2002050816 0 0 0 0 0 0 0 0 0 0 0 0 0 0 0 0 0 0 0 0 0 0 0 0 0 0 0 0 0 0 0 0 0 0 0 0 0 0 0 0 0 0
2002050817 0 0 0 0 0 0 0 0 0 0 0 0 0 0 0 0 0 0 0 0 0 0 0 0 0 0 0 0 0 0 0 0 0 0 0 0 0 0 0 0 0 0
2002050818 0 0 0 0 0 0 0 0 0 0 0 0 0 0 0 0 0 0 0 0 0 0 0 0 0 0 0 0 0 0 0 0 0 0 0 0 0 0 0 0 0 0
2002050819 0 0 0 0 0 0 0 0 0 0 0 0 0 0 0 0 0 0 0 0 0 0 0 0 0 0 0 0 0 0 0 0 0 0 0 0 0 0 0 0 0 0
2002050820 0 0 0 0 0 0 0 0 0 0 0 0 0 0 0 0 0 0 0 0 0 0 0 0 0 0 0 0 0 0 0 0 0 0 0 0 0 0 0 0 0 0
2002050821 0 0 0 0 0 0 0 0 0 0 0 0 0 0 0 0 0 0 0 0 0 0 0 0 0 0 0 0 0 0 0 0 0 0 0 0 0 0 0 0 0 0
2002050822 0 0 0 0 0 0 0 0 0 0 0 0 0 0 0 0 0 0 0 0 0 0 0 0 0 0 0 0 0 0 0 0 0 0 0 0 0 0 0 0 0 0
2002050823 0 0 0 0 0 0 0.1 0 0 0 0 0 0 0 0 0 0 0 0 0 0 0 0 0 0 0 0 0 0 0 0 0 0 0 0 0 0 0 0 0 0 0
2002050900 0 0 0 0 0 0 0 0 0 0 0 0 0 0 0 0 0 0 0 0 0 0 0 0 0 0 0 0 0 0 0 0 0.1 0 0 0 0 0 0 0 0 0
2002050901 0 0 0 0 0 0 0 0 0 0 0 0 0 0 0 0 0 0 0 0 0 0 0 0 0 0 0 0 0 0 0.1 0 0 0 0 0 0 0 0 0 0 0
2002050902 0 0 0 0 0 0 0 0 0 0 0 0 0 0 0 0 0 0 0 0 0 0 0 0 0 0 0 0 0 0 0 0 0 0 0.1 0 0 0 0 0 0 0
2002050903 0 0 0.1 0 0 0.1 0 0.1 0 0 0 0 0 0 0 0 0 0 0 0 0 0 0 0 0 0 0 0 0 0.1 0 0.1 0.1 0 0 0 0 0 0 0 0 0
2002050904 0 0 0 0 0 0 0.1 0 0 0 0 0 0 0 0 0 0.1 0 0 0 0 0 0 0 0 0 0 0 0 0 0 0 0 0 0 0 0 0 0 0 0 0
2002050905 0.1 0 0 0 0 0 0 0 0 0 0 0 0 0 0 0 0 0 0 0 0 0 0 0 0 0 0 0 0 0 0.1 0 0 0 0 0 0 0.1 0 0 0 0
2002050906 0 0 0 0 0 0 0 0 0 0 0 0 0 0 0 0 0 0 0 0 0 0 0 0 0 0 0 0 0 0 0 0 0 0 0 0 0 0 0 0 0 0
2002050907 0 0 0 0 0 0 0 0 0 0 0 0 0 0 0 0 0 0 0 0 0 0 0 0 0 0 0 0 0 0 0 0 0 0 0 0 0 0 0 0 0 0
2002050908 0 0 0 0 0 0 0 0 0 0 0 0 0 0 0 0 0 0 0 0 0 0 0 0 0 0 0 0 0 0 0 0 0 0 0 0 0 0 0 0 0.1 0
2002050909 0 0 0 0 0 0 0 0 0 0 0 0 0 0 0 0 0 0 0 0 0 0 0 0 0 0 0 0 0 0 0 0 0 0 0 0 0 0 0 0 0 0
2002050910 0 0 0 0 0.1 0 0 0 0 0 0 0 0 0 0 0 0 0 0 0 0 0 0 0 0 0 0 0 0 0 0 0 0 0 0 0 0 0 0 0 0 0
2002050911 0 0 0 0 0 0 0 0 0 0 0 0 0 0 0 0 0 0 0 0 0 0 0 0 0 0 0 0 0 0 0 0 0 0 0 0 0 0 0 0 0 0
2002050912 0 0 0 0 0 0 0 0 0 0 0 0 0 0 0 0 0 0 0 0 0 0 0 0 0 0 0 0 0 0 0 0 0 0 0 0 0 0 0 0 0 0
2002050913 0 0 0 0 0 0 0 0 0 0 0 0 0 0 0 0 0 0 0 0 0 0 0 0 0 0 0 0 0 0 0 0 0 0 0 0 0 0 0 0 0 0
2002050914 0 0 0 0 0 0 0 0 0 0 0 0 0 0 0 0 0 0 0 0 0 0 0 0 0 0 0 0 0 0 0 0 0 0 0 0 0 0 0 0 0 0
2002050915 0 0 0 0 0 0 0 0 0 0 0 0 0 0 0 0 0 0 0 0 0 0 0 0 0 0 0 0 0 0 0 0 0 0 0 0 0 0 0 0 0 0
2002050916 0 0 0 0 0 0 0 0 0 0 0 0 0 0 0 0 0 0 0 0 0 0 0.1 0.1 0 0 0 0 0 0 0 0 0 0 0 0 0 0 0 0 0 0
2002050917 0 0 0 0 0 0 0 0 0 0 0 0 0 0 0 0 0 0 0.9 0.1 0 0 1.6 1.7 0.5 3.1 5 0.2 0 0 0 1.1 0 0 0 0 0 0 1.6 0.1 0 0
2002050918 0 0 0 0 0 0 0 0 0 0 0 0 0 0 0 0 0 4 0 5.7 0 0 10.3 2.6 13.7 3.9 10.3 0.1 0 0 0 0 0 0 0 0 0 0 0.1 2.3 0 0
2002050919 0 0 0 0 0 0.4 0 10.1 0 0 0 0 0.1 13.1 2.2 0 6.9 4.2 7.9 7.4 0 0 7.3 5.1 1.4 4.6 0.8 0 0.8 0 0 0 0.5 0 0.4 0 0 0 0 0 0.3 4.9
2002050920 0 7.6 0 0 0 11.7 0 3 0 0.5 1.3 2.3 6.1 0.9 0.3 0 1.5 0 0 0.2 0 0 0 0 0 0 0.4 0 0.9 0.3 0 0 2.5 8.6 6.3 1.2 0 0 0 0 0.1 0.1
2002050921 0 8.8 0 0 0 0 0 2.8 0 1.7 3.6 2.3 0.3 0.1 0.1 0 0 0 0 0 0 0 0 0 0.1 0.1 0.4 0 0 0 0 0 0.7 0.7 0.3 0.2 0 0 0 0 0.1 1
2002050922 0 2.3 0 0 0 0 0 0.3 0 0.1 0.1 0.1 0 0 0 0 0 0 0 0 0 0 0 0 0 0 0.3 0 0.2 0 0 0 0 0.4 0 0 0 0 0 0 0.1 1.1
2002050923 0 0 0 0 0 0.2 0 0 0.1 0 0 0.1 0 0 0 0 0 0 0 0 0 0 0 0.1 0 0 0.2 0 0 0 0 0 0 0.2 0 0 0 0 0.2 0 0 0.1
2002051000 0 0 0 0 0 0 0 0 0 0.1 0 0.1 0 0 0 0 0 0 0 0 0 0 0 0 0 0.3 0.2 0 0 0 0 0 0 0 0 0 0 0 0 0.3 0 0
2002051001 0 0 0 0 0 0 0 0 0 0 0 0 0 0 0 0 0 0 0 0 0 0 0 0 0 0 0.1 0 0 0 0 0 0 0 0 0 0 0 0 0 0 0
2002051002 0 0 0 0 0 0 0 0 0.1 0 0 0 0 0 0 0 0 0 0 0 0 0 0 0 0 0 0 0 0 0 0 0 0 0 0 0 0 0 0 0 0.1 0.3
2002051003 0 0 0 0 0 0 0 0 0 0 0 0 0 0 0 0 0 0.1 0 0 0 0 0 0 0 0 0.1 0.1 0 0 0 0 0 0 0.1 0 0 0 0.1 0 0 0
2002051004 0 0 0 0 0 0 0 0 0 0 0.1 0 0 0 0 0 0.1 0 0.1 0 0 0 0 0 0.1 0.1 0 0.1 0 0 0 0.1 0 0 0 0 0 0 0 0 0 0
2002051005 0 0 0 0 0 0 0 0 0 0 0 0 0 0 0.4 0.2 0 0 0 0 0 0 0.1 0.1 0 0 0.1 0 0 0 0 0 0.2 0 0 0 0 0 0 0 0 0
2002051006 0 0 0 0 0 0 0 0 0 0 0 0 0.1 0 0.1 0.1 0 0 0 0 0 0 0 0 0 0 0.1 0 0 0 0 0 0 0.1 0 0 0 0 0 0 0 0
2002051007 0 0 0 0 0 0 0 0 0 0 0 0.1 0 0 0 0 0 0 0 0 0 0 0 0 0 0 0 0 0 0 0 0 0 0 0 0 0 0 0 0 0 0
2002051008 0 0 0 0 0 0 0 0 0 0 0 0 0 0 0 0 0 0 0 0 0 0 0 0 0 0 0 0 0 0 0 0 0 0 0 0 0 0 0 0 0.1 0
2002051009 0 0 0 0 0 0 0 0 0 0 0 0 0 0 0 0 0 0 0 0 0 0 0 0 0 0 0 0 0 0 0 0 0 0 0 0 0 0 0 0 0 0
2002051010 0 0 0 0 0 0 0 0 0 0 0 0 0 0 0 0 0 0 0 0 0 0 0 0 0 0 0 0 0 0 0 0 0 0 0 0 0 0 0 0 0.1 0
2002051011 0 0 0 0 0 0 0 0 0 0 0 0 0 0 0 0 0 0 0 0 0 0 0 0 0 0 0 0 0 0 0 0 0 0 0 0 0 0 0 0 0 0
2002051012 0 0 0 0 0 0 0 0 0 0 0 0 0 0 0 0 0 0 0 0 0 0 0 0 0 0 0 0 0 0 0 0 0 0 0 0 0 0 0 0 0 0
2002051013 0.1 0 2.7 0.3 0.1 0 0 0 0 0 0 0 0 0 0 0 0 0 0 0 0 0 0 0 0 0 0 0.1 0 0 0 0 0 0 0 0 0 0 0 0 0 0
2002051014 1.6 0 0 1 0 0 0 0 0 0 0 0 0 0 0 0 0 0 0 0 0 0 0 0 0 0 0 0 0 0 0 0 0 0 0 0 0 0 0 0 0 0
2002051015 0 0 0 0 0 0 0 0 0 0 0 0 0 0 0 0 0 0 0 0 0 0 0 0.6 0 5 0 0 0 0 0 0 0 0 0 0 0 0 0 0 0 0
2002051016 0 0 0 0 0 0 0 0 0 0 0 0 0 0 0 0 0 0 0 0 0 0 0.2 0.5 0 0 0 0 0 0 0 0 0.2 0 0 0 0 0 0 0 0 0
2002051017 0 0 0 0 0 0 0 0 0 0 0 0 0 0 0 0 0 0 0 0 0 0 0 0 0 0 0 0 0 0 0 0 0 0 0 0 0 0 0 0 0.1 0.6
2002051018 0 0 0 0 0 0 0 0 0 0 0 0 0 0 0 0 0 0 0 0 0 0 0 0 0 0 0 0 0 0 0 0 0 0 0 0 0 0 0 0 0 0
2002051019 0 0 0 0 0 0 0 0 0 0 0 0 0 0 0 0 0 0 0 0 0 0 0 0 0 0 0 0 0 0 0 0 0 0 0 0 0 0 0 0 0 0
2002051020 0 0 0 0 0 0 0 0 0 0 0 0 0 0 0 0 0 0 0 0 0 0 0 0 0 0 0 0 0 0 0 0 0 0 0 0 0 0 0 0 0 0
2002051021 0 0 0 0 0 0.1 0 0 0 0 0 0 0 0 0 0 0 0 0 0 0 0 0 0 0 0 0 0 0 0 0 0 0 0 0 0 0 0 0 0 0 0
2002051022 0.1 0 0 0 0 0 0 0 0 0 0 0 0 0 0 0 0 0 0 0 0 0 0 0 0 0 0 0 0 0 0 0 0 0 0 0 0 0 0 0.1 0 0
2002051023 0 0 0 0 0 0 0 0 0 0 0 0 0 0 0 0 0 0 0 0 0 0 0 0 0.1 0 0 0 0 0 0 0 0 0 0 0 0 0 0 0 0 0
2002051100 0 0 0 0 0 0.1 0 0 0 0 0 0 0 0 0 0 0 0 0 0 0 0 0 0 0 0.1 0 0 0 0 0 0 0 0 0 0 0 0 0 0.3 0 0
2002051101 0 0 0 0 0 0 0.1 0 0 0 0 0 0 0 0 0 0 0 0 0 0 0 0 0 0 0 0.1 0.2 0 0 0 0 0.1 0 0 0 0 0 0 0.1 0 0
2002051102 0 0 0 0 0 0 0 0 0 0 0 0 0 0 0 0 0.1 0 0 0 0 0 0.1 0 0 0 0.4 0 0 0 0 0.6 0 0 0 0 0 0 0 0 0 0
2002051103 0 0 0.1 0 0 0 0 0 0 0 0 0 0 0 0 0 0 0 0 0 0 0 0 0 0 0 0.2 0 0 0 0.5 0.2 0.1 0.1 0 0 0 0.1 0 0 0 0
2002051104 0.1 0 0 0 0 0 0 0 0 0 0 0 0 0 0 0 0 0 0 0 0 0 0 0 0 0 0.1 0.1 0 0 0.1 0.1 0 0 0 0 0 0 0 0 0 0
2002051105 0 0 0 0 0 0 0 0 0 0 0 0 0 0 0 0 0 0 0 0 0 0 0 0 0 0 0 0 0 0 0 0 0 0 0 0 0 0.1 0 0 0 0
2002051106 0 0 0 0 0 0 0 0 0 0 0 0 0 0 0 0 0 0 0 0 0 0.1 0 0 0 0 0 0 0 0 0 0 0 0 0 0 0 0 0 0 0 0
2002051107 0 0 0 0 0 0 0 0 0 0 0 0 0 0 0 0 0 0 0 0 0 0 0 0 0 0 0 0 0 0 0 0 0 0 0 0 0 0 0 0 0 0
2002051108 0 0 0 0 0 0 0 0 0 0 0 0 0 0 0 0 0 0 0 0 0 0 0 0 0 0 0 0 0 0 0 0 0 0 0 0 0 0 0 0 0 0
2002051109 0 0 0 0 0 0 0 0 0 0 0 0 0 0 0 0 0 0 0 0 0 0 0 0 0 0 0 0 0 0 0 0 0 0 0 0 0 0 0 0 0 0
2002051110 0 0 0 0 0 0 0 0 0 0 0 0 0 0 0 0 0 0 0 0 0 0 0 0 0 0 0 0 0 0 0 0 0 0 0 0 0 0 0 0 0 0
2002051111 0 0 0 0 0 0 0 0 0 0 0 0 0 0 0 0 0 0 0 0 0 0 0 0 0 0 0 0 0 0 0 0 0 0 0 0 0 0 0 0 0 0
2002051112 0 0 0 0 0 0 0 0 0 0 0 0 0 0 0 0 0 0 0 0 0 0 0 0 0 0 0 0 0 0 0 0 0 0 0 0 0 0 0 0 0 0
2002051113 0 0 0 0 0 0 0 0 0 0 0 0 0 0 0 0 0 0 0 0 0 0 0 0 0 0 0 0 0 0 0 0 0 0 0 0 0 0 0 0 0 0
2002051114 0 0 0 0 0 0 0 0 0 0 0 0 0 0 0 0 0 0 0 0 0 0 0 0 0 0 0 0 0 0 0 0 0 0 0 0 0 0 0 0 0 0
2002051115 0 0 0 0 0 0 0 0 0 0 0 0 0 0 0 0 0 0 0 0 0 0 0 0 0 0 0 0 0 0 0 0 0 0 0 0 0 0 0 0 0 0
2002051116 0 0 0 0 0 0 0 0 0 0 0 0 0 0 0 0 0 0 0 0 0 0 0 0 0 0 0 0 0 0 0 0 0 0 0 0 0 0 0 0 0 0
2002051117 0 0 0 0 0 0 0 0 0 0 0 0 0 0 0 0 0 0 0 0 0 0 0 0 0 0 0 0 0 0 0 0 0 0 0 0 0 0 0 0 0 0
2002051118 0 0 0 0 0 0 0 0 0 0 0 0 0 0 0 0 0 0 0 0 0 0 0 0 0.2 0 0 0 0 0 0 0 0 0 0 0 0 0 0.3 0 0 0
2002051119 0 0 0 0 0 0 0 0 0 0 0 0 0 0 0 0 0 0 0 0 0 0 0 0 0 0 0 0 0 0 0 0 0 0 0 0 0 0 0 0 0 0
2002051120 0 0 0 0 0 0 0 0 0 0 0 0 0 0 0 0 0 0 0 0 0 0 0 0 0 0 0 0 0 0 0 0 0 0 0 0 0 0 0 0 0 0
2002051121 0 0 0 0 0 0 0 0 0 0 0 0 0 0 0 0 0 0 0 0 0 0 0 0 0 0 0 0 0 0 0 0.3 0 0 0 0 0 0 0 0 0 0
2002051122 0 0 0 0 0 0 0 0 0 0 0 0 0 0 0 0 0 0 0 0 0 0 0 0 0 0 0 0 0 0.4 0 0.3 0 0 0 0 0 0 0 0 0 0
2002051123 0 0 0 0 0 0 0 0 0 0 0 0 0 0 0 0 0 0 0 0 0 0 0 0 0 0.2 0 0 0 0 0 0 0 0 0 0 0 0 0 0 0 0
2002051200 0 0 0 0 0 0 0 0 0 0 0 0 0 0 0 0 0 0 0 0 0 0 0 0.1 2 0.5 0.5 0 0 0 0 0 0 0 0 0 0 0 0 0 0 0
2002051201 0 0 0 0 0 0 0 0 0 0 0 0 0 0 0 0 0.1 0.7 1.1 0 0 0.1 0.1 0.2 0.2 0.1 0 0 0 2 0 0.1 0 0 0 0 0 0 0.8 0 0 0
2002051202 0 0 0 0 0 0 0 0 0 0.3 0 0 0.4 0.1 0 0 0 1.2 0.8 0.1 2.6 0.3 0 0 0 0 0 0 0.1 0.1 0 1.1 0.1 0 0.1 0.3 2 0 0.6 0 0 0
2002051203 0 0.3 0 0 0 0 0 0 0 0.3 0 0.8 0 0.1 0.1 0.3 0 0.2 0 0 0.2 0.6 0.1 0 0 0 0 0.1 0.1 0 0.1 0.1 0 0.9 2.2 2.6 2.9 0 0 0 0 0
2002051204 0 0.2 0 0 0.1 0 0.1 0 0 0.2 0.9 0.6 0.1 0 0 0.1 0 0.1 0 0.4 0.8 0 0 0 0.1 0 0 0.3 0 0 0 0 0 1.4 0.9 0.8 0.1 0 0 0 0 0.2
2002051205 0 0 0.7 0.1 0.5 0 0 0 0 0 4.7 0.1 0.2 0 0 0.1 0 0 0 0.1 0.7 0 0 0 0 0.2 0 0 0 0 0 0.1 0 0.1 0 0.9 2.5 0 0 0 0 0
2002051206 0.4 0.3 0.3 1.6 0 0.1 0 0 0 0.4 2.2 0 0.3 0.1 0.1 0 0 0 0 0 0 0.1 0 0 0 0.1 0 0 0 0 0 0 0 0.8 0.1 0.7 0.4 0 0 0 0 0
2002051207 0 0.6 0 0 0 0 0 0 0 0.4 0.5 0 0.3 0.1 0.1 0 0 0.1 0 0 0 0.1 0 0 0 0 0.1 0 0 0 0 0 0.9 0.3 0.1 0 0 0 0 0 0 0
2002051208 0 0.4 0.1 0 0 0.2 0 1.1 0.4 0.3 2.6 0.9 0.1 0.1 0.3 0 0 0 0 0 0 0 0 0 0 0 0 0 0 0 0 0 0 0 0 0 0 0 0 0 0 0
2002051209 0 0.9 3.1 0 0.7 0 0.1 0 8.8 0 0 0.3 0 0 0 0 0 0 0 0 0 0 0 0 0 0 0 0 0 0 0 0 0 0 0 0 0 0 0 0 0 0
2002051210 1.3 0 1 0.1 1.8 0 0 0 0 0 0.1 0 0 0 0 0 0 0 0.2 0 0 0 0.1 0 0 0 0 0 0 0 0 0 0 0 0 0 0 0 0 0 0 0
2002051211 0 0 0 0 0.1 0 0 0 0 0 0 0 0 0 0 0 0 0.1 0 0 0 0 0 0 0 0 0 0 0 0 0 0.1 0 0 0 0 0 0 0 0 0 0
2002051212 0 0 0 0 0 0 0 0 0 0 0 0 0 0 0 0 0 0 0 0 0 0 0 0 0 0 0 0 0 0 0 0 0 0 0 0 0 0 0 0.1 0 0
2002051213 0 0 0 0 0 0 0 0 0 0 0 0 0 0 0 0 0 0 0 0 0 0 0 0 0 0 0 0 0 0 0 0 0 0 0 0 0 0 0 0 0 0
2002051214 0 0 0 0 0 0 0 0 0 0 0 0 0 0 0 0 0 0 0 0 0 0 0 0 0 0 0 0 0 0 0 0 0 0 0 0 0 0 0 0 0.1 0
2002051215 0 0 0 0 0 0 0 0 0 0 0 0 0 0 0 0 0 0 0 0 0 0 0 0 0 0 0 0 0 0 0 0 0 0 0 0 0 0 0 0 0 0
2002051216 0 0 0 0 0 0 0 0 0 0 0 0 0 0 0 0 0 0 0 0 0 0 0 0 0 0 0 0 0 0 0 0 0 0 0 0 0 0 0 0 0 0
2002051217 0 0 0 0 0 0 0 0 0 0 0 0 0 0 0 0 0 0 0 0.2 0 0 0.2 0 0 0 0 0 0 0 0 0 0 0 0 0 0 0 0 0 0 0
2002051218 0 0 0 0 0 0 0 0 0 0 0 0 0 0 0 0 0 0 0 0 0 0 0 0 0 0 0 0 0 0 0 0 0 0 0 0 0 0 0 0 0 0
2002051219 0 0 0 0 0 0 0 0 0 0 0 0 0 0 0 0 0 0 0 0 0 0 0 0 0 0 0 0 0 0 0 0 0 0 0 0 0 0 0 0 0 0
2002051220 0 0 0 0 0 0 0 0 0 0 0 0 0 0 0 0 0 0 0 0 0 0 0 0 0 0 0 0 0 0 0 0 0 0 0 0 0 0 0 0 0 0
2002051221 0 0 0 0 0 0 0 0 0 0 0 0 0 0 0 0 0 0 0 0 0 0 0 0 0 0 0 0 0 0 0 0 0 0 0 0 0 0 0 0 0 0
2002051222 0 0 0 0 0 0 0 0 0 0 0 0 0 0 0 0 0 0 0 0 0 0 0 0 0 0 0 0 0 0 0 0 0 0 0 0 0 0 0 0 0 0
2002051223 0 0 0 0 0 0 0 0 0 0 0 0 0 0 0.1 0 0 0 0 0 0 0 0.1 0 0 0 0 0 0 0 0 0 0 0 0 0 0 0 0 0 0 0
2002051300 0 0 0 0 0 0 0.1 0 0.1 0 0 0 0 0 0 0 0.1 0 0 0 0 0 0 0 0.1 0 0 0 0 0 0 0 0 0 0 0 0.1 0 0.1 0 0 0
2002051301 0.1 0 0 0 0.1 0 0 0 0 0 0 0 0 0 0 0 0 0 0.1 0.1 0 0 0 0 0 0 0 0 0 0 0 0.1 0.1 0 0 0 0 0 0 0 0 0.1
2002051302 0 0 0 0.1 0 0 0 0 0 0.1 0 0 0.1 0 0 0 0 0 0 0 0 0 0 0 0 0 0 0 0 0 0 0 0 0 0 0 0 0 0 0.1 0 0
2002051303 0 0 0 0 0.1 0.1 0.1 0 0 0 0.1 0 0 0 0 0 0 0 0 0 0 0 0.1 0 0 0 0 0 0 0 0 0 0.1 0 0 0 0 0 0 0 0 0
2002051304 0 0 0 0 0 0 0 0 0.1 0 0 0 0 0 0 0 0.1 0 0 0 0 0 0 0 0 0.1 0.1 0 0 0.1 0 0 0 0.1 0 0 0.1 0 0 0 0 0
2002051305 0.1 0 0.1 0 0 0 0 0 0 0 0 0 0 0 0 0 0 0 0 0 0 0 0 0 0 0 0 0 0 0 0 0 0 0 0 0.1 0 0.1 0 0 0 0
2002051306 0 0.1 0 0 0 0 0 0 0 0 0 0 0 0 0 0 0 0 0 0 0 0 0 0 0 0 0 0 0 0 0 0 0 0 0 0 0 0 0 0 0 0.1
2002051307 0 0 0 0 0 0 0 0 0 0 0 0 0 0 0 0 0 0 0 0 0 0 0 0 0 0 0 0 0 0 0 0 0 0 0 0 0 0 0 0 0 0
2002051308 0 0 0 0 0 0 0 0 0 0 0 0 0 0 0 0 0 0 0 0 0 0 0 0 0 0 0 0 0 0 0 0 0 0 0 0 0 0 0 0 0 0
2002051309 0 0 0 0 0 0 0 0 0 0 0 0 0 0 0 0 0 0 0 0.1 0 0 0 0 0 0 0 0 0 0 0 0 0 0 0 0 0 0 0 0 0 0
2002051310 0 0 0 0 0 0 0 0 0 0 0 0 0 0 0 0 0 0 0 0 0 0 0 0 0 0 0 0 0 0 0 0 0 0 0 0 0 0 0 0 0 0
2002051311 0 0 0 0 0 0 0 0 0 0 0 0 0 0 0 0 0 0 0 0 0 0 0 0 0 0 0 0 0 0 0 0 0 0 0 0 0 0 0 0 0 0
2002051312 0 0 0 0 0 0 0 0 0 0 0 0 0 0 0 0 0 0 0 0 0 0 0 0 0 0 0 0 0 0 0 0 0 0 0 0 0 0 0 0 0 0
2002051313 0 0 0 0 0 0 0 0 0 0 0 0 0 0 0 0 0 0 0 0 0 0 0 0 0 0 0 0 0 0 0 0 0 0 0 0 0 0 0 0 0.1 0
2002051314 0 0 0 0 0 0 0 0 0 0 0 0 0 0 0 0 0 0 0 0 0 0 0 0 0 0 0 0 0 0 0 0 0 0 0 0 0 0 0 0 0 0
2002051315 0 0 0 0 0 0 0 0 0 0 0 0 0 0 0 0 0 0 0 0 0 0 0 0 0 0 0 0 0 0 0 0 0 0 0 0 0 0 0 0 0 0
2002051316 0 0 0 0 0 0 0 0 0 0 0 0 0 0 0 0 0 0 0 0 0 0 0 0 0 0 0 0 0 0 0 0 0 0 0 0 0 0 0 0 0 0
2002051317 0 0 0 0 0 0 0 0 0 0 0 0 0 0 0 0 0 0 0 0 0 0 0 0 0 0 0 0 0 0 0 0 0 0 0 0 0 0 0 0 0 0
2002051318 0 0 0 0 0 0 0 0 0 0 0 0 0 0 0 0 0 0 0 0 0 0 0 0 0 0 0 0 0 0 0 0 0 0 0 0 0 0 0 0 0 0
2002051319 0 0 0 0 0 0 0 0 0 0 0 0 0 0 0 0 0 0 0 0 0 0 0 0 0 0 0 0 0 0 0 0 0 0 0 0 0 0 0 0 0 0
2002051320 0 0 0 0 0 0 0 0 0 0 0 0 0 0 0 0 0 0 0 0 0 0 0 0 0 0 0 0 0 0 0 0 0 0 0 0 0 0 0 0 0 0
2002051321 0 0 0 0 0 0 0 0 0 0 0 0 0 0 0 0 0.3 0 0 0 0 0 0 0 0.2 0.1 0 0 0 0 0 0 0 0 0 0 0 0 0 0 0 0
2002051322 0 0 0 0 0 0 0 0 0 0 0 0 0.8 2.1 0.6 1.3 2.5 4.2 2.4 2.7 1.1 0.8 5.2 5.8 4.9 3.1 0.6 2.6 0 0.1 0.3 1 0 0 0 0 0.2 0.2 1.1 2.3 0 0
2002051323 0 1.6 0.3 0 0.1 0.3 0.3 0.6 0.1 1.4 0.7 2.3 1.1 0.5 1.2 1.9 0.5 2.2 2.7 0.8 2.6 2.9 0.9 0.6 1.4 0.3 0.7 3.6 1.3 3.1 3.8 2.9 1 1.3 1.3 2.2 2.4 3 1.3 1.3 0 0.2
2002051400 0.6 0.3 1.1 0.7 1.2 0.9 1.3 0.9 0.6 0.4 0.5 0.4 0.2 0.1 0 0 0 0 0 0 0.1 0 0 0 0 0 0.5 0 0.6 0.3 0 0 0.6 0.5 0.6 0.4 0.2 0.2 0 0 0 0.6
2002051401 0 0.1 0 0 0.1 0 0.1 0 0 0.4 0.2 0 0 0 0 0.2 0 0 0 0.1 0.1 0 0 0 0 0 0.3 0 0 0 0 0 0 0 0.3 0 0.1 0 0 0 0 0
2002051402 0.1 0 0.4 0 0 0.2 0.1 0 0 0 0 0 0 0 0 0 0 0 0 0 0 0 0 0 0 0 0.3 0 0 0 0 0 0 0 0 0 0 0 0 0 0 0
2002051403 0 0 0 0 0 0 0 0 0 0 0 0 0 0 0 0 0 0 0 0 0 0 0 0 0 0 0.2 0 0 0 0 0 0 0 0 0 0 0 0 0 0 0
2002051404 0 0 0 0 0 0 0 0 0 0 0 0 0 0 0 0 0 0.1 0.1 0 0 0 0.1 0 0 0 0.1 0.4 0 0 0.1 0.1 0 0 0 0 0 0.1 0 0 0 0
2002051405 0 0 0 0 0.2 0 0 0.1 0.1 0 0 0 0 0 0 0.4 0.2 0.3 0.2 0.3 0 0 0.7 0.1 0.1 0.2 0.2 0.2 0.1 0.1 0.6 0.5 0 0.2 0 0 0 0.8 0 0 0 0.2
2002051406 0 0 0 0 0.1 0 0.1 0.4 0 0 0 0.1 0.1 0.1 0 0 0.1 1 0.6 0 0 0.2 1 0.4 0.3 0.2 0.1 0.9 0.3 0.3 0.5 0.6 0.2 0 0.3 0.1 0.2 0.9 0 0 0 0.1
2002051407 0 0.1 0 0.1 0.1 0 0 0.5 0 0.2 0.1 0 0 0.2 0 0 0.4 0.4 0.4 0 0 0 0.2 0.4 0.7 0.3 0.1 1.6 0.3 0.1 0.6 0.2 0.3 0 0 0 0 1.5 0.2 0.5 0 0.4
2002051408 0 0 0 0 0 0 0 0.2 0 0 0.1 0 0 0.1 0.1 0.1 0 0.4 0.7 0 0 0.2 0.2 0.1 0.2 0 0.2 1.2 0.2 0.2 0.4 0.4 0.2 0 0.1 0 0 1.8 0.2 0.2 0 0
2002051409 0 0 0 0 0 0 0 0.6 0.3 0 0 0 0 0 0 0 0 0.5 0 0 0 0 0.1 0.2 0.1 0 0.1 0 0.3 0.2 0.1 0 0.5 0.1 0.1 0.1 0 0.3 0.1 0 0 0.3
2002051410 0 0.3 0 0 0.1 0 0 0 0.2 0 0.1 0 0.8 0.1 0 0 0.3 0.4 0.1 0.2 0.9 0.2 0.5 0.6 0.5 1.5 0.1 1.1 0 0 0.1 0.1 0 0 0 0 0.2 0.2 0 1.1 0 0
2002051411 0 2.1 0 0.8 0 0 0 0.1 0.5 0 0 1.4 0 0 1.1 0 0.1 0.4 0.5 0 0 0.9 0.3 3 0.1 0.3 0.1 0.7 1.3 0.3 0.5 0.4 0.2 0 0.5 0 0 1.3 0.6 2.2 0 0.3
2002051412 0 2.7 0 0 0 0 0 0.7 0 1.1 0.1 0.1 1.5 0.2 1 0 2.4 0.2 1 0 0 0 0 0.8 0 0.1 0.2 0.1 1.1 0 0.1 0.5 0.3 0 0.1 0 0 0 0.5 0.9 0 0.5
2002051413 1.6 1.7 1 1.4 0 0 0 0 0 0.1 0.5 0.2 3.8 0 0 0 0 1.4 0 0.2 0.1 0.2 2.8 2.4 0.8 2.2 0.2 1.2 0 0 0 0.1 0 0.4 0 0 0 0.1 0.8 0.6 0 0
2002051414 0.4 0.5 0.1 2.3 0 0 0 0.8 0 0 4.1 0 0.1 0 0 0.5 1.7 0.7 0.5 0.2 0.2 0.5 1.7 0.5 0.1 0.3 0.2 0.6 0.1 0.8 0.5 0.6 2.3 0 0.2 0.5 2.2 0.1 0 0 0 0.1
2002051415 2.9 0 6.9 0 0 0.1 0 0.4 0 0 0.1 1.1 0 0.2 0.7 0.4 0.1 1.6 0.5 2.9 0.2 0.9 0.5 0.6 1.3 0.2 0.1 0.3 0.3 0.9 0.4 0.6 1.2 0.3 0.8 0.4 1.2 1 1 0.1 0 0.5
2002051416 0.1 0 0.1 0 0.3 0.6 0.2 2.8 0.3 0 0 0 0 0 0 0 0 2.9 3.1 0.1 2.6 3.5 4.4 1.1 0.3 0.8 0.2 0 0.2 1.1 0.2 0.5 2.7 0 5.8 0.8 4 0 0.1 0 0 3.2
2002051417 0 0 0 0 0 0 0 3.4 1.4 0 0 0 0 0 0 0 0 1.1 7.5 0 0 0 1 3.4 5.9 2.9 0.1 2.2 5.5 1.8 7.4 5.2 0.3 0 0 0 0 4 0 0 0 3.1
2002051418 0 0 0 0 0 0 0 0 0 0.1 0 0.5 0.4 1.7 3.8 0 3.1 0 0 0 0 0 0.1 0.5 6.1 2.9 0.1 11.3 0.2 0 0.1 0 0 0 0 0 0 1 0.9 0 0 0
2002051419 0 0 0 0 0 0.1 0 0 0.1 0 0 0.6 0 0 0.1 2.7 0.1 0 0 0 0 0 0 0 1 0.2 0.1 4.6 0 0 0 0 0 1 0.1 2 1.3 0 0.4 0 0 0
2002051420 0 0 0 0 0.3 0.1 0.1 0.8 2.2 0 0 0 0 0 0 0 0 0 0 0 0 0 0 0.1 0.5 0.1 0.1 0.9 0 0 0 0 0 0.1 0.6 0 0 0 0 2.7 0 1.3
2002051421 0.1 0 0 0 0 0 0 0 0 0 0 0 0 0 0 0 0 0 0 0 0 0 0 0 0 0.1 0.1 0 0 0 0 0 0 0 0 0 0 0 0.1 0.2 0 0
2002051422 0 0 0 0 0 0 0 0 0 0 0 0 0 0 0 0 0 0 0 0 0 0 0 0 0 0 0.1 0 0 0 0 0 0 0 0 0 0.1 0 0 0 0 0
2002051423 0 0 0 0 0 0 0 0 0 0 0 0 0 0.1 0 0.1 0 0 0 0 0 0 0 0 0.1 0 0.1 0.1 0 0.1 0 0 0 0 0 0 0 0 0 0.1 0 0
2002051500 0 0 0.1 0 0 0 0 0.1 0.1 0 0 0 0 0 0 0 0.1 0 0 0 0 0 0 0 0 0 0.1 0 0 0 0 0 0 0 0.1 0.1 0 0 0 0 0 0.1
2002051501 0 0 0 0 0 0 0.1 0 0 0 0 0 0 0 0 0 0 0 0 0 0 0 0 0 0 0 0.1 0 0.1 0 0.1 0 0.1 0.1 0 0 0 0.1 0 0 0 0
2002051502 0 0 0 0 0 0 0 0 0 0 0 0 0 0 0.1 0 0 0 0 0 0 0 0 0 0 0 0 0 0 0 0 0 0 0 0 0 0.1 0 0 0 0 0
2002051503 0 0 0 0 0 0 0 0 0 0 0 0 0 0 0 0.1 0 0 0 0 0 0 0 0 0 0 0.1 0 0 0 0 0 0 0 0 0 0 0 0 0 0 0
2002051504 0 0 0 0 0 0 0 0 0 0 0 0.1 0 0 0 0 0 0 0 0 0 0 0 0 0 0 0.1 0.1 0 0 0 0 0 0 0 0 0 0 0.1 0 0 0
2002051505 0 0 0 0 0 0 0 0 0 0 0 0 0 0 0 0 0 0 0 0 0 0 0 0 0 0 0 0 0 0 0 0 0 0 0 0 0 0 0 0 0 0
2002051506 0 0 0 0 0 0 0 0 0 0 0 0 0 0 0 0 0 0 0 0 0 0 0 0 0 0 0.1 0 0 0 0 0 0 0 0 0 0 0 0 0 0 0
2002051507 0 0 0 0 0 0 0 0 0 0 0 0 0 0 0 0 0 0 0 0 0 0 0 0 0 0 0.1 0 0 0 0 0 0 0 0 0 0 0 0 0 0 0
2002051508 0 0 0 0 0 0 0 0 0 0 0 0 0 0 0 0 0 0 0 0 0 0 0 0 0 0 0 0 0 0 0 0 0 0 0 0 0 0 0 0 0.5 0
2002051509 0 0 0 0 0 0 0 0 0 0 0 0 0 0 0 0 0 0 0 0 0 0 0 0 0 0 0.2 0 0 0 0 0 0 0 0 0 0 0 0 0 0.2 0
2002051510 0 0 0 0 0 0 0 0 0 0 0 0 0 0 0 0 0 0 0 0 0 0.1 0 0 0 0 0.1 0 0 0 0 0 0 0 0 0 0 0 0 0 0 0
2002051511 0 0 0 0 0 0 0 0 0 0 0 0 0 0 0 0 0 0 0 0 0 0 0 0 0 0 0.2 0 0 0 0 0 0 0 0 0 0 0 0 0 0 0
2002051512 0 0 0 0 0 0 0 0 0 0 0 0 0 0 0 0 0 0 0 0 0 0 0 0 0 0 0.2 0 0 0 0 0 0 0 0 0 0 0 0 0 0 0
2002051513 0 0 0 0 0 0 0 0 0 0 0 0 0 0 0 0 0 0 0 0 0 0 0 0 0 0 0.2 0 0 0 0 0 0 0 0 0 0 0 0 0 0 0
2002051514 0 0 0 0 0 0 0 0 0 0 0 0 0 0 0 0 0 0 0 0 0 0 0 0 0 0 0.2 0 0 0 0 0 0 0 0 0 0 0 0 0 0 0
2002051515 0 0 0 0 0 0 0 0 0 0 0 0 0 0 0 0 0 0 0 0 0 0 0 0 0 0 0.2 0 0 0 0 0 0 0 0 0 0 0 0 0 0 0
2002051516 0 0 0 0 0 0 0 0 0 0 0 0 0 0 0 0 0 0 0 0 0 0 0 0 0 0 0.3 0 0 0 0 0 0 0 0 0 0 0 0 0 0 0
2002051517 0 0 0 0 0 0 0 0 0 0 0 0 0 0 0 0 0 0 0 0 0 0 0 0 0 0 0.2 0 0 0 0 0 0 0 0 0 0 0 0 0 0 0
2002051518 0 0 0 0 0 0 0 0 0 0 0 0 0 0 0 0 0 0 0 0 0 0 0 0 0 0 0.2 0 0 0 0 0 0 0 0 0 0 0 0 0 0 0
2002051519 0 0 0 0 0 0 0 0 0 0 0 0 0 0 0 0 0 0 0 0 0 0 0 0 0 0 0.1 0 0 0 0 0 0 0 0 0 0 0 0 0 0 0
2002051520 0 0 0 0 0 0 0 0 0 0 0 0 0 0 0 0 0 0 0 0 0 0 0 0 0 0 0.1 0 0 0 0 0 0 0 0 0 0 0 0 0 0 0
2002051521 0 0 0 0 0 0 0 0 0 0 0 0 0 0 0 0 0 0 0 0 0 0 0 0 0 0 0.1 0 0 0 0 0 0 0 0 0 0 0 0 0 0 0
2002051522 0 0 0 0 0 0 0 0 0 0 0 0 0 0 0 0 0 0 0 0 0 0 0 0 0 0 0.2 0 0 0 0 0 0 0 0 0 0 0 0 0 0 0
2002051523 0 0 0 0 0 0 0 0 0 0 0 0 0 0 0 0 0 0 0 0 0 0 0 0 0 0 0.1 0 0 0 0 0 0 0 0 0 0 0 0 0 0 0
2002051600 0 0 0 0 0 0 0 0 0 0 0 0 0 0 0 0 0 0 0 0 0 0 0 0 0 0 0 0 0 0 0 0 0 0 0 0 0 0 0 0.1 0 0
2002051601 0 0 0 0 0 0 0 0 0 0 0 0 0 0 0 0 0.1 0 0 0 0 0 0 0 0 0 0.1 0 0 0 0 0 0 0 0 0 0 0 0 0 0 0
2002051602 0 0 0 0 0 0 0.1 0 0 0 0 0 0 0 0 0 0 0 0 0 0 0 0 0 0.1 0 0.1 0 0 0 0 0 0 0 0 0 0.1 0 0.1 0 0 0
2002051603 0 0 0 0 0 0 0 0 0 0 0 0 0.1 0 0 0 0 0 0.1 0.1 0 0 0 0.1 0 0 0.1 0 0 0 0 0 0 0 0 0 0 0 0 0 0 0
2002051604 0 0 0 0 0 0 0 0 0 0 0 0 0 0 0 0 0 0 0 0 0 0 0.1 0 0 0 0.1 0 0 0 0 0 0 0 0 0 0 0 0 0.1 0 0
2002051605 0 0 0 0 0 0 0 0 0 0 0 0 0 0.1 0 0 0 0 0 0 0 0 0 0 0 0 0 0 0 0 0 0 0 0 0 0 0 0 0 0 0 0
2002051606 0 0 0 0 0 0 0 0 0 0 0 0 0 0 0 0 0 0 0 0 0 0 0 0 0 0 0.1 0 0 0 0 0 0 0 0 0 0 0 0 0 0 0
2002051607 0 0 0 0 0 0 0 0 0 0 0 0 0 0 0 0 0 0 0 0 0 0 0 0 0 0 0.2 0 0 0 0 0 0 0 0 0 0 0 0 0 0 0
2002051608 0 0.1 0 0 0 0 0 0 0 0 0 0 0 0 0 0 0 0 0 0 0 0 0 0 0 0 7.6 0 0 0 0 0 0 0 0 0 0 0 0 0 0 0
2002051609 0 0 0 0 0 0 0 0 0 0 0 0 0 0 0 0 0 0 0 0 0 0 0 0 0 0 0 0 0 0 0 0 0 0 0 0 0 0 0 0 0 0
2002051610 0 0 0 0 0 0 0 0 0 0 0 0 0 0 0 0 0 0 0 0 0 0 0 0 0 0 0 0 0 0 0 0 0 0 0 0 0 0 0 0 0 0
2002051611 0 0 0 0 0 0 0 0 0 0 0 0 0 0 0 0 0 0 0 0 0 0 0 0 0 0 0 0 0 0 0 0 0 0 0 0 0 0 0 0 0 0
2002051612 0 0 0 0 0 0 0 0 0 0 0 0 0 0 0 0 0 0 0 0 0 0 0 0 0 0 0 0 0 0 0 0 0 0 0 0 0 0 0 0 0 0
2002051613 0 0 0 0 0 0 0 0 0 0 0 0 0 0 0 0 0 0 0 0 0 0 0 0 0 0 0 0 0 0 0 0 0 0 0 0 0 0 0 0 0 0
2002051614 0 0 0 0 0 0 0 0 0 0 0 0 0 0 0 0 0 0 0 0 0 0 0 0 0 0 0 0 0 0 0 0 0 0 0 0 0 0 0 0 0 0
2002051615 0 0 0 0 0 0 0 0 0 0 0 0 0 0 0 0 0 0 0 0 0 0 0 0 0 0 0 0 0 0 0 0 0 0 0 0 0 0 0 0 0 0
2002051616 0 0 0 0 0 0 0 0 0 0 0 0 0 0 0 0 0 0 0 0 0 0 0 0 0 0 0 0 0 0 0 0 0 0 0 0 0 0 0 0 0 0
2002051617 0 0 0 0 0 0 0 0 0 0 0 0 0 0 0 0 0 0 0 0 0 0 0 0 0 0 0 0 0 0 0 0 0 0 0 0 0 0 0 0 0 0
2002051618 0 0 0 0 0 0 0 0 0 0 0 0 0 0 0 0 0 0 0 0 0 0 0 0 0 0 0 0 0 0 0 0 0 0 0 0 0 0 0 0 0 0
2002051619 0 0 0 0 0 0 0 0 0 0 0 0 0 0 0 0 0 0 0 0 0 0 0 0 0 0 0 0 0 0 0 0 0 0 0 0 0 0 0 0 0 0
2002051620 0 0 0 0 0 0 0 0 0 0 0 0 0 0 0 0 0 0 0 0 0 0 0 0 0 0 0 0 0 0 0 0 0 0 0 0 0 0 0 0 0 0
2002051621 0 0 0 0 0 0 0 0 0 0 0 0 0 0 0 0 0 0 0 0 0 0 0 0 0 0 0 0 0 0 0 0 0 0 0 0 0 0 0 0 0 0
2002051622 0 0 0 0 0 0 0 0 0 0 0 0 0 0 0 0 0 0 0 0 0 0 0 0 0 0 0 0 0 0 0 0 0 0 0 0 0 0 0 0 0 0
2002051623 0 0 0 0 0 0 0 0 0 0 0 0 0 0 0 0 0 0 0 0 0 0 0 0 0 0 0 0 0 0 0 0 0 0 0 0 0 0 0 0 0 0
2002051700 0 0 0 0 0 0 0 0 0 0 0 0 0 0 0 0 0 0 0 0 0 0 0 0 0 0 0 0 0 0 0 0 0 0 0 0 0 0 0 0 0 0
2002051701 0 0 0 0 0 0 0 0 0 0 0 0 0 0 0 0 0 0 0 0 0 0 0 0 0 0 0 0 0 0 0 0 0 0 0 0 0 0 0 0 0 0
2002051702 0.1 0 0 0 0 0 0 0 0 0 0 0 0 0 0 0 0 0 0 0 0 0 0 0 0 0 0 0 0 0 0 0 0 0 0 0 0 0 0.1 0 0 0
2002051703 0 0 0 0 0 0 0.1 0 0 0 0 0 0 0 0.1 0 0 0 0 0 0 0 0 0 0 0 0 0 0 0 0 0 0 0 0 0 0 0 0 0 0 0
2002051704 0 0 0 0 0 0 0 0 0 0 0 0 0 0 0 0 0.1 0 0 0 0 0 0 0 0 0 0 0 0 0 0 0 0 0 0 0 0.1 0 0 0.1 0 0
2002051705 0 0 0 0 0 0 0 0 0 0 0 0 0 0 0 0 0 0 0 0 0 0 0 0 0 0 0 0 0 0 0 0 0 0 0 0 0 0 0 0 0 0
2002051706 0 0 0 0 0 0 0 0 0 0 0 0 0 0 0 0 0 0 0 0 0 0 0 0 0 0 0 0 0 0 0 0 0 0 0 0 0 0 0 0 0 0
2002051707 0 0 0 0 0 0 0 0 0 0 0 0 0 0 0 0 0 0 0 0 0 0 0 0 0 0 0 0 0 0 0 0 0 0 0 0 0 0 0 0 0 0
2002051708 0 0 0 0 0 0 0 0 0 0 0 0 0 0 0 0 0 0 0 0 0 0 0 0 0 0 0 0 0 0 0 0 0 0 0 0 0 0.1 0 0 0 0
2002051709 0 0 0 0 0 0 0 0 0 0 0 0 0 0 0 0 0 0 0 0 0 0 0 0 0 0 0 0 0 0 0 0 0 0 0 0 0 0 0 0 0 0
2002051710 0 0 0 0 0 0 0 0 0 0 0 0 0 0 0 0 0 0 0 0 0 0 0 0 0 0 0 0 0 0 0 0 0 0 0 0 0 0 0 0 0 0
2002051711 0 0 0 0 0 0 0 0 0 0 0 0 0 0 0 0 0 0 0 0 0 0 0 0 0 0 0 0 0 0 0 0 0 0 0 0 0 0 0 0 0 0
2002051712 0 0 0 0 0 0 0 0 0 0 0 0 0 0 0 0 0 0 0 0 0 0 0 0 0 0 0 0 0 0 0 0 0 0 0 0 0 0 0 0 0 0
2002051713 0 0 0 0 0 0 0 0 0 0 0 0 0 0 0 0 0 0 0 0 0 0 0 0 0 0 0 0 0 0 0 0 0 0 0 0 0 0 0 0 0 0
2002051714 0 0 0 0 0 0 0 0 0 0 0 0 0 0 0 0 0 0 0 0 0 0 0 0 0 0 0 0 0 0 0 0 0 0 0 0 0 0 0 0 0 0
2002051715 0 0 0 0 0 0 0 0 0 0 0 0 0 0 0 0 0 0 0 0 0 0 0 0 0 0 0 0 0 0 0 0 0 0 0 0 0 0 0 0 0 0
2002051716 0 0 0 0 0 0 0 0 0 0 0 0 0 0 0 0 0 0 0 0 0 0 0 0 0 0 0 0 0 0 0 0 0 0 0 0 0 0 0 0 0 0
2002051717 0 0 0 0 0 0 0 0 0 0 0 0 0 0 0 0 0 0 0 0 0 0 0 0 0 0 0 0 0 0 0 0 0 0 0 0 0 0 0 0 0 0
2002051718 0 0 0 0 0 0 0 0 0 0 0 0 0 0 0 0 0 0 0 0 0 0 0 0 0 0 0 0 0 0 0 0 0 0 0 0 0 0 0 0 0 0
2002051719 0 0 0 0 0 0 0 0 0 0 0 0 0 0 0 0 0 0 0 0 0 0 0 0 0 0 0 0 0 0 0 0 0 0 0 0 0 0 0 0 0 0
2002051720 0 0 0 0 0 0 0 0 0 0 0 0 0 0 0 0 0 0 0 0 0 0 0 0 0 0 0 0 0 0 0 0 0 0 0 0 0 0 0 0 0 0
2002051721 0 0 0 0 0 0 0 0 0 0 0 0 0 0 0 0 0 0 0 0 0 0 0 0 0 0 0 0 0 0 0 0 0 0 0 0 0 0 0 0 0 0
2002051722 0 0 0 0 0 0 0 0 0 0 0 0 0 0 0 0 0 0 0 0 0 0 0 0 0 0 0 0 0 0 0 0 0 0 0 0 0 0 0 0 0 0
2002051723 0 0 0 0 0 0 0 0 0 0 0 0 0 0 0 0 0 0 0 0 0 0 0 0 0 0 0 0 0 0 0 0 0 0 0 0 0 0 0 0 0 0
2002051800 0 0 0 0 0 0 0 0 0 0 0 0 0 0 0 0 0 0 0 0 0 0 0 0 0 0 0 0 0 0 0 0 0 0 0 0 0 0 0 0 0 0
2002051801 0 0 0 0 0 0 0 0 0 0 0 0 0 0 0 0 0 0 0 0 0 0 0 0 0.1 0.1 0 0 0 0 0 0 0 0 0 0 0 0 0 0 0 0
2002051802 0 0 0 0 0 0 0 0 0 0.3 0 0.6 0.1 0 0 0.1 0 0.6 0.2 0 0.1 0 0.3 0.3 0.8 0.2 0.3 0 0 0 0 0 0 0 0 0.5 0.2 0 0 0 0 0
2002051803 0 0.2 0 0.1 0 0 0 0 0 0.3 0.1 0.4 0 0 0.5 0.3 0 1.3 5.9 0.6 0.3 1.4 1.7 1.5 3 1.5 3.9 1.8 0 0 0 0 0 0.2 0 0.4 0.5 0 1 0.8 0 0
2002051804 0 0.1 0 0 1.2 0.2 0.9 0 0.6 1.5 0 1.8 0.6 0.1 3.1 1.7 0.2 1 1.2 0.6 1.8 4.9 0.4 0.1 0.1 0.1 0.8 0.4 0 3.8 2.5 3 0.2 0.3 2.5 1.7 3.6 0.4 0.1 0 0 0
2002051805 0.5 0.9 1.3 0.5 0.3 1.5 1.9 0.2 0.3 0.5 1.5 0.4 0 0 0 0 0 0 0 0 0 0 0 0 0 0 0 0 0 0.5 0 0 0.7 1.4 1.2 0.3 0.1 0 0 0 2.3 1.9
2002051806 0.9 0 0.2 1.3 1.6 0.2 0.4 0 0.6 0 0 0 0 0 0 0 0 0 0 0 0.1 0 0 0 0 0 0 0 0 0 0 0 0 0 0 0 0 0 0 0 0.1 0.2
2002051807 0.1 0 0 0 0 0 0 0 0 0 0 0 0 0 0 0 0 0 0 0 0 0 0 0 0 0 0 0 0 0 0 0 0 0 0 0 0 0 0 0 0 0
2002051808 0 0 0 0 0 0 0 0 0 0 0 0 0 0 0 0 0 0 0 0 0 0 0 0 0 0 0.1 0 0 0 0 0 0 0 0 0 0 0 0.4 0.3 0 0
2002051809 0 0 0 0 0 0 0 0 0 0 0 0 0 0 0 0 0 0.1 0 0 0 0 0 0 0.2 0 0.3 0.8 0.1 0 0.1 0 0 0 0 0 0 0.1 1.5 1.1 0 0
2002051810 0 0 0 0 0 0 0 0 0 0 0 0 0 0 0 0 0 0 0 0 0 0 0 0 0 0 0 0.6 0.4 0.4 0.8 0 0.3 0 0.1 0 0 1.4 0.2 0.2 0 0
2002051811 0 0 0 0 0 0.1 0 0.2 0 0 0 0 0 0 0 0 0 0 0 0 0 0 0 0 0 0 0 0 0.4 0.2 0 0 0.6 0 0 0 0 0.4 0 0 0.8 0.4
2002051812 0 0 0 0 0.3 0.4 0.4 0.4 0.9 0 0 0 0 0 0 0 0 0 0 0 0 0 0 0 0 0 0 0 0.1 0 0.1 0 0 0 0 0 0 0.2 0 0 1.9 2
2002051813 0.1 0 0 0 0.9 0.1 0.9 1.6 1.1 0 0 0 0 0 0 0 0 0 0 0 0 0 0 0 0 0 0 0 0.1 0 0 0 0 0 0 0 0 0 0 0 1.4 1.5
2002051814 0.7 0 0 0 1.7 0.4 1.9 0.3 2.1 0 0 0 0 0 0 0 0 0 0 0 0 0 0 0 0 0 0 0 0 0 0 0 0 0 0 0 0 0 0.1 0 1.3 1.5
2002051815 0 0 0 0 0.8 0 0 0 0.5 0 0 0 0 0 0 0 0 0 0 0 0 0 0 0 0 0 0 0 0.1 0 0 0 0 0 0 0 0 0.2 0 0 2.4 0.8
2002051816 0 0 0 0 0.2 0 0 0.1 0.1 0 0 0 0 0 0 0 0 0 0 0 0 0 0 0 0 0 0 0 0.1 0 0 0 0 0 0 0 0 0 0 0 0.2 0.2
2002051817 0 0 0 0 0 0 0.1 0.5 0 0 0 0 0 0 0 0 0 0 0 0 0 0 0 0 0 0 0 0 0 0 0 0 0 0 0 0 0 0 0 0 0 0.1
2002051818 0 0 0 0 0 0 0 0 0 0 0 0 0 0 0 0 0 0 0 0 0 0 0 0 0 0 0 0 0 0 0 0 0 0 0 0 0 0 0 0 0 0
2002051819 0 0 0 0 0 0 0 0 0 0 0 0 0 0 0 0 0 0 0 0 0 0 0 0 0 0 0 0 0 0 0 0 0 0 0 0 0 0 0 0 0 0
2002051820 0 0 0 0 0 0 0 0 0.1 0 0 0 0 0 0 0 0 0 0 0 0 0 0 0 0 0 0 0 0 0 0 0 0 0 0 0 0 0 0 0 0 0
2002051821 0 0 0 0 0 0 0 0 0 0 0 0 0 0 0 0 0 0 0 0 0 0 0 0 0 0 0 0 0 0 0 0 0 0 0 0 0 0 0 0 0 0
2002051822 0 0 0 0 0 0 0 0 0 0 0 0 0 0 0 0 0 0 0 0 0 0 0 0 0 0 0 0 0 0 0 0 0 0 0 0 0 0 0 0 0 0
2002051823 0 0 0 0 0 0 0 0 0 0 0 0 0 0 0 0 0 0 0 0 0 0 0 0 0 0 0 0 0 0 0 0 0.1 0 0 0 0 0 0 0 0.1 0
2002051900 0 0 0 0 0.1 0 0 0 0 0 0 0 0 0 0.1 0 0 0 0 0 0 0 0 0.1 0 0 0 0 0 0 0 0 0 0 0 0 0 0 0 0 0 0
2002051901 0 0 0 0 0 0 0.1 0 0 0 0 0 0 0 0 0 0 0 0 0 0 0 0 0 0.1 0.1 0 0 0 0 0 0 0 0 0 0 0 0 0 0 0 0
2002051902 0 0 0 0 0 0 0 0 0 0 0 0 0 0 0 0 0 0 0 0 0 0 0 0 0 0 0 0 0 0 0 0 0 0 0 0 0 0 0 0.1 0 0
2002051903 0 0 0 0 0 0 0 0 0 0 0 0 0 0 0 0 0 0 0 0 0 0 0 0 0 0 0 0.1 0 0 0 0.1 0 0 0 0 0.1 0 0 0 0 0
2002051904 0 0 0 0 0 0 0 0 0 0 0 0 0 0 0 0 0 0 0 0 0 0 0 0 0 0 0.1 0 0 0 0 0 0 0 0 0 0 0.1 0.1 0 0 0
2002051905 0 0 0 0 0 0 0 0 0 0 0 0 0 0 0 0 0 0 0 0 0 0 0.1 0 0 0 0 0 0.1 0 0 0 0 0 0 0 0 0 0 0 0 0
2002051906 0 0 0 0 0 0 0 0 0 0 0 0 0 0 0 0 0 0.1 0 0 0 0 0 0 0 0 0 0 0 0 0 0 0 0 0 0 0 0 0 0 0 0
2002051907 0 0 0 0 0 0 0 0 0 0 0 0 0 0 0 0 0 0 0 0 0 0 0 0 0 0 0 0 0 0 0 0 0 0 0 0 0 0 0 0 0 0
2002051908 0 0 0 0 0 0 0 0 0 0 0 0 0 0 0 0 0 0 0 0 0 0 0 0 0 0 0 0 0 0 0 0 0 0 0 0 0 0 0 0 0 0
2002051909 0 0 0 0 0 0 0 0 0 0 0 0 0 0 0 0 0 0 0 0 0 0 0 0 0 0 0 0 0 0 0 0 0 0 0 0 0 0 0 0 0 0
2002051910 0 0 0 0 0 0 0 0 0 0 0 0 0 0 0 0 0 0 0 0 0 0 0 0 0 0 0 0 0 0 0 0 0 0 0 0 0 0 0 0 0 0
2002051911 0 0 0 0 0 0 0 0 0 0 0 0 0 0 0 0 0 0 0 0 0 0 0 0 0 0 0 0 0 0 0 0 0 0 0 0 0 0 0 0 0 0
2002051912 0 0 0 0 0 0 0 0 0 0 0 0 0 0 0 0 0 0 0 0 0 0 0 0 0 0 0 0 0 0 0 0 0 0 0 0 0 0 0 0 0 0
2002051913 0 0 0 0 0 0 0 0 0 0 0 0 0 0 0 0 0 0 0 0 0 0 0 0 0 0 0 0 0 0 0 0 0 0 0 0 0 0 0 0 0 0
2002051914 0 0 0 0 0 0 0 0 0 0 0 0 0 0 0 0 0 0 0 0 0 0 0 0 0 0 0 0 0 0 0 0 0 0 0 0 0 0 0 0 0 0
2002051915 0 0 0 0 0 0 0 0 0 0 0 0 0 0 0 0 0 0 0 0 0 0 0 0 0 0 0 0 0 0 0 0 0 0 0 0 0 0 0 0 0 0
2002051916 0 0 0 0 0 0 0 0 0 0 0 0 0 0 0 0 0 0 0 0 0 0 0 0 0 0 0 0 0 0 0 0 0 0 0 0 0 0 0 0 0 0
2002051917 0 0 0 0 0 0 0 0 0 0 0 0 0 0 0 0 0 0 0 0 0 0 0 0 0 0.1 0 0 0 0 0 0 0 0 0 0 0 0 0 0 0 0
2002051918 0 0 0 0 0 0 0 0 0 0 0 0 0 0 0 0 0 0 0 0 0 0 0 0 0 0 0 0 0 0 0 0 0 0 0 0 0 0 0 0 0 0
2002051919 0 0 0 0 0 0 0 0 0 0 0 0 0 0 0 0 0 0 0 0 0 0 0 0 0 0 0 0 0 0 0 0 0 0 0 0 0 0 0 0 0 0
2002051920 0 0 0 0 0 0 0 0 0 0 0 0 0 0 0 0 0 0 0 0 0 0 0 0 0 0 0 0 0 0 0 0 0 0 0 0 0 0 0 0 0 0
2002051921 0 0 0 0 0 0 0 0 0 0 0 0 0 0 0 0 0 0 0 0 0 0 0 0 0 0 0 0 0 0 0 0 0 0 0 0 0 0 0 0 0 0
2002051922 0 0 0 0 0 0 0 0 0 0 0 0 0 0 0 0 0 0 0 0 0 0 0 0 0 0 0 0 0 0 0 0 0 0 0 0 0 0 0 0 0 0
2002051923 0 0 0 0 0 0 0 0 0 0 0 0 0 0 0 0 0 0 0 0 0 0 0 0 0 0 0 0 0 0 0 0 0 0 0 0 0 0 0 0 0 0
2002052000 0 0 0 0 0 0 0 0 0 0 0 0 0 0 0 0 0 0 0 0 0 0 0 0 0 0 0 0 0 0 0 0 0 0 0 0 0 0 0 0 0 0
2002052001 0 0 0 0 0 0 0.1 0 0 0 0 0 0 0 0 0 0 0 0 0 0 0 0 0 0 0 0 0 0 0 0 0 0 0 0 0 0 0 0 0 0 0
2002052002 0 0 0 0 0 0 0 0 0 0 0 0 0 0 0 0 0 0 0 0 0 0 0 0 0.1 0 0 0 0 0 0 0 0 0 0 0 0 0 0 0.1 0 0
2002052003 0 0 0 0 0 0 0 0 0.1 0 0 0 0 0 0 0 0 0 0 0 0 0 0 0 0 0 0 0 0 0 0 0 0 0 0 0 0 0 0 0 0 0
2002052004 0 0 0 0 0 0 0 0 0 0 0 0 0 0 0 0 0 0 0 0 0 0 0 0 0 0 0 0 0 0 0 0 0 0 0 0 0 0 0 0 0 0
2002052005 0 0 0 0 0 0 0 0 0 0 0 0 0 0 0 0 0 0 0.1 0 0 0 0 0 0 0 0 0 0 0 0 0 0 0 0 0 0 0 0 0 0 0
2002052006 0 0 0 0 0 0 0 0 0 0 0 0 0 0 0 0 0 0 0 0 0 0 0 0 0 0 0 0 0 0 0 0 0 0 0 0 0 0 0 0 0 0
2002052007 0 0 0 0 0 0 0 0 0 0 0 0 0 0 0 0 0 0 0 0 0 0 0 0 0 0 0 0 0 0 0.1 0 0 0 0 0 0 0 0 0 0 0
2002052008 0 0 0 0 0 0 0 0 0 0 0 0 0 0 0 0 0 0 0 0 0 0 0 0 0 0 0 0 0 0 0 0 0 0 0 0 0 0 0 0 0 0
2002052009 0 0 0 0 0 0 0 0 0 0 0 0 0 0 0 0 0 0 0 0 0 0 0 0 0 0 0 0 0 0 0 0 0 0 0 0 0 0 0 0 0 0
2002052010 0.1 0 0 0 0 0 0 0 0 0 0 0 0 0 0 0 0 0 0 0 0 0 0 0 0 0 0 0 0 0 0 0 0 0 0 0 0 0 0 0 0 0
2002052011 0 0 0 0 0 0 0 0 0 0 0 0 0 0 0 0 0 0 0 0 0 0 0 0 0 0 0 0 0 0 0 0 0 0 0 0 0 0 0 0 0 0
2002052012 0 0 0 0 0 0 0 0 0 0 0 0 0 0 0 0 0 0 0 0 0 0 0 0 0 0 0 0 0 0 0 0 0 0 0 0 0 0 0 0 0 0
2002052013 0 0 0 0 0 0 0 0 0 0 0 0 0 0 0 0 0 0 0 0 0 0 0 0 0 0 0 0 0 0 0 0 0 0 0 0 0 0 0 0 0 0
2002052014 0 0 0 0 0 0 0 0 0 0 0 0 0 0 0 0.1 0 0 0 0 0 0 0 0 0 0 0 0 0 0 0 0 0 0 0 0 0 0 0 0 0 0
2002052015 0 0 0 0 0 0 0 0 0 0 0 0 0 0 0 0 0 0 0 0 0 0 0 0 0 0 0 0 0 0 0 0 0 0 0 0 0 0 0 0 0 0
2002052016 0 0 0 0 0 0 0 0 0 0 0 0 0 0 0 0 0 0 0 0 0 0 0 0 0 0 0 0 0 0 0 0 0 0 0 0 0 0 0 0 0 0
2002052017 0 0 0 0 0 0 0 0 0 0 0 0 0 0 0 0 0 0 0 0 0 0 0 0 0 0 0 0 0 0 0 0 0 0 0 0 0 0 0 0 0 0
2002052018 0 0 0 0 0 0 0 0 0 0 0 0 0 0 0 0 0 0 0 0 0 0 0 0 0 0 0 0 0 0 0 0 0 0 0 0 0 0 0 0 0 0
2002052019 0 0 0 0 0 0 0 0 0 0 0 0 0 0 0 0 0 0 0 0 0 0 0 0 0 0 0 0 0 0 0 0 0 0 0 0 0 0 0 0 0 0
2002052020 0 0 0 0 0 0 0 0 0 0 0 0 0 0 0 0 0 0 0 0 0 0 0 0 0 0 0 0 0 0 0 0 0 0 0 0 0 0 0 0 0 0
2002052021 0 0 0 0 0 0 0 0 0 0 0 0 0 0 0 0 0 0 0 0 0 0 0 0 0 0 0 0 0 0 0 0 0 0 0 0 0 0 0 0 0 0
2002052022 0 0 0 0 0 0 0 0 0 0 0 0 0 0 0 0 0 0 0 0 0 0 0 0 0 0 0 0 0 0 0 0 0 0 0 0 0 0 0 0 0 0
2002052023 0 0 0 0 0 0 0 0 0 0 0 0 0 0 0 0 0 0 0 0 0 0 0 0 0 0 0 0 0 0 0 0 0 0 0 0 0 0 0 0 0 0
2002052100 0 0 0 0 0 0 0 0 0 0 0 0 0 0 0 0 0 0 0 0 0 0 0 0 0 0 0 0 0 0 0 0 0 0 0 0 0 0 0 0 0 0
2002052101 0 0 0 0 0 0 0 0 0 0 0 0 0 0 0 0 0 0 0 0 0 0 0 0 0 0 0 0 0 0 0 0 0 0 0 0 0 0 0 0 0 0
2002052102 0 0 0 0 0 0 0 0 0 0 0 0 0 0 0 0 0 0 0 0 0 0 0 0 0 0 0 0 0 0 0 0 0 0 0 0 0 0 0.1 0 0 0
2002052103 0 0 0 0 0 0 0 0 0 0 0 0 0 0 0.1 0 0 0 0 0 0 0 0 0.1 0 0 0 0 0 0 0 0 0 0 0 0 0 0 0 0.1 0 0
2002052104 0 0 0 0 0 0 0 0 0 0 0 0 0 0 0 0 0 0 0 0 0 0 0 0 0 0 0 0.1 0 0 0 0 0 0 0 0 0 0 0 0 0 0
2002052105 0 0 0 0 0 0 0 0 0 0 0 0 0 0 0 0 0 0 0 0 0 0 0 0 0 0 0 0 0 0 0 0 0 0 0 0 0 0 0 0 0 0
2002052106 0 0 0 0 0 0 0 0 0 0 0 0 0 0 0 0 0 0 0 0 0 0 0 0 0 0 0 0 0 0 0 0 0 0 0 0 0 0 0 0 0 0
2002052107 0 0 0 0 0 0 0 0 0 0 0 0 0 0 0 0 0 0 0 0 0 0 0 0 0 0 0 0 0 0 0 0 0 0 0 0 0 0 0 0 0 0
2002052108 0 0 0 0 0 0 0 0 0 0 0 0 0 0 0 0 0 0 0 0 0 0 0 0 0 0 0 0 0 0 0 0 0 0 0 0 0 0 0 0 0 0
2002052109 0 0 0 0 0 0 0 0 0 0 0 0 0 0 0 0 0 0 0 0 0 0 0 0 0 0 0 0 0 0 0 0 0 0 0 0 0 0 0 0 0 0
2002052110 0 0 0 0 0 0 0 0 0 0 0 0 0 0 0 0 0 0 0 0 0 0 0 0 0 0 0 0 0 0 0 0 0 0 0 0 0 0 0 0 0 0
2002052111 0 0 0 0 0 0 0 0 0 0 0 0 0 0 0 0 0 0 0 0 0 0 0 0 0 0 0 0 0 0 0 0 0 0 0 0 0 0 0 0 0 0
2002052112 0 0 0 0 0 0 0 0 0 0 0 0 0 0 0 0 0 0 0 0 0 0 0 0 0.1 0 0 0 0 0 0 0 0 0 0 0 0 0 0 0 0 0
2002052113 0 0 0 0 0 0 0 0 0 0 0 0 0 0 0 0 0 0 0 0 0 0 0 0 0 0 0 0 0 0 0 0 0 0 0 0 0 0 0 0 0 0
2002052114 0 0 0 0 0 0 0 0 0 0 0 0 0 0 0 0 0 0 0 0 0 0 0 0 0 0 0 0 0 0 0 0 0 0 0 0 0 0 0 0 0 0
2002052115 0 0 0 0 0 0 0 0 0 0 1.9 0.1 0 0 0 0 0 0 0 0 1.6 0.1 0 0 0 0 0 8.8 0 0 0 0.8 0 3.5 0 2.4 0 0 0 0 0 0
2002052116 0 0 0 3.4 0 0 0 0 0 0 0.1 0 0 0 0 0 0 0 0 0 0 0 0 0 0 0 0 2.6 0 8 6.5 0.1 0 0.4 1.4 0 0 0.3 0.2 0 0 0
2002052117 0.5 0 2.3 0 0 1.8 0 3.5 0 0 0 0 0 0 0 0 0 0 0 0 0 0 0 0 0 0 0 0 6.1 2.9 0.5 0 5.4 0 0.1 0 0 8.1 0.7 0 0 0
2002052118 1.4 0 0.4 0 1.2 1.4 9.4 4.2 0.7 0 0 0 0 0 0 0 0 0 0 0 0 0 0 0 0 0 0 0 0.8 0 0 0 0 0 0 0 0 0.9 0 0 0 0
2002052119 0.9 0 0.1 0 0.1 0 1.1 0 0.1 0 0 0 0 0 0 0 0 0 0 0 0 0 0 0 0 0 0 0 0 0 0 0 0 0 0 0 0 0 0 0 0 0
2002052120 0 0 0 0 0 0.1 0 0 0.1 0 0 0 0 0 0 0 0 0 0 0 0 0 0 0 0 0 0 0 0 0 0 0 0 0 0 0 0 0 0 0 0 0
2002052121 0 0 0 0 0 0 0 0 0 0 0 0 0 0 0 0 0 0 0 0 0 0 0 0 0 0 0 0 0 0 0 0 0 0 0 0 0 0 0 0 0 0
2002052122 0 0 0 0 0 0 0 0 0 0 0 0 0 0 0 0 0 0 0 0 0 0 0 0 0 0 0 0 0 0 0 0 0 0 0 0 0 0 0 0 0 0
2002052123 0 0 0 0 0 0 0 0 0 0 0 0 0 0 0 0 0 0 0 0 0 0 0 0 0 0 0 0 0 0 0 0 0 0 0 0 0 0 0 0 0 0
2002052200 0 0 0 0 0 0 0 0 0 0 0 0 0 0 0 0 0 0 0 0 0 0 0 0 0 0 0 0 0 0 0 0 0 0 0 0 0 0 0 0 0 0
2002052201 0 0 0 0 0 0 0 0 0 0 0 0 0 0 0 0 0 0 0 0 0 0 0 0 0 0 0 0 0 0 0 0 0 0 0 0 0 0 0 0 0 0
2002052202 0 0 0 0 0 0 0 0 0 0 0 0 0 0 0 0 0 0 0 0 0 0 0 0 0 0 0 0 0 0 0 0 0 0 0 0 0 0 0 0 0 0
2002052203 0 0 0 0 0 0 0 0 0 0 0 0 0 0 0 0 0 0 0 0 0 0 0 0 0 0 0 0 0 0 0 0 0 0 0 0 0 0 0 0 0 0
2002052204 0 0 0 0 0 0 0 0 0 0 0 0 0 0 0 0 0 0 0 0 0 0 0 0.1 0 0.1 0 0 0 0 0 0 0 0 0 0 0 0 0 0 0 0
2002052205 0 0 0 0 0 0 0 0 0 0 0 0 0 0.1 0.2 0.1 0.1 0 0 0 0 0 0.2 0.2 0.4 0.1 0.2 0.4 0 0 0 0 0 0 0 0 0 0 0 0.1 0 0
2002052206 0 0 0 0 0 0 0 0 0 0.1 0 0 0.1 0.4 0.1 0.1 0.5 0.2 0.1 0.1 0 0 0.5 0.5 0.7 0.3 0.4 0.1 0 0 0 0.1 0 0 0 0 0 0 0 0.1 0 0
2002052207 0 0.2 0 0 0 0 0.1 0 0 0 0 0 0.1 0.4 0.2 0.1 0.4 0 0 0 0 0 0.2 0.3 0.3 0.3 0.1 0.5 0 0 0 0 0 0 0 0 0 0 0 0.1 0 0
2002052208 0 0.1 0 0 0 0 0 0 0 0 0 0 0 0.3 0 0.1 0.4 0 0 0 0 0 0 0 0.1 0 0.3 0 0 0 0 0 0 0 0 0 0 0 0 0 0 0
2002052209 0 0.6 0 0 0 0 0 0 0 0.1 0 0 0.8 0.7 0.3 0.2 1.2 0.2 0 0 0 0 0.4 0.7 0.6 0.4 0.2 0 0 0 0 0 0 0 0 0 0 0 0 0.1 0 0
2002052210 0 0.2 0 0 0 0 0 0 0 1.5 0 0.1 0.7 0.9 2.1 1.2 1.2 0.4 0.2 1.2 0.2 0 1.8 2 0.9 1.9 0.4 0.2 0 0 0 0 0 0.1 0 0 0 0 0.1 0.1 0 0
2002052211 0 1 0 0 0 0 0 0 0 0.6 0.2 0.7 0.7 0.7 0.8 1.1 1.1 1.2 1.2 1.4 0.4 0.7 2 2.3 2.4 2.4 1.6 0.4 0.1 0 0 0.3 0 0.3 0.1 0.4 0.7 0.1 0.3 0.4 0 0
2002052212 0 0.8 0.1 0.6 0 0.1 0 0.5 0 0.5 1.3 0.4 0.6 0.8 0.8 1.2 1 0.5 0.4 2.8 0.2 0.3 1 1.1 1.2 0.9 0.7 2.4 0.2 0.3 0.5 0.7 0.1 0.9 0.1 0.7 0.4 0.3 0.4 0.9 0.2 0.1
2002052213 0.4 0.9 0.7 0.5 0.2 0.1 0.2 0 0.1 0.4 0.1 0.3 0.3 0.1 0.6 0.8 0.1 0.4 0.4 0.3 0.2 0.1 0.3 0.3 1 0.4 0.4 0.4 0 0.5 0.3 0.3 0.2 0.3 0.2 0.1 0 0.2 0.2 0.1 0 0.1
2002052214 0.1 0.3 0 0.1 0 0 0 0.1 0 0 0 0 0 0 0.1 0.4 0 0.5 0.3 0.2 0 0.1 3.9 1.4 1.4 1.3 0.6 2 0.4 0.1 0.4 0.3 0.2 0 0 0 0 0.4 0.5 0.7 0.1 0
2002052215 0 0 0.1 0.1 0 0 0 0.2 0 0 0 0.1 0 0 0 0.1 0 0.1 0.1 0 0 0.1 0 0 0.1 0.1 0.2 0.1 0.1 0.1 1.5 0.1 0.3 0.1 0 0.1 0.1 0.2 0.2 0.1 0 0
2002052216 0 0 0 0 0 0 0 0 0 0 0 0 0 0.2 0 0.1 0.4 0.4 0.1 0.3 0.2 0 0.6 1.3 0.5 1.2 0.2 0.1 0.1 0 0 0.1 0.2 0 0 0 0 0.1 0.2 0.1 0 0
2002052217 0 0.4 0 0 0 0 0 0 0 0.4 0.2 0.7 0.3 0.2 0.3 1.2 0.1 1.5 0.9 0.9 1.3 0.9 1.4 1.3 1.1 1.4 0.7 0.7 0.3 0.2 0.4 0.5 0.2 0.2 0.1 1.1 1.2 0.6 0.7 0.8 0 0
2002052218 0.1 0.6 0.2 0.3 0.1 0.3 0.3 0.4 0.1 0 0.5 0.6 0 0 0.1 0.2 0 0.1 0.1 0 0.1 0.1 0.1 0.1 0.3 0.1 0.1 0.1 0.2 0.1 0 0 0.1 0.5 0.3 0.4 0.1 0 0.7 0 0.1 0.2
2002052219 0 0.1 0 0 0 0 0 0.2 0.1 0 0 0.1 0.1 0.1 0 0.1 0.1 0.1 0.2 0.1 0 0.1 0.1 0.2 0.1 0.3 0.4 0.2 0.3 0.1 0.2 0.1 0.3 0 0.1 0 0 0.6 0.9 0.4 0 0.2
2002052220 0.1 0 0.1 0 0.1 0.3 0.1 0.2 0.1 0.1 0 0 0.1 0.1 0.1 0 0 0 0.2 0.1 0.1 0 0 0.1 0.4 0.2 0.4 0.3 0.2 0.2 0.1 0.2 0.2 0.1 0 0.1 0.1 0.3 0.5 0.3 0.1 0.1
2002052221 0 0 0 0.1 0 0 0 0 0 0 0.1 0.1 0 0 0 0.1 0 0.1 0 0.2 0 0.1 0.1 0.2 0.1 0.4 0 0.1 0 0.1 0.3 0.1 0.1 0 0.1 0 0 0.1 0.2 0.1 0.1 0.1
2002052222 0.1 0 0 0 0 0.1 0.1 0 0 0 0 0 0 0 0.1 0.1 0 0 0 0.1 0.1 0 0.2 0.1 0.1 0.1 0 0 0 0 0 0 0 0.1 0 0 0 0.1 0 0 0.1 0
2002052223 0 0 0 0 0 0 0 0 0 0 0 0 0 0 0 0 0 0 0 0 0.1 0 0 0 0 0 0 0 0 0.1 0 0 0 0 0 0.1 0 0 0 0 0 0
2002052300 0 0 0 0 0 0 0 0 0.1 0 0 0 0 0 0 0 0 0 0 0 0 0 0 0 0.1 0 0.1 0.1 0.1 0 0 0 0 0 0 0 0 0 0.2 0.3 0 0
2002052301 0 0 0 0 0 0 0 0 0 0 0 0 0 0 0 0.1 0 0 0 0 0 0 0 0 0 0 0 0 0 0 0 0 0.1 0 0.1 0 0 0 0 0 0 0.1
2002052302 0 0 0 0 0 0 0 0 0 0 0 0.1 0 0 0 0 0 0.1 0 0 0 0 0 0 0 0 0.1 0 0 0 0 0 0 0 0 0 0 0 0 0 0 0
2002052303 0 0 0 0 0 0 0 0 0 0 0 0 0 0 0 0 0 0 0 0 0 0 0 0.1 0 0.1 0 0 0 0 0 0 0 0 0 0 0 0 0 0 0 0
2002052304 0 0 0 0 0 0 0 0 0 0 0 0 0 0 0 0 0 0 0 0 0 0 0 0 0 0 0 0 0 0 0 0 0 0 0 0 0 0.1 0 0 0 0
2002052305 0 0 0 0 0 0 0 0 0 0 0 0 0 0 0 0 0 0 0 0 0 0 0 0 0.3 0 0 0 0 0 0 0 0 0 0 0 0 0 0 0 0 0
2002052306 0 0 0 0 0 0 0 0 0 0 0 0 0 0 0 0 0 0 0 0 0 0 0 0 0 0 0 0 0 0 0 0 0 0 0 0 0 0 0 0 0 0
2002052307 0 0 0 0 0 0 0 0 0 0 0 0 0 0 0 0 0 0 0 0 0 0 0 0 0 0 0 0 0 0 0 0 0 0 0 0 0 0 0 0 0 0
2002052308 0 0 0 0 0 0 0 0 0 0 0 0 0 0 0 0 0.1 0 0 0 0 0 0 0 0 0 0 0 0 0 0 0 0 0 0 0 0 0 0 0 0 0
2002052309 0 0 0 0 0 0 0 0 0 0 0 0 0 0 0 0 0 0 0 0 0 0 0 0 0 0 0 0 0 0 0 0 0 0 0 0 0 0 0 0 0 0
2002052310 0 0 0 0 0 0 0 0 0 0 0 0 0 0 0 0 0 0 0 0 0 0 0 0 0 0 0 0 0 0 0 0 0 0 0 0 0 0 0 0.1 0 0
2002052311 0 0 0 0 0 0 0 0 0 0 0 0 0 0 0 0 0 0 0 0 0 0 0 0 0 0 0 0 0 0 0 0 0 0 0 0 0 0 0 0 0 0
2002052312 0 0 0 0 0 0 0 0 0 0 0 0 0 0 0 0 0 0 0 0 0 0 0 0 0 0 0 0 0.2 0 0 0 0 0 0 0 0 0 0 0 0 0
2002052313 0 0 0 0 0 0 0 0 0 0 0 0 0 0 0 0 0 0 0 0 0 0 0 0 0 0 0 0 0 0 0 0 0 0 0 0 0 0 0 0 1.5 0
2002052314 0 0 0 0 0 0 0 0.2 0.1 0 0 0 0 0 0 0 0 0 0 0 0 0 0 0 0 0 0 0 0 0 0 0 0 0 0 0 0 0 0 0 1.2 0
2002052315 0 0 0 0 0 0 0 0 0 0 0 0 0 0 0 0 0 0 0 0 0 0 0 0 0 0 0 0 0 0 0 0 0 0 0 0 0 0 0 0 0.1 0
2002052316 0 0 0 0 0 0 0 0 0 0 0 0 0 0 0 0 0 0 0 0 0 0 0 0 0 0 0 0 0 0 0 0 0 0 0 0 0 0 0 0 0 0
2002052317 0 0 0 0 0 0 0 0 0 0 0 0 0 0 0 0 0 0 0 0 0 0 0 0 0 0 0 0 0 0 0 0 0 0 0 0 0 0 0 0 0 0
2002052318 0 0 0 0 0 0 0 0 0 0 0 0 0 0 0 0 0 0 0 0 0 0 0 0 0 0 0 0 0 0 0 0 0 0 0 0 0 0 0 0 0 0
2002052319 0 0 0 0 0 0 0 0 0 0 0 0 0 0 0 0 0 0 0 0 0 0 0 0 0 0 0 0 0.1 0 0 0 0 0 0 0 0 0 0 0 0 0
2002052320 0 0 0 0 0 0 0 0 0 0 0 0 0 0 0 0 0 0 0 0 0 0 0 0 0 0 0 0 0 0 0 0 0 0 0 0 0 0 0 0 0 0
2002052321 0 0 0 0 0 0 0 0 0 0 0 0 0 0 0 0 0 0 0 0 0 0 0 0 0 0 0 0 0 0 0 0 0 0 0 0 0 0 0 0 0 0
2002052322 0 0 0 0 0 0 0 0 0 0 0 0 0 0 0 0 0 0 0 0 0 0 0 0 0 0 0 0 0 0 0 0 0 0 0 0 0 0 0 0 0 0
2002052323 0 0 0 0 0 0 0 0 0 0 0 0 0 0 0 0 0 0 0 0 0 0 0 0 0 0 0 0 0 0 0 0 0 0 0 0 0 0 0 0 0 0
2002052400 0 0 0 0 0 0 0 0 0 0 0 0 0 0 0 0 0 0 0 0 0 0 0 0 0 0 0 0.1 0 0 0 0 0 0 0 0 0 0 0.1 0 0.1 0
2002052401 0 0 0 0 0 0 0 0 0 0 0 0 0 0 0 0 0 0 0 0 0 0 0 0 0 0 0 0 0 0 0 0 0 0 0 0 0 0 0 0.1 0 0
2002052402 0 0 0 0 0 0 0 0 0 0 0 0 0 0 0.1 0 0 0 0.1 0 0 0 0 0 0 0 0 0 0 0 0 0.1 0 0 0 0 0 0 0 0 0 0
2002052403 0 0 0 0 0 0 0 0 0 0 0 0 0 0 0 0 0 0 0 0 0 0 0.1 0 0 0.1 0 0 0 0 0 0 0.1 0 0 0 0 0 0 0 0 0
2002052404 0 0 0 0 0 0 0.1 0 0 0 0 0 0 0 0 0 0 0 0 0 0 0 0 0 0 0 0 0 0 0 0.1 0 0 0 0 0 0 0 0 0 0 0
2002052405 0.1 0 0 0 0 0 0 0 0 0 0 0 0 0 0 0 0 0 0 0 0 0 0 0 0 0 0 0 0 0 0 0 0 0 0 0 0 0 0 0 0 0
2002052406 0 0 0 0 0 0 0 0 0 0 0 0 0 0 0 0 0 0 0 0 0 0 0 0 0 0 0 0 0 0.1 0 0 0 0 0 0 0 0 0 0 0 0
2002052407 0 0 0 0 0 0 0 0 0 0 0 0 0 0 0 0 0 0 0 0 0 0 0 0 0 0 0 0 0 0 0 0 0 0 0 0 0 0 0 0 0 0
2002052408 0 0 0 0 0 0 0 0 0 0 0 0 0 0 0 0 0 0 0 0 0 0 0 0 0 0 0 0 0 0 0 0 0 0 0 0 0 0 0 0 0 0
2002052409 0 0 0 0 0 0 0 0 0 0 0 0 0 0 0 0 0 0 0 0 0 0 0 0 0 0 0 0 0 0 0 0 0 0 0 0 0 0 0 0 0 0
2002052410 0 0 0 0 0 0 0 0 0 0 0 0 0 0 0 0 0 0 0 0 0 0 0 0 0 0 0 0 0 0 0 0 0 0 0 0 0 0 0 0 0 0
2002052411 0 0 0 0 0 0 0 0 0 0 0 0 0 0 0 0 0 0 0 0 0 0 0 0 0 0 0 0 0 0 0 0 0 0 0 0 0.1 0 0 0 0 0
2002052412 0 0 0 0 0 0 0 0 0 0 0 0 0 0 0 0 0 0 0 0 0 0 0 0 0 0 0 0 0 0 0 0 0 0 0 0 0.1 0 0 0 0 0
2002052413 0 0 0 0 0 0 0 0 0 0 0 0 0 0 0 0 0 0 0 0 0 0 0 0 0 0 0 0 0 0 0 0 0 0 0 0 0 0 0 0 0 0
2002052414 0 0 0 0 0.1 0 0 0 0 0 0 0 0 0 0 0 0 0 0 0 0 0 0.1 0 0.1 0 0 0 0 0 0 0 0 0 0 0 0 0 0 0 0 0
2002052415 0 0 0 0 0 0 0 0 0 0 0 0 0 0 0 0 0.5 0.2 0.1 0 0 0 0.6 0.4 0.4 0.4 0.2 0.1 0 0 0 0 0 0 0 0 0 0 0 0 0 0
2002052416 0 0.1 0 0 0 0 0 0 0 0.2 0 0 0.5 1.3 0.3 0.3 1.7 0.5 0.2 0.1 0 0 1.2 1.2 0.7 0.9 0.5 0.9 0 0 0 0.1 0 0 0 0 0 0 0 0.3 0 0
2002052417 0 0.3 0 0 0 0 0 0 0 0.8 0.3 0.5 2.7 2.9 1 1.1 2 1.2 0.5 0.5 0 0.1 2.2 2 1.9 1.8 1.1 1.5 0 0 0.3 0.3 0 0.3 0.1 0.5 0.3 0.1 0 0.1 0 0
2002052418 0.1 1.1 0.5 0.2 0.5 0.2 0.2 0.7 0.3 2.1 1.1 1.5 0.4 0.3 1.5 1.1 0.2 1 1.4 0.4 0.2 0.3 1.9 1.4 1.1 1.2 1.6 2.2 0.2 0.3 0.7 0.8 0 0.5 0.3 0.9 0.7 0.8 0.1 0.5 0 0.2
2002052419 1 0 1 0.6 1.4 0.3 0.2 0.9 1.2 0.2 0.2 1.6 0 0 0.1 1.3 0.1 0.7 0.3 0.8 3.8 1.3 1.4 0.2 0 0.1 0.4 0.4 0.4 0.9 0.6 0.5 0.7 2.4 1.7 2.7 2.1 0.8 0.3 0.1 0.3 0.6
2002052420 1.3 0 0.6 0 2.3 1.8 2.4 0.2 3.7 0 0 0 0 0 0.1 0 0 0.4 0 0.1 0 0.4 1.2 0.9 0.1 0.7 0.1 0 0.3 0 0.1 0 0.1 0.1 3 0.1 0.6 0.7 0 0 0.2 0.2
2002052421 0 0 0 0 0.8 0.1 0.3 0.1 1.4 0 0 0.1 0 0 0.2 0.4 0 0.7 2.1 0.4 0.5 1.3 0.2 0.6 1.8 1.7 2 0.4 0 1.3 0.2 3.8 1.2 0 0 0 0.2 0 0 0 0.2 0.1
2002052422 0 0 0 0 0 0 0 1.8 0.2 0 0 0 0 0 0 0 0 0.4 0.3 0 0 0 0 0 0.1 0 0.6 1.9 3 1.2 3.3 0.6 1.3 0.1 0.7 0.1 0.1 1.9 0 3.9 0.6 0
2002052423 0 0 0 0 0 0 0 0.2 0.1 0 0 0 0 0 0 0 0.1 0.1 0 0 0 0 0 0 0 0 0.2 0.2 0 0 0.1 0.1 0.2 0 0 0 0 0.1 0.3 0.1 0.8 0.4
2002052500 0 0 0 0 0 0 0 0 0 0 0 0 0 0.1 0 0 0 0.1 0.1 0 0 0 0 0.1 0 0 0 0 0.1 0 0 0 0 0 0 0 0 0.2 0 0 0 0.1
2002052501 0 0 0 0 0 0 0 0 0 0.1 0 0 0 0.2 0.5 0 0.5 0 0 0.1 0 0 0 0.1 0 0 0 0 0 0 0 0 0 0 0 0 0 0 0.1 0 0 0
2002052502 0 0 0 0 0 0.1 0 0 0 0.2 0 0.1 0.3 0.7 0.1 0 1.3 0 0 0 0.3 0 0.6 0.1 0 0 0 0 0 0 0.1 0 0 0 0 0 0.1 0 0 0 0 0
2002052503 0 0.4 0.2 0 0 0 0.1 0.1 0 0.3 0 0 0.4 0.3 1 3.2 1.1 0 0 3 0.1 0 0 0 0 0 0 0 0 0 0 0 0 0.5 0 0.7 0.4 0 0 0 0 0
2002052504 0.7 1.5 0.3 0.7 0 0 0 0 0 1.2 2.2 4.2 0 0 1.8 3.5 0 0 0 1.4 0.4 0 0 0 0 0 0 0 0 0 0 0 0 7.8 0 3.7 5.2 0 0 0 0.1 0
2002052505 0.4 1.9 2.4 3.5 0 3.6 3.8 0 0 3.8 1.7 2.8 2.5 0.8 1.4 1.7 0.5 0 0 2.2 0 0 0.5 0 0 0 0 0 0 0 0 0 0.1 2.2 2.1 1.4 0.3 0 0 0 0 0
2002052506 1.3 1.3 0.8 0.6 3.5 3.1 2.2 0 5.3 0 1.9 0.8 0 0.4 0.1 0.1 0 0 0.8 0 0.4 0.2 0 0 0 0 0.1 0 0 0 0 0.1 0 1.7 0.8 2.1 0.7 0 0 0 0 0
2002052507 0.3 0.1 1.2 0 1.2 1.3 1.4 0.1 0.5 0 0 0 0.1 0 0 0.9 0 0 0 0.2 0.1 0 0 0 0 0 0 0 0 0 0 0.3 0 0.3 1.1 0.2 1.8 0 0 0 0 0
2002052508 0.1 0 0 0 0.1 0.1 0.1 0 0.5 0 0 0 0 0 0 0 0 0 0.2 0 0 0.4 0 0 0.1 0 0 0 0 0 0 0 0 0 0.9 0 0 0 0 0.3 0 0
2002052509 0 0 0 0 0 0 0 0 0.1 0 0 0 0 0 0 0 0 0.1 0 0 0 0 0 0 0 0 0 0 0 0 0 0 0 0 0 0 0 0 0.1 0.3 0 0
2002052510 0 0 0 0 0 0 0 0 0 0 0 0 0 0 0 0 0 0 0 0 0 0 0 0 0 0 0 0 0 0 0 0 0 0 0 0 0 0 0.2 0 0 0
2002052511 0 0 0 0 0 0 0 0 0 0 0 0 0 0 0 0 0 0.1 0 0 0 0 0 0 0 0 0 0 0 0 0 0 0 0 0 0 0 0 0 0 0 0
2002052512 0 0 0 0 0 0 0 0 0 0 0 0 0 0.2 0 0 0 0 0 0 0 0 0 0 0 0 0 0 0 0 0 0 0 0 0 0 0 0 0 0 0 0
2002052513 0 0 0 0 0 0 0 0 0 0 0 0 0 0 0 0 0 0.1 0 0 0 0 0 0 0 0 0 0 0 0 0 0 0 0 0 0 0 0 0 0 0 0
2002052514 0 0 0 0 0 0 0 0 0 0 0 0 0 0 0 0 0 0.1 0 0 0 0 0 0 0 0 0 0 0 0 0 0 0 0 0 0 0 0 0 0 0 0
2002052515 0 0 0 0 0 0 0 0 0 0 0 0 0 0 0 0 0 0 0 0 0 0 0 0 0 0 0 0 0 0 0 0 0 0 0 0 0 0 0 0 0 0
2002052516 0 0 0 0 0 0 0 0 0 0 0 0 0 0 0 0 0 0.1 0 0 0 0 0 0 0 0 0 0 0 0 0 0 0 0 0 0 0 0 0 0 0 0
2002052517 0 0 0 0 0 0 0 0 0 0 0 0 0 0 0 0 0 0 0 0 0 0 0 0 0 0 0 0 0 0 0 0 0 0 0 0 0 0 0 0 0 0
2002052518 0 0 0 0 0 0 0 0 0 0 0 0 0 0 0 0 0 0 0 0 0 0 0 0 0 0 0 0 0 0 0 0 0 0 0 0 0 0 0 0 0 0
2002052519 0 0 0 0 0 0 0 0 0 0 0 0 0 0 0 0 0 0.3 0 0 0 0 0 0 0 0 0 0 0 0 0 0 0 0 0 0 0 0 0 0 0 0
2002052520 0 0 0 0 0 0 0 0 0 0 0 0 0 0 0 0 0 0 0 0 0 0 0 0 0 0 0 0 0 0 0 0 0 0 0 0 0 0 0 0 0 0
2002052521 0 0 0 0 0 0 0 0 0 0 0 0 0 0 0 0 0 0 0 0 0 0 0 0 0 0 0 0 0 0 0 0 0 0 0 0 0 0 0 0 0 0
2002052522 0 0 0 0 0 0 0.1 0 0 0 0 0 0 0 0 0 0 0 0 0 0 0 0 0.1 0 0.1 0 0 0 0 0 0 0 0 0 0 0 0 0 0 0 0
2002052523 0 0 0 0 0 0 0 0 0 0 0 0 0 0 0 0 0 0.1 0 0 0 0 0 0 0 0 0 0 0 0 0 0 0 0 0 0 0 0 0 0 0 0
2002052600 0 0 0 0 0 0 0 0 0 0 0 0 0 0.1 0.2 0 1 0 0.7 0.3 0.2 0 0.1 0.1 0.5 0.1 0.6 0.5 0 0 0 0.2 0 0 0 0 0 0 0 0.2 0 0
2002052601 0 0.1 0 0 0 0 0 0 0 0.4 0 0.2 0.1 0.4 0.1 0 0.3 0.1 0.1 0.1 0.2 0.4 0.4 0.3 0.1 0.1 0.1 0.1 0.3 0.1 0.5 0.3 0.1 0.3 0.3 0.5 0.3 0.4 0 0 0 0
2002052602 0 0.5 0.1 0.1 0 0 0.1 0 0 0 0.1 0 0 0.1 0 0 0 0 0 0 0 0.1 0 0 0 0.1 0 0 0 0.1 0 0 0 0 0 0 0.1 0 0 0 0 0
2002052603 0 0 0 0 0.2 0 0 0.1 0.2 0 0 0 0 0 0 0.1 0 0 0 0 0 0 0.4 0.7 0 0.1 0 0 0 0 0 0 0 0 0 0.1 0 0 0 0 0 0
2002052604 0 0 0 0 0 0 0 0 0 0 0 0 0 0 0 0 0 0.1 0 0 0 0 0 0 0 0 0 0 0 0 0 0 0 0 0 0 0 0.1 0 0 0 0
2002052605 0 0 0 0 0 0 0 0 0 0 0 0 0 0 0 0 0 0 0 0 0 0 0 0 0 0 0 0 0 0 0 0 0 0 0 0 0 0 0 0 0 0
2002052606 0 0 0 0 0 0 0 0 0 0 0 0 0 0 0 0 0 0 0 0 0 0 0 0 0 0 0 0 0 0 0 0 0 0 0 0 0 0 0 0 0 0
2002052607 0 0 0 0 0 0 0 0 0 0 0 0 0 0 0 0 0 0 0 0 0 0 0 0 0 0 0 0 0 0 0 0 0 0 0 0 0 0 0 0 0 0
2002052608 0 0 0 0 0 0 0 0 0 0 0 0 0 0 0 0 0 0.1 0 0 0 0 0 0 0 0 0 0 0 0 0 0 0 0 0 0 0 0 0 0 0 0
2002052609 0 0 0 0 0 0 0 0 0 0 0 0 0 0 0 0 0 0 0 0 0 0 0 0 0 0 0 0 0 0 0 0 0 0 0 0 0 0 0 0 0 0
2002052610 0 0 0.1 0 0.2 0 0 0 0 0 0 0 0 0 0 0 0.8 0 0 0 0 0 0.1 0.7 0 0.5 0 0 0 0 0 0 0 0 0 0 0 0 0 0 0.1 0.1
2002052611 0 0 0 0 0 0 0 0 0 0 0 0.1 2.5 2.8 0.9 1.2 4 0 0 0.6 0 0 0.7 0.8 0.8 0.5 0.1 0 0 0 0 0 0 0 0 0 0 0 0 0 0 0
2002052612 0 1.4 0 0 0 0 0 0 0 0.8 0.3 1.5 0.1 0.1 2.9 0.5 0 0.1 0.8 0.9 0.1 0.9 0 0 0 0 0.3 0 0 0 0 1.5 0 0.3 0.2 0.2 0 0.3 0.3 0.1 0 0
2002052613 0 0.2 0.2 0.4 0 0.2 0 0.2 0.1 0 0.3 0 0 0 0 0 0 0 0 0 0 0 0.9 4.9 1.2 9.2 0 0 0.1 0 0 0.2 0.1 0 0.1 0 0 0.3 0 0 0 0
2002052614 0 0 0 0 0 0 0 0 0 0.1 0 0 1.1 1.6 0 0.4 1 0.1 1.1 0 0.9 1.5 1 0.1 0.4 0.1 2.5 2.4 0 0 0 1.4 0 0 0.2 1 0.9 0 0 0.6 0 0
2002052615 0 0.4 0 2.7 0 1.6 0 0.8 0 1.1 0 0.6 0.4 0 0.7 0.3 0.2 0 0 0.4 0 0 0.7 0.3 1 0.3 0.6 2 0.7 0.9 2.3 0 0.6 0.7 0.1 0.1 0 0.5 0.8 2.8 0 0
2002052616 0 0.3 0 0 0.2 0.2 0.1 0.5 0.6 0 0 0 0 0.1 0.1 0 0.5 0 0 0.3 0 0 0.4 1.1 0 2.5 0.4 0.1 0.5 0 0.7 0 0.4 0 0 0 0 1.4 1.1 0.7 0.3 0.2
2002052617 0 0 0 0 0 0 0 0 0 0.3 0 0 0 0 0.5 0 0 0.1 1.8 0 0 1.6 0 0 0.1 0 0.6 0.1 0.3 0 0.2 0 0 0 0 0 0.1 0.3 0.2 0.3 0 0
2002052618 0 0 0 0 0 0 0 0 0 0 0 0 0 0 0 0 0 0.1 0 0 0 0.2 0 0 0.3 0.1 0.1 0 0.1 0 0 0 0 0 0.1 0 0 0.1 0 0 0 0
2002052619 0 0 0 0 0 0 0 0 0 0 0 0 0 0 0 0 0 0 0.6 0 0 0 0 0 0 0 0 0 0 0 0 0.1 0 0 0 0 0 0 0 0 0 0
2002052620 0 0 0 0 0 0 0 0 0 0 0 0 0 0 0 0 0 0 0 0 0 0 0 0 0 0 0 0 0 0 0 0 0.1 0 0 0 0 0 0 0 0 0
2002052621 0 0 0 0 0 0 0.1 0 0 0 0 0 0 0 0.1 0 0.1 0.1 0 0 0 0 0 0.1 0 0 0 0 0 0 0 0 0 0 0 0 0 0 0 0 0 0
2002052622 0 0 0 0 0 0 0 0 0 0 0 0 0 0 0 0.1 0 0 0 0 0 0 0 0 0.1 0 0 0 0 0 0 0 0 0 0 0 0 0 0 0 0 0
2002052623 0 0 0 0 0.1 0 0 0 0 0 0 0 0 0 0 0 0 0 0 0 0 0 0.1 0 0 0 0 0 0 0 0 0 0 0 0 0 0 0 0 0 0 0
2002052700 0 0 0 0 0 0 0 0 0 0 0 0 0 0 0 0 0 0 0 0 0 0 0 0 0 0.1 0 0 0 0.1 0 0.1 0 0.1 0 0 0 0.1 0 0 0 0
2002052701 0 0 0 0 0 0 0 0 0 0 0 0 0 0 0 0 0 0 0 0 0 0 0 0 0 0 0 0.1 0 0 0 0 0 0 0 0 0 0 0 0 0 0
2002052702 0 0.1 0 0 0 0.1 0 0 0 0.1 0 0 0 0 0 0 0.1 0 0 0 0 0.1 0 0 0 0 0 0 0 0 0.1 0 0 0 0 0 0 0 0 0 0 0
2002052703 0.1 0 0 0 0 0 0.1 0 0 0 0 0.1 0.1 0.1 0 0.1 0 0 0 0 0 0 0 0 0 0 0 0 0 0 0 0 0 0 0 0 0 0 0 0.1 0 0
2002052704 0 0 0 0 0 0 0 0 0 0 0 0 0 0 0.1 0 0 0 0 0 0 0 0 0 0 0 0 0 0 0 0 0 0 0 0 0 0 0 0 0 0 0
2002052705 0 0 0 0 0 0 0 0 0 0 0 0 0 0 0 0 0 0 0 0 0 0 0 0.2 0 0 0 0 0 0 0 0 0 0 0 0 0 0 0 0 0 0
2002052706 0 0 0 0 0 0 0 0 0 0 0 0 0 0 0 0 0 0 0.1 0 0 0 0 0 0 0 0 0 0 0 0 0 0 0 0 0 0 0 0 0 0 0
2002052707 0 0 0 0 0 0 0 0 0 0 0 0 0 0 0 0 0 4.7 0 0 0 0 0 0 0 0 0 0 0 0 0 0 0 0 0 0 0 0 0 0 0 0
2002052708 0 0 0 0 0 0 0 0 0 0 0 0 0 0 0 0 0 0 0 0 0 0 0 0 0 0 0 0 0 0 0 0 0 0 0 0.2 0 0 0.1 0 0 0
2002052709 0 0 0 0 0 0 0 0 0 0 0 0 0 0 0 0 0 0 0 0 0 0 0 0 0 0 0 0 0 0 0 0.5 0 0 0 0 0 0 0 0 0 0
2002052710 0 0 0.1 0 0 0 0 0 0 0 0 0 0 0 0 0 0 0 0 0 0 0 0 0.2 0 0 0 0 0.2 0 0 0.4 0 0 0.1 0 0 0.7 0 0 0 0
2002052711 0 0 0 0.7 0 0 0 0 0 0 0 0 0 0 0 0 0 0 0 0 0 0 0 0 0 0 0 0 0 0 0 0 0 0 0.1 0 0 0 0 0 0 0
2002052712 0 0 0 0 0 0 0 0 0 0 0 0 0 0 0 0 0 0 0 0 0 0 0 0 0 0 0 0 0.1 0 0 0 0.1 0 0 0 0 1.1 0 0 0 0
2002052713 0 0 0.3 0 0 0 0 0 0 0 0 0 0 0 0 0 0 0 0 0 0 0 0 0 0 0 0 0 0 0 0 0 0 0 0 0 0 0 0 0 0 0
2002052714 0 0 0 0 0 0 0 0 0.1 0 0 0 0 0 0 0 0 0 0 0 0 0.1 0 0 0 0 0 0 0 0 0 0 0 0 0 0 0 0 0 0 0 0
2002052715 0 0 0 0.1 0 0 0 0 0 0 0 0 0 0 0 0 0 0 0 0 0 0 0 0 0 0 0 0 0 0 0 0 0 0 0 0 0 0 0 0 0 0
2002052716 0 0 0 0 0 0 0 0 0 0 0 0 0 0 0 0 0 0 0 0 0 0 0 0 0 0 0 0 0 0 0 0 0 0 0 0 0 0 0 0 0 0
2002052717 0 0 0 0 0 0 0 0 0 0 0 0 0 0 0 0 0 0 0 0 0 0 0 0 0 0 0 0 0 0 0 0 0 0 0 0 0 0 0 0 0 0
2002052718 0 0 0 0 0 0 0 0 0 0 0 0 0 0 0.3 0 0 0 0 0 0 0 0 0 0 0 0 0 0 0 0 0 0 0 0 0 0 0 0 0 0 0
2002052719 0 0 0 0 0 0 0 0 0 0 0 0 0 0 0 0 0 0 0 0 0 0 0 0 0 0 0 0 0 0 0 0 0 0 0 0 0 0 0 0 0 0
2002052720 0 0 0 0 0 0 0 0 0 0 0 0 0 0 0 0 0 0 0 0 0 0 0 0 0 0 0 0 0 0 0 0 0 0 0 0 0 0 0 0.4 0 0
2002052721 0 0 0 0 0 0 0 0 0 0 0 0 0 0 0 0 0 0 0 0 0 0 0 0 0 0 0 0 0 0 0 0 0 0 0 0 0 0 0 0 0 0
2002052722 0 0 0 0 0 0 0 0 0 0 0 0 0 0 0.1 0 0 0 0 0 0 0 0 0 0 0 0 0 0 0 0 0 0 0 0 0 0 0 0 0 0 0
2002052723 0 0 0 0 0 0 0 0 0 0 0 0 0 0 0 0 0 0 0 0 0 0 0 0 0 0 0 0 0 0 0 0 0 0 0 0 0 0 0 0.1 0 0
2002052800 0 0 0 0 0 0 0 0 0 0 0 0 0 0 0 0 0 0 0 0 0 0 0 0 0 0 0 0 0 0 0 0 0 0 0 0 0 0 0.1 0 0 0
2002052801 0 0 0 0 0 0 0 0 0 0 0 0 0 0 0 0 0 0 0 0 0 0 0 0 0 0 0 0 0 0 0 0 0 0 0 0 0 0 0 0 0 0
2002052802 0 0 0 0 0 0 0 0 0 0 0 0 0 0 0 0 0 0 0 0 0 0 0 0 0 0 0 0 0 0 0 0 0 0 0 0 0 0 0 0 0 0
2002052803 0 0 0 0 0 0 0.1 0 0 0 0 0 0 0 0 0 0 0 0 0 0 0 0.1 0 0.1 0.1 0 0 0 0 0 0.1 0 0 0 0 0 0 0 0 0 0
2002052804 0 0 0 0 0.1 0 0 0 0 0 0 0 0 0 0.1 0 0.1 0 0 0 0 0 0 0 0 0 0 0 0 0 0 0 0 0 0 0 0 0.1 0 0 0 0
2002052805 0 0 0 0 0 0 0 0 0 0 0 0 0 0 0 0 0 0 0 0.1 0 0 0 0 0 0 0 0 0 0 0 0 0 0 0 0 0 0 0 0 0 0
2002052806 0 0 0 0 0 0 0 0 0 0 0 0 0 0 0 0 0 0 0 0 0 0 0 0 0 0 0 0 0 0 0 0 0 0 0 0 0 0 0 0 0 0
2002052807 0 0 0 0 0 0 0 0 0 0 0 0 0 0 0 0 0 0 0 0 0 0 0 0 0 0 0 0 0 0 0 0 0 0 0 0 0 0 0 0 0 0
2002052808 0 0 0 0 0 0 0 0 0 0 0 0 0 0 0 0 0 0 0 0 0 0 0 0 0 0 0 0 0 0 0 0 0 0 0 0 0 0 0 0 0 0
2002052809 0 0.1 0 0 0 0 0 0 0 0 0 0 0 0 0 0 0 0 0 0 0 0 0 0 0 0 0 0 0 0 0 0 0 0 0 0 0 0 0 0 0 0
2002052810 0 0 0 0 0 0 0 0 0 0 0 0 0 0 0 0 0 0 0 0 0 0 0 0 0 0 0 0 0 0 0 0 0 0 0 0 0 0 0 0 0 0
2002052811 0 0 0 0 0 0 0 0 0 0 0 0 0 0 0 0 0 0 0 0 0 0 0 0 0 0 0 0 0 0 0 0 0 0 0 0 0 0 0 0 0 0
2002052812 0 0 0 0 0 0 0 0 0 0 0 0 0 0 0 0 0 0 0 0 0 0 0 0 0 0 0 0 0 0 0 0 0 0 0 0 0 0 0 0 0 0
2002052813 0 0 0 0 0 0 0 0 0 0 0 0 0 0 0 0 0 0 0 0 0 0 0 0 0 0 0 0 0 0 0 0 0 0 0 0 0 0 0 0 0 0
2002052814 0 0 0 0 0 0 0 0 0 0 0 0 0 0 0 0 0 0 0 0 0 0 0 0 0 0 0 0 0 0 0 0 0 0 0 0 0 0 0 0 0 0
2002052815 0 0 0 0 0 0 0 0 0 0 0 0 0 0 0 0 0 0 0 0 0 0 0 0 0 0 0 0 0 0 0 0 0 0 0 0 0 0 0 0 0 0
2002052816 0 0 0 0 0 0 0 0 0 0 0 0 0 0 0 0 0 0 0 0 0 0 0 0 0 0 0 0 0 0 0 0 0 0 0 0 0 0 0 0 0 0
2002052817 0 0 0 0 0 0 0 0 0 0 0 0 0 0 0 0 0 0 0 0 0 0 0 0 0 0 0 0 0 0 0 0 0 0 0 0 0 0 0 0 0 0
2002052818 0 0 0 0 0 0 0 0 0 0 0 0 0 0 0 0 0 0 0 0 0 0 0 0.1 0.3 0 0 0 0 0 0 0 0 0 0 0 0 0 0 0 0 0
2002052819 0 0 0 0 0 0 0 0 0 0 0 0 0 0 0 0 0.1 0 0 0 0 0 0.1 0.1 0.4 0 0.3 0.3 0 0 0 0 0 0 0 0 0 0 0.1 0 0 0
2002052820 0 0 0 0 0 0 0 0 0 0 0 0 0 0 0 0 0 0 0.1 0 0 0 0.2 0.3 1.8 0.4 0.3 0.1 0 0 0 0 0 0 0 0 0 0 0 0.1 0 0
2002052821 0 0 0 0 0 0 0 0 0 0 0 0 0 0 0 0.1 0.1 0.7 0.8 0.1 0 0 1.5 1.7 3.1 1.1 2.1 1.8 0 0 0 0.4 0 0 0 0 0 0 0 0.4 0 0
2002052822 0 0.2 0 0 0 0 0 0 0.1 0 0 0 0 0 0 0.1 0 1 1.1 0 0 0.1 0.3 0.2 0.9 0.1 1.4 1.3 0 0.2 0.4 0.8 0.2 0 0.3 0 0 0.3 0.5 0.2 0 0
2002052823 0 0 0.2 0.3 0.1 0.1 0 0.7 0.3 1 0.1 0 0.8 0.9 1.2 0 1.5 0.5 0.2 0.7 0 0 2.4 1.6 0.1 0.4 0.1 0.2 0.2 0.2 0.4 0.2 0.7 0 0.4 0 0 0.4 0.3 0.2 0.1 0.3
2002052900 0 0.2 0 0 0.1 0.1 0.2 0.1 0.2 0.3 0.7 1.1 0.2 0.2 0.3 2.3 0.1 0.5 0.4 0.7 2.4 0.4 0.1 0.1 0 0.1 0 0 0.2 0.2 0.3 0.2 0 1.8 0 2.9 2.4 0.6 0 0 0.1 0.2
2002052901 1.1 0.1 2.2 0.5 0.1 0.2 0.1 0 0 0.1 0.2 0.1 0 0 0.1 0.3 0 0 0 0 0.1 0 0 0 0 0 0 0.1 0 0.2 0 0 0.2 1.9 0.3 0.4 0.1 0 0 0 0.3 0
2002052902 1 0.1 0 0.2 0.5 0 1.1 0 0.2 0 0 0 0 0 0 0 0 0 0 0 0 0 0 0 0 0 0 0 0 0 0 0 0 0.2 0.1 0.2 0 0.3 0 0 0 0
2002052903 0 0 0.4 0.1 0 0.1 0 0 0 0 0 0 0 0 0 0 0 0 0 0 0 0 0 0 0 0 0 0 0 0 0.1 0 0 0 0.4 0 0 0 0 0.1 0 0
2002052904 0.1 0 0 0 0.4 0.1 0.1 0 0.6 0 0 0 0 0 0 0 0 0 0 0 0 0 0 0 0 0 0 0 0 0 0 0 0 0 0 0 0 0 0 0 0 0
2002052905 0 0 0 0 0 0 0 0 0 0 0 0 0 0 0 0 0 0 0 0 0 0 0 0 0 0 0 0 0 0 0 0 0 0 0 0 0 0 0 0 0 0
2002052906 0 0 0 0 0 0 0 0 0 0 0 0 0 0 0 0 0 0 0 0 0 0 0 0 0 0 0 0.1 0 0 0 0 0 0 0 0 0 0 0.1 0 0 0
2002052907 0 0 0 0 0 0 0 0 0 0 0 0 0 0 0 0 0 0 0 0 0 0 0 0 0 0 0 0 0 0 0 0 0 0 0 0 0 0 0 0 0 0
2002052908 0 0 0 0 0 0 0 0 0 0 0 0 0 0 0 0 0 0 0 0 0 0 0 0 0 0 0 0 0 0 0 0 0 0 0 0 0 0 0 0 0 0
2002052909 0 0 0 0 0 0 0 0 0 0 0 0 0 0 0 0 0 0 0 0 0 0 0 0 0 0 0 0 0 0 0 0 0 0 0 0 0 0 0 0 0 0
2002052910 0 0 0 0 0 0 0 0 0 0 0 0 0 0 0 0 0 0 0 0 0 0 0 0 0 0 0 0 0 0 0 0 0 0 0 0 0 0 0 0 0 0
2002052911 0 0 0 0 0 0 0 0 0 0 0 0 0 0 0 0 0 0 0 0 0 0 0 0 0 0 0 0 0 0 0 0 0 0 0 0 0 0 0 0 0 0
2002052912 0 0 0 0 0 0 0 0 0 0 0 0 0 0 0 0 0 0 0 0 0 0 0 0 0 0 0 0 0 0 0 0 0 0 0 0 0 0 0 0 0 0
2002052913 0 0 0 0 0 0 0 0 0 0 0 0 0 0 0 0 0 0 0 0 0 0 0 0 0 0 0 0 0 0 0 0 0 0 0 0 0 0 0 0 0 0
2002052914 0 0 0 0 0 0 0 0 0 0 0 0 0 0 0 0 0 0 0 0 0 0 0.1 0 0 0 0 0 0 0 0 0 0 0 0 0 0 0 0 0 0 0
2002052915 0.1 0.4 0 0 0 0 0 0 0 0.1 0 0 0.2 0.1 0 0 0.1 0 0 0 0 0 0 0 0 0 0 0 0 0 0 0 0 0 0 0 0 0 0 0 0 0
2002052916 0 0 0.1 0.4 0 0.2 0 0 0 0.1 0 0.1 0 0 0.4 0 0.2 0 0 0 0 0 0 0 0 0 0 0 0 0 0 0 0 0.1 0 0.2 0 0 0 0 0 0
2002052917 0 0 0 0 0.3 0.3 0.4 0.1 0 0 0 0 0 0 0 0 0 0.1 0 0 0.1 0.1 0 0.3 0.1 0.2 0 0 0 0.2 0 0.3 0.6 0 0.1 0 0.1 0 0 0 0 0
2002052918 0 0 0 0 0 0 0 0.2 0.1 0.2 0 0.3 0.1 0 0.2 0 0 0 0.3 0 0 0 0 0 0 0 0.1 0 0 0 0.5 0.1 0.1 0 0 0 0 0 0 0 0.1 0.5
2002052919 0 0 0 0 0 0 0 0 0 0 0 0 0 0 0 0 0 0 0 0 0.1 0 0 0 0 0 0 0 0.4 0 0 0 0 0 0 0 0 0 0 0 0 0
2002052920 0 0 0 0 0 0.1 0 0 0 0 0 0 0.3 0.1 0 0 0 0 0 0 0 0 0 0 0 0 0 0 0 0 0 0 0 0 0 0 0 0 0 0 0 0
2002052921 0 0 0 0 0 0 0 0 0 0.3 0 0.1 0 0.2 0 0 0 0 0 0 0 0 0 0 0 0 0 0 0 0 0 0 0 0.1 0 0 0 0 0 0 0 0
2002052922 0 0 0.1 0 0 0 0 0 0 0.1 0 0 0 0 0 0 0 0 0 0 0 0 0 0 0 0 0 0 0 0 0 0 0 0 0 0 0 0 0 0 0 0
2002052923 0 0 0.1 0 0 0 0 0 0 0 0 0 0 0 0 0 0 0 0 0 0 0 0 0 0 0 0 0 0 0 0 0 0.1 0 0 0 0 0 0 0 0 0
2002053000 0 0 0 0 0 0 0 0 0 0 0 0 0 0 0.1 0 0 0 0 0 0 0 0.1 0 0 0 0 0 0 0 0 0 0 0 0 0 0 0 0 0 0 0
2002053001 0 0 0 0 0.1 0 0 0 0 0 0 0 0 0 0 0.1 0 0 0 0 0 0 0 0 0 0 0 0 0 0 0 0 0 0 0 0 0 0 0 0 0 0
2002053002 0 0 0 0 0 0.1 0 0 0.1 0 0 0 0 0 0 0 0 0 0 0 0 0 0 0 0.1 0 0 0 0 0 0.1 0 0 0 0 0 0 0 0 0.1 0 0
2002053003 0 0.1 0 0 0 0 0.1 0 0 0.1 0 0 0 0 0 0 0.1 0 0 0 0 0 0 0 0 0 0 0 0 0 0 0 0 0.1 0 0 0 0 0 0 0.1 0.1
2002053004 0 0 0 0 0 0 0 0 0 0 0 0.1 0 0 0 0 0 0 0 0 0 0 0 0 0 0 0 0 0 0 0 0 0 0 0.1 0 0 0 0 0 0 0
2002053005 0 0 0 0 0 0 0 0 0 0 0 0 0 0 0 0 0 0 0 0 0 0 0 0 0 0 0 0 0 0 0 0 0 0 0 0 0 0 0 0 0 0
2002053006 0 0 0 0 0 0 0 0 0 0 0 0 0 0 0 0 0 0 0 0 0 0 0 0 0 0 0 0 0 0 0 0 0 0 0 0 0 0 0 0 0 0
2002053007 0 0 0 0 0 0 0 0 0 0 0 0 0 0.1 0 0 0 0 0 0 0 0 0 0 0 0 0 0 0 0 0 0 0 0 0 0 0 0 0 0 0 0
2002053008 0 0 0 0 0 0 0 0 0 0 0 0 0 0 0 0 0 0 0 0 0 0 0 0 0 0 0 0 0 0 0 0 0 0 0 0 0 0 0 0 0 0
2002053009 0 0 0 0 0 0 0 0 0 0 0 0 0 0 0 0 0 0 0 0 0 0 0 0 0 0 0 0 0 0 0 0 0 0 0 0 0 0 0 0 0 0
2002053010 0 0 0 0 0 0 0 0 0 0 0 0 0 0 0 0 0 0 0 0 0 0 0 0 0 0 0 0 0 0 0 0 0 0 0 0 0 0 0 0 0 0
2002053011 0 0 0.1 0 0 0 0 0 0 0 0 0 0 0 0 0 0 0 0 0 0 0 0 0 0 0 0 0 0 0 0 0 0 0 0 0 0 0 0 0 0 0
2002053012 0 0 0 0 0 0 0 0 0 0 0 0 0 0 0 0 0 0 0 0 0 0 0 0 0 0 0 0 0 0 0 0 0 0 0 0 0 0 0 0 0 0
2002053013 0 0 0 0 0 0 0 0 0 0 0 0 0 0 0 0 0 0 0 0 0 0 0 0 0 0 0 0 0 0 0 0 0 0 0 0 0 0 0 0 0 0
2002053014 0 0 0 0 0 0 0 0 0 0 0 0 0 0 0 0 0 0 0 0 0 0 0 0 0 0 0 0 0 0 0 0 0 0 0 0 0 0 0 0 0 0
2002053015 0 0 0 0 0 0 0 0 0 0 0 0 0 0 0 0 0 0 0 0 0 0 0 0 0 0 0 0 0 0 0 0 0 0 0 0 0 0 0 0 0 0
2002053016 0 0 0 0 0 0 0 0 0 0 0 0 0 0 0 0 0 0 0 0 0 0 0 0 0 0 0 0 0 0 0 0 0 0 0 0 0 0 0 0 0 0
2002053017 0 0 0 0 0 0 0 0 0 0 0 0 0 0 0 0 0 0 0 0 0 0 0 0 0 0 0 0 0 0 0 0 0 0 0 0 0 0 0 0 0 0
2002053018 0 0 0 0.2 0 0 0 0 0 0 0 0 0 0 0 0 0 0 0 0 0 0 0 0 0 0 0 0 0 0 0 0 0 0 0 0 0 0 0 0 0 0
2002053019 0 0 0 0.2 0 0 0 0 0 0 0 0 0 0 0 0 0 0 0 0 0 0 0 0 0 0 0 0 0 0 0 0 0 0 0 0 0 0 0 0 0 0
2002053020 0 0 0 0 0 0 0 0 0 0 0 0 0 0 0 0 0 0 0 0 0 0 0 0 0 0 0 0 0 0 0 0 0 0 0 0 0 0 0 0 0 0
2002053021 0 0 0 0 0 0 0 0 0 0 0 0 0 0 0 0 0 0 0 0 0 0 0 0 0 0 0 0 0 0 0 0 0 0 0 0 0 0 0 0 0 0
2002053022 0 0 0 0 0 0 0 0 0 0 0 0 0 0 0 0 0 0 0 0 0 0 0 0 0 0 0 0 0 0 0 0 0 0 0 0 0 0 0 0 0 0
2002053023 0 0 0 0 0 0 0 0 0 0 0 0 0 0 0 0 0 0 0 0 0 0 0 0 0 0 0 0 0 0 0 0 0 0 0 0 0 0 0 0 0 0
2002053100 0 0 0 0 0 0 0 0 0 0 0 0 0 0 0 0 0 0 0 0 0 0 0 0 0 0 0 0 0 0 0 0 0 0 0 0 0 0 0 0 0 0
2002053101 0 0 0 0 0 0 0 0 0 0 0 0 0 0 0 0 0 0 0 0 0 0 0 0 0 0 0 0 0 0 0 0 0 0 0 0 0 0 0 0 0 0
2002053102 0.1 0 0 0 0 0 0 0 0 0 0 0 0 0 0 0 0 0 0 0 0 0 0 0 0 0 0 0 0 0 0 0 0.1 0 0 0 0 0 0 0 0 0
2002053103 0 0 0 0 0 0 0 0 0 0 0 0 0 0 0 0 0 0 0 0 0 0 0 0 0 0 0 0 0 0 0 0 0 0 0 0 0 0 0 0 0 0
2002053104 0 0 0 0 0 0 0 0 0 0 0 0 0 0 0 0 0 0 0 0 0 0 0 0 0 0 0 0 0 0 0 0 0 0 0 0 0 0 0 0 0 0
2002053105 0 0 0 0 0 0 0 0 0 0 0 0 0 0 0 0 0 0 0 0 0 0 0 0 0 0 0 0 0 0 0 0 0 0 0 0 0 0 0 0 0 0
2002053106 0 0 0 0 0 0 0 0 0 0 0 0 0 0 0 0 0 0 0 0 0 0 0 0 0 0 0 0 0 0 0 0 0 0 0 0 0 0 0 0 0 0
2002053107 0 0 0 0 0 0 0 0 0 0 0 0 0 0 0 0 0 0 0 0 0 0 0 0 0 0 0 0 0 0 0 0 0 0 0 0 0 0 0 0 0 0
2002053108 0 0 0 0 0 0 0 0 0 0 0 0 0 0 0 0 0 0 0 0 0 0 0 0 0 0 0 0 0 0 0 0 0 0 0 0 0 0 0 0 0 0
2002053109 0 0 0 0 0 0 0 0 0 0 0 0 0 0 0 0 0 0 0 0 0 0 0 0 0 0 0 0 0 0 0 0 0 0 0 0 0 0 0 0 0 0
2002053110 0 0 0 0 0 0 0 0 0 0 0 0 0 0 0 0 0 0 0 0 0 0 0 0 0 0 0 0 0 0 0 0 0 0 0 0 0 0 0 0 0 0
2002053111 0 0 0 0 0 0 0 0 0 0 0 0 0 0 0 0 0 0 0 0 0 0 0 0 0 0 0 0 0 0 0 0 0 0 0 0 0 0 0 0 0 0
2002053112 0 0 0 0 0 0 0 0 0 0 0 0 0 0 0 0 0 0 0 0 0 0 0 0 0 0 0 0 0 0 0 0 0 0 0 0 0 0 0 0 0 0
2002053113 0 0 0 0 0 0 0 0 0 0 0 0 0 0 0 0 0 0 0 0 0 0 0 0 0 0 0 0 0 0 0 0 0 0 0 0 0 0 0 0 0 0
2002053114 0 0 0 0 0 0 0 0 0 0 0 0 0 0 0 0 0 0 0 0 0 0 0 0 0 0 0 0 0 0 0 0 0 0 0 0 0 0 0 0 0 0
2002053115 0 0 0 0 0 0 0 0 0 0 0 0 0 0 0 0 0 0 0 0 0 0 0 0 0 0 0 0 0 0 0 0 0 0 0 0 0 0 0 0 0 0
2002053116 0 0 0 0 0 0 0 0 0 0 0 0 0 0 0 0 0 0 0 0 0 0 0 0 0 0 0 0 0 0 0 0 0 0 0 0 0 0 0 0 0 0
2002053117 0 0 0 0 0 0 0 0 0 0 0 0 0 0 0 0 0 0 0 0 0 0 0 0 0 0 0 0 0 0 0 0 0 0 0 0 0 0 0 0 0 0
2002053118 0 0 0 0 0 0 0 0 0 0 0 0 0 0 0 0 0 0 0 0 0 0 0 0 0 0 0 0 0 0 0 0 0 0 0 0 0 0 0 0 0 0
2002053119 0 0 0 0 0 0 0 0 0 0 0 0 0 0 0 0 0 0 0 0 0 0 0 0 0 0 0 0 0 0 0 0 0 0 0 0 0 0 0 0 0 0
2002053120 0 0 0 0 0 0 0 0 0 0 0 0 0 0 0 0 0 0 0 0 0 0 0 0 0 0 0 0 0 0 0 0 0 0 0 0 0 0 0 0 0 0
2002053121 0 0 0 0 0 0 0 0 0 0 0 0 0 0 0 0 0 0 0 0 0 0 0 0 0 0 0 0 0 0 0 0 0 0 0 0 0 0 0 0 0 0
2002053122 0 0 0 0 0 0 0 0 0 0 0 0 0 0 0 0 0 0 0 0 0 0 0 0 0 0 0 0 0 0 0 0 0 0 0 0 0 0 0 0 0 0
2002053123 0 0 0 0 0 0 0 0 0 0 0 0 0 0 0 0 0 0 0 0 0 0 0 0 0 0 0 0 0 0 0 0 0 0 0 0 0 0 0 0 0 0
2002060100 0 0 0 0 0 0 0.1 0 0 0 0 0 0 0 0 0 0 0 0 0 0 0 0 0 0 0 0 0 0 0 0 0 0 0 0 0 0 0 0 0.1 0 0
2002060101 0 0 0 0 0 0 0 0 0 0 0 0 0 0 0 0 0 0 0 0 0 0 0 0 0 0 0 0 0 0 0 0 0 0 0 0 0 0 0 0 0 0
2002060102 0 0 0 0 0 0 0 0 0 0 0 0 0 0 0 0 0 0 0 0 0 0 0 0 0 0 0 0 0 0 0 0 0 0 0 0 0 0 0 0 0 0
2002060103 0 0 0 0 0 0 0 0 0 0 0 0 0 0 0.1 0 0 0 0 0 0 0 0 0.1 0 0 0 0 0 0 0 0 0 0 0 0 0 0 0.1 0 0 0
2002060104 0 0 0 0 0 0 0 0 0 0 0 0 0 0 0 0 0 0 0 0 0 0 0 0 0 0 0 0 0 0 0 0 0 0 0 0 0 0 0 0 0 0
2002060105 0 0 0 0 0.1 0 0 0 0 0 0 0 0 0 0 0 0 0 0 0 0 0 0 0 0 0 0 0 0 0 0 0 0 0 0 0 0 0 0 0 0 0
2002060106 0 0 0 0 0 0 0 0 0 0 0 0 0 0 0 0 0 0 0 0 0 0 0 0 0 0 0 0.1 0 0 0 0 0 0 0 0 0 0 0 0 0 0
2002060107 0 0 0 0 0 0 0 0 0 0 0 0 0 0 0 0 0 0 0 0 0 0 0 0 0 0 0 0 0 0 0 0 0 0 0 0 0 0 0 0 0 0
2002060108 0 0 0 0 0 0 0 0 0 0 0 0 0 0 0 0 0 0 0 0 0 0 0 0 0 0 0 0 0 0 0 0 0 0 0 0 0 0 0 0 0 0
2002060109 0 0 0 0 0 0 0 0 0 0 0 0 0 0 0 0 0 0 0 0 0 0 0 0 0 0 0 0 0 0 0 0 0 0 0 0 0 0 0 0 0 0
2002060110 0 0 0 0 0 0 0 0 0 0 0 0 0 0 0 0 0 0 0 0 0 0 0 0 0 0 0 0 0 0 0 0 0 0 0 0 0 0 0 0 0 0
2002060111 0 0 0 0 0 0 0 0 0 0 0 0 0 0 0 0 0 0 0 0 0 0 0 0 0 0 0 0 0 0 0 0 0 0 0 0 0 0 0 0 0 0
2002060112 0 0 0 0 0 0 0 0 0 0 0 0 0 0 0 0 0 0 0 0 0 0 0 0 0 0 0 0 0 0 0 0 0 0 0 0 0 0 0 0 0 0
2002060113 0 0 0 0 0 0 0 0 0 0 0 0 0 0 0 0 0 0 0 0 0 0 0 0 0 0 0 0 0 0 0 0 0 0 0 0 0.1 0 0 0 0 0
2002060114 0 0 0 0 0 0 0 0 0 0 0 0 0 0 0 0 0 0 0 0 0 0 0 0 0 0 0 0 0 0 0 0 0 0 0 0 0 0 0 0 0 0
2002060115 0 0 0 0 0 0 0 0 0 0 0 0 0 0 0 0 0 0 0 0 0 0 0 0 0 0 0 0 0 0 0 0 0 0 0 0 0 0 0 0 0 0
2002060116 0 0 0 0 0 0 0 0 0 0 0 0 0 0 0 0 0 0 0 0 0 0 0 0 0 0 0 0 0 0 0 0 0 0 0 0 0 0 0 0 0 0
2002060117 0 0 0 0 0 0 0 0 0 0 0 0 0 0 0 0 0 0 0 0 0 0 0 0 0 0 0 0 0 0 0 0 0 0 0 0 0 0 0 0 0 0
2002060118 0 0 0 0 0 0 0 0 0 0 0 0 0 0 0 0 0 0 0 0 0 0 0 0 0 0 0 0 0 0 0 0 0 0 0 0 0 0 0 0 0 0
2002060119 0 0 0 0 0 0 0 0 0 0 0 0 0 0 0 0 0 0 0 0 0 0 0 0 0 0 0 0 0 0 0 0 0 0 0 0 0 0 0 0 0 0
2002060120 0 0 0 0 0 0 0 0 0 0 0 0 0 0 0 0 0 0 0 0 0 0 0 0 0 0 0 0 0 0 0 0 0 0 0 0 0 0 0 0 0 0
2002060121 0 0 0 0 0 0 0 0 0 0 0 0 0 0 0 0 0 0 0 0 0 0 0 0 0 0 0 0 0 0 0 0 0 0 0 0 0 0 0 0 0 0
2002060122 0 0 0 0 0 0 0 0 0 0 0 0 0 0 0 0 0 0 0 0 0 0 0 0 0 0 0 0 0 0 0 0 0 0 0 0 0 0 0 0 0 0
2002060123 0 0 0 0 0 0 0 0 0 0 0 0 0 0 0 0 0 0 0 0 0 0 0 0 0 0 0 0 0 0 0 0 0 0 0 0 0 0 0 0 0 0
2002060200 0 0 0 0 0 0 0 0 0 0 0 0 0 0 0 0 0 0 0 0 0 0 0 0 0 0 0 0 0 0 0 0 0 0 0 0 0 0 0 0 0 0
2002060201 0 0 0 0 0 0 0 0 0 0 0 0 0 0 0 0 0 0 0 0 0 0 0 0 0 0 0 0 0 0 0 0 0 0 0 0 0 0 0 0 0 0
2002060202 0 0 0 0 0 0 0 0 0 0 0 0 0 0 0 0 0 0 0 0 0 0 0 0 0 0 0 0 0 0 0 0 0 0 0 0 0 0 0 0 0 0
2002060203 0 0 0 0 0 0 0 0 0 0 0 0 0 0 0 0 0 0 0 0 0 0 0 0 0.1 0 0 0 0 0 0 0 0 0 0 0 0 0 0 0 0 0
2002060204 0 0 0 0 0 0 0 0 0 0 0 0 0 0 0 0 0 0 0 0 0 0 0 0 0 0 0 0 0 0 0 0 0 0 0 0 0 0 0 0 0 0
2002060205 0 0 0 0 0 0 0 0 0 0 0 0 0 0 0 0 0 0 0 0 0 0 0 0 0 0 0 0 0 0 0 0 0 0 0 0 0 0 0 0 0 0
2002060206 0 0 0 0 0 0 0 0 0 0 0 0 0 0 0 0 0 0 0 0 0 0 0 0 0 0 0 0 0 0 0 0 0 0 0 0 0 0 0 0 0 0
2002060207 0 0 0 0 0 0 0 0 0 0 0 0 0 0 0 0 0 0 0 0 0 0 0 0 0 0 0 0 0 0 0 0 0 0 0 0 0 0 0 0 0 0
2002060208 0 0 0 0 0 0 0 0 0 0 0 0 0 0 0 0 0 0 0 0 0 0 0 0 0 0 0 0 0 0 0 0 0 0 0 0 0 0 0 0 0 0
2002060209 0 0 0 0 0 0 0 0 0 0 0 0 0 0 0 0 0 0 0 0 0 0 0 0 0 0 0 0 0 0 0 0 0 0 0 0 0 0 0 0 0 0
2002060210 0 0 0 0 0 0 0 0 0 0 0 0 0 0 0 0 0 0 0 0 0 0 0 0 0 0 0 0 0 0 0 0 0 0 0 0 0 0 0 0 0 0
2002060211 0 0 0 0 0 0 0 0 0 0 0 0 0 0 0 0 0 0 0 0 0 0 0 0 0 0 0 0 0 0 0 0 0 0 0 0 0 0 0 0 0 0
2002060212 0 0 0 0 0 0 0 0 0 0 0 0 0 0 0 0 0 0 0 0 0 0 0 0 0 0 0 0 0 0 0 0 0 0 0 0 0 0 0 0 0 0
2002060213 0 0 0 0 0 0 0 0 0 0 0 0 0 0 0 0 0 0 0 0 0 0 0 0 0 0 0 0 0 0 0 0 0 0 0 0 0 0 0 0 0 0
2002060214 0 0 0 0 0 0 0 0 0 0 0 0 0 0 0 0 0 0 0 0 0 0 0 0 0 0 0 0 0 0 0 0 0 0 0 0 0 0 0 0 0 0
2002060215 0 0 0 0 0 0 0 0 0 0 0 0 0 0 0 0 0 0 0 0 0 0 0 0 0 0 0 0 0 0 0 0 0 0 0 0 0 0 0 0 0 0
2002060216 0 0 0 0 0 0 0 0 0 0 0 0 0 0 0 0 0 0 0 0 0 0 0 0 0 0 0 0 0 0 0 0 0 0 0 0 0 0 0 0 0 0
2002060217 0 0 0 0 0 0 0 0 0 0 0 0 0 0 0 0 0 0 0 0 0 0 0 0 0 0 0 0 0 0 0 0 0 0 0 0 0 0 0 0 0 0
2002060218 0 0 0 0 0 0 0 0 0 0 0 0 0 0 0 0 0 0 0 0 0 0 0 0 0 0 0 0 0 0 0 0 0 0 0 0 0 0 0 0 0 0
2002060219 0 0 0 0 0 0 0 0 0 0 0 0 0 0 0 0 0 0 0 0 0 0 0 0 0 0 0 0 0 0 0 0 0 0 0 0 0 0 0 0 0 0
2002060220 0 0 0 0 0 0 0 0 0 0 0 0 0 0 0 0 0 0 0 0 0 0 0 0 0 0 0 0 0 0 0 0 0 0 0 0 0 0 0 0 0 0
2002060221 0 0 0 0 0 0 0 0 0 0 0 0 0 0 0 0 0 0 0 0 0 0 0 0 0 0 0 0 0 0 0 0 0 0 0 0 0 0 0 0 0 0
2002060222 0 0 0 0 0 0 0 0 0 0 0 0 0 0 0 0 0 0 0 0 0 0 0 0 0 0 0 0 0 0 0 0 0 0 0 0 0 0 0 0 0 0
2002060223 0 0 0 0 0 0 0 0 0 0 0 0 0 0 0 0 0 0 0 0 0 0 0 0 0 0 0 0 0 0 0 0 0 0 0 0 0 0 0 0 0 0
2002060300 0 0 0 0 0 0 0 0 0 0 0 0 0 0 0 0 0 0 0 0 0 0 0 0 0 0 0 0 0 0 0 0 0 0 0 0 0 0 0 0 0 0
2002060301 0 0 0 0 0 0 0 0 0 0 0 0 0 0 0 0 0 0 0 0 0 0 0 0 0 0 0 0 0 0 0 0 0 0 0 0 0 0 0 0 0 0
2002060302 0 0 0 0 0 0 0 0 0 0 0 0 0 0 0 0 0 0 0 0 0 0 0 0 0 0 0 0 0 0 0 0 0 0 0 0 0 0 0 0 0 0
2002060303 0 0 0 0 0 0 0 0 0 0 0 0 0 0 0 0 0 0 0 0 0 0 0 0 0 0 0 0 0 0 0 0 0 0 0 0 0 0 0 0 0 0
2002060304 0 0 0 0 0 0 0 0 0 0 0 0 0 0 0 0 0 0 0 0 0 0 0 0 0 0 0 0 0 0 0 0 0 0 0 0 0 0 0 0 0 0
2002060305 0 0 0 0 0 0 0 0 0 0 0 0 0 0 0 0 0 0 0 0 0 0 0 0 0 0 0 0 0 0 0 0 0 0 0 0 0 0 0 0 0 0
2002060306 0 0 0 0 0 0 0 0 0 0 0 0 0 0 0 0 0 0 0 0 0 0 0 0 0 0 0 0 0 0 0 0 0 0 0 0 0 0 0 0 0 0
2002060307 0 0 0 0 0 0 0 0 0 0 0 0 0 0 0 0 0 0 0 0 0 0 0 0 0 0 0 0 0 0 0 0 0 0 0 0 0 0 0 0 0 0
2002060308 0 0 0 0 0 0 0 0 0 0 0 0 0 0 0 0 0 0 0 0 0 0 0 0 0 0 0 0 0 0 0 0 0 0 0 0 0 0 0 0 0 0
2002060309 0 0 0 0 0 0 0 0 0 0 0 0 0 0 0 0 0 0 0 0 0 0 0 0 0 0 0 0 0 0 0 0 0 0 0 0 0 0 0 0 0 0
2002060310 0 0 0 0 0 0 0 0 0 0 0 0 0 0 0 0 0 0 0 0 0 0 0 0 0 0 0 0 0 0 0 0 0 0 0 0 0 0 0 0 0 0
2002060311 0 0 0 0 0 0 0 0 0 0 0 0 0 0 0 0 0 0 0 0 0 0 0 0 0 0 0 0 0 0 0 0 0 0 0 0 0 0 0 0 0 0
2002060312 0 0 0 0 0 0 0 0 0 0 0 0 0 0 0 0 0 0 0 0 0 0 0 0 0 0 0 0 0 0 0 0 0 0 0 0 0 0 0 0 0 0
2002060313 0 0 0 0 0 0 0 0 0 0.2 0 0 0.1 0 0 0 0 0.1 0 0 0 0 0 0 0 0 0 0 0 0 0 0 0 0 0 0 0 0 0 0 0 0
2002060314 0 0 0 0 0 0 0 0 0 0 0 0 0 0 0 0 0 0 0 0 0 0 0 0 0 0 0 0 0 0 0 0 0 0 0 0 0 0 0 0 0 0
2002060315 0 0 0 0 0 0 0 0 0 0 0 0 0 0 0 0 0 0 0 0 0 0 0 0 0 0 0 0 0 0 0 0 0 0 0 0 0 6.1 3.6 0 0 0
2002060316 0 0 0 0 0 0 0 0 0 0 0 0 0 0 0 0 0 0.2 0 0 0 0 0.6 3.5 2.1 8 0 0 0 0 0 0 0 0 0 0 0 0 0 0 0 0
2002060317 0 1.2 0 0 0 0 0 0 0 1.8 0 0 0.1 0 0 0 0 0 2.7 0 0 0 0 0.7 7.8 0.3 4 4.3 0 0 0.6 1 0 0 0 0 0 0 3.5 3.5 0 0
2002060318 0 0 0 0.2 0 0 0 0 0 0 0 0 0 0 0.1 0.5 0 0 0 0 0 0 0 0 0 0 0.9 0 0.4 0 0 0 0 0 0 0 0 1.4 1.4 1.4 0 0
2002060319 0 0 0 0 0.1 0 0 0 0 0 0 0.4 0 0 0 0 0 0 0 0 0 0 0 0 0 0 0 0 0 0 0 0 0 0 0 0 0 0.1 0.9 0.1 0 0
2002060320 0 0 0 0 0 0 0 0 0 0 0 0.2 0 0 0 0.1 0 0 0 0 0 0 0 0 0 0 0 0 0 0 0 0 0 0 0 0 0 0 0 0.1 0 0
2002060321 0 0 0 0 0 0 0 0 0 0 0 0.3 0 0 0 0 0 0 0 0 0 0 0 0 0 0 0 0 0 0 0 0 0 0 0 0 0 0 0 0 0 0
2002060322 0 0 0 0 0 0 0.1 0 0 0 0 0 0 0 0 0 0 0 0 0 0 0 0 0 0 0 0 0.1 0 0 0 0 0 0 0 0 0 0 0 0 0 0
2002060323 0 0 0 0 0 0 0 0 0 0 0 0.1 0 0 0 0 0 0 0 0 0 0 0 0 0 0 0 0 0 0 0 0 0 0 0 0 0 0 0 0 0 0
2002060400 0 0 0 0 0 0 0 0 0 0 0 0 0 0 0 0 0 0 0 0 0 0 0 0 0 0 0 0 0 0 0 0 0 0 0 0 0 0 0.1 0 0 0
2002060401 0 0 0 0 0 0 0 0 0 0 0 0.1 0 0 0 0 0 0 0 0 0 0 0 0 0 0 0 0 0 0 0 0 0 0 0 0 0 0 0 0 0 0
2002060402 0 0 0 0 0 0 0 0 0 0 0 0.1 0 0 0 0 0 0 0 0 0 0 0 0 0 0 0 0 0 0 0 0 0 0 0 0 0 0 0 0 0 0
2002060403 0 0 0 0 0 0 0 0 0 0 0 0 0 0 0 0 0 0 0 0 0 0 0 0 0 0 0 0 0 0 0 0 0 0 0 0 0 0 0 0.1 0 0
2002060404 0 0 0 0 0 0 0 0 0 0 0 0.1 0 0 0 0 0 0 0 0 0 0 0 0 0 0 0 0 0 0 0 0 0 0 0 0 0 0 0 0 0 0
2002060405 0 0 0 0 0 0 0 0 0 0 0 0.1 0 0 0 0 0 0 0 0 0 0 0 0 0 0 0 0 0 0 0 0 0 0 0 0 0 0 0 0 0 0
2002060406 0 0 0 0 0 0 0 0 0 0 0 0.1 0 0 0 0 0 0 0 0 0 0 0 0 0 0 0 0 0 0 0 0 0 0 0 0 0 0 0 0 0 0
2002060407 0 0 0 0 0 0 0 0 0 0 0 0.2 0 0 0 0 0 0 0 0 0 0 0 0 0 0 0 0 0 0 0 0 0 0 0 0 0 0 0 0 0 0
2002060408 0 0 0 0 0 0 0 0 0 0 0 0 0 0 0 0 0 0 0 0 0 0 0 0 0 0 0 0 0 0 0 0 0 0 0 0 0 0 0 0 0 0
2002060409 0 0 0 0 0 0 0 0 0 0 0 0 0 0 0 0 0 0 0 0 0 0 0 0 0 0 0 0 0 0 0 0 0 0 0 0 0 0 0 0 0 0
2002060410 0 0 0 0 0 0 0 0 0 0 0 0 0 0 0 0 0 0 0 0 0 0 0 0 0 0 0 0 0 0 0 0 0 0 0 0 0 0 0 0 0 0
2002060411 0 0 0 0 0 0 0 0 0 0 0 0 0 0 0 0 0 0 0 0 0 0 0 0 0 0 0 0 0 0 0 0 0 0 0 0 0 0 0 0 0 0
2002060412 0 0 0 0 0 0 0 0 0 0 0 0 0 0 0 0 0 0 0 0 0 0 0 0 0 0 0 0 0 0 0 0 0 0 0 0 0 0 0 0 0 0
2002060413 0 0 0 0 0 0 0 0 0 0 0 0 0 0 0 0 0 0 0 0 0 0.2 0 0 0 0 0 0 0 0 0 0 0 0 0 0 0 0.1 0 0 0 0
2002060414 0 0 0 0 0 0 0 0 0 0 0 0 0 0 0 0 0 0 0 0 0 0 0 0 0 0 0 0 0 0 0 0 0 0 0 0 0 0 0 0 0 0
2002060415 0 0 0 0 0 0 0 0 0 0 0 0 0 0 0 0 0 0 0 0 0 0 0 0 0 0 0 0 0 0 0 0 0 0 0 0 0 0 0 0 0 0
2002060416 0 0 0 0 0 0 0 0 0 0 0 0 0 0 0 0 0 0 0 0 0 0 0 0 0 0 0 0 0 0 0 0 0 0 0 0 0 0 0 0 0 0
2002060417 0 0 0 0 0 0 0 0 0 0 0 0 0 0 0 0 0 0 0 0 0 0 0 0 0 0 0 0 0 0 0 0 0 0 0 0 0 0 1.5 0 0 0
2002060418 0 0 0 0 0 0 0 0 0 0 0 0 0 0 0 0 0 0 0 0 0 0 0 0 0.8 0 0 0.4 0 0 0 0 0 0 0 0 0 0 2.7 0.2 0 0
2002060419 0 0 0 0 0 0 0 0 0 0 0 0 0 0 0 0 0 1.3 0.6 0 0 0.5 0.1 3.4 2.6 0.7 0.8 2.5 1.7 0 2.4 0.4 0 0 0 0 0 0.8 1.9 14.1 0.6 0
2002060420 0 0 0 0 0.3 2 1.9 5.1 2 0 0 0 0 0 0 1.1 0 3 4 0.9 2.5 1.8 2.4 2.9 2.7 2.3 1.2 16.6 0.1 1.6 3.6 5.5 1.6 0.1 1.7 0.8 4.7 0.9 1.5 0.7 2.7 2.2
2002060421 1 0.6 2.7 0.1 3.3 1.3 1.8 0.4 0.3 1 0.2 0.2 0.4 1.1 1.3 3.7 1.7 6.3 3.2 2 3.3 1 2.7 4.2 2.7 2.7 1 8.1 1.9 6.2 3.6 3.5 1.4 3.4 3.9 3.4 4.3 4.8 0 0.1 1.7 0.2
2002060422 0 6.3 0.3 0.2 0 0.3 0 0 0 1.8 1.8 0.4 2.6 2.2 2.2 1.9 0.9 0.4 0.2 0.7 2.9 0.6 0.2 0.3 0.3 0.2 0.8 0 0.1 0.1 0 0 0 2.2 0.3 2.2 1.2 0 0 0 1.1 0
2002060423 0 1.9 0 0 0 0 0 0 0.1 0.3 0 0.2 0.1 0.1 0 0.1 0.6 0.1 0 0.1 0.1 0.3 0.1 0.1 0 0 0.7 0 0 0 0 0 0 0 0 0 0 0 0 0.1 0.2 0
2002060500 0 0 0 0 0 0 0 0 0 0.1 0 0.1 0 0.1 0 0 0.4 0 0 0 0 0.1 0 0 0.1 0 0.6 0.1 0 0 0 0 0 0 0 0 0 0 0 0 0 0
2002060501 0 0 0 0 0 0 0 0 0 0 0 0.1 0 0 0 0 0.3 0 0 0 0 0 0 0 0 0 0.4 0.1 0 0.1 0 0 0 0.1 0 0.1 0 0 0 0 0 0
2002060502 0 0 0 0 0 0 0 0 0 0 0 0.1 0 0 0.1 0 0.2 0 0 0 0 0 0 0 0.3 0.1 0.4 0.1 0 0 0.1 0 0 0 0 0 0 0 0.1 0.3 0 0.1
2002060503 0 0 0 0 0 0 0 0.3 0.2 0 0.1 0 0.1 0.6 0.3 0.9 0.2 0.3 0.3 0.2 0.1 0.1 0.2 0.2 0.1 0.1 0.2 0.1 0.1 0.4 0.3 0 0 0.2 0 0.2 0.3 0 0 0 0 0
2002060504 0 0.4 0.4 0.3 0 0 0 0 0 0.4 0.4 0.1 0.6 0.5 0.1 0.1 0.1 0 0.1 0 0 0 0 0 0 0 0.1 0.2 0 0 0 0 0 0.1 0 0.1 0 0.1 0.1 0.1 0 0.1
2002060505 0.2 0.1 0 0 0 0 0 0 0 0 0 0 0 0 0 0 0 0 0 0 0 0 0 0 0.1 0.1 0 0 0 0.4 0.1 0.2 0 0 0 0 0 0.2 0 0 0 0
2002060506 0 0 0 0 0 0 0 0 0 0 0 0.1 0 0.3 0 0 0.1 0 0 0 0 0.1 0.1 0.1 0.1 0 0 0 0 0 0 0 0 0 0.2 0 0 0 0.2 0 0 0
2002060507 0 0.6 0 0 0 0 0 0 0.1 0.2 1.3 0 0.2 0 0 0 0.1 0 0 0.1 0 0 0 0.3 0.4 0.6 0 0.2 0 0 0 0 0 0 0 0 0 0 0.1 0.4 0.1 0
2002060508 0 0 0 0 0 0 0 0 0.1 0 0 0.1 0 0.1 0.2 0.2 0 0.5 0.5 0 0 0 0.2 0.3 0.2 0.2 0.2 0.8 0 0 0.1 0.1 0 0 0 0 0.1 0 0.3 0.1 0 0
2002060509 0 0 0 0.1 0 0.1 0 0 0 0.3 0 0 0.8 0.2 0.6 0.5 0 0 0 0.2 0.2 0.1 0.2 0.2 0.3 0.2 2.6 0 0.1 0 0.2 0.1 0.1 0.3 0.2 0 0 0.7 0.2 0.6 0 0
2002060510 0.2 0.4 0.1 0.1 0.1 0 0 0.1 0 0 0.2 0 0 0 0.1 0.1 0.1 0.2 0.2 0.1 0.4 0 0.3 0.1 0.1 0.4 0.6 0.3 0 1.2 1.1 0.8 0 0 0 0.4 0.4 1.4 0 0.1 0 0
2002060511 0 1.2 0 0 0 0.1 0 0.4 0 1.1 0.4 0.1 0.7 0.1 0.5 0.2 0 0.1 0 0 0 0.1 0 0 0 0 0 0 0.1 0.9 0.6 0.1 0.5 1.1 0.9 0.6 0.4 1.4 0 0 0 0.2
2002060512 0.1 1 1.1 0.5 0.1 0.9 0.4 0.7 0.4 0 1.2 0 0 0 0 0 0 0 0 0 0 0 0 0 0 0 0 0 0.1 0 0 0 0.1 0.3 0.2 0 0 0 0 0 0 0.4
2002060513 0.8 0 0.9 1.4 1 0.7 1.8 0.1 1.6 0 0.2 0 0 0 0 0 0 0 0 0 0 0.1 0 0 0 0 0 0 0.2 0 0 0 0 0 0 0 0 0 0 0 0 1
2002060514 0.8 0 0.1 0 1 0.1 0.4 0.1 0.5 0 0 0 0 0 0 0 0.1 0 0 0 0 0.1 0 0 0 0 0 0 0.1 0 0 0 0 0 0 0 0 0 0 0 0.1 0
2002060515 0.4 0 0 0 0 0 0 0 0.1 0 0 0 0 0 0 0 0 0 0 0 0 0 0 0 0 0 0 0 0 0 0 0 0 0 0 0 0 0 0 0 0 0
2002060516 0 0 0 0 0 0 0 0 0 0 0 0 0 0 0 0 0 0 0 0 0 0.1 0 0 0 0 0 0 0 0 0 0 0 0 0 0 0 0 0 0 1.1 0
2002060517 0 0 0 0 0 0 0 0 0 0 0 0 0 0 0 0 0 0 0 0 0 0.1 0 0.1 0.1 0 0 0 0.1 0 0.1 0 0 0 0 0 0 0.1 0 0 0 0
2002060518 0 0 0 0 0.1 0 0 0.1 0 0 0 0.1 0 0 0 0 0 0 0.4 0 0 0.1 0.1 0.3 1.3 0.3 1.8 0.2 0 0 0 0 0.2 0 0 0 0 0 0.4 0.2 0.2 0
2002060519 0 0 0 0 0 0 0 0 0 0 0 0 0 0 0 0 0 0 0.1 0 0 0 0.4 1.1 1.8 1.8 0.7 0.4 0 0.4 0.3 0 0 1.2 0 0 0 1.4 0 0.1 0 0
2002060520 0 0 0 0 0 0 0 0.6 0 0 0 0 0 0 0 0 0 0.3 0.2 0 0 0.1 0.7 0.5 0.6 0.3 0.5 0.9 0 0 0.2 0.1 0 0 0 0 0 0.1 0 0.2 0.1 0.1
2002060521 0 0 0 0 0 0 0 0 0 0 0 0 0 0 0 0 0 0.3 0.4 0 0 0 0.4 0.2 0.8 0.2 0.4 1.1 0 0.2 0.4 0.3 0.1 0 0 0 0 1.2 0 0.2 0 0
2002060522 0 0 0 0 0 0 0 0 0 0 0 0 0 0.1 0.4 0.3 0 0.6 0.2 0.1 0 0 0.7 0.4 1.5 0.1 1.3 1.1 0 0.1 0 0.1 0.1 0 0 0 0 0.5 0 0.2 0 0
2002060523 0 0 0 0 0 0 0 0 0 0 0 0 0 0.2 0.1 0.1 0 0.1 0 0 0 0 0.2 0.1 0.1 0.1 0.5 0 0 0.1 0.1 0.1 0 0 0 0 0 0.2 0 0 0 0
2002060600 0 0 0 0 0 0 0 0 0 0 0 0 0 0 0 0 0 0 0 0 0 0 0 0 0 0 0 0 0.1 0 0 0 0 0 0 0 0 0 0 0 0 0
2002060601 0 0 0 0 0 0 0 0 0 0 0 0 0 0 0.1 0 0 0 0 0 0 0 0 0 0 0 0 0 0 0 0 0.1 0 0 0 0 0 0 0 0 0 0
2002060602 0 0 0 0 0 0 0 0 0 0 0 0 0 0 0 0 0 0 0 0 0 0.1 0 0 0 0 0.1 0 0 0 0 0 0 0 0 0 0 0 0 0 0 0
2002060603 0 0 0 0 0 0 0 0 0 0 0 0 0 0 0 0 0 0 0 0 0 0 0 0 0 0 0 0 0 0 0 0 0 0 0 0 0 0 0 0 0 0
2002060604 0 0 0 0 0 0 0 0 0 0 0 0 0 0 0 0 0 0 0 0 0 0 0 0 0 0 0 0 0 0 0 0 0 0 0 0 0 0 0 0 0 0
2002060605 0 0 0 0 0 0 0 0 0 0 0 0 0 0 0 0 0 0 0 0 0 0 0 0 0 0 0 0 2 0 0 0 0 0 0 0 0 0 0 0 0 0
2002060606 0 0 0 0 0 0 0 0 0 0 0 0 0 0 0 0 0 0 0 0 0 0 0 0 0 0 0 0 0 0 0 0 0 0 0 0 0 0 0 0 0 0
2002060607 0 0 0 0 0 0 0 0 0 0 0 0 0 0 0 0 0 0 0 0 0 0 0 0 0 0 0 0 0 0 0 0 0 0 0 0 0 0 0 0 0 0
2002060608 0 0 0 0 0 0 0 0 0 0 0 0 0 0 0 0 0 0 0 0 0 0 0 0 0 0 0 0 0 0 0 0 0 0 0 0 0 0 0 0 0 0
2002060609 0 0 0 0 0 0 0 0 0 0 0 0 0 0 0 0 0 0 0 0 0 0 0 0 0 0 0 0 0 0 0 0 0 0 0 0 0 0 0 0 0 0
2002060610 0 0 0 0 0 0 0 0 0 0 0 0 0 0 0 0 0 0 0 0 0 0 0 0 0 0 0 0 0 0 0 0 0 0 0 0 0 0 0 0 0 0
2002060611 0 0 0 0 0 0 0 0 0 0 0 0.1 0 0 0 0 0.1 0 0 0 0 0 0 0 0 0 0 0 0 0 0 0 0 0 0 0 0 0 0 0 0 0
2002060612 0 0 0 0 0 0 0 0 0 0 0 0 0 0 0 0 0 0 0 0 0 0 0 0 0 0 0 0 0 0 0.1 0 0 0 0 0 0 0 0 0 0 0
2002060613 0 0 0 0 0 0 0 0 0 0 0 0 0 0 0 0 0 0 0 0 0 0 0 0 0 0 0 0 0 0 0 0 0 0 0 0 0 0 0 0 0 0
2002060614 0 0 0 0 0 0.3 0 0 0.1 0 0 0 0 0 0 0 0 0 0 0 0 0 0 0 0 0 0 0 0 0 0 0 0 0 0 0 0 0 0 0 0 0
2002060615 0 0 0 0 0 0 0 0.3 0 0 0 0.1 0 0 0 0 0 0 0 0 0 0 0 0 0 0 0 0 0 0 0 0 0 0 0 0 0 0 0 0 0 0
2002060616 0 0 0 0 0 0 0 0 0.3 0 0 0 0 0 0 0 0 0 0 0 0 0.1 0 0 0 0 0 0 0 0 0 0 0 0 0 0 0 0 0 0 0 0
2002060617 0.9 0 0 0 0 0.1 0.4 0 0 0 0 0 0 0 0 0 0 0 0 0 0 0 0 0 0 0 0 0 0 0 0 0 0 0 0 0 0 0 0 0 0 0
2002060618 0 0 0.2 0 0 3.4 0 0 0 0 0 0 0 0 0 0 0 0 0 0 0 0 0 0 0 0 0 0 0 0 0 0 0 0 0 0 0 0 0 0 0 0
2002060619 0 0 0 0 0 0 0 0.1 0 0 0 0.1 0 0 0 0 0 0 0 0 0 0 0 0 0 0 0 0 1.1 0 0 0 0 0 0 0 0 0 0 0 0 0
2002060620 0 0 0 0 0 0 0 0 0 0 0.2 0 0 0 0 0 0 0 0 0 0 0 0 0 0 0 0 0 0 0 0.2 0 0 0.2 0.2 0 0 0 0 0 0 0
2002060621 0 0 0 0 0 0.1 0 0 0 0 0.6 0 0 0 0 0 0 0 0 0 0 0 0 0 0 0 0 0 0 0 0.1 0 0 0.6 1 0 0 0 0 0 0 0
2002060622 0 0 0 0 0.1 0.4 0 0 0.1 0 0 0 0 0 0 0 0 0 0 0 0 0 0 0 0 0 0 0 0 0 0 0 0 3.1 0.1 0.5 0 0 0 0 0.2 0
2002060623 0 0 0 0 0.2 0 0 0 0.1 0 0 0 0 0 0 0 0 0 0 0 0 0 0 0 0 0 0 0.2 0.1 0 0.1 0 0 0.6 0 0.3 0 0.6 0 0 0.5 0.3
2002060700 0 0 0 0 0 0 0.1 0 0 0 0 0 0 0 0 0 0 0 0 0 0 0 0 0 0 0 0 0.1 0 0.5 0.7 0.7 0 0 0 0 0 1.2 0 0 0.1 0
2002060701 0 0 0 0 0 0 0 0 0.1 0 0 0 0 0 0 0 0 0 0 0 0 0 0 0 0 0 0 0 0.6 0.2 1.4 0.1 0 0 0 0 0 0.8 0 0 0.1 0.1
2002060702 0.2 0 0 0 0.4 0.1 0.3 0.1 0.2 0 0 0 0 0 0 0 0 0 0 0 0 0 0 0 0 0 0 0 0.5 0.2 0.9 0 0.2 0 0 0 0 1.4 0 0 0.2 0.2
2002060703 0 0 0 0 0 0 0.2 0 0.2 0 0 0 0 0 0 0 0 0 0 0 0 0 0 0 0 0 0 0 0.1 0.1 0.1 0 0.2 0 0 0 0 0.1 0 0 0.1 0.1
2002060704 0 0 0 0 0 0.3 0.2 0.9 0 0 0 0 0 0 0 0 0 0 0 0 0 0 0 0 0 0 0 0 0 0 0 0 0.1 0 0 0 0 0 0 0 0.3 0.4
2002060705 0 0 0 0 0.1 0 0 0.1 0.1 0 0 0 0 0 0 0 0 0 0 0 0 0 0 0 0 0 0 0 0 0 0 0 0 0 0 0 0 0 0 0 0.4 0.1
2002060706 0 0 0 0 0 0 0 0 0 0 0 0 0 0 0 0 0 0 0 0 0 0 0 0 0 0 0 0 0 0 0 0 0 0 0 0 0 0 0 0 0 0
2002060707 0 0 0 0 0 0 0 0 0 0 0 0 0 0 0 0 0 0 0 0 0 0 0 0 0 0 0 0 0 0 0 0 0 0 0 0 0 0 0 0 0 0
2002060708 0 0 0 0 0 0 0 0 0 0 0 0 0 0 0 0 0 0 0 0 0 0 0 0 0 0 0 0 0 0 0 0 0 0 0 0 0 0 0 0 0 0
2002060709 0 0 0 0 0 0 0 0 0 0 0 0 0 0 0 0 0 0 0 0 0 0 0 0 0 0 0 0 0 0 0 0 0 0 0 0 0 0 0 0 0 0
2002060710 0 0 0 0 0 0 0 0 0 0 0 0 0 0 0 0 0 0 0 0 0 0 0 0 0.1 0 0 0 0 0 0 0 0 0 0 0 0 0 0 0 0 0
2002060711 0 0 0 0 0 0 0 0 0 0 0 0 0 0 0 0 0 0 0 0 0 0 0 0 0 0 0.1 0.2 0 0 0 0 0 0 0 0 0 0 0 0 0 0
2002060712 0 0 0 0 0 0 0 0 0 0.1 0 0 0.2 0.4 0 0 0 0.1 0 0 0 0 0 0 0.1 0.2 0.5 0.3 0 0 0 0 0 0 0 0.2 0 0 0 0 0 0
2002060713 0 0 0 0 0 0 0 0 0 0 0 0 0 0 0 0 0 0 0 0 0 0 0.1 0 0.1 0 0.1 0 0 0 0 0.1 0 0 0 0 0 0.1 0.1 0 0 0.1
2002060714 0 0 0 0 0 0 0 0 0 0.1 0 0 0 0 0 0 0 0 0 0 0 0.2 0 0.1 0 0 0 0.1 0 0 0.3 0.1 0 0 0 0 0 0.5 0.1 0 0 0
2002060715 0 0 0 0 0 0 0 0 0 0 0 0 0 0 0 0 0 0 0 0 0.2 0 0 0 0 0.1 0.1 0 0.1 0 0 0 0 0 0 0 0.5 0.1 0 0 0 0
2002060716 0.1 0 0 0 0 0 0 0 0 0 0 0 0 0 0 0 0 0 0 0 0 0 0 0 0 0 0 0 0 0 0 0 0 0 0 0 0 0 0 0 0 0
2002060717 0 0 0 0 0 0 0 0.4 0 0 0 0 0 0 0 0 0 0 0 0 0 0.1 0 0 0 0 0 0 0 0 0 0 0 0 0 0 0 0 0 0 0 0
2002060718 0.1 0 0.4 0 0 0 0.2 0 0.1 0 0 0 0 0 0 0 0 0 0 0 0 0 0 0 0 0.1 0 0 0 0 0 0 0.1 0 0 0 0 0 0 0 0 0
2002060719 0 0 0 0 0 0 0 0 0.1 0 0 0 0 0 0 0 0 0 0 0 0 0 0 0 0 0 0 0 0 0 0 0 0 0 0 0 0 0 0 0 0 0
2002060720 0 0 0 0 0 0 0 0 0.1 0 0 0 0 0 0 0 0 0 0 0 0 0 0 0 0 0 0 0 0 0 0 0 0 0 0 0 0 0 0 0 0 0
2002060721 0 0 0 0 0 0 0 0 0 0 0 0.1 0 0 0 0 0 0 0 0 0 0 0 0 0 0 0 0 0 0 0 0 0 0 0 0 0 0 0 0 0 0
2002060722 0 0 0 0 0 0 0 0 0 0 0 0 0 0 0 0 0 0 0 0 0 0 0 0 0 0 0 0 0 0 0 0 0 0 0 0 0 0 0 0 0 0
2002060723 0 0 0 0 0 0 0 0 0 0 0 0 0 0 0 0 0 0 0 0 0 0 0 0 0 0 0 0 0 0 0 0 0 0 0 0 0 0 0 0 0 0
2002060800 0 0 0 0 0 0 0 0 0 0 0 0 0 0 0 0 0 0 0 0 0 0 0 0 0 0 0 0 0 0 0 0 0 0 0 0 0 0 0 0 0 0
2002060801 0 0 0 0 0 0 0 0 0 0 0 0 0 0 0 0 0 0 0 0 0 0 0 0 0.1 0 0 0 0 0 0 0 0 0 0 0 0 0 0 0 0 0
2002060802 0 0 0 0 0 0 0 0 0 0 0 0 0 0 0 0 0 0 0 0 0 0 0 0 0 0 0 0.1 0 0 0 0 0 0 0 0 0 0 0 0 0 0
2002060803 0 0 0 0 0 0 0 0 0 0 0 0 0.1 0 0 0 0 0 0 0 0 0 0 0 0 0.1 0 0 0 0 0 0 0 0 0 0 0 0 0 0.1 0 0
2002060804 0 0 0 0 0 0 0 0 0.1 0 0 0 0 0 0 0 0 0 0 0 0 0 0 0 0 0 0 0 0 0 0 0 0 0 0 0 0 0 0 0 0 0
2002060805 0 0 0 0 0 0 0 0 0 0 0 0 0 0 0 0 0 0 0 0 0 0 0 0 0 0 0 0 0 0 0 0 0 0 0 0 0 0 0 0 0 0
2002060806 0 0 0 0 0 0 0 0 0 0 0 0 0 0 0 0 0 0 0 0 0 0 0 0 0 0 0 0 0 0 0 0 0 0 0 0 0 0 0 0 0 0
2002060807 0 0 0 0 0 0 0 0 0 0 0 0 0 0.1 0 0 0 0 0 0 0 0 0 0 0 0 0 0 0 0 0 0 0 0 0 0 0 0 0 0 0 0
2002060808 0 0 0 0 0 0 0 0 0 0 0 0 0 0 0 0 0 0 0 0 0 0 0 0 0 0 0 0 0 0 0 0 0 0 0 0 0 0 0 0 0 0
2002060809 0 0 0 0 0 0 0 0 0 0 0 0 0 0 0 0 0 0 0 0 0 0 0 0 0 0 0 0 0 0 0 0 0 0 0 0 0 0 0 0 0 0
2002060810 0 0 0 0 0 0 0 0 0 0 0 0 0 0 0 0 0 0 0 0 0 0 0 0 0 0 0 0 0 0 0 0 0 0 0 0 0 0 0 0 0 0
2002060811 0 0 0 0 0 0 0 0 0 0 0 0 0 0 0 0 0 0 0 0 0 0 0 0 0 0 0 0 0 0 0 0 0 0 0 0 0 0 0 0 0 0
2002060812 0 0 0 0 0 0 0 0 0 0 0 0.1 0 0 0 0 0 0 0 0 0 0 0 0 0 0 0 0 0 0 0 0 0 0 0 0 0 0 0 0 0 0
2002060813 0 0 0 0 0 0 0 0 0 0 0 0 0 0 0 0 0 0 0 0 0 0 0 0 0 0 0 0 0 0 0 0 0 0 0 0 0 0 0 0 0 0
2002060814 0 0 0 0 0 0 0 0 0 0 0 0 0 0 0 0 0 0 0 0 0 0 0 0 0 0 0 0 0 0 0 0 0 0 0 0 0 0 0 0 0 0
2002060815 0 0 0 0 0 0 0 0 0 0 0 0 0 0 0 0 0 0 0 0 0 0 0 0 0 0 0 0 0 0 0 0 0 0 0 0 0 0 0 0 0 0
2002060816 0 0 0 0 0 0 0 0 0 0 0 0.1 0 0 0 0 0 0 0 0 0 0 0.1 0.1 0 0 0 0 0 0 0 0 0 0 0 0 0 0 0 0 0 0
2002060817 0 0 0 0 0 0 0 0 0 0 0 0 0 0 0 0 0 0 0 0 0 0.1 0 0 0 0 0 0 0 0 0 0 0 0 0 0 0 0 0 0 0 0
2002060818 0 0 0 0 0 0 0 0 0 0 0 0 0 0 0 0 0 0 0 0 0 0 0 0 0 0 0 0 0 0 0 0 0 0 0 0 0 0 0 0 0 0
2002060819 0 0 0 0 0 0 0 0 0 0 0 0 0 0 0 0 0 0 0 0 0 0 0 0 0 0 0 0 0 0 0 0 0 0 0 0 0 0 0 0 0 0
2002060820 0 0 0 0 0 0 0 0 0 0 0 0 0 0 0 0 0 0 0 0 0 0 0 0 0 0 0 0 0 0 0 0 0 0 0 0 0 0 0 0 0 0
2002060821 0 0 0 0 0 0 0 0 0 0 0 0 0 0 0 0 0 0 0 0 0 0 0 0 0 0 0 0 0 0 0 0 0 0 0 0 0 0 0 0 0 0
2002060822 0 0 0 0 0 0 0 0 0 0 0 0 0 0 0 0 0 0 0 0 0 0 0 0 0 0 0 0 0 0 0 0 0 0 0 0 0 0 0 0 0 0
2002060823 0 0 0 0 0 0 0 0 0 0 0 0 0 0 0 0 0 0 0 0 0 0 0 0 0 0 0 0 0 0 0 0 0 0 0 0 0 0 0 0 0 0
2002060900 0 0 0 0 0 0 0 0 0 0 0 0 0 0 0 0 0 0 0 0 0 0 0 0 0 0 0 0 0 0 0 0 0 0 0 0 0 0 0 0 0 0
2002060901 0 0 0 0 0 0 0.1 0 0 0 0 0 0 0 0 0 0 0 0 0 0 0 0 0 0 0 0.1 0 0 0 0 0 0 0 0 0 0 0 0 0 0 0
2002060902 0 0 0 0 0 0 0 0 0 0 0 0 0 0 0 0 0 0 0 0 0 0 0 0 0 0 0 0 0 0 0 0 0 0 0 0 0.1 0 0 0 0 0
2002060903 0 0 0 0 0 0 0 0 0 0 0 0 0 0 0 0 0 0 0 0 0 0 0 0 0 0 0 0 0 0 0 0 0 0 0 0 0 0 0 0 0 0
2002060904 0 0 0 0 0 0 0 0 0 0 0 0 0 0 0 0 0 0 0 0.1 0 0 0 0 0.1 0 0 0 0 0 0 0 0 0 0 0 0 0 0 0 0 0
2002060905 0 0 0 0 0 0 0 0 0 0 0 0 0 0 0 0.1 0 0 0 0 0 0 0 0 0 0 0 0 0 0 0 0 0 0 0 0 0 0 0 0 0 0
2002060906 0 0 0 0 0 0 0 0 0 0 0 0 0.1 0 0 0 0 0 0 0 0 0 0 0 0 0 0 0 0 0 0 0 0 0 0 0 0 0 0 0 0 0
2002060907 0 0 0 0 0 0 0 0 0 0 0 0 0 0 0 0 0 0 0 0 0 0 0 0 0 0 0 0 0 0 0 0 0 0 0 0 0 0 0 0 0 0
2002060908 0 0 0 0 0 0 0 0 0 0 0 0 0 0 0 0 0 0 0 0 0 0 0 0 0 0 0 0 0 0 0 0 0 0 0 0 0 0 0 0 0 0
2002060909 0 0 0 0 0 0 0 0 0 0 0 0 0 0 0 0 0 0 0 0 0 0 0 0 0 0 0 0 0 0 0 0 0 0 0 0 0 0.1 0 0 0 0
2002060910 0 0 0 0 0 0 0 0 0 0 0 0 0 0 0 0 0 0 0 0 0 0 0 0 0 0 0 0 0 0 0 0 0 0 0 0 0 0 0 0 0 0
2002060911 0 0 0 0 0 0 0 0 0 0 0 0 0 0 0 0 0 0 0 0 0 0 0 0 0 0 0 0 0 0 0 0 0 0 0 0 0 0 0 0 0 0
2002060912 0 0 0 0 0 0 0 0 0 0 0 0 0 0 0 0 0 0 0 0 0 0 0 0 0 0 0 0 0 0 0 0 0 0 0 0 0 0 0 0 0 0
2002060913 0 0 0 0 0 0 0 0 0 0 0 0 0 0 0 0 0 0 0 0 0 0 0 0 0 0 0 0 0 0 0 0 0 0 0 0 0 0 0 0 0 0
2002060914 0 0 0 0 0 0 0 0 0 0 0 0 0 0 0 0 0 0 0 0 0 0 0 0 0 0 0 0 0 0 0 0 0 0 0 0 0 0 0 0 0 0
2002060915 0 0 0 0 0 0 0 0 0 0 0 0 0 0 0 0 0 0 0 0 0 0 0 0 0 0 0 0 0 0 0 0 0 0 0 0 0 0 0 0 0 0
2002060916 0 0 0 0 0 0 0 0 0 0 0 0 0 0 0 0 0 0 0 0.2 0 0 0 0 0 0 0 0 0 0 0 0.9 0 0 0 0 0 0 0 0 0 0
2002060917 0 0 0 0 0 0 0 0 0 0 0 0 0 0 0 0 0 0 0 0 0 0 0 0 0 0 0 0 0 0 0 0.5 0.1 0 0 0 0 0 0 0 0 0
2002060918 0 0 0.1 0 0 0.2 0.6 0 0 0 0 0 0.2 0 0 0 0 0 0 0 0 0 0 0 0 0 0 0 0 0 0 0 0.1 0 0 0 0 0 0 0 0 0
2002060919 0.1 0 0.8 0 0.4 0.1 0.1 0 0 0 0 0 0 0 0 0.1 0 0 0 0 0.2 0 0 0.5 2.4 0.6 1 0 0 0 0 0 0 0 0 0 0.3 0 0 0 0 0
2002060920 0 0 0 0 0 0 0.1 0 0 0 0 0 0.1 0.6 0 0 0 0.1 1.2 0.7 0 0.5 0 0.2 0.3 0.1 1.7 1 0 0.2 0.4 2.4 0 0.3 0 0 0.2 0.1 0 0 0 0
2002060921 0 0 0.4 0.3 0 0 0 0 0 1.1 0.1 0 1.1 0.5 1.3 1.3 0 0.1 0.1 0.2 0.8 0.3 0.1 0.1 0.1 0 0.1 0 0.1 0.8 1 0.2 0.4 1 3.1 1.8 6.9 0.2 0 0 0 0
2002060922 0 0.6 0.7 0.5 0.4 2.1 2.1 0.1 0.1 0.7 2.3 0 1.7 1.7 0.9 0.7 0 0.7 0.7 0.7 0.1 0.2 1.2 1.6 2.8 1.6 1 0.5 0 0.2 0.1 0.1 0 1.2 0.5 0.4 0.6 0 0 0.5 0 0
2002060923 1 1.1 1.1 1 0.2 0.2 1.2 0 0 2.1 0.4 0 1.5 1.5 1.5 1.4 0 1.1 0.8 0.7 1.4 1.3 0.5 0.3 1 0.5 2.5 2.5 0 1.2 1.1 1.9 0.4 0.7 1.5 1 1.7 0.1 1 1.3 0 0
2002061000 0.1 1 0.6 0.7 0.1 0.4 0.1 0.6 0.1 0.4 1.3 0 0.1 0 0.2 0.4 0 0 0.2 0 0.1 0.4 0.1 0.1 0.4 0.1 0.8 0.7 0.8 1 1.3 0.4 0.7 0.8 1.1 0.8 0.2 0.8 2.1 0.4 0.3 0.2
2002061001 0.7 0.1 0.7 0.4 0.6 1.4 1.8 0.8 0.9 0.1 0 0 0.5 0.2 0.1 0 0 0 0 0.1 0 0 0 0.2 0.6 1.3 0.4 0.1 0.4 0.2 0.2 0 0.5 0 0.1 0.1 0 0.6 0.6 0.3 1.7 1.3
2002061002 0.1 0 0.2 0 0.3 0 0.3 0.1 0.2 0.8 0.2 0 0.5 0.1 0.6 1.5 0 0.5 0.2 0.3 1.1 1.4 0.2 0.2 0.4 0.4 1.8 0.9 0 0.1 0.2 0.8 0 0 0 0.2 0.5 0.1 0.3 0.4 0.3 0.3
2002061003 1.2 0 1.4 0.1 0 0.1 0 0 0 0 0.9 0 0 0 0 0.1 0 0 0.2 0 0.1 0.4 0 0 0 0 0.3 0.7 0.2 0.4 0.6 0.9 0.9 0.7 1 0.5 0.7 1.6 0.2 0.2 0 0
2002061004 0.1 0 0.1 0 1.1 0.7 1.3 0.3 0.8 0 0 0 0 0 0 0 0 0 0 0 0 0.1 0 0 0 0 0 0 0.1 0 0 0 0.1 0 0 0 0 0.1 0 0 0.1 0.6
2002061005 0 0 0 0 0 0 0 0 0 0.1 0 0 0 0 0 0 4.8 0 0 0 0 0 0 0 0 0 0 0 0 0 0 0 0 0 0 0 0 0 0 0 0 0.1
2002061006 0 0 0 0 0 0 0 0 0 0 0 9 0 0 0 0 0 0 0 0 0 0 0 0 0 0 0 0 0 0.1 0 0 0 0 0 0 0 0 0 0 0 0
2002061007 0 0 0 0 0 0 0 0 0 0 0 0 0 0 0 0 0 0 0 0 0 0 0 0 0 0 0 0 0 0 0 0 0 0 0 0 0 0 0 0 0 0
2002061008 0 0 0 0 0 0 0 0 0 0 0 0 0 0 0 0 0 0 0 0 0 0 0 0 0 0 0 0 0 0 0 0 0 0 0 0 0 0 0 0 0 0
2002061009 0 0.2 0 0 0 0 0 0 0 0.2 0 0 0 0 0 0 0 0 0 0 0 0 0 0 0 0 0 0 0 0 0 0 0 0 0 0 0.2 0 0 0.2 0 0
2002061010 0 0.2 0 0 0 0 0 0 0 0 0 0 0.2 0 0 0.1 0 0.2 0 0.4 0.5 0 0.1 0.1 0.3 0.8 0.2 0 0 0 0 0 0 0 0.1 0.2 1.4 0 0 0 0 0
2002061011 0 0.1 0.2 0.2 0 0 0.1 0.1 0.1 0.7 0 0 0 0 0 0 0 0.2 0.4 0 0 0 0 0 0 0 0.3 0 0 0.2 0.1 1 0.1 0 1.1 0 0 0.3 0 0 0 0
2002061012 0.4 0 0 0 0 0 0 0.1 2 0 0 0 0 0 0 0 0 0 0 0 0 0 0 0 0 0 0 0.1 0.1 0 0 0 0 0 0 0 0 0 0 0 0.3 0.1
2002061013 0 0 0 0 0 0 0 0 0 0 0 0 0 0.1 0 0 0.6 0 0 0 0 0 0.1 0 0.1 0 0 0.1 0 0 0 0 0 0 0 0 0 0 0 0 0 0
2002061014 0 0.2 0 0 0 0 0 0 0 0.1 0 0.6 0.2 0.3 1.6 0.9 0.1 0 0 0.1 0 0 0.3 0 0 0 0 0 0 0 0.1 0 0 0 0 0 0 0.1 0 0 0 0
2002061015 0 0 0.3 0 0 1.1 0 0 0 0 1.1 0.2 0 0 0 0.4 0 0.3 0 0.7 1 0.9 0.9 0 0.2 0 0 0 0 0 0 0 0 0.8 2.3 2.8 1.5 0 0 0 0 0
2002061016 0.3 3.2 0.1 0 0.9 1.1 1.2 1 2.5 1.3 0.3 0 1.7 0 0 0.5 0 0.2 0 1.5 1.6 0.2 0.1 0 0 0 0.6 0.3 0 0 0 0 1.4 0 0.8 0 1.4 0 0 0 0 0
2002061017 1 0.1 0.6 0.7 0 0 0 0.5 0 0 0.5 1.8 0 0 0 0 0 0.1 0.1 0 0.1 0 0 0 0 0 0 0 0 0.4 0 0.3 0.4 0.5 0.6 0.2 0.4 0 1.3 0.2 0 2.4
2002061018 0.1 0 0.4 0 0.3 0.1 0.1 0 0.6 0 0 0 0 1.4 0.4 0 0.3 0 0 0 0 0 0.1 0.3 0.1 1.3 0 0 0 0 0 0 0.1 0 0 0 0.1 0 0 0 0 0.3
2002061019 0 0 0 0 0 0 0 0.2 0 0 0 0.1 0 0.1 0.3 0.1 0 0.2 0.6 0.4 1.8 0 0.1 0.4 0 0 1.5 0.1 0 0 0.2 0.2 0 0.5 1.3 0 1.8 0.1 0 0 0 0
2002061020 0 0 0 0 0.6 0.4 0.8 6.5 0.2 0 0 0 0 0 0 0 0 0 0 0 0.1 0 0 0 0 0 0.1 0 0.2 0 0.1 0 0.5 0.1 0.9 0 0 0.4 0 0 0 0.7
2002061021 0 0 0 0 0 0.1 0 0 0 0 0 0 0 0 0 0 0.1 0 0 0.1 0 0 0 0 0.1 0.3 0 1.1 0 0 0 0 0 0 0 0 0 0 0 0.3 0 1.2
2002061022 0 0.1 0 0 0 0 0 0 0 0.2 0 0.1 0.2 0.6 0.4 0.4 0.8 0 0.2 0.4 0.3 0.1 0.1 0.1 0 0.1 0 0.7 0 0 0 0.1 0 0 0 0 0.2 0.1 0 0.1 0 0
2002061023 0 0.3 0 0.5 0 0 0 0.1 0.1 0.4 0.1 0.9 0.3 0 0.1 0.6 0.2 0.5 0.2 0.6 0.5 0.7 0.3 0.2 0.3 0.3 0.2 0.2 0 0.6 0 0.4 0.7 0.6 0.5 0.5 0.5 0 0 0 0 0.1
2002061100 0.4 0.1 0.4 0.6 0.1 0.2 0.3 0.1 0.5 0 0.1 0 0 0.1 0.2 0.1 0.5 0 0 0 0.1 0.1 0.1 0 0 0 0.1 0.1 0.1 0.2 0.1 0 0.3 0.1 0.1 0.2 0.2 0 0.1 0.1 0.3 0.2
2002061101 0.1 0 0 0.1 0.9 0.9 1 0 0.2 0 0 0 0 0.1 0 0.3 0.1 0 0 0.1 0.8 0.1 0 0 0.1 0.1 0 0 0 0 0 0 0.1 0 0.1 0.1 0 0.1 0.2 0.1 0.1 0.1
2002061102 0.1 0 0 0 0.2 0.1 0.1 0.2 0.1 0 0 0.1 0 0.1 0 0.1 0 0 0 0 0.1 0.1 0 0.4 0.7 0.4 0.5 0.3 0 0.1 0.1 0.1 0.3 0.1 0.2 0.1 0.1 0 0 0.1 0 0
2002061103 0 0.1 0.1 0 0.1 0.1 0.1 0 0.5 0.2 0 0.1 0 0 0.1 0 0.1 0.2 0.4 0 0 0 0.6 0.3 0.3 0.1 0.3 0.2 0.1 0 0.1 0.1 0.1 0.2 0.3 0.3 0.2 0.2 0.1 0.2 0.1 0.1
2002061104 0 0.1 0.2 0.1 0.3 0.3 0.2 0.1 0.6 0 0.1 0 0.1 0.2 0.2 0.5 0.2 0.1 0.1 0.1 0 0.2 0.2 0.3 0.3 0 0.2 0.2 0.1 0.3 0.1 0.1 0.7 0.2 0.3 0.3 0.6 0.4 0.2 0.1 0 0.1
2002061105 0 0 0.1 0 0.1 0.1 0.2 0.2 0.6 0.1 0.1 0.2 0 0.2 0 0 0.1 0.1 0 0 0 0 0.2 0.2 0.2 0.1 0.1 0.2 0 0 0.1 0 0.3 0.6 0.3 0.5 0.1 0.1 0 0.1 0.1 0.6
2002061106 0 0 0.5 0.1 0.3 0.4 0.5 0.2 0.3 0 0.3 0 0 0 0 0.1 0 0.1 0.1 0 0 0 0.2 0.1 0.5 0.4 0.3 0.5 0 0.1 0 0 0.6 0.1 0 0 0 0 0 0.1 0.2 0.1
2002061107 0 0.1 0 0 0.1 0 0.1 0 0 0 0 0 0 0 0 0 0 0 0.1 0 0 0 0.2 0.5 0.4 0.4 0.3 1.3 0 0 0 0.1 0 0 0 0 0 0 0.1 0.6 0 0
2002061108 0 0 0 0 0 0 0 0 0 0 0 0 0 0.1 0.1 0 0.1 0.2 0.1 0 0 0 0.4 0.1 0.2 0.2 0.4 0.6 0 0 0 0.1 0 0 0 0 0 0 0.3 0.2 0 0
2002061109 0 0 0 0 0 0 0 0 0 0 0 0.1 0 0 0 0 0.1 0.1 0.1 0 0 0 0 0.1 0.1 0 0.3 0.1 0 0 0 0 0 0 0 0 0 0.1 0 0 0 0
2002061110 0 0 0 0 0 0 0 0 0 1.4 0 0 0.7 0.7 0.7 0.1 0.9 0 0 0 0 0 0.7 0.7 0.3 0.2 0 0 0 0 0 0.1 0 0 0 0 0 0.1 0.1 0 0 0
2002061111 0 0.3 0 0.2 0 0 0 0.1 0 1.3 1.3 0.6 1 0.4 1.4 1 1.6 0.1 0 0.1 0.3 0.3 0.7 0.4 0.9 0.7 0.2 0.5 0 0 0 0.1 0 0 0 0 0.6 0 0.3 0.1 0 0
2002061112 0.3 0.2 0.6 1.2 0 0.2 0.1 0.1 0 0.3 0.8 1 0 0.7 0.2 2.1 0.8 0.2 0.2 1 0 0.6 0.1 0.1 0.1 1.9 0.4 0.2 0 1.1 0.5 0.3 0.7 0.1 0.1 0.3 0.1 0.1 0 0 0 0
2002061113 0.6 0 0.1 0 0.2 0.1 0.2 0.1 0.9 0.2 0.6 1.1 0 0 0.1 0.3 0 0 0 0 0 1.6 0 0 0.3 0 0 1.8 0.2 0.6 0.1 0 0.8 0.4 1.1 1.3 1.1 0 0 1.8 0.3 1.1
2002061114 0.1 0 0 0.7 0.1 1.2 0.6 0.1 1 0 0 0 0 0 0 0 0 0 0 0 0 0 0 0 0 0 0 0 0 0.1 0 0 0.3 0 0 0.3 0 0 0 0 0.4 0.7
2002061115 0 0 0 0.6 0 0 0 0 0 0 0 0 0 0 0 0 0 0 0 0 0 0 0 0 0 0 0 0 0 0 0 0 0 0 0 0 0 0 0 0 0 0
2002061116 0 0 0 0 0 0 0 0 0 0 0 0 0 0 0 0 0 0 0 0 0 0 0 0 0 0 0 0 0 0 0 0 0 0 0 0 0 0 0 0 0 0
2002061117 0 0 0 0 0 0 0 0 0 0 0 0 0 0 0 0 0 0 0 0 0 0 0 0 0 0 0 0 0 0 0 0 0 0 0 0 0 0 0 0 0 0
2002061118 0 0 0 0 0 0 0 0 0 0 0 0 0 0 0 0 0 0 0 0 0 0 0 0 0 0 0 0 0 0 0 0 0 0 0 0 0 0 0 0 0 0
2002061119 0 0 0 0 0 0 0 0 0 0 0 0 0 0 0 0 0.1 0 0 0 0 0 0 0 0 0 0 0 0 0 0 0 0 0 0 0 0 0 0 0 0 0
2002061120 0 0 0 0 0 0 0 0 0 0 0 0 0.1 0.3 0.2 0 0.3 0 0 0 0 0 0 0 0 0 0 0 0 0 0 0 0 0 0 0 0 0 0 0 0 0
2002061121 0 0.5 0 0 0 0.2 0 0 0.1 0.5 0.2 0.4 0.5 0.5 0.6 0.6 0.8 0.2 0.2 0.6 0.5 0.6 0.1 0.4 0.5 0.5 0.1 0.2 0 0.2 0.1 0.2 0.1 0.3 0.1 0.3 0.3 0 0 0 0 0
2002061122 0.5 0.7 0.5 0.6 0.3 0.4 0.5 0.2 0.5 0.3 0.4 0.3 0.3 0.1 0.1 0.3 0.2 0.1 0.1 0 0.6 0.8 0.2 0.6 0.5 0.2 0.2 0.4 0.6 0.7 0.5 0.4 0.9 0.6 0.8 0.6 0.7 0.3 0 0 0.2 0.1
2002061123 0.4 0.3 0.4 0.2 0.6 0.3 0.6 0.4 0.7 0.3 0.3 0.2 0.1 0.3 0.4 0.5 0.8 0.3 0.3 0.2 0 0 0.8 1.9 2.4 2.9 2 0.9 0.1 0 0 0.1 0.4 0.1 0.3 0.2 0.4 0.2 0.4 1 0.5 0.4
2002061200 0.2 0.4 0.1 0.1 0.2 0.2 0.1 0.7 0.5 1.1 0.1 0.6 1.2 0.9 0.7 0.6 0.2 0.9 0.5 0.1 0.5 0.1 1.1 0.4 0.3 0.1 0.2 0.9 0.1 0.1 0.2 0.1 1.3 0.7 0.6 0.4 0.5 0.6 0.9 0.1 0.3 0.3
2002061201 0.7 0.7 1.2 0.8 0.5 0.2 0.5 0.5 0.8 0.3 0.7 0.3 0.1 0.1 0 0 0.1 0.1 0 0 0 0.2 0.1 0 0.1 0 0.1 0.4 0.1 0.7 0.3 0.3 1 0.1 0.1 0.2 0.4 0.2 0 0.1 0.4 0.4
2002061202 0.1 0.4 0 0.1 0 0 0 0.1 0.3 0.6 0.1 0.1 0.7 0.4 0.3 0.2 0.5 0 0 0 0.1 0 0 0 0 0 0 0 0.1 0.1 0 0 0.1 0 0 0 0 0.4 0 0 0.2 0.3
2002061203 0.6 0.5 0.9 0.5 1.4 0.4 0.7 0.1 0.1 0.7 0.5 0.7 0.3 0.8 0.7 2.2 0.9 0.1 0.3 0.3 0.1 0 0.9 0.3 0 0 0.1 0.1 0 0 0 0.1 0 0.5 0.1 0.6 0.7 0.1 0 0 0.1 0.1
2002061204 0.6 0 0.7 0.5 1.2 1.1 0.8 0.6 3.3 0.2 0.3 0.5 0.1 0.2 0.6 1.1 0.5 0.2 0.1 0.1 0.2 0.8 0 0 0 0 0 0 0.4 1.1 0.4 0.3 1.5 1 1.2 1.5 0.6 0.3 0 0 0.1 0.3
2002061205 0 0.1 0 0 0.5 0.3 0.4 0.9 1.6 0.1 0.1 0.1 0.4 0.4 1 0.1 1 0 0 0 0 0 0 0 0 0 0 0 0.1 0.1 0 0 0.5 0.1 0.3 0.1 0 0 0 0 0.3 0.7
2002061206 0.3 0.4 0 0.2 0 0 0 0.2 0 0.3 0.2 0.2 0.3 0.5 0.2 0.2 0.4 0 0 0 0 0 0.2 0 0 0 0 0.1 0 0 0 0 0.3 0 0.1 0.1 0 0 0 0 0.2 0
2002061207 0.1 0.2 0.2 0.2 0 0 0 0.2 0 1.2 0.2 0.3 1.2 0.3 0.3 0.4 0.1 0.1 0.1 0 0 0 0.3 0 0 0 0.2 0.2 0 0 0 0 0.1 0.5 0 0.1 0.1 0.3 0 0 0.1 0.1
2002061208 0 0.2 0.1 0.1 0.5 0.1 0.2 0 0.2 0.1 0.1 0.3 0 0 0.1 0.5 0 0.1 0 0 0.3 0 0.2 0 0 0 0 0 0.1 0.2 0.2 0 0 0.2 0.4 0.4 1 0.3 0 0 0 0
2002061209 0.2 0.1 0.8 0 0.4 0.1 0.1 0.2 0.3 0.2 0 0.2 0.1 0.1 0.1 0.3 0 0 0.2 0.1 0.2 0 0.2 0 0 0 0 0 0 0 0 0.1 0.1 0.1 1.3 0.8 0.6 0 0 0 0 0.3
2002061210 0 0 0.3 0.1 1 0.2 0.2 0.4 1.1 0 0 0.5 0 0 0.1 0.3 0.1 0.1 0 0 0.1 0 0.4 0.1 0 0 0 0 0 0 0 0 0.7 0.6 0.6 0.6 0.2 0 0 0 0 0.7
2002061211 0 0 0.2 0 0.8 0.2 0.4 0.2 1 0 0 0.1 0 0 0.2 0.2 0.1 0 0.2 0 0 0 0.1 0.2 1.2 0.6 0.3 0.8 0 0.2 0.3 0 1.1 0.1 0.2 0.8 0.1 0.3 0 0 0 0.1
2002061212 0.1 0 0.2 0 0.6 0.3 0.1 0.5 0.5 0 0.1 0 0 0.1 0.1 0 0 0 0 0 0 0 0 0 0.2 0 0.2 1.6 0 0 0 0 0.1 0.1 0.7 0.1 0.1 0.1 0 1.6 0 0
2002061213 0.3 0.1 0.2 0 0.2 0 0.1 0 0.2 0 0 0 0 0 0 0 0 0 0 0 0 0 0 0.1 0 0 0 0.1 0.1 0 0 0 0.1 0 0 0 0 0.1 0 0.9 0 0.1
2002061214 0 0 0 0 0 0 0 0 0 0 0 0 0 0 0 0 0 0 0 0 0 0 0 0 0 0 0 0 0 0 1.2 0 0 0 0 0 0 0 0 0 0 0
2002061215 0 0 0 0 0 0 0 0 0 0 0 0 0 0 0 0 0 0 0 0 0 0 0 0 0 0 0 0 0.2 0 0 0 0 0 0 0 0 0 0 0 1 0
2002061216 0 7.6 0 1.5 0 0 0 0 0 0 0 0 0 0 0 0 0 0 0 0 0 0 0 0 0 0 0 0 0 0 0 0 0 0 0 0 0 0 0 0 0 0
2002061217 4.7 0 0 2.6 0 0 0 0 0 1.8 1.3 0 2.3 0.9 0 0 0 0 0 0 0 0 0 0 0 0 0 0 0 0 0 0 0 0 0 0 0 0 0 0 0 0
2002061218 1.9 6.6 0.1 2.7 0 0 0 0 0 5.4 3.6 1 3.2 0.2 0.3 0 3.4 0 0 0 0 0 0 0 0 0 0 0 0 0 0 0 0 0 0 0 0 0 0 0 0 0
2002061219 4.6 0.2 3.7 3.3 0 0 0.1 0 0 0.1 1.5 0.1 0 0.2 0.9 3.6 3.4 0 0 0 0 0 0 0 0 0 0 0 0 0 0 0 0 0.5 0 2.7 0.6 0 0 0 0 0
2002061220 0.4 0 0.8 0 2.6 4.3 3.5 0 0.3 0 0 1.8 0 0 0.4 2.8 0.1 0 0 3 0.9 0 0 0 0 0 0 0 0 0 0 0 0 2.4 1.4 1.5 1.6 0 0 0 0 0
2002061221 0.4 0 0.7 0 2.3 1.8 2.9 1.6 2.5 0 0 0.1 0 0 0 0.3 0 0.1 0 0.1 2 1.1 0 0 0 0 0 0 0 1.2 0 0 1.7 0.3 3.8 0.3 1.2 0 0 0 0 0
2002061222 0 0 0 0 1.7 1.2 1.2 1.3 2 0 0 0 0 0.1 0 0 0.2 0.1 0 0.3 0.4 0.2 0.1 0 0 0 0 0 0 1.3 0 0.1 1.8 0.1 0.1 0 0.3 0 0 0 0 1.6
2002061223 0.1 0 0.1 0 0.2 0.2 0.2 0.4 0.3 0 0 0 0.2 0.2 0.1 0.4 0.5 0 0 0.5 0 0.1 0 0 0 0 0 0 0 0.6 0 0 0.9 0.2 1.6 0.2 0.1 0 0 0 0.1 0.5
2002061300 0 0 0 0 0.3 0.2 0.3 0.3 0.9 0 0 0 0 0 0 0.4 0.2 0 0 0.5 0.3 0.7 0 0 0 0 0 0 0.1 0.8 0.1 0 0.2 0 0.5 0.3 0.2 0 0 0 0 0.2
2002061301 0 0 0 0 0.4 0.3 0.4 0.2 0.4 0 0 0 0 0.1 0 0 0 0 0 0.1 0.1 0.7 0.1 0.6 0 0 0 0 0 0.1 0.1 0.2 0.3 0 0.3 0 0.1 0 0 0 0.2 0.3
2002061302 0 0 0 0 0.2 0.1 0.2 0 0.1 0 0 0 0 0 0 0 0 0.1 0.6 0 0 0 0 0 0 0 0 0 0 0.1 0 0.3 0 0 0 0 0 0 0 0 0 0
2002061303 0 0 0 0 0.2 0 0 0 0.1 0 0 0 0 0 0 0 0 0 0 0 0 0 0 0 0 0 0 0 0.1 0 0.1 0 0.1 0 0 0 0 0 0 0 0.1 0
2002061304 0 0 0.2 0 0 0 0 0 0 0 0 0.2 0.1 0.5 0.2 0.1 0.2 0 0 0 0 0 0 0 0 0 0 0 0 0 0 0 0 0 0.1 0 0 0 0 0 0 0
2002061305 0 0 0.2 0 1.2 1.2 1.5 0.3 0.7 0.2 0 1 0.1 0.4 0.3 0 0.1 0 0 0 0 0 0 0 0 0 0 0 0 0 0 0 0.8 0.7 0.1 0.3 0.2 0.1 0 0 0 0.5
2002061306 0 0 0.5 0 1.1 0.7 1 0.2 0.3 0.4 0 0.2 0.4 0.3 0.1 0.1 0 0 0 0 0 0 0 0 0 0 0 0 0 0.1 0 0 0 0.1 0.1 0 0 0 0 0 0 0.3
2002061307 0.6 0.1 0.9 0.1 1.4 1 1.6 0 0.9 0.1 0.1 0.2 0.2 0.1 0.2 0 0 0 0 0 0 0 0 0 0 0 0 0 0 0 0 0 0.1 0.1 0.1 0.1 0 0 0 0 0 0.1
2002061308 0.5 0.1 0.4 0.1 0.4 0.1 0.2 0 1.6 0.5 0 0 0.3 0.2 0 0 0 0 0 0 0 0 0 0 0 0 0 0 0 0 0 0 0 0 0 0 0 0 0 0 0 0.1
2002061309 1 0.1 0.4 0.9 0 0 0.1 0 0.1 0 0.8 0 0.1 0 0 0 0 0 0 0 0 0 0 0.1 0.1 0 0.2 0 0 0 0 0 0 0 0 0 0 0 0 0 0 0
2002061310 0.5 0.2 0.7 0.1 0.4 0.1 0.1 0 0.2 0 0 0 0 0 0 0 0 0 0 0 0.1 0 0 0 0 0.1 0 0 0 0 0 0.1 0 0 0 0 0 0 0 0 0 0
2002061311 0.1 0 0.1 0 0.2 0.1 0.2 0.1 0.4 0.1 0 0.1 0 0 0 0 0 0 0 0 0 0 0.1 0 0.1 0.1 0.1 0.2 0 0 0.1 0 0 0 0 0 0 0.5 0 0 0 0
2002061312 0 0 0.2 0 0 0.1 0.2 0 0 0 0 0 0.3 0.2 0 0 0 0 0 0 0 0 0 0 0 0 0 0 0 0 0 0 0 0 0.6 0.2 0.1 0.2 0 0.3 0 0
2002061313 0 0.1 0 0.2 0 0 0 0 0.2 0 0 0 0 0 0 0 0 0 0 0 0 0 0 0 0 0 0 0 0 0 0 0 0 0 0 0 0.2 0 0 0 0 0
2002061314 0 0 0.1 0 0.1 0 0 0 0 0.1 0 0 0.3 0 0 0 0 0 0 0 0 0 0 0 0 0 0 0 0 0 0 0 0 0 0 0 0 0 0 0 0 0
2002061315 1.5 0.8 1.1 0.1 0.1 0 0 0 0 0.5 0.4 0.1 0.3 0.2 0 0 0.1 0 0 0 0 0 0 0 0 0 0 0 0 0 0 0 0 0 0 0 0 0 0 0 0 0
2002061316 0.4 0.1 1.4 0.3 0.3 0.3 0.4 0 0.3 0.1 0.2 0.2 0 0.1 0.1 0 0 0 0 0 0 0 0 0 0 0 0 0 0 0 0 0 0 1.1 0 0 0.1 0 0 0 0 0
2002061317 0.2 0 0.1 0 1.2 1.2 2.2 0 0.5 0 0 0.2 0.1 0 0 0 0 0 0 0 0 0 0 0 0 0 0 0 0 0 0 0 0 0.1 0 0 0 0 0 0 0 0
2002061318 0 0 0 0 0.7 0 0.4 0.2 0.1 0 0 0 0 0 0 0 0 0 0 0 0 0 0 0 0 0 0 0 0 0 0 0 0.2 0 0.3 0 0.3 0 0 0 0 0
2002061319 0 0 0 0 0 0 0 0.8 0 0 0 0 0 0 0 0 0 0.1 0 0 0 0 0 0 0 0 0 0 0 0 0 0.1 0.2 0 0 0 0 0 0 0 0 1.1
2002061320 0 0 0 0 0 0 0 0 0 0 0 0 0 0 0 0 0 0.1 0 0 0 0 0 0 0 0 0 0 0.1 0 0.1 0.3 0 0 0 0 0 0 0 0 0.1 0
2002061321 0 0 0 0 0 0 0 0 0 0 0 0 0 0 0 0 0 0.1 0 0 0.1 0 0 0 0 0 0 0 0 0 0.1 0.1 0 0 0 0 0 0 0 0 0 0
2002061322 0 0 0 0 0 0 0 0.1 0 0 0 0 0 0 0 0 0 0 0 0 0 0.1 0 0 0 0 0 0 0 0.1 0 0.1 0.2 0 0 0 0 0 0 0 0 0.1
2002061323 0 0 0 0 0 0 0 0 0 0 0 0 0 0 0 0 0 0 0 0 0 0 0 0 0 0 0 0 0 0 0 0 0 0 0 0 0 0 0 0 0 0
2002061400 0 0 0 0 0.2 0.1 0 0 0 0 0 0 0 0 0 0 0 0 0 0 0 0 0 0 0 0 0 0 0.1 0 0 0 0 0 0 0 0 0 0 0 0 0
2002061401 0 0 0 0 0.2 0.1 0.1 0 0.3 0 0 0 0 0 0 0 0 0 0 0 0 0 0 0 0 0 0 0 0 0 0 0 0 0 0 0 0 0 0 0 0 0
2002061402 0 0 0.1 0 0.1 0 0.2 0 0.1 0 0 0 0 0 0 0 0 0 0 0 0 0 0 0 0 0 0 0 0 0 0 0 0 0 0 0 0 0 0 0 0 0
2002061403 0 0 0 0 0.4 0 0 0 0 0 0 0 0 0 0 0 0 0 0 0 0 0 0 0 0 0 0 0 0 0 0 0 0 0 0 0 0 0 0 0 0 0
2002061404 0 0 0 0 0 0 0 0 0.1 0 0 0 0 0 0 0 0 0 0 0 0 0 0 0 0 0 0 0 0 0 0 0 0 0 0 0 0 0 0 0 0 0
2002061405 0 0 0 0 0 0 0 0 0 0 0 0 0 0 0 0 0 0 0 0 0 0 0 0 0 0 0 0 0 0 0 0 0 0 0 0 0 0 0 0 0 0
2002061406 0 0 0 0 0 0 0.1 0 0 0 0 0 0 0 0 0 0 0 0 0 0 0 0 0 0 0 0 0 0 0 0 0 0 0 0 0 0 0 0 0 0 0
2002061407 0 0 0 0 0 0 0 0 0 0 0 0 0 0 0 0 0 0 0 0 0 0 0 0 0 0 0 0 0 0 0 0 0 0 0 0 0 0 0 0 0 0
2002061408 0 0 0 0 0 0 0 0 0 0 0 0 0 0 0 0 0 0 0 0 0 0 0 0 0 0 0 0 0 0 0 0 0 0 0 0 0 0 0 0 0 0
2002061409 0 0 0 0 0 0 0 0 0 0 0 0 0 0 0 0 0 0 0 0 0 0 0 0 0 0 0 0 0 0 0 0 0 0 0 0 0 0 0 0 0 0
2002061410 0 0 0 0 0 0 0 0 0 0 0 0 0 0 0 0 0 0 0 0 0 0 0 0 0 0 0 0 0 0 0 0 0 0 0 0 0 0 0 0 0 0
2002061411 0 0 0 0 0 0 0 0 0 0 0 0 0 0 0 0 0 0 0 0 0 0 0 0 0 0 0 0 0 0 0 0 0 0 0 0 0 0 0 0 0 0
2002061412 0 0 0 0 0 0 0 0 0 0 0 0 0 0 0 0 0 0 0 0 0 0 0 0 0 0 0 0 0 0 0 0 0 0 0 0 0 0 0 0 0 0
2002061413 0 0 0 0 0 0 0 0 0 0 0 0 0 0 0 0 0 0 0 0 0 0 0 0 0 0 0 0 0 0 0 0 0 0 0 0 0 0 0 0 0 0
2002061414 0 0 0 0 0 0 0 0 0 0 0 0 0 0 0 0 0 0 0 0 0 0 0 0 0 0 0 0 0 0 0 0 0 0 0 0 0 0 0 0 0 0
2002061415 0 0 0 0 0 0 0 0 0 0 0 0 0 0 0 0 0 0 0 0 0 0 0 0 0 0 0 0 0.1 0 0 0 0 0 0 0 0 0 0 0 0 0
2002061416 0 0 0 0 0 0 0 0 0 0 0 0 0 0 0 0.1 0 0 0 0 0 0 0 0 0 0 0 0 0 0 0 0 0 0 0 0 0 0 0 0 0 0
2002061417 0 0 0 0 0 0 0 0 0 0 0 0 0 0 0 0 0 0 0 0 0 0 0 0 0 0 0 0 0 0.1 0 0 0 0 0 0 0 0 0 0 0 0
2002061418 0 0 0 0 0.1 0 0 0 0 0 0 0 0 0 0 0 0 0 0 0 0 0 0 0 0 0 0 0 0 0 0 0 0 0 0 0 0 0 0 0 0 0.2
2002061419 0 0 0 0 0 0 0 0 0 0 0 0 0 0 0 0 0 0 0 0 0 0 0 0 0 0 0 0 0 0 0 0 0 0 0 0 0 0 0 0 0 0
2002061420 0.2 5.2 0 0 0 0 0 0 0 3.3 0 6.6 0 0.2 5.4 1.3 7.7 0.4 0 1.3 0.3 0.1 0.4 2 0.8 0 2.7 0 0 0 0 0 0 0 0 5.4 0.7 0 0 0.3 0 0
2002061421 1.2 3.8 2.1 5.1 4.8 6.7 7.9 2.6 5.6 0 1.4 1.3 0 0 0 0.1 0 0.7 3.2 0.1 0.7 0.2 0 0 0.1 0 1 7 7.9 2.6 0.9 3.7 3.3 0.4 3.8 2.1 0.5 1.4 0 2.4 3.3 1.1
2002061422 1.9 0 0 0 3.5 4.9 5.9 2.3 1.2 0 0 0 0 0 0 0 0 0 0 0 0 0 0 0 0 0 0 0.1 0.5 0.1 0 0 0 0 0 0.1 0 0.3 0 0 0.9 1.3
2002061423 0 0.1 0 0 0 0 0.1 0 0 0 0 0 0 0 0 0.1 0 0 0 0 0 0 0 0.1 0 0 0 0 0 0 0 0 0 0 0 0 0 0 0 0 0 0
2002061500 0 0 0 0 0 0 0 0 0 0.1 0.1 0.2 0 0.1 0.1 0 0 0 0 0 0 0 0 0.1 0.1 0.1 0 0 0 0 0 0 0.1 0.1 0.1 0 0 0.1 0 0.1 0 0
2002061501 0 0 0.1 0 0.1 0.1 0 0.1 0.1 0 0 0 0.1 0 0.3 0.1 0.1 0.1 0 0 0 0 0.1 0.1 0.1 0 0 0 0.1 0 0.1 0 0.1 0 0 0 0.1 0 0 0 0.1 0
2002061502 0 0 0.2 0 0 0 0.1 0 0.1 0 0 0.1 0 0 0 0 0 0.1 0.1 0 0 0 0 0 0 0 0.1 0.1 0 0 0 0 0 0 0 0.1 0 0 0 0 0.2 0
2002061503 0 0 0 0 0 0 0 0 0.1 0 0 0.1 0 0 0 0 0 0 0 0.1 0.1 0.1 0.1 0 0 0 0 0 0 0 0 0.1 0 0.1 0.1 0.1 0.1 0 0 0 0 0.1
2002061504 0 0 0 0 0 0 0 0 0 0 0 0 0 0 0 0 0.1 0.1 0.1 0 0 0 0 0 0 0 0 0 0 0 0 0 0 0 0 0 0 0 0 0 0.1 0
2002061505 0.1 0.1 0.1 0.1 0 0 0 0 0 0.3 0.1 0 0.1 0.1 0 0 0.1 0 0 0 0 0 0 0.1 0.1 0.1 0 0 0 0 0 0 0 0 0 0 0 0 0.1 0 0 0
2002061506 0 0.1 0.1 0.1 0 0.1 0 0 0 0 0 0.1 0 0.2 0.2 0.1 0.2 0.6 0.1 0 0.1 0.2 0.5 0.2 0 0.1 0 0 0 0 0 0.1 0 0.1 0 0 0 0 0 0 0 0
2002061507 0 0.1 0.2 0.3 0.2 0.2 0.2 0.1 0 0 0 0 0 0 0 0 0 0 0.1 0 0 0.1 0 0 0 0 0 0 0 0.2 0 0.2 0.3 0 0 0.1 0 0 0 0 0 0.1
2002061508 0 0 0 0 0 0 0 0 0 0 0.1 0 0 0 0 0 0 0 0 0 0 0 0 0 0 0 0 0 0 0.1 0 0 0 0 0 0 0 0 0 0 0 0
2002061509 0 0 0 0 0 0 0 0 0 0 0 0 0 0 0 0 0 0 0 0 0 0 0 0 0 0 0 0 0 0 0 0 0 0 0 0 0 0.1 0 0 0 0
2002061510 0 0 0 0 0 0 0 0 0 0 0 0 0 0 0 0 0 0 0 0 0 0 0 0 0 0 0 0 0 0 0 0 0 0.1 0 0 0 0 0 0 0 0
2002061511 0 0 0 0 0 0 0 0 0 0 0 0 0 0 0 0 0 0 0 0 0 0 0 0 0 0 0 0 0 0 0 0 0 0 0 0 0 0 0 0 0 0
2002061512 0 0 0 0 0 0 0 0 0 0 0 0 0 0 0 0 0 0 0 0 0 0 0 0 0 0 0 0 0 0 0 0 0 0 0 0 0 0 0 0 0 0
2002061513 0 0 0 0 0 0 0 0 0 0 0 0 0 0 0 0 0 0 0 0 0 0 0 0 0 0 0 0 0 0 0 0 0 0 0 0 0 0 0 0 0 0
2002061514 0 0 0 0 0 0 0 0 0 0 0 0 0 0 0 0 0 0 0 0 0 0 0 0 0 0 0 0 0 0 0 0 0 0 0 0 0 0 0 0 0 0
2002061515 0 0 0 0 0 0 0 0 0 0 0 0 0 0 0 0 0 0 0 0 0 0 0 0 0 0 0 0 0 0 0 0 0 0 0 0 0 0 0 0 0 0
2002061516 0.1 0 0 0 0 0 0 0 0 0 0 0 0 0 0 0 0 0 0 0 0 0 0 0 0 0 0 0 0 0 0 0 0 0 0 0 0 0 0 0 0 0
2002061517 0 0 0 0 0 0 0 0 0 0 0 0 0 0 0 0 0 0 0 0 0 0 0 0 0 0 0 0 0 0 0 0 0 0 0 0 0 0 0 0 0 0
2002061518 0 0 0 0 0 0 0 0 0 0 0 0 0 0 0.1 0 0.1 0 0 0 0 0 0 0 0 0 0 0 0 0 0 0 0 0 0 0 0 0 0 0 0 0
2002061519 0 0 0 0 0 0 0.1 0 0 0 0 0.3 0 0 0.1 0 0 0 0 0 0 0 0 0 0 0 0 0 0 0 0 0 0 0.1 0 0 0 0 0 0 0 0
2002061520 0 0 0 0 0.4 0.1 0.5 0 0 0 0 0 0 0 0 0 0 0 0 0 0 0 0 0 0 0 0 0 0 0 0 0 0 0 0 0 0 0 0 0 0 0
2002061521 0 0 0 0 0 0 0 0 0.1 0 0 0 0 0 0 0 0 0 0 0 0 0 0 0 0 0 0 0 0 0 0 0 0 0.1 0 0 0 0 0 0 0 0
2002061522 0 0 0 0 0 0 0 0 0 0 0 0 0 0 0 0 0 0 0 0 0 0 0 0 0 0 0 0 0 0 0 0 0 0 0 0 0 0 0 0 0 0
2002061523 0 0 0 0 0 0 0 0 0 0 0 0 0 0 0 0 0 0 0 0 0 0 0 0 0 0 0 0 0 0 0 0 0 0 0 0 0 0 0 0 0 0
2002061600 0 0 0 0 0 0 0 0 0 0 0 0 0 0 0 0 0 0 0 0 0 0 0 0 0 0 0 0 0 0 0 0 0 0 0 0 0 0 0 0 0 0
2002061601 0.1 0 0 0 0 0.1 0 0 0 0 0 0 0 0 0 0 0 0 0 0 0 0 0 0 0 0 0 0 0 0 0 0 0 0 0 0 0 0 0 0.1 0 0
2002061602 0 0 0 0 0.1 0 0 0 0 0 0 0 0 0 0 0 0 0 0 0 0 0 0 0 0 0 0 0 0 0 0 0 0 0 0 0 0 0 0 0 0 0
2002061603 0 0 0 0 0 0 0.1 0 0 0 0 0 0.1 0 0 0 0 0 0 0 0 0 0 0 0 0 0 0 0 0 0 0 0 0 0.1 0 0 0 0 0 0 0
2002061604 0 0 0 0 0 0 0 0 0 0 0 0 0 0 0 0 0 0 0 0 0 0 0 0 0 0 0 0 0 0 0 0 0 0 0 0 0 0 0.1 0 0 0
2002061605 0 0.4 0 0 0 0 0 0 0 0.6 0 0.2 0.7 0.6 0.4 0.2 0.4 0.3 0.2 0.4 0.4 0.4 0.3 0.2 0.2 0.4 0 0 0 0 0 0.1 0 0 0 0.1 0.4 0 0 0 0 0
2002061606 0.2 1 0.1 0.4 0.1 0.2 0.2 0.3 0.3 0.1 0.6 0.2 0.1 0 0.1 0.1 0 0 0.2 0 0 0.1 0.1 0.1 0.3 0 0.4 0.6 0.3 0.3 0.2 0.3 0.2 0.2 0.4 0.1 0.1 0.3 0 0.1 0 0.3
2002061607 0.1 0 0.1 0.1 0 0 0 0 0 0.2 0.1 0 0.2 0 0 0 0 0 0 0 0 0 0 0 0 0 0 0 0 0 0 0 0 0 0 0 0 0 0 0 0 0
2002061608 0 0 0 0 0 0 0 0 0 0 0 0 0 0 0 0 0 0 0 0 0 0 0 0 0 0 0 0 0 0 0 0 0 0 0 0 0 0 0 0 0 0
2002061609 0 0 0 0 0 0 0 0 0 0 0 0 0 0 0 0 0 0 0 0 0 0 0 0 0 0 0 0 0 0 0.1 0 0 0 0 0 0 0 0 0 0 0
2002061610 0 0 0 0 0 0 0 0 0 0 0 0 0 0 0 0 0 0 0 0 0 0 0 0 0 0 0 0 0 0 0 0 0 0 0 0 0 0 0 0 0 0
2002061611 0 0 0 0 0 0 0 0 0 0 0 0 0 0 0 0 0 0 0 0 0 0 0 0 0 0 0 0 0 0 0 0 0 0 0 0 0 0 0 0 0 0
2002061612 0 0 0 0 0 0 0 0 0 0 0 0 0 0 0 0 0 0 0 0 0 0 0 0 0 0 0 0 0 0 0 0 0 0 0 0 0 0 0 0 0 0
2002061613 0 0 0 0 0 0 0 0 0 0 0 0 0 0 0 0 0 0 0 0 0 0 0 0 0 0 0 0 0 0 0 0 0 0 0 0 0 0 0 0 0 0
2002061614 0 0 0 0 0 0 0 0 0 0 0 0 0 0 0 0 0 0 0 0 0 0 0 0 0 0 0 0 0 0 0 0 0 0 0 0 0 0 0 0 0 0
2002061615 0 0 0 0 0 0 0 0 0 0 0 0 0 0 0 0 0 0 0 0 0 0 0 0 0 0 0 0 0 0 0 0 0 0 0 0 0 0 0 0 0 0
2002061616 0 0 0 0 0 0 0 0 0 0 0 0 0 0 0 0 0 0 0 0 0 0 0 0 0 0 0 0 0 0 0 0 0 0 0 0 0 0 0 0 0 0
2002061617 0 0 0 0 0 0 0 0 0 0 0 0 0 0 0 0 0 0 0 0 0 0 0 0 0 0 0 0 0 0 0 0 0 0 0 0 0 0 0 0 0 0
2002061618 0 0 0 0 0 0 0 0 0 0 0 0 0 0 0 0 0 0 0 0 0 0 0 0 0 0 0 0 0 0 0 0 0 0 0 0 0 0 0 0 0 0
2002061619 0 0 0 0 0 0 0 0 0 0 0 0 0 0 0 0 0 0 0 0 0 0 0 0 0 0 0 0 0 0 0 0 0 0 0 0 0 0 0 0 0 0
2002061620 0 0 0 0 0 0 0 0 0 0 0 0 0 0 0 0 0 0 0 0 0 0 0 0 0 0 0 0 0 0 0 0 0 0 0 0 0 0 0 0 0 0
2002061621 0 0 0 0 0 0 0 0 0 0 0 0 0 0 0 0 0 0 0 0 0 0 0 0 0 0 0 0 0 0 0 0 0 0 0 0 0 0 0 0 0 0
2002061622 0 0 0 0 0 0 0 0 0 0 0 0 0 0 0 0 0 0 0 0 0 0 0 0 0 0 0 0 0 0 0 0 0 0 0 0 0 0 0 0 0 0
2002061623 0 0 0 0 0 0 0 0 0 0 0 0 0 0 0 0 0 0 0 0 0 0 0 0 0 0 0 0 0 0 0 0 0 0 0 0 0 0 0 0 0 0
2002061700 0 0 0 0 0 0 0 0 0 0 0 0 0 0 0 0 0 0 0 0 0 0 0 0 0 0 0 0 0 0 0 0 0 0 0 0 0 0 0 0 0 0
2002061701 0 0 0 0 0 0 0.1 0 0 0 0 0.1 0 0 0 0 0 0 0 0 0 0 0 0 0 0 0 0 0 0 0 0 0 0 0 0 0 0 0 0.1 0 0
2002061702 0.1 0 0 0 0 0 0 0 0 0 0 0 0 0 0 0 0 0 0 0 0 0 0 0.1 0 0 0 0 0 0 0 0 0 0 0 0 0 0 0 0 0 0
2002061703 0 0 0 0 0 0 0 0 0 0 0 0 0.1 0 0 0 0 0.1 0 0.1 0 0 0 0 0 0 0 0 0 0 0 0 0 0 0 0 0 0.1 0 0 0 0
2002061704 0 0 0 0 0 0 0 0 0 0 0 0 0 0 0 0 0 0 0 0 0 0 0 0 0 0 0 0 0 0 0 0 0 0 0 0.1 0 0 0 0 0 0
2002061705 0 0 0 0 0 0 0 0 0 0 0 0 0 0 0.1 0 0 0 0 0 0 0 0 0 0 0 0 0 0 0 0 0 0 0 0 0 0 0 0 0 0 0
2002061706 0 0 0 0 0 0 0 0 0 0 0 0 0 0 0 0 0 0 0 0 0 0 0 0 0 0 0 0 0 0.1 0 0 0 0 0 0 0 0 0 0 0 0
2002061707 0 0 0 0 0 0 0 0 0 0 0 0 0 0 0 0 0 0 0 0 0 0 0 0 0 0 0 0 0 0 0 0 0 0 0 0 0 0 0 0 0 0
2002061708 0 0 0 0 0 0 0 0 0 0 0 0 0 0 0 0 0 0 0 0 0 0 0 0 0 0 0 0 0 0 0 0 0.1 0 0 0 0 0 0 0 0 0
2002061709 0 0 0 0 0 0 0 0 0 0 0 0 0 0 0 0 0 0 0 0 0 0 0 0 0 0 0 0 0 0 0 0 0 0 0 0 0 0 0 0 0 0
2002061710 0 0 0 0 0 0 0 0 0 0 0 0 0 0 0 0 0 0 0 0 0 0 0 0 0 0 0 0 0 0 0 0 0 0 0 0 0 0 0 0 0 0
2002061711 0 0 0 0 0 0 0 0 0 0 0 0 0 0 0 0 0 0 0 0 0 0 0 0 0 0 0 0 0 0 0 0 0 0 0 0 0 0 0 0 0 0
2002061712 0 0 0 0 0 0 0 0 0 0 0 0 0 0 0 0 0 0 0 0 0 0 0 0 0 0 0 0 0 0 0 0 0 0 0 0 0 0 0 0 0 0
2002061713 0 0 0 0 0 0 0 0 0 0 0 0 0 0 0 0 0 0 0 0 0 0 0 0 0 0 0 0 0 0 0 0 0 0 0 0 0 0 0 0 0 0
2002061714 0 0 0 0 0 0 0 0 0 0 0 0 0 0 0 0 0 0 0 0 0 0 0 0 0 0 0 0 0 0 0 0 0 0 0 0 0 0 0 0 0 0
2002061715 0 0 0 0 0 0 0 0 0 0 0 0 0 0 0 0 0 0 0 0 0 0 0 0 0 0 0 0 0 0 0 0 0 0 0 0 0 0 0 0 0 0
2002061716 0 0 0 0 0 0 0 0 0 0 0 0 0 0 0 0 0 0 0 0 0 0 0 0 0 0 0 0 0 0 0 0 0 0 0 0 0 0 0 0 0 0
2002061717 0 0 0 0 0 0 0 0 0 0 0 0 0 0 0 0 0 0 0 0 0 0 0 0 0 0 0 0 0 0 0 0 0 0 0 0 0 0 0 0 0 0
2002061718 0 0 0 0 0 0 0 0 0 0 0 0 0 0 0 0 0 0 0 0 0 0 0 0 0 0 0 0 0 0 0 0 0 0 0 0 0 0 0 0 0 0
2002061719 0 0 0 0 0 0 0 0 0 0 0 0 0 0 0 0 0 0 0 0 0 0 0 0 0 0 0 0 0 0 0 0 0 0 0 0 0 0 0 0 0 0
2002061720 0 0 0 0 0 0 0 0 0 0 0 0 0 0 0 0 0 0 0 0 0 0 0 0 0 0 0 0 0 0 0 0 0 0 0 0 0 0 0 0 0 0
2002061721 0 0 0 0 0 0 0 0 0 0 0 0 0 0 0 0 0 0 0 0 0 0 0 0 0 0 0 0 0 0 0 0 0 0 0 0 0 0 0 0 0 0
2002061722 0 0 0 0 0 0 0 0 0 0 0 0 0 0 0 0 0 0 0 0 0 0 0 0 0 0 0 0 0 0 0 0 0 0 0 0 0 0 0 0 0 0
2002061723 0 0 0 0 0 0 0 0 0 0 0 0 0 0 0 0 0 0 0 0 0 0 0 0 0 0 0 0 0 0 0 0 0 0 0 0 0 0 0 0 0 0
2002061800 0 0 0 0 0 0 0 0 0 0 0 0 0 0 0 0 0 0 0 0 0 0 0 0 0 0 0 0 0 0 0 0 0 0 0 0 0 0 0 0 0 0
2002061801 0 0 0 0 0 0 0 0 0 0 0 0 0 0 0 0 0 0 0 0 0 0 0 0 0 0 0 0 0 0 0 0 0 0 0 0 0 0 0 0 0 0
2002061802 0 0 0 0 0 0 0 0 0 0 0 0 0 0 0 0 0 0 0 0 0 0 0 0 0.1 0 0 0 0 0 0 0 0 0 0 0 0 0 0 0.1 0 0
2002061803 0 0 0 0 0 0 0 0 0 0 0 0 0 0 0 0 0 0 0 0 0 0 0 0 0 0 0 0 0 0 0 0 0 0 0 0 0 0 0 0 0 0
2002061804 0 0 0 0 0 0 0 0 0 0 0 0 0 0 0 0 0 0 0 0 0 0 0 0 0.1 0 0 0.1 0 0 0 0 0 0 0 0 0 0 0 0 0 0
2002061805 0 0 0 0 0 0 0 0 0 0 0 0 0 0 0 0 0 0 0 0 0 0 0 0 0 0 0 0 0 0 0 0 0 0 0 0 0 0 0 0 0 0
2002061806 0 0 0 0 0 0 0 0 0 0 0 0 0 0 0 0 0 0 0 0 0 0 0 0 0 0 0 0 0 0 0 0 0 0 0 0 0 0 0 0 0 0
2002061807 0 0 0 0 0 0 0 0 0 0 0 0 0 0 0 0 0 0 0 0 0 0 0 0 0 0 0 0 0 0 0 0 0 0 0 0 0 0 0 0 0 0
2002061808 0 0 0 0 0 0 0 0 0 0 0 0 0 0 0 0 0 0 0 0 0 0 0 0 0 0 0 0 0 0 0 0 0 0 0 0 0 0 0 0 0 0
2002061809 0 0 0 0 0 0 0 0 0 0 0 0 0 0 0 0 0 0 0 0 0 0 0 0 0 0 0 0 0 0 0 0 0 0 0 0 0 0 0 0 0 0
2002061810 0 0 0 0 0 0 0 0 0 0 0 0 0 0 0 0 0 0 0 0 0 0 0 0 0 0 0 0 0 0 0 0 0 0 0 0 0 0 0 0 0 0
2002061811 0 0 0 0 0 0 0 0 0 0 0 0 0 0 0 0 0 0 0 0 0 0 0 0 0 0 0 0 0 0 0 0 0 0 0 0 0 0 0 0 0 0
2002061812 0 0 0 0 0 0 0 0 0 0 0 0 0 0 0 0 0 0 0 0 0 0 0 0 0 0 0 0 0 0 0 0 0 0 0 0 0 0 0 0 0 0
2002061813 0 0 0 0 0 0 0 0 0 0 0 0 0 0 0 0 0 0 0 0 0 0 0 0 0 0 0 0 0 0 0 0 0 0 0 0 0 0 0 0 0 0
2002061814 0 0 0 0 0 0 0 0 0 0 0 0 0 0 0 0 0 0 0 0 0 0 0 0 0 0 0 0 0 0 0 0 0 0 0 0 0 0 0 0 0 0
2002061815 0 0 0 1.1 0 0 0 0 0 0 0 0 0 0 0 0 0 3.4 0 0.9 1 0 1.8 0 0 0 0 0 0 0 0 0 0 0 0 0 0 0 0 0 0 0
2002061816 0 0 0 0 0 0 0 0 0 0 0 0 0 0 0 0 0 0 0 0 0 0 0 0 0 0 0 0 0 0 0 0 0 0 0 0 0 0 0 0 0 0
2002061817 0 0 0 0 0 0 0 0 0 0 0 0 0 0 0 0 0 0 0 0 0 0 0 0 0 0 0 0 0 0 0 0 0 0 0 0 0 0 0 0 0 0
2002061818 0 0 0 0 0 0 0 0 0 0 0 0 0 0 0 0 0 0 0 0 0 0 0 0 0 0 0 0 0 0 0 0 0 0 0 0 0 0 0 0 0 0
2002061819 0 0 0 0 0 0 0 0 0 0 0 0 0 0 0 0 0 0 0 0 0 0 0 0 0 0 0 0 0 0 0 0 0 0 0 0 0 0 0 0 0 0
2002061820 0 0 0 0 0 0 0 0 0 0 0 0 0 0 0 0 0 0 0 0 0 0 0 0 0 0 0 0 0 0 0 0 0 0 0 0 0 0 0 0 0 0
2002061821 0 0 0 0 0 0 0 0 0 0 0 0 0 0 0 0 0 0 0 0 0 0 0 0 0 0 0 0 0 0 0 0 0 0 0 0 0 0 0 0 0 0
2002061822 0 0 0 0 0 0 0 0 0 0 0 0 0 0 0 0 0 0 0 0 0 0 0 0 0 0 0 0 0 0 0 0 0 0 0 0 0 0 0 0 0 0
2002061823 0 0 0 0 0 0 0 0 0 0 0 0 0 0 0 0 0 0 0 0 0 0 0 0 0 0 0 0 0 0 0 0 0 0 0 0 0 0 0 0 0 0
2002061900 0 0 0 0 0 0 0 0 0 0 0 0 0 0 0 0 0 0 0 0 0 0 0 0 0 0 0 0 0 0 0 0 0 0 0 0 0 0 0 0 0 0
2002061901 0 0 0 0 0 0 0 0 0 0 0 0 0 0 0 0 0 0 0 0 0 0 0 0 0 0 0 0 0 0 0 0 0 0 0 0 0 0 0 0 0 0
2002061902 0 0 0 0 0 0 0 0 0 0 0 0 0 0 0 0 0 0 0 0 0 0 0 0 0 0 0 0 0 0 0 0 0 0 0 0 0 0 0 0 0 0
2002061903 0 0 0 0.1 0 0 0 0 0 0 0 0 0 0 0 0 0 0 0 0 0 0 0 0 0 0 0 0 0 0 0 0 0 0 0 0 0 0 0 0 0 0
2002061904 0 0 0 0 0 0 0 0 0 0 0 0 0 0 0 0 0 0 0 0 0 0 0 0 0 0 0 0 0 0 0 0 0 0 0 0 0 0 0 0 0 0
2002061905 0 0 0 0 0 0 0 0 0 0 0 0 0 0 0 0 0 0 0 0 0 0 0 0 0 0 0 0 0 0 0 0 0 0 0 0 0 0 0 0 0 0
2002061906 0 0 0 0 0 0 0 0 0 0 0 0 0 0 0 0 0 0 0 0 0 0 0 0 0 0 0 0 0 0 0 0 0 0 0 0 0 0 0 0 0 0
2002061907 0 0 0 0 0 0 0 0 0 0 0 0 0 0 0 0 0 0 0 0 0 0 0 0 0 0 0 0 0 0 0 0 0 0 0 0 0 0 0 0 0 0
2002061908 0 0 0 0 0 0 0 0 0 0.1 0 0 0 0.1 0.3 0 0.2 0 0 0 0 0 0 0 0 0 0 0 0 0 0 0 0 0 0 0 0 0 0 0 0 0
2002061909 0 0.4 0 0.1 0 0 0 0 0 0.3 0.3 0.1 0.1 0.1 0 0.1 0.4 0.2 0 0.1 0.3 0.2 0.1 0.1 0 0.1 0 0 0 0 0 0 0 0.2 0 0.4 0.3 0 0 0 0 0
2002061910 0.6 0.2 0.6 0.2 0 0 0.1 0 0 0.1 0.1 0 0 0.1 0 0 0 0 0 0 0 0 0 0 0 0 0 0 0 0 0 0 0 0.1 0 0 0 0 0 0.2 0 0.2
2002061911 0 0 0 0 0 0 0 0 0 0 0 0 0 0 0 0 0 0 0 0 0 0.1 0.2 0 0 0 0 0 0 0 0 0 0 0.1 0 0 0 0 0 0 0 0
2002061912 0 0 0 0 0 0 0 0 0 0 0 0 0 0 0 0 0 0 0 0 0.1 0 0 0 0 0 0 0 0 0 0 0 0 0 0 0 0.2 0 0 0 0 0
2002061913 0 0 0 0 0 0 0 0 0 0 0 0 0 0 0 0 0 0 0 0 0 0 0 0 0 0 0 0 0 0 0 0 0 0 0 0 0 0 0 0 0 0
2002061914 0 0 0 0 0 0 0 0 0 0 0 0 0 0 0 0 0 0 0 0 0 0 0 0 0 0 0 0 0 0 0 0 0 0 0 0 0 0 0 0 0 0
2002061915 0 0 0 0.1 0 0 0 0 0 0 0 0 0 0 0 0 0 0 0 0 0 0 0 0 0 0 0 0 0 0 0 0 0 0 0 0 0 0 0 0 0 0
2002061916 0 0 0 0 0 0 0 0 0 0 0 0 0 0 0 0 0 0 0.1 0 0 0 0 0 0 0 0 0 0 0 0 0 0 0 0 0 0 0 0 0 0 0
2002061917 0 0 0 0 0 0 0 0 0 0 0 0 0 0 0 0 0 0 0 0 0 0 0 0 0 0 0 0 0 0 0 0 0 0 0 0 0 0 0 0 0 0
2002061918 0 0 0 0 0 0 0 0 0 0 0 0 0 0 0 0 0 0 0 0 0 0 0 0 0 0 0 0 0 0 0 0 0 0 0 0 0 0 0 0 0 0
2002061919 0 0 0 0 0 0 0 0 0 0 0 0 0 0 0 0 0 0 0 0 0 0 0 0 0 0 0 0 0 0 0 0 0 0 0 0 0 0 0 0 0 0
2002061920 0 0 0 0 0 0 0 0 0 0 0 0 0 0 0 0 0 0.1 0.3 0 0 0 0 0.1 0.2 0.1 0 0 0 0 0 0.1 0 0 0 0 0 0 0.5 0 0 0
2002061921 0 0 0 0 0 0 0 0 0 0 0 0 0 0 0 0 0 0 0.2 0 0.1 0 0 0 0.1 0 0.1 0.8 2.9 0.1 3.1 0.1 0.2 0 0 0 0.1 17.4 0 6.6 0 0
2002061922 0.1 0 0 0 0.6 0.5 0.7 1.3 1.4 0 0 0 0 0 0 0 0 0 0 0 0 0 0 0 0 0 0 0 2.9 0 0.1 0 0.2 0 0 0 0 1 0 0 5.9 2
2002061923 0 0 0 0 0.1 0.1 0 0 0.1 0 0 0 0 0 0 0 0 0 0 3.3 0 0 0 0 0 0 0.1 0 0 0.1 0 0.1 0 0 0 0 0 0 0 0 0 0.2
2002062000 0 0 0 0 0 0 0.1 0 0 0 0 2.4 0 0 1.1 0.4 0.6 0 0 3.2 0.3 0 0 0 0 0 0 0 0 0 0 0 0 0.1 0 1.4 0.2 0 0 0 0 0
2002062001 0 4 0 1 0.1 0 0 0 0 2.1 3 0.6 5.2 1.2 0.1 0.3 8.6 0 0 0.2 0 0 0.1 0.9 0 1 0 0 0 0 0 0 0 0.1 0 0 0 0 0 0 0 0
2002062002 0 11.8 0 0.6 0 0 0 0 0 11.6 2.8 4.3 9.7 0.7 12.4 2.3 6.6 1.2 0.3 4.3 1 0.1 2.7 1.6 1.2 1.1 0.3 0.2 0 0 0 0.2 0 0 0 0.1 0.3 0 0 0.2 0 0
2002062003 0 6.2 0 5.2 0 0 0 0 0 2.5 2.1 2 2.5 0.4 1.6 1.4 1.1 0.5 0.3 0.8 0.7 0.5 0.4 0.3 0.1 0.2 0.3 0.2 0.2 0.5 0.4 0.3 0.2 0.3 0.2 0.7 0.5 0.2 0 0.1 0 0.1
2002062004 0 0.3 0.1 0.3 0 0 0 0 0 0 0.2 0 0 0.3 0 0 0.2 0 0 0 0 0 0.1 0.1 0 0.1 0 0 0.1 0.1 0 0.1 0 0 0 0 0 0 0 0 0 0
2002062005 0 0 0 0 0 0 0 0 0 0 0 0 0.1 0.3 0.1 0 0.3 0 0 0 0 0 0 0 0 0 0 0 0 0 0 0 0 0 0 0 0 0 0 0 0 0
2002062006 0 0 0 0 0.1 0 0 0 0 0 0 0 0 12 0 0 0 0 0 0 0 0 0 0 0 0 0 0 0 0 0 0 0 0 0 0 0 0 0 0 0 0.1
2002062007 0 0 0 0 0 0 0 0 0 0 0 0 0.3 0 0 0 0 0 0 0 0 0 0 0 0 0 0 0 0 0 0 0 0 0 0 0 0 0 0 0 0 0
2002062008 0 0 0 0 0 0 0 0 0 0 0 0 0 0 0 0 0 0 0 0 0 0 0 0 0 0 0 0 0 0 0 0 0 0 0 0 0 0 0 0 0 0
2002062009 0 0 0 0 0 0 0 0.1 0 0 0 0 0 1.5 0 0 5.2 0 0 0 0 0 0 0 0 0 0 0 0 0 0 0 0 0 0 0 0 0 0 0 0 0
2002062010 0 1.8 0 0 0.2 0 0 0 0 3.3 0 0.3 5.5 4.7 0.9 0.6 1.1 0.9 0.1 0.8 0.8 0 0.7 0.9 0.2 1 0.4 0 0 0 0 0 0 0.1 0.1 0.1 0.4 0 0 0 0 0
2002062011 0.1 1.2 0.1 0.1 0.7 0.5 1.1 0 0 0.3 0.4 0.2 0.1 0.1 0.1 0.2 0 0.3 0 0.4 0.2 0.1 0.2 0.3 0.2 0.3 0.1 0 0 0 0 0 0 0.2 0 0.3 0.1 0 0 0 0 0
2002062012 0 0 0.1 0.1 0 0 0 0.1 0.3 0 0.1 0.1 0.1 0 0 0.2 0 0 0.1 0 0.1 0.1 0 0 0 0 0 0 0 0 0 0 0.1 0 0 0.1 0.2 0.1 0 0 0 0
2002062013 0.1 0 0 0 0 0 0 0 0 0 0 0 0 0 0 0 0 0 0 0 0 0 0 0 0 0 0 0 0 0 0 0 0 0 0 0 0.1 0 0 0 0 0
2002062014 0.2 0 0 0 0 0 0 0 0 0 0 0 0 0 0 0 0 0 0 0 0 0.1 0 0 0 0 0 0 0 0 0 0 0 0 0.2 0 0.1 0 0 0 0 0
2002062015 0 0 0 0 0 0 0 0 0 0 0 0 0 0 0 0 0 0 0 0 0 0 0 0 0 0 0 0 0 0 0 0 0 0 0.1 0 0 0 0 0 0 0
2002062016 0 0 0 0 0 0 0 0 0.1 0 0 0 0 0 0 0 0 0 0 0 0 0 0 0 0 0 0 0 0 0 0 0 0 0 0 0 0 0 0 0 0 0
2002062017 0 0 0.1 0 0 0 0 0 0 0 0 0 0 0 0 0.1 0 0 0 0 0 0 0 0 0 0 0 0 0 0 0 0 0 0 0 0 0 0 0 0 0.1 0
2002062018 0 0 0 0 0 0 0 0 0 0 0 0 0 0 0 0 0 0 0 0 0 0 0 0 0 0 0 0 0 0 0 0 0 0 0 0 0 0 0 0 0 0
2002062019 0 0 0 0 0 0 0 0 0 0 0 0 0 0 0 0 0 0 0 0 0 0 0 0 0 0 0 0 0 0 0 0 0 0 0 0 0 0 0 0 0 0
2002062020 0 0 0 0 0 0 0 0 0 0 0 0 0 0 0 0 0 0 0 0 0 0 0 0 0 0 0 0 0 0 0 0 0 0 0 0 0 0 0 0 0 0
2002062021 0 0 0 0 0 0 0 0 0 0 0 0 0 0 0 0 0 0 0 0 0 0 0 0 0 0 0 0 0 0 0 0 0 0 0 0 0 0 0 0 0 0
2002062022 0 0 0 0 0 0 0 0 0 0 0 0 0 0 0 0 0 0 0 0 0 0 0 0 0 0 0 0 0 0 0 0 0 0 0 0 0 0 0 0 0 0
2002062023 0 0 0 0 0 0 0 0 0 0 0 0 0 0 0 0 0 0 0 0 0 0 0 0 0 0 0 0 0 0 0 0 0 0 0 0 0 0 0 0.1 0 0
2002062100 0 0 0 0 0 0 0 0 0 0 0 0 0 0 0 0 0 0 0 0 0 0 0 0 0 0 0 0 0 0 0 0 0 0 0 0 0 0 0 0 0 0
2002062101 0 0 0 0 0 0 0 0 0 0 0 0 0 0 0 0 0 0 0 0 0 0 0 0 0 0 0 0 0 0 0 0.1 0.1 0 0 0 0.1 0 0.1 0 0 0
2002062102 0 0 0 0 0 0 0 0 0 0 0 0 0 0 0 0 0 0 0 0 0 0 0 0 0 0 0 0 0 0 0 0 0 0 0 0 0 0 0 0 0 0
2002062103 0 0 0 0 0 0 0 0 0 0 0 0 0 0 0 0 0 0 0 0 0 0 0 0 0 0 0 0 0 0 0 0 0 0 0 0 0 0 0 0 0 0
2002062104 0 0 0 0 0 0 0 0 0 0 0 0 0 0 0 0 0 0 0 0 0 0 0 0 0 0 0 0 0 0 0.1 0.1 0 0 0 0 0 0 0 0 0 0
2002062105 0 0 0 0 0 0 0 0 0 0 0 0 0 0 0 0 0 0 0 0 0 0 0 0 0 0 0 0 0 0 0 0 0 0 0 0 0 0.1 0 0 0 0
2002062106 0 0 0 0 0 0 0 0 0 0 0 0 0 0 0 0 0 0 0 0 0 0.1 0 0 0 0 0 0 0 0 0 0 0 0 0 0 0 0 0 0 0 0
2002062107 0 0 0 0 0 0 0 0 0 0 0 0 0 0 0 0 0 0 0 0 0 0 0 0 0 0 0 0 0 0 0 0 0 0 0 0 0 0 0 0 0 0
2002062108 0 0 0 0 0 0 0 0 0 0 0 0 0 0 0 0 0 0 0 0 0 0 0 0 0 0 0 0 0 0 0 0 0 0 0 0 0 0 0 0 0 0
2002062109 0 0 0 0 0 0 0 0 0 0 0 0 0 0 0 0 0 0 0 0 0 0 0 0 0 0 0 0 0 0 0 0 0 0 0 0 0 0.1 0 0 0 0
2002062110 0 0 0 0 0 0 0 0 0 0 0 0 0 0 0 0 0 0 0 0 0 0 0 0 0 0 0 0 0.1 0 0 0 0 0 0 0 0 0 0 0 0 0
2002062111 0 0 0 0 0 0 0 0 0 0 0 0 0 0 0 0 0 0 0 0 0 0 0 0 0 0 0 0 0 0 0 0 0 0 0 0 0 0 0 0 0 0
2002062112 0 0 0 0 0 0 0 0 0 0 0 0 0 0 0 0 0 0 0 0 0 0 0 0 0 0 0 0 0 0 0 0 0 0 0 0 0 0 0 0 0 0
2002062113 0 0 0 0 0 0 0 0 0 0 0 0 0 0 0 0 0 0 0 0 0 0 0 0 0 0 0 0 0 0 0 0 0 0 0 0 0 0 0 0 0 0
2002062114 0 0 0 0 0 0 0 0 0 0 0 0 0 0 0 0 0 0 0 0 0 0 0 0 0 0 0 0 0 0 0 0 0 0 0 0 0 0 0 0 0 0
2002062115 0 0 0 0 0 0 0 0 0 0 0 0 0 0 0 0 0 0 0 0 0 0 0 0 0 0 0 0 0 0 0 0 0 0 0 0 0 0 0 0 0 0
2002062116 0 0 0 0 0 0 0 0 0 0 0 0 0 0 0 0 0 0 0 0.1 0 0 0 0 0 0 0 0 0 0 0 0 0 0 0 0 0 0 0 0 0 0
2002062117 0 0 0 0 0 0 0 0 0 0 0 0 0 0 0 0 0 0 0 0 0 0 0 0 0 0 0 0 0 0 0 0 0 0 0 0 0 0 0 0 0 0
2002062118 0 0 0 0 0 0 0 0 0 0 0 0 0 0 0 0 0 0 0 0 0 0 0 0 0 0 0 0 0 0 0 0 0 0 0 0 0 0 0 0 0 0
2002062119 0 0 0 0 0 0 0 0 0 0 0 0 0 0 0 0 0 0 0 0 0 0 0 0 0 0 0 0 0 0 0 0 0 0 0 0 0 0 0 0 0 0
2002062120 0 0 0 0 0 0 0 0 0 0 0 0 0 0 0 0 0 0 0 0 0 0 0 0 0 0 0 0 0 0 0 0 0 0 0 0 0 0 0 0 0 0
2002062121 0 0 0 0 0 0 0 0 0 0 0 0 0 0 0 0 0 0 0 0 0 0 0 0 0 0 0 0 0 0 0 0 0 0 0 0 0 0 0 0 0 0
2002062122 0 0 0 0 0 0 0 0 0 0 0 0 0 0 0 0 0 0 0 0 0 0 0 0 0 0 0 0 0 0 0 0 0 0 0 0 0 0 0 0 0 0
2002062123 0 0 0 0 0 0 0 0 0 0 0 0 0 0 0 0 0 0 0 0 0 0 0 0 0 0 0 0 0 0 0 0 0 0 0 0 0 0 0 0.1 0 0
2002062200 0 0 0 0 0 0 0 0 0 0 0 0 0 0.1 0 0 0 0 0 0 0 0 0 0 0 0 0 0 0 0 0 0 0 0.1 0 0 0 0 0 0 0 0
2002062201 0 0 0 0 0 0 0 0 0 0 0 0 0 0 0.1 0 0 0 0 0 0 0 0 0 0 0 0 0 0 0 0 0 0 0 0 0 0 0 0 0 0 0
2002062202 0 0 0 0 0 0 0 0 0 0 0 0 0 0 0 0 0 0 0 0 0 0 0 0 0 0 0 0 0 0 0 0 0 0 0 0 0 0 0 0 0 0
2002062203 0 0 0 0 0 0 0 0 0 0 0 0 0 0 0 0 0 0 0 0 0 0 0 0 0 0 0 0 0 0 0 0 0 0 0 0 0 0 0 0 0 0
2002062204 0 0 0 0 0 0 0 0 0 0 0 0 0 0 0 0 0 0 0 0 0 0 0 0 0 0 0 0 0 0 0 0 0 0 0 0 0 0 0 0 0 0
2002062205 0 0 0 0 0 0 0 0 0 0 0 0 0 0 0 0 0 0 0 0 0 0 0 0 0 0 0 0 0 0 0 0 0 0 0 0 0 0 0 0 0 0
2002062206 0 0 0 0 0 0 0 0 0 0 0 0 0 0 0 0 0 0 0 0 0 0 0 0 0 0 0 0 0 0 0 0 0 0 0 0 0 0 0 0 0 0
2002062207 0 0 0 0 0 0 0 0 0 0 0 0 0 0 0 0 0 0 0 0 0 0 0 0 0 0 0 0 0 0 0 0 0 0 0 0 0 0 0 0 0 0
2002062208 0 0 0 0 0 0 0 0 0 0 0 0 0 0 0 0 0 0 0 0 0 0 0 0 0 0 0 0 0 0 0 0 0 0 0 0 0 0 0 0 0 0
2002062209 0 0 0 0 0 0 0 0 0 0 0 0 0 0 0 0 0 0 0 0 0 0 0 0 0 0 0 0 0 0 0 0 0 0 0 0 0 0 0 0 0 0
2002062210 0 0 0 0 0 0 0 0 0 0 0 0 0 0 0 0 0 0 0 0 0 0 0 0 0 0 0 0 0 0 0 0 0 0 0 0 0 0 0 0 0 0
2002062211 0 0 0 0 0 0 0 0 0 0 0 0 0 0 0 0 0 0 0 0 0 0 0 0 0 0 0 0 0 0 0 0 0 0 0 0 0 0 0 0 0 0
2002062212 0 0 0 0 0 0 0 0 0 0 0 0 0 0 0 0 0 0 0 0 0 0 0 0 0 0 0 0 0 0 0 0 0 0 0 0 0 0 0 0 0 0
2002062213 0 0 0 0 0 0 0 0 0 0 0 0 0 0 0 0 0 0 0 0 0 0 0 0 0 0 0 0 0 0 0 0 0 0 0 0 0 0 0 0 0 0
2002062214 0 0 0 0 0 0 0 0 0 0 0 0 0 0 0 0 0 0 0 0 0 0 0 0 0 0 0 0 0 0 0 0 0 0 0 0 0 0 0 0 0 0
2002062215 0 0 0 0 0 0 0 0 0 0 0 0 0 0 0 0 0 0 0 0 0 0 0 0 0 0 0 0 0 0 0 0 0 0 0 0 0 0 0 0 0 0
2002062216 0 0 0 0 0 0 0 0 0 0 0 0 0 0 0 0 0 0 0 0 0 0 0 0 0 0 0 0 0 0 0 0 0 0 0 0 0 0 0 0 0 0
2002062217 0 0 0 0 0 0 0 0 0 0 0 0 0 0 0 0 0 0 0 0 0 0 0 0 0 0 0 0 0 0 0 0 0 0 0 0 0 0 0 0 0 0
2002062218 0 0 0 0 0 0 0 0 0 0 0 0 0 0 0 0 0 0 0 0 0 0 0 0 0 0 0 0 0 0 0 0 0 0 0 0 0 0 0 0 0 0
2002062219 0 0 0 0 0 0 0 0 0 0 0 0 0 0 0 0 0 0 0 0 0 0 0 0 0 0 0 0 0 0 0 0 0 0 0 0 0 0 0 0 0 0
2002062220 0 0 0 0 0 0 0 0 0 0 0 0 0 0 0 0 0 0 0 0 0 0 0 0 0 0 0 0 0 0 0 0 0 0 0 0 0 0 0 0 0 0
2002062221 0 0 0 0 0 0 0 0 0 0 0 0 0 0 0 0 0 0 0 0 0 0 0 0 0 0 0 0 0 0 0 0 0 0 0 0 0 0 0 0 0 0
2002062222 0 0 0 0 0 0 0 0 0 0 0 0 0 0 0 0 0 0 0 0 0 0 0 0 0 0 0 0 0 0 0 0 0 0 0 0 0 0 0 0 0 0
2002062223 0 0 0 0 0 0 0 0 0 0 0 0 0 0 0 0 0 0 0 0 0 0 0 0 0 0 0 0 0 0 0 0 0 0 0 0 0 0 0 0 0 0
2002062300 0 0 0 0 0 0 0 0 0 0 0 0 0 0 0 0 0 0 0 0 0 0 0 0 0 0 0 0 0 0 0 0 0 0 0 0 0 0 0 0 0 0
2002062301 0 0.1 0 0.1 0 0 0 0 0 0 0 0 0.1 0 0 0 0 0 0 0 0 0 0 0 0 0 0 0 0 0 0 0 0.1 0 0 0 0 0 0 0 0 0
2002062302 0.7 0.1 0.5 0.4 0.2 0.1 0.3 0 0 0.1 0.3 0.2 0.1 0.1 0 0.5 0.1 0 0 0 0 0 0 0 0 0 0 0 0 0 0 0 0 0.2 0.1 0.2 0.2 0 0 0 0 0
2002062303 0.2 0 0.7 0 0.8 0.6 1.1 0.2 0.2 0 0 0.1 0 0 0 0.1 0 0 0 0 0 0 0 0 0 0 0 0 0 0 0 0 0.3 0 0.6 0.1 0.3 0 0 0.1 0 0
2002062304 0.1 0 0.2 0 0.3 0.2 0.3 0.1 0.1 0 0 0 0 0 0 0 0 0 0 0 0 0 0 0 0 0 0 0 0 0 0 0 0 0 0 0 0 0 0 0 0 0.1
2002062305 0 0 0 0 0 0 0 0 0.1 0 0 0 0 0 0 0 0 0 0 0 0 0 0 0 0 0 0 0 0 0 0 0 0 0 0 0 0 0 0 0 0 0
2002062306 0 0 0 0 0 0 0 0 0 0 0 0 0 0 0 0 0 0 0 0 0 0 0 0 0 0 0 0 0 0 0 0 0 0 0 0 0 0 0 0 0 0
2002062307 0 0 0 0 0 0 0 0 0 0 0 0 0 0 0 0 0 0 0 0 0 0 0 0 0 0 0 0 0 0 0 0 0 0 0 0 0 0 0 0 0 0
2002062308 0 0 0 0 0 0 0 0 0 0 0 0 0 0 0 0 0 0 0 0 0 0 0 0 0 0 0 0 0 0 0 0 0 0 0 0 0 0 0 0 0 0
2002062309 0 0 0 0 0 0 0 0 0 0 0 0 0 0 0 0 0 0 0 0 0 0 0 0 0 0 0 0 0 0 0 0 0 0 0 0 0 0 0 0 0 0
2002062310 0 0 0 0 0 0 0 0 0 0 0 0 0 0 0 0 0 0 0 0 0 0 0 0 0 0 0 0 0 0 0 0 0 0 0 0 0 0 0 0 0 0
2002062311 0 0 0 0 0 0 0 0 0 0 0 0 0 0 0 0 0 0 0 0 0 0 0 0 0 0 0 0 0 0 0 0 0 0 0 0 0 0 0 0 0 0
2002062312 0 0 0 0 0 0 0 0 0 0 0 0 0 0 0 0 0 0 0 0 0 0 0 0 0 0 0 0 0 0 0 0 0 0 0 0 0 0 0 0 0 0
2002062313 0 0 0 0 0 0 0 0 0 0 0 0 0 0 0 0 0 0 0 0 0 0 0 0 0 0 0 0 0 0 0 0 0 0 0 0 0 0 0 0 0 0
2002062314 0 0 0 0 0 0 0 0 0 0 0 0 0 0 0 0 0 0.4 0 0 0 0 0 0 0 0 0 0 0 0 0 0 0 0 0 0 0 0 0 0 0 0
2002062315 0 0 0 0 0 0 0 0 0 0 0 0 0 0 0 0 0 0 0 0 0 0 0 0 0 0 0 0 0 0 0 0 0 0 0 0 0 0 0 0 0 0
2002062316 0 0 0 0 0 0 0 0 0 0 0 0 0 0 0 0 0 0 0 0 0 0 0 0 0 0 0 0 0 0 0 0 0 0 0 0 0 0 0 0 0 0
2002062317 0 0 0 0 0 0 0 0 0 0 0 0 0 0 0 0 0 0 0 0 0 0 0 0 0 0 0 0 0 0 0 0 0 0 0 0 0 0 0 0 0 0
2002062318 0 0 0 0 0 0 0 0 0 0 0 0 0 0 0 0 0 0 0 0 0 0 0 0 0 0 0 0 0 0 0 0 0 0 0 0 0 0 0 0 0 0
2002062319 0 0 0 0 0 0 0 0 0 0 0 0 0 0 0 0 0 0 0 0 0 0 0 0 0 0 0 0 0 0 0 0 0 0 0 0 0 0 0 0 0 0
2002062320 0 0 0 0 0 0 0 0 0 0 0 0 0 0 0 0 0 0 0 0 0 0 0 0 0 0 0 0 0 0 0 0 0 0 0 0 0 0 0 0 0 0
2002062321 0 0 0 0 0 0 0 0 0 0 0 0 0 0 0 0 0 0 0 0 0 0 0 0 0 0 0 0 0 0 0 0 0 0 0 0 0 0 0 0 0 0
2002062322 0 0 0 0 0 0 0 0 0 0 0 0 0 0 0 0 0 0 0 0 0 0 0 0 0 0 0 0 0 0 0 0 0 0 0 0 0 0 0 0 0 0
2002062323 0 0 0 0 0 0 0 0 0 0 0 0 0 0 0 0 0 0 0 0 0 0 0 0 0 0 0 0 0 0 0 0 0 0 0 0 0 0 0 0 0 0
2002062400 0 0 0 0 0 0 0 0 0 0 0 0 0 0 0 0 0 0 0 0 0 0 0 0 0 0 0 0 0 0 0 0 0 0 0 0 0 0 0 0 0 0
2002062401 0 0 0 0 0 0 0.1 0 0 0 0 0 0 0 0 0 0 0 0 0 0 0 0 0 0 0 0 0 0 0 0 0 0 0 0 0 0 0 0 0 0 0
2002062402 0 0 0 0 0 0 0 0 0 0 0 0 0 0 0 0 0 0 0 0 0 0 0 0 0 0 0 0 0 0 0 0 0 0 0 0 0 0 0 0 0 0
2002062403 0 0 0 0 0 0 0 0 0 0 0 0 0 0 0 0 0 0 0 0 0 0 0 0 0 0 0 0 0 0 0 0 0 0 0 0 0 0 0 0 0 0
2002062404 0 0 0 0 0 0 0 0 0 0 0 0 0 0 0 0 0 0 0 0 0 0 0 0 0 0 0 0 0 0 0 0 0 0 0 0 0 0 0 0 0 0
2002062405 0 0 0 0 0 0 0 0 0 0 0 0 0 0 0 0 0 0 0 0 0 0 0 0 0 0 0 0 0 0 0 0 0 0 0 0 0 0 0 0 0 0
2002062406 0 0 0 0 0 0 0 0 0 0 0 0 0 0 0 0 0 0 0 0 0 0 0 0 0 0 0 0 0 0 0 0 0 0 0 0 0 0 0 0 0 0
2002062407 0 0 0 0 0 0 0 0 0 0 0 0 0 0 0 0 0 0 0 0 0 0 0 0 0 0 0 0 0 0 0 0 0 0 0 0 0 0 0 0 0 0
2002062408 0 0 0 0 0 0 0 0 0 0 0 0 0 0 0 0 0 0 0 0 0 0 0 0 0 0 0 0 0 0 0 0 0 0 0 0 0 0 0 0 0 0
2002062409 0 0 0 0 0 0 0 0 0 0 0 0 0 0 0 0 0 0 0 0 0 0 0 0 0 0 0 0 0 0 0 0 0 0 0 0 0 0 0 0 0 0
2002062410 0 0 0 0 0 0 0 0 0 0 0 0 0 0 0 0 0 0 0 0 0 0 0 0 0 0 0 0 0 0 0 0 0 0 0 0 0 0 0 0 0 0
2002062411 0 0 0 0 0 0 0 0 0 0 0 0 0 0 0 0 0 0 0 0 0 0 0 0 0 0 0 0 0 0 0 0 0 0 0 0 0 0 0 0 0 0
2002062412 0 0 0 0 0 0 0 0 0 0 0 0 0 0 0 0 0 0 0 0 0 0 0 0 0 0 0 0 0 0 0 0 0 0 0 0 0 0 0 0 0 0
2002062413 0 0 0 0 0 0 0 0 0 0 0 0 0 0 0 0 0 0 0 0 0 0 0 0 0 0 0 0 0 0 0 0 0 0 0 0 0 0 0 0 0 0
2002062414 0 0 0 0 0 0 0 0 0 0 0 0 0 0 0 0 0 0 0 0 0 0 0 0 0 0 0 0 0 0 0 0 0 0 0 0 0 0 0 0 0 0
2002062415 0 0 0 0 0 0 0 0 0 0 0 0 0 0 0 0 0 0 0 0 0 0 0 0 0 0 0 0 0 0 0 0 0 0 0 0 0 0 0 0 0 0
2002062416 0 0 0 0 0 0 0 0 0 0 0 0 0 0 0 0 0 0 0 0 0 0 0 0 0 0 0 0 0 0 0 0 0 0 0 0 0 0 0 0 0 0
2002062417 0 0 0 0 0 0 0 0 0 0 0 0 0 0 0 0 0 0 0 0 0 0 0 0 0 0 0 0 0 0 0 0 0 0 0 0 0 0 0 0 0 0
2002062418 0 0 0 0 0 0 0 0 0 0 0 0 0 0 0 0 0 0 0 0 0 0 0 0 0 0 0 0 0 0 0 0 0 0 0 0 0 0 0 0 0 0
2002062419 0 0 0 0 0 0 0 0 0 0 0 0 0 0 0 0 0 0 0 0 0 0 0 0 0 0 0 0 0 0 0 0 0 0 0 0 0 0 0 0 0 0
2002062420 0 0 0 0 0 0 0 0 0 0 0 0 0 0 0 0 0 0 0 0 0 0 0 0 0 0 0 0 0 0 0 0 0 0 0 0 0 0 0 0 0 0
2002062421 0 0 0 0 0 0 0 0 0 0 0 0 0 0 0 0 0 0 0 0 0 0 0 0 0 0 0 0 0 0 0 0 0 0 0 0 0 0 0 0 0 0
2002062422 0 0 0 0 0 0 0 0 0 0 0 0 0 0 0 0 0 0 0 0 0 0 0 0 0 0 0 0 0 0 0 0 0 0 0 0 0 0 0 0 0 0
2002062423 0 0 0 0 0 0 0 0 0 0 0 0 0 0 0 0 0 0 0 0 0 0 0 0 0 0 0 0 0 0 0 0 0 0 0 0 0 0 0 0 0 0
2002062500 0 0 0 0 0 0 0 0 0 0 0 0 0 0 0 0 0 0 0 0 0 0 0 0 0 0 0 0 0 0 0 0 0 0 0 0 0 0 0 0 0 0
2002062501 0 0 0 0 0 0 0.1 0 0 0 0 0 0 0 0 0 0 0 0 0 0 0 0 0 0 0 0 0 0 0 0 0 0 0 0 0 0 0 0 0 0 0
2002062502 0 0 0 0 0 0 0 0 0 0 0 0 0 0 0 0 0 0 0 0 0 0 0 0 0 0 0 0 0 0 0 0 0 0 0 0 0 0 0 0 0 0
2002062503 0.1 0 0 0 0 0 0 0 0 0 0 0 0 0 0 0 0 0 0 0 0 0 0 0 0 0 0 0 0 0 0 0 0 0 0 0 0 0 0 0 0 0
2002062504 0 0 0 0 0 0 0 0 0 0 0 0 0 0 0.1 0 0 0 0 0 0 0 0 0 0 0 0 0 0 0 0 0 0 0 0 0 0 0 0 0 0 0
2002062505 0 0 0 0 0 0 0 0 0 0 0 0 0 0 0 0 0 0 0 0 0 0 0 0 0 0 0 0 0 0 0 0 0 0 0 0 0 0 0 0 0 0
2002062506 0 0 0 0 0 0 0 0 0 0 0 0 0 0 0 0 0 0 0 0 0 0 0 0 0 0 0 0 0 0 0 0 0 0 0 0 0 0 0 0 0 0
2002062507 0 0 0 0 0 0 0 0 0 0 0 0 0 0 0 0 0 0 0 0 0 0 0 0 0 0 0 0 0 0 0 0 0 0 0 0 0 0 0 0 0 0
2002062508 0 0 0 0 0 0 0 0 0 0 0 0 0 0 0 0 0 0 0 0 0 0 0 0 0 0 0 0 0 0 0 0 0 0 0 0 0 0 0 0 0 0
2002062509 0 0 0 0 0 0 0 0 0 0 0 0 0 0 0 0 0 0 0 0 0 0 0 0 0 0 0 0 0 0 0 0 0 0 0 0 0 0 0 0 0 0
2002062510 0 0 0 0 0 0 0 0 0 0 0 0 0 0 0 0 0 0 0 0 0 0 0 0 0 0 0 0 0 0 0 0 0 0 0 0 0 0 0 0 0 0
2002062511 0 0 0 0 0 0 0 0 0 0 0 0 0 0 0 0 0 0 0 0 0 0 0 0 0 0 0 0 0 0 0 0 0 0 0 0 0 0 0 0 0 0
2002062512 0 0 0 0 0 0 0 0 0 0 0 0 0 0 0 0 0 0 0 0 0 0 0 0 0 0 0 0 0 0 0 0 0 0 0 0 0 0 0 0 0 0
2002062513 0 0 0 0 0 0 0 0 0 0 0 0 0 0 0 0 0 0 0 0 0 0 0 0 0 0 0 0 0 0 0 0 0 0 0 0 0 0 0 0 0 0
2002062514 0 0 0 0 0 0 0.1 0 0 0 0 0 0 0 0 0 0 0 0 0 0 0 0 0 0 0 0 0 0 0 0 0 0 0 0 0 0 0 0 0 0 0
2002062515 0 0 0 0 0 0 0 0 0 0 0 0 0 0 0 0 0 0 0 0 0 0 0 0 0 0 0 0 0 0 0 0 0 0 0 0 0 0 0 0 0 0
2002062516 0 0 0 0 0 0 0 0 0 0 0 0 0 0 0 0 0 0 0 0 0 0 0 0 0 0 0 0 0 0 0 0 0 0 0 0 0 0 0 0 0 0
2002062517 0 0 0 0 0 0 0 0 0 0 0 0 0 0 0 0 0 0 0 0 0 0 0 0 0 0 0 0 0 0 0 0 0 0 0 0 0 0 0 0 0 0
2002062518 0 0 0 0 0 0 0 0 0 0 0 0 0 0 0 0 0 0 0 0 0 0 0 0 0 0 0 0 0 0 0 0 0 0 0 0 0 0 0 0 0 0
2002062519 0 0 0 0 0 0 0 0 0 0 0 0 0 0 0 0 0 0 0 0 0 0 0 0 0 0 0 0 0 0 0 0 0 0 0 0 0 0 0 0 0 0
2002062520 0 0 0 0 0 0 0 0 0 0 0 0 0 0 0 0 0 0 0 0 0 0 0 0 0 0 0 0 0 0 0 0 0 0 0 0 0 0 0 0 0 0
2002062521 0 0 0 0 0 0 0 0 0 0 0 0 0 0 0 0 0 0 0 0 0 0 0 0 0 0 0 0 0 0 0 0 0 0 0 0 0 0 0 0 0 0
2002062522 0 0 0 0 0 0 0 0 0 0 0 0 0 0 0 0 0 0 0 0 0 0 0 0 0 0 0 0 0 0 0 0 0 0 0 0 0 0 0 0 0 0
2002062523 0 0 0 0 0 0 0 0 0 0 0 0 0 0 0 0 0 0 0 0 0 0 0 0 0 0 0 0 0 0 0 0 0 0 0 0 0 0 0 0 0 0
2002062600 0 0 0 0 0 0 0 0 0 0 0 0 0 0 0 0 0 0 0 0 0 0 0 0 0 0 0 0 0 0 0 0 0 0 0 0 0 0 0 0 0 0
2002062601 0 0 0 0 0 0 0 0 0 0 0 0 0 0 0 0 0 0 0 0 0 0 0 0 0 0 0 0 0 0 0 0 0 0 0 0 0 0 0 0 0 0
2002062602 0 0 0 0 0 0 0 0 0 0 0 0 0 0 0 0 0 0 0 0 0 0 0 0.1 0 0 0 0 0 0 0 0 0 0 0 0 0 0 0 0 0 0
2002062603 0 0 0 0 0 0 0 0 0 0 0 0 0 0 0 0 0 0 0 0 0 0 0 0 0 0 0 0 0 0 0 0 0 0 0 0 0 0 0 0 0 0
2002062604 0 0 0 0 0 0 0.1 0 0 0 0 0 0 0 0 0 0 0 0 0 0 0 0 0 0 0 0 0 0 0 0 0 0 0 0 0 0 0 0 0 0 0
2002062605 0 0 0 0 0 0 0 0 0 0 0 0 0 0 0 0 0 0 0 0 0 0 0 0 0 0 0 0 0 0 0 0 0 0 0 0 0 0 0 0 0 0
2002062606 0 0 0 0 0 0 0 0 0 0 0 0 0 0 0 0 0 0 0 0 0 0 0 0 0 0 0 0 0 0 0 0 0 0 0 0 0 0 0 0 0 0
2002062607 0 0 0 0 0 0 0 0 0 0 0 0 0 0 0 0 0 0 0 0 0 0 0 0 0 0 0 0 0 0 0 0 0 0 0 0 0 0 0 0 0 0
2002062608 0 0 0 0 0 0 0 0 0 0 0 0 0 0 0 0 0 0 0 0 0 0 0 0 0 0 0 0 0 0 0 0 0 0 0 0 0 0 0 0 0 0
2002062609 0 0 0 0 0 0 0 0 0 0 0 0 0 0 0 0 0 0 0 0 0 0 0 0 0 0 0 0 0 0 0 0 0 0 0 0 0 0 0 0 0 0
2002062610 0 0 0 0 0 0 0 0 0 0 0 0 0 0 0 0 0 0 0 0 0 0 0 0 0 0 0 0 0 0 0 0 0 0 0 0 0 0 0 0 0 0
2002062611 0 0 0 0 0 0 0 0 0 0 0 0 0 0 0 0 0 0 0 0 0 0 0 0 0 0 0 0 0 0 0 0 0 0 0 0 0 0 0 0 0 0
2002062612 0 0 0 0 0 0 0 0 0 0 0 0 0 0 0 0 0 0 0 0 0 0 0 0 0 0 0 0 0 0 0 0 0 0 0 0 0 0 0 0 0 0
2002062613 0 0 0 0 0 0 0 0 0 0 0 0 0 0 0 0 0 0 0 0 0 0 0 0 0 0 0 0 0 0 0 0 0 0 0 0 0 0 0 0 0 0
2002062614 0 0 0 0 0 0 0 0 0 0 0 0 0 0 0 0 0 0 0 0 0 0 0 0 0 0 0 0 0 0 0 0 0 0 0 0 0 0 0 0 0 0
2002062615 0 0 0 0 0 0 0 0 0 0 0 0 0 0 0 0 0 0 0 0 0 0 0 0 0 0 0 0 0 0 0 0 0 0 0 0 0 0 0 0 0 0
2002062616 0 0 0 0 0 0 0 0 0 0 0 0 0 0 0 0 0 0 0 0 0 0 0 0 0 0 0 0 0 0 0 0 0 0 0 0 0 0 0 0 0 0
2002062617 0 0 0 0 0 0 0 0 0 0 0 0 0 0 0 0 0 0 0 0 0 0 0 0 0 0 0 0 0 0 0 0 0 0 0 0 0 0 0 0 0 0
2002062618 0 0 0 0 0 0 0 0 0 0 0 0 0 0 0 0 0 0 0 0 0 0 0 0 0 0 0 0 0 0 0 0 0 0 0 0 0 0 0 0 0 0
2002062619 0 0 0 0 0 0 0 0 0 0 0 0 0 0 0 0 0 0 0 0 0 0 0 0 0 0 0 0 0 0 0 0 0 0 0 0 0 0 0 0 0 0
2002062620 0 0 0 0 0 0 0 0 0 0 0 0 0 0 0 0 0 0 0 0 0 0 0 0 0 0 0 0 0 0 0 0 0 0 0 0 0 0 0 0 0 0
2002062621 0 0 0 0 0 0 0 0 0 0 0 0 0 0 0 0 0 0 0 0 0 0 0 0 0 0 0 0 0 0 0 0 0 0 0 0 0 0 0 0 0 0
2002062622 0 0 0 0 0 0 0 0 0 0 0 0 0 0 0 0 0 0 0 0 0 0 0 0 0 0 0 0 0 0 0 0 0 0 0 0 0 0 0 0 0 0
2002062623 0 0 0 0 0 0 0 0 0 0 0 0 0 0 0 0 0 0 0 0 0 0 0 0 0 0 0 0 0 0 0 0 0 0 0 0 0 0 0 0.1 0 0
2002062700 0 0 0 0 0 0 0 0 0 0 0 0 0 0 0 0 0 0 0 0 0 0 0 0 0 0 0 0 0 0 0 0 0 0 0 0 0 0 0 0 0 0
2002062701 0 0 0 0 0 0 0 0 0 0 0 0 0 0 0 0 0 0 0.1 0 0 0 0 0 0 0 0 0 0 0 0 0 0 0 0 0 0 0 0 0 0 0
2002062702 0 0 0 0 0 0 0 0 0 0 0 0 0 0 0 0 0 0 0 0 0 0 0 0 0 0 0 0 0 0 0 0 0 0 0 0 0 0 0 0 0 0
2002062703 0 0 0 0 0 0 0.1 0 0 0 0 0 0 0 0 0 0 0 0 0 0 0 0 0 0 0 0 0 0 0 0 0 0 0 0 0 0 0 0 0 0 0
2002062704 0.1 0 0 0 0 0 0 0 0 0 0 0 0 0 0 0 0 0 0 0 0 0 0 0 0 0 0 0 0 0 0 0 0 0 0 0 0 0 0.1 0.1 0 0
2002062705 0 0 0 0 0 0 0 0 0 0 0 0 0 0 0 0 0 0 0 0 0 0 0 0 0 0 0 0 0 0 0 0 0 0 0 0 0 0 0 0 0 0
2002062706 0 0 0 0 0 0 0 0 0 0 0 0 0 0 0 0 0 0 0 0 0 0 0 0 0 0 0 0 0 0 0 0 0 0 0 0 0 0 0 0 0 0
2002062707 0 0 0 0 0.1 0 0 0 0 0 0 0 0 0 0 0 0 0 0 0 0 0 0 0 0 0 0 0 0 0 0 0 0 0 0 0 0 0 0 0 0 0
2002062708 0 0 0 0 0 0 0 0 0 0 0 0 0 0 0 0 0 0 0 0 0 0 0 0 0 0 0 0 0 0 0 0 0 0 0 0 0 0 0 0 0 0
2002062709 0 0 0 0 0 0 0 0 0 0 0 0 0 0 0 0 0 0 0 0 0 0 0 0 0 0 0 0 0 0 0 0 0 0 0 0 0 0 0 0 0 0
2002062710 0 0 0 0 0 0 0 0 0 0 0 0 0 0 0 0 0 0 0 0 0 0 0 0 0 0 0 0 0 0 0 0 0 0 0 0 0 0 0 0 0 0
2002062711 0 0 0 0 0.1 0 0 0 0 0 0 0 0 0 0 0 0 0 0 0 0 0 0 0 0 0 0 0 0 0 0 0 0 0 0 0 0 0 0 0 0 0
2002062712 0 0 0 0 0 0 0 0 0 0 0 0 0 0 0 0 0 0 0 0 0 0 0 0 0 0 0 0 0 0 0 0 0 0 0 0 0 0 0 0 0 0
2002062713 0 0 0 0 0 0 0 0 0 0 0 0 0 0 0 0 0 0 0 0 0 0 0 0 0 0 0 0 0 0 0 0 0 0 0 0 0 0 0 0 0 0
2002062714 0 0 0 0 0 0 0 0 0 0 0 0 0 0 0 0 0 0 0 0 0 0 0 0 0 0 0 0 0 0 0 0 0 0 0 0 0 0 0 0 0 0
2002062715 0 0 0 0 0 0 0 0 0 0 0 0 0 0 0 0 0 0 0 0 0 0 0 0 0 0 0 0 0 0 0 0 0 0 0 0 0 0 0 0 0 0
2002062716 0 0 0 0 0 0 0 0 0 0 0 0 0 0 0 0 0 0 0 0 0 0 0 0 0 0 0 0 0 0 0 0 0 0 0 0 0 0 0 0 0 0
2002062717 0 0 0 0 0 0 0 0 0 0 0 0 0 0 0 0 0 0 0 0 0 0 0 0 0 0 0 0 0 0 0 0 0 0 0 0 0 0 0 0 0 0
2002062718 0 0 0 0 0 0 0 0 0 0 0 0 0 0 0 0 0 0 0 0 0 0 0 0 0 0 0 0 0 0 0 0 0 0 0 0 0 0 0 0 0 0
2002062719 0 0 0 0 0 0 0 0 0 0 0 0 0 0 0 0 0 0 0 0 0 0 0 0 0 0 0 0 0 0 0 0 0 0 0 0 0 0 0 0 0 0
2002062720 0 0 0 0 0 0 0 0 0 0 0 0 0 0 0 0 0 0 0 0 0 0 0 0 0 0 0 0 0 0 0 0 0 0 0 0 0 0 0 0 0 0
2002062721 0 0 0 0 0 0 0 0 0 0 0 0 0 0 0 0 0 0 0 0 0 0 0 0 0 0 0 0 0 0 0 0 0 0 0 0 0 0 0 0 0 0
2002062722 0 0 0 0 0 0 0 0 0 0 0 0 0 0 0 0 0 0 0 0 0 0 0 0 0 0 0 0 0 0 0 0 0 0 0 0 0 0 0 0 0 0
2002062723 0 0 0 0 0 0 0 0 0 0 0 0 0 0 0 0 0 0 0 0 0 0 0 0 0 0 0 0 0 0 0 0 0 0 0 0 0 0 0 0 0 0
2002062800 0 0 0 0 0 0 0 0 0 0 0 0 0 0 0 0 0 0 0 0 0 0 0 0 0 0 0 0 0 0 0 0 0 0 0 0 0 0 0 0 0 0
2002062801 0 0 0 0 0 0 0 0 0 0 0 0 0 0 0 0 0 0 0 0 0 0 0 0 0 0 0 0 0 0 0 0 0 0 0 0 0 0 0 0 0 0
2002062802 0 0 0 0 0 0 0 0 0 0 0 0 0 0 0 0 0 0 0 0 0 0 0 0 0 0 0 0 0 0 0 0 0 0 0 0 0 0 0 0 0 0
2002062803 0 0 0 0 0 0 0.1 0 0 0 0 0 0 0 0 0 0 0 0 0 0 0 0 0 0 0 0 0 0 0 0 0 0 0 0 0 0 0 0 0 0 0
2002062804 0 0 0 0 0 0 0 0 0 0 0 0 0 0.4 0 0 0 0 0 0 0 0 0 0 0 0 0 0 0 0 0 0 0 0 0 0 0 0 0 0 0 0
2002062805 0 0 0 0 0 0 0 0 0 0 0 0 0 0 0 0 0.5 0 0 0.1 0 0 0 0 0 0 0 0 0 0 0 0 0 0 0 0 0 0 0 0 0 0
2002062806 0 0 0 0 0 0 0 0 0 0 0 0 0 0 0 0 0 0 0 0.2 0 0 0 0 0 0 0 0 0 0 0 0 0 0 0 0 0 0 0 0 0 0
2002062807 0 0 0 0 0 0 0 0 0 0 0 0 0 0 0 0 0 0 0 0 0 0 0 0 0 0 0 0 0 0 0 0 0 0 0 0 0 0 0 0 0 0
2002062808 0.4 0 0 0 0 0 0 0 0 0 0 0 0 0 0 0 0 0 0 0 0 0 0 0 0 0 0 0 0 0 0 0 0 0 0 0 0 0 0 0 0 0
2002062809 0 0 0.1 0 0 0.1 0 0 0 0 0 0 0 0 0 2.4 0 0 0.1 0 0 0 0 0.1 0 0 0 0 0 0 0 0 0.2 0.2 0 0 0 0 0 0 0 0
2002062810 0.6 0.9 0 0 0.2 0 0 0 0 0 0.4 0 0 0 0 0 0 0 0 0 0 0 0 0 0 0 0 0 0 0.9 0 0 1.4 0 0.2 0.9 0 0 0 0 0 0
2002062811 0.7 0 0 0 0 0.3 0 0 0 0.1 0.1 0 0 0.5 0 0.1 0.7 0 0 0 0 0 0 0 0 0 0 0 0.2 0 0 0 0.6 0 1.7 0 0 0 0 0.2 0.1 0
2002062812 0 0 0.2 0 0 0 0 0 0 0 0 0 0 0 0 0 0.2 0.1 0 0.1 0.1 0 1 0 0 0.3 0 0 0.1 0.3 0.2 0.1 0 0 0 0 0 0 0 0 0 0
2002062813 0 0 0 0 0 0.2 0.2 0 0.1 0 0 0 0 0 0 0 0 0 0 0 0 0 0 0 0 0 0.1 0.1 0 0 0.2 1.7 0 0 0 0 0 0.2 0 0 0 0
2002062814 0 0 0 0 0 0 0 0 0 0 0 0 0 0 0 0 0 0 0 0 0 0 0 0 0 0 0 0 0 0 0 0 0 0 0 0 0 0 0 0 0 0
2002062815 0 0 0 0 0 0 0 0 0 0 0 0 0 0 0 0 0 0 0 0 0 0 0 0 0 0 0 0 0 0 0 0 0 0 0 0 0 0 0 0 0 0
2002062816 0 0 0 0 0 0 0 0 0 0 0 0 0 0 0 0 0 0 0 0 0 0 0 0 0 0 0 0 0 0 0 0 0 0 0 0 0 0 0 0 0 0
2002062817 0 0 0 0 0 0 0 0 0 0 0 0 0 0 0 0 0 0 0.1 0 0 0 0 0 0 0 0 0 0 0 0 0 0 0 0 0 0 0 0 0 0 0
2002062818 0 0 0 0 0 0 0 0 0 0 0 0 0 0 0 0 0 0 0 0 0 0 0 0 0 0 0 0 0 0 0 0 0 0 0 0 0 0 0 0 0 0
2002062819 0 0 0 0 0.4 0 0 0 0 0 0 0 0 0 0 0 0 0 0 0 0 0 0 0 0 0 0 0 0 0 0 0 0 0 0 0 0 0 0 0 0 0
2002062820 0 0 0 0 0.1 0 0 0 0 0 0.1 0 0 0 0 0 0 0 0 0 0 0 0 0 0 0 0 0 0 0 0 0 0 0 0 0 0 0 0 0 0 0
2002062821 0 0 0 0 0.1 0 0 0 0 0 0 0 0 0 0 0 0 0 0 0 0 0 0 0 0 0 0 0 0 0 0 0 0 0 0 0 0 0 0 0 0 0
2002062822 0 0 0 0 0 0 0 0 0 0 0 0 0 0 0 0 0 0 0 0 0 0 0 0 0 0 0 0 0 0 0 0 0 0 0 0 0 0 0 0 0.3 0.1
2002062823 0 0 0 0 0 0 0 0 0 0 0 0 0 0 0 0 0 0 0 0 0 0 0 0 0 0 0 0 0 0 0 0 0 0 0 0 0 0 0 0 0 0
2002062900 0 0 0 0 0.1 0 0 0 0 0 0 0 0 0 0 0 0 0 0 0 0 0 0 0 0 0 0 0 0 0 0 0 0 0 0 0 0 0 0 0 0 0
2002062901 0 0 0 0 0 0 0 0 0 0 0 0 0 0 0 0 0 0 0 0 0 0 0 0 0 0 0 0 0 0 0 0 0 0 0 0 0 0 0 0 0.1 0
2002062902 0 0 0 0 0 0 0.1 0 0 0 0 0 0 0 0 0 0 0 0 0 0 0 0 0 0 0 0 0 0 0 0 0 0 0 0 0 0 0 0 0 0 0
2002062903 0 0 0 0 0 0 0 0 0 0 0 0 0 0 0 0 0 0 0 0 0 0 0 0 0 0 0 0 0 0 0 0 0 0 0 0 0 0 0 0 0 0
2002062904 0 0 0 0 0 0 0 0 0 0 0 0 0 0 0 0 0 0 0 0 0 0 0 0 0 0 0 0 0 0 0 0 0 0 0 0 0 0 0 0 0 0
2002062905 0.4 0 0 0.4 0 0 0 0 0 0 0 0 0 0 0 0 0 0 0 0 0 0 0 0 0 0 0 0 0 0 0 0 0 0 0 0 0 0 0 0 0 0
2002062906 1.2 0 0.9 0.5 0 0 0 0 0 0 0.2 0 0 0 0 0 0 0 0 0 0 0 0 0 0 0 0 0 0 0 0 0 0 0 0 0 0 0 0 0 0 0
2002062907 0.1 0 0.1 0 0.9 0.5 1.1 0 0.9 0 0 0 0 0 0 0 0 0 0 0 0 0 0 0 0 0 0 0 0 0 0 0 0 0 0 0 0 0 0 0 0 0
2002062908 0 0 0 0 0 0 0 0 0 0 0 0 0 0 0 0 0 0 0 0 0 0 0 0 0 0 0 0 0 0 0 0 0 0 0 0 0 0 0 0 0 0
2002062909 0 0 0 0 0 0 0 0 0 0 0 0 0 0 0 0 0 0 0 0 0 0 0 0 0 0 0 0 0 0 0 0 0 0 0 0 0 0 0 0 0 0
2002062910 0 0 0 0 0 0 0 0 0 0 0 0 0 0 0 0 0 0 0 0 0 0 0 0 0 0 0 0 0 0 0 0 0 0 0 0 0 0 0 0 0 0
2002062911 0 0 0 0 0 0 0 0 0 0 0 0 0 0 0 0 0 0 0 0 0 0 0 0 0 0 0 0 0 0 0 0 0 0 0 0 0 0 0 0 0 0
2002062912 0 0 0 0 0 0 0 0 0 0 0 0 0 0 0 0 0 0 0 0 0 0 0 0 0 0 0 0 0 0 0 0 0 0 0 0 0 0 0 0 0 0
2002062913 0 0 0 0 0 0 0 0 0 0 0 0 0 0 0 0 0 0 0 0 0 0 0 0 0 0 0 0 0 0 0 0 0 0 0 0 0 0 0 0 0 0
2002062914 0 0 0 0 0 0 0 0 0.1 0 0 0 0 0 0 0 0 0 0 0 0 0 0 0 0 0 0 0 0 0 0 0 0 0 0 0 0 0 0 0 0 0
2002062915 0 0 0 0 0 0 0 0 0 0 0 0 0 0 0 0 0 0 0 0 0 0 0 0 0 0 0 0 0 0 0 0 0 0 0 0 0 0 0 0 0 0
2002062916 0 0 0 0 0 0 0 0 0 0 0 0 0 0 0 0 0 0 0 0 0 0 0 0 0 0 0 0 0 0 0 0 0 0 0 0 0 0 0 0 0 0
2002062917 0 0 0 0 0 0 0 0 0 0 0 0 0 0 0 0 0 0 0 0 0 0 0 0 0 0 0 0 0 0 0 0 0 0 0 0 0 0 0 0 0 0
2002062918 0 0 0 0 0 0 0 0 0 0 0 0 0 0 0 0 0 0 0 0 0 0 0 0 0 0 0 0 0 0 0 0 0 0 0 0 0 0 0 0 0 0
2002062919 0 0 0 0 0 0 0 0 0 0 0 0 0 0 0 0 0 0 0 0 0 0 0 0 0 0 0 0 0 0 0 0 0 0 0 0 0 0 0 0 0 0
2002062920 0 0 0 0 0 0 0 0 0 0 0 0 0 0 0 0 0 0 0 0 0 0 0 0 0 0 0 0 0 0 0 0 0 0 0 0 0 0 0 0 0 0
2002062921 0 0 0 0 0 0 0 0 0 0 0 0 0 0 0 0 0 0 0 0 0 0 0 0 0 0 0 0 0 0 0 0 0 0 0 0 0 0 0 0 0 0
2002062922 0 0 0 0 0 0 0 0 0 0 0 0 0 0 0 0 0 0 0 0 0 0 0 0 0 0 0 0 0 0 0 0 0 0 0 0 0 0 0 0 0 0
2002062923 0 0 0 0 0 0 0 0 0 0 0 0 0 0 0 0 0 0 0 0 0 0 0 0 0 0 0 0 0 0 0 0 0 0 0 0 0 0 0 0 0 0
2002063000 0 0 0 0 0 0 0 0 0 0 0 0 0 0 0 0 0 0 0 0 0 0 0 0 0 0 0 0 0 0 0 0 0 0 0 0 0 0 0 0.1 0 0
2002063001 0 0 0 0 0 0 0 0 0 0 0 0 0 0 0 0 0 0 0 0 0 0 0 0 0 0 0 0 0 0 0 0 0 0 0 0 0 0 0 0 0 0
2002063002 0 0 0 0 0 0 0 0 0 0 0 0 0 0 0 0 0 0 0 0 0 0 0 0 0 0 0 0 0 0 0 0 0 0 0 0 0 0 0 0 0 0
2002063003 0 0 0 0 0 0 0 0 0 0 0 0 0 0 0 0 0 0 0 0 0 0 0 0.1 0 0 0 0 0 0 0 0 0 0 0 0 0 0 0 0 0 0
2002063004 0 0 0 0 0 0 0 0 0 0 0 0 0 0 0 0 0 0 0 0 0 0 0 0 0 0 0 0 0 0 0 0 0 0 0 0 0 0 0.1 0 0 0
2002063005 0 0 0 0 0 0 0 0 0 0 0 0 0 0 0 0 0 0 0 0 0 0 0 0 0 0 0 0 0 0 0 0 0 0 0 0 0 0 0 0 0 0
2002063006 0 0 0 0 0 0 0 0 0 0 0 0 0 0 0 0 0 0 0 0 0 0 0 0 0 0 0 0 0 0 0 0 0 0 0 0 0 0 0 0 0 0
2002063007 0 0 0 0 0 0 0 0 0 0 0 0 0 0 0 0 0 0 0 0 0 0 0 0 0 0 0 0 0 0 0 0 0 0 0 0 0 0 0 0 0 0
2002063008 0 0 0 0 0 0 0 0 0 0 0 0 0 0 0 0 0 0 0 0 0 0 0 0 0 0 0 0 0 0 0 0 0 0 0 0 0 0 0 0 0 0
2002063009 0 0 0 0 0 0 0 0 0 0 0 0 0 0 0 0 0 0 0 0 0 0 0 0 0 0 0 0 0 0 0 0 0 0 0 0 0 0 0 0 0 0
2002063010 0 0 0 0 0 0 0 0 0 0 0 0 0 0 0 0 0 0 0 0 0 0 0 0 0 0 0 0 0 0 0 0 0 0 0 0 0 0 0 0 0 0
2002063011 0 0 0 0 0 0 0 0 0 0 0 0 0 0 0 0 0 0 0 0 0 0 0 0 0 0 0 0 0 0 0 0 0 0 0 0 0 0 0 0 0 0
2002063012 0 0 0 0 0 0 0 0 0 0 0 0 0 0 0 0 0 0 0 0 0 0 0 0 0 0 0 0 0 0 0 0 0 0 0 0 0 0 0 0 0 0
2002063013 0 0 0 0 0 0 0 0 0 0 0 0 0 0 0 0 0 0 0 0 0 0 0 0 0 0 0 0 0 0 0 0 0 0 0 0 0 0 0 0 0 0
2002063014 0 0 0 0 0 0 0 0 0 0 0 0 0 0 0 0 0 0 0 0 0 0 0 0 0 0 0 0 0 0 0 0 0 0 0 0 0 0 0 0 0 0
2002063015 0 0 0 0 0 0 0 0 0 0 0 0 0 0 0 0 0 0 0 0 0 0 0 0 0 0 0 0 0 0 0 0 0 0 0 0 0 0 0 0 0 0
2002063016 0 0 0 0 0 0 0 0 0 0 0 0 0 0 0 0 0 0 0 0 0 0 0 0 0 0 0 0 0 0 0 0 0 0 0 0 0 0 0 0 0 0
2002063017 0 0 0 0 0 0 0 0 0 0 0 0 0 0 0 0 0 0 0 0 0 0 0 0 0 0 0 0 0 0 0 0 0 0.1 0 0 0 0 0 0 0 0
2002063018 0 0 0 0 0 0 0 0 0 0 0 0 0 0 0 0 0 0 0 0 0 0 0 0 0 0 0 0 0 0 0 0 0 0 0 0 0 0 0 0 0 0
2002063019 0 0 0 0 0 0 0 0 0 0 0 0 0 0 0 0 0 0 0 0 0 0 0 0 0 0 0 0 0 0 0 0 0 0 0 0 0 0 0 0 0 0
2002063020 0 0 0 0 0 0 0 0 0 0 0 0 0 0 0 0 0 0 0 0 0 0 0 0 0 0 0 0 0 0 0 0 0 0 0 0 0 0 0 0 0 0
2002063021 0 0 0 0 0 0 0 0 0 0 0 0 0 0 0 0 0 0 0 0 0 0 0 0 0 0 0 0 0 0 0 0 0 0 0 0 0 0 0 0 0 0
2002063022 0 0 0 0 0 0 0 0 0 0 0 0 0 0 0 0 0 0 0 0 0 0 0 0 0 0 0 0 0 0 0 0 0 0 0 0 0 0 0 0 0 0
2002063023 0 0 0 0 0 0 0 0 0 0 0 0 0 0 0 0 0 0 0 0 0 0 0 0 0 0 0 0 0 0 0 0 0 0 0 0 0 0 0 0 0 0
2002070100 0 0 0 0 0 0 0 0 0 0 0 0 0 0 0 0 0 0 0 0 0 0 0 0 0 0 0 0 0 0 0 0 0 0 0 0 0 0 0 0 0 0
2002070101 0 0 0 0 0 0 0 0 0 0 0 0 0 0 0 0 0 0 0 0 0 0 0 0 0 0 0 0 0 0 0 0 0 0 0 0 0 0 0 0 0 0
2002070102 0 0 0 0 0 0 0 0 0 0 0 0 0 0 0 0 0 0 0 0 0 0 0 0 0 0 0 0 0 0 0 0 0 0 0 0 0 0 0 0.1 0 0
2002070103 0 0.4 0 0.1 0 0 0 0 0 0.1 0.1 0 0.1 0 0 0 0 0 0 0 0 0 0 0 0 0 0 0 0 0 0 0 0 0 0 0 0 0 0 0 0 0
2002070104 0.3 0.4 0.2 0.4 0 0 0.1 0 0 0.1 0.2 0 0.1 0 0 0 0 0 0 0 0 0 0 0 0 0 0 0 0 0 0 0 0 0 0 0 0 0 0 0 0 0
2002070105 0.3 0.8 0.5 0.5 0.3 0.2 0.2 0 0 0.1 0.4 0.1 0 0 0 0 0 0 0 0 0 0 0 0 0 0 0 0 0 0 0 0 0 0.1 0 0 0 0 0 0 0 0
2002070106 0.3 0.5 0.4 0.5 0.2 0.1 0.2 0 0.2 0.2 0.4 0 0.3 0 0 0 0 0 0 0 0 0 0 0 0 0 0 0 0 0 0 0 0 0 0 0 0 0 0 0 0 0
2002070107 0.2 0.3 0.4 0.2 0.2 0.1 0.1 0 0 0.4 0.3 0.4 0.8 0.1 0 0 0 0 0 0 0 0 0 0 0.1 0 0 0 0 0 0 0 0 0.1 0 0 0 0 0 0 0 0
2002070108 0 1 0.3 0.1 0 0 0 0 0 1.3 0.7 0.6 1.2 1.3 1 0.4 0.5 0 0 0 0 0 0 0 0 0.1 0 0 0 0 0 0 0 0.3 0 0.1 0 0 0 0 0 0
2002070109 0.3 0.6 0.5 0.5 0.2 0.6 0.4 0 0.1 0.1 0.1 0.4 0 0.7 0.5 1.1 0.8 0 0 0.3 0.1 0 0 0 0 0 0 0 0 0.1 0 0 0 0.6 0.1 0.4 0.3 0 0 0 0 0
2002070110 0 0.8 0 0.3 0.2 0.4 0.1 0.1 0.3 0.2 0.2 0.1 0.8 0.7 0.4 0.8 0.6 0.2 0 0.5 0.7 0.8 0.2 0 0 0 0 0 0 0 0 0 0.2 0.5 0.8 1.1 0.8 0 0 0 0 0.1
2002070111 0.2 0.7 0.9 0.4 1.4 1.8 1.9 0.5 1.7 0.6 0.5 0.4 0.3 1 1.3 1 1.3 0 0 0.3 0.5 0.4 0.1 0 0 0 0 0 0 0.1 0 0.1 0.4 0.5 0.6 1.1 0.5 0 0 0 0 0.2
2002070112 0.5 0.9 1 1.1 1.3 1.2 1.3 0.5 0.7 0.3 1 0.6 0.1 0.1 0.2 0.8 0.9 0.2 0.1 0.3 0.4 0.2 0.1 0.2 0.1 0.2 0.1 0.2 0.2 0.4 0.3 0.1 0.6 0.6 0.6 0.9 0.4 0.2 0 0 0.3 0.3
2002070113 1.2 0.2 0.7 0.7 0.6 0.5 0.5 0.4 0.5 0.7 0.2 0.2 0.8 0.5 0.8 0.1 0.3 0.4 0.4 0.1 0.1 0.2 0.2 1.1 0.3 0.6 0.1 0.1 0.1 0.7 0.3 0.5 0.5 0.1 0.2 0.1 0.1 0 0 0 0.7 0.8
2002070114 0.2 1.4 0.3 0.5 0.2 0.1 0.1 0.7 0.3 0.7 0.6 0.4 0.8 0.4 0.3 0.8 1.1 0.6 0.4 1 0.3 0.2 1.8 1.4 0.8 1.7 0.6 1 0.6 0.9 0.5 0.4 0.6 0.3 0 0.5 0.2 0.3 0 0.1 0.1 0.4
2002070115 0.1 0.2 0.3 0.1 0.7 0.5 0.7 0.7 0.5 0.2 0.1 0.3 0.3 0.5 0.3 0.6 0.3 2 0.4 0.3 0.7 1.2 1.9 3.2 3.6 3.1 2 1.7 1 1.3 1.3 1.1 0.9 0.5 0.7 0.6 1 1 0 0.6 0.5 0.5
2002070116 0 0.2 0.2 0.2 0.1 0.2 0.1 0.5 0.2 0.4 0.5 0.7 0.1 0.2 0.6 1 0.6 1.1 0.5 0 0 0.3 1.1 1.9 0.9 0.9 0.8 1 1.2 0.3 0.9 0.3 0.2 0.9 0.3 0.6 0.1 0.9 0.8 0.7 2 1.3
2002070117 0 0 0.2 0 0.3 0.2 0.3 0.5 0.1 0 0 0 0 0.1 0.1 0 0.2 0.6 0.2 0 0 0.1 1.4 0.7 0.6 0.2 0.9 0.5 0.1 0.1 0.1 0.1 0.1 0.1 0.1 0.1 0 0.2 0.2 0.1 0 0.1
2002070118 0 0 0 0 0.3 0 0.1 0 0 0 0 0 0 0 0 0.1 0.1 0.6 0.1 0.1 0 0.1 1.1 0.4 0.7 0.3 2.1 0.5 0 0.1 0.2 0.3 0.1 0.3 0 0.2 0 0.3 0.3 0.1 0 0
2002070119 0 0 0 0 0.1 0 0 0 0 0 0 0.1 0 0.1 0.2 0 0.1 1 0.2 0.1 0 0.1 1 0.2 0.4 0 1.7 1.3 0 0.2 0.4 0.4 0 0 0 0 0 0.7 0.3 0.1 0 0
2002070120 0 0.3 0 0 0.5 0.1 0.2 0.1 0 0.3 0 0 1.2 1.3 0.1 0.1 0.5 0.5 0 0 0 0.1 0.7 0.2 0.1 0 0.2 0.8 0.2 0.8 0.7 0.4 0.3 0.1 0 0 0 1 0 0.5 0 0
2002070121 0.1 2.1 0.3 2 0.4 0 0.1 0.3 0.1 1.4 0.7 1.3 0.7 0.4 1.8 1.8 1.5 0.2 0.1 0 0 0.1 0 0 0 0 0 0.1 0.2 0.2 0.3 0.2 0.3 0.9 0 0.2 0 0.6 0 0 0 0.1
2002070122 0.7 0 2.4 0.5 0.4 0.9 1 0.2 0.2 0.1 0 0.3 0 0 0 0.4 0 0.7 0 1.3 1.5 0.3 0.9 0.2 0.2 0.1 0.7 0.8 0.2 0 0.1 0.1 0.2 0.7 1 1.6 0.5 0.5 0 0 0.1 0.5
2002070123 0 0 0 0 0.6 0.3 0.3 2.1 1 0 0 0.1 0 0 0 0.1 0 2.3 0 0.2 0.6 3.5 1.3 1 0.3 0.4 0.5 0 0.3 3.1 0.4 1.7 2.3 0 1.5 0.1 0.4 0.6 0 0 0.4 0.5
2002070200 0 0 0.3 0 0.7 0.2 0.5 0.8 1 0 0 0.1 0 0 0 0 0 0.3 0 0 0.1 0.3 0.1 0.3 0.2 0.4 0.3 1 1.7 0.7 0.7 0.2 0.7 0 0.4 0.1 0.3 0.9 0 0 1.5 2.7
2002070201 0 0 0.1 0 0.3 0.1 0.1 0.1 0.4 0 0 0 0 0 0 0 0 0 0 0 0 0 0.1 0.3 0.2 0.5 0.2 0.6 0.3 0.1 0.2 0.2 0.5 0 0.1 0 0 0.9 0 0.2 0.2 0.2
2002070202 0 0.1 0.2 0.1 0 0 0 0.1 0.1 0 0.1 0 0 0 0.1 0.1 0 0.4 0 0 0.1 0 0.6 1.3 0.8 1.6 0.2 0 0.1 0 0.1 0.2 0.1 0.1 0 0 0.1 0.3 0 0.1 0.5 0.1
2002070203 0 0 0 0 0.1 0.2 0.1 0.2 0.3 0 0 0 0 0 0 0 0.1 0.2 0 0 0 0.1 0.2 0.1 0.2 0.1 0.7 0.4 0.2 0.4 0.2 0.3 1 0 0.1 0.1 0 0.3 0 0 0 0.1
2002070204 0 0.1 0.1 0 0.1 0.1 0.1 0.3 0.4 0 0 0 0 0 0 0 0 0.2 0 0 0 0 0.4 0.3 0.1 0.4 0 0 0 0 0 0.1 0.3 0 0.1 0 0 0 0.3 0.1 0.4 0.3
2002070205 0 0 0 0 0.3 0 0.1 0.3 0.4 0 0 0 0 0 0 0 0 0 0 0 0 0.1 0 0 0.3 0.1 0.3 0 0 0.2 0.2 0.1 0.6 0 0 0 0 0 0.9 0 0 0.2
2002070206 0 0.1 0 0 0 0 0 0.1 0 0 0 0 0 0 0 0 0 0 0 0 0 0 0.1 0.2 0 0.1 0.1 0.3 0.3 0.1 0.2 0 0.2 0 0 0.7 0 0.1 0.5 0 0 0.2
2002070207 0 0 0 0 0.2 0 0 0.2 0 0 0 0 0 0 0 0 0 0 0 0 0 0 0 0 0.4 0.1 0.2 0.1 0.1 0 0 0.3 0.1 0 0 0 0 0.2 0.1 0.1 0.1 0.1
2002070208 0 0 0 0 0 0 0 0 0 0 0 0 0 0 0 0 0 0 0 0 0 0 0 0 0.1 0 0 0.3 0 0 0 0 0 0 0 0 0 0 0 0 0 0
2002070209 0 0 0 0.1 0 0 0 0 0 1.2 0.1 0.2 0.2 0.1 0.2 0 0 2.2 0.1 0.7 0 0.1 2 0 0.2 0.1 0.1 0.5 0 0 0 0 0 0 0 0 0 0.2 0.3 0 0 0
2002070210 0.5 0 0.1 0 0 0 0 0 0 0 0.1 0.1 0 0 0 0 0.5 0.6 0 0.4 0.5 2.6 0.1 0 0 0 0 0 0 0 0 0 0 0.3 0.2 0 0.5 0.2 0 0 0 0
2002070211 0 1 0.2 0 0.4 0.2 0.1 2.5 0 0.6 0 0.2 0.6 0.3 0 0 0.1 0.2 0.1 1.2 0.2 0 0.2 0 0 0 0 0 0 0 0 0 3.1 0 0.2 0 0.1 0 0 0 0 0.2
2002070212 0 0.6 0 0.4 0 0 0 0.9 0 0.4 0 0.5 1.3 0.1 1.1 0 0.3 0.2 0.1 0.3 0 0 0.5 0 0 0 0 0.2 0.1 0 0.3 0.4 0.7 0.5 0.4 0 0 0 0 0 0.2 0.3
2002070213 0.1 0 0 0 0.6 0 0.1 0 0.2 0.4 0.3 1.3 0 0.1 0.5 0.1 0.2 0.1 0 0.2 0.3 0.2 0.2 0 0 0 0 0 0 0 0 0 0 0.3 0 0 0.6 0.1 0 0.1 0.1 0
2002070214 0.1 0.3 1.9 0 0.3 0.3 0.3 0 0.9 0.8 0.1 0.2 0 0.2 0.2 0.4 0.3 0 0.1 0 0 0 0 0 0 0 0 0 0 0 0.1 0.1 0 0.1 0.7 0.1 0 0 0 0 0 0
2002070215 0.1 0.2 0.1 0.2 0.3 0.4 0.7 0.3 0 0 0 0 0 0 0 0.2 0.1 0 0 0 0 0 0 0 0 0 0 0 0 0 0 0 0.1 0.2 0 0 0 0 0 0 0 0
2002070216 0 0 0 0.1 0 0.1 0 0 0 0 0 0.1 0 0 0.1 0.8 0.1 0 0.1 0 0 0 0 0 0 0 0 0 0 0 0 0 0 0.3 0 0.4 0.2 0 0 0 0 0
2002070217 0 0 0.4 0 0.7 0.1 0.1 0 0.1 0 0 1.2 0 0 0 0.3 0 0 0 0 0 0 0 0 0 0 0 0 0 0 0 0 0 0.1 0 0 0.1 0 0 0 0 0
2002070218 0.1 0.1 2.6 0 0 0 0 0 0 0.2 0 0 0.7 0 0 0 0 0 0 0 0 0 0 0 0 0 0 0 0 0 0 0 0 0.1 0 0 0 0 0 0 0 0
2002070219 0 0.3 0 0 0 0 0 0 0 0 0 0 0 0 0.1 0 0.1 0 0.1 0 0 0 0.1 0 0.1 0 0 0 0 0 0 0 0 0 0 0 0 0 0 0 0 0
2002070220 0 0 0 0 0 0 0 0 0 0 0 0 0 0 0 0.2 0 0.1 0 0 0 0 0.1 0.1 0.2 0.1 0.1 0 0 0 0 0 0 0 0 0 0 0 0 0 0 0
2002070221 0 0 0 0 0.1 0.4 0.3 0 0 0.1 0 0 0.1 0.2 0 0 0.1 0 0 0 0 0 0 0 0 0 0.1 0 0 0 0 0 0 0 0 0.4 0 0 0 0 0.1 0
2002070222 0.6 0 0.7 0.1 0.5 0.6 0.5 0 0.3 0.3 0.1 0.5 0.2 0.5 0.7 1 0.6 0.2 0 0.4 0.3 0.2 0.4 0.1 0 0 0 0 0 0.3 0.1 0.1 0.2 0.8 0.5 1.1 0.6 0 0 0 0 0
2002070223 0.7 0.4 0.9 0.3 0.7 0.7 0.7 0.9 1.3 0.4 0.5 0.5 0.5 0.5 0.4 0.4 0.4 0.5 0.1 0.2 0.1 0.3 1 0.5 0.5 0.4 0.3 0.5 0.3 0.8 0.1 0.3 1 0.6 0.8 0.4 0.6 0.4 0 0 0.5 0.9
2002070300 0.2 0.8 0.4 0.2 0.2 0.1 0.2 0.6 0.2 0.8 0.4 0.7 0.7 0.3 0.4 0.7 0.4 0.3 0 0.2 0.1 0.1 0.5 0.6 0.2 0.4 0.2 0.3 0.2 0.2 0.2 0.1 0.4 0.3 0.2 0.5 0.2 0.2 0 0 0.4 0.6
2002070301 0.5 0.6 0.6 0.5 0.5 0.3 0.5 0.5 0.3 0.3 0.3 0.2 0.7 0.4 0.2 0.3 0.5 0.6 0 0.4 0.2 0.2 1.1 1.8 0.9 1.2 0.4 0.1 0.1 0.2 0.2 0.3 0.5 0.2 0.4 0.2 0.4 0 0 0 0.2 0.4
2002070302 0.6 1.6 0.5 0.5 0.3 0.1 0.1 0.3 0.2 1 0.4 0.7 0.9 1 0.6 0.8 1.4 0.7 0 0.4 0.3 0.4 0.9 1.9 2.5 1.4 1.6 1.5 0.2 0.4 0.3 0.5 0.4 0.5 0.7 0.4 0.6 0.3 0.2 0 0.1 0.4
2002070303 0.4 0.4 0.4 0.5 0.3 0.2 0.3 0.7 0.4 0.7 0.6 0.8 1.3 1.5 0.9 0.7 1.9 1 0 0.2 0.3 0.4 1.2 1.3 1.8 1.1 1.8 1.9 0.2 0.3 0.4 0.4 0.8 0.9 0.7 0.8 1.2 0.4 0.5 0 0.3 0.5
2002070304 0.3 1.3 0.8 0.5 0.5 0.5 0.4 0.3 0.3 1.8 0.8 1.2 2.3 1.6 1.3 1.7 2.2 0.9 0 1.1 0.6 0.6 1.7 3 3.1 1.4 2.1 3 0 0.2 0.5 0.6 0.4 1.3 0.5 0.9 0.9 0.3 0.6 0 0.1 0.3
2002070305 0.8 1 1.3 1.1 0.4 0.6 0.5 0.4 0.1 1 1.2 1.6 1 0.6 0.8 1.5 0.9 1.7 0.1 0.3 0.7 0.4 1.8 0.8 2.1 0.2 3.2 3.5 0.3 0.6 1 1 0.7 2 0.7 2 1.3 0.8 1.2 0 0.1 0.2
2002070306 0.4 0.5 0.6 0.9 0.4 0.5 0.4 0.2 0.2 0.4 0.7 0.3 0.2 0.1 0.4 1.2 0.2 2.2 0 0.3 0.1 0.3 1 1.1 2.5 0.5 2.8 3.6 0.6 0.7 1.1 1.9 0.3 0.7 1.4 1.2 0.5 1.2 1.3 0 0.2 0.1
2002070307 0.2 0 0 0 0.5 0.3 0.3 0.4 0.5 0 0 0.3 0.3 1.1 0.2 0.4 1 0.2 0 0.3 0.1 0.5 0.9 0.5 0.3 0.3 1.5 1.8 0.4 0.7 0.5 1 0.3 0.6 0.4 1.1 0.2 1 0.6 0.1 0.2 0.2
2002070308 0 0.2 0.2 0 0.4 0.2 0.3 0.4 0.2 0.6 0.1 0.4 1.6 2.1 0.6 0.8 4 3.5 0 1.1 0.6 0.9 4 5.3 2.5 3.9 1.7 0.9 0.3 0.4 0.5 0.8 0.8 0.7 0.1 1.1 0.5 0.6 0.3 0.1 0 0
2002070309 0.2 1.2 0.6 0.1 0.8 0.9 1 1.2 0.4 1.7 0.8 1.3 2.4 2.3 2.1 4 3 5.1 0.1 3.3 1.5 1.6 5.5 5.5 4 4.4 3.3 3.9 1.1 1.3 1.7 2.1 1.9 1.2 1.5 2.6 2.6 2.7 1.8 0.2 0.6 0.9
2002070310 0.7 2.2 1.5 0.6 1.4 1.8 1.5 3 1.5 2.3 1.8 1.5 2 1.5 1.6 2.3 2.4 2.9 0 1.3 1.1 1.8 3.3 3.5 3.9 2.4 4.4 5.4 2 2.3 2.4 2.8 2.8 1.4 1.9 2.3 1.5 3.6 2.4 0.3 2.3 1.6
2002070311 0.8 1.3 1.2 0.3 2.1 1.4 1.2 1.7 1.6 2.4 1.4 1.6 2.9 2.7 2.7 2.9 3.8 3.3 0 1.5 0.7 0.6 5.1 5.7 4.3 3.7 5.5 4.2 0.9 2.1 1.4 1.6 1.1 1.1 1.5 1.5 1.8 2 1.5 0.5 1.1 1.6
2002070312 0.8 2.1 1.2 0.3 2.1 3.4 3 1.5 1.2 0.3 1.3 1.2 0 0.2 0.6 0.5 0.1 4 0.1 0.4 0.6 4.5 3.8 4.7 4.5 3.3 6.2 5.2 2.2 3.2 3.8 3.7 2.3 1.2 5.7 1.9 1.9 4.4 2.3 0.7 0.6 1.2
2002070313 0.2 0 0 0.1 4.4 1 2.3 5 2.8 0 0 0.1 0 0 0 0 0 3.4 2.3 0.2 0.3 1.7 2.4 2.9 4.5 1.3 3 2.4 3.1 3.4 2.2 2.4 4 0.1 1.5 0.2 0.1 3.3 0.5 0.7 1.8 2.5
2002070314 0 0.8 0 0.2 0.8 1.2 0.8 1.2 0.7 0.8 0.1 0.2 2.4 2 1.3 0 5 0.1 0.3 0.2 0 0.2 0 0 3.4 0 0.1 0 0.7 0.6 0.5 0.7 0.6 0 0.3 0 0 0.7 0.1 0.8 0.6 0.8
2002070315 0 0.4 0.1 0.1 0.1 0 0.1 0 0.1 0.3 6 0.9 0 0 2.4 4.9 0.1 1.9 2.2 3.2 1.9 1.1 3.6 10.1 0.1 7.6 0 0 0 0.4 0 0.9 0.1 1.7 0.7 4.5 2.2 0 0 0.8 0.1 0
2002070316 0 0.2 0.3 0.1 0.8 0.4 0.2 0.3 0.1 1.5 0 0 0.5 0.2 0.2 0.2 1 0.8 0.7 0.9 0.1 2.2 1.1 0.2 0.2 0 3.3 3.6 2.2 0.5 1.5 0.9 0.7 0.1 6.3 0 0.3 3.1 0 0.9 0 0.3
2002070317 0 0.4 0 0 0 0.2 0.1 0.4 0 0 1.2 0.3 0 0 0 0 0.1 1.7 0.2 0.3 0.9 1.3 0.4 0.2 0.9 0.1 1 0.2 0.3 1.6 0.7 0.2 2.4 0 0.3 0.5 0.6 1 1.1 0.9 3.9 0.5
2002070318 0 0 0 0.1 0 0 0 0.3 0.2 0.2 0 0 0.2 0.1 0 0 0 0 0 0 0 0 0 0 0 0 0 0 0 0 0 0 0 0 0 0 0 0 0.1 1 0.1 1.2
2002070319 0 0 0.8 0.1 0.2 0.1 0.2 0 0 0.6 0.5 0 0.7 0.3 0.1 0.1 0.3 0 0 0.3 0.3 0.2 0 0 0 0 0 0 0.1 0 0 0 0.1 0.1 0.3 0.1 0.4 0 0 0.8 0 0
2002070320 0.8 0.6 0.4 0 1.1 0.9 1.4 0.4 0.6 0.4 0.5 0.1 0 0 0 0 0.1 0.2 0.2 0.2 1 1.7 0.2 0 0 0 0 0 0.6 1.9 0.1 0 1.1 0.1 0 0.1 0 0 0.1 0.7 0.6 0.2
2002070321 1.1 0.3 0.5 0.1 3.1 0.8 1.6 0.1 1 0.8 0.2 0.1 0.1 0 0 0 0 0 0.1 0 0.2 0.1 0 0.2 0.5 0.2 0 0.2 0.5 1.2 0 0 0 0 0 0 0.1 0.5 0.1 0.7 0.1 0.1
2002070322 0 0 0.2 0 1.8 0.8 1 0.1 0.7 0.1 0 0.1 0 0 0 0 0 0 0 0 0.1 0 0 0 0 0 0 0.1 0 0 0.1 0 0.4 0.4 0.1 0.1 0 0.1 0.1 0.6 0 0.1
2002070323 0 0 0 0 0.5 0.2 0.1 0 2 0 0 0 0 0.1 0 0 0 0 0 0 0 0 0 0 0 0 0 0 0 0 0 0 0 0 0 0 0 0 0 0.6 0.1 0.2
2002070400 0 0 0 0.1 0.5 0 0 0 0.2 0 0 0 0 0 0 0 0 0 0.1 0.1 0.9 1.2 0.3 0 0 0 0 0 0 0.1 0.2 0.7 0.3 0 0.1 0 0 0 0 0.6 0 0
2002070401 0 0 0 0 0 0 0 0 0 0 0 0 0 0 0 0 0 0 0 0 0 0 0 0 0 0 0 0.1 2.2 1 0.7 0.1 0.1 0 0 0 0.2 1.6 0 0.5 0.2 0.1
2002070402 0 0 0 0 0 0 0 0 0 0 0 0 0 0 0 0 0 0 0 0 0 0 0 0 0 0 0 0 0 0 0 0 0 0 0 0 0 0 0 0.4 0 0
2002070403 0 0 0 0 0 0 0 0 0 0 0 0 0 0 0 0 0 0 0 0 0.1 0 0 0.3 0 0 0 0 0 0 0 0 0 0 0 0 0 0 0 0.5 0 0
2002070404 0 0 0 0.1 0 0 0 0 0 0 0 0 0 0 0 0 0 0 0 0 0 0 0 0 0 0 0 0.1 0 0 0 0 0 0 0 0 0 0 0 0.4 0 0
2002070405 0 0 0 0 0 0 0 0 0 0 0 0 0 0 0 0 0 0 0 0 0 0 0 0 0 0 0 0 0 0 0 0 0 0 0 0 0 0 0 0.4 0 0
2002070406 0 0 0 0 0 0 0 0 0.3 0 0 0 0 0 0 0 0 0 0 0 0 0.1 0 0 0 0 0 0 0 0 0 0 0.1 0 0 0 0 0 0 0.3 0 0.2
2002070407 0 0 0 0 0 0 0 0 0.1 0 0 0 0 0 0 0 0 0 0 0 0 0 0 0 0 0 0 0 0 0 0 0 0 0 0 0 0 0.1 0 0.4 0 0
2002070408 0 0 0 0 0 0 0.1 0 0 0 0 0 0 0 0 0 0 0 0 0 0 0 0 0 0 0 0 0 0 0 0 0 0 0 0 0 0 0 0 0.3 0 0
2002070409 0.1 0 0 0 0 0 0.9 0 0 0 0 0 0 0 0 0 0 0 0 0 0 0 0 0 0 0 0 0 0 0 0 0 0 0 0 0 0 0 0 0.3 0 0
2002070410 0 0 0 0 0 0 0 0 0 0 0 0 0 0 0 0 0 0 0 0 0 0 0 0 0 0 0 0 0 0 0.1 0 0 0 0 0 0 0 0 0.3 0 0
2002070411 0 0 0 0 0 0 0 0 0 0 0 0 0 0 0 0 0 0 0 0 0 0 0 0 0 0 0 0 0 0 0 0 0 0 0 0 0 0 0 0.2 0 0
2002070412 0 0 0 0 0 0 0 0 0 0 0 0 0 0 0 0 0 0 0 0 0 0 0 0 0 0 0 0 0 0 0 0.1 0 0 0 0 0 0 0 0.2 0 0
2002070413 0 0 0 0 0 0 0 0 0 0 0 0 0 0 0 0 0 0 0 0 0 0 0 0 0 0 0 0 0 0 0 0 0 0 0 0 0 0 0 0.1 0 0
2002070414 0 0 0 0 0 0 0 0 0 0 0 0 0 0 0 0 0 0 0 0 0 0 0 0 0 0 0 0 0 0 0 0 0 0 0 0 0 0 0 0 0 0
2002070415 0 0 0 0 0 0 0 0 0 0 0 0 0 0 0 0 0 0 0 0 0 0 0 0 0 0 0 0 0 0 0 0 0 0 0 0 0 0.2 0 0 0 0
2002070416 0 0 0.2 0 0 0.2 0 0 0 0 0 0 0 0 0 0 0 0 0 0 0 0 0 0 0 0 0 0 0 0 0 0 0 0 0 0 0 0 0 0 0 0
2002070417 0 0 0 0 0 0 0 0 0 0 0 0 0 0 0 0 0 0 0 0 0 0 0 0 0 0 0 0 0 0 0 0 0 0 0 0 0 0 0 0 0 0
2002070418 0 0 0 0 0 0 0 0 0 0 0 0 0 0 0 0 0 0 0 0 0 0 0 0 0 0 0 0 0 0 0 0 0 0 0 0 0 0 0 0 0 0
2002070419 0 0 0 0 0 0 0 0 0 0 0 0 0 0 0 0 0 0 0 0 0 0 0 0 0 0 0 0 0 0 0 0 0 0 0 0 0 0 0 0 0 0
2002070420 0 0 0 0 0 0 0 0 0 0 0 0 0 0 0 0 0 0 0 0 0 0 0 0 0 0 0 0 0 0 0 0 0 0 0 0 0 0 0 0 0 0
2002070421 0 0 0 0 0 0 0 0 0 0 0 0 0 0 0 0 0 0 0 0 0 0 0 0 0 0 0 0 0 0 0 0 0 0 0 0 0 0 0 0 0 0
2002070422 0 0 0 0 0 0 0 0 0 0 0 0 0 0 0 0 0 0 0 0 0 0 0 0 0 0 0 0 0 0 0 0 0 0 0 0 0 0 0 0 0 0
2002070423 0 0 0 0 0 0 0 0 0 0 0 0 0 0 0.2 0.1 0 0 0 0 0 0 0 0.2 0 0 0 0 0 0 0 0 0 0 0 0 0 0 0 0 0 0
2002070500 0 0 0 0 0 0 0 0 0 0 0 0 0 0 0 0 0 0 0.1 0 0 0 0 0 0 0 0 0 0 0 0 0 0 0 0 0.2 0 0 0 0 0 0
2002070501 0 0 0.1 0 0.1 0.2 0.1 0 0 0 0 0 0 0 0 0 0 0 0 0 0 0 0 0 0 0 0 0 0 0 0 0 0.2 0 0 0 0.1 0 0 0 0 0
2002070502 0 0 0 0 0 0 0 0.1 0 0 0 0 0 0 0 0 0 0.1 0 0 0 0 0 0 0 0 0 0 0 0.1 0 0 0 0 0 0 0 0 0 0 0 0
2002070503 0 0 0 0 0 0 0 0 0 0 0 0 0 0 0 0 0 0 0 0 0 0 0 0 0 0 0 0 0 0 0 0 0 0.1 0 0 0 0 0 0 0 0
2002070504 0 0 0 0 0 0 0 0 0 0 0 0 0 0 0 0 0 0 0 0 0 0 0 0 0 0 0 0 0 0 0 0 0 0 0 0 0 0 0 0 0 0
2002070505 0 0 0 0 0 0 0 0 0 0 0 0 0 0 0 0 0 0 0 0 0 0 0 0 0 0 0 0 0 0 0 0 0 0 0 0 0 0 0 0 0 0
2002070506 0 0 0 0 0 0 0 0 0 0 0 0 0 0 0 0 0 0 0 0 0 0 0 0 0 0 0 0 0 0 0 0 0 0 0 0 0 0 0 0 0 0
2002070507 0 0 0 0 0 0 0 0 0 0 0 0 0 0 0 0 0 0 0 0 0 0 0 0 0 0 0 0 0 0 0 0 0 0 0 0 0 0 0 0 0 0
2002070508 0 0 0 0 0 0 0 0 0 0 0 0 0 0 0 0 0 0 0 0 0 0 0 0 0 0 0 0 0 0 0 0 0 0 0 0 0 0 0 0 0 0
2002070509 0 0 0 0 0 0 0 0 0 0 0 0 0 0 0 0 0 0 0 0 0 0 0 0 0 0 0 0 0 0 0 0 0 0 0 0 0 0 0 0 0 0
2002070510 0 0 0 0 0 0 0 0 0 0 0 0 0 0 0 0 0 0 0 0 0 0 0 0 0 0 0 0 0 0 0 0 0 0 0 0 0 0 0 0 0 0
2002070511 0 0 0 0 0 0 0 0 0 0 0 0 0 0 0 0.1 0 0 0 0 0 0 0 0 0 0 0 0 0 0 0 0 0 0 0 0 0 0 0 0 0 0
2002070512 0 0 0 0 0 0 0 0 0 0 0 0 0 0 0 0 0 0 0 0 0 0 0 0 0 0 0 0 0 0 0 0 0 0 0 0 0 0 0 0 0 0
2002070513 0 0 0 0 0 0 0 0 0 0 0 0 0 0 0 0 0 0 0 0 0 0 0 0 0 0 0 0 0 0 0 0 0 0 0 0 0 0 0 0 0 0
2002070514 0 0 0 0 0 0 0 0 0 0 0 0 0 0 0 0 0 0 0 0 0 0 0 0 0 0 0 0 0 0 0 0 0 0 0 0 0 0 0 0 0 0
2002070515 0 0 0 0 0 0 0 0 0 0.1 0 0 0 0 0 0 0 0 0 0 0 0 0 0 0 0 0 0 0 0 0 0 0 0 0 0 0 0 0 0 0 0
2002070516 0 0 0 0 0 0 0 0 0 0 0 0 0.2 0 0.4 0 0 0 0 0.1 0 0 0 0.1 0 0 0 0 0 0 0 0 0 0 0 0 0 0 0 0 0 0
2002070517 0 0.2 0 0 0 0 0 0 0 0.1 0.2 0 0.2 0.4 0.3 0.2 0.4 0 0 0.5 0 0 0.2 0.1 0 0.2 0 0 0 0 0 0 0 0 0 0 0 0 0 0 0 0
2002070518 0.1 0.4 0.2 0 0 0 0 0 0 0.7 0 0.1 0.3 0.4 0.8 0.8 0.5 0.4 0.1 0.9 0.5 0 0.5 0.4 0.4 0.8 0.2 0 0 0 0 0 0 0.1 0 0.3 0.4 0 0 0 0 0
2002070519 0.1 0.4 0.2 0 0.1 0.4 0.1 0.2 0.1 0.4 0.4 0.5 0.5 0.1 0.4 0.6 0.1 0.6 0.3 0.2 0.3 0.4 0.3 0.4 0.3 0.3 0.3 0.2 0 0.1 0 0.3 0.2 0.8 0.5 0.6 0.4 0 0 0 0.2 0.1
2002070520 0.3 0.1 0.4 0 0.2 0.3 0.3 0.2 0.4 0 0.3 0.1 0 0 0 0 0 0.2 0.2 0.1 0.2 0.1 0.2 0.2 0.3 0.3 0.2 0.1 0 0.1 0.1 0.1 0 0.1 0.4 0.1 0 0 0 0 0.4 0.4
2002070521 0.1 0 0.2 0 0.2 0.2 0.2 0.2 0.2 0 0 0 0 0 0 0.1 0 0.3 0.3 0.1 0 0.1 0.6 0.4 0 0.2 0.1 0 0.2 0.1 0.2 0.2 0.3 0.1 0.1 0 0 0.2 0.3 0.2 0.2 0.2
2002070522 0.1 0 0.1 0 0 0 0 0.3 0.2 0 0 0.1 0 0 0 0 0 0.2 0 0.1 0.1 0.2 0.2 0 0 0 0 0 0.4 0.4 0.2 0.2 0.6 0 0.1 0.2 0.2 0.2 0.2 0 0.2 0.2
2002070523 0 0 0 0 0.2 0 0.1 0.3 0.3 0 0 0 0 0 0 0 0.1 0 0 0 0 0 0 0 0.1 0 0.2 0 0.1 0.1 0.1 0 0.2 0 0.1 0 0 0.1 0 0.5 0.1 0.1
2002070600 0 0 0 0 0.1 0 0 0 0.1 0 0 0 0 0.1 0 0 0 0.2 0.3 0 0 0 0.2 0.1 0.1 0.2 0.2 0.5 0 0 0 0.2 0 0 0 0 0 0 0.3 0.4 0 0.1
2002070601 0 0 0 0 0 0.1 0 0 0 0 0 0 0 0 0 0.1 0.1 0.1 0 0.1 0 0 0.2 0.1 0.3 0.1 0.1 0.5 0 0.1 0.1 0 0.2 0 0 0 0 0.3 0.1 0 0 0
2002070602 0 0 0 0 0 0 0 0.1 0 0.2 0 0.1 0.1 0.1 0 0.1 0.1 0 0.1 0 0 0 0.2 0.1 0.1 0.3 0.1 0.2 0 0.1 0.1 0.1 0.3 0.1 0 0.2 0 0.2 0 0 0 0
2002070603 0 0 0 0 0 0 0.1 0 0.2 0.2 0 0 0 0 0.1 0.1 0.1 0.4 0.2 0 0 0 0.5 0.1 0.1 0.1 0.2 0.1 0 0 0 0 0 0 0 0 0 0 0.1 0.1 0 0
2002070604 0 0 0.3 0 0.1 0 0.1 0 0.3 0 0 0 0 0 0.1 0 0.1 0.1 0 0 0 0 0.1 0 0.2 0.1 0 0.2 0.1 0 0.1 0 0.1 0.1 0 0 0 0.1 0 0 0 0
2002070605 0 0 0.2 0 0.1 0 0 0 0 0 0 0 0 0.2 0.1 0 0.2 0 0 0 0 0 0.1 0 0.3 0.3 0.2 0.5 0 0 0 0 0 0 0 0 0 0 0 0.2 0 0
2002070606 0 0 0 0 0 0 0 0 0 0 0 0 0.1 0.1 0 0.4 0.1 0.1 0.1 0 0 0 0.2 0.1 2.1 0.4 1 0.4 0 0 0 0 0 0.1 0 0.4 0 0 0 0 0 0
2002070607 0 0 0.1 0 0 0 0 0 0.2 0 0.1 0.2 0 0.3 0.2 0.2 0 0 0.3 0 0 0 0 0 0.3 0.4 0.3 0.1 0 0 0 0.1 0 0.2 0.2 0.7 0.3 0.1 0 0 0 0
2002070608 0 0 0 0 0 0 0.2 0 0 0 0 0 0 0.1 0.4 0.6 0.6 0 0 0 0 0 0 0 0.3 0 1.2 0.1 0.2 0 0.1 0 0 0.1 0.1 0.1 0 0 0 0 0 0
2002070609 0 0 0 0 0 0 0.2 0 0.2 0 0 0.5 0 0 0.1 0.2 0 0 0.2 0 0.2 0 0 0 0.6 0.6 0.4 0.1 0 0 0 0.3 0 0.6 0 0 0.1 0.1 0 0 0 0
2002070610 0 0 0.5 1.2 0 0 0 0 0.1 0 0 0 0 0 0 0 0 0 0.3 0 0 0 0 0 0.2 0 0.5 0 0.1 0 0.1 0.1 0 0.8 0 1.3 0 1.3 0 0 0.6 0
2002070611 0 0 0 1.1 1.7 0.1 0.2 0.5 0 0 0.1 0 0 0.1 2.2 0 0 0 0 0 0 0 0 0 0 0 0 0 2.3 0 0 0 0.2 0.1 0 0 0 0.4 0.7 0 1 0
2002070612 1.5 0 0 0 1.7 0.1 0.1 0.8 0.9 0 0.5 0 0 0 0 0 0 0 0 0 0.1 0 0.6 0 0 0 0 0 0.7 0 2.1 0 2.1 0 0 0.3 1.4 0.2 0.4 0 0.7 0
2002070613 0 0 0 0 0 0 0 0.1 0.1 0 0 0.5 0 0 0 0 0 1 0 0 0 0.3 0.6 0.1 0 0 0 0 0 0 0 0 0 0 0 0 0.2 0 0 0 0 0.3
2002070614 0 0 0 0 0.6 0 0 0 0 0 0 0 0 0 0 0 0 0 0 0 0 0 0 0 0.7 0 0 0.9 0 0 0 0.6 0 0 0 0 0 0 0 0.3 0 0
2002070615 0 0 0 0 0 0 0 0 0 0 0 0 0 0 0 0.1 0 0 0 0 0 0 0 0 0 0 0 0 0 0 0 0.4 0 0 0 0 0 0 0 0 0 0
2002070616 0 0 0 0.1 0 0 0 0 0 0 0 0 0 0 0 0.1 0 0 0 0 0 0 0 0 0 0 0 0 0 0 0 0 0 0 0 0 0 0 0 0 0 0
2002070617 0 0 0 0 0.1 0 0 0 0 0 0 0 0 0 0 0 0 0 0 0 0 0 0 0.3 0 0 0 0 0 0 0 0 0 0 0 0 0 0 0 0 0 0
2002070618 0 0 0 0 0 0 0 0 0 0 0 0 0 0 0 0 0 0 0 1.5 0 0 0 0 0 0 1 0 0 0 0 0 0 0 0 0 0 0 0 0 0 0
2002070619 0 0 0 0 0 0 0 0 0 0 0 0 0 0 0 0 0 0 0 0 0 0 0 0 0 0 0 0 0 0 0 0 0 0 0 0 0 0 0 0 0 0
2002070620 0 0 0.1 0 0 0 0 0 0 0 0 0 0 0 0 0 0 0 0 0 0 0 0 0.2 0 0 0 0 0 0 0 0 0 0 0 0 0 0 0 0 0 0
2002070621 0 0 0 0 0 0 0 0 0 0 0 0 0 0 0 0 0 0 0 0 0 0 0 0.1 0.3 0.5 0 0 0 0 0 0 0.1 0 0 0 0 0 0 0 0 0
2002070622 0 0 0 0 0 0 0 0.4 0 0 0 0 0 0 0 0 0 0 0 0 0 0 0 0 0.9 0 0.5 0.7 0 0 0 0 0 0 0 0 0 0 0 0 0 0
2002070623 0 0 0 0 0 0 0 0 0 0 0 0 0 0 0 0 0 0 0 0 0 0 0 0 0 0 0.1 0.2 0 0 0 0 0 0 0 0 0 0.5 0 0 0.2 0
2002070700 0 0 0 0 0 0 0 0 0 0 0 0 0 0 0 0 0 0 0 0 0 0 0 0 0 0.1 0 0 2.2 0 0 0 0 0 0 0 0 0 0 0 0 0
2002070701 0 0 0 0 0 0 0 0 0 0 0 0 0 0 0 0 0 0 0 0 0 0 0 0 0 0 0 0 0 0 0 0 0 0 0 0 0 0 0 0 0.3 0
2002070702 0 0 0.1 0 0 0 0 0 0 0 0 0 0 0 0 0 0 0 0 0 0 0 0 0.1 0 0 0 0 0 0 0 0 0 0 0 0 0.1 0 0 0 0.4 0
2002070703 0 0 0 0 0 0 0 0 0 0 0 0 0 0 0 0 0 0 0 0 0 0 0 0 0 0 0 0.1 0 0 0 0 0 0 0 0 0 0 0 0 0 0
2002070704 0 0 0 0 0 0 0 0 0 0 0 0 0 0 0 0 0 0 0 0 0 0 0 0 0 0 0.1 0 0 0 0.1 0 0 0 0 0 0 0.1 0 0 0 0
2002070705 0 0 0 0 0 0 0 0 0 0 0 0 0 0 0 0 0 0 0 0 0 0 0 0 0 0 0 0 0 0 0 0 0 0 0 0 0 0 0 0 0 0
2002070706 0 0 0 0 0 0 0 0 0 0 0 0 0 0 0 0 0 0 0 0 0 0 0 0 0 0 0 0 0 0 0 0 0 0 0 0 0 0 0 0 0 0
2002070707 0 0 0 0 0 0 0 0 0 0 0 0 0 0 0 0 0 0 0 0 0 0 0 0 0 0 0 0 0 0 0 0 0 0 0 0 0 0 0 0 0 0
2002070708 0 0 0 0 0 0 0 0 0 0 0 0 0 0 0 0 0 0 0 0 0 0 0 0 0 0 0 0 0 0 0 0 0 0 0 0 0 0 0 0 0 0
2002070709 0 0 0 0 0 0 0 0 0 0 0 0 0 0 0 0 0 0 0 0 0 0 0 0 0 0 0 0 0 0 0 0 0 0 0 0 0 0 0 0 0 0
2002070710 0 0 0 0 0 0 0 0 0 0 0 0 0 0 0 0 0 0 0 0 0 0 0 0 0 0 0 0 0 0 0 0 0 0 0 0 0 0 0 0 0 0
2002070711 0 0 0 0 0 0 0 0 0 0 0 0 0 0 0 0 0 0 0 0 0 0 0 0 0 0 0 0 0 0 0 0.1 0 0 0 0 0 0 0 0 0 0
2002070712 0 0 0 0 0 0 0 0 0 0 0 0 0 0 0 0 0 0 0 0 0 0 0 0 0 0 0 0 0 0 0 0 0 0 0 0 0 0 0 0 0 0
2002070713 0 0 0 0 0 0 0 0 0 0 0 0 0 0 0 0 0 0 0 0 0 0 0 0 0 0 0 0 0 0 0 0 0 0 0 0 0 0 0 0 0 0
2002070714 0 0 0 0 0 0 0 0 0 0 0 0 0 0 0 0 0 0 0 0 0 0 0 0 0 0 0 0 0 0 0 0 0 0 0 0 0 0 0 0 0 0
2002070715 0 0 0 0 0 0 0 0 0 0 0 0 0 0 0 0 0 0 0 0 0 0 0 0 0 0 0 0 0 0 0 0 0 0 0 0 0 0 0 0 0 0
2002070716 0 0 0 0 0 0 0 0 0 0 0 0 0 0 0 0 0 0 0 0 0 0 0 0 0 0 0 0 0 0 0 0 0 0 0 0 0 0 0 0 0 0
2002070717 0 0 0 0 0 0 0 0 0 0 0 0 0 0 0 0 0 0 0 0 0 0 0 0 0 0 0 0 0 0 0 0 0 0 0 0 0 0 0 0 0 0
2002070718 0 0 0 0 0 0 0 0 0 0 0 0 0 0 0 0 0 0 0 0 0 0 0 0 0 0 0 0 0 0 0 0 0 0 0 0 0 0 0 0 0 0
2002070719 0 0 0 0 0 0 0 0 0 0 0 0 0 0 0 0 0 0 0 0 0 0 0 0 0 0 0 0 0 0 0 0 0 0 0 0 0 0 0 0 0 0
2002070720 0 0 0 0 0 0 0 0 0 0 0 0 0 0 0 0 0 0 0 0 0 0 0 0 0 0 0 0 0 0 0 0 0 0 0 0 0 0 0 0 0 0
2002070721 0 0 0 0 0 0 0 0 0 0 0 0 0 0 0 0 0 0 0 0 0 0 0 0 0 0 0 0 0 0 0 0 0 0 0 0 0 0 0 0 0 0
2002070722 0 0 0 0 0 0 0 0 0 0 0 0 0 0 0 0 0 0 0 0 0 0 0 0 0 0 0 0 0 0 0 0 0 0 0 0 0 0 0 0 0 0
2002070723 0 0 0 0 0 0 0 0 0 0 0 0 0 0 0 0 0 0 0 0 0 0 0 0 0 0 0 0 0 0 0 0 0 0 0 0 0 0 0 0 0 0
2002070800 0 0 0 0 0 0 0 0 0 0 0 0 0 0 0 0 0 0 0 0 0 0 0 0 0 0 0 0 0 0 0 0 0 0 0 0 0 0 0 0 0 0
2002070801 0 0 0 0 0 0 0 0 0 0 0 0 0 0 0 0 0 0 0 0 0 0 0 0 0 0 0 0 0 0 0 0 0 0 0 0 0 0 0 0 0 0
2002070802 0 0 0 0 0 0 0 0 0 0 0 0 0 0 0 0 0 0 0 0 0 0 0 0 0 0 0 0 0 0 0 0 0 0 0 0 0 0 0 0.1 0 0
2002070803 0.1 0 0 0 0 0 0.1 0 0 0 0 0 0 0 0 0 0 0 0 0 0 0 0 0 0.1 0 0 0 0 0 0 0 0 0 0 0 0 0 0.1 0 0 0.1
2002070804 0 0 0 0 0 0 0 0 0 0 0 0 0 0 0 0 0 0 0 0 0 0 0 0 0 0 0 0 0 0 0 0 0 0 0 0 0 0 0 0 0 0
2002070805 0 0 0 0 0 0 0 0 0 0 0 0 0 0 0 0 0 0 0 0 0 0 0 0 0 0 0 0 0 0 0 0 0 0 0 0 0 0 0 0 0.1 0
2002070806 0 0 0 0 0 0 0 0 0 0 0 0 0 0 0 0 0 0 0 0 0 0 0 0 0 0 0 0 0 0.1 0 0 0 0 0 0 0 0 0 0 0 0
2002070807 0 0 0 0 0 0 0 0 0 0 0 0 0 0 0 0 0 0 0 0 0 0 0 0 0 0 0 0 0 0 0 0 0.1 0 0 0 0 0 0 0 0 0
2002070808 0 0 0 0 0 0 0 0.1 0 0 0 0 0 0 0 0 0 0 0 0 0 0 0 0 0 0 0 0 0 0 0 0 0 0 0 0 0 0 0 0 0 0
2002070809 0 0 0 0 0 0 0 0 0 0 0 0 0 0 0 0 0 0 0 0 0 0 0 0 0 0 0 0 0 0 0 0 0 0 0 0 0 0 0 0 0 0
2002070810 0 0 0 0 0 0 0 0 0 0 0 0 0 0 0 0 0 0 0 0 0 0 0 0 0 0 0 0 0 0 0 0 0 0 0 0 0 0 0 0 0 0
2002070811 0 0 0 0 0 0 0 0 0 0 0 0 0 0 0 0 0 0 0 0 0 0 0 0 0 0 0 0 0 0 0 0 0 0 0 0 0 0 0 0 0 0
2002070812 0 0 0 0 0 0 0 0 0 0 0 0 0 0 0 0 0 0 0 0 0 0 0 0 0 0 0 0 0 0 0 0 0 0 0 0 0 0 0 0 0 0
2002070813 0 0 0 0 0 0 0 0 0 0 0 0 0 0 0 0 0 0 0 0 0 0 0 0 0 0 0 0 0 0 0 0 0 0 0 0 0 0 0 0 0 0
2002070814 0 0 0 0 0 0 0 0 0 0 0 0 0 0 0 0 0 0 0 0 0 0 0 0 0 0 0 0 0 0 0 0 0 0 0 0 0 0 0 0 0 0
2002070815 0 0 0 0 0 0 0 0 0 0 0 0 0 0 0 0 0 0 0 0 0 0 0 0 0 0 0 0 0 0 0 0 0 0 0 0 0 0 0 0 0 0
2002070816 0 0 0 0 0 0 0 0 0 0 0 0 0 0 0 0 0 0 0 0 0 0 0 0 0 0 0 0 0 0 0 0 0 0 0 0 0 0 0 0 0 0
2002070817 0 0 0 0 0 0 0 0 0 0 0 0 0 0 0 0 0 0 0 0 0 0 0 0 0 0 0 0 0 0 0 0 0 0 0 0 0 0 0 0 0 0
2002070818 0 0 0 0 0 0 0 0 0 0 0 0 0 0 0 0 0 0 0 0 0 0 0 0 0 0 0 0 0 0 0 0 0 0 0 0 0 0 0 0 0 0
2002070819 0 0 0 0 0 0 0 0 0 0 0 0 0 0 0 0 0 0 0 0 0 0 0 0 0 0 0 0 0 0 0 0 0 0 0 0 0 0 0 0 0 0
2002070820 0 0 0 0 0 0 0 0 0 0 0 0 0 0 0 0 0 0 0 0 0 0 0 0 0 0 0 0 0 0 0 0 0 0 0 0 0 0 0 0 0 0
2002070821 0 0 0 0 0 0 0 0 0 0 0 0 0 0 0 0 0 0 0 0 0 0 0 0 0 0 0 0 0 0 0 0 0 0 0 0 0 0 0 0 0 0
2002070822 0 0 0 0 0 0 0 0 0 0 0 0 0 0 0 0 0 0 0 0 0 0 0 0 0 0 0 0 0 0 0 0 0 0 0 0 0 0 0 0 0 0
2002070823 0 0 0 0 0 0 0 0 0 0 0 0 0 0 0 0 0 0 0 0 0 0 0 0 0 0 0 0 0 0 0 0 0 0 0 0 0 0 0 0 0 0
2002070900 0 0 0 0 0 0 0 0 0 0 0 0 0 0 0 0 0 0 0 0 0 0 0 0 0 0 0 0 0 0 0 0 0 0 0 0 0 0 0 0.1 0 0
2002070901 0 0 0 0 0 0 0 0 0 0 0 0 0 0 0 0 0.1 0 0.3 0 0.2 0 0 0.1 0.4 0 0 0 0 0 0 0 0 0 0 0 0 0 0 0.3 0 0
2002070902 0 0 0 0 0 0 0 0 0 0 0 0 0 0 0 0 0.1 0 0 0 0 0.1 0 0 0.1 0 0 0.2 0 0 0 0 0 0 0 0 0.1 0 0 0.2 0 0
2002070903 0.1 0 0.1 0 0 0 0.1 0 0 0 0 0 0 0 0 0 0 0.1 0 0 0 0 0 0 0 0 0 0 0.1 0.1 0 0 0 0.1 0.1 0.1 0 0 0 0 0 0.1
2002070904 0 0 0 0 0 0 0 0 0 0 0 0 0 0 0 0 0 0 0 0 0 0 0 0 0 0 0 0 0 0 0 0 0 0 0 0 0 0 0 0.1 0 0
2002070905 0 0 0 0 0 0 0 0 0 0 0 0 0 0 0 0 0 0 0 0 0 0 0 0.1 0 0 0 0.1 0 0 0 0 0 0 0 0 0 0 0.1 0 0 0
2002070906 0 0 0 0 0 0 0 0 0 0 0 0 0 0.2 0 0 0.7 0 0 0 0 0 0 0 0.2 0 0 0 0 0 0 0 0.1 0 0 0 0 0.1 0 0 0 0
2002070907 0 0 0 0 0 0 0 0 0 0 0 0 0.3 0.1 0 0 0.2 0 0 0 0 0 0.1 0 0 0 0 0 0 0 0 0 0 0 0 0 0.1 0 0 0 0 0
2002070908 0 0 0 0 0 0 0 0 0 0.1 0.1 0 0.1 0.1 0 0 0.3 0 0 0 0 0 0 0 0 0.1 0 0 0 0 0 0 0 0 0 0 0 0 0 0 0 0
2002070909 0 0 0 0 0 0 0 0 0 0 0 0 0 0 0 0 0 0 0 0 0 0 0 0 0 0 0 0 0 0 0 0 0 0 0 0 0 0 0 0 0 0
2002070910 0 0 0 0 0 0 0 0 0 0 0 0 0 0 0 0 0 0 0 0 0 0 0 0 0 0 0 0 0 0 0 0 0 0 0 0 0 0 0 0 0 0
2002070911 0 0 0 0 0 0 0 0 0 0 0 0 0 0 0 0 0 0 0 0 0 0 0 0 0 0 0 0 0 0 0 0 0 0 0 0 0 0 0 0 0 0
2002070912 0 0 0 0 0 0 0 0 0 0 0 0.1 0 0 0 0 0 0 0 0 0.1 0 0 0 0 0 0 0 0 0 0 0 0 0 0 0 0 0 0 0 0 0
2002070913 0 0 0 0 0 0 0 0 0 2.3 0 0 0 0 0.5 0 0 0 0 0 0 0 0 0 0 0 0 0 0 0 0 0 0 0 0 0 0 0 0 0 0 0
2002070914 0 0.3 0 0 0 0 0 0 0 1.6 0 0 2.4 0.3 0 0 1.1 0 0 0 0 0 0 0 0 0 0 0 0 0 0 0 0 0 0 0 0 0 0 0 0 0
2002070915 0 0 0 0 0 0 0 0 0 0.1 0 0 0 0.5 0.1 0 0 0 0 0 0 0 0 0 0.1 0.7 0 0 0 0 0 0 0 0 0 0 0 0 0 0 0 0
2002070916 0 0 0 0 0 0 0 0 0 0.1 0 0 0.6 0 0 0.5 0 7.3 1.5 1.1 1.5 0.8 0.3 8.4 5.2 8.7 0 0.2 0 0 0 0 0 0 0 0 0 0 0 2.4 0 0
2002070917 0 0.1 0 0 0 0 0 0 0 0 0 0.1 0 0 0 0.1 0 1.1 1 0 2.5 1.2 2.7 0 0 0 0.1 1.2 0.1 3.7 0.4 7.9 0 0.5 2.2 0.8 2 0.4 0 0.4 0 0
2002070918 0.1 0.6 0.1 0 0.1 0.2 0.2 0.2 0 0 0 0.1 0 0 0 0 0 0 0 0 0 0 0 0 0 0 0 0 0.1 0.4 1.5 0 2.4 0 0 0.1 0 0 0 0 0 0
2002070919 0 0 0 0 0 0 0 0 0 0 0 0 0 0 0 0 0.1 0 0 0 0 0 0 0 0 0 0 0 0 0 0 0 0 0 0 0 0 0 0 0 0 0
2002070920 0 0 0 0 0 0 0 0 0 0 0 0 0 0 0 0 0 0 0 0 0 0 0 0 0 0 0 0 0 0 0 0 0.1 0 0 0 0 0 0 0 0 0
2002070921 0 0 0 0 0 0 0 0 0 0 0 0 0 0 0 0 0 0 0 0 0 0 0 0 0 0 0 0 0 0 0 0 0 0 0 0 0 0 0 0 0 0
2002070922 0 0 0.1 0 0 0 0 0 0 0 0 0 0 0 0 0 0 0 0 0 0 0 0 0 0 0 0 0 0 0 0 0 0 0 0 0 0 0 0 0 0 0
2002070923 0 0.1 0 0 0 0 0 0 0 0.1 0 0 0.5 0 0.3 0 0 0 0 0 0 0 0 0 0 0 0 0 0 0 0 0 0 0 0 0 0 0 0 0 0 0
2002071000 0 0 0 0 0 0.1 0 0 0 0 0 0 0 0 0 0 0 0 0 0 0 0 0 0 0 0 0 0 0 0 0 0 0 0 0 0 0 0 0 0 0 0
2002071001 0 0 0 0 0 0 0 0 0 0 0 0 0 0 0 0 0 0 0 0 0 0 0 0 0 0 0 0 0 0 0 0 0 0 0 0 0 0 0 0 0 0
2002071002 0 0 0 0 0 0 0 0 0 0.1 0 0 0 0 0.2 0.1 0.1 0.1 0.2 0 0 0 0.3 0.4 0.3 0.6 0.2 0.1 0 0 0 0 0 0 0 0 0 0.2 0 0.1 0 0
2002071003 0 0.2 0 0 0 0 0 0 0 0.8 0 0.3 2.6 2.8 1.5 1.1 3.1 3.1 1.6 1.7 1.3 0.9 2.8 3.4 4.4 4.1 1.8 1.5 0.1 0.2 0.3 0.6 0.2 0.1 0.4 0.4 0.7 0.2 1.4 2 0 0
2002071004 0 0.7 0 0 0 0 0.1 0.2 0 1.9 0.1 0.5 1.9 1.5 2.7 2.2 1.6 2.2 1.6 2.6 1.6 2.2 2.4 2.7 1.9 2.4 2.7 2.3 0.3 2 2.5 2.3 0.3 0.6 1.1 0.7 1.3 0.6 3 4.9 0.1 0
2002071005 0.3 1 0.4 0.5 0 1.2 0.2 3 0.7 2.2 0.6 1.7 2 1.8 2.6 3.2 2 2.6 2.1 2.9 2.4 1.6 3.4 3.8 2.3 3.1 2.1 1.7 2.5 1.5 1.9 1.7 2.8 0.8 1 1.5 1.7 3.9 3 1.3 0 0
2002071006 0.6 2.7 0.8 1.9 1.6 0.9 1 0.4 2.4 2.6 3.4 2.6 2.2 1.7 2.6 3.6 1.6 2.5 2.4 2.8 2.7 1.9 3 3.2 2.2 3.1 2.4 1.2 1.7 2 1.7 1.7 2.5 2.7 2.4 2.4 2.5 3.1 1.9 1.7 0.3 2.4
2002071007 0.3 2.7 0.3 1.2 0.1 0.2 0 0.6 0.2 1.6 3 3.7 1.3 0.6 1.9 2.8 0.4 3.2 2.4 2.6 3.1 2.2 3.1 3 3 2.4 3 2.5 1.6 2.8 3.1 1.8 1.4 2.4 1.9 2.8 2.9 4.1 3 3.1 0.1 0.8
2002071008 3.7 2.4 3.3 2.3 3 4.8 4.4 3.1 4.2 1.7 3 3.6 1.1 0.9 1.5 3.2 1 2.8 4.9 2 4.4 4 2.4 2.9 2.7 2.7 4.9 6.5 4.4 3.4 3.8 4.8 4.5 3.9 2.6 4.6 4.8 3.5 6 5.2 0.2 4
2002071009 3.6 2.7 3.5 3.5 3.5 3.6 3.1 4.7 4.8 1.9 4.1 2.8 1.3 0.9 2 2.6 0.9 2.4 2.9 2 2.7 2.9 2.2 2 1.8 1.4 3.2 3.9 5.1 5.4 4.9 3.2 6.2 3.9 4.7 2.7 2.9 5.6 4.1 3.3 0.4 5.7
2002071010 5.7 1.6 4.9 3.3 5.5 5.8 6.1 5.3 7.8 1.2 1.9 2.2 0.5 0.2 0.6 1.6 0.1 1.2 1.5 0.4 1.5 2 0.2 0.1 0.5 0 1.3 1.7 4.1 2.8 2.4 1.9 4.3 2.4 2.7 2.2 2.3 3.9 1.8 1.9 0.6 6
2002071011 3 1 2.1 1.6 3.1 2.3 3 2.5 3 0.1 1.5 0.6 0 0 0 0.1 0 0 0 0 0.2 0.4 0 0 0.3 0.1 0.2 1 2.2 1.4 1.2 0.3 2.5 1.2 1.6 0.9 0.6 1.6 0.6 1 0.7 3.1
2002071012 0.9 0 0.4 0.4 1.1 0.5 0.8 0.5 0.9 0 0.1 0 0 0 0 0 0 0 0.1 0 0 0 0 0 0 0 0 0 0.3 0.3 0.2 0.2 0.7 0 0.1 0 0 0.4 0 0 1.2 0.8
2002071013 0 0 0.1 0 0.1 0.1 0.2 0 0 0 0 0 0 0 0 0 0 0 0 0 0 0 0 0 0 0 0 0 0 0 0 0 0 0 0 0 0 0 0 0 1.4 0
2002071014 0 0 0 0 0 0 0 0 0 0 0 0 0 0 0 0 0 0 0 0 0 0 0 0 0 0 0 0 0 0 0 0 0 0 0 0 0 0 0 0 0.9 0
2002071015 0 0 0 0 0 0 0 0 0 0 0 0 0 0.4 0 0 2.8 0 0 0 0 0 0 0 0 0 0 0 0 0 0 0 0 0 0 0 0 0 0 0 0.7 0
2002071016 0 0 0 0 0 0.1 0 0 0 0 0 0 0 0.2 0.8 4 0 0 0 1.9 4.9 0 0.5 0 0 0 0 0 0 0 0 0 0 0 0 0 0 0 0 0 2.6 0
2002071017 0 0 0 0 0 0 0 0 0 0 0 0.2 0 0 0 0 0 0.2 0.2 0 0.1 1.6 1 0 0 0 0 0 0 0.9 0 0 0.2 0.3 2.8 5.2 1.9 0 0 0 0 0
2002071018 0 0 0 0 0 0 0 0.2 1.2 0 0 0 0 0 0 0 0 0 0 0 0 0 0 0 0 0 0 0 0 0 0 0.1 0.2 0 0 0 0 0 0 0 1.7 1.2
2002071019 0 0 0 0 0 0 0 0 0 0 0 0 2.5 4.3 0.1 0 1.8 0 0 0 0 0 0 0 0 0 0 0 0 0 0 0 0 0 0 0 0 0 0 0 0.1 0
2002071020 0 0.1 0 0 0 0 0 0 0 3.4 0.6 1.3 0.4 0.2 3.1 0.2 0 0 0 0 0 0 0 0 0 0 0 0 0 0 0 0 0 0.3 0 0 0 0 0 0 0.1 0
2002071021 0.2 0.1 1 0 0 0 0 0 0 0.1 0.8 0.3 0 3 0.8 0 0.7 0 0 0.1 0 0 0 0.3 0.5 0.2 0 0 0 0 0 0 0 0.7 0 0 0 0 0 0 0 0
2002071022 0.3 0 0.1 0 0.1 0 0.1 0 0 0.1 0 0.3 0.1 0.1 0.1 0.1 0 0 0 0 0.1 0 0 0 0.1 0 0.2 1.1 0 0 0.1 0 0 0 0 0 0.1 0 0 0 0 0
2002071023 0.1 0 0 0 0 0 0 0 0 0.1 0 0.1 0.1 0 0 0 0 0 0.1 0 0 0 0 0 0 0 0 0 0.1 0 0 0.1 0 0 0 0 0 0.5 0 0 0 0
2002071100 0 0 0 0.1 0 0 0 0 0.1 0 0 0 0 0 0 0 0.1 0 0 0 0 0 0 0 0 0 0 0 0 0.1 0 0 0 0 0 0 0 0 0 0 0.1 0
2002071101 0 0 0 0 0 0 0 0 0 0 0 0 0 0 0 0 0 0 0 0.1 0 0 0.1 0 0 0 0 0 0 0 0 0 0 0 0 0 0 0 0 0 0 0
2002071102 0 0 0.1 0 0 0 0 0 0 0 0 0 0 0.1 0 0 0.1 0.1 0 0 0 0 0 0 0 0 0.1 0.1 0 0 0 0 0 0.1 0 0 0 0 0 0 0 0
2002071103 0 0 0 0 0 0 0 0 0 0.1 0 0 0.1 0 0 0.1 0 0 0 0 0 0 0 0 0 0 0 0 0 0 0 0 0 0 0 0 0 0 0 0 0.1 0
2002071104 0.1 0 0 0 0 0 0 0 0 0 0 0.1 0 0 0.1 0 0 0 0.1 0 0 0 0 0 0.1 0 0 0 0 0 0 0 0 0 0 0 0 0.1 0 0.1 0 0
2002071105 0 0 0 0 0 0 0 0 0 0 0 0 0 0 0 0 0 0 0 0 0 0 0 0 0 0 0 0 0 0 0 0 0 0 0 0 0 0 0 0 0 0
2002071106 0 0 0 0 0 0 0 0 0 0 0 0 0 0 0 0 0 0 0 0 0 0 0 0 0 0 0 0 0 0 0 0 0 0 0 0 0 0 0 0 0 0
2002071107 0 0 0 0 0 0 0 0 0 0 0 0 0 0 0 0 0 0 0 0 0 0 0 0 0 0 0 0 0 0 0 0 0 0 0 0 0 0 0 0 0 0
2002071108 0 0 0 0 0 0 0 0 0 0 0 0 0 0 0 0 0 0 0 0 0 0 0 0 0 0 0 0 0 0 0 0 0 0 0 0 0 0 0 0 0 0.1
2002071109 0 0 0 0 0 0 0 0 0 0 0 0 0 0 0 0 0 0 0 0 0 0 0 0 0 0 0 0 0 0 0 0 0 0 0 0 0 0 0 0 0 0
2002071110 0 0 0 0 0 0 0 0 0 0 0 0 0 0 0 0 0 0 0 0 0 0 0 0.1 0 0 0 0 0 0 0 0 0 0 0 0 0 0 0 0 0 0
2002071111 0 0 0 0 0 0 0 0 0 0 0 0 0 0 0 0 0 0 0 0 0 0 0 0 0 0 0 0 0.1 0 0 0 0 0 0 0 0 0 0 0 0 0
2002071112 0 0 0 0 0 0 0.1 0 0 0 0 0 0 0 0 0.2 0 0 0 0 0 0 0 0 0 0 0 0 0 0 0 0 0 0.7 0 0 0 0.1 0 0 0 0
2002071113 0 0 0 0 0 0 0 0 0 0 0 0 0.1 0 0 0 0 0 0 0 0 0 0 0 0 0 0 0 0 0 0 0 0.2 0 0 0 0 0 0 0 0 0
2002071114 0 0 0 0 2.2 0 0 0 0 0 0 0 0 0 0 0 0 0 0 0 0 0 0 0 0 0 0 0 0 0 0 0 0 0 0 0 0 0 0 0 0 0
2002071115 0 0 0 0 0.1 0 0 0 0 0 0 0 0 0 0.2 0 0 0 0 0 0 0 0 0 0 0 0 0 0 0 0 0 0 0 0 0 0 0 0 0 0 0
2002071116 0 0 0 0 0 0 0 0 0 0 0.4 0 0 0 0 0 0 0 0 0 0 0 0 0 0 0 0 0 0 0 0 0 0 0 0 0 0 0 0 0 0 0
2002071117 0.6 0 0 2.7 0 0 0.1 0 0 0 0.2 0 0 0 0 0 0 0 0 0 0 0 0 0 0 0 0 0 0 0 0 0 0 0 0 0 0 0 0 0 0 0
2002071118 0 0 0 0 0.1 0 0 0 0 0 0 0 0 0.6 0 0 0 0 0 0 0 0 0 0 0 0 0 0 0 0 0 0 0 0 0 0 0 0 0 0 0 0
2002071119 0 0 0 0 0 0 0 0 0 0 0 0 0.1 0 0 0 0 0 0 0 0 0 0 0 0 0 0 0 0 0 0 0 0 0 0 0 0 0 0 0 0 0
2002071120 0 0 0 0 0 0 0 0 0 0 0 0 0 0 0 0 0 0 0 0 0 0 0 0 0 0 0 0 0 0 0 0 0 0 0 0 0 0 0 0 0 0
2002071121 0 0 0 0 0 0 0 0 0 0 0 0 0 0 0 0 0 0 0 0 0 0 0 0 0 0 0 0 0 0 0 0 0 0 0 0 0 0 0 0 0 0
2002071122 0 0 0 0 0 0 0 0 0 0 0 0 0 0 0 0 0 0 0 0 0 0 0 0 0 0 0 0 0 0 0 0 0 0 0 0 0 0 0 0 0 0
2002071123 0.1 0 0 0 0 0 0 0 0 0 0 0 0 0 0 0 0 0 0 0 0 0 0 0 0 0 0 0 0 0 0 0 0 0 0 0 0 0 0 0 0 0
2002071200 0 0 0 0 0 0 0.1 0 0 0 0 0 0 0.1 0 0 0 0 0 0 0 0 0 0 0 0 0 0 0 0 0 0 0 0 0 0 0 0 0 0 0 0
2002071201 0 0 0 0 0.1 0 0 0 0 0 0 0 0 0 0 0 0 0 0 0 0 0 0 0 0 0 0 0 0 0 0 0 0 0 0 0 0 0 0 0 0 0
2002071202 0 0 0 0 0 0 0 0 0 0 0 0 0 0 0 0 0 0 0 0 0 0 0 0 0 0 0 0 0 0 0 0 0 0 0 0 0 0 0 0.1 0 0
2002071203 0 0 0 0 0 0 0 0 0 0 0 0 0.1 0 0 0 0.1 0 0 0 0 0 0 0 0 0 0 0.1 0 0 0 0 0 0 0 0 0 0 0 0 0 0
2002071204 0.1 0 0 0 0 0 0 0 0 0 0 0 0 0 0 0 0 0 0 0 0 0 0 0 0 0 0 0 0 0 0 0 0 0 0 0 0 0 0 0 0 0
2002071205 0 0 0 0 0 0 0 0 0 0 0.1 0 0 0 0 0 0 0 0 0 0 0 0 0 0 0 0 0 0 0 0 0 0 0 0 0 0 0 0 0 0 0
2002071206 0 0 0 0 0 0.1 0 0 0 0 0 0 0 0 0 0 0 0 0 0 0 0 0 0 0 0 0 0 0 0 0 0 0 0 0 0 0 0 0 0 0 0
2002071207 0 0 0 0 0 0 0 0 0 0 0 0 0 0 0 0 0 0 0 0 0 0 0 0 0 0 0 0 0 0 0 0 0 0 0 0 0 0 0 0 0 0
2002071208 0 0 0 0 0 0 0 0 0 0 0 0 0 0 0 0 0 0 0 0 0 0 0 0 0 0 0 0 0 0 0 0 0 0 0 0 0 0 0 0 0 0
2002071209 0 0 0 0 0 0 0 0 0 0 0 0 0 0 0 0 0 0 0 0 0 0 0 0 0 0 0 0 0 0 0 0 0 0 0 0 0 0 0 0 0 0
2002071210 0 0 0 0 0 0 0 0 0 0 0 0 0 0 0 0 0 0 0 0 0 0 0 0 0 0 0 0 0 0 0 0 0 0 0 0 0 0 0 0 0 0
2002071211 0 0 0 0 0 0 0 0 0 0 0 0 0 0 0 0 0 0 0 0 0 0 0 0 0 0 0 0 0 0 0 0 0 0 0 0 0 0 0 0 0 0
2002071212 0 0 0 0 0 0 0 0 0 0 0 0 0 0 0 0 0 0 0 0 0 0 0 0 0 0 0 0 0 0 0 0 0 0 0 0 0 0 0 0 0 0
2002071213 0 0 0 0 0 0 0 0 0 0 0 0 0 0 0 0 0 0 0 0 0 0 0 0 0 0 0 0 0 0 0 0 0 0 0 0 0 0 0 0 0 0
2002071214 0 0 0 0 0 0 0 0 0 0 0 0 0 0 0 0 0 0 0 0 0 0 0 0 0 0 0 0 0 0 0 0 0 0 0 0 0 0 0 0 0 0
2002071215 0 0 0 0 0 0 0 0 0 0 0 0 0 0 0 0 0 0 0 0 0 0 0 0 0 0 0 0 0 0 0 0 0 0 0 0 0 0 0 0 0 0
2002071216 0 0 0 0 0 0 0 0 0 0 0 0 0 0 0 0 0 0 0 0 0 0 0 0 0 0 0 0 0 0 0 0 0 0 0 0 0 0 0 0 0 0
2002071217 0 0 0 0 0 0 0 0 0 0 0 0 0 0 0 0.1 0 0 0 0.1 0 0 0.6 0.5 0 0.1 0 0 0 0 0 0 0 0 0 0 0 0 0 0 0 0
2002071218 0 0 0 0 0 0 0 0 0 0 0 0.1 0 0 0.4 0.5 0 0.3 0 1 0.5 0 0.9 0.9 0 0.3 0 0 0 0 0 0 0 0 0 0 0.1 0 0 0 0 0
2002071219 0 0.4 0 0 0 0 0 0 0 0 0.5 0.7 0 0 0 0 0 0 0 0 0.1 0.1 0 0 0 0 0 0 0 0 0 0 0 0.2 0 0.2 0.1 0 0 0 0 0
2002071220 0 0 0.2 1.1 0 0 0 0.1 0 0 0.1 0 0 0 0 0 0 0 0 0 0 0 0 0 0.9 0 0 0 0 0.3 0.1 0 0 0 0 0 0 0 0 0 0 0
2002071221 0 0 0 0.2 0 0 1.3 0 0 0 0 0 0 0 0 0 0 0 0.1 0 0 0 0 0 0.2 0 0 0 0 0 0 0 0 0 0 0 0 0 0.3 0 0 0
2002071222 0 0 0 0 0 0 0.1 0 0 0 0 0 0 0 0 0 0 0 0 0 0 0 0 0 0 0 0 0 0 0 0 0 0 0 0 0 0 0.1 0 0 0 0
2002071223 0 0 0 0 0 0 0 0 0 0 0 0 0 0 0 0 0 0 0 0 0 0 0 0 0 0 0 0 0 0 0 0 0 0 0.1 0.1 0 0 0 0 0 0
2002071300 0 0 0.3 0.1 0.2 0 0.3 0.3 0.1 0 0 0 0 0 0 0 0 0 0 0 0 0 0 0 0 0 0 0 0.1 0 0 0 0.5 0.1 0.1 0 0 0 0 0 0.9 0.2
2002071301 0.1 0 0.1 0.5 0.9 0.2 0.1 0.2 1.3 0 0 0 0 0 0 0 0 0 0 0 0.1 0 0 0 0 0 0 0 0 0 0 0 0 0 0 0 0 0 0 0 0.1 0.5
2002071302 0.1 0 0.1 0.1 1.6 0 0 0 0 0 0 0 0 0 0.1 0 0 0 0 0 0 0 0 0 0 0 0 0 0 0.1 0 0 0 0 0 0 0 0 0 0 0 0
2002071303 0 0 0 0.1 0 0 0 0 0 0 0 0 0 0 0 0 0 0 0 0 0 0 0 0 0 0 0 0 0 0 0 0 0 0 0.1 0 0 0 0 0 0 0
2002071304 0 0 0 0 0 0 0 0 0 0 0 0.1 0 0 0 0 0 0 0 0 0 0 0 0 0 0 0 0 0 0 0 0 0 0 0 0 0 0 0 0 0 0
2002071305 0 0 0 0 0 0 0 0 0 0 0 0 0 0 0 0 0 0 0 0 0 0 0 0 0 0 0 0 0 0 0 0 0 0 0 0 0 0.1 0 0 0 0
2002071306 0 0 0 0 0 0 0 0 0 0 0 0 0 0 0 0 0 0 0 0 0 0 0 0.2 0 0.1 0 0 0 0 0 0 0 0 0 0 0 0 0 0 0 0
2002071307 0 0 0 0 0 0 0 0 0 0 0 0 0 0 0 0 0 0.3 0.1 0 0 0 0.1 0 0 0 0 0 0 0 0 0 0 0 0 0 0 0 0 0 0 0
2002071308 0 0 0 0 0 0 0 0 0 0 0 0 0 0 0 0 0.1 0 0 0 0 0.1 0 0 0 0 0 0.1 0 0 0 0 0 0 0 0 0 0 0.1 0.2 0 0
2002071309 0 0 0 0 0 0 0 0 0 0 0 0 0 0 0.1 0 0 0 0 0 0 0 0 0 0 0 0 0 0 0 0 0 0 0 0 0 0 0 0.1 0 0 0
2002071310 0 0 0 0 0 0 0 0 0 0 0 0 0 0 0 0 0 0 0 0 0 0 0 0.5 0 0.2 0 0 0 0 0 0 0 0 0 0 0 0 0 0 0 0
2002071311 0 0 0 0 0.1 0 0 0 0 0 0 0 0 0 0 0 0 0 0 0 0 0 0 0 0 0 0 0 0 0 0 0 0 0 0 0 0 0 0 0 0 0.2
2002071312 0 0 0 0 0.8 0 0.3 0 0 0 0 0 0 0 0 0 0 0 0 0 0 0 0 0 0 0 0 0 0 0 0 0 0 0 0 0 0 0 0 0 0 0
2002071313 0 0 0 0 0.8 0 0 0 0 0 0 0 0 0 0 0 0 0 0 0 0 0 0 0.1 2.1 0 0 0 0 0 0 0 0 0 0 0 0 0 0 0 0 0
2002071314 0 0 0 0 0 0 0.2 0 0 0 0 0 0 0 0 0 0 0 0 0 0 0 0 0 0 0 0.9 0 0 0 0 0 0 0 0 0 0 0 0 2.1 0 0
2002071315 0 0 0 0 0.1 0 2.4 1.5 1.1 0 0 0 0 0 0 0 0 0 0 0 0 0 0 0 0.3 0.8 0.2 0 0 0 0 0 0 0 0 0 0 0 0 0.7 0 0
2002071316 0 0 0 0 0 0 0.1 0.2 1.4 0 0 0 0 0 0 0 0 0 0 0 0 0 0.1 0.4 0.7 1.3 0 0 0.2 0 0 0 0 0 0.2 0 0 0 0 0.4 0 0
2002071317 0 0 0.4 0 0 0.1 0 0 0 0 0 0 0 0 0 0 0 0 0 0 0 0 0.1 0 0.1 0.7 0 0 0 0 0 0.2 0 0 1.4 0 0 0 0 0 0 0
2002071318 0 0 1.3 0 0 0.3 0 0 0 0 0 0 0 0 0 0 0 0 0 0 0 0 0 0 0 0 0 0.1 0 0.2 0.3 0.5 0 0.2 0.6 0 0 0.6 0 0 0 0
2002071319 0 0 0 0 0 0 0 0 0 0 0 0 0 0 0 0 0 0 0 0 0 0 0 0 0 0 0 0 0 1.3 1.2 0 0 0 0 0 0 0 0 0 0 0
2002071320 0 0 0 0 0.1 0 0 0 0 0 0 0 0 0 0 0 0 0 0 0 0 0 0 0 0 0 0 0 0 0.1 0 0 0 0 0 0 0 0 0 0 0 0
2002071321 0 0 0 0 0 0 0 0 0 0 0 0 0 0 0 0 0 0 0 0 0 0 0 0 0 0 0 0 0 0 0 0 0 0 0 0 0 0 0 0 0 0
2002071322 0 0 0 0 0 0.2 0.3 0 0 0 0 0 0 0 0 0 0 0 0 0 0 0 0 0 0 0 0 0 0 0 0 0 0.1 0 0 0 0 0 0 0 0 0
2002071323 0 0 0.1 0 0.2 0.1 0.2 0.3 0.4 0 0 0 0 0 0 0 0 0 0 0 0 0 0 0 0 0 0 0 0 0 0 0 0.3 0 0 0 0 0 0 0 0 0.5
2002071400 0 0 0 0 0.1 0.3 0 0 0.4 0 0 0 0 0 0 0 0 0 0 0 0 0 0 0 0 0 0 0 0 0 0 0 0.1 0 0.2 0 0 0 0 0 0 0.2
2002071401 0.5 0 0.2 0 1.4 0.1 0.5 0.2 0.5 0.1 0 0 0 0 0.1 0 0 0 0 0 0 0 0 0 0 0 0 0 0 0 0 0 0.4 0 0 0 0 0 0 0 0 0.1
2002071402 0 0 0 0 2.6 0.1 1 0 0.7 0.3 1.6 0.1 0 0 0.1 0 0 0 0 0 0 0 0 0 0 0 0 0 0 0.2 0 0 0 0 0.1 0 0 0 0 0 0 0
2002071403 0 0 0.1 0 0.4 0 0.1 0.1 0.3 0 0 1.5 0 0 0.1 0.1 0 0 0 0 0 0 0 0 0 0 0 0 0 0 0.1 0 0 0.1 0.3 0.1 0 0.1 0 0 0 0
2002071404 0 0 0.1 0 0.2 0.2 0.4 0 0.2 0 0 0 0 0 0 0 0 0.2 0.1 0 0.2 0.5 0 0 0 0 0 0 0 0.4 0.1 0.2 0.5 0 0.4 0.1 0.1 0 0 0 0.1 0.3
2002071405 0 0 0 0 0 0.2 0 0.1 0 0 0 0 0 0 0 0 0 0.4 0.3 0 0.1 0.2 0 0 0 0 0.1 0 0.1 0.4 0.1 0.3 0.2 0.1 0.1 0.1 0 0 0 0 0 0
2002071406 0 0 0 0 0.1 0 0 0.2 0 0 0 0 0 0.1 0 0.1 0 0.1 0.2 0 0 0.1 0.1 0 0 0 0 0 0 0.3 0.2 0.3 0.1 0.1 0.2 0 0 0.1 0 0 0 0.1
2002071407 0.1 0 0 0 0.4 0 0.6 0 0 0 0 0 0 0 0.1 0.2 0 0.3 0 0.1 0 0.1 0.1 0 0 0 0.1 0 0 0 0.3 0.4 0 0 0 0 0 0 0 0 0 0
2002071408 0.1 0 0 0 0.6 0 0.2 0.2 0.1 0 0 0 0 0 0.2 0 0 0.2 0 0.1 0 0 0.2 0 0 0 0 0 0 0.1 0.2 0.1 0.1 0 0.1 0 0 0 0 0 0 0
2002071409 0 0 0.1 0 0.2 0 0.5 0.1 0 0 0 0 0 0 0 0 0 0 0 0 0 0.1 0.1 0 0 0 0 0 0 0.1 0 0.2 0 0 0 0 0 0 0 0 0 0
2002071410 0 0 0 0 0.2 0 0.2 0 0 0 0 0 0 0 0 0 0 0 0 0 0 0 0 0 0 0 0 0 0 0 0 0 0 0 0 0 0 0 0 0 0 0
2002071411 0 0 0 0 0 0 0 0 0 0 0 0 0 0 0 0 0 0 0 0 0 0 0 0 0 0 0 0 0 0 0 0 0 0 0 0 0 0 0 0 0 0
2002071412 0 0 0 0 0.1 0 0 0 0 0 0 0 0 0 0 0 0 0 0 0 0 0 0 0 0 0 0 0 0 0.1 0 0 0.1 0 0 0 0 0 0 0 0 0
2002071413 0 0 0 0 0 0 0 0 0 0 0 0 0 0 0 0 0 0 0 0 0 0 0 0 0 0 0 0 0 0 0 0 0 0 0 0 0 0 0 0 0 0
2002071414 0.1 0 0.9 0 0 0.2 0 0 0 0 0 0 0 0 0 0 0 0 0 0 0 0 0 0 0 0 0 0 0 0 0 0 0 0 0 0 0 0 0 0 0 0
2002071415 0.3 0 0 0 1.7 0.1 0.2 0 0 0 0 0 0 0 0 0 0 0 0 0 0 0 0 0 0 0 0 0 0 0 0 0 0 0 0.1 0.1 0 0 0 0 0 0
2002071416 0.2 0 0.3 0.2 2.3 0.3 1.2 0 1.3 0 0 0 0 0 0 0 0 0 0 0 0 0 0 0 0 0 0 0 0 0.3 0.1 0.1 0 0 0.5 0 0.1 0 0 0 0.1 0.4
2002071417 0 0 0.3 0 0.5 0.8 1.9 0.8 0.6 0 0 0 0 0 0 0 0 0 0 0 0 0 0 0 0 0 0 0 0 0.1 0 0.1 0.5 0 0.1 0 0 0 0 0 0.2 0.8
2002071418 0.1 0 0 0 1 0.6 0.6 0.5 0.5 0 0 0 0 0 0 0 0 0 0 0 0 0 0 0 0 0 0 0 0.2 0.2 0.1 0.1 0.7 0 0.5 0 0 0.8 0 0 0.2 0.4
2002071419 4.2 0 0.5 0.3 3.3 1.8 2.1 0.3 1.2 0 0 0 0 0 0 0 0 0 0 0 0 0 0 0 0 0 0 0 0 0.1 0.1 0 0.2 0 0.3 0 0 0.1 0 0 0.4 0.5
2002071420 2.2 0 1.6 0 5.5 1.8 2.7 0.7 0.8 0 0 0 0 0 0 0 0 0 0 0 0 0 0 0 0 0.1 0 0 0.2 0.4 0.1 0.4 0.6 0 0.2 0 0 0.2 0 0 0.2 0.9
2002071421 1.7 0 0.1 0 2.7 2.9 5.1 1.6 5.3 0 0 0 0 0 0 0 0 0 0 0 0 0 0 0 0 0 0 0.1 0 0.4 0.1 0.1 0.6 0 1.2 0 0 0.1 0.2 0 0.8 3.4
2002071422 0.1 0 0.7 2.6 0 2.4 2.6 2.2 0 0 0 0 0 0 0 0 0 0 0 0 0 0 0 0 0 0 0 0 2.1 0.1 0.5 0.1 2.9 0 0.2 0 0 0.9 0.6 0.6 0.2 0.8
2002071423 0 0 0 0.1 0 0.3 0.3 0 0 0 0.2 0 0 0 0 0 0 0 0.1 0 0 0 0 0 0 0 0 0 0.1 0.1 1 0.1 0.2 0.6 0.3 0.4 0.4 0.3 0 0 0 0
2002071500 0 0 0.2 0.1 0.4 0.2 0.1 0.1 0.2 0 0.1 0.1 0 0 0 0 0 0.1 0 0 0.2 0.1 0 0 0 0 0 0 0 0.2 0 0.1 0.1 0.1 0.1 0.1 0.4 0 0 0 0 0.2
2002071501 0.1 0 0 0 1.1 0 0.8 0.2 0.3 0 0.3 0.3 0 0 0.2 0.1 0 0.1 0.1 0 0.1 0.1 0.1 0 0 0 0 0 0 0.1 0.1 0 0 0.1 0.2 0.1 0 0 0 0 0 0
2002071502 0.3 0 0.1 0 1.2 0.8 1.2 0.1 0.1 0.1 0 0.3 0 0 0.2 0.2 0 0.2 0.1 0 0 0.1 0.1 0 0 0 0.1 0 0 0.1 0 0.1 0.1 0 0.1 0 0 0.1 0 0 0 0.2
2002071503 1 0 0.7 0 5.1 1.8 3.1 0.9 1.5 0 0.1 0.1 0.1 0.1 0.1 0.6 0.1 0.1 0 0 0 0.2 0.1 0 0 0 0 0 0 0 0.1 0.1 0.4 0 0.4 0 0.1 0.1 0 0 0.1 0.2
2002071504 2.4 0.1 2.6 0.4 4.2 1.1 1.3 0.2 0.3 0 0.6 1.7 0 0 0.1 0.2 0 0.3 0.3 0.2 0.1 0.4 0 0 0 0 0 0 0 1.8 0.2 0.6 0.9 0.5 2.3 0.2 0.4 0 0 0 0 0
2002071505 0.2 0.6 0.6 0 1.1 0.8 1.4 0 0.5 0.2 0.3 0.9 0 0 0.1 0.2 0 1 0.7 0 1.8 0.9 0.4 0 0 0 0 0 0.1 0 0.1 0.4 0 1.3 0.8 1.8 2.9 0 0 0 0 0
2002071506 0 0 0.2 0 1.2 0.7 1.5 0 0.3 1.1 0.1 0.2 0.2 0 0.8 3.3 0 0.6 0 4.1 1.1 0.2 0.6 0 0.8 0.1 0.2 0 0 0.1 0 0 0.1 0.3 0.5 0.5 0.1 0 0 0 0 0.1
2002071507 0 0 0 0 0.6 0.3 0.6 0 0.2 0 0 0.8 0.2 0.5 0.2 0.3 1.1 0.2 0 0.6 0.2 0.2 0.1 0 0 0 0 0.2 0 0 0 0 0 0.3 0 0.3 0.1 0 0 0 0 0
2002071508 0 0 0 0 0.1 0.2 0.3 0 0.1 0 0 0.1 0 0.1 0.1 0 0.2 0.1 0 0 0 0.3 0.1 0 0 0 0 0 0 0 0 0 0 0 0.2 0 0 0 0 0 0 0
2002071509 0 0 0 0 0 0.2 0.2 0 0.1 0 0 0 0 0 0 0 0 0.1 0 0 0 0.2 0 0 0 0 0 0 0 0 0 0 0.1 0 0.2 0 0 0.1 0 0 0 0
2002071510 0 0 0 0 0.1 0.4 0.1 0 0.2 0 0 0 0 0 0 0 0 0.1 0 0 0 0 0.1 0 0 0 0 0 0 0 0 0 0 0 0.2 0 0 0 0 0 0.1 0.1
2002071511 0 0 0 0 0.2 0.1 0 0 0 0 0 0 0 0 0 0.2 0 0.1 0 0 0 0 0 0 0 0 0 0 0.2 0 0 0 0 0 0.5 0 0 0.1 0 0 0.1 0.1
2002071512 0 0 0 0 0 0 0 0 0 0 0 0 0 0 0 0 0 0 0 0 0 0 0 0 0 0 0 0 0.1 0 0 0 0 0 0 0 0 0.2 0 0 0 0.3
2002071513 0 0 0 0 0 0 0 0 0 0 0 0 0 0 0 0 0 0 0 0 0 0 0 0 0 0 0 0 0.2 0 0.1 0.1 0.1 0 0 0 0 0 0 0 0 0.1
2002071514 0 0 0 0 0.1 0.3 0.1 0 0 0 0 0 0 0.5 0 0 0 0 0 0 0 0 0 0 0 0 0 0 0 0 0 0 0.3 0 0 0 0 0 0 0.1 0 0
2002071515 0 0 0 0 0 0 0.2 0 0 0 0 0 0 0.1 0 0 0.1 0.1 0 0 0 0.1 0 0 0 0 0 0 0 0 0 0 0 0 0 0 0 0 0 0 0 0.2
2002071516 0 0 0 0 0 0 0 0 0 0 0 0 0 0 0 0 0 0 0 0 0 0 0 0 0 0 0 0 0 0 0 0 0 0 0 0 0 0 0 0 1.4 1.9
2002071517 0 0 0 0 0 0 0 0 0 0 0 0 0 0 0 0 0 0 0 0 0 0 0 0 0 0 0 0 0 0 0 0 0 0 0 0 0 0 0 0 0.1 0
2002071518 0 0 0 0 0 0 0 0 0 0 0 0 0 0 0 0 0 0 0 0 0 0 0 0 0 0 0 0 0 0 0 0 0 0 0 0 0 0 0 0 0 0
2002071519 0 0 0 0 0 0 0 0 0 0 0 0 0 0 0 0 0 0 0 0 0 0 0 0 0 0 0 0 0 0 0 0 0 0 0 0 0 0 0 0 0 0
2002071520 0 0 0 0 0 0 0 0 0 0 0 0 0 0 0 0 0 0 0 0 0 0 0 0 0 0 0 0 0 0 0 0 0 0 0 0 0 0 0 0 0 0
2002071521 0 0 0 0 0 0 0 0 0 0 0 0 0 0 0 0 0 0 0 0 0 0 0 0 0 0 0 0 0 0 0 0 0 0 0 0 0 0 0 0 0 0
2002071522 0 0 0 0 0 0 0 0.1 0 0 0 0 0 0 0 0 0 0 0 0 0 0 0 0 0 0 0 0 0 0 0 0 0 0 0 0 0 0 0 0 0 0
2002071523 0 0 0 0 0 0 0 0 0 0 0 0 0 0 0 0 0 0 0 0 0 0 0 0 0 0 0 0 0 0 0 0 0 0 0 0 0 0 0 0 0 0
2002071600 0 0 0 0 0 0 0 0 0 0 0 0 0 0 0 0 0 0 0 0 0 0 0 0 0 0 0 0 0 0 0 0 0 0 0 0 0 0 0 0 0 0
2002071601 0 0 0 0 0 0 0.1 0 0 0 0 0 0 0 0 0 0 0 0 0 0 0 0 0 0 0 0 0 0 0 0 0 0 0 0 0 0 0 0 0 0 0
2002071602 0 0 0 0 0 0 0 0 0 0 0 0 0.1 0 0 0 0 0 0 0 0 0 0 0 0 0 0 0 0 0.1 0 0 0 0 0 0 0 0 0 0 0 0
2002071603 0.1 0 0 0 0 0 0 0 0 0 0 0 0 0 0 0 0 0 0 0 0 0 0.1 0 0 0 0 0 0 0 0 0 0 0 0 0 0.1 0.1 0 0 0 0
2002071604 0 0 0 0 0 0 0 0 0 0 0 0 0 0 0.1 0 0 0 0.1 0 0 0 0 0 0 0 0 0 0 0 0 0 0.1 0 0 0 0 0 0 0 0 0
2002071605 0 0 0 0 0 0 0 0 0 0 0 0 0 0 0 0 0 0 0 0 0 0 0 0 0 0 0 0 0 0 0 0 0 0 0 0 0 0 0 0 0 0
2002071606 0 0 0.1 0 0 0 0 0 0 0 0 0 0 0 0 0 0 0 0 0 0 0 0 0 0 0 0 0 0 0 0 0 0 0 0 0 0 0 0 0 0 0
2002071607 0 0 0 0 0 0 0 0 0 0 0 0 0 0 0 0 0 0 0 0 0 0 0 0 0 0 0 0 0 0 0 0 0 0 0 0 0 0 0 0 0 0
2002071608 0 0 0 0 0 0 0 0 0 0 0 0 0 0 0 0 0 0 0 0 0 0 0 0 0 0 0 0 0 0 0 0 0 0 0 0 0 0 0 0 0 0
2002071609 0 0 0 0 0 0 0 0 0 0 0 0 0 0 0 0 0 0 0 0 0 0 0 0 0 0 0 0 0 0 0 0 0 0 0 0 0 0 0 0 0 0
2002071610 0 0 0 0 0 0 0 0 0 0 0 0 0 0 0 0 0 0 0 0 0 0 0 0 0 0.1 0 0 0 0 0 0 0 0 0 0 0 0 0 0 0 0
2002071611 0 0 0 0 0 0 0 0 0 0 0 0 0 0 0 0 0 0 0 0 0 0 0 0 0 0 0 0 0 0 0 0 0 0 0 0 0 0 0 0 0 0
2002071612 0 0 0 0 0 0 0 0 0 0 0 0 0 0 0 0 0 0 0 0 0 0 0 0 0 0 0 0 0 0 0 0 0 0 0 0 0 0 0 0 0 0
2002071613 0 0 0 0 0 0 0 0 0 0 0 0 0 0 0 0 0 0 0 0 0 0 0 0 0 0 0 0 0 0 0 0 0 0 0 0 0 0 0 0 3.1 0
2002071614 0 0 0 0.4 2.1 0 0 0 0 0 0 0 0 0 0 0 0 0 0 0 0 0 0 0 0 0 0 0 2.3 0 0 0 0 0 0 0 0 0.7 0 0 0.5 0.5
2002071615 0 0 0 0 3 0.2 1.4 0 0 0 0.4 0 0 0 0 0 0 0 0 0 0 0 0 0 0 0 0 0 3.7 0 0.1 0 0 0.1 0 0 0 1.8 0 0.9 0 0
2002071616 0 0 0 0 0.4 0.2 0.2 0 0 0 0 0 0 0 0 0 0 0 0 0 0 0 0 0 0 0 0 0 0 0 0 0.5 0 0 0 0 0 0 0.2 0.1 0 0
2002071617 0 0 0 0 0 0 0 0 0 0 0 0 0 0 0 0 0 0 0 0 0 0 0 0 0 0 0 0 0 0 0 0 0 0 0 0 0 0 0 0 0 0
2002071618 0 0 0 0 0 0 0 0 0 0 0 0 0 0 0 0 0 0 0 0 0 0 0 0 0 0 0 0 0 0 0 0 0.1 0 0 0 0 0 0 0 0 0
2002071619 0 0 0 0 0 0 0 0 0 0 0 0.2 0 0 0 0 0 0 0 0 0 0 0 0 0 0 0 0 0 0.2 0 0.2 0 0 0 0 0 0 0 0 0 0
2002071620 0 0 0 0 0 0 0 0 0 0 0 0 0 0 0 0 0 0 0 0 0 0 0 0 0 0 0 0 0 0 0 0.1 0 0 0 0 0 0 0 0 0 0
2002071621 0.1 0 0 0 0.3 0 0 0 0 0 0 0 0 0 0 0 0 0 0 0 0 0 0 0 0 0 0 0 0 0 0 0 0 0 0 0 0 0 0 0 0 0
2002071622 0 0 0 0 0.2 0 0 0 0 0 0 0 0 0 0 0 0 0 0 0 0 0 0 0 0 0 0 0 0 0 0 0 0 0 0 0 0 0 0 0 0 0
2002071623 0 0 0.1 0 0 0 0.2 0 0.1 0 0 0 0 0 0 0 0 0 0 0 0 0 0 0 0 0 0 0 0 0 0 0 0 0 0 0 0 0 0 0 0 0
2002071700 0 0 0 0.1 0.1 0.1 0.5 0 0 0 0 0 0 0 0 0 0 0 0 0 0 0 0 0 0 0 0 0 0 0 0 0 0 0 0.1 0.2 0 0 0 0 0 0
2002071701 2.8 0 0.1 0 0 1.2 1.8 0 0 0 0 0 0 0 0 0 0 0 0 0 0 0 0 0 0 0 0 0 0 0 0.1 0 0 0 0.4 0 0 0 0 0 0 0
2002071702 0.2 0 1.3 0.2 0 6.8 0.6 0 0 0 0 0 0 0 0 0 0 0 0 0 0 0.1 0 0 0 0 0 0 0 1.8 0.3 0.3 0.5 0.2 0.1 0 0 0 0 0 0 0
2002071703 0 0 0.2 0 0 0.4 1.3 0 0 0 0 0 0 0 0 0 0 0 0 0 0 0.1 0 0 0 0 0 0.1 0.2 0.6 0.2 0 1.2 0 0.6 0 0 0.6 0 0 0 0
2002071704 0 0 0 0 0 0.2 0.3 0.7 0 0 0 0 0 0 0 0 0 0 0 0 0 0 0 0 0 0 0 0.1 0 0.6 0.3 0 0.3 1.1 0.2 0 0 0.5 0.1 0 0 0
2002071705 0 0 0 0 0 0 0 0.7 0 0 0 0 0 0 0 0 0 0 0 0 0 0 0 0 0 0 0 0 0.7 0.1 1.4 0 2.9 0.1 0 0 0 0.2 0 0 0 0
2002071706 0 0.1 0 0 0 0 0 0 0 0 0 0 0 0 0 0 0 0 0 0 0 0 0 0 0 0 0 0 0.5 0 1.2 0 0 0 0 0 0 0.9 0 0 0 0
2002071707 0 0 0 0 0 0 0 0 0 0 0 0 0 0 0 0 0 0 0 0 0 0 0 0 0 0 0 0 0 0.2 0.2 0.1 0 0 0 0.1 0 0.4 0.1 0 0 0
2002071708 0 0 0 0 0 0 0 0 0 0 0 0 0 0 0 0 0 0 0 0 0 0 0 0 0 0 0 0 0 0 0.1 0 0 0 0 0 0 0 0 0 0 0
2002071709 0 0 0 0 0 0 0 0 0 0 0 0 0 0 0 0 0 0 0 0 0 0 0 0 0 0 0 0 0 0 0 0 0 0 0 0 0 0 0 0 0 0
2002071710 0 0 0 0 0 0 0 0 0 0 0 0 0 0 0 0 0 0 0 0 0 0 0 0 0 0 0 0 0 0 0 0 0 0 0 0 0 0 0 0 0 0
2002071711 0 0 0 0 0 0 0 0 0 0 0 0 0 0 0 0 0 0 0 0 0 0.1 0 0 0 0 0 0 0 0 0 0 0 0 0 0 0 0 0 0 0 0
2002071712 0 0 0 0 0 0 0 0 0 0 0 0 0 0 0 0 0 0 0 0 0 0 0 0 0 0 0 0 0 0 0 0 0 0 0 0 0 0 0 0.1 0 0
2002071713 0 0 0 0 0 0 0 0 0 0 0 0 0 0 0 0 0 0 0 0 0 0 0 0 0 0 0 0 0 0.1 0 0 0 0 0 0 0 0 0 0 0 0
2002071714 0.2 0 0 0 0 2.6 0.5 0 0 0 0 0 0 0 0 0 0 0 0 0 0 0 0 0 0 0 0 0 0 0 0.1 0 2.4 0 0 0 0 0 0 0 0 0
2002071715 0 0 0 0 2.7 0 1.5 0.4 0 0 0 0 0 0 0 0 0 0 0 0 0 0 0 0 0 0 0 0 5 0 0 0 3 0 0 0 0 0 0 0 0 0
2002071716 0 0 2.8 5.5 0.2 5.5 0 2.3 0 0 0.7 0 0 0 0 0 0 0 0 0 0 0 0 0 0 0 0 0 0 0 0 0 0 0 0 0 0 0 0 0 2.6 0.5
2002071717 0 0 0.1 1.5 3.3 0.8 0.4 2.2 1.2 0 0 4.4 0 0 0 0 0 0 0 0 0 0 0 0 0 0 0 0 1.3 0.7 0 0 2.3 1.1 3 7.9 0 0.4 0 0 0.3 0.8
2002071718 0 0.2 0.1 0 0 0.2 0 0.1 0 0 2.9 0.1 0 0 0 0 0 0 0 0 0 0 0 0 0 0 0 0 1.3 2.5 5.8 0 0.5 5.1 0.5 6.2 0.4 2.2 0 0 0.6 0.6
2002071719 0 0 0 0 0 0 0 0 0 0 0 0 0 0 0 0 0 0 0 0 0 0 0 0 0 0 0 0 0.6 5.2 5.5 0 0.4 2.3 3.5 0 0.1 2.1 0 0 0 0
2002071720 0 0 0 0 0 0 0 0 0 0 0 0 0 0 0 0 0 0 0 0 0.2 0 0 0 0 0 0 0 2.8 1.1 3.1 0 2.5 0.6 0.7 1.7 0.8 1.2 0 0 0.1 0
2002071721 0 0 0 0 0 0 0 0 0 0 0 0 0 0 0 0 0 0 0 0 0 0 0 0 0 0 0 0 0.8 1.5 0.5 0 0 0.3 0 0.1 0.1 0.1 0 0 0 0
2002071722 0 0 0 0 0 0 0 0 0 0 0 0 0 0 0 0 0 0 0.4 0 0 0 0 0 0 0 0 0 0 0 0 0.1 0.1 0.2 0 0 0 0 0 0 0 0
2002071723 0 0 0 0 0 0.1 0 0 0 0 0 0 0 0 0 0 0 0 0 0 0 0 0 0 0 0 0 0 0 0 0.1 0 0 0.1 0 0 0 0.1 0 0 0 0
2002071800 0 0 0 0 0 0 0.1 0 0 0 0 0 0 0 0 0 0 0 0 0 0 0 0 0 0 0 0 0 0 0 0 0 0 0.1 0 0 0 0 0 0 0 0
2002071801 0 0 0 0 0 0 0 0 0 0 0 0 0 0 0 0 0 0 0 0 0 0 0 0 0 0 0 0 0 0.1 0 0 0 0 0.1 0 0 0.1 0 0 0 0
2002071802 0 0 0 0 0 0 0 0 0 0 0 0.1 0 0 0 0 0 0 0 0 0 0 0 0 0 0 0 0 0 0 0.1 0 0 0.1 0 0 0.1 0 0 0 0 0
2002071803 0 0 0 0 0 0 0 0 0.1 0 0 0 0 0 0 0 0 0 0.1 0 0 0 0 0 0 0 0 0 0.1 0 0 0 0 0 0 0.1 0 0 0 0 0 0
2002071804 0 0 0 0 0 0 0 0 0 0 0 0 0 0 0 0 0 0 0 0 0 0 0 0 0 0 0 0 0 0 0 0 0 0.1 0 0 0 0 0 0 0 0
2002071805 0 0 0 0 0 0 0 0 0 0 0 0 0 0 0 0 0 0 0 0 0 0 0 0 0 0 0 0 0 0 0 0 0 0 0 0 0 0 0 0 0 0
2002071806 0 0 0 0 0 0 0 0 0 0 0 0 0 0 0 0 0 0 0 0 0 0 0 0 0 0 0 0 0 0 0 0 0 0 0 0 0 0 0 0 0 0
2002071807 0 0 0 0 0 0 0 0 0 0 0 0 0 0 0 0 0 0 0 0 0 0 0 0 0 0 0 0 0 0 0 0 0 0.1 0 0 0 0 0 0 0 0
2002071808 0 0 0 0 0 0 0 0 0 0 0 0 0 0 0 0 0 0 0 0 0 0 0 0 0 0 0 0 0 0 0 0 0 0 0 0 0 0 0 0 0 0
2002071809 0 0 0 0 0 0 0 0 0 0 0 0 0 0 0 0 0 0 0 0 0 0 0 0 0 0 0 0 0 0 0 0 0 0 0 0 0 0 0 0 0 0
2002071810 0 0 0 0 0 0 0 0 0 0 0 0 0 0 0 0 0 0 0 0 0 0 0 0 0 0 0 0 0 0 0 0 0 0.1 0 0 0 0 0 0 0 0
2002071811 0 0 0 0 0 0 0 0 0 0 0 0 0 0 0 0 0 0 0 0 0 0 0 0 0 0 0 0 0 0 0 0 0 0 0 0 0 0 0 0 0 0
2002071812 0 0 0 0 0 0 0 0 0 0 0 0 0 0 0 0 0 0 0 0 0 0 0 0 0 0 0 0 0 0 0 0 0 0.1 0 0 0 0 0 0 0.1 0
2002071813 0 0 0 0 0 0 0 0 0 0 0 0 0 0 0 0 0 0 0 0 0 0 0 0 0 0 0 0 0 0 0 0 0 0 0 0 0 0 0 0 0 0
2002071814 0 0 0 0 0 0 0 0 0 0 0 0 0 0 0 0 0 0 0 0 0 0 0 0 0 0 0 0 0 0 0 0 0 0.1 0 0 0 0 0 0 0 0
2002071815 0 0 0 0 0 0 0 0 0 0 0 0 0 0 0 0 0 0 0 0 0 0 0 0 0 0 0 0 0 0 0 0 0 0 0 0 0 0 0 0 0 0
2002071816 0 0 0 0 0 0 0 0 0 0 0 0 0 0 0 0 0 0 0 0 0 0 0 0 0 0 0 0 0 0 0 0 0 0 0 0 0 0 0 0 0 0
2002071817 0 0 0 0 0 0 0 0 0 0 0 0 0 0 0 0 0 0 0 0 0 0 0 0 0 0 0 0 0 0 0 0 0 0 0 0 0 0 0 0 0 0
2002071818 0 0 0 0 0 0 0 0 0 0 0 0 0 0 0 0 0 0 0 0 0 0 0 0 0 0 0 0 0 0 0 0 0 0.1 0 0 0 0 0 0 0 0
2002071819 0 0 0 0 0 0 0 0 0 0 0 0 0 0 0 0 0 0 0 0 0 0 0 0 0 0 0 0 0 0 0 0 0 0 0 0 0 0 0 0 0 0
2002071820 0 0 0 0 0 0 0 0 0 0 0 0 0 0 0 0 0 0 0 0 0 0 0 0 0 0 0 0 0 0 0 0 0 0 0 0 0 0 0 0 0 0
2002071821 0 0 0 0 0 0 0 0 0 0 0 0 0 0 0 0 0 0 0 0 0 0 0 0 0 0 0 0 0 0 0 0 0 0 0 0 0 0 0 0 0 0
2002071822 0 0 0 0 0 0 0 0 0 0 0 0 0 0 0 0 0 0 0 0 0 0 0 0 0 0 0 0 0 0 0 0 0 0 0 0 0 0 0 0 0 0
2002071823 0 0 0 0 0 0 0 0 0 0 0 0 0 0 0 0 0 0 0 0 0 0 0 0 0 0 0 0 0 0 0 0 0 0 0 0 0 0 0 0 0 0
2002071900 0 0 0 0 0 0 0 0 0 0 0 0 0 0 0 0 0 0 0 0 0 0 0 0 0 0 0 0 0 0 0 0 0 0 0 0 0 0 0 0 0 0
2002071901 0 0 0 0 0 0 0 0 0 0 0 0 0 0 0 0 0 0 0 0 0 0 0 0.1 0 0 0 0 0 0 0 0 0 0 0 0 0 0 0 0 0 0
2002071902 0 0 0 0 0 0 0 0 0 0 0 0 0 0 0 0 0 0 0 0 0 0 0 0 0 0 0 0 0 0 0 0 0 0.1 0 0 0 0 0 0 0 0
2002071903 0 0 0 0 0 0 0 0 0 0 0 0 0.1 0 0 0 0.1 0 0 0 0 0 0 0 0 0 0 0 0 0 0 0 0 0 0 0 0 0 0 0 0 0
2002071904 0 0 0 0 0 0 0 0 0 0 0 0 0 0 0 0 0 0 0 0 0 0 0 0 0.1 0 0 0 0 0 0 0 0.1 0 0 0 0 0 0 0 0 0
2002071905 0 0 0 0 0 0 0.1 0 0 0 0 0 0 0 0 0 0 0 0 0 0 0 0 0 0 0 0 0.1 0 0 0 0.1 0 0 0 0 0 0 0 0 0 0
2002071906 0 0 0 0 0 0 0 0 0 0 0.1 0 0 0 0 0 0 0 0 0 0 0 0 0 0 0 0 0 0 0 0 0 0 0 0 0 0 0 0 0 0 0
2002071907 0 0 0 0 0 0 0 0 0 0 0 0 0 0 0 0 0 0 0 0 0 0.1 0 0 0 0 0 0 0 0 0 0 0 0 0 0 0 0 0 0 0 0
2002071908 0 0 0 0 0 0 0 0 0 0 0 0 0 0 0 0 0 0 0 0 0 0 0 0 0 0 0 0 0 0 0 0 0 0 0 0 0 0 0 0 0.1 0
2002071909 0 0 0 0 0 0 0 0 0 0 0 0 0 0 0 0 0 0 0 0 0 0 0 0 0 0 0 0 0 0 0 0 0 0 0 0 0 0 0 0 0 0
2002071910 0 0 0 0 0 0 0 0 0 0 0 0 0 0 0 0 0 0 0 0 0 0 0 0 0 0 0 0 0 0 0 0 0 0 0 0 0 0 0 0 0 0
2002071911 0 0 0 0 0 0 0 0 0 0 0 0 0 0 0 0 0 0 0 0 0 0 0 0 0 0 0 0 0 0 0 0 0 0 0 0 0 0 0 0 0 0
2002071912 0 0 0 0 0 0 0 0 0 0 0 0 0 0 0 0 0 0 0 0 0 0 0 0 0 0 0 0 0 0 0 0 0 0 0 0 0 0 0 0 0 0
2002071913 0 0 0 0 0 0 0 0 0 0 0 0 0 0 0 0 0 0 0 0 0 0 0 0 0 0 0 0 0 0 0 0 0 0 0 0 0 0 0 0 0 0
2002071914 0 0 0 0 0 0 0 0 0 0 0 0 0 0 0 0 0 0 0 0 0 0 0 0 0 0 0 0 0 0 0 0 0 0 0 0 0 0 0 0 0 0
2002071915 0 0 0 0 0 0 0 0 0 0 0 0 0 0 0 0 0 0 0 0 0 0 0 0 0 0 0 0 0 0 0 0 0 0 0 0 0 0 0 0 0 0
2002071916 0 0 0 0 0 0 0 0 0 0 0 0 0 0 0 0 0 0 0 0 0 0 0 0 0 0 0 0 0 0 0 0 0 0 0 0 0 0 0 0 0 0
2002071917 0 0 0 0 0 0 0 0 0 0 0 0 0 0 0 0 0 0 0 0 0 0 0 0 0 0 0 0 0 0 0 0 0 0 0 0 0 0 0 0 0 0
2002071918 0 0 0 0 0 0 0 0 0 0 0 0 0 0 0 0 0 0 0 0 0 0 0 0 0 0 0 0 0 0 0 0 0 0 0 0 0 0 0 0 0 0
2002071919 0 0 0 0 0 0 0 0 0 0 0 0 0 0 0 0 0 0 0 0 0 0 0 0 0 0 0 0 0 0 0 0 0 0 0 0 0 0 0 0 0 0
2002071920 0 0 0 0 0 0 0 0 0 0 0 0 0 0 0 0 0 0 0 0 0 0 0 0 0 0 0 0 0 0 0 0 0 0 0 0 0 0 0 0 0 0
2002071921 0 0 0 0 0 0 0 0 0 0 0 0 0 0 0 0 0 0 0 0 0 0 0 0 0 0 0 0 0 0 0 0 0 0 0 0 0 0 0 0 0 0
2002071922 0 0 0 0 0 0 0 0 0 0 0 0 0 0 0 0 0 0 0 0 0 0 0 0 0 0 0 0 0 0 0 0 0 0 0 0 0 0 0 0 0 0
2002071923 0 0 0 0 0 0 0 0 0 0 0 0 0 0 0 0 0 0 0 0 0 0 0 0 0 0 0 0 0 0 0 0 0 0 0 0 0 0 0 0 0 0
2002072000 0 0 0 0 0 0 0 0 0 0 0 0 0 0 0 0 0 0 0 0 0 0 0 0 0 0 0 0 0 0 0 0 0 0 0 0 0 0 0 0 0 0
2002072001 0 0 0 0 0 0 0 0 0 0 0 0 0 0 0 0 0 0 0 0 0 0 0 0 0 0 0 0 0 0 0 0 0 0 0 0 0 0 0 0 0 0
2002072002 0 0 0 0 0.1 0 0.1 0 0 0 0 0 0 0 0 0 0 0 0 0 0 0 0 0 0 0 0 0 0 0 0 0 0 0 0 0 0 0 0 0 0 0
2002072003 0 0 0 0 0 0 0 0 0 0 0 0 0 0 0 0 0 0 0 0 0 0 0 0 0 0 0 0 0 0 0 0 0 0 0 0 0 0 0.1 0 0 0
2002072004 0.1 0 0 0 0 0 0 0.1 0 0 0 0 0 0 0 0 0 0 0 0 0 0 0 0 0 0 0 0 0 0 0 0 0 0 0 0 0 0 0 0.1 0 0
2002072005 0 0 0 0 0 0 0 0 0 0 0 0 0 0 0 0 0 0 0 0 0 0 0 0 0.1 0 0 0 0 0 0 0 0 0 0 0 0 0 0 0 0 0
2002072006 0 0 0 0 0 0 0 0 0 0 0 0 0 0 0 0 0 0 0 0 0 0 0 0 0 0 0 0 0 0 0 0 0 0 0 0 0 0 0 0 0 0.1
2002072007 0 0 0 0 0 0 0 0 0 0 0 0 0 0 0 0 0 0 0 0 0 0 0 0 0 0 0 0 0 0 0 0 0 0 0 0 0 0 0 0 0 0
2002072008 0 0 0 0 0 0 0 0 0 0 0 0 0 0 0 0 0 0 0 0 0 0 0 0 0 0 0 0 0 0 0 0 0 0 0 0 0 0 0 0 0 0
2002072009 0 0 0 0 0 0 0 0 0 0 0 0 0 0 0 0 0 0 0 0 0 0 0 0 0 0 0 0 0 0 0 0 0 0 0 0 0 0 0 0 0 0
2002072010 0 0 0 0 0 0 0 0 0 0 0 0 0 0 0 0 0 0 0 0 0 0 0 0 0 0 0 0 0 0 0 0 0 0 0 0 0 0 0 0 0 0
2002072011 0 0 0 0 0 0 0 0 0 0 0 0 0 0 0 0 0 0 0 0 0 0 0 0 0 0 0 0 0 0 0 0 0 0 0 0 0 0 0 0 0 0
2002072012 0 0 0 0 0 0 0 0 0 0 0 0 0 0 0 0 0 0 0 0 0 0 0 0 0 0 0 0 0 0 0 0 0 0 0 0 0 0 0 0 0 0
2002072013 0 0 0 0 0 0 0 0 0 0 0 0 0 0 0 0 0 0 0 0 0 0 0 0 0 0 0 0 0 0 0 0 0 0 0 0 0 0 0 0 0 0
2002072014 0 0 0 0 0 0 0 0 0 0 0 0 0 0 0 0 0 0 0 0 0 0 0 0 0 0 0 0 0 0 0 0 0 0 0 0 0 0 0 0 0 0
2002072015 0 0 0 0 0 0 0 0 0 0 0 0 0 0 0 0 0 0 0 0 0 0 0 0 0 0 0 0 0 0 0 0 0 0 0 0 0 0 0 0 0 0
2002072016 0 0 0 0 0 0 0 0 0 0 0 0 0 0 0 0 0 0 0 0 0 0 0 0 0 0 0 0 0 0 0 0 0 0 0 0 0 0 0 0 0 0
2002072017 0 0 0 0 0 0 0 0 0 0 0 0 0 0 0 0 0 0 0 0 0 0 0 0 0 0 0 0 0 0 0 0 0 0 0 0 0 0 0 0 0 0
2002072018 0 0 0 0 0 0 0 0 0 0.1 0 0 0.5 0 0 0 0 0 0 0 0 0 0 0 0 0 0 0 0 0 0 0 0 0 0 0 0 0 0 0 0 0
2002072019 0 8 0 0.3 0 0 0 0 0 0 0 0 0 0 0 0 0 0 0 0 0 0 0 0 0 0 0 0 0 0 0 0 0 0 0 0 0 0 0 0 0 0
2002072020 0 0 0 0 0 0 0 0 0 0 0 0 0 0 0 0 0 0 0 0 0 0 0 0 0 0 0 0 0 0 0 0 0 0 0 0 0 0 0 0 0 0
2002072021 0 0.3 0 0 0 0 0 0 0 0.7 0 0 0.4 1 0 0 0.1 0 0 0 0 0 0 0 0 0 0 0 0 0 0 0 0 0 0 0 0 0 0 0 0 0
2002072022 0 2.1 0 0.4 0 0 0 0 0 6.6 4.8 0 2.3 6.1 2.6 0 0.4 0 0 0 0 0 0 0 0 0 0 0 0 0 0 0 0 0 0 0 0 0 0 0 0 0
2002072023 0 2.9 0 8.8 0 0 0 0 0 0.2 8 0.7 4.2 0.4 0.6 0 0.1 0 0 0 0 0 0 0 0 0 0 0 0 0 0 0 0 0 0 0 0 0 0 0 0 0
2002072100 0.5 0.5 2.3 1.9 0 0.2 0.3 0 0 0.8 3.1 0.3 1.6 0.3 0.1 1.8 0 0.5 0 1.9 0 0 0.1 0.4 0 0 0 0 0 0 0 0 0 0 0 0 0.2 0 0 0 0 0
2002072101 0.1 0.6 1.4 5.6 0.1 7.7 0.7 0.5 0 0 0.8 2.4 0 0.1 0.6 2 0.1 4.6 4.2 1.3 8.1 3.1 5.1 1.5 0 0.9 0 0 0 0.3 0.5 2.1 0.2 0.1 5 8.9 5.7 0 0 0 0 0
2002072102 1.6 0 1.4 0 5.4 2.6 8 4 4.1 0.1 0.1 0 0.1 0 0 0 0 3.6 4.5 0 0.8 2.5 1 2.9 2.4 0.6 4.6 0.4 6.4 3.9 9 3.2 3.6 0 2 0.5 0.4 1.7 0 0 2.4 1
2002072103 0.1 0 0 0 0.4 0 0.1 1.6 1.6 0 0 0 0 0 0 0.1 0 0.1 0 0.1 0 0 0 0 0.1 0 0 0.7 3 0.3 0.8 0 1.1 0.1 0 0 0.1 2 0 1 3.3 1.5
2002072104 0 0 0 0 0 0 0 0 0 0 0 0.1 0 0 0.1 0 0 0 0.1 0 0 0 0 0 0 0 0.1 0.1 0 0 0 0 0 0 0 0 0 0 0.3 0.1 0.1 0
2002072105 0 0 0 0 0 0 0 0 0.1 0 0 0 0 0 0 0 0.1 0 0 0 0 0 0 0 0 0 0 0 0 0 0 0 0 0 0 0 0 0 0 0 0 0
2002072106 0 0 0 0 0 0 0 0 0 0 0 0 0 0 0 0 0.1 0 0 0 0 0 0 0 0 0 0 0 0 0 0 0 0 0 0 0 0 0 0 0 0 0
2002072107 0 0 0 0 0 0 0 0 0 0 0 0 0 0 0 0 2.4 0 0 0 0 0 0 0 0 0 0 0 0 0 0 0 0 0 0 0 0 0 0 0 0 0
2002072108 0 0 0 0 0 0 0 0 0 0 0 0 0 0 0 0 1.1 0 0 0 0 0 0 0 0 0 0 0 0 0 0 0 0 0 0 0 0 0 0 0 0 0
2002072109 0 0 0 0 0 0 0 0 0 0 0 0 0 0 0 0 0 0 0 0 0 0 0 0 0 0 0 0 0 0 0 0 0 0 0 0 0 0 0 0 0 0
2002072110 0 0 0 0 0 0 0 0 0 0 0 0 0 0 0 0 0 0 0 0 0 0 0 0 0 0 0 0 0 0 0 0 0 0 0 0 0 0 0 0 0 0
2002072111 0 0 0 0 0 0 0 0 0 0 0 0 0 0 0 0 0 0 0 0 0 0 0 0 0 0 0 0 0 0 0 0 0 0 0 0 0 0 0 0 0 0
2002072112 0 0 0 0 0 0 0 0 0 0 0 0 0 0 0 0 0 0 0 0 0 0 0 0 0 0 0 0 0 0 0 0 0 0 0 0 0 0 0 0 0 0
2002072113 0 0 0 0 0 0 0 0 0 0 0 0 0 0 0 0 0 0 0 0 0 0 0 0 0 0 0 0 0 0 0 0 0 0 0 0 0 0 0 0 0 0
2002072114 0 0 0 0 0 0 0 0 0 0 0 0 0 0 0 0 0 0 0 0 0 0 0 0 0 0 0 0 0 0 0 0 0 0 0 0 0 0 0 0 0 0
2002072115 0 0 0 0 0 0 0 0 0 0 0 0 0 0 0 0 0 0 0 0 0 0 0 0 0 0 0 0 0 0 0 0 0 0 0 0 0 0 0 0 0 0
2002072116 0 0 0 0 0 0 0 0 0 0 0 0 0 0 0 0 0 0 0 0 0 0 0 0 0 0 0 0 0 0 0 0 0 0 0 0 0 0 0 0 0 0
2002072117 0 0 0 0 0 0 0 0 0 0 0 0 0 0 0 0 0 0 0 0 0 0 0 0 0 0 0 0 0 0 0 0 0 0 0 0 0 0 0 0 0 0
2002072118 0.2 0 0 0.2 0 0 0 0 0 0 0 0 0 0 0 0 0 0 0 0 0 0 0 0 0 0 0 0 0 0 0 0 0 0 0 0 0 0 0 0 0 0
2002072119 0 0 0 0 0 0 0 0 0 0 0 0 0 0 0 0 0 0 0 0 0 0 0 0 0 0 0 0 0 0 0 0 0 0 0 0 0 0 0 0 0 0
2002072120 0 0 0 0 0.1 0 0 0 0 0 0 0 0 0 0 0 0 0 0 0 0 0 0 0 0 0 0 0 0 0 0 0 0 0 0 0 0 0 0 0 0 0
2002072121 0 0 0 0 0 0 0 0 0 0 0 0 0 0 0 0 0 0 0 0 0 0 0 0 0 0 0 0 0 0 0 0 0 0 0 0 0 0 0 0 0 0
2002072122 0 0 0 0 0 0 0 0 0 0 0 0 0 0 0 0 0 0 0 0 0 0 0 0 0 0 0 0 0 0 0 0 0 0 0 0 0 0 0 0 0 0
2002072123 0 0 0 0 0 0 0 0 0 0 0 0 0 0 0 0 0 0 0 0 0 0 0 0 0 0 0 0 0 0 0 0 0 0 0 0 0 0 0 0 0 0
2002072200 0.4 0 0 0 0 0 0 0 0 0 0 0 0 0 0 0 0 0 0 0 0 0 0 0 0 0 0 0 0 0 0 0 0 0 0 0 0 0 0 0 0 0
2002072201 0 0 0.2 0 0.6 0.1 1.7 0 0 0 0 0 0 0 0 0 0 0 0 0 0 0 0 0.1 0 0 0 0 0.1 0 0 0 0 0 0 0 0 0.1 0 0 0 0
2002072202 0 0 0.1 0 0.7 0.5 1.3 0 0.3 0 0 0 0 0 0 0 0 0 0 0 0 0 0 0 0 0 0 0 0 0 0 0 0 0 0 0 0 0 0 0 0 0
2002072203 0 0 0 0 0.1 0 0 0 0.2 0 0 0 0 0 0 0 0 0 0 0 0 0 0 0 0 0 0 0 0 0 0 0 0 0 0 0 0 0 0.1 0 0 0
2002072204 0 0 0 0 0.6 0.1 0.9 0 0 0 0 0 0 0 0 0 0 0 0 0 0 0 0 0 0 0 0 0 0 0 0 0.1 0 0 0.1 0 0 0 0 0.1 0 0
2002072205 0 0 0 0 0.1 0 0.1 0 0 0 0 0 0 0 0 0 0 0 0 0 0 0 0 0 0 0 0 0 0 0 0 0 0.1 0 0 0 0 0 0 0 0 0
2002072206 0 0 0 0 0 0 0 0 0 0 0 0.1 0 0 0 0 0 0 0.1 0 0 0 0 0 0 0 0 0 0 0.1 0.1 0 0 0 0 0 0 0 0 0 0 0
2002072207 0 0 0 0 0 0 0 0 0 0 0 0 0 0 0 0 0 0 0 0 0 0 0 0 0 0 0 0 0.2 0.1 0 0 0 0 0 0 0 0 0 0 0 0.1
2002072208 0 0 0 0 0 0 0 0 0 0 0 0 0 0 0 0 0 0 0 0 0 0 0 0 0 0 0 0 0 0 0 0 0 0 0 0 0 0 0 0 0 0
2002072209 0 0 0 0 0 0 0 0 0 0 0 0 0 0 0 0 0 0 0 0 0 0 0.1 0 0 0 0 0 0 0 0 0 0 0 0 0 0 0 0 0 0 0
2002072210 0 0 0 0 0 0 0 0 0 0 0 0 0 0 0 0 0 0 0 0 0 0 0 0 0 0 0 0 0 0 0 0 0 0 0 0 0 0 0 0 0 0
2002072211 0 0 0 0 0 0 0 0 0 0 0 0 0 0 0 0 0 0 0 0 0 0 0 0 0 0 0 0 0 0 0 0 0 0 0 0 0 0 0 0 0 0
2002072212 0 0 0 0 0 0 0 0 0 0 0 0 0 0 0 0 0 0 0 0 0 0 0 0 0 0 0 0 0 0 0 0 0 0 0 0 0 0 0 0 0 0
2002072213 0 0 0 0 0 0 0.1 0 0 0 0 0 0 0 0 0 0 0 0 0 0 0 0 0 0 0 0 0 0 0 0 0 0 0 0 0 0 0 0 0 0 0
2002072214 0 0 0 0 0 0 0 0 0 0 0 0 0 0 0 0.1 0 0 0 0 0 0 0 0 0 0 0 0 0 0 0 0 0 0 0 0 0 0 0 0 0 0
2002072215 0 0 0 0 0 0 0 0 0 0 0 0 0 0 0 0.3 0 0 0 0 0 0 0 0 0 0 0 0 0 0 0 0 0 0 0 0 0 0 0 0 0 0
2002072216 0 0 0 0 0 0 0 0 0 0 0 0 0 0 0 0 0 0 0 0 0 0 0 0 0 0 0 0 0.1 0 0 0 0 0 0 0 0 0 0 0 0 0
2002072217 0 0 0 0 0 0 0 0 0 0 0 0 0 0 0 0 0 0 0 0 0 0 0 0 0 0 0 0 0 0 0 0 0 0 0 0 0 0 0 0 0 0
2002072218 0 0 0 0 0 0 0 0 0 0 0 0 0 0 0 0 0 0 0 0 0 0 0 0 0 0 0 0 0 0 0 0 0 0 0 0 0 0 0 0 0 0
2002072219 0 0 0 0 0 0 0 0 0 0 0 0 0 0 0 0 0 0 0 0 0 0 0 0 0 0 0 0 0 0 0 0 0 0 0 0 0 0 0 0 0 0
2002072220 0 0 0 0 0 0 0 0 0 0 0 0 0 0 0 0 0 0 0 0 0 0 0 0 0 0 0 0 0 0 0 0 0 0 0 0 0 0 0 0 0 0
2002072221 0 0 0 0 0 0 0 0 0 0 0 0 0 0 0 0 0 0 0 0 0 0 0 0 0 0 0 0 0 0 0 0 0 0 0 0 0 0 0 0 0 0
2002072222 0 0 0 0 0 0 0 0 0 0 0 0 0 0 0 0 0 0 0 0 0 0 0 0 0 0 0 0 0 0 0 0 0 0 0 0 0 0 0 0 0 0
2002072223 0 0 0 0 0 0 0 0 0 0 0 0 0 0 0 0 0 0 0 0 0 0 0 0 0 0 0 0 0 0 0 0 0 0 0 0 0 0 0 0 0 0
2002072300 0 0 0 0 0 0 0 0 0 0 0 0 0 0 0 0 0 0 0 0 0 0 0 0 0.1 0 0 0 0 0 0 0 0 0 0 0 0 0 0 0 0 0
2002072301 0 0 0 0 0 0 0 0 0 0 0 0 0 0 0 0 0 0 0 0 0 0 0 0 0 0 0 0 0 0 0 0 0 0 0 0 0 0 0 0 0 0
2002072302 0 0 0 0 0 0 0 0 0 0 0 0 0 0 0 0 0 0 0 0 0 0 0 0 0 0 0 0 0 0 0 0 0 0 0 0 0 0 0 0 0 0
2002072303 0 0 0 0 0 0 0 0 0 0 0 0 0 0 0 0 0 0 0 0 0 0 0 0 0 0 0 0 0 0 0 0 0 0 0 0 0 0 0 0 0 0
2002072304 0 0 0 0 0 0 0 0 0 0 0 0 0 0 0 0 0 0 0 0 0 0 0 0 0 0 0 0 0 0 0 0 0 0 0 0 0 0 0 0 0 0
2002072305 0 0 0 0 0 0 0 0 0 0 0 0 0 0 0 0 0 0 0 0 0 0 0 0 0 0 0 0 0 0 0 0 0 0 0 0 0 0 0 0 0 0
2002072306 0 0 0 0 0 0 0 0 0 0 0 0 0 0 0 0 0 0 0 0 0 0 0 0 0 0 0 0 0 0 0 0 0 0 0 0 0 0 0 0 0 0
2002072307 0 0 0 0 0 0 0 0 0 0 0 0 0 0 0 0 0 0 0 0 0 0 0 0 0 0 0 0 0 0 0 0 0 0 0 0 0 0 0 0 0 0
2002072308 0 0 0 0 0 0 0 0 0 0 0 0 0 0 0 0 0 0 0 0 0 0 0 0 0 0 0 0 0 0 0 0 0 0 0 0 0 0 0 0 0 0
2002072309 0 0 0 0 0 0 0 0 0 0 0 0 0 0 0 0 0 0 0 0 0 0 0 0 0 0 0 0 0 0 0 0 0 0 0 0 0 0 0 0 0 0
2002072310 0 0 0 0 0 0 0 0 0 0 0 0 0 0 0 0 0 0 0 0 0 0 0 0 0 0 0 0 0 0 0 0 0 0 0 0 0 0.1 0 0 0 0
2002072311 0 0 0 0 0 0 0 0 0 0 0 0 0 0 0 0 0 0 0 0 0 0 0 0 0 0 0 0 0 0 0 0 0 0 0 0 0 0 0 0 0 0
2002072312 0.1 0 0 0.1 0 0 0 0 0 0 0 0 0 0 0 0 0 0 0 0 0 0 0 0 0 0 0 0 0 0 0 0 0 0 0 0 0 0 0 0 0 0
2002072313 0 0 0 0 0 0 0 0 0.1 0 0 0 0 0 0 0 0 0 0 0 0 0 0 0 0 0 0 0 0 0 0 0 0 0 0 0 0 0 0 0 0 0
2002072314 0 0 0 0 0 0 0 0 0 0 0 0 0 0 0 0 0 0 0 0 0 0 0 0 0 0 0 0 0 0 0 0 0 0 0 0 0 0 0 0 0 0
2002072315 0 0 0 0 0 0 0 0 0 0 0 0 0 0 0 0 0 0 0 0 0 0 0 0 0 0 0 0 0 0 0 0 0 0 0 0 0 0 0 0 0 0
2002072316 0 0 0 0 0 0 0 0 0 0 0 0 0 0 0 0 0 0 0 0 0 0 0 0 0 0 0 0 0 0 0 0 0 0 0 0 0 0 0 0 0 0
2002072317 0 0 0 0 0 0 0 0 0 0 0 0 0 0 0 0 0 0 0 0 0 0 0 0 0 0 0 0 0 0 0 0 0 0 0 0 0 0 0 0 0 0
2002072318 0 0 0 0 0 0 0 0 0 0 0 0 0 0 0 0 0 0 0 0 0 0 0 0 0 0 0 0 0 0 0 0 0 0 0 0 0 0 0 0 0 0
2002072319 0 0 0 0 0 0 0 0 0 0 0 0 0 0 0 0 0 0 0 0 0 0 0 0 0 0 0 0 0 0 0 0 0 0 0 0 0 0 0 0 0 0
2002072320 0.5 0.1 0.8 0 0 0 0.3 0 0 0 0 0 0 0 0 0 0 0 0 0 0 0 0 0 0 0 0 0 0 0 0 0 0 0 0 0 0 0 0 0 0 0
2002072321 0.3 0.5 0.5 0.1 1.4 0 0.4 0 0 0.3 0 0 0 0 0 0 0 0 0 0 0 0 0 0 0 0 0 0 0 0 0 0 0 0 0 0 0 0 0 0 0 0
2002072322 1.5 0.1 0.9 0.3 0.9 0.2 1 0 0.3 0 0.2 0.2 0 0 0 0 0 0 0 0 0 0 0 0 0 0 0 0 0 0 0 0 0 0 0.4 0.1 0 0 0 0 0 0
2002072323 0.4 0 0.4 0 0.9 0.2 0.7 0.1 2.1 0 0 0 0 0 0 0 0 0.2 0 0 0 0.2 0 0 0 0 0 0 0 0 0 0 0.3 0 0.6 0.1 0.2 0 0 0 0 0
2002072400 0 0 0 0 0.1 0 0.1 0.4 0.5 0 0 0 0 0 0 0 0 0.2 0.1 0 0.1 0.1 0 0 0 0 0 0 0 0.5 0 0.3 0.6 0 0 0 0 0 0 0 0 0.2
2002072401 0 0 0 0 0.3 0 0 0 0.1 0 0 0 0 0 0 0.1 0 0 0 0.3 0.6 0 0 0 0 0 0 0 0 0 0.1 0 0 0 0.3 0 0.5 0 0 0 0 0
2002072402 0 0 0.1 0 0.2 0 0 0.2 0.1 0 0 0 0 0 0 0 0 0.1 0 0.2 0.3 1.4 0 0 0 0 0 0 0 0.4 0 0 0.8 0 0.6 0 0.1 0 0 0 0 0
2002072403 0 0 0 0 0 0 0 0 0.1 0 0 0 0 0 0 0 0 0.1 0.1 0 0 0.1 0.2 0 0 0.2 0 0 0 0.1 0 0 0.2 0 0 0 0 0 0.2 0 0 0
2002072404 0 0 0 0 0 0 0 0 0 0 0 0 0 0 0 0 0 0 0 0 0 0 0 0 0.1 0.1 0 0 0 0 0 0 0.1 0 0 0 0 0 0 0 0.1 0.1
2002072405 0 0 0 0 0 0 0 0 0 0 0 0 0 0 0 0 0 0 0 0 0 0 0 0 0 0 0 0 0 0.1 0 0 0 0 0 0 0 0 0.2 0.1 0 0
2002072406 0 1.3 0.6 0.1 0 0 0 0 0 0.8 0.2 0 0 0 0 0 0 0 0 0 0 0 0.3 0 0 0 0 0 0 0 0 0.1 0 0 0 0 0 0 0 0 0 0
2002072407 0.7 0 1.4 0.5 1 0.4 0.6 0 0 0.2 1.7 0.1 0 0 0 0 0 0 0 0 0 0 0 0 0 0 0 0.1 0 0 0.1 0.2 0 5.2 0 0 0 0 0 0 0 0
2002072408 0.2 0 0.3 1 1.5 2.5 1.8 0.1 1.3 0.2 0 0.5 0 0 2.9 0.1 0 0 0 0 0 2.3 0 0 0 0.2 0 0 0 0 0 0.1 0.5 0 0.7 0 0 0 0.1 0 0 0
2002072409 0.9 0.9 0.1 0.4 0.6 0 1.6 0.6 0.9 0 0 0.1 0.1 0 0.1 1.8 0 0.5 0 0.6 0.9 1.4 0 0 0.2 0.6 0 0 1 0.8 0 2.3 0.2 0.1 0.1 0 1 0 0 0 0.3 2.4
2002072410 0.8 0.1 0.8 0.7 0.5 0.4 2.3 1.6 0 0.1 0.1 0.1 1.2 2.4 0 0 0 0 0.4 0 0 0.1 0 0 0 0 0 0 0.3 1.4 2.2 0.6 0.3 0 0 0 0 3.8 0 0.2 0.5 2.5
2002072411 0 0 0 0 0.2 0.8 0.2 0 1.1 0 0 0.1 0 0 0 0.6 0 0 0 0 0 0 0 0 0 0 0 0 0 0 0 0 0 1.6 0 0 0 0.2 0 0 0.2 0
2002072412 0 0 0 0 0 1.1 0.3 0.6 0.1 0 0 0 0 0 0 0 0 0 0 0.1 0 0.1 0 0 0 0 0 0 0 0.1 0 0.8 0 0 0 0 0 0 0 0 0 0.9
2002072413 0 0 0 0 0 0 0 0 0 0 0 0 0 0 0 0 0 0.3 0 0 0 0 0 0.5 3.1 0 0.1 0 0 0 0 0.1 0 0 0 0 0 0.4 0 0 0.2 0
2002072414 0 0 0 0 0 0 0.2 0 0 0 0 0 0 0 0 0 0 0 0 0 0 0 0 0 0 0 0 0.8 0 0 0 0.5 0 0 0 0 0 0 0 1.3 0 0
2002072415 0 0 0 0 0 0 0 0 0 0 0 0 0 0 0 0 0 0 0 0 0 0 0 0 0 0 0 0 0 0 0 0 0 0 0 0 0 0 0 0 0 0
2002072416 0 0 0 0 0 0 0 0.1 0 0 0 0 0 0 0 0 0 0 0 0 0 0 0 0 0 0 0 0 0 0 0 0 0 0 0 0 0 0 0 0 0 0
2002072417 0 0 0 0 0 0 0 0 0 0 0 0 0 0 0 0 0 0 0 0 0 0 0 0 0 0 0 0 0 0 0 0 0 0 0 0 0 0 0 0 0 0
2002072418 0 0 0 0 0 0 0 0 0 0 0 0 0 0 0 0 0 0 0 0 0 0 0.1 0 0 0 0 0 0 0 0 0 0 0 0 0 0 0 0 0 0 0
2002072419 0 0 0 0 0 0 0 0 0 0 0 0 0 0 0 0 0 0 0 0 0 0 0 0 0 0 0 0 0 0 0 0 0 0 0 0 0 0 0 0 0 0
2002072420 0 0 0 0 0 0 0 0 0 0 0 0 0 0 0 0 0 0 0 0 0 0 0 0 0 0 0 0 0 0 0 0 0 0 0 0 0 0 0 0 0 0
2002072421 0 0 0 0 0 0 0 0 0 0 0 0 0 0 0 0 0 0 0 0 0 0 0 0 0 0 0 0 0 0 0 0 0 0 0 0 0 0 0 0 0 0
2002072422 0 0 0 0 0 0 0 0 0 0 0 0 0 0 0 0 0 0 0 0 0 0 0 0 0 0 0 0 0 0 0 0 0 0 0 0 0 0 0 0 0 0
2002072423 0 0 0 0 0 0 0 0 0 0 0 0 0 0 0 0 0 0 0 0 0 0 0 0 0 0 0 0 0 0 0 0 0 0 0 0 0 0 0 0 0 0
2002072500 0 0 0 0 0 0 0 0 0 0 0 0 0 0 0 0 0 0 0 0 0 0 0 0 0 0 0 0 0 0 0 0 0 0 0 0 0 0 0 0 0 0
2002072501 0 0 0 0 0 0 0 0 0 0 0 0 0 0 0 0 0 0 0 0 0 0 0 0 0 0 0 0 0 0 0 0 0 0 0 0 0 0 0 0 0 0
2002072502 0 0 0 0 0 0 0 0 0 0 0 0 0 0 0 0 0 0 0 0 0 0 0 0 0 0 0 0 0 0 0 0 0 0 0 0 0 0 0 0 0 0
2002072503 0 0 0 0 0 0 0 0 0 0 0 0 0 0 0 0 0 0 0 0 0 0 0 0 0 0 0 0 0 0 0 0 0 0 0 0 0 0 0 0 0 0
2002072504 0 0 0 0 0 0 0 0 0 0 0 0 0 0 0 0 0 0 0 0 0 0 0 0 0 0 0 0 0 0 0 0 0 0 0 0 0 0 0 0 0 0
2002072505 0 0 0 0 0 0 0 0 0 0 0 0 0 0 0 0 0 0 0 0 0 0 0 0 0 0 0 0 0 0 0 0 0 0 0 0 0 0 0 0 0 0
2002072506 0 0 0 0 0 0 0 0 0 0 0 0 0 0 0 0 0 0 0 0 0 0 0 0 0 0 0 0 0 0 0 0 0 0 0 0 0 0 0 0 0 0
2002072507 0 0 0 0 0 0 0 0 0 0 0 0 0 0 0 0 0 0 0 0 0 0 0 0 0 0 0 0 0 0 0 0 0 0 0 0 0 0 0 0 0 0
2002072508 0 0 0 0 0 0 0 0 0 0 0 0 0 0 2.3 0 0 0 0 0 0 0 0 0 0 0 0 0 0 0 0 0 0 0 0 0 0 0 0 0 0 0
2002072509 0 0 0 0 0 0 0 0 0 0 0 0 0 0 0 0 0 0 0 0 0 0 0 0 0 0 0 0 0 0 0 0 0 0 0 0 0 0 0 0 0 0
2002072510 0 0 0 0 0.1 0 0.3 0 0 0 0 0 0 0 0 0 0 0 0 0 0 0 0 0 0 0 0 0 0 0 0 0 0 0 0 0 0 0 0 0 0 0
2002072511 0 0 0 0 0 0.6 0 0 0.1 0.1 0 0 0 0 0 0 0 0 0 0 0 0 0 0 0 0 0 0 0 0 0 0 0 0 0 0 0 0 0 0 0 0
2002072512 0 0 0 0 0 0 0 0 0 0 0 0 0 0 0 0 0 0 0 0 0 0 0 0 0 0 0 0 0 0 0 0 0 0 0 0 0 0 0 0 0 0
2002072513 0 0 0 0 0 0 0 0 0 0 0 0 0 0 0 0 0 0 0 0 0 0 0 0 0 0 0 0 0 0 0 0 0 0 0 0 0 0 0 0 0 0
2002072514 0 0 0 0 0 0 0 0 0 0 0 0 0 0 0 0 0 0 0 0 0 0 0 0 0 0 0 0 0 0 0 0 0 0 0 0 0 0 0 0 0 0
2002072515 0 0 0 0 0 0 0 0 0 0 0 0 0 0 0 0 0 0 0 0 0 0 0 0 0 0 0 0 0 0 0 0 0 0 0 0 0 0 0 0 0 0
2002072516 0 0 0 0 0 0 0 0 0 0 0 0 0 0 0 0 0 0 0 0 0 0 0 0 0 0 0 0 0 0 0 0 0 0 0 0 0 0 0 0 0 0
2002072517 0 0 0 0 0 0 0 0 0 0 0 0 0 0 0 0 0 0 0 0 0 0 0 0 0 0 0 0 0 0 0 0 0 0 0 0 0 0 0 0 0 0
2002072518 0 0 0 0 0 0 0 0 0 0 0 0 0 0 0 0 0 0 0 0 0 0 0 0 0 0 0 0 0 0 0 0 0 0 0 0 0 0 0 0 0 0
2002072519 0 0 0 0 0 0 0 0 0 0 0 0 0 0 0 0 0 0 0 0 0 0 0 0 0 0 0 0 0 0 0 0 0 0 0 0 0 0 0 0 0 0
2002072520 0 0 0 0 0 0 0 0 0 0 0 0 0 0 0 0 0 0 0 0 0 0 0 0 0 0 0 0 0 0 0 0 0 0 0 0 0 0 0 0 0 0
2002072521 0 0 0 0 0 0 0 0 0 0 0 0 0 0 0 0 0 0 0 0 0 0 0 0 0 0 0 0 0 0 0 0 0 0 0 0 0 0 0 0 0 0
2002072522 0 0 0 0 0 0 0 0 0 0 0 0 0 0 0 0 0 0 0 0 0 0 0 0 0 0 0 0 0 0 0 0 0 0 0 0 0 0 0 0 0 0
2002072523 0.1 0 0.3 0.4 0.1 0.1 0.1 0 0 0 0.1 0 0 0 0 0 0 0 0 0 0 0 0 0 0 0 0 0.1 0.1 0 0 0 0 0 0 0 0 0 0 0 0.1 0
2002072600 0 0.2 0 0 0 0.1 0.1 0.3 0.1 0.1 0 0.3 0.1 0 0 0.1 0 0 0 0 0 0.1 0 0 0 0 0 0 0.2 0.1 0.1 0.1 0.1 0 0 0.1 0.2 0 0 0 0.2 0.3
2002072601 0.1 0.1 0.1 0.1 0 0 0.1 0 0.1 0.1 0 0.1 0.1 0.1 0.1 0.3 0 0.1 0.2 0.1 0.2 0.3 0 0.1 0.1 0 0.1 0 0 0.1 0.2 0.3 0 0 0.1 0.1 0.2 0.1 0 0 0 0
2002072602 0.1 0 0 0 0.1 0.1 0 0.1 0.1 0 0 0 0 0 0 0 0 0.1 0.1 0 0 0 0 0.1 0.1 0 0.1 0.3 0.1 0 0.1 0.1 0 0.1 0 0.1 0 0.1 0.4 0.1 0.3 0.2
2002072603 0 0 0 0 0 0 0.1 0 0 0 0 0 0 0 0 0 0.1 0 0 0 0 0 0 0 0 0 0 0 0 0 0.1 0 0 0 0 0 0 0 0.1 0 0.1 0
2002072604 0 0 0 0 0 0 0 0 0 0 0 0 0 0 0 0 0 0 0 0 0 0 0 0 0 0 0 0 0 0 0 0 0.1 0 0 0 0 0 0 0.1 0 0.1
2002072605 0 0 0 0 0 0 0 0 0 0 0 0 0 0 0 0 0 0 0 0 0 0 0 0 0 0 0 0 0 0 0 0 0 0 0 0 0 0 0 0 0 0
2002072606 0 0 0 0 0 0 0 0 0 0 0 0 0 0 0 0 0 0 0 0 0 0 0 0 0 0 0 0 0 0 0 0 0 0 0 0 0 0 0 0 0 0
2002072607 0 0 0 0 0 0 0 0 0 0 0 0 0 0 0 0 0 0 0 0 0 0 0 0 0 0 0 0 0 0 0 0 0 0 0 0 0 0 0 0 0 0
2002072608 0 0 0 0 0 0 0 0 0 0 0 0 0 0 0 0 0 0 0 0 0 0 0 0 0 0 0 0 0 0 2.3 0 0 0 0 0 0 0 0 0 0 0
2002072609 0 0 0 0 0 0 0 0 0 0 0 0 0 0 0 0 0 0 0 0 0 0 0 0 0 0 0 0 0 0 0 0 0 0 0 0 0 0 0 0 0 0
2002072610 0 0 0 0 0 0 0 0 0 0 0 0 0 0 0 0 0 0 0 0 0 0 0 0 0 0 0 0 0 0 0 0 0 0 0 0 0 0 0 0 0 0
2002072611 0 0 0 0 0 0 0 0 0 0 0 0 0 0 0 0 0 0 0 0 0 0 0 0 0 0 0 0 0 0 0 0 0 0 0 0 0 0 0 0 0 0
2002072612 0 0 0 0 0 0 0 0 0 0 0 0 0 0 0 0 0 0 0 0 0 0 0 0 0 0 0 0 0 0 0 0 0 0 0 0 0 0 0 0 0 0
2002072613 0 0 0 0 0 0 0 0 0 0 0 0 0 0 0 0 0 0 0 0 0 0 0 0 0 0 0 0 0 0 0 0 0 0 0 0 0 0 0 0 0 0
2002072614 0 0 0 0 0 0 0 0 0 0 0 0 0 0 0 0 0 0 0 0 0 0 0 0 0 0 0 0 0 0 0 0 0 0 0 0 0 0 0 0 0 0
2002072615 0 0 0 0 0 0 0 0 0 0 0 0 0 0 0 0 0 0 0 0 0 0 0 0 0 0 0 0 0 0 0 0 0 0 0 0 0 0 0 0 0 0
2002072616 0 0 0 0 0 0 0 0 0 0 0 0 0 0 0 0 0 0 0 0 0 0 0 0 0 0 0 0 0 0 0 0 0 0 0 0 0 0 0 0 0 0
2002072617 0 0 0 0 0 0 0 0 0 0 0 0 0 0 0 0 0 0 0 0 0 0 0 0 0 0 0 0 0 0 0 0 0 0 0 0 0 0 0 0 0 0
2002072618 0 0 0 0 0 0 0 0 0 0 0 0 0 0 0 0 0 0 0 0 0 0 0 0 0 0 0 0 0 0 0 0 0 0 0 0 0 0 0 0 0 0
2002072619 0 0 0 0 0 0 0 0 0 0 0 0 0 0 0 0 0 0 0 0 0 0 0 0 0 0 0 0 0 0 0 0 0 0 0 0 0 0 0 0 0 0
2002072620 0 0 0 0 0 0 0 0 0 0 0 0 0 0 0 0 0 0 0 0 0 0 0 0 0 0 0 0 0 0 0 0 0 0 0 0 0 0 0 0 0 0
2002072621 0 0 0 0 0 0 0 0 0 0 0 0 0 0 0 0 0 0 0 0 0 0 0 0 0 0 0 0 0 0 0 0 0 0 0 0 0 0 0 0 0 0
2002072622 0 0 0 0 0 0 0 0 0 0 0 0 0 0 0 0 0 0 0 0 0 0 0 0 0 0 0 0 0 0 0 0 0 0 0 0 0 0 0 0 0 0
2002072623 0 0 0 0 0 0 0 0 0 0 0 0 0 0 0 0 0 0 0 0 0 0 0 0 0 0 0 0 0 0 0 0 0 0 0 0 0 0 0 0 0 0
2002072700 0 0 0 0 0 0 0 0 0 0 0 0 0 0 0 0 0 0 0 0 0 0 0 0 0 0 0 0 0 0 0 0 0 0 0 0 0 0 0 0 0 0
2002072701 0 0 0 0 0 0 0 0 0 0 0 0 0 0 0 0 0 0 0 0 0 0 0 0 0 0 0 0 0 0 0 0 0 0 0 0 0 0 0 0 0 0
2002072702 0 0 0 0 0 0 0 0 0 0 0 0 0 0 0 0 0 0 0 0 0 0 0 0 0 0 0 0 0 0 0 0 0 0 0 0 0 0 0 0 0 0
2002072703 0 0 0 0 0 0 0 0 0 0 0 0 0 0 0 0 0 0 0 0 0 0 0.1 0 0.1 0 0 0 0 0 0 0 0 0 0 0 0 0 0 0 0 0
2002072704 0 0 0 0 0 0 0 0 0 0 0 0 0 0 0 0 0 0 0 0 0 0 0 0 0 0 0 0 0 0 0 0 0 0 0 0 0 0 0 0.1 0 0
2002072705 0 0 0 0 0 0 0 0 0 0 0 0 0 0 0.1 0 0 0 0 0 0 0 0 0 0 0 0 0 0 0 0 0 0 0 0 0 0 0 0 0 0 0
2002072706 0 0 0 0 0 0 0 0 0 0 0 0 0 0 0 0 0 0 0 0 0 0 0 0 0 0 0 0 0 0 0 0 0 0 0 0 0 0 0 0 0 0
2002072707 0 0 0 0 0 0 0 0 0 0 0 0 0 0 0 0 0 0 0 0 0 0 0 0 0 0 0 0 0 0 0 0 0 0 0 0 0 0 0 0 0 0
2002072708 0 0 0 0 0 0 0 0 0 0 0 0 0 0 0 0 0 0 0 0 0 0 0 0 0 0 0 0 0 0 0 0 0 0 0 0 0 0 0 0 0 0
2002072709 0 0 0 0 0 0 0 0 0 0 0 0 0 0 0 0 0 0 0 0 0 0 0 0 0 0 0 0 0 0 0.1 0 0 0 0 0 0 0 0 0 0 0
2002072710 0 0 0 0 0 0 0 0 0 0 0 0 0 0 0 0 0 0 0 0 0 0 0 0 0 0 0 0 0 0 0 0 0 0 0 0 0 0 0 0 0 0
2002072711 0 0 0 0 0 0 0 0 0 0 0 0 0 0 0 0 0 0 0 0 0 0 0 0 0 0 0 0 0 0 0 0 0 0 0 0 0 0 0 0 0 0
2002072712 0 0 0 0 0 0 0 0 0 0 0 0 0 0 0 0 0 0 0 0 0 0 0 0 0 0 0 0 0 0 0 0 0 0 0 0 0 0 0 0 0 0
2002072713 0 0 0 0 0 0 0 0 0 0 0 0 0 0 0 0 0 0 0 0 0 0 0 0 0 0 0 0 0 0 0 0 0 0 0 0 0 0 0 0 0 0
2002072714 0 0 0 0 0 0 0 0 0 0 0 0 0 0 0 0 0 0 0 0 0 0 0 0 0 0 0 0 0 0 0 0 0 0 0 0 0 0 0 0 0 0
2002072715 0 0 0 0 0 0 0 0 0 0 0 0 0 0 0 0 0 0 0 0 0 0 0 0 0 0 0 0 0 0 0 0 0 0 0 0 0 0 0 0 0 0
2002072716 0 0 0 0 0 0 0 0 0 0 0 0 0 0 0 0 0 0 0 0 0 0 0 0 0 0 0 0 0 0 0 0 0 0 0 0 0 0 0 0 0 0
2002072717 0 0 0 0 0 0 0 0 0 0 0 0 0 0 0 0 0 0 0 0 0 0 0 0 0 0 0 0 0 0 0 0 0 0 0 0 0 0 0 0 0 0
2002072718 0 0 0 0 0 0 0 0 0 0 0 0 0 0 0 0 0 0 0 0 0 0 0 0 0 0 0 0 0 0 0 0 0 0 0 0 0 0 0 0 0 0
2002072719 0 0 0 0 0 0 0 0 0 0 0 0 0 0 0 0 0 0 0 0 0 0 0 0 0 0 0 0 0 0 0 0 0 0 0 0 0 0 0 0 0 0
2002072720 0 0 0 0 0 0 0 0 0 0 0 0 0 0 0 0 0 0 0 0 0 0 0 0 0 0 0 0 0 0 0 0 0 0 0 0 0 0 0 0 0 0
2002072721 0 0 0 0 0 0 0 0 0 0 0 0 0 0 0 0 0 0 0 0 0 0 0 0 0 0 0 0 0 0 0 0 0 0 0 0 0 0 0 0 0 0
2002072722 0 0 0 0 0 0 0 0 0 0 0 0 0 0 0 0 0 0 0 0 0 0 0 0 0 0 0 0 0 0 0 0 0 0 0 0 0 0 0 0 0 0
2002072723 0 0 0 0 0 0 0 0 0 0 0 0 0 0 0 0 0 0 0 0 0 0 0 0 0 0 0 0 0 0 0 0 0 0 0 0 0 0 0 0 0 0
2002072800 0 0 0 0 0 0 0 0 0 0 0 0 0 0 0 0 0 0 0 0 0 0 0 0 0 0 0 0 0 0 0 0 0 0 0 0 0 0 0 0 0 0
2002072801 0 0 0 0 0 0 0 0 0 0 0 0 0 0 0 0 0 0 0 0 0 0 0 0 0 0 0 0 0 0 0 0 0 0 0 0 0 0 0 0 0 0
2002072802 0 0 0 0 0 0 0 0 0 0 0 0 0 0 0 0 0 0 0 0 0 0 0 0 0 0 0 0 0 0 0 0 0 0 0 0 0 0 0 0 0 0
2002072803 0 0 0 0 0 0 0 0 0 0 0 0 0 0 0 0 0 0 0 0 0 0 0 0 0 0 0 0 0 0 0 0 0 0 0 0 0 0 0 0 0 0
2002072804 0 0 0 0 0 0 0 0 0 0 0 0 0 0 0 0 0 0 0 0 0 0 0 0 0.1 0 0 0 0 0 0 0 0 0 0 0 0 0 0.1 0 0 0
2002072805 0 0 0 0 0 0 0 0 0 0 0 0 0 0 0 0 0 0 0 0 0 0 0 0 0 0 0 0 0 0 0 0 0 0 0 0 0 0 0 0 0 0
2002072806 0 0 0 0 0 0 0 0 0 0 0 0 0 0 0 0 0 0 0 0 0 0 0 0 0 0 0 0 0 0 0 0 0 0 0 0 0 0 0 0 0 0
2002072807 0 0 0 0 0 0 0 0 0 0 0 0 0 0 0 0 0 0 0 0 0 0 0 0 0 0 0 0.1 0 0 0 0 0 0 0 0 0 0 0 0 0 0
2002072808 0 0 0 0 0 0 0 0 0 0 0 0 0 0 0 0 0 0 0 0 0 0 0 0 0 0 0 0 0 0 0 0 0 0 0 0 0 0 0 0 0 0
2002072809 0 0 0 0 0 0 0 0 0 0 0 0 0 0 0 0 0 0 0 0 0 0 0 0 0 0 0 0 0 0 0 0 0 0 0 0 0 0 0 0 0 0
2002072810 0 0 0 0 0 0 0 0 0 0 0 0 0 0 0 0 0 0 0 0 0 0 0 0 0 0 0 0 0 0 0 0 0 0 0 0 0 0 0 0 0 0
2002072811 0 0 0 0 0 0 0 0 0 0 0 0 0 0 0 0 0 0 0 0 0 0 0 0 0 0 0 0 0 0 0 0 0 0 0 0 0 0 0 0 0 0
2002072812 0 0 0 0 0 0 0 0 0 0 0 0 0 0 0 0 0 0 0 0 0 0 0 0 0 0 0 0 0 0 0 0 0 0 0 0 0 0 0 0 0 0
2002072813 0 0 0 0 0 0 0 0 0 0 0 0 0 0 0 0 0 0 0 0 0 0 0 0 0 0 0 0 0 0 0 0 0 0 0 0 0 0 0 0 0 0
2002072814 0 0 0 0 0 0 0 0 0 0 0 0 0 0 0 0 0 0 0 0 0 0 0 0 0 0 0 0 0 0 0 0 0 0 0 0 0 0 0 0 0 0
2002072815 0 0 0 0 0 0 0 0 0 0 0 0 0 0 0 0 0 0 0 0 0 0 0 0 0 0 0 0 0 0 0 0 0 0 0 0 0 0 0 0 0 0
2002072816 0 0 0 0 0 0 0 0 0 0 0 0 0 0 0 0 0 0 0 0 0 0 0 0 0 0 0 0 0 0 0 0 0 0 0 0 0 0 0 0 0 0
2002072817 0 0 0 0 0 0 0 0 0 0 0 0 0 0 0 0 0 0 0 0 0 0 0 0 0 0 0 0 0 0 0 0 0 0 0 0 0 0 0 0 0 0
2002072818 0 0 0 0 0 0 0 0 0 0 0 0 0 0 0 0 0 0 0 0 0 0 0 0 0 0 0 0 0 0 0 0 0 0 0 0 0 0 0 0 0 0
2002072819 0 0 0 0 0 0 0 0 0 0 0 0 0 0 0 0 0 0 0 0 0 0 0 0 0 0 0 0 0 0 0 0 0 0 0 0 0 0 0 0 0 0
2002072820 0 0 0 0 0 0 0 0 0 0 0 0 0 0 0 0 0 0 0 0 0 0 0 0 0 0 0 0 0 0 0 0 0 0 0 0 0 0 0 0 0 0
2002072821 0 0 0 0 0 0 0 0 0 0 0 0 0 0 0 0 0 0 0 0 0 0 0 0 0 0 0 0 0 0 0 0 0 0 0 0 0 0 0 0 0 0
2002072822 0 0 0 0 0 0 0 0 0 0 0 0 0 0 0 0 0 0 0 0 0 0 0 0 0 0 0 0 0 0 0 0 0 0 0 0 0 0 0 0 0 0
2002072823 0 0 0 0 0 0 0 0 0 0 0 0 0 0 0 0 0 0 0 0 0 0 0 0 0 0 0 0 0 0 0 0 0 0 0 0 0 0 0 0 0 0
2002072900 0 0 0 0 0 0 0 0 0 0 0 0 0 0 0 0 0 0 0 0 0 0 0 0 0 0 0 0 0 0 0 0 0 0 0 0 0 0 0 0.1 0 0
2002072901 0 0 0 0 0 0 0 0 0 0 0 0 0 0 0 0 0 0 0 0 0 0 0 0 0 0 0 0 0 0 0 0 0 0 0 0 0 0 0 0 0 0
2002072902 0 0 0 0 0 0 0 0 0 0 0 0 0 0 0 0 0 0 0 0 0 0 0 0 0 0 0 0 0 0 0 0 0 0 0 0 0 0 0 0 0 0
2002072903 0 0 0 0 0 0 0 0 0 0 0 0 0 0 0 0 0 0 0 0 0 0 0 0 0 0 0 0 0 0 0 0 0 0 0 0 0 0 0 0 0 0
2002072904 0 0 0 0 0 0 0 0 0 0 0 0 0 0 0 0 0 0 0 0 0 0 0 0 0 0 0 0 0 0 0 0 0 0 0 0 0 0 0 0 0 0
2002072905 0 0 0 0 0 0 0 0 0 0 0 0 0 0 0 0 0 0 0 0 0 0 0 0 0 0 0 0 0 0 0 0 0 0 0 0 0 0 0 0 0 0
2002072906 0 0 0 0 0 0 0 0 0 0 0 0.1 0 0 0 0 0 0 0 0 0 0 0 0 0 0 0 0 0 0 0 0 0 0 0 0 0 0 0 0 0 0
2002072907 0 0 0 0 0 0 0 0 0 0 0 0 0 0 0 0 0 0 0 0 0 0 0 0 0 0 0 0 0 0 0 0 0 0 0 0 0 0 0 0 0 0
2002072908 0 0 0 0 0 0 0 0 0 0 0 0 0 0 0 0 0 0 0 0 0 0 0 0 0 0 0 0 0 0 0 0.5 0 0 0 0 0 0 0 0 0 0
2002072909 0 0 0 0 0 0 0 0 0 0 0 0 0 0 0 0 0 0 0 0 0 0 0 0 0 0 0 0 0 0 0 0 0 0 0 0 0 0 0 0 0 0
2002072910 0 0 0 0 0 0 0 0 0 0 0 0 0 0 0 0 0 0 0 0 0 0 0 0 0 0 0 0 0 0 0 0 0 0 0 0 0 0 0 0 0 0
2002072911 0 0 0 0 0 0 0 0 0 0 0 0 0 0 0 0 0 0 0 0 0 0 0 0 0 0 0 0 0 0 0 0 0 0 0 0 0 0 0 0 0 0
2002072912 0 0 0 0 0 0 0 0 0 0 0 0 0 0 0 0 0 0 0 0 0 0 0 0 0 0 0 0 0 0 0 0 0 0 0 0 0 0 0 0 0 0
2002072913 0 0 0 0 0 0 0 0 0 0 0 0 0 0 0 0 0 0 0 0 0 0 0 0 0 0 0 0 0 0 0 0 0 0 0 0 0 0 0 0 0 0
2002072914 0 0 0 0 0 0 0 0 0 0 0 0 0 0 0 0 0 0 0 0 0 0 0 0 0 0 0 0 0 0 0 0 0 0 0 0 0 0 0 0 0 0
2002072915 0 0 0 0 0 0 0 0 0 0 0 0 0 0 0 0 0 0 0 0 0 0 0 0 0 0 0 0 0 0 0 0 0 0 0 0 0 0 0 0 0 0
2002072916 0 0 0 0 0 0 0 0 0 0 0 0 0 0 0 0 0 0 0 0 0 0 0 0 0 0 0 0 0 0 0 0 0 0 0 0 0 0 0 0 0 0
2002072917 0 0 0 0 0 0 0 0 0 0 0 0 0 0 0 0 0 0 0 0 0 0 0 0 0 0 0 0 0 0 0 0 0 0 0 0 0 0 0 0 0.1 0
2002072918 0 0 0 0 0 0 0 0 0 0 0 0 0 0 0 0 0 0 0 0 0 0 0 0 0 0 0 0 0 0 0 0 0 0 0 0 0 0 0 0 0 0
2002072919 0 0 0 0 0 0 0 0 0 0 0 0 0 0 0 0 0 0 0 0 0 0 0 0 0 0 0 0 0 0 0 0 0 0 0 0 0 0 0 0 0 0
2002072920 0 0 0 0 0 0 0 0 0 0 0 0 0 0 0 0 0 0 0 0 0 0 0 0 0 0 0 0 0 0 0 0 0 0 0 0 0 0 0 0 0 0
2002072921 0 0 0 0 0 0 0 0 0 0 0 0 0 0 0 0 0 0 0 0 0 0 0 0 0 0 0 0 0 0 0 0 0 0 0 0 0 0 0 0 0 0
2002072922 0 0 0 0 0 0 0 0 0 0 0 0 0 0 0 0 0 0 0 0 0 0 0 0 0 0 0 0 0 0 0 0 0 0 0 0 0 0 0 0 0 0
2002072923 0 0 0 0 0 0 0 0 0 0 0 0 0 0 0 0 0 0 0 0 0 0 0 0 0 0 0 0 0 0 0 0 0 0 0 0 0 0 0 0 0 0
2002073000 0 0 0 0 0 0 0 0 0 0 0 0 0 0 0 0 0 0 0 0 0 0 0 0 0 0 0 0 0 0 0 0 0 0 0 0 0 0 0 0 0 0
2002073001 0 0 0 0 0 0 0 0 0 0 0 0 0 0 0 0 0 0 0 0 0 0 0 0 0 0 0 0 0 0 0 0 0 0 0 0 0 0 0 0 0 0
2002073002 0 0 0 0 0 0 0 0 0 0 0 0 0 0 0 0 0 0 0 0 0 0 0 0 0 0 0 0 0 0 0 0 0 0 0 0 0 0 0 0 0 0
2002073003 0 0 0 0 0 0 0 0 0 0 0 0 0 0 0 0 0 0 0 0 0 0 0 0 0.1 0 0 0 0 0 0 0 0 0 0 0 0 0 0 0 0 0
2002073004 0 0 0 0 0 0 0 0 0 0 0 0 0 0 0 0 0 0 0 0 0 0 0 0 0 0 0 0 0 0 0 0 0 0 0 0 0 0 0 0 0 0
2002073005 0 0 0 0 0 0 0 0 0 0 0 0 0 0 0 0 0 0 0 0 0 0 0 0 0 0 0 0 0 0 0 0 0 0 0 0 0 0 0 0 0 0
2002073006 0 0 0 0 0 0 0 0 0 0 0 0 0 0 0 0 0 0 0 0 0 0 0 0 0 0 0 0 0 0 0 0 0 0 0 0 0 0 0 0 0 0
2002073007 0 0 0 0 0 0 0 0 0 0 0 0 0 0 0 0 0 0 0 0 0 0 0 0 0 0 0 0 0 0 0 0 0 0 0 0 0 0 0 0 0 0
2002073008 0 0 0 0 0 0 0 0 0 0 0 0 0 0 0 0 0 0 0 0 0 0 0 0 0 0 0 0 0 0 0 0 0 0 0 0 0 0 0 0 0 0
2002073009 0 0 0 0 0 0 0 0 0 0 0 0 0 0 0 0 0 0 0 0 0 0 0 0 0 0 0 0 0 0 0 0 0 0 0 0 0 0 0 0 0 0
2002073010 0 0 0 0 0 0 0 0 0 0 0 0 0 0 0 0 0 0 0 0 0 0 0 0 0 0 0 0 0 0 0 0 0 0 0 0 0 0 0 0 0 0
2002073011 0 0 0 0 1.1 2.7 0.2 0 0.3 0 0 0 0 0 0 0 0 0 0 0 0 0 0 0 1.1 0 0 0 0.9 0.9 0 0 0 0 0 0 0 9.5 0 0 0 0
2002073012 0 0 0 0 2.7 0.2 1.9 0.1 0.7 0 0 0 0 0 0 0 0 1.5 0 0 1.3 3.6 0.8 0 0 0 0 0 0 0 0 0 0 0 0.7 0 0 0 0.7 0 1 0
2002073013 0 0 0 0 1.9 0 0 0.4 0.1 0 0 27.7 0 0 0.1 9.9 0 0 0 0 0.2 1.7 0 0 0 0 0 1.5 0 0 0 0 0 8 0 3.3 0 0 0 0 0.7 0
2002073014 0 12.4 0 0.1 0.4 0 0 0 0.1 4 0 2.5 12.7 0 0.3 0.6 0 0 0 0 0 0 0 0 0 1.5 0 0.1 0 0 0 0 0 0 0 0 0 0 0 0 0.1 0.3
2002073015 0 1.5 0 0 0 0 0.1 0 0.1 0.4 0 0 0.1 0 0 0 0.4 0.1 0 0 0 0 0.8 0 0 0 0 0 0 0 0.1 0 0 0 0 0 0 1.4 0 0 0.1 0
2002073016 0 0 0 0 0 0 0 0 0 0.6 0 0 0 0 0 0 0.4 0 0.2 6.3 0 0 0 0 0 0 0 0 0 0 0.2 0 0 0 0 0 0 0.1 0 0 0.1 0
2002073017 2.8 0.3 0 0.4 0 0 0 0 0.1 2.7 0 0 1.1 0.5 0 0.8 1.4 0 0 0 0 0 0 0 0 0 0 0 5.4 2.1 7.9 0 0 0 8.7 1 0.5 0.1 0.4 0 0.1 0
2002073018 2.6 0 0 7.7 0.2 0 0 0 2.7 0 0.2 0 0.1 0 0 0 0.4 0 0 2.7 0 0.4 0 0 0.8 0 0 23.1 0.5 2.6 0.3 0 0.3 6.2 1.3 0.2 0.9 1.9 7.2 4.8 0.1 0
2002073019 0 0 0 1.4 0 0.4 0 0 0.4 0 8.4 0 0 0 0 0.2 0.1 0.4 15.7 1.4 0 0.2 0 0.6 5.9 0 1.1 2.5 6.3 1 1.2 0.8 3 0 1.9 0.9 0.1 0 1.9 2.2 0 0.7
2002073020 0.2 0 0.4 0 0 12 0 1.2 0.5 0 4.1 0.5 0 0 0 0 0 0.9 2.8 0.1 0 8.1 0 0 0.6 0 1.2 2.2 0 3 1.5 0.8 0.5 3.7 1 1.2 2.1 0 0.1 1.8 0.1 5.3
2002073021 0.1 0.2 1.8 0.6 0.5 0.7 0.5 0 2 0 0.3 0 0 0 0 0 0 0 3 0 0 0.4 0 0 0 0 0.4 1 0 0 0 1.6 0 0.7 0 0.1 0.5 0 0.1 0 0 1.2
2002073022 0.1 0.1 0 0 0.2 0.3 0.3 0 0.1 0 0 0 0 0 0 0 0 0 0.1 0 0 0.1 0 0 0 0 0 0.1 0 0 0 0.3 0 0.1 0 0 0.1 0.1 0 0 0.1 0.1
2002073023 0 0 0.1 0 0 0 0 0 0 0 0.1 0 0 0 0 0.1 0 0 0 0 0 0 0 0 0 0 0 0 0 0 0 0 0.1 0 0 0 0 0 0 0 0.1 0
2002073100 0 0 0 0.1 0 0 0 0.1 0 0 0 0 0 0 0 0 0 0.1 0 0 0 0 0 0 0 0 0 0 0 0.1 0 0 0 0 0.1 0 0 0 0 0.1 0 0
2002073101 0 0 0 0 0 0 0 0 0 0 0 0.1 0 0 0 0 0 0 0 0 0 0 0 0 0 0 0.1 0 0.1 0 0 0 0 0 0 0 0.1 0 0 0 0.1 0
2002073102 0 0 0 0 0 0 0 0 0 0 0 0 0 0 0 0 0 0 0 0 0 0 0 0 0 0 0 0.1 0 0 0 0 0 0 0 0 0 0 0 0 0 0
2002073103 0 0.1 0 0 0 0.1 0 0 0 0 0 0 0 0 0 0 0 0 0.1 0 0 0 0 0 0 0 0 0 0 0 0 0 0 0 0 0 0 0 0 0 0 0
2002073104 0 0 0 0 0 0 0 0 0 0 0 0 0 0 0 0 0 0 0 0 0 0 0.1 0 0 0.1 0 0 0 0 0.1 0.1 0 0 0 0 0 0.1 0 0 0 0
2002073105 0 0 0 0 0 0 0 0 0 0 0 0 0 0 0 0 0 0 0 0 0 0 0 0 0 0 0 0 0 0 0 0 0 0 0 0 0 0 0 0 0 0
2002073106 0 0 0 0 0 0 0 0 0 0 0 0 0 0 0 0 0 0 0 0 0 0 0 0 0.1 0 0 0 0 0 0 0 0 0 0 0 0 0 0.1 0 0 0
2002073107 0 0 0 0 0 0 0 0 0 0 0 0 0 0 0 0 0 0 0 0 0 0 0 0 0 0 0 0 0 0 0 0 0 0 0 0 0 0 0 0 0.1 0.1
2002073108 0 0 0 0 0 0 0 0 0 0 0 0 0 0 0 0 0 0 0 0 0 0 0 0 0 0 0 0 0 0 0 0 0 0 0 0 0 0 0 0.1 0 0
2002073109 0 0 0 0 0 0 0 0 0 0 0 0 0 0 0 0 0 0 0 0 0 0 0 0 0 0 0 0 0 0 0 0 0 0 0 0 0 0 0 0 0 0
2002073110 0 0 0 0 0 0 0 0 0 0 0 0 0 0 0 0 0 0 0 0 0 0 0 0 0 0 0 0 0 0 0 0 0 0 0 0 0 0 0 0 0 0
2002073111 0 0 0 0 0 0 0 0 0.8 0 0 0 0.1 0 0 0 0 0 0 0 0 0 0 0 0 0 0 0 0 0 0 0 0 0 0 0 0 0 0 0 0 0
2002073112 0.1 0 0 0 15.1 0 0.4 0 1.9 0 0 0 0 0 0 0 0 0 0 0 0 0 0 0 0 0 0 0.1 0 0 0 0 0 0 0 0 0 0 0 0 0 0
2002073113 0.3 0 0 0 1.3 0 0 0 0 0 0 0 0 0 0 0 0 0 0 0 0 0 0 0 0 0 0 0 0 0 0 0 0 0 0 0 0 0 0 0 0 0
2002073114 0 0 0 0 0.8 0 0 0 0 0 0 0 0 0 0 0 0 0.1 0 0 0 0 0 0 0 0 0 0 0 0 0 0 0 0 0 0 0 0 0 0 0 0
2002073115 0 0 0 0 0 0 0 0 0 0 0 0 0 0 0 0 0 0 0.1 0 0 0 0.3 4 0.5 5.4 0 0 0 0 0 0 0 0 0 0 0 0 0 1 0 0
2002073116 0 0 0 0 0 0 0 0 0 0 0 0 0 0.1 0 0 0 0.4 0.2 0.8 0 0 1.2 0.3 0 0 1.5 0 0 0 0 0 0 0 0 0 0 0 1.5 0 0 0
2002073117 0 0 0 0 0.1 0 0 0 0 0 0 0 0 0.2 0.1 0 0 0 0.7 0.1 0.2 0 0 0 0 0 0.2 0 0 0 0 0 0 0 0 0 0 0 2.1 0.2 0 0
2002073118 0 0 0 0 0 0 0 0 0 0 0 0 0 0 0 0.1 0 0.4 0 0.5 0 0 0 0.3 0.4 0.3 0.2 0.4 0 0.5 0 0 0 0 0 0 0 0 2.3 0.7 0 0
2002073119 0 0 0 0 0 0 0 0.1 0 0 0 0.2 0 0 0.2 0 0 0.2 0.2 0.6 0.1 0 0.7 0.8 0.8 0.7 0.9 0.4 0 0 0 0.8 0.1 0.1 0 0.5 0 0 0.7 0.5 0 0
2002073120 0 0 0 0 0 0 0 6.3 0 0 0 0 0.1 0.6 0.3 0.4 0.7 0.5 0.2 0.7 0.5 0.7 0.4 1.2 1.7 0.5 0.7 0.6 0.3 0 0.3 0.8 0 0 0.1 0 0 0.5 0.1 1.1 0 0
2002073121 0 0 0 0 0 0 0 3 0 0 0.1 0 0.3 0.7 0.7 0.5 0.4 0.9 0.9 0.7 0.5 0.6 1.1 1 0.2 0 0.7 0.6 0 0.4 1.4 0.4 0.2 0 0.1 0.2 0.6 1.3 0 0.1 11.4 11.4
2002073122 0 0.1 0 0 0 0 0.2 0.1 0.2 0.5 0 0.5 0.5 0.2 0.4 0.6 0.4 0.2 0.3 0.4 0.5 0.6 0.3 0.1 0 0.1 1.1 0.8 0 0.1 0.4 1.7 0 0.1 0.1 0.2 0.3 1 0.1 0 1.5 1.5
2002073123 0 0.2 11.5 0.9 0 6.3 18.1 0 12.5 0 0.3 0 1.5 0.5 0.5 0.4 0.6 1.9 1.1 2.3 0.4 0.3 2.2 0.1 0.2 0 1.3 0.9 0.4 0.1 0.4 0.6 0 0.9 0.1 0.1 0.3 0.4 0 0.1 0 0
2002080100 0.9 3.2 7.7 7.7 4.2 1.1 5.4 0 2 0.4 0.6 0.1 1.2 1.3 0.4 0.5 2 0.3 1.1 1.1 0.2 0.3 0.5 0 0 0 0.3 0.5 0.2 0.3 0.6 0.2 0.1 0 0.4 0.3 0.4 0.4 0 0 0 0
2002080101 3.6 1.2 1 3 1.8 0.1 2.6 0.2 1.1 0.2 2.6 0.3 0.6 0.6 1.2 1.8 0.1 0.3 1.2 0.3 1.4 1 0 0 0 0 0.2 0.5 0.3 0.5 0.4 1.2 0.1 0.2 0.4 0.5 0.7 0.4 0 0 0.1 0.1
2002080102 2.5 0.4 2.8 0.9 2.1 0.2 1.6 0.5 0.1 1.3 0.1 0.2 1.4 0.2 0.5 0.6 0.1 1.4 2 0.9 1.9 2.3 0.1 0 0 0 0.1 0.3 0.7 1.7 2.1 2 0.4 0 0.5 1 2.4 2 0 0 0.9 0.9
2002080103 4.1 1.9 1.1 5.3 0.3 2 0.4 1.4 0.1 3 1.6 3.8 1.6 0.4 1.5 1.9 0.1 0.1 0 0.2 2 2.7 0 0 0 0 0 0 0.4 0.6 0.1 0.3 0.7 1.5 1.9 1.5 2 0.2 0 0 1.2 1.2
2002080104 2.8 4 0.9 2.2 0.5 1.3 0.9 0.4 0.8 0.9 1.8 0.7 1.1 0 0.1 0 0 0 0 0 0.3 0.2 0 0 0 0 0 0 0.1 0.2 1 0 0.1 0.7 0.3 0.2 0.5 0.1 0.1 0 0.8 0.8
2002080105 1.5 0.6 1.2 1.6 1.4 2.2 2.7 0.1 1.5 0.1 0.4 2.5 0 0 0 0 0 0 0 0 0 0 0 0 0 0 0 0.1 0.6 1 0 0 0 0.2 0.3 0.6 0.1 0 0 0 0.5 0.5
2002080106 1.2 0 0.4 0.7 1.6 1.9 1.6 0 0.3 0 0.3 0.2 0 0 0 0 0 0 0 0 0 0 0 0 0 0 0 0 1.1 1.3 0 0 0.7 0.3 0.7 0.1 0 0 0 0 0.2 0.2
2002080107 0.6 0.1 1.4 0.4 0.6 0.1 0.8 1.1 0 0 0.1 0 0 0 0 0 0 0 0 0 0 0 0 0 0 0 0 0 0 0 0 0 0.1 0.2 0 0 0 0 0 0 0 0
2002080108 0.8 0 0.1 1.3 0.4 0 0 0.1 0 0 0 0 0 0 0 0 0 0 0 0 0 0 0 0 0.1 0 0 0 0 0 0 0 0.1 0 0 0 0 0 0 0 0 0.5
2002080109 0 0 0 0 0 0 0 0 0 0 0 0 0 0 0 0 0 0 0 0 0 0 0 0 0 0 0 0 0 0 0 0 0 0 0 0 0 0 0 0 0 0
2002080110 0 0 0 0 0 0 0 0 0 0 0 0 0 0 0 0 0 0 0 0 0 0 0 0 0 0 0 0 0 0 0 0 0 0 0 0 0 0 0 0 0 0
2002080111 0 0 0 0 0 0 0 0 0 0 0 0 0 0 0 0 0 0 0 0 0 0.1 0 0 0 0 0 0 0 0 0 0 0 0 0 0 0 0 0 0 0 0
2002080112 0 0 0.1 0 0 0 0 0 0 0 0 0 0 0 0 0 0 0 0 0 0 0 0 0 0 0 0 0 0 0 0 0 0 0 0 0 0 0.1 0 0 0 0
2002080113 0 0 0 0 0 0 0 0 0 0 0 0 0 0 0 0 0 0 0 0 0 0 0 0 0 0 0 0 0 0 0 0 0 0 0 0 0 0 0 0 0 0
2002080114 0 0 0 0 0 0 0 0 0 0 0 0 0 0 0 0 0 0 0 0 0 0 0 0 0 0 0 0 0 0 0 0 0 0 0 0 0 0 0 0 0 0
2002080115 0 0 0 0 0 0 0 0 0 0 0 0 0 0 0 0 0 0 0 0 0 0 0 0 0 0 0 0 0 0 0 0 0 0 0 0 0 0 0 0 0 0
2002080116 0 0 0 0 0 0 0 0 0 0 0 0 0 0 0 0 0 0 0 0 0 0 0 0 0 0 0 0 0 0 0 0 0 0 0 0 0 0 0 0 0 0
2002080117 0 0 0 0 0 0 0 0 0 0 0 0 0.6 0 0.6 0 0 0.1 0 0 0 0 0.1 0 0 0.2 0 0 0.1 0 0 0 0 0 0 0 4.2 0 0 0 0 0
2002080118 0 0 0 0 0 0 0 0 0 8.6 0 1.2 9.9 0 0.1 0 0 0 0 0.1 0 0 0 0 0 0.1 0 0 0.5 0 0 0 0 0 8.3 17.1 1 0 0 0 1.5 0.1
2002080119 0 0 0 0 0 0 0 2.4 0 9.1 0.2 6.3 1.9 0.1 0 0 0 0 0 0 0 0 0 0 0 0 0 0 0 0 0 0 0 8.8 0.5 0.5 0 0 0 0 1.2 0.3
2002080120 0 5.2 0.2 0.2 0 0.5 0.1 0.4 0.2 0.2 1 0.1 0 0 0 0 0 0 0 0 0 0 0 0 0 0 0 0 0 0 0 0 0 0.1 0 0 0 0 0 0 2.7 1
2002080121 0 0.3 0 0.1 0 0.1 0.1 0 0 0 0 0 0 0 0 0 0 0 0 0 0 0 0 0 0 0 0 0 0 0 0 0.1 0 0 0 0 0 0 0 0 0.4 0.6
2002080122 0 0 0 0 0.2 0 0 0 0.1 0 0 0 0 0 0 0 0 0 0 0 0 0 0 0 0 0 0 0 0 0 0 0 0 0 0 0 0 0 0 0 0 0
2002080123 0 0 0 0 0 0 0 0 0 0 0 0 0 0 0 0 0 0 0 0 0 0 0 0 0 0 0 0 0 0 0 0 0 0 0 0.1 0 0 0 0 0 0
2002080200 0 0 0 0 0 0 0 0 0 0 0 0.1 0 0 0 0 0 0 0 0 0 0 0 0 0 0 0 0 0 0 0 0 0 0.1 0 0 0 0 0 0 0 0
2002080201 0 0.1 0 0 0 0 0 0 0 0 0 0 0.1 0 0.1 0 0 0 0 0 0 0 0 0.1 0 0 0 0 0 0 0 0 0 0 0 0 0.1 0 0 0 0 0
2002080202 0 0 0 0 0 0 0 0 0 0.1 0 0 0 0 0 0 0 0 0 0 0 0 0 0 0 0 0 0 0 0 0 0 0 0 0 0 0 0 0 0 0 0
2002080203 0 0 0 0 0 0 0 0 0 0 0 0 0 0 0 0 0 0 0 0 0 0 0 0 0 0 0 0 0 0 0 0 0 0 0 0 0 0 0 0.1 0.1 0
2002080204 0 0 0 0 0 0 0 0 0 0 0 0 0 0 0 0 0 0 0 0 0 0 0 0 0 0 0 0 0 0 0 0 0 0 0.1 0 0 0 0 0 0 0
2002080205 0 0 0 0 0 0 0 0 0 0 0 0 0 0 0 0 0 0 0 0 0 0 0 0 0 0 0 0 0 0 0 0 0 0 0 0 0 0 0 0 0 0
2002080206 0 0 0 0 0 0 0 0 0 0 0 0 0 0 0 0 0 0 0 0 0 0 0 0 0.1 0 0 0 0 0 0 0 0 0 0 0 0 0 0 0 0 0
2002080207 0 0 0 0 0 0 0 0 0 0 0 0 0 0 0 0 0 0 0 0 0 0 0 0 0 0 0 0 0 0 0 0 0 0 0 0 0 0 0 0 0 0
2002080208 0 0 0 0 0 0 0 0 0 0 0 0 0 0 0 0 0 0 0 0 0 0 0 0 0 0 0 0 0 0 0 0 0 0 0 0 0 0 0 0 0 0
2002080209 0 0 0 0 0 0 0 0 0 0 0 0 0 0 0 0 0 0 0 0 0 0 0 0 0 0 0 0 0 0 0 0 0 0 0 0 0 0 0 0 0 0
2002080210 0 0 0 0 0 0 0 0 0 0 0 0 0 0 0 0 0 0 0 0 0 0 0 0 0 0 0 0 0 0 0 0 0 0 0 0 0 0 0 0 0 0
2002080211 0 0 0 0 0 0 0 0 0 0 0 0 0 0 0 0 0 0 0 0 0 0 0 0 0 0 0 0 0 0 0 0 0 0 0 0 0 0 0 0 0 0
2002080212 0 0 0 0 0 0 0 0 0 0 0 0 0 0 0 0 0 0 0 0 0 0 0 0 0 0 0 0 0 0 0 0 0 0 0 0 0 0 0 0 0 0
2002080213 0 0 0 0 0 0 0 0 0 0 0 0 0 0 0 0 0 0 8 0 0 0.1 0 0 0 0 3.8 0 0 0 0 0 0.1 0 0 0 0 0 0.1 0 0 0
2002080214 0 2.4 0 0 0 0 0 0 0 0 0 0 0 0 0 0 0 0 0.8 1.7 0.7 0.7 0 0 0 0 0.2 0 1.4 0.1 3.3 0 1.1 0.4 0.2 0.4 0.8 7.2 0 0 0 0
2002080215 0 0.2 0.4 1 0 3.3 0 1.9 0 0 0 0.3 0 0 0 0.1 0 0 0 0 0 0 0 0 0 0 0 0 0.1 0.1 0 0 0.5 0.6 0.3 2.5 0.1 0 0 0 0.2 0
2002080216 0 0 0.3 6.3 4.8 0.8 0.8 0.3 0 0 0 0 0 0 0 0 0 0 0 0 0 0 0 5.9 0 0.7 0 0 0 0 0 0 0 0 0 0 0 0 0 0 0.8 0.9
2002080217 0 0 0 0.1 0 0 0 0 0.3 0 0 0 0 0 0 0 0 0 0 1.2 0 0.1 0.3 2.8 0 0 0 0 0 0 0 0 0 0 0 0 0 0 0 0 0 0
2002080218 0 0 0 0 0 0 0 0.1 0 0 0 0 0.9 0.3 0.2 0.1 8.3 0.1 0 0.1 1.6 0 0 0 0 0.2 0 0 0 0 0 0 0 0 0 0 0 0 0.8 0 0 0
2002080219 0 0.1 0 0 0 0 0 0 0 1.1 0 0.3 2.5 0.2 0.5 0.1 0.3 0 0 0 1.4 0 0 0 0 0 0.2 0.2 0 0 0.7 0.2 0 0.6 0 0.1 0.1 2.3 0.9 0.2 0 0
2002080220 0 0.6 0 1.3 0 0 0 1.5 0 0.3 1 0.1 0.2 0.2 0 0 0 0 0 0 0 0 0 0.1 0 0 0 0 3.6 6.8 4.8 0 7.7 0.1 4.6 0 0 2.3 0 0 1.1 0.4
2002080221 0.2 0.1 4.9 2.8 0.4 1.7 0.7 1 1.8 0 0.1 0 0.3 0.2 0 0 0 0 0 0 0 0 0 0 0 0 0 0 0 0 0 0 0 0 0 0 0 0 0 0.1 0.1 1
2002080222 0.2 0 0.3 0.6 0.1 0 0 0.1 0.1 0.2 0 0 0 0.1 0.1 0 0 0 0 0 0 0 0 0 0 0 0 0 0 0 0 0 0 0 0.1 0 0 0.1 0 0 0 0.1
2002080223 0 0 0.1 0 0 0 0 0 0 0 0 0 0 0.1 0 0 0 0 0.1 0 0 0 0 0 0 0 0 0 0.1 0.1 0.1 0 0.1 0 0 0 0 0 0.1 0 0 0
2002080300 0.1 0 0 0.1 0 0 0 0 0 0 0 0 0 0 0.4 0 0.1 0.2 0.1 0.9 0.1 0 1.3 5.1 0.3 7.6 1 1.1 0 0 0 0.1 0 0 0 0 0 0 0.4 0.7 0.1 0
2002080301 0 0.1 0 0 0.1 0 0.1 0 0 0.5 0 0.3 4.9 0 7.8 2.1 1.3 1.6 1.6 6.5 0.8 0 16 10.1 5.7 3.3 3.7 3.1 0 1 0.5 1 0 0.1 0.1 1.6 0.9 0.3 4.1 4.8 0 0
2002080302 0 0.5 0 0 0 0 0 0.3 0.1 3 0.4 1.3 4.8 0.1 5.6 1.8 2.6 4.3 4.7 3.3 1.4 0 4.2 6.5 3.2 6.3 6 3.6 0.5 1 1.3 1.8 0.2 1.2 1.5 1.1 0.9 1.3 2.1 3.3 0 0
2002080303 1.7 0.4 0.2 0 1.3 0.5 0.3 0.2 2.3 0.7 0.1 0.9 1.1 0 2.4 2 0.2 1.9 1.6 5 1.6 0 3 3 1.4 0.2 1.5 2.2 2 1.3 1.7 1.9 0.5 1 0.9 0.6 1.1 2.1 0.3 1 1.3 0.3
2002080304 0.7 0.8 1.4 0.2 0.5 1.2 0.9 2 1 1.2 0.4 0.4 2.4 0.1 1.6 0.7 0.4 0.2 0.2 0 0.2 0 0 0.1 0 0.4 0 0.1 0.8 0.7 0.7 0.2 1.1 1.7 1.2 0.8 0.3 0.2 0 0 3.7 2.4
2002080305 1.7 0.1 1.1 1.5 2.4 0.9 1.7 0.8 2.6 0 1.5 0.1 0 0 0 0 0.3 0.1 0.1 0.1 0 0.1 0.2 0.3 1.9 0.1 1 0 0.1 0.1 0 0 0.4 0.4 0.1 0 0 0 0 0 2 2.6
2002080306 0.8 0 0.1 0.5 0.5 0.1 0.4 0 0.1 0 0.1 0 0.1 0 0 0.2 0 0 0.1 0 0.2 2.5 0 0 0 0 0 0 0 0 0 0 0 0 0 0.1 0.3 0.1 0 0 0 0.1
2002080307 0 0 0 0 0 0 0 0 0 0 0 0 0 0 0 0 0 0 0 0 0 5.4 0 0 0 0 0 0 0 0 0 0 0 0 0 0 0 0 0 0 0 0
2002080308 0 0 0 0 0 0 0 0 0 0 0 0 0 3.7 0 0 0 0 0 0 0 0 0 0 0 0 0 0 0 0 0 0 0 0 0 0 0 0 0 0 0 0
2002080309 0 0 0 0 0 0 0 0 0 0 0.1 0 0 0 0 0 0 0 0 0 0 0 0 0 0 0 0 0 0 0 0 0 0 0 0 0 0 0 0 0 0 0
2002080310 0 0 0 0 0 0 0 0 0 0 0 0 0 0 3 0 0 0 0 0 0 0 0 0 0 0 0 0 0 0 0 0 0 0 0 0 0 0 0 0 0 0
2002080311 0 0 0 0 0 0 0 0 0 1.7 0 0 0 0 0 0 0 0.5 0 0 0 0 0 0 0 0 0 0 0 0 0 0 0 0 0 0 0 0 0 0 0 0
2002080312 0 0 0 0 0 0.8 0 0 0.1 0.1 0 0 0 0 0 0 0 0 0 0 0 0 0 0.1 0 0 0.4 1.3 0 0 0 0 0 0 0 0 0 0 0 2 0.4 0
2002080313 0.1 1 0 0 0.3 0.5 0 0 0.4 0 0 0 0 0 0 0 0 0 0.2 0 0 0 0 0 0 0 0.2 0 0 0 0.4 0.3 0 0 0 0 0 0 0 0 0.1 0
2002080314 0 0 0 0 0 0.1 0 0 0 0 0.7 0 0 0 0 0 0 0 0 0 0.4 0 0 0 0 0 0 0 0.5 0 0 0 1.9 1 0 3.3 0 1.6 0 0 0 0
2002080315 0 0 0 11.7 0 0 0 0 0 0 0.9 0 0.4 0 0 0 0 0 0 0 0 0 0 0 0 0 0 0 0 0 0 1.6 0 0 0 0 0 0 0 0 0 0.1
2002080316 0 0 0 0 0 0 0 1 0 0 0.1 0 0 0 0 0 0 0 0 0 0 0 0 0 0 0 0 0 0 2.3 0 0 0 0 0.1 0 0 0 0 0 0 0
2002080317 0 0 0 3.3 0 0 0 0 0 0 0.8 0 0 0.1 0 0 0.7 0 0 6.1 0 0 1.4 4.3 0 2.4 0 0 0 0 0 0 0 0 0 0 0 0 0 0 0 0
2002080318 0 0 0 0 0 0 0 0 0 0.2 0 0 0.1 1.4 1.7 2.4 0.7 4.7 1.2 1.6 0.9 0 2.1 0.2 0.4 0 0 0 0 0 0 0 0 0 0 0 2.6 0 0 0 0 0
2002080319 0 0 0 0 0 0 0 0 0 0 0.2 2.7 0.1 0 0.1 0.4 0 0 0.4 0 0.1 1.6 0 0 1.7 0.3 0.5 0.1 0 0 0 0 0 2.2 0 8.6 8.2 0 0 0 0 0
2002080320 0 0 0.2 0.2 0 0.8 0 0 0 0 1 0 0 0 0 0 0 0 0.7 0 0 0.1 0 0.5 0 0.7 0.1 0.8 0 1 0 0.1 0 0.1 0.1 0 0.7 0 0.9 0.3 0 0
2002080321 0 0 0 0.1 0 0.1 0 0 0 0 0 0 0 0 0 0.1 0 0 0 0 0.1 0.1 0.1 0 0.1 0 0 0 0 0.1 0 0 0 0 0 0 0 0 0 0 0 0
2002080322 0 0 0 0 0 0 0 0 0 0 0 0 0 0 0 0 0 0 0 0 0 0 0 0 0 0 0 0 0 0 0 0 0 0 0 0 0 0 0.1 0 0 0
2002080323 0 0 0 0 0 0 0 0 0 0 0 0 0.1 0 0 0 0 0.1 0 0 0 0 0 0 0 0 0 0 0 0 0 0 0 0 0 0.1 0 0 0 0 0 0
2002080400 0 0 0 0 0 0 0 0 0 0 0 0.1 0 0 0 0 0 0 0 0 0 0 0 0 0 0.1 0 0 0 0 0 0 0 0 0 0 0 0 0 0 0 0
2002080401 0 0 0 0 0 0 0 0 0 0.1 0 0 0 0 0.1 0 0 0 0 0 0 0 0 0 0 0 0 0 0 0 0 0 0.1 0 0 0 0.1 0 0 0 0.1 0
2002080402 0 0 0 0 0 0 0 0 0 0 0 0 0 0.1 0 0.1 0.1 0 0 0.1 0 0 0 0 0 0 0.1 0.1 0 0 0 0 0 0 0 0 0 0 0 0.1 0 0
2002080403 0 0 0 0 0.1 0 0 0 0 0 0 0 0 0 0 0 0 0 0.1 0 0 0 0 0 0 0 0 0 0 0.1 0 0 0 0 0 0 0 0 0 0 0 0
2002080404 0 0 0 0 0 0 0 0 0 0 0 0 0 0 0 0 0 0.1 0 0 0 0 0 0 0 0.1 0 0 0 0 0 0 0 0.1 0 0.1 0 0.1 0.1 0 0 0
2002080405 0 0 0 0 0 0 0 0 0 0 0 0 0 0 0 0 0 0 0 0 0 0 0.1 0 0 0 0 0 0.1 0 0 0 0 0 0 0 0 0 0 0 0 0
2002080406 0 0 0 0 0 0 0.1 0 0 0 0 0 0 0 0 0 0 0 0 0 0 0 0 0 0 0 0 0 0 0 0 0 0 0 0 0 0 0 0 0 0 0
2002080407 0 0 0 0 0 0 0 0 0.1 0 0 0 0 0 0 0 0 0 0 0 0 0 0 0 0 0 0 0 0 0 0 0 0 0 0 0 0 0 0 0 0 0
2002080408 0 0 0 0 0 0 0 0 0 0 0 0 0 0 0 0 0 0 0 0 0 0 0 0 0 0 0 0 0 0 0 0 0 0 0 0 0 0 0 0 0 0
2002080409 0 0 0 0 0 0 0 0 0 0 0 0 0 0 0 0 0 0 0 0 0 0 0 0 0.1 0 0 0 0 0 0 0 0 0 0 0 0 0 0 0 0 0
2002080410 0 0 0 0 0 0 0 0 0 0 0 0 0 0 0 0 0 0 0 0 0 0 0 0 0 0 0 0 0 0 0 0 0.1 0 0 0 0 0 0 0 0 0
2002080411 0 0 0 0 0 0 0 0 0 0 0 0 0 0 0 0 0 0 0 0 0 0 0 0 0 0.1 0 0 0 0 0 0 0 0 0 0 0 0 0 0 0 0
2002080412 0 0 2.7 0 0 0 0 0 0 0 0 0 0 0 0 0 0.1 0 0 0 0 0 0 0.3 0 1.6 0.4 0 0 0 0 0 0 0 0 0 0 0 0.1 0 0.5 0
2002080413 0 0 0 0 0 0 0 0 0 0 0 0 0 0 0.7 0 0.1 0 0 0.1 0 0 0 0 0.1 0.2 0 0 0 0 0 0 0 0 0 0 0 0 0 0 0 0
2002080414 0 0.1 0 0 0 0 0 0 0 1.5 0 0.1 10.1 5.1 1.3 0.1 5.2 0 0 2.1 0 0 3 4.3 0 4.6 0 0 0 0 0 0.1 0 0 0 0 0 0 0 1.3 0 0
2002080415 0.2 0.8 0.1 0 0 2.2 0 0 0 2.6 0 0 5.9 1.8 5.2 3 0.3 2.1 2.3 1.3 0.9 0.3 1 0.4 1.9 0.6 7.7 0.4 0 0 0 1.5 0 0 0.2 0 0 0 0.7 -0.006 0 0
2002080416 1 0.3 0.6 0.9 2.6 0.3 0 0 0 0.4 0 0.5 0.1 0 0 0.4 0 0 1 0 0.6 2.3 0 0 0 0 0.3 0.1 0.1 4.8 2.3 2.4 0.3 0.4 6.5 1.1 0.9 0.7 0.1 0 0 0
2002080417 0 0.1 0.1 0 1 0 3.8 0.4 0.3 0 0.5 0 0 0 0 0 0 0 0 0 0 0 0 0 0 0 0 0 0.1 0.5 0.6 0 0.5 0.4 1.3 0.1 0.5 0.2 0.2 0 0.3 2.4
2002080418 0.1 0 0.2 0.1 1.1 0 1.6 0 0 0 0 0 0 0 0 0 0 0 0 0 0 0 0 0 0 0 0 0 0 0 0 0 0 0 0 0 0.1 0 0 0 0.7 0.4
2002080419 0 0 0 0 0 0 0 0 0.1 0 0 0 0 0 0 0 0 0 0 0 0 0 0 0 0 0 0 0 0 0 0 0 0.1 0 0 0 0 0 0 0 0 0
2002080420 0 0 0 0 0 0 0 0 0 0 0 0 0 0 0 0 0 0 0 0 0 0 0 0 0 0 0 0 0 0 0 0 0 0 0 0 0 0 0.1 0 0 0
2002080421 0 0 0 0 0 0 0.1 0 0 0 0 0 0 0 0 0 0.4 0 0 0 0 0 0 0 0 0 0 0 0 0 0 0 0 0 0 0 0 0 0 0 0 0
2002080422 0 0 0 0 0 0 0 0 0 0 0 0 0.4 0.2 0 0 0.1 0 0 0 0 0 0 0 0 0 0 0 0 0 0 0 0 0 0 0 0 0 0.2 0 0.1 0
2002080423 0 0 0 0 0 0 0 0 0 0 0 0 0 0 0 0 0.1 0.1 0 0 0 0 0 0 0 0 0 0 0 0.1 0 0 0 0 0 0 0 0 0 0.1 0 0
2002080500 0 0 0.1 0 0.1 0 0 0 0 0 0 0 0 0 0.1 0 0 0 0 0 0 0 0 0 0 0 0 0 0.2 0 0 0 0 0.1 0 0 0 0.1 0 0 0 0.1
2002080501 0 0 0 0 0 0 0 0 0 0 0 0 0 0.1 0 0 0 0 0 0 0 0 0 0 0 0 0 0 0 0 0 0 0 0 0 0 0 0 0 0 0 0
2002080502 0 0 0 0 0 0 0 0 0 0 0 0 0 0 0 0.1 0 0 0 0 0 0 0 0 0 0 0 0 0 0 0 0 0 0 0 0 0 0 0 0 0 0
2002080503 0 0 0 0 0 0 0.1 0 0 0 0 0.1 0 0 0 0 0 0 0 0 0 0 0 0 0 0 0 0 0 0 0 0 0 0 0 0 0 0 0 0 0 0
2002080504 0.1 0 0 0 0 0 0 0.1 0 0 0 0 0 0 0 0 0 0 0 0 0 0 0 0 0 0 0 0 0 0 0.1 0 0 0 0 0 0.1 0 0 0 0 0
2002080505 0 0 0 0 0 0 0 0 0 0 0 0 0 0 0 0 0 0 0 0 0 0 0 0 0 0 0 0 0 0 0 0 0 0 0 0 0 0 0 0 0 0
2002080506 0 0 0 0 0 0 0 0 0 0 0 0 0.3 0.6 0 0 0 0 0 0 0 0 0 0 0 0 0 0 0 0 0 0 0 0 0 0.1 0 0 0 0 0 0
2002080507 0 0 0 0 0 0 0 0 0 0 0 0 0.4 0.2 0 0 0 0 0 0 0 0 0 0 0 0 0 0 0 0 0 0 0.1 0 0 0 0 0 0 0 0.1 0
2002080508 0 0 0 0 0 0 0 0 0 0 0 0 0 0 0 0 0 0 0 0 0 0 0 0 0 0 0 0 0 0 0 0.1 0 0 0 0 0 0 0 0 0 0
2002080509 0 0 0 0 0 0 0 0 0 0.1 0 0 0 0 0 0 0 0 0 0 0 0 0 0 0 0 0 0 0 0 0 0 0 0 0 0 0 0 0 0 0 0
2002080510 0 1.1 0 0 0 0 0 0 0 0 0 0 0 0 0 0 0 0 0 0 0 0 0 0 0 0 0 0 0 0 0 0 0 0 0 0 0 0 0 0 0 0
2002080511 0 0 0 0 0 0.3 0 0 0 0 0 0 0 0 0 0 0 0 0 0 0 0 0 0 0 0 0 0 0 0 0 0 0 0 0 0 0 0 0 0 0 0
2002080512 0 0.4 0 0 0 0.1 0 0 0 0.2 0.1 0 0 0 0 0 0 0 0 3.8 0.9 0 0 0 0 0 0 0 0 0 0 0 0 0 0 0 0 0 0 0 0 0
2002080513 0 0.1 0 0 0 0 0 0 0 0.5 0 0 0.2 0 0 0 0.3 0 0 0 1.6 0.4 0 0 0 0 0 0 0 0 0 0 0 0 0 0 0 0 0 0 0 0
2002080514 0 0 0 0 0 0.1 0 0 0 0 0 1.5 0.4 0 0 0 0.3 0 0 0.2 0 0.7 0 0 0 0 0 0 0 0 0 0 0.3 0 0 0 0 0 0 0 0 0
2002080515 0 0 0 0 0 0 0 0.1 0 0 0.1 0.1 0.1 0 0 0 0 0 0 0 0 0.1 0 0 0 0 0 0 0 0 0.1 0 0 2.2 0 0 0 0 0 0 0 0
2002080516 0 0 0.8 0 0 1.5 0.2 0 0.1 0 0 0 0.1 0 0 0.5 0 0 0 0.4 0 0.2 0 0 0 0 0 0 0 0.8 0 0 2.5 0 0.6 0 0 0 0 0 0 0
2002080517 0 0 0 0 0.1 0.3 0.1 0.1 0.1 0 0 0 0 0 0 0 0 0 0 0 0 0 0 0 0 0 0 0 5.5 0 0 0 0.7 0 0 0 0 0 0 0 0.3 0
2002080518 0 0 0 0 0 0 0 0 0 0 0 0 0 0.4 0 0 0 0 0 0 0 0 0 0 0 0 0 0 0 0 0 0 0 0 0 0 0 0 0 0 0.8 0
2002080519 0 0 0 0 0 0 0 0 0 0 0 0 0 0 0 0 0 0 0 0 0 0 0 0 0 0 0.1 0 0 0 0 0 0.1 0 0 0 0 0 0 0 0 0
2002080520 0 0 0 0 0 0 0 0 0 0 0 0 0 0 0 0 0 0 0 0 0 0 0 0 0 0 0.1 0 0 0 0 0 0 0 0 0 0 0 0 0 0 0
2002080521 0 0 0 0 0 0 0 0 0 0 0 0 0 0 0 0 0 0 0 0 0 0 0 0 0 0 0 0 0 0 0 0 0 0 0 0 0 0 0 0 0 0
2002080522 0 0 0.1 0 0 0 0 0 0 0 0 0 0 0 0 0 0 0 0 0 0 0.1 0 0 0 0 0 0 0 0 0 0 0 0 0 0 0 0 0 0 0.1 0
2002080523 0 0 0 0 0 0 0.1 0 0 0 0 0 0 0 0 0 0.1 0 0 0 0 0 0 0 0 0 0 0 0 0 0 0 0.1 0 0 0 0 0 0 0 0 0
2002080600 0 0 0 0.1 0 0 0 0 0 0 0 0 0.1 0 0.1 0 0 0 0 0 0 0 0 0 0 0 0 0 0 0 0 0 0 0.1 0.1 0.1 0 0 0.1 0 0 0
2002080601 0 0.1 0 0 0 0 0 0 0 0 0 0 0 0 0 0 0 0 0 0 0 0 0 0 0 0 0 0 0.1 0.1 0 0 0 0 0 0 0.1 0 0 0 0 0
2002080602 0 0 0 0 0.1 0.1 0 0.1 0 0.1 0 0 0 0 0 0 0 0.1 0.1 0 0 0 0 0 0 0.1 0 0 0 0 0 0.1 0 0.1 0 0 0 0 0 0 0 0.1
2002080603 0.1 0 0.1 0 0 0 0 0 0 0 0 0 0 0 0 0.1 0.1 0 0 0 0 0 0 0 0.1 0 0 0.1 0 0 0.1 0 0.1 0 0 0 0 0 0 0.1 0.1 0
2002080604 0 0 0 0 0 0 0 0.1 0 0 0.8 0 0 0 0 0 0 0 0 0.1 0 0 0 0 0 0 0 0 0 0 0 0 0 0 0 0 0 0.1 0.1 0 0 0
2002080605 0 0 6.2 0 0 0 0 0 0 0 0.4 0 0 0 0 0 0 0 0 0 0 0 0.1 0 0 0 0.1 0 0 0 0 0 0 0 0 0 0 0 0 0 0 0
2002080606 0 0 0.1 0 0.2 0 0 0 0 0 0 0 0 0 0 0 0 0 0 0 0 0 0 0 0 0 0 0 0 0 0 0 0 0 0 0 0 0 0 0 0 0.1
2002080607 0 0.1 0 0 1.8 0 0.2 0 0 0 0 0 0 0 0 0 0 0 0 0 0 0 0 0 0 0 0 0 0 0 0 0 0 0 0 0 0 0 0 0 0 0
2002080608 0 0.4 0 0 0.1 0 0.4 0 0 0.3 0.1 0 0.4 0.2 0 0 0 0 0 0 0 0 0 0 0 0 0 0 0 0 0 0 0 0.1 0 0 0 0 0 0 0 0
2002080609 0 0.3 0 0 0 0 0 0 0 0.3 0 0.2 0.7 0.5 0.3 0.2 0.4 0 0 0 0 0 0 0 0 0 0 0 0 0 0 0 0 0 0 0 0 0 0 0 0 0
2002080610 0.1 0.4 0 0 0 0.1 0 0 0.2 0.6 0.8 0.2 1.3 1.9 1.4 0.4 2.2 0.1 0 0.2 0.3 0 0 0 0 0 0 0 0 0 0 0 0 0.2 0.2 0 0 0 0 0 0 0.2
2002080611 0.1 0.2 0.9 0.1 0 0.1 0.3 0 0.7 1.3 0.1 0.7 2.1 1.8 2.1 1.6 1.4 0.9 0.9 1.5 1.2 0 1.2 1.2 0.3 1.2 0.4 0.1 0.2 0.5 0.5 0.9 0.1 0.3 0.2 0.7 0.1 0.2 0 0 0.3 0.5
2002080612 0.6 0 1.1 0 0 0.1 0 0.6 0.1 2.4 0 0.2 3.7 4.6 2.5 3 6.2 2.1 1.5 2.5 2.2 0 2.4 4.7 1.8 2.5 1.4 0.7 0.4 0.6 0.9 1.1 0.3 0 0.4 0.5 0.2 0.5 0 0.1 0.7 0.9
2002080613 0 0 0 0 0.3 0 0 0.1 0 0.8 0 0.1 1.3 4.7 3 1.7 9.5 2.4 2.5 3.2 1.9 0 2.4 2.9 2.3 2.7 2.6 1.9 0 0 0.6 1.2 0 0 0 0 0.1 0.4 0.5 1.3 0.3 0
2002080614 0 0 0 0 0 0 0 0 0 0 0 0 0.4 2.3 1.3 0.7 3.5 1.8 1.4 3.5 0.1 0 3.3 5.3 2.2 4 1.1 1 0 0 0 0.1 0 0 0 0 0 0.1 1.2 1.3 0 0
2002080615 0 0 0 0 0 0 0 0 0 0 0 0 0.1 0.2 0.1 0.6 0.1 3.1 1.6 0.9 0.9 0 3.5 7.4 4.3 3.9 1.4 1 0 0 0 0.9 0 0 0 0.1 0.1 0 0.9 1.2 0 0
2002080616 0 0 0 0 0 0 0 0 0 0 0 0 0 0 0 0.1 0 0.4 2.1 0.2 0.2 0 0.6 3.1 2.1 1.4 1.5 1 0.4 0.1 0.2 3 0 0 0 0 0.1 0.1 2.3 3.9 0 0
2002080617 0 0 0 0 0 0 0 0.1 0 0 0 0 0.5 0 0 0 0.9 0 0.2 0 0 0 0 0 0 0.5 0 1.1 0 0.1 0.3 0.8 1 0 0 0 0.1 0 3.7 3.6 0 0
2002080618 0 0 0 0 0 0 0 0 0 0 0 0 1.1 4.3 0.7 0.1 8 0 0 0.3 0 0 0 0 0 0.6 0 0 0 0.2 0.5 0 0.1 0 0 0 0 0.9 0.8 0 0 0
2002080619 0 0 0 0 0 0 0 0.1 0 0 0 0 0 1.3 1.9 0.3 1.8 4.1 0.3 4 0.7 0 3.9 3.3 1.2 2.8 0.3 0 0.2 0 0 0.1 0.1 0 0 0 0.1 0.2 0 0 0.1 0
2002080620 0 0 0 0 0 0 0 0.1 0 0 0 0 0 0 0 0.1 0.1 2.3 4.4 1.8 0.4 0 1.4 1.8 2.8 1.4 4 3.6 0 0 0 0.5 0 0 0 0 0 0 0.4 2.1 0 0
2002080621 0 0 0 0 0 0 0 0 0 0 0 0 0 0 0.1 0 0.1 0.1 1.3 0 0 0 2.6 0.2 0.8 0.1 2.2 2.7 0 0 0 0 0 0 0 0 0.1 0 2.1 0.8 0 0
2002080622 0 0 0 0 0 0 0 0 0 0 0 0 0 0.1 0 0 0 0 0 0 0 0 0 1 2.3 0.1 0 0.1 0 0 0.1 0 0.1 0 0 0 0 0 0.5 1 0 0
2002080623 0 0 0 0 0 0 0 0 0 0 0 0 0 0 0 0 0 0 0 0 0 0 0 0 0 0.8 0 0.1 0 0 0 0 0 0 0 0 0 0 0 0 0 0
2002080700 0 0 0 0 0 0 0 0 0 0 0.1 0 0 0 0 0 0 0 0 0 0 0 0 0.1 0 0.1 0 0 0 0 0 0 0 0 0 0 0.1 0 0 0 0 0
2002080701 0 0.1 0 0 0 0 0 0 0 0 0 0 0 0 0 0 0 0 0 0 0 0 0 0 0 0 0 0 0 0 0 0 0 0 0 0 0 0 0.1 0 0 0
2002080702 0 0 0 0.1 0 0 0 0 0 0.1 0 0 0 0 0 0 0 0 0 0 0 0 0 0 0 0 0 0 0 0.1 0 0 0 0 0 0.1 0 0 0 0 0 0
2002080703 0 0.1 0.1 0 0 0 0 0.1 0 0 0.1 0 0 0 0 0 0.5 0 0 0.1 0 0 0 0 0 0 0 0 0.1 0 0 0.1 0 0.1 0 0 0 0 0 0.1 0 0
2002080704 0 0 0 0 0 0 0.1 0 0 0 0 0 0 0 0 0.1 0.4 0 0 0 0 0 0 0 0 0 0 0 0 0 0 0 0 0 0 0 0 0.1 0 0 0 0
2002080705 0.1 0 0 0 0 0 0 0 0 0 0 0 0 0 0 0 1.4 0 0 0 0.1 0 0 0 0 0 0 0 0 0 0 0 0 0 0 0 0.1 0 0 0 0 0
2002080706 0 0 0 0 0 0 0 0 0 0 0 0 0 0 0 0 0.4 0 0 0 0 0.1 0 0 0 0.1 0 0 0 0 0 0 0 0 0 0 0 0 0 0 0 0
2002080707 0 0 0 0 0 0 0 0 0 0 0 0 0 0 0 0 0 0 0 0 0 0 0 0 0 0 0 0 0 0 0 0 0 0 0 0 0 0 0 0 0 0
2002080708 0 0 0 0 0 0 0 0 0 0 0 0 0 0 0 0 0 0 0 0 0 0 0 0 0 0 0 0 0 0 0 0 0 0 0 0 0 0 0 0 0 0
2002080709 0 0 0 0 0 0 0 0 0 0 0 0 0 0 0 0 0 0 0 0 0 0 0 0 0 0 0 0 0 0 0 0 0 0 0 0 0 0 0 0 0 0
2002080710 0 0 0 0 0 0 0 0 0 0 0 0 0 0 0 0 0 0 0 0 0 0 0 0 0 0 0 0 0 0 0 0 0 0 0 0 0 0 0 0 0 0
2002080711 0 0 0 0 0 0 0 0 0 0 0 0 0 0 0 0 0 0 0 0 0 0 0 0 0 0 0 0 0 0 0 0 0 0.1 0 0 0 0 0 0 0 0
2002080712 0 0 0 0 0 0 0 0 0 0 0 0 0 5.8 0 0 0 0 0 0 0 0 0 0 0 0 0 0 0 0 0 0 0 0 0 0 0 0 0 0 0 0
2002080713 0 0 0 0 0 0 0 0 0 0 0 0 0.2 1.4 0 0 0 0 0 0 0 0 0.5 2.2 0 0.4 0 0 0 0 0 0 0 0 0 0 0 0 0 0 0 0
2002080714 0 0 0 0 0 0 0 0 0 0 0 0 38.7 0 0.1 0 0.9 0 0 0 0 0 0 0 0 0 0 0 0 0 0 0 0 0 0 0 0.1 0 0 0 0 0
2002080715 0 0 0 0 0 0 0 0 0 0 0 0 0.4 4.7 0.4 0 0 0 0 0 0 0 0 0 0 0 0 0 0 0 0 0 0 0 0 0 0 0 0 0 0 0
2002080716 0 0 0 0 0 0 0 0 0 0 0 0 0 5.2 0.1 0 2.6 0 0 0 0 0 0 0 0 0 0 0 0 0 0 0 0 0 0 0.6 0 0 0 0 0 0
2002080717 0 0 0 0 0 0 0 0 0 0 0 0 0 0 0 0 0.5 0 0 0.1 0 0 0 0 0 0 0 0 0 0 0 0 0 0 0 0 0 0 0 0 0 0
2002080718 0 0 0 0 0 0 0 0 0 0 0 0 0 0 0 0 0 0 0 0 0 0 0 0 0 0 0 0 0 0 0 0 0 0 0 0 0 0 0 0 0 0
2002080719 0 0 0 0 0 0 0 0 0 0 0 0 0 0 0 0 0 0 0 0 0 0 0 0 0 0 0 0 0 0 0 0 0 0 0 0 0 0 0 0 0 1.4
2002080720 0 0 0 0 0 0 0 0 0 0 0 0 0 0 0 0 0 0 0 0 0 0 0 0 0 0 0 0 0 0 0 0 0 0 0 0 0 0 0 0 0 0
2002080721 0 0 0 0 0 0 0 0 0 0 0 0 0 0 0 0 0.1 0 0 0 0 0 0 0 0 0 0 0 0 0 0 0 0 0 0 0 0 0 0 0 0 0
2002080722 0 0 0 0 0 0 0 0 0 0 0 0 0 0 0 0 0 0 0 0 0 0 0 0 0 0 0 0 0 0 0 0 0.1 0 0 0 0 0 0 0 0.1 0
2002080723 0 0 0 0 0 0 0 0 0 0 0 0 0 0 0 0 0 0 0 0 0 0 0 0 0 0 0 0 0 0 0 0.1 0 0 0 0 0 0 0 0 0 0
2002080800 0 0 0 0 0 0 0.1 0 0 0 0 0 0 0 0 0 0 0 0 0 0.1 0 0 0 0 0 0 0 0 0 0 0 0 0 0.1 0 0 0 0 0 0 0
2002080801 0 0 0 0 0 0 0 0 0 0 0 0 0 0 0 0 0.1 0 0 0 0 0 0 0 0 0.1 0 0 0 0 0 0 0.1 0 0 0 0 0 0 0 0 0
2002080802 0 0 0 0 0.1 0 0 0 0 0 0.1 0 0 0 0 0 0 0 0 0 0 0 0 0 0.1 0 0 0 0 0 0 0 0 0 0 0 0 0 0 0 0 0
2002080803 0 0 0 0.1 0 0 0 0 0 0 0 0 0 0 0 0 0 0 0 0 0 0 0 0 0 0 0 0 0 0 0.1 0.1 0.1 0 0 0 0 0 0 0 0 0.1
2002080804 0 0 0 0 0 0 0 0 0 0 0 0 0 0 0 0 0 0 0 0 0 0 0 0 0 0 0.1 0 0.1 0.1 0 0 0 0.1 0 0 0 0 0 0 0 0
2002080805 0 0 0 0 0 0 0 0 0 0.1 0 0 0 0 0 0 0 0 0 0 0 0 0 0 0 0 0 0 0 0 0 0 0 0 0 0 0 0 0 0 0 0
2002080806 0 0 0 0 0 0 0 0 0 0 0 0 0 0.1 0 0 0 0 0 0 0 0 0 0 0.2 0 0 0 0 0 0 0 0 0 0 0 0 0 0 0 0 0
2002080807 0 0 0 0 0 0 0 0 0 0 0 0 0 0 0 0 0 0 0 0 0 0 0 0 0 0 0 0 0 0 0 0 0 0 0 0 0 0 0 0.1 0 0
2002080808 0 0 0 0 0 0 0 0 0 0 0 0 0 0 0 0 0 0 0 0 0 0 0 0 0 0 0 0 0 0 0 0 0 0 0 0 0 0 0 0 0 0
2002080809 0 0 0 0 0 0 0 0 0 0 0 0 0 0 0 0 0 0 0 0 0 0 0 0 0 0 0 0 0 0 0 0 0 0 0 0 0 0 0 0 0 0
2002080810 0 0 0 0 0.2 0 0 0 0 0 0 0 0 0 0 0 0 0 0 0 0 0 0 0 0 0 0 0 0 0 0 0 0 0 0 0 0 0 0 0 0 0
2002080811 0 0 0 0 0 0 0 0 0 0 0 0 0 0 0 0 0 0 0 0 0 0 0 0 0 0 0 0 0 0 0 0 0 0 0 0 0.1 0 0 0 0 0
2002080812 0 0 0 0 0 0 0 0 0 0 0 0 0 0 0 0 0 0 0 0 0 0 0.9 0 0 0 0 0 0 0 0 0 0 0 0 0 0 0 0 0 0 0
2002080813 0 0 0 1.5 0 0 0 0 0 0 0 0 0 0 0 0 0 0 0 0 0 0 0.6 0 0 0 0 0 0 0 0 0 0 0 0 0 0 0 0 0 0 0
2002080814 0 0 0 0 0 0 0 0.1 0 0 0 0 0 0 0 0 0 0 0 0.5 0 0 0.1 0 0 0 0 0 5.5 0 3 0 0.1 0 0 0 0 0 0 0 0 2.4
2002080815 0 0 0 0 0 0.9 0 2.2 3.3 0 0 0 0 0 0 0 0 0 0 0 0 0 0 0 0 0 0 0 0.2 3.5 1.6 0 0 0 0 0 0 0 0 0 0.9 1.6
2002080816 0 0 0 0 3.4 1.9 1.5 2.6 0.1 0 0 0 0 0 0 0 0 0 0 0 0 0 0 0 0 0 0 0 0.4 0.8 0 0 0.3 0 0.1 0 0 0 0 0 1.3 1.1
2002080817 0 0 0 0 0.8 0 0 1.7 0.5 0 0 0 0 0 0 0 0 0 0 0 0 0 0 0 0 0 0 0 0 0 0 0 0.3 0 0 0 0 0 0 0 0.1 1
2002080818 0 0 0 0 0 0 0 0.1 0 0 0 0 0 0 0 0 0 0 0 0 0 0 0 0 0 0 0 0 0 0 0 0 0 0 4.8 0 0 0 0 0 0 0.4
2002080819 0 0 0 0 0 0 0 0.1 0 0 0 0 0 0 0 0 0 0 0 0 0 0 0 0 0 0 0 0 0 0 0 0 0 0 0 0 0 0 0 0 0 0
2002080820 0 0 0 0 0 0 0 0 0.1 0 0 0 0 0 0 0 0 0 0 0 0 0 0 0 0 0 0 0 0 0 0 0 0 0 0 0 0 0 0 0 0.1 0
2002080821 0 0 0 0 0 0 0.1 0 0 0 0 0 0 0 0 0 0 0 0 0 0 0 0.1 0 0 0 0 0 0 0 0 0 0 0 0 0 0 0 0 0 0 0
2002080822 0 0 0 0 0 0 0 0 0 0 0 0 0.5 0.8 0 0.3 0 0 0 0 0 0 0 0 0 0 0 0 0 0 0 0 0 0 0 0 0 0 0 0 0 0.1
2002080823 0 0 0 0 0.1 0 0 0 0 0 0 0 0.1 0 0 0 0 0 0 0 0 0 0 0 0 0 0 0 0 0 0 0 0 0 0 0 0 0 0 0 0 0
2002080900 0.1 0 0 0.1 0 0 0 0.1 0 0 0 0 0 0 0 0 0 0 0 0 0 0 0 0 0 0 0 0 0 0.1 0 0 0 0 0 0 0 0 0 0 0 0
2002080901 0 0 0 0 0 0 0 0 0.1 0 0 0.1 0 0 0 0 0 0 0 0 0 0 0 0 0 0 0 0 0 0 0.1 0 0 0 0 0 0 0 0 0 0 0
2002080902 0 0 0 0 0 0 0.1 0 0 0 0 0 0 0 0.1 0 0.1 0.1 0 0 0 0 0 0 0 0 0 0 0 0 0 0 0 0 0 0 0 0 0 0 0 0.1
2002080903 0 0 0 0 0.1 0 0 0 0 0 0 0 0 0 0 0 0 0 0 0 0 0 0 0 0 0 0 0 0.1 0 0 0 0.1 0 0.1 0 0 0 0 0 0.1 0
2002080904 0 0 0 0 0 0 0 0 0 0 0 0 0 0 0 0 0 0 0 0 0 0 0 0 0 0 0 0 0 0 0 0.1 0 0 0 0 0 0 0.1 0 0 0
2002080905 0 0 0 0 0 0 0 0 0 0 0 0 0 0 0 0 0 0 0 0 0 0 0 0 0 0 0 0 0 0 0 0 0 0 0 0 0 0.1 0 0 0 0
2002080906 0 0 0 0 0 0 0 0 0 0 0 0 0 0 0 0 0 0 0 0 0 0 0 0 0 0 0 0 0 0 0 0 0 0 0 0 0 0 0 0 0 0
2002080907 0 0 0 0 0 0 0 0 0 0 0 0 0 0 0 0 0 0 0 0 0 0.1 0 0 0 0 0 0 0 0 0 0 0 0 0 0 0 0 0 0 0 0
2002080908 0 0 0 0 0 0 0 0 0 0 0 0 0 0 0 0 0 0 0 0 0 0 0 0 0 0 0 0 0 0 0 0 0 0 0 0 0 0 0 0 0 0
2002080909 0 0 0 0 0 0 0 0 0.3 0 0 0 0 0 0 0 0 0 0 0 0 0 0 0 0 0 0.1 0 0 0 0 0 0 0 0 0 0 0 0 0 0 0
2002080910 0 0 0 0 0 0 0 0.4 0.5 0 0 0 0 0 0 0 0 0 0 0 0 0 0 0 0 0 0 0 0 0 0 0 0 0 0 0 0 0 0 0 0 0
2002080911 1.1 0 3.8 0 0.3 0.1 0.1 3.2 3.7 0 0 0 0 0.1 0 0 0 0 0 0 0 0 0 0 0 0 0 0 0 0 0 0 0 0 0 0.1 0 0 0 0 0 0
2002080912 3.4 0 0 0 4.9 0 0 0 3.5 0 0 0 2.3 0.1 0 0 0 0 0 0 0.1 0 0 0 0 0 0 0 0 0 0 0 0 0.1 0 0 0 0 0 0 0.8 0.2
2002080913 0.3 0.3 0 0 1.3 0 0 0 0.3 0 0.3 0 0 0 0 0 0 0 0 0 0 0 0 0 0 0 0 0 0 0 0 0 2.5 2.2 0 0 0 0 0 0 1 2.2
2002080914 1.6 0.5 0 0.6 0.1 0 1 0 0.1 0 0 0 0 0 0 0 0 0 0 0 0 0 0 0 0 0 0 0 0 0 0 0 0 0 0 0 0 0 0 0 0 2.2
2002080915 0.9 0 0 6.4 0.4 0 0 0 0 0 0 0 0 0 0 0 0 0 0 0 0 0 0 0 0 0 0 0 0 0 0 0 0 0 0 0 0 0 0 0 0.1 0
2002080916 0 0 0 0 0 0 0 0 0 0 0 0 0 0 0 0 0 0 0 0.2 0 0 0 0 0 0 0 0 0 0 0 0 0 0 0 0 0 0 0 0 0 0
2002080917 0 0 0 0 0 0 0 0 0 0 0 0 0 0 0 0 0.1 0 0 0 0 0 0 0 0 0 0 0 0 0 0 0 0 0 0 0 0 0 0 0 0 0
2002080918 0 0 0 0 0 0 0 0 0 0 0 0 0 0.1 0 0 0 0 0 0 0 0 0 0 0 0 0.6 0 0 0 0 0 0 0 0 0 0 0 0 0 0 0
2002080919 0 0 0 0 0 0 0 0 0 0 0 0 0 0 0 0 0 0 0 0 0 0 0 0 0 0 0 0 0 0 0 0 0 0 0 0 0 0 0 0 0 0
2002080920 0 0 0 0 0 0 0 0 0 0 0 0 0 0 0 0 0 0 0 0 0 0 0 0 0 0 0 0 0 0 0 0 0 0 0 0 0 0 0 0 0 0
2002080921 0 0 0 0 0 0 0 0 0 0 0 0 0 0 0 0 0 0 0 0 0 0 0 0 0 0 0 0 0 0 0 0 0 0 0 0 0 0 0 0 0 0
2002080922 0 0 0 0 0 0 0 0 0 0 0 0 0 0 0 0 0 0 0 0 0 0 0 0 0 0 0 0.5 0 0 0 0 0.1 0 0 0 0 0 0 0.6 0 0
2002080923 0 0 0 0 0 0 0 0 0.3 0 0 0 0 0 0 0 0 0 0.3 0 0 0 0 0 0 0 0.8 1.5 0 0 0 0 0 0 0 0 0 0 0 0 0 0.3
2002081000 0 0 0 0 0 0 0 0 0.1 0 0 0 0 0 0 0 0 0 0 0 0 0 0 0 0 0 0 0 0 0 0 0 0 0 0 0 0 0 0 0 0 0.1
2002081001 0 0 0 0 0 0 0 0 0 0 0 0 0 0 0 0 0 0 0 0 0 0 0 0 0 0 0 0 0 0 0 0 0.1 0 0 0 0 0 0 0 0 0
2002081002 0 0 0 0 0 0 0 0.1 0 0 0 0 0 0 0 0 0 0 0 0 0 0 0 0 0 0 0 0 0 0 0 0.1 0 0 0 0 0 0 0 0 0 0
2002081003 0 0 0 0 0 0 0 0 0 0 0 0 0 0 0 0.1 0 0 0 0 0 0 0 0 0 0 0 0 0 0 0 0 0 0 0 0 0 0 0 0 0 0
2002081004 0 0 0 0 0 0 0 0 0 0 0 0 0 0 0 0 0 0 0 0 0 0 0 0 0 0 0 0 0 0 0 0 0 0 0 0 0 0 0 0 0 0
2002081005 0 0 0 0 0 0 0 0 0 0 0 0 0 0 0 0 0 0 0 0 0 0 0 0 0 0 0.1 0 0 0 0 0 0 0 0 0 0 0 0 0 0 0
2002081006 0 0 0 0 0 0 0 0 0 0 0 0 0 0 0 0 0 0 0.1 0 0 0 0 0 0 0 0 0 0 0 0 0 0 0 0 0 0 0 0 0 0 0
2002081007 0 0 0 0 0 0 0 0 0 0 0 0 0 0 0 0 0 0 0 0 0 0 0 0 0 0 0 0 0 0 0.3 0 0 0 0 0 0 0 0 0 0 0
2002081008 0 0 0 0 0 0 0 0 0 0 0 0 0 0 0 0 0 0 0 0 0 0 0 0 0 0 0 0 0 0 0 0 0 0 0 0 0 0 0 0 0 0
2002081009 0 0.1 0 0 0.2 0 0 0 0 0 0 0 0 0 0 0 0 0 0 0 0 0 0 0 0 0 0 0 0 0 0 0 0 0 0 0.1 0 7.5 0 0 0 0
2002081010 0 0 0 0 0 0 0 0 0 0 0 0 0 0 0 0 0 0 0 0 0 0 0 0 0 0 0 0 0 0 0.1 0 0.1 0.5 0.4 0.4 0 0.5 0 0 0 0
2002081011 0 0 0 0 0 0 0 0 0 0 0 0 0 0 0 0 0 0 0 0 0 0 0 0 0 0 0 0 0 0.2 0 0 0.2 1.1 0.2 0 0 0 0 0 0 0
2002081012 0 0 0 0 0 0 0 0 0.4 0 0 0 0 0 0 0.7 0 0 0 0 0 0 0 0 0 0 0 0 0 0 0 1.4 0 0 0.2 0 0 0 0 0 0 0
2002081013 0 0 0 0 0 0 0 0 0.7 0 0 0 0 0 1.5 7.1 0 0.1 0 0 0 0 0 0 0 0 0 0.1 0 0 0 0.3 0 0 0 0 0 0 0 0 0 2.8
2002081014 0 0 0 0 0 0 0 0 0 0 0 0 0.1 0 1.3 0.1 0 0 0 0 0 0 0 0 0 0 0 0.9 0 0 0 0.3 0 0 0 0 0 0 0 0 0 1.1
2002081015 0 0 0.3 0 0 0 0 0 0 0 0 0 0 0 0 0 0 0 0 0 0 0 0 0 0 0 0 0 0 0 0 0 0 0 0 0 0 0 0 0 0 0
2002081016 0 0 0 0 0 0 0 0 0 0 0 0 0 0 0 0 0 0 0 0 0 0 0 0 0 0.3 0 0 0 0 0 0 0 0 0 0 0 0 0 0 0 0
2002081017 0 1.6 0 0 0 0 0 0 0 0 0 0 0 0 0 0 0 0 0 0 0 0 0 0 0 0 0 0 0 0 0 0 0 0 0 0 0 0 0 0 0 0
2002081018 0 0.5 0 0 0 0 0 0 0 0.4 0.3 0 0 0 0 0 0 0 0 0 0 0 0 0 0 0 0 0 0 0 0 0 0 0 0 0 0 0 0 0 0 0
2002081019 0 0 0 0 0 0 1.1 0 0 0.3 0.1 0.1 0 0 0 0 0 0 0 0 0 0 0 0 0 0 0 0 0 0 0 0 0 0 0 0 0 0 0 0 0 0
2002081020 0 0 0 0 0 0 0 0 0 0 0 0 0.1 0 0 0 0 0 0 0 0 0 0 0 0 0 0 0 0 0 0 0 0 0 0 0 0 0 0 0 0 0
2002081021 0 0 0 0.4 0 0 0 0 0 0 0 0 0 0 0 0 0 0 0 0 0 0 0 0 0 0 0 0 0 0 0 0 0 0 0 0 0 0 0 0 0 0
2002081022 0 0 0.1 0.1 0.1 0 0.1 0 0.1 0 0.2 0 0 0 0 0 0 0 0 0 0 0 0 0 0 0 0 0 0 0 0 0 0 0 0 0 0 0 0 0 0 0
2002081023 0 0 0 0 0 0 0 0 0.2 0 0 0 0 0 0 0 0 0 0 0 0 0 0 0 0 0 0 0 0 0 0 0 0 0.1 0 0 0 0 0 0 0 0
2002081100 0 0.1 0 0 0 0 0.1 0 0 0 0 0 0.1 0 0 0 0 0 0 0 0 0 0 0 0 0 0 0 0 0 0 0 0 0 0 0 0 0 0 0 0 0
2002081101 0 0 0 0 0 0 0 0 0 0 0 0 0 0 0 0 0 0 0 0 0 0 0 0 0 0 0 0 0 0 0 0 0.1 0 0 0 0 0 0 0 0 0
2002081102 0.2 0 0 0 0.1 0 0 0 0.1 0.1 0 0 0.1 0 0 0 0 0 0 0 0 0 0 0 0 0 0 0 0 0 0 0 0.4 0 0 0 0 0 0 0 0 0
2002081103 0 0 0 0 0.1 0 0 0 0 0 0 0 0 0 0 0 0 0 0 0 0 0 0 0 0 0 0 0 0 0 0 0 0 0 0 0 0 0 0 0 0 0
2002081104 0 0 0 0 0 0 0 0 0 0 0 0 0 0 0 0 0.1 0 0 0 0 0 0 0 0 0 0 0 0 0 0 0 0 0 0 0 0 0 0 0 0 0
2002081105 0 0 0 0 0 0 0 0 0 0 0 0 0 0 0 0 0 0 0 0 0 0 0 0 0 0 0 0 0 0 0 0 0 0 0 0 0 0 0 0 0 0
2002081106 0 0 0 0 0 0 0 0 0 0 0 0 0 0 0 0 0 0 0 0 0 0 0 0 0 0 0 0 0.1 0 0 0 0.3 0 0.1 0 0 0 0 0 0 0.1
2002081107 0 0 0 0 0 0 0 0 0 0 0 0 0 0 0 0 0 0 0 0 0 0 0 0 0 0 0 0 0 0 0.1 0 0 0 0 0 0 0.1 0 0 0 0.2
2002081108 0 0 0 0 0 0 0 0 0 0 0 0 0 0 0 0 0 0 0 0 0 0 0 0 0 0 0 0 0 0 0 0 0 0 0 0 0 0 0 0 0 0
2002081109 0 0 0 0 0 0 0 0 0 0 0 0 0 0 0 0 0 0 0 0 0 0 0 0 0 0 0 0 0 0 0 0 0 0 0 0 0 0 0 0 0 0
2002081110 0 0 0 0 0 0 0 0 0 0 0 0 0 0 0 0 0 0 0 0 0 0 0 0 0 0 0 0 0 0 0 0 0 0.1 0 0 0 0 0 0 0 0
2002081111 0 0 0 0 0 0 0 0 0 0 0 0 0 0 0 0 0 0 0 0 0 0 0 0 0 0 0 0 0 0 0 0 0 0 0 0 0 0 0 0 0 0
2002081112 0 0 0 0 0 0 0 0 0 0 0 0 0 0 0 0 0 0 0 0 0 0 0 0 0 0 0 0 0 0 0 0 0 0 0 0 0 0 0 0 0 0
2002081113 0 0 0 0 0 0 0 0 0 0 0 0 0 0 0 0 0 0 0 0 0 0 0 0 0 0 0 0 0 0 0 0 0 0 0 0 0 0 0 0 0 0
2002081114 0 0 0 0 0 0 0 0 0 0 0 0 0 0 0 0 0 0 0 0 0 0 0 0 0 0 0 0 0 0 0 0 0 0 0 0 0 0 0 0 0 0
2002081115 0 0 0 0 0 0 0 0 0 0 0 0 0 0 0 0 0 0 0 0 0 0 0 0 0 0 0 0 0 0 0 0 0 0 0 0 0 0 0 0 0 0
2002081116 0 0 0 0 0 0 0 0 0 0 0 0 0 0 0 0 0 0 0 0 0 0 0 0 0 0 0 0 0 0 0 0 0 0 0 0 0 0 0 0 0 0
2002081117 0 0 0 0 0 0 0 0 0 0 0 0 0 0 0 0 0 0 0 0 0 0 0 0 0 0 0 0 0 0 0 0 0 0 0 0 0 0 0 0 0 0
2002081118 0 0 0 0 0 0 0 0 0 0 0 0 0 0 0 0 0 0 0 0 0 0 0 0 0 0 0 0 0 0 0 0 0 0 0 0 0 0 0 0 0 0
2002081119 0 0 0 0 0 0 0 0 0 0 0 0 0 0 0 0 0 0 0 0 0 0 0 0 0 0.1 0 0 0 0 0 0 0 0 0 0 0 0 0 0 0 0
2002081120 0 0 0 0 0 0 0 0 0 0 0 0 0 0 0 0 0 0 0 0 0 0 0 0 0 0 0 0 0 0 0 0.1 0 0 0 0 0 0 0 0 0 0
2002081121 0 0 0 0 0 0 0 0 0 0 0 0 0 0 0 0 0 0 0 0 0 0 0 0 0.5 0.3 0 0 0 0 0 0 0 0 0 0 0 0 0 0 0 0
2002081122 0 0 0 0 0 0 0 0 0 0 0 0 0 0 0 0 0 0 0 0 0 0 0 0 0.1 0.1 0.4 0.1 0 0 0 0 0 0 0 0 0 0 0 0 0 0
2002081123 0 0 0 0 0 0 0 0 0 0 0 0 0 0 0 0 0 0 0 0 0 0 0 0 0 0 0 0.1 0 0 0 0 0 0 0 0 0 0 0 0 0 0
2002081200 0 0 0 0 0 0 0 0 0 0 0 0 0 0 0 0 0 0 0 0 0 0 0 0 0 0 0 0 0 0 0 0 0 0 0 0 0 0 0 0 0 0
2002081201 0 1.1 0 0.2 0 0 0 0 0 0 0.3 0.3 0.1 0 0.2 0.1 0.5 0 0 0.4 0 0 0.2 0.1 0 0.2 0 0 0 0 0 0 0 0 0 0 0 0 0 0 0 0
2002081202 0.4 0 1.2 0.4 0 0.1 0.2 0 0 0 0.2 0.2 0 0 0.1 0.7 0.1 0.7 0.3 0.6 0.9 0 0.4 1 0.3 0.1 0.8 0.4 0 0 0 0.4 0 0.8 1 0.2 0 0 0 0 0 0
2002081203 0.5 0 1.1 0.3 0.6 0.7 1.5 0.1 0.4 0.1 0 0 0.1 0.7 0.2 0.2 0.2 0 0.3 0.1 0.2 0 0 0 0 0 0.4 0.1 0.7 0.6 1.2 1.9 0.9 0.1 1.1 0 0 0.8 0 0 0 0
2002081204 0.9 0 2.5 0.7 0.9 0.5 0.3 0.2 1.6 0 0 0.1 0 0.1 0.1 0.4 0 0 0.1 0 0 0 0.1 0 0 0.2 0.3 0.2 0.3 0.2 0.4 0.5 0.4 0.2 0.7 0.2 0 0.8 0 0.2 0.1 0.5
2002081205 0.4 0.2 0.1 0 2.4 0.2 0.5 0.1 0.4 0 0 0 0 0 0 0.1 0 0.1 0.1 0 0.8 0 0.5 0.3 0 0.1 1.1 0 1.8 2.7 0.3 0.1 1.2 0 0.6 0.1 0 0.2 0.9 0.5 0.1 0.4
2002081206 0 2.1 0.1 0 0.3 0.3 0.2 0 0.3 0 3.2 0 0.1 0 0 0 0 0 0.1 0 0 0 0 1.4 0 0 0.1 0.1 0.4 0 0.1 0 0.6 0 0.1 0 0 0 0.4 0 0 0.7
2002081207 0 0.2 1.2 0 0.6 4.4 6.4 0.5 3 0 0.3 0 0.1 0.5 0.2 0.1 0.2 0 0 0 0 0 0 0 0 0 1.1 1.3 0 0 0 0 0 0.1 0.3 0 0 0 0 0 0.1 0.2
2002081208 0 0 0 0 0.1 0.5 2.2 0.8 3.9 0.1 0 0.7 0.3 0 0 0.9 0 0.6 0 0.3 0.2 0 1.2 0 0 0 0 0 0 0.5 0 0.1 0.3 0.6 0 0 0 0 0.1 0.2 0.6 2.5
2002081209 0 0.4 0 0 0 0 0.1 0.5 0.1 3.5 0 0.6 0 0.3 0 0.1 0 0.5 0.8 0 0.3 0 0 2.2 1.1 0.3 1 0 0 0 0.1 0.6 1.3 8.7 0.9 0 0 0.2 0 0 0.3 2.3
2002081210 0 0 0 0 0 0.1 0 0 0 0 0 0 0 0 0 0 0.2 0 0 0 0 0 0 0 0 0 0 0.9 0 0.3 0.7 0.2 2.7 0.4 0.3 0 0 0.1 0.1 0.1 0 0
2002081211 0 0 0 0 0 0 0 0 0 0 0 0.2 0 0 0 0 0.4 0 0 0 0 0 0 0 0 0 0 0 1.7 0 0 0 0.1 0 0.8 0 0 0 0.3 0 0 0.2
2002081212 0 0.2 0 0 0 0 0 0.1 0 0 0 0 0 0.1 0.1 0 0 0 0.1 0 0.1 0 0 0 0 0 0 0 0 0 0 0.1 0 0 0 0 0 0 0 0 0 0
2002081213 0 0 0.1 0 0 0.1 0 0 0 0 0 0 0 0 0 0 0 0 0 0 0.4 0 0 0 0 0 0 0 0 0 0.1 0 0 0 0 0 0 0 0 0 0 0
2002081214 0.1 0 0 0 0 0 0 0 0 0 0 0 0 0 0 0 0 0 0 0 0 0 0 0 0 0 0 0 0 0.1 0 0 0 0 0.1 0 0 0 0 0 0 0.1
2002081215 0 0 0 0 0 0 0 0 0 0 0 0 0 0 0 0 0 0 0 0 0 0 0 0 0 0 0 0 0 0 0 0.1 0 0 0 0 0 0 0 0 0.1 0
2002081216 0 0 0 0 0 0 0 0 0 0 0 0 0 0 0 0 0 0 0 0 0 0 0 0 0 0 0 0 0 0 0 0 0 0 0 0 0 0 0 0 0 0
2002081217 0 0 0 0 0 0 0 0 0 0 0 0 0 0 0 0 0 0 0 0 0 0 0 0 0 0 0 0 0 0 0 0 0 0 0 0 0 0 0 0 0 0
2002081218 0 0 0 0 0 0 0 0 0 0 0 0 0 0 0 0 0 0 0 0 0 0 0 0 0 0 0 0 0 0 0 0 0 0 0 0 0 0 0 0 0 0
2002081219 0 0 0 0 0 0 0 0 0 0 0 0 0 0 0 0 0 0 0 0 0 0 0 0 0 0 0 0 0 0 0 0 0 0 0 0 0 0 0 0 0 0
2002081220 0 0 0 0 0 0 0 0 0 0 0 0 0 0 0 0 0 0 0 0 0 0 0 0 0 0 0 0 0 0 0 0 0 0 0 0 0 0 0 0 0 0
2002081221 0 0 0 0 0 0 0 0 0 0 0 0 0 0 0 0 0 0 0 0 0 0 0 0 0 0 0 0 0 0 0 0 0 0 0 0 0 0 0 0 0 0
2002081222 0 0 0 0 0 0 0 0 0 0 0 0 0 0 0 0 0 0 0 0 0.1 0 0 0 0 0 0 0 0 0 0 0 0 0 0 0 0 0 0 0 0 0
2002081223 0 0 0 0 0 0 0 0 0 0 0 0 0 0 0 0 0 0 0 0 0 0 0 0 0 0 0 0 0 0 0 0.6 0 0 0 0 0 0 0 0 0 0
2002081300 0 0 0 0 0 0 0 0 0 0 0 0 0 0 0 0 0 0 0 0 0 0 0 0 0 0 0 0 0 0 0 0 0 0 0 0 0 0 0 0.1 0 0
2002081301 0 0 0 0 0 0 0 0 0 0 0 0 0 0 0 0 0 0 0 0 0 0 0 0 0 0 0 0 0 0 0 0 0 0 0 0 0 0 0 0 0 0
2002081302 0 0 0 0 0 0 0 0 0 0 0 0 0 0 0 0 0 0 0 0 0 0 0 0 0 0 0 0 0 0 0 0 0 0 0 0 0 0 0 0 0 0
2002081303 0 0 0 0 0 0 0 0 0 0 0 0 0 0 0 0 0 0 0 0 0 0 0 0 0 0 0 0 0 0 0 0 0 0 0 0 0 0 0 0 0 0
2002081304 0 0 0 0 0 0 0 0 0 0 0 0 0 0 0 0 0 0 0 0 0 0 0 0 0 0 0 0 0 0 0 0 0 0 0 0 0 0 0.1 0 0 0
2002081305 0 0 0 0 0 0 0 0 0 0 0 0 0.1 0 0 0 0 0 0 0 0 0 0 0 0 0 0 0 0 0 0 0 0 0 0 0 0 0 0 0 0 0
2002081306 0 0 0 0 0 0 0 0 0 0 0 0 0 0 0 0 0 0 0 0 0 0 0 0 0 0 0 0 0 0 0 0 0 0 0 0 0 0 0 0 0 0
2002081307 0 0 0 0 0 0 0 0 0 0 0 0 0 0 0 0 0 0 0 0 0 0 0.1 0 0 0 0 0 0 0 0 0 0 0 0 0 0 0 0 0 0 0
2002081308 0 0 0 0 0 0 0 0 0 0 0 0 0 0 0 0 0 0 0 0 0 0 0 0 0 0 0 0 0 0 0 0 0 0 0 0 0 0 0 0 0 0
2002081309 0 0 0 0 0 0 0 0 0 0 0 0 0 0 0 0 0 0 0 0 0 0 0 0 0 0 0 0 0 0 0 0 0 0 0 0 0 0 0 0 0 0
2002081310 0 0 0 0 0 0 0 0 0 0 0 0 0 0 0 0 0 0 0 0 0 0 0 0 0 0 0 0 0 0 0 0 0 0 0 0 0 0 0 0 0 0
2002081311 0 0 0 0 0 0 0 0 0 0 0 0 0 0 0 0 0 0 0 0 0 0 0 0 0 0 0 0 0 0 0 0 0 0 0 0 0 0 0 0 0 0
2002081312 0 0 0 0 0 0 0 0 0 0 0 0 0 0 0 0 0 0 0 0 0 0 0 0 0 0 0 0 0 0 0 0 0 0 0 0 0 0 0 0 0 0
2002081313 0 0 0 0 0 0 0 0 0 0 0 0 0 0 0 0 0 0 0 0 0 0 0 0 0 0 0 0 0 0 0 0 0 0 0 0 0 0 0 0 0 0
2002081314 0 0 0 0 0 0 0 0 0 0 0 0 0 0 0 0 0 0 0 0 0 0 0 0 0 0 0 0 0 0 0 0 0 0 0 0 0 0 0 0 0 0
2002081315 0 0 0 0 0 0 0 0 0 0 0 0 0 0 0 0 0 0 0 0 0 0 0 0 0 0 0 0 0 0 0 0 0 0 0 0 0 0 0 0 0 0
2002081316 0 0 0 0 0 0 0 0 0 0 0 0 0 0 0 0 0 0 0 0 0 0 0 0 0 0 0 0 0 0 0 0 0 0 0 0 0 0 0 0 0 0
2002081317 0 0 0 0 0 0 0 0 0 0 0 0 0 0 0 0 0 0 0 0 0 0 0 0 0 0 0 0 0 0 0 0 0 0 0 0 0 0 0 0 0 0
2002081318 0 0 0 0 0 0 0 0 0 0 0 0 0 0 0 0 0 0 0 0 0 0 0 0 0 0 0 0 0 0 0 0 0 0 0 0 0 0 0 0 0 0
2002081319 0 0 0 0 0 0 0 0 0 0 0 0 0 0 0 0 0 0 0 0 0 0 0 0 0 0 0 0 0 0 0 0 0 0 0 0 0 0 0 0 0 0
2002081320 0 0 0 0 0 0 0 0 0 0 0 0 0 0 0 0 0 0 0 0 0 0 0 0 0 0 0 0 0 0 0 0 0 0 0 0 0 0 0 0 0 0
2002081321 0 0 0 0 0 0 0 0 0 0 0 0 0 0 0 0 0 0 0 0 0 0 0 0 0 0 0 0 0 0 0 0 0 0 0 0 0 0 0 0 0 0
2002081322 0 0 0 0 0 0 0 0 0 0 0 0 0 0 0 0 0 0 0 0 0 0 0 0 0 0 0 0 0 0 0 0 0 0 0 0 0 0 0 0 0 0
2002081323 0 0 0 0 0 0 0 0 0 0 0 0 0 0 0 0 0 0 0 0 0 0 0 0.1 0 0 0 0 0 0 0 0 0 0 0 0 0 0 0 0 0 0
2002081400 0 0 0 0 0.1 0 0.1 0 0 0 0 0 0 0 0 0 0 0 0 0 0 0 0 0 0 0 0 0 0 0 0 0 0.1 0 0 0 0 0 0 0.1 0 0
2002081401 0 0 0 0 0 0 0 0 0 0 0 0 0 0 0 0 0 0 0 0 0 0 0 0 0 0 0 0 0 0 0 0 0 0 0 0 0 0 0 0 0 0.1
2002081402 0 0 0 0 0 0 0 0 0 0 0 0 0 0 0 0 0 0 0 0 0 0 0 0 0.1 0 0 0 0 0 0 0 0 0 0 0 0 0 0.1 0 0 0
2002081403 0 0 0 0 0.1 0 0 0.1 0.1 0 0 0 0 0 0.1 0.1 0 0 0 0 0 0 0 0 0 0 0 0 0 0 0 0 0 0 0 0 0 0 0 0 0 0
2002081404 0.1 0 0 0 0 0 0 0 0 0 0 0 0 0 0 0 0.1 0 0 0.1 0 0 0 0 0 0.1 0 0 0 0 0 0 0.1 0 0 0 0 0 0 0.1 0 0
2002081405 0 0 0 0.1 0 0 0.1 0.1 0 0 0 0 0 0 0 0 0 0 0 0 0 0 0 0 0 0 0 0 0 0 0 0 0 0 0 0 0 0 0 0 0.1 0
2002081406 0 0 0 0 0 0 0 0 0 0 0 0 0 0 0 0 0 0 0 0 0 0 0 0 0 0 0 0 0 0 0 0 0 0 0 0 0 0 0 0 0 0.1
2002081407 0 0 0 0 0 0 0 0 0 0 0 0 0 0 0 0 0 0 0 0 0 0 0 0 0 0 0 0 0 0 0 0 0 0 0 0 0 0 0 0 0 0
2002081408 0 0 0 0 0 0 0 0 0 0 0 0 0 0 0 0 0 0 0 0 0 0 0 0 0 0 0 0 0 0 0 0 0 0 0 0 0 0 0 0 0 0
2002081409 0 0 0 0 0 0 0 0 0 0 0 0 0 0 0 0 0 0 0 0 0 0 0 0 0 0 0 0 0 0 0 0 0 0 0 0 0 0 0 0 0 0
2002081410 0 0 0 0 0 0 0 0 0 0 0 0 0 0 0 0 0 0 0 0 0 0 0 0 0 0 0 0 0 0 0 0 0 0 0 0 0 0 0 0 0 0
2002081411 0 0 0 0 0 0 0 0 0 0 0 0 0 0 0 0 0 0 0 0 0 0 0 0 0 0 0 0 0 0 0 0 0 0 0 0 0 0 0 0 0 0
2002081412 0 0 0 0 0 0 0 0 0 0 0 0 0 0 0 0 0 0 0 0 0 0 0 0 0 0 0 0 0 0 0 0 0 0 0 0 0 0 0 0 0 0
2002081413 0 0 0 0 0 0 0 0 0 0 0 0 0 0 0 0 0 0 0 0 0 0 0 0 0 0 0 0 0 0 0 0 0 0 0 0 0 0 0 0 0 0
2002081414 0 0 0 0 0 0 0 0 0 0 0 0 0 0 0 0 0 0 0 0 0 0 0 0 0 0 0 0 0 0 0 0 0 0 0 0 0 0 0 0 0 0
2002081415 0 0 0 0 0 0 0 0 0 0 0 0 0 0 0 0 0 0 0 0 0 0 0 0 0 0 0 0 0 0 0 0 0 0 0 0 0 0 0 0 0 0
2002081416 0 0 0 0 0 0 0 0 0 0 0 0 0 0 0 0 0 0 0 0 0 0 0 0 0 0 0 0 0 0 0 0 0 0 0 0 0 0 0 0 0 0
2002081417 0 0 0 0 0 0 0 0 0 0 0 0 0 0 0 0 0 0 0 0 0 0 0 0 0 0 0 0 0 0 0 0 0 0 0 0 0 0 0 0 0 0
2002081418 0 0 0 0 0 0 0 0 0 0 0 0 0 0 0 0 0 0 0 0 0 0 0 0 0 0 0 0 0 0 0 0 0 0 0 0 0 0 0 0 0 0
2002081419 0 0 0 0 0 0 0 0 0 0 0 0 0 0 0 0 0 0 0 0 0 0 0 0 0 0 0 0 0 0 0 0 0 0 0 0 0 0 0 0 0 0
2002081420 0 0 0 0 0 0 0 0 0 0 0 0 0 0 0 0 0 0 0 0 0 0 0 0 0 0 0 0 0 0 0 0 0 0 0 0 0 0 0 0 0 0
2002081421 0 0 0 0 0 0 0 0 0 0 0 0 0 0 0 0 0 0 0 0 0 0 0 0 0 0 0 0 0 0 0 0 0 0 0 0 0 0 0 0 0 0
2002081422 0 0 0 0 0 0 0 0 0 0 0 0 0 0 0 0 0 0 0 0 0 0 0 0 0 0 0 0 0 0 0 0 0 0 0 0 0 0 0 0 0 0
2002081423 0 0 0 0 0 0 0 0 0 0 0 0 0 0 0 0 0 0 0 0 0 0 0 0 0 0 0 0 0 0 0 0 0 0 0 0 0 0 0 0 0 0
2002081500 0 0 0 0 0 0 0 0 0 0 0 0 0 0 0 0 0 0 0 0 0 0 0 0 0 0 0 0.1 0 0 0 0 0 0 0 0 0 0 0.1 0 0 0
2002081501 0 0 0 0 0 0 0 0 0 0 0 0 0 0 0 0 0 0 0 0 0 0 0 0 0.1 0 0 0 0 0 0 0 0 0 0 0 0 0 0 0 0 0
2002081502 0 0 0 0 0 0 0 0 0 0 0 0 0.1 0 0 0 0 0 0 0 0 0 0 0 0 0 0 0 0 0 0 0 0 0 0 0 0 0 0 0 0 0
2002081503 0 0 0 0 0 0 0 0 0 0 0 0 0 0 0.1 0 0 0 0 0 0 0 0 0 0 0 0 0 0 0 0 0 0 0 0 0 0 0.1 0 0.1 0 0
2002081504 0.1 0 0 0 0.1 0 0 0 0 0 0 0 0 0 0 0 0.1 0 0 0 0 0 0 0 0 0 0 0 0 0 0 0 0 0 0 0 0 0 0 0 0 0
2002081505 0 0 0 0 0 0 0 0 0.1 0 0 0 0 0 0 0 0 0 0 0 0 0 0.1 0 0.1 0 0 0 0 0 0 0 0 0 0 0 0 0 0.1 0 0 0
2002081506 0 0 0 0 0 0 0 0 0 0 0 0 0 0 0 0 0 0 0 0 0 0 0 0 0 0 0 0 0 0 0 0 0 0 0 0 0 0 0 0 0 0
2002081507 0 0 0 0 0 0 0.1 0 0 0 0 0 0 0 0 0 0 0 0 0 0 0 0 0 0 0 0 0 0.1 0 0 0 0 0 0 0 0 0 0 0 0 0
2002081508 0 0 0 0 0 0 0 0 0 0 0 0 0 0 0 0 0 0 0 0 0 0 0 0 0 0 0 0 0 0 0 0 0 0 0 0 0 0 0 0 0 0
2002081509 0 0 0 0 0 0 0 0 0 0 0 0 0 0 0 0 0 0 0 0 0 0 0 0 0 0 0 0 0 0 0 0 0 0 0 0 0 0 0 0 0 0
2002081510 0 0 0 0 0 0 0 0 0 0 0 0 0 0 0 0 0 0 0 0 0 0 0 0 0 0 0 0 0 0 0 0 0 0 0 0 0 0 0 0 0 0
2002081511 0 0 0 0 0 0 0 0 0 0 0 0 0 0 0 0 0 0 0 0 0 0 0 0 0 0 0 0 0 0 0 0 0 0 0 0 0 0 0 0 0 0
2002081512 0 0 0 0 0 0 0 0 0 0 0 0 0 0 0 0 0 0 0 0 0 0 0 0 0 0 0 0 0 0 0 0 0 0 0 0 0 0 0 0 0 0
2002081513 0 0 0 0 0 0 0 0 0 0 0 0 0 0 0 0 0 0 0 0 0 0 0 0 0 0 0 0 0 0 0 0 0 0 0 0 0 0 0 0 0 0
2002081514 0 0 0 0 0 0 0 0 0 0 0 0 0 0 0 0 0 0 0 0 0 0 0 0 0 0 0 0 0 0 0 0 0 0 0 0 0 0 0 0 0 0
2002081515 0 0 0 0 0 0 0 0 0 0 0 0 0 0 0 0 0 0 0 0 0 0 0 0 0 0 0 0 0 0 0 0 0 0 0 0 0 0 0 0 0 0
2002081516 0 0 0 0 0 0 0 0 0 0 0 0 0 0 0 0 0 0 0 0 0 0 0 0 0 0 0 0 0 0 0 0 0 0 0 0 0 0 0 0 0 0
2002081517 0 0 0 0 0 0 0 0 0 0 0 0 0 0 0 0 0 0 0 0 0 0 0 0 0 0 0 0 0 0 0 0 0 0 0 0 0 0 0 0 0 0
2002081518 0 0 0 0 0 0 0 0 0 0 0 0 0 0 0 0 0 0 0 0 0 0 0 0 0 0 0 0 0 0 0 0 0 0 0 0 0 0 0 0 0 0
2002081519 0 0 0 0 0 0 0 0 0 0 0 0 0 0 0 0 0 0 0 0 0 0 0 0 0 0 0 0 0 0 0 0 0 0 0 0 0 0 0 0 0 0
2002081520 0 0 0 0 0 0 0 0 0 0 0 0 0 0 0 0 0 0 0 0 0 0 0 0 0 0 0 0 0 0 0 0 0 0 0 0 0 0 0 0 0 0
2002081521 0 0 0 0 0 0 0 0 0 0 0 0 0 0 0 0 0 0 0 0 0 0 0 0 0 0 0 0 0 0 0 0 0 0 0 0 0 0 0 0 0 0
2002081522 0 0 0 0 0 0 0 0 0 0 0 0 0 0 0 0 0 0 0 0 0 0 0 0 0 0 0 0 0 0 0 0 0 0 0 0 0 0 0 0 0 0
2002081523 0 0 0 0 0 0 0 0 0 0 0 0 0 0 0 0 0 0 0 0 0 0 0 0 0 0 0 0 0 0 0 0 0 0 0 0 0 0 0 0 0 0
2002081600 0 0 0 0 0 0 0 0 0 0 0 0 0 0 0 0 0 0 0 0 0 0 0 0.1 0 0 0 0 0 0 0 0 0 0 0 0 0 0 0 0 0 0
2002081601 0 0 0 0 0 0 0 0 0 0 0 0 0 0 0 0 0 0 0 0 0 0 0 0 0 0 0 0 0 0 0 0 0 0 0 0 0 0 0 0.1 0 0
2002081602 0 0 0 0 0 0 0 0 0 0 0 0 0 0 0 0 0 0 0 0 0 0 0 0 0 0 0 0.1 0 0 0 0 0 0 0 0 0 0 0 0 0 0
2002081603 0 0 0 0 0 0 0 0 0 0 0 0 0 0 0 0 0 0 0 0 0 0 0 0 0 0 0 0 0 0 0 0 0 0 0 0 0.1 0 0 0 0 0
2002081604 0 0 0 0 0 0 0 0 0 0 0 0 0 0 0 0 0 0 0 0 0 0 0 0 0.1 0 0 0 0 0 0 0 0 0 0 0 0 0 0 0 0 0
2002081605 0 0 0 0 0 0 0 0 0 0 0 0 0.1 0 0.1 0 0.1 0 0 0 0 0 0 0 0 0 0 0 0 0 0 0 0 0 0 0 0 0 0.1 0.1 0 0
2002081606 0 0 0 0 0 0 0 0 0 0 0 0 0 0 0 0 0 0 0 0 0 0 0 0 0 0 0 0 0 0 0 0 0 0 0 0 0 0 0 0 0 0
2002081607 0 0 0 0 0 0 0 0 0 0 0 0 0 0 0 0 0 0 0 0 0 0 0 0 0 0 0 0 0 0 0 0 0 0 0 0 0 0 0 0 0 0
2002081608 0 0 0 0 0 0 0 0 0 0 0 0 0 0 0 0 0 0 0 0 0 0 0 0 0 0 0 0 0 0 0 0 0 0 0 0 0 0 0 0 0 0
2002081609 0 0 0 0 0 0 0 0 0 0 0 0 0 0 0 0 0 0 0 0 0 0 0 0 0 0 0 0 0 0 0 0 0 0 0 0 0 0 0 0 0 0
2002081610 0 0 0 0 0 0 0 0 0 0 0 0 0 0 0 0 0 0 0 0 0 0 0 0 0 0 0 0 0 0 0 0 0 0 0 0 0 0 0 0 0 0
2002081611 0 0 0 0 0 0 0 0 0 0 0 0 0 0 0 0 0 0 0 0 0 0 0 0 0 0 0 0 0 0 0 0 0 0 0 0 0 0 0 0 0 0
2002081612 0 0 0 0 0 0 0 0 0 0 0 0 0 0 0 0 0 0 0 0 0 0 0 0 0 0 0 0 0 0 0 0 0 0 0 0 0 0 0 0 0 0
2002081613 0 0 0 0 0 0 0 0 0 0 0 0 0 0 0 0 0 0 0 0 0 0 0 0 0 0 0 0 0 0 0 0 0 0 0 0 0 0 0 0 0 0
2002081614 0 0 0 0 0 0 0 0 0 0 0 0 0 0 0 0 0 0 0 0 0 0 0 0 0 0 0 0 0 0 0 0 0 0 0 0 0 0 0 0 0 0
2002081615 0 0 0 0 0 0 0 0 0 0 0 0 0 0 0 0 0 0 0 0 0 0 0 0 0 0 0 0 0 0 0 0 0 0 0 0 0 0 0 0 0 0
2002081616 0 0 0 0 0 0 0 0 0 0 0 0 0 0 0 0 0 0 0 0 0 0 0 0 0 0 0 0 0 0 0 0 0 0 0 0 0 0 0 0 0 0
2002081617 0 0 0 0 0 0 0 0 0 0 0 0 0 0 0 0 0 0 0 0 0 0 0 0 0 0 0 0 0 0 0 0 0 0 0 0 0 0 0 0 0 0
2002081618 0 0 0 0 0 0 0 0 0 0 0 0 0 0 0 0 0 0 0 0 0 0 0 0 0 0 0 0 0 0 0 0 0 0 0 0 0 0 0 0 0 0
2002081619 0 0 0 0 0 0 0 0 0 0 0 0 0 0 0 0 0 0 0 0 0 0 0 0 0 0 0 0 0 0 0 0 0 0 0 0 0 0 0 0 0 0
2002081620 0 0 0 0 0 0 0 0 0 0 0 0 0 0 0 0 0 0 0 0 0 0 0 0 0 0 0 0 0 0 0 0 0 0 0 0 0 0 0 0 0 0
2002081621 0 0 0 0 0 0 0 0 0 0 0 0 0 0 0 0 0 0 0 0 0 0 0 0 0 0 0 0 0 0 0 0 0 0 0 0 0 0 0 0 0 0
2002081622 0 0 0 0 0 0 0 0 0 0 0 0 0 0 0 0 0 0 0 0 0 0 0 0 0 0 0 0 0 0 0 0 0 0 0 0 0 0 0 0 0 0
2002081623 0 0 0 0 0 0 0 0 0 0 0 0 0 0 0 0 0 0 0 0 0 0 0 0 0 0 0 0 0 0 0 0 0 0 0 0 0 0 0 0 0 0
2002081700 0 0 0 0 0 0 0 0 0 0 0 0 0 0 0 0 0 0 0 0 0 0 0 0 0 0 0 0 0 0 0 0 0 0 0 0 0 0 0 0 0 0
2002081701 0 0 0 0 0 0 0 0 0 0 0 0 0 0 0 0 0 0 0 0 0 0 0 0 0 0 0 0 0 0 0 0 0 0 0 0 0 0 0 0 0 0
2002081702 0 0 0 0 0 0 0 0 0 0 0 0 0 0 0 0 0 0 0 0 0 0 0 0.1 0 0 0 0 0 0 0 0 0 0 0 0 0 0 0 0 0 0
2002081703 0 0 0 0 0 0 0 0 0 0 0 0 0 0 0 0 0 0 0 0 0 0 0 0 0 0 0 0 0 0 0 0 0 0 0 0 0 0 0 0.1 0 0
2002081704 0 0 0 0 0 0 0 0 0 0 0 0 0 0 0 0 0 0 0 0 0 0 0 0 0 0 0 0 0 0 0 0 0 0 0 0 0 0 0 0 0 0
2002081705 0.1 0 0 0 0 0 0 0 0 0 0 0 0 0 0 0 0 0 0 0 0 0 0 0 0.1 0 0 0 0 0 0 0 0 0 0 0 0 0 0.1 0 0 0
2002081706 0 0 0 0 0 0 0 0 0 0 0 0 0 0 0 0 0 0 0 0 0 0 0 0 0 0 0 0 0 0 0 0 0 0 0 0 0 0 0 0 0 0
2002081707 0 0 0 0 0 0 0 0 0 0 0 0 0 0 0 0 0 0 0 0 0 0 0 0 0 0 0 0 0 0 0 0 0 0 0 0 0 0 0 0 0 0
2002081708 0 0 0 0 0 0 0 0 0 0 0 0 0 0 0 0 0 0 0 0 0 0 0 0 0 0 0 0 0 0 0 0 0 0 0 0 0 0 0 0 0 0
2002081709 0 0 0 0 0 0 0 0 0 0 0 0 0 0 0 0 0 0 0 0 0 0 0 0 0 0 0 0 0 0 0 0 0 0 0 0 0 0 0 0 0 0
2002081710 0 0 0 0 0 0 0 0 0 0 0 0 0 0 0 0 0 0 0 0 0 0 0 0 0 0 0 0 0 0 0 0 0 0 0 0 0 0 0 0 0 0
2002081711 0 0 0 0 0 0 0 0 0 0 0 0 0 0 0 0 0 0 0 0 0 0 0 0 0 0 0 0 0 0 0 0 0 0 0 0 0 0 0 0 0 0
2002081712 0 0 0 0 0 0 0 0 0 0 0 0 0 0 0 0 0 0 0 0 0 0 0 0 0 0 0 0 0 0 0 0 0 0 0 0 0 0 0 0 0 0
2002081713 0 0 0 0 0 0 0 0 0 0 0 0 0 0 0 0 0 0 0 0 0 0 0 0 0 0 0 0 0 0 0 0 0 0 0 0 0 0 0 0 0 0
2002081714 0 0 0 0 0 0 0 0 0 0 0 0 0 0 0 0 0 0 0 0 0 0 0 0 0 0 0 0 0 0 0 0 0 0 0 0 0 0 0 0 0 0
2002081715 0 0 0 0 0 0 0 0 0 0 0 0 0 0 0 0 0 0 0 0 0 0 0 0 0 0 0 0 0 0 0 0 0 0 0 0 0 0 0 0 0 0
2002081716 0 0 0 0 0 0 0 0 0 0 0 0 0 0 0 0 0 0 0 0 0 0 0 0 0 0 0 0 0 0 0 0 0 0 0 0 0 0 0 0 0 0
2002081717 0 0 0 0 0 0 0 0 0 0 0 0 0 0 0 0 0 0 0 0 0 0 0 0 0 0 0 0 0 0 0 0 0 0 0 0 0 0 0 0 0 0
2002081718 0 0 0 0 0 0 0 0 0 0 0 0 0 0 0 0 0 0 0 0 0 0 0 0 0 0 0 0 0 0 0 0 0 0 0 0 0 0 0 0 0 0
2002081719 0 0 0 0 0 0 0 0 0 0 0 0 0 0 0 0 0 0 0 0 0 0 0 0 0 0 0 0 0 0 0 0 0 0 0 0 0 0 0 0 0 0
2002081720 0 0 0 0 0 0 0 0 0 0 0 0 0 0 0 0 0 0 0 0 0 0 0 0 0 0 0 0 0 0 0 0 0 0 0 0 0 0 0 0 0 0
2002081721 0 0 0 0 0 0 0 0 0 0 0 0 0 0 0 0 0 0 0 0 0 0 0 0 0 0 0 0 0 0 0 0 0 0 0 0 0 0 0 0 0 0
2002081722 0 0 0 0 0 0 0 0 0 0 0 0 0 0 0 0 0 0 0 0 0 0 0 0 0 0 0 0 0 0 0 0 0 0 0 0 0 0 0 0 0 0
2002081723 0 0 0 0 0 0 0 0 0 0 0 0 0 0 0 0 0 0 0 0 0 0 0 0 0 0 0 0 0 0 0 0 0 0 0 0 0 0 0 0 0 0
2002081800 0 0 0 0 0 0 0 0 0 0 0 0 0 0 0 0 0 0 0 0 0 0 0 0 0 0 0 0 0 0 0 0 0 0 0 0 0 0 0 0 0 0
2002081801 0 0 0 0 0 0 0 0 0 0 0 0 0 0 0 0 0 0 0 0 0 0 0 0 0 0 0 0 0 0 0 0 0 0 0 0 0 0 0 0 0 0
2002081802 0 0 0 0 0 0 0 0 0 0 0 0 0 0 0 0 0 0 0 0 0 0 0 0 0 0 0 0 0 0 0 0 0 0 0 0 0 0 0 0 0 0
2002081803 0 0 0 0 0 0 0 0 0 0 0 0 0 0 0 0 0 0 0 0 0 0 0 0 0 0 0 0 0 0 0 0 0 0 0 0 0 0 0 0 0 0
2002081804 0 0 0 0 0 0 0 0 0 0 0 0 0 0 0 0 0 0 0 0 0 0 0 0 0 0 0 0.1 0 0 0 0 0 0 0 0 0 0 0 0 0.1 0
2002081805 0 0 0 0 0 0 0 0 0 0 0 0 0 0 0 0 0 0 0 0 0 0 0 0 0 0 0 0 0 0 0 0 0 0 0 0 0 0 0 0 0 0
2002081806 0 0 0 0 0 0 0 0 0 0 0 0 0 0 0 0 0 0 0 0 0 0 0 0 0.1 0 0 0 0 0 0 0 0 0 0 0 0 0 0 0 0 0
2002081807 0 0 0 0 0 0 0 0 0 0 0 0 0 0 0 0 0 0 0 0 0 0 0 0 0 0 0 0 0 0 0 0 0 0 0 0 0 0 0 0.1 0 0
2002081808 0 0 0 0 0 0 0 0 0 0 0 0 0 0 0 0 0 0 0 0 0 0 0 0 0 0 0 0 0 0 0 0 0 0 0 0 0 0 0 0 0 0
2002081809 0 0 0 0 0 0 0 0 0 0 0 0 0 0 0 0 0 0 0 0 0 0 0 0 0 0 0 0 0 0 0 0 0 0 0 0 0 0 0 0 0 0
2002081810 0 0 0 0 0 0 0 0 0 0 0 0 0 0 0 0 0 0 0 0 0 0 0 0 0 0 0 0 0 0 0 0 0 0 0 0 0 0 0 0 0 0
2002081811 0 0 0 0 0 0 0 0 0 0 0 0 0 0 0 0 0 0 0 0 0 0 0 0 0 0 0 0 0 0 0 0 0 0 0 0 0 0 0 0 0 0
2002081812 0 0 0 0 0 0 0 0 0 0 0 0 0 0 0 0 0 0 0 0 0 0 0 0 0 0 0 0 0 0 0 0 0 0 0 0 0 0 0 0 0 0
2002081813 0 0 0 0 0 0 0 0 0 0 0 0 0 0 0 0 0 0 0 0 0 0 0 0 0 0 0 0 0 0 0 0 0 0 0 0 0 0 0 0 0 0
2002081814 0 0 0 0 0 0 0 0 0 0 0 0 0 0 0 0 0 0 0 0 0 0 0 0 0 0 0 0 0 0 0 0 0 0 0 0 0 0 0 0 0 0
2002081815 0 0 0 0 0 0 0 0 0 0 0 0 0 0 0 0 0 0 0 0 0 0 0 0 0 0 0 0 0 0 0 0 0 0 0 0 0 0 0 0 0 0
2002081816 0 0 0 0 0 0 0 0 0 0 0 0 0 0 0 0 0 0 0 0 0 0 0 0 0 0 0 0 0 0 0 0 0 0 0 0 0 0 0 0 0 0
2002081817 0 0 0 0 0 0 0 0 0 0 0 0 0 0 0 0 0 0 0 0 0 0 0 0 0 0 0 0 0 0 0 0 0 0 0 0 0 0 0 0 0 0
2002081818 0 0 0 0 0 0 0 0 0 0 0 0 0 0 0 0 0 0 0 0 0 0 0 0 0 0 0 0 0 0 0 0 0 0 0 0 0 0 0 0 0 0
2002081819 0 0 0 0 0 0 0 0 0 0 0 0 0 0 0 0 0 0 0 0 0 0 0 0 0 0 0 0 0 0 0 0 0 0 0 0 0 0 0 0 0 0
2002081820 0 0 0 0 0 0 0 0 0 0 0 0 0 0 0 0 0 0 0 0 0 0 0 0 0 0 0 0 0 0 0 0 0 0 0 0 0 0 0 0 0 0
2002081821 0 0 0 0 0 0 0 0 0 0 0 0 0 0 0 0 0 0 0 0 0 0 0 0 0 0 0 0 0 0 0 0 0 0 0 0 0 0 0 0 0 0
2002081822 0 0 0 0 0 0 0 0 0 0 0 0 0 0.1 0 0 0.1 0 0 0 0 0 0 0 0 0 0 0 0 0 0 0 0 0 0 0 0 0 0 0 0 0
2002081823 0 0 0 0 0 0 0 0 0 0.4 0 0 0.1 0 0 0 0.3 0 0 0 0 0 0 0 0 0 0 0 0 0 0 0 0 0 0 0 0 0 0 0 0 0
2002081900 0 0.1 0 0 0 0 0 0 0 0.2 0 0 2 2.4 2.4 0.3 4.5 0 0 0.3 0 0 0 0 0 0 0 0 0 0 0 0 0 0 0 0 0 0 0 0 0 0
2002081901 0 1.6 0 0 0 0 0 0 0 2.4 0 0.3 2.3 2.3 4.1 3.1 0.3 0 0 1.5 0.1 0 2.1 1.5 0 0.6 0 0 0 0 0 0 0 0 0 0 0 0 0 0 0 0
2002081902 0 2.1 0 0.1 0 0 0 0 0 1.6 2.8 0.5 0.3 0 0.4 0.1 0 4.6 0.1 0.2 7.1 0 0.1 0.1 0 0 0 0 0 0 0 0 0 2.8 0 0.6 0.2 0 0 0 0 0
2002081903 0.4 1.7 0.4 2.1 0 0 0 0 0 0.1 0.3 0.4 0 0 0 0 0 0 0 0 0 0 0 0 0 0 0 0 0 0 0 0 0 0.9 0 0.7 0 0 0 0 0 0
2002081904 3.3 0 2.4 0.2 0 0.1 0.2 0 0 0 0.1 0.3 0 0 0 0 0 0.1 0 0 0 0 0 0 0 0 0 0 0 0 0 0 0 0.1 0 0 0 0 0 0 0 0
2002081905 0.4 0 0 0 0 0 0.1 0 0 0 0 7.1 0 0 0 0 0 0 0 0 0 0 0 0 0 0 0 0 0 0 0 0 0 0 0 0 0 0 0 0 0 0
2002081906 0 0 0 0 0 0 0 0 0 0 0 0 0 0 0 0 0 0 0 0.1 0 0 0 0 0 0 0 0 0 0 0 0 0 0 0 0 0 0 0 0 0 0
2002081907 0 0 0 0 0 0 0 0 0 0 0 0 0 0 0 0 0 0 0 0 0 0 0 0.1 0 0 0 0 0 0 0 0 0 0 0 0 0 0 0 0 0 0
2002081908 0 0 0 0 0 0 0 0 0 0 0 0 0 0 0 0 0 0 0 0 0 0 0 0 0 0 0 0 0 0 0 0 0 0 0 0 0 0 0 0 0 0
2002081909 0 0 0 0 0 0 0 0 0 0 0 0 0 0 0 0 0 0 0 0 0 0 0 0 0 0 0 0 0 0 0 0 0 0 0 0 0 0 0 0 0 0
2002081910 0 0 0 0 0 0 0 0 0 0 0 0 0 0 0 0 0 0 0 0 0 0 0 0 0 0 0 0 0 0 0 0 0 0 0 0 0 0 0 0 0 0
2002081911 0 0 0 0 0 0 0 0 0 0 0 0 0 0 0 0 0 0 0 0 0 0 0 0 0 0 0 0 0 0 0 0 0 0 0 0 0 0 0 0 0 0
2002081912 0 0 0 0 0 0 0 0 0 0 0 0 0 0 0 0 0 0 0 0 0 0 0 0 0 0 0 0 0 0 0 0 0 0 0 0 0 0 0 0 0 0
2002081913 1 0 0 8.7 0 0 0 0 0 0 0 0 0 0 0 0 0 0 0 0 0 0 0 0 0 0 0 0 0 0 0 0 0 0 2.2 0 0 0 0 0 0 0
2002081914 2 0 0.1 0 0.3 6.8 10 0 0 0 0 0 0 0 0 0 0 0 0 0 0 0 0 0 0 0 0 0 0 0 0 10.8 0.6 0 3.5 0 0 0 0 0 0 0
2002081915 12.8 0 0.1 0 8.1 0.2 2.9 0.9 8.5 0 0 0 0 0 0 0 0 0 0 0 0 0 0 0 0 0 0 0 0 1.1 0 0 1.2 0 0 0 0 0 0 0 3.1 17.3
2002081916 0 0 0 1.3 0.1 0 0 0.1 0.2 0 0 0 0 0 0 0 0 0 0 0 0 0 0 0 0 0 0 0 0 0 0 0 0 0 0 0 0 0 0 0 3.3 0.5
2002081917 0 0 0 0 0 0 0 16.5 8.2 0 0 0 0 0 0 0 0 0 0 0 0 0 0 0 0 0 0 0 1.2 0 2.6 0 0.5 0 0 0 0 0 0 0 2.7 4
2002081918 0 0 0 0 3.9 0 0 11.3 0.7 0 0 0 0 0 0 0 0 0 0 0 0 0 0 0 0 0 0 0 0.4 0 0 0 0.4 0 0 0 0 0 0 0 1.3 0.2
2002081919 0 0 0 0 0 0 0 0 0.1 0 0 0 0 0 0 0 0 0 0 0 0 0 0 0 0 0 0 0 0 0 0 0 0 0 0 0 0 0 0 0 1.3 1.8
2002081920 0 0 0 0 0 0 0 0.1 0 0 0 0 0 0 0 0 0 0 0 0 0 0 0 0 1.4 0 0.2 0 0 0 0 0 0 0 0 0 0 0 0 0 0.2 0
2002081921 0 0 0 0 0 0 0 0 0.1 0 0 0 0 0 0 0 0 0 0 0 0 0 0 0 0 0 0 0 0 0 0 0 0 0 0 0 0 0 0 0 0 0
2002081922 0 0 0 0 0 0 0 0 0 0 0 0 0 0 0 0 0 0 0 0 0 0 0 0 0 0 0.1 0 0 0 0 0 0 0 0 0 0 0 0 0 0.1 0
2002081923 0 0 0 0 0 0 0 0 0 0 0 0 0 0 0 0 0 0 0 0 0 0 0 0 0.1 0 0 0 0 0 0 0 0 0 0 0 0 0 0 0 0 0.1
2002082000 0 0 0 0 0 0 0 0 0 0 0 0 0 0 0 0 0 0 0 0.1 0 0 0 0 0 0 0 0 0 0 0 0 0 0 0 0 0 0 0.1 0 0 0
2002082001 0 0 0 0 0 0 0 0.1 0 0 0 0 0 0 0 0 0 0 0 0 0 0 0 0 0 0 0 0 0 0 0 0 0 0 0 0 0 0 0 0 0 0
2002082002 0 0 0 0 0 0 0 0 0 0 0 0 0 0 0 0 0 0 0 0 0 0 0 0 0 0 0 0 0 0 0 0 0 0 0 0 0 0 0 0 0 0
2002082003 0 0 0 0 0 0 0 0 0 0 0 0 0 0 0 0 0 0 0 0 0 0 0 0 0 0 0 0 0 0 0 0 0 0 0 0 0 0 0 0 0.1 0
2002082004 0.1 0 0 0 0 0 0 0 0 0 0 0 0 0 0 0 0.1 0 0 0.1 0 0 0 0.1 0.1 0 0 0 0 0 0 0 0 0 0 0 0 0 0 0 0 0
2002082005 0 0 0 0 0 0 0 0 0.1 0 0 0 0 0 0.2 0 0 0 0 0 0 0 0 0 0 0 0 0 0 0 0 0 0 0 0 0 0 0 0 0 0 0
2002082006 0 0 0 0 0 0 0 0 0 0.1 0 0 0 0 0 0 0 0 0 0 0 0 0 0 0 0 0 0 0 0 0 0 0 0 0 0 0 0 0 0 0 0
2002082007 0 0 0 0 0 0 0 0 0 0 0 0 0 0 0 0 0 0 0 0 0 0 0 0 0 0 0 0 0 0 0 0 0 0 0 0 0 0 0 0 0 0
2002082008 0 0 0 0 0 0 0 0 0 0 0 0 0 0 0 0 0 0 0 0 0 0 0 0 0 0 0 0 0 0 0 0 0 0 0 0 0 0 0 0 0 0
2002082009 0 0.4 0 0 0 0 0 0 0 0.2 0.1 0 0 0 0 0 0 0 0 0 0 0 0 0 0 0 0 0 0 0 0.2 0 0 0 0 0 0 0 0.3 0 0 0
2002082010 0.4 0.1 0 0 0 0 0 0.1 0 0 2.5 0 0 0 0 0 0 0 0.1 0 0 0 0 0 0 0 0 0 0 0.3 0.5 0 0 2.3 0.1 0 0 0 2.8 0 0 0
2002082011 0 0 0 0.8 1.4 0 0 0 0 0 0.5 0 0 0 0 0 0 0.5 0.3 0.1 0 0 0.8 0.4 0.7 3.1 0.8 2 0.3 0.2 1 0.1 0 0.3 0 0 0 0.9 0.3 2.8 0 0
2002082012 0 0 0 0 0.1 0 0 0.2 0.1 4.5 0 0.3 9.1 4.3 5.4 1.7 3.4 0.8 0.4 2.6 0.7 0 0.4 0.8 0.1 0.3 0.3 0 1.6 1.4 0.5 0.8 0.6 0.4 0.9 0.3 0 0.3 0.1 0 0 0
2002082013 0.1 10.2 0 0.1 0 0.4 0 0.2 0.1 6.2 0.3 0.3 1.4 0.3 0.3 0.2 0.9 1.4 0.7 0.5 2 0 0.9 0.6 0.6 1.1 0.4 12.8 0 0 0 0 0 0.2 0 0.1 0 0 6.9 11.6 0.1 0.1
2002082014 0.4 0.1 0 0 0 0 0 0 0 1.4 0 3.4 0.6 0.9 0 0.8 1.4 0.1 2 0 3.4 0 0 0 0 0 0.5 0.1 5.7 9.5 12.1 10.5 1.7 1.7 10.3 3.9 0 9.5 0 0 0.1 0
2002082015 0 7 3.9 2.8 0 3.9 1.5 1.6 0 0.3 4.5 3.8 0.1 0.3 0 0.1 0.2 0 1 0 0 0 0 0 0 0 0.2 0 0.2 0 0 0 4.5 10.8 2.4 2.9 0 0 0 0 2.2 3
2002082016 2.9 3.2 1.4 3.5 3.2 0.8 1.2 0 2.4 0 3.2 0 0.8 1 0.1 1.9 2.6 0 0.6 1.2 0 0 0 0.2 0 6.1 0.1 0 0 0 0 0 0 0 0 0 0 0 0 0 0.3 0.2
2002082017 0.1 3.3 0 0.1 0.4 0 0 0.2 0 1.1 0 10.2 0.5 0.1 0.3 1.5 0.1 7.2 0.5 0.9 0.4 0 8 6.9 1.3 6.8 0.3 0 0 0 0 0 0 4.4 0 0.5 0 0 0 0 0.9 0.2
2002082018 0.1 11.4 0.5 0.1 0.8 1.3 0.9 1.1 1.6 0.4 17.3 1.2 1.7 0 0.7 2.2 0.2 4.9 0.6 5.7 3.5 0 3.7 4.6 4.7 4.3 0.4 0.2 0.2 0.1 0.1 2.5 0.4 0.9 0 0.5 0 0.2 2.7 0.8 1.5 1.7
2002082019 0.5 4.3 0.1 9.9 0.6 0.3 0.3 0.2 0.4 1.8 3.4 0.9 4.4 0.4 1.1 0.6 0.1 4.5 0.7 1.5 2.9 0 2.9 2.8 1 1.5 0.2 8.4 0.5 1.5 4.3 6.1 0.2 0.5 2 0.3 0 0.3 3.1 1.7 0.6 0.5
2002082020 0.3 2.7 0.4 5.9 0 0 0.1 0.8 0 1.1 0.9 1.9 1.2 0.6 0.6 0.1 0.1 0.3 0.7 0.1 1.8 0.1 0.1 0.8 1.7 1.3 0.2 3.9 2.7 7.2 3.7 1 3 0.9 5 0.4 0 2.6 0.5 0.3 0 0
2002082021 1.9 0.6 0.3 0.3 0 0.6 0.1 2.7 0.2 0.1 2.5 5.1 1 0.1 0.5 0.2 0 0.9 0.5 0.1 0.1 0 0.6 0.3 1 1.3 0.2 0.2 1.5 2.1 0.5 0.6 1 2.9 2.2 0.6 0 0.7 0.2 0.8 1.7 3
2002082022 2.7 0.4 1.8 0.5 0.8 2 0.8 0.6 0.4 1 0.6 3.5 0.3 0 0.1 1 0 0.8 0.3 0.3 1.7 0 1.7 0.7 1.1 0.6 0.3 0.7 1 2.8 1.3 1.4 1.1 4 3.4 2.2 0 1.6 0 0.2 0.3 0.2
2002082023 1.7 3.1 2.6 1.5 0.4 2.1 2.6 2.7 0.3 2.3 4.5 2.2 0.6 0.6 2 2.6 0 0.2 0.3 0.5 0.6 0 1.6 0.3 0.3 0.6 0.3 0.8 2.1 2.8 2.3 0.4 8.5 4.7 6.5 1.5 0 1.5 0 0 1.4 0.8
2002082100 1.2 4 2.8 1.1 1.1 5.4 5.3 3.7 0.5 1 3.6 1.1 2.2 0.5 1.4 1.3 0.1 0.7 0.2 0.3 0.7 0 0.3 0.1 0.1 0.2 0.2 0 2.2 1 1.4 0.8 3.5 3.5 4.3 0.9 0.1 0.7 0 0 3.1 1.7
2002082101 3.6 1.4 4.1 4.7 0.8 3.7 1.5 2.1 1.3 0.2 1.2 1.5 1.7 0.2 0.7 1.4 0.3 0.2 0.2 0.4 0.9 0.1 0 0 0 0.2 0.1 0.3 4 1.5 0.6 0.3 3 0.8 3.7 1.7 0 0.5 0 0 1.5 2
2002082102 2.9 0.1 3.6 1.4 2.3 1.1 0.9 1.7 1.4 1.3 0.3 0.6 3.2 0.1 0.5 3.7 1.2 0.3 0.1 0.4 0.5 0 0 1.3 0.1 1.2 0.1 0.2 1.1 3.2 0.2 0.2 1.5 0.2 2.9 3.5 0 0.2 0 0 2 1.6
2002082103 0.2 0.1 0.7 0.1 0.7 0.1 0.4 0.3 0.3 0.7 0.1 0.6 3.2 0.1 1.5 1.7 0.3 0.1 0.2 0.3 0.6 0 0 0 0.1 0 0.2 0 0.5 0.7 0.1 1.3 1 0.2 2.3 2.8 0 0 0 0 0.5 0.4
2002082104 0 0.1 0 0.2 0 0 0.1 0.1 0 0.8 0 0.2 2.5 0 2.6 2.1 0.1 0.1 0.1 0.1 0.5 0 0 0 0 0 0.1 0 0.7 0.3 0.6 0.2 0.8 0.1 0.9 0.7 0 0.4 0 0 1.2 0.2
2002082105 0 0 0 0.2 1.3 0 0.1 0 0.9 0.3 0 0.2 1.3 0 0.8 0.2 0 0.1 0.1 0 0.2 0 0.1 0 0 0 0 0 0.8 0.1 0.2 0 0.6 0.1 0.3 0.1 0 0.5 0 0 0.7 0.2
2002082106 0.4 0.1 0.1 0 0.6 0 0 0 0.2 0.1 0 0.1 0.2 0 0 0 0 0.1 13.1 0.1 0 0 0 0 0 0 0.1 0 0.4 0 0.1 0 0.4 0.1 0.1 0 0.1 0.7 0 0 0.6 0.1
2002082107 0 0.4 0 0.3 0.1 0.1 0.2 0 0.2 0.6 0.5 0 1.4 0.2 0 0 0.3 0 0.2 0 0 0.1 0 0 0 0 0.1 0 0 0 0 0 0 0 0 0 0 0 0 0 0 0.1
2002082108 0.8 0 4.2 0.2 0.1 0 0.2 0 0.4 0.4 0 1.2 1 4.6 1 0.2 1.6 0 0 0 0 0 0 0 0 0 16.1 0 0 0 0 0 0.1 0.2 0 0 0 0 0 0 0 0.2
2002082109 1.3 0.1 0.4 0.1 4 2.6 5.1 0 1 4.6 0 0.6 0.8 0.6 1.9 1.3 0.4 0.1 0 1.4 0.1 27.1 0.9 0 0 0 0 0 0 0 0.1 0 0 0.4 0.1 0.5 0 0 0 0 0 0
2002082110 0.2 0 0.3 0 1.1 0.2 1.2 0.7 0.8 0.8 0.2 0.8 1.4 1.1 2.7 0.8 3.6 1.3 1.5 0.9 0.9 0.1 1.2 0.1 0 0 0 0 0 0 0 1.9 0.4 0.2 0.1 0.5 28.9 0 0 0 0.1 0.4
2002082111 0 1.8 0.3 0 0.3 0 0.1 0.1 0.2 0 0 0.3 0 0.1 0.4 1.2 8.6 0 0.7 0.8 1.2 1 0.1 0.2 0 0.2 0.2 0 0 0.2 0.1 2.3 0 0.3 1 1.2 1.7 0 0 0 0.1 0.1
2002082112 0.1 0.9 0 0.1 1.6 0.4 1.8 0.4 0.1 0.1 2.8 0 0 0 0.5 0.1 0.1 1 1.7 2.1 0.1 0.7 0.7 0.1 0 0 0 0.1 0.1 1 1.7 2.5 0.2 0.3 1.8 0 0.3 0.8 0 0 0.4 0.6
2002082113 2.5 0.1 5.5 4.9 0.2 0.2 0.3 0 0.7 0 0.2 1.3 0 0 0.9 0.5 0.9 0.4 1.1 0 0.1 0 0.4 0.1 0 0 0.1 0 0.5 0 0.2 0.3 0.2 8.7 0 0 0 2.1 0 0 0.8 0.1
2002082114 3.2 0 0 3 0.8 0.8 1.5 0.1 0.4 0 0 0.9 0 0 0 0.1 0.4 0.3 0 1.3 0.7 0.9 0.1 0.7 0 0.7 0.1 0 0.2 0 0 0 0 1.5 4.2 0.6 0.4 0.1 0 0 0 0.4
2002082115 0.5 0.7 0.6 0 2.2 1.3 0.3 0.2 0.6 0 0.1 0 0 0 0 0 0.1 0.2 1.7 0 2.1 0.4 0 0 0 0 0.1 0 0 0 0 1.4 1 0 3.4 0.2 0 0 0 0 0.3 0.2
2002082116 0.5 0.2 2.9 0 0.9 1.9 1.5 1 1 0 0.5 0.1 0 0 0 0.3 0 6.1 2.8 6.6 0.9 3 1.5 1.1 0 1 0 0.3 0 0.2 0.2 0.3 0.4 0 1 0 0.6 0.2 0 0 0.4 0.1
2002082117 0.5 0 0 0 0.5 1.4 2.5 0.2 1 0 0.1 0 0 0 0 0.5 0 1 1.3 0 0.6 1.3 1 2.9 3.1 2.7 3.5 0.7 1.2 4.1 0.7 0.5 0.1 0.1 0.4 0 0 0.2 0.1 0 1 0.8
2002082118 0 0 0.1 0 0.6 2.4 1.3 0.1 0.4 0 0 0 0 0 0 0 0 0 0.1 0 0.3 2.5 0 0 1 0 0.2 1 0 0.7 0.1 1.4 0.9 1.1 0.7 0 0 1.2 0.1 0.3 0.1 0.3
2002082119 0 0 0.7 0 0.6 2.1 0.8 0.1 0.6 0 0 0 0 0 0 0 0 0 0 0 0 0.1 0 0 0 0 0 0.1 0 0.8 0.7 0.4 0.4 0 1 0 0 0.1 0.5 0.1 0 0.1
2002082120 0 0 0 0 0.8 0.6 0.8 0.4 0.1 0 0 0 0 0 0 0 0 0 0 0 0 0 0 0 0.1 0 0 0.1 0 0.3 0.1 0 0.2 0 0.1 0 0 0.4 0.1 0.1 0 0.1
2002082121 0 0 0.1 0 0.8 0.3 0.8 0.5 0.2 0 0 0 0 0 0 0 0 0 0 0 0.1 0 0 0 0 0 0 0 0 0.1 0 0 0 0 0.1 0 0 0.1 0.1 0 0.1 0.1
2002082122 0 0 0.1 0 0.7 1.6 0.4 0.1 0.1 0 0 0 0 0 0 0 0 0 0 0 0 0 0 0.1 0 0.1 0 0 0 0.1 0 0 0 0 0 0 0 0 0 0 0 0.1
2002082123 0 0 0 0 0.1 0 1 0 0.2 0.1 0 0 0 0 0 0 0 0 0 0 0 0 0 0 0 0 0 0 0 0 0 0 0.1 0 0 0 0 0 0 0 0 0
2002082200 0 0 0 0 0.5 0 0.1 0 0.1 0 0 0 0 0 0 0 0 0 0 0 0 0 0 0 0 0 0 0 0 0 0 0 0.1 0 0 0 0 0 0 0 0 0
2002082201 0 0 0 0 0.2 0 0.1 0 0.3 0.2 0 0 0 0 0 0 0.1 0 0 0 0 0 0 0 0 0 0 0 0.1 0 0 0 0 0 0 0 0 0 0 0 0 0.1
2002082202 0 0 0 0 0.2 0 0 0.1 0.1 0 0 0 0 0 0 0.3 0 0 0 0 0 0.1 0 0 0 0 0 0 0 0 0 0 0 0 0 0 0 0 0 0.1 0 0
2002082203 0 0 0 0 0.2 0 0 0 0 0 0 0 0 0 0 0 0 0 0 0 0.5 0 0 0 0 0 0 0 0 0 0 0 0 0 0 0 0 0 0 0 0 0
2002082204 0 0 0 0 0 0 0 0 0 0 0 0 0 0 0 0 0 0 0.2 0 1.4 0.1 0 0 0 0 0 0 0 0 0 0.1 0 0 0 0.3 0.5 0 0 0 0 0
2002082205 0 0 0 0 0 0 0 0.1 0 0 0 0 0 0 0 0 0 0 0.6 0 0.1 0.4 0 0 0 0 0 0 0 0 0 0.1 0 0.1 0 0 0.3 0 0 0 0 0
2002082206 0 0 0 0 0 0.1 0 0 0 0 0 0 0 0 0 0 0 0 0.3 0 0 0 0 0 0 0 0 0 0 0 0 0 0 0 0 0 0 0 0 0 0 0
2002082207 0 0 0 0 0.1 0 0 0 0 0 0 0 0 0 0 0 0 0 0 0 0 0 0 0 0 0 0.1 0 0 0 0 0 0 0 0 0 0 0 0 0 0 0
2002082208 0 0 0 0 0 0 0 0 0 0 0 0 0 0 0 0 0 0 0 0 0 0.1 0 0 0 0 0 0 0 0.1 0 0 0 0 0 0 0 0 0 0 0 0
2002082209 0 0 0 0 0 0 0 0 0 0 0 0 0 0 0 0 0 0 0 0 0 0 0 0 0 0 0 0 0 0 0 0 0 0 0 0 0 0 0 0 0 0
2002082210 0 0 0 0 0.4 0 0 0 0 0 0 0 0 0 0 0 0 0 0 0 0 0 0 0 0 0 0 0 0 0 0 0 0 0 0 0 0 0 0 0 0 0
2002082211 0 0 0 0 0.2 0 0.1 0 0 0 0 0 0 0 0 0 0 0 0 0 0 0 0 0 0 0 0 0 0 0 0 0 0 0 0 0 0 0 0 0 0 0
2002082212 0 0 0 0 0 0 0 0 0 0 0 0 0 0 0 0 0 0 0 0 0 0 0 0 0 0 0 0 0 0 0 0 0 0 0 0 0 0 0 0 0 0
2002082213 0 0 0 0 0 0 0 0 0 0 0 0 0 0 0 0 0 0 0 0 0 0 0 0 0 0 0 0 0 0 0 0 0 0 0 0 0 0 0 0 0 0
2002082214 0 0 0 0 0 0 0 0 0 0 0 0 0 0 0 0 0 0 0 0 0 0 0 0 0 0 0 0 0 0 0 0 0 0 0 0 0 0 0 0 0 0
2002082215 0 0 0 0 0 0 0 0 0 0 0 0 0 0 0 0 0 0 0 0 0 0 0 0 0 0 0 0 0 0 0 0 0 0 0 0 0 0 0 0 0 0
2002082216 0 0 0 0 0 0 0 0 0 0 0 0 0 0 0 0 0 0 0 0 0 0 0 0 0 0 0 0 0 0 0 0 0 0 0 0 0 0 0 0 0.4 0
2002082217 0 0 0.1 0 0 0 0 0 0 0 0 0 0 0 0 0 0 0 0 0 0 0 0 0 0 0 0 0 0 0 0 0 0 0 0 0 0 0 0 0 0.1 0.2
2002082218 0 0 0 0 0 0 0 0 0 0 0 0 0 0 0 0 0 0 0 0 0 0 0 0 0 0 0 0 0 0 0 0 0 0 0 0 0 0 0 0 0 0
2002082219 0 0 0 0 0 0 0 0 0 0 0 0 0 0 0 0 0 0 0 0 0 0 0 0 0 0 0 0 0 0 0 0 0 0 0 0 0 0 0 0 0 0
2002082220 0 0 0 0 0 0 0 0 0 0 0 0 0 0 0 0 0 0 0 0 0 0 0 0 0 0 0 0 0 0 0 0 0 0 0 0 0 0 0 0 0 0
2002082221 0 0 0 0 0 0 0 0 0 0 0 0 0 0 0 0 0 0 0 0 0 0 0 0 0 0 0 0 0 0 0 0 0 0 0 0 0 0 0 0 0 0
2002082222 0 0 0 0 0 0 0 0 0 0 0 0 0 0 0 0 0 0 0 0 0 0 0 0 0 0 0 0 0 0 0 0 0 0 0 0 0 0 0 0 0 0
2002082223 0 0 0 0 0 0 0 0 0 0 0 0 0 0 0 0 0 0 0 0 0 0 0 0 0 0 0 0 0 0 0 0 0 0 0 0 0 0 0 0 0 0
2002082300 0 0 0 0 0 0 0 0 0 0 0 0 0 0 0 0 0 0 0 0 0 0 0 0 0 0 0 0 0 0 0 0 0 0 0 0 0 0 0 0 0 0
2002082301 0 0 0 0 0 0 0 0 0 0 0 0 0 0 0 0 0.1 0 0 0 0 0 0 0 0 0 0 0 0 0 0 0 0 0 0 0 0 0 0 0 0 0
2002082302 0 0 0 0 0 0 0 0 0 0 0 0 0 0 0 0 0 0 0 0 0 0 0 0 0 0 0 0 0 0 0 0 0 0 0 0 0 0 0 0 0 0
2002082303 0 0 0 0 0 0 0 0 0 0 0 0 0 0 0 0 0 0 0 0 0 0 0 0 0.1 0.1 0 0 0 0 0 0 0 0 0 0 0 0 0 0 0 0
2002082304 0 0 0 0 0 0 0 0 0 0 0 0 0 0 0 0 0 0 0 0 0 0 0 0 0 0 0 0 0 0 0 0 0 0 0 0 0 0 0 0 0 0
2002082305 0 0 0 0 0.1 0 0 0 0 0 0 0 0 0 0 0 0 0 0 0 0 0 0 0 0 0 0 0 0 0 0 0 0 0 0 0 0 0 0 0 0 0
2002082306 0.1 0 0 0 0 0 0 0 0 0 0 0 0 0 0 0 0 0 0 0 0 0 0 0 0 0 0 0 0 0 0 0 0 0 0 0 0 0 0 0 0 0
2002082307 0 0 0 0.1 0 0 0 0 0 0 0 0.1 0 0 0 0 0 0 0 0 0 0 0 0 0 0 0 0 0 0 0 0 0 0 0 0 0 0 0 0 0 0
2002082308 0 0 0 0 0 0 0 0 0 0 0 0 0 0 0 0 0 0 0 0 0 0 0 0 0 0 0 0 0 0 0 0 0 0 0 0 0 0 0 0 0 0
2002082309 0 0 0 0 0 0 0 0 0 0 0.2 0 0 0 0 0 0 0 0 0 0 0 0 0 0 0 0 0 0 0 0 0 0 0 0 0 0 0 0 0 0 0
2002082310 0 0 0 0 0 0 0 0 0 0 0 0 0 0 0 0 0 0 0 0 0 0 0 0 0 0 0 0 0 0 0 0 0 0 0 0 0 0 0 0 0 0
2002082311 0 0 0 0 0 0 0 0 0 0 0 0 0 0 0 0 0 0 0 0 0 0 0 0 0 0 0 0 0 0 0 0 0 0 0 0 0 0 0 0 0 0
2002082312 0 0 0 0.1 0 0 0 0 0.4 0 0 0 0 0 0 0 0 0 0 0 0 0 0 0 0 0 0 0 0 0 0 0 0 0 0 0 0 0 0 0 0 0
2002082313 0 0 0 0 0 0 0 0 0 0 0 0 0 0 0 0 0 0 0 0 0 0.1 0 0 0 0 0 0 0 0 0.4 0 0 0 0 0 0 0 0 0 0 0
2002082314 0 0 0 0 0 0 0 0 0 0 0 0 0 0 0 0 0 0 0 0 0 0 0 0 0 0 0 0 0 0 0 0 0 0 0 0 0 0 0 0 0 0
2002082315 0 0 0 0 0 0 0 0 0 0 0 0 0 0 0 0 0 0 0 0 0 0 0 0 0 0 0 0 0 0 0 0.7 0.1 0 0 0 0 0 0 0 0 0
2002082316 0 0 0 0 0 0 0 0.6 0 0 0 0 0 0 0 0 0 0 0 0 0 0 0 0 0 0 0 0 0 0 0 0.3 0 0 0 0 0 0 0 0 0 0
2002082317 0 0 0 0 0 0 0 1.2 0.4 0 0 0 0 0 0 0 0 0 0 0 0 0 0 0 0 0 0 0 0 0 0 0 0 0 0 0 0 0 0 0 0 0
2002082318 0 0 0.1 0 0 1.1 0 0 0.3 0 0.2 0 0 0 0 0 0 0 0 0 0 0 0 0 0 0 0 0 0 0 0 0 0 0 0 0 0 0 0 0 0 5.3
2002082319 0 0 0.2 0 0 0.1 0 0 0.3 0 0.1 0 0 0 0 0 0 0 0 0 0 0 0 0 0 0 0 0 0 0 0 0 0 0 0 0 0 0 0 0 0 5.5
2002082320 0 0 0 0 0 0 0 0 0 0 0 0 0 0 0 0 0 0 0 0 0 0 0 0 0 0 0 0 0.2 0.1 0.1 0.8 0 0 0 0 0 0.1 0 0 0 0
2002082321 0 0 0 0 0 0 0 0.9 0 0 0 0 0 0 0 0 0 0 0 0 0.5 0.3 0 0 0 0 0 0 0.1 0 0 0 0.7 0 0 1.2 1.1 0 0 0 0 0
2002082322 0 0 0 0 0 0.5 0 1.7 0 1.4 0 0.2 0 0 0.5 1.6 0 0 0 0 0.1 0 0 1.8 0 14.5 0 0 0 0 0.1 0.1 0.2 0 0 0 0.1 0 0 0 0 0
2002082323 0.1 0 0.1 0 0 0.3 0 0 0 0.7 0 0 1.2 0 0.3 0 0 0 0 0.3 0 0 0.7 5.3 0 1 0 0 0 0 0 0 0 0.5 0 0 0 0 0 0 0 0.1
2002082400 0.1 0.3 0 0.5 0 0 0 0 0.1 0.7 0.8 1.4 1.3 1.1 4.9 0.1 0.6 0.1 0 3 0 0 5.2 1.5 0.2 0.7 0.1 0 0 0 0 0 0 0.5 0 0 0 0 0.2 0.1 0 0
2002082401 0.1 1.9 0.2 2.9 0 0 0 0 0 4.8 5.4 0 3.9 1.3 4.9 0.7 0.5 0.4 0.1 1.6 0.5 0.1 0.5 0.2 0.2 0.1 0.1 0.3 0.1 0.3 0.4 0 0 0 0.2 0.1 0.1 0.2 0.7 0.9 0 0
2002082402 0 4.2 0 0.5 0 0.1 0 0.4 0 4.8 0.4 0.2 1.1 0 0.3 0.4 0 0.2 0.1 0 0 0.1 0 0 0.4 0 0.2 0.4 1 3.4 7.7 0.3 0.7 0.1 3.1 0.1 0 0.8 1.2 0.2 0 0
2002082403 0.3 0.8 0.3 1.7 0.3 0.3 0 0.4 0.4 0 0.2 0.1 0 0 0 0 0 0.5 0.9 0 0.7 0.5 0 0 0.6 0 1.2 0.3 3.8 0.1 0.4 1.1 1.4 0.2 1.9 0.2 0.4 3.3 1 0.5 0.4 0.3
2002082404 0.1 0.6 0.3 2.3 0.9 1 0 1.9 1.5 0 0.4 0.3 0 0 0 0 0 0.1 1.3 0.2 0.3 0.9 0 0.1 0.4 0.1 0.6 1.2 1.7 1.3 2.1 1.6 4.2 0.6 2.6 0.5 0.5 3 1.1 0.4 1.7 1.8
2002082405 0.5 0.1 2.1 0.5 1.6 2 0 3.5 2 0 0.7 0.6 0 0 0.1 0.2 0 0.3 0.1 0 1.3 0.7 0.8 0.3 1.6 0.2 0.3 0.1 4.1 2.7 2.7 0.4 3.2 1.3 2.1 1.3 1 4.1 1.5 0.2 9.1 4.6
2002082406 2.1 1.1 2.8 1.6 2.6 2.6 0 3.7 4.3 1.3 1.8 1.6 0.1 0.2 0.7 1.7 0.1 1.8 0.1 0.5 1 0 0.3 0.1 0.1 0.1 0.1 0.2 3 2.7 1.2 0.1 4 1.5 3.2 0.4 0.4 2.6 2.1 0.2 1 1.2
2002082407 2.7 2 2.9 1.8 1.9 2 0 4.8 2.9 1.6 0.6 0.4 3.9 1.2 1 0.5 3.6 0 0 0.3 0.1 0.1 0 0.2 0.1 0.9 0 0.1 1.6 1.9 2.3 0.1 2.5 0.3 1.7 0.1 0 4.1 0.1 0 2.2 2.6
2002082408 2.1 1 1.6 2 3.8 1.5 0 1.1 3 0 0.7 0.4 2.8 3.1 1.7 0 0.9 0.2 0 4.7 0 0 0.2 0.3 0.3 0 0 0 2.1 0.2 0 0 1.8 0.2 0.2 0.1 0 0.5 0 0 0.9 0.4
2002082409 0.3 0 0.7 0.1 0.5 0.2 0.1 0.1 0.2 1.8 0.1 0 3.5 0.2 6.4 30.3 0.3 0.7 2.8 0.4 2.7 0 0 0 0 0 0.8 0 0 0 0 0 0 0 0 0 0 0 0 0 0.1 0.4
2002082410 0 3.2 0 0 0.2 0 0 0 0 2.2 0.3 20.8 0.4 0 0.5 0.4 0 0.1 0 5 0.2 0.5 0 0 0 0.3 0 0 0 0.1 0.2 0.3 0 2.6 2.5 0.5 0.2 0 0 0 0 0
2002082411 0 2.2 2 0 0 3 0 0 0 0 4.7 0.1 0 0 0 0 0 2.2 0.1 0.2 0 0 0.1 7.3 0.1 0.1 0 0 0.1 1 0 0 1.7 0 0 0.1 0 0 0 0 0 0
2002082412 9.1 0.1 3.6 0.1 0 5 0.1 0 0.7 0 0 0 0 0 0 0 0 1.9 0.9 0.1 1.6 0 0.2 0.8 2.3 0 0.3 0.1 0 0 0 0 0 0 0 0 0 0 0 0 0 0
2002082413 0.3 0 0 0 0.1 0 0 0 0 0 0.2 0 0 0 0 0 0 0 0.6 0 0 0.2 0 0 0 0 0.3 0.2 0 0.4 0.3 1.3 0 0 0.2 0 0.1 0 0 0 0 0
2002082414 0 0 0 0 0 0.4 0.1 0 0 0 0.2 0 0 0 0 0 0 0 0 0 0 0 0 0 0 0 0 0.1 0 0.5 0 0 0.2 0 0 0 0 0 0 0 0 0
2002082415 0.1 0 0.1 0 0.5 0.5 0 0 0 0 0 0 0 0 0 0 0 0 0 0 0 0 0 0 0 0 0 0 0 0 0 0 0 0 0 0 0 0 0 0 0 0
2002082416 0 0 0 0 0 0 0.1 0 0 0 0 0 0 0 0 0 0 0 0 0 0 0 0 0 0 0 0 0 0 0 0 0 0 0 0 0 0 0 0 0 0 0
2002082417 0 0 0 0 0 0 0 0 0 0 0 0 0 0 0 0 0 0 0 0 0 0 0 0 0 0 0 0 0 0 0 0 0 0 0 0 0 0 0 0 0 0
2002082418 0 0 0 0 0 0 0.1 0 0 0 0 0 0 0 0 0 0 0 0 0 0 0 0 0 0 0 0 0 0 0 0 0 0 0 0 0 0 0 0 0 0 0
2002082419 0 0 0 0 0 0 0 0 0 0 0 0 0 0 0 0 0 0 0 0 0 0 0 0 0 0 0 0 0 0 0 0 0 0 0 0 0 0 0 0 0 0
2002082420 0 0 0 0 0 0 0 0 0 0 0 0 0 0 0 0 0 0 0 0 0 0 0 0 0 0 0 0 0 0 0 0 0 0 0 0 0 0 0 0 0 0
2002082421 0 0 0 0 0 0 0 0 0 0 0 0 0 0 0 0 0 0 0 0 0 0 0 0 0 0 0 0 0 0 0 0 0 0 0 0 0 0 0 0 0 0
2002082422 0.1 0 0 0 0 0 0.1 0 0 0 0 0 0 0 0.1 0 0 0 0 0 0 0 0 0 0 0 0 0 0 0 0.1 0.1 0 0 0 0 0 0 0 0.1 0 0
2002082423 0 0 0 0 0 0 0 0 0 0 0 0 0 0 0 0.1 0 0.1 0 0 0 0 0 0 0.1 0 0 0 0.1 0 0 0 0.1 0.1 0 0 0 0 0 0 0.1 0
2002082500 0 0 0 0 0 0 0 0 0 0 0 0 0 0 0 0 0 0 0 0 0 0 0.1 0 0 0.1 0.1 0 0 0 0 0 0 0 0 0.1 0.1 0.1 0 0 0 0
2002082501 0 0 0.1 0 0 0 0 0 0 0.1 0 0 0 0 0 0 0 0 0 0 0 0 0 0 0 0 0 0 0 0 0.1 0.1 0 0.1 0.1 0 0 0 0.1 0.1 0 0
2002082502 0 0 0 0 0 0 0 0 0 0 0 0 0 0 0 0 0 0 0.1 0 0 0.1 0 0 0 0 0.1 0 0 0.1 0 0 0 0 0 0 0 0 0 0 0 0
2002082503 0 0 0 0 0 0 0 0 0 0.1 0.1 0 0.1 0 0.1 0 0.1 0.1 0 0.1 0.1 0 0 0 0 0.1 0 0.1 0 0 0 0.1 0.1 0 0 0.1 0.1 0 0 0 0 0
2002082504 0 0 0 0 0 0 0 0 0 0 0 0 0 0 0 0 0 0 0 0 0 0 0.1 0 0 0 0 0 0 0 0.1 0 0 0.1 0 0 0 0 0 0 0.1 0
2002082505 0 0 0 0 0 0 0 0 0 0 0 0 0 0 0 0 0 0 0 0 0 0.1 0 0 0 0 0 0 0 0 0 0 0 0 0 0 0.1 0.1 0 0 0 0
2002082506 0 0 0 0 0 0.1 0 0 0 0 0 0 0 0.1 0 0 0 0 0 0 0 0 0 0 0 0 0 0 0 0 0 0 0 0 0.1 0 0 0 0 0 0 0
2002082507 0 0 0 0 0 0 0 0 0 0 0.1 0 0 0 0 0 0 0 0 0 0 0 0 0 0 0 0 0 0 0 0 0 0 0 0 0 0 0 0 0 0 0
2002082508 0 0 0 0 0 0 0 0 0 0 0 0 0.1 0 0 0 0 0 0 0 0 0 0 0 0 0 0 0 0 0 0 0 0 0 0 0 0 0 0 0 0 0
2002082509 0 0 0 0 0 0 0 0 0 0 0 0 0 0 0 0 0 0 0 0 0 0 0 0 0 0 0 0 0 0 0 0 0 0 0 0 0 0 0 0 0 0
2002082510 0 0 0 0 0 0 0 0 0 0 0 0 0 0 0 0 0 0 0 0 0 0 0 0 0 0 0 0 0 0 0 0 0 0 0 0 0 0 0 0 0 0
2002082511 0 0 0 0 0 0 0 0 0 0 0 0 0 0 0 0 0 0 0 0 0 0 0 0 0 0 0 0 0 0 0 0 0 0 0 0 0 0 0 0 0 0
2002082512 0 0.1 0 0 0 0 0.1 0 0 0 0 0 0 0 0 0 0 0 0 0 0 0 0 0 0 0 0 0 0 0 0 0 0 0 0 0 0 0 0 0 0 0
2002082513 0 0 0 0 0 0 0.2 0 0 0 0 0 0 0 0 0 0 0 0 0 0 0 0 0 0 0 0 0 0 0 0 0 0 0 0 0 0 0 0.1 0 0 0
2002082514 0 0 0 0 0 0 0.7 0 0 0 0 0 0 0 0 0 0 0 0 0 0 0 0 0 0 0 0 0 0 0 0 0 0 0 0 0 0 0 0 0 0 0
2002082515 0 0 0 0 0 0 0.6 0 0 0 0 0 0 0 0 0 0 0 0 0 0 0 0 0 0 0 0 0 0 0 0 0 0 0 0 0 0 0 0 0 0 0
2002082516 0 0 0 0 0 0 0.5 0 0 0 0 0 0 0 0 0 0 0 0 0 0 0 0 0 0 0 0 0 0.2 0 0 0 0 0 0 0 0 0.1 0 0 0 0
2002082517 0 0 0 0 0 0 0.5 0 0 0 0 0 0 0 0 0 0 0 0 0 0 0 0 0 0 0 0 0 0 0 0 0 0 0 0 0 0 0 0 0 0 0
2002082518 0 0 0 0 0 0 0.5 0 0 0 0 0 0 0 0 0 0 0 0 0 0 0 0 0 0 0 0 0 0 0 0 0 0 0 0 0 0 0 0 0.1 0 0
2002082519 0 0 0 0 0 0 0.4 0 0 0 0 0 0 0 0 0 0 0 0 0 0 0 0 0 0 0 0 0 0 0 0 0 0 0 0 0 0 0 0 0 0 0
2002082520 0 0 0 0 0 0 0.4 0 0 0 0 0 0 0 0 0 0 0 0 0 0 0 0 0 0 0 0 0 0 0 0 0 0 0 0 0 0 0 0 0 0 0
2002082521 0 0 0 0 0 0 0.4 0 0 0 0 0 0 0 0 0 0 0 0 0 0 0 0 0 0 0 0 0 0 0 0 0 0 0 0 0 0 0 0 0 0 0
2002082522 0 0 0 0 0 0 0.3 0 0 0 0 0 0 0 0 0 0 0 0 0 0 0 0 0 0 0 0 0 0 0 0 0 0 0 0 0 0 0 0 0 0 0
2002082523 0 0 0 0 0 0 0.3 0 0 0 0 0 0 0 0 0 0 0 0 0 0 0 0 0 0 0 0 0 0 0 0 0 0 0 0 0 0 0 0 0 0 0
2002082600 0 0 0 0 0 0 0.2 0 0 0 0 0 0 0 0 0 0 0 0 0 0 0 0 0 0 0 0 0 0 0 0 0 0 0 0 0 0 0 0 0 0 0
2002082601 0 0 0 0 0 0 0.2 0 0 0 0 0 0 0 0 0 0 0 0 0 0 0 0 0 0 0 0 0 0 0 0 0 0.1 0 0 0 0 0 0 0 0 0
2002082602 0 0 0 0 0 0 0.2 0 0 0 0 0 0 0 0 0 0 0 0 0 0 0 0 0 0 0 0 0 0 0 0 0 0 0 0 0 0 0 0 0 0 0
2002082603 0 0 0 0 0 0 0.1 0 0 0 0 0 0 0 0 0 0 0 0 0 0 0 0 0 0 0 0 0 0 0 0.1 0 0 0 0 0 0 0.1 0 0 0 0
2002082604 0 0 0 0 0 0 0.2 0 0 0 0 0 0 0 0 0 0 0 0 0 0 0 0 0 0 0 0 0 0 0 0 0 0 0 0 0 0 0 0 0 0 0
2002082605 0 0 0 0 0 0 0.1 0 0 0 0 0 0 0 0 0 0 0 0 0 0 0 0 0 0 0 0 0 0 0 0 0 0 0 0 0 0 0 0 0 0 0
2002082606 0 0 0.1 0 0.1 0 0.1 0 0 0 0 0.1 0 0 0 0 0 0 0.1 0 0 0 0 0 0 0 0 0 0 0 0 0 0 0 0 0 0 0 0 0 0 0
2002082607 0 0 0 0 0 0 0.2 0 0 0 0 0 0 0 0 0 0 0 0 0 0 0 0 0 0 0 0 0 0 0 0 0 0 0 0 0 0 0 0 0 0 0
2002082608 0 0 0 0 0 0 0.1 0 0 0.5 0 0 0 0 0 0 0 0 0 0 0 0 0 0 0 0 0 0 0 0 0 0 0 0 0 0 0 0 0 0 0 0
2002082609 0 0 0 0 0 0 11.4 0 0 0 0 0 0 0 0 0 0 0 0 0 0 0 0 0 0 0 0 0 0 0 0 0 0 0 0 0 0 0 0 0 0 0
2002082610 0 0 0 0 0 0 0 0 0 0 0 0 0 0 0 0 0 0 0 0 0 0 0 0 0 0 0 0 0 0 0 0 0 0 0 0 0 0 0 0 0 0
2002082611 0 0 0 0 0 0 0 0 0 0 0 0 0 0 0 0 0 0 0 0 0 0 0 0 0 0 0 0 0 0 0 0 0 0 0 0 0 0 0 0 0 0
2002082612 0 0 0 0 0 0 0 0 0 0 0 0 0 0 0 0 0 0 0 0 0 0 0 0 0 0 0 0 0 0 0 0 0 0 0 0 0 0 0 0 0 0
2002082613 0 0 0 0 0 0 0 0 0 0 0 0 0 0 0 0 0 0 0 0 0 0 0 0 0 0 0 0 0 0 0 0 0 0 0 0 0 0 0 0 0 0
2002082614 0 0 0 0 0 0 0 0 0 0 0 0 0 0 0 0 0 0 0 0 0 0 0 0 0 0 0 0 0 0 0 0 0 0 0 0 0 0 0 0 0 0
2002082615 0 0 0 0 0 0 0 0 0 0 0 0 0 0 0 0 0 0 0 0 0 0 0 0 0 0 0 0 0 0 0.2 0 0 0 0 0 0 0 0 0 0 0
2002082616 0 0 0 0 0 0 0 0 0 0 0 0 0 0 0 0.1 0 0 0 0 0 0 0 0 0 0 0 0 0 0 0 0.2 0 0 0 0 0 0 0 0 0 0
2002082617 0 0 0 0 0 0 0 0 0 0 0 0 0 0 0 0 0 0 0 0 0 0 0 0 0 0 0 0 0 0 0 0 0 0 0 0 0 0 0 0 0 0
2002082618 0 0 0 0 0 0 0 0 0 0 0 0 0 0 0 0 0 0 0 0 0 0 0 0 0 0 0 0 0 0 0 0 0 0 0 0 0 0 0 0 0 0
2002082619 0 0 0 0 0 0 0 0 0 0 0 0 0 0 0 0 0 0 0 0 0 0 0 0 0 0 0 0 0 0 0 0 0 0 0 0 0 0 0 0 0 0
2002082620 0 0 0 0 0 0 0 0 0 0 0 0 0 0 0 0 0 0 0.2 0.5 0 0 0 0 0 0 0 0 0.1 0.5 12.6 0 0 0 0 0 0 0.2 0 0 0 0
2002082621 0 0 0 0 0 0 0 0 0 0 0 0 0 2.3 0 0 0 0 0 0.2 0 0.6 0 0 0 0 0 0 0.1 0.9 3.7 4.2 0 0 0 0 0.1 1.5 0 0 0 0
2002082622 0 0 0 0 0 0 0 0 0 0 0 0 0 7 0.4 1.5 5.6 0.3 0 0 1.7 1.7 0 0 0 0 0 0.1 0.2 0.5 0.7 0.4 0 0 0 0.1 1.4 0.4 0 0 0 0
2002082623 0 0 0 0 0 0 0 0 0 0 0 0 0 17.5 1.8 5.6 1 0 0.6 0.4 0 0 0 0 0 0 0 0 0.1 0.2 0 0 0 0 0 0 0 0 0 0 0 0
2002082700 0 0 0 0 0 0 0 0 0 0.1 0 0 0.2 2.6 1.5 0.4 10.1 10.6 2.4 6.7 0 0 0 0 0 0 0 0 0 0 0 0.1 0 0 0 0 0 0 0 0 0 0
2002082701 0 0 0 0 0 0 0 0 0 1.4 0 0.1 11.5 0.1 0 0 12.9 0 0 0.1 0 0 0 0 0 0 0 0 0 0 0 0 0 0 0 0 0 0 0 0 0 0
2002082702 0 0 0 0 0 0 0 0 0 1.6 0 0.1 4.8 0 0 0 2 0 0 0 0 0 0 0 0 0 0 0 0 0 0.1 0 0 0 0 0 0 0.1 0 0 0 0
2002082703 0 0 0 0 0 0 0.1 0 0 15 0 0 1 0 0 0 1.4 0.1 0 0 0 0.1 0 0 0 0 0 0 0 0 0.1 0 0 0 0 0 0 1.8 0 0 0 0
2002082704 0 0 0.1 0 0 0 0 0 1.6 2.8 0 24.5 0.7 0 0 0 0.1 0 0 0 0 0 0 0 0 0 0 0 0 0.1 1.9 0.1 0 0.2 0 0.3 0 5 0 0 0 0
2002082705 0.1 0 0 0 0.1 0 0.1 0 0.1 4.4 0 5.7 0.9 0 0 0 0 0 13 0 0 0 0 0 0 0 0 0 0 0 3.6 0.2 0 0 0 0 0 0.2 0 0 0.3 0.2
2002082706 0 0 0.1 0 0 0.1 0 0.1 6.4 2.6 0 0 0.3 0 0 0 0.1 0.6 4.8 0 0.4 0 9.5 0 0.2 0 0.9 0.2 0.1 0 0.1 1.6 1 0 0 0 0 0 0 0 5.6 9.5
2002082707 0.1 0 0.1 0 0 4.5 0.3 3.3 20.6 0 0 0 0 0 0 0 0 3.4 7.9 7.6 0 0.1 7.6 9.4 2 0.2 2 15.6 3.5 7.6 4.8 6.5 3.4 0 0.2 0 0.1 25.3 6.9 1.3 14.6 2.2
2002082708 0 0 0 0 0 7.5 0.8 1.2 0 0 0 0.3 1.5 0 0.3 5 0 6.1 1.9 21.4 3.4 1.2 0 9 7 4.5 1.7 2.2 3.8 2.9 3.8 1.6 3.3 13.6 1.3 1 2 3.4 8 24 3.2 8.2
2002082709 0 0 0 0 0 0 0 0 0.1 2.6 0 4 0.6 14.5 3 10.1 1.9 1.1 2.4 1 0.6 1 0 1.2 1.2 2.7 0.8 0.8 1.3 1.9 1.4 1.2 2.2 0.8 2.6 2.8 0.9 0.5 2.7 1.5 1.1 0
2002082710 0 4.5 0 0 0 0 0 0 0 26.1 2 0 0.4 6.2 0.2 0.5 2.8 0.5 0.6 1.9 0.4 0.1 0 0.9 0.5 0.6 0.5 0.1 0 0.3 0 0.3 0 0 0.5 0 0.1 0 0 0 0.1 0
2002082711 0 0.6 0 0 0 0 0 0 0 3.5 0 0 3.8 0.3 0 0 0.1 0 0 0 0 0 0 0 0 0.2 0.3 0 0.2 0 0 0 0 0 0 0 0 0 0 0 0 0
2002082712 0 8.4 0 0 0 0 0 0 0 0 0 0 0.1 0.3 0 0 0.4 0 0 0 0 0 0 0 0.1 0.1 0.3 0 0.3 0 0 0 0 0 0 0 0 0 0.1 0 0 0
2002082713 0 0 0 0 0 0 0 0 0 0 0 0 0 0 0 0 0 0 0 0 0 0.6 0 0.1 0 0.2 0.2 0.1 0 0 0 0 0 0 0 0 0 0 0.1 0 0 0
2002082714 0 0 0 0 0 0 0 0 0 0 0 0 0 0 0 0 0 0 0 0 0 0 0 0 0 0 0.2 0 0.1 0 0 0 0 0 0 0 0 0 0 0 0 0
2002082715 0 0 0 0 0 0 0 0 0 0 0 0.1 0 0 0 0 0 0 0 0 0 0 0 0 0 0 0.2 0 0 0 0 0 0 0.1 0 0.1 0 0 0 0 0 0
2002082716 0 0 0 0 0 0 0 0 0 0 0 0 0.2 1 0.1 0 0.1 0.1 0 0 0 0 0 0 0 0 0.1 0 0 0 0 0 0 0.1 0 0.4 0.1 0 0.1 0 0 0
2002082717 0 0 0 0 0 0 0 0 0 0 0 0 0.1 0.3 0.1 2.9 0.9 0 0 0.1 0.1 0.2 0 0 0 0 0.2 0 0 0 0 0 0 0 0 0 0.1 0 0 0 0 0
2002082718 0 0 0 0 0 0 0 0 0 0 0 0 0 0 0 0.1 0.5 0 0 0.3 0 0.1 0 0 0 0 0.1 0 0 0 0 0.2 0 0 0 0 0 0 0 0 0 0
2002082719 0 0 0 0 0 0 0 0 0 0 0 0 0 0 0 1.2 0.2 0 0 0.8 0.6 0 0 0 0 0 0.1 0 0 0 0 0 0.1 0 0 0 0 0.1 0 0 0 0
2002082720 0 0 0 0 0 0 0 0 0 0 0 2.1 0 0 0 0.2 0 0 0 7.7 0.1 0 0 0 0 0 0.1 0 0 0 0 0 0 0 0 0 0 0 0 0 0 0
2002082721 0 0 0 0 0 0 0 0 0 0 0 0.6 0 0 0.1 7.5 0 0 0 0.2 2.7 0 0 0 0 0 0.1 0 0 0 0 0 0 0 0 0.1 0.1 0 0 0 0 0
2002082722 0.3 0 0 0.6 0 0 0 0 0 0 0 0.5 0 0 1.7 0.1 0 0 0 0 0.6 0 0 0 0 0 0.2 0 0 0 0 0 0 0 0 1.7 0 0 0 0 0 0
2002082723 0.1 0 0.3 0 0.1 1.4 0.2 0 0 0 0 0.1 0 0 0 0 0.1 0.3 0 0 0 0 0 0 0 0 0.1 0 0 0.1 0 0 0 0 0 1.2 0.1 0 0 0 0 0
2002082800 0.1 0 0.3 0 0.4 0.1 0.2 0 0 0 0.1 0 0 0 0 0.1 0 0 0 0 0 0 0 0 1.9 0 0 0 0 0 0 0 0 0 0 0.1 0 0 0 0 0 0
2002082801 0 0 2.8 0 0.1 0.1 0.1 0 1 0 0.6 0 0 0 0 0 0 0 0 0 0 0 0 0 0.3 0 0.1 0 0 0 0 0 0 0 0.2 0 0 0 0 0 0 0
2002082802 0.1 0.4 0.1 0 0.1 0 0 0 0.3 0 39.8 0.4 0 0 0 0 0 0 0.1 0 0 0 0 0 0 0.1 0.1 0 0 0 0 0 0 1.7 0 0 0 0 0 0 0 0
2002082803 0 0.7 0 0 0 0 0.1 0.1 0 2.7 0.1 0.4 0.5 0 0.9 0.1 0 0 0 0 0 0.1 0 0 0 0 0.1 0 0 0 0.1 0.1 0.1 0 0.1 0.2 0 0 0.2 0 0.1 0
2002082804 0 0 0 0 0 0.1 0.1 0 0 0 0 1.2 3.8 1 0.5 0 0.3 0 0 0 0 0 0 0 0 0 0 0 0 0.1 0 0 0 0 0 0 0 0 0.7 0 0 0
2002082805 0.1 0.2 0.3 0.3 0.1 0 0 0.1 0 0.1 0 0 0 0 0 0 0.1 0 0.1 0 0 0 0 0 0 0 0.1 0 0 0 0.1 0 0 0 0.1 0 0 0.1 0 0 0 0
2002082806 0 0.1 0.4 0.1 0 0.1 0.1 0 0 0 0 0 0 0 0 0 0.1 0 0 0 0 0.1 0 0 0 0 0 0 0.1 0.1 0 0.1 0.1 0 0.1 0 0 0 4.8 0.1 0 0
2002082807 0 0.1 0 0 0.1 0 0.1 0 0 0 0.1 0 0 0 0 0 0 0.1 0 0 0 0 0 0 0 0.1 4.7 0 0 0.1 0.2 0 0 0.1 0 0 0 0.1 0 0 0 0
2002082808 0 0.1 0 0 0 0 0 0 0 0 0 0 0 0 0 0 0 0 0 0 0 0 0 0 0 0 0 0 0 0 0 0 0 0 0 0 0 0 0 0 0 0
2002082809 0 0 0 0 0.1 0 0 0 0 0 0 0 0 0 0 0 0 0 0 0 0 0.1 0 0 0 0 0 0 0.1 0 0 0 0 0 0 0 0 0 0 0 0 0
2002082810 0 0 0 0 0 0 0 0 0 0 0 0 0 0 0 0 0 0 0 0 0 0 0 0 0 0 0 0 0 0 0 0 0 0 0 0 0 0 0 0 0 0
2002082811 0 0 0 0 0 0 0 0 0 0 0 0 0 0 0 0 0 0 0 0 0 0 0 0 0 0 0 0 0 0 0 0 0 0 0 0 0 0 0 0 0 0
2002082812 0 0 0 0 0 0 0 0 0 0 0 0 0 0 0 0 0 0 0 0 0 0 0 0 0 0 0 0 0 0 0 0 0 0 0 0 0 0 0 0 0 0
2002082813 0 0 0 0 0 0 0 0 0 0 0 0 0 0 0 0 0 0 0 0 0 0 0 0 0 0 0 0 0 0 0 0 0 0 0 0 0 0 0 0 0 0
2002082814 0 0 0 0 0 0 0 0 0 0 0 0 0 0 0 0 0 0 0 0 0 0 0 0 0 0 0 0 0 0 0 0 0 0 0 0 0 0 0 0 0 0
2002082815 0 0 0 0 0 0 0 0 0 0 0 0 0 0 0 0 0 0 0 0 0 0 0 0 0 0 0 0 0 0 0 0 0 0 0 0 0 0 7.7 0.1 0 0
2002082816 0 0 0 0 0 0 0 0 0 0 0 0 0 0 0 0 0 0 0 0 0 0 0 0 0 0 0 0 0 0 0 0 0 0 0 0 0 0 3.5 0 0 0
2002082817 0 0 0 0 0 0 0.3 0 0 0 0 0 0 0 0 0 0 0 0 0 0 0.4 0 0 0 0 0 0 0 0 0 0 0 0 0 0 0 0 0.1 0 0 0
2002082818 0 0 0 0 0 0 0 0 0 0 0 0 0 0 0 0 0 0 0 0 0 0 0 0 0 0 0 0 0 0 0 0 0 0 0 0 0 0 0.5 0 0 0
2002082819 0 0 0 0 0 0 0 0 1.3 0 0 0 0 0 0 0 0 0 0 0 0 0 0 0 0 0 0 0 0 0 0 0 0 0 0 0 0 0 0.2 0 1 1
2002082820 0 0 0 0 0 0 0 0.2 5.6 0 0 0 0 0 0 0 0 0 0 0 0 0 0 0 0 0 0 0 0.2 0 0 0 0 0 0 0 0 0 0 0 0.2 0.2
2002082821 0 0 0 0 0 0 0 0.1 7.5 0 0 0 0 0 0 0 0 0 0 0 0 0 0 0 0 0 0 0 0 0 0 0 0 0 0 0 0 0 0 0 0 0
2002082822 0 0 0 0 0 0 0 0 0 0 0 0 0 0 0 0 0 0 0 0 0 0 0 0 0 0 0 0 0 0 0 0 0 0 0 0 0 0 0 0 0 0
2002082823 0 0 0 0 0 0 0 0 0 0 0 0 0 0 0 0 0 0 0 0 0 0 0 0 0 0 0 0 0 0 0 0 0 0 0 0 0 0 0.1 0 0.1 0
2002082900 0 0 0 0 0 0 0 0 0 0 0 0 0 0 0 0 0 0 0 0 0 0 0 0 0 0 0 0 0 0 0 0 0 0 0 0 0 0 0 0 0 0
2002082901 0 0 0 0 0 0 0 0 0 0 0 0 0 0 0 0 0 0 0 0 0 0 0 0 0 0 0 0 0 0 0 0 0 0 0 0 0 0 0 0 0 0
2002082902 0 0 0 0 0 0 0 0 0 0 0 0 0 0 0 0 0 0 0 0 0 0 0 0 0 0 0 0 0 0 0 0 0 0 0 0 0 0 0 0 0 0
2002082903 0 0 0 0 0 0 0 0 0 0 0 0 0 0 0 0 0 0 0 0 0 0 0 0 0 0 0 0 0 0 0 0 0 0 0 0 0 0 0.1 0 0 0
2002082904 0.1 0 0 0 0 0 0 0 0 0 0 0 0 0 0 0 0 0 0 0 0 0 0 0 0 0 0 0 0 0 0 0 0 0 0 0 0 0 0 0 0 0
2002082905 0 0 0.1 0 0 0 0 0 0 0 0 0 0 0 0 0.1 0 0 0 0 0 0 0 0 0 0 0 0 0 0 0 0 0 0 0 0 0 0 0 0 0 0
2002082906 0 0 0 0 0 0 0 0 0 0.1 0.1 0 0 0 0 0 0 0 0 0 0 0 0 0 0 0 0 0 0 0 0 0 0 0 0 0 0 0 0 0 0 0
2002082907 0 0 0 0 0 0 0 0 0 0 0 0 0 0 0 0 0 0 0 0 0 0 0 0 0 0 0 0 0 0 0 0 0 0 0 0 0 0 0 0 0 0
2002082908 0 0 0 0 0 0 0 0 0 0 0 0 0 0 0 0 0 0 0 0 0 0 0 0 0 0 0 0 0 0 0 0 0 0 0 0 0 0 0 0 0 0
2002082909 0 0 0 0 0 0 0 0 0 0 0 0 0 0 0 0 0 0 0 0 0 0 0 0 0 0 0 0 0 0 0 0 0 0 0 0 0 0 0 0 0 0
2002082910 0 0 0 0 0 0 0 0 0 0 0 0 0 0 0 0 0 0 0 0 0 0 0 0 0 0 0 0 0 0 0.1 0 0 0 0 0 0 0 0 0 0 0
2002082911 0 0 0 0 0 0 0 0 0 0 0 0 0 0 0 0 0 0 0 0 0 0 0 0 0 0 0 0 0 0 0 0 0 0 0 0 0 0 0 0 0 0
2002082912 0 0 0 0 0 0 0 0 0 0 0 0 0 0 0 0 0 0 0 0 0 0 0 0 0 0 0 0 0 0 0 0 0 0 0 0 0 0 0 0 0 0
2002082913 0 0 0 0 0 0 0 0 0 0 0 0 0 0 0 0 0 0 0 0 0 0 0 0 0 0 0 0 0 0 0 0 0 0 0 0 0 0 0 0 0 0.1
2002082914 0 0 0 0 0 0 0 0 0 0 0 0 0 0 0 0 0 0 0 0 0 0 0 0 0 0 0 0 0 0 0 0 0 0 0 0 0 0 0 0 0 0
2002082915 0 0 0 0 0 0 0 0 0 0 0 0 0 0 0 0 0 0 0 0 0 0 0 0 0 0 0 0 0 0 0 0 0 0 0 0 0 0 0 0 0 0
2002082916 0 0 0 0 0 0 0 0 0 0 0 0 0 0 0 0 0 0 0 0 0 0 0 0 0 0 0 0 0 0 0 0 0 0 0 0 0 0 0 0 0 0
2002082917 0 0 0 0 0 0 0 0 0 0 0 0 0 0 0 0 0 0 0 0 0 0 0 0 0 0 0 0 0 0 0 0 0 0 0 0 0 0 0 0 0 0
2002082918 0 0 0 0 0 0 0 0 0 0 0 0 0 0 0 0 0 0 0 0 0 0 0 0 0 0 0 0 0 0 0 0 0 0 0 0 0 0 0 0 0 0
2002082919 0 0 0 0 0 0 0 0 0 0 0 0 0 0 0 0 0 0 0 0 0 0 0 0 0 0 0 0 0 0 0 0 0 0 0 0 0 0 0 0 0 0
2002082920 0 0 0 0 0 0 0 0 0 0 0 0 0 0 0 0 0 0 0 0 0 0 0 0 0 0 0 0 0 0 0 0 0 0 0 0 0 0 0 0 0 0
2002082921 0 0 0 0 0 0 0 0 0 0 0 0 0 0 0 0 0 0 0 0 0 0 0 0 0 0 0 0 0 0 0 0 0 0 0 0 0 0 0 0 0 0
2002082922 0 0 0 0 0 0 0 0 0 0 0 0 0 0 0 0 0 0 0 0 0 0 0 0 0 0 0 0 0 0 0 0 0 0 0 0 0 0 0 0 0 0
2002082923 0 0 0 0 0 0 0 0 0 0 0 0 0.1 0 0.1 0 0 0.1 0 0 0 0 0 0 0 0 0 0 0 0 0 0 0 0 0 0 0 0 0 0 0 0
2002083000 0 0 0 0 0 0 0 0 0.1 0 0 0 0 0 0 0 0.1 0 0 0 0 0 0 0 0 0 0 0 0 0 0 0 0 0 0 0 0 0.1 0 0 0 0
2002083001 0 0 0 0 0 0 0 0.1 0 0 0 0 0 0 0 0.1 0 0 0 0 0 0 0 0 0.1 0 0 0 0 0 0 0.1 0 0 0 0 0.1 0 0 0 0 0
2002083002 0 0 0 0 0 0 0 0 0 0 0 0 0 0 0 0 0 0 0.1 0 0 0 0 0 0 0 0 0 0.1 0 0 0 0 0 0 0 0 0 0 0 0.1 0
2002083003 0 0 0 0 0.1 0 0 0 0 0 0 0 0 0.1 0 0 0.1 0 0 0.1 0 0.1 0 0 0 0.1 0.1 0 0 0 0.1 0.1 0 0.1 0.1 0.1 0 0 0 0 0 0.1
2002083004 0 0 0 0 0 0 0 0 0 0.1 0 0 0 0 0 0 0 0 0 0 0.1 0 0 0 0 0 0 0 0 0 0 0 0 0 0 0 0 0.1 0 0.1 0 0
2002083005 0 0 0.1 0 0 0 0 0 0 0 0 0 0 0.1 0 0.1 0.1 0.1 0 0 0 0 0 0 0 0.1 0.1 0 0 0.1 0.1 0 0 0 0 0 0 0 0 0 0 0
2002083006 0 0 0 0 0 0 0 0 0 0 0 0.1 0 0 0 0 0 0 0 0 0 0 0 0 0 0 0 0 0 0 0 0 0 0 0 0 0 0 0 0 0 0
2002083007 0 0.1 0 0 0 0 0 0 0 0 0 0 0 0 0 0 0 0 0 0 0 0 0 0 0 0 0 0 0 0 0 0 0 0 0 0 0 0 0 0 0 0
2002083008 0 0 0 0 0 0 0 0 0 0 0 0 0 0 0 0 0 0 0 0 0 0 0 0 0 0 0 0 0 0 0 0 0 0 0 0 0 0 0 0 0 0
2002083009 0 0 0 0 0 0 0 0 0.1 0 0 0 0 0 0 0 0 0 0 0 0 0 0 0 0 0 0 0 0 0 0 0 0 0 0 0 0 0 0 0 0 0
2002083010 0 0 0 0 0 0 0 0 0 0 0 0 0 0 0 0 0 0 0 0 0 0 0 0 0 0 0 0 0 0 0 0 0 0 0 0 0 0 0 0 0 0
2002083011 0 0 0 0 0 0 0 0 0 0 0 0 0 0 0 0 0 0 0 0 0 0 0 0 0 0 0 0 0 0 0 0 0 0 0 0 0 0 0 0 0 0
2002083012 0 0 0 0 0 0 0 0 0 0 0 0 0 0 0 0 0 0 0 0 0 0 0 0 0 0 0 0 0 0 0 0 0 0 0 0 0 0 0 0 0 0
2002083013 0 0 0 0 0 0 0 0.1 0 0 0 0 0.1 0 0 0 0 0 0 0 0 0 0 0 0 0 0 0 0 0 0 0 0 0 0 0 0 0 0 0 0 0
2002083014 0 0 0 0 0 0 0 0 0 0 0 0 0 0 0 0 0 0 0 0 0 0 0 0 0 0 0 0 0 0 0 0 0 0 0 0 0 0 0 0 0 0
2002083015 0 0 0 0 0 0 0 0 0 0 0 0 0 0 0 0 0 0 0 0 0 0 0 0 0 0 0 0 0 0 0 0 0 0 0 0 0 0 0 0 0 0
2002083016 0 0 0 0 0 0 0 0 0 0 0 0 0 0 0 0 0 0 0 0 0 0 0 0 0 0 0 0 0 0 0 0 0 0 0 0 0 0 0 0 0 0
2002083017 0 0 0 0 0 0 0 0 0 0 0 0 0 0 0 0 0 0 0 0 0 0 0 0 0 0 0 0 0 0 0 0 0 0 0 0 0 0 0 0 0 0
2002083018 0 0 0 0 0 0 0 0 0 0 0 0 0 0 0 0 0 0 0 0 0 0 0 0 0 0 0 0 0 0 0 0 0 0 0 0 0 0 0 0 0 0
2002083019 0 0 0 0 0 0 0 0 0 0 0 0 0 0 0 0 0 0 0 0 0 0 0 0 0 0 0 0 0 0 0 0 0 0 0 0 0 0 0 0 0 0
2002083020 0 0 0 0 0 0 0 0 0 0 0 0 0 0 0 0 0 0 0 0 0 0 0 0 0 0 0 0 0 0 0 0 0 0 0 0 0 0 0 0 0 0
2002083021 0 0 0 0 0 0 0 0 0 0 0 0 0 0 0 0 0 0 0 0 0 0 0 0 0 0 0 0 0 0 0 0 0 0 0 0 0 0 0 0 0 0
2002083022 0 0 0 0 0 0 0 0 0 0 0 0 0 0 0 0 0 0 0 0 0 0 0 0 0 0 0 0 0 0 0 0 0 0 0 0 0 0 0 0 0 0
2002083023 0 0 0 0 0 0 0 0 0 0 0 0 0 0 0 0 0 0 0 0 0 0 0 0 0 0 0 0 0 0 0 0 0 0 0 0 0 0 0 0 0.1 0
2002083100 0.1 0 0 0 0 0 0 0 0 0 0 0 0 0 0 0 0 0 0 0 0 0 0 0 0.1 0 0 0 0 0 0 0 0 0 0 0 0 0 0 0 0 0
2002083101 0 0 0 0 0 0 0 0 0 0 0 0 0 0 0.1 0 0 0 0 0 0 0 0 0 0 0 0 0 0 0 0 0 0 0 0 0 0 0 0 0 0 0
2002083102 0 0 0 0 0 0 0.1 0 0 0 0 0 0 0 0 0 0 0 0 0 0 0 0 0 0 0 0 0 0 0 0 0 0 0 0 0 0 0 0 0 0 0
2002083103 0 0 0 0 0 0 0 0 0 0 0 0 0 0 0 0 0 0 0 0 0 0 0 0 0 0 0 0 0 0 0 0.1 0 0 0 0 0 0 0 0 0 0
2002083104 0 0 0 0 0 0 0 0 0 0 0 0 0 0 0 0 0 0 0 0 0 0 0 0 0 0.1 0 0 0 0 0 0 0 0 0 0 0 0 0 0 0 0
2002083105 0 0 0 0 0 0 0 0 0 0 0 0 0 0 0 0 0 0 0 0 0 0 0 0 0 0 0 0 0 0 0 0 0 0 0 0 0 0 0 0 0 0
2002083106 0 0 0 0 0 0 0 0 0 0 0 0 0 0 0 0 0 0 0 0 0 0 0 0 0 0 0 0 0 0 0 0 0 0 0 0 0 0 0 0 0 0
2002083107 0 0 0 0 0 0 0 0 0 0 0 0 0 0 0 0 0 0 0 0 0 0 0 0 0 0 0 0 0 0 0 0 0 0 0 0 0 0 0 0 0 0
2002083108 0 0 0 0 0 0 0 0 0 0 0 0 0 0 0 0 0 0 0 0 0 0 0 0 0 0 0 0 0 0 0 0 0 0 0 0 0 0 0 0 0 0
2002083109 0 0 0 0 0 0 0 0 0 0 0 0 0 0 0 0 0 0 0 0 0 0 0 0 0 0 0 0 0 0 0 0 0 0 0 0 0 0 0 0 0 0
2002083110 0 0 0 0 0 0 0 0 0 0 0 0 0.4 0.1 0 0 0 0 0 0 0 0 0 0 0 0 0 0 0 0 0 0 0 0 0 0 0 0 0 0 0 0
2002083111 0 0.5 0 0 0 0 0 0 0 0.8 0 0 0.5 0.1 0 0.3 0 0 0 0 0 0 0 0 0 0 0 0 0 0 0 0 0 0 0 0 0 0 0 0 0 0
2002083112 0 0.4 0 0 0.1 0 0 0 0 0 0 0.6 0 0.5 0 0 0.3 0 0 0.1 0 0 0 0 0 0 0 0 0 0 0 0 0 0.2 0 0 0 0 0 0 0 0
2002083113 0.2 0.7 0.3 1.2 0 0 0 0 0 0.1 0.1 0.4 0 0.6 0.2 1.2 0.3 0 0 0.4 0 0 0 0.3 0 0.2 0 0 0 0 0 0 0 0 0 0.1 0 0 0 0 0 0
2002083114 1 0 1.4 0 0.9 0.2 0.2 0 0 0 0 0 0 0 0 0.2 0 0.1 0 0 0.3 0.7 0 0 0.1 0 0 0.1 0 0 0 0.3 0.3 0.1 1.3 0 0.2 0 0 0 0 0
2002083115 0.1 0 0.1 0 1.6 0.8 0.7 0.2 0 0 0 0 0 0 0 0 0 0.4 0.3 0 0.3 0.6 0 0 0 0 0 0 0 0.5 0 0.3 0.6 0 0.4 0 0 0 0 0 0 0.1
2002083116 0 0 0 0 0.3 0 0.1 0 0 0 0 0 0 0 0 0 0 0 0 0 0 0.2 0 0 0 0 0 0 0.3 0 0 0 0.1 0 0 0 0 0 0 0 0 0
2002083117 0 0 0.1 0 0 0 0 0 0 0 0 0 0 0 0 0 0 0 0 0 0 0 0 0 0 0 0 0 0 0 0 0 0.1 0 0 0 0 0 0 0 0 0
2002083118 0 0 0 0 0.1 0 0 0 0 0 0 0 0 0 0 0 0 0 0 0 0 0 0 0 0 0 0 0 0 0 0 0 0.1 0 0 0 0 0 0 0 0 0
2002083119 0 0 0 0 0.3 0 0 0 0 0 0 0 0 0 0 0 0 0 0 0 0 0 0 0 0 0 0 0 0 0 0 0 0 0 0 0 0 0 0 0 0 0
2002083120 0 0 0 0 0 0 0 0 0 0 0 0 0 0 0 0 0 0 0 0 0 0 0 0 0 0 0 0 0 0 0 0 0 0 0 0 0 0 0 0 0 0
2002083121 0 0 0 0 0 0 0 0 0 0 0 0 0 0 0 0 0 0 0 0 0 0 0 0 0 0 0 0 0 0 0 0 0 0 0 0 0 0 0 0 0 0
2002083122 0 0 0 0 0 0 0 0 0 0 0 0 0 0 0 0 0 0 0 0 0 0 0 0 0 0 0 0 0 0 0 0 0 0 0 0 0 0 0 0 0 0
2002083123 0 0 0 0 0 0 0 0 0 0 0 0 0 0 0 0 0 0 0 0.1 0 0 0 0 0 0 0 0 0 0 0 0 0 0 0 0 0 0 0 0 0 0
2002090100 0 0 0 0 0 0 0 0 0 0 0 0 0 0 0 0 0 0 0 0 0 0 0 0 0 0 0 0 0 0 0 0 0 0 0 0 0 0 0 0 0 0
2002090101 0 0 0 0 0 0 0 0 0 0 0 0 0 0 0 0 0 0 0 0 0 0 0 0 0 0 0 0 0 0 0 0 0 0 0 0 0 0 0 0 0 0
2002090102 0 0 0 0 0 0 0 0 0 0 0 0 0 0 0 0 0 0 0 0 0 0 0 0 0 0 0 0 0 0 0 0 0 0 0 0 0 0 0 0 0 0
2002090103 0 0 0 0 0 0 0 0 0 0 0 0 0 0 0 0 0.1 0 0 0 0 0 0 0 0 0 0 0 0 0 0 0 0 0 0 0 0 0 0 0 0 0
2002090104 0 0 0 0 0 0 0 0 0 0 0 0 0 0 0 0 0 0 0 0 0 0 0 0.1 0 0 0 0 0 0 0 0 0 0 0 0 0 0 0 0 0 0
2002090105 0 0 0 0 0.1 0 0.1 0 0 0 0 0 0 0 0 0 0 0 0 0 0 0 0 0 0.1 0 0.1 0 0 0 0 0 0 0 0 0 0 0 0 0 0 0
2002090106 0 0 0 0 0 0 0 0 0 0 0 0 0 0 0 0 0 0 0 0 0 0 0 0 0 0 0 0 0 0 0 0 0 0 0 0 0 0 0 0 0 0
2002090107 0 0 0 0 0 0 0 0 0 0 0 0 0 0 0 0 0 0 0 0 0 0 0 0 0 0 0 0 0 0 0 0 0 0 0 0 0 0 0 0 0 0
2002090108 0 0 0 0 0 0 0 0 0 0 0 0 0 0 0 0 0 0 0 0 0 0 0 0 0 0 0 0 0 0 0 0 0 0 0 0 0 0 0 0 0 0
2002090109 0 0 0 0 0 0 0 0 0 0 0 0 0 0 0 0 0 0 0 0 0 0 0 0 0 0 0 0 0 0 0 0 0 0 0.1 0 0 0 0 0 0 0.1
2002090110 0 0 0 0 0 0 0 0 0 0 0 0 0 0 0 0 0 0 0 0 0 0 0 0 0 0 0 0 0 0 0 0 0 0 0 0 0 0 0 0 0 0
2002090111 0 0 0 0 0 0 0 0 0 0 0 0 0 0 0 0 0 0 0 0 0 0 0 0 0 0 0 0 0 0 0 0 0 0 0 0 0 0 0 0 0 0
2002090112 0 0 0 0 0 0 0 0 0 0 0 0 0 0 0 0 0 0 0 0 0 0 0 0 0 0 0 0 0 0 0 0 0 0 0 0 0 0 0 0 0 0
2002090113 0 0 0 0 0 0 0 0 0 0 0 0 0 0 0 0 0 0 0 0 0 0 0 0 0 0 0 0 0 0 0 0 0 0 0 0 0 0 0 0 0 0
2002090114 0 0 0 0 0 0 0 0 0 0 0 0 0 0 0 0 0 0 0 0 0 0 0 0 0 0 0 0 0 0 0 0 0 0 0 0 0 0 0 0 0 0
2002090115 0 0 0 0 0 0 0 0 0 0 0 0 0 0 0 0 0 0 0 0 0 0 0 0 0 0 0 0 0 0 0 0 0 0 0 0 0 0 0 0 0 0
2002090116 0 0 0 0 0 0 0 0 0 0 0 0 0 0 0 0 0 0 0 0 0 0 0 0 0 0 0 0 0 0 0 0 0 0 0 0 0 0 0 0 0 0
2002090117 0 0 0 0 0 0 0 0 0 0 0 0 0 0 0 0 0 0 0 0 0 0 0 0 0 0 0 0 0 0 0 0 0 0 0 0 0 0 0 0 0 0
2002090118 0 0 0 0 0 0 0 0 0 0 0 0 0 0 0 0 0 0 0 0 0 0 0 0 0 0 0 0 0 0 0 0 0 0 0 0 0 0 0 0 0 0
2002090119 0 0 0 0 0 0 0 0 0 0 0 0 0 0 0 0 0 0 0 0 0 0 0 0 0 0 0 0 0 0 0 0 0 0 0 0 0 0 0 0 0 0
2002090120 0 0 0 0 0 0 0 0 0 0 0 0 0 0 0 0 0 0 0 0 0 0 0 0 0 0 0 0 0 0 0 0 0 0 0 0 0 0 0 0 0 0
2002090121 0 0 0 0 0 0 0 0 0 0 0 0 0 0 0 0 0 0 0 0 0 0 0 0 0 0 0 0 0 0 0 0 0 0 0 0 0 0 0 0 0 0
2002090122 0 0 0 0 0 0 0 0 0 0 0 0 0 0 0 0 0 0 0 0 0 0 0 0 0 0 0 0 0 0 0 0 0 0 0 0 0 0 0 0 0 0
2002090123 0 0 0 0 0 0 0 0 0 0 0 0 0 0 0 0 0 0 0 0 0 0 0 0 0 0 0 0 0 0 0 0 0 0 0 0 0 0 0 0 0 0
2002090200 0 0 0 0 0 0 0 0 0 0 0 0 0 0 0 0 0 0 0 0 0 0 0 0 0 0 0 0 0 0 0 0 0 0 0 0 0 0 0 0 0 0
2002090201 0 0 0 0 0 0 0 0 0 0 0 0 0 0 0 0 0 0 0 0 0 0 0 0 0 0 0 0 0 0 0 0 0 0 0 0 0 0 0 0 0 0
2002090202 0 0 0 0 0 0 0 0 0 0 0 0 0 0 0 0 0 0 0 0 0 0 0 0 0.1 0 0 0 0 0 0 0 0 0 0 0 0 0 0 0 0 0
2002090203 0 0 0 0 0 0 0 0 0 0 0 0 0.1 0 0.1 0 0 0 0 0 0 0 0 0 0 0 0 0.1 0 0 0 0 0 0 0 0 0 0 0 0 0 0
2002090204 0 0 0 0 0 0 0.1 0 0 0 0 0 0 0 0 0 0 0 0 0 0 0 0 0 0 0 0 0 0 0 0 0 0 0 0 0 0 0 0 0 0 0
2002090205 0 0 0 0 0 0 0 0 0 0 0 0 0 0 0 0 0.1 0 0 0 0 0 0 0 0 0 0 0 0 0 0 0 0 0 0 0 0.1 0 0 0 0 0
2002090206 0 0 0 0 0 0 0 0 0 0 0 0 0 0 0 0 0 0 0.1 0 0 0 0 0 0 0 0 0 0 0 0 0 0 0 0 0 0 0 0 0 0 0
2002090207 0 0 0 0 0 0 0 0 0 0 0 0 0 0 0 0 0 0 0 0 0 0 0 0 0 0 0 0 0 0 0 0 0 0 0 0 0 0 0 0 0 0
2002090208 0 0 0 0 0 0 0 0 0 0 0 0 0 0 0 0 0 0 0 0 0 0 0 0 0 0 0 0 0 0 0 0 0 0 0 0 0 0 0 0 0 0
2002090209 0 0 0 0 0 0 0 0 0 0 0 0 0 0 0 0 0 0 0 0 0 0 0 0 0 0 0 0 0 0 0 0 0 0 0 0 0 0 0 0 0 0
2002090210 0 0 0 0 0 0 0 0 0 0 0 0 0 0 0 0 0 0 0 0 0 0 0 0 0 0 0 0 0 0 0 0 0 0 0 0 0 0 0 0 0 0.1
2002090211 0 0 0 0 0 0 0 0 0 0 0 0 0 0 0 0 0 0 0 0 0 0 0 0 0 0 0 0 0 0 0 0 0 0 0 0 0 0 0 0 0.1 0
2002090212 0 0 0 0 0 0 0 0 0 0 0 0 0 0 0 0 0 0 0 0 0 0 0 0 0 0 0 0 0 0 0 0 0 0 0 0 0 0 0 0 0 0
2002090213 0 0 0 0 0 0 0 0 0 0 0 0 0 0 0 0 0 0 0 0 0 0 0 0 0 0 0 0 0 0 0 0 0 0 0 0 0 0 0 0 0 0
2002090214 0 0 0 0 0 0 0 0 0 0 0 0 0 0 0 0 0 0 0 0 0 0 0 0 0 0 0 0 0 0 0 0 0 0 0 0 0 0 0 0 0 0
2002090215 0 0 0 0 0 0.2 0 0 0 0 0 0 0 0 0 0 0 0 0 0 0 0 0 0 0 0 0 0 0 0 0 0 0 0 0 0 0 0 0 0 0 0
2002090216 0 0 0 0 0 0 0 0 0 0 0 0 0 0 0 0 0 0 0 0 0 0 0 0 0 0 0 0 0 0 0 0 0 0 0 0 0 0 0 0 0 0
2002090217 0 0 0 0 0 0 0 0 0 0 0 0 0 0 0 0 0 0 0 0 0 0 0 0 0 0 0 0 0 0 0 0 0 0 0 0 0 0 0 0 0 0
2002090218 0 0 0 0 0 0 0 0 0 0 0 0 0 0 0 0 0 0 0 0 0 0 0 0 0 0 0 0 0 0 0 0 0 0 0 0 0 0 0 0 0 0
2002090219 0 0 0 0 0 0 0 0 0 0 0 0 0 0 0 0 0 0 0 0 0 0 0 0 0 0 0 0 0 0 0 0 0 0 0 0 0 0 0 0 0 0
2002090220 0 0 0 0 0 0 0 0 0 0 0 0 0 0 0 0 0 0 0 0 0 0 0 0 0 0 0 0 0 0 0 0 0 0 0 0 0 0 0 0 0 0
2002090221 0 0 0 0 0 0 0 0 0 0 0 0 0 0 0 0 0 0 0 0 0 0 0 0 0 0 0 0 0 0 0 0 0 0 0 0 0 0 0 0 0 0
2002090222 0 0 0 0 0 0 0 0 0 0 0 0 0 0 0 0 0 0 0 0 0 0 0 0 0 0 0 0 0 0 0 0 0 0 0 0 0 0 0 0 0 0
2002090223 0 0 0 0 0 0 0 0 0 0 0 0 0 0 0 0 0 0 0 0 0 0 0 0 0 0 0 0 0 0 0 0 0 0 0 0 0 0 0 0 0 0
2002090300 0 0 0 0 0 0 0 0 0 0 0 0 0 0 0 0 0 0 0 0 0 0 0 0.1 0 0 0 0 0 0 0 0 0 0 0 0 0 0 0 0 0 0
2002090301 0 0 0 0 0 0 0 0 0 0 0 0 0 0 0 0 0 0 0 0 0 0 0 0 0.1 0 0 0 0 0 0 0 0 0 0 0 0 0 0 0 0 0
2002090302 0 0 0 0 0 0 0 0 0 0 0 0 0 0 0.1 0 0 0 0 0 0 0 0 0 0 0 0 0 0 0 0 0 0 0 0 0 0 0 0 0 0 0
2002090303 0.1 0 0 0 0 0 0 0 0 0 0 0 0 0 0 0 0 0 0 0 0 0 0 0 0 0 0 0 0 0 0 0 0 0 0 0 0 0 0 0 0 0
2002090304 0 0 0 0 0 0 0 0 0 0 0 0 0 0 0 0 0 0 0 0 0 0 0 0 0.1 0 0 0 0 0 0 0 0 0 0 0 0 0 0 0 0 0
2002090305 0 0 0 0 0 0 0 0 0 0 0 0 0 0 0 0 0 0 0 0 0 0 0 0 0 0 0 0 0 0 0 0 0 0 0 0 0 0 0 0 0 0
2002090306 0 0 0 0 0 0 0 0 0 0 0 0 0 0 0 0 0 0 0 0 0 0 0 0 0 0 0 0 0 0 0 0 0 0 0 0 0.1 0 0 0 0 0
2002090307 0 0 0 0 0 0 0 0 0 0 0 0 0 0 0 0 0 0 0 0 0 0 0 0 0 0 0 0.1 0 0 0 0 0 0 0 0 0 0 0 0 0 0
2002090308 0 0 0 0 0 0 0 0 0 0 0 0 0 0 0 0 0 0 0 0 0 0 0 0 0 0 0 0 0 0 0 0 0 0 0 0 0 0 0 0 0 0
2002090309 0 0 0 0 0 0 0 0 0 0.1 0 0 0 0 0 0 0 0 0 0 0 0 0 0 0 0 0 0 0 0 0 0 0 0 0 0 0 0 0 0 0 0
2002090310 0 0 0 0 0 0 0 0 0 0 0 0 0 0 0 0 0 0 0 0 0 0 0 0 0 0 0 0 0 0 0 0 0 0 0 0 0 0 0 0 0 0
2002090311 0 0 0 0.1 0 0 0 0 0 0 0 0 0 0 0 0 0 0 0 0 0 0 0 0 0 0 0 0 0 0 0 0 0 0 0 0 0 0 0 0 0 0
2002090312 0 0 0 0 0 0 0 0 0 0 0 0 0 0 0 0 0 0 0 0 0 0 0 0 0 0 0 0 0 0 0 0 0 0 0 0 0 0 0 0 0 0
2002090313 0 0 0 0 0 0 0 0 0 0 0 0 0 0 0 0 0 0 0 0 0 0 0 0 0 0 0 0 0 0 0 0 0 0 0 0 0 0 0 0 0 0
2002090314 0 0 0 0 0 0 0 0 0 0 0 0 0 0 0 0 0 0 0 0 0 0 0 0 0 0 0 0 0 0 0 0 0 0 0 0 0 0 0 0 0 0
2002090315 0 0 0 0 0 0 0 0 0 0 0 0 0 0 0 0 0 0 0 0 0 0 0 0 0 0 0 0 0 0 0 0 0 0 0 0 0 0 0 0 0 0
2002090316 0 0 0 0 0 0 0 0 0 0 0 0 0 0 0 0 0 0 0 0 0 0 0 0 0 0 0 0 0 0 0 0 0 0 0 0 0 0 0 0 0 0
2002090317 0 0 0 0 0 0 0 0 0 0 0 0 0 0 0 0 0 0 0 0 0 0 0 0 0 0 0 0 0 0 0 0 0 0 0 0 0 0 0 0 0 0
2002090318 0 0 0 0 0 0 0 0 0 0 0 0 0 0 0 0 0 0 0 0 0 0 0 0 0 0 0 0 0 0 0 0 0 0 0 0 0 0 0 0 0 0
2002090319 0 0 0 0 0 0 0 0 0 0 0 0 0 0 0 0 0 0 0 0 0 0 0 0 0 0 0 0 0 0 0 0 0 0 0 0 0 0 0 0 0 0
2002090320 0 0 0 0 0 0 0 0 0 0 0 0 0 0 0 0 0 0 0 0 0 0 0 0 0 0 0 0 0 0 0 0 0 0 0 0 0 0 0 0 0 0
2002090321 0 0 0 0 0 0 0 0 0 0 0 0 0 0 0 0 0 0 0 0 0 0 0 0 0 0 0 0 0 0 0 0 0 0 0 0 0 0 0 0 0 0
2002090322 0 0 0 0 0 0 0 0 0 0 0 0 0 0 0 0 0 0 0 0 0 0 0 0 0 0 0 0 0 0 0 0 0 0 0 0 0 0 0 0 0 0
2002090323 0 0 0 0 0 0 0 0 0 0 0 0 0 0 0 0 0 0 0 0 0 0 0 0 0 0 0 0 0 0 0 0 0 0 0 0 0 0 0 0 0 0
2002090400 0 0 0 0 0 0 0 0 0 0 0 0 0 0 0 0 0 0 0 0 0 0 0 0.1 0 0 0 0 0 0 0 0 0 0 0 0 0 0 0 0 0 0
2002090401 0 0 0 0 0 0 0 0 0 0 0 0 0 0 0 0 0 0 0 0 0 0 0 0 0 0 0 0 0 0 0 0 0 0 0 0 0 0 0.3 0 0 0
2002090402 0 0 0 0 0 0 0 0 0 0 0 0 0.1 0 0 0 0 0 0 0 0 0 0 0 0 0 0 0.8 0 0 0 0 0 0 0 0 0 0 0.1 0.6 0 0
2002090403 0 0 0 0 0 0 0 0 0 0 0 0 0 0 0 0 0 0 0 0 0 0 0 0 0.1 0 0 0.4 0.4 0 0 0 0 0 0 0 0 2.5 0 0 0.3 0
2002090404 0 0 0 0 0 0 0 0 0 0 0 0 0 0 0 0 0 0 0 0 0 0 0 0 0 0 0.1 0 1.2 0 0.1 0 0.2 0 0 0 0 1.5 0 0.1 2.7 2.4
2002090405 0 0 0 0 0 0 0 2.4 0.1 0 0 0 0 0 0 0 0 0 0 0 0 0 0 0 0 0 0 0 0 0 0 0 0.2 0 0 0 0 0 0 0 0.1 0.5
2002090406 0 0 0 0 0 0 0 0 0.3 0 0 0 0 0 0 0 0 0 0 0 0 0 0 0 0 0 0 0 0 0 0.1 0 0 0 0 0 0 0 0.7 0 0 0
2002090407 0 0 0 0 0 0 0 0 0 0 0 0 0 0 0 0 0 0 0 0 0 0 0 0 0 0 0 0 0 0 0 0 0 0 0 0 0 0 0.5 0.3 0 0
2002090408 0 0 0 0 0 0 0.1 0 0 0 0 0 0 0 0 0 0 0 0 0 0 0 0 0 0 0 0 0 0 0 0 0 0 0 0 0 0 0 0 0 0 0
2002090409 0 0 0 0 0 0 0 0 0 0 0 0 0 0 0 0 0 0 0 0 0 0 0 0 0 0 0 0 0 0 0 0 0 0 0 0 0 0 0 0 0 0
2002090410 0 0 0 0 0 0 0 0 0 0 0 0 0 0 0 0 0 0 0 0 0 0 0 0 0 0 0 0 0 0 0 0 0 0 0.8 0 0 0 1.2 0 0 0
2002090411 0 0 0 0 0 0 0 0 0 0 0 0 0 0 0 0 0 0 0 0 0 0 0 0.3 1 0.1 0.9 1.1 0 0 0 0 0 0 0 0 0 0 4 0 0 0
2002090412 0 0 0 0 0 0 0 0 1.7 0 0 0 0 0 0 0 0 0.8 1.5 0 1.4 0.5 0 0 0 0.1 0.6 2.6 0 0.5 0.6 0.3 0 0 0.6 0 0.1 0 0 0.1 0 0
2002090413 0 0 0 0 0 5.5 0.3 0 14.8 0 0 0 0 0 0 0.9 0 0 0.1 0 0.1 0.1 0 0.9 2.6 3.2 0.1 0.5 0.1 0 0.2 0 0 0.1 7.5 0.9 1.7 0.5 0 1.1 0 0
2002090414 3 0 11.5 0 1.6 1.4 2.5 0.1 6 0 0 0 0 0.7 0.1 3.8 3.4 3.6 0.5 0.8 0 0 0 1.2 0.5 0.9 0.2 0.2 0 0 0 0 0 0.2 0 0 0 0.1 0 0 0 0
2002090415 2.9 0 7.9 0 0.1 0 0 0.5 0.8 0.6 0.2 0.5 0.5 0.6 9.5 27.8 0.2 1.2 0 4.2 0.8 0.3 0 0.8 0.7 0.4 2.3 0 0 0 0 0 0 2 0 2.3 0 0 0 0 9.6 0
2002090416 0 2.1 1.3 0.1 1.1 3.5 2.1 0 0.7 0.5 3.5 4.7 0 0 0 0.3 2.5 0.4 0 0 0.3 0.1 0 0 0 0 0 0 0 0.2 0.6 0.8 0 5 0.1 1.8 0.6 0 0 0 0 0
2002090417 4.1 0.3 2 3.1 0 0 0.1 0 0 0 2.8 0 0.1 1.1 0.1 0 1 0 0.3 0.1 0.1 0 0 1.4 1.8 8.9 0 0 0 0.1 0.1 0 0 0.2 0 0 0 0 0 0 0 0
2002090418 0.1 0 0.1 0.8 0 0 0 0 0 0.2 0 0 0.5 0.1 0.2 0.1 0.1 0.1 2.5 0.1 0 0 0 3.3 1.2 5 0.3 0 0 1.3 0 4.3 0 0.1 0 0 0 0 0 0 0 0
2002090419 0 0.2 0 0 0 0 0 0 0 0.1 0 0.1 2.9 0.1 0 0.2 0 0.1 0.3 0 0 0 0 1.6 0 0.2 0.3 0 0 1.7 0 0.3 0.1 0 0 0.2 0 0 0 0 0 0
2002090420 0 0.1 0 0 0.1 0.1 0.1 0 0.1 0.5 0.5 0 0.4 0 0.1 0 0 0 0.1 0 0 0 0 0.1 0.1 2.9 0 0 0 0 0 0 0 0 0 0 0 0 0 0 0 0
2002090421 0.1 0.1 0 0.5 0 0 0 0 0 0 0.1 0 0.1 0 0 0 0.3 0 0 0 0 0 0 0 0 1.7 0 0 0 0 0 0 0 0 0 0 0 0 0.1 0 0 0
2002090422 0 0 0.1 0 0.1 0 0 0 0 0 0 0 0 0 0.1 0.1 0.1 0 0 0 0 0 0 0 0 0 0 0 0 0 0 0 0 0 0 0 0 0 0 0 0 0
2002090423 0 0 0 0 0 0 0 0 0 0 0 0.1 0 0 0 0 0 0 0 0 0 0 0 0 0 0 0 0 0 0 0 0.1 0 0 0 0 0 0 0 0.1 0 0
2002090500 0 0 0 0 0 0 0 0 0 0 0 0 0 0.1 0 0 0 0 0 0 0 0 0 0 0 0 0 0 0 0.1 0 0 0 0 0 0 0 0 0 0 0 0
2002090501 0.1 0 0 0 0 0 0 0 0 0.1 0 0 0 0 0 0 0 0 0 0 0 0 0 0 0 0 0 0 0 0 0 0 0 0 0 0 0 0 0 0 0 0
2002090502 0 0.1 0 0 0 0 0 0 0 0 0 0 0 0 0 0 0 0.1 0 0 0 0 0 0 0 0 0 0 0 0 0 0 0 0.1 0 0 0 0 0 0 0 0
2002090503 0 0 0 0 0 0 0 0 0 0 0 0 0 0 0 0 0 0 0 0 0 0 0 0 0 0 0 0 0 0 0 0 0 0 0 0 0 0 0 0 0 0
2002090504 0 0 0 0 0 0 0 0 0 0 0.1 0 0 0 0 0 0 0 0 0 0.1 0 0 0 0 0 0 0.1 0 0 0 0 0 0 0 0 0 0 0 0 0 0
2002090505 0 0 0 0 0 0 0 0 0 0 0 0 0 0 0 0 0 0 0 0 0 0 0 0 0 0 0 0 0 0 0 0 0 0 0 0 0 0 0 0 0 0
2002090506 0 0 0 0 0 0 0 0 0 0 0 0 0 0 0 0 0 0 0.1 0 0.3 0 0 0 0 0 0 0 0 0 0 0 0 0 0 0 0 0 0 0 0 0
2002090507 0 0 0 0 0 0 0 0 0 0 0 0 0 0 0 0 0 0 0 0 0 0 0 0 0 0 0 0 0 0 0 0 0 0 0 0 0 0 0 0 0 0
2002090508 0 0 0 0 0 0 0 0 0 0 0 0 0 0 0 0 0 0 0 0 0 0 0 0 0 0 0 0 0 0 0 0 0 0 0 0 0 0 0 0 0 0
2002090509 0 0 0 0 0 0 0 0 0 0 0 0 0.1 0 0 0 0 0 0 0 0 0 0 0 0 0 0 0 0 0 0 0 0 0 0 0 0 0 0 0 0 0
2002090510 0 0 0 0 0 0 0 0 0 0 0 0 0 0 0 0 0 0 0 0 0 0 0 0 0 0 0 0 0 0 0.1 0 0 0 0 0 0 0 0 0 0 0
2002090511 0 0 0 0 0 0 0 0 0 0 0 0 0 0 0 0 0 0 0 0 0 0 0.4 0 0 0 0 0 0 0 0 0 0 0 0 0 0 0 0 0 0 0
2002090512 0 0 0 0 0 0 0 0 0 0 0 0 0 0 0.2 0 0 0 0 0 0 0 0 0 0 0 0 0 0 3.8 0 0 0 0 0 0 0 0 0 0 0 0
2002090513 0 0 0 0 0 0 0 0 0 0 0 0 0 0 0 0 0 0 0 0 0 0 0 0.1 0 0 0 0 0 0 0 0 0 0 0 0 0 0 0 0 0 0
2002090514 0 0 0 0 0 0 0 0 0 0 0 0 0 0 0 0 0 0 0 0 0 0 0 0 0 0 0 0 0 0 0 0 0 0 0 0 0 0 0 0 0 0
2002090515 0 0 0 0 0 0 0 0 0 0 0 0 0 0 0 0 0 0 0 0 0 0 0 0 0 0 0 0 0 0 0 0 0 0 0 0 0 0 0 0 0 0
2002090516 0 0 0 0 0 0 0 0 0 0 0 0 0 0 0 0 0 0 0 0 0 0 0 0 0 0 0 0 0 0 0 0 0 0 0 0 0 0 0 0 0 0
2002090517 0 0 0 0 0 0 0 0 0 0 0 0 0 0 0 0 0 0 0 0 0 0 0 0 0 0 0 0 0 0 0 0 0 0 0 0 0 0 0 0 0.1 0
2002090518 0 0 0 0 0 0 0 0 0 0 0 0 0 0 0 0 0 0 0 0 0 0 0 0 0 0 0 0 0 0 0 0 0 0 0 0 0 0 0 0 0 0
2002090519 0 0 0 0 0 0 0 0 0 0 0 0 0 0 0 0 0 0 0 0 0 0 0 0 0 0 0 0 0 0 0 0 0 0 0 0 0 0 0 0 0 0
2002090520 0 0 0 0 0 0 0 0 0 0 0 0 0 0 0 0 0 0 0 0 0 0 0 0 0 0 0 0 0 0 0 0 0 0 0 0 0 0 0 0 0 0
2002090521 0 0 0 0 0 0 0 0 0 0 0 0 0 0 0 0 0 0 0 0 0 0 0 0 0 0 0 0 0 0 0 0 0 0 0 0 0 0 0 0 0 0
2002090522 0 0 0 0 0 0 0.1 0 0 0 0 0 0 0 0 0 0 0 0 0 0 0 0 0 0 0 0 0 0 0 0 0 0 0 0 0.1 0 0 0 0 0 0
2002090523 0 0 0 0.1 0 0 0 0 0 0 0 0 0 0 0 0 0 0 0 0 0 0 0 0 0.1 0 0 0 0 0 0 0 0 0 0 0 0 0 0.1 0.1 0 0
2002090600 0 0 0 0 0 0 0 0 0 0 0 0 0 0 0 0 0 0 0 0 0 0 0 0 0 0.1 0 0 0 0 0 0 0 0 0 0 0 0 0 0 0 0
2002090601 0 0 0 0 0 0 0 0 0 0 0 0 0 0 0 0.1 0.1 0 0 0 0 0 0 0 0 0 0 0 0 0 0 0 0 0 0 0 0 0.1 0 0 0 0
2002090602 0.1 0 0 0 0 0 0.1 0 0.1 0 0 0 0.1 0 0 0 0 0 0 0 0 0 0 0 0 0 0.1 0 0 0 0 0.1 0 0 0 0 0.1 0 0.1 0 0 0.1
2002090603 0 0 0 0 0 0 0 0.1 0 0 0 0 0 0 0.1 0 0 0 0 0.1 0 0 0.1 0 0 0.1 0 0.1 0 0 0 0 0 0 0 0.1 0 0 0 0.1 0.1 0
2002090604 0 0 0 0 0.1 0 0 0 0 0.1 0 0 0 0 0 0 0.1 0.1 0 0.1 0 0 0 0 0.1 0 0.1 0 0.1 0 0 0 0.1 0.1 0.1 0 0 0.1 0 0 0 0.1
2002090605 0 0 0 0 0 0 0 0 0 0 0 0 0 0 0 0 0 0 0 0 0 0.1 0 0 0 0.1 0 0 0 0 0 0.1 0 0 0 0 0.1 0 0 0.1 0 0
2002090606 0.1 0 0.1 0 0 0.1 0 0 0 0 0 0 0 0 0 0 0 0 0 0 0 0 0.1 0 0 0 0 0 0 0 0 0 0 0 0 0 0 0 0.1 0 0 0
2002090607 0 0 0 0 0 0 0 0 0 0 0 0 0 0 0 0 0 0 0 0 0 0 0 0 0 0 0 0 0 0 0 0 0 0 0 0 0 0 0 0 0 0
2002090608 0 0 0 0 0 0 0 0 0 0 0 0 0 0 0 0 0 0 0 0 0 0 0 0 0 0 0 0 0 0 0 0 0 0 0 0 0 0 0 0 0 0
2002090609 0 0 0 0 0 0 0 0 0 0 0 0 0.1 0 0 0.1 0 0 0 0 0 0 0 0 0 0 0 0 0 0 0 0 0 0 0 0 0 0 0 0 0 0
2002090610 0 0 0 0 0 0 0 0 0 0 0 0 0 0 0 0 0 0 0 0 0 0 0 0 0 0 0 0 0 0 0 0 0 0 0 0 0 0 0 0 0 0
2002090611 0 0 0 0 0 0 0 0 0 0 0 0 0 0 0 0 0 0 0 0 0 0 0 0 0 0 0 0 0 0 0.1 0 0 0 0 0 0 0 0 0 0 0
2002090612 0 0 0 0 0 0 0 0 0 0 0 0 0 0 0 0 0 0 0 0 0 0 0 0 0 0 0 0 0 0 0 0 0 0 0 0 0 0 0 0 0 0
2002090613 0 0 0 0 0 0 0 0 0 0 0 0 0 0 0 0 0 0 0 0 0 0 0 0 0 0 0 0 0 0 0 0 0 0 0 0 0 0 0 0 0 0
2002090614 0 0 0 0 0 0 0 0 0 0 0 0 0 0 0 0 0 0 0 0 0 0 0 0 0 0 0 0 0 0 0 0 0 0 0 0 0 0 0 0 0 0
2002090615 0 0 0 0 0 0 0 0 0 0 0 0 0 0 0 0 0 0 0 0 0 0 0 0 0 0 0 0 0 0 0 0 0 0 0 0 0 0 0 0 0 0
2002090616 0 0 0 0 0 0 0 0 0 0 0 0 0 0 0 0 0 0 0 0 0 0 0 0 0 0 0 0 0 0 0 0 0 0 0 0 0 0 0 0 0 0
2002090617 0 0 0 0 0 0 0 0 0 0 0 0 0 0 0 0 0 0 0 0 0 0 0 0 0 0 0 0 0 0 0 0 0 0 0 0 0 0 0 0 0 0
2002090618 0 0 0 0 0 0 0 0 0 0 0 0 0 0 0 0 0 0 0 0 0 0 0 0 0 0 0 0 0 0 0 0 0 0 0 0 0 0 0 0 0 0
2002090619 0 0 0 0 0 0 0 0 0 0 0 0 0 0 0 0 0 0 0 0 0 0 0 0 0 0 0 0 0 0 0 0 0 0 0 0 0 0 0 0 0 0
2002090620 0 0 0 0 0 0 0 0 0 0 0 0 0 0 0 0 0 0 0 0 0 0 0 0 0 0 0 0 0 0 0 0 0 0 0 0 0 0 0 0 0 0
2002090621 0 0 0 0 0 0 0 0 0 0 0 0 0 0 0 0 0 0 0 0 0 0 0 0 0 0 0 0 0 0 0 0 0 0 0 0 0 0 0 0 0 0
2002090622 0 0 0 0 0 0 0 0 0 0 0 0 0 0 0 0 0 0 0 0 0 0 0 0 0 0 0 0 0 0 0 0 0 0 0 0 0 0 0 0 0 0
2002090623 0 0 0 0 0 0 0.1 0 0 0 0 0 0 0 0 0 0 0 0 0 0 0 0 0 0 0 0 0 0 0 0 0 0 0 0 0 0 0 0 0 0 0
2002090700 0 0 0 0 0 0 0 0 0 0 0 0 0 0 0 0 0 0 0 0 0 0 0 0 0 0 0 0 0 0 0 0 0 0 0 0 0 0 0 0 0.1 0
2002090701 0 0 0 0 0 0 0 0 0 0 0 0 0 0 0 0 0 0 0 0 0 0 0 0 0 0 0 0 0 0 0 0 0.1 0 0 0 0 0 0 0.1 0 0
2002090702 0 0 0 0 0 0 0 0 0 0 0 0 0 0 0 0 0 0 0 0 0 0 0 0 0 0 0 0 0 0 0 0 0 0 0 0 0 0.1 0 0 0 0
2002090703 0 0 0 0 0 0 0 0 0 0 0 0 0 0 0 0 0 0 0 0 0 0 0 0 0 0 0 0 0 0 0 0 0 0 0 0 0 0 0 0 0 0
2002090704 0 0 0 0 0 0 0.1 0 0 0 0 0 0 0 0 0 0 0 0 0 0 0 0 0 0.1 0 0 0.1 0 0 0 0 0.1 0 0 0 0 0 0 0 0 0
2002090705 0 0 0 0 0.1 0 0 0 0.1 0 0 0 0 0 0 0 0 0 0 0 0 0 0 0 0 0 0 0 0 0 0 0.1 0 0 0 0 0 0.1 0 0.1 0 0.1
2002090706 0 0 0 0 0 0 0 0 0 0 0 0 0 0 0 0 0 0 0 0 0 0 0 0 0 0 0 0 0 0 0 0 0 0 0 0 0 0 0 0 0 0
2002090707 0 0 0 0 0 0 0 0 0 0 0 0 0 0 0 0 0 0 0 0 0 0 0 0 0 0 0 0 0 0 0 0 0 0 0 0 0 0 0 0 0 0
2002090708 0 0 0 0 0 0 0 0 0 0 0 0 0 0 0 0 0 0 0 0 0 0 0 0 0 0 0 0 0 0 0 0 0 0 0 0 0 0 0 0 0 0
2002090709 0 0 0 0 0 0 0 0 0 0 0 0 0 0 0 0 0 0 0 0 0 0 0 0 0 0 0 0 0 0 0 0 0 0 0 0 0 0 0 0 0 0
2002090710 0 0 0 0 0 0 0 0 0 0 0 0 0 0 0 0 0 0 0 0 0 0 0 0 0 0 0 0 0 0 0 0 0 0 0 0 0 0 0 0 0 0
2002090711 0 0 0 0 0 0 0 0 0 0 0 0 0 0 0 0 0 0 0 0 0 0 0 0 0 0 0 0 0 0 0 0 0 0 0 0 0 0 0 0 0 0
2002090712 0 0 0 0 0 0 0 0 0 0 0 0 0 0 0 0 0 0 0 0 0 0 0 0 0 0 0 0 0 0 0 0 0 0 0 0 0 0 0 0 0 0
2002090713 0 0 0 0 0 0 0 0 0 0 0 0 0 0 0 0 0 0 0 0 0 0 0.1 0 0 0 0 0 0 0 0 0 0 0 0 0 0 0 0 0 0 0
2002090714 0 0 0 0 0 0 0 0 0 0 0 0 0 0 0 0 0 0 0 0 0 0 0 0 0 0 0 0 0 0 0 0 0 0 0 0 0 0 0 0 0 0
2002090715 0 0 0 0 0 0 0 0 0 0 0 0 0 0 0 0 0 0 0 0 0 0 0 0 0 0 0 0 0 0 0 0 0 0 0 0 0 0 0 0 0 0
2002090716 0 0 0 0 0 0 0 0 0 0 0 0 0 0 0 0 0 0 0 0 0 0 0 0 0 0 0 0 0 0 0 0 0 0 0 0 0 0 0 0 0 0
2002090717 0 0 0 0 0 0 0 0 0 0 0 0 0 0 0 0 0 0 0 0 0 0 0 0 0 0 0 0 0 0 0 0 0 0 0 0 0 0 0 0 0 0
2002090718 0 0 0 0 0 0 0 0 0 0 0 0 0 0 0 0 0 0 0 0 0 0 0 0 0 0 0 0 0 0 0 0 0 0 0 0 0 0 0 0 0 0
2002090719 0 0 0 0 0 0 0 0 0 0 0 0 0 0 0 0 0 0 0 0 0 0 0 0 0 0 0 0 0 0 0 0 0 0 0 0 0 0 0 0 0 0
2002090720 0 0 0 0 0 0 0 0 0 0 0 0 0 0 0 0 0 0 0 0 0 0 0 0 0 0 0 0 0 0 0 0 0 0 0 0 0 0 0 0 0 0
2002090721 0 0 0 0 0 0 0 0 0 0 0 0 0 0 0 0 0 0 0 0 0 0 0 0 0 0 0 0 0 0 0 0 0 0 0 0 0 0 0 0 0 0
2002090722 0 0 0 0 0 0 0 0 0 0 0 0 0 0 0 0 0 0 0 0 0 0 0 0 0 0 0 0 0 0 0 0 0 0 0 0 0 0 0 0 0 0
2002090723 0 0 0 0 0 0 0 0 0 0 0 0 0 0 0 0 0 0 0 0 0 0 0 0 0 0 0 0 0 0 0 0 0 0 0 0 0 0 0 0 0 0
2002090800 0 0 0 0 0 0 0 0 0 0 0 0 0 0 0 0 0 0 0 0 0 0 0 0 0 0 0 0 0 0 0 0 0 0 0 0 0 0 0 0 0 0
2002090801 0 0 0 0 0 0 0 0 0 0 0 0 0 0 0 0 0 0 0.1 0 0 0 0 0 0 0 0 0 0 0 0 0 0 0 0 0 0 0 0 0 0.1 0
2002090802 0 0 0 0 0 0 0.1 0 0 0 0 0 0 0 0 0 0 0 0 0 0 0 0 0 0 0 0 0 0 0 0 0 0 0 0 0 0 0 0 0.1 0 0
2002090803 0 0 0 0 0 0 0 0 0 0 0 0 0 0 0 0 0 0 0 0 0 0 0 0.1 0 0 0 0 0 0 0 0 0.1 0 0 0 0 0 0 0 0 0
2002090804 0 0 0 0 0 0 0 0 0 0 0 0 0.1 0 0 0 0 0 0 0 0 0 0 0 0 0 0 0 0 0 0 0 0 0 0 0 0 0 0.1 0 0 0
2002090805 0 0 0 0 0 0 0 0 0 0 0 0 0 0 0 0 0 0 0 0 0 0 0 0 0 0 0 0 0 0 0 0 0 0 0 0 0 0 0 0 0 0
2002090806 0 0 0 0 0 0 0 0 0 0 0 0 0 0 0 0 0 0 0 0 0 0 0 0 0 0 0 0 0 0 0 0 0 0 0 0 0 0 0 0 0 0
2002090807 0 0 0 0 0 0 0 0 0 0 0 0 0 0 0 0 0 0 0 0 0 0 0 0 0 0 0 0 0 0 0 0 0 0 0 0 0 0 0 0 0 0
2002090808 0 0 0 0 0 0 0 0 0 0 0 0 0 0 0 0 0.1 0 0 0 0 0 0 0 0 0 0 0 0 0 0 0 0 0 0 0 0 0 0 0 0 0
2002090809 0 0 0 0 0 0 0 0 0 0 0 0 0 0 0 0 0 0 0 0 0 0 0 0 0 0 0 0 0 0 0 0 0 0 0 0 0 0 0 0 0 0
2002090810 0 0 0 0 0 0 0 0 0 0 0 0 0 0 0 0 0 0 0 0 0 0 0 0 0 0 0 0 0 0 0 0 0 0 0 0 0 0 0 0 0 0
2002090811 0 0 0 0 0 0 0 0 0 0 0 0 0 0 0 0 0 0 0 0 0 0 0 0 0 0 0 0 0 0 0 0 0 0 0 0 0 0 0 0 0 0
2002090812 0 0 0 0 0 0 0 0 0 0 0 0 0 0 0 0 0 0 0 0 0 0 0 0 0.7 0 0 0 0 0 0 0 0 0 0 0 0 0 0 0 0 0
2002090813 0 0 0 0 0 0 0 0 0 0 0 0 0.2 0.2 0 0 0.3 0 0.5 0 0.2 0 0.9 0.7 0.2 0 2.6 0 0 0 0 0 0 0 0 0 0 0 0 0 0 0
2002090814 0 0 0 0 0 0 0 0 0 0.1 0 0 0.8 0 1.1 0 0 0.3 7.5 0.1 0 11.4 0 0 0 0 1.3 1.3 0 0 0 0 0 0 0 0.1 0.2 0 1.9 0 0 0
2002090815 0 0 0 0 0 0 0 0 0 0.3 0 0.5 0 0 14.2 0.3 0 4.2 0.1 0.1 3 0.1 0 0 0 0 0 0 0 0.9 5.8 0.6 0 1.1 0.1 0.6 1 0.4 0.2 0 0 0
2002090816 0 0 0 0.9 0 0 0 0.6 0 4.8 0.1 2.5 1 0 1 0 0 0 0 0 0.1 0 0 0 0 0 0 0 0.5 0.7 0 0 5.7 0.1 0 0 0 0 0 0 0 0.1
2002090817 0 0 0.1 0 0.1 0 1.3 0.8 5.3 0 0 0.1 0 0.8 0 0 0.3 1.4 0.1 0 0 0 0 0 0 0 2.8 0 0 0 0 0 0 0 0 0.1 0.2 0 1 0 7.3 10.1
2002090818 0.3 0 0 0 0.7 0 0.1 0 0.1 0 0 0.1 0.3 0 0 0.1 0.1 0.1 0 0 0.2 0 0 0 0 0 0 0 0 0 0 0 0 0 0 0 0 0 0 0 0 0
2002090819 0 0 0 0 0 0 0 0 0 0 0 0 0 0 0 0 0.1 0 0 0 0 0 0 0 0 0 0 0 0 0 0.1 0 0 0 0 0 0 0 0 0 0 0
2002090820 0 0 0 0 0 0 0 0 0 0 0 0 0 0 0 0 0.1 0 0 0 0 0 0 0 0 0 0 0 0 0 0 0 0 0 0 0 0 0 0 0 0 0
2002090821 0 0 0 0 0 0 0 0 0 0 0 0 0 0.1 0 0 0.2 0 0 0 0 0 0 0 0 0 0 0 0 0 0 0 0 0 0 0 0 0 0 0 0 0
2002090822 0 0 0 0 0 0 0 0 0 0 0 0 0 0 0 0 0.1 0 0 0 0.1 0 0 0 0 0 0 0 0 0 0 0 0 0 0 0 0 0 0 0.1 0 0
2002090823 0 0 0 0 0 0 0 0 0.1 0 0 0 0 0 0 0 0.1 0 0 0 0 0 0 0 0 0 0 0 0 0.1 0 0 0 0 0 0 0 0 0 0 0.1 0
2002090900 0 0 0 0 0 0 0 0 0 0 0 0 0 0 0.1 0 0.1 0.1 0.1 0 0 0 0 0 0 0 0.1 0 0 0 0 0 0 0 0 0.1 0.1 0 0.1 0 0 0.1
2002090901 0 0 0 0 0 0 0 0 0 0 0 0 0.1 0 0 0 0 0 0 0 0 0 0 0 0 0 0 0 0 0 0 0 0 0 0 0 0 0 0 0 0 0
2002090902 0 0 0 0 0 0 0 0 0.1 0 0 0 0 0 0 0 0.1 0 0 0 0 0 0 0 0 0 0 0.2 0 0 0 0 0 0 0 0 0 0 0 0 0 0
2002090903 0 0.1 0 0 0 0 0 0 0 0.1 0 0 0 0 0 0 0 0.2 0 0 0 0.1 0 0.1 0 0 0.1 0 0 0 0 0.2 0 0 0 0 0 0 0 0 0 0
2002090904 0 0.1 0 0 0 0 0 0 0 0 0 0.1 0.1 0 0.1 0 0 0 0 0 0 0 0 0 0 0 0 0 0 0 0 0 0 0 0 0 0 0 0 0.1 0 0
2002090905 0 0 0 0 0 0 0 0 0 0 0 0 0 0 0 0 0 0 0 0 0 0 0 0.1 0.1 0.1 0.1 0.1 0 0 0 0 0 0 0 0 0 0 0.1 0 0 0
2002090906 0 0 0 0 0 0 0 0 0 0 0 0 0 0.3 0 0 0.1 0 0 0.1 0 0 0 0.1 1 2.8 0 0 0 0 0 0 0 0 0 0 0 0 1.5 3.5 0 0.1
2002090907 0 0 0 0 0.1 0 0 0 0 0 0 0 0 0.3 0 0 1.9 0.1 0 2.3 0.1 0 2.5 2.9 2.2 2.2 1.4 0.3 0 0 0 0 0 0 0 0 0 0 0.9 1.1 0 0
2002090908 0 0 0 0 0 0 0 0 0 0 0 0 0 0.4 0 0.1 0.7 0.2 0.1 0.1 0.2 0 0.5 0.3 0.5 0.4 0.8 0.9 0 0 0 0 0 0 0 0 0 0 0.4 0.4 0 0
2002090909 0 0 0 0 0 0 0 0 0 0 0 0 0 0 0.1 0 0 0.4 0.2 0 0 0 0.5 1.4 1.5 1 1 0.9 0 0 0 0 0 0 0 0 0 0 0.9 0.6 0 0
2002090910 0 0 0 0 0 0 0 0 0 0 0 0 0 0 0 0.1 0 0.4 0.3 0.1 0.2 0.2 0.1 0 0.2 0.1 0.3 0.2 0 0 0.2 0.5 0 0 0 0 0 0.3 0.1 0.1 0 0
2002090911 0 0 0 0 0 0 0 0 0 0 0 0 0 0 0 0 0 0 0 0 0 0 0 0 0 0 0.1 0.1 0 0 0.1 0 0 0 0 0 0 0 0 0 0 0
2002090912 0 0 0 0 0 0 0 0 0 0 0 0 0 0 0 0 0 0 0 0 0 0 0 0 0 0 0 0 0 0 0 0 0 0 0 0 0 0 0 0 0 0
2002090913 0 0 0 0 0 0 0 0 0 0 0 0 0 0 0 0 0 0 0 0 0 0 0.1 0 0 0 0 0 0 0 0 0 0 0 0 0 0 0 0 0 0 0
2002090914 0 0 0 0 0 0 0 0 0 0 0 0 0 0 0 0 0 0 0 0 0 0 0 0 0 0 0 0 0 0 0 0 0 0 0 0 0 0 0 0 0 0
2002090915 0 0 0 0 0 0 0 0 0 0 0 0 0 0 0 0 0 0 0 0 0 0 0 0 0 0 0 0 0 0 0 0 0 0 0 0 0 0.3 0 0 0 0
2002090916 0 0 0 0 0 0 0 0 0 0 0 0 0 0 0 0 0 0 0 0 0 0 0 0 0 0 0 0 0 0 0 0 0 0 0 0 0 0 0 0 0 0
2002090917 0 0 0 0 0 0 0 0 0 0 0 0 0 0 0 0 0 0 0 0 0 0 0 0 0 0 0 0 0 0 0 0 0 0 0 0 0 0 0 0 0 0
2002090918 0 0 0 0 0 0 0 0 0 0 0 0 0 0 0 0 0 0 0 0 0 0 0 0 0 0 0 0 0 0 0 0 0 0 0 0 0 0 0 0 0 0
2002090919 0 0 0 0 0 0 0 0 0 0 0 0 0 0 0 0 0 0 0 0 0 0 0 0 0 0 0 0 0 0 0 0 0 0 0 0 0 0 0 0 0 0
2002090920 0 0 0 0 0 0 0 0 0 0 0 0 0 0 0 0 0 0 0 0 0 0 0 0 0 0 0 0 0 0 0 0 0 0 0 0 0 0 0 0 0 0
2002090921 0 0 0 0 0 0 0 0 0 0 0 0 0 0 0 0 0 0 0 0 0 0 0 0 0 0 0 0 0 0 0 0 0 0 0 0 0 0 0 0 0 0
2002090922 0 0 0 0 0 0 0 0 0 0 0 0 0 0 0 0 0 0 0 0 0 0 0 0 0 0 0 0 0 0 0 0 0 0 0 0 0 0 0 0.1 0 0
2002090923 0 0 0 0 0 0 0 0 0 0 0 0 0 0 0 0 0 0 0 0 0 0 0 0 0 0 0 0 0 0 0 0 0 0 0 0 0 0 0 0 0 0
2002091000 0 0 0 0 0 0 0 0 0 0 0 0 0 0 0 0 0 0 0 0 0 0 0 0 0 0 0 0 0 0 0 0 0 0 0 0 0 0 0 0 0 0
2002091001 0 0 0 0 0 0 0 0 0 0 0 0 0 0 0 0 0 0 0 0 0 0 0 0 0 0 0 0 0 0 0 0 0 0 0 0 0 0 0 0 0 0
2002091002 0 0 0 0 0 0 0 0 0 0 0 0 0 0 0 0 0 0 0 0 0 0 0 0 0.1 0 0 0 0 0 0 0 0 0 0 0 0 0 0 0 0 0
2002091003 0 0 0 0 0 0 0 0 0 0 0 0 0 0 0 0 0 0 0 0 0 0 0 0 0 0 0 0 0 0 0 0 0 0 0 0 0 0 0 0 0 0
2002091004 0 0 0 0 0 0 0.1 0 0 0 0 0 0 0 0 0 0 0 0 0 0 0 0 0 0 0 0 0 0 0 0 0 0 0 0 0 0 0 0 0 0 0
2002091005 0 0 0 0 0.1 0 0 0 0 0 0 0 0 0 0 0 0 0 0 0 0 0 0 0 0 0 0 0 0 0 0 0 0 0 0 0 0 0.1 0 0.1 0 0
2002091006 0 0 0 0 0 0 0 0 0 0 0 0 0 0 0 0 0.1 0 0 0.2 0 0 0.2 0.2 0 0.1 0.1 0 0 0 0 0 0 0 0 0 0 0 0 0 0 0
2002091007 0 0 0 0 0 0 0 0 0 0 0 0 0 0.1 0.1 0.1 0 0.2 0.1 0.1 0 0 0.2 0 0 0 0 0 0 0 0 0 0 0 0 0 0 0 0.1 0 0 0
2002091008 0 0 0 0 0 0 0 0 0 0.1 0 0 0 0 0 0 0 0 0 0 0.1 0 0.1 0 0.1 0 0 0.2 0 0 0 0 0 0.1 0 0 0.1 0 0.5 0.4 0 0
2002091009 0 0 0 0 0 0 0 0 0 0 0 0 0 0 0 0 0 0 0 0 0 0 0 0 0 0 0 0 0 0 0 0 0 0 0 0 0 0 0 0 0 0
2002091010 0 0 0 0 0 0 0 0 0 0 0 0 0 0 0 0 0 0 0 0 0 0 0 0.1 0 0 0 0 0 0 0 0 0 0 0 0 0 0 0 0.5 0 0
2002091011 0 0 0 0 0 0 0 0 0 0 0 0 0 0 0 0 0 0 0 0 0 0 0 0 0 0 0 0 0 0 0 0 0 0 0 0 0 0 0 0 0 0
2002091012 0 0 0 0 0 0 0 0 0 0 0 0 0 0 0 0 0.4 0 0 0 0 0 0 0 0 0 0 0 0 0 0 0 0 0 0 0 0.1 0 0 0 0 0
2002091013 0 0 0 0 0 0 0 0 0 0 0 0 0 0 0 0.2 0 0 0 1.8 0 0 0.1 0.1 0.2 0 0.5 0 0 0.1 0 0 0 0 0 0 0.2 0 0 0.1 0 0
2002091014 0 0 0 0 0 0 0 0 0 0 0 0.1 0 0 0 0.2 0 0.7 0.2 2.4 0 0 1.9 2.6 2.3 0 0.1 0.2 0 0 0 0 0 0 0.3 0.1 0.9 0 0 0.1 0 0
2002091015 0 0 0 0 0.1 0 0 0 0 0 0 0 0 0 0 0 0 0.7 0.3 0.7 0.1 0 0.1 0.4 1.1 0.5 0.3 0 0 0 0 0 0.3 0 0 0 0.1 0 0.3 0 0 0
2002091016 0 0 0.4 0 0.5 0 1.7 0.2 0.1 0 0 0 0 0.3 0 0.1 0 0 0 0.1 0.1 0 0 0 0 0 0 0 0 0 0.1 0.2 0 0 0 0 0 0 0 0 0 0
2002091017 0 0.2 0 0 0 0 0.9 0.6 0.9 0 0 0.8 0 0.4 0 0.1 0 0 0 0 0 0 0 0 0 0 0 0 0 0 0.4 0 0 0 0 0 0.1 0.2 0 0 0.1 0
2002091018 0 0.4 1.2 1.6 0 1.7 0 0.5 2.3 0 0.2 0.1 0 0.1 0 0 0 0 0 0 0 0 0 0 0 0 0 0 0.1 0 0.1 0 0.2 0 0 0 0 0.6 0 0 0.2 0
2002091019 0.2 0 6 0.1 0.1 0.9 5.3 0 0 0 0 0 0 0 0 0 0 0 0 0 0 0 0 0 0 0 0 0 0 0.1 0 0 0 0 0 0 0 0 0 0 0.1 0.1
2002091020 3.1 0 2.4 0 0 1.9 4.1 0.1 9.1 0 0 0 0 0 0 0 0 0 0 0 0 0 0 0 0 0 0 0 0 0 0 0 0 0.2 0 0.6 0 0 0 0 0.3 0.5
2002091021 0.1 0 0.2 0 0.9 0.2 0.4 0 0.9 0 0 0 0 0 0 0 0 0 0 0 0 0 0 0 0 0 0 0 0 0 0 0 0 0 0 0.1 0.2 0 0.1 0 0.2 0.7
2002091022 0 0 0 0 1.1 0 0.1 0 0.2 0 0 0 0 0 0 0 0 0.1 0.2 0 0 0 0 0 0 0 0 0 0 0 0 0 0 0 0 0 0 0 0 0 0.1 0.2
2002091023 0 0.1 0.1 0 0.3 0 0 0.1 0.3 0 0 0.1 0 0 0 0 0 0 0 0 0 0 0 0 0.1 0.1 0.4 0.2 0 0 0 0.2 0.1 0.1 0 0 0 0 0 0 0 0
2002091100 0.7 0 0 0.5 1.7 0 0 0 0 0 0 0 0 0 0 0 0 0 0 0 0 0 0 0 0.2 0 0.2 0.3 0 0 0.1 0 0 0 0 0 0 0.1 0 1.3 0.2 0.2
2002091101 0.3 0.2 0.1 0.4 1.1 0 0.1 0 2.1 0 0 0 0.1 0 0 0 0 0 0 0 0 0 0 0 0 0.1 0 0 0.1 0 0 0 0 0 0 0 0.1 0 0 0 0 0.6
2002091102 0.5 0.5 0.4 0.3 0 0 0.1 0 0 0.1 0.3 0 0 0 0.1 0 0 0 0.1 0 0 0 0 0 0 0 0 0 0 0 0 0 0 0 0 0.1 0 0 0 0 1.2 0.3
2002091103 0.2 0.2 0.2 0.2 0.1 0 0 0 0 0.1 0.3 0 0 0 0 0 0 0.1 0 0 0 0 0 0 0 0 0 0 0 0 0 0 0 0 0 0 0 0 0 0 0 0
2002091104 0.5 1.1 0.1 0.5 0 0.1 0.1 0 0.1 0.1 0.1 0 0.2 0 0 0 0 0 0 0 0 0 0 0 0 0 0 0 0 0 0 0 0 0 0 0 0 0.1 0 0.1 0 0
2002091105 0 1.4 0 0.2 0 0 0 0 0 0.1 0.2 0 0 0 0 0 0 0 0 0 0 0 0 0.1 0 0.1 0 0 0 0 0.1 0 0 0 0 0 0 0 0 0 0 0
2002091106 0.1 0 0 0 0 0 0 0 0 0 0 0.1 0 0 0 0 0 0 0 0 0 0 0 0 0 0 0.1 0.1 0 0 0 0 0 0.2 0 0.1 0 0 0 0 0 0.1
2002091107 0 0 0 0 0 0 0 0 0 0 0 0 0 0 0 0 0 0 0 0 0 0 0 0 0 0 0 0 0 0 0 0 0.1 0 0.1 0.1 0 0 0 0 0 0
2002091108 0 0 0 0 0 0 0 0 0 0 0 0 0 0 0 0 0 0 0 0 0 0 0 0 0 0 0 0 0 0 0 0 0.2 0 0 0 0 0 0 0 0 0
2002091109 0 0 0 0 0 0 0 0 0 0 0 0 0 0 0 0 0 0 0 0 0 0 0 0 0 0 0 0 0 0 0 0 0 0 0 0 0 0 0 0 0 0
2002091110 0 0 0 0 0 0 0 0 0 0 0 0 0 0 0 0 0 0 0 0 0 0 0 0 0 0 0 0 0 0 0 0 0 0 0 0 0 0 0 0 0 0
2002091111 0 0 0 0 0 0 0 0 0 0 0 0 0 0 0 0 0 0 0 0 0 0 0 0 0 0 0 0 0 0 0 0 0 0 0 0 0 0 0 0 0 0
2002091112 0 0 0 0 0 0 0 0 0 0 0 0 0 0 0 0 0 0 0 0 0 0 0 0 0 0 0 0 0 1.6 0 0 0 0 0 0 0 0 0 0 0 0
2002091113 0 0 0 0 0 0 0 0 0 0 0 0 0 0 0 0 0 0 0 0 0 0 0 0 0 0 0 0 0 0 0 0 0 0 0 0 0 0 0 0 0 0
2002091114 0 0 0 0 0 0 0 0 0 0 0 0 0 0 0 0 0 0 0 0 0 0 0 0 0 0 0 0 0 0 0 0 0 0 0 0 0 0 0 0 0 0
2002091115 0 0 0 0 0 0 0 0 0 0 0 0 0 0 0 0 0 0 0 0 0 0 0 0 0 0 0 0 0 0 0 0 0 0 0 0 0 0 0 0 0 0
2002091116 0 0 0 0 0 0 0 0 0 0 0 0 0 0 0 0 0 0 0 0 0 0 0 0 0 0 0 0 0 0 0 0 0 0 0 0 0 0 0 0 0 0
2002091117 0 0 0 0 0 0 0 0 0 0 0 0 0 0 0 0 0 0 0 0 0 0 0 0 0 0 0 0 0 0 0 0 0 0 0 0 0 0 0 0 0 0
2002091118 0 0 0 0 0 0 0 0 0 0 0 0 0 0 0 0 0 0 0 0 0 0 0 0 0 0 0 0 0 0 0 0 0 0 0 0 0 0 0 0 0 0
2002091119 0 0 0 0 0 0 0 0 0 0 0 0 0 0 0 0 0 0 0 0 0 0 0 0 0 0 0 0 0 0 0 0 0 0 0 0 0 0 0 0 0 0
2002091120 0 0 0 0 0 0 0 0 0 0 0 0 0 0 0 0 0 0 0 0 0 0 0 0 0 0 0 0 0 0 0 0 0 0 0 0 0 0 0 0 0 0
2002091121 0 0 0 0 0 0 0 0 0 0 0 0 0 0 0 0 0 0 0 0 0 0 0 0 0 0 0 0 0 0 0 0 0 0 0 0 0 0 0 0 0 0
2002091122 0 0 0 0 0 0 0 0 0 0 0 0 0 0 0 0 0 0 0 0 0 0 0 0 0 0 0 0 0 0 0 0 0 0 0 0 0 0 0 0 0 0
2002091123 0 0 0 0 0 0 0 0 0 0 0 0 0 0 0 0 0 0 0 0 0 0 0 0 0 0 0 0 0 0 0 0 0 0 0 0 0 0 0 0 0 0
2002091200 0 0 0 0 0 0 0 0 0 0 0 0 0 0 0 0 0 0 0 0 0 0 0 0 0 0 0 0 0 0 0 0 0 0 0 0 0 0 0 0 0 0
2002091201 0 0 0 0 0 0 0 0 0 0 0 0 0 0 0 0 0 0 0 0 0 0 0 0 0 0 0 0 0 0 0 0 0 0 0 0 0 0 0 0 0 0
2002091202 0 0 0 0 0 0 0 0 0 0 0 0 0 0 0 0 0 0 0 0 0 0 0 0 0 0 0 0 0 0 0 0 0 0 0 0 0 0 0 0 0 0
2002091203 0 0 0 0 0 0 0 0 0 0 0 0 0 0 0 0 0 0 0 0 0 0 0 0 0.1 0 0 0 0 0 0 0 0.1 0 0 0 0 0 0 0 0 0
2002091204 0 0 0 0 0 0 0 0 0 0 0 0 0 0 0 0.1 0 0 0 0 0 0 0 0.1 0 0 0 0 0 0 0 0 0 0 0 0 0 0 0 0 0.1 0
2002091205 0 0 0 0 0 0 0 0 0 0 0 0 0 0 0 0 0 0 0 0 0 0 0.1 0 0 0 0 0 0 0 0.1 0 0 0 0 0 0.1 0 0 0 0 0
2002091206 0 0 0 0 0 0.1 0 0 0 0 0 0 0 0 0 0 0 0 0 0 0 0 0 0 0 0 0 0 0 0 0 0 0 0 0 0 0 0 0 0 0 0
2002091207 0 0 0 0 0 0 0 0 0 0 0 0 0 0 0 0 0 0 0 0 0 0 0 0 0 0 0 0 0 0 0 0 0 0 0 0 0 0 0 0 0 0
2002091208 0 0 0 0 0 0 0 0 0 0 0 0 0 0 0 0 0 0 0 0 0 0 0 0 0 0 0 0 0 0 0 0 0 0 0 0 0 0 0 0 0 0
2002091209 0 0 0 0 0 0 0 0 0 0 0 0 0 0 0 0 0.1 0 0 0 0 0 0 0 0 0 0 0 0 0 0 0 0 0 0 0 0 0 0 0 0 0
2002091210 0 0 0 0 0 0 0 0 0 0 0 0 0 0 0 0 0 0 0 0 0 0 0 0 0 0 0 0 0 0 0 0 0 0 0 0 0 0 0 0 0 0
2002091211 0 0 0 0 0 0 0 0 0 0 0 0 0 0 0 0 0 0 0 0 0 0 0 0 0 0 0 0 0 0 0 0 0 0 0 0 0 0 0 0 0 0
2002091212 0 0 0 0 0 0 0 0 0 0 0 0 0 0 0 0 0 0 0 0 0 0 0 0 0 0 0 0 0 0 0 0 0 0 0 0 0 0 0 0 0 0
2002091213 0 0 0 0 0 0 0 0 0 0 0 0 0 0 0 0 0 0 0 0 0 0 0 0 0 0 0 0 0 0 0 0 0 0 0 0 0 0 0 0 0 0
2002091214 0 0 0 0 0 0 0 0 0 0 0 0 0 0 0 0 0 0 0 0 0 0 0 0 0 0 0 0 0 0 0 0 0 0 0 0 0 0 0 0 0 0
2002091215 0 0 0 0 0 0 0 0 0 0 0 0 0 0 0 0 0 0 0 0 0 0 0 0 0 0 0 0 0 0 0 0 0 0 0 0 0 0 0 0 0 0
2002091216 0 0 0 0 0 0 0 0 0 0 0 0 0 0 0 0 0 0 0 0 0 0 0 0 0 0 0 0 0 0 0 0.1 0 0 0 0 0 0 0 0 0 0
2002091217 0 0 0 0 0 0 0 0 0 0 0 0 0 0 0 0 0 0 0 0 0 0 0 0 0 0 0 0 0 0 0 0 0 0 0 0 0 0 0 0 0 0
2002091218 0 0 0 0 0 0 0 0 0 0 0 0 0 0 0 0 0 0 0 0 0 0 0 0 0 0 0 0 0 0 0 0 0 0 0 0 0 0 0 0 0 0
2002091219 0 0 0 0 0 0 0 0 0 0 0 0 0 0 0 0 0 0 0 0 0 0 0 0 0 0 0 0 0 0 0 0 0 0 0 0 0 0 0 0 0 0
2002091220 0 0 0 0 0 0 0 0 0 0 0 0 0 0 0 0 0 0 0 0 0 0 0 0 0 0 0 0 0 0 0 0 0 0 0 0 0 0 0 0 0 0
2002091221 0 0 0 0 0 0 0 0 0 0 0 0 0 0 0 0 0 0 0 0 0 0 0 0 0 0 0 0 0 0 0 0 0 0 0 0 0 0 0 0 0 0
2002091222 0 0 0 0 0 0 0 0 0 0 0 0 0 0 0 0 0 0 0 0 0 0 0 0 0 0 0 0 0 0 0 0 0 0 0 0 0 0 0 0 0 0
2002091223 0 0 0 0 0 0 0 0 0 0 0 0 0 0 0 0 0 0 0 0 0 0 0 0 0 0 0 0 0 0 0 0 0 0 0 0 0 0 0 0 0 0
2002091300 0 0 0 0 0 0 0 0 0 0 0 0 0 0 0 0 0 0 0 0 0 0 0 0 0 0 0 0 0 0 0 0 0 0 0 0 0 0 0 0 0 0
2002091301 0 0 0 0 0 0 0 0 0 0 0 0 0 0 0 0 0 0 0 0 0 0 0 0 0.1 0 0 0 0 0 0 0 0 0 0 0 0 0 0 0 0 0
2002091302 0 0 0 0 0 0 0 0 0 0 0 0 0 0 0 0 0 0 0 0 0 0 0 0.1 0 0 0 0 0 0 0 0 0 0 0 0 0 0 0 0 0 0
2002091303 0 0 0 0 0 0 0 0 0 0 0 0 0.1 0 0.1 0 0 0 0 0 0 0 0 0 0.1 0 0 0 0 0 0 0 0 0 0 0 0 0 0 0 0 0
2002091304 0 0 0 0 0 0 0 0 0 0 0 0 0 0 0 0 0 0 0 0 0 0 0 0 0 0 0 0 0 0 0 0 0 0 0 0 0 0 0 0 0 0
2002091305 0 0 0 0.1 0 0 0 0 0 0 0 0.1 0 0 0 0 0 0 0 0 0 0 0 0 0 0 0 0 0 0 0 0 0 0 0 0 0.1 0 0 0 0 0
2002091306 0 0 0 0 0 0 0 0 0 0 0 0 0 0 0 0 0 0 0 0 0 0 0 0.1 0 0 0 0 0 0 0 0 0 0 0 0 0 0 0 0 0 0
2002091307 0 0 0 0 0 0 0 0 0 0 0 0 0.1 0 0 0 0 0 0 0 0 0 0 0 0 0 0 0 0 0 0 0 0 0 0 0 0 0 0 0 0 0
2002091308 0 0 0 0 0 0 0 0 0 0 0 0 0 0 0 0 0 0 0 0 0 0 0 0 0 0 0 0 0 0 0 0 0 0 0 0 0 0 0 0 0 0
2002091309 0 0 0 0 0 0 0 0 0 0 0 0 0 0 0 0 0.1 0 0 0 0 0 0 0 0 0 0 0 0 0 0 0 0 0 0 0 0 0 0 0 0 0
2002091310 0 0 0 0 0 0 0 0 0 0 0 0 0 0 0 0 0 0 0 0 0 0 0 0 0 0 0 0 0 0 0 0 0 0 0 0 0 0 0 0 0 0
2002091311 0 0 0 0 0 0 0 0 0 0 0 0 0 0 0 0 0 0 0 0 0 0 0 0 0 0 0 0 0 0 0 0 0 0 0 0 0 0 0 0 0 0
2002091312 0 0 0 0 0 0 0 0 0 0 0 0 0 0 0 0 0 0 0 0 0 0 0 0 0 0 0 0 0 0 0 0 0 0 0 0 0 0 0 0 0 0
2002091313 0 0 0 0 0 0 0 0 0 0 0 0 0 0 0 0 0 0 0 0 0 0 0 0 0 0 0 0 0 0 0 0 0 0 0 0 0 0 0 0 0 0
2002091314 0 0 0 0 0 0 0 0 0 0 0 0 0 0 0 0 0 0 0 0 0 0 0 0 0 0 0 0 0 0 0 0 0 0 0 0 0 0 0 0 0 0
2002091315 0 0 0 0 0 0 0 0 0 0 0 0 0 0 0 0 0 0 0 0 0 0 0 0 0 0 0 0 0 0 0 0 0 0 0 0 0 0 0 0 0 0
2002091316 0 0 0 0 0 0 0 0 0 0 0 0 0 0 0 0 0 0 0 0 0 0 0 0 0 0 0 0 0 0 0 0 0 0 0 0 0 0 0 0 0 0
2002091317 0 0 0 0 0 0 0 0 0 0 0 0 0 0 0 0 0 0 0 0 0 0 0 0 0 0 0 0 0 0 0 0 0 0 0 0 0 0 0 0 0 0
2002091318 0 0 0 0 0 0 0 0 0 0 0 0 0 0 0 0 0 0 0 0 0 0 0 0 0 0 0 0 0 0 0 0 0 0 0 0 0 0 0 0 0 0
2002091319 0 0 0 0 0 0 0 0 0 0 0 0 0 0 0 0 0 0 0 0 0 0 0 0 0 0 0 0 0 0 0 0 0 0 0 0 0 0 0 0 0 0
2002091320 0 0 0 0 0 0 0 0 0 0 0 0 0 0 0 0 0 0 0 0 0 0 0 0 0 0 0 0 0 0 0 0 0 0 0 0 0 0 0 0 0 0
2002091321 0 0 0 0 0 0 0 0 0 0 0 0 0 0 0 0 0 0 0 0 0 0 0 0 0 0 0 0 0 0 0 0 0 0 0 0 0 0 0 0 0 0
2002091322 0 0 0 0 0 0 0.1 0 0 0 0 0 0 0 0 0 0 0 0 0 0 0 0 0 0 0 0 0 0 0 0 0 0 0 0 0 0 0 0 0 0 0
2002091323 0 0 0 0 0 0 0 0 0 0 0 0 0 0 0 0 0 0 0 0 0 0 0 0 0 0 0 0 0 0 0 0 0 0 0 0 0 0 0 0 0 0
2002091400 0 0 0 0 0 0 0 0 0 0 0 0 0 0 0 0 0 0 0 0 0 0 0 0 0.1 0 0 0 0 0 0 0 0 0 0 0 0 0 0 0 0 0
2002091401 0 0 0 0 0.1 0 0 0 0 0 0 0 0 0 0 0 0 0 0 0 0 0 0 0 0 0 0 0 0 0 0 0 0 0 0 0 0 0 0.1 0.1 0 0
2002091402 0.1 0 0 0 0 0 0 0 0 0 0 0 0 0 0.1 0 0 0 0 0 0 0 0 0 0 0 0 0 0 0 0 0 0 0 0 0 0 0 0 0 0 0
2002091403 0 0 0 0 0 0 0.1 0 0 0 0 0 0 0 0 0 0 0 0 0 0 0 0 0 0.1 0 0 0 0 0 0 0 0 0 0 0 0.1 0 0 0 0 0
2002091404 0 0 0 0 0 0 0 0 0 0 0.1 0 0 0 0 0 0.1 0 0 0 0 0 0 0 0 0.1 0 0 0 0 0 0 0.1 0 0 0 0 0 0 0 0 0
2002091405 0 0 0 0 0.1 0 0 0 0 0.1 0 0 0 0.1 0.1 0 0 0 0 0 0 0 0 0.1 0 0 0 0 0 0 0 0 0 0 0 0 0.1 0 0 0.1 0.1 0
2002091406 0 0.1 0 0 0 0 0 0.1 0.1 0 0.1 0.1 0.1 0 0 0 0 0 0 0 0 0 0 0 0 0 0 0 0 0 0 0 0 0.1 0 0 0 0 0 0 0 0
2002091407 0 0 0 0 0 0 0 0 0 0 0 0 0 0.1 0 0 0.1 0 0 0 0 0 0 0 0 0 0 0 0 0 0 0 0 0 0 0 0 0 0 0 0 0
2002091408 0 0 0 0 0 0 0 0 0 0 0 0 0 0 0 0 0 0 0 0 0 0 0 0 0 0 0 0 0 0 0 0 0 0 0 0 0 0 0 0 0 0
2002091409 0 0 0 0 0 0 0 0 0 0 0 0 0 0 0 0 0 0 0 0 0 0 0 0 0 0 0 0 0 0 0 0 0 0 0 0 0 0 0 0 0 0
2002091410 0 0 0 0 0 0 0 0 0 0 0 0 0 0 0 0 0 0 0 0 0 0 0 0 0 0 0 0 0 0 0 0 0 0 0 0 0 0 0 0 0 0
2002091411 0 0 0 0 0 0 0 0 0 0 0 0 0 0 0 0 0 0 0 0 0 0 0 0 0 0 0 0 0 0 0 0 0 0 0 0 0 0 0 0 0 0
2002091412 0 0 0 0 0 0 0 0 0 0 0 0 0 0 0 0 0 0 0 0 0 0 0 0 0 0 0 0 0 0 0 0 0 0 0 0 0 0 0 0 0 0
2002091413 0 0 0 0 0 0 0 0 0 0 0 0 0 0 0 0 0 0 0 0 0 0 0 0 0 0 0 0 0 0 0 0 0 0 0 0 0 0 0 0 0 0
2002091414 0 0 0 0 0 0 0 0 0 0 0 0 0 0 0 0 0 0 0 0 0 0 0 0 0 0 0 0 0 0 0 0 0 0 0 0 0 0 0 0 0 0
2002091415 0 0 0 0 0 0 0 0 0 0 0 0 0 0 0 0 0 0 0 0 0 0 0 0 0 0 0 0 0 0 0 0 0 0 0 0 0 0 0 0 0 0
2002091416 0 0 0 0 0 0 0 0 0 0 0 0 0 0 0 0 0 0 0 0 0 0 0 0 0 0 0 0 0 0 0 0 0 0 0 0 0 0 0 0 0 0
2002091417 0 0 0 0 0 0 0 0 0 0 0 0 0 0 0 0 0 0 0 0 0 0 0 0 0 0 0 0 0 0 0 0 0 0 0 0 0 0 0 0 0 0
2002091418 0 0 0 0 0 0 0 0 0 0 0 0 0 0 0 0 0 0 0 0 0 0 0 0 0 0 0 0 0 0 0 0 0 0 0 0 0 0 0 0 0 0
2002091419 0 0 0 0 0 0 0 0 0 0 0 0 0 0 0 0 0 0 0 0 0 0 0 0 0 0 0 0 0 0 0 0 0 0 0 0 0 0 0 0 0 0
2002091420 0 0 0 0 0 0 0 0 0 0 0 0 0 0 0 0 0 0 0 0 0 0 0 0 0 0 0 0 0 0 0 0 0 0 0 0 0 0 0 0 0 0
2002091421 0 0 0 0 0 0 0 0 0 0 0 0 0 0 0 0 0 0 0 0 0 0 0 0 0 0 0 0 0 0 0 0 0 0 0 0 0 0 0 0 0 0
2002091422 0 0 0 0 0 0 0 0 0 0 0 0 0 0 0 0 0 0 0 0 0 0 0 0 0 0 0 0 0 0 0 0 0 0 0 0 0 0 0 0 0 0
2002091423 0 0 0 0 0.2 0 0.1 0 0 0 0 0 0 0 0 0 0 0 0 0 0 0 0 0 0 0 0 0 0 0 0 0 0 0 0 0 0 0 0 0 0 0
2002091500 0 0 0 0 0.1 0 0 0 0 0 0 0 0 0 0 0 0 0 0 0 0 0 0 0 0 0 0 0 0 0 0 0 0 0 0 0 0 0 0 0 0 0
2002091501 0 0.1 0 0 0 0 0 0 0.2 0 0 0 0 0 0 0 0 0 0 0 0 0 0 0 0 0 0 0 0 0 0 0 0 0 0 0 0 0 0 0 0 0
2002091502 0 0 0 0 0 0 0 0 0 0 0 0 0 0 0 0 0 0 0 0 0 0 0 0 0 0 0 0 0 0 0 0 0 0 0 0 0 0 0 0 0 0
2002091503 0 0 0 0 0 0 0 0 0 0 0 0 0 0 0 0 0 0 0 0 0 0 0 0 0 0 0 0 0 0 0 0 0 0 0 0 0 0 0.1 0 0 0
2002091504 0 0 0 0 0.1 0 0 0 0 0 0 0 0 0 0 0.1 0 0.1 0 0 0 0 0 0 0 0 0 0 0 0 0 0 0 0 0 0 0 0 0 0.1 0 0
2002091505 0 0 0 0 0 0 0.3 0 0.1 0 0 0 0 0 0 0 0 0 0 0 0 0 0.1 0.1 0 0.1 0 0 0 0 0 0 0 0 0 0 0 0 0 0 0 0
2002091506 0 0 0 0 0 0 0 0 0 0 0 0 0 0 0 0 0 0 0 0 0 0 0 0 0 0 0 0 0 0 0 0 0.1 0 0 0 0 0 0 0 0 0
2002091507 0 0 0 0 0 0 0 0 0 0 0 0 0 0 0 0 0 0 0 0 0 0 0 0 0 0 0 0 0 0 0 0 0 0 0 0 0 0 0 0 0 0
2002091508 0 0 0 0 0 0 0 0 0 0 0 0 0 0 0 0 0 0 0 0 0 0 0 0 0 0 0 0 0 0 0 0 0 0 0 0 0 0 0 0 0 0
2002091509 0 0 0 0 0 0 0 0 0 0 0 0 0 0 0 0 0 0 0 0 0 0 0.2 0 0 0 0 0 0 0 0 0 0 0 0 0 0 0 0 0 0 0
2002091510 0 0 0 0 0 0 0 0 0 0 0 0 0 0 0 0 0 0 0 0 0 0 0 0 0 0 0 0 0 0 0 0 0 0 0 0 0 0 0 0 0 0
2002091511 0 0 0 0 0 0 0 0 0 0 0 0 0 0 0 0 0 0 0 0 0 0 0 0 0 0 0 0 0 0 0 0 0 0 0 0 0 0 0 0 0 0
2002091512 0 0 0 0 0 0 0 0 0 0 0 0 0 0 0 0 0 0 0 0 0 0 0 0 0 0 0 0 0 0 0 0 0 0 0 0 0 0 0 0 0 0
2002091513 0 0 0 0 0 0 0 0 0 0 0 0 0 0 0 0 0 0 0 0 0 0 0 0 0 0.1 0 0 0 0 0 0 0 0 0 0 0 0 0 0 0 0
2002091514 0 0 0 0 0 0 0 0 0 0 0 0 0 0 0 0 0 0 0 0 0 0 0 0 0 0 0 0 0 0 0 0 0 0 0 0 0 0 0 0 0 0
2002091515 0 0 0 0 0 0 0 0 0 0 0 0 0 0 0 0 0 0 0 0 0 0 0 0 0 0 0 0 0 0 0 0 0 0 0 0 0 0 0 0 0 0
2002091516 0 0 0 0 0 0 0 0 0 0 0 0 0 0 0 0 0 0 0 0 0 0 0 0 0 0 0 0 0 0 0 0 0 0 0 0 0 0 0 0 0 0
2002091517 0 0 0 0 0 0 0 0 0 0 0 0 0 0 0 0 0 0 0 0 0 0 0 0 0 0 0 0 0 0 0 0 0 0 0 0 0 0 0 0 0 0
2002091518 0 0 0 0 0 0 0 0 0 0 0 0 0 0 0 0 0 0 0 0 0 0 0 0 0 0 0 0 0 0 0 0 0 0 0 0 0 0 0 0 0 0
2002091519 0 0 0 0 0 0 0 0 0 0 0 0 0 0 0 0 0 0 0 0 0 0 0 0 0 0 0 0 0 0 0 0 0 0 0 0 0 0 0 0 0 0
2002091520 0 0 0 0 0 0 0 0 0 0 0 0 0 0 0 0 0 0 0 0 0 0 0 0 0 0 0 0 0 0 0 0 0 0 0 0 0 0 0 0 0 0
2002091521 0 0 0 0 0 0 0 0 0 0 0 0 0 0 0 0 0 0 0 0 0 0 0 0 0 0 0 0 0 0 0 0 0 0 0 0 0 0 0 0 0 0
2002091522 0 0 0 0 0 0 0 0 0 0 0 0 0 0 0 0 0 0 0 0 0 0 0 0 0 0 0 0 0 0 0 0 0 0 0 0 0 0 0 0 0 0
2002091523 0 0 0 0 0 0 0 0 0 0 0 0 0 0 0 0 0 0 0 0 0 0 0 0 0 0 0 0 0 0 0 0 0 0 0 0 0 0 0 0 0 0
2002091600 0 0 0 0 0 0 0 0 0 0 0 0 0 0 0 0 0 0 0 0 0 0 0 0 0 0 0 0 0 0 0 0 0 0 0 0 0 0 0 0 0 0
2002091601 0 0 0 0 0.1 0 0.1 0 0 0 0 0 0 0 0 0 0 0 0.1 0 0 0 0 0 0.1 0 0 0 0 0 0 0 0 0 0 0 0 0 0 0 0 0
2002091602 0 0 0 0 0 0 0 0 0 0 0 0 0 0 0 0 0 0 0 0 0 0 0 0.1 0 0 0 0 0 0 0 0 0 0 0 0 0 0 0 0 0 0
2002091603 0 0 0 0 0 0 0 0 0 0 0 0 0.1 0 0 0 0 0 0 0 0 0 0 0 0 0 0 0 0 0 0 0 0.1 0 0 0 0 0 0 0 0 0
2002091604 0.1 0 0 0 0 0 0 0 0 0 0 0 0 0 0.1 0 0 0 0 0 0 0 0 0 0 0 0 0 0 0 0 0 0 0 0 0 0 0 0 0.1 0 0
2002091605 0 0 0 0.1 0 0 0.1 0 0 0 0 0 0 0 0 0 0 0 0.1 0.1 0 0 0 0 0.1 0 0 0 0.1 0 0 0 0 0 0.1 0 0 0 0 0 0 0
2002091606 0 0 0 0 0.1 0 0 0 0 0 0 0 0 0 0 0 0 0 0 0 0 0 0 0 0 0 0 0.1 0 0 0 0 0 0 0 0 0 0 0 0 0 0.1
2002091607 0 0 0 0 0 0 0 0 0 0 0 0 0 0 0 0 0 0 0 0 0 0 0 0 0 0 0 0 0 0 0 0 0 0 0 0 0 0 0 0 0 0
2002091608 0 0 0 0 0 0 0 0 0 0 0 0 0 0 0 0 0 0 0 0 0 0 0 0 0 0 0 0 0 0 0 0 0 0 0 0 0 0 0.1 0 0 0
2002091609 0 0 0 0 0 0 0 0 0 0 0 0 0 0 0 0 0.1 0 0 0 0 0 0 0 0 0 0 0 0 0 0 0 0 0 0 0 0 0 0 0 0 0
2002091610 0 0 0 0 0 0 0 0 0 0 0 0 0 0 0 0 0 0 0 0 0 0 0 0 0 0 0 0 0 0 0 0 0 0 0 0 0 0 0 0 0 0
2002091611 0 0.1 0 0 0 0 0 0 0 0 0 0 0 0 0 0 0 0 0 0 0.1 0 0 0 0 0 0 0 0 0 0 0 0 0 0 0 0 0 0 0 0 0
2002091612 0 0 0 0 0 0 0 0 0 0 0 0 0 0 0 0 0 0 0 0 0 0 0 0 0 0 0 0 0 0 0 0 0 0 0 0 0 0 0 0 0 0
2002091613 0 0 0 0 0 0 0 0 0 0 0 0 0 0 0 0 0 0 0 0 0 0 0 0 0 0 0 0 0 0 0 0 0 0 0 0 0 0 0 0 0 0
2002091614 0 0 0 0 0 0 0 0 0 0 0 0 0 0 0 0 0 0 0 0 0 0 0 0 0 0 0 0 0 0 0 0 0 0 0 0 0 0 0 0 0 0
2002091615 0 0 0 0 0 0 0 0 0 0 0 0 0 0 0 0 0 0 0 0 0 0 0 0 0 0 0 0 0 0 0 0 0 0 0 0 0 0 0 0 0 0
2002091616 0 0 0 0 0 0 0 0 0 0 0 0 0 0 0 0 0 0 0 0 0 0 0 0 0 0 0 0 0 0 0 0 0 0 0 0 0 0 0 0 0 0
2002091617 0 0 0 0 0 0 0 0 0 0 0 0 0 0 0 0 0 0 0 0 0 0 0 0 0 0 0 0 0 0 0 0 0 0 0 0 0 0 0 0 0 0
2002091618 0 0 0 0 0 0 0 0 0 0 0 0 0 0 0 0 0 0 0 0 0 0 0 0 0 0 0 0 0 0 0 0 0 0 0 0 0 0 0 0 0 0
2002091619 0 0 0 0 0 0 0 0 0 0 0 0 0 0 0 0 0 0 0 0 0 0 0 0 0 0 0 0 0 0 0 0 0 0 0 0 0 0 0 0 0 0
2002091620 0 0 0 0 0 0 0 0 0 0 0 0 0 0 0 0 0 0 0 0 0 0 0 0 0 0 0 0 0 0 0 0 0 0 0 0 0 0 0 0 0 0
2002091621 0 0 0 0 0 0 0 0 0 0 0 0 0 0 0 0 0 0 0 0 0 0 0 0 0 0 0 0 0 0 0 0 0 0 0 0 0 0 0 0 0 0
2002091622 0 0 0 0 0 0 0 0 0 0 0 0 0 0 0 0 0 0 0 0 0 0 0 0 0 0 0 0 0 0 0 0 0.1 0 0 0 0 0 0 0 0 0
2002091623 0 0 0 0 0 0 0 0 0 0 0 0 0 0 0 0 0 0 0 0 0 0 0 0 0 0 0 0 0 0 0 0.1 0 0 0 0 0 0 0 0.1 0 0
2002091700 0 0 0 0 0 0 0 0 0 0 0 0 0 0 0 0 0 0 0 0 0 0 0 0 0 0 0 0 0 0 0 0 0 0 0 0 0 0 0 0 0 0
2002091701 0 0 0 0 0 0 0 0 0.1 0 0 0 0 0 0 0 0 0 0 0 0 0 0 0 0 0 0 0 0 0 0 0 0.1 0 0 0 0 0 0 0 0 0
2002091702 0 0 0 0 0 0 0.1 0.1 0 0 0 0 0 0 0 0 0 0 0 0 0 0 0.1 0.1 0.1 0.1 0 0 0 0 0.1 0.1 0 0 0 0 0.1 0 0 0 0 0
2002091703 0.1 0 0 0 0.1 0 0 0 0 0 0 0 0.1 0 0 0 0 0 0 0 0 0 0 0 0 0 0 0 0 0 0 0 0.1 0 0 0 0 0 0 0 0 0
2002091704 0 0 0 0 0 0 0 0 0 0 0 0 0 0 0.1 0 0.1 0 0 0 0 0 0 0 0 0 0 0 0.1 0 0 0 0 0.1 0.1 0 0 0 0.1 0.1 0 0
2002091705 0 0 0 0 0 0 0 0.1 0.1 0.1 0 0 0.1 0.1 0 0 0.1 0.1 0.1 0 0.1 0.1 0 0 0 0.1 0 0 0 0.1 0.1 0.1 0.1 0.1 0 0 0.1 0.1 0 0 0 0.1
2002091706 0 0 0 0 0 0 0 0 0 0 0 0 0 0 0 0.1 0 0 0 0 0 0 0 0 0 0 0 0 0 0 0 0 0 0 0 0 0 0 0 0 0 0
2002091707 0 0 0 0 0 0 0 0 0 0.1 0 0 0 0 0 0 0 0 0 0 0 0 0 0 0 0 0 0 0 0 0 0 0 0 0 0 0 0 0 0 0 0
2002091708 0 0 0 0 0 0 0 0 0 0 0 0.1 0 0 0 0 0 0 0 0 0 0 0.1 0 0 0 0 0 0 0 0 0 0 0 0 0 0 0 0 0 0 0
2002091709 0 0 0 0 0 0 0 0 0 0 0 0 0 0 0 0 0 0 0 0 0 0 0 0 0 0 0 0 0 0 0 0 0 0 0 0 0 0 0 0 0 0
2002091710 0 0 0 0 0 0 0 0 0 0 0 0 0 0 0 0 0 0 0 0 0 0 0 0 0 0 0 0 0 0 0 0 0 0 0 0 0 0 0 0 0 0
2002091711 0 0 0 0 0 0 0 0 0 0 0 0 0 0 0 0 0 0 0 0 0 0 0 0 0 0 0 0 0 0 0 0 0 0 0 0 0 0 0 0 0 0
2002091712 0 0 0 0 0 0 0 0 0 0 0 0 0 0 0 0 0 0 0 0 0 0 0 0 0 0 0 0 0 0 0 0 0 0 0 0 0 0 0 0 0 0
2002091713 0 0 0 0 0 0 0 0 0 0 0 0 0 0 0 0 0 0 0 0 0 0 0 0 0 0 0 0 0 0 0 0 0 0 0 0 0 0 0 0 0 0
2002091714 0 0 0 0 0 0 0 0 0 0 0 0 0 0 0 0 0 0 0 0 0 0 0 0 0 0 0 0 0 0 0 0 0 0 0 0 0 0 0 0 0 0
2002091715 0 0 0 0 0 0 0 0 0 0 0 0 0 0 0 0 0 0 0 0 0 0 0 0 0 0 0 0 0 0 0 0 0 0 0 0 0 0 0 0 0 0
2002091716 0 0 0 0 0 0 0 0 0 0 0 0 0 0 0 0 0 0 0 0 0 0 0 0 0 0 0 0 0 0 0 0 0 0 0 0 0 0 0 0 0 0
2002091717 0 0 0 0 0 0 0 0 0 0 0 0 0 0 0 0 0 0 0 0 0 0 0 0 0 0 0 0 0 0 0 0 0 0 0 0 0 0 0 0 0 0
2002091718 0 0 0 0 0 0 0 0 0 0 0 0 0 0 0 0 0 0 0 0 0 0 0 0 0 0 0 0 0 0 0 0 0 0 0 0 0 0 0 0 0 0
2002091719 0 0 0 0 0 0 0 0 0 0 0 0 0 0 0 0 0 0 0 0 0 0 0 0 0 0 0 0 0 0 0 0 0 0 0 0 0 0 0 0 0 0
2002091720 0 0 0 0 0 0 0.1 0 0 0 0 0 0 0 0 0 0 0 0 0 0 0 0 0 0 0 0 0 0 0 0 0 0 0 0 0 0 0 0 0 0 0
2002091721 0 0 0 0 0 0 0 0 0 0 0 0 0 0 0 0 0 0 0 0 0 0 0 0 0 0 0 0 0 0 0 0 0 0 0 0 0 0 0 0 0 0
2002091722 0 0 0 0 0 0 0 0 0 0 0 0 0 0 0 0 0 0 0 0 0 0 0 0 0 0 0 0 0 0 0 0 0 0 0 0 0 0 0 0.1 0 0
2002091723 0 0 0 0 0 0 0 0 0 0 0 0 0 0 0 0 0 0 0 0.1 0 0 0 0 0.1 0 0 0 0 0 0 0 0 0 0 0 0 0 0 0 0.1 0
2002091800 0 0 0 0.1 0 0 0 0 0 0 0 0 0 0 0 0 0 0 0 0 0 0 0 0 0 0 0 0 0 0 0 0 0 0 0 0 0 0 0.1 0 0 0
2002091801 0 0 0 0 0 0 0 0 0 0 0 0 0 0 0.1 0 0 0 0 0 0 0 0 0 0 0 0.1 0 0 0 0 0 0 0 0 0 0 0 0 0 0 0
2002091802 0 0 0 0 0 0 0.1 0 0 0 0 0 0 0 0 0 0 0 0.1 0 0 0 0 0 0 0 0 0 0 0 0.1 0.1 0 0 0 0 0.1 0 0 0 0 0
2002091803 0 0 0 0 0.1 0 0 0 0 0 0 0 0 0 0 0 0.1 0 0 0 0 0 0 0.1 0 0 0 0 0 0 0 0 0.1 0 0 0 0 0 0 0 0 0
2002091804 0.1 0 0 0 0 0 0 0 0 0 0 0 0.1 0 0 0 0 0 0 0 0 0 0 0 0.1 0 0 0.1 0 0 0 0 0 0 0.1 0 0 0 0 0.1 0 0
2002091805 0 0 0 0 0 0 0 0.1 0.1 0 0 0 0 0 0 0 0 0 0 0 0 0 0.1 0 0 0 0 0 0 0 0 0 0 0.1 0 0 0 0 0.1 0 0 0
2002091806 0 0 0 0 0 0 0 0 0 0 0 0 0 0 0 0 0 0 0 0 0 0 0 0 0 0 0 0 0 0.1 0.1 0 0.1 0 0 0 0 0.1 0 0 0.1 0
2002091807 0 0 0 0 0 0 0 0 0 0 0 0 0 0 0 0 0 0 0 0 0 0 0 0 0 0 0 0 0 0 0 0 0 0 0 0 0 0 0 0 0 0
2002091808 0 0 0 0 0 0 0 0 0 0 0 0 0 0 0 0 0 0 0 0 0 0 0 0 0 0 0 0 0 0 0 0 0 0 0 0 0 0 0 0 0 0
2002091809 0 0 0 0 0 0 0 0 0 0 0 0 0 0 0 0 0 0 0 0 0 0 0 0 0 0 0 0 0 0 0 0 0 0 0 0 0 0 0 0 0 0
2002091810 0 0 0 0 0 0 0 0 0 0 0 0 0 0 0 0 0 0 0 0 0 0 0 0 0 0 0 0 0 0 0 0 0 0 0 0 0 0 0 0 0 0
2002091811 0 0 0 0 0 0 0 0 0 0 0 0 0 0 0 0 0 0 0 0 0 0 0 0 0 0 0 0 0 0 0 0 0 0 0 0 0 0 0 0 0 0
2002091812 0 0 0 0 0 0 0 0 0 0 0 0 0 0 0 0 0 0 0 0 0 0 0 0 0 0 0 0 0 0 0 0 0 0 0 0 0 0 0 0 0 0
2002091813 0 0 0 0 0 0 0 0 0 0 0 0 0 0 0 0 0 0 0 0 0 0 0 0 0 0 0 0 0 0 0 0 0 0 0 0 0 0 0 0 0 0
2002091814 0 0 0 0 0 0.1 0 0 0 0 0 0 0 0 0 0 0 0 0 0 0 0 0 0 0 0 0 0 0 0 0 0 0 0 0 0 0 0 0 0 0 0
2002091815 0 0 0 0 0 0 0 0 0 0 0 0 0 0 0 0 0 0 0 0 0 0 0 0 0 0 0 0 0 0 0 0 0 0 0 0 0 0 0 0 0 0
2002091816 0 0 0 0 0 0 0 0 0 0 0 0 0 0 0 0 0 0 0 0 0 0 0 0 0 0 0 0 0 0 0 0 0 0 0 0 0 0 0 0 0 0
2002091817 0 0 0 0 0 0 0 0 0 0 0 0 0 0 0 0 0 0 0 0 0 0 0 0 0 0 0 0 0 0 0 0 0 0 0 0 0.1 0 0 0 0 0
2002091818 0 0 0 0 0 0 0 0 0 0 0 0 0 0 0 0 0 0 0 0 0 0 0 0 0 0 0 0 0 0 0 0 0 0 0 0 0 0 0 0 0 0
2002091819 0 0 0 0 0 0 0 0 0 0 0 0 0 0 0 0 0 0 0 0 0 0 0 0 0 0 0 0 0 0 0 0 0 0 0 0 0 0 0 0 0 0
2002091820 0 0 0 0 0 0 0.1 0 0 0 0 0 0 0 0 0 0 0 0 0 0 0 0 0 0 0 0 0 0 0 0 0 0 0 0 0 0 0 0 0 0 0
2002091821 0 0 0 0 0 0 0 0 0 0 0 0 0 0 0 0 0 0 0 0 0 0 0 0 0 0 0 0 0 0 0 0 0 0 0 0 0 0 0 0 0 0
2002091822 0 0 0 0 0 0 0 0 0 0 0 0 0 0 0 0 0 0 0 0 0 0 0 0 0 0 0 0 0 0 0 0 0 0 0 0 0 0 0 0 0 0
2002091823 0 0 0 0 0 0 0 0 0 0 0 0 0 0 0 0 0 0 0 0 0 0 0 0 0 0 0 0 0 0 0 0 0 0 0 0 0 0 0 0 0 0
2002091900 0 0 0 0 0 0 0 0 0 0 0 0 0 0 0 0 0 0 0 0 0 0 0 0 0 0 0 0 0 0 0 0.1 0 0 0 0 0 0 0 0 0 0
2002091901 0 0 0 0 0 0 0 0 0 0 0 0 0 0 0 0 0 0 0 0 0 0 0 0 0.1 0 0 0 0 0 0 0 0 0 0 0 0 0 0 0 0 0
2002091902 0 0 0 0 0 0 0 0 0 0 0 0 0 0 0.1 0 0.1 0 0 0 0 0 0 0 0 0 0 0 0 0 0 0 0 0 0 0 0 0 0 0 0 0
2002091903 0 0 0 0 0 0 0 0 0 0 0 0 0.1 0 0 0 0 0 0 0.1 0 0 0 0 0 0 0 0 0.1 0 0 0 0 0 0 0 0 0 0 0 0 0
2002091904 0.1 0 0 0 0 0 0 0 0 0 0 0 0 0 0 0 0 0 0 0 0 0 0 0.1 0 0.1 0 0 0 0 0 0 0 0 0 0 0 0 0 0 0 0
2002091905 0 0 0 0 0.1 0 0 0 0 0 0 0 0 0 0 0.1 0 0 0.1 0 0 0 0.1 0 0 0 0.1 0 0 0 0 0 0 0 0 0 0.1 0 0 0 0 0
2002091906 0 0 0 0 0 0 0 0 0 0 0 0 0 0 0 0 0.1 0 0 0 0 0 0 0 0 0 0 0 0 0 0 0 0 0 0 0 0 0 0 0 0 0
2002091907 0 0 0 0 0 0 0 0 0 0 0 0 0 0 0 0 0 0 0 0 0 0 0 0 0 0 0 0 0 0 0 0 0 0 0 0 0 0 0 0 0 0
2002091908 0 0 0 0 0 0 0 0 0 0 0 0 0 0 0 0 0 0 0 0 0 0 0 0 0 0 0 0 0 0 0 0 0 0 0 0 0 0 0 0 0 0
2002091909 0 0 0 0 0 0 0 0 0 0 0 0 0 0 0 0 0 0 0 0 0 0 0 0 0 0 0 0 0 0 0 0 0 0 0 0 0 0 0 0 0 0
2002091910 0 0 0 0 0 0 0 0 0 0 0 0 0 0 0 0 0 0 0 0 0 0 0 0 0 0 0 0 0 0 0 0 0 0 0 0 0 0 0 0 0 0
2002091911 0 0 0 0 0 0 0 0 0 0 0 0 0 0 0 0 0 0 0 0 0 0 0 0 0 0 0 0 0 0 0 0 0 0 0 0 0 0 0 0 0 0
2002091912 0 0 0 0 0 0 0 0 0 0 0 0 0 0 0 0 0 0 0 0 0 0 0 0 0.1 0 0 0 0 0 0 0 0 0 0 0 0 0 0 0 0 0
2002091913 0 0 0 0 0 0 0 0 0 0 0 0 0 0 0 0 0 0 0 0 0 0 0 0 0 0 0 0 0 0 0 0 0 0 0 0 0 0 0 0 0 0
2002091914 0 0 0 0 0 0 0 0 0 0 0 0 0 0 0 0 0 0 0 0 0 0 0 0 0 0 0 0 0 0 0 0 0 0 0 0 0 0 0 0 0 0
2002091915 0 0 0 0 0 0 0 0 0 0 0 0 0 0 0 0 0 0 0 0 0 0 0 0 0 0 0 0 0 0 0 0 0 0 0 0 0 0 0 0 0.1 0
2002091916 0 0 0 0 0 0 0 0 0 0 0 0 0 0 0 0 0 0 0 0 0 0 0 0 0 0 0 0 0 0 0 0 0 0 0 0 0 0 0 0.1 0 0
2002091917 0 0 0 0 0 0 0 0 0 0 0 0 0 0 0 0 0 0 0 0 0 0 0 0 0 0 0 0 0 0 0 0 0 0 0 0 0 0 0 0 0 0
2002091918 0 0 0 0 0 0 0 0 0 0 0 0 0 0 0 0 0 0 0 0 0 0 0 0 0 0 0 0 0 0 0 0 0 0 0 0 0 0 0 0 0 0
2002091919 0 0 0 0 0 0 0 0 0 0 0 0 0 0 0 0 0 0 0 0 0 0 0 0 0 0 0 0 0 0 0 0 0 0 0 0 0 0 0 0 0 0
2002091920 0 0 0 0 0 0 0 0 0 0 0 0 0 0 0 0 0 0 0 0 0 0 0 0 0 0 0 0 0 0 0 0 0 0 0 0 0 0 0 0 0 0
2002091921 0 0 0 0 0 0 0 0 0 0 0 0 0 0 0 0 0 0 0 0 0 0 0 0 0 0 0 0 0 0 0 0 0 0 0 0 0 0 0 0 0 0
2002091922 0 0 0 0 0 0 0 0 0 0 0 0 0 0 0 0 0 0 0 0 0 0 0 0 0 0 0 0 0 0 0 0 0 0 0 0 0 0 0 0 0 0
2002091923 0 0 0 0 0 0 0 0 0 0 0 0 0 0 0 0 0 0 0 0 0 0 0 0 0 0 0 0 0 0 0 0 0 0 0 0 0 0 0 0 0 0
2002092000 0 0 0 0 0 0 0 0 0 0 0 0 0 0 0 0 0 0 0 0 0 0 0 0 0 0 0 0 0 0 0 0 0 0 0 0 0 0 0 0 0 0
2002092001 0 0 0 0 0 0 0 0 0 0 0 0 0 0 0 0 0 0 0 0 0 0 0 0 0 0 0 0 0 0 0 0 0 0 0 0 0 0 0 0 0 0
2002092002 0 0 0 0 0 0 0 0 0 0 0 0 0 0 0 0 0 0 0 0 0 0 0 0 0 0 0 0 0 0 0 0 0 0 0 0 0 0 0 0 0 0
2002092003 0 0 0 0 0 0 0 0 0 0 0 0 0 0 0 0 0 0 0 0 0 0 0 0.1 0 0 0 0 0 0 0 0.1 0 0 0 0 0 0.1 0 0 0 0
2002092004 0 0 0 0 0 0 0 0 0 0 0 0 0 0 0 0 0 0 0 0 0 0 0 0 0 0 0 0 0 0 0 0 0 0 0 0 0 0 0 0 0 0
2002092005 0 0 0 0 0 0 0 0 0 0 0 0 0 0 0 0 0 0 0 0 0 0.1 0 0 0 0 0 0 0 0 0 0 0 0 0 0 0 0 0 0 0 0
2002092006 0 0 0 0 0 0 0 0 0 0 0 0 0 0 0 0 0 0 0 0 0 0 0 0 0 0 0 0 0 0 0.1 0 0 0 0 0 0 0.1 0 0 0 0
2002092007 0 0 0 0 0 0 0 0 0 0 0 0 0 0 0 0 0 0 0 0 0 0 0.1 0 0 0 0 0 0 0 0 0 0 0 0 0 0 0 0 0 0 0
2002092008 0 0 0 0 0 0 0 0 0 0 0 0 0 0 0 0 0 0 0 0 0 0 0 0 0 0 0 0 0 0 0 0 0 0 0 0 0 0 0 0 0 0
2002092009 0 0 0 0 0 0 0 0 0 0 0 0 0 0 0 0 0 0 0 0 0 0 0 0 0 0 0 0 0 0 0 0 0 0 0 0 0 0 0 0 0 0
2002092010 0 0 0 0 0 0 0 0 0 0 0 0 0 0 0 0 0 0 0 0 0 0 0 0 0 0 0 0 0 0 0 0 0 0 0 0 0 0 0 0 0 0
2002092011 0 0 0 0 0 0 0 0 0 0 0 0 0 0 0 0 0 0 0 0 0 0 0 0 0 0 0 0 0 0 0 0 0 0 0 0 0 0 0 0 0 0
2002092012 0 0 0 0 0 0 0 0 0 0 0 0 0 0 0 0 0 0 0 0 0 0 0 0 0 0 0 0 0 0 0 0 0 0 0 0 0 0 0 0 0 0
2002092013 0 0 0 0 0 0 0 0 0 0 0 0 0 0 0 0 0 0 0 0 0 0 0 0 0 0 0 0 0 0 0 0 0 0 0 0 0 0 0 0 0 0
2002092014 0 0 0 0 0 0 0 0 0 0 0 0 0 0 0 0 0 0 0 0 0 0 0 0 0 0 0 0 0 0 0 0 0 0 0 0 0 0 0 0 0 0
2002092015 0 0 0 0 0 0 0 0 0 0 0 0 0 0 0 0 0 0 0 0 0 0 0 0 0 0 0 0 0 0 0 0 0 0 0 0 0 0 0 0 0 0
2002092016 0 0 0 0 0 0 0 0 0 0 0 0 0 0 0 0 0 0 0 0 0 0 0 0 0 0 0 0 0 0 0 0 0 0 0 0 0 0 0 0 0 0
2002092017 0 0 0 0 0 0 0 0 0 0 0 0 0 0 0 0 0 0 0 0 0 0 0 0 0 0 0 0 0 0 0 0 0 0 0 0 0 0 0 0 0 0
2002092018 0 0 0 0 0 0 0 0 0 0 0 0 0 0 0 0 0 0 0 0 0 0 0 0 0 0 0 0 0 0 0 0 0 0 0 0 0 0 0 0 0 0
2002092019 0 0 0 0 0 0 0 0 0 0 0 0 0 0 0 0 0 0 0 0 0 0 0 0 0 0 0 0 0 0 0 0 0 0 0 0 0 0 0 0 0 0
2002092020 0 0 0 0 0 0 0 0 0 0 0 0 0 0 0 0 0 0 0 0 0 0 0 0 0 0 0 0 0 0 0 0 0 0 0 0 0 0 0 0 0 0
2002092021 0 0 0 0 0 0 0 0 0 0 0 0 0 0 0 0 0 0 0 0 0 0 0 0 0 0 0 0 0 0 0 0 0 0 0 0 0 0 0 0 0 0
2002092022 0 0 0 0 0 0 0.1 0 0 0 0 0 0 0 0 0 0 0 0 0 0 0 0 0 0 0 0 0 0 0 0 0 0 0 0 0 0 0 0 0.1 0 0
2002092023 0 0 0 0 0 0 0 0 0 0 0 0 0 0 0 0 0 0 0 0 0 0 0 0 0.1 0 0 0 0 0 0 0 0.1 0 0 0 0 0 0 0 0 0
2002092100 0 0 0 0 0 0 0 0 0 0 0 0 0 0 0 0 0 0 0 0 0 0 0 0 0 0 0 0 0 0 0 0.1 0 0 0 0 0 0 0 0 0 0
2002092101 0 0 0 0 0 0 0 0.1 0 0 0 0 0 0 0 0 0 0 0 0 0 0 0 0 0 0 0 0 0 0 0 0 0.1 0 0 0 0.1 0 0 0 0 0
2002092102 0 0 0 0 0 0 0 0 0 0 0 0 0 0 0 0 0 0 0.1 0.1 0 0 0 0 0 0.1 0 0 0.1 0 0 0 0 0 0 0 0 0 0 0 0 0
2002092103 0 0 0 0 0 0 0 0 0 0 0 0 0 0 0 0 0 0.1 0 0 0 0 0 0 0 0 0 0 0 0 0.1 0.1 0 0 0 0 0 0 0 0.1 0 0
2002092104 0 0 0 0 0 0 0 0 0 0 0 0 0 0 0 0 0 0 0 0 0 0 0 0 0 0 0 0.1 0 0.1 0 0 0 0 0 0 0 0 0 0 0 0
2002092105 0 0 0 0 0 0 0 0 0 0 0 0 0 0 0 0 0 0 0 0 0 0 0.1 0.1 0.1 0.1 0 0 0 0 0 0 0 0 0 0 0 0 0.1 0 0 0
2002092106 0 0 0 0 0 0 0 0 0 0 0 0 0 0 0 0 0 0 0 0 0 0 0 0 0 0 0.1 0 0 0 0 0 0 0 0 0 0 0.1 0 0.1 0 0
2002092107 0 0 0 0 0 0 0 0 0 0 0 0 0 0 0 0 0 0 0 0 0 0 0 0 0 0 0 0 0 0 0 0 0 0 0 0 0 0 0 0 0 0
2002092108 0 0 0 0 0 0 0 0 0 0 0 0 0 0 0 0 0 0 0 0 0 0 0 0 0 0 0 0 0 0 0 0 0 0 0 0 0 0 0 0 0 0
2002092109 0 0 0 0 0 0 0 0 0 0 0 0 0 0 0 0 0 0 0 0 0 0 0 0 0 0 0 0 0 0 0 0 0 0 0 0 0 0 0 0 0 0
2002092110 0 0 0 0 0 0 0 0 0 0 0 0 0 0 0 0 0 0 0 0 0 0 0 0 0 0 0 0 0 0 0 0 0 0 0 0 0 0 0 0 0 0
2002092111 0 0 0 0 0 0 0 0 0 0 0 0 0 0 0 0 0 0 0 0 0 0 0 0 0 0 0 0 0 0 0.1 0 0 0 0 0 0 0 0 0 0 0
2002092112 0 0 0 0 0 0 0 0 0 0 0 0 0 0 0 0 0 0 0 0 0 0 0 0 0 0 0 0 0 0 0 0 0 0 0 0 0 0 0 0 0 0
2002092113 0 0 0 0 0 0 0 0 0 0 0 0 0 0 0 0 0 0 0 0 0 0 0 0 0 0 0 0 0 0 0 0 0 0 0 0 0 0 0 0 0 0
2002092114 0 0 0 0 0 0 0 0 0 0 0 0 0 0 0 0 0 0 0 0 0 0 0 0 0 0 0 0 0 0 0 0 0 0 0 0 0 0 0 0 0 0
2002092115 0 0 0 0 0 0 0 0 0 0 0 0 0 0 0 0 0 0 0 0 0 0 0 0 0 0 0 0 0 0 0 0 0 0 0 0 0 0 0 0 0 0
2002092116 0 0 0 0 0 0 0 0 0 0 0 0 0 0 0 0 0 0 0 0 0 0 0 0 0 0 0 0 0 0 0 0 0 0 0 0 0 0 0 0 0 0
2002092117 0 0 0 0 0 0 0 0 0 0 0 0 0 0 0 0 0 0 0 0 0 0 0 0 0 0 0 0 0 0 0 0 0 0 0 0 0 0 0 0 0 0
2002092118 0 0 0 0 0 0 0 0 0 0 0 0 0 0 0 0 0 0 0 0 0 0 0 0 0 0 0 0 0 0 0 0 0 0 0 0 0 0 0 0 0 0
2002092119 0 0 0 0 0 0 0 0 0 0 0 0 0 0 0 0 0 0 0 0 0 0 0 0 0 0 0 0 0 0 0 0 0 0 0 0 0 0 0 0 0 0
2002092120 0 0 0 0 0 0 0 0 0 0 0 0 0 0 0 0 0 0 0 0 0 0 0 0 0 0 0 0 0 0 0 0 0 0 0 0 0 0 0 0 0 0
2002092121 0 0 0 0 0 0 0 0 0 0 0 0 0 0 0 0 0 0 0 0 0 0 0 0 0 0 0 0 0 0 0 0 0 0 0 0 0 0 0 0 0 0
2002092122 0 0 0 0 0 0 0 0 0 0 0 0 0 0 0 0 0 0 0 0 0 0 0 0 0 0 0 0 0 0 0 0 0 0 0 0 0 0 0 0 0 0
2002092123 0 0 0 0 0 0 0 0 0 0 0 0 0 0 0.1 0 0 0 0 0 0 0 0 0 0 0 0 0 0 0 0 0 0 0 0 0 0 0 0 0 0 0
2002092200 0 0 0 0 0 0 0 0 0 0 0 0 0 0 0 0 0 0 0 0 0 0 0 0 0.1 0 0 0 0 0 0 0 0 0 0 0 0 0 0 0 0 0
2002092201 0 0 0 0 0 0 0 0 0 0 0 0 0 0 0 0 0 0 0 0 0 0 0.1 0 0 0 0 0 0 0 0 0.1 0 0 0 0 0 0 0 0 0 0
2002092202 0 0 0 0 0 0 0 0 0 0 0 0.1 0 0 0 0 0.1 0.1 0 0 0 0 0 0 0 0 0 0 0 0 0 0 0 0 0 0 0 0 0 0 0 0
2002092203 0 0 0 0 0 0 0 0 0.1 0 0 0 0 0 0 0 0 0 0 0 0 0.1 0 0 0 0 0 0 0 0 0 0 0 0 0 0.1 0 0.1 0.1 0 0 0
2002092204 0.2 0 0 0 0 0 0 0 0 0 0.1 0 0.1 0 0 0.1 0 0.1 0 0 0.1 0 0 0 0 0 0 0 0 0 0 0 0 0 0 0 0 0 0 0.1 0 0
2002092205 0 0 0 0.1 0.1 0.1 0.1 0.1 0 0 0 0 0 0 0 0 0 0.1 0.1 0 0 0 0 0.1 0 0.1 0.2 0 0 0.1 0 0.1 0.1 0 0.1 0 0.1 0 0 0 0.1 0.2
2002092206 0 0 0 0.5 0 0.1 0.2 0.2 0.1 0.1 0 0 0 0 0 0 0 0 0 0 0 0.1 0 0 0 0 0.1 0.1 0 0 0.1 0 0.2 0 0 0 0 0 0 0 0.1 0.2
2002092207 0 0 0.4 0 0.3 0.3 0.3 0 0.1 0 0 0 0 0 0 0 0.1 0 0 0 0 0 0 0 0 0 0 0 0 0 0 0 0 0 0 0 0 0.3 0 0.1 0 0
2002092208 0.1 0.8 0.7 1.9 0.7 2.9 2 0 0.8 0 0 0 0.4 0 0 0 0 0 0 0 0 0 0 0 0 0 0 0 0 0 0 0 0 0 0 0 0 0 0 0 0 0
2002092209 0.8 0.3 1.1 0.4 5 1.1 2.8 0 2.1 0.3 0 0.5 1.1 0.2 0.3 0 0.1 0 0 0 0 0 0 0 0 0 0 0 0 0 0 0 0.1 3.2 0 0 0 0 0 0 0.2 2.1
2002092210 0 0 0 0 0 0 0.5 2.1 1.6 1 0 4.1 1.4 0 3.1 1.3 0 0.8 1 0.1 0 0 0 0 0 0.4 0.8 0.2 0.3 0.8 0.3 0.2 2.3 1.1 3.9 2.6 0.1 0 0 0 0.2 0.4
2002092211 0 0.3 0 0 0 0 0 0 0 0 0 0 0 0.6 0 0 3.9 1.3 8.7 0 0.3 0.3 0 0.2 0.7 1 0.2 0.2 2.6 1.9 3.8 3.4 0 0 0 0 0.5 5.4 0 0 0.5 0
2002092212 0 0.2 0 0 0.3 0 0 0 0 0 0 0 0 0 0 0 0 0.8 0.7 6.5 0 0 0.2 0 0 0.8 2.1 2.5 0 0 0 0 0 0.6 0 0 0.1 0.1 0 0 1.3 0
2002092213 2.7 0.5 6.3 4.4 0.1 0.3 0 1.2 0 4.3 1.9 0 3.2 2.5 1.2 0.1 0 0 0 0 0 0 0 0 0 0 0.2 0.5 0 0 0 0 0.2 0.1 0.1 0 0 0 0.6 0.1 0 0
2002092214 2.2 1.7 0.2 1.6 2.1 4.6 3.4 1.7 4.9 0.2 0.3 2.2 0.5 0.2 0 3.1 0.2 3.6 3.8 0.7 1.3 0.8 0.6 0 0 0 0 0 0.5 7.6 3.8 3.4 1.5 0.9 0.5 1.8 0.6 1.9 0 0 0.1 7.7
2002092215 0.4 0 2.4 0 2.1 1 1.6 0.3 2.1 0.6 0 0.3 1.3 0.2 1.8 0.4 1.4 0.1 0.5 0 0 0 1.6 1.7 1.8 1.7 3 1.2 1.3 0.7 1 0.7 0.7 0.2 0.6 0.5 0.4 3.8 1.7 1 0.1 1.4
2002092216 0 0.2 0 0 0 0 0 0.9 0.7 0.1 0 0 0.3 0 0.1 0 0 0.6 0.9 0.7 0.3 0.2 0.8 0.3 0.3 0.1 0.6 0 0 0.1 0 0.2 0.1 0 0.2 0 0.1 0.1 2 0 0 0.9
2002092217 0 0 0 0.2 0 0 0 0 0 0 0 0 0 0.5 0 0 0.7 0.1 0 0 0 0 0.1 0 0 0 0 0.1 0 0 0.1 0 0 0 0 0 0.1 1.9 0 0 0.1 0
2002092218 0.3 0.5 0.8 0.7 3.1 0.4 1.6 0.6 0.8 0 0.2 0.2 0.5 0 0 0.1 0.4 0 0 0.1 0 0 0 0 0 0 0.1 0.1 0 0 0 0 0.1 0 0 0 0 0 0 0 0 0
2002092219 0 0 0 0 0 0.1 0 0.5 0.1 0 0 0 0.1 0 0.1 0 0 0 0 0 0 0.3 0 0 0 0.1 0 0 1.1 0 0 0.3 1.3 0 0 0.4 0.2 0.3 0.1 0 0.1 0.7
2002092220 0 0.2 0.4 0 0 0.7 0 0 0 0 0.1 0.2 0 0.1 0 0 0.1 0 0 0 0.1 0 0 0 0.1 0 0 0 0 0.2 0 0 0 1.1 0.3 0.6 0.2 0.1 0 0 0 0
2002092221 0.1 0 0 0 0 0.4 0.1 0.5 0.1 0 0.1 0.1 0 0 0 0 0 0 0.2 0 0 0.4 0.1 0 0 0 0 0 0.1 1.4 0.8 0.5 0.9 0 0.2 0 0.1 0 0 0.1 0 0
2002092222 0 0.1 0 0 0 0.2 0 0 0 0 0 0 0 0 0 0 0 0 0 0 0 0 0 0.1 0 0.1 0 0 0.4 0 0.1 0.1 0.5 0 0.1 0.1 0 1.6 0 0 0 0.1
2002092223 0 0 0 0 0 0 0 0 0 0 0 0 0 0 0 0.1 0 0.1 0 0 0 0 0 0 0.1 0 0.1 0.1 0 0 0 0 0.2 0 0 0 0.1 1.5 0 0 0.1 0.1
2002092300 0 0 0 0 0 0.2 0.7 0.2 0.1 0 0 0 0 0 0 0 0 0 0 0 0.1 0 0 0 0.1 0 0 0 0 0 0 0 0 0 0 0 0 0 0 0 0 2.2
2002092301 0 0 0 0 0 0 0 0.3 0 0 0 0 0 0 0 0 0 0.1 0.1 0 0 0 0 0 0.4 0 0.1 0 0.3 0.2 0 0.2 1.1 0 0 0 0 0.1 0 0 0 0
2002092302 0 0 0 0 0.1 0 0 0 0 0 0 0 0 0 0 0 0.2 0 0 0 0 0 0 0 0 0 0 0 0 0.8 0.9 0 0 0 0 0 0 0.2 0 0 0 0.1
2002092303 0 0 0 0 0 0 0 0 0 0 0 0 0 0 0 0 0.1 0 0 0 0 0 0 0 0 0 0 0.3 0 0 0.1 0 0 0 0 0 0 0 0 0.1 0 0.2
2002092304 0 0 0 0 0 0 0 0 0 0 0 0 0 0 0 0 0 0 0 0 0 0 0 0 0 0 0 0 0 0 0 0 0 0 0 0 0 0.1 0.1 0.1 0 0.1
2002092305 0 0 0 0.1 0.5 0.1 0.1 0.1 0.1 0.7 0.6 0.1 0 0 0.7 0 0 0 0 0 0 0 0 0 0 0 0 0.1 0 0.1 0 0 0.3 0 0 0 0 0 0 0 0 0.1
2002092306 0 0 0.1 0 0.1 0 0.1 0 0 0.1 0 1.3 0 0 0.4 1.1 0 0 0 0.1 0.2 0 0 0 0 0 0 0 0.1 0 0 0 0.5 0.8 0 0.3 0 0 0 0 0.1 0.1
2002092307 0 0.4 0.3 0 0.6 0 0.2 0.2 1.1 1 0.3 0.7 0.6 0 0 0.5 0 0.3 0.1 1.2 0.1 0.1 0.4 0.1 0 0 0 0 0 0 0 0.2 0 0.5 0.1 0.7 0.1 0 0 0 0 0.3
2002092308 0 0 0.2 0 0.2 0.4 0.7 0.3 0.3 0.6 0 0.6 0.1 1.5 0.2 0.5 1 0.1 0 0.4 0.2 0.3 0.1 0 0 0.1 0 0 0 0.2 0 0 1.4 0.5 0 0.7 0.2 0 0 0 0 0.4
2002092309 0 0 0 0 0 0 0.1 0 0 0 0 0 0 0 0 0 0 0.3 0 0.2 0.4 1 0 0 0 0 0 0 0 0 0.1 0 1.8 0 0.1 0.1 0.5 0 0 0 0 0
2002092310 0.1 0 0 0 0 0 0 0 0 0 0 0 0 0 0 0 0 0 0 0 0 0 0 0 0 0.1 0 0 0 0 0 0 0 0 0 0 0.2 0 0 0 0 0
2002092311 0 0 0 0 0 0 0 0 0 0 0 0 0 0 0 0 0 0 0 0 0 0 0 0 0 0 0 0 0 0 0 0 0 0 0 0 0 0 0.1 0 0.1 0
2002092312 0 0 0 0 0 0 0 0 0 0 0 0 0 0 0 0 0 0 0 0 0 0 0 0 0 0 0 0 0 0 0 0 0 0 0 0 0 0 0 0 0 0
2002092313 0 0 0 0 0 0 0 0 0 0 0 0 0 0 0 0 0 0 0 0 0 0 0 0 0 0 0 0 0 0 0 0 0 0 0 0 0 0 0 0 0 0
2002092314 0 0 0 0 0 0 0 0 0 0 0 0 0 0 0 0 0 0 0 0 0 0 0 0 0 0 0 0 0 0 0 0 0 0 0 0 0 0 0.1 0 0 0
2002092315 0 0 0 0 0 0 0 0 0.1 0 0 0 0 0 0 0 0 0 0 0 0 0 0 0 0 0 0 0 0 0 0 0 0 0 0 0 0 0 0 0 0 0
2002092316 0 0 0 0 0 0 0 0 0 0 0 0.1 0 0 0 0 0 0 0 0 0 0 0 0 0 0 0 0 0 0 0 0 0 0 0 0 0 0 0 0 0.1 0
2002092317 0 0 0 0 0 0 0 0 0 0 0 0 1.9 0.1 0 0 0.8 0 0 0.1 0 0 0 0 0 0 0 0 0 0 0 0 0 0 0 0 0 0 0 0 0 0
2002092318 0 0 0 0 0 0 0 0 0 0 0 0 0 0 0 0 0 0 0 0 0 0 0 0 0 0 0 0 0 0 0 0 0 0 0 0 0 0 0 0 0 0
2002092319 0 0 0 0 0 0 0 0 0 0 0 0 0 0 0 0 0 0 0 0 0 0 0 0 0 0 0 0 0 0 0 0 0 0 0 0 0 0 0 0 0 0
2002092320 0 0 0 0 0 0 0 0 0 0 0 0 0 0 0 0 0 0 0 0 0 0 0 0 0 0 0 0 0 0 0 0 0 0 0 0 0 0 0 0 0 0
2002092321 0 0 0 0 0 0 0 0 0 0 0 0 0 0 0 0 0 0 0 0 0 0 0 0 0 0 0 0 0 0 0 0 0 0 0 0 0 0 0 0 0.1 0
2002092322 0 0 0 0 0 0 0 0 0 0 0 0 0 0 0 0 0 0 0 0 0 0 0 0 0 0 0 0 0 0 0 0 0 0 0 0 0 0 0 0 0 0
2002092323 0 0 0 0 0 0 0 0 0 0 0 0 0 0 0 0 0 0 0 0 0 0 0 0 0 0 0 0 0 0 0 0 0 0 0 0 0 0 0 0 0 0
2002092400 0 0 0 0 0 0 0 0 0 0 0 0 0 0 0 0 0 0 0 0 0 0 0 0 0 0 0 0 0 0 0 0 0 0 0 0 0 0 0 0 0 0
2002092401 0 0 0 0 0 0 0 0 0 0 0 0 0 0 0 0 0 0 0 0 0 0 0 0.1 0 0 0 0 0 0 0 0 0 0 0 0 0 0 0 0 0 0
2002092402 0 0 0 0 0 0 0 0 0 0 0 0 0 0 0 0 0 0 0 0 0 0 0 0 0 0 0 0 0 0 0 0 0 0 0 0 0 0 0 0 0 0
2002092403 0 0 0 0 0 0 0 0 0 0 0 0 0 0 0 0 0 0 0 0 0 0 0 0 0 0 0 0 0 0 0 0 0 0 0 0 0 0 0 0 0 0
2002092404 0 0 0 0 0 0 0 0 0 0 0 0 0 0 0 0 0 0 0 0 0 0 0 0 0 0 0 0 0 0 0 0 0 0 0 0 0 0 0 0 0.1 0
2002092405 0 0 0 0 0 0 0 0 0 0 0 0 0 0 0 0 0 0 0 0 0 0 0 0 0 0 0 0 0 0 0 0 0 0 0 0 0 0 0 0 0 0
2002092406 0 0 0 0 0 0 0 0 0 0 0 0 0 0 0 0 0 0 0 0 0 0 0 0 0 0 0 0 0 0 0 0 0 0 0 0 0 0 0 0 0 0
2002092407 0 0 0 0 0 0 0 0 0 0 0 0 0 0 0 0 0 0 0 0 0 0 0 0 0 0 0 0 0 0 0 0 0 0 0 0 0 0 0 0 0 0
2002092408 0 0 0 0 0 0 0 0 0 0 0 0 0 0 0 0 0 0 0 0 0 0 0 0 0 0 0 0 0 0 0 0 0 0 0 0 0 0 0 0 0 0
2002092409 0 0 0 0 0 0 0 0 0 0 0 0 0 0 0 0 0 0 0 0 0 0 0 0 0 0 0 0 0 0 0 0 0 0 0 0 0 0 0 0 0 0
2002092410 0 0 0 0 0 0 0 0 0 0 0 0 0 0 0 0 0 0 0.1 0 0 0 0 0 0 0 0 0 0 0 0 0 0 0 0 0 0 0 0 0 0 0
2002092411 0 0 0 0 0 0 0 0 0 0 0 0 0 0 0 0 0 0 0 0 0 0 0 0 0 0 0 0 0 0 0 0 0 0 0 0 0 0 0 0 0 0
2002092412 0 0 0 0 0 0 0 0 0 0 0 0 0 0 0 0 0 0 0 0 0 0 0 0 0 0 0 0 0 0 0 0 0 0 0 0 0 0 0 0 0 0
2002092413 0 0 0 0 0 0 0 0 0 0 0 0 0.1 0 0 0 0 0 0 0 0 0 0 0 0 0 0 0 0 0 0 0 0 0 0 0 0 0 0 0 0 0
2002092414 0 0 0 0 0 0 0 0 0 0 0 0 0 0 0 0 0 0 0 0 0 0 0 0 0 0 0 0 0 0 0 0 0 0 0 0 0 0 0 0 0 0
2002092415 0 0 0 0 0 0 0 0 0 0 0 0 0 0 0 0 0 0 0 0 0 0 0 0 0 0 0 0 0 0 0 0 0 0 0 0 0 0 0 0 0 0
2002092416 0 0 0 0 0 0 0 0 0 0 0 0 0 0 0 0 0 0 0 0 0 0 0 0 0 0 0 0 0 0 0 0 0 0 0 0 0 0 0 0 0 0
2002092417 0 0 0 0 0 0 0 0 0 0 0 0 0 0 0 0 0 0 0 0 0 0 0 0 0 0 0 0 0 0 0 0 0 0 0 0 0 0 0 0 0 0
2002092418 0 0 0 0 0 0 0 0 0 0 0 0 0 0 0 0 0 0 0 0 0 0 0 0 0 0 0 0 0 0 0 0 0 0 0 0 0 0 0 0 0 0
2002092419 0 0 0 0 0 0 0 0 0 0 0 0 0 0 0 0 0 0 0 0 0 0 0 0 0 0 0 0 0 0 0 0 0 0 0 0 0 0 0 0 0 0
2002092420 0 0 0 0 0 0 0 0 0 0 0 0 0 0 0 0 0 0 0 0 0 0 0 0 0 0 0 0 0 0 0 0 0 0 0 0 0 0 0 0 0 0
2002092421 0 0 0 0 0 0 0 0 0 0 0 0 0 0 0 0 0 0 0 0 0 0 0 0 0 0 0 0 0 0 0 0 0 0 0 0 0 0 0 0 0 0
2002092422 0 0 0 0 0 0 0 0 0 0 0 0 0 0 0 0 0 0 0 0 0 0 0 0 0 0 0 0 0 0 0 0 0 0 0 0 0 0 0 0 0 0
2002092423 0 0 0 0 0 0 0 0 0 0 0 0 0 0 0 0 0 0 0 0 0 0 0 0 0 0 0 0 0 0 0 0 0 0 0 0 0 0 0 0 0 0
2002092500 0 0 0 0 0 0 0 0 0 0 0 0 0 0 0 0 0 0 0 0 0 0 0 0 0 0 0 0 0 0 0 0 0 0 0 0 0 0 0 0 0 0
2002092501 0 0 0 0 0 0 0 0 0 0 0 0 0 0 0 0 0 0 0 0 0 0 0 0 0 0 0 0 0 0 0 0 0 0 0 0 0 0 0 0 0 0
2002092502 0 0 0 0 0 0 0.1 0 0 0 0 0 0 0 0 0 0 0 0 0 0 0 0 0 0 0 0 0 0 0 0 0 0 0 0 0 0 0 0 0 0 0
2002092503 0.1 0.5 0 0 0 0 0 0 0 0.1 0 0.1 0 0 0 0 0 0 0 0 0 0 0 0 0 0 0 0 0 0 0 0 0 0 0 0 0 0 0 0 0 0
2002092504 0.1 0.1 0.2 0.1 0.2 0.1 0 0 0 0.4 0.1 0.4 1 0.2 0.4 0.5 0.2 0 0 0.1 0 0 0.1 0 0 0 0 0 0 0 0 0 0 0.1 0.1 0 0.1 0 0 0 0 0
2002092505 1.1 1.1 1.3 1.1 0.1 0.3 0.4 0.1 0.1 0.7 1.3 1.4 1.6 1.9 0 0.5 1.2 0.1 0 0.1 0 0.1 0.3 0.2 0.2 0 0.1 0 0.1 0.1 0.2 0.1 0.1 0.6 0.3 0.3 0.1 0 0 0 0 0.1
2002092506 2.1 0.7 2 3 0.3 1.2 0.7 0.4 0.3 1.1 1.5 1.6 1.6 3 2.1 1.4 2.6 1 0.4 0.9 1.4 0.7 0.3 0.3 0.3 0.3 0.1 0.1 0.3 0.5 0.3 0.4 0.4 2 1.9 0.9 0.6 0.3 0 0.1 0 0.1
2002092507 0.1 2.5 0.2 2.1 0.1 0.8 0.4 0.8 0.3 1.5 1.8 2.5 1 0.9 0.6 1.8 0.8 1.5 2.1 0.9 2.8 2.3 0.7 0.8 1.6 0.8 1.4 1.2 1.5 1.9 1.5 2 1.9 2.6 3.1 2.7 0.6 2 0.4 0.5 0.3 0.2
2002092508 0.6 0.6 0.4 0.4 0 0 0 0 0 0.5 0.5 0.9 0.6 1.2 1.5 1 1.1 1.7 3 1.4 1.6 1.8 2.4 1.9 3.2 1.8 2.3 2.4 0.7 0.6 1.1 0.9 0.4 0.5 0.1 1.2 0.7 1.1 1.5 2.4 0.2 0.7
2002092509 0.6 0.1 0.4 0.2 1.1 0.3 0.6 0 1 0.1 0.2 0.4 0.5 0.3 0.4 0.5 0.4 0.3 0.1 0.8 0.1 0 0.9 1.5 1.2 1.4 0.4 0.2 0 0 0 0 0 0.5 0.2 0.5 0.4 0 0.2 0.4 0.8 0.5
2002092510 0.1 0.1 0.2 0 0.5 0.3 0.3 1.1 0.9 0.1 0 0.2 0.1 0.2 0.1 0.3 0.1 0.1 0.2 0.3 0.4 0.8 0.2 0.1 0 0.1 0 0 0.3 0.5 0.3 0.2 0.5 0.1 0.3 0.2 0.2 0.2 0 0 1.3 1.2
2002092511 0 0 0.1 0 0.1 0.1 0.1 0.2 0.3 0 0 0 0 0 0 0 0 0.1 0.5 0.1 0 0 0 0.1 0.1 0 0.2 0.1 0.5 0.1 0.1 0 0.2 0 0.1 0 0.1 0.6 0.3 0.1 0.5 0.4
2002092512 0 0 0 0 0 0 0 0.1 0 0 0 0 0 0 0 0 0 0 0 0 0 0 0 0 0 0 0 0.1 0.2 0 0.1 0 0 0 0 0 0 0.1 0.2 0.1 0.1 0.1
2002092513 0 0.1 0 0.2 0 0 0 0 0 4.3 0 0 0.9 0.9 0 0 2.4 0 0 0 0 0 0 0 0 0 0 0 0 0 0 0 0 0 0 0 0 0 0.1 0 0 0
2002092514 0.1 0.1 0 0 0.2 0.2 0.1 0 0.1 2.4 0 1 0.2 1.3 0.6 2.8 1.1 0.3 0 1.5 0.3 0 0.4 0.2 0 0.2 0 0 0 0 0 0.1 0 0 0 0 0 0 0 0 0 0
2002092515 0 0 0 1 0.4 0 0 0 0.1 0 0 0.4 0.1 0 0.1 1.2 0 3.3 0.5 1.3 0.8 0.7 1.3 1.1 0.4 0.8 0.5 0.2 0.1 0 0.1 0.3 0.2 1.5 0 0.6 0.2 0.2 0 0.1 0 0
2002092516 0 0 0.3 0 0 1.9 0 0 0 0 0.1 0.7 0 0 0.1 0.1 0 3.3 0.7 0 0.4 0.5 0.7 0.6 0.6 0.3 0.3 0.8 0.1 0.7 0.8 0.8 0.4 0 0.2 0.4 0.3 0.1 0.5 0.4 0 0
2002092517 0 0 0 0 0 0.1 0 3 0 0 0 0.2 0 0 0 0.1 0 0 0.3 0 1.3 1.2 0 0 0.7 0 0.3 0.1 0.6 0.3 0.5 1.6 0 0 0 0.4 0.4 0.6 1.1 0.5 0.2 0.1
2002092518 0 0 0 0 0 0 0 0 0.1 0 0 0.1 0 0 0 0 0 0.5 3.4 0 7 2.9 0 0 0 0 1.1 0.3 0 0.1 0.1 1.9 0 0 0 0.3 0.3 0.2 0.6 0.4 0 0
2002092519 0 0 0 0 0 0 0 0 0 0 0 0 0 0 0 0 0 0 2.5 0 0 0.2 0 0 0 0 1.9 1.9 0 0 0 1.6 0 0 0 0 0.3 0.1 0.9 1.1 0 0
2002092520 0 0 0 0 0 0 0 0 0 0 0 0 0 0 0 0 0 0 0 0 0 0 0 0 0 0 0.1 0 0 0 0 0 0 0 0 0 0.1 0 1 1.7 0 0
2002092521 0 0 0 0 0 0 0 0 0 0 0 0 0 0 0 0 0 0 0 0 0 0 0 0 0 0.1 0 0 0 0 0 0 0 0 0 0 0 0 0 0.1 0 0
2002092522 0 0 0 0 0 0 0 0 0 0 0 0 0 0 0 0 0 0 0 0 0 0 0 0 0 0 0 0 0 0.1 0 0 0 0 0 0 0 0 0 0 0 0
2002092523 0 0 0 0 0 0 0 0 0 0 0 0 0 0 0.2 0 0 0 0 0 0 0 0 0 0.1 0 0 0 0 0 0 0 0 0 0 0 0 0.1 0 0 0 0
2002092600 0 0 0 0 0 0 0 0 0 1.6 0 1.8 0 0.6 0.8 0.6 1 0 0 0 0.4 0.1 0.3 0 0 0 0 0 0 0 0 0 0.1 0.7 0 0.2 0 0 0 0 0 0
2002092601 0 0 0 0 0 0.1 0 0.1 0 0 0 0.2 0 0 0.1 0.3 0 1.5 0.3 1 0.1 1.2 1.1 0.1 0 0 0 0 0 0.2 0.2 0.7 1.5 1.6 3.8 0.6 0.2 0 0.1 0 0 0
2002092602 0 0 0 0 0 0 0 0.7 0.1 0 0 0 0 0 0 0.1 0 0.3 1.6 0 0 0.1 0.2 1.7 1.2 2.4 1.7 0.4 0.8 0.8 0.9 0.2 1.5 0.1 0.5 0 0.2 1.6 0 0 0.4 0.4
2002092603 0.4 0 0 0.1 0.1 0.1 0.2 0 0 0 0 0.1 0 0 0 0 0 0.1 0.3 0 0 0 0.1 0 0 0 0.1 0.8 0 0 0 0 0 0 0 0.1 0.1 0 0 1 0.1 0
2002092604 0 0 0 0 0.3 0 0 0 0.1 0 0 0 0 0 0 0 0.1 0 0 0 0 0 0 0 0 0 0 0 0 0 0 0 0.4 0 0.1 0 0.1 0 0.8 0 0 0
2002092605 0.4 0.4 0.2 0.3 0 0.3 0.1 0.4 1 0.8 0.3 0.3 0.3 0.3 0.1 0.1 0 1 0.5 0.9 0.7 0.6 0.7 0.5 0.1 0.3 0.4 0.3 0.2 0.4 0.3 1 1.3 0.1 0.2 0.3 0.1 0.3 0.2 0.6 0.4 0.4
2002092606 0.6 1.4 1.3 0.9 1.9 1.2 2 0.9 0.9 0.7 1.1 1.3 0.3 0.2 0.6 0.6 0.1 0.6 1.2 0.1 0.3 1 0.8 0.7 0.5 0.4 1.5 1.1 1.7 1.6 2.3 2.1 2.7 1.4 1.5 0.9 0.1 2.1 0.8 0.4 0.8 0.9
2002092607 1 1.1 1.8 1.8 1 1.3 1 0.9 2 0.3 0.9 0.7 0.3 0.1 0.2 0.7 0 1 1 0.1 0.8 1 0.4 0.5 0.8 0.9 1.1 1.1 1.5 1.2 1.9 1.3 0.6 1 0.8 0.2 0.2 2.8 0.5 1.6 0.6 1.2
2002092608 2 2.6 0.7 1.3 1 1.5 0.9 0.9 1.8 1.7 1 0.8 2.4 0.7 0.4 0.3 0.6 0.1 0 0.1 0.2 0.3 0 0.1 1.9 1.3 0.4 3.3 4.1 2.8 0.2 0.1 1.5 0.9 0.9 0.3 0.1 0.7 1.4 1.7 0.2 0.7
2002092609 3.4 1 0.4 2.2 0.3 0.6 0.3 0.9 0.6 2.2 2 2 2 2.2 1.1 1.1 1.6 1.1 0.2 1 1.3 1.6 0.2 0.1 0.1 0 0 0.3 0.4 0 0 1.4 1.5 2 1.4 1.6 0.1 0.7 0.4 0 2.2 0.9
2002092610 1 0 1.9 1.9 0.3 3 1 0.3 2.6 0.1 0.1 0.2 0 0.1 0.4 0.1 0 0.3 0.5 0 1.1 2.5 0.4 0.1 0.1 0.1 0.3 0.1 5.7 3.4 7.2 4 0.7 0.2 0.8 0.6 0.2 1.9 0.4 0.4 0.4 1
2002092611 0.5 0.1 1.1 0 0.7 0.6 0.6 0.2 0.2 0 0 0.6 0 0 0 0 0 0 0.1 0 0 0 0 0 0.1 0.1 0.1 0.5 1.1 0.3 0.1 0 0.1 0.4 0.5 0.1 0.1 0.3 6 2.9 0.9 0.1
2002092612 0 0 0 0 0.6 1.1 2 0.7 0.1 0 0 0 0 0 0 0 0 0.1 0 0 0 0 0 0 0 0 0 0 0 0 0 0 0.3 1.3 0.7 0 0.1 0 0.7 0.7 0.1 0
2002092613 0 0 0 0 0 0 0 0.4 0.1 0 0 0 0 0 0 0 0 0 0.1 0 0 0 0 0 0 0 0 0 0.2 0 0 0 0.1 0 0.1 0 0.1 0 0 0 0 0
2002092614 0 0 0 0 0 0 0 0 0 0 0 0 0 0 0 0 0 0 0 0 0 0 0 0 0 0 0 0 0.1 0 0 0 0 0 0 0 0 0 0 0 0 0
2002092615 0 0 0 0 0 0 0 0 0 0 0 0 0 0 0 0 0 0 0 0 0 0 0 0 0 0 0 0 0 0 0 0 0 0 0 0 0.1 0 0.1 0 0 0
2002092616 0 0 0 0 0 0 0 0 0 0 0 0 0 0 0 0 0 0 0 0 0 0 0 0 0 0 0 0 0 0 0 0 0 0 0 0 0 0 0 0 0 0
2002092617 0 0 0 0 0 0 0 0 0 0 0 0 0 0 0 0 0 0 0 0 0 0 0 0 0 0 0 0 0 0 0 0 0 0 0 0 0 0 0 0 0 0
2002092618 0 0 0 0 0 0 0 0 0 0 0 0 0 0 0 0 0 0 0 0 0 0 0 0 0 0 0 0 0 0 0 0 0 0 0 0 0 0 0 0 0 0
2002092619 0 0 0 0 0 0 0 0 0 0 0 0 0 0 0 0 0 0 0 0 0 0 0 0 0 0 0 0 0 0 0 0 0 0 0 0 0 0 0 0 0 0
2002092620 0 0 0 0 0 0 0 0 0 0 0.2 0 0 0 0 0 0 0 0 0 0 0 0 0 0 0 0 0 0 0 0 0 0 0 0 0 0 0 0 0 0 0
2002092621 0.1 0 0 0 0 0 0 0 0 0 0 0 0 0 0.1 0.1 0 0 0 0.1 0 0 0 0 0 0 0 0 0 0 0 0 0 0.2 0 0 0 0 0 0 0 0
2002092622 0 0 0 0 0 0 0 0 0 0 0 0 0 0 0 0 0 0 0 0.1 0 0 0.4 0.1 0 0 0 0 0 0.4 0 0 0 0 0.7 0 0 0 0 0 0 0
2002092623 0 0.1 0 0 0 0 0 0 0 0 0 0 0 0 0 0 0 0 0 0 0 0 0 0 0.2 0.1 0 0 0 0.8 0.3 0.1 0.3 0 0 0 0 0.6 0 0 0 0
2002092700 0 0 0 0 0 0 0 0 0 0 0 0 0 0 0 0 0 0 0 0 0 0 0 0 0 0 0 0.1 0 0.1 0.1 0 0 0 0 0 0 1.9 0 0 0 0
2002092701 0 0 0 0 0 0 0 0 0 0 0 0.3 0 0 0 0 0 0 0.4 0 0 0 0 0 0 0 0 0 0.1 0 0 0.4 0 0.2 1.2 0 0 0 0.1 0 0 0
2002092702 0 0.1 0 0.1 0 0 0 0 0 0 0.4 0 0 0.2 0 0 0.1 0.2 0 0 0 0 0 0 0 0 0 0 0 0.6 0.5 0 0 0 0 0 0 0.1 0 0 0 0
2002092703 0 0.1 0.3 0.3 0 0.1 0 0 0.4 0 0.1 0.2 0 0.2 0 0 0 0.3 0.1 0.1 0 0 0.3 0 0 0 0 0 0 0 0 0.2 0 0.6 0.1 0.2 0 0.5 0 0 0 0
2002092704 0 0 0.5 0.1 0 1.5 0.1 0.5 0.1 0 0 0 0 0 0.1 0 0 0 0 0 0 0 0.3 0.4 0.1 0 0 0 0 0.2 0 0.2 0.8 0.1 0.5 0 0 0 0 0 0 0.1
2002092705 0 0 0 0 0.1 0.1 0 0.9 0.2 0 0 0 0 0 0 0 0 0 0 0 0 0 0.2 0.3 0 0.3 0 0 0.6 0.1 0.6 0 0.2 0 0.1 0 0 0.4 0 0 0 0
2002092706 0 0 0 0 0 0 0 0.6 0.2 0 0 0 0 0 0 0 0 0.1 0 0 0 0 0.1 0 0.1 0 0 0 0.1 0 0.1 0 1 0 0.1 0 0 0 0 0 0.1 0
2002092707 0 0 0 0 0 0 0 0 0 0 0 0 0.1 0 0 0 0 0 0 0 0 0 0 0 0 0 0 0 0 0 0 0 0 0 0 0 0 0.1 0 0 0 0
2002092708 0 0.1 0 0 0 0 0 0 0 0 0 0 0 0 0 0 0 0 0 0 0 0 0 0 0 0 0 0 0 0 0 0 0 0 0 0 0 0 0 0 0 0
2002092709 0 0.1 0 0 0 0 0 0 0 0 0 0.1 0.3 0 0.2 0 0 0 0 0 0.1 0 0 0 0 0 0 0 0 0.1 0 0 0.1 0 0 0.2 0 0 0 0 0 0
2002092710 0 0 0 0 0 0 0 0 0 0.1 0 0 0 0 0.1 0.3 0 0 0 0 0 0 0 0 0 0 0 0 0 0 0 0 0 0 0 0.1 0 0 0 0 0 0
2002092711 0 0 0 0 0.1 0 0 0 0 0 0 0.1 0 0 0 0.3 0 0 0 0 0.1 0.4 0 0 0 0 0 0 0 0.2 0 0.1 0 0 0 2.1 0.1 0 0 0 0 0
2002092712 0 0 0 0 0 0 0 0 0 0 0 0 0.1 1.2 0 0 0.1 0 0.3 0 0.2 0.6 0 0 0 0 0 0.1 0 0 0 0.3 0 0 0 0 0.1 0 0 0 0 0
2002092713 0 0 0 0 0 0 0 0 0 0 0 0 0 0 0 0 0 0 0.3 0 0.6 0.2 0 0 0 0 0 0.1 0 0 0 0.1 0 0 0 0 0.1 0 0 0 0 0
2002092714 0 0 0 0 0.7 0 0 0 0.1 0 0 0 0 0 0 0 0.3 0.6 1 0.1 0 0 0.5 0 0 0 0.1 0 0 0 0 0.5 0 0 0.2 0 0.1 0 0 0 0 0
2002092715 0 0 0 0 0 0 0 0 0.2 0 0 0 0 0 0 0 0 0.1 0 0 0 0 0 0 0.2 0 0.2 0 0 0 0.1 0.2 0 0 0.1 0 0.1 0 0 0 0 0
2002092716 0 0 0 0 0 0 0 0 0 0 0 0 0 0 0 0 0 0 0 0 0 0 0 0 0 0 0 0 0 0 0 0 0 0 0 0 0 0 0 0 0 0
2002092717 0 0 0 0 0 0 0 0 0 0 0 0 0 0 0 0 0 0 0 0 0 0 0 0 0 0 0 0 0 0 0 0 0 0 1.3 0 0 0 0 0 0 0
2002092718 0 0 0 0 0 0 0 0 0 0 0 0 0 0 0 0 0 0 0 0 0 0 0.1 0 0 0 0 0 0 0 0 0.2 0 0 0 0 0 0 0 0 0 0
2002092719 0 0 0 0 0 0 0 0 0 0 0 0 0 0 0 0 0 0 0 0 0 0.1 0 0 0 0 0 0 0 0 0 0.5 0 0 0 0 0 0 0 0 0 0
2002092720 0 0 0 0 0 0 0 0 0 0 0 0 0 0 0 0 0 0 0 0 0 0 0 0 0 0 0 0 0.1 0 0 0.1 0 0 0 0 0 0 0 0 0 0
2002092721 0 0 0 0 0 0 0.1 0.1 0 0 0 0 0 0 0 0 0 0 0 0 0 0 0 0 0 0 0 0 0 0 0 0 0 0 0.1 0 0 0 0.1 0 0 0
2002092722 0 0 0 0 0 0 0 0 0 0.1 0 0 0 0 0 0 0 0 0 0 0 0 0 0 0 0 0 0 0 0 0.1 0 0.1 0.1 0 0 0 0.1 0 0.1 0 0.1
2002092723 0 0 0 0 0 0 0 0 0 0 0.1 0 0 0 0 0 0.1 0 0 0 0 0.1 0 0 0 0 0 0 0 0 0 0 0 0 0 0 0 0 0 0 0 0
2002092800 0 0 0 0 0 0 0 0 0 0 0 0 0.1 0 0 0 0 0 0 0 0 0 0 0 0 0 0 0 0 0.1 0 0 0 0 0 0 0 0 0.1 0 0.1 0
2002092801 0 0 0 0.1 0.1 0 0 0 0 0.1 0 0 0 0 0 0 0 0 0 0 0 0 0 0 0 0 0 0 0 0 0.1 0 0.1 0.1 0 0 0 0 0 0 0 0
2002092802 0.1 0.1 0.1 0 0 0 0 0.1 0.1 0 0.1 0 0 0 0 0 0 0 0 0 0 0 0 0 0 0 0 0 0.1 0 0 0 0 0 0.1 0 0 0 0 0.1 0 0
2002092803 0 0 0 0 0 0 0 0 0 0 0 0 0.1 0 0 0 0 0 0 0 0 0 0 0 0 0 0 0.1 0 0 0 0.1 0 0 0 0 0 0.1 0.1 0 0 0.1
2002092804 0 0 0 0 0 0.1 0.1 0 0 0 0 0 0 0 0 0 0 0 0 0 0 0 0 0 0.1 0 0 0 0 0.1 0 0 0 0.1 0 0 0.1 0 0 0 0 0
2002092805 0 0.1 0.1 0 0.1 0 0 0 0 0 0 0 0 0 0 0 0 0.1 0 0 0 0.1 0 0.1 0 0 0 0 0 0 0.1 0 0 0 0.1 0 0 0 0 0 0 0
2002092806 0 0 0 0 0 0 0 0.1 0.1 0 0.1 0 0 0 0 0.1 0 0 0 0 0 0 0 0 0 0.1 0.1 0 0 0 0 0 0.1 0 0 0.1 0 0 0.1 0 0 0
2002092807 0 0 0 0 0 0 0 0 0 0 0 0 0 0 0 0 0 0 0 0 0 0 0 0 0 0 0 0 0 0 0 0 0 0 0 0 0 0 0 0 0 0
2002092808 0 0 0 0 0 0 0 0 0 0 0 0 0 0 0 0 0 0 0 0 0 0 0 0 0 0 0 0 0 0 0 0 0 0 0 0 0 0 0 0 0 0
2002092809 0 0 0 0 0 0 0 0 0 0 0 0 0 0 0 0 0 0 0 0 0 0 0 0 0 0 0 0 0 0 0 0 0 0 0 0 0 0 0 0 0 0
2002092810 0 0 0 0 0 0 0 0 0 0 0 0 0 0 0 0 0 0 0 0 0 0 0 0 0 0 0 0 0 0 0 0 0 0 0 0 0 0 0 0 0 0
2002092811 0 0 0 0 0 0 0 0 0 0 0 0 0 0 0 0 0 0 0 0 0 0 0 0 0 0 0 0 0 0 0 0 0 0 0 0 0 0 0 0 0 0
2002092812 0 0 0 0 0 0 0 0 0 0 0 0 0 0 0 0 0 0 0 0 0 0 0 0 0 0 0 0 0 0 0 0 0 0 0 0 0 0 0 0 0 0
2002092813 0 0 0 0 0 0 0 0 0 0 0 0 0 0 0 0 0 0 0 0 0 0 0 0 0 0 0 0 0 0 0 0 0 0 0 0 0 0 0 0 0 0
2002092814 0 0 0 0 0 0 0 0 0 0 0 0 0 0 0 0 0 0 0 0 0 0 0 0 0 0 0 0 0 0 0 0 0 0 0 0 0 0 0 0 0.1 0
2002092815 0 0 0 0 0 0 0 0 0 0 0 0 0 0 0 0 0 0 0 0 0 0 0 0 0 0 0 0 0 0 0 0 0 0 0 0 0 0 0 0 0 0
2002092816 0 0 0 0 0 0 0 0 0 0 0 0 0 0 0 0 0 0 0 0 0 0 0 0 0 0 0 0 0 0 0 0 0 0 0 0 0 0 0 0 0 0
2002092817 0 0 0 0 0 0 0 0 0 0 0 0 0 0 0 0 0 0 0 0 0 0 0 0 0 0 0 0 0 0 0 0 0 0 0 0 0 0 0 0 0 0
2002092818 0 0 0 0 0 0 0 0 0 0 0 0 0 0 0 0 0 0 0 0 0 0 0 0 0 0 0 0 0 0 0 0 0 0 0 0 0 0 0 0 0 0
2002092819 0 0 0 0 0 0 0 0 0 0 0 0 0 0 0 0 0 0 0 0 0 0 0 0 0 0 0 0 0 0 0 0 0 0 0 0 0 0 0 0.1 0 0
2002092820 0 0 0 0 0 0 0 0 0 0 0 0 0 0 0 0 0 0 0 0 0 0 0 0 0 0 0 0 0 0 0 0 0 0 0 0 0 0 0 0 0 0
2002092821 0 0 0 0 0 0 0 0 0 0 0 0 0 0 0 0 0 0 0 0 0 0 0 0 0 0 0 0 0 0 0 0 0 0 0 0 0 0 0 0 0 0
2002092822 0 0 0 0.1 0 0 0 0 0 0 0 0 0 0 0 0 0 0 0 0 0 0 0 0 0 0 0 0 0 0 0 0 0 0 0 0 0 0 0 0 0 0
2002092823 0 0 0 0 0 0 0.1 0 0 0 0 0 0 0 0 0 0 0 0 0 0 0 0 0 0 0 0 0 0 0 0 0 0 0 0 0 0.1 0 0 0 0 0
2002092900 0.1 0 0 0 0 0 0 0 0 0 0 0 0 0 0.1 0 0 0 0 0 0 0 0 0 0.1 0 0 0 0 0 0 0 0 0 0 0 0 0 0 0.1 0 0
2002092901 0 0 0 0 0 0 0 0.1 0 0 0 0 0 0 0 0 0.1 0 0.1 0 0 0 0 0 0 0 0 0 0 0 0 0.1 0 0 0 0 0 0 0 0 0 0
2002092902 0 0 0 0 0.1 0 0 0 0 0 0 0 0 0.1 0 0 0 0 0 0.1 0 0 0 0 0 0 0 0 0.1 0 0 0 0 0 0 0 0 0 0.1 0 0 0
2002092903 0 0 0 0 0 0 0 0 0 0 0 0 0.1 0 0 0 0 0 0 0 0 0 0 0 0 0 0 0 0 0 0 0 0 0 0.1 0 0 0 0 0 0 0
2002092904 0 0 0 0 0 0 0.1 0 0 0.1 0 0 0 0 0.1 0 0.1 0 0 0 0 0 0.1 0 0 0 0 0 0 0.1 0.1 0 0.1 0 0 0 0.1 0 0 0.1 0 0
2002092905 0 0 0 0.1 0.1 0 0 0 0 0 0 0 0 0 0 0 0 0 0 0 0 0 0 0 0 0 0 0 0 0 0 0 0 0 0 0 0 0 0 0 0 0
2002092906 0 0 0 0 0 0 0 0 0 0 0 0 0 0 0 0 0 0.1 0.1 0.1 0 0 0 0 0 0 0.1 0 0 0 0 0 0 0.1 0.1 0 0 0.1 0 0 0 0
2002092907 0 0 0 0 0 0 0 0 0 0 0 0 0 0 0 0.1 0 0 0 0 0 0 0 0 0 0 0 0 0 0 0 0 0 0 0 0 0 0 0.1 0 0.1 0.1
2002092908 0 0 0 0 0 0 0 0 0 0 0 0 0 0 0 0 0 0 0 0 0 0 0 0 0 0 0 0.1 0 0 0 0 0 0 0 0 0 0 0 0 0 0
2002092909 0 0 0 0 0 0 0 0 0 0 0 0 0 0 0 0 0 0 0 0 0 0 0 0 0 0 0 0 0 0 0 0 0 0 0 0 0 0 0 0 0 0
2002092910 0 0 0 0 0 0 0 0 0 0 0 0 0 0 0 0 0 0 0 0 0 0 0 0 0 0 0 0 0 0 0 0 0 0 0 0 0 0 0 0 0 0
2002092911 0 0 0 0 0 0 0 0 0 0 0 0 0 0 0 0 0 0 0 0 0 0 0 0 0 0 0 0 0 0 0 0 0 0 0 0 0 0 0 0 0 0
2002092912 0 0 0 0 0 0 0 0 0 0 0 0 0 0 0 0 0 0 0 0 0 0 0 0 0 0 0 0 0 0 0 0 0 0 0 0 0 0.1 0 0 0 0
2002092913 0 0 0 0 0 0 0 0 0 0 0 0 0 0 0 0 0 0 0 0 0 0 0 0 0 0 0 0 0 0 0 0 0 0 0 0 0 0 0 0 0 0
2002092914 0 0 0 0 0 0 0 0 0 0 0 0 0 0 0 0 0 0 0 0 0 0 0 0 0 0 0 0 0 0 0 0 0 0 0 0 0 0 0 0 0 0
2002092915 0 0 0 0 0 0 0 0 0 0 0 0 0 0 0 0 0 0 0 0 0 0 0 0 0 0 0 0 0 0 0 0 0 0 0 0 0 0 0 0 0 0
2002092916 0 0 0 0 0 0 0 0 0 0 0 0 0 0 0 0 0 0 0 0 0 0 0 0 0 0 0 0 0 0 0 0 0 0 0 0 0 0 0 0 0 0
2002092917 0 0 0 0 0 0 0 0 0 0 0 0 0 0 0 0 0 0 0 0 0 0 0 0 0 0 0 0 0 0 0 0 0 0 0 0 0 0 0 0 0 0
2002092918 0 0 0 0 0 0 0 0 0 0 0 0 0 0 0 0 0 0 0 0 0 0 0 0 0 0 0 0 0 0 0 0 0 0 0 0 0 0 0 0 0 0
2002092919 0 0 0 0 0 0 0 0 0 0 0 0 0 0 0 0 0 0 0 0 0 0 0 0 0 0 0 0 0 0 0 0 0 0 0 0 0 0 0 0 0 0
2002092920 0 0 0 0 0 0 0 0 0 0 0 0 0 0 0 0 0 0 0 0 0 0 0 0 0 0 0 0 0 0 0 0 0 0 0 0 0 0 0 0 0 0
2002092921 0 0 0 0 0 0 0.1 0 0 0 0 0 0 0 0 0 0 0 0 0 0 0 0 0 0 0 0 0 0 0 0 0 0 0 0 0 0 0 0 0 0 0
2002092922 0.1 0 0 0 0 0 0 0 0 0 0 0 0 0 0 0 0 0 0 0 0 0 0 0 0 0 0 0 0 0 0 0 0 0 0 0 0 0 0 0 0 0
2002092923 0 0 0 0 0 0 0 0 0 0 0 0 0.1 0 0 0 0 0 0 0 0 0 0 0 0.1 0 0 0.1 0 0 0 0 0 0 0 0 0 0 0 0.1 0 0
2002093000 0 0 0 0 0 0 0 0 0 0 0 0 0 0 0.1 0 0 0 0 0 0 0 0 0 0 0 0 0 0 0 0 0 0 0 0 0 0.1 0 0 0 0 0
2002093001 0 0 0 0 0.1 0 0 0.1 0.1 0 0 0.1 0 0 0 0 0.1 0 0 0 0 0 0 0 0 0 0 0 0.1 0 0 0 0 0 0 0 0 0 0 0 0 0
2002093002 0 0 0 0 0 0 0 0 0 0 0 0 0 0 0 0 0 0 0 0 0 0 0 0 0 0 0 0 0 0 0 0 0 0 0 0 0 0 0 0 0 0
2002093003 0 0 0 0 0 0 0 0 0 0 0 0 0 0 0 0 0 0.1 0 0 0 0 0 0.1 0 0 0 0 0 0.1 0 0 0 0 0 0 0 0 0 0.1 0 0
2002093004 0 0 0 0 0 0 0 0 0 0 0 0 0 0 0 0 0 0 0 0 0 0 0 0 0.1 0 0.1 0 0 0 0 0 0 0 0 0 0 0.1 0 0 0 0
2002093005 0.1 0.1 0 0.1 0 0 0 0.1 0 0 0 0 0.1 0.1 0 0 0.1 0 0 0 0 0 0.1 0 0 0 0 0 0 0 0 0 0 0 0 0 0 0 0.1 0 0 0
2002093006 0 0 0 0 0 0 0 0 0.1 0 0 0 0 0 0 0 0 0 0 0 0 0 0 0 0 0 0 0 0 0 0 0 0 0 0 0 0 0 0 0 0 0.1
2002093007 0 0 0 0 0 0 0 0 0 0 0 0.1 0 0 0.1 0 0 0 0 0 0 0 0 0 0 0 0 0 0 0 0 0 0 0 0 0 0 0 0 0 0.1 0.2
2002093008 0 0 0 0 0 0 0 0 0 0 0 0 0 0 0 0 0 0 0 0.1 0 0 0 0 0 0 0 0.1 0 0 0 0 0 0 0 0 0.1 0 0 0 0 0
2002093009 0 0 0 0 0 0 0 0 0 0 0 0 0 0 0 0 0 0 0 0 0 0 0 0 0 0 0 0 0 0 0 0 0 0 0 0 0 0 0 0 0 0
2002093010 0 0 0 0 0 0.6 0 0 0 0 0 0 0 0 0 0 0 0 0 0 0 0 0 0 0 0 0 0 0 0 0 0 0 0 0 0 0 0 0 0 0 0
2002093011 0 0 0 0 0 0.3 0 0 0 0 0 0 0 0 0 0 0 0 0 0 0 0 0 0 0 0 0 0 0.1 0 0 0 0 0 0 0 0 0 0 0 0 0
2002093012 0 0 0 0 0 0 0 0 0 0 0 0 0 0 0 0 0 0 0 0 0 0 0 0 0 0 0 0 0 0 0 0 0 0 0 0 0 0 0 0 0 0
2002093013 0 0 0 0 0 0 0 0 0 0 0 0 0 0 0 0 0 0 0 0 0 0 0 0 0 0 0 0 0 0 0 0 0 0 0 0 0 0 0 0 0 0
2002093014 0 0 0 0 0 0 0 0 0 0 0 0 0 0 0 0 0 0 0 0 0 0 0 0 0 0 0 0 0 0 0 0 0 0 0 0 0 0 0 0 0 0
2002093015 0 0 0 0 0 0 0 0 0 0 0 0 0 0 0 0 0 0 0 0 0 0 0 0 0 0 0 0 0 0 0 0 0 0 0 0 0 0 0 0 0 0
2002093016 0 0 0 0 0 0 0 0 0 0 0 0 0 0 0 0 0 0 0 0 0 0 0 0 0 0 0 0 0 0 0 0 0 0 0 0 0 0 0 0 0 0
2002093017 0 0 0 0 0 0.1 0 0 0 0 0 0 0 0 0 0 0 0 0 0 0 0 0 0 0 0 0 0 0 0 0 0 0 0 0 0 0 0 0 0 0 0
2002093018 0 0 0 0 0 0 0 0 0 0 0 0 0 0 0 0 0 0 0 0 0 0 0 0 0 0 0 0 0 0 0 0 0 0 0 0 0 0 0 0 0 0
2002093019 0 0 0 0 0 0 0 0 0 0 0 0 0 0 0 0 0 0 0 0 0 0 0 0 0 0 0 0 0 0 0 0 0 0 0 0 0 0 0 0 0 0
2002093020 0 0 0 0 0 0 0.1 0 0 0 0 0 0 0 0 0 0 0 0 0 0 0 0 0 0 0 0 0 0 0 0 0 0 0 0 0 0 0 0 0 0 0
2002093021 0 0 0 0 0 0 0 0 0 0 0 0 0 0 0 0 0 0 0 0 0 0 0 0 0 0 0 0 0 0 0 0 0 0 0 0 0 0 0 0.1 0 0
2002093022 0 0 0 0 0 0 0 0 0 0 0 0 0 0 0 0 0 0 0 0 0 0 0 0 0 0 0 0 0 0 0 0 0 0 0 0 0 0 0 0 0 0
2002093023 0 0 0 0 0 0 0 0 0 0 0 0 0 0 0 0 0 0 0 0 0 0 0 0 0 0 0 0 0 0 0 0 0 0 0 0 0 0 0 0 0 0
2002100100 0 0 0 0 0 0 0 0 0 0 0 0 0 0 0.1 0 0 0 0 0 0 0 0 0 0.1 0 0 0 0 0 0 0 0 0 0 0 0 0 0 0 0 0
2002100101 0 0 0 0 0 0 0 0 0 0 0 0 0 0 0 0 0 0.1 0 0 0 0 0 0.1 0 0 0 0 0 0 0 0 0 0 0 0 0 0.1 0 0.1 0 0
2002100102 0 0 0 0 0 0 0 0 0 0 0 0 0.1 0 0 0 0 0 0 0 0 0 0 0 0 0 0 0 0 0 0 0 0 0 0 0 0 0 0.1 0 0 0
2002100103 0 0 0 0 0 0 0 0 0 0 0 0 0 0 0 0 0 0 0 0 0 0 0 0 0 0 0.1 0 0 0 0 0 0 0 0 0 0.1 0 0 0 0 0
2002100104 0 0 0 0 0 0 0 0 0 0 0 0 0 0 0 0 0 0 0 0 0 0 0 0 0 0 0 0 0 0 0 0 0 0 0 0 0 0 0 0 0 0
2002100105 0 0 0 0 0 0 0 0 0 0.1 0 0 0 0 0.1 0 0 0 0 0 0 0 0 0 0 0 0 0 0 0 0 0 0 0 0 0 0 0 0 0.1 0 0
2002100106 0 0 0 0 0 0 0 0.1 0.1 0 0 0 0 0 0 0 0 0.1 0 0 0 0 0 0 0 0 0 0 0 0 0 0 0 0 0 0.1 0 0.1 0 0 0 0
2002100107 0.1 0 0 0 0 0 0 0 0 0 0 0 0 0 0 0 0 0 0 0 0 0 0 0.1 0.1 0 0 0 0 0 0 0 0 0 0 0 0 0 0 0 0.2 0.1
2002100108 0 0 0 0 0 0 0 0 0 0 0 0 0 0 0 0 0 0 0 0 0 0 0 0 0 0 0 0.1 0 0 0 0 0 0 0 0 0 0 0 0 0 0
2002100109 0 0 0 0 0 0 0 0 0 0 0 0 0 0 0 0 0 0 0 0 0 0 0 0 0 0 0 0 0 0 0 0 0 0 0 0 0 0 0 0 0 0
2002100110 0 0 0 0 0 0 0 0 0 0 0 0 0 0 0 0 0 0 0 0 0 0 0 0 0 0 0 0 0 0 0 0 0 0 0 0 0 0 0 0 0 0
2002100111 0 0 0 0 0 0 0 0 0 0 0 0 0 0 0 0 0 0 0 0 0 0 0 0 0 0 0 0 0 0 0 0 0 0 0 0 0 0 0.1 0 0 0
2002100112 0 0 0 0 0 0 0 0 0 0 0 0 0 0 0 0 0 0 0 0 0 0 0 0 0 0 0 0 0 0 0 0 0 0 0 0 0 0 0 0 0 0
2002100113 0 0 0 0 0 0 0 0 0 0 0 0 0 0 0 0 0 0 0 0 0 0 0 0 0 0 0 0 0 0 0 0 0 0 0 0 0 0 0 0 0 0
2002100114 0 0 0 0 0 0 0 0 0 0 0 0 0 0 0 0 0 0 0 0 0 0 0 0 0 0 0 0 0 0 0 0 0 0 0 0 0 0 0 0 0 0
2002100115 0 0 0 0 0 0 0 0 0 0 0 0 0 0 0 0 0 0 0 0 0 0 0 0 0 0 0 0 0 0 0 0 0 0 0 0 0 0 0 0 0 0
2002100116 0 0 0 0 0 0 0 0 0 0 0 0 0 0 0 0 0 0 0 0 0 0 0 0 0 0 0 0 0 0 0 0 0 0 0 0 0 0 0 0 0 0
2002100117 0 0 0 0 0 0 0 0 0 0 0 0 0 0 0 0 0 0 0 0 0 0 0 0 0 0 0 0 0 0 0 0 0 0 0 0 0 0 0 0 0 0
2002100118 0 0 0 0 0 0 0 0 0 0 0 0 0 0 0 0 0 0 0 0 0 0 0 0 0 0 0 0 0 0 0 0 0 0 0 0 0 0 0 0 0 0
2002100119 0 0 0 0 0 0 0 0 0 0 0 0 0 0 0 0 0 0 0 0 0 0 0 0 0 0 0 0 0 0 0 0 0 0 0 0 0 0 0 0 0 0
2002100120 0 0 0 0 0 0 0 0 0 0 0 0 0 0 0 0 0 0 0 0 0 0 0 0 0 0 0 0 0 0 0 0 0 0 0 0 0 0 0 0 0 0
2002100121 0 0 0 0 0 0 0 0 0 0 0 0 0 0 0 0 0 0 0 0 0 0 0 0 0 0 0 0 0 0 0 0 0 0 0 0 0 0 0 0 0 0
2002100122 0 0 0 0 0 0 0 0 0 0 0 0 0.1 0 0 0 0 0 0 0 0 0 0 0 0 0 0 0 0 0 0 0 0 0 0 0 0 0 0 0.1 0 0
2002100123 0 0 0 0.1 0 0 0 0 0 0 0 0 0 0 0 0 0 0 0.1 0 0 0 0 0 0 0 0 0 0 0 0 0 0 0 0 0 0.1 0 0 0 0 0
2002100200 0 0 0 0 0 0 0 0 0 0 0 0 0 0 0 0 0 0 0 0.1 0 0 0 0 0.1 0 0 0 0 0 0 0 0.1 0 0 0 0 0 0.1 0 0 0
2002100201 0 0 0 0 0 0 0.1 0 0 0 0 0 0 0 0 0 0 0 0 0 0 0 0 0 0 0 0.1 0 0 0 0 0 0 0 0 0 0 0.1 0 0 0.1 0
2002100202 0 0 0 0 0 0 0 0 0 0 0 0 0 0 0 0 0 0 0 0 0 0 0 0 0 0 0 0.1 0 0.1 0 0 0 0 0 0 0.1 0 0 0 0 0
2002100203 0 0 0 0 0 0 0 0 0 0 0 0 0 0 0 0 0 0 0 0 0 0 0 0 0 0 0 0 0 0 0 0 0 0 0 0 0 0 0 0.1 0 0
2002100204 0 0 0 0 0 0 0 0.1 0 0 0 0.1 0 0 0.1 0 0 0 0 0 0 0 0 0 0 0 0 0 0 0 0 0 0 0 0 0 0 0 0 0 0 0
2002100205 0.1 0 0 0 0 0 0 0 0 0 0 0 0.1 0 0 0 0 0 0.1 0 0 0 0 0 0 0 0 0 0.1 0 0 0 0 0 0 0 0 0.1 0 0 0 0
2002100206 0 0 0 0 0 0 0 0 0 0 0 0 0 0 0 0 0 0 0 0 0 0 0 0 0 0 0 0 0 0 0 0 0 0 0 0 0 0 0 0 0 0
2002100207 0 0 0 0 0 0 0 0 0 0 0 0 0 0 0 0 0 0 0 0 0 0 0 0 0 0 0 0 0 0 0 0 0 0 0 0 0 0 0 0 0 0
2002100208 0 0 0 0 0 0 0 0 0 0 0 0 0 0 0 0 0 0 0 0 0 0 0 0 0 0 0 0 0 0 0 0 0 0 0 0 0 0 0 0 0 0
2002100209 0 0 0 0 0 0 0 0 0 0 0 0 0 0 0 0 0 0 0 0 0 0 0 0 0 0 0 0 0 0 0 0 0 0 0 0 0 0 0 0 0 0
2002100210 0 0 0 0 0 0 0 0 0 0 0 0 0 0 0 0 0 0 0 0 0 0 0 0 0 0 0 0 0 0 0 0 0 0 0 0 0 0 0 0 0 0
2002100211 0 0 0 0 0 0 0 0 0 0 0 0 0 0 0 0 0 0 0 0 0 0 0 0 0 0 0 0 0 0 0 0 0 0 0 0 0 0 0 0 0 0
2002100212 0 0 0 0 0 0 0 0 0 0 0 0 0 0 0 0 0 0 0 0 0 0 0 0 0 0 0 0 0 0 0 0 0 0 0 0 0 0 0 0 0 0
2002100213 0 0 0 0 0 0 0 0 0 0 0 0 0 0 0 0 0 0 0 0 0 0 0 0 0 0 0 0 0 0 0 0 0 0 0 0 0 0 0 0 0 0
2002100214 0 0 0 0 0 0 0 0 0 0 0 0 0 0 0 0 0 0 0 0 0 0 0 0 0 0 0 0 0 0 0 0 0 0 0 0 0 0 0 0 0 0
2002100215 0 0 0 0 0 0 0 0 0 0 0 0 0 0 0 0 0 0 0 0 0 0 0 0 0 0 0 0 0 0 0 0 0 0 0 0 0 0 0 0 0 0
2002100216 0 0 0 0 0 0 0 0 0 0 0 0 0 0 0 0 0 0 0 0 0 0 0 0 0 0 0 0 0 0 0 0 0 0 0 0 0 0 0 0 0 0
2002100217 0 0 0 0 0 0 0 0 0 0 0 0 0 0 0 0 0 0 0 0 0 0 0 0 0 0 0 0 0 0 0 0 0 0 0 0 0 0 0 0 0 0
2002100218 0 0 0 0 0 0 0 0 0 0 0 0 0 0 0 0 0 0 0 0 0 0 0 0 0 0 0 0 0 0 0 0 0 0 0 0 0 0 0 0 0 0
2002100219 0 0 0 0 0 0 0 0 0 0 0 0 0 0 0 0 0 0 0 0 0 0 0 0 0 0 0 0 0 0 0 0 0 0 0 0 0 0 0 0 0 0
2002100220 0 0 0 0 0 0 0 0 0 0 0 0 0 0 0 0 0 0 0 0 0 0 0 0 0 0 0 0 0 0 0 0 0 0 0 0 0 0 0 0 0 0
2002100221 0 0 0 0 0 0 0 0.5 0 0 0 0 0 0 0 0 0 0 0 0 0 0 0 0 0 0 0 0 0 0 0 0 0.2 0 0 0 0 0 0 0 0 0
2002100222 0 0 0 0 0 0 0 0 0 0 0 0 0 0 0 0 0 0 0 0 0 0 0 0 0 0 0 0 0 0 0 0 0 0 0 0 0 0 0 0 0 0.1
2002100223 0 0 0 0 0 0 0 0 0 0 0 0 0 0 0 0 0 0 0 0 0 0 0 0 0 0 0 0 0 0 0 0 0 0 0 0 0 0 0 0 0 0
2002100300 0 0 0 0 0 0 0 0 0 0 0 0 0 0 0 0 0 0 0 0 0 0 0 0 0 0 0 0 0 0 0 0 0 0 0 0 0 0 0 0 0 0
2002100301 0 0 0 0 0 0 0 0 0 0 0 0 0 0 0 0 0 0 0 0 0 0 0 0 0 0 0 0 0 0 0 0 0 0 0 0 0 0 0 0 0 0
2002100302 0 0 0 0 0 0 0 0 0 0 0 0 0 0 0 0 0 0 0 0 0 0 0 0 0 0 0 0 0 0 0 0 0 0 0 0 0 0 0 0 0 0
2002100303 0 0 0 0 0 0 0 0 0 0 0 0 0 0 0 0 0 0 0 0 0 0 0 0 0 0 0 0 0 0 0 0 0 0 0 0 0 0 0 0 0 0
2002100304 0 0 0 0 0 0 0 0 0 0 0 0 0 0 0 0 0 0 0 0 0 0 0 0 0 0 0 0 0 0 0 0 0 0 0 0 0 0 0 0 0 0
2002100305 0 0 0 0 0 0 0 0 0 0 0 0 0 0 0 0 0 0 0 0 0 0 0 0 0 0 0 0 0 0 0 0 0 0 0 0 0 0 0 0.1 0 0
2002100306 0 0 0 0 0 0 0 0 0 0 0 0 0 0 0 0 0 0 0 0 0 0 0 0 0 0 0 0 0 0 0 0 0 0 0 0 0 0 0 0 0 0
2002100307 0 0 0 0 0 0 0 0 0 0 0 0 0 0 0 0 0 0 0 0 0 0 0 0 0 0 0 0 0 0 0 0 0 0 0 0 0 0 0 0 0 0
2002100308 0 0 0 0 0 0 0 0 0 0 0 0 0 0 0 0 0 0 0 0 0 0 0 0 0 0 0 0 0 0 0 0 0 0 0 0 0 0 0 0 0 0
2002100309 0 0 0 0 0 0 0 0 0 0 0 0 0 0 0 0 0 0 0 0 0 0 0 0 0 0 0 0 0 0 0 0 0 0 0 0 0 0 0 0 0 0
2002100310 0 0 0 0 0 0 0 0 0 0.1 0 0 0 0 0 0 0 0 0 0 0 0 0 0 0 0 0 0 0 0 0 0 0 0 0 0 0 0 0 0 0 0
2002100311 0 0 0 0.1 0 0 0 0 0 0 0 0 0 0 0 0 0 0 0 0 0 0 0 0 0 0 0 0 0 0 0 0 0 0 0 0 0 0 0 0 0 0
2002100312 0 0 0 0 0 0 0 0 0 0 0 0 0 0 0 0 0 0 0 0 0 0 0 0 0 0 0 0 0 0 0 0 0 0 0 0 0 0 0 0 0 0
2002100313 0 0 0 0 0 0 0 0 0 0 0 0.1 0 0.1 0.1 0 0 0 0 0 0 0 0 0 0 0 0 0 0 0 0 0 0 0 0 0 0 0 0 0 0 0.1
2002100314 0 0 0 0 0 0 0 0 0 0 0 0 0.2 0 0.1 0.1 0 0 0 0 0.1 0 0 0 0 0 0 0 0 0 0 0 0 0 0 0 0 0 0 0 0 0
2002100315 0 0.2 0 0.1 0 0 0.1 0 0 0.1 0.1 0.1 0 0 0 0.1 0 0.1 0 0 0.1 0.1 0 0 0 0 0 0 0 0.3 0.2 0 0.1 0 0.3 0 0.1 0 0 0 0 0
2002100316 0.5 0 0.3 0.4 0.2 0.2 0.2 0.1 0.3 0 0.2 0.1 0 0 0 0 0 0.1 0.1 0 0 0 0.1 0.2 0.1 0.1 0 0 0.2 0.2 0.3 0 0.2 0.1 0.1 0 0.1 0.1 0 0 0 0.1
2002100317 0.3 0 0.3 0 0.5 0.6 0.6 0.2 0.3 0 0 0 0 0 0 0 0 0 0 0 0 0.1 0 0 0 0 0.1 0.1 0.4 0.2 0.2 0.1 0.3 0.1 0.2 0 0.1 0.3 0.1 0.1 0.4 0.3
2002100318 0 0 0 0 0.3 0.1 0.1 0.2 0.2 0 0 0.2 0 0 0 0 0.1 0 0 0 0 0 0 0 0 0 0 0 0 0 0 0 0 0 0 0 0 0.1 0 0 0.4 0.4
2002100319 0.2 1.6 1.3 0.7 0.1 0 0 0 0 5.4 0.1 1 7.4 0.4 0 0 6.6 0 0 0.5 0 0 0 0.1 0 0.1 0 0 0 0 0 0 0 0.2 0 0 0.1 0 0 0 0.1 0
2002100320 0.9 0.5 1.3 0.6 1.7 0.4 1 0 0.4 1.7 0.6 3.9 0.2 4.4 4.3 4.5 3 0.1 0.1 3 3.9 2.4 0.7 0.1 0 1.6 0 0 0 0 0.1 0.8 0 2.9 0 0 0 0.1 0 0 0 0
2002100321 0.5 0.3 0.3 0.4 1.4 2.3 1.7 0.5 2.5 0 0.1 2 0.2 0 0.1 2.5 0.2 0.6 0.2 1.7 1 1.7 1.1 2 1.1 0.7 0.3 0 0.1 2.3 1.2 0.8 0.5 1.4 1.9 0 0.1 0.3 0 0 0 0.2
2002100322 1.3 0.1 0.8 0.4 1.1 1.2 1.1 1.2 0.3 0 0.3 0.4 0 0 0 0 0 0.2 0.5 1.2 1.2 1.3 0.1 2.2 2.5 2 0.9 0.6 1.3 1.1 0.4 0.3 1.2 0.6 0.6 0 0.2 0.2 0.9 0.1 0.4 3
2002100323 0.4 0 0.2 0 1 1.4 2.2 0.4 0.3 0.2 0 0 0.1 0.3 0 0.1 0 0.4 0.3 0.3 1.5 1.6 0.3 0 0.3 0 0.6 0.7 0.5 0.3 0.3 0.2 0.1 0 0.9 0 0.1 0.2 1.2 0.1 0.5 0.3
2002100400 0 0 0 0 0.2 0.3 0.3 0.4 0 0.1 0 0.4 0 0 0.2 0 0.1 0.3 0 0.1 0.3 0.7 0.1 0 0 0.1 0 0.1 1.5 1 0.7 0.3 0.4 0.3 0.1 0 0.1 0.3 0.7 0.4 0.3 0.4
2002100401 0 0 0.1 0 0 0.1 0 0 0 0 0 0.1 0 0 0 0.1 0 0 0.1 0.1 0.1 0 0.1 0 0.1 0 0 0 0.5 0 0 0 0 0.2 0 0 0.1 0.4 0.9 0 0.2 0
2002100402 0 0 0 0 0.1 0.2 0.2 0.1 0.1 0 0 0 0 0 0 0 0 0 0 0 0 0.1 0 0.1 0 0 0.2 0.1 0 0 0.1 0 0.1 0 0.2 0 0 0 0.5 0 0.1 0
2002100403 0.1 0.1 0 0 0 0.1 0 0.1 0 0 0.1 0.1 0.1 0 0 0 0 0 0 0 0 0 0 0 0 0.1 0 0 0.1 0 0 0 0 0 0 0 0.1 0 0.2 0.1 0.1 0.3
2002100404 0 0 0.1 0.1 0 0 0 0 0 0.1 0 0 0 0.1 0 0.1 0 0 0 0.1 0 0 0 0 0 0 0 0 0 0 0 0 0 0.1 0 0 0.1 0 0.3 0 0.1 0
2002100405 0 0 0 0 0 0 0 0 0.1 0 0 0 0 0 0.1 0 0 0.1 0 0 0 0 0 0 0.1 0 0 0 0 0.1 0 0 0 0 0 0 0 0 0 0 0 0
2002100406 0 0.1 0 0 0 0 0 0 0 0 0.1 0 0.1 0 0 0 0.1 0 0 0 0 0 0 0 0 0 0.1 0 0 0 0 0 0 0 0 0 0.1 0 0 0.1 0 0
2002100407 0 0 0 0 0 0 0 0 0 0 0 0 0 0 0 0 0 0 0 0 0 0 0 0 0 0 0 0 0 0 0 0 0 0 0 0 0.3 0.1 0 0 0.1 0.1
2002100408 0 0 0 0 0 0 0 0 0 0 0 0 0 0 0 0 0 0 0 0 0 0 0 0 0 0 0 0 0 0 0 0 0 0 0 0 0 0 0 0 0 0
2002100409 0 0 0 0 0 0 0 0 0 0 0 0 0 0 0 0 0 0 0 0 0 0 0 0 0 0 0 0 0 0 0 0 0 0 0 0 0 0 0 0 0 0
2002100410 0 0 0 0 0 0 0 0 0 0 0 0 0 0 0 0 0 0 0 0 0 0 0 0 0 0 0 0 0 0 0 0 0 0 0 0 0 0 0 0 0.1 0
2002100411 0 0 0 0 0 0 0 0 0 0 0 0 0 0 0 0 0 0 0 0 0 0 0 0 0 0 0 0 0 0 0 0 0 0 0 0 0 0 0 0 0.1 0
2002100412 0 0 0 0 0 0 0 0 0 0 0 0 0 0 0.1 0 0 0 0 0 0 0 0 0 0 0 0 0 0 0 0 0 0 0.1 0 0 0 0 0 0 0 0
2002100413 0 0 0 0 0 0 0 0 0 0 0 0 0 0 0 0 0 0 0 0.1 0 0 0 0 0 0 0 0 0 0 0 0 0 0 0 0 0 0 0 0 0.1 0
2002100414 0 0 0 0 0 0 0 0 0 0 0 0 0 0 0 0 0 0 0 0 0 0 0 0 0 0 0 0 0 0 0 0 0 0 0 0 0 0 0 0 0 0
2002100415 0 0 0 0 0 0 0 0 0 0 0 0 0 0 0 0 0 0 0 0 0 0 0 0 0 0 0 0 0 0 0 0 0 0 0 0 0 0 0 0 0 0
2002100416 0 0 0 0 0 0 0 0 0 0 0 0 0 0 0 0 0 0 0 0 0 0 0 0 0 0 0 0 0 0 0 0 0 0 0 0 0 0 0 0 0 0
2002100417 0 0 0 0 0 0 0 0 0 0 0 0 0 0 0 0 0 0 0 0 0 0 0 0 0 0 0 0 0 0 0 0 0 0 0 0 0 0 0 0 0.1 0
2002100418 0 0 0 0 0 0 0 0 0 0 0 0 0 0 0 0 0 0 0 0 0 0 0 0 0 0 0 0 0 0 0 0 0 0 0 0 0 0 0 0 0 0
2002100419 0 0 0 0 0 0 0 0 0 0 0 0 0 0 0 0 0 0 0 0 0 0 0 0 0 0 0 0 0 0 0 0 0 0 0 0 0 0 0 0 0 0
2002100420 0 0 0 0 0 0 0 0 0 0 0 0 0 0 0 0 0 0 0 0 0 0 0 0 0 0 0 0 0 0 0 0 0 0 0 0 0 0 0 0 0 0
2002100421 0 0 0 0 0 0 0 0 0 0 0 0 0 0 0 0 0 0 0 0 0 0 0 0.1 0 0 0 0 0 0 0 0 0 0 0 0 0 0 0 0 0 0
2002100422 0 0 0 0 0 0 0 0 0 0 0 0 0 0 0 0 0 0 0 0 0 0 0 0 0 0 0 0 0 0 0 0 0 0 0 0 0 0 0 0 0 0
2002100423 0.1 0 0 0 0 0 0 0 0 0 0 0 0 0 0 0 0 0 0 0 0 0 0 0 0 0 0 0 0 0 0 0 0 0 0 0 0 0 0 0 0 0
2002100500 0 0 0 0 0 0 0 0 0 0 0 0 0 0 0 0 0 0 0 0 0 0 0 0 0 0 0 0 0 0 0 0.1 0 0 0 0 0 0 0 0 0 0
2002100501 0 0 0 0.1 0 0 0 0 0 0 0 0 0.1 0 0.1 0.1 0 0 0 0 0 0 0 0 0.1 0 0 0.1 0 0 0 0 0.1 0 0 0 0.1 0 0.1 0.1 0 0
2002100502 0 0 0 0 0 0 0 0 0 0.1 0 0 0 0 0 0 0 0 0 0 0 0 0 0 0 0.1 0 0 0.1 0 0.1 0 0 0 0 0.1 0 0.1 0 0 0 0
2002100503 0 0 0 0 0 0 0.1 0 0 0 0 0 0 0 0 0 0.1 0 0.1 0 0 0 0 0 0 0 0.1 0 0 0 0 0.1 0 0 0 0 0 0 0 0 0 0
2002100504 0 0 0 0 0 0 0 0 0 0.1 0 0.1 0.1 0 0 0.1 0 0.1 0 0 0.1 0 0 0 0 0.1 0 0 0 0 0.1 0 0 0.1 0 0 0 0 0 0 0 0
2002100505 0 0 0 0 0 0 0 0 0 0 0 0 0 0.1 0 0 0 0 0 0 0 0 0.1 0 0 0 0 0.1 0 0 0 0 0 0 0 0 0.1 0 0 0.1 0 0
2002100506 0 0 0.1 0 0 0 0 0 0 0 0 0 0 0 0.1 0 0.1 0 0 0 0 0 0 0.1 0 0.1 0 0 0 0 0 0 0 0 0 0 0 0 0.1 0 0 0
2002100507 0 0 0 0 0 0 0 0 0 0 0 0 0 0 0 0 0 0 0 0 0 0 0 0 0 0 0.1 0 0 0 0 0 0 0 0 0 0 0 0 0 0 0
2002100508 0.2 0 0.1 0.2 0.1 0 0 0 0 0 0 0 0 0 0 0 0 0 0 0 0 0 0 0 0 0 0 0 0 0 0 0 0 0 0 0 0 0 0 0 0 0
2002100509 0 0 0.3 0.6 0 0.2 0.1 0 0 0 0 0 0 0 0 0 0 0 0 0 0 0.1 0 0 0 0 0 0 0 0 0 0 0 0 0 0 0 0 0 0 0 0
2002100510 0.3 0 0.5 0.1 0.5 0.6 0.6 0 0.2 0 0 0 0 0 0 0 0 0 0 0 0 0 0 0 0 0 0 0 0 0 0 0 0.1 0 0 0 0 0 0 0 0 0
2002100511 0.1 0.1 0.7 0.1 0.1 0 0.5 0.1 0.2 0 0.3 0 0 0 0 0 0 0 0 0 0 0 0 0 0 0 0 0 0 0 0 0 0 0 0 0 0 0 0 0 0 0.2
2002100512 0 0 0 0 0 0 0 0.3 0.1 0 0 0 0 0 0 0 0 0 0.1 0 0 0 0 0 0 0 0 0 0 0 0 0 0 0 0 0 0 0 0 0 0 0.2
2002100513 0 0 0 0 0 0 0 0 0 0 0 0 0 0 0 0 0 0 0 0 0 0 0 0 0 0 0 0 0 0 0 0 0 0 0 0 0 0 0 0 0 0
2002100514 0.4 0.7 0.1 0.1 0.2 0 0.2 0 0.4 0.1 0.5 0 0 0 0 0 0 0 0 0 0 0 0 0 0 0 0 0 0 0 0 0 0 0 0 0 0 0 0 0 0 0
2002100515 0.1 0.2 0.4 0 1.1 1.1 1 0.2 1.7 0.6 0.5 0.5 0.4 0 0.3 0.2 0 0 0 0 0 0 0 0 0 0 0 0 0.1 0 0 0 1 0.7 0.6 0.6 0.2 0 0 0 0 0.1
2002100516 0.4 0.2 0.3 0.2 0.5 0 0.6 0.9 0.7 0.4 0 0.6 0.8 0.2 0.6 0.6 0 0 0.1 0 0.7 0.8 0 0 0 0 0 0 1 0.8 0.6 0.5 1.2 0.3 0.6 0.1 0.2 0.9 0 0 0 0.5
2002100517 1.3 2 2.1 1.1 2.5 1.6 3 0.8 1.8 0.7 1.3 1.2 1 0.8 1.1 1.2 0 0.2 0.5 0 0.2 0.2 0.2 0.5 0.4 0 0 0.3 1.8 0.5 0.4 0.3 0.7 0.8 0.3 0.3 0.3 0.4 0 0 0 0.5
2002100518 1.3 1.8 2.3 1.3 4.5 3.8 3.8 1.5 4.6 0.8 1.3 1.6 0.9 0.4 0.7 1.2 0 0.1 0.1 0 0.2 0.9 0 0 0 0 0.1 0.1 0.7 0.9 1 1.2 3.4 2.1 2 1.3 1 1.2 0 0 0 2.1
2002100519 1.6 5.4 3.3 1.6 1.6 3.3 2.6 3.9 3.2 2.1 4.5 2.3 1.9 0.3 0.6 1.1 0.5 0.4 0.7 0.3 0.6 0.6 0.4 0.1 0 0 0.1 0 1.7 1.2 0.8 0.9 4.1 2.9 3.2 1.9 0.9 1 0 0 0 2.8
2002100520 1.7 1.4 2.8 1 4.3 5.7 4.3 4.4 5.3 0.3 2.8 2 0.1 1.3 0.5 0.9 1.2 1.3 1.5 0.8 1.1 1.4 1.2 0.9 0.7 0.5 1.1 0.2 1.8 2.1 0.9 1.1 4.6 2.2 3.2 1.7 1.6 1.6 0.1 0.3 0 5.9
2002100521 0 0.2 0.2 0 1 0.5 0.6 2.3 1.8 0.2 0.1 0.3 0.5 0.1 0.1 0.1 0 2 3.2 0.9 0.5 0.5 0.9 1.1 0.6 1 2.4 0.2 2.3 1.9 1.4 1.3 5.8 0.7 2.1 0.7 0.3 2.9 1.1 1.1 0.1 2.5
2002100522 0 1 0.3 0.3 0.1 0.1 0.2 0.1 0.3 1 0.1 0.3 2.4 0.3 1 0.7 0.2 0 0.1 0.1 0.2 0.1 0.2 0.5 0.4 0.6 0.6 0.2 0.1 0.2 0.1 0.1 0.4 0.4 0.3 0.2 0.1 0.3 0.4 0.3 0.1 0.1
2002100523 0 0.8 0.2 0 0 0.3 0.5 1 0.8 2.7 1.4 2.4 5.8 3.2 2.9 1.5 5 0.8 0.2 1.3 0.7 0.3 1.4 1.3 0.3 1.1 0.3 0.1 0.5 0.3 0.1 0.4 2.3 2 1 1.4 0.6 0.1 0.1 0.2 0 0.5
2002100600 0 0.1 0.1 0 0 0.1 0 2.5 0 1.1 0.4 2.3 1.3 3.9 1.7 2.2 9.5 5.9 2.9 8.5 2.4 1.8 6.8 8.1 5.7 7.1 2.6 0.1 2 4.4 1.3 2.3 2.3 3.2 2.7 2.2 4.5 0.9 1.1 2.1 0.1 0.6
2002100601 0 0 0 0 0 0 0 1.1 0 0.1 0 0.1 0.3 0.7 0.2 0.3 0.7 2.9 1.6 1.4 0.6 0.4 7.7 2.9 3.7 1.9 9.1 0.1 1.1 1.9 0.7 1.1 1.5 0.1 0.7 0.5 0.3 1.4 5.3 5 0.1 0.5
2002100602 0.3 0 0.1 0.1 1.3 0 0.2 0.1 0.1 0 0 0 0.2 0.7 0.4 0.4 0.8 1.5 0.8 0.6 0.6 0.7 0.9 1.1 1.6 1.4 0.9 0.2 0.4 0.3 0.5 1.3 0.3 0 0.2 0.3 0.3 0.9 2.5 4.4 0.1 0
2002100603 2.3 0 0.1 0 1.2 0.4 0.5 0.9 1 0.1 0.1 0.2 0.1 1.1 0.4 0.6 1.8 1.1 1.1 1 1.2 0.5 1 0.4 0.2 0.2 0.6 0.1 0.9 0.5 0.2 0.8 0.8 0 0.3 0.5 0.7 0.4 1.7 0.4 0 0.5
2002100604 0.1 0.1 0 0.1 0.1 1.1 0.1 0.1 0.1 0 0 0 0.1 0.4 0 0.3 1.4 2.2 0.7 2 0.2 1.1 1.9 1.2 0.8 0.7 1.6 0.2 1.7 1.4 0.7 1.2 0.7 0.1 0.5 0.4 0.9 1.1 0 0.4 0.1 1.8
2002100605 0.1 0 0.1 0.1 0 0.2 0.8 0.1 0.7 0.1 0 0 0.1 0 0 0 0.2 0.8 0.3 0.7 0 0 1.9 3.8 3.6 1.9 1.2 0.1 0.4 0.5 0.2 0 0 0 0 0 0.1 1 0.7 1.2 0.2 0.3
2002100606 0.1 0 1.4 1.4 0.9 0.2 1.3 1.1 0.6 0.4 0.7 0.2 0.2 0.7 0.1 0.7 0 0 0 0 0 0 0.1 0 0.2 0.1 0.1 0.1 0.2 0 0 0 1.5 0 0 0 0 0 1 1.1 0.2 0.3
2002100607 0.5 0.4 0.7 0.1 0 0.2 0.1 0.9 0.6 0 0.2 0.3 0 0.5 0.1 0.1 1.1 0.1 0.3 0 0.3 0.2 0 0.3 0.1 0 0.3 0.1 0.6 0 0.2 0.6 2.2 0 0.4 0.5 0.2 0 0 0 0.2 0.5
2002100608 0.4 0.1 0.9 0.2 1.3 1.2 2.2 0.3 1 0 0 0.9 0.6 0.1 0 0.1 0 0 0 0.2 0.1 0 0.2 0.6 0.2 0.5 0 0.1 0 0.3 0.4 0 1.5 0.5 0.4 0.6 0.4 0 0 0 0.2 0.2
2002100609 0 0 0.3 0 1.7 0.4 0.5 1 1 0.1 0 0.3 0 0 0 0.1 0 0.2 0.7 0.1 0.3 0.7 0.1 0 0.2 0.3 0.4 0.2 0.6 1.6 0.8 1.9 3.9 0.4 0.6 0.3 0.2 0.3 0 0 0.1 0.8
2002100610 0 0 0 0.1 1.6 0.1 0.3 0.2 0.7 0 0 0 0 0 0 0 0 0.2 0.4 0 0 0.4 0.2 0 0.4 0.2 0 0 0.4 0.4 0.2 1.1 1.2 0 0.1 0 0 0.6 0 0 0.2 0.2
2002100611 0 0 0 0 1.2 0 0.5 0.3 0.4 0 0 0 0 0 0 0 0 0 0.1 0 0 0 0.1 0 0 0 0.2 0.1 0 0 0.1 0 0.7 0 0 0 0 0.2 0 0 0.1 0.4
2002100612 0 0 0 0 0.6 0.1 0.8 0.1 0.2 0 0 0 0 0 0 0 0 0 0.3 0 0 0.1 0 0.1 0.1 0.2 0.2 0.1 0.1 0 0 0 0.4 0 0 0 0 0 0 0 0.2 0
2002100613 0 0 0 0 0.3 0 0.3 0.1 0 0 0 0 0 0 0 0 0 0 0 0 0 0 0 0 0 0 0 0.1 0 0 0 0 0.4 0 0 0 0 0 0 0 0.1 0.1
2002100614 0 0 0 0 0 0.1 0.1 0 0.1 0 0 0 0 0 0 0 0 0 0 0 0 0 0 0 0 0 0 0.1 0 0 0 0 0.2 0 0 0 0 0 0 0 0.1 0.2
2002100615 0 0 0 0 0 0 0 0.1 0 0 0 0 0 0 0 0 0 0 0 0 0 0 0 0 0 0 0 0.1 0 0.1 0 0 0.5 0 0 0 0 0 0 0 0.1 0.1
2002100616 0 0 0 0 0 0 0 0 0 0 0 0 0 0 0 0 0 0 0 0 0 0 0 0 0 0 0 0.1 0 0 0 0 0 0 0 0 0 0 0 0 0.1 0
2002100617 0 0 0 0 0.1 0 0 0 0 0 0 0 0 0 0 0 0 0 0 0 0 0 0 0 0 0 0 0 0 0 0 0 0 0 0 0 0 0 0 0 0.1 0
2002100618 0 0 0 0 0 0 0 0 0 0 0 0 0 0 0 0 0 0 0 0 0 0 0 0 0 0 0 0.1 0 0 0 0 0 0 0 0 0 0 0 0 0.1 0
2002100619 0 0 0 0 0 0 0 0 0 0 0 0 0 0 0 0 0 0 0 0 0 0 0 0 0 0 0 0.1 0 0 0 0 0 0 0 0 0 0 0 0 0.1 0
2002100620 0 0 0 0 0 0 0 0 0 0 0 0 0 0 0 0 0 0 0 0 0 0 0 0 0 0 0 0.1 0 0 0 0 0.1 0 0 0 0 0 0 0 0.1 0
2002100621 0 0 0 0 0 0 0 0 0 0 0 0 0 0 0 0 0 0 0 0 0 0 0 0 0 0 0 0.1 0 0.1 0.1 0 0 0 0 0 0 0 0 0 0 0
2002100622 0 0 0 0 0 0 0 0 0 0 0 0 0 0 0 0 0 0 0 0 0 0 0 0 0 0 0 0 0 0 0 0.1 0 0 0 0 0.1 0 0 0 0.1 0
2002100623 0 0 0 0 0.1 0 0 0 0 0 0 0 0.1 0 0 0 0 0 0 0 0 0 0 0 0 0.1 0 0.1 0 0 0 0 0 0 0 0 0 0 0 0.1 0.1 0
2002100700 0.1 0 0 0 0 0 0 0.1 0 0 0 0 0 0 0.1 0.1 0 0 0 0 0 0 0.1 0 0 0 0 0 0 0 0.1 0 0.1 0 0 0 0 0 0 0 0.1 0
2002100701 0 0.1 0 0 0 0 0 0 0.1 0 0 0.1 0 0 0 0 0 0.1 0 0 0.1 0 0 0 0.1 0.1 0 0.1 0 0 0 0 0 0 0 0 0.1 0 0 0 0 0
2002100702 0 0 0 0 0 0 0 0 0 0 0 0 0 0.1 0.1 0 0.1 0 0 0 0 0 0.1 0 0 0 0 0 0 0 0 0 0.1 0 0 0 0 0 0 0 0.1 0
2002100703 0 0 0 0 0.1 0 0 0 0 0 0 0 0 0 0 0 0 0 0 0 0 0.1 0 0 0 0.1 0 0.1 0 0 0.1 0 0 0 0 0.1 0 0 0 0.1 0.1 0.1
2002100704 0 0 0 0.1 0 0 0 0 0.1 0 0.1 0 0.1 0 0 0 0 0 0 0.1 0 0 0 0 0 0 0 0 0 0 0 0 0.1 0 0 0 0 0 0.1 0 0 0
2002100705 0 0 0 0 0 0 0 0.1 0 0 0.1 0 0 0 0 0 0 0.1 0 0 0 0 0 0 0 0 0 0.1 0 0 0 0 0 0 0 0 0.1 0 0 0 0.1 0
2002100706 0.1 0.1 0.2 0 0 0.1 0.1 0 0 0.2 0 0.1 0 0 0 0 0 0 0 0 0 0 0 0 0 0.1 0 0 0 0 0.1 0.2 0 0 0 0.1 0 0 0 0 0 0.1
2002100707 0 0 0 0 0 0 0.1 0 0 0 0 0 0 0.1 0 0.1 0.1 0 0.2 0 0 0 0.1 0 0 0 0.2 0 0.1 0.2 0 0.1 0 0.2 0.2 0 0 0.1 0 0 0.1 0
2002100708 0 0 0 0 0 0 0 0 0 0 0 0 0 0 0 0 0 0 0 0 0 0 0 0 0 0 0 0.1 0 0 0 0 0 0 0 0 0 0.1 0 0 0.1 0
2002100709 0 0 0 0 0 0 0 0 0 0 0 0 0 0 0 0 0 0 0 0 0 0 0 0 0 0 0 0 0 0 0 0 0 0 0 0 0 0 0 0 0 0
2002100710 0 0 0 0 0 0 0 0 0 0 0 0 0 0 0 0 0 0 0 0 0 0 0 0 0 0 0 0 0 0 0 0 0 0 0 0 0 0 0 0 0 0
2002100711 0 0 0 0 0 0 0 0 0 0 0 0 0 0 0 0 0 0 0 0 0 0 0 0 0 0 0 10.3 0 0 0 0 0 0 0 0 0 0 0 0 0.1 0
2002100712 0 0 0 0 0 0 0 0 0 0 0 0 0 0 0 0 0 0 0 0 0 0 0 0 0 0 0 0 0 0 0 0 0 0 0 0 0 0 0 0 0.5 0
2002100713 0 0 0 0 0 0 0 0 0 0 0 0 0 0 0 0 0 0 0 0 0 0 0 0 0 0 0 0 0 0 0 0 0 0 0 0 0 0 0 0 0.8 0
2002100714 0 0 0 0 0 0 0 0 0 0 0 0 0 0 0 0 0 0 0 0 0 0 0 0 0 0 0 0 0 0 0 0 0 0 0 0 0 0 0 0 0.8 0
2002100715 0 0 0 0 0 0 0 0 0 0 0 0 0 0 0 0 0 0 0 0 0 0 0 0.1 0 0 0 0 0 0 0 0 0 0 0 0 0 0 0 0 0.6 0
2002100716 0 0 0 0 0 0 0 0 0 0 0 0 0 0 0 0 0 0 0 0 0 0 0 0 0 0 0 0 0 0 0 0 0 0 0 0 0 0 0 0.1 0.6 0
2002100717 0 0 0 0 0 0 0 0 0 0 0 0 0 0 0 0 0 0 0 0 0 0 0 0 0 0 0 0 0 0 0 0 0 0 0 0 0 0 0 0 0.5 0
2002100718 0.1 0 0 0.2 0 0 0 0 0 0 0 0 0 0 0 0 0 0 0 0 0 0 0 0 0 0 0 0 0 0 0 0 0 0 0 0 0 0 0 0 0.5 0
2002100719 0 0 0 0 0 0 0 0 0 0 0 0 0 0 0 0 0 0 0 0 0 0 0 0 0 0 0 0 0 0 0 0 0 0 0 0 0 0 0 0 0.4 0
2002100720 0 0 0 0 0.1 0 0 0 0 0 0 0 0 0 0 0 0 0 0 0 0 0 0 0 0 0 0 0 0 0 0 0 0 0 0 0 0 0 0 0 0.4 0
2002100721 0.1 0 0 0 0 0 0 0 0 0 0 0 0 0 0 0 0 0 0 0 0 0 0 0 0 0 0 0 0 0 0 0 0 0 0 0 0 0 0 0 0.3 0
2002100722 0.4 0 0 0 0 0 0 0 0 0 0 0 0 0 0 0 0 0 0 0 0 0 0 0 0 0 0 0 0 0 0 0 0 0 0 0 0 0 0 0 0.3 0
2002100723 0 0 0 0 0 0.2 0.1 0 0 0 0 0 0 0 0 0 0 0 0 0 0 0 0 0 0 0 0 0 0 0 0 0 0 0 0 0 0 0 0.1 0 0.4 0
2002100800 0 0 0 0 0 0 0 0 0 0 0 0 0 0 0 0 0 0 0 0 0 0 0 0 0 0 0 0 0 0 0 0 0 0 0 0 0 0 0 0 0.3 0
2002100801 0 0 0 0 0 0 0 0 0 0 0 0 0 0.1 0 0 0 0 0 0 0 0 0 0 0 0 0 0 0 0 0 0 0 0 0 0 0 0 0 0.1 0.2 0
2002100802 0 0 0 0 0 0 0 0 0 0 0 0 0 0 0 0 0.1 0 0 0 0 0 0 0 0 0 0 0 0 0 0 0 0.1 0 0 0 0 0 0 0 0.3 0
2002100803 0 0 0 0 0 0 0 0 0 0 0 0 0 0 0 0 0 0 0 0 0 0 0 0 0 0 0 0 0 0 0 0 0 0 0 0 0 0 0 0 0.3 0
2002100804 0 0 0 0 0 0 0 0 0 0 0 0 0.1 0 0 0 0 0 0 0 0 0 0 0 0.1 0 0 0.1 0 0 0 0 0 0 0 0 0 0 0.1 0 0.2 0
2002100805 0 0 0 0 0 0 0.1 0 0 0 0 0 0 0 0.1 0 0 0 0 0 0 0 0 0 0 0 0 0 0 0 0 0 0 0 0 0 0 0 0 0 0.3 0
2002100806 0 0 0.1 0 0 0.1 0 0 0 0 0 0 0 0 0 0 0 0 0 0 0 0 0 0 0 0.1 0.1 0 0 0 0 0 0 0 0 0 0 0 0 0.1 0.2 0
2002100807 0 0 0 0 0 0 0 0 0 0 0 0 0 0 0 0 0 0 0 0 0 0 0.1 0 0 0 0 0 0 0 0 0 0 0 0 0 0 0 0 0 0.3 0
2002100808 0 0 0 0 0 0 0 0 0 0 0 0 0 0 0 0 0 0 0 0 0 0 0 0 0 0 0 0 0 0 0 0 0 0 0 0 0 0 0 0 6 0
2002100809 0 0 0 0 0 0 0 0 0 0 0 0 0 0 0 0 0 0 0 0 0 0 0 0 0 0 0 0 0 0 0 0 0 0 0 0 0 0 0 0 0 0
2002100810 0 0 0 0 0 0 0 0 0 0 0 0 0 0 0 0 0 0 0 0 0 0 0 0 0 0 0 0 0 0 0 0 0 0 0 0 0 0 0 0 0 0
2002100811 0 0 0 0 0 0 0 0 0 0 0 0 0 0 0 0 0 0 0 0 0 0 0 0 0 0 0 0 0 0 0 0 0 0 0 0 0 0 0 0 0 0
2002100812 0 0 0 0 0 0 0 0 0 0 0 0 0 0 0 0 0 0 0 0 0 0 0 0 0 0 0 0 0 0 0 0 0 0 0 0 0 0 0 0 0 0
2002100813 0 0 0 0 0 0 0 0 0 0 0 0 0 0 0 0 0 0 0 0 0 0 0 0 0 0 0 0 0 0 0 0 0 0 0 0 0 0 0 0 0 0
2002100814 0 0 0 0 0 0 0 0 0 0 0 0 0 0 0 0 0 0 0 0 0 0 0 0 0 0 0 0 0 0 0 0 0 0 0 0 0 0 0 0 0 0
2002100815 0 0 0 0 0 0 0 0 0 0 0 0 0 0 0 0 0 0 0 0 0 0 0 0 0 0 0 0 0 0 0 0 0 0 0 0 0 0 0 0 0 0
2002100816 0 0 0 0 0 0 0 0 0 0 0 0 0 0 0 0 0 0 0 0 0 0 0 0 0 0 0 0 0 0 0 0 0 0 0 0 0 0 0 0 0 0
2002100817 0 0 0 0 0 0 0 0 0 0 0 0 0 0 0 0 0 0 0 0 0 0 0 0 0 0 0 0 0 0 0 0 0 0 0 0 0 0 0 0 0 0
2002100818 0 0 0 0 0 0 0 0 0 0 0 0 0 0 0 0 0 0 0 0 0 0 0 0 0 0 0 0 0 0 0 0 0 0 0 0 0 0 0 0 0 0
2002100819 0 0 0 0 0 0 0 0 0 0 0 0 0 0 0 0 0 0 0 0 0 0 0 0 0 0 0 0 0 0 0 0 0 0 0 0 0 0 0 0 0 0
2002100820 0 0 0 0 0 0 0 0 0 0 0 0 0 0 0 0 0 0 0 0 0 0 0 0 0 0 0 0 0 0 0 0 0 0 0 0 0 0 0 0 0 0
2002100821 0 0 0 0 0 0 0 0 0 0 0 0 0 0 0 0 0 0 0 0 0 0 0 0 0 0 0 0 0 0 0 0 0 0 0 0 0 0 0 0 0 0
2002100822 0 0 0 0 0 0 0 0 0 0 0 0 0 0 0 0 0 0 0 0 0 0.1 0 0 0 0 0 0 0 0 0 0 0 0 0 0 0 0 0 0 0 0
2002100823 0 0 0 0 0 0 0 0 0 0 0 0 0 0 0 0 0 0 0 0 0 0 0 0 0 0 0 0 0 0 0 0 0 0 0 0 0 0 0 0 0 0
2002100900 0 0 0 0 0 0 0 0 0 0 0 0 0 0 0 0 0 0 0 0 0 0 0 0 0 0 0 0 0 0 0 0 0 0 0 0 0 0 0 0 0 0
2002100901 0 0 0 0 0 0 0 0 0 0 0 0 0.1 0 0 0 0.1 0 0 0 0 0 0 0 0 0 0 0 0 0 0 0 0.1 0 0 0 0 0 0 0 0 0
2002100902 0 0 0 0 0 0 0 0 0 0 0 0 0 0 0 0 0 0 0 0 0 0 0 0 0 0 0 0 0 0 0 0 0 0 0 0 0 0 0 0 0 0
2002100903 0 0 0 0 0 0 0 0 0 0 0 0 0 0 0 0 0 0 0 0 0 0 0 0 0 0 0 0 0 0 0 0 0 0 0 0 0 0 0 0 0 0
2002100904 0 0 0 0 0 0 0 0 0 0 0 0 0 0 0.1 0 0.1 0 0 0 0 0 0 0 0 0 0 0 0 0 0 0 0 0 0 0 0 0.1 0 0 0 0
2002100905 0 0 0 0 0 0 0 0 0 0 0 0 0 0 0 0 0 0 0 0 0 0 0.1 0 0 0 0 0 0 0 0 0 0 0 0 0 0 0 0 0 0 0
2002100906 0 0 0 0 0 0 0 0 0 0 0 0 0 0.1 0 0.1 0 0 0 0 0 0 0 0 0 0.1 0 0 0 0 0 0 0 0 0 0 0 0 0 0 0 0
2002100907 0 0 0 0 0 0 0 0 0 0 0 0.1 0 0 0 0 0 0 0 0.1 0 0 0 0.2 0.2 0 0 0.1 0.2 0 0 0 0 0 0 0.1 0 0 0 0 0.1 0
2002100908 0 0 0 0 0 0 0 0 0 0 0 0 0 0 0 0 0 0 0 0.1 0 0 0 0 0 0 0 0.1 0 0 0 0 0 0 0 0 0 0 0 0 0 0
2002100909 0 0 0 0 0 0 0 0 0 0 0 0 0 0 0 0 0 0 0 0 0 0 0 0 0 0 0 0 0 0 0 0 0 0 0 0 0 0 0 0 0 0
2002100910 0 0 0 0 0 0 0 0 0 0 0 0 0 0 0 0 0 0 0 0 0 0 0 0 0 0 0 0 0 0 0 0 0 0 0 0 0 0 0 0 0 0
2002100911 0 0.1 0 0 0 0 0 0 0 0 0 0 0 0 0 0 0 0 0 0 0 0 0 0 0 0 0 0 0 0 0 0 0 0 0 0 0 0 0 0 0 0
2002100912 0 0 0 0 0 0 0 0 0 0 0 0 0 0 0 0 0 0 0 0 0 0 0 0 0 0 0 0 0 0 0 0 0 0 0 0 0 0 0 0 0 0
2002100913 0 0 0 0 0 0 0 0 0 0 0 0 0 0 0 0 0 0 0 0 0 0 0 0 0 0 0 0 0 0 0 0 0 0 0 0 0 0 0 0 0 0
2002100914 0 0 0 0 0 0 0 0 0 0 0 0 0 0 0 0 0 0 0 0 0 0 0 0 0 0 0 0 0 0 0 0 0 0 0 0 0 0 0 0 0 0
2002100915 0 0 0 0 0 0 0 0 0 0 0 0 0 0 0 0 0 0 0 0 0 0 0 0 0 0 0 0 0 0 0 0 0 0 0 0 0 0 0 0 0 0
2002100916 0 0 0 0 0 0 0 0 0 0 0 0 0 0 0 0 0 0 0 0 0 0 0 0 0 0 0 0 0 0 0 0 0 0 0 0 0 0 0 0 0 0
2002100917 0 0 0 0 0 0 0 0 0 0 0 0 0 0 0 0 0 0 0 0 0 0 0 0 0 0 0 0 0 0 0 0 0 0 0 0 0 0 0 0 0 0
2002100918 0 0 0 0 0 0 0 0 0 0 0 0 0 0 0 0 0 0 0 0 0 0 0 0 0 0 0 0 0 0 0 0 0 0 0 0 0 0 0 0 0 0
2002100919 0 0 0 0 0 0 0 0 0 0 0 0 0 0 0 0 0 0 0 0 0 0 0 0 0 0 0 0 0 0 0 0 0 0 0 0 0 0 0 0 0 0
2002100920 0 0 0 0 0 0 0 0 0 0 0 0 0 0 0 0 0 0 0 0 0 0 0 0 0 0 0 0 0 0 0 0 0 0 0 0 0 0 0 0 0 0
2002100921 0 0 0 0 0 0 0 0 0 0 0 0 0 0 0 0 0 0 0 0 0 0 0 0 0 0 0 0 0 0 0 0 0 0 0 0 0 0 0 0 0 0
2002100922 0 0 0 0 0 0 0 0 0 0 0 0 0 0 0 0 0 0 0 0 0 0 0 0 0 0 0 0 0 0 0 0 0 0 0 0 0 0 0 0 0 0
2002100923 0 0 0 0 0 0 0 0 0 0 0 0 0 0 0 0 0 0 0 0 0 0 0 0 0 0 0 0 0 0 0 0 0 0 0 0 0 0 0 0 0 0
2002101000 0 0 0 0 0 0 0 0 0 0 0 0 0 0 0 0 0 0 0 0 0 0 0 0 0 0 0 0 0 0 0 0 0 0 0 0 0 0 0 0 0 0
2002101001 0 0 0 0 0 0 0 0 0 0 0 0.1 0.1 0 0 0 0 0 0 0 0 0 0 0 0 0 0 0 0 0 0 0 0 0 0 0 0 0 0 0 0 0
2002101002 0 0 0 0 0 0 0 0 0 0 0 0 0 0 0 0 0 0 0 0 0 0 0 0 0 0 0 0 0 0 0 0 0 0 0 0 0 0 0 0 0 0
2002101003 0 0 0 0 0 0 0 0 0 0 0 0 0 0 0 0 0 0 0 0 0 0 0 0 0 0 0 0 0 0 0 0 0 0 0 0 0 0 0 0 0 0
2002101004 0 0 0 0 0 0 0 0 0 0 0 0 0 0 0 0 0 0 0 0 0 0 0 0 0 0 0 0 0 0 0 0 0 0 0 0 0 0 0 0 0 0
2002101005 0 0 0 0 0 0 0 0 0 0 0 0 0 0 0 0 0 0 0 0 0 0 0 0 0 0 0 0 0 0 0 0 0 0 0 0 0 0 0 0 0 0
2002101006 0 0 0 0 0 0 0 0 0 0 0 0 0 0 0 0 0 0 0 0 0 0 0 0 0 0 0 0 0 0 0 0 0 0 0 0 0 0 0 0 0 0
2002101007 0 0 0 0 0 0 0 0 0 0 0 0 0 0 0 0 0 0 0 0 0 0 0 0 0 0 0 0 0 0 0 0 0 0 0 0 0 0 0 0 0 0
2002101008 0 0 0 0 0 0 0 0 0 0 0 0 0 0 0 0 0 0 0 0 0 0 0 0 0 0 0 0 0 0 0 0 0 0 0 0 0 0 0 0 0 0
2002101009 0 0 0 0 0 0 0 0 0 0 0 0 0 0 0 0 0 0 0 0 0 0 0 0 0 0 0 0 0 0 0 0 0 0 0 0 0 0 0 0 0 0
2002101010 0 0 0 0 0 0 0 0 0 0 0 0 0 0 0 0 0 0 0 0 0 0 0 0 0 0 0 0 0 0 0 0 0 0 0 0 0 0 0 0 0 0
2002101011 0 0 0 0 0 0 0 0 0 0 0 0 0 0 0 0 0 0 0 0 0 0 0 0 0 0 0 0 0 0 0 0 0 0 0 0 0 0 0 0 0 0
2002101012 0 0 0 0 0 0 0 0 0 0 0 0 0 0 0 0 0 0 0 0 0 0 0 0 0 0 0 0 0 0 0 0 0 0 0 0 0 0 0 0 0 0
2002101013 0 0 0 0 0 0 0 0 0 0 0 0 0 0 0 0 0 0 0 0 0 0 0 0 0 0 0 0 0 0 0 0 0 0 0 0 0 0 0 0 0 0
2002101014 0 0 0 0 0 0 0 0 0 0 0 0 0 0 0 0 0 0 0 0 0 0 0 0 0 0 0 0 0 0 0 0 0 0 0 0 0 0 0 0 0 0
2002101015 0 0 0 0 0 0 0 0 0 0 0 0 0 0 0 0 0 0 0 0 0 0 0 0 0 0 0 0 0 0 0 0 0 0 0 0 0 0 0 0 0 0
2002101016 0 0 0 0 0 0 0 0 0 0 0 0 0 0 0 0 0 0 0 0 0 0 0 0 0 0 0 0 0 0 0 0 0 0 0 0 0 0 0.1 0 0 0
2002101017 0 0 0 0 0 0 0 0 0 0 0 0 0 0 0 0 0 0 0 0 0 0 0 0 0 0 0 0 0 0 0 0 0 0 0 0 0 0 0 0 0 0
2002101018 0 0 0 0 0 0 0 0 0 0 0 0 0 0 0 0 0 0 0 0 0 0 0 0 0 0 0 0 0 0 0 0 0 0 0 0 0 0 0 0 0 0
2002101019 0 0 0 0 0 0 0 0 0 0 0 0 0 0 0 0 0 0 0 0 0 0 0 0 0 0 0 0 0 0 0 0 0 0 0 0 0 0 0 0 0 0
2002101020 0 0 0 0 0 0 0 0 0 0 0 0 0 0 0 0 0 0 0 0 0 0 0 0 0 0 0 0 0 0 0 0 0 0 0 0 0 0 0 0 0 0
2002101021 0 0 0 0 0 0 0 0 0 0 0 0 0 0 0 0 0 0 0 0 0 0 0 0 0 0 0 0 0 0 0 0 0 0 0 0 0 0 0 0 0 0
2002101022 0 0 0 0 0 0 0 0 0 0 0 0 0 0 0 0 0 0 0 0 0 0 0 0 0 0 0 0 0 0 0 0 0 0 0 0 0 0 0 0 0 0
2002101023 0 0 0 0 0 0 0 0 0 0 0 0 0 0 0 0 0 0 0 0 0 0 0 0 0 0 0 0 0 0 0 0 0.1 0 0 0 0 0 0 0 0 0
2002101100 0 0 0 0 0 0 0 0 0 0 0 0 0 0 0 0 0 0 0 0 0 0 0 0 0 0 0 0 0 0 0 0 0 0 0 0 0 0 0 0 0 0
2002101101 0.1 0 0 0 0 0 0 0 0 0 0 0 0 0 0 0 0 0 0 0 0 0 0 0 0 0 0 0 0 0 0 0 0 0 0 0 0 0 0 0 0 0
2002101102 0 0 0 0 0 0 0.1 0 0 0 0 0 0 0 0 0 0.1 0 0 0 0 0 0 0 0 0 0 0 0 0 0 0 0.1 0 0 0 0 0 0 0 0 0
2002101103 0 0 0 0 0 0 0 0 0 0 0 0 0.1 0 0 0 0 0 0 0 0 0 0 0.1 0 0 0 0 0 0.1 0 0 0 0 0 0 0 0 0 0 0 0
2002101104 0 0 0 0.1 0.1 0 0 0 0 0 0 0 0 0 0 0 0 0 0.1 0 0 0 0 0 0 0 0 0 0 0 0 0.1 0 0 0 0 0 0 0 0 0 0.1
2002101105 0 0 0 0 0 0 0 0.1 0 0.1 0 0 0 0 0 0 0.1 0 0 0 0 0 0 0 0 0 0 0 0.1 0 0 0 0 0 0 0 0 0.1 0 0 0 0
2002101106 0 0 0 0 0 0 0 0 0 0 0 0 0 0 0 0 0 0 0 0 0 0 0.1 0 0 0 0 0 0 0 0 0 0.1 0.1 0 0 0 0 0 0 0.1 0
2002101107 0 0 0 0 0 0 0 0 0 0 0 0.1 0 0 0.2 0.1 0 0.1 0 0.1 0 0 0 0.1 0.1 0 0 0 0 0 0 0 0 0 0.1 0.1 0.2 0 0 0 0 0
2002101108 0 0 0 0 0 0 0 0 0 0 0 0.1 0 0 0 0 0 0 0 0 0 0 0 0 0 0 0 0 0 0 0 0 0 0 0 0 0 0 0 0 0 0
2002101109 0 0 0 0 0 0 0 0 0 0 0 0 0 0 0 0.1 0 0 0 0 0 0 0 0 0 0 0 0 0 0 0 0 0 0 0 0 0 0 0 0 0 0
2002101110 0 0 0 0 0 0 0 0 0 0 0 0 0 0 0 0 0 0 0 0 0 0 0 0 0 0 0 0 0 0 0 0 0 0 0 0 0 0 0 0 0 0
2002101111 0 0 0 0 0 0 0 0 0 0 0 0 0 0 0 0 0 0 0 0 0 0 0 0 0 0 0 0 0 0 0 0 0 0 0 0 0 0 0 0 0 0
2002101112 0 0 0 0 0 0 0 0 0 0 0 0 0 0 0 0 0 0 0 0 0 0 0 0 0 0 0 0 0 0 0 0 0 0 0 0 0 0 0 0 0 0
2002101113 0 0 0 0 0 0 0 0 0 0 0 0 0 0 0 0 0 0 0 0 0 0 0 0 0 0 0 0 0 0 0 0 0 0 0 0 0 0 0 0 0 0
2002101114 0 0 0 0 0 0 0 0 0 0 0 0 0 0 0 0 0 0 0 0 0 0 0 0 0 0 0 0 0 0 0 0 0 0 0 0 0 0 0 0 0 0
2002101115 0 0 0 0 0 0 0 0 0 0 0 0 0 0 0 0 0 0 0 0 0 0 0 0 0 0 0 0 0 0 0 0 0 0 0 0 0 0 0 0 0 0
2002101116 0 0 0 0 0 0 0 0 0 0 0 0 0 0 0 0 0 0 0 0 0 0 0 0 0 0 0 0 0 0 0 0 0 0 0 0 0 0 0 0 0 0
2002101117 0 0 0 0 0 0 0 0 0 0 0 0 0 0 0 0 0 0 0 0 0 0 0 0 0 0 0 0 0 0 0 0 0 0 0 0 0 0 0 0 0 0
2002101118 0 0 0 0 0 0 0 0 0 0 0 0 0 0 0 0 0 0 0 0 0 0 0 0 0 0 0 0 0 0 0 0 0 0 0 0 0 0 0 0 0 0
2002101119 0 0 0 0 0 0 0 0 0 0 0 0 0 0 0 0 0 0 0 0 0 0 0 0 0 0 0 0 0 0 0 0 0 0 0 0 0 0 0 0 0 0
2002101120 0 0 0 0 0 0 0 0 0 0 0 0 0 0 0 0 0 0 0 0 0 0 0 0 0 0 0 0 0 0 0 0 0 0 0 0 0 0 0 0 0 0
2002101121 0 0 0 0 0 0 0 0 0 0 0 0 0 0 0 0 0 0 0 0 0 0 0 0 0 0 0 0 0 0 0 0 0 0 0 0 0 0 0 0 0 0
2002101122 0 0 0 0 0 0 0 0 0 0 0 0 0 0 0 0 0 0 0 0 0 0 0 0 0 0 0 0 0 0 0 0 0 0 0 0 0 0 0 0 0 0
2002101123 0 0 0 0 0 0 0 0 0 0 0 0 0 0 0 0 0 0 0 0 0 0 0 0 0 0 0 0 0 0 0 0 0 0 0 0 0 0 0 0 0 0
2002101200 0 0 0 0 0 0 0 0 0 0 0 0 0 0 0 0 0 0 0 0 0 0 0 0 0 0 0 0 0 0 0 0 0 0 0 0 0 0 0 0 0 0
2002101201 0 0 0 0 0 0 0 0 0 0 0 0 0 0 0 0 0 0 0 0 0 0 0 0 0 0 0 0 0 0 0 0 0 0 0 0 0 0 0 0 0 0
2002101202 0 0 0 0 0 0 0 0 0 0 0 0 0 0 0 0 0 0 0 0 0 0 0 0 0 0 0 0 0 0 0 0 0 0 0 0 0 0 0 0 0 0
2002101203 0 0 0 0 0 0 0 0 0 0 0 0 0 0 0 0 0 0 0 0 0 0 0 0 0 0 0.1 0 0 0 0 0 0 0 0 0 0 0 0.1 0 0 0
2002101204 0 0 0 0 0 0 0 0 0 0 0 0 0 0 0 0 0 0 0 0 0 0 0 0 0 0 0.1 0.1 0 0 0 0 0 0 0 0 0 0.1 0 0 0 0
2002101205 0 0 0 0 0 0 0 0 0 0 0 0 0 0 0 0 0 0 0 0 0 0 0 0 0.1 0 0 0.1 0 0 0 0 0 0 0 0 0 0 0.1 0 0 0
2002101206 0 0 0 0 0 0 0 0 0 0 0 0 0 0 0 0 0 0 0 0 0 0 0 0 0 0 0.1 0 0 0 0 0 0 0 0 0 0 0 0 0.1 0 0
2002101207 0 0 0 0 0 0 0 0 0 0 0 0 0 0 0 0 0 0 0 0 0 0 0 0 0 0 0 0 0 0 0 0 0 0 0 0 0 0 0 0 0 0
2002101208 0 0 0 0 0 0 0 0 0 0 0 0 0 0 0 0 0 0 0 0 0 0 0 0 0 0 0 0 0 0 0 0 0 0 0 0 0 0 0 0 0 0
2002101209 0 0 0 0 0 0 0 0 0 0 0 0 0 0 0 0 0 0 0 0 0 0 0 0 0 0 0 0 0 0 0 0 0 0 0 0 0 0 0 0 0 0
2002101210 0 0 0 0 0 0 0 0 0 0 0 0 0 0.4 0 0 0.2 0 0 0 0 0 0 0 0 0 0 0 0 0 0 0 0 0 0 0 0 0 0 0 0 0
2002101211 0 0 0 0 0 0 0 0 0 0 0 0 0.8 0.4 0.2 0 0 0.1 0 0 0 0 0.1 0 0 0 0 0 0 0 0 0 0 0 0 0 0 0 0 0 0 0
2002101212 0 0 0 0 0 0 0 0 0 0 0 0 0 0 0 0 0 0 0 0 0 0 0 0 0 0 0 0.1 0 0 0.1 0 0 0 0 0 0 0 0 0 0 0
2002101213 0 0 0 0 0 0 0 0 0 0 0 0 0 0.2 0.1 0 0.3 0 0 0.1 0 0 0 0 0 0 0.1 0 0.2 0 0.1 0.1 0 0 0 0 0 0 0 0 0 0
2002101214 0 0.2 0 0 0 0 0 0 0 0.4 0.1 0 1.5 1.1 0.5 0.9 0.9 0 0 0 0.7 0.7 0.1 0.2 0 0.6 0.1 0 0.1 0.2 0.1 0.4 0.3 0 0 0.1 0 0.3 0 0 0.2 0.1
2002101215 0 0.1 0.4 0.5 0.1 0 0.1 0.4 0.1 1.1 0.1 0.5 3.3 0.9 0.9 0.7 0.3 0.2 0.2 0.2 0.5 0.6 0.2 0.8 1.5 0.8 0.2 0.4 0.8 0.3 1.1 0.2 1.2 0.6 2.3 0.8 1.3 0.4 0.2 0.4 0.4 0.7
2002101216 0.3 0.2 0.3 0.4 0.4 0.3 0.2 1.3 0.1 1 0.2 1 0.3 1.1 0.3 0.9 0 0.2 0.1 0.1 0.3 0.3 0.1 0.1 0.3 0 0.7 0.8 0.2 0.3 0.3 0.2 2.2 0.8 1.7 0.4 0.5 0.3 0.1 0 0.4 0.5
2002101217 0 0.6 0.3 0.3 0.2 0.3 0.3 0.4 0.2 0.9 0.3 0 0.7 0.1 0.5 0.2 0.1 0 0 0 0 0 0 0 0 0 0.1 0.1 0.3 0.3 0.1 0.1 0.6 0.1 0.6 0.3 0.4 0.2 0 0.1 0.4 0.6
2002101218 0 1.5 0.3 0.1 0.1 0.3 1 0.3 0.3 0.7 0.7 0.8 0.5 0.3 0.4 0 0 0 0.1 0 0.1 0.2 0 0 0 0 0 0 0.2 0.3 0.1 0.1 0.8 0.8 0 0.1 0 0.2 0 0 0.2 0.1
2002101219 0.1 1.7 1 0.1 0.7 1.2 0.8 0.1 0.5 0.6 1.2 1.4 2.2 0 0.1 0 0 0.1 0.1 0 0 0.1 0.1 0.6 0 0.9 0 0.1 0.1 0 0.1 0.1 0.1 2 0 0.2 0 0.2 0 0 0.2 0.3
2002101220 0.4 0.8 0.4 0.6 0.4 1.3 0.9 0 0.9 0.6 0.8 0.2 0.1 0 0 0 0 0 0 0 0 0 0.2 0.1 0.4 0.1 0.8 0.1 0 0 0.1 0 0.1 0.8 0 0.1 0 0 0 0 0.1 0.2
2002101221 0 1.9 0.2 1.9 0.2 0.1 0.2 0 0.4 0 0.5 0 0 0.1 0 0 0.1 0 0 0 0 0 0 0 0 0.1 0.1 0.1 0 0 0 0 0 0 0 0 0 0 0 0 0.1 0.2
2002101222 0.2 0 0.1 0 0.1 0 0.1 0.1 0.2 0.1 0.4 0 0 0 0 0.1 0.2 0 0.1 0.1 0.1 0 0.2 0 0 0 0.2 0 0 0.1 0 0.1 0 0 0 0 0 0 0 0 0 0.3
2002101223 0.2 0 0.2 0.5 0 0.2 0.3 0 0.1 0 0.1 0.1 0 0.2 0 0 0 0.1 0.1 0.1 0.6 0.2 0 0 0 0 0 0.1 0.2 0.1 0 0 0.3 0.1 0 0 0 0 0 0 0 0.2
2002101300 0.1 0 0 0 0.3 0.1 1.4 0 0 0 0 0 0 0 0 0 0.1 0 0.2 0 0.2 0.6 0 0 0 0 0.1 0 1 0.4 0.1 0.6 0 0 0 0 0 0.1 0 0 0 0
2002101301 0 0 0 0 0.2 0.1 0.1 0.2 0.1 0 0 0 0 0.1 0 0 0 0 0 0 0.3 0.9 0 0 0 0 0 0 0.1 0 0.7 0.5 0.1 0 0 0 0 0 0 0 0.1 0.1
2002101302 0 0 0.1 0 0 0 0 0.4 0.1 0 0 0 0.1 0 0.2 0.1 0 0 0 0.3 0 0.5 0 0 0 0 0 0 0 0 0.6 0.4 0 0 0 0 0 1.2 0 0 0.3 0.2
2002101303 0 0 0 0 0.1 0 0 0 0 0.7 0 0 0 0 0.7 0.3 0 0.1 0.2 0 1.3 0.5 0 0 0 0 0 0 0 0 0.3 0.6 0.1 0 0 0 0 0.6 0 0 0 0
2002101304 0 0 0 0 0.1 0 0 0 0 0 0.1 0.1 0 0 0 0.1 0 0 0 0 0.2 1.1 0 0 0 0 0 0 0 0.2 0.2 1.3 0 0.1 0.2 0.7 0.1 0.2 0 0 0 0
2002101305 0.3 0 0 0 0.1 0 0 0 0 0.1 0 0.1 0 0 0 0 0 0 0 0 0 0.1 0 0 0 0 0 0 0.1 0.4 0.5 0 0 0 0 0 0 0.9 0 0 0 0
2002101306 0.1 0 0 0 0 0 0.1 0 0.1 0 0 0 0 0 0 0 0 0 0 0 0 0 0 0 0 0 0 0 0 0.1 0.1 0 0.2 0.1 0.1 0.1 0 0.1 0 0 0 0
2002101307 0 0 0 0 0 0 0 0 0 0 0 0 0 0 0 0 0 0 0 0 0 0 0 0 0 0 0 0 0.1 0 0 0 0.2 0 0 0 0 0.1 0 0 0 0
2002101308 0 0 0 0 0 0 0 0.1 0 0 0 0 0 0 0 0 0 0 0 0 0 0 0 0 0 0 0 0 0 0 0 0 0 0 0 0 0 0 0 0 0 0
2002101309 0 0 0.1 0 0 0 0 0 0 0 0 0 0 0 0 0 0 0 0 0 0 0 0 0 0 0 0 0 0 0 0 0 0 0 0 0 0 0 0 0 0 0
2002101310 0 0 0 0 0 0 0 0 0 0 0 0 0 0 0 0 0 0 0 0 0 0 0 0 0 0 0 0 0 0 0 0 0 0 0 0 0 0 0 0 0 0
2002101311 0 0 0 0 0 0 0 0 0 0 0 0 0 0 0 0 0 0 0 0 0 0 0 0 0 0 0 0 0 0 0 0 0 0 0 0 0 0 0 0 0 0
2002101312 0 0 0 0 0 0 0 0 0 0 0 0 0 0 0 0 0 0 0 0 0 0 0 0 0 0 0 0 0 0 0 0 0 0 0 0 0 0 0 0 0 0
2002101313 0 0 0 0 0 0 0 0 0 0 0 0 0 0 0 0 0 0 0 0 0 0 0 0 0 0 0 0 0 0 0 0 0 0 0 0 0 0 0 0 0 0
2002101314 0 0 0 0 0 0 0 0 0 0 0 0 0 0 0 0 0 0 0 0 0 0 0 0 0 0 0 0 0 0 0 0 0 0 0 0 0 0 0 0 0 0
2002101315 0 0 0 0 0 0 0 0 0 0 0 0 0 0 0 0 0 0 0 0 0 0 0 0 0 0 0 0 0 0 0 0 0 0 0 0 0 0 0 0 0 0
2002101316 0 0 0 0 0 0 0 0 0 0 0 0 0 0 0 0 0 0 0 0 0 0 0 0 0 0 0 0 0 0 0 0 0 0 0 0 0 0 0 0 0 0
2002101317 0 0 0 0 0 0 0 0 0 0 0 0 0 0 0 0 0 0.1 0.1 0 0 0 0.1 0.1 0 0 0 0 0 0 0 0.1 0 0 0 0 0 0 0 0 0 0
2002101318 0 0 0 0 0 0 0 0 0 0 0 0 0.1 0.1 0 0 0 0 0 0 0 0 0 0 0 0 0 0 0 0 0 0 0 0 0 0 0 0 0.1 0 0 0
2002101319 0 0.2 0 0 0 0 0 0 0 0 0 0 0.2 0 0 0 0 0 0 0 0 0 0 0 0 0 0 0 0 0.1 0 0 0.2 0.1 0 0 0.1 0 0.1 0 0 0
2002101320 0 0.1 0.1 0.1 0.1 0 0 0 0.4 0 0.1 0.1 0 0 0 0 0 0 0 0 0 0 0 0 0 0 0 0 0 0 0 0 0 0.1 0 0 0 0 0 0 0.2 0.2
2002101321 0.1 0 0 0 0 0 0 0 0.1 0 0 0 0 0 0 0 0 0 0 0 0 0 0.1 0 0 0 0 0 0 0 0 0 0 0 0 0 0 0 0 0 0 0
2002101322 0 0 0 0 0 0 0 0 0.1 0 0 0 0 0 0 0 0 0 0 0 0 0 0 0 0 0 0 0 0 0 0 0 0 0 0 0 0 0 0 0 0 0
2002101323 0 0 0 0 0 0 0 0 0 0 0 0 0 0 0.1 0 0 0 0 0 0 0 0 0 0 0 0 0 0 0 0 0 0 0 0 0 0 0 0 0 0 0.1
2002101400 0 0 0 0 0 0 0 0 0 0 0 0 0 0 0 0 0 0 0 0 0 0 0 0.1 0 0 0 0 0 0 0 0 0 0 0 0 0 0 0 0 0 0
2002101401 0 0 0 0 0 0 0 0 0 0 0 0 0 0 0 0 0 0 0 0 0 0 0 0 0 0 0 0 0 0 0 0 0.1 0 0 0 0 0 0 0 0 0
2002101402 0 0 0 0 0 0 0 0.1 0 0 0 0 0 0 0 0 0 0 0 0 0 0 0 0 0 0 0 0 0 0.1 0 0 0.1 0 0 0 0 0.1 0 0 0.1 0
2002101403 0 0 0 0 0 0 0 0 0 0 0 0 0 0 0 0 0 0 0 0 0 0 0 0 0 0 0 0 0 0 0 0 0 0 0 0 0 0 0 0 0 0
2002101404 0 0 0 0 0 0 0 0 0 0 0 0 0 0 0 0 0 0 0.2 0 0 0 0.3 0.3 0 0.1 0 0 0 0 0 0 0 0 0 0 0 0 0 0 0 0
2002101405 0 0 0 0 0 0 0 0 0 0 0 0 0 0 0 0 0 0 0 0 0 0 0 0 0 0 0 0 0 0 0 0.1 0 0 0 0 0 0 0 0.1 0 0
2002101406 0 0 0 0 0 0 0 0 0 0 0 0 0 0 0 0 0 0 0 0 0 0 0 0 0 0 0 0 0 0 0 0 0 0 0 0 0 0 0 0 0 0
2002101407 0 0 0 0 0 0 0 0 0 0 0 0 0 0 0 0 0 0 0 0 0 0 0 0 0 0 0 0 0 0 0 0 0 0 0 0 0 0 0 0 0 0
2002101408 0 0 0 0 0 0 0.1 0 0 0 0 0 0 0 0 0 0 0 0 0 0 0 0 0 0 0 0 0 0 0 0 0 0 0 0 0 0 0 0 0 0 0
2002101409 0 0 0 0 0 0 0 0 0 0 0 0 0 0 0 0 0 0 0 0 0 0 0 0 0 0 0 0 0 0 0 0 0 0 0 0 0 0 0 0 0 0.1
2002101410 0 0 0 0 0 0 0 0 0 0 0 0 0 0 0 0 0 0 0 0 0 0 0 0 0 0 0 0 0 0 0 0 0 0 0 0 0 0 0 0 0 0
2002101411 0 0 0 0 0 0 0 0 0 0 0 0 0 0 0 0 0 0 0 0 0 0 0 0 0 0 0 0 0 0 0 0 0 0 0 0 0 0 0 0 0 0
2002101412 0 0 0 0 0 0 0 0 0 0 0 0 0 0 0 0 0 0 0 0 0 0 0 0 0 0 0 0 0 0 0 0 0 0 0 0 0 0 0 0 0 0
2002101413 0 0 0 0 0 0 0 0 0 0 0 0 0 0 0 0 0 0 0 0 0 0 0 0 0 0 0 0 0 0 0 0 0 0 0 0 0 0 0 0 0 0
2002101414 0 0 0 0 0 0 0 0 0 0 0 0 0 0 0 0 0 0 0 0 0 0 0 0 0 0 0 0 0 0 0 0 0 0 0 0 0 0 0 0 0 0
2002101415 0 0 0 0 0.3 0 0.1 0 0.5 0 0 0 0 0.1 0.1 0 0 0 0 0 0 0 0 0 0 0 0 0 0 0 0 0 0 0 0 0 0 0 0 0 0 0
2002101416 0.1 0 0.1 0 0.1 0.1 0.1 0 0.7 0 0 0 0 0 0 0.1 0 0 0 0 0 0 0 0 0 0 0 0 0 0 0 0 0.1 0.1 0 0.1 0 0 0 0 0 0
2002101417 0.3 0 0.2 0.5 0.4 0 0.1 0 0 0 0.1 0 0 0 0 0 0 0 0 0 0 0 0 0 0 0 0 0 0 0 0 0 0.3 0 0 0.1 0 0 0 0 0 0.1
2002101418 0.6 0.1 0.1 0.6 0.1 0.3 0 0 0.7 0.1 0 0 0.2 0 0 0 0 0 0 0 0 0 0 0 0 0 0 0 0 0 0 0 0 0 0 0 0 0 0 0 0 0
2002101419 0.6 0 0 0.7 0.1 0.1 0.2 0 0.5 0.1 0 0.2 0.3 0 0 0 0 0 0 0 0 0 0 0 0 0 0 0 0 0 0 0 0 0 0 0 0 0 0 0 0 0
2002101420 0.1 0 0.1 0 0.1 0 0 0 0 0 0.2 0.1 0.2 0 0 0 0 0 0 0 0 0 0 0 0 0 0 0 0 0 0 0 0 0 0 0 0 0 0 0 0 0
2002101421 0 0 0 0 0.2 0.1 0.2 0 0.1 0 0 0 0 0 0 0 0 0 0 0 0 0 0 0 0 0 0 0 0 0 0 0 0 0 0 0 0 0 0 0 0 0
2002101422 0 0 0 0 0 0 0 0 0 0 0 0 0 0 0 0 0 0 0 0 0 0 0 0 0 0 0 0 0 0 0 0 0 0 0 0 0 0 0 0 0 0
2002101423 0 0 0 0 0 0 0.1 0 0 0 0 0 0 0 0 0 0 0 0 0 0 0 0 0 0 0 0 0 0 0 0 0 0 0 0 0 0 0 0 0 0 0
2002101500 0 0 0 0 0 0 0 0 0 0 0 0 0 0 0 0 0 0 0 0 0 0 0 0 0 0 0 0 0 0 0 0 0 0 0 0 0 0 0 0 0 0
2002101501 0 0 0 0 0 0 0 0 0 0 0 0 0 0 0 0 0 0 0 0 0 0 0 0 0 0 0 0 0 0 0 0 0 0 0 0 0 0 0 0 0 0
2002101502 0 0 0 0 0 0 0 0 0 0 0 0 0 0 0 0 0 0 0 0 0 0 0 0 0 0 0 0 0 0 0 0 0 0 0 0 0 0 0 0 0 0
2002101503 0 0 0 0 0 0 0 0 0 0 0 0 0 0 0 0 0 0 0 0 0 0 0 0 0 0 0 0 0 0 0 0 0 0 0 0 0 0 0 0 0 0
2002101504 0 0 0 0 0 0 0 0 0 0 0 0 0 0 0 0 0 0 0 0 0 0 0 0.1 0 0 0 0 0 0 0 0 0 0 0 0 0 0 0 0 0 0
2002101505 0 0 0 0 0 0 0 0 0 0 0 0 0 0 0 0 0 0 0.1 0 0 0 0 0 0 0 0.1 0.1 0 0 0 0 0 0 0 0 0 0.1 0 0.1 0 0
2002101506 0 0 0 0 0 0 0 0.1 0 0.1 0 0 0.1 0.2 0.2 0.3 0.3 0.5 0.6 0.4 0.2 0.1 0.4 0.1 0.2 0 0.1 0.1 0 0.1 0.2 0.5 0.1 0 0.1 0.1 0.1 0.2 0.1 0 0 0
2002101507 0 0 0 0 0.1 0.1 0.1 0.1 0.1 0.1 0.1 0.1 0 0 0 0 0 0.2 0.1 0 0.1 0.4 0 0 0 0 0.1 0 0.9 0.6 0.6 0.2 0.5 0.2 0 0 0 0.2 0 0 0.2 0.2
2002101508 0 0 0 0 0 0 0 0 0 0 0 0 0 0 0 0 0 0 0 0 0 0 0 0 0 0 0 0 0 0 0 0 0 0.1 0 0 0 0 0 0 0 0.1
2002101509 0 0 0 0 0 0 0 0 0 0 0 0 0 0 0 0 0 0 0 0.1 0 0 0.1 0 0 0 0 0 0 0 0 0 0 0 0 0 0 0 0 0 0 0
2002101510 0 0 0 0 0 0 0 0.5 0.1 0 0 0 0 0 0 0.5 0 1.4 0.1 0.7 0.3 0.2 2.1 2.4 0.1 0.3 0 0.3 0 0.5 0.1 0 1.3 0 0.5 1.2 1.2 0 0.2 0.1 0 0.9
2002101511 0 0 0 0 0.3 0.3 0.1 1.2 0.9 0 0 1.5 0 0 1.9 0.1 0.8 0.6 3.8 0 0.1 0.8 0.7 1.4 0.7 0.4 0.3 0 0.1 2.2 0.1 2.1 1.6 0 0.1 0 0 0 0 0 0.8 2.6
2002101512 0.7 0.4 2.2 1.5 0.3 0.5 0.9 0.5 0.2 0.9 1.5 1.2 0.2 0 0 0.1 0 0 0.7 0 0 0.6 0 0 0 0.2 0.3 0.6 0 0.7 0.1 0.9 0.9 1.1 0.1 0.7 0 0.3 0.1 0.9 0 1.6
2002101513 0.2 0 0.4 0.1 0.9 0.6 1.6 0 0.1 0 0.2 0 0 0 0 0 0 0 0 0.2 0.2 0 0 0 0 0 0 0 0 0 0 0.2 0 0.1 0.8 0.3 0.4 0 0 0.4 0 0.1
2002101514 0 0 0 0 0.4 0.1 0.1 0 1.9 0 0.1 0 0 0 0 0 0 0 0 0 0 0 0 0 0.1 0.1 0 0.1 0 0.1 0 0.4 0.1 0 0 0.1 0 0 0.4 0.4 0 0
2002101515 0 0 0 0 0.1 0 0 0.2 0 0 0 0 0 0 0 0 0 0 0 0 0 0 0 0 0.2 0 0.2 0 0.1 0 0.2 0 0 0 0 0 0 0 0 0.1 0 0.1
2002101516 0 0 0 0 0 0 0 0 0 0 0 0 0 0 0 0 0 0 0 0 0 0 0 0 0 0.1 0 0 0 0 0 0 0 0 0 0 0 0.1 0 0 0 0
2002101517 0 0 0 0 0 0 0 0 0 0 0 0 0 0 0 0 0 0 0 0 0 0 0 0 0 0 0 0 0 0 0 0 0 0 0 0 0 0 0 0 0 0
2002101518 0 0 0 0.1 0 0 0.1 0 0 0 0 0 0 0 0 0 0 0 0 0 0 0 0 0 0 0 0 0 0 0 0 0 0 0 0 0 0 0 0 0 0 0
2002101519 0 0 0 0 0 0 0 0 0 0 0 0 0 0 0 0 0 0 0 0 0 0 0 0 0 0 0 0 0 0 0 0 0 0 0 0 0 0 0 0 0 0
2002101520 0 0 0 0 0 0 0 0 0 0 0 0 0 0 0 0 0 0 0 0 0 0 0 0 0 0 0 0 0 0 0 0 0 0 0 0 0 0 0 0 0 0
2002101521 0 0 0 0 0 0 0 0 0 0 0 0 0 0 0 0 0 0 0 0 0 0 0 0 0 0 0 0 0 0 0 0 0 0 0 0 0 0 0 0 0 0
2002101522 0 0 0 0 0 0 0 0 0 0 0 0.1 0 0 0 0 0 0 0 0 0 0 0 0 0 0 0 0 0 0 0 0 0 0 0 0 0 0 0 0 0 0
2002101523 0 0 0 0 0 0 0 0 0 0 0 0 0 0 0 0 0 0 0 0 0 0 0 0 0 0 0 0 0 0 0 0 0 0 0 0 0 0 0 0 0 0
2002101600 0 0 0 0 0 0 0 0 0 0 0 0 0 0 0 0 0 0 0 0 0 0 0 0 0 0 0 0 0 0 0 0 0 0 0 0 0 0 0 0 0 0
2002101601 0 0 0 0 0 0 0 0 0 0 0 0 0 0 0 0 0 0 0 0 0 0 0 0 0 0 0 0 0 0 0 0 0 0 0 0 0 0 0 0 0 0
2002101602 0 0 0 0 0 0 0 0 0 0 0 0 0 0 0 0 0 0 0 0 0 0 0 0 0 0 0 0 0 0 0 0 0 0 0 0 0 0 0 0 0 0
2002101603 0 0 0 0 0 0 0 0 0 0 0 0 0 0 0 0 0 0 0 0 0 0 0 0 0 0 0 0 0 0 0 0 0 0 0 0 0 0 0 0 0 0
2002101604 0 0 0 0 0 0 0 0 0 0 0 0 0 0 0 0 0 0 0 0 0 0 0 0 0 0 0 0 0 0 0 0 0 0 0 0 0 0 0 0 0 0
2002101605 0 0 0 0 0 0 0 0 0 0 0 0 0 0 0 0 0 0 0 0 0.1 0 0 0 0 0 0 0 0 0 0 0 0 0 0 0 0 0 0.4 0 0 0
2002101606 0 0 0 0 0 0 0 0 0 0 0 0 0 0 0 0 0 0 0 0 0 0 0 0 0 0 0 0 0 0 0 0 0 0 0 0 0 0 0.1 0.1 0 0
2002101607 0 0 0 0 0 0 0 0 0 0 0 0 0 0 0 0 0 0 0 0 0 0 0 0 0 0 0 0 0 0 0 0 0 0 0 0 0 0 0.1 0 0 0
2002101608 0 0 0 0 0 0 0 0 0 0 0 0 0 0 0 0 0 0 0 0 0 0 0 0 0 0 0 0 0 0 0 0 0 0 0 0 0 0 0.2 0 0 0
2002101609 0 0 0 0 0 0 0 0 0 0 0 0 0 0 0 0 0.1 0.7 1 0 0.1 0.4 1.3 2.1 2.9 0 1.1 1.7 0.1 0.2 0.2 0.5 0.1 0 0.2 0 0.1 0.8 2.3 2 0 0
2002101610 0 0 0.1 0 0.2 0.3 0.2 1.7 0.9 0 0 0 0 0 0 0.3 0 1.8 2.5 0.5 1.1 1.4 1.7 2.2 3.3 0.1 2.7 3.1 2.9 2.3 3.3 2.4 2.9 0.1 0.9 0.4 1.2 3.4 4 2.6 2.3 1.6
2002101611 0.1 0.1 0.1 0 0.8 0.3 0.4 1.3 1.7 0.5 0.1 0.1 0.3 0.6 0.2 0.3 0.4 0.2 0.2 0.1 0.2 0.3 0.7 0.4 1 0 0.6 0.9 0.7 0.5 0.4 0.4 1.3 0.2 0.4 0.3 0.3 1 0.5 1.5 2.9 2.4
2002101612 0.2 0.7 0.3 0.4 0.1 0.1 0.1 0.4 0.3 0.5 0.4 0 0.5 0.1 0 0.1 0 0.1 1 0.1 0 0 0.1 0 0.1 0 0 0.6 0.2 0.5 0 1 0.4 0.1 0.1 0 0 0.2 0.1 0.8 0.8 0.1
2002101613 0 0 0 0 0 0 0 0.1 0 0 0 0 0 0 0 0 0 0.2 0 0.2 0 0 0.4 0.2 0 0 0.1 0.2 0 0 0 0 0.1 0 0 0 0 0.1 0.1 0.2 0 0
2002101614 0 0 0 0 0.1 0 0.1 0 0 3.6 0 0.1 3.7 3.7 1.4 0 2.5 0.3 0.4 0.5 0.1 0 0.2 0.4 0.3 0 0.4 0.7 0 0 0.1 0.1 0 0.1 0 0 0.1 0.2 1 0.4 0 0
2002101615 0.3 6 0.3 3.7 0.1 0.6 0.3 0 0 1.3 1.8 1.3 0.2 0.2 0.3 2.8 0.1 9.9 4.8 2.7 3.6 4.1 6.4 1.8 0 0 0 0.1 0 3.8 0 3.5 0.6 2 2.1 2.8 2.9 0 0 0 0 0.1
2002101616 1 0 0.5 0 3.6 1.6 1.9 2 2.7 0 0 0.1 0 0 0 0.1 0 0.3 0 0 0.2 0.3 0.4 0.1 0 0.1 0.1 0.1 3.5 2.3 2.2 0.7 1.6 0.2 1.4 0.5 0.5 0.2 1.2 0.2 3.4 3.2
2002101617 0 0.1 0 0 0 0 0 0 0 2.7 0.4 0 0.6 2.2 0 0 0 0.1 0.1 0 0 0 0.1 0.6 0.5 0 0 0 0 0 0 0 0 0 0 0 0 0 0.1 0 0 0.1
2002101618 5.8 0.1 3.1 0.1 0 0.1 0 0 0 0.2 1 1.9 0 0.2 1.8 0.1 0.5 0 0 0 0 0 0 0.7 2.8 0 1.7 0.5 0 0 0 0 0 0 0 0 0 0.2 0 0 0.1 0
2002101619 0.3 0 0.9 0 0 0 0 0 0 0 0 0.8 0 0 0.2 0.1 0 0.2 0.2 0 0.1 0 0.2 0.6 2 0 1.8 0.8 0.4 0.1 1.1 0.1 0 4.8 0 0 0 1 0 1.1 0 0
2002101620 0 0 0 0 1.6 0.4 2.3 0 0 0.1 0 0 0.2 0.1 0 0 0 0.1 0.1 0 0 0.1 0 0 0.3 0 0.2 0.1 0.1 0 0 0 0 0 0 0 0 0.4 0 1.8 0 0
2002101621 0 0 0 0 0 0 0 0 0 0 0 0 0.1 0.2 0.1 0 0 0 0 0 0 0 0 0 0 0 0 0 0 0 0 0.1 0 0 0 0 0 0 0 0 0 0
2002101622 0 0 0.3 0 0 0 0 0 0.2 0 0 0 0 0 0 0 0 0.1 0 0 0 0 0.1 0.2 1.1 0 0.8 0.4 0 0.2 0 0 0 0 0 0 0 0 0.4 0 0 0
2002101623 0 0 0 0 0.1 0 0 0 0 0 0 0 0 0 0 0 0 0 0 0 0 0 0 0 0 0 0 2 0 0 0 0 0 0 0 0 0 0.1 0 1.3 0 0.1
2002101700 0 0 0 0 0 0 0 0 0 0 0 0 0 0 0 0 0 0 0 0 0 0 0 0 0 0 0 0.3 0 0 0 0 0 0 0 0 0 0 0 1.3 0.1 0
2002101701 0 0 0.1 0 1 0 0.1 0 0.3 0.3 0 0 0 0 0 0 0 0.1 0 0 0 1 0.4 0 0 0 0 0.2 0 0.1 0 0 0 0 0 0 0 0 0 0 0 0
2002101702 0.1 0 0.7 0.2 1.3 0 0 0.7 0.1 0 0 0 0.1 0.3 0 0.2 1.3 1.1 0.7 2.1 1.3 1.1 1.2 0.3 1.5 0 1.2 0.5 0.2 0.3 1.2 0.8 0 0 0.1 0 0.7 1.8 0 0 0 0.4
2002101703 0.1 0 0 0 0.3 0.1 0.1 0.8 0.2 1.8 0.4 0.2 1.2 1.7 1.8 1.3 2.1 1.8 2.2 2.3 2.5 4.9 2 3.8 4.4 0.1 1.9 0.7 0.9 1.2 1.4 2.1 0 0.9 2 2 2.6 0.6 0 0 1.1 2.2
2002101704 0.2 0.5 0 0.4 1.2 2.1 1.6 4.1 1.7 0.5 1.3 1.1 0.9 1 1 2.7 1.3 4.4 2.6 5.5 4 4.7 3.7 1.6 2.6 0 4.4 4 1 5.7 2.1 2.4 0 1.1 2.8 1.8 6.2 3.4 0 0 1.7 5.6
2002101705 1.6 0.3 3.1 0.3 2.6 3.3 3.3 1.7 3.9 1.1 0.9 5.5 0.2 0.8 1.5 5.9 0.5 2.2 1.6 3.3 2.9 2.8 3.3 3.5 1.8 0 5.2 3.5 2.1 1.3 1.1 1.3 0 6.4 2.2 5.9 3.2 3.3 0 0 2.5 6.4
2002101706 2.2 0 2.2 0.4 1.6 2.7 2.2 1 0.3 0 0.2 0.5 0 0 0.1 0.9 0 1.7 2.1 0.8 1.5 2.6 1.9 1.2 1.7 0 1.6 6.7 1.7 1.3 1.1 1.8 0 1.1 2.8 0.9 2.3 1.1 0.2 0.9 1.1 0.8
2002101707 0.1 0 0.1 0 1 0.2 0.4 0.5 1.1 0 0 0 0 0 0 0 0 0.3 0.4 0 0 0.4 0.3 0.5 0.5 0 0.2 0.5 1 1.3 1 0.6 0.5 0 0.2 0.1 0.1 0.8 1.8 0.8 0.9 1.2
2002101708 0 0 0 0 0 0 0 0.1 0.3 0 0 0 0 0 0 0 0 0 0.1 0 0 0 0 0.2 0.1 0 0.2 0 0.2 0 0.1 0.1 0 0 0 0 0 0 0.4 0 0.6 1.2
2002101709 0 0 0 0 0 0 0.1 0 0 0 0 0 0 0 0 0 0 0 0 0 0 0 0 0 0 0 0 0 0 0 0 0 0 0 0 0 0 0 0.2 0.2 0 0
2002101710 0 0 0 0 0 0 0 0.1 0 0 0 0 0 0 0 0 0 0 0 0 0 0 0 0 0 15.8 0 0 0 0 0 0 0 0 0 0 0 0 0.3 0 0 0
2002101711 0 0 0 0 0 0 0 0 0 0 0 0 0 0 0 0 0 0 0 0.1 0 0 0 0 0 0 0 0 0 0 0 0 0 0 0 0 0 0 0 0 0 0
2002101712 0 0 0 0.1 0 0 0 0 0 0 0 0 0 0 0 0 0 0 0 0 0 0 0 0 0 0 0 0 0 0 0 0 0 0 0.1 0 0 0 0 0 0 0
2002101713 0.6 0.1 0 0 0 0 0 0 0 0 0.3 0 0 0 0 0 0.2 0 0 0 0 0 0 0 0 0 0 0 0.1 0.1 0 0 0 0 0 0 0 0 0 0 0 0
2002101714 0 0 0.1 0 0.1 1.1 3.5 0 1.4 0 0 0 0 0 0 0 0.1 0.9 1 0 0 0.1 0.1 0 0 0.2 0 0 0 0 0 0 0 0.1 0.6 0.1 0.1 0 0 0 0 0
2002101715 0 0 0 0 0.1 0.1 0.1 1.1 0.2 0 0 0 0 0 0 0 0 0.1 0 0.7 0 0 0 0 0 0 0.5 1 0.5 0.7 0 0 0.6 0 0 0 0 0 0 0 0 0
2002101716 0 0.3 0 0 0 0 0 0 0 0 0.2 0 0 0.4 0 0 0.2 0 0.1 0.1 0 0 0 0 0 0 0 0.1 0 0 0 0.1 0 0 0 0 0 0 0 0.6 0.1 0
2002101717 0 0 0.3 0 0 0.1 0 0 0.1 0 0 0.1 0 0 0.2 0 0.2 0 0 0.2 0.2 0 0 0 0 0.1 0 0 0.1 0 0 0 0 0 0.1 0.1 0.1 0 0 0.1 0 0
2002101718 0 0 0 0 0 0 0 0.1 0.1 0 0 0 0 0 0 0.2 0 0.1 0.1 0.4 0.3 0.2 0 0 0 0 0 0 0 0 0.1 0.1 0.1 0 0.1 0.1 0.1 0 0 0 0 0.3
2002101719 0 0 0 0 0 0 0 0 0.1 0 0 0 0 0 0 0 0.1 0 0.2 0 0.1 0.1 0.2 0.1 0 0 0 0.1 0 0.1 0 0 0 0 0.1 0 0 0 0 0 0 0.1
2002101720 0 0 0 0 0 0.1 0 0 0 0 0 0 0 0 0 0 0 0 0.1 0 0 0.1 0 0 0 0 0.1 0 0 0 0 0 0.1 0 0 0 0 0 0 0 0 0
2002101721 0 0 0.1 0 0 0 0 0 0 0 0 0 0 0 0 0 0 0.1 0 0.1 0 0 0 0 0 0 0 0 0 0.1 0 0 0 0 0 0 0 0.1 0.6 0 0.2 0
2002101722 0 0 0 0 0 0 0 0 0 0 0 0 0 0 0 0 0.1 0 0 0 0 0 0 0.1 0 0 0 0 0 0 0 0 0 0.1 0 0 0.1 0 0.2 0 0 0
2002101723 0 0 0 0 0 0 0 0 0 0 0 0 0 0.1 0 0.1 0 0 0 0 0 0 0 0 0 0 0 0 0 0 0 0 0 0 0 0 0 0 0 0 0 0
2002101800 0.1 0 0 0 0 0 0 0 0 0 0 0 0.1 0 0 0 0 0 0 0 0 0 0 0 0 0 0 0 0 0 0 0 0 0 0 0.1 0 0 0 0.1 0 0
2002101801 0 0.1 0 0 0 0 0.1 0.1 0 0.1 0 0 0 0 0 0 0 0 0.1 0 0 0 0 0 0.1 0.1 0 0 0 0 0 0.1 0 0 0.1 0 0 0 0 0 0 0
2002101802 0 0 0 0 0.1 0 0 0 0 0 0 0 0 0 0 0 0 0 0 0 0 0 0 0 0 0 0 0 0.1 0 0 0 0 0 0 0 0.1 0 0 0 0 0.1
2002101803 0 0 0 0 0 0.1 0 0 0 0 0 0.1 0 0 0 0 0 0.2 0.4 0 0.1 0.1 0.5 0.1 0 0.1 0 0.1 0 0 0 0 0 0.1 0 0 0 0.1 0 0 0 0
2002101804 0 0 0 0 0 0 0 0 0 0 0 0 0 0 0.1 0 0 0.2 0.5 0 0 0.3 0.6 0.6 0 0.3 0.1 0 0.2 0.1 0.7 0.5 0 0 0 0 0 0 0 0 0 0
2002101805 0 0 0.1 0 0 0 0 0 0 0 0 0 0.1 0.1 0.1 0.1 0.1 0.9 0.2 0.2 0.1 0.6 0.7 0 0.3 0 0.4 0.3 0.2 0.6 0.4 0.1 0.5 0 0 0 0 0.5 0.1 0.3 0.3 0.2
2002101806 0.1 0 0 0.3 0.2 0.1 0.2 0.7 0.1 0 0.1 0.1 0 0 0 0 0 0.1 0.6 0 0.2 0.2 0 0 0 0 0.1 0 0.6 0.5 1.1 0.3 1.5 0 0.3 0 0.1 1.1 0 0 1 1.1
2002101807 0 0 0.2 0 0.2 0 0.1 0 0.2 0.1 0 0 0 0 0 0 0 0 0 0 0 0 0 0 0 0 0.1 0 0.9 0 0.2 0 0 0 0 0.2 0 0.1 0 0 0.1 0.2
2002101808 0 0 0 0 0.1 0 0 0 0 0 0 0 0 0 0 0 0 0 0.1 0 0 0 0 0 0 0 0 0 0 0 0 0 0 0 0 0 0 0 0 0 0.1 0
2002101809 0 0 0 0 0 0 0 0 0 0 0 0 0 0 0 0 0 0 0 0 0 0 0 0 0 0 0 0 0 0 0 0 0 0 0 0 0 0.7 0 0 0 0
2002101810 0 0 0 0 0 0 0 0 0 0 0 0 0 0 0 0 0 0 0 0 0 0 0 0 0 0 0 0 0 0 0 0 0 0 0 0 0 0 0 0 0 0
2002101811 0 0 0 0 0 0 0 0 0 0 0 0 0 0 0 0 0 0 0 0 0 0 0 0 0 0 0 0 0 0 0 0 0 0 0 0 0 0 0 0 0 0
2002101812 0 0 0 0 0 0 0 0 0 0 0 0 0 0 0 0 0 0 0 0 0 0 0 0 0 0 0 0 0 0 0 0 0 0 0 0 0 0 0 0 0 0
2002101813 0 0 0.1 0 0 0 0 0 0 0 0 0 0 0 0 0 0 0 0.2 0 0 0 0 0 0.3 0.1 0.8 0.1 0 0 0 0 0 0.1 0 0 0 0 0 0 0 0
2002101814 4.5 0.4 0 0.1 0 0 0 0 0 0 0.5 0 0 0.4 0 0.1 0 0 0 0.1 0 0 0 0.1 0.3 1.2 0.1 0 0 0 0 0.1 0 0 0 0 0 0.4 0 0 0 0
2002101815 0.2 0.1 0 0.2 0 0 0 0 0 0 0 0 0.5 0 0 0 0 0 0.4 0 0 0 0 0.2 0.8 0.3 0.8 0 0 0 0.2 0.2 0 0 0 1 0 0.2 0 0 0 0
2002101816 0 6.4 0 2.1 0 0 0 0.1 0 2.9 4 0 3.1 3.6 0.6 0.2 2.7 0 0 0 0 0 0 0 0 0 0 0 0.2 0.1 0.4 0 0 0 0 0.4 0 1.3 0 0 0 0.1
2002101817 4.3 3.4 4.9 4.9 0.2 0.5 0.4 0 0 4.8 4.2 7 7.3 4.9 6.2 2.4 7.2 0.2 0 0.3 0 0 1.1 1.6 0.1 0.8 0 0 0 0 0 0 0 2.6 0.5 1.6 0.6 0 0 0 0 0.2
2002101818 4.7 2 3.9 2.6 2.8 4.2 4.1 0.1 2.2 3.8 3.6 4.2 3.6 0.6 2.1 4.5 0.3 1.3 3.3 0.9 2.1 0.3 1.4 3.9 2.7 4.2 2.8 2 0.8 0.5 2 2.3 0 4.8 0.8 4.5 2.3 1.1 0.5 1.3 0 0
2002101819 3.5 1.4 3.2 2.5 2.6 3.2 2.7 1.9 3.4 0.2 1.4 0.4 0.2 0.1 0.1 0.2 0.2 0 0.2 0 0.4 0.8 0.1 0 0.6 0 0.4 2.5 1.5 0.7 0.9 0.5 0 1.3 2.6 0.5 0.3 2.5 1.1 2.1 1.7 0.6
2002101820 2.8 0.7 1.5 1.5 1 0.6 0.8 0.3 0.7 0.1 0.7 0.1 0.1 0 0.2 0.3 0 0.6 0.3 0.2 0.2 0.4 0.2 0.2 0 0.1 0.1 0.1 0.3 0.2 0.4 0.5 0.1 0.2 0.2 0.1 0.2 0.1 1.4 0.1 0.6 0.8
2002101821 0.8 0.1 0.4 0.2 0.5 0.5 0.5 0.6 0.4 0 0.1 0 0.2 0.3 0 0.1 0 0.3 0.4 0 0.1 0.2 0.3 0.1 0 0.1 0.1 0.2 0.8 0.7 0.6 0.6 0.8 0.2 0.2 0 0 1.2 0.2 0 0.1 0.3
2002101822 0.1 0.1 0.2 0 0.1 0.1 0.1 0.1 0.1 0.3 0.1 0.1 0.2 0.2 0.3 0.1 0.2 0 0 0.1 0 0 0.1 0 0 0 0.1 0.1 0.1 0.1 0.1 0 0.4 0.1 0 0.1 0 0.2 0.2 0.1 0.1 0.1
2002101823 0 0 0.1 0 0.4 0.1 0.2 0 0.2 0.1 0 0.1 0.1 0 0.1 0 0 0.2 0.1 0.3 0 0 0 0 0 0 0 0 0 0.1 0 0 0.6 0.1 0.2 0.2 0.3 0 0 0 0 0.1
2002101900 0 0.1 0 0 0.2 0 0 0 0 0 0 0 0 0.1 0 0 0 0 0 0 0 0.1 0 0 0 0 0 0 0 0 0 0.1 0.1 0 0 0 0.1 0 0 0 0.1 0
2002101901 0 0.6 0.5 0.1 0 0.1 0.4 0 0 0.1 0.1 0 0 0 0 0.1 0 0 0 0 0 0 0 0 0 0 0.1 0 0 0 0 0.1 0 0 0.2 0 0 0.1 0 0 0 0
2002101902 0 0 0.1 0 1 0 0.7 0 0.6 1 0.3 0 0.1 1.3 0 0 0 0 0 0 0.1 0 0 0 0 0 0 0 0.1 0 0.1 0 0.2 0.2 0 0 0 0 0 0 0 0.2
2002101903 0 0.1 0 0 0 0.1 0 0.7 0.1 0.1 0 0.4 0 0.4 0.1 0 0 0.9 0.2 0.3 0.4 0 0 0 0 0 0 0.1 0 0 0 0.7 0 0 0.6 0.2 0 0 0 0 0.3 0.5
2002101904 0 0 0 0.1 0 0 0 0.1 0 0.1 0 0 0.1 0.2 0.2 0.1 0 0 0.3 0 0 0.1 0 0.1 0.1 0 0 0.1 0 0 0 0.1 0 0.1 0 0 0 0 0 0.1 0 0
2002101905 0 0 0.1 0 0 0 0 0 0 0.1 0 0 0.1 0 0 0 0.1 0 0 0 0 0 0 0 0 0.1 0.1 0 0 0 0 0.1 0 0 0 0 0 0 0 0 0 0
2002101906 0 0 0 0 0 0.1 0 0 0 0.1 0 0 0.3 0 0.2 0 0 0 0 0 0 0.2 0 0 0 0 0 0 0 0 0 0 0 0 0.1 0 0.1 0 0 0 0 0
2002101907 0 0 0 0 0 0 0 0 0 0 0 0 0 0 0 0 0 0 0 0 0 0 0 0 0 0 0 0 0 0 0 0 0 0 0 0 0 0 0 0 0 0
2002101908 0 0 0 0 0 0 0 0 0 0 0 0 0 0 0 0 0 0 0 0 0 0 0 0 0 0 0 0 0 0 0 0 0 0 0 0 0 0 0 0 0 0
2002101909 0 0 0 0 0 0 0.4 0 0 0 0 0 0 0 0 0 0 0 0 0 0 0 0 0 0 0 0 0 0 0 0 0 0 0 0 0 0 0 0 0 0 0
2002101910 0 0 0.1 0 1 0 0.1 0 0 0 0 0 0 0 0 0 0 0 0 0 0 0 0 0 0 0 0 0 0 0 0 0 0 0 0 0 0 0 0 0 0 0
2002101911 0 0 0 0 0.4 0 1.1 0 0 0 0 0 0 0 0 0 0 0 0 0 0 0 0 0 0 0 0 0 0 0.1 0.1 0.5 0 0 0 0 0 0 0 0 0 0
2002101912 0 0 1.5 0.9 1 0 0.2 1.5 0 0 0 0 0 0 0 0 0 0 0 0 0 0 0 0 0 0 0 0 0 0 0 0 0 0 0 0 0 1.7 0 0 0 0.2
2002101913 0.2 0 0 0.3 0.3 0 0 0 0 0 0 0 0 0 0 0 0 0 0 0 0 0 0 0 0 0 0 0 0 0 0 0 0 0 0 0 0 0 0 0 0 0
2002101914 0.3 0 0 0.1 0 0 0 0 0 0 0 0 0 0 0 0 0 0 0 0 0 0 0 0 0 0 0 0 0 0 0 0 0 0 0 0 0 0 0 0 0 0
2002101915 0 0 0 0 0 0 0 0 0 0 0 0 0 0 0 0 0 0 0 0 0 0 0 0 0 0 0 0 0 0 0 0 0 0 0 0 0 0 0 0 0 0
2002101916 0 0 0 0 0 0 0 0 0 0 0 0 0 0 0 0 0 0 0 0 0 0 0 0 0 0 0 0 0 0 0 0 0 0 0 0 0 0 0 0 0 0
2002101917 0 0 0 0 0.1 0 0 0 0 0 0 0 0 0 0 0 0 0 0 0 0 0 0 0 0 0 0 0 0 0 0 0 0 0 0 0 0 0 0 0 0 0
2002101918 0 0 0 0 0 0 0 0 0 0 0 0 0 0 0 0 0 0 0 0 0 0 0 0 0 0 0 0 0 0 0 0 0 0 0 0 0 0 0 0 0 0
2002101919 0 0 0 0 0 0 0 0 0 0 0 0 0 0 0 0 0 0 0 0 0 0 0 0 0 0 0 0 0 0 0 0 0 0 0 0 0 0 0 0 0 0
2002101920 0 0 0 0 0 0 0 0 0 0 0 0 0 0 0 0 0 0 0 0 0 0 0 0 0 0 0 0 0 0 0 0 0 0 0 0 0 0 0 0 0 0
2002101921 0 0 0 0 0 0 0 0 0 0 0 0 0 0 0 0 0 0 0 0 0 0 0 0 0 0 0 0 0 0 0 0 0 0 0 0 0 0 0.1 0 0 0
2002101922 0 0 0 0.1 0 0 0 0 0 0 0 0 0 0 0 0 0 0 0 0 0 0 0 0 0 0 0 0 0 0 0 0 0 0 0 0 0 0 0 0 0 0
2002101923 0 0 0 0 0 0 0 0 0 0 0 0 0 0 0 0 0 0 0 0 0 0 0 0 0 0 0 0 0 0 0 0 0 0 0 0 0 0 0 0 0 0
2002102000 0 0 0 0 0 0 0 0 0 0 0 0 0 0 0 0 0 0 0 0 0 0 0 0 0 0 0 0 0 0 0 0 0 0 0 0 0 0 0 0 0 0
2002102001 0 0 0 0 0 0 0 0 0 0 0 0 0 0 0 0 0 0 0 0 0 0 0 0 0 0 0 0 0 0 0 0 0 0 0 0 0 0 0 0 0 0
2002102002 0 0 0 0 0 0 0 0 0 0 0 0 0 0 0 0.1 0 0 0 0 0 0 0 0 0 0 0 0 0 0 0 0 0 0 0 0 0.1 0 0 0 0 0
2002102003 0 0 0 0 0 0 0 0 0 0 0 0 0 0 0 0 0 0 0 0 0 0 0 0 0 0 0 0 0 0 0 0 0 0 0 0 0 0 0 0 0 0
2002102004 0 0 0 0 0 0 0 0 0 0 0 0 0 0 0 0 0 0 0 0 0 0 0 0 0 0 0 0 0 0 0 0 0 0 0 0 0 0 0 0 0 0
2002102005 0 0.1 0.1 0 0 0 0 0 0 0 0 0 0.1 0 0 0 0 0 0 0 0 0 0 0 0 0 0 0 0 0 0.1 0 0 0 0 0 0 0 0 0 0 0
2002102006 0.1 0.1 0 0 0 0 0 0 0 0 0 0 0 0 0 0 0 0 0 0 0 0 0 0 0 0.1 0 0 0 0 0.1 0.1 0 0.1 0 0 0 0 0 0 0 0
2002102007 0 0 0 0 0.2 0 0.1 0 0.1 0 0 0 0 0.1 0 0 0 0.2 0.1 0.1 0 0 0.2 0 0 0 0.1 0 0 0 0 0 0 0 0.1 0 0 0 0.1 0.2 0.1 0
2002102008 0 0 0 0 0 0 0 0.1 0 0 0 0.1 0 0 0.1 0 0 0 0 0 0.1 0 0 0 0 0 0 0.1 0 0.1 0 0 0 0 0 0.1 0 0.1 0 0 0.1 0.1
2002102009 0 0 0 0 0 0 0 0 0 0 0 0 0 0 0 0 0 0 0 0 0 0 0 0 0 0 0 0 0 0 0 0 0 0 0.1 0 0 0.1 0 0 0 0
2002102010 0 0 0 0 0 0 0 0 0 0 0 0.1 0 0 0 0 0 0 0 0 0 0 0 0 0 0 0 0 0 0 0 0 0 0 0 0 0.1 0 0 0 0 0
2002102011 0 0 0 0 0 0 0 0 0 0 0 0 0 0 0 0 0 0 0 0 0 0 0 0 0 0 0 0 0 0 0 0 0 0 0 0 0 0 0 0 0 0
2002102012 0 0 0 0 0 0 0 0 0 0 0 0 0 0 0 0 0 0 0 0 0 0 0 0 0 0 0 0 0 0 0 0 0 0 0 0 0 0 0 0 0 0
2002102013 0 0 0 0 0 0 0 0 0 0 0 0 0 0 0 0 0 0 0 0 0 0 0 0 0 0 0 0 0 0 0 0 0 0 0 0 0 0 0 0 0 0
2002102014 0 0 0 0 0 0 0 0 0 0 0 0 0 0 0 0 0 0 0 0 0 0 0 0 0 0 0 0 0 0 0 0 0 0 0 0 0 0 0 0 0 0
2002102015 0 0 0 0 0 0 0 0 0 0 0 0 0 0 0 0 0 0 0 0 0 0 0 0 0 0 0 0 0 0 0 0 0 0 0 0 0 0 0 0 0 0
2002102016 0 0 0 0 0 0 0 0 0 0 0 0 0 0 0 0 0 0 0 0 0 0 0 0 0 0 0 0 0 0 0 0 0 0 0 0 0 0 0 0 0 0
2002102017 0 0 0 0 0 0 0 0 0 0 0 0 0 0 0 0 0 0 0 0 0 0 0 0 0 0 0 0 0 0 0 0 0 0 0 0 0 0 0 0 0 0
2002102018 0 0 0 0 0 0 0 0 0 0 0 0 0 0 0 0 0 0 0 0 0 0 0 0 0 0 0 0 0 0 0 0 0 0 0 0 0 0 0 0 0 0
2002102019 0 0 0 0 0 0 0 0 0 0 0 0 0 0 0 0 0 0 0 0 0 0 0 0 0 0 0 0 0 0 0 0 0 0 0 0 0 0 0 0 0 0
2002102020 0 0 0 0 0 0 0 0 0 0 0 0 0 0 0.1 0 0 0 0 0 0 0 0 0 0 0 0 0 0 0 0 0 0 0 0 0 0 0 0 0 0 0
2002102021 0.2 0 0 0.1 0.3 0 0.1 0 0 0.1 0 0 0.1 0 0 0 0 0 0 0 0 0 0 0 0 0 0 0 0.1 0.1 0.1 0 0.1 0.1 0 0 0 0 0 0 0.1 0.1
2002102022 0 0 0 0 0.1 0 0 0 0 0.1 0 0 0 0 0 0 0 0 0 0 0 0 0 0 0 0 0 0 0 0 0 0 0 0 0 0 0 0 0 0 0 0
2002102023 0 0 0 0 0 0 0 0 0 0 0 0 0 0 0 0 0 0 0 0 0 0 0 0 0 0 0 0 0 0 0 0 0 0 0 0 0 0 0 0 0 0
2002102100 0 0 0 0 0 0 0 0 0 0 0 0 0.1 0.1 0 0 0 0 0 0 0 0 0 0.1 0 0 0 0 0 0 0 0 0 0 0 0 0 0 0 0 0 0
2002102101 0 0.3 0 0 0 0 0 0 0 0.1 0.2 0.2 0 0 0.2 0.3 0.1 0 0 0.2 0 0 0.2 0.1 0 0.2 0 0 0 0 0 0 0 0.1 0 0 0 0 0 0 0 0
2002102102 0.2 0 0.2 0.5 0 0 0 0 0 0.2 0.1 0.2 0.3 0.6 0.5 0.1 0.7 0.2 0 0.4 0 0 0.5 0.6 0.7 0.5 0.5 0.1 0 0 0 0 0 0.1 0 0.1 0 0 0 0 0 0
2002102103 0.3 0.5 0.3 0.2 0.1 0.2 0.2 0 0.1 0.7 0.5 0.7 0.5 0.1 0.3 0.1 0 0.2 0.3 0.2 0.4 0.2 0 0.1 0.1 0 0.3 0.1 0.1 0.1 0 0.2 0.1 0.2 0.2 0.3 0.5 0 0.1 0.1 0 0
2002102104 0.1 0 0.1 0.2 0.2 0 0.2 0.2 0.1 0 0.1 0 0 0 0 0 0 0.1 0.6 0 0 0 0.7 0.3 0 0.1 0 0.1 0 0 0.1 0.1 0.2 0 0 0 0 0.1 0.8 0 0 0.2
2002102105 0 0 0 0 0 0 0 1.3 0.2 0 0 0 0 0 0 0 0 0.3 0.4 0 0 0.2 0.2 0.1 0.9 0.1 0.9 0 0 0.6 0 0.8 1.4 0 0 0 0 0 0 0 0.1 1.5
2002102106 0 0 0 0 0 0 0 0.1 0 0 0 0 0 0 0 0 0.2 0.2 0.3 0 0.2 0 0.1 0.8 0.1 0.3 0.3 0 0 0 0.2 0.1 0 0 0.2 0 0.4 0.2 0 0 0 0.3
2002102107 0 0 0 0 0 0 0 0.1 0.3 0.2 0 0.2 0.2 1.7 0.3 0.1 0.4 0 0.1 0.2 0 0 0 0.1 0.2 0.9 0 0 0 0.3 0 0.1 0 0 0 0 0 0 1.7 0.5 0 0.4
2002102108 0.1 0.6 0 0 0 0 0 0 0 0.2 0.3 0 1.2 0.5 0 0 0 0.2 0.4 0 0 0.1 0.1 0.1 0.3 0 0.5 0.8 0.5 0.2 0.7 0.3 0 0 0 0.1 0 0.8 1 0.3 0 0
2002102109 0 0.5 0 0.1 0 0 0 0.2 0.1 0.5 0 0 0.8 0 0 0 0 0.2 0.2 0 0 0 0.2 0.2 0.3 0.1 0.9 0.7 0.4 0 0.5 0.1 0.2 0.1 0 0 0 0.8 0.1 1.9 0.1 0.4
2002102110 0 0 0 0.1 0 0 0 0 0.1 0 0 0 0 0 0 0 0 0.6 0.6 0 0 0.3 1 0.3 2.4 0.7 1.6 0.8 1.1 0.9 1.5 0.9 0.1 0 0 0 0 2 2.1 2 0.6 0.3
2002102111 0 0 0 0.1 0 0 0 0.7 0.1 0 0 0 0 0 0 0 0 0.3 0.5 0 0 0.1 0.4 0.2 0.2 0.1 0.4 0.6 1.3 0.4 0.8 0.3 0.1 0 0.1 0 0 2.2 0.7 0.1 0.7 1.4
2002102112 0 0 0.1 0 0 0 0 0 0 0 0 0 0.2 0.1 0.2 0.1 0.2 0.2 0.2 0 0 0 0.1 0.1 0 0 0.1 0 0.6 0.1 0.3 0.2 0.2 0 0 0 0 0.9 0.1 0 0.4 0.2
2002102113 0 0 0 0 0 0 0 0.1 0 0 0 0.2 0 0 0.1 0.2 0 0.2 0.1 0 0 0 0.4 0 0 0 0 0 0.2 0.1 0.1 0.1 0 0 0 0 0 0.1 0 0.1 0.2 0
2002102114 0 0 0 0 0 0 0 0.1 0 0 0 0.1 0 0 0 0 0 0 0 0 0 0 0 0 0 0 0 0 0 0 0 0 0.5 0.1 0 0 0 0 0.1 0.1 0 0
2002102115 0 0 0 0 0 0 0 0.1 0 0 0 0 0 0 0 0 0 0 0 0 0 0 0 0 0 0 0 0 0 0 0 0 0 0 0 0 0 0 0 0 0 0.1
2002102116 0 0 0 0 0 0.1 0 0 0 0 0 0 0 0 0 0 0 0 0 0 0 0 0 0 0 0 0 0 0 0 0 0 0 0 0 0 0 0 0 0 0 0
2002102117 0 0 0 0 0 0 0 0 0 0 0 0 0 0 0 0 0 0 0 0 0 0 0 0 0 0 0 0 0 0 0 0 0 0 0 0 0 0 0 0 0 0
2002102118 0 0 0 0 0 0 0 0 0 0 0 0 0 0 0 0 0 0 0 0 0 0 0 0.1 0 0 0.1 0 0 0 0 0 0 0 0 0 0 0 0 0 0 0
2002102119 0 0 0 0 0 0 0 0 0 0 0 0 0 0 0 0.1 0 0 0 0 0 0 0 0 0 0 0 0 0 0 0 0 0 0 0 0 0 0 0.2 0 0 0
2002102120 0 0 0 0 0 0 0 0 0 0 0 0 0 0 0 0 0 0 0 0 0 0 0 0 0.1 0 0 0 0 0.1 0 0 0 0 0 0 0 0 1.4 0 0 0
2002102121 0 0 0 0 0 0 0 0 0 0 0 0 0 0 0 0 0 0 0 0 0 0.1 0 0 0 0 0 0 0 0 0 0 0 0 0 0 0 0 0.5 0.1 0 0
2002102122 0.1 0 0 0 0 0 0 0 0 0 0 0 0 0 0 0 0 0 0 0 0 0 0 0 0 0 0 0.1 0 0 0 0 0 0 0 0 0 0 0.1 0 0 0
2002102123 0 0 0 0 0 0 0.1 0 0 0 0 0.1 0 0 0 0 0.1 0 0 0 0 0 0 0 0 0 0 0 0 0 0 0 0 0 0 0 0.1 0 0 0 0 0
2002102200 0 0 0 0 0 0 0 0 0 0 0 0 0 0.1 0.1 0.1 0 0 0 0.1 0 0 0 0 0 0 0 0 0 0 0 0.1 0 0 0 0 0 0.1 0.7 0.1 0.1 0
2002102201 0 0 0.1 0 0 0 0 0.1 0 0.1 0.1 0 0.1 0.1 0 0 0.1 0 0 0 0 0.1 0 0 0 0 0 0 0.1 0.1 0.1 0 0.1 0.1 0 0.2 0 0.2 0.9 0.3 0 0
2002102202 0 0.2 0 0 0.1 0.1 0 0 0.2 0.1 0 0.1 0 0 0.1 0.3 0.1 0 0 0.1 0 0 0 0 0 0 0 0 0.1 0 0 0 0 0 0 0 0 0 0 0.1 0.1 0.1
2002102203 0 0 0 0 0 0 0 0 0 0 0 0 0 0.1 0 0 0 0 0 0 0 0 0 0 0 0 0 0 0 0 0 0 0 0 0 0 0 0 0 0 0 0.1
2002102204 0 0 0 0 0 0 0 0 0 0 0 0 0.1 0 0 0 0.3 0 0 0 0 0 0.1 0.5 0.5 0.7 0 0 0 0 0 0 0 0 0 0 0 0 0 0 0 0
2002102205 0 0.1 0 0 0 0 0 0 0 0.1 0 0.1 0.3 0.6 0 0.1 0.1 0.3 0.2 0.1 0 0 0.3 0.3 0.2 0.1 0.4 0.3 0 0 0 0 0 0 0 0 0.1 0 0.2 0.2 0 0
2002102206 0 0.1 0 0.1 0.1 0 0 0.1 0 0 0.1 0 0 0 0 0.2 0 0.1 0.3 0 0 0 0.2 0.4 0.3 0.3 0.1 0.3 0 0 0 0.1 0.1 0 0 0.1 0 0 0.1 0.3 0 0
2002102207 0 0 0 0 0 0 0 0 0 0 0 0 0 0 0 0 0 0.1 0 0 0 0 0.1 0.1 0 0 0.1 0.2 0 0 0 0.1 0 0 0 0 0 0.1 0.1 0 0 0
2002102208 0 0 0 0 0 0 0 0 0 0 0 0 0 0 0 0 0 0 0 0 0 0 0 0 0 0 0 0 0 0 0 0 0 0 0 0 0 0 0 0 0 0
2002102209 0 0 0 0 0 0 0 0 0 0 0 0 0 0 0 0 0 0 0 0 0 0 0 0 0.1 0.3 0.1 0.1 0 0 0 0 0 0 0 0 0 0 0 0 0.1 0.1
2002102210 0 0 0 0 0 0 0 0 0 0 0 0 0 0 0 0 0.1 0.6 0.5 0.2 0.3 0.1 1.8 0.8 0.2 0.3 0.2 0.2 0 0 0.1 0.2 0 0.2 0.1 0.1 0.2 0.2 0 0.1 0 0
2002102211 0 0 0.1 0 0.1 0 0.1 0 0 0 0 0 0 0 0 0.2 0.1 0.4 0.2 0 0 0.1 0.2 0.1 0.1 0.1 0.4 1.1 0.2 0.1 0.4 0.3 0.2 0 0 0 0 0.5 0.1 0.2 0.1 0
2002102212 0 0.1 0 0 0.4 0 0.1 0.4 0.2 0 0 0 0.1 0.1 0 0.3 0.1 0.1 0.4 1 0 0 0.2 0 0.4 0 0.4 1.6 0.4 0.1 0.5 0.3 0 0.3 0 0.5 0 1.2 0 0 0.8 0.9
2002102213 0.1 0 0.1 0 0.2 0 0 0.6 0 0 0 0 0.2 0.2 0 0 0 0.3 0.1 0 0 0 0.8 0.2 0 0 0.7 1 1.8 0.6 2.1 0.5 0.1 0.2 0 0.1 0 3.6 0 0 1.1 1.4
2002102214 0 0.2 0 0 0.2 0.2 0.2 0.2 0.1 0.1 0 0.2 0 0 0.2 0.4 0 0.4 0.1 0.3 0.2 0.5 1.8 0 0 0.1 0 0.2 0.9 0.5 0.3 0.1 0.2 0.3 0.2 0.5 0 0.5 0 0 0.5 1.3
2002102215 0 0 0.3 0 0.5 0.1 0.5 0.8 0.2 0 0 0 0 0 0 0 0 0.1 0 0 0.6 0 0.1 0.1 0.1 0 3.4 3.3 2.5 0.5 5.2 0.1 0.3 0 0 0.4 0.6 2.5 0 0 0.6 0.3
2002102216 0 0 0 0 0.3 0 0 5.8 2 0 0 0.2 0 0 0 0.2 0 0 0.3 0 0 0.3 0 0.1 0 0 0.3 0.1 0.7 1.4 3.9 0.3 1.3 0 0 0 0 0.3 0 0.1 0.2 1.7
2002102217 0 0 0 0 0.3 0 0.2 0.5 0.9 0 0 0 0 0.1 0.2 0.2 0.2 2.2 1.4 1.1 0.4 0.4 2.5 1.9 2.4 1.1 3.1 2.5 0.4 0.1 0.6 0.7 0.1 0 0 0 0 0.4 1.9 2.1 0.2 0.1
2002102218 0 0 0 0 0.3 0 0 0.2 0.1 0.3 0 0.5 0.4 0.6 1.4 1.9 0.8 2.3 3.1 2.3 1.3 1.3 2.8 2.6 1.5 0.8 4.2 2.9 2.6 2.1 3.2 3 0.5 0.6 0.3 0.6 0.8 3.4 2 1 0.8 0.2
2002102219 0.1 0.2 0.4 0 0.5 0.5 0.7 1.3 0.7 0.2 0.1 1 0.2 0.3 0.7 0.8 0.7 1.5 0.8 1.1 0.3 0.8 1.6 1.8 1.1 1.2 1.5 0.8 2.3 1.3 1.3 0.9 0.9 0.5 0.7 0.3 0.4 2 0.7 0.7 1.8 1.4
2002102220 0 0 0 0 0.3 0.4 0.4 0.6 0.6 0 0 0.4 0.2 0.3 0.3 1.7 0.1 7.9 7.6 4.6 3.1 3.5 7.2 10.4 9.7 6.9 11.9 9.1 3.6 2.9 4.8 5.7 1.2 0.2 0.5 0.3 1.5 5.9 3.7 5.2 0.9 0.7
2002102221 0.3 0 1.6 0 2.3 3 2.6 8.1 3.4 0.2 0 0.2 0.5 0.6 0.1 3.9 0.8 2.1 3.3 0.4 0.7 1.5 1.2 2.2 5.5 1.8 9.9 5.3 7.4 7.4 5.9 3.4 8 2.8 3.4 4.7 2.6 8.8 4.2 2.8 6.1 6.9
2002102222 2.2 0 1 1 2.7 0.9 1.1 1.5 1.6 1.7 0.8 1.8 1.7 1.1 1 1.3 1.1 0.8 1.8 0.1 0.2 0.7 1.3 3.6 2.1 1.5 2.5 3.8 3 1.1 1.9 2 0.8 1.2 0.7 1.4 0.4 3.2 2.9 1.5 6.9 3.2
2002102223 0.8 0.6 1.5 0 1.8 2.3 2 0.2 2.4 1.2 0.6 0.5 1.4 0.1 0.3 0.6 0.1 1.1 0.9 0.1 0 2.6 0.4 3.3 0.6 0.3 1.6 0.5 1.7 3.9 3.1 1.4 0.2 0.8 0.4 0.4 0.1 4.3 3.9 0.4 2.5 0.4
2002102300 0.9 0 0.7 0.1 0.6 0.3 0.4 0.6 0.8 0.7 0 0.7 1.1 0.9 0.1 0.3 0.1 0.2 0.1 0 0 0 0.1 0 0.5 0 0.7 0.2 0.8 0.4 0.2 0.1 1.5 0.3 0.3 0.2 0.2 0.8 1.4 0 2.5 1.2
2002102301 0 0.5 0.8 0 2 1.3 2.5 0.1 0.5 0.8 0 0.3 0.5 0.1 0 0 0 0 0 0 0 0 0 0 0 0 0.2 0 0.2 0.4 0.1 0.2 0.3 0.2 0 0 0 0.2 0 0 0.4 0.2
2002102302 0.4 0.7 0.2 0.3 0.3 0.2 0.4 0 0 0 0.4 0.1 0 0 0 0.2 0.1 0.5 0.6 0 0 0 0.6 0.1 0.1 0.1 0.4 1.2 0 0 0 0.2 0 0 0 0 0 0.1 0.2 0 0 0
2002102303 0.7 0.4 0.1 0.3 0.4 0.2 0.3 0.2 0.1 0.1 0.4 0.1 0.2 0 0.1 0.1 0.1 1 0.9 5.2 0.4 0.6 1 1.6 2.9 1.4 2.6 2.4 0.2 0.2 1.1 0.5 0.7 0.1 0 0.2 0.7 2.1 0.8 1.1 0.1 0.5
2002102304 0.4 0.6 0 0.2 0.3 0.1 0.1 1.3 1.1 0.8 0 0.5 1 1.1 0.8 1.4 2.7 1.9 0.9 5.7 5.6 1.4 2.4 2.3 4.4 3.6 2 1.6 1.3 1.3 0.8 0.6 1.1 0 4.8 0.2 7 0.6 0.3 0.3 0.9 1.9
2002102305 1.5 3.2 1.3 0.9 2.5 2.8 4.2 3.5 5.5 0.4 1.3 1.9 0.4 0.2 0 1.9 0.1 1 2.3 0.3 2.1 2.4 0.4 0.5 1.4 0.6 2.6 2 2.7 2.5 3.7 1.5 2.7 4.1 8.3 1.6 3.2 3.6 0.1 0.5 1.8 1.1
2002102306 0.5 0.9 0.3 1.2 3.8 0.5 1.8 0.2 2.3 0 0 0.1 0 0.2 0 0.2 0 0.1 0.2 0 0 0 0.1 0.2 1.5 0.4 0.9 1.1 0.1 0.1 0 0 0.1 0 0.1 0.1 0 0.2 0.1 3.1 1.4 1.3
2002102307 1.2 0 1.9 0.1 0.1 0.1 0.1 0 0 0 0.1 0.6 0 0 0.2 0.4 0.1 0.6 0.3 0.1 0.1 0.3 0.7 0.1 0.7 0.3 0.6 2.1 0.1 0 0 0.3 0.1 0.6 0 0.3 0.1 0.2 0.6 0.4 0 0
2002102308 0.2 0 0.2 0 2.1 2.9 2.4 0.8 1.1 0 0 0.2 0 0 0 0.1 0 0.2 0.7 0.1 0 0 0 0 0 0 0.4 0 0.9 0.6 0.4 0.3 0.4 0.3 0.9 0.3 0.3 0.2 0.7 0 0.1 0.8
2002102309 0 0 0 0 0.6 0.2 0.2 0.1 0.1 0 0 0 0 0 0 0 0 0 0 0 0 0 0 0 0 0 0 0 0 0 0 0 0.2 0 0 0 0 0.2 0 0.5 0 0
2002102310 0 0 0 0.1 0 0 0 0 0 0 0 0 0 0 0 0 0 0 0.1 0 0 0 0 0.9 1.3 1.8 1.1 0.8 0 0 0 0 0 0 0 0 0 0 0 0.1 0 0
2002102311 0 0 0 0.4 0 0 0 0 0 0 0 0 0 0 0 0 0 0 0 0 0 0 0 0.8 0.4 0 0.4 0.6 0 0 0 0 0 0 0 0 0 0.2 0.4 0.7 0 0
2002102312 0 0 0 0.1 0 0 0 0 0 0 0 0 0 0 0 0 0 0 0 0 0 0 0 0 0 0 0.3 0.1 0 0 0 0 0 0 0 0 0 0 0.2 0.3 0 0
2002102313 0 0 0 0 0 0 0 0 0 0 0 0.1 0 0.4 0 0.1 0 0.5 0.8 0 0.4 0.2 0.5 3 0 0 1.2 0.2 0 0.1 0.8 0.4 0 0 0 0 0 0.1 0.3 1.6 0 0
2002102314 0 0 0.1 0 0 0.1 0 0.3 0 0 0 0 0 0.1 0.6 0 0 0 0 0 0 0 0 0 0 0 0.7 0 0.1 0.2 0.2 0 0.5 0 0.7 0.3 1.2 0.7 0.1 0.1 0 0
2002102315 0 0 0 0 0.1 0 0.1 0 0 0 0 0 0 0 0 0 0 0 0 0 0 0 0 0 0 0 0 0 0 0.1 0 0 0 0 0 0 0 0 0 0 0.1 0.4
2002102316 0 0 0 0 0.1 0 0.1 0 0 0 0 0 0 0 0 0 0 0 0 0 0 0 0 0 0 0.1 0 0 0 0 0 0 0 0 0 0 0 0 0 0 0 0
2002102317 0 0 0 0 0 0 0 0 0 0 0 0 0 0 0 0 0 0 0 0 0 0 0 0 0 0 0 0 0 0 0 0 0 0 0 0 0 0 0 0 0 0
2002102318 0 0 0 0 0 0 0 0 0 0 0 0 0 0 0 0 0 0 0 0 0 0 0 0 0 0 0 0 0 0 0 0 0 0 0 0 0 0 0 0 0 0
2002102319 0 0 0 0 0 0 0 0 0 0 0 0 0 0 0 0 0 0 0 0 0 0 0 0 0 0 0 0 0 0 0 0 0 0 0 0 0 0 0 0 0 0
2002102320 0 0 0 0 0 0 0 0 0 0 0 0 0 0 0 0 0 0 0 0 0 0 0 0 0 0 0 0 0 0 0 0 0 0 0 0 0 0 0 0 0 0
2002102321 0 0 0 0 0 0 0 0 0 0.1 0 0 0.2 0 0 0 0 0 0 0 0 0 0.1 0.1 0.1 0 0 0.1 0 0 0 0 0 0 0 0 0 0 0 0 0 0
2002102322 0 0 0 0 0 0 0 0 0 2 0 0.7 0.3 0 0 0 0 0.2 0.3 0 0 0.2 0.1 0.2 0 0.2 0.1 0.1 0.2 0.3 0.3 0.3 0 0.7 0 0 0 0.1 0 0 0 0.1
2002102323 0.1 0 0.3 0 0.5 0.6 0.5 0 1.1 0 0 0 0 0 0 0 0 0.1 0.3 0.1 0 0 0.1 1.5 0.8 1.3 1 0.3 0 0 0.1 0 0 0.1 0 0 0 0.1 0 0 0.1 0
2002102400 0 0 0 0 0 0 0 0.2 0.2 0 0 0 0 0 0 0 0 0.1 0.2 0 0 0.1 0.1 0.2 1.3 0.3 0.9 0.9 0.1 0.1 0.2 0.2 0.1 0 0 0 0.1 0.4 0 0.3 0.1 0.1
2002102401 0 0 0 0 0 0 0 0 0 0 0 0 0 0.4 0 0 0 0.4 0.9 0 0 0 0.7 0.1 0 0 0 0.2 0 0.1 0 0 0 0 0 0 0 0.1 0 0.1 0.1 0
2002102402 0 0 0 0 0 0 0 0 0 0 0 0 0 0.1 0 0 0 0.1 0.2 0 0 0 0.2 0.8 0.9 1.1 1.1 0.6 0 0 0.2 0 0.1 0 0 0 0 1.2 0 0 0 0.1
2002102403 0 0 0 0 0 0 0 0 0 0 0 0 0 0 0 0 0 0 0.1 0 0 0 0 0.5 1.2 0.8 1.2 0.8 0 0 0 0 0 0 0 0 0 0.1 0 0.2 0 0
2002102404 0 0 0 0 0 0.1 0 0 0 0 0 0 0 0 0 0 0 0 0 0 0 0 0 0 0.1 0 0 0.2 0 0 0 0 0 0 0 0 0 0 0 0 0 0
2002102405 0 0 0.1 0 0 0 0 0 0 0 0 0.1 0 0 0 0 0 0 0 0 0 0 0 0 0 0.1 0 0 0 0 0 0 0 0 0 0 0 0 0 0 0 0
2002102406 0 0 0 0 0.1 0 0 0 0 0 0 0 0 0 0 0 0 0.1 0 0 0 0 0 0 0 0 0 0 0 0 0 0 0 0 0 0 0 0 0 0 0 0
2002102407 0 0 0 0 0 0 0 0 0 0 0 0 0.1 0 0 0 0 0 0 0 0 0 0 0 0 0 0 0 0 0 0 0 0 0 0 0 0 0 0 0 0 0
2002102408 0 0 0 0 0 0 0 0 0 0 0.1 0 0 0 0 0 0 0 0 0 0 0 0 0 0 0 0 0 0 0 0 0 0 0 0 0 0 0 0 0 0 0
2002102409 0 0 0 0 0 0 0 0 0 0 0 0 0 0 0 0 0 0 0 0 0 0 0 0 0 0 0 0 0 0 0 0 0 0 0 0 0 0 0 0 0 0
2002102410 0 0 0 0 0 0 0 0 0 0 0 0 0 0 0 0 0 0 0 0 0 0 0 0 0 0 0 0 0 0 0 0 0 0 0 0 0 0 0 0 0 0
2002102411 0 0 0 0 0 0 0 0 0 0 0 0 0 0 0 0 0 0 0 0 0 0 0 0 0 0 0 0 0 0 0 0 0 0 0 0 0 0 0 0 0 0
2002102412 0 0 0 0 0 0 0 0 0 0 0 0 0 0 0 0 0 0 0 0 0 0 0 0.1 0 0 0 0 0 0 0 0 0 0 0 0 0 0 0 0 0 0
2002102413 0 0 0 0 0 0 0 0 0 0 0 0 0 0 0 0 0 0 0 0 0 0 0 0 0 0 0.2 0.1 0 0 0 0 0 0 0 0 0 0 0 0 0 0
2002102414 0 0 0 0 0 0 0 0 0 0 0 0 0 0 0 0 0 0 0 0 0 0 0 0 0.6 0.2 0 0.2 0 0 0 0 0 0 0 0 0 0 0 0.1 0 0
2002102415 0 0 0 0 0 0 0 0 0 0 0 0 0 0 0 0 0 0 0.1 0 0 0 0.2 0.5 1.1 1.1 0.2 0.6 0 0 0 0 0 0 0 0 0 0 0.7 0.5 0 0
2002102416 0 0 0 0 0 0 0 0 0 0 0 0 0 0 0 0 0 0.1 0.1 0 0 0 0.1 0.8 1.8 0.9 0.6 0.9 0 0 0 0 0 0 0 0 0 0 0.7 0.4 0 0
2002102417 0 0 0 0 0 0 0 0 0 0 0 0 0 0 0 0 0 0 0 0 0 0 0.1 0.1 0.5 0.1 0.2 0.5 0 0 0 0 0 0 0 0 0 0 0.7 0.3 0 0
2002102418 0 0 0 0 0 0 0 0 0 0 0 0 0 0 0 0 0 0 0 0 0 0 0.1 0.1 0.2 0.2 0.1 0.1 0 0 0 0 0 0 0 0 0 0.1 0.7 0.2 0 0
2002102419 0 0 0 0 0 0 0.1 0 0.1 0 0 0 0 0 0 0 0 0.1 0.2 0 0 0 0.5 0.8 1.1 0.7 0.6 1 0 0 0 0 0 0 0 0 0 0 1 0.8 0 0
2002102420 0 0 0 0 0 0 0 0 0 0 0 0 0 0 0 0 0 0.3 0.2 0 0 0 0.5 0.5 1.8 0.4 0.9 1.3 0.1 0 0.1 0.1 0 0 0 0 0 0 0.8 0.5 0 0
2002102421 0 0 0 0 0 0 0 0 0 0 0 0 0 0 0 0 0 0.4 0.3 0.1 0 0 0.6 0.4 0.8 0.6 0.5 1.1 0.1 0 0.1 0.2 0 0 0 0 0 0.2 0.5 0.1 0 0
2002102422 0 0 0 0 0 0 0 0.2 0.2 0 0 0 0 0 0 0 0.5 0.6 0.1 0.2 0 0 0.9 2.1 2.6 2.3 0.4 0.5 0.1 0 0.1 0.1 0 0 0 0 0 0.2 0.2 0.1 0.1 0.3
2002102423 0 0 0 0 0.1 0 0 0 0 0 0 0.1 0 0.1 0.4 0.5 0.1 1.1 1.2 0.2 0.1 0.1 1.4 1.7 1.5 1.8 2 2.2 0.4 0.5 0.7 0.9 0.9 0.2 0.2 0.2 0.5 1.2 0.5 1.4 0 0
2002102500 0 0 0 0 0.7 0.3 0.4 1.3 1.6 0.1 0 0 0.4 0.2 0 0 0.1 0.2 0.3 0 0 0.1 0 0 0 0.1 0.1 0.1 1.2 0.4 0.7 0.1 2.2 0.4 0.2 0 0.1 0.6 0 0 1.8 1.2
2002102501 0 1.5 0 0 0.4 0.1 0.1 0.2 0.4 0.1 0.1 0 0 0 0 0.1 0 0.2 0.1 0 0 0 0.2 0 0.1 0 0.1 0.2 0.1 0.1 0.1 0.1 0.1 0 0 0 0 0.3 0 0 0.4 0.2
2002102502 0.2 0 0.1 0.7 0 0 0.1 0.1 0.1 0 0 0 0 0 0 0 0 0.3 0.3 0 0 0.1 0.3 0 0.1 0 0.3 0.2 0.1 0.1 0.1 0.2 0.1 0 0.1 0 0 0.3 0 0.1 0.1 0
2002102503 0 0 0 0 0.1 0 0 0.2 0 0 0 0 0 0 0 0 0 0.1 0 0 0 0 0 0.1 0 0 0.2 0.3 0.1 0.2 0.2 0 0.1 0 0 0 0 0.1 0.4 0.3 0 0.2
2002102504 0 0 0 0 0 0 0 0.1 0 0 0 0 0 0 0 0 0 0 0 0 0 0 0 0 0 0 0 0.1 0.1 0 0 0 0.1 0 0 0 0 0.1 0.1 0 0.3 0.2
2002102505 0 0 0 0 0 0 0 0 0 0 0 0 0 0 0 0 0 0.1 0 0 0 0 0 0 0 0 0 0.1 0 0 0 0 0 0 0 0 0 0 0.1 0 0 0
2002102506 0 0 0 0 0.1 0 0.1 0 0 0 0 0 0 0 0 0 0 0 0 0 0 0.1 0 0 0 0 0.1 0 0 0 0.1 0 0 0 0 0 0 0.2 0.4 0.1 0.1 0.1
2002102507 0 0 0 0 0 0 0 0 0.1 0 0 0 0 0 0 0 0 0 0 0 0 0 0.1 0.1 0 0 0 0 0 0 0 0 0 0 0 0 0 0 0 0 0 0
2002102508 0 0 0 0 0 0 0 0 0 0.5 0 0.2 0.6 0.5 0.2 0.1 0 0.3 0.3 0.1 0.2 0 0.5 0.5 0.5 0.4 0.5 0.4 0.1 0.1 0 0.2 0 0 0 0.1 0.2 0 0.1 0.1 0 0
2002102509 0.1 0.4 0.1 0.2 0.1 0.1 0.1 0.5 0 0.5 0.3 0.5 1.4 1 0.7 0.9 0 1 0.9 0.6 0.1 0.1 1.6 2 1.6 1.6 1 1.2 0 0 0.3 0.3 0.2 0.3 0.4 0.4 0.6 0.3 0.8 1.1 0.2 0.3
2002102510 0.4 1 0.7 0.6 0.6 0.5 0.4 0.7 0.3 0.9 1.2 1 1.3 1.2 1.1 1.2 0 1.5 1.8 1.6 0.4 0.3 2.7 2.2 3.1 2 2 2.9 0.5 0.3 1.2 1.3 0.2 0.6 0.6 1 0.8 1.5 2.1 1.7 0.4 0.8
2002102511 0.6 1.1 0.8 1.5 1.2 0.8 0.7 1.6 0.9 1.7 2 1.2 3.1 2.3 1.5 1.6 1 2.9 2.8 1.9 1 1.2 3.2 3.6 2.1 2 1.8 1.9 0.5 1.1 0.8 1.5 0.9 1.7 1.3 2 1.5 1.1 2.8 1.8 1 1.8
2002102512 1.7 2.1 2.1 1.6 1.8 1.5 1.2 2 1.1 1.7 1.6 2.1 2.7 1.7 1.9 2.1 1.9 2.6 2.1 2.1 1.6 0.9 3.5 4.2 5.5 4.2 3.4 4.7 1.6 1.4 1.9 1.8 1.5 2 1.6 2.3 1.4 3.3 5.2 4.6 1 1.5
2002102513 0.6 0.9 1.5 1 1.6 0.9 0.9 3.9 1.9 1.8 1.1 1 2.4 0.7 1 1.8 0.7 3.8 3.1 2.2 3 2.8 3.7 5.3 7.1 5.5 6.1 6.2 3.9 4 3.8 2.7 6.6 0.9 4 1.9 5.4 6 5.1 3.4 3.4 3.3
2002102514 1.4 0.5 1 0.6 1.5 2.6 2 3.1 4.4 0.5 0.8 0.7 0.7 0.5 0.3 2.1 0.3 1.4 2.1 1.6 1.3 1.2 0.8 2 5.9 2.4 6.9 7.8 2.8 2 3.1 1.7 3.1 1.5 3 3.1 2.6 7.1 0.6 2.3 4.2 4.3
2002102515 0.7 0.2 0.7 0.4 1.7 1.4 1.5 0.7 2.1 0.2 0.2 0.2 0 0 0.1 1.8 0 0.2 0.1 0.1 0.3 0.3 0.1 0.1 0.1 0.1 0.1 0.1 0.1 1 0.3 0.2 0.9 0.4 0.6 0.4 0.2 0.2 2.8 0.8 0.3 0.3
2002102516 0 0 0 0 0.1 0 0 0.1 0.1 0 0 0 0 0 0 0.6 0 0 0 0 0 0 0 0 0 0 0 0 0.1 0 0 0 0.4 0 0 0 0.2 0.1 0 0 0.1 0.2
2002102517 0.8 2 1.4 0.9 0 0 0 0 0 1.2 5.4 0 8.9 0 0 0 0 0 0 0 0 0 0 0 0 0 0 0 0 0.1 0 0 0 0 0 0 0 0 0 0 0 0
2002102518 1.3 0.4 6 0.2 3.2 5.6 3.2 0 0 2.6 1.2 3 0.8 0 0 0.1 0.3 0.6 0.5 4.8 2.1 1 0.1 0 0 0 0 0 0 0 0.7 0.1 0.1 0.4 0.9 0 2.6 0.1 0 0 0 0
2002102519 0 0 0 0 1.1 3.6 2.1 1.9 0 0 0 0 0 0 0 0 0 0.1 0 0.3 1.2 1.3 0 0 0.1 0 0 0.1 1.8 2.7 0.3 0.9 3.7 0 0.7 0 0.7 0.4 0.2 2.7 1.7 1.8
2002102520 0 0 0 0 0 0 0 0 0 0 0 0 0 0 0 0 0 0 0.1 0 0 0 0 0 0.6 0.3 0.7 1.1 0 0.1 0.2 0 0 0 0 0 0 0.9 5.3 3.5 0 0
2002102521 0.9 3 0.1 0 0.1 0.1 0 0 0 0.4 0.4 1.9 0.3 2 1.3 0.1 5.4 0 0 0 0 0 0 0.1 0 0 0.1 0 0 0 0 0 0.1 0 0 0 0 0 0.1 0 0.1 0
2002102522 0.1 0.1 0.3 0 2.4 2.5 2.5 5.1 4.4 0 0 1.7 0 1.8 1.9 0.6 2.5 1.7 0.4 0.9 0 0.1 1.4 0 0 0 0 0 0.3 0 0.7 1.1 6.5 2.7 5.7 5.8 7.9 0.1 0 0 1.9 1
2002102523 0.2 0.7 2.2 0 0.1 0.3 0.2 1.6 2.3 0.1 0.8 0 0 0 0 0.3 0 2.9 4.5 0.4 0 0.4 1.4 4.6 0.2 3.2 2.3 0.2 8 0.2 4.3 3 0.7 0 0.1 0.4 0 3.1 0.8 5 0.2 4.7
2002102600 0 0 0.3 0 0 0 0 0 0 0 0 0 0 0.1 0.1 0.3 0.2 2 1.5 0.4 0.1 0.4 2.2 4.8 0 0.4 3.4 0.1 0.2 0.6 1 0.8 0.3 0 0.1 0.1 0.1 1.4 0 0.2 0 0
2002102601 0 0 0 0 0 0 0 0.5 0 1.6 0.2 0.7 1.6 0.3 0.2 0.2 1.1 0.1 0 0.1 0 0.1 0 0 0.2 0.1 0.5 0.9 0.1 0.4 0.1 0 0.1 0.1 0 0 0 0.5 0.1 3.7 0.6 0.5
2002102602 0.1 0 0.4 0 2.1 2.1 2.1 0.2 1.3 0.6 0.3 0.4 1.2 0.2 0.2 0.1 0.5 0 0 0 0.1 0 0 0 0 0 0 0 0 0.1 0 0 5.3 0.9 0.8 0.3 2.6 0 0 0 2.2 0
2002102603 0 0 0 0 0.1 3.2 0.8 0.6 1.5 0 0 0.1 0.1 0.1 0 0.2 0 0 0 0 0 0 0 0 0 0 0 0 0 0 0 0 0.3 0 0.2 0.1 0.2 0 0 0 2.1 0.5
2002102604 0 0 0 0 0.1 0 0 0.3 0.6 0.1 0 0.4 0 0.4 0.2 0.1 0 0 0 0.2 0 0 0 0 0 0 0 0 0 0 0 0 0.1 0.6 0.1 0.4 0.4 0 0 0 0.5 0.4
2002102605 0 0.4 0 0 0 0 0 0.2 0.3 0.1 1.2 0.2 0 0.7 0.5 0.1 2.2 0.1 0.2 0.5 0.1 0.2 0 0 0 0 0 0 0.6 0.3 0.1 0 1.8 0.3 0.4 0.5 0.2 0 0 0 0.9 0.2
2002102606 0 0 0.8 0 0.3 0.2 0 1.9 0.4 0 0 0 0 0.1 0.1 0.1 0 0 0 0 0.3 0.2 0 11.3 0.1 0.6 8 0.9 0.2 0.5 0 0 2.7 0 1.3 0.7 2.9 0 0 0.1 2.6 1.5
2002102607 0 0 0 0 0 0 0 0 0 0 0 0 0 0 0 0.1 0 0 0 0 0 0 0 0.6 3.4 3.3 2.5 8.6 0 0 0 0 0 0 0 0 0 0 0.2 3.4 0.5 0.1
2002102608 0 0 0 0 0 0 0 0 0 0 0 0 0 0 0.3 0.1 0 0 0 0 0 0 0 0 0.3 0.4 0 0.1 0 0 0 0 0.1 0 0 0 0.6 0 0 2.5 0 0
2002102609 0 0 0 0 0 0 0 0.3 0 0 0 0 0 0 0 0.2 0 0 0 0 0 0 0 0 0 0 0 0 0 0 0 0 0 0 0 0.4 0 0 0 0 0.2 0.4
2002102610 0 0 0 0 0 0 0.1 0 0 0 0 0 0 0 0 0.1 0 0.1 0.1 0 0 0 0.1 0 0 0 0.1 0 0 0 0.3 0.1 0 0 0 0 0 0.1 0 0 0 0
2002102611 0 0 0 0 0 0 0 0 0 0 0 0 0 0 0 0.1 0 0 0.8 0 0 0 0.1 0 0 0 0 0 0 0 0 0 0 0 0 0 0 0.3 0 0 0.4 0.1
2002102612 0 0.9 0.1 0.2 0.2 0 0 0 0 0 0 0.1 0.1 0 0 0.2 0 0.1 0 0 0 0 0 0.1 0 0.2 0 0 0 0 0 0 0 0 0 0 0 0.2 0 0 0 0
2002102613 0 0 0 0 0 0.2 0.1 0 0.5 0 0 0.1 0 0 0 0.1 0 0 0 0 0 0 0 0.8 0.2 0.4 1.1 1.2 0 0 0 0 0 0.1 0 0 0 0 0 0 0 0
2002102614 0 0 0 0 0.5 0 0 0 0 0 0 0 0 0 0 0.1 0 0 0 0 0 0 0 0 0 0 0 0 0 0 0 0 0 0 0 0 0 0.1 0 0 0 0
2002102615 0 0 0 0 0.1 0 0 0 0 0 0 0 0 0 0 0.1 0 0 0 0 0 0 0 0 0 0 0 0 0 0 0 0 0 0 0 0 0 0 0 0 0 0
2002102616 0 0 0 0 0 0 0 0 0 0 0 0 0 0 0 0.1 0 0 0 0 0 0 0 0 0 0 0 0 0 0 0 0 0 0 0 0 0 0 0 0 0 0
2002102617 0 0 0 0 0 0 0 0 0 0 0 0 0 0 0 0.1 0 0 0 0 0 0 0 0 0 0 0 0 0 0 0 0 0 0 0 0 0 0 0 0 0 0
2002102618 0 0 0 0 0 0 0 0 0 0 0 0 0 0 0 0 0 0 0 0 0 0 0 0 0 0 0 0 0 0 0 0 0 0 0 0 0 0 0 0 0 0
2002102619 0 0 0 0 0 0 0 0 0 0 0 0 0 0 0 0 0 0 0 0 0 0 0 0 0 0 0 0 0 0 0 0 0 0 0 0 0 0 0 0 0 0
2002102620 0 0 0 0 0 0 0 0 0 0 0 0 0 0 0 0.1 0 0 0 0 0 0 0 0 0 0 0 0 0 0 0 0 0 0 0 0 0 0 0 0 0 0
2002102621 0 0 0 0 0 0 0 0 0 0 0 0 0 0 0 0 0 0 0 0 0 0 0 0 0 0 0 0 0 0 0 0 0 0 0 0 0 0 0 0 0 0
2002102622 0 0 0 0 0 0 0 0 0 0 0 0 0 0 0 0 0 0 0 0 0 0 0 0 0 0 0 0 0 0 0 0 0 0 0 0 0 0 0 0 0 0
2002102623 0 0 0 0 0 0 0 0 0 0 0 0 0 0 0 0 0.1 0 0 0 0 0 0 0 0 0 0 0 0 0 0 0 0 0 0 0 0 0 0 0 0 0
2002102700 0 0.3 0 0.1 0 0 0 0 0 0.1 0.1 0.2 0.3 0.1 0 0 0.1 0 0 0.1 0 0 0 0 0 0 0 0 0.1 0.1 0 0 0 0.1 0.2 0.1 0.1 0 0 0 0 0
2002102701 0.4 2.3 0.4 0.3 0.3 0.2 0.2 0.1 0.1 2.7 1.1 0.9 5.5 1.1 1.3 0 0.9 0.3 0 0 0 0 0.8 0.4 0.3 0.1 0.2 0.1 0 0 0 0 0.1 0.3 0 0.3 0.2 0 0 0 0 0
2002102702 4.4 4.5 5 4.1 1.5 2.6 2.4 1.2 2.4 4.2 3.9 3.8 5.4 1.1 1.3 0 2.1 1.5 0.7 0.1 0 0.1 1.3 0.2 0.7 0.2 1.1 1.7 0 0.1 0.1 0.3 0.1 3 2.6 3.1 1.3 0.3 0.1 0.5 0 0.8
2002102703 2.8 2.5 2.9 4.1 4.3 2.3 3.7 2.3 4.7 1.4 2.6 2.2 1.8 1.6 1.1 0 3.1 2.5 2.6 2.6 1.1 2.1 3 3.9 3.3 2.4 3.7 4.1 1.1 0.7 1.4 1.8 0.7 1.5 5.1 3.9 1.8 1.6 0.3 0.6 0.1 1.9
2002102704 1.7 1 1.8 1.4 2.9 2.6 4.2 4.1 6.7 1.1 1.3 3.2 1.4 1.1 1.2 0.1 1.6 3.8 4.5 2.7 3.2 2.5 5.2 6.9 7.7 4 6.7 6.3 3.7 5 4.8 3.6 4.3 1.9 2.9 2.1 2 5 6.4 4.8 2.6 3.9
2002102705 0.4 0 0.7 0.1 1.5 0.9 1.2 2 2.8 0.5 0.1 0.1 0.4 0.2 0.3 0 0.4 0.8 1 0.4 0.3 0.4 1.3 2.4 3.9 1.3 2.7 3.8 1.4 1.5 1.4 0.8 0.7 0.3 0.7 0.4 1.9 2.5 4.5 3.8 2.5 2.5
2002102706 0 0 0.3 0 0.7 0.1 0.3 0.9 0.1 0 0.1 0.2 0.1 0 0 0 0.3 0.5 0.8 0.1 0 0.1 0.9 0.9 1.6 0.5 1.8 3.1 0.7 0.4 0.4 0.2 0.8 0.1 0.2 0 1.5 0.7 1.4 1.5 1.2 1.4
2002102707 0 0.1 0.1 0 0.1 0.1 0.1 0.7 0.3 0 0 0.2 0 0.1 0.1 0 0.1 0.7 0.7 0.5 0.2 0.4 0.9 0.5 0.3 0.2 1 0.7 0.3 0.6 0.4 0.6 0.5 0.3 0.2 0.4 1.3 0.8 0.2 0.4 0.6 0.8
2002102708 0.3 0.5 0.1 0.2 0.4 0.2 0.2 0.8 0.4 0.3 0.3 0.2 1 0.6 0.1 0 0 0.7 0.6 0.1 0 0.3 1 0.5 0.6 0.3 0.6 0.9 0.3 0.7 0.4 0.5 0.4 0.3 0.2 0.4 1.1 0.7 0.1 0.1 0.5 1.2
2002102709 4.4 0 0.8 0.2 0.1 0.2 0.1 0.1 0.1 5.4 6.2 0.2 3.8 0.4 2.2 0.1 2.9 0.2 0.3 1.7 0.1 0.1 0 0 0.1 0 0.1 2.2 0.2 0.4 0.1 0.3 0 1.2 0.2 2.2 0.7 0.2 0.7 1 0.1 0.3
2002102710 1.1 0 0.2 0 1.4 2.6 2 1.8 1.6 0 0 0 0 0 0 0 0 1.1 3.1 0 1 1.3 1.4 0.8 1.4 0.5 2.2 0.6 1.5 5.5 2.8 2.2 1 0.1 3.2 0.2 0.6 0.2 0.5 0 1 1.8
2002102711 0.1 0.4 0 0.6 0 0 0 0.1 0 0 0.2 0 0 0.2 0 0 0 0 0 0 0 0 0 0 0.5 0 1.8 0.2 0.2 0 0 0.1 0.2 0 0 0 0.5 2.5 0 0.5 1.5 0.3
2002102712 0.3 0.1 0 0 0.1 0 0.1 0.2 0 0.3 0 0.1 0.2 0 0.1 0 0 0 0 0 0 0 0 0 0 0 0 0 0 0 0 0 0 0 0 0 0.3 0 0 0 0 0.1
2002102713 0.1 0.4 0.2 0 0 0 0 0.3 0 0 0 0 0 0 0 0 0.2 0 0 0 0.1 0 0 0.1 0 0 0 0 0 0 0 0 0 0 0 0 0.2 0 0 0 0 0.2
2002102714 0 0 0 0 0 0 0 0 0.1 0 0 0 0 0.3 0.3 0 0 0 0 0 0 0 0 0 0 0 0.1 0 0 0.1 0 0 0 0 0 0.3 0.2 0 0 0.7 0 0
2002102715 0.1 0.2 0.1 0 0 0.5 0 0.2 0.3 0.3 0.1 0 0.1 1.4 0.8 0 0 0 0 0 0 0 0 0.2 0.1 0.2 0.2 0.2 0 0 0 0 0.1 0.2 0.2 0.8 0.2 0.1 0 0 0.1 0.3
2002102716 0.1 0 0.2 0.7 0.5 0 0.2 1.9 0 0.1 0 0 0 0 0.1 0 0.2 0.3 0.1 0 0 0 0.1 0.1 0 0 0.1 0 0 0 0.1 0.3 0.3 0 0.8 0.4 0.2 0.2 0 0 0.3 1.8
2002102717 0 0 0 0.1 0.3 0.2 0.5 0.1 0.9 0 0 0 0 0 0 0.1 0 0 0 0 0 0 0 1.3 0.7 0.7 3.9 0.8 0.3 0.1 0.4 0 0.1 0.1 0 0.1 0.1 0.4 0 0 0.2 0.2
2002102718 0.1 0.4 0.1 0.2 0.2 0.2 0.6 0.3 0.3 0.1 0.2 0 0 0 0 0 0 0.1 0.2 0.1 0 0 0.1 0.2 1.4 2.2 0.2 0.2 0.3 0 1.1 1 0 0 0 0 0.1 2 0 0.3 0.1 0
2002102719 1.1 0 0 0.7 0.1 0.1 0.1 3.8 0.4 1 0 1.2 0.1 0 0.1 0 0 0 0 0 0 0 0 0.1 0.1 1.1 0 0 0 0 0 0 1 0.9 0.3 0.8 0.2 0.1 0.6 0.1 0.5 2.1
2002102720 0 0 0.2 0 0.1 0 0 0.2 0 0 0 0 0 0 0 0 0 0 0 0 0 0 0 0 0 0.7 0 0 0 0.1 0 0 1.5 0 0.2 0.1 0.1 0 0.1 0 1.3 0
2002102721 0 0 0 0 0 0 0 0 0 0 0 0 0 0 0 0 0 0 0 0 0 0 0 0 0 0.4 0 0 0 0 0 0 0 0 0 0 0.1 0 0 0 0 0
2002102722 0 0 0 0 0 0 0 0 0 0 0 0 0 0 0 0 0 0 0 0 0 0 0 0 0 0 0 0 0 0 0 0 0 0 0 0 0 0 0 0 0 0
2002102723 0 0 0 0 0 0 0 0 0 0 0 0 0 0 0 0 0 0 0 0 0 0 0 0 0 0 0 0 0 0 0 0 0 0 0 0 0.1 0 0 0 0 0
2002102800 0 0 0 0 0 0 0 0 0 0 0 0 0 0 0 0 0 0 0 0 0 0 0 0 0 0 0 0 0 0 0 0 0 0.1 0 0 0.1 0 0 0 0 0
2002102801 0 0 0 0 0 0 0 0.2 0 0 0 0 0 0 0 0 0 0 0 0 0 0 0 0 0 0 0 0 0 0 0 0 0 0.1 0 0 0 0 0 0 0 0.5
2002102802 0 0 0 0 0 0 0 0 0 0 0 0 0 0 0 0 0 0 0 0 0 0 0 0 0 0 0 0 0 0 0 0 0 0 0 0 0.1 0 0 0 0 0
2002102803 0 0 0 0 0 0 0 0 0 0 0 0 0 0 0 0.1 0 0 0 0 0 0 0 0 0 0.1 0 0 0 0 0 0 0 0 0 0 0 0 0 0 0 0
2002102804 0 0 0 0 0 0 0 0 0 0 0 0 0 0 0 0 0 0 0 0 0 0 0 0 0 0 0 0 0 0 0 0 0 0 0 0 0.1 0 0 0 0 0
2002102805 0 0 0 0 0 0 0 0 0 0 0 0 0 0 0 0 0 0 0 0 0 0 0 0 0 0 0 0 0 0 0 0 0 0 0 0 0 0 0 0 0 0
2002102806 0 0 0 0 0 0 0 0 0 0 0 0 0 0 0 0 0 0 0 0 0 0 0 0 0 0 0 0 0 0 0 0 0 0 0 0 0 0 0 0 0 0
2002102807 0 0 0 0 0 0 0 0 0 0 0 0 0 0 0 0 0 0 0 0 0 0 0 0 0 0 0 0 0 0 0 0 0 0 0 0 0.1 0 0 0 0 0.1
2002102808 0 0 0 0 0 0 0 0 0 0 0 0 0 0 0 17.4 0 0 0 0 0 0 0 0 0 0 0 0 0 0 0 0 0 0 0 0 0 0 0 0 0 0
2002102809 0 0 0 0 0 0 0 0 0 0 0 0 0 0 0 0 0 0 0 0 0 0 0 0 0 0 0 0 0 0 0 0 0 0 0 0 0.1 0 0 0 0 0
2002102810 0 0 0 0 0 0 0 0 0 0 0 0 0 0 0 0 0 0 0 0 0 0 0 0 0 0 0 0 0 0 0 0 0 0 0 0 0 0 0 0 0 0
2002102811 0 0 0 0 0 0 0 0 0 0 0 0 0 0 0 0 0 0 0 0 0 0 0 0 0 0 0 0 0 0 0 0 0 0 0 0 0 0 0 0 0 0
2002102812 0 0 0 0 0 0 0 0 0 0 0 0 0 0 0 0 0 0 0 0 0 0 0 0 0 0 0 0 0 0 0 0 0 0 0 0 0.1 0 0 0 0 0
2002102813 0 0 0 0 0 0 0 0 0 0 0 0 0 0 0 0 0 0 0 0 0 0 0 0 0 0 0 0 0 0 0 0 0 0 0 0 0 0 0 0 0 0
2002102814 0 0 0 0 0 0 0 0 0 0 0 0 0 0 0 0 0 0 0 0 0 0 0 0 0 0 0 0 0 0 0 0 0 0 0 0 0 0 0 0 0 0
2002102815 0 0 0 0 0 0 0 0 0 0 0 0 0 0 0 0 0 0 0 0 0 0 0 0 0 0 0 0 0 0 0 0 0 0 0 0 0 0 0 0 0 0
2002102816 0 0 0 0 0 0 0 0 0 0 0 0 0 0 0 0 0 0 0 0 0 0 0 0 0 0 0 0 0 0 0 0 0 0 0 0 0.1 0 0 0 0 0
2002102817 0 0 0 0 0 0 0 0 0 0 0 0 0 0 0 0 0 0 0 0 0 0 0 0 0 0 0 0 0 0 0 0 0 0 0 0 0 0 0 0 0 0
2002102818 0 0 0 0 0 0 0 0 0 0 0 0 0 0 0 0 0 0 0 0 0 0 0 0 0 0 0 0 0 0 0 0 0 0 0 0 0 0 0 0 0 0
2002102819 0 0 0 0 0 0 0 0 0 0 0 0 0 0 0 0 0 0 0 0 0 0 0 0 0 0 0 0 0 0 0 0 0 0 0 0 0 0 0 0 0 0
2002102820 0 0 0 0 0 0 0 0 0 0 0 0 0 0 0 0 0 0 0 0 0 0 0 0 0 0 0 0 0 0 0 0 0 0 0 0 0 0 0 0 0 0
2002102821 0 0 0 0 0 0 0 0 0 0 0 0 0 0 0 0 0 0 0 0 0 0 0 0 0 0 0 0 0 0 0 0 0 0 0 0 0 0 0 0.1 0 0
2002102822 0 0 0 0 0 0 0 0 0 0 0 0.1 0 0 0 0 0 0 0 0 0 0 0 0 0 0 0 0 0 0 0 0 0.1 0 0 0 0 0 0 0 0 0
2002102823 0.1 0 0 0 0 0 0 0 0 0 0 0 0 0 0 0 0 0 0 0 0 0 0 0 0 0 0 0 0 0 0 0 0 0 0 0 0 0 0 0 0 0
2002102900 0 0 0 0 0 0 0 0 0 0 0 0 0 0 0 0 0 0 0 0 0 0 0 0 0 0 0 0 0 0 0 0 0 0 0 0 0 0 0 0 0 0
2002102901 0 0 0 0 0 0 0 0 0 0 0 0 0 0 0 0 0 0 0 0 0 0 0 0 0 0 0 0 0 0 0 0 0 0 0 0 0 0 0 0 0 0
2002102902 0 0 0 0 0 0 0 0 0 0 0 0 0 0 0 0 0 0 0 0 0 0 0 0 0 0 0 0 0 0 0 0 0 0 0 0 0 0 0 0 0 0
2002102903 0 0 0 0 0 0 0 0 0 0 0 0 0 0 0 0 0 0 0 0 0 0 0 0 0 0 0 0 0 0 0 0 0 0 0 0 0 0 0 0 0 0
2002102904 0 0 0 0 0 0 0.1 0 0 0 0 0 0 0 0 0 0 0 0 0 0 0 0 0 0 0 0 0 0 0 0 0 0 0 0 0 0 0 0 0 0 0
2002102905 0 0 0 0 0 0 0 0 0 0 0 0 0.1 0 0 0 0 0 0 0 0 0 0 0 0 0 0 0 0 0 0 0 0 0 0 0 0 0 0 0 0 0
2002102906 0 0 0 0 0 0 0 0 0 0 0 0 0 0 0 0 0 0 0 0 0 0 0 0 0.1 0 0 0 0 0 0 0 0 0 0 0 0 0 0 0 0.1 0
2002102907 0 0 0 0 0 0 0 0 0 0 0 0 0 0 0 0 0 0 0 0 0 0 0 0 0 0 0 0.1 0 0 0 0 0 0 0 0 0 0 0 0 0 0
2002102908 0 0 0 0 0 0 0 0 0 0 0 0 0 0 0 0 0 0 0 0 0 0 0 0 0 0 0 0 0 0 0 0 0 0 0 0 0 0 0 0 0 0
2002102909 0 0 0 0 0 0 0 0 0 0 0 0 0 0 0 0 0 0 0 0 0 0 0 0 0 0 0 0 0 0 0 0 0 0 0 0 0 0 0 0 0 0
2002102910 0 0 0 0 0 0 0 0 0 0 0 0 0 0 0 0 0 0 0 0 0 0 0 0 0 0 0 0 0 0 0 0 0 0 0 0 0 0 0 0 0 0
2002102911 0 0 0 0 0 0 0 0 0 0 0 0 0 0 0 0 0 0 0 0 0 0 0 0 0 0 0 0 0 0 0 0 0 0 0 0 0 0 0 0 0 0
2002102912 0 0 0 0 0 0 0 0 0 0 0 0 0 0 0 0 0 0 0 0 0 0 0 0 0 0 0 0 0 0 0 0 0 0 0 0 0 0 0 0 0 0
2002102913 0 0 0 0 0 0 0 0 0 0 0 0 0 0 0 0 0 0 0 0 0 0 0 0 0 0 0 0 0 0 0 0 0 0 0 0 0 0 0 0 0 0
2002102914 0 0 0 0 0 0 0 0 0 0 0 0 0 0 0 0 0 0 0 0 0 0 0 0 0 0 0 0 0 0 0 0 0 0 0 0 0 0 0 0 0 0
2002102915 0 0 0 0 0 0 0 0 0 0 0 0 0 0 0 0 0 0 0 0 0 0 0 0 0 0 0 0 0 0 0 0 0 0 0 0 0 0 0 0 0 0
2002102916 0 0 0 0 0 0 0 0 0 0 0 0 0 0 0 0 0 0 0 0 0 0 0 0 0 0 0 0 0 0 0 0 0 0 0 0 0 0 0 0 0 0
2002102917 0 0 0 0 0 0 0 0 0 0 0 0 0 0 0 0 0 0 0 0 0 0 0 0 0 0 0 0 0 0 0 0 0 0 0 0 0 0 0 0 0 0
2002102918 0 0 0 0 0 0 0 0 0 0 0 0 0 0 0 0 0 0 0 0 0 0 0 0 0 0 0 0 0 0 0 0 0 0 0 0 0 0 0 0 0 0
2002102919 0 0 0 0 0 0 0 0 0 0 0 0 0 0 0 0 0 0 0.1 0 0 0 0 0.1 0 0 0 0 0 0 0 0 0 0 0 0 0 0.1 0 0 0 0
2002102920 0 0 0 0 0 0 0 0 0 0 0 0 0 0 0.1 0 0 0 0 0 0 0 0 0 0 0 0.1 0 0 0 0 0 0 0 0 0 0 0.1 0 0 0 0.1
2002102921 0 0 0.1 0 0.4 0 0.3 0 0 0.1 0.2 0 0.2 0 0 0.1 0 0 0 0.1 0.2 0.2 0 0 0 0 0 0 0.1 0.3 0 0 0.1 0 0.1 0 0 0 0 0 0 0
2002102922 0 0.2 0 0 0 0.9 0.2 0.2 1.2 1.1 0.1 0.7 1 0 0 0 0 0.1 0 0 0 0 0 0.1 0 0 0 0 0 0 0.1 0.1 0 0.7 0 0.1 0 0 0 0 0.1 0.4
2002102923 0.2 0 0.2 0.3 0.4 0.9 0.7 0.1 1.5 0.5 0 0.5 0.5 0.1 0.1 0.1 0 0 0.2 0 0 0 0.2 0 0 0 0 0 0 0 0 0 0 0.5 0.1 0.1 0.1 0.1 0 0 0 0.1
2002103000 0 0 0 0 0 0 0 0.1 0.1 0 0 0 0 0 0 0 0 0 0.1 0.1 0 0 0 0.2 0 0 0 0 0 0 0 0 0.1 0 0 0 0 0 0.2 0 0 0.2
2002103001 0.2 0.2 0.2 0.1 0.2 0 0.1 0 0 0 0.1 0 0 0 0.1 0 0.1 0 0 0 0 0.1 0 0 0.1 0.1 0.1 0 0 0 0 0 0 0 0 0 0 0 0.1 0.1 0 0
2002103002 0 0.1 0.3 0 0.2 0.1 0.2 0.3 0.4 0 0.1 0.1 0 0.1 0.2 0.1 0 0.1 0.1 0.2 0.6 0.6 0.1 0 0 0.1 0 0 0.1 0.2 0.2 0.4 0.2 0.1 0.3 0.1 0.1 0.1 0 0 0.1 0.2
2002103003 0.2 0 0.2 0 0.2 0 0 0.5 0 0 0 0 0 0.3 0.1 0.2 0.2 0.1 0 0 0.2 0.4 0.1 0.2 0.1 0 0.2 0 0.4 0.3 0.3 0.1 0.4 0 0.3 0.2 0 0.3 0 0 0.4 0.2
2002103004 0.5 0 0.2 0.2 0.2 0.1 0.4 0.1 0.3 0 0 0.1 0.1 0.2 0.1 0.1 0 0 0.1 0 0.6 0.7 0 0.2 0.1 0.1 0.1 0.2 0.3 0.2 0.2 0.2 0.1 0 0.1 0.1 0 0 0 0 0.2 0.2
2002103005 0.5 0 0.1 0 1.2 0 0.1 0.2 0.1 0 0 0 0 0.1 0.1 0.2 0 0 0 0 0 0.1 0 0 0 0 0 0.1 0.1 0.2 0.1 0.1 0.6 0 0.1 0.1 0 0.1 0.3 0 0.1 0.1
2002103006 0.2 0 0 0.1 0.2 0 0 0.1 0 0 0 0 0 0 0 0 0 0 0 0 0.1 0 0 0 0 0 0 0 0.1 0 0.1 0.1 0.2 0 0 0 0 0.1 0.1 0 0.1 0.1
2002103007 2.1 0 0.2 0.8 0.3 0.1 0.1 0 0 0 0 0 0 0 0 0 0 0 0 0 0 0 0.2 0 0 0 0 0 0 0 0.1 0 0.1 0 0 0 0.1 0 0 0 0 0
2002103008 1.2 0.8 1.3 0.4 0.9 0 1 0 0.1 0 0.3 0.1 0.1 0 0 0 0 0.6 1 0 0 0 0 0.2 0.1 0.1 0.1 0 0 0 0 0 0 0 0 0 0 0 0 0.2 0 0
2002103009 0.2 0.3 0.5 0.1 0.6 0.1 0.8 0 0 1 0.1 0.5 2 0.5 0.8 0.6 0 0 0 0 0 0 0 0.1 0 0 0 0 0.1 0.3 0 0.1 0 0.3 0.4 0.4 0 0.1 0.1 0 0 0
2002103010 0.9 0.5 0.7 0.6 0.7 0.8 0.4 1.3 1 2.1 0.3 1.8 1.3 0.3 0.2 0.3 0 0 0 0 0 0 0 0 0 0 0 0 0 0 0 0 0.6 2 0.9 1.4 0 0 0 0 0.7 1.2
2002103011 0.4 1.1 0.4 0.3 0.4 0.2 0.3 0.2 0.5 0.4 0.9 0.4 0.3 0 0.3 0.1 0.1 0.2 0.1 0.1 0 0 0 0 0 0 0 0 0 0 0 0.1 0.9 0.5 0.2 0 0.1 0 0 0 0.6 1
2002103012 0.1 0.4 0.4 0 0.8 0.5 0.7 0.1 0.1 0 0.3 0.1 0.1 0.2 0 0.2 0.2 0 0 0 0 0 0 0 0 0 0 0 0 0 0.1 0 0.1 0 0.1 0 0 0 0 0 0.5 0
2002103013 0 0 0.1 0 0 0.1 0.1 0.1 0.1 0 0.1 0 0 0 0 0 0 0 0 0.1 0.1 0.1 0 0 0.1 0.1 0 0 0.1 0.2 0 0 0 0 0 0 0 0 0 0 0 0
2002103014 0.1 0 0 0 0 0.1 0 0 0 0 0 0 0 0 0 0 0 0 0 0 0 0 0 0 0 0 0 0 0 0 0.1 0 0 0 0.1 0.2 0 0.1 0 0.1 0 0
2002103015 0 0 0 0 0 0 0 0 0 0 0 0 0 0 0 0 0 0 0 0 0 0 0 0 0 0 0 0 0 0 0 0 0 0 0 0 0.1 0 0 0 0.1 0
2002103016 0.1 0 0 0.2 0 0 0 0 0.1 0 0 0 0 0 0 0 0 0 0 0 0 0 0 0 0 0 0 0 0 0 0 0 0 0 0 0 0 0 0 0 0 0
2002103017 0.3 0.2 0.1 0 0 0 0 0 0 0.7 0.1 0.1 0.6 0.1 0.2 0 0.1 0 0 0 0 0 0 0 0 0 0 0 0 0 0 0 0 0 0 0 0 0 0 0 0 0
2002103018 0.3 0.9 0.2 0.5 0 0.1 0.1 0.1 0 0.4 0.3 0.6 0.8 0.3 0.2 0.2 0 0 0 0 0.2 0.3 0 0 0 0 0 0 0.2 0 0 0 0.1 0.7 0 0.1 0 0 0.1 0 0 0
2002103019 0.6 0.8 0.5 0.4 0.2 0.3 0.2 0.3 0.4 1 0.7 1.3 1.1 0.9 0.9 0.8 0.7 0 0 0 0.5 0.1 0 0 0 0 0 0 0.4 0.1 0.1 0.1 0.4 0.7 0.7 0.8 0 0.1 0 0 0.3 1.1
2002103020 0.4 0.2 0.1 0.1 0.2 0.2 0.4 1.6 0.4 0.1 0.1 0.3 0.1 0.4 0.9 1.2 0.6 0.2 0.2 0.7 1.2 1.3 0.1 0.3 0 0 0.4 0.1 0.9 2.4 0.4 0.6 1.5 0.4 0.9 1 0 0.1 0 0 1.7 1.6
2002103021 0.1 0.2 0.5 0.1 0.1 0 0.1 0.6 0.1 0 0.1 0 0.1 0.1 0.1 0.1 0.1 0.1 0.1 0.3 0.6 0.5 0.1 0.1 0 0 0 0.1 1.3 0.5 0.6 0.5 0.3 0 0.3 0.1 0.1 1.6 0 0 1.4 0.8
2002103022 0.1 0.5 0.3 0.4 0.1 0 0 0 0 0.4 0.1 0.1 0.3 0 0.1 0.1 0 0 0 0 0 0 0 0 0 0 0 0 0.2 0.1 0 0 0 0.1 0 0 0 0.1 0 0 0.1 0
2002103023 1.4 0.3 0.3 1.2 0.3 0.7 0.5 0.1 0.7 0.3 0.4 0.2 0.3 0.2 0.1 0 0.1 0.1 0.1 0 0 0 0 0 0 0 0 0 0 0 0 0 0 0.2 0.2 0.1 0 0 0 0 0.1 0.1
2002103100 0.4 0.5 0.3 0.1 0.4 0.8 0.5 0 1.1 0.2 0.4 0.2 0.1 0.1 0.2 0.2 0.1 0 0 0.1 0 0.1 0 0 0 0 0 0 0 0 0 0 0 0.2 0.1 0.2 0 0 0 0 0 0.1
2002103101 0.2 0.4 0.6 0.5 0.3 0.2 0.5 0.1 0.3 0.1 0.3 0.1 0.3 0.1 0.1 0.1 0.2 0 0 0.1 0.1 0.1 0 0 0.1 0 0.1 0 0.1 0 0.1 0.2 0.1 0 0.1 0 0 0.1 0 0 0.1 0
2002103102 0.6 0.1 0.5 0.3 0.4 0.2 0.5 0 0.1 0.4 0.3 0.2 0.6 0 0.1 0 0 0.4 0.3 0.3 0.2 0.1 0.3 0 0 0 0 0 0.3 0.5 0.1 0 0 0.1 0 0.2 0 0.1 0 0 0 0.1
2002103103 0 0 0.1 0 0.3 0.2 0.2 0 0.1 0.2 0 0 0 0 0 0 0.1 0.1 0.1 0.1 0 0 0 0 0 0 0.1 0 0.1 0.1 0 0.1 0 0.1 0.1 0 0 0.2 0 0 0 0
2002103104 0 0 0 0 0 0 0 0 0 0 0 0.1 0 0 0 0 0 0 0 0 0 0.1 0 0 0.1 0 0 0 0.1 0 0 0 0.1 0 0 0 0.1 0 0.1 0 0 0
2002103105 0 0 0 0 0 0 0 0 0 0 0 0 0 0 0 0 0 0 0 0 0 0 0 0 0 0 0 0 0 0 0 0.1 0 0 0 0 0 0 0 0.1 0 0
2002103106 0 0 0 0 0 0 0 0 0 0 0 0 0 0 0 0.1 0 0 0 0 0 0 0 0 0 0 0 0 0 0 0.1 0 0 0 0 0 0 0 0 0 0 0
2002103107 0 0 0 0 0 0 0 0 0 0 0 0 0 0 0 0 0 0 0 0 0 0 0 0 0 0.1 0 0 0 0 0 0 0 0 0 0 0 0 0 0 0 0
2002103108 0 0 0 0 0 0 0 0 0 0 0 0 0 0 0 0 0 0 0 0 0 0 0 0 0 0 0 0 0 0 0 0 0 0 0 0 0 0 0 0 0 0
2002103109 0 0 0 0 0 0 0 0 0 0 0 0 0 0 0 0 0 0 0 0 0 0 0 0 0 0 0 0 0 0 0 0 0 0 0 0 0 0 0 0 0 0
2002103110 0 0 0 0 0 0 0 0 0 0 0 0 0 0 0 0 0 0 0 0 0 0 0 0 0 0 0 0 0 0 0 0 0 0 0 0 0.1 0 0 0 0 0
2002103111 0 0 0 0 0 0 0 0 0 0 0 0 0 0 0 0 0 0 0 0 0 0 0 0 0 0 0 0 0 0 0 0 0 0 0 0 0 0 0 0 0 0
2002103112 0 0 0 0 0 0 0 0 0 0 0 0 0 0 0 0 0 0 0 0 0 0 0 0 0 0 0 0 0 0 0 0 0 0 0 0 0 0 0 0 0 0
2002103113 0 0 0 0 0 0 0 0 0 0 0 0 0 0 0 0 0 0 0 0 0 0 0 0 0 0 0 0 0 0 0 0 0 0 0 0 0 0 0 0 0 0
2002103114 0 0 0 0 0 0 0 0 0 0 0 0 0 0 0 0 0 0 0 0 0 0 0 0 0 0 0 0 0 0 0 0 0 0 0 0 0 0 0 0 0 0
2002103115 0 0 0 0 0 0 0 0 0 0 0 0 0 0 0 0 0 0 0 0 0 0 0 0 0 0 0 0 0 0 0 0 0 0 0 0 0 0 0 0 0 0
2002103116 0 0 0 0 0 0 0 0 0 0 0 0 0 0 0 0 0 0 0 0 0 0 0 0 0 0 0 0 0 0 0 0 0 0 0 0 0 0 0 0 0 0
2002103117 0 0 0 0 0 0 0 0 0 0 0 0 0 0 0 0 0 0 0 0 0 0 0 0 0 0 0 0 0 0 0 0 0 0 0 0 0 0 0 0 0 0
2002103118 0 0 0 0 0 0 0 0 0 0 0 0 0 0 0 0 0 0 0 0 0 0 0 0 0 0 0 0 0 0 0 0 0 0.1 0 0 0 0 0 0 0 0
2002103119 0 0 0 0 0 0 0 0 0 0 0 0 0 0 0 0 0 0 0 0 0 0 0 0 0 0 0 0 0 0 0 0 0 0 0 0 0 0 0 0 0 0
2002103120 0 0 0 0 0 0 0.1 0 0 0 0 0 0 0 0 0 0 0 0 0 0 0 0 0 0 0 0 0 0 0 0 0 0 0 0 0 0 0 0 0 0 0
2002103121 0.1 0 0 0.1 0 0 0 0 0 0 0 0 0 0 0 0 0 0 0 0 0 0 0 0 0 0 0 0 0 0 0 0 0 0 0 0 0.1 0 0 0 0 0
2002103122 0 0 0 0 0 0 0 0 0.1 0 0 0 0 0 0 0 0 0 0 0 0 0 0 0.1 0 0 0 0 0 0 0 0 0 0 0 0 0 0 0 0 0 0
2002103123 0 0 0 0 0.1 0.1 0 0 0 0 0 0 0 0 0 0 0 0 0 0 0 0 0 0 0 0 0 0 0 0 0 0 0 0 0 0 0 0 0 0 0 0
2002110100 0 0.1 0 0 0 0 0 0 0 0 0 0 0 0 0 0 0 0 0 0 0 0 0 0 0 0 0 0 0 0 0 0 0 0 0 0 0 0 0 0 0 0
2002110101 0 0 0.1 0 0 0 0 0 0 0 0 0 0 0 0 0 0 0 0 0 0 0 0 0 0 0 0 0 0 0 0 0 0 0 0 0 0 0 0 0 0 0
2002110102 0 0 0 0 0 0 0 0.1 0 0 0 0 0 0 0 0 0 0 0 0 0 0 0 0 0 0 0 0 0 0.1 0 0 0.1 0 0 0 0 0 0 0 0 0
2002110103 0 0 0 0 0 0 0 0 0 0 0 0 0 0 0 0 0 0 0 0 0 0 0 0 0 0 0 0 0 0 0 0 0 0 0 0 0 0 0 0 0 0
2002110104 0 0 0 0 0 0 0 0 0 0 0 0 0 0 0 0 0 0 0 0 0 0 0 0 0 0 0 0 0 0 0 0 0 0 0 0 0 0 0 0 0 0.1
2002110105 0 0 0 0 0 0 0 0 0 0 0 0 0 0 0 0 0 0 0 0 0 0 0 0 0 0 0 0 0 0 0 0 0 0 0 0 0 0 0 0 0.1 0
2002110106 0 0 0 0 0 0 0 0 0 0 0 0 0 0 0 0 0 0 0 0 0 0 0 0 0 0 0 0 0 0 0 0 0 0 0 0 0 0 0 0 0 0
2002110107 0 0 0 0 0 0 0 0 0 0 0 0 0 0 0 0 0 0 0 0 0 0 0 0 0 0 0 0 0 0 0 0 0 0 0 0 0 0 0 0 0 0
2002110108 0 0 0 0 0 0 0 0 0 0 0 0 0 0 0 0 0.5 0 0 0 0 0 0 0 0 0 0 0 0 0 0 0 0 0 0 0 0 0 0 0 0 0
2002110109 0 0 0 0 0 0 0 0 0 0 0 0 0 0 0 0 0 0 0 0.2 0 0 0 0 0.1 0 0.1 0 0 0 0 0 0 0 0 0 0 0 0 0 0 0
2002110110 0 0 0 0 0 0 0 0 0 0 0 0.1 0 0 0 0 0 0.1 0 0 0.2 0.1 0.3 0 0 0 0.1 0.1 0 0 0 0 0 0 0 0.1 0.1 0 0 0 0 0
2002110111 0 0 0 0 0 0 0 0 0.1 0 0 0 0 0 0 0 0 0 0 0 0 0.2 0 0 0 0 0 0 0 0 0 0 0 0 0.1 0 0 0 0 0 0 0
2002110112 0 0 0 0 0.1 0 0.1 0 0.3 0 0 0 0 0 0 0 0 0 0 0 0 0 0 0 0 0.1 0 0 0 0 0 0 0 0 0 0 0 0 0 0 0 0.1
2002110113 0 0 0 0 0 0 0 0 0 0 0 0 0 0 0 0 0 0 0 0 0 0 0 0 0 0 0 0 0 0 0 0 0 0 0 0 0 0 0 0.1 0 0
2002110114 0 0 0 0 0 0 0 0 0 0 0 0 0 0 0 0 0 0 0 0 0 0 0 0 0 0 0 0 0 0 0 0 0 0 0 0 0 0 0 0.4 0 0
2002110115 0 0 0 0 0 0 0 0 0 0 0 0 0 0 0 0 0 0 0 0 0 0 0 0 0 0 0 0 0 0 0 0 0 0 0 0 0 0.1 0 0 0 0
2002110116 0 0 0 0 0 0 0 0 0 0 0 0 0 0 0 0 0 0 0 0 0 0 0 0 0.1 0 0 0 0 0 0 0 0 0 0 0 0 0 0 0 0 0
2002110117 0 0 0 0 0 0 0 0 0 0 0 0 0 0 0 0 0 0 0 0 0 0 0 0 0 0 0.2 0 0 0 0.2 0 0 0 0 0 0 0 0 0 0 0
2002110118 0 0 0 0 0 0 0 0 0 0 0 0 0 0 0 0 0 0 0 0 0 0 0 0 0.1 0 0 0 0 0 0 0 0 0 0 0 0 0 0 0 0 0
2002110119 0 0.2 0.1 0.3 0.1 0.2 0.2 0 0 0.6 0 0.3 1.2 1.9 1.4 1.2 2.7 0.2 0 0.5 0 0 0.3 0.9 1.2 0 0.2 0 0.1 0 0 0 0 0 0 0 0 0 0 0 0 0
2002110120 1 3.6 1.9 2.4 0.6 0.4 0.4 0.6 0.4 3.2 1.8 3 3.1 1.1 1.5 3.7 1.5 0.4 0.5 0.2 0.5 1 1 2.5 3.7 0 2.3 1.7 0.5 1.2 0.3 0.5 2.4 2.3 1 4.2 0 0.3 0.8 1.1 0.1 0.1
2002110121 4.3 3.5 4.5 5.5 3.4 3.2 4.3 3.6 6.5 2.2 3 2.1 1.3 0.5 1.4 2 0.9 1.2 1.1 0.6 1.7 1.5 1.7 3 4.5 0 2.2 2.4 0.7 2 0.9 0.7 2.4 1.7 3.5 1.8 0 0.5 1.4 0.9 2.8 4.4
2002110122 1.5 0.1 1.3 0.9 2.9 1.1 1.8 2 4.1 0.2 0.6 0.6 0.4 0.7 0.3 0.3 1 0.4 0.5 0.3 0.3 0.7 0.5 1 1.6 0 0.9 1.6 1.9 0.8 0.6 0.7 2 0.8 1 1.1 0 0.8 1.1 1.7 2.4 3
2002110123 1 0.4 0.8 0.4 1.6 1.3 1.3 1.7 2.2 0.9 0.2 1.5 1 2 1.8 2.2 2.4 2.1 1.5 1.8 1.9 2.2 2 2.3 1.9 0 1.8 1.1 1.3 2.2 1.9 1.6 2 1.2 1.7 1.8 0 1.5 0.8 0.7 1.4 1.9
2002110200 0.3 0.5 0.7 0.2 1.5 2 1.5 2.5 2.6 0.4 1.3 0.9 0.8 2.9 2.2 1.9 2.5 1.5 1 1.6 1.3 1.3 0.9 1.6 3 0 1.5 1.6 1.3 1.5 1.7 1.3 1.9 1 2.8 2.3 0 1.7 1.2 1.5 1.9 3
2002110201 0.7 2.1 1.5 0.2 1 0.6 0.9 1 1.1 1.6 0 3.6 3.2 4.6 2.8 5 3.3 1.2 1.1 1.3 2.3 2.2 0.8 1.3 1.3 0 1.8 1.3 1.9 2 2 1.5 1 4.9 1.7 2.6 0 1.7 1.6 2.1 1.1 1.5
2002110202 1 0.9 5.8 1 2.3 3.8 2.9 2.5 11.3 4.3 2.8 4 3.6 2 3.2 4.9 1.5 3.6 2.5 2 3.9 3.5 2.8 1.9 1.5 0 1.8 1.2 1.1 2.2 3 3.4 4.2 5.4 4.5 3.3 0 2.1 0.9 0.4 2 2.2
2002110203 0.6 0.1 1.2 0.1 3 3.4 2.6 2.5 6.8 0.1 0.3 0.9 0.1 0.4 2.3 0.6 1.9 4.6 2.3 1.9 2.3 6.7 1.5 0.8 2 0 1.8 1.7 3.8 2.9 3 3.5 3.2 1 2.6 1.6 0.1 3.5 1.2 0.2 3.7 4.2
2002110204 0 0 0 0 0.3 0.2 0.2 0.7 0.8 0 0 0 0 0.3 0 0.3 7.4 3 3 2.3 3.1 1 1 2.7 2.2 0 1.4 0.9 0.5 0.7 4.2 5.2 1.7 0.1 0.4 0 0 7.2 0.1 0.7 0.8 0.4
2002110205 0 0 0 0 0 0 0 0.3 0 0 0 0 0.1 0.1 0 0.5 3 0.1 0.4 0.8 4.5 8.6 0.1 2.7 1.4 0 1.8 1.9 3.3 2.6 5.5 7.7 0.1 0 0 0.1 0 7.9 0.1 1.4 0 0.1
2002110206 0 0 0 0 0 0 0 0.1 0 0 0 0 0 0 0 0 1.9 0.4 0 0.8 0.5 0.7 0.1 0.1 2.8 0.1 1.2 2 1.6 0.2 1.4 1.2 0 0 0 0 0 4.2 0.6 1 0.1 0
2002110207 0 0 0 0.1 0 0 0 0.1 0 0 0 0 0 0 0.1 0 0 0.3 0 1.2 0.2 0.1 0 0.6 1.2 0 0.2 0.1 0 0.2 0.1 1.2 0 0 0 0 0 0 0.1 0.4 0 0
2002110208 0 0 0 0 0 0 0 0 0 0 0 0 0 0 0 0 0 0.1 0.2 0 0 0 0 0 0.1 0 0.1 0.6 0 0 0.1 0.6 0 0 0 0 0 0 0.6 0.1 0 0
2002110209 0 0 0 0 0 0 0 0 0 0 0 0 0 0 0 0.2 0 0 0 0 0 0 0 0 0 0 0 0 0 0 0.1 0.1 0 0 0 0 0 0.1 0 0 0 0
2002110210 0 0 0 0 0 0 0 0 0 0 0 0 0 0 0 0 0 0 0 0 0 0 0 0 0 0 0 0 0 0 0 0 0 0 0 0 0 0 0 0 0 0
2002110211 0 0 0 0 0 0 0 0 0 0 0 0 0 0 0 0 0 0 0 0 0 0 0 0 0 0 0 0 0 0 0 0 0 0 0 0 0 0 0 0 0 0
2002110212 0 0 0 0 0 0 0 0 0 0 0 0 0 0 0 0 0 0 0 0 0 0 0 0 0 0.1 0 0 0 0 0 0 0 0 0 0 0 0 0 0 0 0
2002110213 0 0 0 0 0 0 0 0 0 0 0 0 0 0 0 0 0 0 0 0 0 0 0 0 0 0 0 0 0 0 0 0 0 0 0 0 0.1 0 0 0 0 0
2002110214 0 0 0 0 0 0 0 0 0 0 0 0 0 0 0 0 0 0 0 0 0 0 0 0 0 0 0 0 0 0 0 0 0 0 0 0 0 0 0 0 0 0
2002110215 0 0 0 0 0 0 0 0 0 0 0 0 0 0 0 0 0 0 0 0 0 0 0 0 0.1 0 0 0 0 0 0 0 0 0 0 0 0 0 0.4 0 0 0
2002110216 0 0 0 0 0 0 0 0 0 0 0 0 0 0.2 0 0 0.6 0.1 0 0.1 0 0 0.2 0.8 1.4 0 0.2 0.1 0 0 0 0 0 0 0 0 0 0 0.5 1.2 0 0
2002110217 0 0 0 0 0 0 0 0 0 0.2 0 0.1 0.6 0.6 0.4 0.2 1.7 1 1.1 0.7 0.3 0 1.5 1.2 1.2 0 1.1 1.1 0 0 0 0.1 0 0 0 0 0 0 1.2 2 0 0
2002110218 0 0.5 0 0 0 0 0 0 0 1.3 0.2 1 1.7 1.2 1.2 1.2 1.6 1.5 1.6 1.1 0.8 0.7 1.8 1.7 1.4 0 1.8 1.7 0.4 0.7 0.6 1 0.2 0.7 0.4 1.3 0 0.5 1.1 1.4 0 0
2002110219 0.1 1.4 0.5 0.4 0 0.4 0.2 0.8 0.4 1.6 1 1.4 1.7 1.6 1.5 1.8 1.6 1.6 1.6 1.4 2.3 2 1.8 1.5 1.3 0.1 1.9 1.4 0.7 1.2 1.3 1.9 0.7 1.5 1 1.6 0 1.4 2 1.8 0.4 0.5
2002110220 0.9 1.2 1.4 0.9 0.9 0.9 0.8 1.3 1.2 1 0.9 1 1.6 1.5 1.2 1.3 1.4 1.5 1.5 1 1.1 1.1 1.7 2.5 2.2 0 1.9 1.7 1.3 1.4 1.6 1.4 1 1.3 0.9 0.9 0 1.8 1.9 1.7 1 1.1
2002110221 1.4 1 1.1 1.3 0.9 0.5 0.9 1.4 1.1 0.6 1 0.8 1.4 1.5 1.2 1 1.8 2.3 1.4 1.2 0.7 0.9 2.3 3.1 2.7 0 2.4 2.1 1.2 1.5 1.1 1.5 1.1 0.9 1.1 0.9 0 1.9 1.9 2.2 1.3 1.5
2002110222 0.7 3.1 0.7 0.6 0.6 0.5 0.6 0.9 0.9 1.7 1.6 1.8 2.3 2.4 2.6 2.9 3.5 3 2.9 2.2 3.1 2.2 2.1 2.4 2.8 0 3.6 2.9 1.3 2.2 2 2.3 1.7 1.4 1.4 2.4 0 2.7 2.8 3 0.8 0.7
2002110223 1.9 1.9 3 3 1.3 1.6 1.8 1.5 3 3.5 2.4 2.3 4.3 3.3 3.5 3.4 2 2.3 2.1 1.9 4 2.6 2.1 2.3 3 0 2.8 2.8 2.6 3 3.1 2 2.2 2.1 2.8 2.7 0 3.6 3.8 3.8 2 3.7
2002110300 2.5 1.9 1.9 1.5 1.7 0.9 1.5 1.7 2.9 0.5 2 1.1 0 0.1 0.1 1.1 0.9 1 1.2 0.7 2.5 2.9 2.7 2.1 1.6 0 2 2.6 3.6 3.1 3.7 2.1 2.9 1.8 1.9 1.7 0 4.1 3.4 2.4 2.1 2.4
2002110301 1.4 0.2 1.2 1.3 0.5 0.5 0.6 1.4 1.4 0 0.5 0.1 0.1 0 0.1 0 0.1 0.5 0.8 0 0 0 0.7 0.8 2 0 1.7 1.5 0.3 0.1 0.2 0.2 0.7 0.4 0 0.2 0 0.7 3.1 3.3 2.1 2
2002110302 0.1 0.4 0.1 0 0.5 0.2 0.4 1 0.5 1.2 0.2 0.2 1.4 1.1 0.8 1.2 1.6 1.3 0.2 1 0.2 0.4 1 1.5 1.7 0 0.4 0.5 0.1 0.1 0.2 0.3 0.7 0.4 0.1 0.3 0 0.5 1.5 1.1 0.3 0.9
2002110303 1.3 2.7 2.8 3 0.8 1.5 1.8 1.5 1.7 0.7 2.2 0.7 1.9 1.3 0.9 0.7 1.3 0.3 1.5 0.6 1.1 1 0.4 0.6 0.7 0.1 1.4 1 1.1 1.2 1.6 1.4 3.1 1.4 2.3 1.7 0 2 1.8 1.8 1.3 1.1
2002110304 2.4 1.8 3.3 2 3.7 1.1 2.4 0.5 2.9 2.3 2.2 1.7 2.3 1.5 1.8 1.4 1.8 1.7 1.5 1.1 1.6 2.3 1.4 1.9 1.5 0 1.9 1.5 1 1.3 1.1 2.7 1.5 2.8 2.2 1.6 0.1 0.9 2.2 3.2 2 1.8
2002110305 3.2 0.3 4.5 1.9 4.2 3.5 5.2 1.5 3.3 0.5 0.4 0.7 0.1 0 0.1 0.4 0.1 1.1 1.5 1.3 1.2 2 0.7 0.3 1.2 0 1.5 1.7 2 2.5 2.5 3.1 3.3 1 2.5 1.8 0 1.7 3 3.2 1 2.2
2002110306 1.5 0 1.3 0.2 2.1 1.4 2.9 0.5 1.8 0 0.1 0 0 0 0 0 0 0 0 0 0 0 0 0 0 0 0 0 0.5 0.3 0.9 0 1.1 0 0.3 0 0 0.8 0 0 2.1 1.3
2002110307 0 0 0 0 0.9 0.2 1.2 0 0.4 0 0 0 0 0 0 0 0 0 0 0 0 0 0 0 0 0 0 0 0 0 0 0 0 0 0 0 0 0 0 0 0 0
2002110308 0 0 0 0 0 0 0 0 0 0 0 0 0 0 0 0 0 0 0 0 0 0 0 0 0 0 0 0.1 0 0 0 0 0 0 0 0 0 0 0 0 0 0
2002110309 0 0 0 0 0 0 0 0.1 0 0 0 0 0 0 0 0 0 0 0 0 0 0 0 0 0 0.1 0 0 0 0 0 0 0 0 0 0 0 0 0 0 0.1 0
2002110310 0 0 0 0 0 0 0 0 0.1 0 0 0 0 0 0 0 0 0 0 0 0 0 0 0 0.1 0 0 0 0 0 0 0 0 0 0 0 0 0 0 0.7 0 0
2002110311 0 0 0 0 0 0 0 0 0 0 0 0 0 0 0 0 0 0 0 0.9 0 0 0 0 0 0 0 0 0 0 0 0 0 0 0 0 0 0 0 0 0 0
2002110312 0 0 0 0 0 0 0 0 0 0 0 0 0 0.2 0.6 0 0.1 2.5 2.3 2.2 0.7 0.6 1.5 1.4 1.6 5.4 1.5 3.6 0 0 0.4 1.5 0 0 0 0 0 0 0 0.1 0 0
2002110313 0 0 0 0 0 0 0 0 0 0 0 0.5 0 0 0 0 0.6 0.2 1.2 0 0.1 0.8 0.6 4.5 0.2 38.6 1 0.7 0.9 0.7 1.2 1.7 0.4 0 0.5 0.3 0 3 1.4 7.3 0 0
2002110314 0 0 0 0 0 0 0 1.6 0 0 0 0 0.7 1.9 0 0 0 0 0.3 0 0 0 0 0 0 0 1 0 0.1 0 0 0 0 0 0 0 0 0.1 0.1 0.1 0.2 0.5
2002110315 0 0 0 0 0 0 0.3 0 0 0.4 0 3.6 0.5 0.9 1.3 0.3 2 0 0 0.3 0 0 1.1 0 0 0 0 0 0 0 0 0 0 1.2 0.1 0.3 0.1 0 1 0 0 0
2002110316 0.2 0 1 0.2 0.9 1.8 0.6 0.3 0.5 0.1 0 0 0.3 0.9 0.4 0.2 0.1 1.8 2.5 0.2 0 0.3 1.4 0 0.7 1.4 0.9 0 0 0.1 0.4 0.9 0.1 0.9 2 0.2 0 0 0.4 0 0 0
2002110317 0.1 0 0 0 0.6 0 0 0.5 0 0.5 0 0.6 0.6 0.3 0.4 0.1 0.2 1 0.3 0 0 0 0.9 1 0.3 3.4 0.6 0 0.7 0 0.7 0.2 0 0 0 0 0 0.9 0 4.8 0.1 0.5
2002110318 0 0 0.2 0 0 0 0 0 0 0 0.1 0 0 0 0 0 0 0.1 0.2 0 0 0.1 0 0.9 0.6 0.7 1.1 0.4 0 0 0.1 0.3 0 0 0 0 0 0 0.1 1.4 0 0
2002110319 0 0 0 0 0.1 0 0 0 0 0 0 0 0.1 0 0 0 0 0 0 0 0 0 0 0 0.1 0 0 0.3 0 0 0.1 0 0 0 0 0 0 0.1 0.2 0.1 0 0.1
2002110320 0 0 0 0 0 0 0 0 0.1 0 0 0 0 0 0 0 0.1 0 0 0 0 0 0 0 0 0 0 0 0 0 0 0 0 0 0 0 0 0 0.2 0 0 0
2002110321 0 0 0 0 0 0 0 0 0.1 0.1 0 0.1 0 0 0 0 0 0 0.1 0 0 0 0.1 0.3 0 0.1 0 0 0 0 0 0 0 0.1 0 0 0 0 1.2 0.6 0 0
2002110322 0 0 0 0 0.6 0 0 0 0 0 0 0 0.9 0 0 0 0 0.1 0 0 0 0 0 0 0 0 0.2 0.1 0 0 0 0 0 0 0 0.1 0 0.1 0.1 0.1 0 0
2002110323 0 0 0 0 0.7 0 0.5 0.1 0.1 0 0 0.2 0 0.1 0.2 0 0.3 0 0 0 0 0 0 0.1 0.1 0.1 0 0 0 0.1 0 0 0 0.5 0 0 0 0 0.1 0 0.2 0
2002110400 0 0 0 0 0.6 0 0.1 0 0.1 0 0 0 0 0.2 0 0.5 0 0.2 0.1 0.1 0.5 0.4 0.1 0 0 0 0 0.2 0.1 0 0 0 0 0.9 0.6 1.1 0 0 0.4 0.3 0 0
2002110401 0 0 0.5 0 1.3 0.8 2.3 1.4 1.8 0 0.1 0 0 0.3 0.1 0.3 0.5 0 0 0 0.3 0.6 0 0 0 0 0 0 0.1 0.1 0 0.1 1.5 0 0.7 0.1 0 0.1 0.1 0 0.3 1.4
2002110402 0 0 0.3 0 0.9 0 1.3 0 0.5 0 0 0.1 0.1 0.7 0 0.1 0 0 0 0 0.1 0.1 0 0 0 0.1 0 0 0.4 0.3 0 0 0.5 0 0.1 0 0 0 0 0.1 0.6 0.5
2002110403 0.2 0.1 0 0 0.1 0 0.1 0.7 0 0 0 0 0 0 0 0.1 0 0 0 0 0.3 0.6 0 0 0 0 0 0 0 0 0 0 0 0 0.6 0 0 0 0 0 0.1 0.2
2002110404 0 0 0 0 0 0.1 0.6 0 0.1 0 0 0 0 0 0 0 0 0 0 0 0 0 0 0 0 0.1 0 0 0.1 0.3 0 0 0.1 0.1 0.1 0 0 0 0 0 0 0
2002110405 0 0 0.4 0 0.1 0.4 0.1 0.1 0.4 0 0 0 0 0 0 0 0 0.1 0 0 0 0 0 0 0 0 0.2 0.1 0.1 0 0 0 0 0 0 0 0 0 0 0 0.1 0.1
2002110406 0.9 0 0 0.4 0 0 1.2 0.4 0.4 0 0 0 0 0 0 0 0 0 0 0 0 0 0 0 0 0 0 0.1 0 0 0 0 0 0 0 0 0 0 0 0 0 0.1
2002110407 0.3 0 0.2 0 1.6 0 0.1 0.1 0 0.2 0 0 0 0 0 0 0 0 0 0 0 0 0 0 0 0 0 0 0 0 0 0 0 0 0 0 0 0 0 0 0.2 0.2
2002110408 0 0 0.1 0 0.1 0 0 0 0.1 0 0 0 0 0 0 0.1 0 0 0 0 0 0 0 0 0 0 0 0 0 0 0 0 0 0 0 0.1 0 0 0 0 0 0
2002110409 0 0 0 0 0.1 0 0.1 0 0.3 0 0 0 0 0 0 0 0 0 0 0 0 1.2 0 0 0 0 0 0 0 0.2 0 0.2 0 0 0 0 0 0 0 0 0 0
2002110410 1 1.5 1.2 0 0.4 0.3 0.2 0 0.2 0 0 0 0 0.2 0.2 0 0.2 0.5 0.8 0 0 0 0.1 0 0 0 0.1 0 0.1 0.9 0.9 0.9 0.1 0.2 0 0 0 0.4 0 0 0 0
2002110411 0 0.8 0.1 0 0.3 0.1 0.7 0 0.7 0 0.2 0 1 0 0 0.4 0 0 0.5 0.3 0 0.2 0.1 0 0 0 0 0.5 0.3 0.1 0.4 0.2 1.5 0.2 0.6 0 0 0.5 0 0 0 0
2002110412 0 0 0.1 0 0 0.3 0.3 4.1 1.3 0 0 0 0 0 0 0.1 0 0.1 0 0 0.5 0.3 0.8 0 0 0 0 0 0 0.1 0.1 0 0 1.3 0.1 0 38.1 0 0 0 0.1 0.1
2002110413 0 0 0 0 0 0 0.1 2.1 0.2 0 0.1 0 0.3 0 0 0 0.2 0 0 0.1 0 0.2 0 0.1 0.1 0 0 0 0.3 0 0 0.1 1.4 0 2.3 0 0 0 0.1 0.2 0.4 0
2002110414 0 0 0 0 0 0 0 0.7 0.1 0.2 0 0 0.8 0 0.4 0 0 0.2 0 0.1 0 0 1.6 0 0.3 0 0 0 2.5 0.7 0 0.2 0.2 0 0 0 0 0 1 1.3 0.3 0.2
2002110415 0 0 0 0 0 0 0 0 0 0.4 0 2.2 0.7 0 0.3 0 0 0 0.3 0 0 0.2 0 0 0.3 0 0 0.1 0 0 0 0 0 0 0 0.1 0 0.2 0.2 0 0 0
2002110416 0.7 0 0 1.7 0 0 0 0 0.1 0 0 0 0 0.1 0 0 0.1 0.1 0.2 0 0.2 0 0 0 0 0 0 0.2 0.7 0 0 0.2 0 0 0.2 1.4 1.8 0 0 0 0 0
2002110417 3.5 0 3.6 0 1 1.2 2.6 0 1.3 0 0 0 0 0 0 0 0 0 0 0 0 0 0.2 0 0 0 0.1 0 0 0.1 0.2 0 0 0 0 0 0 0.1 0 0 0 0.2
2002110418 0 0 0 0 2.7 4.8 1.7 1.1 1 0 0 0 0 0.1 0 0.3 0 0 0 0 0 0 0 0 0 0 0.1 0.1 0 0 0 0.1 0 0 0 0 0 0 0 0 0.6 0.9
2002110419 0 0 0 0 0 0 0.1 0 0.4 0 0 0 0 0 0.1 0 0 0 0.1 0 0.2 0.1 0 0 0.1 0 0 0 0 0 0 0.7 0 0 0 0.1 0 0 0.1 0 2.2 3.6
2002110420 0 0 0 0 0 0 0.2 0.3 0 0 0 0 0 0 0 0 1.9 0 0 0 0 0 0 0 0 0 0 0 0 0 0 0.2 0 0 0 0 0 0 0 0 1.5 0.3
2002110421 0 0 0 0 0.5 0.1 0.4 0.8 0.2 0 0 0 0 0 0 0 0 0.5 0 0 0 0 0 0 0 0 0 0 0 0 0 0 0 0 0 0 0 0.1 0 0 0.1 1.4
2002110422 0 0 0 0 0 0.2 0 0 0 0 0 0 0 0 0 0 0 0.1 0 0.3 0 0 0 0.3 0 0 0.7 0 0 0 0.1 0 0 0 0 0 0.1 0 0 0.1 0.5 0.4
2002110423 0 0 0.1 0 0 0 0 0.1 0.6 0.1 0 0.1 0.1 0.1 0 0 0.2 2.4 0.1 0.6 0 0 0.1 0 0.3 0.3 0.3 0 0 0.1 0 0 0 0.1 0 0 0 0 0 0.1 0.1 0.1
2002110500 0 0 0.1 0 0 0 0.2 0 1.3 0 0 0 0.2 0 0 0 0 0.8 0.7 0.1 0 0 0.3 0.1 0.1 0 1.5 0 0 0 0 0 0 0 0.1 0 0 0 0 0.1 0.3 0
2002110501 1.4 0 0.1 0 0.5 0 1.8 0 0.5 0 0 0 0 0 0.2 0 0 0.1 0.1 0 0 0 0 0 0.4 0 0.2 0.2 0 0.1 0 0 0.2 0 0.1 0 0 0 0 0.2 0 0.1
2002110502 0.3 0 0.1 0.1 5 0.3 0.3 0 1.1 0 0 0 0 0.1 0 0 0.1 0.1 0 0 0 0 0 0 0 0 0 0 0.1 0 0 0 0 0 0 0 0 0 0.4 0 0 0
2002110503 0 0 0 0 0.2 0.3 0.2 0 0.4 0 0 0 0 0 0 0 0.1 0 0.1 0 0 0 0 0.2 0 0 0 0 0 0 0 0 0 0 0 0 0 0 0 0 0 0
2002110504 0 0 0 0 0 0.1 0 0.2 0 0 0 0 0.1 0 0 0 0 0 0 0 0 0 0 0 0.1 0 0 0 0 0 0 0 0.5 0 0 0 0 0 0 0 0.2 1.1
2002110505 0 0 0 0 0 0 0.1 0 0.1 0 0 0 0 0 0 0 0 0 0 0 0 0 0 0 0 0 0 0 0.1 0 0 0 0.1 0 0 0 0 0 0 0 0.4 0.1
2002110506 0 0 0 0 0.1 0 0 0 0.1 0 0 0 0 0 0 0 0 0.2 0 0 0.1 0 0 0 0 0 0 0 0 0 0 0 0 0 0 0.1 0 0 0 0 0 0
2002110507 0 0.1 0 0 0.2 0 0 0 0 0 0 0 0 0 0 0 0 0 0 0 0 0 0 0 0 0 0 0 0 0 0 0 0 0 0 0 0 0 0 0.1 0 0
2002110508 0 0 0 0 0 0 0 0 0 0 0 0.1 0 0 0 0 0 0 0 0 0 0 0 0 0 0 0.1 0 0 0 0 0.1 0 0 0 0 0 0 0 0 0 0
2002110509 0 0 0 0 0 0 0 0 0 0 0 0 0 0 0 0 0 0 0 0 0 0.1 0 0 0 0 0 0 0 0 0 0 0 0 0.1 0 0 0 0 0 0 0
2002110510 0 0 0 0 0 0 0 0 0 0 0 0 0 0 0 0 0 0 0 0 0 0 0 0 0 0 0 0 0 0 0 0 0 0 0 0 0 0 0 0 0 0
2002110511 0 0 0 0 0 0 0 0 0 0 0 0 0 0 0 0 0 0 0 0 0 0 0 0 0 0 0 0 0 0 0 0 0 0 0.3 0 0 0 0 0 0 0
2002110512 0 0 0 0 0 0 0 0.1 0 0 0 0 0 0 0 0 0 0 0 0 0 0 0 0 0 0 0 0 0 1.5 0 0 0 0 0 0 0 0 0 0 0 0
2002110513 0 0 0 0 0 0 0 0 0 0 0 0 0 0 0 0 0 0 0 0 0 0 0 0 0 0 0 0 0 0 0 0 0 0 0 0 0 0 0 0 0 0
2002110514 0 0 0 0 0 0 0 0 0 0 0 0 0 0 0 0 0 0 0 0 0 0 0 0 0 0 0 0 0 0 0 0 0 0 0 0 0 0 0 0 0 0
2002110515 0 0 0 0 0 0.1 0 0 0 0 0 0 0 0 0 0 0 0 0 0 0 0 0 0 0 0 0 0 0 0 0 0 0 0 0 0 0 0 0 0 0 0
2002110516 0 0 0 0 0 0.1 0 0 0 0 0 0 0 0 0 0 0 0 0 0 0 0 0 0 0 0 0 0 0 0 0 0 0 0 0 0 0 0 0 0 0 0
2002110517 0 0 0 0 0 0 0 0 0 0 0 0 0 0 0 0 0 0 0 0 0 0 0 0 0 0 0 0 0 0 0 0 0 0 0 0 0 0 0 0 0 0
2002110518 0 0 0 0 0 0 0 0 0 0 0 0 0 0 0 0 0 0 0 0 0 0 0 0 0 0 0 0 0 0 0 0 0 0 0 0 0 0 0 0 0 0
2002110519 0 0 0 0 0 0 0.1 0 0 0 0 0 0 0 0 0 0 0 0 0 0 0 0 0 0 0 0 0 0 0 0 0 0 0 0 0 0 0 0 0 0 0
2002110520 0.1 0 0.1 0 0 0 0 0 0.1 0 0 0 0 0 0 0 0 0 0 0 0 0 0 0 0 0 0 0.1 0 0 0 0 0 0 0 0 0 0 0.1 0 0 0
2002110521 0 0 0 0.1 0 0 0 0 0 0 0 0 0 0 0 0 0 0 0 0 0 0 0 0 0 0 0 0 0 0 0 0 0 0 0 0 0 0 0 0 0.1 0
2002110522 0 0 0 0 0.1 0.1 0 0 0 0 0.1 0 0 0 0 0 0.1 0 0 0 0 0 0 0.1 0.1 0.1 0 0 0 0.1 0 0 0 0.1 0 0 0 0 0 0 0 0
2002110523 0 0 0.1 0 0 0 0 0 0 0 0.1 0 0 0 0 0 0 0 0 0.1 0 0 0 0 0 0 0 0 0 0 0 0.1 0.1 0 0 0.1 0.1 0 0 0.1 0 0
2002110600 0.1 0 0 0.1 0.1 0 0.1 0.1 0 0.1 0 0 0 0 0 0.1 0 0 0 0 0 0 0 0 0 0 0.1 0 0 0 0 0 0 0.1 0.1 0 0 0 0.1 0 0 0
2002110601 0 0 0 0 0 0 0 0 0 0 0 0 0 0 0 0 0.1 0 0 0 0 0 0 0 0 0 0 0 0 0 0.1 0 0 0 0 0 0 0 0 0.1 0 0
2002110602 0 0 0.1 0 0 0.1 0 0 0.1 0 0.1 0 0.1 0 0 0.1 0 0 0 0.1 0 0 0 0 0 0.1 0 0.1 0 0 0 0.1 0 0 0 0 0.1 0 0 0 0 0
2002110603 0 0.1 0 0 0.1 0 0 0 0 0 0 0 0 0 0 0 0 0 0 0 0 0.1 0 0 0 0.1 0 0 0 0 0.1 0 0 0.1 0 0.1 0 0 0.1 0 0 0
2002110604 0.1 0 0 0.1 0 0 0.1 0 0 0 0 0 0 0 0 0 0 0 0 0 0 0 0 0 0 0 0 0 0 0 0 0 0 0 0 0 0 0 0 0 0 0.1
2002110605 0 0 0 0 0 0.1 0 0 0 0.1 0 0 0 0 0 0 0 0.1 0 0 0 0 0 0 0 0 0.1 0 0 0 0.1 0.1 0.1 0 0 0 0 0 0 0 0 0
2002110606 0 0.1 0.1 0 0 0 0.1 0 0 0 0 0 0 0 0 0.1 0 0.1 0 0 0 0 0 0 0 0 0 0 0 0 0 0 0 0.1 0.2 0 0 0.3 0 0.1 0 0
2002110607 0.1 0 0 0 0.1 0 0 0 0 0 0 0 0 0.1 0 0 0 0 0 0 0 0 0.3 0.1 0 0 0 0 0.2 0.2 0 0 0 0 0 0 0 0 0 0 0 0
2002110608 0 0 0 0 0 0 0 0 0 0 0 0 0.1 0 0.1 0 0 0 0.2 0 0 0 0 0 0 0 0 0 0 0 0 0 0 0 0 0 0.1 0 0 0 0 0
2002110609 0 0 0 0 0 0 0 0 0 0 0 0.2 0 0 0 0 0 0 0 0 0 0 0 0 0 0 0 0 0 0 0 0.1 0 0 0 0 0 0 0.1 0 0 0
2002110610 0 0 0 0 0 0 0 0 0 0 0 0 0 0 0.1 0 0 0 0 0 0 0 0 0 0 0 0 0 0 0 0 0 0 0 0 0 0 0 0 0 0 0
2002110611 0 0 0 0 0 0 0 0 0 0 0 0 0 0 0 0 0 0 0 0 0 0 0 0 0 0 0 0 0 0 0 0 0 0 0 0 0 0 0 0 0 0
2002110612 0 0 0 0 0 0 0 0 0 0 0 0 0 0 0 0 0.1 0 0 0 0 0 0 0 0 0 0 0 0 0 0 0 0 0 0 0 0 0 0 0 0 0
2002110613 0 0 0 0 0 0 0 0 0 0 0 0 0 0 0 0 0 0 0 0 0 0 0 0 0 0 0 0 0 0 0 0 0 0 0 0 0 0 0 0 0 0
2002110614 0 0 0 0 0 0 0 0 0 0 0 0 0 0 0 0 0 0 0 0 0 0 0 0 0 0 0 0 0 0 0 0 0 0 0 0 0 0 0 0 0 0
2002110615 0 0 0 0 0 0 0 0 0 0 0 0 0 0 0 0 0 0 0 0 0 0 0 0 0 0 0 0 0 0 0 0 0.1 0 0 0 0 0 0 0 0 0
2002110616 0 0 0 0 0 0 0 0 0 0 0 0 0 0 0 0 0 0 0 0 0 0 0 0 0 0 0 0 0 0 0 0 0 0 0 0 0 0 0 0 0 0
2002110617 0 0 0 0 0 0 0 0 0 0 0 0 0 0.1 0 0 0.4 0 0 0 0 0 0 0 0 0 0 0 0 0 0 0 0 0 0 0 0 0 0 0 0 0
2002110618 0 0 0 0 0 0 0 0 0 0 0 0 1.2 0.6 0 0 1.3 0 0 0 0 0 0 0 0 0 0 0 0 0 0 0 0 0 0 0 0 0 0 0 0 0
2002110619 0 0.6 0 0.1 0 0 0 0 0 0.1 0.2 0 3.3 1.6 0.6 0.5 2.4 0.1 0 0.1 0 0 1 1.2 0.5 0.8 0.1 0 0 0 0 0 0 0 0 0.1 0.3 0 0 0 0 0
2002110620 0 1 0.1 0.3 0 0 0 0 0 1.2 0.8 0.2 3.3 2.1 1.4 2.5 2.6 0.8 0.3 0.5 0.7 0.1 1.4 1.6 2.6 1.3 0.8 0.5 0 0 0.1 0.1 0.1 0.2 0.3 0.7 1.1 0 0.1 0.6 0 0
2002110621 0 2.2 0.3 0.9 0 0 0 0.1 0 2.4 1.6 1.6 2.1 1.9 1.9 2.1 2.2 1.6 0.9 1.3 2.6 1.9 1.2 1.3 1.9 1.6 1.3 0.7 0.1 1.1 0.2 0.4 0.4 0.7 1.1 1.2 2.4 0.2 0.8 0.9 0 0
2002110622 0.4 3.3 2.4 2 0 1.2 0.8 0.7 0.2 2.1 2.2 2.9 1.8 1.4 2.3 1.8 1.2 1.7 1.3 0.9 1.5 1.7 1.3 1.2 1.1 1.1 1.4 1.1 1.3 2.4 1.6 1.2 2.1 2.2 2.2 2.6 1.9 2.2 1.6 1.4 0.1 0
2002110623 2.1 2.1 1.8 2 1.3 1.6 2.4 1.1 1.5 1.3 2.2 1.8 1.1 1 1.2 1.4 1.2 1.5 1.6 0.9 1.3 1.6 1.3 1.4 1 0.9 1.5 1 1.7 1.9 1.4 1.8 1.6 2.3 1.7 2 1.8 2 1 1.4 1.3 1.5
2002110700 1.8 1.3 2.2 2.2 1.5 1.4 1.3 1.8 1.7 0.9 1.2 1 0.8 0.7 0.6 0.6 0.7 0.8 1 0.4 0.9 1.1 0.7 0.9 0.5 0.5 0.8 0.9 2.2 1.8 1.9 1.5 2.1 1.8 2 1.2 1.2 1.8 0.9 1 1.4 1.5
2002110701 2.1 1.1 1.9 1.2 1.7 1.5 1.5 1.5 1.3 0.9 0.8 1 0.6 0.8 0.6 0.9 0.7 0.6 0.6 0.5 0.6 0.7 0.6 1 0.7 1.1 0.7 0.9 1.4 1.2 1.3 0.9 1.5 0.9 1.5 0.9 0.8 1.3 0.8 0.7 1.2 1.5
2002110702 1.4 1.1 1.4 1.3 1.3 1.4 1.7 1.2 1.4 1 1.2 1.1 0.7 0.6 1.3 1.2 0.5 0.9 1.1 0.8 0.7 0.8 1 1.1 0.7 0.7 1.4 1 1 1 0.9 1 1.1 0.9 1 0.8 0.8 0.9 0.2 0.5 1.4 1.5
2002110703 1.3 0.2 1.6 1.3 1.5 1.2 1.1 0.9 1.1 1.2 0.7 0.4 1 1.6 1 0.2 0.5 0.2 0.6 0.3 0.3 0.5 0.2 0.9 0 0.4 0.5 0.3 0.7 1.2 0.8 1.1 1 1 1.3 0.9 0.7 0.7 0.2 0.1 1.1 1.1
2002110704 0.8 1.5 0.6 0.2 1.3 0.9 1.1 0.7 1 2.5 0.8 0.9 0.7 0.8 1.2 1.6 0 1.2 0.5 0.2 1.1 0.3 1.2 1 1 0.2 0.9 0.1 0.3 0.2 0.3 0.5 0.5 0.2 0.2 2.5 0.4 0.4 0 0 0.4 0.6
2002110705 0.5 0.7 0.6 0.8 0.5 0.1 0.2 0.1 0.4 0.2 2.3 2.5 0 0 0 0 0 0.7 0.4 0 0.4 2.6 0 0 1.8 0.1 1.1 0.3 0.1 1.4 1.8 3.3 0.6 1.8 1.4 4 1.5 0.5 0.1 0.8 0.2 0.3
2002110706 0.4 0 1.2 1.1 1 1.3 0.8 0.7 0.7 0 0.3 0 0 0 0 0 0 0 0 0 0.1 0.5 0 0 0 0 0 0 0.2 3.6 1.5 0.7 0.9 0.2 0.9 0.7 0.5 1.3 0.1 0 0.2 0.3
2002110707 1 0.9 0.9 1.4 0.4 1.3 0.6 0.9 0.6 0 0 0.4 0 0 0 0 0 0 0 0 0 0 0 0 0 0 0 0 0.4 0.1 1.7 0.1 1.8 0.4 0 1 1.1 0.9 0 0 0.4 0.4
2002110708 1.8 1.2 0.8 0 1.6 2.3 1.5 0.5 1 0 2.9 4.3 0 0 0 0 0 0 0 0 0 0 0 0 0 0 0 0 0 4.4 2.2 0 0.9 0.9 0.6 2.6 0.1 2.6 0 0 2.4 2.3
2002110709 0 0 0.1 0 1.5 0.2 0.8 0.4 1.8 0 1.3 0 0 0 0 0 0 0 0 0 0 0 0 0 0 0 0 0 1.8 2.6 0.3 0 5.7 2.1 0.9 0.4 0.1 1.8 0 0 0.7 1.9
2002110710 0.4 2.4 0.3 0.1 0.9 0.4 0 1.9 0.6 0 0.4 0 0 0 0 0 0 0 0 0 0 0 0 0 0 0 0 0 1.5 0 0.1 0 1.7 0 0.1 0 0 1 0 0 0.4 0.9
2002110711 0.2 2.7 0.2 0.2 0.2 0.2 0.3 2.9 0.7 0 1.2 0 0 0.3 0.7 0.3 0 0 0 0 0 0 0.3 0.1 0 0 0 0 0 0 0 0 0 0 0 0 0 0 0 0 0.5 1.1
2002110712 0 3.5 0.3 0 0.4 1.5 0.7 1.9 1.5 0 1.9 0 0 0.5 0 0.1 0.2 0 1.8 0 0.2 0.2 0 0 0 0.2 0.3 0 0 0 0.1 0.3 1.1 0.9 0 0 0.1 0 0 0.2 0.4 1
2002110713 0 0 0.2 0.2 0.1 0.1 0.1 2 1.1 0 0 0.2 0.1 0 0.5 0 0.1 2.1 0 0.1 0 0 0 0 0 0 0 0.1 0.8 0 0 0 1.1 0 1.8 0 0.1 0 0.1 0 1.9 1.6
2002110714 0 0 0 0 0.2 0.1 0.3 0.3 0.7 0 0.4 0 0 0 0.4 0 0 0 0 0 0.7 0 0.2 0.8 0.4 0 0 0.6 0.6 0 0.8 0.2 0 0 1.7 0 0 0.5 0 0 0.3 0.6
2002110715 0 4.1 0 0 0.1 0.1 0.1 0.2 0.2 0 0.4 0 0 0 0 0 0 0 0.3 0 0 0 0.1 0.9 0.4 1.9 0 0.6 0 0 0.4 0.1 0.9 0.6 0.9 0 0 0.2 0 0 0 0
2002110716 0 0.1 0 0 0 0 0 0.4 0.1 0.2 1.1 0 0 0 0 0 0 0 0 0 0 0 0 0 0 0.1 0 0.1 0 0 0 0 1.1 0 0.1 0 0.5 0 0 0 0 0
2002110717 0 0.8 0.1 0.1 0.1 0 0 1.2 0.1 0 0.7 0 0 0 0 0 0 0 0.4 0 0 0 0 0.1 0 0 0 0 0 0 1.4 0 0.3 0 0.1 0 1.5 0.2 0 0 0.1 0.3
2002110718 0 0 0.1 0 0 0.5 0.3 0.4 0.8 0 0.7 0 0 0 0 0 0 0 0 0 0 0 0 0 0 0 0 0.1 0.3 0 0 0 0.8 0.8 1.4 0 0.1 0.2 0 0.1 0.3 0.6
2002110719 0.1 0.2 0 0 0.1 0.1 0.4 0.2 0.8 0.1 0.3 0 0 0 0 0.2 0 0 0 0 0 0 0 0 0.1 0 0 0 0.9 0 0 0 0.9 0 0.2 0 0 0 0 0 0.1 0.3
2002110720 0 0.2 0 0 0 0.1 0.1 0 0.4 0 0.1 0 0 0 0 0 0 0 0 0 0 0 0 0 0 0 0 0 0.1 0 0 0 0.5 0 0 0 0.2 0.1 0 0 0.1 0
2002110721 0 0 0 0 0 0 0 0.5 0.1 0.1 0 0 0 0 0 0 0 0 0 0 0 0 0 0.1 0 0 0 0 0 0 0.1 0 0.2 0 0.1 0 0 0.4 0 0 0.2 1.1
2002110722 0 0 0 0.1 0 0 0.1 0 0 0 0 0.1 0 0 0.1 0 0 0 0 0 0 0 0 0 0 0 0 0 0.1 0 0 0 0.3 0 0 0.1 0 0 0 0 0.1 0
2002110723 0.1 0.1 0 0 0 0 0 0 0 0.1 0 0.3 0.2 0 0.2 0.1 0.1 0 0 0 0 0 0 0 0 0 0 0 0 0.1 0 0 0.2 0.4 0 0.1 0 0 0 0 0.1 0.1
2002110800 0 0 0 0 0 0 0 0.1 0 0 0 0 0 0.2 0 0 0 0 1.8 0 0.1 0 0 0 0 0 0 0 0.1 0 0 0 0.3 0 0.1 0 0 0 0 0 0 0
2002110801 0 0 0 0 0 0 0 0 0.1 0 0 0 0 0 0 0 0 0 0 0 0 0 0.1 0 0 0 0 0 0 0 0 0 0.1 0 0 0 0 0 0.1 0 0 0
2002110802 0 0 0 0 0 0 0 0 0 0 0 0 0.1 0 0 0.1 0.6 0 0 0 0 0 0 0 0 0 0.1 0 0 0 0 0 0.2 0 0 0 0.1 0 0 0 0 0
2002110803 0 0 0 0 0 0 0 0 0 0.1 0 0 0 0 0 0 0 0 0.3 0.1 0 0 0 0 0 0 0 0 0 0 0 0 0.1 0.1 0 0 0 0 0 0 0 0
2002110804 0 0 0 0 0 0 0 0 0 0 0 0 0 0 0 0 0 0 0 0 0 0 0 0 0 0 0 0 0 0 0 0.1 0.1 0 0 0 0 0 0 0 0 0
2002110805 0 0.1 0 0 0 0 0.2 0 0 0 0 0 0 0.1 0 0 0.1 0 0 0.1 0 0 0.1 0 0 0 0 0.1 0 0 0 0 0 0 0 0 0 0 0 0 0 0
2002110806 0 0 0.1 0 0 0 0 0 0 0.1 0.1 0 0 0 0 0.1 0 0 0 0 0 0 0 0.1 0 0.2 0 0 0 0 0 0 0.1 0 0 0.1 0.1 0 0 0 0 0
2002110807 0 0 0 0 0 0 0 0 0 0 0 0.1 0 0 0 0 0 0.1 0 0 0.1 0 0 0 0.1 0.1 0 0 0 0 0 0 0 0 0 0 0 0 0 0.1 0 0
2002110808 0 0 0 0 0 0 0 0 0.1 0 0 0 0 0 0.1 0 0 0 0 0 0 0 0 0 0 0 0 0 0 0 0 0 0 0 0 0 0 0 0 0 0 0.1
2002110809 0 0 0 0 0 0 0 0 0 0 0 0 0 0 0 0 0 0 0.1 0 0 0 0 0 0 0 0 0 0 0 0 0 0 0 0 0 0 0 0 0 0 0
2002110810 0 0 0 0 0 0 0 0 0 0 0 0 0 0 0 0 0 0 0.1 0 0 0 0 0 0 0 0 0 0 0 0 0 0 0 0 0 0 0 0 0 0 0
2002110811 0 0 0 0 0 0 0 0 0 0 0 0 0 0 0 0 0 0 0.9 0 0 0 0 0 0 0 0 0 0 0 0 0 0 0 0 0 0 0 0 0 0 0
2002110812 0 0 0 0 0 0 0 0 0 0 0 0 0 0 0 0 0.1 0.1 0 0 0 0 0.2 0.3 0.4 0.3 0 0 0 0 0 0 0 0 0 0 0 0 0 0 0 0
2002110813 0 0 0 0 0 0 0 0 0 0.1 0 0 0.3 0.6 0.1 0.1 0.5 0.3 0.3 0.2 0 0 0.5 0.8 1.3 0.7 0.5 0.5 0 0 0.1 0.1 0 0.1 0 0.1 0.1 0.2 0.1 0.2 0 0
2002110814 0 0.5 0.1 0.1 0.2 0.1 0.2 0.4 0.1 0.5 0.2 0.5 0.4 0.5 0.6 0.7 0.5 0.3 0.5 0.5 0.1 0.1 0.5 0.9 0.7 0.5 0.9 1 0.3 0.3 0.3 0.2 0.3 0.3 0.3 0.3 0.4 0.5 0.4 0.6 0.4 0.2
2002110815 0.6 0.8 0.7 0.6 0.5 0.4 0.4 0.5 0.5 1 0.6 1 0.8 1 1.1 1.3 1.2 1.1 1 0.8 0.5 0.5 1 2.7 2.9 1.3 1.1 1.3 0.3 0.4 0.4 0.6 0.8 0.7 0.7 0.9 1.4 0.8 0.8 0.8 0.6 1
2002110816 1 0.8 1.2 1.2 0.7 0.9 0.5 1.3 0.9 1.4 0.7 1.5 1.2 1.9 1.3 1.8 1.8 0.9 1.2 1.5 0.5 0.6 1.4 2.6 3.9 1 1.7 1.7 1 1.1 1.3 0.7 1.7 0.8 1.5 1.1 1.5 1.3 1 0.8 1.3 1.6
2002110817 1.1 1.3 1.3 1.5 1.5 1.5 0.9 1.9 1.4 1.8 1.1 2.3 2.5 2.3 1.3 2.1 2.6 1.7 1.5 1.6 1.2 1.1 2.4 3.2 4.7 2.2 1.4 2.1 1.6 1.7 2 1.1 2 1.6 1.3 1.7 2 2.2 1.5 1.1 1.9 2
2002110818 1.4 1.5 1.3 1.4 2 1.8 1.2 2.2 1.4 3.1 1.2 2.9 5 2.2 2.5 2.7 2.7 1.6 1.6 1.4 1.6 1.7 3.5 2.7 4.2 2.9 1.7 2.3 2.2 2.4 2.3 2.1 2.3 2.1 1.9 2.6 3.4 2.2 1.6 1.5 2.7 1.6
2002110819 1.7 1.4 2.4 1.3 2.2 2.4 1.9 4 2.8 2.8 1.1 3.2 3.5 2.3 2 2.7 3.3 2.1 2.3 1.4 1.1 1.4 2.4 2.9 4.6 4 2.7 3 2.5 1.9 3.6 2.5 3.1 2.1 2.7 2.3 3 4.1 4.2 2.9 3.7 2.9
2002110820 1.2 0.5 2.2 1 3 2.1 2.2 1.6 4.9 0.8 0.4 0.9 1 2.7 2.2 2.2 2.6 2.5 2 1.8 1.2 1.5 2.2 3 6.1 5.7 2 1.4 2.6 2.4 3.5 1.9 3.3 0.9 1.6 1.6 3.4 2.5 2.2 2 2 2.4
2002110821 0.3 0 0.1 0.1 0.8 0.4 0.6 0.6 2.5 0.6 0 0.1 1.5 0.3 1 1.1 1.7 1.3 1.3 0.3 0.7 0.6 1.9 2.8 4.6 2.6 1.6 1.5 1.2 0.8 2.3 1.8 4.6 0.1 0.7 1.2 1.4 2.1 0.8 1.1 1.2 0.8
2002110822 0.1 0.4 0.3 0.2 0.2 0 0.1 0.7 0.6 1 0.1 0.6 0.9 1.1 0.5 0.5 1.4 1.3 0.8 0.9 0.4 0.3 1.6 2.5 4.1 3.9 1.8 2.3 0.3 0.2 0.6 0.7 0.5 0.5 0.1 0.5 0.3 0.5 0.4 1 1.1 0.7
2002110823 0.3 0.4 0.6 0.5 0.7 0 0.1 0.6 1.1 0.6 0 0.2 0.7 0.6 0.5 0.4 0.8 0.4 0.5 0.1 0.1 0.3 1 1.3 3 2.4 1 1 0.6 0.6 0.9 0.4 1.3 0.1 0.1 0.4 0.4 0.7 0.6 1.4 0.8 1
2002110900 0.7 0 0.3 0.1 0.4 0.1 0.2 0.5 1.5 0.2 0 0.2 0.2 0.8 0.3 0.4 0.6 0.6 0.4 0.3 0.3 0.1 0.7 1.1 1.6 2.1 0.8 0.5 0.1 0.2 0.3 0.2 1.1 0.2 0.2 0.7 0.4 0.2 1 0.8 0.6 0.3
2002110901 0.4 0.3 1.3 0.2 0.9 0.1 0.4 0.2 0.8 0.2 0.1 0.1 0.3 0.4 0.3 0.2 0.4 0.7 0.6 0 0.3 0.3 0.7 2.1 1.1 1.2 0.8 0.7 0.2 0.4 0.6 0.4 0.6 0 0 0.4 0.5 0.4 0.5 1.1 0.5 0.2
2002110902 2.9 3.1 3.6 3.1 1.8 0.9 2.1 0.2 0.9 1.7 1.9 1.4 1.9 1 1 0.4 1 0.3 0.2 0.2 0.2 0.4 0.1 1.1 0.4 0.5 0.5 0.7 0.1 0.3 0.3 0.5 0.6 0.9 0.1 0.4 0.3 0.2 0.2 1.3 0.2 0.4
2002110903 2.6 1.5 3.3 1.4 3.8 3.3 4 1.5 4 1.7 1.8 2.7 2 1.8 1.9 2.9 1.9 0.8 1.1 0.8 1.7 1.5 0.9 1.1 0.4 0.7 0.5 0.3 1 1.2 1.1 2.3 2.1 3 2.3 2 1.9 0.6 0.6 0.5 0.8 2.3
2002110904 0.2 0.1 0.4 0.1 2 1 1.9 1.7 2.2 0.4 0.1 1.1 0.6 2.4 1.5 1.5 2.1 2.8 2.6 2 1.5 2.4 2.4 1.7 0.8 1 1.7 1.5 1.8 2.1 2.4 3.1 2.6 0.9 1.5 1.3 1.3 2.8 0.9 1 1.2 1.4
2002110905 0 0 0 0 0 0.1 0 0.7 0.4 0.1 0 0.3 0 0.6 0.5 0.6 0.6 2.9 1.5 1.1 0.6 1 1.7 1.1 1.8 1.5 2 1.9 1.4 1.9 2.3 3.2 1.5 0.4 0.9 0.7 0.8 2 0.8 1.4 0.6 0.7
2002110906 0 0 0 0 0 0 0 0.1 0 0 0 0 0 0.1 0 0.2 0.1 1.8 1 0.5 0.5 0.7 1.1 0.4 0.7 0.4 0.5 0.8 1.2 0.5 1.2 1.8 0.2 0 0 0 0 0.9 1.6 1.2 0.2 0.1
2002110907 0 0 0 0 0 0 0.1 0 0 0 0 0 0 0 0 0 0 0.3 0.2 0 0 0 0.1 0.1 0.4 0.3 0.1 0.1 0 0 0 0 0 0 0 0 0 0.1 0.5 0.5 0 0
2002110908 0 0 0 0 0 0 0 0 0 0 0 0 0 0 0 0 0 0 0 0 0 0 0 0 0 0 0 0 0 0 0 0 0 0 0.1 0 0 0 0.4 0.2 0 0
2002110909 0 0 0 0 0 0 0 0 0 0 0 0 0 0 0 0 0 0 0 0 0 0 0 0 0 0 0 0 0 0 0 0 0 0 0 0 0 0 0 0 0 0
2002110910 0 0 0 0 0 0 0 0 0 0 0 0 0 0 0 0 0 0 0 0 0 0 0 0 0 0 0 0 0 0 0 0 0 0 0 0 0 0 0 0 0 0
2002110911 0 0 0 0 0.1 0 0.3 0 0 0 0.3 0 0 0 0 0 0 0 0 0 0 0 0 0 0 0 0 0.1 0 0 0 0 0 0 0 0 0 0 0 0 0 0.1
2002110912 0.2 0 0 0 0.1 0 0.1 0.8 0.1 0 0.4 0 0.1 0 0.1 0 0 0 0 0 0 0 0 0 0 0 0 0 0 0.1 0 0 0 0 0 0.1 0 0 0 0 0.2 0.1
2002110913 0 0 0 0 0.1 0.3 0 0 0.1 0.1 0.9 0 0.1 0 0 0 0 0 0.1 0 0.1 0.2 0 0 0 0 0 0 0.3 0.2 0.1 0.3 0 0 0.1 0 0 0.1 0 0 0 0.5
2002110914 0 0 0 0 0 0 0 1.4 0 0 0 0.1 0 0 0 0.2 0 0 0 0 0 0.3 0 0 0 0 0 0 0 0 0 0 0.1 0.1 0 0 1 0 0 0 0.9 0.1
2002110915 0.1 0 0 0 0 0 0.1 0.2 0 0 0 0 0.1 0.1 0 0 0 0.1 0.8 0 0 0.5 0 0 0 0 0 0 0.1 0 1.7 0.6 0.1 0 0 0 0 0.2 0 0 0 0.1
2002110916 0 0 0 0 0 0 0.1 0 0.9 0 0.2 0 0 0 0.6 0.2 0 0 0.8 0.4 0.2 0 0 0 0 0 0 1.1 0.1 0 0 0 0 0 0 0 0 0 0 0 0.4 0.1
2002110917 0 0 0 0 0 0 0 0 0 0 0 0 0 0 0 0 0 1.1 1.7 0 0 0 0.1 0 0 0 0.7 0.6 0 0 0 0 0 0 0 0 0 0 0 0 0.1 0
2002110918 0 0 0.1 0.1 0 0 0 0.6 0 0 0 0 0 0 0 0 0 0.2 0 0 0 0 0 0 0 0 0 0 0.2 0 0 0 0.7 0 0 0 0.1 0 0 0 0 0.1
2002110919 0 0 0 0 0 0.3 0 0 0.4 0 0 0 0 0 0 0 0 0 0 0 0 0 0 0 0 0 0 0 0 0 0 0 0 0 0 0 0 0 0.1 0 0 0.3
2002110920 0 0 0 0 0 0 0 1.1 0.1 0 0 0 0.1 0 0 0 0 0 0 0 0 0 0 0 0 0 0.1 0 0 0.1 0 0 0 0 0 0 0 0 0 0 1.3 0.3
2002110921 0 0 0 0 0 0 0 0 0 0 0 0 0 0 0 0 0 0 0 0 0 0 0 0 0 0 0 0 0 0 0 0 0 0 0.1 0.1 0 0 0 0 0 0
2002110922 0 0 0.1 0 0 0 0 0 0 0 0.1 0 0 0 0 0 0 0 0 0 0 0 0 0 0 0 0 0 0 0 0 0 0 0 0 0 0 0 0 0 0 0
2002110923 0 0 0 0 0 0 0 0 0 0 0 0 0 0 0 0.1 0 0 0 0 0 0 0 0 0 0 0 0 0.1 0 0 0 0 0 0 0 0 0 0 0.1 0.1 0
2002111000 0 0 0 0.1 0 0 0 0 0 0 0 0 0 0.1 0 0 0.1 0 0 0 0 0 0 0 0.1 0.1 0 0 0 0 0 0.1 0 0 0 0 0 0 0 0 0 0
2002111001 0 0 0 0 0 0 0.1 0 0 0 0 0 0 0 0 0 0 0 0 0 0 0 0 0 0 0 0 0.1 0 0 0.1 0 0 0 0 0 0 0 0 0 0 0.1
2002111002 0 0 0 0 0 0 0 0.1 0 0 0 0 0 0 0 0 0 0.1 0 0.1 0 0 0 0 0 0 0 0 0 0 0 0 0.1 0.1 0 0 0 0 0 0 0 0
2002111003 0 0 0.1 0 0 0 0 0 0.1 0.1 0 0 0 0 0 0 0 0 0 0 0 0 0 0 0 0 0 0 0 0 0 0 0 0 0 0 0 0 0.1 0 0 0
2002111004 0 0 0 0.1 0 0 0 0 0 0 0.1 0 0 0 0 0 0 0 0 0 0 0 0 0 0 0.1 0 0 0.1 0 0.1 0.1 0 0 0 0 0.1 0 0 0 0 0
2002111005 0 0 0 0 0 0.1 0 0 0 0 0 0 0 0 0 0 0.1 0 0.1 0 0 0 0 0 0 0 0 0 0 0.1 0 0 0 0 0 0 0 0 0 0 0 0
2002111006 0.2 0 0 0 0 0 0 0 0 0 0 0 0 0 0 0.1 0 0 0 0 0 0 0 0 0 0 0 0 0 0 0 0 0 0 0.1 0 0 0 0 0 0 0.1
2002111007 0 0 0 0 0.2 0 0.1 0 0 0 0 0 0 0.4 0 0 0.2 0.1 0 0.1 0 0 0.1 0.3 0 0.4 0 0 0 0 0 0 0 0 0 0.1 0 0.2 0 0 0 0
2002111008 0 0 0 0 0 0 0 0 0 0 0 0 0.2 0.4 0.3 0.1 0.7 0.3 0.6 0.5 0.3 0.2 0.6 0.9 0.8 0.8 0.4 0.2 0 0 0 0.3 0 0 0 0 0 0 0.2 0.4 0 0
2002111009 0 0 0 0 0 0 0 0 0 0.1 0 0 0 0.1 0.1 0.1 0.1 0.3 0.2 0.1 0 0 0.3 0.4 0.5 0.4 0.4 0.5 0 0 0.2 0.2 0 0 0 0 0.1 0.2 0.8 0.8 0 0
2002111010 0 0 0 0 0 0 0 0 0 0 0 0.1 0.1 0.2 0.1 0.2 0.5 0.3 0.4 0.3 0.2 0.2 0.6 0.4 0.4 0.4 0.4 0.2 0.1 0.3 0.2 0.2 0 0 0 0.1 0.2 0.3 0.2 0.2 0 0
2002111011 0 0 0 0 0 0 0 0 0 0 0 0 0 0.4 0.1 0.1 0.5 0.3 0.6 0.3 0.1 0.1 0.8 0.5 0.5 0.3 0.5 0.4 0.1 0.2 0.3 0.5 0.1 0.1 0 0 0.1 0.2 0.5 0.3 0 0
2002111012 0 0.1 0 0 0 0.1 0 0.5 0.2 0.1 0 0.1 0.1 0.2 0.1 0.1 0 0.3 0.1 0.1 0.2 0.1 0.1 0.3 0.1 0.1 0.2 0.2 0.5 0.3 0.2 0.3 0.4 0.2 0.2 0.1 0 0.3 0.3 0.2 0.5 0.2
2002111013 0 0.1 0.1 0 0.1 0.2 0.1 0.3 0.3 0 0.1 0.1 0 0 0 0 0 0.3 0.1 0 0 0 0.1 0 0.1 0.1 0.4 0.1 0.3 0.1 0 0 0.4 0 0 0 0.1 0 0.4 0.3 0.4 0.3
2002111014 0 0 0 0 0.1 0 0 0.1 0.1 0.1 0 0 0.3 0.1 0.1 0 0.7 0.2 0.1 0.1 0.1 0 0.3 0.1 0.1 0 0.1 0.1 0 0 0 0.1 0.2 0 0 0 0 0 0.2 0.1 0.1 0.1
2002111015 0.1 1 0.2 0.4 0 0.1 0 0 0.1 1.7 0.7 1.8 1.2 0.9 1.2 1.2 1 0.3 1.3 0.3 0.5 0.4 0.5 0.4 0.5 0.4 0.8 1 0.6 1.5 0.9 1.3 1.2 1.6 0.6 1.7 0.9 0.7 0.5 0.3 0 0
2002111016 0.6 1.4 1.2 0.5 0.6 0.8 0.7 3 1.9 0.9 0.8 1.2 0.8 0.6 0.7 0.6 0.4 0.3 0.5 0.3 0.4 0.6 0.4 0.5 0.6 0.5 0.5 0.2 1.6 1.4 1 0.6 1.9 1.9 0.8 0.8 0.7 1.3 0.4 0.4 2.5 2.6
2002111017 2.9 0.1 1.2 3.1 1.3 0.8 1.5 0.9 3.1 0.2 0.2 0.3 0.4 0.2 0.4 0.4 0.2 0.4 0.1 0.1 0.4 0.4 0.1 0.6 0.4 0.4 0.2 0.3 0.6 0.6 0.3 0.2 1.2 0.7 0.7 0.9 0.4 0.3 0.2 0.4 0.6 1.3
2002111018 0.8 0.1 0.8 0.3 0.8 0.2 0.3 0.6 1.4 0.1 0 0.1 0.2 0.2 0.3 0.2 0.2 0.3 0.4 0 0.4 0.5 0.1 0.4 0.7 0.4 0.5 0.6 1 0.9 0.8 0.4 1.4 0.2 0.6 0.3 0.2 0.6 0.3 0.5 0.8 1.3
2002111019 0.1 0 0 0 0.1 0.1 0.1 0.2 1.2 0.1 0 0 0.2 1.2 1.1 0.3 3.6 0.3 0.1 1.2 0.1 0 1.4 2.3 2.1 3.6 1.1 0.3 0.3 0.1 0.4 0 0.6 0 0 0.3 0.1 0.3 1.6 0.8 0.3 0.3
2002111020 0.3 0.8 0 0.3 0.1 0.5 0.5 0.3 0.9 2.3 0.1 1.5 5 4.8 3.5 4.9 5.7 0.5 4.7 3.7 4.9 3.7 4.1 4.2 4.6 4.4 4.8 4.9 2.2 4.5 3.2 4.4 2.6 1 3.4 2.6 5.3 2.9 2.5 4.7 0.3 0.6
2002111021 1.5 2.5 5.2 2.3 2.2 2.3 3.8 3.8 4.2 2 2.7 6 3.6 3.8 5.3 7.7 5.8 0.8 4.2 8.1 5.6 6.9 4.1 5 6.1 4.5 3.7 2.8 5.5 6.6 6.7 6 6.1 5.1 10.2 5.8 9.2 5.2 2.6 2.9 4.1 3.8
2002111022 3 3.6 2.8 2.3 2.3 5.8 4.3 7.2 4.9 2.1 2.4 2.7 4.4 4.6 4.8 3.4 4 1.2 3.9 12.8 7.1 11 4 3.5 5.1 2.8 4.8 4.7 4.7 6.3 5.7 4.5 8.5 2.3 6.7 3.6 4.8 4.6 0.8 1.2 6.7 6.9
2002111023 3.3 1.6 4.3 3.1 2.5 2.6 2.9 4.9 4.5 1.9 2.4 3.7 2.6 2.6 2 5.1 2.2 1.3 5.6 2.2 2.5 3.2 5.2 8.5 3.8 5.7 3.9 3.1 6.7 5.2 7.2 6 5.7 4.3 7.5 3.6 4.6 3.3 1.8 1.7 7.3 8.4
2002111100 2.3 3.1 3.5 1.3 3.3 2.5 2.9 2.8 3.4 1.3 2.1 3.1 4 1.2 1.4 2 3.2 1.5 3.8 4 5.1 3.6 3.8 3.2 6.4 7.1 7.1 5.3 2.2 2.7 2.6 3.9 2.6 2 2.6 1.7 2.6 2.8 1.3 1.4 2.5 3.3
2002111101 1.1 0.1 2.8 0.5 4 2.3 2.9 2.7 3.9 0.2 0.4 0.4 0.2 0.2 0.1 0.5 0.9 1.6 1.3 2.1 1.9 2.4 1.6 1.1 2.1 1.4 1.4 2 2.3 4.9 3.8 3.7 1.7 1.2 1.3 1.4 0.5 5.3 1.9 7.9 1.7 2.6
2002111102 0.4 0 0.4 0.2 0.6 0.1 0.6 0.7 1 0.4 0.1 1 1.5 0.9 1 0.5 0.2 1.5 2.7 1 0.2 1 1.8 10.2 0.9 2.5 2.2 0.2 1.4 0.7 4.7 2.4 0.4 1.8 1 1.5 0.6 1.7 1.1 0.7 0.3 1.6
2002111103 0 0 0.3 0 0.2 0.2 0.2 1.5 0.7 0.1 0 0.1 0 0 0 0.1 0.2 1.4 0 0.2 0 0.6 0 0.6 1.5 1.1 2.3 4.3 1.7 1.6 0.3 0.3 1.3 0.1 0.3 0.2 0.3 5.1 1.8 1 0.9 2.1
2002111104 0 0 0 0 0.1 0 0.1 0.1 0.1 0 0 0 0.1 0 0 0.2 0 1.3 0.5 0.4 0.6 0.5 0.2 0.5 0.2 0.3 0.3 0.2 0.1 0.4 0.5 0.2 0.5 0 0.5 0.2 1.1 0.4 0.2 0.2 0 0
2002111105 0 0.1 0 0 0 0 0 0.3 0 0 0.2 0 0 0 0 0 0 1.2 0 0.1 0 0 0 0 0 0 0 0.1 0.1 0 0.2 0 0 0 0 0 0.1 0.4 0.2 0 0.1 0.4
2002111106 0 0 0 0 0 0 1.4 0.1 0.1 0 0 0 0 0 0 0 0 1.2 0 0 0 0 0 0 0 0 0 0 0 0.1 0 0 0 0 0 0 0 0 0 0 0.1 0
2002111107 0 0 0 0 0 0 0.1 0 0 0 0.1 0 0 0 0 0 0 1 0 0 0.1 0 0 0 0 0 0 0 0 0 0 0 0 0 0 0 0 0 0 0 0 0
2002111108 0 0 0 0 0 0 0 0 0 0 0 0 0 0.1 0 0 0 0.9 0 0 0 0 0 0 0 0 0.1 0 0 0 0 0 0 0 0 0 0 0 0 0 0 0
2002111109 0 0 0 0 0 0 0 0 0 0 0 0 0 0 0 0 0 1 0 0 0 0 0 0 0 0 0 0.1 0 0 0 0 0 0 0 0 0 0 0 0 0 0
2002111110 0 0 0 0 0 0 0 0 0 0 0 0 0 0 0 0 0 1 0 0 0 0 0.3 0.1 0 0 0 0 0 0 0 0 0 0 0 0 0 0 0 0 0 0
2002111111 0 0 0 0 0 0 0 0 0 0 0 0 0 0 0 0 0 1 0.1 0 0 0 0.3 0 0 0 0.1 0 0 0 0 0 0 0 0 0 0 0 0 0 0 0
2002111112 0 0 0 0 0 0 0 0 0 0 0 0 0 0 0 0 0 0.9 0 0 0 0 0 0 0 0.1 0 0 0 0 0 0 0 0 0 0 0 0 0.1 0 0 0
2002111113 0 0 0 0 0 0 0 0 0 0 0 0.1 0 0 0 0 0 0.9 0 0 0 0 0.1 0 0 0 0 0 0 0 0 0 0 0 0 0 0 0 0.1 0 0 0
2002111114 0 0 0 0 0 0 0 0 0 0 0 0 0 0 0 0.1 0.1 0.9 0.4 0.1 0 0 0 0.2 0.3 0.9 0 0 0 0 0 0 0 0 0 0 0 0 0.2 0 0 0
2002111115 0 0 0 0 0 0 0 0 0 0 0 0 0 0 0.3 0.2 0 0.8 0.6 0.1 0 0 0.7 1.3 1.8 1.7 0.2 0.3 0.1 0.2 0.3 0.5 0 0 0.1 0 0 0.9 0 0 0 0
2002111116 0 0 0 0 0 0 0 0.1 0 0 0 0 0 1.2 1 0 0 0.7 0 0 0 0 0 1.5 0.1 0.1 1.7 2.8 0.6 0 0.1 0.1 0 0 0 0.2 0 0.9 1.8 0.2 0 0.2
2002111117 0 0 0 0 0 0 0 0.1 0 0 0 0 0 0 0 0.9 0 0.6 0 0 0 0 0.1 0 0 0 0 0.6 0 0 0 0 0.1 0 0.2 1.8 3 0 1.7 0 0.1 0
2002111118 0 0 0 0 0 0 0 1.2 0 0 0 0 0 0 0 0 0 0.6 0.1 0 0 0 0 0 0.1 0 0.1 0.2 0 0 0 0 2.7 0 0.4 0.1 0.1 0 0.7 0.2 0.3 0.9
2002111119 0 0 0 0 0 0 0 0 0 0 0 0 0 0 0.1 0.1 0 0.5 0 0 0.1 0 0 0 0 0 0 0 0 0 0 0 0 0 0.1 0 0 0 0 0 0.2 0.2
2002111120 0 0 0 0 0 0 0 0 0 0 0 0 0 0 0 0 0 0.5 0 0 0 0 0 0 0 0 0 0 0.1 0 0 0 0.8 0 0 0 0 0 0 0.1 0.2 0
2002111121 0.1 0 0 0 0 0 0 0 0 0 0 0 0 0 0 0 0 0.4 0 0 0 0 0 0.1 0 0 0 0 0 0 0 0.1 0.1 0 0 0 0 0 0 0 0.2 0.5
2002111122 0 0 0 0 0 0 0 0.1 0 0 0 0 0 0.1 0 0 0 0.5 0 0 0 0 0 0 0 0 0 0 0 0 0 0 0 0 0 0 0 0 0 0 0 0
2002111123 0 0 0 0 0 0 0 0 0 0 0 0 0 0 0 0 0.1 0.4 0 0 0 0 0 0 0 0 0 0 0 0 0 0 0 0 0 0.1 0 0 0 0 0 0
2002111200 0 0 0 0 0 0 0 0 0 0 0 0 0 0 0.1 0.1 0 0.4 0 0 0 0 0 0 0 0 0 0 0 0 0 0 0 0.1 0 0 0.1 0 0 0 0 0
2002111201 0 0 0.1 0 0 0 0 0 0 0 0 0.1 0 0 0 0 0 0.4 0 0 0 0 0 0 0 0 0 0 0 0 0 0 0 0 0 0 0 0 0.1 0 0 0
2002111202 0 0 0 0 0 0.1 0 0 0 0 0 0 0 0 0 0.1 0 0.4 0 0 0 0 0 0 0 0 0 0 0 0 0 0 0 0 0 0 0 0 0 0 0 0
2002111203 0 0 0 0 0.1 0 0 0 0 0 0 0 0.1 0.1 0 0 0 0.3 0 0 0 0.1 0 0 0 0 0 0 0 0 0 0 0 0 0 0 0 0 0 0.1 0 0
2002111204 0 0.1 0 0.1 0 0 0.1 0 0 0 0 0 0 0 0.1 0 0 0.4 0 0.1 0 0 0 0 0 0 0 0 0 0 0 0 0 0.1 0 0 0 0 0 0 0 0
2002111205 0 0 0.1 0 0 0 0 0 0 0.1 0 0 0 0 0 0 0 0.4 0 0 0 0 0 0 0 0 0 0 0 0 0 0 0 0 0 0 0 0 0 0 0 0
2002111206 0 0 0 0 0 0 0 0 0 0 0 0.1 0 0 0 0.1 0 0.3 0 0 0 0 0 0 0.2 0.1 0.4 0.4 0 0 0 0 0 0 0 0 0.1 0 0 0 0 0
2002111207 0 0 0 0 0 0 0 0 0 0 0 0 0 0 0 0 0 0.4 0 0 0 0 0 0 0.1 0 0.7 0.7 0.1 0.1 0.6 0 0 0 0 0.1 0 0 0 0 0 0.1
2002111208 0 0 0 0 0 0 0 0.3 0 0 0 0 0 0 0 0 0 0.3 0 0 0 0 0 0 0 0 0.1 0 0 0 0.7 0 0.1 0 0 0 0 0 0.1 0 0 0
2002111209 0 0 0 0 0 0 0 0 0 0 0 0 0 0 0 0 0 5 0 0 0 0 0.1 0 0 0 0 0 0 0 0 0 0 0 0 0 0 0 0 0 0 0
2002111210 0 0 0 0 0 0 0 0 0 0 0 0 0 0 0 0 0 0 0 0 0 0 0.2 0 0 0 0 0 0 0 0 0 0 0 0 0 0 0 0 0 0 0
2002111211 0 0 0 0 0 0 0 0 0 0 0 0 0 0 0 0 0 0 0 0 0 0 0 0 0 0 0 0 0 0 0 0 0 0 0 0 0 0 0 0 0.1 0
2002111212 0 0 0 0 0 0 0 0 0 0 0 0 0 0 0 0 0 0 0 0 0 0 0 0 0 0 0 0 0 0 0 0 0 0 0 0 0 0 0 0 0 0
2002111213 0 0 0 0 0 0 0 0 0 0 0 0 0 0 0 0 0 0 0 0 0 0 0 0 0 0 0 0 0 0 0 0 0 0 0 0 0 0 0 0 0 0
2002111214 0 0 0 0 0 0 0 0 0 0 0 0 0 0 0 0 0 0 0 0 0 0 0 0 0 0 0 0 0 0 0 0 0 0 0 0 0 0 0 0 0 0
2002111215 0 0 0 0 0 0 0 0 0 0 0 0 0 0 0 0 0 0 0 0 0 0 0 0 0 0 0 0 0 0 0 0 0 0 0 0 0 0 0 0 0 0
2002111216 0 0 0 0 0 0 0 0 0 0 0 0 0 0 0 0 0 0 0 0 0 0 0 0 0 0 0 0 0 0 0 0 0 0 0 0 0 0 0 0 0 0
2002111217 0 0.1 0 0 0 0 0 0 0 0 0 0 0.2 0 0 0 0 0 0 0 0 0 0 0 0 0 0 0 0 0 0 0 0 0 0 0 0 0 0 0 0 0
2002111218 0 0.1 0 0 0 0 0 0 0 0.5 0 0 0.5 0.4 0.1 0.2 0 0.7 1.1 0.1 0 0 1.2 0.3 0.5 0.3 0.6 0.7 0 0.1 0 0.2 0 0.1 0 0.3 0.3 0.2 0 0.1 0 0
2002111219 0.6 0.2 0.4 0.2 0.2 0.3 0.2 0.3 0.6 0 0.5 0.1 0 0 0 0.1 0 0.9 0.5 0.4 0.1 0.1 1.1 0.1 0.5 0.1 1.1 1.1 0.1 0.4 0.3 0.2 0.1 0.2 0.1 0.2 0 0.2 0.1 0.2 0.1 0.2
2002111220 0.1 0.1 0.2 0.2 0.4 0.3 0.3 0.1 0.2 0 0 0.1 0 0.1 0 0.1 0 0 0.1 0 0 0 0.1 0 0.1 0 0.5 1.3 0 0.1 0.5 0.3 0.1 0.1 0.1 0.2 0.4 0.3 0.1 0.4 0 0.1
2002111221 0 0 0 0 0.3 0.1 0.1 0 0 0 0.1 0.1 0 0 0.1 0.3 0 0 0 0 0 0 0 0 0.3 0 0.2 0.3 0 0.1 0.1 0 0 0.2 0 0 0 0.2 0 0 0 0
2002111222 0 0 0 0 0 0.1 0 0 0 0 0 0 0 0.1 0.1 1.3 0 0 0 0 0 0 0 0 0 0 0.3 1.1 0.2 0 0.5 0.1 0 0.5 0 0.4 0 0.5 0.1 0.1 0 0
2002111223 0 0 0.4 0 0 0 0 0.8 0.3 0 0 1.4 0 0 0.5 0.3 0 0 0 0 0 0 0.2 0.2 0 0 0 0.1 1 0.4 0.4 0 0.6 0.5 0 0.2 0 1.2 0.1 0.2 0.5 0.5
2002111300 0 0 0.1 0 0 0 0 0.1 0.1 0 0.1 0.1 0 0 0 0 0 0 0.1 0 0 0 0 0 0 0 0.1 0.1 0 0 0.1 0 0 0 0 0 0 0.5 0 0 0 0
2002111301 0 0 0 0 0 0 0 0 0 0 0 0.1 0 0 0 0 0 0.2 0.1 0.1 0 0 0.6 0.4 0.3 0.8 0.1 0.3 0 0 0 0 0 0 0 0 0 0.3 0 0.1 0.3 0.1
2002111302 0 0 0 0 0.1 0 0 0.1 0.1 0 0 0 0 0.1 0 0.1 0 0.2 0.2 0 0 0 0.3 0.1 0.2 0.2 0.2 0.3 0 0.1 0.2 0.2 0 0 0 0 0 0.4 0 0.1 0 0.1
2002111303 0 0.2 0 0 0 0 0 0.1 0 0.1 0 0 0.4 0.3 0.2 0.1 0 0 0.1 0.1 0 0 0.1 0 0.1 0 0.1 0.1 0.1 0 0 0 0.1 0 0 0 0.1 0.1 0 0 0.1 0
2002111304 0 0 0 0 0.1 0 0.1 0.1 0 0 0 0 0 0 0 0 0 0 0.2 0 0 0 0.2 0.1 0.2 0 0.2 0.1 0 0.2 0.1 0.3 0 0 0 0 0 0 0 0 0 0.2
2002111305 0 0.1 0 0 0 0 0 0.1 0.1 0 0 0 0.3 0.3 0.3 0 0 0.1 0 0.3 0 0 0.6 0.3 0.1 0.3 0.1 0 0 0.2 0.2 0 0.1 0 0 0 0 0 0 0 0 0
2002111306 0 0 0 0 0 0 0 0 0 0.1 0 0.1 0.1 0.3 0 0 0 0.2 0 0.1 0 0 0.4 0.6 0 0.4 0.1 0.1 0 0 0 0.1 0 0 0 0 0 0 0 0 0 0
2002111307 0 0.1 0 0 0 0 0 0 0 0.2 0 0.1 0.8 1 0.8 1.2 0 2 2.3 1.8 1 0.8 2.6 2.7 3.7 1.4 1.9 1.5 0.2 0.4 0.5 0.9 0.1 0.2 0.1 0.2 0.6 0.6 1.7 1.7 0 0
2002111308 0 0.1 0.2 0.1 0.1 0.3 0.3 1.3 0.4 0.2 0.2 0.3 0.4 0.2 0.4 0.2 0 0.3 0.7 0.1 0.2 0.4 0.4 0 0.1 0 1 1.8 1.5 1 1.3 0.9 1.1 1 0.9 0.5 0.5 1.9 0.2 0.4 1 1
2002111309 0.1 0 0.1 0 0.4 0.1 0.1 0.1 0.2 0.1 0 0 0 0 0 0 0 0.2 0 0.1 0 0 0.6 1.3 0.3 0.9 0 0 0.1 0 0 0 0 0 0 0 0 0.2 0 0 0.2 0.2
2002111310 0 0 0 0 0 0 0 0.3 0 0 0 0.3 0.4 0.1 0 0.4 0 2.3 2.2 0.5 0.6 1.2 1.6 2 0.1 0.4 0.5 0.2 0.1 0.5 0.1 1.2 0.4 0.6 0.6 0.7 1.5 0.8 0 0 0.7 0
2002111311 0.2 0.1 0.2 0 0.7 0.9 1.2 0.2 0.1 0.1 0 1.1 1.5 0.1 0.1 0.4 0 1.3 0.1 0.4 0.9 0.8 3.4 0.6 0.1 0 0.6 0 0.3 0.1 0.1 0.1 0 0.3 0.7 0.5 1.4 0.2 0 0 1.9 0.3
2002111312 0.2 1.9 1.4 0 1.2 2.4 1.4 0.6 0 1.8 1.1 2.5 1 3 3.8 0.4 0 0.1 0 0 0.1 0.1 0 0 0.9 0.1 0.6 2.7 0.6 0.1 0.4 0.1 0.2 0.4 1.3 0.6 0.5 0.6 0 0.7 0 0.3
2002111313 1.8 0 2.1 0.1 0.6 0.1 0.2 0.6 0.2 0 0.1 0.9 0 0 0 0 0 0 0.5 0 0 0 0 0 1.4 0 1.8 0.1 0.6 0.4 2.5 0.5 0.2 0 0.1 0 0 0.2 0 0.1 1.2 0.5
2002111314 0 0 0 0 0.1 0 0 0.4 0 0 0 0 0 0 0 0 0 0 0 0 0 0 0 0 0 0 0 0 1.4 0.1 0.8 0 0.1 0 0 0 0 1 0 0 0.5 2.9
2002111315 0 0 0 0.1 0 0 0 0 0 0 0 0 0 0 0 0 0 0 0 0 0 0 0 0 0 0 0 0 0 0 0 0 0 0 0 0 0 0 0 0 0.2 0
2002111316 0 0 0 0 0 0 0 0 0 0 0 0 0 0 0 0 0 0 0 0 0 0 0 0 0 0 0 0 0 0 0 0 0 0 0 0 0 0 0 0 0 0
2002111317 0 0 0 0.1 0 0 0 0 0 0 0 0 0 0 0 0 0 0 0 0 0 0 0 0 0 0 0 0 0 0 0 0 0 0 0 0 0 0.1 0 0 0 0
2002111318 0 0.1 0 0 0 0 0 0 0 0 0 0 0 0 0 0 0 0 0 0 0 0 0 0 0 0 0 0 0 0 0 0 0 0 0 0 0 0 0 0 0 0
2002111319 0 0 0 0.1 0 0 0 0 0 0 0 0 0 0 0 0 0 0 0 0 0 0 0 0 0 0 0 0 0 0 0 0 0 0 0 0 0 0 0 0 0 0
2002111320 0 0 0 0.1 0 0 0 0.1 0 0 0 0 0 0 0 0 0 0 0 0 0 0 0 0.1 0 0 0 0 0.1 0 0.1 0 0 0 0 0 0 0 0 0 0.1 0
2002111321 0 0 0 0.1 0 0 0 0 0 0 0 0 0 0 0 0 0 0 0 0 0 0 0.1 0 0.1 0 0 0 0 0 0 0 0.1 0 0 0 0 0.1 0 0 0 0
2002111322 0 0 0 0.1 0 0 0.1 0 0 0 0 0 0 0 0 0 0 0 0 0 0 0 0 0 0 0 0 0 0 0 0 0.1 0 0 0 0 0 0 0 0 0 0
2002111323 0 0 0 0 0 0 0 0 0 0 0 0 0 0 0 0 0 0 0 0 0 0 0 0 0 0 0 0.1 0 0 0 0 0 0 0 0 0 0 0 0 0 0.1
2002111400 0 0 0 0 0 0 0 0 0 0 0 0.1 0 0 0 0 0 0 0 0 0 0 0 0 0 0 0 0 0 0 0 0 0 0 0 0 0 0 0 0 0.1 0
2002111401 0 0 0 0 0 0 0 0 0 0 0 0 0 0 0 0 0 0 0 0 0 0 0.1 0.1 0.1 0 0 0 0 0 0 0 0 0 0 0 0 0 0 0 0 0
2002111402 0 0 0 0 0 0 0 0 0 0 0 0 0.2 0.5 0.4 0 0 0.6 0.7 0.7 0.1 0.1 0.6 0.7 0.6 0.5 0.7 0.7 0 0 0 0.2 0 0 0 0 0 0 0.6 0.8 0 0
2002111403 0 0 0 0 0 0 0 0.4 0.1 0.1 0 0 0.1 0.1 0.1 0.2 0 0.2 0.5 0.2 0.2 0.4 0.1 0 0.2 0 0.7 0.8 0.9 0.6 1.1 0.6 0.3 0.1 0.1 0.1 0.1 1.8 0.4 0.4 0.4 0.2
2002111404 0 0 0 0 0.1 0 0 0.2 0.2 0 0 0 0 0 0 0 0 0.1 0 0 0 0 0 0 0 0 0 0 0.3 0.1 0.1 0 0 0 0 0 0 0.2 0 0 0.4 0.5
2002111405 0 0 0 0 0 0 0 0 0 0 0 0 0 0 0 0 0 0 0 0 0 0 0 0 0 0 0 0 0 0 0 0 0.1 0 0 0 0 0.1 0 0 0 0.1
2002111406 0 0 0 0 0 0 0 0 0 0 0 0 0 0 0 0 0 0 0 0 0 0 0 0 0 0 0 0 0 0 0 0 0 0 0 0 0 0 0 0 0 0
2002111407 0 0 0 0 0 0 0 0 0 0 0 0 0 0 0 0 0 0 0 0 0 0 0 0 0 0 0 0 0 0 0 0 0 0 0 0 0 0 0 0 0 0
2002111408 0 0 0 0 0 0 0 0 0 0 0 0 0 0 0 0 0 0 0 0 0 0 0 0 0 0 0.2 0 0 0 0 0 0 0 0 0 0 0.1 0 0 0 0
2002111409 0 0 0 0 0 0 0 0.1 0 0 0 0 0 0 0 0 0 0 0 0 0 0 0 0 0 0 0 0 0 0 0 0.1 0 0 0.2 0 0 0 0 0.1 0.1 0
2002111410 0 0 0 0 0 0 0 0 0 0 0 0 0 0 0 0 0 0 0 0 0 0 0 0 0 0 0 0.3 0 0 0 0 0 0 0 0 0 0 0.1 0 0 0
2002111411 0 0 0 0 0 0 0 0 0 0 0 0 0 0 0 0 0 0 0 0 0 0 0 0 0 0 0 0 0 0 0 0 0 0 0 0 0 0 0.3 0 0 0
2002111412 0 0 0 0 0 0 0 0 0 0 0 0 0 0 0 0 0 0 0 0 0 0 0 0 0 0 0 0 0 0 0 0 0 0 0 0 0 0 0 0 0 0
2002111413 0 0 0 0 0 0 0 0 0 0 0 0 0 0 0 0 0 0 0 0 0 0.1 0 0 0 0 0 0 0.1 0 0 0 0 0 0 0 0 0 0 0 0 0
2002111414 0 0 0 0 0 0 0 0 0 0 0 0 0 0 0 0 0 0 0 0 0 0 0 0 0 0 0 0 0 0 0 0 0 0 0 0 0 0 0 0 0 0.1
2002111415 0 0 0 0 0 0 0 0 0 0 0 0 0 0 0 0 0 0 0 0 0 0 0 0 0 0 0 0 0 0 0 0 0 0 0 0 0 0 0 0 0 0
2002111416 0 0 0 0 0 0 0 0 0 0 0 0 0 0 0 0 0 0 0 0 0 0 0 0 0 0 0 0 0 0 0 0 0 0 0 0 0 0 0 0 0 0
2002111417 0 0 0 0 0 0 0 0 0 0 0 0 0 0 0 0 0 0 0 0 0 0 0 0 0 0 0 0 0 0 0 0 0 0 0 0 0 0 0 0 0 0
2002111418 0 0 0 0 0 0 0 0 0 0 0 0 0 0 0 0 0 0 0 0 0 0 0 0 0 0 0 0 0 0 0 0 0 0 0 0 0 0 0 0 0 0
2002111419 0 0 0 0 0 0 0 0 0 0 0 0 0 0 0 0 0 0 0 0 0 0 0 0 0 0 0 0 0 0 0 0 0 0 0 0 0 0 0 0 0 0
2002111420 0 0 0 0 0 0 0.1 0 0 0 0 0 0 0 0 0 0 0 0 0 0 0 0 0 0 0 0 0 0 0 0 0 0 0 0 0 0 0 0 0 0 0
2002111421 0 0 0 0 0.1 0 0 0 0 0 0 0 0 0 0 0 0 0 0 0 0 0 0 0 0 0 0 0 0 0 0 0 0 0 0 0 0 0 0 0 0 0
2002111422 0 0 0 0 0 0 0 0 0 0 0 0 0 0 0 0 0 0 0 0 0 0 0 0 0 0 0 0 0 0 0 0 0 0 0 0 0 0 0 0 0 0
2002111423 0 0 0 0 0 0 0 0 0 0 0 0 0 0 0 0 0 0 0 0 0 0 0 0 0 0 0.1 0 0 0 0 0 0 0 0 0 0 0 0 0 0 0
2002111500 0 0 0 0 0 0 0 0 0 0 0 0.1 0 0 0 0 0 0 0.1 0 0 0 0.1 0.1 0 0 0 0 0 0 0 0 0 0 0 0 0 0 0.1 0 0 0
2002111501 0 0 0 0 0 0 0 0 0 0 0 0 0 0 0 0 0 0 0 0 0 0 0 0 0 0 0 0 0 0 0 0 0 0 0 0 0 0 0 0 0 0
2002111502 0 0 0 0 0 0 0 0 0 0 0 0 0 0 0 0 0 0 0 0 0 0 0 0 0 0 0 0 0 0 0 0.1 0 0 0 0 0 0 0 0 0 0
2002111503 0 0 0 0 0 0 0 0 0 0 0 0 0 0 0.1 0.1 0 0 0 0 0 0 0 0 0.1 0 0 0 0 0 0 0 0 0 0 0 0 0 0 0 0 0
2002111504 0 0 0 0 0 0 0 0 0 0 0 0 0 0 0 0 0 0 0 0 0 0 0 0 0 0 0 0 0 0 0 0 0 0 0 0 0 0 0.1 0 0 0
2002111505 0 0 0 0 0 0 0 0 0 0 0 0 0.1 0 0 0 0 0 0 0 0 0 0 0 0 0 0 0 0 0 0 0 0 0 0 0 0 0 0.7 0.5 0 0
2002111506 0 0 0 0 0 0 0.1 0 0 0 0 0 0 0 0 0 0 0 0 0.1 0 0 0 0 1.2 0.1 0.4 0.9 0.1 0.1 0.5 0 0 0 0 0 0 0.6 0.9 0.9 0 0.1
2002111507 0 0 0 0 0.1 0.1 0 0.5 0.3 0 0 0.1 0 0 0 0 0 0.1 0.9 0 0 0 0 0.5 1.1 0.4 1.3 0.7 1.5 1.4 1.5 0.6 1.5 0 0 0.1 0.1 2.2 0.3 0.4 1.1 0.8
2002111508 0.1 0 0.2 0 0.5 0.4 0.3 0.4 1.1 0 0 0 0 0 0 0 0 0 0.1 0 0 0.2 0 0 0 0 0 0.1 0.3 0.5 0.3 0.2 0.7 0 0.2 0 0.1 0.2 0.2 0.2 0.5 0.4
2002111509 0.2 0 0 0 0.1 0.1 0.2 0.1 0.2 0 0 0 0 0 0 0 0 0 0 0 0 0 0 0 0 0 0 0.1 0.2 0 0 0 0 0 0 0.1 0 0 0 0.1 0.2 0.4
2002111510 0 0 0 0 0 0 0 0 0 0 0 0 0 0 0 0 0 0 0 0 0 0 0 0 0 0 0.1 0.2 0 0 0 0 0 0 0 0 0 0.1 0 0 0 0
2002111511 0 0 0 0 0 0 0 0 0 0 0 0 0 0 0 0 0 0.1 0.1 0 0.1 0.3 0.2 0 0 0.1 0.1 0.2 0.2 0 0 0.1 0.1 0 0 0 0 0.3 0 0 0 0
2002111512 0 0 0 0 0 0 0 0 0 0 0 0 0 0 0 0 0 0 0.2 0 0 0.1 0.4 0.4 0 0.2 0.1 0.1 0 0.2 0 0.2 0.2 0 0 0 0 0.1 0 0 0 0
2002111513 0 0 0 0 0 0 0 0 0 0 0 0 0 0 0 0 0 0 0 0 0 0 0 0 0 0 0 0.1 0.1 0 0.1 0 0.3 0 0 0 0 0 0 0 0 0
2002111514 0 0 0 0 0 0 0 0 0 0 0 0 0 0 0 0 0 0 0 0 0 0 0 0 0 0 0 0 0 0 0 0 0.1 0 0 0 0 0.1 0 0 0 0
2002111515 0 0 0 0 0.1 0 0 0 0 0 0 0 0 0 0 0 0 0 0 0 0 0 0 0 0 0 0 0 0.1 0 0 0 0 0 0 0 0 0.1 0 0 0 0
2002111516 0 0 0 0 0 0 0 0.1 0 0 0 0 0 0 0 0 0 0 0 0 0 0 0 0 0 0 0 0 0 0 0 0 0 0 0 0 0 0 0 0 0 0
2002111517 0 0 0 0 0 0 0 0 0 0 0 0 0 0 0 0 0 0 0 0 0 0 0 0 0 0 0 0 0 0 0 0 0.1 0 0 0 0 0 0 0 0 0
2002111518 0 0 0 0 0.1 0 0 0 0 0 0 0 0 0 0 0 0 0 0 0 0 0 0 0 0 0 0 0 0 0 0 0 0 0 0 0 0 0 0 0.1 0 0
2002111519 0 0 0 0 0 0.1 0 0 0 0 0 0 0 0 0 0 0 0 0 0 0 0 0 0 0.1 0 0 0 0 0 0 0 0 0 0 0 0 0 0 0 0 0
2002111520 0 0 0 0 0 0 0 0 0 0 0 0 0 0 0 0 0 0 0 0 0 0 0 0 0 0 0 0 0 0 0 0.1 0 0 0 0 0 0 0 0 0 0
2002111521 0 0 0.1 0 0 0 0.1 0 0 0 0 0 0 0 0 0 0 0 0 0 0 0 0 0 0 0 0 0 0 0 0 0 0 0 0 0 0 0.1 0 0 0 0
2002111522 0 0 0 0.1 0 0 0 0 0 0 0 0 0 0.1 0 0 0 0 0 0 0 0 0 0 0 0 0 0 0 0 0 0 0 0.1 0 0 0 0 0 0 0 0
2002111523 0 0 0 0 0 0 0 0 0 0.1 0 0 0 0 0 0 0 0 0 0 0 0 0 0 0 0 0 0 0 0 0 0 0 0 0 0 0 0 0.1 0 0 0
2002111600 0 0 0 0 0 0 0 0 0 0 0 0 0 0 0 0 0 0 0 0 0 0 0.1 0 0 0 0 0 0 0 0.1 0 0 0 0 0 0 0 0.2 0 0 0
2002111601 0 0 0 0 0 0 0 0 0 0 0 0 0.1 0 0 0.1 0 0 0 0 0 0 0 0 0 0 0 0 0 0 0 0 0 0 0 0 0 0 0 0 0 0
2002111602 0 0 0 0 0 0 0 0 0 0 0 0 0 0 0 0 0 0 0 0 0 0 0 0 0 0 0.1 0.1 0 0 0 0 0 0 0 0 0 0 0.4 0.2 0 0
2002111603 0 0 0 0 0 0 0 0 0 0 0 0 0 0 0 0 0 0.1 0.1 0.1 0 0.1 0 0 0.1 0.1 0.1 0.2 0 0.1 0.1 0.1 0.1 0 0.1 0 0.1 0.1 0.5 0.3 0.1 0
2002111604 0.1 0 0.1 0 0 0 0 0 0 0 0.2 0.1 0 0 0 0.7 0 0.2 0.5 0.1 0.3 0.4 0.1 0.1 0.4 0.2 0.6 0.4 0.2 0.1 0.2 0.4 0 0.2 0.3 0.2 0.5 0.2 0.3 0.4 0 0.1
2002111605 0.1 0 0.1 0 0 0 0 0.2 0 0 0.1 0.1 0 0.1 0.2 0.1 0 0.4 0.4 0.3 0.2 0.3 0.4 0.4 0.4 0.5 0.5 0.4 0.1 0.4 0.3 0.4 0.3 0 0.3 0.4 1.3 0.2 0.4 0.2 0.1 0
2002111606 0 0.1 0 0.1 0.1 0 0 0.1 0 0.4 0 0.1 0.4 1.1 0.5 0.9 0 0.5 0.6 0.9 2.4 0.7 0.4 0.5 0.8 0.4 0.8 0.6 0.3 0.4 0.6 0.3 0.3 0 0.1 0 0.5 0.7 0.6 0.8 0.4 0.1
2002111607 0 0.2 0 0 0 0 0 0.4 0.2 0.5 0 0.8 0.4 1.1 0.8 1.1 0 0.4 0.9 0.5 0.7 0.5 0.5 0.2 0.7 0.4 0.8 0.8 0.8 1.7 1.6 0.8 0.7 0.7 0.5 0.6 0.8 0.6 0.5 0.4 0.9 0.5
2002111608 0 0.1 0 0 0.1 0 0.1 0.7 0.3 0.2 0 0.4 0.6 0.6 0.4 0.8 0 0.5 0.8 0.2 0.3 0.8 0.3 0.4 0.3 0.5 0.8 0.2 0.8 0.8 0.4 1 0.8 0.3 0.7 0.1 0.2 0.9 0 0.1 1.1 0.6
2002111609 0 0 0 0 0.1 0 0 0.1 0 0 0 0 0.1 0.1 0.1 0.1 0 0.4 0.7 0.2 0.2 0.3 0.2 0.3 0.2 0.1 0.6 0.5 0.5 0.4 0.4 0.2 0.2 0 0.3 0.2 0.2 0.5 0 0.2 0.5 0.4
2002111610 0 0 0 0.1 0 0 0 0.2 0 0 0 0 0 0 0 0.1 0 0 0.1 0.1 0.1 0.1 0 0 0 0 0 0.1 0.3 0.2 0.2 0 0 0 0 0 0 0.2 0.2 0 0.2 0.1
2002111611 0 0 0 0 0 0 0 0 0 0 0 0 0 0 0 0 0 0 0 0.1 0 0 0.1 0 0.1 0 0 0.1 0 0 0 0.1 0 0 0 0 0 0.2 0.2 0.1 0.2 0
2002111612 0 0 0 0 0 0 0 0.1 0 0 0 0 0 0 0 0 0 0 0 0 0 0 0 0 0 0 0 0.2 0 0 0 0 0 0 0 0 0 0 0.1 0 0.1 0
2002111613 0 0.1 0 0 0 0 0 0.1 0 0 0 0 0 0 0 0 0 0 0 0 0 0 0 0 1.2 0 0 0.2 0.2 0 0.2 0 0 0 0 0 0 0.1 0.2 0.4 0 0
2002111614 0.3 0 0 0 0 0.5 0.1 0 0 0 0 0 0 0 0 0 0 0 0.1 0 0 0.1 0 0 0.2 0 0.2 0.2 0.3 0.1 0 0.3 0.4 0 0 0 0 0.1 1.5 0.3 0 0
2002111615 0.4 0 0.2 0 0.5 0.8 1.1 0.8 0.7 0.1 0 0 0 0.4 0.1 0.1 0 0.3 0.2 0.2 0 0.2 0.3 0.2 0.2 0.2 0.2 0.2 0.2 0.1 0.1 0.3 0.3 0 0 0 0 0.3 0.5 0.4 1 0.6
2002111616 1.6 0 1.1 0.3 1 1.3 1.4 0.9 1.3 0.1 0.2 0.3 0.3 0.4 0.3 0.5 0 0.4 0.6 0.2 0.5 0.6 0.6 0.8 0.6 0.6 0.4 0.5 1 1.2 1.3 0.7 0.6 0.3 0.7 0.5 0.5 1.1 0.5 0.5 1.1 1.3
2002111617 1.1 0.2 0.7 0.2 0.9 1 1.3 1.4 1.7 0.6 0.6 0.6 0.6 1.1 0.6 0.6 0 0.6 0.4 1.3 0.6 1.2 1 0.9 0.5 0.9 0.2 0.3 1.2 0.8 1.1 0.6 1.2 0.6 1.7 0.8 1.1 1.4 1.3 0.2 2.2 2.8
2002111618 1.2 0.1 0.9 0.4 1.2 1.2 1.4 1.5 1.4 0.4 0.4 0.4 0.7 0.7 0.6 0.7 0 0.8 0.5 0.8 0.8 0.9 0.6 0.6 0.3 0.6 0.4 0.5 1.2 0.9 1.1 0.8 1.4 0.7 1.7 0.9 1.1 1.7 0.5 0.5 2.1 2.2
2002111619 1.2 0 0.8 0.3 1.1 1 1.4 1 1 0.3 0.2 0.5 0.4 0.5 0.6 0.4 0 0.7 0.8 0.8 0.6 0.6 1 0.7 0.8 0.7 0.7 0.4 1.2 1.1 0.9 0.7 0.7 0.9 0.9 0.3 0.3 1 0.7 0.5 0.8 1.3
2002111620 0.9 0.1 0.5 0.1 0.6 0.6 0.6 0.8 0.8 0.4 0.1 0.6 0.4 0.3 0.7 0.6 0 0.6 0.5 0.3 0.3 0.2 0.4 0.5 0.2 0.3 0.3 0.3 0.7 0.3 0.2 0.2 0.7 0.5 0.7 0.5 0.4 0.5 0.4 0.5 1 0.5
2002111621 0.1 0.1 0.7 0.1 1 1.2 1.1 0.7 1 0 0.3 0.5 0.1 0.1 0.4 0.6 0 0.3 0.2 0.3 0.5 0.4 0.3 0.5 0.4 0.5 0.2 0.1 0.3 0.6 0.4 0.2 0.3 0.4 0.7 0.5 0.5 0.4 0.9 0.5 0.9 1
2002111622 0.1 0.3 0.6 0.2 0.2 1.2 0.7 1.2 0.9 0.6 0.8 0.8 0.1 0.3 0.5 0.8 0 0.5 0.7 0.6 1.1 1.1 0.3 0.3 0.2 0.1 0.4 0.4 0.7 1.2 0.8 1.1 1.2 1.2 1.9 1.1 1.2 0.8 1.5 0.6 1.1 0.7
2002111623 1 0.6 1.9 0.4 1.6 1.5 2.4 1.5 2.2 0.5 1 0.6 0.2 0.1 0.4 0.5 0 0.1 0.4 0.1 0.7 0.7 0.1 0.1 0 0.1 0.1 0 0.9 0.8 0.6 1.1 1.2 1.3 1.2 0.7 0.9 0.8 0.2 0 0.9 1.2
2002111700 0.8 0.2 1.4 0.4 1.3 0.6 1.1 0.4 1 0.1 0.4 0.1 0.1 0 0 0 0 0 0 0 0 0 0 0 0 0 0 0 0.1 0.1 0.1 0 0.5 0.2 0.6 0.1 0 0.1 0 0 0.3 0.4
2002111701 0.5 0 0.4 0 0.2 0.1 0.2 0 0.1 0 0 0 0 0 0 0.1 0 0 0 0 0 0 0 0 0 0 0 0 0 0 0 0 0 0 0.1 0 0 0 0.1 0 0.1 0.1
2002111702 0 0 0 0 0 0 0 0 0 0 0 0 0 0 0 0 0 0 0 0 0 0 0 0 0 0 0 0.1 0 0 0 0 0 0 0 0 0 0 0 0.1 0 0.1
2002111703 0 0 0 0 0 0 0 0 0.1 0 0 0 0 0 0 0 0 0 0 0 0 0.1 0.1 0 0.1 0.1 0.1 0.1 0 0.1 0 0.1 0 0 0 0 0 0 0.2 0.7 0 0
2002111704 0 0.1 0 0 0 0 0 0 0 0 0 0 0 0 0 0 0 0 0.1 0 0 0.1 0 0.2 0 0.1 0.1 0.1 0 0 0 0 0.1 0 0 0 0 0 0 0.1 0 0
2002111705 0 0 0 0 0 0 0 0.1 0 0 0 0 0 0 0 0 0 0 0 0 0 0 0 0.1 0 0 0 0 0 0 0 0.1 0 0 0 0 0.1 0 0 0 0 0
2002111706 0 0 0 0 0 0 0 0 0 0 0 0 0 0 0 0 0 0.1 0.1 0 0 0 0 0 0.1 0.1 0.1 0.1 0.1 0 0 0 0 0 0 0 0 0 0 0 0 0.1
2002111707 0 0 0 0 0 0 0 0 0 0 0 0 0 0 0 0 0 0.1 0 0 0 0 0.1 0.1 0.1 0 0.2 0.1 0 0 0 0.1 0 0 0 0 0 0 0 0 0 0
2002111708 0 0 0 0 0 0 0 0 0.1 0 0 0 0 0 0 0 0 0.1 0.1 0 0 0 0.1 0.1 0 0.1 0.1 0 0 0 0 0 0 0 0 0 0 0.1 0 0 0 0
2002111709 0 0 0 0 0 0 0 0 0 0 0 0 0 0 0 0 0 0 0 0 0 0 0 0 0 0 0 0 0 0 0 0 0 0 0 0 0 0 0 0 0 0
2002111710 0 0 0 0 0 0 0 0 0 0 0 0 0 0 0 0 0 0 0 0 0 0 0 0 0 0 0 0 0 0 0 0 0 0 0 0 0 0 0 0 0 0
2002111711 0 0 0 0 0 0 0 0 0 0 0 0 0 0 0 0 0 0 0 0 0 0 0 0 0 0 0 0 0 0 0 0 0 0 0 0 0 0 0 0 0 0
2002111712 0 0 0 0 0 0 0 0 0 0 0 0 0 0 0 0 0 0 0 0 0 0 0 0 0.1 0.3 0 0 0 0 0 0 0 0 0 0 0 0 0 0 0 0
2002111713 0 0 0 0 0 0 0 0 0 0 0 0 0 0 0 0 0 0.1 0 0.1 0 0 0.6 0.9 0 0.5 0 0 0 0 0 0 0 0 0 0 0 0 0 0 0 0
2002111714 0 0 0 0 0 0 0 0 0 0 0 0 0 0.1 0 0.8 0 0.8 0.3 0.7 0.7 0.3 1.1 0.7 0.6 0.5 0.1 0 0 0 0 0.2 0 0 0 0 0.2 0 0 0 0 0
2002111715 0 0 0 0 0 0.1 0 0.1 0 0.2 0 1.1 0 0.1 0.5 0.6 0 0.1 0.1 0 0 0.1 0.1 0 0 0 0.1 0 0 0.2 0 0.1 0.1 1.6 1 1.1 1 0 0 0 0 0
2002111716 0.8 0.2 1.4 0.4 0.3 0.9 0.7 0.1 0.2 0.1 0.6 0 0 0 0 0 0 0 0 0 0 0 0 0 0.1 0 0 0 0 0 0 0.1 0 0 0 0 0 0 0 0 0.1 0.3
2002111717 0.1 0.1 0 0.1 0.1 0 0 0 0 0 0 0 0 0 0 0 0 0.2 0 0 0 0.2 0.2 0.1 0 0 0 0 0 0 0 0 0 0.1 0 0.2 0 0 0 0 0 0
2002111718 0 0 0.7 0 0 0.1 0 0 0.1 0 0 0 0 0 0 0 0 0.1 0.1 0 0 0 0 0.1 0 0 0.1 0.1 0 2.1 2.5 0 0.1 0.2 0.2 1.1 0.1 0 0 0.1 0 0
2002111719 0.4 0 0.9 0 0 0 0.2 1 0.3 0 0 0.1 0 0 0 0 0 0.1 0 0 0 2.3 0.2 0.2 0 0.1 0 0 0 0.1 1.3 0 2.9 0 0.6 0 0.1 0 0 0 0 0.1
2002111720 0 0 0 0 0.1 0.4 0 0.1 0.6 0 0 0 0 0 0 0 0 0 0.4 0 0 0.3 0 0 0 0.1 0 0 0 0.1 0 0 0 0 4.3 0 0.1 0 0 0 0 0.1
2002111721 0 0 0 0 0.5 1.2 1.5 0 0 0 0 0 0 0.1 0 0 0 0 0.5 0 0 0 0.5 0 3.2 0.2 1.9 0.1 0 0 0 0.1 0 0 0.1 0 0 0 0 0.1 0 0
2002111722 0 0 0 0 0.5 0 0.1 0 0 0 0 0.1 0 0 0 0.1 0 0.1 0.9 0 0.3 0.1 0.2 0.6 3.7 1.3 2.9 1.9 0 1.4 0.3 0.7 0.8 0 0.1 0.1 0.2 0.1 0 0.8 0 0
2002111723 0 0 0 0 0.2 0 0 2.2 0.8 0 0.1 0 0 0 0 0 0 0.3 1.5 0 0 0.3 0 0.1 0.3 0.1 1.1 0.2 0.7 2.3 2.8 2 2.1 0 1.1 0 0.1 1.1 0 0 0 0
2002111800 0 0 0 0.1 0.7 0.9 0.5 1 2 0 0 0 0 0 0 0 0 0 0.1 0 0 0 0 0 0 0.1 0.2 0 0.1 0.2 0 0 0.2 0 0.5 0 0 0 0.1 0 0.1 0.1
2002111801 0 0 0 0 0 0 0 0 0.1 0 0 0.1 0 0.1 0 0 0 0 0 0 0 0 0 0.1 0 0 0 0.1 0 0 0 0 0 0.1 0 0 0 0 0 0.1 0 0
2002111802 0 0 0.1 0 0 0 0 0 0.4 0 0 0 0 0 0 0 0 0 0 0.1 0 0 0.1 0.3 0.2 0.5 0 0 0 0 0.1 0.1 0 0 0 0 0 0 0 0 0 0
2002111803 0 0 0 0 0 0 0 0 0.1 0 0 0 0 0 0 0 0 0 0 0 0 0.1 0 0 0 0 0.1 0 0 0.1 0 0 0 0 0 0 0 0.1 0 0 0 0
2002111804 0 0.1 0 0 0 0 0.1 0 0 0 0 0 0 0 0 0 0 0 0 0 0 0.1 0 0.1 0.1 0 0 0 0.1 0 0 0 0 0 0.1 0 0 0 0 0 0 0
2002111805 0 0 0 0 0 0 0 0 0.6 0 0 0 0 0 0 0 0 0.2 0.1 0 0 0 0 0 0 0 0 0 0 0 0.2 0 0 0.3 0.8 1.5 0.1 0 0 0 0 0
2002111806 0.6 0 1.3 0 0 0.5 0.1 0 0 0 0 0 0 0 0 0 0 0 0.1 0 0 0 0 0.1 0 0 0 0 0 0 0 0 0.1 0 0.1 0 0 0 0 0 0 0
2002111807 0.6 0 0.1 0 0.2 0.1 0.6 0 0 0 0 0 0 0 0 0 0 0 0 0 0 0 0 0 0 0 0 0 0 0 0 0 0 0 0 0 0 0 0 0 0 0.1
2002111808 0 0 0 0 0 0 0 0 0 0 0 0 0 0 0 0 0 0 0 0 0 0 0 0 0 0 0 0 0 0 0 0.1 0 0 0 0 0 0 0.3 0 0 0
2002111809 0 0 0 0 0 0 0 0 0 0 0 0 0 0 0 0 0.1 0.1 0 0 0 0 0 0 0 0 0 0 0 0 0 0 0 0 0 0 0 0 0.3 0 0 0
2002111810 0 0 0 0 0 0 0 0 0 0 0 0 0 0 0 0 0 0 0 0 0 0 0 0 0 0 0 0.1 0.1 0 0.1 0 0 0 0 0 0 0 0 0 0 0
2002111811 0 0 0 0 0 0 0 0 0 0 0 0 0 0 0 0 0 0 0 0 0 0 0 0 0 0 0 0 0 0 0 0 0 0 0 0 0 0 0 0 0.1 0
2002111812 0 0 0 0 0 0 0 0 0 0 0 0 0 0 0 0 0 0 0 0 0 0 0 0 0 0 0 0 0 0 0 0 0 0 0 0 0 0 0 0.1 0 0
2002111813 0 0 0 0 0 0 0 0 0 0 0 0 0 0 0 0 0 0 0 0 0 0 0 0 0 0 0 0 0 0 0 0 0 0 0 0 0 0 0 0 0 0
2002111814 0 0 0 0 0 0 0 0 0 0 0 0 0 0 0 0 0 0 0 0 0 0 0 0 0 0 0 0 0 0 0 0 0 0 0.1 0 0 0 0 0 0 0
2002111815 0 0 0 0 0 0 0 0 0 0 0 0 0 0 0 0 0 0 0 0 0 0 0 0 0 0 0 0 0 0 0 0 0 0 0 0 0 0 0 0 0 0
2002111816 0 0 0 0 0 0 0 0 0 0 0 0 0 0 0 0 0 0 0 0 0 0.1 0 0 0 0 0 0 0 0 0 0 0 0 0 0 0 0 0 0 0 0
2002111817 0 0 0 0 0 0 0 0 0 0 0 0 0 0 0 0 0 0 0 0 0 0 0 0 0 0 0 0 0 0 0 0 0 0 0 0 0 0 0 0 0 0
2002111818 0 0 0 0 0 0 0 0 0 0 0 0 0 0 0 0 0 0 0 0 0 0 0 0 0 0 0 0 0 0 0 0 0 0 0 0 0 0 0 0 0 0
2002111819 0 0 0 0 0 0 0 0 0 0 0 0 0 0 0 0 0 0 0 0 0 0 0 0 0 0 0 0 0 0 0 0 0 0 0 0 0 0 0 0 0 0
2002111820 0 0 0 0 0 0 0 0 0 0 0 0 0 0 0 0 0 0 0 0 0 0 0 0 0 0 0 0 0 0 0 0 0 0 0 0 0 0 0 0 0 0
2002111821 0 0 0 0 0 0 0 0 0 0 0 0 0 0 0 0 0 0 0 0 0 0 0 0 0 0 0 0 0 0 0 0 0 0 0 0 0 0 0 0 0 0
2002111822 0 0 0 0 0 0 0 0 0 0 0 0 0 0 0 0 0 0 0 0 0 0 0 0 0 0 0 0 0 0 0 0 0 0 0 0 0 0.1 0 0 0 0
2002111823 0 0 0 0 0 0 0 0 0 0 0 0 0 0 0 0 0 0 0 0 0 0 0 0 0 0 0 0 0 0 0 0 0 0 0 0 0 0 0 0 0 0
2002111900 0 0 0 0 0 0 0 0 0 0 0 0 0 0 0 0 0 0 0 0 0 0 0 0 0 0 0 0 0 0 0 0 0 0 0 0 0 0.1 0 0 0 0
2002111901 0 0 0 0 0 0 0.1 0 0.1 0 0 0 0 0 0 0 0 0 0 0 0 0 0 0 0 0.1 0 0 0 0.1 0.1 0 0 0 0 0 0 0 0.1 0 0 0
2002111902 0 0 0 0 0.1 0 0 0 0 0 0 0 0 0 0 0 0 0 0 0 0 0 0 0 0 0 0 0 0.1 0 0 0 0 0 0 0 0 0 0 0.1 0 0.1
2002111903 0 0 0 0 0 0 0 0.1 0 0.1 0 0 0.1 0 0.1 0 0 0 0 0 0 0 0 0 0 0 0 0 0 0 0 0 0.1 0 0 0 0 0 0 0 0 0
2002111904 0 0 0 0 0 0 0 0 0 0.2 0 0 0.1 0.1 0 0 0 0 0 0 0 0 0 0 0 0 0 0 0 0 0 0 0 0 0 0 0 0.1 0 0 0 0
2002111905 0 0 0 0 0 0 0 0 0 0 0 0 0.1 0 0 0 0 0 0 0 0 0 0 0 0 0 0 0 0 0 0 0 0 0 0 0 0 0 0 0 0 0
2002111906 0 0 0 0 0 0 0 0 0 0 0 0 0 0 0 0 0 0 0 0 0 0 0 0 0 0 0 0 0 0 0 0 0 0 0 0 0 0 0 0 0 0
2002111907 0 0 0 0 0 0 0 0 0 0 0 0 0 0 0 0 0 0 0 0 0 0 0 0 0 0 0 0 0 0 0.1 0 0 0 0 0 0 0 0 0 0 0
2002111908 0 0 0 0 0 0 0 0 0 0 0 0 0 0 0 0 0 0 0 0 0 0 0 0 0 0 0 0 0 0 0 0 0 0 0 0 0 0 0 0 0 0
2002111909 0 0 0 0 0 0 0 0 0 0 0 0 0 0 0 0 0 0 0 0 0 0 0 0 0 0 0 0 0 0 0 0 0 0 0 0 0 0 0 0 0 0
2002111910 0 0 0 0 0 0 0 0 0 0 0 0 0 0 0 0 0 0 0 0 0 0 0 0 0 0 0 0 0 0 0 0 0 0 0 0 0 0 0 0 0 0
2002111911 0 0 0 0 0 0 0 0 0 0 0 0 0 0 0 0 0 0 0 0 0 0 0 0 0 0 0 0 0 0 0 0 0 0 0 0 0 0 0 0 0 0
2002111912 0 0 0 0 0 0 0 0 0 0 0 0 0 0 0 0 0 0 0 0 0 0 0 0 0 0 0 0 0 0 0 0 0 0 0 0 0 0 0 0 0 0
2002111913 0 0 0 0 0 0 0 0 0 0 0 0 0 0 0 0 0 0 0 0 0 0 0 0 0 0 0 0 0 0 0 0 0 0 0 0 0 0 0 0 0 0
2002111914 0 0 0 0 0 0 0 0 0 0 0 0 0 0 0 0 0 0 0 0 0 0 0 0 0 0 0 0 0 0 0 0 0 0 0 0 0 0 0 0 0 0
2002111915 0 0 0 0 0 0 0 0 0 0 0 0 0 0 0 0 0 0 0 0 0 0 0 0 0 0 0 0 0 0 0 0 0 0 0 0 0 0 0 0 0 0
2002111916 0 0 0 0 0 0 0 0 0 0 0 0 0 0 0 0 0 0 0 0 0 0 0 0 0 0 0 0 0 0 0 0 0 0 0 0 0 0 0 0 0 0
2002111917 0 0 0 0 0 0 0 0 0 0 0 0 0 0 0 0 0 0 0 0 0 0 0 0 0 0 0 0 0 0 0 0 0 0 0 0 0 0 0 0 0 0
2002111918 0 0 0 0 0 0 0 0 0 0 0 0 0 0 0 0 0 0 0 0 0 0 0 0 0 0 0 0 0 0 0 0 0 0 0 0 0 0 0 0 0 0
2002111919 0 0 0 0 0 0 0 0 0 0 0 0 0 0 0 0 0 0 0 0 0 0 0 0 0 0 0 0 0 0 0 0 0 0 0 0 0 0 0 0 0 0
2002111920 0 0 0 0 0 0 0 0 0 0 0 0 0 0 0 0 0 0 0 0 0 0 0 0 0 0 0 0 0 0 0 0 0 0 0 0 0 0 0 0 0 0
2002111921 0 0 0 0 0 0 0 0 0 0 0 0 0 0 0 0 0 0 0 0 0 0 0 0 0 0 0 0 0 0 0 0 0 0 0 0 0 0 0 0 0 0
2002111922 0 0 0 0 0 0 0 0 0 0 0 0 0 0 0 0 0 0 0 0 0 0 0 0 0 0 0 0 0 0 0 0 0 0 0 0 0 0 0 0 0 0
2002111923 0 0 0 0 0 0 0 0 0 0 0 0 0 0 0 0 0 0 0 0 0 0 0 0 0 0 0 0 0 0 0 0 0 0 0 0 0 0 0 0 0 0
2002112000 0 0 0 0 0 0 0 0 0 0 0 0 0 0 0 0 0 0 0 0 0 0 0 0 0 0 0 0 0 0 0 0 0 0 0 0 0 0 0 0 0 0
2002112001 0 0 0 0 0 0 0 0 0 0 0 0 0 0 0 0 0 0 0 0 0 0 0 0 0 0 0 0 0 0 0 0 0 0 0 0 0 0 0 0 0 0
2002112002 0 0 0 0 0 0 0 0 0 0 0 0 0 0 0 0 0 0 0 0 0 0 0 0 0 0 0 0 0 0 0 0 0 0 0 0 0 0 0 0 0 0
2002112003 0 0 0 0 0 0 0 0 0 0 0 0 0 0 0 0 0 0 0 0 0 0 0 0 0 0 0 0 0 0 0 0 0 0 0 0 0 0 0 0 0 0
2002112004 0 0 0 0 0 0 0 0 0 0 0 0 0 0 0 0 0 0 0 0 0 0 0 0 0 0 0 0 0 0 0 0 0 0 0 0 0 0 0 0 0 0
2002112005 0 0 0 0 0 0 0.1 0 0 0 0 0 0 0 0 0 0 0 0 0 0 0 0 0 0 0 0 0 0 0 0 0 0 0 0 0 0 0 0 0 0 0
2002112006 0 0 0 0 0 0 0 0 0 0 0 0 0 0 0 0 0 0 0 0 0 0 0 0 0 0 0 0 0 0 0 0 0 0 0 0 0.1 0 0 0 0 0
2002112007 0 0 0 0 0 0 0 0 0 0 0 0 0.1 0 0 0 0 0 0 0 0 0 0 0 0 0 0 0 0 0 0 0 0 0 0 0 0 0 0 0 0 0
2002112008 0.1 0 0 0 0 0 0 0 0 0 0 0.1 0 0 0 0 0 0 0 0 0 0 0 0 0 0 0 0 0 0 0 0 0 0 0 0 0 0 0 0 0 0
2002112009 0 0 0 0 0 0 0 0 0 0 0 0 0 0 0 0 0 0 0 0 0 0 0 0 0 0 0 0 0 0 0 0 0 0 0 0 0 0 0 0 0 0
2002112010 0 0 0 0 0 0 0 0 0 0 0 0 0 0 0 0 0 0 0 0 0 0 0 0 0 0 0 0 0 0 0 0 0 0 0 0 0 0 0 0 0 0
2002112011 0 0 0 0 0 0 0 0 0 0 0 0 0 0 0 0 0 0 0 0 0 0 0 0 0 0 0 0 0 0 0 0 0 0 0 0 0 0 0 0 0 0
2002112012 0 0 0 0.1 0 0 0 0 0 0 0 0 0 0 0 0 0 0 0 0 0 0 0 0 0 0 0 0 0 0 0 0 0 0 0 0 0 0 0 0 0 0
2002112013 0 0 0 0 0 0 0 0 0 0 0 0 0 0 0 0 0 0 0 0 0 0 0 0 0 0 0 0 0 0 0 0 0 0 0 0 0 0 0 0 0 0
2002112014 0 0 0 0 0 0 0 0 0 0 0 0 0 0 0 0 0 0 0 0 0 0 0 0 0 0 0 0 0 0 0 0 0 0 0 0 0 0 0 0 0 0
2002112015 0 0 0 0 0 0 0 0 0 0 0 0 0 0 0 0 0 0 0 0 0 0 0 0 0 0 0 0 0 0 0 0 0 0 0 0 0 0 0 0 0 0
2002112016 0 0 0 0 0 0 0 0 0 0 0 0 0 0 0 0 0 0 0 0 0 0 0 0 0 0 0 0 0 0 0 0 0 0 0 0 0 0 0 0 0 0
2002112017 0 0 0 0 0 0 0 0 0 0 0 0 0 0 0 0 0 0 0 0 0 0 0 0 0 0 0 0 0 0 0 0 0 0 0 0 0 0 0 0 0 0
2002112018 0 0 0 0 0 0 0 0 0 0 0 0 0 0 0 0 0 0 0 0 0 0 0 0 0 0 0 0 0 0 0 0 0 0 0 0 0 0 0 0 0 0
2002112019 0 0 0 0 0 0 0 0 0 0 0 0 0 0 0 0 0 0 0 0 0 0 0 0 0 0 0 0 0 0 0 0 0 0 0 0 0 0 0 0 0 0
2002112020 0 0 0 0 0 0 0 0 0 0 0 0 0 0 0 0 0 0 0 0 0 0 0 0 0 0 0 0 0 0 0 0 0 0 0 0 0 0 0 0 0.1 0
2002112021 0 0 0 0 0 0 0 0 0 0 0 0 0 0 0 0 0 0 0 0 0 0 0 0 0 0 0 0 0 0 0 0 0.1 0 0 0 0 0 0 0 0 0
2002112022 0 0 0 0 0 0 0 0 0 0 0 0 0 0 0 0 0 0 0 0 0 0 0 0 0 0 0 0 0 0 0 0 0 0 0 0 0 0 0 0 0 0
2002112023 0 0 0 0 0 0 0 0 0 0 0 0 0 0 0 0 0 0 0 0 0 0 0 0 0 0 0 0 0 0 0 0 0 0 0 0 0 0.1 0 0 0 0
2002112100 0 0 0 0 0 0 0 0 0 0 0 0 0 0 0 0 0 0 0 0 0 0 0 0 0 0 0 0 0 0 0 0 0 0 0 0 0 0 0 0 0 0
2002112101 0 0 0 0 0 0 0 0 0 0 0 0 0 0 0 0 0 0 0 0 0 0 0 0 0 0 0 0 0 0 0 0 0 0 0 0 0 0 0 0 0 0
2002112102 0 0 0 0 0 0 0 0 0 0 0 0 0 0 0 0 0 0 0 0 0 0 0 0 0 0 0.1 0.1 0 0 0 0 0 0 0 0 0 0 0.1 0.1 0 0
2002112103 0 0 0 0 0 0 0 0 0 0 0 0.1 0 0.1 0 0 0.2 0.1 0.1 0 0 0 0.3 0.5 0.5 0.4 0.4 0.8 0.1 0.1 0.1 0.1 0.1 0 0 0 0 0.3 1.6 1 0 0
2002112104 0 0 0 0 0 0 0 0 0 0 0 0 0 0 0 0 0 0.3 0.7 0.1 0.1 0.3 0.2 0.2 0.6 0.1 1.2 0.6 0.2 0.9 1.4 0.6 0.1 0 0.1 0 0 0.8 0 0.2 0 0
2002112105 0 0 0 0 0 0 0 0 0 0 0 0.1 0 0 0 0 0 0.1 0.5 0 0 0.1 0.1 0.1 0.1 0 0.7 0.9 0.1 0.1 0.1 0.5 0 0.1 0 0 0 0 0.2 0.5 0 0
2002112106 0 0 0 0 0 0 0 0.1 0 0 0 0 0 0 0 0 0 0 0 0.1 0 0.2 0 0 0.1 0 0 0 0.1 0.3 0.5 0.1 0.1 0 0.1 0.1 0 0.6 0 0 0.1 0.1
2002112107 0 0 0 0 0 0 0 0 0 0 0 0 0 0 0.2 0.1 0 0.4 0.3 0.1 0 0 0.1 0.1 0.1 0 0.2 0.2 0 0 0 0.1 0 0 0 0 0 0 0 0 0 0
2002112108 0 0 0 0 0 0 0 0 0 0 0 0 0.3 0 0.1 0 0 0.2 0 0.6 0 0 0.8 0.5 0.2 0.3 0.1 0 0 0 0 0 0 0 0 0 0 0 0 0 0 0
2002112109 0 0 0 0 0 0 0 0 0 0 0 0 0 0.6 0.3 0 0.2 0.1 0.4 0.9 0 0 1.2 0.7 0.3 0.2 0.6 0.6 0 0.1 0.1 0.2 0 0 0 0 0 0.1 0.5 0.7 0 0
2002112110 0 0 0 0 0 0 0 0.2 0 0.2 0.1 0 0.4 0.1 0.5 0.2 0 1 1.4 0.5 0.5 0.8 0.3 0 0.6 0 1.2 0.7 1.2 0.4 0.8 1.2 0.2 0.1 0.3 0.1 0.2 1.2 0.3 0.2 0 0
2002112111 0 0 0 0 0 0.3 0.4 1.4 0.2 0 0 0.3 0 0 0 0.1 0 0.1 0.2 0 0.2 0.3 0.1 0.1 0.1 0 0.1 0 1.3 1 0.9 0.5 0.7 0.2 0.3 0.1 0.2 1.1 0.1 0 0.5 0.6
2002112112 0 0 0.1 0 0.6 0.2 0.3 0.2 0.9 0 0 0 0 0 0 0 0 0.2 0.1 0.1 0 0 0.3 0.4 0.3 0.2 0.2 0.1 0.1 0 0 0 0 0 0 0 0 0 0 0.1 1.8 1.6
2002112113 0 0 0 0 0.1 0 0 0.1 0.1 0 0 0 0 0 0 0 0 0.3 0.5 0.2 0 0.1 0.4 0.4 0.5 0.2 1.2 0.7 0.2 0.4 0.8 0.3 0.1 0 0.1 0 0 0.6 0.5 0.8 0 0.1
2002112114 0 0 0 0 0.2 0 0 0.2 0.1 0 0 0 0 0 0 0 0 1.1 0.2 0.5 0.1 0.2 0.6 0.3 0.4 0.4 0.3 0.3 0.4 0.3 0.4 0.4 0.3 0 0 0 0 0.6 0.5 0.1 0.2 0.1
2002112115 0 0 0 0 0.1 0 0 0.2 0.2 0 0 0 0 0.1 0.2 0 0 0.4 0.3 0.5 0.1 0 0.3 0.3 0.8 0.9 0.6 0.1 0.4 0.1 0.3 0.3 0.1 0 0 0 0 0.5 0.2 0 0.5 0.2
2002112116 0 0 0 0 0 0 0.1 0.2 0.1 0.1 0 0 0.1 0.1 0.4 0.1 0 0.7 0.4 0.1 0 0 1.2 1.4 0.4 1.6 0.4 0.1 0.3 0.1 0.1 0.2 0.1 0 0 0 0 0.4 0 0 0 0
2002112117 0 0 0 0 0 0 0 0 0 0 0 0 0.1 0.5 0 0.2 0.3 0.3 0.2 0 0 0.1 0.1 0 0 0 0.2 0.1 0 0.1 0.1 0.3 0 0 0 0 0 0.1 0 0 0 0
2002112118 0 0 0 0 0 0 0 0 0 0 0 0.1 0 0.1 0 0.3 0 0 0.1 0 0 0 0 0 0 0 0 0 0 0 0 0 0 0 0 0 0 0 0 0 0 0
2002112119 0 0 0 0 0 0 0 0 0 0 0 0 0 0 0 0 0 0 0 0 0 0 0 0 0 0 0 0 0 0 0 0 0 0 0 0 0 0 0 0 0 0
2002112120 0 0 0 0 0 0 0 0 0 0 0 0 0 0 0 0 0 0 0.2 0 0 0 0 0 0.1 0 0 0 0 0 0 0 0 0 0 0 0 0 0 0 0 0
2002112121 0 0 0 0 0 0 0 0 0 0 0 0 0 0 0 0 0 0 0 0 0 0.1 0 0 0 0 0 0 0 0 0 0 0 0 0 0 0 0 0 0 0 0
2002112122 0 0 0 0 0 0 0 0 0 0 0 0 0 0 0 0 0 0 0 0 0 0 0 0 0 0 0 0 0 0 0 0 0 0 0 0 0 0 0 0 0 0
2002112123 0 0 0 0 0 0 0 0 0 0 0 0 0 0 0 0 0 0 0 0 0 0 0 0 0 0 0 0 0 0 0 0 0 0 0 0 0 0 0 0 0 0
2002112200 0 0 0 0 0 0 0 0 0 0 0 0 0 0 0 0 0 0 0 0 0 0 0 0 0 0 0 0 0 0 0 0 0 0 0 0 0 0 0 0 0 0
2002112201 0 0 0 0 0 0 0 0 0 0 0 0.1 0 0 0 0 0 0 0 0 0 0 0 0 0 0 0 0 0 0 0 0 0 0 0 0 0 0 0.2 0 0 0
2002112202 0 0 0 0 0 0 0 0 0 0 0 0 0 0 0 0 0 0 0 0 0 0 0 0 0 0 0 0 0 0 0 0 0 0 0 0 0 0 0.1 0 0.2 0.1
2002112203 0 0 0 0 0.1 0 0 0 0 0 0 0 0.1 0.1 0 0 0.1 0 0 0 0 0 0 0 0 0 0 0 0 0 0 0 0 0 0 0 0 0 0 0 0.1 0.1
2002112204 0 0 0 0 0 0 0 0 0 0 0 0 0 0 0 0 0 0 0 0 0 0 0 0 0 0 0 0 0 0 0 0 0 0 0 0 0 0 0 0 0.1 0
2002112205 0 0 0 0 0 0 0 0 0.1 0 0 0 0 0 0 0 0 0 0 0 0 0 0 0 0 0 0 0 0 0 0 0 0 0 0 0 0 0 0 0 0 0
2002112206 0 0 0 0 0 0 0 0 0 0 0 0 0 0 0 0 0 0.1 0 0 0 0 0.1 0.2 0.2 0 0.2 0.1 0 0 0 0 0 0 0 0 0 0 0 0 0 0
2002112207 0 0 0 0 0 0 0 0 0 0 0 0 0 0 0 0 0 0 0 0 0 0 0 0 0.3 0 0.1 0.1 0 0 0 0 0 0 0 0 0 0 0.1 0.2 0 0
2002112208 0 0 0 0 0 0 0 0 0 0 0 0 0 0 0 0 0 0 0 0 0 0 0 0.1 0.1 0.1 0 0 0 0 0 0 0 0 0 0 0 0.1 0 0 0 0
2002112209 0 0 0 0 0 0 0 0 0 0 0 0 0 0 0 0 0 0 0 0 0 0 0 0 0 0 0 0 0 0 0 0 0.1 0 0 0 0 0 0 0 0 0
2002112210 0 0 0 0 0 0 0 0 0 0 0 0 0 0 0 0 0 0 0 0 0 0 0 0 0 0 0 0 0 0 0 0 0 0 0 0 0 0 0 0 0 0
2002112211 0 0 0 0 0 0 0 0 0 0 0 0 0 0 0 0 0 0 0 0 0 0 0 0 0 0 0 0 0 0 0 0 0 0 0 0 0 0 0 0 0 0
2002112212 0 0 0 0 0 0 0 0 0 0 0 0 0 0 0 0 0 0 0 0 0 0 0 0 0 0 0.1 0 0 0 0 0 0 0 0 0 0 0 0 0 0 0
2002112213 0 0 0 0 0 0 0 0 0 0 0 0 0 0 0 0 0 0.1 0 0 0 0 0 0 0 0 0 0 0 0 0 0 0 0 0 0 0 0 0 0 0 0
2002112214 0 0 0 0 0 0 0 0 0 0 0 0 0 0 0 0 0 0 0 0 0 0 0 0 0 0 0 0 0 0 0 0 0 0 0 0 0 0 0.1 0 0 0
2002112215 0 0 0 0 0 0 0 0 0 0 0 0 0 0 0 0 0 0 0.1 0.1 0 0 0 0 0 0 0 0 0 0 0 0 0 0 0 0 0 0 0 0 0 0
2002112216 0 0 0 0 0 0 0 0 0 0 0 0 0 0.1 0 0 0.3 0.1 0 0 0 0 0.1 0 0 0 0 0 0 0 0 0 0 0 0 0 0 0 0 0 0 0
2002112217 0 0 0 0 0 0 0 0 0 0 0 0 0 0 0 0 0 0 0 0 0 0 0 0 0 0 0 0 0 0 0 0 0 0 0 0 0 0 0 0 0 0
2002112218 0 0 0 0 0 0 0 0 0 0 0 0 0 0 0 0 0.1 0 0 0 0 0 0 0 0 0 0 0 0 0 0 0 0 0 0 0 0 0.1 0 0 0 0
2002112219 0 0 0 0 0 0 0 0 0 0 0 0 0 0 0 0 0 0 0 0 0 0 0 0 0 0 0 0 0 0 0 0 0 0 0 0 0 0 0 0 0 0
2002112220 0 0 0 0 0 0 0 0 0 0 0 0 0 0.1 0 0 0.1 0.1 0 0 0 0 0 0 0 0 0 0 0 0 0 0 0 0 0 0 0 0 0 0 0 0
2002112221 0 0 0 0 0 0 0 0 0 0 0 0 0 0 0 0.1 0 0 0.1 0 0 0 0 0 0 0 0.4 0.2 0 0 0 0.2 0 0 0 0 0 0.1 0 0 0 0
2002112222 0 0 0 0 0 0 0 0 0 0 0 0 0 0 0 0 0 0 0.1 0 0 0 0 0 0 0 0 0.2 0 0 0.3 0.1 0 0 0.1 0 0 0.2 0.1 0 0 0
2002112223 0 0 0 0 0 0 0 0 0 0 0 0 0 0 0 0 0 0 0 0 0 0 0 0 0 0 0 0 0.1 0 0.1 0.1 0 0 0 0 0 0.1 0 0 0 0
2002112300 0 0 0 0 0.1 0 0.1 0 0 0 0 0.1 0 0 0 0 0 0.3 0 0 0 0 0.1 0 0.1 0.2 0 0.1 0 0 0 0 0 0 0 0 0 0.1 0 0 0 0
2002112301 0 0 0 0 0 0 0 0 0 0 0 0 0 0 0 0 0 0 0.2 0 0 0.2 0.1 0.4 0.1 0.4 0 0.1 0.1 0.1 0.4 0.4 0 0 0 0 0 0.2 0 0.1 0 0
2002112302 0 0 0 0 0 0 0 0 0 0 0 0 0 0 0 0 0 0.2 0 0 0 0 0.2 0 0.1 0 0 0 0 0 0 0 0 0.1 0 0 0 0.1 0 0 0 0
2002112303 0 0.1 0 0 0 0 0 0 0 0 0 0 0 0.1 0.1 0.1 0 0 0 0 0 0 0 0 0 0 0 0 0 0 0 0 0 0 0 0 0 0 0 0 0.1 0
2002112304 0 0 0 0 0 0 0 0 0 0 0 0.1 0 0 0 0 0 0 0 0 0 0 0 0.1 0 0 0 0 0 0 0 0 0 0 0 0 0 0.1 0 0 0 0
2002112305 0 0 0 0 0 0.1 0.1 0 0 0 0 0 0 0 0 0 0.1 0.1 0 0 0 0 0 0 0 0 0 0 0.1 0.1 0 0 0 0 0.1 0 0 0 0 0 0 0
2002112306 0 0 0 0 0.1 0 0 0.1 0 0 0 0 0 0 0 0 0 0 0 0 0 0 0 0 0 0 0.1 0 0 0 0.1 0 0 0.1 0 0 0 0 0 0 0 0
2002112307 0.1 0.1 0.1 0 0 0 0 0 0 0 0 0 0.1 0.1 0 0 0 0 0 0 0 0 0 0 0 0.1 0 0 0 0 0 0.1 0 0 0 0 0 0 0 0 0.1 0
2002112308 0 0 0 0 0 0 0 0 0 0 0 0 0 0 0 0 0 0 0 0 0 0 0.1 0 0 0 0 0 0 0 0 0 0 0 0 0.1 0 0.1 0 0 0 0
2002112309 0 0 0 0 0 0 0 0 0 0 0 0.1 0 0 0 0 0 0 0 0 0 0 0.1 0.1 0 0 0 0 0 0 0 0 0 0 0 0 0 0 0 0 0 0
2002112310 0 0 0 0 0 0 0 0 0 0 0 0 0 0 0 0 0 0 0 0 0 0 0 0 0 0 0 0 0 0 0 0 0 0 0 0 0 0 0 0 0 0
2002112311 0 0 0 0 0 0 0 0 0 0 0 0 0 0 0 0 0 0 0 0 0 0 0 0 0 0 0 0 0 0 0 0 0 0 0 0 0 0 0 0 0 0
2002112312 0 0 0 0 0 0 0 0 0 0 0 0 0 0 0 0 0 0 0 0 0 0 0 0 0 0 0 0 0 0 0 0 0 0 0 0 0 0 0 0 0 0
2002112313 0 0 0 0 0 0 0 0 0 0 0 0 0 0 0 0 0 0 0 0 0 0 0 0 0 0 0 0 0 0 0 0 0 0 0 0 0 0 0 0 0 0
2002112314 0 0 0 0 0 0 0 0 0 0 0 0 0 0 0 0 0 0 0 0 0 0 0 0 0 0 0 0 0 0 0 0 0 0 0 0 0 0 0 0 0 0
2002112315 0 0 0 0 0 0 0 0 0 0 0 0 0 0 0 0 0 0 0 0 0 0 0 0 0 0 0 0 0 0 0 0 0 0 0 0 0 0 0 0 0 0
2002112316 0 0 0 0 0 0 0 0 0 0 0 0 0 0 0 0 0 0 0 0 0 0 0 0.2 0.3 0.4 0 0.5 0 0 0 0 0 0 0 0 0 0 0.3 0.5 0 0
2002112317 0 0 0 0 0 0 0 0 0 0 0 0 0 0.2 0.2 0.1 0.4 0.3 0.5 0.3 0 0 0.8 1.2 0.8 1 0.9 1.9 0.3 0.2 0.7 0.5 0.1 0 0 0 0 0.7 0.5 0.6 0 0
2002112318 0 0.7 0 0.3 0 0.2 0.1 0.6 0.3 0.6 0.1 0.5 0.7 0.3 0.1 0 0 0.3 0.5 0.1 0 0.2 0.3 0.3 0.4 0.3 0.6 0.5 1.3 0.8 1.1 0.6 0.5 0.2 0.2 0 0 1.9 0.1 0.4 1.4 0.9
2002112319 0.4 0.4 0.3 0.8 1 0.3 0.8 0.2 0.8 0.2 0 0.4 0.1 0.3 0.4 0.1 0.4 0.5 0.3 0.4 0.1 0.1 0.4 0.4 0.4 0.3 1 0.6 0.5 0.1 0.2 0.4 0.4 0.7 0.1 0.5 0.1 0.5 0 0.2 0.2 0.3
2002112320 0.2 0.4 0.2 0.6 0.1 0.1 0.1 0.2 0.3 0.7 0.4 0.2 0.1 0.1 0.9 0.1 0.3 0.5 0.6 0 0.1 0.2 0.3 0.6 0.3 0.3 1 0.3 0.4 0.1 0 0.2 0.2 1.7 0.1 0.9 0.5 0.3 0 0.1 0.3 0.3
2002112321 0 0.3 0 0.9 0.1 0.1 0.1 0.3 0.1 0.6 0 0.1 0 0 0.3 0.1 0 0.4 0.2 0.1 0.1 0.2 0.4 0.2 0.2 0.1 0.6 0.8 0.3 0.1 0.2 0.3 0.3 0.7 0.2 0.3 0.2 0.2 0 0.2 0.1 0
2002112322 0.1 0.1 0.6 0.2 0.3 0.2 0.3 0.6 1.2 0 0.1 0 0 0 0 0 0 0 0 0 0 0 0 0 0 0 0 0.1 0.1 0 0.1 0.1 0.1 0.1 0 0.1 0 0.4 0 0 0.1 0.3
2002112323 0 0 0 0.1 0 0 0 0 0.3 0 0 0 0 0 0 0 0 0 0 0 0 0 0 0 0 0 0 0 0 0 0 0 0 0 0 0 0 0 0 0 0.2 0.1
2002112400 0 0 0 0 0 0 0.1 0 0 0 0 0 0 0 0.1 0 0 0.1 0 0 0 0 0 0 0 0 0 0 0.1 0 0 0 0 0 0 0 0 0 0 0 0 0
2002112401 0 0 0.1 0 0.1 0 0 0 0 0 0 0.1 0 0 0 0 0.1 0 0 0 0 0 0 0 0 0 0 0 0 0.1 0.1 0 0 0 0 0 0 0 0 0.1 0 0
2002112402 0 0 0 0 0 0 0 0 0 0 0 0 0 0 0 0 0 0 0 0 0 0 0 0 0 0 0 0 0 0 0 0 0 0.1 0 0 0 0 0 0 0 0
2002112403 0 0 0 0 0 0 0 0 0 0 0 0 0 0.1 0 0.1 0 0 0 0 0 0 0 0 0 0 0 0 0 0 0 0 0 0 0 0 0 0 0 0 0 0.1
2002112404 0 0 0 0 0 0 0 0 0 0 0 0 0.1 0 0 0 0 0 0 0 0 0 0 0 0 0 0 0 0 0 0 0 0 0 0 0 0 0 0 0 0 0
2002112405 0 0.1 0 0 0 0 0.1 0 0 0 0 0 0 0 0 0 0 0 0 0.1 0 0 0 0 0 0 0 0 0 0 0 0 0 0 0 0 0 0.1 0 0 0 0
2002112406 0 0 0 0 0 0 0 0 0 0 0 0 0 0 0 0 0 0 0 0 0 0 0 0 0 0 0 0 0 0 0 0 0 0 0 0.1 0 0 0 0 0 0
2002112407 0 0 0 0 0 0 0 0 0 0.1 0 0 0 0 0.1 0.1 0 0 0 0 0 0 0 0 0 0 0 0 0 0 0 0 0 0.1 0 0 0.1 0 0 0 0 0
2002112408 0 0 0 0 0 0 0 0 0 0 0 0.1 0 0 0 0 0 0 0 0 0 0 0 0 0 0 0 0 0 0 0 0 0 0 0 0 0 0 0 0 0 0
2002112409 0 0 0 0 0 0 0 0 0.1 0 0 0 0 0 0 0 0 0 0 0 0 0 0 0 0 0 0 0 0 0 0 0 0 0 0 0 0 0 0 0 0 0
2002112410 0 0 0 0 0 0 0 0 0 0 0 0 0 0 0 0 0 0 0 0 0 0 0 0 0 0 0 0 0 0 0 0 0 0 0 0 0 0 0 0 0 0
2002112411 0 0 0 0 0 0 0 0 0 0 0 0 0 0 0 0 0 0 0 0 0 0 0 0 0 0 0 0 0 0 0 0 0 0 0 0 0 0 0 0 0 0
2002112412 0 0 0 0 0 0 0 0 0 0 0 0 0 0 0 0 0 0 0 0 0 0 0 0 0 0 0 0 0 0 0 0 0 0 0 0 0 0 0 0 0 0
2002112413 0 0 0 0 0 0 0 0 0 0 0 0 0 0 0 0 0.1 0 0 0 0 0 0 0 0 0 0 0 0 0 0 0 0 0 0 0 0 0 0 0 0 0
2002112414 0 0 0 0 0 0 0 0 0 0 0 0 0 0 0 0 0 0 0 0 0 0 0 0 0 0 0 0 0 0 0 0 0 0 0 0 0 0 0 0 0 0
2002112415 0 0 0 0 0 0 0 0 0 0 0 0 0 0 0 0 0 0 0 0 0 0 0 0 0 0 0 0 0 0 0 0 0 0 0 0 0 0 0.1 0 0 0
2002112416 0 0 0 0 0 0 0 0 0 0 0 0 0 0 0 0 0 0 0 0 0 0 0 0 0 0 0 0 0 0 0 0 0 0 0 0 0 0 0 0 0 0
2002112417 0 0 0 0 0 0 0 0 0 0 0 0 0 0 0 0 0 0 0 0 0 0 0 0 0 0 0 0 0 0 0 0 0 0 0 0 0 0 0 0 0 0
2002112418 0 0 0 0 0 0 0 0 0 0 0 0 0 0 0 0 0 0 0 0 0 0 0 0 0 0 0 0 0 0 0 0 0 0 0 0 0 0 0 0 0 0
2002112419 0 0 0 0 0 0 0 0 0 0 0 0 0 0 0 0 0 0 0 0 0 0 0 0.1 0 0 0 0.1 0 0 0 0 0 0 0 0 0 0 0 0 0 0
2002112420 0 0 0 0 0 0 0 0 0 0 0 0 0 0 0 0 0 0 0 0 0 0 0 0 0 0 0 0 0 0 0 0 0 0 0 0 0 0 0 0 0 0
2002112421 0 0 0 0 0 0 0 0 0 0 0 0 0.1 0 0 0 0 0 0 0 0 0 0.1 0 0 0 0 0 0 0 0 0 0.1 0 0 0 0 0 0 0 0.1 0
2002112422 0 0 0 0 0 0 0 0 0 0 0 0 0 0 0 0 0 0 0 0 0 0 0 0 0 0 0.1 0 0 0 0 0 0 0 0 0 0 0 0 0.1 0 0
2002112423 0.1 0 0 0 0 0 0 0 0 0 0 0 0 0 0 0 0 0 0.1 0 0 0 0 0 0.1 0 0 0 0 0 0.1 0.1 0 0 0 0 0 0 0 0 0 0
2002112500 0 0 0 0 0 0 0 0.1 0 0 0 0 0 0 0 0 0 0.1 0 0 0 0 0 0 0 0 0 0 0 0 0 0 0 0 0 0 0 0.1 0.4 0 0 0
2002112501 0 0 0 0 0 0 0 0.1 0 0 0 0 0 0 0 0 0 0.1 0.5 0 0 0.1 0.3 0.5 0.8 0.9 1.7 2.1 0.9 0.8 1.2 0.6 0.1 0 0 0 0 1.6 3.5 2.7 0.1 0.1
2002112502 0.5 0.2 0.8 0.1 2.1 2.3 2.1 3.1 2.7 0 0.1 0.4 0 0.1 0.1 0.4 0.1 2.7 2.6 0.8 1.6 2.3 2 2.2 1.9 1.7 1.6 1.7 3.9 4.2 3.9 2.4 3.9 1 2.6 1.4 2.3 4.5 1.8 1.1 2.8 3
2002112503 2.4 0 2 0.8 4.5 2.5 3.3 2.9 4.1 0.1 0.6 0.8 0.1 0.1 0.2 0.8 0.1 0.4 0.1 0.6 1 0.4 0.2 0 0 0.1 0 0.2 1.2 1.1 0.5 0.4 1.4 2 0.8 1.8 1.7 0.4 0 0.1 0.6 2.3
2002112504 0.5 0.1 0.2 0.8 0.1 0.1 0.1 0 0.1 0 0.2 0.1 0 0.1 0.1 0 0.1 0.1 0.2 0.1 0.1 0.1 0 0.1 0.2 0.1 0.1 0 0 0.1 0 0.1 0 0 0.1 0.1 0 0 0 0 0 0
2002112505 0 0.1 0 0 0 0 0 0 0 0.1 0.1 0 0 0.1 0 0 0 0 0 0 0 0 0 0 0 0 0 0 0 0 0 0 0.1 0 0 0 0.1 0 0 0 0 0
2002112506 0 0 0 0 0 0 0 0.1 0 0.1 0 0 0 0 0.1 0 0 0 0 0 0 0 0 0 0 0 0 0 0 0 0 0 0 0 0 0 0 0 0 0 0.1 0
2002112507 0 0 0 0 0 0 0 0 0 0 0 0 0 0 0 0 0.1 0 0 0 0 0 0 0 0 0 0 0.1 0 0 0 0 0 0 0 0 0 0 0.1 0.1 0 0.1
2002112508 0 0 0 0 0.1 0 0 0 0.1 0 0 0 0 0 0 0 0 0 0 0 0 0 0 0 0 0 0.1 0.2 0.4 0 0 0 0 0 0 0 0 0 1.1 0.3 0.3 0.4
2002112509 0.4 0 0.3 0.2 0.5 0.3 0.5 0.7 0.4 0 0 0 0 0 0 0 0 0.2 0.2 0 0 0 0.1 0.1 0.2 0.1 0.4 0.7 1.5 0.3 0.8 0.2 1.1 0 0 0 0 2.1 0.7 0.7 2 1.4
2002112510 0.9 0 0.5 0.5 1.9 1.8 1.9 3.1 2.8 0 0 0.5 0 0 0 0.4 0 0 0.4 0.1 0.2 0.2 0.1 0.1 0 0.2 0.1 0.2 1.2 0.7 0.7 0.2 1.3 0.6 0.3 0.5 0.4 1 0.3 0.2 1.2 1.7
2002112511 0.7 0.8 1 1.1 1 0.2 0.6 0.1 0.4 0.2 0.7 0.2 0.1 0 0.1 0 0 0 0 0.1 0 0 0.2 0.3 0 0.5 0.2 0 0 0.1 0 0.1 0.1 0.2 0 0.1 0 0.1 0 0 0.1 0.1
2002112512 0 0 0 0.1 0 0 0 0 0 0 0 0 0.7 0.3 0.2 0 1.1 0 0 0.1 0 0 0 0 0 0 0 0 0 0 0 0 0 0 0 0 0 0 0 0 0 0
2002112513 0 0 0.1 0 0 0 0 0 0 0.2 0 0 2.7 2.2 0.4 0 1.2 0.1 0 0 0 0 0 0 0 0 0 0 0 0 0 0 0 0 0 0 0 0 0 0 0 0
2002112514 0 0 0 0 0 0 0 0.1 0 0 0 0 0.1 0 0.1 0 0 0 0 0 0 0 0.1 0.4 0.8 1.3 0 0 0 0 0.3 0 0 0 0 0 0 0 0 0 0 0
2002112515 0 0 0 0 0.1 0 0.2 0 0.1 0 0 0.4 0 0 0.2 0.8 0 1.4 0 1.2 1.2 0 0.4 0.1 0.1 0.1 0.1 0 0 0 0 0 0 0.1 0 0.4 0 0 0 0 0 0
2002112516 0 1.2 0 0 0 0 0 0.1 0 1.2 1.9 2 0.2 0 1 0.5 0.1 0.1 0 0 0.6 0 0 0.1 0.5 0 0 0.3 1.2 2.1 0.9 0 0.6 0.4 1.5 0.5 0 0.3 0 0 0 0
2002112517 0 0.8 0.1 0.1 0 1 0.6 0.4 0.1 0 0.1 0 0 0 0 0.1 0 0.4 0.2 0 0.2 0 0.1 0.2 0.1 0.1 0.1 0 0.1 0.4 0.5 0.1 0.1 0 0 0 0 0.1 0 0 0 0
2002112518 0.5 0.1 0.4 0 0.2 0.2 0.1 0.1 0 0 0 0 0 0 0 0.1 0 0.1 0.3 0.1 0 0.2 0 0 0.4 0 0.5 0.8 0.2 0.1 0.2 0.3 0.2 0.1 0 0 0.1 0.7 0.2 0.1 0.1 0.4
2002112519 0 0 0 0 0.1 0 0 0.1 0 0 0 0 0 0 0 0 0 0 0.3 0 0 0.2 0 0 0.1 0.1 0.4 0.5 0.2 0 0.1 0.1 0.1 0 0.1 0 0 0.4 0.6 0.1 0 0
2002112520 0 0 0 0 0 0 0.1 0.2 0.1 0 0 0.1 0.2 0.1 0.1 0 0.3 0 0.1 0 0 0 0.2 0.1 0.5 0 0.3 0.3 0.2 0.2 0.1 0.1 0 0 0 0 0 0.2 0.2 0.1 0.2 0.3
2002112521 0 0 0 0 0 0 0 0 0 0.2 0 0.1 0.1 0 0.1 0.1 0 0.1 0 0.1 0 0 0.1 0.2 0.1 0.4 0.1 0.3 0 0 0.1 0 0 0 0 0 0 0.1 0.1 0 0.1 0
2002112522 0 0 0.4 0 0 0 0 0 0.1 0 0 0.1 0.1 0.2 0 0.1 0.3 0.1 0.1 0 0 0 0 0.1 0.1 0.1 0.2 0.3 0 0.1 0 0 0.1 0 0 0.1 0 0 0 0 0.1 0.1
2002112523 0.4 0 0.2 0.1 0.2 0.1 0.2 0 0.1 0.1 0 0 0.1 0.2 0.1 0.1 0.2 0.2 0.1 0 0.1 0 0.2 0.2 0.1 0.3 0.2 0.1 0 0.1 0.1 0.1 0.1 0 0 0 0 0.2 0 0.1 0 0
2002112600 0 0 0.1 0 0.3 0.1 0.2 0.1 0.8 0 0 0 0 0 0.1 0.1 0.1 0.1 0.4 0 0.1 0.2 0.1 0 0.1 0 0.1 0.1 0.2 0.2 0.1 0.4 0.3 0.1 0.2 0 0.1 0.2 0 0 0 0.1
2002112601 0 0 0 0 0.3 0.1 0.2 0.2 0.3 0 0 0 0 0 0 0 0 0 0 0 0 0 0.2 0.3 0 0.1 0.1 0.1 0.1 0 0.1 0 0.1 0 0.1 0 0 0 0 0 0.2 0.1
2002112602 0 0.1 0 0 0.1 0 0.1 0 0.1 0 0.1 0 0 0 0 0 0 0 0 0 0 0 0 0.3 0.5 0.2 0.3 0.3 0 0.1 0 0 0.2 0 0 0 0 0 0 0.2 0 0
2002112603 0 0 0 0 0 0 0.1 0.2 0.2 0 0 0 0 0 0 0 0 0 0 0 0 0.2 0.1 0.1 0 0.1 0 0 0.1 0 0.1 0.4 0.2 0 0 0 0 0.1 0.2 0.2 0.1 0.1
2002112604 0.2 0 0 0 0.2 0 0 0.2 0.2 0 0 0 0 0.2 0 0 0 0 0 0 0 0 0 0 0 0 0 0 0.1 0 0 0 0.2 0 0.1 0 0 0.2 0 0 0 0.1
2002112605 0 0 0.1 0 0 0 0 0 0 0 0 0 0 0 0 0 0 0 0 0 0 0 0 0 0.1 0 0 0 0.1 0 0 0 0.1 0 0 0 0 0 0 0 0 0
2002112606 0 0 0 0 0 0 0 0 0 0 0 0.1 0 0 0 0 0 0 0 0 0 0 0 0 0 0 0 0 0 0 0 0 0 0 0 0 0.1 0 0 0 0 0
2002112607 0.1 0 0 0 0 0 0 0 0 0 0 0 0 0 0 0 0 0 0 0 0 0 0 0 0 0 0 0 0 0.1 0 0 0 0 0 0 0 0 0 0 0 0
2002112608 0 0 0 0 0.1 0 0.1 0 0 0 0 0 0 0 0 0 0 0 0 0 0 0 0 0 0 0 0 0 0 0 0 0 0.1 0 0 0.1 0 0 0 0 0 0
2002112609 0 0 0 0 0 0 0 0 0 0 0 0 0 0 0 0 0 0 0 0 0 0 0 0 0 0 0 0 0 0 0 0 0 0 0 0 0 0 0 0 0 0
2002112610 0 0 0 0 0 0 0 0 0 0 0 0 0 0 0 0 0 0 0 0 0 0 0 0 0 0 0 0 0 0 0 0 0 0 0 0 0 0 0 0 0 0
2002112611 0 0 0 0 0 0 0 0 0 0 0 0 0 0 0 0 0 0 0 0 0 0 0 0 0 0 0 0 0 0 0 0 0 0 0 0 0 0 0 0 0 0
2002112612 0 0 0 0 0 0 0 0 0 0 0 0 0 0 0 0 0 0 0 0 0 0 0 0 0 0 0 0 0 0 0 0 0 0 0 0 0 0 0 0 0 0
2002112613 0 0 0 0 0 0 0 0 0 0 0 0 0 0 0 0 0 0 0 0 0 0 0 0 0 0 0 0 0 0 0 0 0 0 0 0 0 0 0 0 0 0
2002112614 0 0 0 0 0 0 0 0 0 0 0 0 0 0 0 0 0 0 0 0 0 0 0 0 0 0 0 0 0 0 0 0 0 0 0 0 0 0 0 0 0 0
2002112615 0 0 0 0 0 0 0 0 0 0 0 0 0 0 0 0 0 0 0 0 0 0 0 0 0 0 0 0 0 0 0 0 0 0 0 0 0 0 0 0 0 0
2002112616 0 0 0 0 0 0 0 0 0 0 0 0 0 0 0 0 0 0 0 0 0 0 0 0 0 0 0 0 0 0 0 0 0 0 0 0 0 0 0 0 0 0
2002112617 0 0 0 0 0 0 0 0 0 0 0 0 0 0 0 0 0 0 0 0 0 0 0 0 0 0 0 0 0 0 0 0 0 0 0 0 0 0 0 0 0 0
2002112618 0 0 0 0 0 0 0 0 0 0 0 0 0 0 0 0 0 0 0 0 0 0 0 0 0 0 0 0.1 0 0 0 0 0 0 0 0 0 0 0 0 0 0
2002112619 0 0 0 0 0.1 0 0 0 0 0 0 0 0 0 0 0 0 0 0 0 0 0 0 0 0 0 0 0 0 0 0 0 0 0 0 0 0 0 0 0 0.1 0
2002112620 0 0 0 0 0 0 0 0 0 0 0 0 0 0 0 0 0 0.1 0 0 0 0 0 0.1 0 0 0 0 0 0 0.1 0 0 0 0 0 0 0.1 0.1 0.1 0 0
2002112621 0 0 0 0 0 0 0 0.1 0.1 0 0 0 0 0 0 0 0 0 0 0 0 0 0 0 0 0 0.1 0 0 0 0 0.1 0 0 0 0 0 0 0 0 0 0.1
2002112622 0 0 0 0 0 0.1 0 0 0 0 0 0 0 0 0 0.1 0 0 0 0 0 0.1 0 0 0 0 0 0 0 0.1 0 0 0 0.1 0 0 0 0 0 0 0 0
2002112623 0 0 0 0 0 0 0 0 0 0 0 0 0 0 0 0 0.2 0 0 0 0 0 0 0 0 0 0 0 0 0 0 0.1 0 0 0 0 0.1 0 0 0 0 0
2002112700 0 0 0 0 0.1 0 0 0 0 0 0.1 0 0 0 0 0 0 0 0 0 0 0 0 0 0 0 0 0 0.1 0 0.1 0 0.1 0 0 0.1 0 0.1 0.1 0 0 0
2002112701 0 0 0 0.1 0 0 0.1 0 0 0 0 0 0 0 0 0 0 0 0 0 0 0 0 0 0.1 0 0.1 0 0 0 0 0 0 0.1 0 0 0 0 0 0 0.1 0
2002112702 0 0 0 0 0 0 0 0.1 0 0.2 0 0 0 0 0 0 0 0 0 0 0 0.1 0 0 0 0.2 0 0 0 0 0.1 0.1 0.1 0 0 0 0 0 0 0 0 0
2002112703 0 0 0 0.1 0.1 0.1 0 0 0 0 0.1 0 0 0 0 0 0 0 0 0 0 0 0 0 0 0 0 0 0 0 0 0 0 0 0 0 0 0 0 0 0 0.1
2002112704 0 0 0.1 0 0 0 0 0 0 0 0 0.1 0 0 0 0.1 0 0 0 0 0 0 0 0 0 0 0 0 0 0 0.1 0 0 0.1 0 0 0 0.1 0 0 0 0
2002112705 0 0 0.1 0.1 0 0 0 0 0 0.1 0 0 0 0 0 0 0 0 0 0 0 0.1 0 0 0 0.1 0 0 0 0 0 0.1 0 0 0 0 0 0 0 0 0 0
2002112706 0 0 0 0 0 0 0 0 0 0 0 0 0 0 0 0 0 0 0 0 0 0 0 0 0 0 0.1 0 0 0 0 0 0.1 0 0 0 0 0.1 0 0 0 0
2002112707 0 0 0 0 0.1 0.1 0 0 0 0 0.1 0 0 0 0 0 0 0 0 0 0 0 0 0 0 0 0 0 0.1 0 0 0 0 0 0 0 0 0 0 0 0 0
2002112708 0.2 0.2 0.1 0.1 0 0 0.2 0.1 0.2 0 0 0 0 0 0 0.1 0.2 0.2 0.3 0 0 0 0.3 0 0 0 0 0 0 0 0.1 0 0 0 0.3 0 0 0 0.2 0.2 0.1 0
2002112709 0 0 0 0 0 0 0.1 0 0 0 0 0 0.2 0.1 0 0.1 0 0 0 0.3 0 0 0.1 0 0 0 0.1 0.1 0 0 0 0 0 0.1 0 0 0.2 0 0 0 0 0
2002112710 0 0 0 0 0 0 0 0 0 0 0 0 0 0 0.2 0 0 0 0.1 0 0 0 0 0 0.1 0 0 0 0 0 0 0 0 0 0 0 0 0 0 0 0 0
2002112711 0 0 0 0 0 0 0 0 0 0 0 0 0 0.1 0 0 0 0 0 0 0 0 0 0 0 0 0 0 0 0 0 0 0 0 0 0 0 0 0 0 0 0
2002112712 0 0 0 0 0 0 0 0 0 0 0 0 0 0 0 0 0 0 0 0.1 0 0 0 0 0 0.1 0 0 0 0 0 0 0 0 0 0 0 0 0 0 0 0
2002112713 0 0 0 0 0 0 0 0 0 0 0 0 0 0 0 0 0 0 0 0 0 0 0 0 0 0 0 0 0 0 0 0 0 0 0 0 0 0 0 0 0 0
2002112714 0 0 0 0 0 0 0 0 0 0 0 0 0 0 0 0 0 0 0 0 0 0 0 0 0 0 0 0 0 0 0 0 0 0 0 0 0 0 0 0 0 0
2002112715 0 0 0 0 0 0 0 0 0 0 0 0 0 0 0 0 0 0 0 0 0 0 0 0 0 0 0 0 0 0 0 0 0 0 0 0 0 0 0 0 0 0
2002112716 0 0 0 0 0 0 0 0 0 0 0 0 0 0 0 0 0 0 0 0 0 0 0 0 0 0 0 0 0 0 0 0 0 0 0 0 0 0 0 0 0 0
2002112717 0 0 0 0 0 0 0 0 0 0 0 0 0 0 0 0 0 0 0 0 0 0 0 0 0 0 0 0 0 0 0 0 0 0 0 0 0 0 0 0 0 0
2002112718 0 0 0 0 0 0 0 0 0 0 0 0 0 0 0 0 0 0 0 0 0 0 0 0 0 0 0 0 0 0 0 0 0 0 0 0 0 0 0 0 0 0
2002112719 0 0 0 0 0 0 0 0 0 0 0 0 0 0 0 0 0 0 0 0 0 0 0 0 0 0 0 0 0 0 0 0 0 0 0 0 0 0 0 0 0 0
2002112720 0 0 0 0 0 0 0 0 0 0 0 0 0 0 0 0 0 0 0 0 0 0 0 0 0 0 0 0 0 0 0 0 0 0 0 0 0 0 0 0 0 0
2002112721 0 0 0 0 0 0 0 0 0 0 0 0 0 0 0 0 0 0 0 0 0 0 0 0 0 0 0 0 0 0 0 0 0 0 0 0 0 0 0 0 0 0
2002112722 0 0 0 0 0 0 0 0 0 0 0 0 0 0 0.1 0 0 0 0 0 0 0 0 0 0 0 0 0 0 0 0 0 0 0 0 0 0 0 0 0 0 0
2002112723 0 0 0 0 0 0 0 0 0 0 0 0 0 0 0 0.1 0 0 0 0 0 0 0 0 0 0 0 0 0 0 0 0 0 0 0 0 0 0 0 0 0 0
2002112800 0 0 0 0 0 0 0.1 0 0 0 0 0.1 0 0 0 0 0 0 0 0 0 0 0 0 0 0 0 0 0 0 0 0.1 0 0 0 0 0 0 0 0 0 0
2002112801 0 0 0 0 0 0 0 0 0 0 0 0 0 0 0 0 0 0 0 0 0 0 0 0 0 0 0 0 0 0.1 0 0 0 0 0 0 0 0 0 0.1 0 0
2002112802 0.1 0 0 0 0.1 0 0 0 0 0 0 0 0 0 0 0 0 0 0 0 0 0 0 0 0 0 0 0 0 0 0 0 0 0 0 0 0 0 0.1 0 0 0
2002112803 0 0 0 0 0 0 0 0 0 0 0 0 0 0 0 0 0 0 0 0 0 0 0 0 0 0 0 0 0 0 0 0 0 0 0 0 0 0 0 0 0 0
2002112804 0 0 0 0 0 0 0 0 0 0 0 0 0 0 0 0 0.1 0 0 0 0 0 0 0 0 0 0 0 0 0 0.1 0 0.1 0 0 0 0 0.1 0 0 0 0
2002112805 0 0 0 0 0 0 0 0 0 0 0 0 0 0 0 0 0 0 0 0 0 0 0 0 0 0 0 0 0 0 0 0.1 0 0 0 0 0 0 0 0 0 0
2002112806 0 0 0 0 0 0 0 0 0 0 0 0.1 0 0 0 0 0 0.1 0.1 0 0 0 0.1 0 0 0 0 0 0 0 0 0 0 0 0 0 0 0 0 0 0 0
2002112807 0 0.1 0 0 0 0 0 0.1 0 0 0 0 0 0.1 0 0 0 0 0 0 0 0 0 0 0 0 0 0 0 0 0.1 0 0 0 0 0 0 0 0 0 0 0
2002112808 0 0 0 0 0 0 0 0 0 0 0 0 0 0 0 0.1 0 0 0 0 0 0 0 0 0 0 0 0 0 0 0 0 0 0 0 0.2 0 0 0 0 0 0
2002112809 0 0 0 0 0 0 0 0 0 0 0 0 0 0 0 0 0 0 0 0 0 0 0 0 0 0 0 0 0 0 0 0 0 0 0 0 0.2 0 0 0 0 0
2002112810 0 0 0 0 0 0 0 0 0 0 0 0 0 0 0 0 0 0 0 0 0 0 0 0 0 0 0 0 0 0 0 0 0 0 0 0 0 0 0 0 0 0
2002112811 0 0 0 0 0 0 0 0 0 0 0 0 0 0 0.2 0 0 0 0 0 0 0 0 0 0 0 0 0 0 0 0 0 0 0 0 0 0 0 0 0 0 0
2002112812 0 0 0 0 0 0 0 0 0 0 0 0.1 0 0.1 0 0 0.3 0.1 0 0.4 0 0 0.2 0.2 0.2 0.2 0 0.2 0 0 0 0 0 0 0 0.2 0 0 0 0.3 0 0
2002112813 0 0 0.1 0.1 0 0 0 0.1 0.2 0 0.1 0.1 0 0 0 0.2 0 0.1 0.1 0.2 0.2 0.1 0.2 0.1 0 0 0.1 0.1 0.1 0.1 0 0.1 0.2 0.2 0.2 0.2 0 0.1 0.1 0 0.3 0.2
2002112814 0 0 0 0.1 0.1 0 0.1 0.1 0.1 0 0 0 0 0.1 0 0 0 0 0 0 0 0 0 0 0 0 0 0 0 0 0 0 0.1 0 0 0 0.1 0 0 0 0.1 0.2
2002112815 0 0 0 0 0 0 0 0 0 0 0 0 0 0 0 0.1 0 0 0 0 0 0 0 0 0 0 0 0 0 0 0 0 0 0 0 0 0 0 0 0 0 0
2002112816 0 0 0 0 0 0 0 0 0 0 0 0 0 0 0 0 0 0 0 0 0 0 0 0 0 0 0 0 0 0 0 0 0 0 0 0 0 0 0 0 0 0
2002112817 0 0 0 0 0 0 0 0 0 0 0 0 0 0 0 0 0 0 0 0 0 0 0 0 0 0 0 0 0 0 0 0 0 0 0 0 0 0 0 0 0 0
2002112818 0 0 0 0 0 0 0 0 0 0 0 0 0 0 0 0 0 0 0 0 0 0 0 0 0 0 0 0 0 0 0 0 0 0 0 0 0 0 0 0 0 0
2002112819 0 0 0 0 0 0 0 0 0 0 0 0 0 0 0 0 0 0 0 0 0 0 0 0 0 0 0 0 0 0 0 0 0 0 0 0 0 0 0 0.1 0 0
2002112820 0 0 0 0 0 0 0 0 0 0 0 0 0 0 0 0 0 0 0 0 0 0 0 0.1 0.1 0.1 0 0 0 0 0 0 0 0 0 0 0 0 0.1 0 0 0
2002112821 0 0 0 0 0 0 0 0 0 0 0 0 0 0 0 0 0 0 0 0 0 0 0.1 0 0 0 0.1 0 0 0 0 0 0 0 0 0 0 0 0 0 0 0
2002112822 0 0 0 0 0 0 0 0 0 0 0 0 0 0 0 0 0 0 0 0 0 0 0 0 0 0 0 0.1 0 0 0 0 0 0 0 0 0 0 0 0 0 0
2002112823 0 0 0 0 0 0 0 0 0 0 0 0 0 0 0 0 0 0 0 0 0 0 0 0 0 0 0 0 0 0 0 0 0 0 0 0 0 0 0 0 0 0
2002112900 0 0 0 0 0 0 0 0 0 0 0 0 0 0 0 0 0 0.3 0.1 0 0 0 0.4 0.9 0.2 0.5 0.1 0.1 0 0 0.1 0 0 0 0 0.1 0 0.1 0 0.2 0.1 0
2002112901 0 0 0 0 0 0 0 0 0 0 0 0 0 0 0 0 0.1 0.2 0.2 0.2 0 0 0.1 0 0 0 0 0.1 0 0 0 0.1 0 0 0 0 0 0 0 0 0 0
2002112902 0 0 0 0 0 0 0 0 0 0 0 0.1 0 0.1 0 0.1 0 0 0 0 0 0.1 0.1 0 0 0 0.1 0 0 0.1 0 0 0.1 0 0 0 0 0 0 0.1 0 0
2002112903 0 0 0 0 0 0 0 0.1 0 0 0 0 0 0 0 0 0 0 0.1 0 0 0 0 0 0.1 0.2 0 0 0.1 0 0.1 0 0 0 0 0 0 0.1 0 0 0.1 0.1
2002112904 0 0 0 0 0.1 0.1 0.1 0 0.1 0 0 0 0 0 0 0 0 0.1 0.4 0 0 0 0.1 0.1 0 0.1 0.1 0 0 0 0.1 0.4 0 0 0 0 0 0 0 0.1 0.1 0.1
2002112905 0 0 0 0 0 0 0 0 0 0 0 0 0 0 0 0 0 0.1 0 0 0 0.1 0 0.1 0.3 0 0 0.1 0 0.7 0.2 1 0.3 0 0 0 0 0.1 0 0 0 0
2002112906 0 0 0 0 0 0 0 0.1 0 0 0 0 0 0 0.1 0 0 0 0.4 0 0.2 0.3 0.3 0.1 0 0 0.4 0.5 0.2 0.1 0.2 0.3 0.5 0 0.1 0 0.3 0.1 0 0 0 0
2002112907 0 0 0 0 0 0 0 0.1 0 0 0 0 0 0 0 0.1 0.1 0.1 0 0.1 0 0 0.1 0 0 0 0.2 0.1 0.1 0.2 0.1 0 0.1 0 0.2 0.1 0.1 0.5 0.1 0 0 0
2002112908 0 0 0 0 0 0 0 0 0 0 0 0 0 0 0 0 0 0 0 0 0 0 0 0 0 0 0 0.4 0 0 0 0 0 0 0 0.1 0.1 0 0 0.3 0 0
2002112909 0 0 0 0 0 0 0 0 0 0 0 0 0 0 0 0 0 0 0 0 0 0 0 0 0 0 0 0.1 0 0 0 0 0 0 0 0 0 0 0.6 0.7 0 0
2002112910 0 0 0 0 0 0 0 0 0 0 0 0 0 0 0 0 0.2 0 0 0 0 0 0 0.2 0.5 0.5 0.2 0.1 0 0 0 0 0 0 0 0 0 0.2 0.7 0.3 0 0
2002112911 0 0 0 0 0 0 0 0 0 0 0 0 0 0.2 0.1 0 0.2 0.3 0.8 0.1 0 0 0.7 0.4 0.1 0.1 1 0.4 0 0 0.2 0 0 0 0 0 0 0 0 0.2 0 0.1
2002112912 0 0 0 0 0 0 0 0.1 0 0 0 0 0 0 0.1 0 0 0.3 0.1 0.1 0 0 0 0 0 0 0.1 0.1 0.4 0.3 1.1 0.3 0 0 0 0 0 0.8 0 0 0 0.1
2002112913 0 0 0 0 0 0 0 0 0 0 0 0 0 0 0 0 0 0 0 0 0 0 0 0 0 0 0 0 0.1 0.3 0 0 0.2 0 0.6 0 0.2 0.1 0 0 0.1 0.1
2002112914 0 0 0 0 0 0 0 0.1 0 0 0 0 0 0 0 0 0 0 0 0 0 0 0 0 0 0 0 0 0 0 0 0 0.4 0 0 0 0 0 0 0 0.1 0.2
2002112915 0 0 0 0 0 0.8 0.1 0 1.4 0 0 0 0 0 0 0 0 0 0 0 0 0 0 0 0 0 0 0 0 0 0 0 0 0 0 0 0 0 0 0 0 0.1
2002112916 0 0 0 0 0 0.4 2.1 0 0.1 0 0 0 0 0 0 0 0 0 0 0 0 0 0 0 0 0.1 0 0 0 0 0 0 0 0 0 0 0 0 0 0 0 0
2002112917 0 0 0 0 0 0 0.3 0 0 0 0 0 0 0 0 0 0 0 0 0 0 0 0 0 0 0 0 0 0 0 0 0 0 0 0 0 0 0 0 0 0 0
2002112918 0.1 0 0 0 0.1 0 0 0 0.6 0 0 0 0 0 0 0 0 0 0 0 0 0 0 0.1 0 0 0 0 0 0 0 0 0 0 0 0 0 0 0.4 0.2 0 0
2002112919 0 0 0 0 0.3 0 0.1 0 0 0 0 0 0 0 0 0 0 0 0 0 0 0 0 0.1 0.1 0 0 0 0 0 0 0 0 0 0 0 0 0 0 0 0 0
2002112920 0 0 0 0 0.1 0 0 0 0 0 0 0 0 0 0 0 0 0 0 0 0 0 0 0 0 0 0 0 0 0 0 0 0 0 0 0 0 0 0.1 0.1 0 0
2002112921 0 0 0 0 0 0 0 0 0.1 0 0 0.1 0 0 0 0 0 0 0 0 0 0 0 0 0 0 0 0 0 0 0 0 0.1 0 0 0 0 0 0 0 0 0
2002112922 0 0 0 0 0 0 0 0 0 0 0 0 0 0 0 0 0 0 0 0 0 0 0 0 0 0 0 0 0 0 0 0 0 0 0 0 0 0 0 0 0 0
2002112923 0 0 0 0 0 0.1 0 0 0 0 0 0 0 0 0 0 0 0 0 0 0 0 0 0 0 0.1 0 0 0 0 0 0 0 0 0 0 0 0 0 0 0 0.1
2002113000 0 0 0 0 0 0 0 0 0 0 0 0 0 0 0 0 0.1 0 0 0 0 0 0.2 0 0 0 0 0 0 0 0 0 0 0 0 0 0 0.1 0 0 0 0
2002113001 0 0 0.1 0 0 0 0 0 0 0 0 0 0 0 0 0 0 0 0 0 0 0 0.2 0.1 0 0.1 0.1 0 0 0 0 0 0 0 0 0 0 0 0.1 0 0 0
2002113002 0 0 0 0 0 0 0 0.1 0 0 0 0 0 0 0 0 0 0 0 0 0 0.1 0 0 0 0 0 0.1 0 0.1 0 0.1 0 0 0 0 0 0 0 0.1 0 0
2002113003 0 0 0 0 0 0 0 0 0.1 0 0 0 0 0 0 0 0 0 0 0 0 0 0 0 0 0 0 0 0 0 0 0 0 0 0 0 0 0 0 0 0 0
2002113004 0 0 0 0 0 0 0 0 0 0 0 0 0 0 0 0 0 0 0 0.1 0 0 0.1 0 0 0 0 0 0 0 0 0.1 0 0 0 0 0 0 0 0 0 0
2002113005 0 0 0 0 0 0 0 0 0 0 0 0 0 0 0 0 0 0 0 0 0 0 0 0 0 0 0.1 0 0 0 0 0 0 0 0 0 0 0 0 0 0.1 0
2002113006 0 0 0 0 0 0 0 0 0 0 0 0 0 0 0 0 0 0 0 0 0 0 0 0 0 0.1 0 0 0 0 0 0 0 0 0 0 0 0 0 0 0 0
2002113007 0 0 0 0 0 0 0 0 0 0 0 0 0 0.1 0 0 0 0.1 0 0 0 0 0 0 0 0 0 0 0 0 0 0 0 0 0 0 0 0 0.1 0 0 0
2002113008 0 0 0 0 0 0 0 0 0 0 0 0 0 0 0 0 0 0 0.1 0 0 0 0 0 0 0 0 0 0 0 0 0 0 0 0 0 0 0 0 0.1 0 0
2002113009 0 0 0 0 0 0 0 0 0 0 0 0 0 0 0 0 0 0 0 0 0 0 0 0 0 0 0 0 0 0 0 0 0 0 0 0 0 0 0 0 0 0.1
2002113010 0 0 0 0 0 0 0 0 0 0 0 0 0 0 0 0 0 0 0 0 0 0 0 0 0 0 0 0 0 0 0 0 0 0 0 0 0.5 0 0 0 0 0
2002113011 0 0 0 0 0 0 0 0 0 0 0 0 0 0 0 0 0 0.3 0 0 0 0 0 0 0 0 0 0.5 0 0.3 0.2 0.2 0 0 0 0 0 0.2 0 0 0 0
2002113012 0 0 0 0 0 0 0 0 0 0 0 0 0 0 0 0 0 0 0.1 0 0 0 0.1 0 0 0 0 0 0.1 0 0 0.3 0 0 0 0 0 0.3 0 0 0 0
2002113013 0 0 0 0 0 0 0 0 0 0 0 0 0 0 0 0 0 0 0 0 0 0 0 0.2 0.2 0.2 0.3 0 0 0 0 0 0.1 0 0 0 0 0 0 0 0 0
2002113014 0 0 0 0 0 0 0.1 0 0 0 0 0 0 0 0 0 0 0 0.1 0.4 0 0 0.4 0 0 0.1 0 0.2 0 0 0 0 0.1 0 0.2 0 0 0 0 0.2 0 0
2002113015 0 0 0.1 0 0.1 0 0.1 0 0 1.3 0 0.7 0 0 0 0.1 0 0.3 0.1 0.9 0 0.2 1.1 0.3 0 0.1 0.1 0 1 0.1 0 0.2 0.3 0 0.1 0 0 0.1 0.1 0.2 0 0
2002113016 0.1 0 0.2 0 0 0.2 0.2 0 0.3 0 0.1 0.5 0 0 0 0.1 0 0.3 0.3 0 0.2 0.1 0.4 0 0 0.3 0 0 1 0.1 0.1 1.1 0 0.7 0.1 0.2 0.1 0.5 0.2 0.1 0 0.2
2002113017 0 0 0.6 0 0.1 0.1 0.2 0.1 0 0 0 0 0 0 0 0 0 0 0.1 0 0 0.3 0 0 0 0 0.1 0.1 0.2 0 0 0.4 0.7 0.7 0.1 0 0 0.6 0 0 0 0.3
2002113018 0 0 0.2 0 0 0 0.6 0.1 0.3 0 0 0 0 0 0 0 0 0 0 0 0 0 0 0 0 0 0 0 0 0 0.3 0.1 0 0 0.1 0 0 0.2 0 0 0 0
2002113019 0 0 0.1 0 0.1 0.2 0.8 0.3 0 0 0 0 0 0 0 0 0 0 0 0 0 0 0 0 0 0 0 0 0 0 0.1 0 0 0 0.1 0 0 0 0 0 0 0.2
2002113020 0 0 0 0 0 0 0.1 0 0.4 0 0 0 0 0 0 0 0 0 0 0 0 0 0 0 0 0 0 0 0 0.1 0 0 0.1 0 0 0 0 0 0 0 0 0
2002113021 0 0 0.1 0 0.1 0 0 0 0 0 0 0 0 0 0 0 0 0 0 0 0 0 0 0 0 0 0 0 0 0 0 0 0 0 0 0 0 0 0 0 0 0.5
2002113022 0 0 0 0 0 0 0 0 0 0 0 0 0 0 0 0 0 0.1 0 0 0 0 0 0 0 0.1 0 0 0 0 0 0 0 0 0 0 0 0 0 0 0 0.1
2002113023 0 0 0 0 0 0 0 0 0.1 0 0 0 0 0 0 0 0 0 0 0 0 0 0 0 0 0 0 0 0 0 0 0 0 0 0 0 0 0 0 0 0 0
2002120100 0 0 0 0 0 0 0.1 0 0 0 0 0 0 0 0 0 0 0 0 0 0 0 0 0 0 0 0 0 0 0 0 0 0 0 0 0 0 0 0 0 0 0
2002120101 0 0 0 0 0 0 0 0 0 0 0 0 0 0 0 0 0 0 0 0 0 0 0 0 0 0 0 0 0 0 0 0 0.1 0 0 0 0 0 0 0 0 0
2002120102 0 0 0 0 0 0.1 0 0 0 0 0 0 0 0 0 0 0 0 0 0 0 0 0 0 0 0 0 0 0 0 0 0 0 0 0 0 0 0 0 0 0 0
2002120103 0 0.1 0 0 0.1 0 0 0 0 0 0 0.1 0 0 0 0 0 0 0 0 0 0 0 0 0 0 0 0 0 0 0 0 0 0 0 0 0 0 0 0 0 0
2002120104 0 0 0 0 0 0 0 0 0 0 0 0 0 0 0 0 0 0 0 0 0 0 0 0 0 0 0 0 0 0 0 0 0 0 0 0 0 0 0 0 0 0
2002120105 0 0 0 0 0 0 0.1 0 0 0 0 0 0 0 0 0 0 0 0 0 0 0 0 0 0 0 0 0 0 0 0 0 0 0 0 0 0 0 0 0 0 0
2002120106 0 0 0 0 0 0 0 0 0 0 0 0 0 0 0 0 0 0 0 0 0 0 0 0 0 0 0 0 0 0 0 0 0 0 0 0 0 0 0 0 0 0
2002120107 0 0 0 0 0 0 0 0 0 0 0 0 0 0 0 0 0 0 0 0 0 0 0 0 0 0 0 0 0 0 0 0 0 0 0 0.1 0 0 0 0 0 0
2002120108 0 0 0 0 0 0 0 0 0 0 0 0 0 0 0 0 0 0 0 0 0 0 0 0 0 0 0 0 0 0 0 0 0 0 0 0 0 0 0 0 0 0
2002120109 0 0 0 0 0 0 0 0 0 0 0 0 0 0 0 0 0 0 0 0 0 0 0 0 0 0 0 0 0 0 0 0 0 0.1 0 0 0 0 0 0 0 0
2002120110 0 0 0 0 0 0 0 0 0 0 0 0 0 0 0 0 0 0 0 0 0 0 0 0 0 0 0 0 0 0 0 0 0 0 0 0 0 0 0 0 0 0
2002120111 0 0 0 0 0 0 0 0 0 0 0 0 0 0 0 0 0 0 0 0 0 0 0 0 0 0 0 0 0 0 0 0 0 0 0 0 0 0 0 0 0 0
2002120112 0 0 0 0 0 0 0 0 0 0 0 0 0.1 0.3 0 0 0.3 0 0 0 0 0 0 0 0 0 0 0 0 0 0 0 0 0 0 0 0 0 0 0 0 0
2002120113 0 0 0 0 0 0 0 0 0 0.3 0 0 0.6 0.2 0.1 0 0.3 0 0 0.2 0.1 0 0 0 0 0 0 0 0 0 0 0 0 0 0 0 0 0 0 0 0 0
2002120114 0 0.3 0 0 0 0 0 0 0 0.5 0 0.1 0.6 0.6 0.5 0.4 0.9 0.5 0.2 0.7 0.1 0 0.9 1 0.7 0.8 0 0.1 0 0 0 0 0 0 0 0 0.1 0 0 0 0 0
2002120115 0 0.7 0 0.1 0 0 0 0 0 0.5 0.3 0.7 0.3 0.9 0.8 1.5 0.7 0.4 0.5 0.2 0.4 0.3 0.4 1.4 1.6 1.9 0.5 1 0 0.1 0.1 0.4 0 0.6 0.8 0.8 1 0 0.4 0.3 0 0
2002120116 0.3 1.3 0.5 0.6 0.1 1.4 0.8 0.6 1.3 1 0.3 1.3 0.6 0.6 1.1 1.4 1.3 0.5 0.3 0.1 0.3 0.2 1.1 1.2 1.3 1 1 1.9 0.1 0.5 0.3 0.3 1 1.4 1.1 1.9 1.3 0.4 2 1.3 0.3 0.4
2002120117 0.4 1.6 0.3 0.8 0.7 1 1.2 1.1 1.2 0.6 1.3 0.7 0.3 0.4 0.5 0.2 0.7 0.6 0.2 0.3 0.1 0.1 1.3 1.5 1.7 2 1.1 1.3 0.5 0.7 0.3 0.4 1.5 1.1 0.2 0.3 0.5 0.6 1.7 0.6 0.7 0.8
2002120118 0.2 0.2 0.7 1.1 1.1 1.8 1.7 1.9 0.8 0.2 0.3 0.3 0.5 0.7 0.4 0.4 0.9 0.6 0.4 0.2 0.1 0.1 1.1 0.8 1.5 1.3 0.7 1.1 0.3 0.4 0.4 0.5 1.5 1.3 0.3 0.7 0.1 0.4 1.5 0.7 0.9 1.8
2002120119 0.5 1 1 0.7 0.8 0.6 0.6 0.8 1.2 0.8 0.6 0.8 0.7 0.6 0.9 1.1 1.1 1.2 0.7 0.6 0.8 0.8 0.9 1.2 1.3 1.3 1.5 1.3 0.9 1.2 0.8 0.8 1.7 1.4 2 1.2 1 1.3 1.2 1.7 0.5 1.1
2002120120 0.6 0.2 1.5 0.3 1.1 0.8 0.7 1.2 1.8 0.4 0.2 0.4 0.4 0.2 0.6 0.6 0.1 0.6 0.3 0.3 0.5 0.3 0.4 1 0.7 0.8 0.5 0.6 0.9 0.8 0.5 0.5 2.3 0.5 0.7 0.4 0.3 1.1 0.9 0.8 1.5 1.8
2002120121 0.5 0.7 1.4 0.6 0.7 0.6 0.6 0.2 1.1 0.1 0.7 0.2 0 0 0 0.1 0 0.1 0.3 0 0.1 0.2 0.1 0.4 0.4 0.4 0.4 0.3 0.2 0.3 0.3 0.6 1 0.2 0.4 0.2 0.2 0.3 0.8 0.4 0.4 1
2002120122 0.6 0 0.6 0 0.9 0.4 1.5 0.4 1.3 0 0 0 0 0.1 0 0 0 0.1 0 0 0 0 0 0 0.2 0 0 0.1 0.3 0 0.1 0.1 0.4 0.1 0.1 0.1 0.1 0.1 0.1 0.1 0.5 0.9
2002120123 0 0 0 0 0.2 0.1 0 0 0.2 0 0 0 0 0 0 0 0 0 0 0 0 0.1 0 0 0 0 0 0 0 0 0 0 0 0 0 0 0 0 0 0 0 0
2002120200 0 0 0 0 0.1 0 0 0 0 0.1 0.1 0.1 0 0 0 0 0 0 0 0 0 0 0.1 0 0 0 0 0 0 0 0 0 0 0 0 0 0 0 0 0 0.1 0.3
2002120201 0 0.1 0 0 0 0 0 0 0 0 0 0 0 0 0 0.1 0 0 0.1 0 0 0 0 0 0 0 0 0 0 0.1 0 0 0 0 0 0 0 0 0 0 0 0
2002120202 0 0 0 0.1 0 0 0 0 0 0 0 0 0 0 0 0 0 0 0 0 0.1 0 0 0 0 0 0 0 0 0 0 0 0 0.1 0 0 0 0 0 0 0 0
2002120203 0 0 0 0 0 0 0 0 0 0 0 0 0 0 0.1 0 0.1 0 0 0 0 0 0 0 0 0 0 0 0 0 0 0 0 0 0 0.1 0 0 0 0 0 0
2002120204 0 0 0.1 0 0 0 0 0 0 0 0 0.1 0.1 0 0 0 0 0 0 0 0 0 0 0 0 0 0 0 0 0 0 0 0 0 0 0 0 0 0 0 0 0
2002120205 0 0 0 0 0 0 0 0 0 0 0 0 0 0.1 0 0 0 0 0 0 0 0 0 0 0 0 0 0 0 0 0 0 0 0 0 0 0 0 0 0 0 0
2002120206 0 0 0 0 0 0 0 0 0 0.1 0 0 0 0.2 0 0 0 0 0 0 0 0 0 0 0 0 0 0.1 0 0 0 0 0 0 0 0 0 0 0 0 0 0
2002120207 0 0 0 0 0 0 0 0 0 0.1 0 0 0.6 1 0.1 0 2 0.1 0 0.1 0 0 0.1 0.4 0.2 0.1 0.2 0.2 0 0 0 0 0 0 0 0 0 0.1 0.2 0 0.1 0
2002120208 0 0 0 0 0 0 0 0 0.1 0.2 0 0 0.5 1.1 1 0.6 1.9 0.1 0.1 0.4 0 0 0.2 0.4 0.6 0.4 0.4 0.1 0 0.1 0.1 0.1 0 0 0 0 0.1 0.1 0 0 0 0
2002120209 0 0 0 0 0.1 0 0.1 0.1 0.1 0.2 0 0.4 0.3 0.9 0.8 0.3 1.2 0.2 0.4 0 0 0 0.7 3.7 2.1 2.5 0.9 0.4 0.1 0.1 0.3 0.1 0 0 0 0 0.1 0.4 1 0.3 0.1 0.1
2002120210 0 0 0 0 0 0 0 0 0 0.1 0 0.1 0.1 0 0.1 0.5 0.1 0.4 0.4 0.9 0 0 0.7 1.6 2.5 2.3 1.7 1.6 0.1 0 0.1 0.3 0 0 0.1 0.1 0 0.3 0.8 1.2 0.1 0.1
2002120211 0 0 0 0 0 0 0 0.1 0 0 0 0 0 0 0 0 0.1 0.2 0.1 0.1 0.6 0.6 0.2 1.5 2 2.1 1.2 0.6 0 0.1 0 0.1 0.1 0 0 0 0 0.2 2.1 1.5 0 0
2002120212 0 0 0 0 0 0 0 0 0 0 0 0 0 0 0 0 0 0.2 0.3 0 0 0 0.1 0.5 1.3 0.7 1.2 1.1 0 0.2 0.2 0.2 0.4 0 0 0 0 0.1 1.5 2.8 0 0
2002120213 0 0 0 0 0.1 0 0 0.1 0 0 0 0 0 0 0 0 0 0 0 0 0 0 0.1 0.1 0.3 0.2 0.1 0.3 0.1 0.1 0.1 0 0.2 0 0 0 0 0 0.7 1.1 0 0
2002120214 0 0 0 0 0.1 0 0.1 0.1 0.4 0 0 0 0 0 0 0 0 0 0.1 0 0 0 0 0 0 0 0.1 0.1 0.1 0 0 0 0.3 0 0.1 0 0.1 0.1 0.5 0.2 0.1 0
2002120215 0.1 0 0 0 0.2 0.2 0.3 0.1 0.4 0 0 0 0 0 0.1 0.1 0 0.2 0 0.1 0.1 0.2 0 0.3 0.1 0.2 0.3 0.2 0 0.1 0 0.1 0.3 0 0.1 0 0.3 0 0.2 0 0.2 0.4
2002120216 0.2 0 0.3 0 0.9 0.7 0.5 0.2 0.5 0 0 0 0 0 0 0.1 0.1 0 0 0 0 0.2 0 0.1 0.1 0.1 0.3 0.3 0.1 0.2 0.2 0.4 1 0.1 0.6 0.4 0.2 0.1 0.1 0.2 0.3 0.5
2002120217 0.4 0.3 0.1 0.1 0.3 0.2 0.6 0.6 0.7 0 0 0 0 0.7 0.1 0 0 0 0.1 0 0 0.1 0 0.1 0 0 0.4 0.1 0 0.4 0.1 0.2 0.5 0.3 0 0 0.2 0.1 0.2 0.2 0.7 0.7
2002120218 0 0.8 0.2 0 0.4 0.5 0.5 0.2 0.2 0 0.8 0.6 0 0 1.4 0.8 0 0 0 0 0.1 0.7 0 0.1 0.3 0 1.3 0.6 0.1 0.4 0.1 0.6 0.1 0.1 1.1 0 0.6 0.7 0.1 0 0.2 0.9
2002120219 0.4 0.4 0.8 0 0.1 0 0 0 1.5 0.1 0.1 1 0 0 0 0.6 0 0 0.4 0.1 0 0 0.4 0 0 0 0.5 0.4 0.8 0.6 0.2 0.4 2.4 1 0.3 0.9 0.5 0.1 0 0.1 0.1 0.1
2002120220 0 0 0.7 2.4 0 0 0 0.2 0.1 0 0.7 0 0 0.2 0 0 0.1 0.6 0.1 0 0 0.2 0 0.5 0.1 0.1 0.1 0 1.5 0 0.1 0.1 0 1.6 1.9 0.8 0.7 0.1 0.1 0 0 0
2002120221 0.5 0.6 0.1 0.1 0 0 0 0.2 0 0 0 0 0.7 0 0 0 0 0.1 0.2 0.1 0 0.1 0.2 0 0 0 0 0 0 0.1 0 0 0.1 0.1 0.1 0 0 0.3 0 0.2 0 0
2002120222 0.3 1 0.2 0 0 0 0.5 0.1 0 0.7 0 0 0 0 0 0 0.1 0.4 0.1 0 0 0 0 0 0 0.1 0 0 0 0 0 0.1 0 0.1 0 0.1 0 0 0 0 0 0.1
2002120223 0 0.2 0 0 1.4 0.1 0.5 0 0 0 0 0 0 0.1 0 0 0 0 0 0 0 0 0.1 0 0 0 0 0 0 0 0 0 0 0 0 0 0 0 0 0 0 0
2002120300 0 0.1 0 0 0.6 0 0.1 0 0.1 0.1 0.3 0 0 0 0 0 0 0 0 0 0 0 0 0 0 0 0 0 0 0 0 0 0 0 0 0 0 0 0 0 0 0
2002120301 0 0 0 0.2 0.1 0 0 0 0.3 0 0 0 0 0 0.1 0.1 0.1 0.1 0 0 0 0 0 0.1 0 0 0 0 0 0.1 0.1 0 0.5 0 0 0 0 0 0 0 0 0.6
2002120302 0 0 0.1 0 0 0 0 0 0 0 0 0 0.1 0 0 0 0 0 0 0 0 0 0 0 0 0.1 0 0 0 0.1 0.6 0 0 0 0 0 0 0.1 0 0 0 0
2002120303 0 0 0 0 0 0 0 0 0 0 0 0 0 0 0 0 0 0 0 0 0 0 0 0 0 0 0 0 0 0 0 0 0 0 0 0 0 0.1 0 0 0 0.1
2002120304 0 0 0 0 0 0 0 0 0 0.1 0 0.1 0 0 0 0 0 0 0 0 0 0 0 0 0 0 0 0 0.1 0 0 0 0 0 0 0 0 0.1 0.1 0 0.1 0
2002120305 0 0 0 0.1 0 0 0 0.8 0.2 0 0 0 0 0 0 0 0 0 0 0 0 0 0 0 0 0 0 0 0 0 0 0 0.1 0 0 0 0 0 0 0 0 0
2002120306 0 0.1 0 0 0 0 0 0 0 0 0 0 0 0 0 0.1 0 0 0 0 0 0 0 0 0 0 0 0 0 0 0 0 0 0 0 0 0 0 0 0 0 0
2002120307 0 0 0 0 0 0 0 0 0.1 0 0 0 0 0.1 0 0 0 0 0 0 0 0 0 0 0 0 0 0 0 0 0 0 0 0 0 0 0 0 0 0 0 0
2002120308 0 0 0 0 0 0 0 0 0 0 0 0 0 0 0 0 0 0 0 0.1 0 0 0 0 0 0 0 0 0 0 0 0 0 0 0 0 0 0 0.1 0 0 0
2002120309 0 0 0 0 0.1 0 0 0 0 0 0 0 0 0 0 0 0 0 0 0 0 0 0 0 0 0 0 0 0 0 0 0 0 0 0 0 0 0 0 0 0 0
2002120310 0 0 0 0 0 0 0 0 0 0 0 0 0 0 0 0 0 0 0 0 0 0 0 0 0 0 0 0 0 0 0 0 0 0 0 0 0 0 0 0 0 0
2002120311 0 0 0 0 0 0 0 0 0 0 0 0 0 0 0 0 0 0 0 0 0 0 0 0 0 0 0 0 0 0 0 0 0 0 0 0 0 0 0 0 0 0
2002120312 0 0 0 0 0 0 0 0 0 0 0 0 0 0 0 0 0 0 0 0 0 0 0 0 0 0 0 0 0 0 0 0 0 0 0 0 0 0 0 0 0 0
2002120313 0 0 0 0 0 0 0 0 0 0 0 0 0 0 0 0 0 0 0 0 0 0 0 0 0 0 0 0 0 0 0 0 0 0 0 0 0 0 0 0 0 0
2002120314 0 0 0 0 0 0 0 0 0 0 0 0 0 0 0 0 0 0 0 0 0 0 0 0 0 0 0 0 0 0 0 0 0 0 0 0 0 0 0 0 0 0
2002120315 0 0 0 0 0 0 0 0 0 0 0 0 0 0 0 0 0 0 0 0 0 0.1 0 0 0 0 0 0 0 0 0 0 0 0 0 0 0 0 0 0 0 0
2002120316 0 0 0 0 0 0 0 0 0 0 0 0 0 0 0 0 0.1 0 0 0 0 0 0 0 0 0 0 0 0 0 0 0 0 0 0 0 0 0 0 0 0 0
2002120317 0 0 0 0 0 0 0 0 0 0 0 0 0 0 0 0 0 0 0 0 0 0 0 0 0 0 0 0 0 0 0 0 0 0 0 0 0 0 0 0 0 0
2002120318 0 0 0 0 0 0 0 0 0 0 0 0 0 0 0 0 0 0 0 0 0 0 0 0 0 0 0 0 0 0 0 0 0 0 0 0 0 0.1 0 0 0 0
2002120319 0 0 0 0 0 0 0 0 0 0 0 0 0 0 0 0 0 0 0 0 0 0 0 0 0 0 0 0 0 0 0 0 0 0 0 0 0 0 0 0 0 0
2002120320 0 0 0 0 0 0 0 0 0 0 0 0 0 0 0 0 0.1 0 0 0 0 0 0.1 0 0 0 0 0 0 0 0 0 0 0 0 0 0 0 0 0.1 0 0
2002120321 0 0 0 0 0 0 0 0 0 0 0.1 0 0 0 0 0 0 0 0 0 0 0 0 0 0 0 0 0 0 0 0 0 0 0 0 0 0 0 0 0 0 0
2002120322 0.1 0 0 0 0 0 0 0.1 0 0 0 0 0 0 0 0 0 0 0 0 0 0 0 0 0 0 0.1 0.1 0.1 0 0 0 0 0 0 0 0 0 0.2 0 0 0
2002120323 0 0 0 0 0 0 0 0 0 0 0.1 0.1 0 0 0 0 0 0 0 0 0 0.1 0 0 0 0 0 0.1 0.2 0.2 0.2 0 0.1 0.2 0.1 0 0.1 0.1 0.1 0.2 0 0.1
2002120400 0 0 0 0 0 0.1 0 0 0 0.1 0 0.3 0 0 0 0 0 0.1 0.1 0 0 0.1 0 0 0 0 0.1 0 0 0.1 0.1 0.1 0 0.1 0 0.1 0.1 0 0.1 0.1 0 0
2002120401 0 0 0 0 0 0 0 0 0 0 0 0 0.1 0.1 0 0 0 0 0 0 0 0 0 0 0.1 0.1 0 0 0 0 0 0 0 0 0 0 0 0 0 0 0 0
2002120402 0 0 0.1 0 0 0 0 0 0 0 0.1 0 0 0 0 0 0 0 0 0 0 0 0 0 0 0 0 0 0 0 0 0 0 0 0 0 0 0 0 0 0 0
2002120403 0 0 0 0 0 0 0.1 0 0 0 0 0 0 0 0 0.1 0 0 0 0 0 0.1 0 0 0 0 0 0 0 0 0 0 0 0.1 0.1 0 0 0 0 0 0 0
2002120404 0 0.1 0 0 0 0 0 0 0 0 0 0 0 0 0.1 0 0 0 0 0 0 0 0 0 0 0 0 0 0 0 0 0 0 0 0 0 0 0 0 0 0 0
2002120405 0 0 0.1 0 0 0 0 0 0 0 0 0 0 0 0 0 0 0 0 0 0 0 0 0 0 0 0 0 0 0 0 0 0 0 0 0 0 0 0 0 0 0
2002120406 0.1 0 0 0 0 0 0 0 0 0 0 0 0 0 0 0 0 0 0 0 0 0 0 0 0 0 0 0 0 0 0.1 0 0 0 0 0 0 0.1 0 0 0.1 0
2002120407 0 0 0.1 0.1 0.1 0 0 0 0 0 0 0 0 0 0 0 0 0 0 0 0 0 0 0 0 0 0 0 0 0 0 0.1 0 0 0 0 0 0 0 0 0 0
2002120408 0 0 0 0 0 0 0 0 0 0 0 0 0 0 0 0 0 0 0 0 0.1 0 0 0 0 0 0 0.1 0 0 0 0 0 0 0 0 0 0 0 0 0 0
2002120409 0 0 0 0 0 0 0 0 0 0 0 0 0 0 0 0 0 0 0 0 0 0 0 0 0 0 0 0 0 0 0 0 0 0 0 0 0 0 0 0 0 0
2002120410 0 0 0 0 0 0 0 0 0 0 0 0 0 0 0 0 0 0.1 0.1 0 0 0 0 0 0 0 0 0 0 0 0 0 0 0 0 0 0 0 0 0 0 0
2002120411 0 0 0 0 0 0 0 0 0 0 0 0 0 0 0 0 0 0 0 0 0 0 0.1 0 0 0 0 0 0 0 0 0 0 0 0 0 0 0 0 0 0 0
2002120412 0 0 0 0 0 0 0 0 0 0 0 0 0 0 0 0 0 0 0 0.1 0 0 0 0 0 0 0 0 0 0 0 0 0 0 0 0 0 0 0 0 0 0
2002120413 0 0 0 0 0 0 0 0 0 0 0 0 0 0 0 0 0 0 0 0 0 0 0 0 0 0 0 0 0 0 0 0 0 0 0 0 0 0 0 0 0 0
2002120414 0 0 0 0 0 0 0 0 0 0 0 0 0 0 0 0 0 0 0 0 0 0 0 0 0 0 0 0 0 0 0 0 0 0 0 0 0 0 0 0 0 0
2002120415 0 0 0 0 0 0 0 0 0 0 0 0 0 0 0 0 0 0 0 0 0 0 0 0 0 0 0 0 0 0 0 0 0 0 0 0 0 0 0 0 0 0
2002120416 0 0 0 0 0 0 0 0 0 0 0 0 0 0 0 0 0 0 0 0 0 0 0 0 0 0 0 0 0 0 0 0 0 0 0 0 0 0 0 0 0 0
2002120417 0 0 0 0 0 0 0 0 0 0 0 0 0 0 0 0 0 0 0 0 0 0 0 0 0 0.1 0 0 0 0 0 0 0 0 0 0 0 0 0 0 0 0
2002120418 0 0 0 0 0 0 0 0 0 0 0 0 0 0 0 0 0 0 0 0 0 0 0 0 0 0 0 0 0 0 0 0 0 0 0 0 0 0 0 0 0 0
2002120419 0 0 0 0 0 0 0.1 0 0 0 0 0 0 0 0 0 0.1 0 0 0 0 0 0 0 0 0 0 0 0 0 0 0 0 0 0 0 0 0 0 0 0 0
2002120420 0 0 0 0 0 0 0 0 0 0 0 0 0.1 0.6 0 0 1.1 0 0 0 0 0 0 0 0 0 0 0 0 0 0 0 0 0 0 0 0 0 0 0 0 0
2002120421 0 0 0 0 0 0 0 0 0 0 0 0 1 0.6 0 0 0.6 0 0.2 0 0 0 0 0 0.5 0.1 0.4 0.2 0 0 0 0 0 0 0 0 0 0 0 0.2 0 0
2002120422 0 0.2 0 0 0 0 0 0 0 0 0 0 0.1 0.4 0 0 0.5 0 0.1 0 0 0 0 0.2 0 0.2 0.2 0.5 0 0 0 0.2 0 0 0 0 0 0 0.6 0.7 0 0
2002120423 0 0.4 0 0 0 0 0 0 0 0 0 0 0.2 0.1 0 0 0.1 0 0 0.1 0 0 0 0.1 0.1 0.2 0 0 0 0.2 0.2 0 0 0 0 0 0 0 0.4 0.1 0 0
2002120500 0 0.2 0 0 0 0 0 0 0 0 0 0.1 0 0 0 0 0.1 0 0 0 0.3 0 0 0 0 0 0 0.1 0 0 0 0 0 0 0 0 0.2 0 0.1 0 0 0
2002120501 0 0 0 0 0 0 0 0 0 0 0 0 0 0 0 0 0.1 0 0 0 0 0 0 0 0 0 0 0.1 0 0 0 0.1 0 0 0 0 0 0 0 0 0 0
2002120502 0 0 0 0 0 0 0 0 0 0 0 0 0 0 0 0 0.1 0 0 0 0 0 0 0 0 0 0 0 0 0 0 0 0 0 0 0 0 0 0 0 0 0
2002120503 0 0.1 0 0 0 0 0 0 0 0 0 0 0 0 0 0 0 0 0 0 0 0 0 0 0 0 0 0 0 0 0 0 0 0 0 0 0 0 0 0 0 0
2002120504 0 0 0 0 0 0 0 0 0 0 0 0 0 0 0 0 0 0 0 0 0 0 0 0 0 0 0 0 0 0 0 0 0 0 0 0 0 0 0 0 0 0
2002120505 0 0 0 0 0 0 0 0 0 0 0 0 0 0 0 0 0 0 0 0 0 0 0 0 0 0 0 0 0 0 0 0 0 0 0 0 0 0 0 0 0 0
2002120506 0 0 0 0 0 0 0 0 0 0 0 0 0 0 0 0 0 0 0 0 0 0 0 0 0 0 0 0 0 0 0 0 0 0 0 0 0 0 0.1 0 0 0
2002120507 0 0 0 0 0.1 0 0 0.1 0.1 0 0 0 0 0 0 0 0 0 0 0 0 0 0 0 0 0 0 0 0.2 0 0 0 0 0 0 0 0 0.1 0 0 0 0.1
2002120508 0.1 0 0 0 0.1 0.1 0.1 0 0.1 0 0 0 0 0 0 0 0.1 0 0 0 0 0 0 0 0 0 0 0 0 0 0 0 0.1 0 0 0 0 0.1 0 0 0 0
2002120509 0 0 0.1 0 0 0.1 0.1 0.1 0 0 0 0 0 0 0 0 0 0 0 0 0 0 0 0 0 0 0 0 0 0.1 0.1 0 0 0 0.1 0 0 0 0 0 0 0.1
2002120510 0 0 0 0 0 0 0 0 0 0 0 0 0 0 0 0 0 0 0 0 0 0 0 0 0 0 0 0 0 0 0 0 0 0 0 0 0 0 0 0 0 0
2002120511 0 0 0 0 0 0 0 0 0 0 0 0 0 0 0 0 0 0 0 0 0 0 0 0 0 0 0 0 0 0 0 0 0 0 0 0 0 0 0 0 0 0
2002120512 0 0 0 0 0 0 0 0 0 0 0 0 0 0 0 0 0 0 0 0 0 0 0 0 0 0 0 0 0 0 0 0 0 0 0 0 0 0 0 0 0 0
2002120513 0 0 0 0 0 0 0 0 0 0 0 0 0 0 0 0 0 0 0 0 0 0 0 0 0 0 0 0 0 0 0 0 0 0 0 0 0 0 0 0 0 0
2002120514 0 0 0 0 0 0 0 0 0 0 0 0 0 0 0 0 0 0 0 0 0 0 0 0 0 0 0 0 0 0 0 0 0 0 0 0 0 0 0 0 0 0
2002120515 0 0 0 0 0 0 0 0 0 0 0 0 0 0 0 0 0 0 0 0 0 0 0 0 0 0 0 0 0 0 0 0 0 0 0 0 0 0 0 0 0 0
2002120516 0 0 0 0 0 0 0 0 0 0 0 0 0 0 0 0 0 0 0 0 0 0 0 0 0 0 0 0 0 0 0 0 0 0 0 0 0 0 0 0 0 0
2002120517 0 0 0 0 0 0 0 0 0 0 0 0 0 0 0 0 0 0 0 0 0 0 0 0 0 0 0 0 0 0 0 0 0 0 0 0 0 0 0 0 0 0
2002120518 0 0 0 0 0 0 0 0 0 0 0 0 0 0 0 0 0 0 0 0 0 0 0 0 0 0 0 0 0 0 0 0 0 0 0 0 0 0 0 0 0 0
2002120519 0 0 0 0 0 0 0 0 0 0 0 0 0 0 0 0 0 0 0 0 0 0 0 0 0 0 0 0 0 0 0 0 0 0 0 0 0 0 0 0 0 0
2002120520 0 0 0 0 0 0 0 0 0 0.1 0 0 0 0 0 0 0 0 0 0 0 0 0 0 0 0 0 0 0 0 0 0 0 0 0 0 0 0 0 0 0 0
2002120521 0 0 0 0 0 0 0 0 0 0.1 0 0.1 0 0 0 0 0 0 0 0 0 0 0 0 0 0 0 0 0 0 0 0 0.1 0 0 0 0 0 0 0 0 0
2002120522 0 0 0 0 0 0 0 0 0 0 0 0 0.1 0 0 0 0 0 0 0 0 0 0 0 0 0 0 0 0 0 0 0 0 0 0 0 0 0 0 0 0 0
2002120523 0 0 0 0 0 0 0 0 0 0 0 0 0 0 0 0 0 0 0 0 0 0 0 0 0 0 0 0 0 0 0 0 0 0 0 0 0 0 0 0 0 0
2002120600 0 0 0 0 0 0 0 0 0 0 0 0 0 0 0 0.1 0 0 0 0 0 0 0 0 0 0 0 0 0 0 0 0 0 0 0 0 0 0 0 0 0 0
2002120601 0 0 0 0 0 0 0 0 0 0 0 0 0 0 0 0 0 0 0 0 0 0 0 0 0 0 0 0 0 0 0 0 0 0 0 0 0 0 0 0 0 0
2002120602 0 0 0 0 0 0 0 0 0 0 0 0 0 0 0 0 0 0 0 0 0 0.1 0 0 0 0 0 0 0 0 0 0 0 0 0 0 0 0 0 0 0 0
2002120603 0.1 0 0.1 0 0 0 0 0 0.1 0 0 0 0 0 0 0 0 0 0 0 0 0 0 0 0 0 0 0 0 0 0 0 0 0 0 0.1 0 0 0 0 0 0
2002120604 0.1 0 0.2 0 0.1 0.1 0.1 0 0 0 0 0 0 0 0 0 0 0 0 0 0 0 0 0 0 0 0 0 0 0 0 0 0 0.1 0 0 0 0 0 0 0 0
2002120605 0.1 0 0.1 0 0 0.1 0.1 0 0 0 0.1 0.1 0 0 0 0 0 0.1 0 0 0 0 0 0 0 0 0 0 0 0 0 0.1 0 0 0 0.1 0 0 0 0 0 0
2002120606 0 0 0.1 0 0 0 0 0 0 0 0 0 0 0 0 0 0 0 0 0 0.1 0.1 0 0 0 0 0 0 0 0 0 0 0 0.1 0 0 0.1 0 0 0 0 0
2002120607 0 0 0 0 0 0 0 0 0 0.1 0 0 0 0 0 0 0 0 0 0 0 0 0 0 0 0 0 0 0.1 0 0 0 0 0.1 0 0.1 0 0 0 0 0 0
2002120608 0 0 0 0 0 0 0 0 0 0 0 0.1 0 0 0 0 0 0 0.1 0 0 0 0 0 0 0 0 0 0 0 0 0 0 0 0 0 0 0 0 0 0 0
2002120609 0 0 0 0 0 0 0 0 0 0 0 0 0 0 0 0 0 0 0 0 0 0 0 0 0 0 0 0 0 0 0 0 0 0 0 0 0 0 0 0 0 0.1
2002120610 0 0 0 0 0 0 0 0 0 0 0 0 0 0 0 0 0 0 0 0 0 0 0 0 0 0 0 0 0 0 0 0 0 0 0 0 0 0 0 0 0 0
2002120611 0 0 0 0 0 0 0 0 0 0 0 0 0 0 0 0 0 0 0 0 0 0 0 0 0 0 0 0 0 0 0 0 0 0 0 0 0 0 0 0 0 0
2002120612 0 0 0 0 0 0 0 0 0 0.1 0 0 0 0 0 0 0 0 0 0 0 0 0 0 0 0 0 0 0 0 0 0 0 0 0 0 0 0 0 0 0 0
2002120613 0 0 0 0 0 0 0 0 0 0 0 0 0 0 0 0 0 0 0 0 0 0 0 0 0 0 0 0 0 0 0 0 0 0 0 0 0 0 0 0 0 0
2002120614 0 0 0 0 0 0 0 0 0 0 0 0 0 0 0 0 0 0 0 0 0 0 0 0 0 0 0 0 0 0 0 0 0 0 0 0 0 0 0 0 0 0
2002120615 0 0 0 0 0 0 0 0 0 0 0 0 0 0 0 0 0 0 0 0 0 0 0.1 0 0 0 0 0 0 0 0 0 0 0 0 0 0 0 0 0 0 0
2002120616 0 0 0 0 0 0 0 0 0 0 0 0 0 0.1 0 0 0 0 0 0 0 0 0 0 0 0 0 0 0 0 0 0 0 0 0 0 0 0 0 0 0 0
2002120617 0 0 0 0 0 0 0 0 0 0 0 0 0 0 0 0 0 0 0 0 0 0 0 0 0 0 0 0 0 0 0 0 0 0 0 0 0 0 0 0 0 0
2002120618 0 0 0 0 0 0 0 0 0 0 0 0 0 0 0 0 0 0 0 0 0 0 0 0 0 0 0 0 0 0 0 0 0 0 0 0 0 0 0 0 0 0
2002120619 0 0 0 0 0 0 0 0 0 0 0 0 0 0 0 0 0 0 0 0 0 0 0 0 0 0 0 0 0 0 0 0 0 0 0 0 0 0 0 0 0 0
2002120620 0 0 0 0 0 0 0 0 0 0 0 0 0 0 0 0 0 0 0 0 0 0 0 0 0 0 0 0 0 0 0 0 0 0 0 0 0 0 0 0 0 0
2002120621 0 0 0 0 0 0 0 0 0 0 0 0 0 0 0 0 0 0 0 0 0 0 0 0 0 0 0 0 0 0 0 0 0 0 0 0 0 0 0 0 0 0
2002120622 0 0 0 0 0 0 0 0 0 0 0 0 0 0 0 0 0 0 0 0 0 0 0 0 0 0 0 0 0 0 0 0 0 0 0 0 0 0 0 0 0 0
2002120623 0 0 0 0 0 0 0 0 0 0 0 0 0 0 0 0 0 0 0 0 0 0 0 0 0 0 0 0 0 0 0 0 0 0 0 0 0 0 0 0 0 0
2002120700 0 0 0 0 0 0 0 0 0 0 0 0 0 0 0 0 0 0 0 0 0 0 0 0 0 0 0 0 0 0 0 0 0 0 0 0 0 0 0 0 0 0
2002120701 0 0 0 0 0 0 0 0 0 0 0 0 0 0 0 0 0 0 0 0 0 0 0 0 0 0 0 0 0 0 0 0 0 0 0 0 0 0 0 0 0 0
2002120702 0 0 0 0 0 0 0 0 0 0 0 0 0 0 0 0 0 0 0 0 0 0 0 0 0 0 0 0 0 0 0 0 0 0 0 0 0 0 0 0 0 0
2002120703 0 0 0 0 0 0 0 0 0 0 0 0 0 0 0 0 0 0 0 0 0 0 0 0 0 0 0 0 0 0 0 0 0 0 0 0 0 0 0 0 0 0
2002120704 0 0 0 0 0 0 0 0 0 0 0 0 0 0 0 0 0 0 0 0 0 0 0 0 0 0 0 0 0 0 0 0 0 0 0 0 0 0 0 0 0 0
2002120705 0 0 0 0 0 0 0 0 0 0 0 0 0 0 0 0 0 0 0 0 0 0 0 0 0 0 0 0 0 0 0 0 0 0 0 0 0 0 0 0 0 0
2002120706 0 0 0 0 0 0 0 0 0 0 0 0 0 0 0 0 0 0 0 0 0 0 0 0 0 0 0 0 0 0 0 0 0 0 0 0 0 0 0 0 0 0
2002120707 0 0 0 0 0 0 0 0 0 0 0 0 0 0 0 0 0 0 0 0 0 0 0 0 0 0 0 0 0 0 0 0 0 0 0 0 0 0 0 0 0 0
2002120708 0 0 0 0 0 0 0 0 0 0 0 0 0 0 0 0 0 0 0 0 0 0 0 0 0 0 0 0 0 0 0 0 0 0 0 0 0 0 0 0 0 0
2002120709 0 0 0 0 0 0 0 0 0 0 0 0 0 0 0 0 0.1 0 0 0 0 0 0 0 0 0 0 0 0 0 0 0 0 0 0 0 0 0 0 0 0 0
2002120710 0 0 0.1 0 0 0 0 0 0 0 0 0 0 0 0 0 0 0 0 0 0 0 0 0 0 0 0 0 0 0 0 0 0 0 0 0 0 0 0 0 0 0
2002120711 0 0 0 0 0 0 0.4 0 0.2 0 0 0 0 0 0 0 0 0 0 0 0 0 0 0 0 0 0 0 0 0 0 0 0 0 0 0 0 0 0 0 0 0
2002120712 0 0 0 0 0 0 0 0 0 0 0 0 0 0 0 0 0 0 0 0 0 0 0 0 0 0 0 0 0 0 0 0 0 0 0 0 0 0 0 0 0 0
2002120713 0 0 0 0 0 0 0 0 0 0 0 0 0 0 0 0 0 0 0 0 0 0 0 0 0 0 0 0 0 0 0 0 0 0 0 0 0 0 0 0 0 0
2002120714 0 0 0 0 0 0 0 0 0 0 0 0 0 0 0 0 0 0 0 0 0 0 0 0 0 0 0 0 0 0 0 0 0 0 0 0 0 0 0 0 0 0
2002120715 0 0 0 0 0 0 0 0 0 0 0 0 0 0 0 0 0 0 0 0 0 0 0 0 0 0 0 0 0 0 0 0 0 0 0 0 0 0 0 0 0 0
2002120716 0 0 0 0 0 0 0 0 0 0 0 0 0 0 0 0 0 0 0 0 0 0 0 0 0 0 0 0 0 0 0 0 0 0 0 0 0 0 0 0 0 0
2002120717 0 0 0 0 0 0 0 0 0 0 0 0 0 0 0 0 0 0 0 0 0 0 0 0 0 0 0 0 0 0 0 0 0 0 0 0 0 0 0 0 0 0
2002120718 0 0 0 0 0 0 0 0 0 0 0 0 0 0 0 0 0 0 0 0 0 0 0 0 0 0 0 0 0 0 0 0 0 0 0 0 0 0 0 0 0 0
2002120719 0 0 0 0 0 0 0 0 0 0 0 0 0 0 0 0 0 0 0 0 0 0 0 0 0 0 0 0 0 0 0 0 0 0 0 0 0 0 0 0 0 0
2002120720 0 0 0 0 0 0 0 0 0 0 0 0 0 0 0 0 0 0 0 0 0 0 0 0 0 0 0 0 0 0 0 0 0 0 0 0 0 0 0 0 0 0
2002120721 0 0 0 0 0 0 0 0 0 0 0 0 0 0 0 0 0 0 0 0 0 0 0 0 0 0 0 0 0 0 0 0 0 0 0 0 0 0 0 0 0 0
2002120722 0 0 0 0 0 0 0 0 0 0 0 0 0 0 0 0 0 0 0 0 0 0 0 0 0 0 0 0 0 0 0 0 0 0 0 0 0 0 0 0 0 0
2002120723 0 0 0 0 0 0 0 0 0 0 0 0 0 0 0 0 0 0 0 0 0 0 0 0 0 0 0 0 0 0 0 0 0 0 0 0 0 0 0 0 0 0
2002120800 0 0 0 0 0 0 0 0 0 0 0 0 0 0 0 0 0 0 0 0 0 0 0 0 0 0 0 0 0 0 0 0 0 0 0 0 0 0 0 0 0 0
2002120801 0 0 0 0 0 0 0 0 0 0 0 0 0 0 0 0 0 0 0 0 0 0 0 0 0 0 0 0 0 0 0 0 0 0 0 0 0 0 0 0 0 0
2002120802 0 0 0 0 0 0 0 0 0 0 0 0 0 0 0 0 0 0 0 0 0 0 0 0 0 0 0 0 0 0 0 0 0 0 0 0 0 0 0 0 0 0
2002120803 0 0 0 0 0 0 0 0 0 0 0 0 0 0 0 0 0 0 0 0 0 0 0 0 0 0 0 0 0 0 0 0 0 0 0 0 0 0 0 0 0 0
2002120804 0 0 0 0 0 0 0 0 0 0 0 0 0 0 0 0 0 0 0 0 0 0 0 0 0 0 0 0 0 0 0 0 0 0 0 0 0 0 0 0 0 0
2002120805 0 0 0 0 0 0 0 0 0 0 0 0 0 0 0 0 0 0 0 0 0 0 0 0 0 0 0 0 0 0 0 0 0 0 0 0 0 0 0 0 0 0
2002120806 0 0 0 0 0 0 0 0 0 0 0 0 0 0 0 0 0 0 0 0 0 0 0 0 0 0 0 0 0 0 0 0 0 0 0 0 0 0 0 0 0 0
2002120807 0 0 0 0 0 0 0 0 0 0 0 0 0 0 0 0 0 0 0 0 0 0 0 0 0 0 0 0 0 0 0 0 0 0 0 0 0 0 0 0 0 0
2002120808 0 0 0 0 0 0 0 0 0 0 0 0 0 0 0 0 0 0 0 0 0 0 0 0 0 0 0 0 0 0 0 0 0 0 0 0 0 0 0 0 0 0
2002120809 0 0 0 0 0 0 0 0 0 0 0 0 0 0 0 0 0 0 0 0 0 0 0 0 0 0 0 0 0 0 0 0 0 0 0 0 0 0 0 0 0 0
2002120810 0 0 0 0 0 0 0 0 0 0 0 0 0 0 0 0 0 0 0 0 0 0 0 0 0 0 0 0 0 0 0 0 0 0 0 0 0 0 0 0 0 0
2002120811 0 0 0 0 0 0 0 0 0 0 0 0 0 0 0 0 0 0 0 0 0 0 0 0 0 0 0 0 0 0 0 0 0 0 0 0 0 0 0 0 0 0
2002120812 0 0 0 0 0 0 0 0 0 0 0 0 0 0 0 0 0 0 0 0 0 0 0 0 0 0 0 0 0 0 0 0 0 0 0 0 0 0 0 0 0 0
2002120813 0 0 0 0 0 0 0 0 0 0 0 0 0 0 0 0 0 0 0 0 0 0 0 0 0 0 0 0 0 0 0 0 0 0 0 0 0 0 0 0 0 0
2002120814 0 0 0 0 0 0 0 0 0 0 0 0 0 0 0 0 0 0 0 0 0 0 0 0 0 0 0 0 0 0 0 0 0 0 0 0 0 0 0 0 0 0
2002120815 0 0 0 0 0 0 0 0 0 0 0 0 0 0 0 0 0 0 0 0 0 0 0 0 0 0 0 0 0 0 0 0 0 0 0 0 0 0 0 0 0 0
2002120816 0 0 0 0 0 0 0 0 0 0 0 0 0 0 0 0 0 0 0 0 0 0 0 0 0 0 0 0 0 0 0 0 0 0 0 0 0 0 0 0 0 0
2002120817 0 0 0 0 0 0 0 0 0 0 0 0 0 0 0 0 0 0 0 0 0 0 0 0 0 0 0 0 0 0 0 0 0 0 0 0 0 0 0 0 0 0
2002120818 0 0 0 0 0 0 0 0 0 0 0 0 0 0 0 0 0 0 0 0 0 0 0 0 0 0 0 0 0 0 0 0 0 0 0 0 0 0 0 0 0 0
2002120819 0 0 0 0 0 0 0 0 0 0 0 0 0 0 0 0 0 0 0 0 0 0 0 0 0 0.1 0 0 0 0 0 0 0 0 0 0 0 0 0 0 0 0
2002120820 0 0 0 0 0 0 0 0 0 0 0 0 0 0 0 0 0 0 0 0 0 0 0 0 0 0 0 0 0 0 0 0 0 0 0 0 0 0 0 0 0 0
2002120821 0 0 0 0 0 0 0 0 0 0 0 0 0 0 0 0 0 0 0 0 0 0 0 0 0 0 0 0 0 0 0 0 0 0 0 0 0 0 0 0 0 0
2002120822 0 0 0 0 0 0 0 0 0 0 0 0 0 0 0 0 0 0 0 0 0 0 0 0 0 0 0 0 0 0 0 0 0 0 0 0 0 0 0 0 0 0
2002120823 0 0 0 0 0 0 0 0 0 0 0 0 0 0 0 0.1 0 0 0 0 0 0 0 0 0 0 0 0 0 0 0 0 0 0 0 0 0 0.1 0 0 0 0
2002120900 0 0 0 0 0 0 0 0 0 0 0 0 0 0 0 0 0 0 0 0 0 0 0 0 0 0 0 0 0 0 0 0 0 0 0 0 0 0 0 0 0 0
2002120901 0 0 0 0 0 0 0 0 0 0 0 0 0 0 0 0 0 0 0 0 0 0 0 0 0 0 0 0 0 0 0 0 0 0 0 0 0 0 0 0 0 0
2002120902 0 0 0 0 0 0 0 0 0 0 0 0 0 0 0 0 0 0 0 0 0 0 0 0 0 0 0 0 0 0 0 0 0 0 0 0 0 0 0 0 0 0
2002120903 0 0 0 0 0 0 0 0 0 0 0 0 0 0 0 0 0 0 0 0 0 0 0 0 0 0 0 0 0 0 0 0 0 0 0 0 0 0 0 0 0 0
2002120904 0 0 0 0 0 0 0 0 0 0 0 0 0 0 0 0 0 0 0 0 0 0 0 0 0 0 0 0 0 0 0 0 0 0 0 0 0 0 0 0 0 0
2002120905 0 0 0 0 0 0 0 0 0 0 0 0 0 0 0 0 0 0 0 0 0 0 0 0 0 0 0 0 0 0 0 0 0 0 0 0 0 0 0 0 0 0
2002120906 0 0 0 0 0 0 0 0 0 0 0 0 0 0 0 0 0 0 0 0 0 0 0 0 0 0 0 0 0 0 0 0 0 0 0 0 0 0 0 0 0 0
2002120907 0 0 0 0 0 0 0 0 0 0 0 0 0 0 0 0 0 0 0 0 0 0 0 0 0 0 0 0 0 0 0 0 0 0 0 0 0 0 0 0 0 0
2002120908 0 0 0 0 0 0 0 0 0 0 0 0 0 0 0 0 0 0 0 0 0 0 0 0 0 0 0 0 0 0 0 0 0 0 0 0 0 0 0 0 0 0
2002120909 0 0 0 0 0 0 0 0 0 0 0 0 0 0 0 0 0 0.1 0 0 0 0 0 0 0 0 0 0 0 0 0 0 0 0 0 0 0 0 0 0 0 0
2002120910 0 0 0 0 0 0 0 0 0 0 0 0 0 0 0 0 0 0 0 0 0 0 0 0 0.1 0 0 0.1 0 0 0 0 0 0 0 0 0.1 0 0 0 0 0
2002120911 0 0 0 0 0 0 0 0 0 0 0 0 0.1 0 0 0 0 0 0 0 0 0 0 0 0 0 0 0 0 0 0 0 0 0 0 0 0 0 0 0 0 0
2002120912 0 0 0 0 0 0 0 0 0 0 0 0 0 0 0 0 0 0 0 0 0 0 0 0.1 0 0 0 0 0 0 0 0 0 0 0 0 0 0 0 0 0 0
2002120913 0 0 0 0 0 0 0 0 0 0 0 0 0 0 0 0 0 0 0 0 0 0 0 0 0 0 0 0 0 0 0 0 0 0 0 0 0 0 0 0 0 0
2002120914 0 0 0 0 0 0 0 0 0 0 0 0 0 0 0 0 0 0 0 0 0 0 0 0 0 0 0 0 0 0 0 0 0 0 0 0 0 0 0 0 0 0
2002120915 0 0 0 0 0 0 0 0 0 0 0 0 0 0 0 0 0 0 0 0 0 0 0 0 0 0 0 0 0 0 0 0 0 0 0 0 0 0 0 0 0 0
2002120916 0 0 0 0 0 0 0 0 0 0 0 0 0 0 0 0 0 0 0 0 0 0 0 0 0 0 0 0 0 0 0 0 0 0 0 0 0 0 0 0 0 0
2002120917 0 0 0 0 0 0 0 0 0 0 0 0 0 0 0 0 0 0 0 0 0 0 0 0 0 0 0 0 0 0 0 0 0 0 0 0 0 0 0 0 0 0
2002120918 0 0 0 0 0 0 0 0 0 0 0 0 0 0 0 0 0 0 0 0 0 0 0 0 0 0 0 0 0 0 0 0 0 0 0 0 0 0 0 0 0 0
2002120919 0 0 0 0 0 0 0 0 0 0 0 0 0 0 0 0 0 0 0 0 0 0 0 0 0 0 0 0 0 0 0 0 0 0 0 0 0 0 0 0 0 0
2002120920 0 0 0 0 0 0 0 0 0 0 0 0 0 0 0 0 0 0 0 0 0 0 0 0 0 0 0 0 0 0 0 0 0 0 0 0 0 0 0 0 0 0
2002120921 0 0 0 0 0 0 0 0 0 0 0 0 0 0 0 0 0 0 0 0 0 0 0 0 0 0 0 0 0 0 0 0 0 0 0 0 0 0 0 0 0 0
2002120922 0 0 0 0 0 0 0 0 0 0 0 0 0 0 0 0 0 0 0 0 0 0 0 0 0 0 0 0 0 0 0 0 0 0 0 0 0 0 0 0 0 0
2002120923 0 0 0 0 0 0 0 0 0 0 0 0 0 0 0 0 0 0 0 0 0 0 0 0 0 0 0 0 0 0 0 0 0 0 0 0 0 0 0 0 0 0
2002121000 0 0 0 0 0 0 0 0 0 0 0 0 0 0 0 0 0 0 0 0 0 0 0 0 0 0 0 0 0 0 0 0 0 0 0 0 0 0 0 0 0 0
2002121001 0 0 0 0 0 0 0 0 0 0 0 0 0 0 0 0 0 0 0 0 0 0 0 0 0 0 0 0 0 0 0 0 0 0 0 0 0 0 0 0 0 0
2002121002 0 0 0 0 0 0 0 0 0 0 0 0 0 0 0 0 0 0 0 0 0 0 0 0 0 0 0 0 0 0 0 0 0 0 0 0 0 0 0 0 0 0
2002121003 0 0 0 0 0 0 0 0 0 0 0 0 0 0 0 0 0 0 0 0 0 0 0 0 0 0 0 0 0 0 0 0 0 0 0 0 0 0 0 0 0 0
2002121004 0 0 0 0 0 0 0 0 0 0 0 0 0 0 0 0 0 0 0 0 0 0 0 0 0 0 0 0 0 0 0 0 0 0 0 0 0 0 0 0 0 0
2002121005 0 0 0 0 0 0 0 0 0 0 0 0 0 0 0 0 0 0 0 0 0 0 0 0 0 0 0 0 0 0 0 0 0 0 0 0 0 0 0 0 0 0
2002121006 0 0 0 0 0 0 0 0 0 0 0 0 0 0 0 0 0 0 0 0 0 0 0 0 0 0 0 0 0 0 0 0 0 0 0 0 0 0 0 0 0 0
2002121007 0 0 0 0 0 0 0 0 0 0 0 0 0 0 0 0 0 0 0 0 0 0 0 0 0 0 0 0 0 0 0 0 0 0 0 0 0 0 0 0 0 0
2002121008 0 0 0 0 0 0 0 0 0 0 0 0 0 0 0 0 0 0 0 0 0 0 0 0 0 0 0 0 0 0 0 0 0 0 0 0 0 0 0 0 0 0
2002121009 0 0 0 0 0 0 0 0 0 0 0 0 0 0 0 0 0 0 0 0 0 0 0 0 0 0 0 0 0 0 0 0 0 0 0 0 0 0 0 0 0 0
2002121010 0 0 0 0 0 0 0 0 0 0 0 0 0 0 0 0 0 0 0 0 0 0 0 0 0 0 0 0 0 0 0 0 0 0 0 0 0 0 0 0 0 0
2002121011 0 0 0 0 0 0 0 0 0 0 0 0 0 0 0 0 0 0 0 0 0 0 0 0 0 0 0 0 0 0 0 0 0 0 0 0 0 0 0 0 0 0
2002121012 0 0 0 0 0 0 0 0 0 0 0 0 0 0 0.1 0 0 0 0 0 0 0 0 0 0 0 0 0 0 0 0 0 0 0 0 0 0 0 0 0 0 0
2002121013 0 0 0 0 0 0 0 0 0 0 0 0 0 0 0 0 0 0 0 0 0 0 0 0 0 0 0 0 0 0 0 0 0 0 0 0 0 0 0 0 0 0
2002121014 0 0 0 0 0 0 0 0 0 0 0 0 0 0 0 0 0 0 0 0 0 0 0 0 0 0 0 0 0 0 0 0 0 0 0 0 0 0 0 0 0 0
2002121015 0 0 0 0 0 0 0 0 0 0 0 0 0 0 0 0 0 0 0 0 0 0 0 0 0 0 0 0 0 0 0 0 0 0 0 0 0 0 0 0 0 0
2002121016 0 0 0 0 0 0 0 0 0 0 0 0 0 0 0 0 0 0 0 0 0 0 0 0 0 0 0 0 0 0 0 0 0 0 0 0 0 0 0 0 0 0
2002121017 0.1 0 0 0 0 0 0 0 0 0 0 0 0 0 0 0 0 0 0 0 0 0 0 0 0 0 0 0 0 0 0 0 0 0 0 0 0 0 0 0 0 0
2002121018 0 0 0 0 0 0 0 0 0 0 0 0 0 0 0 0 0 0 0 0 0 0 0 0 0 0 0 0 0 0 0 0 0 0 0 0 0 0 0 0 0 0
2002121019 0 0 0 0 0 0 0 0 0 0 0 0 0 0 0 0 0 0 0 0 0 0 0 0 0 0 0 0 0 0 0 0 0 0 0 0 0 0 0 0 0 0
2002121020 0 0 0 0 0 0 0 0 0 0 0 0 0 0 0 0 0 0 0 0 0 0 0 0 0 0 0 0 0 0 0 0 0 0 0 0 0 0 0 0 0 0
2002121021 0 0 0 0 0 0 0 0 0 0 0 0 0 0 0 0 0 0 0 0 0 0 0 0 0 0 0 0 0 0 0 0 0 0 0 0 0 0 0 0 0 0
2002121022 0 0 0 0 0 0 0 0 0 0 0 0 0 0 0 0 0 0 0 0 0 0 0 0 0 0 0 0 0 0 0 0 0 0 0 0 0 0 0 0 0 0
2002121023 0 0 0 0 0 0 0 0 0 0 0 0 0 0 0 0 0 0 0 0 0 0 0 0 0 0 0 0 0 0 0 0 0 0 0 0 0 0 0 0 0 0
2002121100 0 0 0 0 0 0 0 0 0 0 0 0 0 0 0 0 0 0 0 0 0 0 0 0 0 0 0 0 0 0 0 0 0 0 0 0 0 0 0 0 0 0
2002121101 0 0 0 0 0 0 0 0 0 0 0 0 0 0 0 0 0 0 0 0 0 0 0 0 0 0 0 0 0 0 0 0 0 0 0 0 0 0 0 0 0 0
2002121102 0 0 0 0 0 0 0 0 0 0 0 0 0 0 0 0 0 0 0 0 0 0 0 0 0 0 0 0 0 0 0 0 0 0 0 0 0 0 0 0 0 0
2002121103 0 0 0 0 0 0 0 0 0 0 0 0 0 0 0 0 0 0 0 0 0 0 0 0 0 0 0 0 0 0 0 0 0 0 0 0 0 0 0 0 0 0
2002121104 0 0 0 0 0 0 0 0 0 0 0 0 0 0 0 0 0 0 0 0 0 0 0 0 0 0 0 0 0 0 0 0 0 0 0 0 0 0 0 0 0 0
2002121105 0 0 0 0 0 0 0 0 0 0 0 0 0 0 0 0 0 0 0 0 0 0 0 0 0 0 0 0 0 0 0 0 0 0 0 0 0 0 0 0 0 0
2002121106 0 0 0 0 0 0 0 0 0 0 0 0 0 0 0 0 0 0 0 0 0 0 0 0 0 0 0 0 0 0 0 0 0 0 0 0 0 0 0 0 0 0
2002121107 0 0 0 0 0 0 0 0 0 0 0 0 0 0 0 0 0 0 0 0 0 0 0 0 0 0 0 0 0 0 0 0 0 0 0 0 0 0 0 0 0 0
2002121108 0 0 0 0 0 0 0 0 0 0 0 0 0 0 0 0 0 0 0 0 0 0 0 0 0 0 0 0 0 0 0 0 0 0 0 0 0 0 0 0 0 0
2002121109 0 0 0 0 0 0 0 0 0 0 0 0 0 0 0 0 0 0 0 0 0 0 0 0 0 0 0 0 0 0 0 0 0 0 0 0 0 0 0 0 0 0
2002121110 0 0 0 0 0 0 0 0 0 0 0 0 0.1 0 0 0 0 0 0 0 0 0 0 0 0 0 0 0 0 0 0 0 0 0 0 0 0 0 0 0 0 0
2002121111 0 0 0 0 0 0 0 0 0 0 0 0 0 0 0 0 0 0 0 0 0 0 0 0 0 0 0 0 0 0.1 0 0 0 0 0 0 0 0 0 0 0 0
2002121112 0 0 0 0 0 0 0 0 0 0 0 0 0 0 0 0 0 0 0 0.1 0 0 0 0 0 0 0 0 0 0 0 0 0 0 0 0 0 0 0 0 0 0
2002121113 0 0 0 0 0 0 0 0 0 0 0 0 0 0 0 0 0 0 0 0 0 0 0 0 0 0 0 0 0 0 0 0 0 0 0 0 0 0 0 0 0 0
2002121114 0 0 0 0 0 0 0 0 0 0 0 0 0 0 0 0 0 0 0 0 0 0 0 0 0 0 0 0 0 0 0 0 0 0 0 0 0 0 0 0 0 0
2002121115 0 0 0 0 0 0 0 0 0 0 0 0 0 0 0 0 0 0 0 0 0 0 0 0 0 0 0 0 0 0 0 0 0 0 0 0 0 0 0 0 0 0
2002121116 0 0 0 0 0 0 0 0 0 0 0 0 0 0 0 0 0 0 0 0 0 0 0 0 0 0 0 0 0 0 0 0 0 0 0 0 0 0 0 0 0 0
2002121117 0 0 0 0 0 0 0 0 0 0 0 0 0 0 0 0 0 0 0 0 0 0 0 0 0 0 0 0 0 0 0 0 0 0 0 0 0 0 0 0 0 0
2002121118 0 0 0 0 0 0 0 0 0 0 0 0 0 0 0 0 0 0 0 0 0 0 0 0 0 0 0 0 0 0 0 0 0 0 0 0 0 0 0 0 0 0
2002121119 0 0 0 0 0 0 0 0 0 0 0 0 0 0 0 0 0 0 0 0 0 0 0 0 0 0 0 0 0 0 0 0 0 0 0 0 0 0 0 0 0 0
2002121120 0 0 0 0 0 0 0 0 0 0 0 0 0 0 0 0 0 0 0 0 0 0 0 0 0 0 0 0 0 0 0 0 0 0 0 0 0 0 0 0 0 0
2002121121 0 0 0 0 0 0 0 0 0 0 0 0 0 0 0 0 0 0 0 0 0 0 0 0 0 0 0 0 0 0 0 0 0 0 0 0 0 0 0 0 0 0
2002121122 0 0 0 0 0 0 0 0 0 0 0 0 0 0 0 0 0 0 0 0 0 0 0 0 0 0 0 0 0 0 0 0 0 0 0 0 0 0 0 0 0 0
2002121123 0 0 0 0 0 0 0 0 0 0 0 0 0 0 0 0 0 0 0 0 0 0 0 0 0 0 0 0 0 0 0 0 0 0 0 0 0 0 0 0 0 0
2002121200 0 0 0 0 0 0 0 0 0 0 0 0 0 0 0 0 0 0 0 0 0 0 0 0 0 0 0 0 0 0 0 0 0 0 0 0 0 0 0 0 0 0
2002121201 0 0 0 0 0 0 0 0 0 0 0 0 0 0 0 0 0 0 0 0 0 0 0 0 0 0 0 0 0 0 0 0 0 0 0 0 0 0 0 0 0 0
2002121202 0 0 0 0 0 0 0 0 0 0 0 0 0 0 0 0 0 0 0 0 0 0 0 0 0 0 0 0 0 0 0 0 0 0 0 0 0 0 0 0 0 0
2002121203 0 0 0 0 0 0 0 0 0 0 0 0 0 0 0 0 0 0 0 0 0 0 0 0 0 0 0 0 0 0 0 0 0 0 0 0 0 0 0 0 0 0
2002121204 0 0 0 0 0 0 0 0 0 0 0 0 0 0 0 0 0 0 0 0 0 0 0 0 0 0 0 0 0 0 0 0 0 0 0 0 0 0 0 0 0 0
2002121205 0 0 0 0 0 0 0 0 0 0 0 0 0 0 0 0 0 0 0 0 0 0 0 0 0 0 0 0 0 0 0 0 0 0 0 0 0 0 0 0 0 0
2002121206 0 0 0 0 0 0 0 0 0 0 0 0 0 0 0 0 0 0 0 0 0 0 0 0 0 0 0 0 0 0 0 0 0 0 0 0 0 0 0 0 0 0
2002121207 0 0 0 0 0 0 0 0 0 0 0 0 0 0 0 0 0 0 0 0 0 0 0 0 0 0 0 0 0 0 0 0 0 0 0 0 0 0 0 0 0 0
2002121208 0 0.1 0 0 0 0 0 0 0 0 0 0 0 0 0 0 0 0 0 0 0 0 0 0 0 0 0 0 0 0 0 0 0 0 0 0 0 0 0 0 0 0
2002121209 0 0 0 0 0 0 0 0 0 0 0 0 0 0 0 0 0 0.1 0.1 0.1 0 0.1 0 0.1 0 0 0 0 0 0 0 0 0 0 0 0 0 0 0 0 0 0
2002121210 0 0 0.1 0 0 0 0 0 0 0 0.1 0.1 0.1 0.3 0.1 0.3 0.4 0 0.1 0 0.4 0 0 0 0.1 0 0 0.2 0 0 0 0.2 0 0.1 0 0 0.1 0 0.3 0 0 0
2002121211 0 0 0 0 0 0 0 0 0 0 0 0 0 0 0 0 0.1 0 0 0 0 0 0 0 0 0 0 0 0 0.2 0 0 0 0 0 0.1 0 0 0 0 0 0
2002121212 0 0 0 0 0 0 0 0 0 0 0 0 0 0 0.1 0 0 0 0 0 0 0 0 0 0 0 0.1 0 0 0 0 0 0 0 0 0 0.1 0 0 0 0 0
2002121213 0 0 0 0 0 0 0 0 0 0 0 0 0 0 0 0 0 0 0 0 0 0 0 0 0 0 0 0 0 0 0 0 0.1 0.1 0 0.1 0 0 0 0.2 0 0
2002121214 0 0 0 0 0 0 0 0 0 0 0 0 0 0 0 0 0 0 0 0 0 0 0 0 0 0 0 0 0 0 0 0 0 0 0 0 0 0 0 0 0 0
2002121215 0 0 0 0 0 0 0 0 0 0 0 0 0 0 0 0 0 0 0 0 0 0 0 0 0 0 0 0 0 0 0 0 0 0 0 0 0 0 0 0 0 0
2002121216 0 0 0 0 0 0 0 0 0 0 0 0 0 0 0 0 0 0 0 0 0 0 0 0 0 0 0 0 0 0 0 0 0 0 0 0 0 0 0 0 0 0
2002121217 0 0 0 0 0 0 0 0 0 0 0 0 0 0 0 0 0 0 0 0 0 0 0 0 0 0 0 0 0 0 0 0 0 0 0 0 0 0 0 0 0 0
2002121218 0 0 0 0 0 0 0 0 0 0 0 0 0 0 0 0 0 0 0 0 0 0 0 0 0 0 0 0 0 0 0 0 0 0 0 0 0 0 0 0 0 0
2002121219 0 0 0 0 0 0 0 0 0 0 0 0 0 0 0 0 0 0 0 0 0 0 0 0 0 0 0 0 0 0 0 0 0 0 0 0 0 0 0 0 0 0
2002121220 0 0 0 0 0 0 0 0 0 0 0 0 0 0 0 0 0 0 0 0 0 0 0 0 0 0 0 0 0 0 0 0 0 0 0 0 0 0 0 0 0 0
2002121221 0 0 0 0 0 0 0 0 0 0 0 0 0.1 0 0 0 0 0 0 0 0 0 0 0 0 0 0 0 0 0 0 0 0 0 0 0 0 0 0 0 0 0
2002121222 0 0 0 0 0 0 0 0 0 0 0 0 0 0 0 0 0 0 0 0 0 0 0 0 0 0 0 0 0 0 0 0 0 0 0 0 0 0 0 0 0 0
2002121223 0 0 0 0 0 0 0 0 0 0 0 0 0 0 0 0 0 0 0 0 0 0 0 0 0 0 0 0 0 0 0 0 0 0 0 0 0 0 0 0 0 0
2002121300 0 0 0 0 0 0 0 0 0 0 0 0 0 0 0 0 0 0 0 0 0 0 0 0 0 0 0 0 0 0 0 0 0 0 0 0 0 0 0 0 0 0
2002121301 0 0 0 0 0 0 0.1 0 0 0 0 0 0 0 0 0 0 0 0 0 0 0 0 0 0 0 0 0 0 0 0 0 0 0 0 0 0 0 0 0 0 0
2002121302 0 0 0 0 0.1 0 0 0 0 0 0 0 0 0 0 0 0 0 0 0.1 0 0.1 0 0 0 0 0 0 0 0 0 0 0 0 0 0 0 0 0 0 0 0
2002121303 0 0 0 0 0 0 0 0 0 0 0 0 0 0 0 0 0 0 0 0 0 0 0 0 0 0 0 0 0 0 0 0 0 0 0 0 0 0 0 0 0 0
2002121304 0 0 0 0 0.2 0.1 0 0 0 0.1 0 0 0 0 0 0 0 0 0.3 0 0 0.3 0 0 0 0 0 0 0 0 0 0 0 0 0 0 0 0 0 0 0 0
2002121305 0 0 0 0 0.1 0 0 0 0 0 0 0 0 0 0 0.3 0 0.5 0 0 0 0.1 0 0 0 0 0 0 0 0 0 0.5 0 0 0 0 0 0 0 0 0 0
2002121306 0 0 0 0 0 0 0 0 0 0.5 0 0 0 0 0 0 0 0 0 0 0 0 0 0 0 0 0 0 0 0 0 0.1 0 0.4 0 0 0 0 0 0 0 0
2002121307 0 0 0.3 0 0 0 0.1 0 0 0 0 0 0 0 0 0 0 0 0 0 0 0 0 0 0 0 0 0 0 0 0 0 0 0.2 0.2 0 0 0 0 0 0 0
2002121308 0.1 0.1 0.3 0 0 0.1 0.1 0 0 0 0 0 0 0 0 0 0 0 0 0.4 0 0 0 0.1 0 0 0 0 0 0 0 0 0 0 0.2 0.4 0 0 0 0 0 0
2002121309 0 0 0 0.3 0 0 0.1 0.4 0 0 0.1 0 0 0.1 0.3 0 0 0 0 0 0.1 0 0.1 0.4 0.1 0.5 0 0 0 0 0 0 0 0 0 0 0.3 0 0.1 0 0 0
2002121310 0 0 0 0 0 0 0 0 0.1 0 0 0 0 0 0 0 0 0 0.1 0.1 0 0 0 0 0 0 0.1 0.1 0.4 0.1 0.1 0 0 0 0 0 0.1 0 0.1 0.1 0 0
2002121311 0 0.1 0 0 0 0 0 0 0 0 0 0 0.1 0.1 0 0 0.1 0 0 0 0 0 0 0 0.1 0 0 0 0 0 0.4 0 0 0 0 0 0 0 0 0 0.3 0.1
2002121312 0 0 0 0 0 0 0 0 0 0 0 0.1 0 0 0 0.1 0.1 0 0 0 0.1 0 0.1 0 0 0 0 0 0 0 0 0 0 0 0 0 0 0 0 0.1 0 0
2002121313 0 0 0 0 0.1 0 0 0 0 0 0 0 0 0 0 0 0 0 0 0 0 0 0 0 0.1 1.2 0 0 0 0 0 0 0 0 0 0 0 0 0 0 0 0
2002121314 0 0.1 0 0 0 0 0 0 0.1 0.2 0 0.2 0 0 0 0 0 0.8 0.3 0 0 0 1.9 1.8 0.2 0.8 0 0.2 0 0.1 0 0 0 0.1 0 0 0 0 0 0.1 0.1 0.1
2002121315 0 0.3 0 0 0 0 0 0 0 0.2 0 0 0 0 0 0 0 0.4 0.2 1 1.1 1.3 0.3 0.2 0.2 0.2 0 0 0 0 0 0.1 0 0.1 0 0.3 0.7 0 0 0 0 0
2002121316 0 0.2 0 0 0.2 0 0 0 0 0 0 0 0 0 0 0 0 0.1 0 0 1.5 0 0 0 0.1 0.1 0 0 0.3 0.1 0.2 0 0 0.3 0.7 1.1 2.2 0 0.5 0 0 0
2002121317 0 0 0.3 0 0 0.6 0 0.1 0 0 0 0 0 0 0 0 0 0 0 0 0 0 0 0 0 0 0 0 0 0.1 0 0.1 0 0.2 0 0.1 0.1 0 0 0.1 0.1 0.1
2002121318 0.4 0 1.1 0 0.6 1.5 1.7 0 0.1 0 0 0.1 0 0 0 0 0 0 0 0 0.1 0 0.1 0 0.1 0 0 0.1 0 0 0 0 0 0.1 0.1 0 0 0 0.1 0.1 0.2 0
2002121319 0.7 0 0 0.1 0.5 0 0.2 0 0 0 0.6 0 0 0 0 0 0 0 0 0 0 0 0 0 0 0 0 0 0.1 0 0.1 0 0 0.1 0 0 0 0 0 0 0 0
2002121320 0.1 0 0.5 0.2 0 0 0 0 0 0 0.1 0 0 0.1 0 0 0 0 0 0 0 0.1 0 0 0 0.1 0 0.1 0 0 0 0.1 0 0 0 0 0 0 0 0 0 0
2002121321 0 0 0 0 0 0 0 0 0 0 0 0 1 0 0.2 0.8 0.1 0 0 0 0 0 0 0 0 0 0 0 0 0 0 0 0 0 0 0 0 0 0 0 0 0
2002121322 0 0.1 0.1 0 0 0 0 0 0 0 0 0 0 0 0 0.1 0 0 0.1 0 0 0 0 0.1 0 0 0 0 0 0.1 0 0 0 0 0 0.2 0 0 0 0 0 0
2002121323 0 0.1 0 0 0 0 0 0 0 0 0 0 0.1 0 0 0 0.5 0 0 0.1 0 0 0 0 0 0 0.1 0 0 0 0.1 0 0 0.1 0 0 0 0 0 0.4 0.1 0
2002121400 0 0 0 0 0 0.1 0 0 0 0.3 0 0 0.1 0.1 1 0.1 0 0 0 0.4 0 0 0 0 0 0 0 0 0 0 0 0.1 0 0 0 0 0 0 0 0 0 0
2002121401 0 0 0 0 0 0.1 0.1 0 0 0.2 0 0.3 0 0 0 0.2 0 0 0 0 0 0 0 0 0 0 0.1 0 0 0 0 0 0 0 0 0.2 0 0 0 0 0 0
2002121402 0 0 0 0 0 0 0 0 0 0.1 0.5 0.2 0 0 0 0 0 0 0 0 0 0 0 0 0 0 0 0 0 0 0 0 0 0.3 0 0 0 0.1 0 0 0 0
2002121403 0 0 0 0 0 0 0 0 0 0 0.1 0 0 0 0.1 0 0 0 0 0 0 0 0 0 0 0 0 0 0 0 0 0 0 0 0 0 0 0 0 0 0 0
2002121404 0 0 0 0 0 0 0 0 0 0 0 0 0 0 0 0 0.1 0.1 0 0 0 0 0.1 0 0 0.1 0 0 0 0 0.1 0 0 0 0 0 0 0.1 0 0 0.1 0
2002121405 0 0 0 0 0 0 0 0 0 0 0 0 0 0 0 0 0 0 0 0 0 0 0 0.1 0 0 0 0 0.1 0 0 0 0 0.1 0 0 0 0 0 0 0 0
2002121406 0 0 0 0 0.1 0 0 0 0 0 0 0 0 0 0 0 0 0 0 0 0 0 0 0 0.1 0 0 0 0 0.1 0 0.1 0 0 0 0 0 0.1 0 0 0 0
2002121407 0 0 0 0 0 0 0 0.1 0 0 0 0 0 0 0 0 0 0 0 0 0 0 0.1 0 0 0 0.1 0 0 0 0.1 0 0 0 0 0 0 0 0 0 0 0.1
2002121408 0 0 0 0 0 0 0 0 0 0 0 0 0 0 0 0 0 0 0 0 0 0 0 0 0 0 0 0 0 0 0 0 0 0 0 0 0 0 0 0 0 0
2002121409 0 0 0 0 0 0 0.1 0 0 0 0 0 0 0 0 0 0 0 0 0 0 0 0 0 0 0 0 0 0.1 0 0 0 0 0 0 0 0 0 0 0 0 0
2002121410 0 0 0 0 0 0 0 0 0 0 0 0 0 0 0 0 0 0 0 0 0 0 0 0 0 0 0 0 0 0 0 0 0 0 0 0 0 0 0 0 0 0
2002121411 0 0 0 0 0 0 0 0 0.1 0 0 0 0 0 0 0 0 0 0 0 0 0 0 0 0 0 0 0 0 0 0 0 0 0 0 0 0 0 0 0 0 0
2002121412 0 0 0 0 0 0 0 0 0 0 0 0 0 0 0 0 0 0 0 0 0 0 0 0 0 0 0 0 0 0 0 0 0 0 0 0 0 0 0 0 0 0
2002121413 0 0 0 0 0 0 0 0 0 0 0 0 0 0 0 0 0 0 0 0 0 0 0 0 0 0 0 0 0 0 0 0 0.1 0 0 0 0 0 0 0 0 0
2002121414 0 0 0 0 0 0 0 0 0 0 0 0 0 0 0 0 0 0 0 0 0 0 0 0 0 0 0 0 0 0 0 0 0 0 0 0 0 0 0 0 0 0
2002121415 0 0 0 0 0 0 0 0 0 0 0 0 0 0 0 0 0 0 0 0 0 0 0 0 0 0 0 0 0 0 0 0 0 0 0 0 0 0 0 0 0 0
2002121416 0 0 0 0 0 0 0 0 0 0 0 0 0 0 0 0 0 0 0 0 0 0 0 0 0 0 0 0 0 0 0 0 0 0 0 0 0 0 0 0 0 0
2002121417 0 0 0 0 0 0 0 0 0 0 0 0 0 0 0 0 0 0 0 0 0 0 0 0 0 0 0 0 0 0 0 0 0 0 0 0 0 0 0 0 0 0
2002121418 0 0 0 0 0 0 0 0 0 0 0 0 0 0 0 0 0 0 0 0 0 0 0 0 0 0 0 0 0 0 0 0 0 0 0 0 0 0 0 0 0 0
2002121419 0 0 0 0 0 0 0 0 0 0 0 0 0 0 0 0 0 0 0 0 0 0 0 0 0 0 0 0 0 0 0 0 0 0 0 0 0 0 0 0 0 0
2002121420 0 0 0 0 0 0 0 0 0 0 0 0 0 0 0 0 0 0 0 0 0 0 0 0 0 0 0 0 0 0 0 0 0 0 0 0 0 0 0 0 0 0
2002121421 0 0 0 0 0 0 0 0 0 0 0 0 0 0 0 0 0 0 0 0 0 0 0 0 0 0 0 0 0 0 0 0 0 0 0 0 0 0 0 0 0 0
2002121422 0 0 0 0 0 0 0 0 0 0 0 0 0 0.1 0 0 0.7 0 0 0.1 0 0 0.2 0.2 0.2 0.4 0 0 0 0 0 0 0 0 0 0 0 0.1 0.1 0.1 0 0
2002121423 0 0 0 0 0 0 0 0 0 0.2 0 0 0.5 0.3 0.3 0.6 0.7 0.2 0.1 0 0.1 0 0.1 0.1 0.2 0.1 0.1 0.3 0 0 0 0.1 0 0 0 0.1 0.4 0 0.1 0.2 0.2 0.1
2002121500 0 0.6 0.1 0 0.2 0 0.1 0.3 0.3 0.3 0.2 0.3 0.2 0 0.3 0.5 0 0 0.1 0 0.1 0.1 0.1 0 0 0 0.1 0.1 0.4 0.5 0.1 0.1 0.1 0.3 0.3 0.4 0.8 0 0 0 0.3 0.2
2002121501 0.4 0.3 0.4 0.5 0.5 0.3 0.3 0.6 0.6 0.1 0.4 0 0 0 0 0 0 0 0 0 0 0 0 0 0 0 0 0 0.2 0.1 0.1 0 0 0.1 0.1 0.1 0 0 0 0 0.4 0.4
2002121502 0.6 0 0.3 0.6 0.6 0.1 0.2 0.1 0.5 0 0 0 0 0 0 0 0 0 0 0 0.1 0.2 0 0 0 0 0.1 0.2 0 0 0 0.5 0 0 0 0 0 0 0.1 0.1 0.1 0.2
2002121503 0.3 0 0 0.2 0.1 0 0 0 0.1 0 0 0 0 0 0 0 0 0 0 0 0 0.1 0 0 0 0 0 0 0.6 0.6 0.6 0.2 0 0 0.1 0 0.1 0 0 0 0 0
2002121504 0 0 0 0 0 0 0 0.1 0 0 0 0 0 0 0 0 0 0 0 0 0 0 0 0 0 0 0 0 0 0 0 0 0 0 0 0 0 0 0 0 0 0
2002121505 0 0 0 0 0 0 0 0 0 0 0 0 0 0 0 0 0 0 0 0 0 0 0 0 0 0 0 0 0.1 0 0 0 0 0 0 0 0 1.5 0 0 0 0.1
2002121506 0 0 0 0 0 0 0 0 0 0 0 0 0 0 0 0 0 0 0 0 0 0 0 0 0 0 0 0 0 0 0 0 0 0 0 0 0 0.1 0 0 0 0
2002121507 0 0 0 0 0 0 0 0 0 0 0 0 0 0 0 0 0 0.1 0 0 0 0 0.2 0.5 0.7 0.6 0.3 0 0 0 0 0 0 0 0 0 0 0 0.5 0.3 0.1 0
2002121508 0 0 0 0 0 0 0.1 0 0 0 0 0 0 0 0 0 0 0.2 0.2 0.1 0 0 0.1 0 0.1 0 0.2 0.3 0 0 0.2 0 0 0 0 0 0 0.1 0 0.1 0 0
2002121509 0 0 0 0 0 0 0 0 0 0 0 0 0 0 0 0 0 0 0 0 0 0 0 0 0 0 0 0 0 0 0 0 0 0 0 0 0 0 0 0 0 0
2002121510 0 0 0 0 0 0 0 0 0 0 0 0 0 0 0 0 0 0 0 0 0 0 0 0.2 0 0.5 0 0 0 0 0 0 0 0 0 0 0 0 0 0 0 0
2002121511 0 0 0 0 0 0 0 0 0 0 0 0 0 0 0 0 0 0.2 0.1 0 0 0 0.6 1.3 0.6 1.1 0.3 0.1 0 0 0 0 0.1 0 0 0 0 0 0.2 0.2 0 0
2002121512 0 0 0 0 0 0 0 0 0 0 0 0 0 0.2 0 0 0.7 0.5 0.3 0.4 0 0 1.4 1.8 1.8 2.2 1.1 0.6 0.1 0 0 0.2 0 0 0 0 0 0.2 0.6 0.5 0.1 0
2002121513 0 0 0 0 0 0 0 0 0.1 0 0 0 0.1 0.2 0.1 0 0.1 1.2 1 0.4 0.1 0.1 1.3 2 3 1.9 1.9 1.9 0.3 0.1 0.3 0.8 0 0 0 0 0 0.3 1.5 1.3 0.2 0.3
2002121514 0 0 0 0 0 0 0 0 0 0 0 0 0 0.1 0.1 0.1 0.1 0.6 0.9 0.2 0.1 0.1 0.6 0.6 0.9 0.4 1.2 1.7 0.4 0.3 0.7 0.8 0.2 0 0 0 0 0.8 1.1 0.4 0.1 0.1
2002121515 0 0 0 0 0.1 0 0 0.2 0.1 0 0 0 0.3 0.8 0.2 0.3 1.4 0.7 0.4 0.4 0.2 0.3 0.7 0.4 0 0 0 0.3 0.5 0.1 0.2 0.3 0.2 0 0 0 0 0.6 0.1 0.1 0.5 0.2
2002121516 0 0.2 0 0 0 0 0 0.4 0.1 0.8 0 1.5 0.7 1.7 2.2 2.7 1.8 1.4 0.6 0.7 0.4 0.4 0.9 0.3 1 0.2 1.1 0.8 0.5 0.4 0.5 0.6 0.3 0.5 0.2 1.2 0.4 0.9 0.6 0.4 0.3 0.3
2002121517 0.2 0.6 0.1 0.5 0.1 0.1 0.2 0.4 0.2 0.7 0.3 1.1 1.3 1.3 0.8 1.6 1.2 0.6 0.5 1.2 0.6 0.6 1.1 0.3 0.2 0.1 0.4 0.6 0.8 0.5 0.8 0.7 0.7 1.9 0.5 2.1 1.7 1.4 0.4 0 0.1 0.2
2002121518 0 0.4 0.4 0.2 0.4 0.7 0.5 1.7 0.4 0.4 0.4 0.7 0.7 0.8 0.9 0.5 0.4 0.5 0.7 0.4 0.2 0.2 1.9 0.6 0 0 0 0.9 0.7 0.5 0.3 0.4 2.1 1.4 0.7 0.8 0.5 0.4 0.7 0.5 0.5 0.5
2002121519 0.1 0.2 0.1 0.3 0.3 0.4 0.4 0.6 0.6 0.2 0.1 0 0.1 0 0 0.1 0 2.3 0.4 0.2 0.4 0.9 1.7 1.2 0.4 0.1 0.1 0.8 0.4 0.4 0.4 0.5 0.4 0 0.4 0.1 0.2 0.9 1.5 0.7 0.3 0.5
2002121520 0 0 0.1 0 0.4 0.2 0.3 0.2 1.7 0 0 0.1 0 0 0 0 0.1 0.8 0.5 0.1 0 0.6 0.8 0.8 1.2 0.6 0.7 0.7 0.1 0.1 0.1 0.2 0.3 0.1 0.5 0.3 0.4 0.3 1 0.2 0.4 0.6
2002121521 0 0.1 0 0 0.4 0.3 0.8 0 0.1 0 0 0 0 0.2 0.1 0.2 0.4 0.6 0.8 0.1 0.1 0.1 0.6 0.9 1.7 0.5 0.8 0.7 0 0.2 0.1 0.3 0.1 0 0.3 0 0.3 0.1 0.9 0.3 0.1 0.1
2002121522 0 0 0 0 0.2 0.1 0.1 0.2 0.1 0.1 0 0.2 0.1 0.4 0.2 0.2 0.4 0.5 0.7 0.1 0.3 0.3 0.7 1.1 1.7 0.7 1.6 1.3 0.1 0.2 0.2 0.4 0.4 0.1 0.5 0.1 0.4 0.2 0.6 0.5 0 0
2002121523 0.1 0 0.1 0 0.2 0 0.1 0.4 0.1 0.1 0.1 0.1 0.2 0.8 0.2 0.4 0.7 0.4 0.4 0.5 0.2 0.1 0.6 0.6 1.5 0.3 0.9 0.9 0.2 0.2 0.4 0.3 0.6 0 0.4 0.2 0.5 0.2 0.2 0.3 0 0.1
2002121600 0 0 0.1 0 0.3 0.1 0.2 0.6 0.5 0.4 0 0.2 0.4 0.6 0.3 0.2 0.4 0.6 0.5 0.1 0.1 0.4 0.7 1.2 1.4 0.8 0.7 0.8 0.2 0.6 0.3 0.3 1 0.2 0.3 0.4 0.3 0.4 0.1 0 0.2 0.2
2002121601 0 0.2 0 0.1 0.2 0.1 0 0.6 0.5 1 0.3 0.4 0.5 0.6 0.7 0.2 0.6 0.4 0.4 0.1 0 0 0.5 0.8 2.1 0.8 1.5 0.9 0.4 0.5 0.3 0.3 1 0.1 0.1 0.1 0.1 0.4 0.2 0.6 0.5 0.4
2002121602 0.5 0.1 1.1 0.3 0.3 0.1 0.2 0.4 0.2 0.6 0.4 1.1 0.5 1.4 0.9 0.9 0.6 0.1 0.2 0 0 0.1 0.2 0.5 1.4 0.4 0.8 1 0.2 0.2 0.3 0.2 0.5 0.6 0.1 0.6 0.6 0.4 0.4 0.5 0.2 0.2
2002121603 0.5 0 0.9 0 0.6 0.7 0.8 0.6 0.9 0.3 0 0.5 0.4 0.3 0.4 1.1 1.1 0.1 0.1 0.5 0.5 0.2 0.2 0.1 0.3 0.1 0.3 0.3 0.5 0.7 0.1 0 1.4 0.8 1.1 1.1 1.1 0.1 0.2 0.1 0.7 0.3
2002121604 0 0.1 0 0.1 1.1 0.2 0.3 0.8 1.9 0.1 0 0.1 0.2 0 0.1 0.7 0.1 0.4 0 0.4 0.8 0.9 0.2 0.1 0.2 0 0.2 0.2 0.3 0.8 0.1 0.3 1.1 0 0.7 0.4 1 0.1 0 0 0.5 0.6
2002121605 0.6 0 0 0.4 0.3 0 0.1 0.5 0.4 0.1 0 0 0 0.1 0 0.2 0 0.1 0.1 0 0.3 0.2 0.1 0.2 0 0.1 0.4 0.2 0.5 0.9 0.1 0.1 1.5 0 0.3 0.5 1 0.2 0 0 0.5 0.3
2002121606 0 0 0.1 0 0.2 0.1 0.3 0.5 0.2 0 0 0 0 0 0 0 0 0.2 0.2 0.3 0 0 0.2 0.6 0.6 0.8 0.9 0.7 0 0 0.1 0.1 0.8 0 0.1 0.1 0 0.1 0 0 0.4 0.5
2002121607 0 0.1 0.1 0 0.2 0.1 0.1 0 0.2 0 0 0.1 0 0 0 0 0.1 0.1 0 0.5 0.6 0.2 0.3 0.5 0.8 0.5 0.3 0.2 0 0 0 0.1 0.1 0 0 0 0.1 0.1 0 0 0.3 0.1
2002121608 0 0.1 0.2 0 0.3 0 0.2 0.4 1 0 0 0 0 0.1 0 0.1 0 0.3 0.1 0.2 0.3 0.2 0.1 0.1 0.4 0.1 0.3 0.2 0.2 0.1 0.2 0.2 0.6 0 0 0 0.1 0.1 0 0 0.1 0.3
2002121609 0.1 0.2 0.6 0.1 0.4 0.1 0 0.1 0.6 0 0 0 0 0.3 0 0.2 0 0.1 0.1 0 0 0 0.2 0 0.1 0 0.1 0.1 0 0.2 0.1 0.2 0.6 0 0.1 0.1 0.2 0.1 0 0 0.1 0.1
2002121610 0.5 0 0.1 0 0.1 0 0.1 0.3 0.2 0 0 0 0.2 0.1 0 0.2 0 0.3 0.1 0 0.2 0.3 0.2 0 0 0 0.1 0.1 0.2 0.2 0.3 0.3 1.6 0 0.4 0 0.2 0.1 0 0 0.2 0.2
2002121611 0.5 0 0.2 0 0.4 0 0.1 0.3 0.2 0.1 0 0.2 0.1 0.3 0.2 0.1 0 0.1 0 0 0 0.2 0.1 0 0.1 0.1 0.1 0 0.1 0.1 0.2 0 0.6 0 0.4 0.1 0 0.1 0 0 0.3 0.1
2002121612 0 0.1 0 0.1 0 0 0 0.3 0.2 0 0 0.1 0 0 0 0.1 0 0 0 0 0 0 0 0 0 0 0 0 0.1 0.2 0 0.2 0.4 0 0 0.1 0 0 0 0 0.5 0.4
2002121613 0.2 0 0 0.1 0.3 0.2 0.2 0.1 0.6 0.1 0 0 0 0.2 0.1 0 0.1 0 0.1 0 0 0 0 0 0 0 0 0 0 0 0 0 0.1 0.2 0.1 0 0 0 0 0 0.6 0.7
2002121614 1 0.1 0.6 0.2 0.4 0.5 0.3 0.2 0.6 0 0 0.1 0.1 0 0 0.1 0.2 0 0 0 0 0 0 0 0 0 0 0 0 0 0 0 0.1 0 0 0.1 0 0.1 0 0 0.1 0.2
2002121615 0.7 0.1 0 0.3 0.5 0.4 0.2 0 0.4 0.1 0 0 0.1 0 0.1 0 0 0 0 0 0.1 0 0 0 0 0 0 0 0 0 0 0 0.1 0.1 0 0 0.2 0 0 0 0 0.1
2002121616 0.1 0.2 0.6 0.1 1.3 0.4 0.9 0.1 0.7 0 0.3 0 0 0.1 0 0.1 0.1 0 0 0.1 0 0.1 0 0 0 0 0 0 0.1 0 0 0 0.4 0 0.1 0 0 0 0 0 0.1 0.1
2002121617 0.3 0 0.3 0 0.7 0.6 0.8 0 0.9 0 0 0.1 0 0.1 0 0 0.1 0 0 0 0.1 0 0 0 0 0 0 0 0 0.1 0 0 0 0.1 0 0.1 0 0 0 0 0.1 0.2
2002121618 0.1 0 0 0 0.5 0.3 0.5 0 0.6 0.1 0.1 0.2 0 0 0 0.2 0 0 0 0 0 0.1 0 0 0 0 0 0 0 0 0 0.1 0.3 0.2 0.2 0.1 0.2 0.1 0 0 0 0
2002121619 0.1 0.1 0.6 0.1 0.2 0.3 0.1 0.2 0.4 0 0.2 0.1 0.1 0 0 0 0 0 0 0 0.1 0.1 0 0 0 0 0 0 0 0.1 0.1 0 0.1 0.1 0.2 0 0.1 0.1 0 0 0.1 0.1
2002121620 0.2 0.1 0.4 0.2 1.1 0.7 1.1 0.2 0.6 0.2 0 0.5 0.1 0.1 0.1 0.2 0 0 0 0 0 0 0 0 0 0 0 0 0.1 0 0.1 0.2 0.1 0.4 0.1 0.2 0 0.1 0 0 0 0.1
2002121621 1.1 0.4 0.3 0.1 1.5 0.1 0.4 0.4 0.5 0 0.3 0 0 0 0.2 0.5 0.1 0 0 0 0 0.1 0 0 0 0 0.1 0 0.1 0.1 0 0.1 0.8 0 0.5 0.2 0.2 0 0 0 0.1 0.1
2002121622 0.3 0.1 0.5 0.1 1.1 0.2 0.7 0.3 0.4 0.4 0.2 0.3 0.1 0.1 0.1 0.1 0.1 0.3 0.5 0.4 0.2 0.2 0.1 0 0 0 0 0 0.4 0.1 0.1 0.4 0.6 0.3 0.2 0 0.1 0.2 0 0 0.1 0.1
2002121623 0.2 0 0.2 0 0.8 0.4 0.8 0.2 0.3 0 0 0.1 0 0.1 0 0.1 0 0.2 0.1 0 0 0.1 0.1 0 0 0 0 0 0.2 0.1 0 0.1 0.4 0.1 0.1 0.3 0 0.2 0 0 0.1 0.1
2002121700 0 0 0.2 0 0.4 0.1 0.3 0.5 0.3 0 0.1 0.2 0 0.2 0 0.1 0 0 0 0 0 0 0 0 0 0 0 0 0.1 0.3 0.1 0.1 0.2 0 0.5 0.1 0.1 0 0 0 0 0.1
2002121701 0 0.1 0 0.1 0.1 0 0.2 0.1 0.1 0.1 0 0.1 0.1 0.1 0 0 0.3 0 0 0.1 0 0.3 0.2 0 0 0 0 0 0.1 0.4 0.1 0.3 0.2 0.1 0.1 0.2 0.2 0.1 0 0 0.1 0.2
2002121702 0 0 0.1 0 0.1 0.1 0 0 0.1 0.2 0 0.1 0 0 0 0 0 0.3 0.4 0.1 0 0 0.4 0.1 0 0 0.2 0 0.2 0.2 0.3 0.4 0.5 0.1 0.2 0.1 0 0.2 0 0 0 0.1
2002121703 0 0 0 0 0 0 0.1 0.1 0 0.2 0 0.2 0 0 0 0 0 0 0.1 0 0 0 0.2 0.1 0 0.1 0.1 0.1 0 0.2 0.2 0.2 0.1 0.1 0.2 0 0 0.1 0 0 0 0
2002121704 0 0 0 0 0 0.1 0.1 0.1 0 0.2 0 0.3 0 0 0 0 0 0.1 0.1 0 0 0 0 0 0 0 0.1 0 0 0 0 0 0.2 0.1 0.3 0.1 0.1 0 0 0 0 0.1
2002121705 0 0 0 0 0 0 0 0 0.1 0 0 0.1 0.1 0 0.1 0 0.1 0 0 0 0 0 0 0 0 0.1 0 0 0 0.1 0 0.1 0.1 0 0.1 0.1 0.1 0 0 0 0 0
2002121706 0.1 0 0 0 0 0 0 0 0 0 0 0 0.1 0.1 0.1 0.1 0 0 0 0 0.1 0 0 0 0 0 0 0 0.1 0 0 0 0 0.1 0 0.1 0.1 0 0 0 0 0
2002121707 0.1 0 0.1 0 0 0 0.2 0 0 0 0 0.1 0 0 0 0 0 0 0 0 0 0.1 0 0.1 0.1 0 0.1 0 0 0 0 0 0 0 0.1 0 0 0 0 0 0 0
2002121708 0.2 0 0.2 0.1 0 0.1 0.1 0 0 0 0 0 0 0 0 0 0 0 0 0 0 0 0.1 0 0 0 0 0 0 0.1 0 0 0 0 0 0 0 0 0 0 0 0
2002121709 0.2 0.2 0.1 0.1 0 0 0.2 0.1 0.1 0 0.2 0 0 0 0 0 0 0 0 0 0 0 0 0 0 0 0 0 0 0 0 0 0.2 0 0 0 0 0 0 0 0 0
2002121710 0.1 0.1 0 0 0 0 0.1 0.1 0 0.1 0.1 0 0 0 0 0 0 0 0 0 0 0 0 0 0 0 0 0 0 0 0.1 0 0 0 0 0 0 0 0 0 0 0.1
2002121711 0 0.1 0.1 0 0 0 0.1 0 0 0 0.2 0 0 0 0 0 0 0 0 0 0 0 0.1 0 0 0 0 0 0 0.1 0 0 0 0 0 0 0 0 0.1 0 0 0
2002121712 0.1 0.1 0.1 0.1 0 0 0.1 0 0.1 0.1 0.1 0 0 0 0 0 0 0 0 0 0 0 0 0 0 0 0 0 0 0 0 0 0 0 0 0 0 0 0 0 0 0
2002121713 0.2 0 0.1 0.1 0 0.2 0 0.1 0.1 0 0 0 0 0 0 0 0 0 0 0 0 0 0 0 0 0 0 0 0 0 0 0 0 0 0 0 0 0 0 0 0 0.1
2002121714 0 0.1 0 0.1 0 0 0 0 0 0 0 0 0 0 0 0 0 0 0 0 0 0 0 0 0 0 0 0 0 0 0 0 0 0 0 0 0 0 0 0 0 0.1
2002121715 0 0.2 0 0.1 0 0 0 0 0 0 0 0 0 0 0 0 0 0 0 0 0 0 0 0 0 0 0 0 0 0 0 0 0 0 0 0 0 0 0 0 0 0
2002121716 0 0.1 0 0 0 0 0 0 0 0 0 0 0 0 0 0 0 0 0 0 0 0 0 0 0 0 0 0 0 0 0 0 0 0 0 0 0 0 0 0 0 0
2002121717 0 0 0 0 0 0 0 0 0 0.1 0 0.1 0 0 0 0 0 0 0 0 0 0 0 0 0 0 0 0 0 0 0 0 0 0 0 0 0 0 0 0 0 0
2002121718 0 0 0 0 0 0 0 0 0 0 0 0 0 0 0 0 0 0 0 0 0 0 0 0 0 0 0 0 0 0 0 0 0 0 0 0 0 0 0 0 0 0
2002121719 0 0 0 0 0 0 0 0 0 0 0 0 0 0 0 0 0 0 0 0 0 0 0 0 0 0 0 0 0 0 0 0 0 0 0 0 0 0 0 0 0 0
2002121720 0 0 0 0 0 0 0 0 0 0 0 0 0 0 0 0 0 0 0 0 0 0 0 0 0 0 0 0 0 0 0 0 0 0 0 0 0 0 0 0 0 0
2002121721 0 0 0 0 0 0 0 0 0 0 0 0 0 0 0 0 0 0 0 0 0 0 0 0 0 0 0 0 0 0 0 0 0 0 0 0 0 0 0 0 0 0
2002121722 0 0 0 0 0 0 0 0 0 0 0 0.1 0 0 0 0 0 0 0 0 0 0 0 0 0 0 0 0 0 0 0 0 0 0 0 0 0 0 0 0 0 0
2002121723 0 0 0 0 0 0 0 0 0 0 0 0 0 0 0 0 0 0 0 0 0 0 0 0 0 0 0 0 0 0 0 0 0 0 0 0 0 0 0 0 0 0
2002121800 0 0 0 0 0 0 0 0 0 0 0 0 0 0 0 0 0 0 0 0 0 0 0 0 0 0 0 0 0 0 0 0 0 0 0 0 0 0 0 0 0 0
2002121801 0 0 0 0 0 0 0 0 0 0 0 0.1 0 0 0 0 0 0 0 0 0 0 0 0 0 0 0 0 0 0 0 0 0 0 0 0 0 0 0 0 0 0
2002121802 0 0 0 0 0 0 0 0 0 0 0 0 0 0 0 0 0 0 0 0 0 0 0 0 0 0 0 0 0 0 0 0 0 0 0 0 0 0 0 0 0 0
2002121803 0 0 0 0 0 0 0 0 0 0 0 0 0 0 0 0 0 0 0 0 0 0 0 0 0 0 0 0 0 0 0 0 0 0 0 0 0 0 0 0 0 0
2002121804 0 0 0 0 0 0 0 0 0 0 0 0 0 0 0 0 0 0 0 0 0 0 0 0 0 0 0 0 0 0 0 0 0 0 0 0 0 0 0 0 0 0
2002121805 0 0 0 0 0 0 0 0 0 0 0 0 0 0 0 0 0 0 0 0 0 0 0 0 0 0 0 0 0 0 0 0 0 0 0 0 0 0 0 0 0 0
2002121806 0 0 0 0 0 0 0 0 0 0 0 0 0 0 0 0 0 0 0 0 0 0 0 0 0 0 0 0 0 0 0 0 0 0 0 0 0 0 0 0 0 0
2002121807 0 0 0 0 0 0 0 0 0 0 0 0 0 0 0 0 0 0 0 0 0 0 0 0 0 0 0 0 0 0 0 0 0 0 0 0 0 0 0 0 0 0
2002121808 0 0 0 0 0 0 0 0 0 0 0 0 0 0 0 0 0 0 0 0 0 0 0 0 0 0 0 0 0 0 0 0 0 0 0 0 0 0 0 0 0 0
2002121809 0.5 0 0.3 0 0 0 0 0 0 0 0.1 0 0 0 0 0 0 0 0 0 0 0 0 0 0 0 0 0 0 0 0 0 0 0 0 0 0 0.1 0 0 0 0
2002121810 0.3 0 0.1 0 0.1 0.2 0 0 0 0 0 0 0 0 0 0 0 0.1 0 0 0 0 0 0 0 0 0 0 0 0 0 0 0 0 0 0 0 0 0 0 0 0
2002121811 0 0 0 0 0.4 0.2 1.4 0 0.3 0 0 0 0 0 0 0 0 0 0 0 0 0 0 0 0 0 0 0 0 0.1 0 0 0 0.1 0 0 0 0 0 0 0 0
2002121812 0 0 0 0 0.2 0.2 0.3 0 0 0 0 0 0 0 0 0 0 0 0 0 0 0 0 0 0 0 0 0 0 0 0 0 0 0 0 0 0 0 0 0 0 0
2002121813 0 0 0 0 0 0 0 0 0 0 0 0 0 0 0 0 0 0 0 0 0 0 0 0 0 0 0 0 0 0 0 0 0.1 0 0 0 0 0 0 0 0 0
2002121814 0 0 0 0 0 0 0 0 0 0 0 0 0 0 0 0 0 0 0 0 0 0 0 0 0 0 0 0 0 0 0 0 0 0 0 0 0 0 0 0 0 0
2002121815 0 0 0 0 0 0 0 0 0 0 0 0 0 0 0 0 0 0 0 0 0 0 0 0 0 0 0 0 0 0 0 0 0 0 0 0 0 0 0 0 0 0
2002121816 0 0 0 0 0 0 0 0 0 0 0 0 0 0 0 0 0 0 0 0 0 0 0 0 0 0.1 0 0 0 0 0 0 0 0 0 0 0 0 0 0 0 0
2002121817 0 0 0 0 0 0 0 0 0 0 0 0 0 0 0 0 0 0 0 0 0 0 0 0 0 0 0 0 0 0 0 0 0 0 0 0 0 0 0 0 0 0
2002121818 0 0 0 0 0 0 0 0 0 0 0 0 0 0 0 0 0 0 0 0 0 0 0 0 0 0 0 0 0 0 0 0 0 0 0 0 0 0 0 0 0 0
2002121819 0 0 0 0 0 0 0 0 0 0 0 0 0 0 0 0 0 0 0 0 0 0 0 0 0 0 0 0 0 0 0 0 0 0 0 0 0 0 0 0 0 0
2002121820 0 0 0 0 0 0 0 0 0 0 0 0 0 0 0 0 0 0 0 0 0 0 0 0 0 0 0 0 0 0 0 0 0 0 0 0 0 0 0 0 0 0
2002121821 0 0 0 0 0 0 0 0 0 0 0 0 0 0 0 0 0 0 0 0 0 0 0 0 0 0 0 0 0 0 0 0 0 0 0 0 0 0 0 0 0 0
2002121822 0 0 0 0 0 0 0 0 0 0 0 0 0 0 0 0 0 0 0 0 0 0 0 0 0 0 0 0 0 0 0 0 0 0 0 0 0 0 0 0 0 0
2002121823 0 0 0 0 0 0 0 0 0 0 0 0 0 0 0 0 0 0 0 0 0 0 0 0 0 0 0 0 0 0 0 0 0 0 0 0 0 0 0 0 0 0
2002121900 0 0 0 0 0 0 0 0 0 0 0 0 0 0 0 0 0 0 0 0 0 0 0 0 0 0 0 0 0 0 0 0 0 0 0 0 0 0 0 0 0 0
2002121901 0 0 0 0 0 0 0 0 0 0 0 0 0 0 0 0 0 0 0 0 0 0 0 0 0 0 0 0 0 0 0 0 0 0 0 0 0 0 0 0 0 0
2002121902 0 0 0 0 0 0 0 0 0 0 0 0 0 0 0 0 0 0 0 0 0 0 0 0 0 0 0 0 0 0 0 0 0 0 0 0 0 0 0 0 0 0
2002121903 0 0 0 0 0 0 0 0 0 0 0 0 0 0 0 0 0 0 0 0 0 0 0 0 0 0 0 0 0 0 0 0 0 0 0 0 0 0 0 0 0 0
2002121904 0 0 0 0 0 0 0 0 0 0 0 0 0 0 0 0 0 0 0 0 0 0 0 0 0 0 0 0 0 0 0 0 0 0 0 0 0 0 0 0 0 0
2002121905 0 0 0 0 0 0 0 0 0 0 0 0 0 0 0 0 0 0 0 0 0 0 0 0 0 0 0 0 0 0 0 0 0 0 0 0 0 0 0 0 0 0
2002121906 0 0 0 0 0 0 0 0 0 0 0 0 0 0 0 0 0 0 0 0 0 0 0 0 0 0 0 0 0 0 0 0 0 0 0 0 0 0 0 0 0 0
2002121907 0 0 0 0 0 0 0 0 0 0 0 0 0 0 0 0 0 0 0 0 0 0 0 0 0 0 0 0 0 0 0 0 0 0 0 0 0 0 0 0 0 0
2002121908 0 0 0 0.1 0 0 0 0 0 0 0 0 0 0 0 0 0 0 0 0 0 0 0 0 0 0 0 0 0 0 0 0 0 0 0.1 0 0 0 0 0.1 0 0
2002121909 0.1 0 0.1 0 0 0 0 0 0 0.1 0.1 0 0.1 0 0 0 0.2 0.1 0.1 0 0 0.1 0 0.1 0.1 0.1 0.1 0 0 0 0 0 0 0 0 0 0.1 0 0.1 0 0 0
2002121910 0 0.2 0.1 0 0.1 0 0 0.1 0.1 0.1 0 0 0 0 0 0.1 0 0.1 0 0.1 0 0 0.2 0 0.1 0 0.1 0.1 0 0.1 0.1 0.1 0 0 0 0.1 0 0 0.1 0 0 0
2002121911 0 0 0 0 0 0.1 0.1 0 0 0 0 0 0.1 0 0 0 0 0 0 0.1 0 0 0.1 0.1 0 0 0 0 0.1 0 0 0 0 0 0 0 0.1 0 0 0 0 0
2002121912 0 0 0 0 0.1 0 0.1 0 0 0 0 0 0 0 0.1 0 0 0 0.1 0 0 0 0 0 0 0 0 0 0 0 0 0.1 0 0 0 0 0 0 0 0 0 0
2002121913 0 0 0 0 0 0.1 0 0 0 0 0 0 0 0 0.1 0 0 0 0 0 0 0 0 0 0 0 0 0 0 0 0 0 0 0 0 0 0 0 0 0 0 0
2002121914 0 0 0 0 0 0 0 0 0 0 0 0 0 0 0 0 0 0 0 0 0 0 0 0 0 0 0 0 0 0 0 0 0 0 0 0 0 0 0 0 0 0
2002121915 0 0 0 0 0 0 0 0 0 0 0 0 0 0 0 0 0 0 0 0 0 0 0 0 0 0 0 0 0 0 0 0 0 0 0 0 0 0 0 0 0 0
2002121916 0 0 0 0 0 0 0 0 0 0 0 0 0 0 0 0 0 0 0 0 0 0 0 0 0 0 0 0 0 0 0 0 0 0 0 0 0 0 0 0 0 0
2002121917 0 0 0 0 0 0 0 0 0 0 0 0 0 0 0 0 0 0 0 0 0 0 0 0 0 0 0 0 0 0 0 0 0 0 0 0 0 0 0 0 0 0
2002121918 0 0 0 0 0 0 0 0 0 0 0 0 0 0 0 0 0 0 0 0 0 0 0 0 0 0 0 0 0 0 0 0 0 0 0 0 0 0 0 0 0 0
2002121919 0.1 0 0 0 0 0 0 0 0 0 0 0 0 0 0 0 0 0 0 0 0 0 0 0 0 0 0 0 0 0 0 0 0 0 0 0 0 0 0 0 0 0
2002121920 0 0 0 0 0 0 0 0 0 0 0 0 0 0 0 0 0 0 0 0 0 0 0 0 0 0 0 0 0 0 0 0 0 0 0 0 0 0 0 0 0 0
2002121921 0 0 0 0 0 0 0 0 0 0 0 0 0 0 0 0 0 0 0 0 0 0 0 0 0 0 0 0 0 0 0 0 0 0 0 0 0 0 0 0 0 0
2002121922 0 0 0 0 0 0 0 0 0 0 0 0 0 0 0 0 0 0 0 0 0 0 0 0 0 0 0 0 0 0 0 0 0 0 0 0 0 0 0 0 0 0
2002121923 0 0 0 0 0 0 0 0 0 0 0 0 0 0 0 0 0 0 0 0 0 0 0 0 0 0 0 0 0 0 0 0 0 0 0 0 0 0 0 0.1 0 0
2002122000 0 0 0 0 0 0 0 0 0 0 0 0 0 0 0 0 0 0 0 0 0 0 0 0 0 0 0 0 0 0 0 0 0 0 0 0 0 0 0 0 0 0
2002122001 0 0 0 0 0 0 0 0 0 0 0 0 0 0 0 0 0 0 0 0 0 0 0 0 0 0 0 0 0 0 0 0 0 0 0 0 0 0 0 0 0 0
2002122002 0 0 0 0 0 0 0 0 0 0 0 0 0 0 0 0 0 0 0 0 0 0 0 0 0 0 0 0 0 0 0 0 0 0 0 0 0 0 0 0 0 0
2002122003 0 0 0 0 0 0 0 0 0 0 0 0 0 0 0 0 0 0 0 0 0 0 0 0 0 0 0 0 0 0 0 0 0 0 0 0 0 0 0 0 0 0
2002122004 0 0 0 0 0 0 0 0 0 0 0 0 0 0 0 0 0 0 0 0 0 0 0 0 0 0 0 0 0 0 0 0 0 0 0 0 0 0 0 0 0 0
2002122005 0 0 0 0 0 0 0 0 0 0 0 0 0 0 0 0 0 0 0 0 0 0 0 0 0 0 0 0 0 0 0 0 0 0 0 0 0 0 0 0 0 0
2002122006 0 0 0 0 0 0 0 0 0 0 0 0 0 0 0 0 0 0 0 0 0 0 0 0 0 0 0 0 0 0 0 0 0 0 0 0 0 0 0 0 0 0
2002122007 0 0 0 0 0 0 0 0 0 0 0 0 0 0 0 0 0 0 0 0 0 0 0 0 0 0 0 0 0 0 0 0 0 0 0 0 0 0 0 0 0 0
2002122008 0 0 0 0 0 0 0 0 0 0 0 0 0 0 0 0 0 0 0 0 0 0 0 0 0 0 0 0 0 0 0 0 0 0 0 0 0 0 0 0 0 0
2002122009 0 0 0 0.3 0 0 0 0 0 0.1 0 0 0 0 0 0 0.1 0 0 0 0 0 0 0 0 0 0 0 0 0 0 0 0 0 0 0 0 0 0 0 0 0
2002122010 0.1 0.2 0 0 0.1 0 0 0 0 0 0 0.3 0.1 0 0.1 0.1 0 0.1 0 0.1 0 0 0.1 0 0 0.1 0 0 0 0 0 0.1 0 0.1 0 0 0 0 0 0 0 0
2002122011 0 0 0 0 0 0 0 0.1 0.1 0 0 0 0 0.1 0.1 0 0 0 0 0 0 0 0 0 0 0.1 0.2 0 0 0 0 0 0 0 0 0.1 0 0 0.6 0 0 0
2002122012 0 0 0 0 0 0 0 0.1 0 0 0 0 0 0 0.1 0 0.1 0 0.1 0 0.1 0 0 0.5 0.6 0.2 0.4 0.1 0.3 0 0.2 0.1 0 0 0.1 0 0.2 0 0.5 0.2 0 0
2002122013 0 0 0 0 0 0 0 0.1 0.1 0 0 0 0 0.1 0 0 0 0.1 0.1 0 0 0.2 0.1 0.2 0.3 0.2 0.4 0.6 0.2 0.5 0.1 0.1 0 0 0.2 0 0.1 0 0.9 1 0 0
2002122014 0 0 0 0 0 0 0 0 0 0 0 0 0 0 0 0.1 0 0 0.1 0 0 0 0 0 0.1 0.1 0.1 0.1 0 0.1 0 0.1 0 0 0.1 0 0 0 0.2 0 0 0.3
2002122015 0 0 0 0 0 0 0 0 0.1 0 0 0 0 0 0 0 0 0 0 0 0 0 0 0 0.1 0 0.1 0.1 0 0.1 0 0 0 0 0 0 0.1 0 0.1 0.1 0 0
2002122016 0 0 0 0 0.2 0.1 0.2 0 0.2 0 0 0 0 0.1 0.1 0.8 0.5 0 0 0.3 0 0.1 0.1 0 0.1 0.1 0.1 0 0.1 0 0 0 0 0.1 0 0 0.1 0 0.1 0.1 0 0
2002122017 0 0 0.1 0 0 0 0.1 0.2 0.1 0 0 0 0 0 0.1 1.2 0 0.3 0.4 0.1 0.2 0.5 0 0 0.1 0.1 0.3 0.1 0.4 0.7 0 0.5 0 0 1 0 0.7 0 0.1 0.1 0.1 0
2002122018 0 0.1 0 0 0.1 0 0.1 0.4 0 0 0 0 0.1 0 0 0 0.1 0 0 0 0.1 0.1 0 0.2 0.1 0 0.2 0.1 0.2 0 0.4 0 0 0 1.3 0.1 0.1 0.2 0.1 0.1 0 0
2002122019 0.1 0 0.1 0.1 0 0 0 0.3 0.1 0.1 0 0.1 0 0.1 0.1 0 0 0 0.1 0 0 0 0.1 0 0.1 0.1 0.1 0.1 0.1 0.1 0.1 0 0 0 0.1 0.1 0 0.1 0.1 0.2 0 0
2002122020 0 0 0.1 0 0 0.1 0 0 0 0 0 0 0.1 0.2 0 0.1 0.1 0.1 0 0 0 0 0.1 0.3 0.3 0.5 0.1 0 0 0 0 0.1 0 0.1 0 0 0 0 0.2 0.1 0 0.1
2002122021 0 0 0 0 0.1 0 0 0 0 0.4 0.1 0.1 0.5 0.9 1 0.5 0.4 0.4 0.5 0.7 0.2 0.1 0.5 1 0.5 0.8 0.4 0.4 0.1 0 0.1 0.6 0 0 0 0.3 0.1 0 1.7 1.2 0 0
2002122022 0 0.5 0.1 0 0 0.4 0.1 0.2 0.1 0.5 0.1 0.7 0.5 0.5 0.5 0.6 0.4 0.3 0.6 0.5 0.7 0.5 0.4 0.7 0.9 1.1 0.7 0.8 0.3 0.3 0.4 1.4 0.6 0.8 0.4 0.8 0.5 0.6 1.8 1.9 0 0.2
2002122023 0 0.9 0.3 0 0 0.6 1.1 0.5 0.5 0.7 0.9 0.3 0.7 0.9 0.5 0.5 1 0.4 0.2 0.4 0.3 0.2 0.7 1.3 1.2 1.9 0.3 0.7 0.9 0.2 0.3 0.2 0.7 0.4 0.6 0.5 0.2 0.3 1.4 1.1 0 0.6
2002122100 0.1 2 1 0.1 0.3 0.4 1.2 0.4 0.6 1.1 1 1.1 1.2 1.4 1.3 0.9 0.9 1.6 2 1.6 0.8 0.9 1.5 1.4 1.1 1.3 1.8 1.6 0.5 0.4 1 2.1 0.4 0.7 0.4 0.5 0.3 0.6 1.1 1.5 0 0.2
2002122101 0.5 1.8 1.6 0.7 0.9 2 1.4 0.2 1.1 1.5 1.2 1.3 1.3 1 1.3 1.2 0.2 0.6 1.1 0.6 1 1.1 0.7 0.7 0.7 0.9 0.7 0.8 0.9 0.6 0.4 1.3 0.6 1.2 0.8 1 1.2 1.1 1.2 1.2 0.2 0.5
2002122102 0.4 0.6 0.7 0.6 0.4 1 0.8 0.7 0.5 1.2 0.6 1.2 0.9 0.6 1 0.6 0.1 0.2 0.3 0.3 0.3 0.4 0.4 0.5 0.3 0.6 0.4 0.3 0.7 0.8 0.4 0.4 0.8 1.2 1.8 1.1 0.5 1.3 0.6 0.7 0 0.5
2002122103 0.1 0.2 0.4 0.3 0.2 0.6 0.5 0.7 0.5 0 0.5 0.3 0.1 0.2 0.5 0.6 0.4 0.4 0.6 0.4 0.6 0.6 0.4 0.4 0.2 0.2 0.5 0.5 0.3 0.4 0.2 0.8 1.3 0.4 1.4 0.9 0.6 0.2 0.2 0.6 0 0.4
2002122104 0.1 0.8 0.5 0.1 0.4 1.1 0.8 0.5 0.6 0.1 0.4 0.1 0 0.1 0 0 0 0.1 0.2 0.1 0.2 0.1 0.1 0.2 0.1 0.1 0.1 0.3 0.4 0.5 0.2 0.3 0.5 0.3 0.4 0.2 0.1 0.2 0.3 0.4 0.1 0.5
2002122105 0 0.1 0.1 0.1 0.1 0.2 0.2 0.3 0.2 0.1 0.3 0 0.1 0.1 0.1 0 0.2 0.1 0.2 0.1 0.1 0.1 0.1 0.2 0.1 0.2 0.2 0.1 0 0 0 0.1 0.2 0 0 0 0 0 0.2 0.2 0.2 0.2
2002122106 0.1 0.1 0.1 0 0 0.1 0.1 0 0.2 0 0 0.1 0 0.2 0.1 0.2 0 0.1 0 0.1 0 0 0.7 0.1 0 0.4 0.2 0.1 0.1 0 0 0 0.1 0.1 0.1 0 0.2 0 0.2 0.1 0.1 0.2
2002122107 0.1 0 0 0.1 0.1 0 0.1 0 0.2 0.2 0.1 0.2 0.1 0.1 0.1 0.1 0.1 0.1 0.3 0.1 0.3 0.7 0.4 0.6 0.4 0.4 0.6 0.1 0 0.5 0.3 0.7 0.2 0 0.3 0.1 0.6 0.4 0.2 0.2 0 0.1
2002122108 0.1 0 0.1 0 0.2 0.2 0.4 0.1 0.2 0 0 0.3 0 0.1 0.1 0.1 0 0.2 0.4 0.1 0.2 0.5 0.1 0 0.1 0.1 0.2 0.2 0.4 0.4 0.2 1 0.1 0.6 0.3 0.2 0.1 0.5 0.2 0.2 0 0
2002122109 0 0 0.1 0 0.1 0 0.6 0.2 0.1 0.1 0 0.1 0.1 0.1 0 0.1 0 0.1 0.1 0 0.3 0.3 0.1 0.3 0 0.3 0.2 0.1 0.2 0.2 0 0.3 0.2 0.6 0.7 0.4 0 0 0.1 0.2 0.1 0.1
2002122110 0 0 0 0 0 0.1 0.3 0 0.1 0 0 0 0 0 0 0.1 0.2 0 0 0 0 0.1 0 0.2 0.1 0.1 0.1 0.1 0.1 0.2 0 0.1 0.2 0.1 0.2 0 0.1 0.1 0.1 0.2 0 0
2002122111 0 0.1 0 0 0.1 0.1 0.1 0.1 0 0 0 0.1 0 0 0 0 0.1 0 0 0 0.2 0.1 0 0 0 0.1 0 0 0.1 0 0 0 0.1 0.1 0 0 0 0 0 0.1 0.1 0
2002122112 0 0 0 0.2 0 0 0.1 0 0.1 0 0 0 0 0.1 0 0.1 0 0 0 0 0.1 0.2 0.1 0 0.1 0.1 0 0 0.1 0.1 0.1 0.2 0 0 0 0 0 0 0.1 0.1 0 0
2002122113 0.1 0 0 0 0 0 0 0 0 0 0 0 0 0.1 0.1 0 0 0 0 0 0.3 0.5 0 0.1 0 0.1 0 0 0.1 0.1 0 0.1 0.1 0 0.1 0 0.1 0.3 0 0.1 0 0
2002122114 0 0 0 0 0 0 0 0.1 0 0.1 0 0 0.1 0 0.1 0.1 0 0 0 0 0.1 0.2 0 0 0 0.2 0 0 0.1 0 0.1 0 0.2 0 0.1 0.1 0 0 0 0.1 0.1 0.1
2002122115 0 0 0 0 0.1 0 0 0.1 0.1 0 0 0.1 0 0 0 0 0 0 0 0 0 0 0.1 0.1 0 0.2 0 0 0.1 0.1 0 0.1 0.2 0 0.2 0.1 0 0.1 0 0 0 0
2002122116 0 0 0.1 0 0.1 0.1 0.1 0 0 0 0 0.1 0.2 0 0 0 0 0 0.1 0 0 0.1 0.1 0.2 0.1 0.1 0 0 0.2 0.2 0.1 0.1 0.2 0.1 0.2 0 0 0 0 0.3 0.1 0.1
2002122117 0 0 0 0 0 0 0 0.1 0.1 0.1 0.1 0 0 0 0 0.1 0 0.4 0.1 0 0 0 0.2 0.1 0 0 0.2 0.1 0.1 0.1 0 0.1 0 0 0 0 0.1 0 0.2 0.1 0 0
2002122118 0.2 0 0.1 0.2 0.1 0 0.1 0 0 0 0 0 0 0 0 0 0 0 0 0 0 0 0 0 0.1 0 0.1 0 0 0 0 0.4 0 0 0.2 0.1 0 0 1.2 0.7 0 0
2002122119 0.1 0 0 0 0 0 0 0 0.1 0.1 0 0 0.1 0.1 0.1 0.1 0 0 0 0.1 0 0.2 0.1 0.1 0 0.1 0 0.1 0.1 0.1 0.1 0.1 0.1 0 0 0 0 0.1 0.1 0.3 0 0
2002122120 0.1 0.2 0 0 0 0 0 0 0 0 0 0.3 0 0 0 0 0 0 0 0 0 0 0 0 0.1 0 0.1 0 0 0 0 0.1 0.3 0.1 0.1 0.1 0 0 0 0 0.1 0.1
2002122121 0 0 0.1 0.1 0 0.1 0 0 0 0.1 0.1 0 0 0 0.1 0 0 0 0 0 0 0 0 0 0.1 0.1 0.1 0.1 0 0.1 0 0 0.2 0 0 0 0 0 0.1 0.1 0 0.1
2002122122 0 0 0 0.1 0 0 0 0 0.1 0 0 0 0.1 0 0 0.1 0.2 0 0 0 0.1 0 0.1 0.2 0.2 0.1 0.2 0.1 0 0 0 0 0 0.1 0 0 0 0 0.1 0.1 0 0
2002122123 0 0 0 0 0 0 0.1 0.1 0 0.3 0 0 0.5 0.3 0.2 0.4 0.3 0.1 0 0 0 0 0.2 0.5 0.7 0.5 0.2 0.4 0 0 0.1 0 0 0 0 0.2 0.2 0.6 0 0 0 0
2002122200 0 0.4 0 0 0 0 0 0 0 0.3 0.2 0.5 0 0.1 0 0.1 0 0.1 0.1 0 0 0 0.2 0.1 0.3 0.1 0.2 0.4 0.1 0 0 0.1 0.5 0.7 0.1 0.4 0.2 0.1 0.3 0.2 0 0.1
2002122201 0.2 0.2 1.1 0.3 0.1 0.2 0.2 0.2 0.5 0 0.2 0 0 0 0 0 0 0 0 0 0 0 0 0 0 0 0.1 0.2 0 0.1 0 0 0.4 0 0 0.1 0 0.4 0 0 0.2 0.2
2002122202 0.3 0 0 0.2 0.2 0 0.1 0.1 0.2 0.2 0 0 0.3 0.2 0.4 0.1 0.6 0.1 0 0.1 0.1 0 0.3 0.6 1 1.9 0 0 0 0 0.1 0 0 0 0 0 0 0.1 0 0.1 0.2 0.3
2002122203 0.1 0.5 0.1 0 0 0 0 0 0.1 0.7 0.2 0.2 1 0.9 0.9 0.9 1.2 0.9 0.9 0.7 0.6 0.4 1.1 2 2.9 1.8 0.9 0.9 0 0.1 0.2 0.4 0.1 0.2 0.1 0.2 0.3 0.1 0.7 0.9 0 0
2002122204 0.1 1.2 0.2 0.4 0.1 0.1 0.2 0.2 0.1 1 0.7 0.9 0.7 0.7 0.9 1.2 0.8 1.1 1.1 0.6 0.8 0.6 0.9 1.3 2 1.1 1.3 2 0.8 0.9 0.7 0.9 1.5 0.9 0.8 0.8 1 0.9 1.6 1.2 0.1 0.1
2002122205 0.9 1.5 1.1 1.2 0.5 1 0.8 1.1 1.4 1.1 1.3 1.6 0.9 1.4 1.3 1.8 1.5 1.1 1.6 1.1 1.2 1.1 0.9 2.3 2.4 1.7 0.9 1.7 1.4 1.4 1.5 1.6 2.7 1.6 1.6 1.3 1.8 1.8 1.8 1.2 1 1
2002122206 1.1 2.1 1.7 1.3 0.9 1.8 1.6 2.3 1.9 1.6 1.7 1.9 1.5 1.7 1.6 1.9 1.8 1.2 1 1 1.3 1.2 1.6 2.6 2.6 2.6 1.5 2.5 2.3 2 2.1 1.8 2.6 2.3 1.7 1.9 1.8 2.2 2.1 1.4 1.8 1.9
2002122207 1.7 2.3 2.3 2.2 1.8 3 2 3.9 2.7 1.3 2.1 1.7 1.3 2.2 2 1.9 2.9 1.7 1.2 1.5 1.2 0.8 2.3 3.5 5.2 5.8 2.1 2.6 2.3 1.8 1.4 1 3 2.3 1.7 1.8 1.5 2.1 3.7 2.5 3.1 2.7
2002122208 2.2 1.8 2.1 2.2 3.6 1.9 2.2 2.7 3.1 2.4 1.6 1.9 2.3 2.1 2.4 2.6 2.6 2 1.7 1.7 2.8 2 2.2 2.8 5.5 4.4 3.2 2.5 2.2 2.5 2.3 2.2 4.1 1.7 1.5 2.1 2.2 1.9 6.6 3.8 3 2.6
2002122209 1.6 2.3 2.4 1.8 2 1.4 1.4 2.1 3.3 3.2 1.8 2.3 2.8 2.2 2.7 2.6 2.4 1.2 1.2 1.4 2 1.8 2 3.4 5.8 4.1 3.3 2.6 1.7 2.5 2 1.4 4.9 2.3 2.2 2.7 2.2 2.4 4.4 3 3 2.3
2002122210 3.1 2.8 3.6 2.6 2.5 2.1 2.4 2.2 4.1 2 2.2 2.6 1.3 1.5 1.9 2.6 1.8 1.9 1.4 1.6 3 2.1 2 3.1 4.6 3.2 3.4 2.6 1.7 3.5 2.2 1.7 4.6 2.8 2 3.3 3.5 2 3.6 2.6 3.5 2.2
2002122211 2.5 0.5 3.4 1.4 2.7 2 2.6 3 4.3 1 0.6 0.9 0.9 1.5 1.3 1.3 1 1.3 1.3 0.7 1.3 1.5 1.4 2.3 4.4 2.5 2.5 2.4 2.3 3 1.9 1.5 3.5 1.3 1.6 1.6 1.7 2.2 2.3 1.8 3.1 3
2002122212 1 0.4 2.1 0.3 2 1.2 1.3 1.4 3.6 0.2 0.2 0.4 0 0 0.2 0.7 0.1 0.5 0.5 0.1 0.7 0.7 0.3 1 2 1.5 1.3 1 0.9 1 0.8 0.8 1.1 0.3 0.5 0.7 1.3 0.8 2 1.3 2.2 1.8
2002122213 0.2 0 0.3 0.1 0.7 0.1 0.2 0.2 0.4 0 0 0 0 0 0 0 0 0 0 0 0 0 0 0 0.1 0 0 0.3 0.3 0.1 0 0 0.2 0 0 0 0 0.2 0.2 0.3 0.4 0.3
2002122214 0 0 0 0 0 0 0 0 0 0 0 0 0 0 0 0 0 0 0.1 0 0 0 0 0 0 0 0 0 0.1 0 0 0 0 0 0 0 0 0 0 0 0 0
2002122215 0.2 0.3 0.4 0.1 0.6 0.1 0.6 0.1 0 0.1 0 0 0.4 0.4 0.1 0.1 0.2 0.1 0 0 0 0 0 0 0 0 0 0 0 0 0 0 0 0 0 0 0 0 0 0 0 0
2002122216 0.3 0.3 0.8 0.1 1.2 0.3 1.2 0 0.3 0.4 0.3 0.3 0.3 0.6 0.2 0.5 0.2 0.1 0 0 0 0.1 0 0.1 0 0.1 0 0 0 0 0.1 0.1 0.4 0.2 0.1 0.1 0.1 0 0 0 0.1 0.1
2002122217 0.1 0.2 0.4 0.2 0.6 0.4 0.9 0.2 0.5 0.3 0.1 0.4 0.2 0.4 0.4 0.4 0.2 0.1 0 0.1 0 0 0 0.6 0 0.3 0.2 0 0 0.1 0 0 0.5 0.2 0.6 0.3 0.3 0 0 0 0.1 0.2
2002122218 0.3 0.3 0.9 0.3 1 0.5 1.4 0.1 0.6 0.1 0.1 0.2 0 0.2 0.1 0.4 0.1 0.4 0.2 0.2 0.1 0.3 0.3 0.3 0.1 0.2 0.3 0.2 0 0.2 0 0.2 0.6 0.2 0.5 0.5 0.4 0.1 0.2 0.3 0.1 0.4
2002122219 0.4 0.5 0.8 0.6 0.7 0.6 1.3 0.3 0.6 0.3 0.4 0.5 0.2 0.2 0.3 0.5 0.3 0.2 0.4 0.1 0.2 0.3 0.2 0.1 0.1 0.2 0.1 0.1 0.2 0.4 0.1 0.2 0.8 0.4 0.7 0.6 0.5 0.2 0 0.1 0.4 0.5
2002122220 0.3 0.1 0.7 0.1 0.7 0.3 0.8 0.2 0.4 0 0.4 0.1 0 0.2 0.3 0.2 0.1 0.2 0.1 0.1 0.6 0.5 0 0 0 0 0.1 0 0.3 0.4 0.1 0.1 0.4 0.1 0.3 0.1 0.4 0.2 0 0 0.1 0.1
2002122221 0 0.1 0.2 0 0.3 0.2 0.7 0.1 0.3 0 0.1 0 0.1 0.2 0.2 0.3 0.1 0.1 0.1 0 0.1 0.1 0 0 0 0 0 0 0.3 0.4 0.1 0.1 0.4 0 0.1 0.1 0.4 0.2 0 0 0 0.1
2002122222 0 0 0 0 0.3 0.3 0.6 0.2 0.6 0 0 0 0 0.1 0 0 0.1 0 0 0 0 0.1 0 0 0 0 0 0 0.1 0 0 0.1 0.5 0 0.2 0.1 0 0 0 0 0.3 0
2002122223 0 0 0 0.1 0 0.2 0.1 0.1 0.4 0 0 0 0 0 0 0.1 0 0 0.1 0 0.1 0.1 0.1 0 0 0 0 0 0 0.1 0 0 0.1 0.1 0.1 0 0.1 0.1 0 0 0.1 0
2002122300 0 0 0.1 0 0.1 0 0 0 0.1 0.1 0 0 0 0.1 0 0 0 0 0 0 0.1 0.2 0 0 0 0 0 0 0.2 0.3 0.1 0.1 0 0 0 0 0 0.3 0 0 0 0.1
2002122301 0 0 0 0 0 0 0 0.1 0 0 0 0.1 0.1 0 0.1 0.1 0 0 0 0 0.2 0.4 0 0 0 0 0 0 0.1 0.2 0.1 0.3 0.1 0 0 0.1 0.1 0.2 0 0 0.1 0
2002122302 0.1 0 0.1 0.1 0.1 0.1 0.2 0.2 0.1 0 0 0 0 0 0 0 0 0 0 0 0 0 0 0 0 0 0 0 0.1 0.1 0 0 0.5 0 0.4 0.1 0 0 0 0 0.1 0.1
2002122303 0.1 0 0.1 0 0.2 0 0.3 0.2 0.2 0.1 0 0.2 0.1 0 0 0 0 0 0 0 0 0 0 0 0 0 0 0 0 0 0 0 0.1 0.2 0 0 0 0 0 0 0.1 0.1
2002122304 0.1 0 0.1 0.1 0.2 0.1 0.3 0.2 0.2 0 0 0.1 0 0 0 0 0 0 0 0 0 0.1 0 0 0 0 0 0 0.2 0.1 0 0 0.1 0.2 0 0.1 0 0.1 0 0 0.1 0.2
2002122305 0 0.1 0.1 0.1 0.2 0.1 0.2 0.3 0.1 0 0.1 0.1 0 0 0 0 0 0 0 0 0 0 0 0 0 0 0 0 0 0.1 0 0 0.1 0.1 0.1 0 0 0 0 0 0.2 0.1
2002122306 0.1 0 0.1 0.1 0 0.1 0.1 0 0.1 0 0.1 0 0 0 0 0 0 0 0 0 0 0 0 0 0 0 0 0 0 0 0 0 0 0 0 0 0 0 0 0 0 0
2002122307 0.1 0 0.2 0 0.1 0.1 0.1 0 0.1 0 0 0 0 0 0 0 0 0 0 0 0 0 0 0 0 0 0 0 0 0 0 0 0 0 0 0 0.1 0 0 0 0 0.1
2002122308 0 0 0 0 0.1 0 0.1 0 0.1 0 0 0 0 0 0 0 0 0 0 0 0 0 0 0 0 0 0 0 0 0 0 0 0 0 0 0 0 0 0 0 0 0
2002122309 0 0 0 0 0 0 0 0 0 0 0 0 0 0 0 0 0 0 0 0 0 0 0 0 0 0 0 0 0 0 0 0 0 0 0 0 0 0 0 0 0 0
2002122310 0 0 0 0 0 0 0 0 0 0 0 0 0 0 0 0 0 0 0 0 0 0 0 0 0 0 0 0 0 0 0 0 0 0 0 0 0 0 0 0 0 0
2002122311 0 0 0 0 0 0 0 0 0 0 0 0 0 0 0 0 0 0 0 0 0 0 0 0 0 0 0 0 0 0 0 0 0 0 0 0 0 0 0 0 0 0
2002122312 0 0 0 0 0 0 0 0 0 0 0 0 0 0 0 0 0 0 0 0 0 0 0 0 0 0 0 0 0 0 0 0 0 0 0 0 0 0 0 0 0 0
2002122313 0 0 0 0 0 0 0 0 0 0 0 0 0 0 0 0 0 0 0 0 0 0 0 0 0 0 0 0 0 0 0 0 0 0 0 0 0 0 0 0 0 0
2002122314 0 0 0 0 0 0 0 0 0 0 0 0 0 0 0 0 0 0 0 0 0 0 0 0 0 0 0 0 0 0 0 0 0 0 0 0 0 0 0 0 0 0
2002122315 0 0 0 0 0 0 0 0 0 0 0 0 0 0 0 0 0 0 0 0 0 0 0 0 0 0 0 0 0 0 0 0 0 0 0 0 0 0 0 0 0 0
2002122316 0 0 0 0 0 0 0 0 0 0 0 0 0 0 0 0 0 0 0 0 0 0 0 0 0 0 0 0 0 0 0 0 0.1 0 0 0 0 0 0 0 0 0
2002122317 0 0 0 0 0 0 0 0 0 0 0 0 0 0 0 0 0 0 0 0 0 0 0 0 0 0 0 0 0 0 0 0 0 0 0 0 0 0 0 0 0 0
2002122318 0 0 0 0 0 0 0 0 0 0 0 0 0 0 0 0 0 0 0 0 0 0 0 0 0 0 0 0 0 0 0 0 0 0 0 0 0 0 0 0 0 0
2002122319 0 0 0 0 0 0 0 0 0 0 0 0 0 0 0 0 0 0 0 0 0 0 0 0 0 0 0 0 0 0 0 0 0 0 0 0 0 0 0 0 0 0
2002122320 0 0 0 0 0 0 0 0 0 0 0 0 0 0 0 0 0.1 0 0 0 0 0 0 0 0 0 0 0 0 0 0 0 0 0 0 0 0 0 0 0 0 0
2002122321 0 0 0 0 0 0 0 0 0 0.1 0 0 0.1 0.1 0.1 0.1 0.1 0 0 0 0.1 0 0 0 0 0 0 0 0 0 0 0 0 0 0 0 0 0 0 0 0 0
2002122322 0 0.2 0 0 0 0 0 0.1 0 0 0 0 0 0 0 0 0 0 0 0 0 0 0 0 0 0 0 0 0 0 0 0 0 0 0 0 0 0 0 0 0.1 0.1
2002122323 0 0 0 0.1 0 0 0 0 0 0 0 0 0 0.1 0 0 0 0 0 0 0 0 0 0 0 0 0 0 0 0 0 0 0 0 0 0 0 0 0 0 0 0
2002122400 0 0 0 0 0 0 0 0 0 0 0 0 0 0 0 0 0 0 0 0 0 0 0 0 0 0 0 0 0 0 0 0 0 0 0 0 0 0 0 0 0 0
2002122401 0 0 0 0 0 0 0 0 0 0 0 0 0 0 0 0 0 0 0 0 0 0 0 0 0 0 0 0 0 0 0 0 0 0 0 0 0 0 0 0 0 0
2002122402 0 0 0 0 0 0 0 0 0 0 0 0 0 0.3 0 0 0 0 0 0 0 0 0 0 0 0 0 0 0 0 0 0 0 0 0 0 0 0 0 0 0 0
2002122403 0 0.1 0 0 0 0 0 0 0 0.2 0 0.2 0.1 0 0.2 0 0 0.1 0 0 0 0 0 0 0 0 0 0 0 0 0.1 0.1 0.1 0.2 0.1 0 0 0 0 0 0 0
2002122404 0.1 0.3 0.3 0.1 0.2 0.3 0.2 0.2 0.8 0 0 0 0 0 0 0 0 0 0 0 0 0 0 0 0 0 0 0 0.1 0 0.1 0 0.4 0.1 0 0 0 0.1 0 0 0 0.2
2002122405 0 0 0 0 0.5 0 0.1 0 0.6 0 0 0 0 0 0 0 0 0 0 0 0 0 0 0 0 0 0 0 0 0 0 0 0 0 0 0 0 0.1 0 0 0 0.1
2002122406 0 0 0.1 0 0 0 0 0 0.1 0 0 0 0 0 0 0 0 0 0 0 0 0 0 0 0 0 0 0 0 0 0 0 0 0 0 0 0 0 0 0 0 0
2002122407 0 0 0 0 0 0 0 0 0 0 0 0 0 0 0 0 0 0 0 0 0 0 0 0 0 0 0 0 0 0 0 0 0.1 0 0 0 0 0 0 0 0 0
2002122408 0 0 0 0 0 0 0 0 0 0 0 0 0 0 0 0 0 0 0 0 0 0 0 0 0 0 0 0 0 0.1 0 0 0 0 0 0 0 0 0 0 0 0
2002122409 0 0 0 0 0 0 0 0 0 0.3 0 0 0 0 0 0 0 0 0 0 0 0 0 0 0.2 0.1 0.2 0 0 0 0 0.1 0 0 0 0 0 0 0 0 0 0
2002122410 0 0 0 0 0 0 0 0 0 0 0 0 0 0.1 0 0 0.3 0 0.1 0 0 0 0 0.2 0.2 0 0 0.2 0.1 0 0.2 0 0.6 0 0 0 0 0.1 0.1 0 0.1 0
2002122411 0 0.1 0 0 0 0 0 0.1 0.2 0 0 0.1 0 0 0.1 0.4 0.1 0.1 0.3 0 0 0 0.7 1.2 1.6 0.9 0.6 0.4 0 0.1 0 0 1.4 0 0.1 0.2 0.3 0.1 0.1 0.2 0.2 0.3
2002122412 0 0 0 0 0.3 0 0.1 0.4 0.8 0 0 0.1 0 0 0 0 0.1 0.2 0.4 0 0 0 0.3 0.4 1.6 0.3 1.2 0.9 0.2 0.3 0.3 0.2 2.5 0.1 0.5 0.2 0 0.6 0.7 0.4 0.2 0.1
2002122413 0 0 0 0 0.1 0 0 0.3 0.5 0.1 0 0.1 0.5 0.1 0 0.4 0.2 0.1 0.2 0.1 0 0.1 0.4 0.7 1.6 0.3 0.7 0.4 0.2 0.4 0.3 0.2 1.3 0.2 0 0.1 0.1 0.6 0.8 1 0.2 0.2
2002122414 0 0.1 0 0 0.1 0 0 0.2 0.1 0.2 0 0.2 0 0 0 0.1 0 0 0.1 0 0.1 0.4 0 0 0.3 0 0.2 0.7 0.3 1 0.3 0 1.4 0.2 0.1 0.6 0.3 0.3 0.6 0 0.1 0.1
2002122415 0 0 0 0 0.2 0 0 0.2 0.4 0 0 0 0 0 0 0 0 0 0 0 0 0 0 0.1 0 0 0.1 0 0 0.1 0.1 0 0.3 0 0 0 0 0.1 0.1 0.1 0.1 0.1
2002122416 0 0 0.1 0 0 0 0 0 0 0 0 0 0 0 0 0 0 0 0 0 0 0 0 0 0 0 0 0 0 0 0 0 0 0 0 0 0 0 0 0 0 0
2002122417 0 0 0 0 0.1 0 0 0 0 0 0 0 0 0 0 0 0 0 0 0 0 0 0 0 0.1 0 0 0 0 0 0 0 0 0 0 0 0 0 0 0 0 0
2002122418 0 0 0 0 0 0 0 0 0 0 0 0 0 0 0 0 0 0.1 0 0 0 0 0.1 0.2 0 0.1 0 0 0 0 0 0 0 0 0 0 0 0 0.1 0 0 0
2002122419 0 0 0 0 0 0 0.1 0 0 0 0 0 0 0 0.1 0.1 0.3 0.1 0.1 0.1 0 0 0.3 0.5 0.2 0.5 0 0 0 0 0 0 0 0 0 0 0 0 0.3 0 0 0
2002122420 0 0.7 0.1 0 0 0 0 0 0.1 0 0 1.9 0 0.1 0.6 0.5 0.2 0.1 0 0.9 0.7 0.2 0.4 0.4 0.2 0.7 0.1 0 0 0 0 0.1 0.7 0.4 0.5 0.4 0.1 0 0 0.1 0 0
2002122421 0.2 0 1.3 0.4 0 0.2 0.2 0.1 0.1 0 0.3 0.6 0 0.1 0.1 1 0 0.2 0.1 0 0.2 0.2 0.3 0.2 0.3 0.1 0.2 0.1 0 0 0 0 1.6 0.9 0.3 0.9 0.2 0 0.2 0.6 0.1 0
2002122422 1.4 0 1.4 0.6 0.2 0.6 0.4 0.2 0.6 0.8 0.1 0 0 0 0 0.2 0 0 0.1 0.1 0.2 0 0 0.1 0.1 0.2 0 0.1 0.1 0 0 0 0.6 0.4 0 0.3 0.1 0.1 0.3 0.1 0.3 0.6
2002122423 0.4 0 0.1 0 0.3 0.2 0.6 0 0.5 0 0 0 0 0 0.1 0 0 0.1 0 0 0 0 0 0.2 0.5 0.3 0.2 0.2 0 0 0 0 0.1 0.1 0 0 0 0 0.3 0.5 0 0
2002122500 0 0 0 0.2 0 0 0 0 0.4 0 0 0.1 0 0 0 0 0 0 0 0 0 0 0 0.1 0 0 0 0.2 0 0 0 0 0 0 0 0 0 0.2 0 0 0 0.1
2002122501 0 0 0 0 0 0 0 0 0 0 0 0 0 0 0 0 0 0 0 0 0 0 0 0 0 0 0 0 0 0 0 0 0.2 0 0 0.1 0 0 0 0 0 0
2002122502 0 0 0 0 0 0 0.1 0 0 0 0 0 0 0 0 0 0 0 0 0 0 0 0 0 0 0 0.1 0 0.1 0 0 0 0 0 0 0 0 0 0 0 0 0
2002122503 0 0 0 0 0 0 0 0 0 0 0 0 0 0 0 0 0 0 0 0 0 0 0 0 0 0 0 0 0 0 0 0 0 0.1 0 0 0 0 0 0 0 0
2002122504 0 0 0 0 0 0 0 0 0 0 0 0 0 0 0 0 0 0 0 0 0 0 0.1 0 0 0 0 0 0 0 0 0 0 0 0 0 0 0 0 0 0 0
2002122505 0 0 0 0 0 0 0 0 0 0 0 0 0 0 0 0 0 0 0 0 0 0 0 0 0 0 0 0 0 0 0 0 0 0 0 0 0 0 0 0 0 0
2002122506 0 0 0 0 0 0 0 0 0 0 0 0 0 0 0 0 0 0 0 0 0 0 0 0 0 0 0 0 0 0 0 0 0 0 0 0 0 0 0 0 0 0
2002122507 0 0 0.1 0 0 0 0 0 0 0 0 0 0 0 0 0 0 0 0 0 0 0 0 0 0.1 0 0 0 0 0 0 0 0 0 0 0 0 0 0 0 0 0
2002122508 0 0 0 0 0 0 0 0 0 0 0 0 0 0 0 0 0 0 0.9 0 0 0 0 0 0.3 0 2 1.2 0 0 0 1 0 0 0 0 0 0.2 0 0.8 0 0
2002122509 0 0 0 0 0 0 0 0.3 0 0 0 0 0 0 0 0 0 0 0.1 0 0 0.2 0 0 0 0 0 0.1 0.3 0.3 0.3 0.1 0 0 0.3 0 0 0.3 0 0 0 0
2002122510 0 0 0 0 0 0 0 0 0 0 0 0 0 0 0 0 0 0 0 0 0 0 0 0 0 0 0 0 0 0 0 0 0 0 0 0 0 0 0 0 0 0.2
2002122511 0 0 0 0 0 0 0 0 0 0 0 0 0 0.1 0 0 0.1 0 0 0 0 0 0 0 0 0 0 0 0 0 0 0 0 0 0 0 0 0 0 0 0 0
2002122512 0 0 0 0 0 0 0 0 0 0 0 0 0 0.1 0 0 0.1 0 0 0 0 0 0 0 0 0 0 0 0 0 0 0 0 0 0 0 0 0 0 0 0 0
2002122513 0 0 0 0 0 0 0 0 0 0 0 0 0.1 0.2 0.2 0 0.5 0.4 0 0.1 0.1 0 0 0 0 0 0 0 0 0 0 0 0 0 0 0 0 0 0 0 0 0
2002122514 0 0 0 0 0 0 0 0 0 0 0 0 0.1 0.2 0 0.1 0.3 0.2 0.1 0.1 0.3 0 0.7 1 0.3 0.4 0.2 0 0 0 0 0 0 0 0 0 0 0 0 0 0 0
2002122515 0 0 0 0 0 0 0 0 0 0 0 0 0 0.1 0 0.1 0.4 0.5 0 0 0 0 0 0.1 0 0 0.2 0 0 0 0 0 0 0 0.1 0 0 0 0 0 0 0
2002122516 0 0 0 0 0 0 0 0 0 0.1 0 0 0 0 0.1 0.1 0 0 0 0 0 0 0 0 0 0 0.4 0 0 0 0 0.2 0 0 0 0 0 0 0 0 0 0
2002122517 0 0 0 0 0 0 0 0.2 0.1 0 0 0 0 0 0 0 0.1 0 0 0 0 0 0 0 0.1 0 0.2 0.1 0.1 0 0 0 0 0 0 0 0 0.1 0 0 0 0
2002122518 0 0 0 0 0.2 0 0 0.1 0 0 0 0 0 0 0 0 0 0 0 0 0 0 0 0 0 0 0.1 0 0 0 0.1 0 0 0 0 0 0 0.1 0 0 0 0
2002122519 0 0 0 0 0 0 0 0 0 0 0 0 0 0 0 0 0 0.1 0 0 0 0 0.3 0.2 1.3 0.2 0.3 0.2 0 0 0 0 0 0 0 0 0 0 0 0.3 0 0
2002122520 0 0 0 0 0 0.1 0 0 0 0 0 0 0 0 0 0.1 0 0.1 1.2 0 0 0 0.1 0.1 1.1 0 0.3 1 0 0.1 0.1 0 0 0 0 0 0 0 0 0.1 0 0
2002122521 0 0 0 0 0 0 0 0.1 0 0 0 0 0 0.1 0 0.2 0 0 0.5 0 0 0.2 0 0 0 0 0 0 0.5 0.3 0.2 0 0.2 0 0 0 0 0.4 0 0 0.2 0
2002122522 0 0 0 0 0.1 0 0.1 0.2 0.1 0 0 0.1 0 0 0 0 0.1 0 0 0 0 0 0 0 0 0 0 0 0 0 0 0 0.1 0 0 0 0.1 0 0 0 0.2 0.5
2002122523 0 0 0 0 0 0 0 0 0 0 0 0 0 0 0 0 0 0 0 0 0 0 0 0 0 0 0 0 0 0 0 0 0 0 0 0 0 0 0 0 0 0
2002122600 0 0 0 0 0 0 0 0 0 0 0 0 0 0 0 0 0 0 0 0 0 0 0 0 0.1 0.1 0 0 0 0 0 0 0 0 0 0 0 0 0.1 0.1 0 0
2002122601 0 0 0 0 0 0 0 0 0 0 0 0 0 0 0 0 0 0.1 0.1 0.1 0 0 0.1 0 0.2 0 0.3 0.2 0 0 0 0.1 0 0 0 0 0 0 0 0 0 0
2002122602 0 0 0 0 0 0 0 0 0 0 0 0 0 0 0 0 0 0 0 0 0 0 0 0 0 0 0 0 0 0 0 0 0 0 0 0 0 0 0 0 0 0
2002122603 0 0 0 0 0 0 0 0 0 0 0 0 0 0 0 0 0 0 0 0 0 0 0.1 0 0 0 0 0 0 0 0 0 0 0 0 0 0 0 0 0 0 0
2002122604 0 0 0 0 0 0 0 0 0 0 0 0 0 0 0 0 0 0 0 0 0 0 0 0 0.1 0 0 0 0 0 0 0 0 0 0 0 0 0 0 0 0 0
2002122605 0 0 0 0 0 0 0 0 0 0 0 0.1 0 0 0 0.1 0 0 0 0 0 0 0 0.2 0.3 0.4 0.1 0.1 0 0 0 0 0 0 0 0 0.1 0 0 0 0 0
2002122606 0 0 0 0 0 0 0 0 0 0 0 0 0 0.2 0.2 0.3 0.4 1 0.9 0.5 0.1 0.1 1.7 2.7 3 2.2 1.5 1.4 0 0 0.1 0.2 0 0 0 0.1 0 0 1.6 1.6 0 0
2002122607 0 0.6 0 0.2 0.2 0.2 0.3 0.7 0 0.8 0.2 1.5 1.2 2 2.2 2.1 2.9 2.2 2.8 1.7 0.8 1.1 3.4 3.8 4.9 4 3.6 3.6 1.4 1.2 2.1 1.8 0.4 1.8 0.3 1.1 0.6 2.9 1.9 2.4 0.6 0.4
2002122608 0.7 2.3 2 2 1 1.7 1.5 2.6 1.2 1.1 1.2 2.3 1.1 1.2 2.2 3.6 1.8 2.8 3 1.9 1.1 1.7 4.1 4.8 4.6 4.9 3.1 5 2.7 2.8 3.3 2.7 1.3 3.3 1.5 3 1.8 3.6 3.6 3.2 2.1 1.9
2002122609 1.4 0.3 1.5 1.1 2.3 1.8 1.7 1.8 1.8 0 0.4 0.9 0.2 0.6 0.5 1.6 1.7 1.5 1.6 0.7 0.2 0.7 1.7 1.9 1.7 0.5 2.4 3.1 2.2 1.5 2 1.6 1 1.5 0.9 1.3 0.8 3.1 0.9 1.2 2.4 1.7
2002122610 0.1 0.5 0.2 0.1 0.7 0.8 0.6 1.1 1.1 0.5 0.3 0.6 0.5 0.2 0.6 0.5 0.2 0.8 1.3 0.9 0.1 0.3 0.7 0.7 1.3 0.3 2.7 3.3 1.3 1 1.8 1.1 0.6 1 0.1 1.4 0.3 2 1 0.7 0.7 0.8
2002122611 0.4 0.1 0.2 0.1 0.6 0.1 0.2 1.3 0.3 0 0 0.4 0.1 0.1 0.1 0.1 0 0.2 0.2 0.3 0.1 0.1 0.4 0 0.2 0.4 0.3 0.6 0.9 0.4 0.5 0.1 0.2 0.1 0.1 0.2 0 1.1 0.3 0.6 0.9 1.1
2002122612 0 0 0.2 0 0.5 0.3 0.2 0.8 0.4 0.6 0.5 0.3 0.2 0.6 0 0.2 0.1 0.1 0 0 0.1 0 0 0.1 0.7 0.1 0.5 0.1 0.9 0.1 0.3 0 0.3 0.7 0.1 0.3 0.4 0.9 0.2 0 0.6 0.7
2002122613 1 0 0.2 0 0.4 0.2 0.3 0.1 0.2 0 0 0 0 0 0 0 0 0.1 0 0 0 0 0.1 0 0 0 0 0 0.2 0 0 0 0 0 0 0 0 0.1 0.2 0 0.4 0.1
2002122614 0 0 0 0 0 0 0 0 0 0 0 0 0 0 0 0 0 0 0 0 0 0 0 0 0 0 0 0 0 0 0 0 0 0 0 0 0 0 0 0 0 0
2002122615 0 0 0 0 0 0 0 0 0 0 0 0 0 0 0 0 0 0 0 0 0 0 0 0 0 0 0.1 0.1 0 0 0 0 0 0 0 0 0 0 0 0 0 0
2002122616 0 0 0 0 0 0 0.1 0 0 0 0 0 0 0 0 0 0 0 0 0 0 0 0 0 0 0 0 0 0 0 0 0 0 0 0 0 0 0.1 0 0 0 0
2002122617 0 0 0 0 0 0 0 0 0 0 0 0 0 0 0 0 0 0 0 0 0 0 0 0 0 0 0 0 0 0 0 0 0 0 0 0 0 0 0 0 0 0
2002122618 0 0 0 0 0 0 0 0 0 0 0 0 0 0 0 0 0 0 0 0 0 0 0 0 0 0 0 0 0 0 0 0 0 0 0 0 0 0 0 0 0.1 0
2002122619 0 0 0 0 0.1 0 0 0 0.1 0 0 0 0 0 0 0 0 0 0 0 0 0 0 0 0 0 0 0 0 0 0 0 0 0 0 0 0 0 0 0 0 0
2002122620 0 0 0 0 0 0 0 0 0 0 0 0 0 0 0 0 0 0 0 0 0 0 0 0 0 0 0 0 0.1 0 0 0 0 0 0 0 0 0 0 0 0 0
2002122621 0 0 0 0 0 0 0.1 0 0 0 0 0 0 0 0 0 0 0 0 0 0 0 0 0 0 0 0 0 0 0 0 0 0 0 0 0 0 0 0 0 0 0
2002122622 0 0 0 0 0 0 0 0 0 0 0 0 0 0 0 0 0 0 0 0 0 0 0 0 0 0 0 0 0 0 0 0 0 0 0 0 0 0 0 0 0 0
2002122623 0 0 0 0 0 0 0 0 0 0 0 0 0 0 0.1 0 0 0 0 0 0 0 0.1 0.1 0.6 0.1 0.5 1.5 0 0.1 0 0.1 0 0 0 0 0 0.1 0 0.4 0 0
2002122700 0 0.2 0 0 0 0 0 0.1 0 0 0 0.1 0 0.1 0 0.2 0.1 0.3 0.3 0.1 0 0 0.7 0.4 0.4 0.3 0.4 0.1 0 0 0.4 0.1 0 0.1 0 0 0.1 0.6 0 0 0.2 0.1
2002122701 0 0 0.1 0 0 0.1 0 0.5 0.2 0.1 0.1 0.1 0 0.1 0.1 0.1 0 0.1 0.1 0 0 0 0.1 0 0 0.1 0.1 0.2 0 0.1 0.1 0.2 0 0.1 0.1 0.2 0 0.1 0 0.1 0 0.2
2002122702 0 0 0 0 0.1 0 0 0 0.2 0 0 0 0.2 0.3 0.2 0 0.6 0.3 0.2 0.2 0 0.1 0.4 0.5 0 0.2 0 0 0 0 0 0 0 0 0 0 0 0 0 0 0 0
2002122703 0 0.1 0 0.1 0 0 0.1 0.1 0 0.3 0.1 0.1 0 0 0 0 0 0 0.2 0 0 0.1 0.3 0.1 0.5 0.5 0.2 0.1 0 0 0.1 0.1 0.1 0.1 0.1 0.1 0.2 0.1 0.1 0.2 0 0
2002122704 0 0 0 0 0 0 0 0 0.1 0 0.1 0 0 0 0 0.1 0 0.8 0.9 0.2 0 0.1 1.2 1.4 1 0.7 0.6 1 0.1 0.1 0.1 0.2 0 0 0 0 0 0.3 0.4 1 0.2 0.1
2002122705 0 0 0 0 0.1 0.1 0 0.1 0 0 0 0 0 0.2 0.2 0.1 0.4 0.4 0.1 0.1 0 0 1.4 1 0.9 1.2 0.5 0.4 0 0 0 0.1 0.1 0 0 0 0 0.1 0.1 0.2 0 0.1
2002122706 0 0 0 0 0 0 0 0 0 0 0 0 0 0.1 0.1 0 0.3 0.4 0.2 0.1 0 0 0.9 0.8 0.7 0.7 0.5 0.2 0.1 0 0 0.1 0 0.1 0 0 0 0.2 0 0 0 0
2002122707 0 0.2 0 0 0 0 0.1 0 0 0.2 0 0.2 0.4 1 0.5 0.4 1.7 0.7 0.3 0.6 0 0 1.6 1.7 0.9 1.2 0.8 0.7 0 0.2 0.3 0.1 0.1 0 0 0 0 0.2 0.1 0.4 0 0
2002122708 0 0.2 0 0 0.4 0.4 0.1 0.6 0.2 0.2 0 0.2 0.5 0.7 0.7 0.2 1.4 1 0.8 0.5 0 0.1 1.3 1.8 1.3 1.7 1.4 1.1 0.2 0.2 0.4 0.4 0 0.2 0 0.1 0 0.7 0.1 0.1 0.1 0.3
2002122709 0 0.6 0.3 0.2 0.6 1.1 0.9 0.4 0.1 0.4 0.4 0.1 0.1 0.2 0.4 0.6 0.4 0.3 0.1 0.2 0 0.1 0.5 0.6 0.4 0.8 0.3 0.4 0.1 0.2 0.2 0.2 0.2 0.1 0 0.1 0 0.1 0.2 0.2 0.1 0.3
2002122710 0 0 0 0.2 0.1 0 0 0 0 0 0.1 0 0 0.2 0.2 0.1 0.3 0.6 0.7 0.2 0.1 0.1 1.4 2.4 2.4 2.1 1.1 1 0.1 0.1 0.1 0.3 0 0 0.1 0 0 0.2 0.1 0.1 0 0
2002122711 0 0 0.2 0.2 0.1 0.2 0.2 0 0.1 0 0 0.1 0 0 0.1 0.1 0.1 0.5 0.4 0.2 0 0.1 1.5 1.8 1 1 0.7 0.4 0.1 0.3 0.1 0.3 0.1 0.6 0 0.2 0 0.2 0.6 0.4 0 0
2002122712 0 0 0 0 0.1 0.1 0.4 0.5 0.3 0 0 0 0.1 0.1 0.2 0 0.9 0.5 0.3 0.1 0 0.1 1.1 0.9 0.9 0.9 0.8 1 0 0.1 0.1 0.1 0 0 0 0 0 0.1 0.1 0.3 0.2 0.5
2002122713 0.1 0 0 0 0.1 0 0 0 0 0 0 0 0 0.1 0 0.1 0.2 0.5 0.3 0 0 0 0.6 0.8 0.6 0.8 0.5 0.3 0 0 0 0.2 0 0 0 0 0 0.1 0 0.2 0.1 0.2
2002122714 0 0 0 0 0 0 0.1 0 0.2 0 0 0 0 0.1 0 0.4 0 0.4 0.4 0.3 0 0.1 0.5 0.4 0.1 0.2 0.1 0.1 0 0.1 0.2 0.1 0 0.1 0 0.1 0 0 0 0 0 0
2002122715 0.2 0 0.3 0 0.2 0.1 0 0 0.2 0 0.1 0 0 0 0 0 0.1 0.1 0.1 0 0 0 0.2 0.1 0.1 0.1 0.1 0 0 0 0 0 0 0.1 0.1 0.1 0 0.1 0 0 0 0
2002122716 0 0 0 0 0 0 0 0 0 0 0 0 0 0 0 0.1 0 0 0 0 0 0 0 0 0 0 0 0 0 0 0 0 0 0 0 0 0 0 0 0 0 0
2002122717 0 0 0 0 0 0 0 0 0 0 0 0 0 0 0 0 0 0.1 0 0 0 0 0.1 0.2 0.1 0.2 0 0.1 0 0 0 0 0 0 0 0 0 0 0 0 0 0
2002122718 0 0.1 0 0 0 0 0.1 0 0 0 0 0 0 0 0 0 0.2 0 0 0 0 0 0.1 0.1 0.1 0.1 0.1 0.1 0 0 0 0 0 0 0 0 0 0 0.3 0.2 0 0
2002122719 0 0 0 0 0 0 0 0 0 0 0 0 0 0.1 0 0 0 0.1 0.3 0 0 0 0.1 0.2 0.3 0.1 0.6 0.9 0 0 0 0.1 0 0 0 0 0 0.1 0.1 0.2 0 0
2002122720 0.1 0.1 0 0.1 0.1 0 0 0.1 0 0 0 0.1 0 0 0 0 0 0.1 0 0 0 0 0 0.1 0 0.1 0.1 0.2 0 0 0.2 0 0 0.1 0 0 0 0.1 0.3 0.2 0 0
2002122721 0 0 0.1 0.1 0.1 0.1 0.1 0 0 0 0 0 0 0 0 0 0 0 0.1 0 0 0 0.1 0.1 0.3 0.1 0.2 0.3 0 0 0 0 0 0 0 0 0 0 0.1 0.3 0 0
2002122722 0.1 0 0 0 0 0 0 0 0 0 0 0 0 0 0 0 0 0 0 0 0 0 0 0 0 0 0.1 0.2 0 0 0 0 0 0 0 0 0 0 0.3 0 0 0
2002122723 0 0 0 0 0 0 0 0 0 0 0 0 0.1 0.7 0 0 1.1 0 0 0.1 0 0 0 0 0 0 0 0 0 0 0 0 0 0 0 0 0 0 0.1 0.1 0 0
2002122800 0 0 0 0 0 0 0 0 0 0 0 0 0.3 0.8 2 0 0.3 0.3 0.1 0.3 0.1 0 0.5 0.1 0 0.1 0.1 0.3 0 0.1 0 0.3 0.1 0 0 0 0 0 0.3 0 0 0
2002122801 0 0.2 0 0 0 0 0 0 0 0.1 0.1 0.3 0 0 0.1 0.1 0.3 0.2 0 0.1 0.2 0.4 0.3 0 0 0 0.1 0.4 0.2 0.1 0.2 0.1 0 0 0 0 0.1 0.5 0.3 0.1 0 0
2002122802 0.2 0.2 0.7 0.5 0.2 0.3 0.1 0.1 0.2 0 0.2 0 0.1 0.4 0.3 0 0.1 0.1 0.1 0 0.2 0.1 0 0 0 0 0 0 0 0.1 0.2 0.6 0.3 0 0 0 0 0 0.1 0 0 0
2002122803 0.3 0 0.9 0 1.4 0.4 2.1 0.2 0.5 0 0.1 0.1 0 0.1 0 0.1 0 0 0 0 0 0 0 0 0 0 0 0 0.2 0 0.3 0 0.2 0.3 0.1 0 0 0 0.2 0 0.1 0.6
2002122804 0 0 0 0.1 0.5 0.3 0.4 0 0.3 0 0 0 0 0 0 0 0 0 0 0 0 0 0 0 0 0 0 0 0 0.1 0 0 0.1 0 0.1 0 0.1 0 0 0 0 0
2002122805 0.4 0 0.1 0.2 0.8 0.1 0.3 0 0.5 0 0 0 0 0 0 0 0 0 0 0 0 0 0 0 0 0 0 0 0 0 0 0 0 0 0 0 0 0 0 0 0 0.1
2002122806 0 0 0 0 0.3 0 0 0 0 0 0 0 0 0 0 0 0 0 0 0 0 0 0 0 0 0 0 0 0 0 0 0 0 0 0 0 0 0 0 0 0.1 0.1
2002122807 0 0 0 0 0 0.1 0 0 0.1 0 0 0 0 0 0 0 0 0.1 0 0 0 0 0 0 0 0 0 0 0 0 0 0 0 0 0 0 0 0 0 0 0 0
2002122808 0 0 0 0 0.2 0 0.3 0 0.3 0 0 0 0 0 0 0 0 0 0 0 0 0 0 0 0 0 0 0 0 0 0 0 0 0 0 0 0 0 0 0 0 0
2002122809 0 0.7 0 0 0 0 0 0 0 0 0 0 0 0 0 0 0 0 0 0 0 0 0 0 0 0 0 0 0 0 0 0 0 0 0 0 0 0 0 0 0 0
2002122810 0 0 0 0.4 0 0.1 0 0.3 0.1 0.5 0 0 0.4 1.1 0.5 0.5 0.6 0 0 0.6 0.1 0 0.1 0 0 0.1 0 0 0 0 0 0 0 0 0 0 0 0 0 0.1 0 0
2002122811 0.5 0.2 0 0 0 0 0.2 0 0 0.7 0.5 0.7 0.5 0.1 0.2 0.8 0.4 0.4 0.3 0.3 1 1.6 0.3 1 0.3 0.8 0.2 0.2 0 0.4 0.3 0.7 0.2 0.2 1.5 0.7 1.2 0 0 0.2 0 0
2002122812 0.5 0.2 1.2 1.3 0.2 0.5 0.5 0.2 0.4 0.2 0.6 0.3 0 0.1 0 0.3 0 0.3 0.3 0.4 0.5 0.3 0.5 0.2 0.1 0.4 0.1 0.4 0.5 0.8 0.6 0.7 0.6 0.2 0.8 0.5 0.3 1 0.5 0.8 0 0.1
2002122813 0.8 0 0.9 0.2 1.2 0.9 2.1 0.5 1.7 0 0 0 0 0 0 0 0 0.3 0.3 0 0.3 0.2 0.6 0.4 0 0.3 0.1 0.1 0.3 0.5 0.3 0.6 0.6 0.1 0.7 0 0.2 0.2 0.3 0.3 0.3 0.5
2002122814 0 0 0 0 1.4 0.5 1 0.4 1.4 0 0 0 0 0 0.2 0.1 0 0 0.1 0 0.1 0.1 0 0 0.1 0 0.1 0.1 0.6 0.4 0.5 0.4 0.2 0 0 0 0 0.4 0.3 0.1 0.5 0.5
2002122815 0 0 0 0 0 0 0.1 0 0.2 0 0 0 0 0 0 0.1 0 0 0 0 0.1 0.1 0 0.1 0 0 0 0 0.1 0.1 0 0.1 0 0.1 0.2 0.1 0 0 0.1 0 0 0
2002122816 0 0.1 0 0 0 0.1 0 0 0 0.4 0 0 0.4 0 0 0 0.5 0.3 0.2 0.1 0 0 0.1 0 1.1 2.1 0.2 0.8 0.7 0.1 0 0 0.3 0 0 0 0 0 0 0 0.1 0.2
2002122817 0.2 0.3 0 1.9 0 0 0.1 0 0.1 0.3 0.4 1 0.3 0 0.6 0.1 0.9 0.1 0.1 1.9 0.5 0.2 0 0.4 0.7 0.2 0.5 0 0.1 0 0 0.1 0 0.6 0 0 0.1 0.1 0 0.9 0.1 0
2002122818 1.8 0 0.5 0.1 0.3 1 0 0.1 0.6 0 0 0.1 0 0 0 0 0.1 0.4 1.4 0 0.6 1 0.7 0.1 0.1 0.1 0.3 0.4 0.5 0.5 1.7 2 0.5 0.5 1.3 1 0.2 1.2 0.6 0.8 0 0.1
2002122819 0 0.1 0 0.1 0.3 0 0 1.7 1.1 0 0 0 0 0 0 0 0 0 0.1 0 0 0 0 0 0 0 0 0 0.3 0 0.1 0 0.1 0 0 0 0 0.9 0.2 0.1 0.9 1.2
2002122820 0.3 0 0 0 0.2 0.1 0.1 0.1 0 1.2 0 0.1 0 0 0.1 0.1 0 0 0 0 0 0 0 0 0 0 0 0 0 0 0 0 0 0.1 0 0 0 0 0 0 0 0
2002122821 0 0 0.1 0 0 0.3 0.1 0 0.7 1.5 0 1.7 0.2 0 0 0 0 0 0 0 0 0 0 0 0 0 0 0.1 0 0.1 0 0 0.1 1.3 0.2 0.1 0 0 0 0 0.1 0.1
2002122822 0 0 0 0 0.1 0.3 0.2 1.3 0.5 0 0 0.7 0 0 0 0 0 0 0 0 0 0 0 0 0 0 0 0.2 0 0 0 0 0.3 0.5 0.9 0 0 0 0 0 0.5 0.4
2002122823 0 0 0 0 0 0.1 0.1 0.5 0.1 0 0 0 0 0 0 0 0 0 0 0 0 0 0.2 0 0 0 0 0 0 0 0 0 0 0 0 0 0 0 0 0.1 0.8 0.2
2002122900 0 0 0 0 0 0 0 0.1 0 0 0 0 0 0 0 0 0 0 0 0 0 0 0.1 0.3 0.1 0.1 0.4 0 0 0 0 0 0 0 0 0 0 0.2 0 0 0 0
2002122901 0 0 0 0 0 0 0 0 0 0 0 0 0 0 0 0 0 0.1 0.1 1.3 0 0 0.2 0.1 0.5 0.8 0.1 1.3 0 0 0 0 0 0 0 0 0 0 0 0.3 0.2 0
2002122902 0 0 0 0.1 0 0 0 0 0 0 0 0 0 0 0 0 0 0 0 0 0.2 0.2 0 0 0 0 0 0 0.1 0.1 0.3 0 0 0 0 0 0 0.1 0.3 0.1 0.1 0
2002122903 0 0 0 0 0 0 0 0 0 0 0 0 0 0.1 0 0 0 0 0 0 0 0 0 0 0 0 0 0 0.3 0 0 0 0 0 0 0 0 0 0 0 0 0
2002122904 0 0 0 0 0 0 0 0 0 0.2 0 0.1 0.2 0.5 0.1 0 0.2 0 0 0 0 0 0 0 0 0 0 0 0 0.1 0 0 0 0.1 0 0 0 0 0 0 0 0
2002122905 0 0.4 0.1 0.1 0 0 0 0 0.1 0.3 0.2 0.1 0.4 0.1 0.3 0.3 0.1 0 0 0 0.1 0 0.1 0 0 0.1 0.1 0 0 0 0 0 0.1 0 0 0.2 0.1 0 0 0 0 0
2002122906 0.3 0.8 0.2 0.3 0.2 0.2 0.2 0 0.2 0.8 0.5 0.7 0.3 0 0.1 0.1 0 0.1 0.1 0 0 0.1 0 0.1 0.4 0 0.1 0.1 0 0 0 0 0 0.2 0 0.1 0 0 0 0 0 0
2002122907 0.2 0.2 0.4 0.5 0.3 0.1 0.1 0 0.1 0 0.1 0.1 0 0 0.1 0 0 0 0 0 0 0 0 0 0 0 0.1 0.5 0 0 0 0.1 0.3 0.1 0 0.2 0.1 0.1 0 0 0 0
2002122908 0 0 0 0 0 0 0.1 0.3 0.4 0 0 0 0.4 0.7 0.4 0.5 0.7 0 0 0.4 0 0 0.4 0.5 0.5 0.5 0.1 0 0 0 0 0 0.4 0 0.3 0 0 0.1 0 0 0.1 0.2
2002122909 0.2 0.2 0.1 0.1 0.4 0.1 0.3 0.1 0.5 1.5 0 1.2 1.3 1.5 1.6 2.4 1.6 1.8 1.4 1.5 1.2 1 1.8 2.3 3.1 2.2 2.1 2.3 0.3 0.5 0.8 1 1.7 0.7 0.8 1.2 1.8 0.5 2.2 1.6 0 0
2002122910 0.4 1.3 1.1 0.3 0.6 0.8 0.9 1 1.4 1 0.9 1 1 1.2 1.3 1.8 1.7 1.8 1.4 1.7 1.6 1.4 1.6 1.9 3 2.4 1.8 1.5 1.3 1.5 1.4 1.4 1.8 1.2 0.9 1.1 1.6 1.9 1.7 1.8 0.7 0.8
2002122911 0.8 0.9 1.1 0.8 1 0.7 1.2 1 1.9 1.1 0.7 0.7 1.4 1 1 1.3 1.2 1.6 1.9 1.2 1.3 1.2 1.9 2 2.2 2 2.2 2 1.2 1.3 1.8 1.4 2 0.9 1 1 1.4 1.9 2.1 1.9 1.4 1
2002122912 1.1 1.6 1.3 1.3 1 0.8 1 1.3 2.1 1.9 1.1 1.3 1.9 2.3 2.1 2 2.8 2 1.6 1.3 1.5 1.6 2 2.7 3.3 3.9 3.2 2.6 1.6 1.3 2.1 1.1 2.8 1.3 1.1 1.3 1.5 2.3 1.5 2.4 1.7 1.5
2002122913 1.5 2.4 1.9 1.6 0.9 1.7 1.6 1.8 2.4 1.7 1.8 2 1.1 2 2.3 3.1 2.1 3.5 2.9 2 2.5 2.1 3.2 3.1 2.9 3.1 3.4 2.8 2.4 2.4 3.4 2.7 3.4 2.6 2.1 2.5 2.9 2.8 0.5 1.3 1.7 3
2002122914 2.3 2.2 3.1 2.5 2.1 2.6 3.1 1.9 6.2 1.3 2.1 1.7 1.2 1.3 1.5 1.2 0.8 3.3 3.3 1.7 1.9 2.2 1.9 1.4 1.5 0.6 3.2 3.1 1.6 1.3 3.6 2.6 3.6 1.9 1.8 2.2 2.2 3 0.1 0.2 2 2.8
2002122915 3 1.9 4.3 2.5 3.5 3.5 5.1 2.4 6.3 1.8 1.9 1.7 1.5 2.2 1.8 1.3 0.7 1 1.2 0.2 1.2 1.1 0.8 1.2 1.3 0.7 1.8 1.1 1.8 1.8 2.4 1.4 4.1 1.8 2 3 2.2 2.3 0.2 0.4 2.3 3.3
2002122916 2.6 2 3.3 1.9 2.8 2.5 3.4 1.9 4 2.5 1.9 2.8 2.4 1.1 0.6 0.9 0.8 0.4 0.3 0.1 0.4 0.3 0.3 0.5 0.7 0.7 0.9 0.4 0.9 1.1 0.3 0.2 3.8 1.9 2.3 2.8 1.6 1.1 0.3 1.4 2.3 2.6
2002122917 3.3 2 3.7 2.5 3 3.5 3.7 2 3.3 1.9 1.5 1.5 1.5 1.7 1.6 1.6 1.1 1.2 0.8 0.9 1.2 1.5 0.8 1.1 0.7 0.6 1.2 0.6 1.7 2.6 3.4 2.9 3.2 1.6 0.9 1.1 1.9 3.4 0.1 0.9 1.8 3.2
2002122918 3.5 2.6 3.2 2.8 3 1.9 2.8 1.4 2.8 1.9 1.5 1.4 1.6 1.9 1.3 1.7 1.7 2.2 1.7 1.1 1.1 1.5 1.5 1.7 1.7 0.7 1.9 1.1 1.1 1.7 2.4 2.2 3.3 1.1 0.9 1.2 1.7 1.9 0.4 0.2 1.3 1.6
2002122919 2.7 1.5 2.3 2.9 2.7 2.5 2.5 2.1 3.7 1.5 1.2 1.8 0.9 1 1.3 1.3 0.4 0.7 0.5 0.2 0.9 1.2 0.5 0.8 0.7 0.2 1.1 0.8 1.6 2.6 1.5 1 3.5 1.3 1.4 1.4 1.7 1.9 0.1 0.2 1.9 2.4
2002122920 2.4 0.2 1.7 1.3 1.8 1.5 2.2 2 2.5 0.3 0.4 0.5 0.3 0.5 0.3 0.5 0.2 0.1 0.1 0.2 0.4 0.8 0.1 0.1 0 0 0.3 0.3 0.1 0.9 0 0.1 1.9 0.6 1.3 1.2 0.5 0.1 0 0.1 1.2 2
2002122921 0.1 0.1 0.3 0.1 1.6 0.7 0.9 1.3 1.3 0 0 0.1 0.3 1 0.3 0.3 0.2 0 0.1 0 0 0 0 0 0 0 0 0 0.3 0.5 0 0 0.9 0.1 0.2 0.2 0.1 0 0 0 0.7 1
2002122922 2.6 1.1 2.8 1.6 2.7 1.8 1.8 1.2 1.4 1.9 1 2.1 1.4 2.1 2.1 2.7 2.4 1.6 1.1 1.7 1.2 1.3 2 2.7 2.9 2.3 1.7 1.4 0.5 1.3 0.5 0.9 2.2 1.4 1.5 2.2 2.5 0.4 0.4 0.9 0.7 1.7
2002122923 1.9 0.4 1.6 0.9 2.1 1.9 1.7 2.4 2.6 0.7 0.6 1.3 0.5 0.7 0.9 1.2 1 1.1 1.2 0.8 0.9 1 1.6 2.5 2.6 1.7 2.3 2.3 1.6 2.1 1.5 1.1 2.5 0.9 1.7 1.2 2.2 1.9 2.1 1.3 2.1 2.3
2002123000 0.3 0 0.4 0.1 0.6 0.3 0.5 0.7 1.5 0.4 0.1 0.2 0.4 0.1 0.1 0.4 0.3 0.6 0.7 0.1 0 0.2 0.7 0.7 0.6 0.2 1.2 1.4 0.4 0.4 0.2 0.5 0.8 0.1 0.3 0.2 0.6 0.2 0.4 0.5 0.9 1.1
2002123001 0 0 0.4 0 0.5 0.8 0.8 0.5 1.2 0.5 0 0.4 0.2 0.4 0.2 0.4 0.3 0.3 0.4 0 0.1 0.1 0.4 0.7 0.9 0.4 1 0.9 0.3 0.2 0.2 0.5 0.9 0.2 0.4 0.4 0.4 0.2 0.1 0.3 0.3 0.3
2002123002 0 0 0.1 0 0.2 0.2 0.3 0.2 0.4 0 0 0.1 0 0 0 0 0 0.3 0.5 0 0 0 0.2 0.4 1.2 0.5 1.8 0.6 0.3 0.2 0.2 0.5 0.4 0 0.1 0 0 0.3 0.5 0.4 0.4 0.2
2002123003 0 0 0 0 0 0 0 0 0.1 0 0 0 0 0 0 0 0 0 0 0 0 0.1 0 0 0.4 0.1 0.3 1.3 0.2 0.1 0.2 0.4 0.1 0 0 0 0 0.7 0.4 0.3 0 0
2002123004 0 0 0 0 0 0 0 0 0.4 0 0 0 0 0 0 0 0 0.6 0.6 0.1 0 0.1 0.2 0.5 0.1 0.1 1.3 0.5 0.5 0.1 0.2 0.5 0.3 0 0 0 0 0.9 0.2 0.3 0.3 0
2002123005 0.1 0.1 0 0 0 0 0 0 0.1 0 0 0 0 0 0 0 0 1 0.7 0 0 0.2 0.5 0.8 1.6 1.6 2.2 1.1 0.5 0.5 1.4 1.9 0 0 0 0.5 0 1 0.2 0.4 0.7 0
2002123006 0 0.2 0.2 0 0.1 0.2 0.1 0.6 0.3 0.3 0 0 1.6 0.1 0 0 0 0.8 1.2 0.3 0 0.1 0.6 3.1 2.3 1.7 3.7 1.3 0.4 0 0.4 0.6 0.1 0.1 0 0 0.2 0.8 0.3 1.4 0 0.6
2002123007 0 0 0.1 0 2.7 0.7 1.1 0 0.8 0 0 0.3 0 0.1 0 0 0.3 3.1 2.8 1.6 1.1 2.8 3.4 2.7 2.1 1.5 2.9 1.3 1 1.8 1.3 2 0.7 0.5 0 0.1 0 1.4 0.1 0.5 0.1 0
2002123008 0 0 0 0 0 0.6 0 0.8 0.2 0.8 0 1.7 1.2 2.4 2.3 2.2 5 1.6 2 2 3 2.7 0.8 2.5 2.3 1.7 1.7 1.2 2 2.5 2.9 2.8 4.2 0.9 1.8 0.5 2.1 4.2 0.2 0.2 2.6 0.8
2002123009 0 0.5 0.6 0 1.3 3.8 1 2.2 1.4 5.5 1.3 3.8 5.4 3.4 1.9 2.2 1.4 0.6 0.6 0.6 0.6 0.9 1.2 1.2 0.7 0.4 1.6 0.9 1 1.1 0.2 0.3 1.4 3.9 2.7 2.7 1.5 0.5 0.1 0.2 1.1 2.9
2002123010 2.8 4.8 6.4 1.6 5.2 4.7 6.2 1.4 4.2 2.6 4.3 2.6 1.7 2 2.7 2 0.8 0.4 0.4 0 0.1 0.2 0.5 0.7 0.8 0.3 1 1.1 0.1 0.5 0.5 0.4 2.2 3.5 1.4 3 1.5 0.5 0.1 0 0.7 1.8
2002123011 3.6 2.4 4.3 3.3 5.4 4.1 4.7 0.6 5.3 0.9 2 1.8 0.8 0.3 0.7 0.9 0.3 0.4 0.3 0 0 0.2 0.5 1.3 1.6 1.1 0.8 0.9 0.4 0.3 0.5 0.3 0.4 2.5 0.6 0.7 0.4 0.6 0.4 0.5 0.2 0.6
2002123012 2.8 1.1 2.8 2 3.3 1.1 2.2 0.4 1.7 1 0.9 0.2 1 0.6 0.4 0.8 0.4 0.8 0.8 0.3 0.1 0.3 0.9 0.9 0.8 0.3 1.5 1.2 0.5 0.5 0.8 1 1.3 0.2 0.7 0.6 1.1 0.3 0 0.1 0.5 0.3
2002123013 2.1 0.5 1.1 0.6 1 0.2 0.6 0.8 0.6 0 0.3 0.1 0 0.2 0 0.1 0 0.6 0.8 0 0 0.1 0.9 1.2 0.1 0.3 0.7 0.3 0.2 0.1 0.5 1 0.5 0.1 0.2 0.1 0.3 0.5 0 0 0.3 0.8
2002123014 0.3 0.4 2.2 0.5 0.5 0.1 0.3 0.1 0 2.8 0.4 0.1 3.7 0.2 0.1 0 0 0.4 0.3 0.1 0 0 0.5 0.1 0.2 0 0.4 0.4 0.2 0.4 0.1 0.5 0.2 0 0 0 0.4 0.1 0.1 0 0 0.4
2002123015 2.7 0 4.1 0.3 0.3 0.3 0.2 0.1 0.5 2.2 1.7 0.4 0.2 0 0 0.1 0 0.2 0.1 0 0 0 0.2 0.2 1 0 0.2 0.1 0 0 0.1 0 0 0.1 0.2 0 0.1 0.1 0 0 0.1 0.1
2002123016 0.1 0 1.1 0 1.1 0.3 0.6 0 0.6 0 0 0 0 0 0 0 0 0.5 0.1 0.5 0 0 0.4 0.2 0.8 0 0.1 1 0 0 0 0.1 0.1 0 0 0 0 0 0.1 0.1 0.1 0.2
2002123017 0 0.1 0.1 0 0 0 0 0 0 0.4 0.7 0 0.6 0 0 0 0 1 1.1 0.3 0.2 1.1 0.8 4.4 0.1 0 0 0.2 0.9 1.6 0.2 2.2 0.1 0 0 0 0 0 0.5 0 0 0
2002123018 0.1 0 0.5 0.1 2.2 0 0.6 0 0 0 0 0 0 0 0 0 0 0.1 0.1 0 0 0.1 0 0 0 0 0.2 0 0.3 0 0.2 0.1 0 0.1 0 0.2 0 0.8 0 0.9 0.2 0
2002123019 0 0.8 0 0.4 0.2 0 0 0 1 0 0 0 0 0 0 0 0 0.7 1.4 0 0 0 0.3 0.2 0 0 0 0 0 0 0.4 0.3 0 0 0 1.1 0 0.5 0 0 0 0
2002123020 1.8 1 0.9 0.4 0 0 0 0 0 0 0.7 0 0.2 0 0 0 0 0.1 0.7 0 0 0 0.3 0.1 0 0 1.8 0.3 0 0 0.1 0 0 0 0.1 0 0 0.9 0 0.1 0 0
2002123021 0.4 0.3 0.8 0 0.3 0 0 0.1 0 0 0.2 0 0.6 0 0 0 1.9 0 0.1 0 0 0 0.3 0 0 0 0.1 0 0 0 0 0 0 0 0 0 0 0 0 0 0.1 0
2002123022 0.3 0.4 0.5 0.2 0.8 0.6 1.4 0 1.1 0.3 0.4 0.5 0.3 0 0 0.1 0 0.2 0.4 0 0 0 0.9 0 0 0.1 0.1 0.1 0 0 0.2 0 0 0.1 0 0.1 0.9 1 0 0 0 0
2002123023 1.1 0.9 0.8 1 0.2 0.4 1.5 0.1 0.2 0.2 2.2 0.5 0 0 0 0 1.4 0.6 0.7 0.3 0 0 0 0.1 0.4 0.4 0.1 0.1 0 0 0.1 0.2 1.3 0.6 0 0 0.1 0.1 0 0.4 0.6 0
2002123100 0.2 0.8 2.4 0.1 2.5 0.5 2.7 0 1.8 0.2 1.8 0 0 0 0 0.2 0.9 0.1 0.2 1 3.3 1.2 0.4 0.1 1.1 0.1 0 0.6 0 0 0 0 0 0 0 0 0.1 0.3 0.1 0.9 0.3 0
2002123101 0.3 0.7 1 0.4 1.8 1.4 1.6 0.1 0.6 0.7 0.3 0.2 1 0.8 0.1 0 0.2 0.4 1.1 1.5 1.1 2 0.9 0.1 0.5 0.6 0.1 0.4 0.8 4.9 0.1 0.2 2.4 0.1 0.6 0.1 0.4 0.1 0.1 0.5 0.7 0.5
2002123102 0.9 0.2 0.1 0.4 0.3 1.6 1.2 0.9 1.1 1.4 0 0.9 0.7 2.2 3.3 2.4 0.1 0.9 0.3 0.1 0.1 0.6 0.5 0.1 0 0.1 0.1 0.6 0.9 1.4 0.2 0.1 0.3 0 1.8 2.3 3 1.1 0 0 1.2 0.8
2002123103 0 0.1 0 0.1 0.6 0.5 0.6 2 0.4 0.3 0 1.1 0.5 1.8 0.4 3.1 1.3 0.1 0.1 0.3 3.6 3.4 0.1 0.2 0.1 0 0.3 0.1 0.4 0.1 1 1 3.9 1.1 1.3 1.4 2.5 1.5 0 0.3 0.9 1.4
2002123104 0.2 1.4 0.1 0.4 0.1 0.1 0.1 1.2 0.2 0 0.5 0.2 0 0.5 1.3 1.7 2 0 0.1 0.3 1.8 1.6 1.4 1.2 0.2 0.5 0.9 0 2.6 3.3 0.2 0.7 1.3 0.2 0.4 0.2 3.4 0.2 0.2 0.8 2.9 1.6
2002123105 0.1 0.6 0.4 0.3 0 0.4 0.2 0.3 0 0.1 0.9 0 0.2 0 0 0.2 0 0.9 0.4 1.4 0.5 0.8 3.8 1.7 0.9 1.1 1.4 1 1.1 0.3 1 0.5 0.9 0 1 1.2 1 1.5 0.1 0.4 0.3 0.6
2002123106 0.1 0.1 0 0.1 0 0.5 0 0.2 0.6 0.3 0.1 0.1 0.5 0.1 0.2 0 0.1 0.6 0.9 0 0 0 0.3 2.2 1.7 2.3 2.6 2 0 0.1 0 0.2 0.2 0.1 0.1 0.1 0 0 0.4 0.4 0.2 0.2
2002123107 0.1 0 0 0 0 0 0 0 0.1 0 0 0 0.1 0.2 0.2 0.2 0.2 0 0.1 0 0 0.1 0 0.1 0.4 0.3 0.3 1.1 0.1 0 0.1 0.1 0 0 0.3 1 0.2 0.1 0.1 2 0.5 0
2002123108 0 0 0 0 0 0 0 0 0 0 0 0 0 0.1 0 0.1 0 0 0 0.1 0.2 0 0 0 0 0.1 0 0 0.1 0.1 0 0 0.1 0 0 0.1 0 0 0 1.4 0 0.1
2002123109 0.1 0 0 0 0 0 0 0 0 0 0 0 0 0 0 0 0 0.1 0 0.1 0.1 0.1 0 0 0 0 0 0 0.1 0 0.1 0 0.1 0 0 0 0 0 0.1 0.1 0 0
2002123110 0.3 0 0 0 0.1 0 0 0 0 0 0 0 0 0 0 0 0 0 0 0 0 0.1 0 0 0 0 0 0 0 0 0.1 0 0 0 0 0 0 0 0.2 0 0 0
2002123111 0.5 0 0.1 0 0.2 0 0.2 0 0 0 0 0 0 0 0 0 0 0 0 0 0 0 0 0 0 0 0 0 0 0 0 0 0 0 0 0 0 0 0.2 0 0 0
2002123112 0.2 0 0.1 0 0.1 0.1 0 0 0 0 0 0 0 0 0 0 0 0 0 0 0 0 0 0 0 0 0 0 0 0 0 0 0 0 0 0 0 0 0 0 0 0
2002123113 0.2 0 0 0 0 0 0 0 0 0 0 0 0 0 0 0 0 0 0 0 0 0 0 0 0 0 0 0 0 0 0 0 0 0 0 0 0 0 0.1 0 0 0
2002123114 0 0 0 0 0 0 0 0 0 0 0 0 0 0 0 0 0 0 0 0 0 0 0 0 0 0 0 0 0 0 0 0 0 0 0 0 0 0 0 0 0 0
2002123115 0.1 0 0 0 0 0 0 0 0 0 0 0 0 0 0 0 0 0.1 0 0 0 0 0 0 0 0 0 0 0 0 0 0.1 0 0 0 0 0 0 0.1 0 0 0
2002123116 0 0 0 0 0 0 0 0 0 0 0 0 0 0 0 0.1 0 0 0 0 0 0.1 0 0 0 0 0 0 0 0 0.1 0 0 0 0 0 0 0 0 0 0 0
2002123117 0 0 0 0 0 0 0 0 0 0 0 0 0 0 0 0 0 0 0 0 0 0 0 0 0 0 0 0 0 0 0 0 0 0 0 0 0 0 0 0 0 0
2002123118 0 0 0 0 0 0 0 0 0 0 0 0 0 0 0 0 0 0 0 0 0 0 0.1 0 0 0 0 0 0 0.1 0 0 0 0 0 0 0.1 0 0 0 0 0
2002123119 0 0 0 0 0 0 0 0 0 0 0 0 0 0 0 0 0 0.1 0.1 0 0 0 0 0 0 0 0 0 0 0 0 0 0 0 0 0 0 0.1 0 0 0 0
2002123120 0 0 0 0 0 0 0 0 0 0 0 0 0 0 0 0 0 0.1 0 0 0 0 0.1 0 0 0 0.1 0.1 0 0 0 0 0 0 0 0 0 0 0 0 0 0
2002123121 0 0 0 0 0 0 0 0.1 0 0 0 0 0 0 0 0 0 0 0.1 0 0 0 0.1 0 0.1 0.1 0.1 0.1 0 0 0 0.1 0 0 0 0 0 0.1 0.1 0 0 0
2002123122 0 0 0 0 0 0 0 0 0 0 0 0 0 0 0 0 0 0.1 0 0 0 0.1 0 0.1 0.1 0.1 0.1 0 0 0 0 0 0 0 0.1 0 0 0 0.1 0.1 0 0
2002123123 0 0 0 0 0 0 0 0 0 0 0 0 0 0 0 0 0 0 0 0 0 0 0 0 0 0 0 0.1 0 0 0 0 0 0 0 0 0 0 0.1 0.1 0 0
