"date" "P" "Q" "ETpot" "GWL" "T"
19900509 0 0.17 3.2 27.987 15.4
19900510 4.9 0.153 2.2 27.984 12.9
19900511 0.9 0.159 2.1 27.984 9.8
19900512 9.5 0.242 1.1 28.008 10
19900513 16.6 0.604 1.2 28.109 10.9
19900514 0.6 0.565 1.2 28.093 10.4
19900515 0 0.407 3.1 28.067 13.2
19900516 2.4 0.328 3.1 28.055 14.4
19900517 0 0.265 3.5 28.04 12.6
19900518 0 0.196 1.8 28.022 9.9
19900519 0 0.158 3.7 28.009 12.1
19900520 0 0.132 4.3 27.998 15.2
19900521 0 0.117 4.2 27.984 14.7
19900522 0 0.104 4.2 27.966 12.7
19900523 0 0.095 4.5 27.952 13.2
19900524 0 0.089 3.4 27.935 12
19900525 0 0.087 2.7 27.918 9.6
19900526 0 0.08 3.1 27.905 9.1
19900527 0 0.078 3.7 27.896 10.5
19900528 0 0.078 2.4 27.884 9.3
19900529 0 0.076 4 27.874 10.8
19900530 0 0.076 4.8 27.863 13.9
19900531 0 0.076 5.1 27.85 15.9
19900601 0 0.075 3.8 27.842 18.6
19900602 7.2 0.084 2.2 27.833 14.8
19900603 3.9 0.081 1.3 27.826 12.9
19900604 8.4 0.097 1.6 27.821 11.8
19900605 1.3 0.095 2.6 27.816 14.4
19900606 0 0.089 2.5 27.814 14.8
19900607 4.9 0.089 1.1 27.812 13
19900608 2 0.084 1.5 27.809 11.7
19900609 1.1 0.084 1.9 27.807 12.2
19900610 2.5 0.095 1.7 27.806 13.1
19900611 5.2 0.098 0.9 27.807 12.3
19900612 0 0.096 2.1 27.811 12.8
19900613 0 0.087 2 27.811 12.9
19900614 0 0.077 2.6 27.811 12.8
19900615 0 0.076 3 27.808 12.8
19900616 0 0.069 3 27.807 13.2
19900617 0 0.066 4.4 27.805 14.7
19900618 0 0.061 3.8 27.799 17.7
19900619 0 0.057 2.2 27.792 17.2
19900620 1.7 0.058 1.5 27.787 15.5
19900621 4.2 0.059 3.5 27.786 15.6
19900622 4.7 0.064 2.3 27.782 14.2
19900623 6.4 0.066 3 27.773 14.1
19900624 5.5 0.064 4.3 27.771 16.2
19900625 0 0.058 1.2 27.771 17.3
19900626 0 0.054 4.4 27.773 20.7
19900627 8.4 0.075 3 27.774 20.1
19900628 0.8 0.064 3.1 27.768 16.5
19900629 0 0.055 2.9 27.767 17
19900630 0 0.057 2.7 27.766 18.4
19900701 6.3 0.071 2.9 27.762 15.1
19900702 12.3 0.086 2.1 27.763 13.1
19900703 0.4 0.066 3 27.768 12.6
19900704 0 0.058 3 27.773 14.2
19900705 0 0.063 1.9 27.778 14.6
19900706 6.1 0.066 2.1 27.76 12.6
19900707 5.8 0.066 1.4 27.768 13.4
19900708 1.9 0.067 1 27.78 17
19900709 0 0.064 2.2 27.786 15.1
19900710 5.4 0.075 2.6 27.782 13.5
19900711 5.3 0.066 4.4 27.792 15.5
19900712 0 0.056 4.2 27.802 18
19900713 0 0.049 4.6 27.798 14.7
19900714 0 0.048 4.8 27.787 14.6
19900715 0 0.046 4.9 27.772 17.4
19900716 0 0.046 3.3 27.76 18.8
19900717 0.3 0.046 2.4 27.751 15.6
19900718 0 0.044 2.4 27.747 14.8
19900719 0 0.041 4.3 27.742 16.7
19900720 0 0.04 4.2 27.737 18.4
19900721 0 0.038 4.4 27.731 18.3
19900722 0 0.037 4.5 27.724 14.7
19900723 0 0.034 2.8 27.719 12.8
19900724 0 0.034 1.4 27.713 12.7
19900725 0 0.034 1.8 27.707 14.5
19900726 0 0.032 3.7 27.703 18.1
19900727 0 0.03 4.4 27.697 21.5
19900728 0 0.028 3.6 27.69 23.1
19900729 4.1 0.033 2.5 27.684 18.2
19900730 0.6 0.03 4.6 27.68 19.9
19900731 0 0.026 4.6 27.674 22.2
19900801 0 0.025 4.3 27.668 21.2
19900802 0 0.022 4.8 27.664 22.6
19900803 0 0.021 4.8 27.658 23.4
19900804 0 0.021 4.5 27.653 25.1
19900805 0 0.021 2.4 27.646 18
19900806 0 0.026 2.1 27.64 13.3
19900807 6.3 0.024 3.2 27.634 13.6
19900808 0 0.021 3.1 27.629 14.4
19900809 0 0.02 3.1 27.625 18.6
19900810 0 0.019 1.9 27.621 17.6
19900811 0 0.019 3.8 27.617 20.7
19900812 0 0.015 3.7 27.613 21.4
19900813 0.4 0.015 3.8 27.607 22
19900814 0 0.014 2.2 27.602 19.1
19900815 0 0.014 2.5 27.598 19.7
19900816 0.8 0.014 2.7 27.592 17.7
19900817 0 0.014 2.8 27.585 15
19900818 2.6 0.023 0.6 27.583 12.5
19900819 11.6 0.027 2.5 27.585 14
19900820 25.6 0.099 2.2 27.619 16.1
19900821 5.6 0.062 1.6 27.678 14.3
19900822 0.4 0.042 2 27.704 15.7
19900823 0 0.038 3.2 27.718 18
19900824 0 0.033 3.6 27.729 18.7
19900825 0 0.032 2.9 27.731 19.7
19900826 0 0.032 1.7 27.728 16.9
19900827 0 0.027 3.3 27.726 19.9
19900828 0 0.026 3.2 27.72 20
19900829 0 0.025 3.1 27.715 21.2
19900830 0 0.025 0.8 27.706 17.3
19900831 1.2 0.028 0.5 27.7 13.2
19900901 9.5 0.034 0.9 27.695 14.2
19900902 1.8 0.038 0.8 27.692 15.4
19900903 13.1 0.079 0.8 27.702 15.9
19900904 10.6 0.12 2.1 27.758 14.5
19900905 9.8 0.093 1.7 27.817 12.2
19900906 0.3 0.099 0.6 27.853 12.7
19900907 15.1 0.171 1.2 27.902 12
19900908 0.9 0.114 1.6 27.937 12.9
19900909 0 0.093 1.5 27.953 12.4
19900910 0 0.103 0.7 27.961 12.3
19900911 6.2 0.105 2.1 27.965 12.3
19900912 0.4 0.089 1.6 27.969 13.6
19900913 0 0.08 1.8 27.97 12.1
19900914 0 0.073 2.1 27.967 11.8
19900915 0 0.067 1.1 27.963 11.4
19900916 0 0.063 2.1 27.961 11.8
19900917 0 0.059 1.3 27.961 10.5
19900918 3.6 0.069 1.1 27.955 11.8
19900919 0.9 0.076 0.5 27.961 12.9
19900920 6.9 0.086 0.7 27.966 10.3
19900921 11.6 0.157 1.7 27.984 10.2
19900922 1.8 0.148 0.7 28.013 10
19900923 0.6 0.141 1.2 28.018 11.6
19900924 8.4 0.246 1.2 28.04 10.9
19900925 4.5 0.254 1.3 28.061 10.1
19900926 0 0.202 1.3 28.049 10
19900927 0 0.165 1.3 28.037 9.2
19900928 0 0.153 1.1 28.03 11.1
19900929 0 0.139 1.4 28.024 12.4
19900930 9.8 0.228 1.4 28.039 16.3
19901001 1.7 0.228 1 28.054 12.5
19901002 0 0.19 1.2 28.048 11.8
19901003 0 0.176 1.9 28.043 15.8
19901004 4.1 0.165 1.5 28.027 11.9
19901005 0 0.151 0.5 28.03 11.7
19901006 3.7 0.208 1 28.05 15.8
19901007 0.4 0.201 1 28.043 10.5
19901008 1.1 0.152 0.9 28.029 7.6
19901009 0 0.134 1.1 28.025 10
19901010 0 0.124 0.6 28.019 12.4
19901011 0 0.12 1 28.014 12
19901012 0 0.105 1.7 28.008 12.9
19901013 0 0.098 1.6 28.002 15.7
19901014 0 0.091 1.1 27.997 16.4
19901015 0 0.089 1.4 27.999 18
19901016 0 0.084 1.4 27.989 15.4
19901017 0 0.078 0.4 27.99 13.9
19901018 0.4 0.078 0.9 27.985 14
19901019 0.5 0.076 1.1 27.981 13.5
19901020 0 0.068 1 27.976 11.5
19901021 0 0.063 1.4 27.971 8.1
19901022 0 0.058 1.3 27.968 6.5
19901023 0 0.056 1.3 27.966 5.5
19901024 0 0.056 1.1 27.962 7.1
19901025 0 0.053 1 27.959 10.4
19901026 0 0.053 1 27.959 10.7
19901027 2.1 0.056 0.6 27.956 9.4
19901028 0.6 0.078 0.2 27.967 9.9
19901029 23 0.3 0.9 28.024 7.2
19901030 7.9 0.471 0.8 28.087 8.5
19901031 0.8 0.498 0.7 28.099 9.6
19901101 6.3 1.153 0.4 28.142 8.3
19901102 18.6 1.861 0.2 28.212 6.8
19901103 0 1.28 0.6 28.144 5.3
19901104 4 1.241 0.5 28.13 4.2
19901105 0.7 0.941 0.5 28.103 4.6
19901106 0 0.719 0.6 28.085 3.9
19901107 0 0.61 0.3 28.075 6.8
19901108 0 0.569 0.2 28.069 5.7
19901109 0 0.506 0.7 28.063 2.3
19901110 0 0.423 0.2 28.058 4.6
19901111 5.3 0.541 0.4 28.064 10.1
19901112 0 0.622 0.2 28.078 9.4
19901113 0 0.742 0.1 28.087 9.6
19901114 10.5 1.635 0.2 28.151 10.6
19901115 13.6 3.083 0.3 28.25 9.8
19901116 1.1 2.303 0.1 28.192 10.9
19901117 12.4 16.76 0.1 28.333 9.9
19901118 20.8 21.44 0.4 28.43 7.6
19901119 11.5 14.076 0.4 28.36 6
19901120 11.7 17.086 0.1 28.463 5.9
19901121 6.7 8.504 0.5 28.325 3.8
19901122 0 3.949 0.6 28.21 2
19901123 0 2.181 0.1 28.171 1.6
19901124 3.3 2.138 0.2 28.166 2.8
19901125 3.2 1.799 0.3 28.144 3.4
19901126 6.5 2.583 0.1 28.189 2.8
19901127 0.6 1.682 0.1 28.138 1.2
19901128 0 1.356 0.1 28.114 1.9
19901129 0 1.416 0.1 28.113 1.3
19901130 4.6 1.655 0.1 28.125 -0.3
19901201 0 1.24 0.1 28.105 2
19901202 1.9 1.407 0.2 28.114 6
19901203 0.6 1.325 0.1 28.111 5.6
19901204 1.4 1.21 0.5 28.106 5.5
19901205 1.6 1.097 0.4 28.096 1.3
19901206 0 0.941 0.3 28.092 0
19901207 0 0.983 0.2 28.096 1.2
19901208 0 0.845 0.2 28.085 0.4
19901209 0 0.665 0.2 28.074 -0.4
19901210 0 0.681 0 28.072 0.5
19901211 16.2 2.288 0.1 28.176 2
19901212 4.9 4.056 0.3 28.272 4.4
19901213 6.9 3.675 0.1 28.259 4.3
19901214 0.6 2.147 0.2 28.18 1.1
19901215 0.6 1.694 0.2 28.144 1.8
19901216 0 1.235 0.1 28.113 -0.2
19901217 0 1.117 0.1 28.105 0
19901218 0 0.983 0.1 28.096 -0.2
19901219 0 0.854 0.1 28.085 -0.3
19901220 1.4 1.062 0.1 28.103 3
19901221 10.7 3.02 0.2 28.231 5.3
19901222 0.3 2.028 0.1 28.187 7.3
19901223 1 1.659 0.2 28.159 7.6
19901224 0 1.337 0.1 28.134 5.8
19901225 0 1.206 0.2 28.124 5.1
19901226 2.9 2.669 0.2 28.176 5
19901227 20.1 6.192 0.2 28.384 5
19901228 2.2 3.164 0.3 28.273 3.8
19901229 2.9 4.001 0.1 28.284 8.1
19901230 8.5 4.174 0.5 28.313 6.1
19901231 0 2.467 0.3 28.23 4.1
19910101 2 2.146 0.2 28.206 3.7
19910102 10.9 6.434 0.1 28.357 9.3
19910103 26.6 12.869 0.3 28.623 7.7
19910104 4 5.768 0.4 28.5 6
19910105 0.8 4.779 0.2 28.401 4.8
19910106 9.1 5.008 0.1 28.414 5.5
19910107 0.8 2.972 0.3 28.31 6.2
19910108 9.8 4.628 0.4 28.371 6.7
19910109 4.6 4.443 0.4 28.363 7.6
19910110 7.4 5.161 0.1 28.376 9.7
19910111 3 3.289 0.3 28.298 7
19910112 0.7 2.326 0.2 28.247 2.9
19910113 0.4 1.799 0.5 28.213 0.4
19910114 0 1.483 0.6 28.188 -0.6
19910115 0 1.18 0.5 28.163 -0.8
19910116 0 0.932 0.5 28.138 -2
19910117 0 0.752 0.4 28.116 -1.1
19910118 0 0.651 0.5 28.102 -0.5
19910119 0 0.622 0.1 28.091 0.8
19910120 2.7 0.64 0.3 28.088 1.2
19910121 1.9 1.107 0.3 28.125 4
19910122 0.5 1.421 0.2 28.169 2.3
19910123 0 1.254 0.1 28.166 -0.4
19910124 0 1.089 0.2 28.152 -0.8
19910125 0 0.975 0.2 28.14 1
19910126 0 0.954 0.1 28.132 2
19910127 0 0.848 0.2 28.12 2.8
19910128 0 0.788 0.5 28.116 1.5
19910129 0 0.685 0.6 28.112 -2.5
19910130 0 0.621 0.2 28.106 0
19910131 0 0.528 0.6 28.096 -1.9
19910201 0 0.422 0.6 28.084 -3.7
19910202 0 0.349 0.5 28.074 -5
19910203 0 0.283 0.5 28.064 -6.9
19910204 0 0.232 0.6 28.047 -4
19910205 0 0.233 0.5 28.039 -1.3
19910206 0 0.209 0.3 28.036 -10.3
19910207 0 0.169 0.2 28.02 -8
19910208 0 0.163 0.2 28.003 -7.8
19910209 0.6 0.159 0.4 27.986 -7.3
19910210 0 0.159 0.3 27.978 -5.4
19910211 0 0.159 0.3 27.982 -3
19910212 1.4 0.159 0.3 27.992 -4.5
19910213 0 0.162 0.3 28.006 -3.6
19910214 1.8 0.163 0.6 28.016 -2.5
19910215 0.2 0.17 0.2 28.04 -0.1
19910216 37.4 0.188 0.5 28.037 0.7
19910217 0 0.189 0.8 28.041 -0.6
19910218 0 0.205 0.4 28.049 0.3
19910219 0 0.223 1 28.059 -2.9
19910220 0 0.245 0.3 28.064 1
19910221 0 0.621 0.9 28.098 4
19910222 0.4 1.49 1.1 28.224 5.4
19910223 1.1 1.322 0.2 28.194 8.7
19910224 0.2 1.14 1.4 28.193 8.8
19910225 1.7 1.412 0.7 28.228 6.1
19910226 0 1.442 1.1 28.21 3.2
19910227 0 1.273 0.7 28.181 2
19910228 0 1.074 0.2 28.161 1.1
19910301 1.1 1.029 0.6 28.149 3
19910302 0.1 0.881 0.3 28.135 4.2
19910303 0 0.735 1.2 28.118 5.7
19910304 0 0.659 1.4 28.113 6.1
19910305 1.3 0.909 0.5 28.136 8.5
19910306 2.2 1.018 1.1 28.155 10.5
19910307 0 0.808 1 28.145 12.2
19910308 0 0.661 0.8 28.121 9.8
19910309 0 0.604 0.6 28.104 9.3
19910310 0 0.56 1.2 28.092 10
19910311 0.6 0.518 1.2 28.089 10.8
19910312 0 0.487 1.9 28.087 10.2
19910313 0 0.432 1.9 28.077 9.3
19910314 0 0.353 1.8 28.07 11
19910315 2.2 0.403 0.3 28.082 9.6
19910316 0.1 0.408 1.5 28.086 11.8
19910317 0 0.362 1.1 28.07 10
19910318 0 0.274 1.8 28.055 8.9
19910319 1.5 0.372 0.2 NA 10.6
19910320 5.2 0.712 1.1 NA 11.8
19910321 4.6 1.005 1.1 NA 10.7
19910322 0 0.691 1.1 NA 6.2
19910323 0 0.444 1.8 NA 4.6
19910324 0 0.34 1.5 NA 6.6
19910325 0 0.267 1.5 28.054 5.3
19910326 0 0.236 1.5 28.044 6.1
19910327 0 0.205 2.3 28.032 6.6
19910328 0 0.186 1.7 28.019 6.2
19910329 0 0.168 2.1 28.009 3.5
19910330 0 0.163 2.1 28.005 4.7
19910331 0 0.16 1.8 28.001 8
19910401 0 0.171 1 28.005 10.7
19910402 0.9 0.18 1.1 28.003 10.5
19910403 0.3 0.168 0.8 27.991 9.1
19910404 2.1 0.166 2.3 28 8.9
19910405 0.4 0.156 2.1 27.984 8.5
19910406 0 0.126 1.8 27.971 9.2
19910407 1.7 0.14 1.7 27.975 8.8
19910408 3.4 0.138 1.8 27.978 8.8
19910409 1.3 0.125 2.5 27.974 8.2
19910410 0 0.117 2.5 27.971 10.3
19910411 0 0.11 3 27.968 12.5
19910412 0 0.107 3.3 27.964 13.2
19910413 0 0.1 3 27.952 13.1
19910414 0 0.096 2.7 27.942 12.9
19910415 0 0.092 2.9 27.935 11.8
19910416 0 0.09 1.2 27.932 5.7
19910417 0.2 0.09 1.9 27.925 5.2
19910418 0.3 0.09 1.1 27.92 3.1
19910419 6.3 0.109 2.1 27.913 3.3
19910420 0 0.095 1.9 27.908 0.6
19910421 0 0.088 2.5 27.906 3
19910422 4.7 0.147 1.2 27.911 4.7
19910423 8.7 0.173 1.4 27.933 3.7
19910424 3.2 0.183 2.2 27.963 4.5
19910425 0.4 0.17 2.5 27.976 7.2
19910426 0 0.144 2.7 27.969 7.7
19910427 0 0.124 2.1 27.962 6.5
19910428 0 0.114 2.4 27.951 6.3
19910429 0 0.102 0.9 27.941 5.4
19910430 0 0.101 1.4 27.942 8
19910501 7.7 0.098 1.2 27.925 6.9
19910502 6.3 0.145 0.6 27.919 6.8
19910503 6.1 0.209 1.7 27.964 6.1
19910504 1 0.28 2 28.003 5.7
19910505 0 0.265 1.5 28.017 6.5
19910506 0 0.213 2.1 28.011 8.5
19910507 0 0.179 1.9 28.002 9.3
19910508 0 0.144 3.5 27.987 9.7
19910509 0 0.119 2.5 27.973 8.4
19910510 3.5 0.116 3.3 27.966 10.9
19910511 0.9 0.107 3.5 27.956 11.1
19910512 0 0.095 1.9 27.939 9.7
19910513 0 0.089 1.6 27.927 12.1
19910514 3.1 0.092 1.9 27.915 10.1
19910515 0 0.106 1.4 27.913 6.5
19910516 10 0.154 2.4 27.921 7.1
19910517 1.7 0.157 1.3 27.931 7.4
19910518 0 0.142 2.7 27.934 9.1
19910519 0 0.123 2.8 27.93 10.1
19910520 0 0.113 2.2 27.918 14.3
19910521 0 0.1 1.1 27.905 14.9
19910522 0 0.091 3.5 27.902 12.1
19910523 0 0.078 3 27.898 8.5
19910524 0 0.067 3.2 27.893 9.2
19910525 0 0.066 1.8 27.886 9.9
19910526 1.7 0.066 1.2 27.88 10.5
19910527 0.4 0.066 1.2 27.876 10.8
19910528 0 0.066 2.4 27.875 12.1
19910529 0 0.066 3.6 27.871 13
19910530 0 0.063 4.2 27.864 15.4
19910531 0 0.059 2.4 27.86 11.1
19910601 0 0.059 3.4 27.853 10.1
19910602 0 0.059 3.9 27.847 10.4
19910603 0 0.061 0.7 27.84 7.8
19910604 8 0.069 2.1 27.831 7
19910605 5 0.075 2.8 27.832 9.1
19910606 0 0.073 1.6 27.84 11.3
19910607 0.1 0.069 2.2 27.841 13.4
19910608 5.8 0.07 2 27.83 12.5
19910609 0 0.077 1 27.839 13.5
19910610 9.7 0.1 2.3 27.853 13.9
19910611 1.4 0.092 2.4 27.859 13.4
19910612 3.9 0.086 1.7 27.871 14.7
19910613 3.7 0.1 2.2 27.881 13.2
19910614 0.8 0.093 2.3 27.879 13.1
19910615 1 0.12 0.4 27.885 11.7
19910616 25.9 0.484 2.7 27.989 12
19910617 0.7 0.545 3.4 28.03 12.3
19910618 0.2 0.383 2.4 28.022 11.4
19910619 1.7 0.292 1.1 28.014 10.5
19910620 4 0.28 1.2 28.018 11.6
19910621 0 0.262 3.3 28.012 14.8
19910622 2.7 0.216 3.4 28.002 17.3
19910623 1.8 0.188 2.5 27.993 15.8
19910624 6.5 0.206 1.9 27.994 16
19910625 1.5 0.287 1.1 28.004 17.3
19910626 5.4 0.34 3 28.015 16
19910627 1.3 1.606 0.8 28.108 12.5
19910628 36.6 2.6 1.5 28.273 12.1
19910629 0.8 1.429 1.3 28.155 12.3
19910630 0.3 0.968 1.8 28.103 14.6
19910701 1.1 0.823 1.6 28.078 16.7
19910702 3.1 0.819 4.7 28.07 21.1
19910703 0 0.525 5.1 28.049 22.6
19910704 0 0.352 5.2 28.034 21.3
19910705 0 0.264 4.9 28.026 23.3
19910706 0 0.199 5 28.013 24.2
19910707 0 0.154 5.2 28.005 24.1
19910708 0 0.127 3.7 27.994 22.2
19910709 0.2 0.106 3.3 27.983 17.1
19910710 0 0.091 4.7 27.975 18.3
19910711 0 0.082 5 27.968 24.6
19910712 0 0.072 3.9 27.952 19.9
19910713 0 0.067 1.7 27.945 17.1
19910714 4.7 0.071 3.2 27.937 17
19910715 0 0.066 1.4 27.928 15.4
19910716 0.4 0.064 1.9 27.92 15.8
19910717 0.2 0.062 3.1 27.912 15.9
19910718 2 0.067 1.4 27.908 15.2
19910719 3.5 0.065 1.2 27.903 15.7
19910720 0 0.059 1.5 27.898 16.1
19910721 0 0.056 3.6 27.893 16.5
19910722 0 0.05 4.5 27.885 16.3
19910723 0 0.046 4.6 27.879 20.1
19910724 2.9 0.053 1.6 27.871 17.3
19910725 4.6 0.051 2 27.861 15.6
19910726 0 0.049 1.6 27.852 15.8
19910727 0.2 0.048 3.7 27.847 16.8
19910728 0 0.045 4.8 27.841 20.1
19910729 0 0.039 4.5 27.834 21.6
19910730 0 0.036 4.4 27.824 22.2
19910731 0 0.04 0.9 27.812 17.2
19910801 1.9 0.042 3.1 27.804 17.2
19910802 0 0.038 3.6 27.794 18.7
19910803 0 0.036 2.8 27.787 17.8
19910804 0 0.033 3.4 27.782 18.9
19910805 0 0.032 3.1 27.776 20.3
19910806 0 0.029 4.2 27.771 23.8
19910807 0 0.027 3.6 27.762 21.1
19910808 15.7 0.068 1.2 27.764 16.9
19910809 4.7 0.049 3.7 27.77 17.1
19910810 0.3 0.042 1.5 27.771 19.8
19910811 0 0.042 0.9 27.77 18.6
19910812 4.8 0.045 3.3 27.765 16.2
19910813 0 0.036 1.3 27.759 14.5
19910814 0 0.033 2.7 27.757 17.1
19910815 0 0.031 3.8 27.754 17.8
19910816 0 0.029 3.1 27.749 17.6
19910817 0.4 0.033 1.7 27.746 15.5
19910818 4.7 0.031 2.7 27.74 14.6
19910819 0.2 0.027 2.2 27.736 15.2
19910820 1.2 0.027 2.1 27.732 16.4
19910821 0 0.026 3.6 27.729 17.2
19910822 0 0.026 3.3 27.726 22.2
19910823 0.9 0.022 3.3 27.717 19.1
19910824 0 0.021 2.1 27.712 15.9
19910825 0 0.021 2.3 27.708 15.8
19910826 0 0.021 2.3 27.703 15.9
19910827 0 0.021 2.8 27.698 15.8
19910828 0 0.02 1.7 27.693 14.5
19910829 0 0.02 3.4 27.689 14.2
19910830 0 0.02 3.5 27.684 16.2
19910831 0 0.016 3.6 27.68 18.3
19910901 0 0.016 3.5 27.675 19.8
19910902 0 0.015 3.3 27.668 20
19910903 0 0.015 3.4 27.663 19.6
19910904 0 0.015 3.1 27.659 18.7
19910905 0 0.015 1.3 27.655 15.9
19910906 0.7 0.015 1.4 27.649 13.1
19910907 0 0.016 1.1 27.645 14.9
19910908 0.2 0.019 1.3 27.642 15.4
19910909 0 0.019 1.6 27.637 13.5
19910910 0 0.02 2.5 27.635 15.4
19910911 0.2 0.021 1 27.629 12.9
19910912 0 0.019 2.2 27.625 10.3
19910913 0 0.019 2.7 27.621 12
19910914 0 0.018 2.6 27.618 13.9
19910915 0 0.022 0.8 27.616 16.4
19910916 21.3 0.071 1.1 27.672 15
19910917 13 0.081 1.7 27.715 16.2
19910918 0 0.048 1.7 27.739 15.5
19910919 5.4 0.049 2.2 27.749 14.1
19910920 0 0.042 2 27.755 11.2
19910921 0 0.04 2.3 27.761 14
19910922 0 0.038 1 27.763 15.3
19910923 2.6 0.054 0.6 27.759 13.6
19910924 1 0.038 1.2 27.76 18.3
19910925 2 0.041 0.5 27.76 17.2
19910926 9.5 0.053 0.6 27.764 14.9
19910927 15.5 0.09 0.4 27.784 11.4
19910928 6.8 0.088 1.6 27.851 12.1
19910929 1 0.071 0.7 27.896 13.2
19910930 2 0.105 0.7 27.92 11.4
19911001 13.6 0.153 0.7 27.968 10.3
19911002 9.6 0.203 1.5 NA 11.6
19911003 0 0.167 1.7 NA 13.3
19911004 1.4 0.154 1.8 NA 12.5
19911005 0 0.148 1.3 NA 12.3
19911006 3.6 0.121 0.6 NA 11.1
19911007 0 0.099 0.6 NA 11.1
19911008 0 0.111 1.1 NA 13.8
19911009 0 0.101 1 NA 11.7
19911010 0 0.088 1.6 NA 12.9
19911011 0 0.086 1.7 NA 14.1
19911012 0 0.082 0.9 NA 12.3
19911013 2.7 0.088 0.2 NA 12.2
19911014 0.6 0.083 1.4 NA 12.4
19911015 0.2 0.079 1.1 NA 11.5
19911016 0 0.086 0.9 NA 13.3
19911017 2.7 0.097 0.7 NA 8.7
19911018 5.3 0.099 0.7 NA 8.1
19911019 3.8 0.109 0.8 NA 6.7
19911020 3.1 0.122 0.8 NA 6.4
19911021 0.5 0.108 0.9 NA 6.2
19911022 0 0.093 1.1 NA 6.2
19911023 0.3 0.088 0.5 NA 9.3
19911024 0 0.087 0.4 NA 9.5
19911025 0 0.081 0.4 NA 9.4
19911026 0 0.077 1.1 NA 5.5
19911027 0 0.073 1 NA 3.6
19911028 0 0.067 0.9 NA 3.8
19911029 0 0.061 0.9 NA 3.1
19911030 0 0.058 0.7 NA 3.3
19911031 0 0.057 0.7 NA 5.3
19911101 0 0.054 0.5 NA 8.6
19911102 3.2 0.062 0.6 NA 12.1
19911103 0.4 0.079 0.1 NA 9.6
19911104 9.1 0.113 0.3 NA 6.3
19911105 6 0.157 0.6 NA 5.9
19911106 0 0.149 0.5 NA 5
19911107 9.3 0.39 0.1 NA 10.5
19911108 8 1.162 0.1 NA 9.5
19911109 11 1.409 0.5 NA 5.2
19911110 2 1.016 0.7 NA 4.2
19911111 3.2 1.359 0.1 NA 6.6
19911112 8.1 1.775 0.5 NA 6.6
19911113 14.2 2.952 0.5 NA 7.6
19911114 0 1.827 0.1 NA 5.4
19911115 1.2 1.551 0.3 NA 4
19911116 5.2 1.574 0.2 NA -0.3
19911117 0 1.159 0.3 NA 1.1
19911118 0.3 1.206 0.1 NA 5
19911119 5 1.637 0.1 NA 4.3
19911120 16.9 4.429 0.1 NA 2.3
19911121 1.5 2.743 0.4 NA -0.4
19911122 0 1.794 0.2 NA 1.3
19911123 0 1.346 0.2 NA 4.6
19911124 0 1.112 0.1 NA 2.8
19911125 0 0.931 0.1 NA 1.7
19911126 0 0.763 0.3 NA 3.8
19911127 0 0.678 0.4 NA 4.8
19911128 0 0.628 0.4 NA 4.5
19911129 0 0.571 0.4 NA 3.6
19911130 0 0.545 0.5 NA 3.3
19911201 0 0.465 0.3 NA 0.6
19911202 0 0.435 0.1 NA -0.3
19911203 0.3 0.407 0 NA -0.4
19911204 0 0.402 0 NA 2.3
19911205 0 0.39 0.4 NA 2.7
19911206 0 0.33 0.5 NA -0.3
19911207 0 0.344 0.1 NA 3.1
19911208 0 0.359 0.1 NA 3.4
19911209 0 0.324 0.4 NA 0.5
19911210 0 0.265 0.3 NA -2.4
19911211 0 0.24 0.3 NA -1.6
19911212 0 0.226 0.3 NA -0.9
19911213 0 0.201 0.3 NA -0.3
19911214 0 0.197 0.3 NA -0.3
19911215 0 0.182 0.4 NA -0.8
19911216 0 0.184 0.1 NA 2.4
19911217 1.7 0.23 0.1 NA 5.2
19911218 13.3 1.304 0.2 NA 5.5
19911219 5.6 5.035 0 NA 8
19911220 23.3 6.204 0.2 NA 3.1
19911221 2.1 4.126 0.1 NA 5.8
19911222 9.8 5.735 0 NA 10.5
19911223 5.3 3.869 0 NA 10.1
19911224 5 3.166 0.3 NA 4.6
19911225 0.6 2.096 0.3 NA 3.3
19911226 0.3 1.884 0 NA 6.3
19911227 0.9 1.547 0.2 NA 6.2
19911228 0 1.225 0.2 NA 4.9
19911229 0 1.077 0.1 NA 5.2
19911230 0.7 1.075 0.1 NA 5.4
19911231 0.9 1.017 0.1 NA 3.8
19920101 0 0.906 0 NA 4.9
19920102 0 0.802 0.1 NA 5.9
19920103 0 0.725 0.2 NA 4.1
19920104 2 0.912 0.2 NA 6.4
19920105 2.4 1.806 0.1 NA 7.7
19920106 16.7 4.776 0.1 28.236 8.8
19920107 0.8 2.761 0.1 28.146 3.1
19920108 0 1.892 0.2 28.071 7.4
19920109 4 2.384 0 28.073 6.7
19920110 2.7 1.89 0.5 28.078 2.2
19920111 0 1.253 0.1 28.05 -3.7
19920112 0 1.057 0.1 28.031 0.2
19920113 0.3 1.082 0.2 28.027 3.6
19920114 0 1.007 0.2 28.021 5.4
19920115 0 0.882 0.1 28.012 6.1
19920116 0 0.818 0.1 28.01 4.8
19920117 0 0.689 0.3 28.014 5.2
19920118 0 0.638 0.3 28.014 4.9
19920119 0 0.86 0.1 28.019 5.5
19920120 6.1 1.319 0.2 28.049 -0.2
19920121 0 0.714 0.4 28.014 -3.8
19920122 0 0.492 0.4 28.024 -4.9
19920123 0 0.4 0.4 28.033 -5
19920124 0 0.328 0.4 27.969 -4.7
19920125 0 0.283 0.1 27.96 -5.5
19920126 0 0.286 0.2 27.955 -0.3
19920127 0.3 0.285 0.2 27.96 -1.7
19920128 0 0.296 0.3 27.965 -2.2
19920129 0 0.311 0.2 27.97 0.4
19920130 0 0.331 0.1 27.97 1
19920131 0 0.371 0.1 28.031 -0.7
19920201 0 0.41 0.2 28.029 -1.8
19920202 0 0.44 0.1 28.022 -1.7
19920203 1.7 0.649 0.5 28.01 3.6
19920204 1.7 0.983 0.2 NA 2.2
19920205 4 1.508 0.1 NA 5.3
19920206 2.1 1.568 0.6 NA 7.1
19920207 0 1.192 0.8 NA 5
19920208 0 0.976 0.7 NA 3
19920209 0 0.884 0.6 NA 5.4
19920210 0.7 0.911 0.5 NA 5.6
19920211 4.5 1.466 0.2 NA 6.5
19920212 2.1 1.324 0.3 NA 10
19920213 5.6 1.702 0.6 NA 7.7
19920214 0.9 1.32 0.4 NA 6
19920215 2.7 1.741 0.3 NA 7.6
19920216 3.7 1.613 0.6 NA 2.8
19920217 3.6 1.463 0.8 NA -0.6
19920218 0 0.988 0.6 NA -1.2
19920219 0 0.888 0.3 NA 0.1
19920220 0 0.787 0.6 NA 2
19920221 0 0.721 0.3 NA 3.6
19920222 0 0.671 0.5 NA 3.8
19920223 0 0.7 0.5 NA 5.6
19920224 2.3 0.741 0.2 NA 6.2
19920225 0 0.683 0.9 NA 6.4
19920226 0 0.573 0.6 NA 6.6
19920227 0 0.489 0.9 NA 7.2
19920228 0 0.461 1.2 NA 7.2
19920229 0 0.438 1.4 NA 9.2
19920301 0 0.432 1.5 NA 9.7
19920302 1.9 0.409 0.9 NA 6.6
19920303 0 0.367 0.2 NA 7
19920304 1.1 0.385 0.7 NA 9.5
19920305 0 0.402 1.5 NA 9.9
19920306 7.4 0.749 0.9 NA 7.7
19920307 0.3 0.733 1.6 NA 7.4
19920308 0 0.571 0.2 NA 5.8
19920309 0 0.446 0.6 NA 6.3
19920310 0 0.45 1.3 28.008 7.1
19920311 3.4 0.603 1 28.018 4.6
19920312 1.4 2.076 0.2 28.096 7.9
19920313 39.1 10.086 0.3 28.461 5.2
19920314 8 5.688 1 28.337 2.5
19920315 1.8 3.543 1.2 28.264 3.5
19920316 0 2.171 1.3 28.111 4.9
19920317 0 1.662 0.4 28.066 7.8
19920318 0 1.416 1.3 28.066 7.1
19920319 0.2 1.187 1.3 28.048 8.6
19920320 0 1.08 0.4 28.035 9.3
19920321 3.7 1.681 0.6 28.056 8.6
19920322 6.7 2.699 0.5 28.082 4.7
19920323 6.7 2.899 1.1 28.133 4
19920324 1.1 1.868 0.9 28.067 4.3
19920325 0.5 1.356 0.6 28.055 4.2
19920326 2.2 1.545 0.5 28.063 4.3
19920327 0.7 1.296 0.8 28.046 4.9
19920328 2.4 1.17 1.3 28.039 2.6
19920329 0.7 0.958 2 28.025 3.7
19920330 0.5 0.889 1.7 28.021 7.1
19920331 0 0.776 1.4 28.012 8.8
19920401 4.7 0.979 0.6 28.019 5.9
19920402 0.2 0.864 1.3 28.014 6
19920403 0 0.656 0.8 28.017 5.8
19920404 0 0.568 1 28.024 4.6
19920405 0 0.511 1.4 28.029 4.6
19920406 0 0.482 1.7 28.03 7.3
19920407 0 0.431 2.4 28.02 9
19920408 0 0.36 2.5 27.959 9.2
19920409 0 0.299 2.5 27.949 8.6
19920410 0 0.289 2.6 27.95 8.9
19920411 0 0.287 2.6 27.95 10.3
19920412 0 0.283 2.2 27.949 9.9
19920413 2.4 0.351 1.2 27.969 6.5
19920414 11.7 0.588 1.4 28.019 9.3
19920415 1.7 0.637 0.6 28.014 6.6
19920416 6.9 0.719 0.7 28.016 3.2
19920417 0 0.775 0.4 28.027 4.4
19920418 5.4 1.231 0.5 28.061 10.3
19920419 4.4 1.302 2.9 28.062 8.2
19920420 0.2 0.836 2.4 28.032 6
19920421 0 0.641 2.4 28.014 7.9
19920422 0 0.539 1.2 27.997 9.3
19920423 0 0.457 1.1 27.985 8.7
19920424 0.8 0.396 1.6 27.978 12.2
19920425 0 0.359 1.2 27.965 12.3
19920426 0.5 0.341 1.3 27.964 12.6
19920427 15 0.993 2.3 28.038 10.8
19920428 2.4 1.125 1.1 28.064 9.5
19920429 6.6 1.54 2.1 28.084 8.5
19920430 0 1.028 2.7 28.047 9.4
19920501 3.1 1.273 0.7 28.068 8.9
19920502 7.9 1.514 2 28.093 8
19920503 0 0.952 2.3 28.045 8.1
19920504 0 0.7 3.1 28.019 8.6
19920505 0 0.571 3.3 27.999 11.3
19920506 0 0.461 3 27.982 12.7
19920507 0 0.424 1.8 27.978 14.4
19920508 1 0.415 1.2 27.97 10.5
19920509 2.7 0.404 0.9 27.969 8.4
19920510 10.3 0.722 2.1 28.001 9.2
19920511 8.6 1.119 2.1 28.046 10
19920512 0 0.898 1.5 28.032 11.7
19920513 0 0.625 3.8 28.011 15.8
19920514 0 0.493 4.8 28.004 20.7
19920515 0 0.385 4.5 27.988 21.9
19920516 0 0.307 4.3 27.973 14.3
19920517 0 0.259 3.9 27.962 12.3
19920518 0 0.239 4.5 27.954 15.5
19920519 0 0.207 4.7 27.945 17.4
19920520 0 0.183 4.7 27.935 18.1
19920521 0 0.155 4.7 27.924 18.4
19920522 0 0.141 4.8 27.912 19.5
19920523 0 0.141 4.7 27.903 21.6
19920524 0.2 0.132 4.6 27.89 21.7
19920525 0 0.124 3.9 27.876 20.6
19920526 0 0.119 4.8 27.867 18.6
19920527 0 0.103 4.7 27.852 18.3
19920528 0 0.096 4.9 27.836 20.1
19920529 0 0.092 4.5 27.822 19.3
19920530 0 0.1 4 27.807 19.6
19920531 29.5 0.152 4.1 27.864 20.8
19920601 0 0.163 3.1 27.891 20.4
19920602 0 0.129 1.8 27.88 19.1
19920603 8.7 0.175 1.5 27.875 15.8
19920604 2.8 0.27 0.5 27.908 12.9
19920605 18.4 0.723 3.1 27.992 16
19920606 16.8 1.327 2.3 28.071 17.4
19920607 6.2 1.365 1.4 28.067 15.8
19920608 1 1.194 3.8 28.026 17.3
19920609 0.3 0.796 3.3 27.989 17.2
19920610 0 0.526 4.9 27.966 17.9
19920611 0 0.358 3.4 27.946 14.2
19920612 0.9 0.272 3.8 27.932 15.6
19920613 0 0.216 4 27.919 17.6
19920614 0 0.185 3.9 27.907 18.1
19920615 0 0.157 4.9 27.896 20.5
19920616 0 0.141 3 27.882 16.3
19920617 0 0.127 4.4 27.871 14.7
19920618 0 0.115 1.9 27.866 11.4
19920619 1.3 0.1 2.2 27.858 11.8
19920620 1.1 0.093 4.7 27.847 19
19920621 0 0.087 3.1 27.833 16.4
19920622 0.4 0.084 1.6 27.824 14.9
19920623 0 0.078 4.4 27.817 15.6
19920624 0 0.073 3.9 27.802 16
19920625 0 0.067 4.1 27.788 17.6
19920626 0 0.065 4.4 27.776 17.9
19920627 0 0.064 4 27.766 19.2
19920628 0 0.057 5.2 27.756 20.5
19920629 0 0.054 5 27.746 21.7
19920630 0 0.05 4.6 27.737 22.9
19920701 0 0.051 3.7 27.728 20
19920702 0 0.046 2.5 NA 17.8
19920703 0 0.046 2.9 NA 18.6
19920704 0.4 0.045 2.5 NA 16.9
19920705 1.1 0.042 3.1 NA 17.8
19920706 0.4 0.041 4.5 NA 17.8
19920707 0 0.035 4.5 NA 17.3
19920708 0 0.035 4.2 NA 18.4
19920709 0 0.037 3.3 NA 19.7
19920710 0 0.033 3.3 NA 18.4
19920711 1.7 0.039 2 NA 16.3
19920712 1.9 0.033 2.8 NA 16.3
19920713 1.1 0.03 1.3 NA 15.9
19920714 3.4 0.038 2.4 NA 16
19920715 3.5 0.035 3.5 NA 15.1
19920716 0 0.032 4 NA 19.9
19920717 0 0.031 1.6 NA 18.6
19920718 10.8 0.037 2 NA 17
19920719 0 0.036 4.5 NA 21.4
19920720 0 0.03 3.9 NA 22.9
19920721 0 0.027 3.6 NA 21.9
19920722 0 0.026 2.2 NA 16.6
19920723 0 0.026 4.3 NA 18.7
19920724 0 0.026 3.2 NA 20.9
19920725 5.6 0.026 3.4 NA 18.4
19920726 0 0.025 3.8 NA 18.6
19920727 0 0.022 2.5 NA 17.1
19920728 0.3 0.02 3.7 NA 16.6
19920729 0 0.02 4.5 NA 18.4
19920730 0 0.02 3.9 NA 20.1
19920731 0 0.019 3.9 NA 20.2
19920801 0 0.019 3 NA 22.3
19920802 0.9 0.019 2.6 NA 19.1
19920803 0 0.017 2.4 NA 19.6
19920804 0 0.015 3.2 NA 17.1
19920805 0 0.015 4.4 NA 18.9
19920806 0 0.015 2.9 NA 18.6
19920807 0 0.015 4.1 NA 20.4
19920808 1.2 0.015 3.8 NA 24.1
19920809 0 0.015 4.4 NA 26.4
19920810 3.2 0.019 1.6 NA 17.7
19920811 1.5 0.017 2.9 NA 17.4
19920812 6.1 0.018 2.2 NA 16.8
19920813 4.4 0.019 2.1 NA 15.6
19920814 37 0.099 2.7 NA 15.2
19920815 1.8 0.071 2.9 NA 15.5
19920816 0 0.048 1.7 NA 16.8
19920817 6.3 0.049 1.9 NA 16.3
19920818 0 0.046 1.7 NA 16.2
19920819 0.7 0.042 2.7 NA 18.8
19920820 0 0.042 1.3 NA 20.2
19920821 0 0.04 2.4 NA 18.1
19920822 0 0.034 2.5 NA 17.8
19920823 6.4 0.042 2.8 NA 15.9
19920824 1 0.033 1.8 NA 16.5
19920825 3.5 0.04 1.4 NA 19.6
19920826 4.2 0.092 2.4 NA 18.6
19920827 0.2 0.045 2.6 NA 20
19920828 2.7 0.049 1.5 NA 19.3
19920829 16.2 0.06 0.9 NA 14.8
19920830 5.1 0.076 1.7 NA 14.6
19920831 6.7 0.078 1.6 NA 13.2
19920901 15.3 0.125 1.7 NA 11.3
19920902 1.3 0.127 1.2 NA 13.6
19920903 1.7 0.113 1.5 NA 14.5
19920904 1.9 0.107 1.5 NA 11.5
19920905 3.8 0.115 1.8 NA 12
19920906 6.8 0.122 2.6 NA 12.7
19920907 0 0.107 1.4 NA 14.2
19920908 0 0.083 2.1 NA 12.3
19920909 0 0.073 2.4 NA 12.9
19920910 0 0.066 2.7 NA 13.6
19920911 0 0.064 2.4 NA 16.1
19920912 0.2 0.057 2.1 NA 11.8
19920913 0 0.056 1.9 NA 13.9
19920914 0.4 0.056 1.3 NA 13.5
19920915 0 0.05 2 NA 15.5
19920916 0 0.049 1.3 NA 14.2
19920917 0 0.045 2.4 NA 11.9
19920918 0 0.042 1.5 NA 15.3
19920919 2.5 0.046 1.9 NA 16.3
19920920 3.1 0.046 0.8 NA 14.6
19920921 0 0.048 1.9 NA 15.9
19920922 0 0.045 1.9 NA 18.3
19920923 0.3 0.043 1.8 NA 14.8
19920924 0 0.038 1.6 NA 14.2
19920925 0 0.033 2.2 NA 16.2
19920926 0 0.033 2.2 NA 16
19920927 0 0.033 2.3 NA 17.8
19920928 0 0.032 2.2 NA 16.8
19920929 0 0.029 0.4 NA 13.8
19920930 0 0.032 0.8 NA 14.8
19921001 0 0.038 0.5 NA 13.4
19921002 0 0.036 1.3 NA 11.6
19921003 0 0.036 0.7 NA 12.1
19921004 0 0.032 1.7 NA 11.8
19921005 0 0.032 0.2 NA 8.1
19921006 0.7 0.041 0.1 NA 10.3
19921007 13.9 0.05 0.4 27.811 10.1
19921008 0.3 0.044 0.5 27.821 9
19921009 0 0.042 0.5 27.833 9.2
19921010 0.4 0.038 1.5 27.832 6.3
19921011 0 0.037 0.7 27.835 7.6
19921012 0 0.036 1.5 27.827 6.3
19921013 0 0.032 1.3 27.824 3.4
19921014 0 0.034 0.7 27.832 5.4
19921015 4.3 0.045 1.3 27.836 6.9
19921016 2 0.044 0.8 27.829 5.1
19921017 0.4 0.038 0.9 27.829 4.6
19921018 0 0.034 1.1 27.826 6.3
19921019 0.8 0.034 1.2 27.825 8.6
19921020 0 0.032 1 27.824 7.5
19921021 0 0.036 0.3 27.825 6
19921022 1.7 0.034 0.5 27.824 6.2
19921023 2.5 0.042 0.2 27.83 6.7
19921024 10.9 0.055 0.7 27.84 5.4
19921025 4.9 0.109 0.2 27.91 6.3
19921026 22 0.349 0.7 28.086 5.6
19921027 0.8 0.238 0.4 28.103 6.8
19921028 5.6 0.336 0.6 28.113 6.2
19921029 2.8 0.401 0.4 28.096 5.7
19921030 0 0.3 0.4 28.076 4
19921031 0 0.255 0.6 28.061 3.9
19921101 0 0.227 0.7 28.054 5.1
19921102 0 0.234 0.4 28.051 7.2
19921103 6.7 0.334 0.4 28.072 7.7
19921104 0.3 0.292 0.7 28.063 7.7
19921105 0 0.243 0.2 28.05 10.7
19921106 0 0.226 0.4 28.047 11.2
19921107 0 0.23 0.1 28.047 9.5
19921108 1.7 0.223 0.7 28.041 6.6
19921109 0 0.215 0.5 28.046 7.4
19921110 2.4 0.242 0.5 28.044 9.2
19921111 1.1 0.663 0.1 28.108 7.6
19921112 22.3 1.531 0.5 28.219 5.3
19921113 11.7 2.298 0.5 28.247 4
19921114 1.4 1.849 0.5 28.184 3.1
19921115 0 1.61 0.1 28.153 4.8
19921116 9.3 2.423 0.1 28.208 7.1
19921117 1.4 2.649 0.1 28.205 6.2
19921118 12.9 2.912 0.5 28.236 5.5
19921119 0.7 1.915 0.5 28.158 6.2
19921120 0.7 1.339 0.4 28.118 4.1
19921121 0 1.044 0.4 28.1 5.1
19921122 6.7 1.841 0.1 28.142 11.1
19921123 15.3 4.352 0.1 28.283 10.2
19921124 3 2.797 0.3 28.179 9.7
19921125 2.8 2.373 0.4 28.14 10.6
19921126 9.5 3.6 0.2 28.191 8.2
19921127 0.9 2.541 0.5 28.131 6.1
19921128 4.7 2.763 0.3 28.13 6
19921129 0.3 1.893 0.2 28.101 4.4
19921130 0 1.539 0.5 28.083 11.5
19921201 0.8 1.276 0.5 28.067 7.9
19921202 0 1.319 0.2 28.076 9.5
19921203 7.8 2.401 0.5 28.118 6.9
19921204 5.9 2.836 0.1 28.154 4.3
19921205 3.8 2.303 0.3 28.126 3
19921206 0 1.546 0.3 28.091 3
19921207 2.3 1.862 0.1 28.1 5.7
19921208 3.2 1.656 0.1 28.093 4.4
19921209 0 1.216 0.1 28.072 2.7
19921210 0 0.986 0.1 28.061 3.4
19921211 0 1.136 0.1 28.07 3.8
19921212 19.8 5.348 0.3 28.27 5.6
19921213 0.3 2.868 0.2 28.175 5.2
19921214 0.3 2.076 0.1 28.117 8.7
19921215 0 1.588 0.3 28.09 6
19921216 0 1.248 0.3 28.071 6.9
19921217 0.4 0.998 0.1 28.058 4.9
19921218 0 0.934 0.4 28.059 6.3
19921219 4.7 1.971 0.1 28.091 6.7
19921220 7.3 3.094 0 28.176 3
19921221 5.6 2.816 0.1 28.181 2.6
19921222 0 1.81 0 28.121 3.1
19921223 1.2 1.527 0.1 28.102 2.9
19921224 0 1.237 0.2 28.086 3.6
19921225 0 1.035 0.1 28.076 0.3
19921226 0 0.857 0.1 28.067 -2.1
19921227 0 0.709 0.2 28.061 -1.1
19921228 0 0.639 0.3 28.061 -2.6
19921229 0 0.56 0.4 28.061 -4.6
19921230 0 0.467 0.5 28.057 -5
19921231 0 0.375 0.4 28.046 -5.6
19930101 0 0.287 0.3 28.034 -5.5
19930102 0 0.237 0.4 28.03 -6.7
19930103 0 0.191 0.3 28.024 -9
19930104 0 0.167 0.2 28.015 -6.9
19930105 2 0.173 0.1 28.004 0.4
19930106 11.4 0.402 0.1 28.021 7.1
19930107 1.6 1.574 0.2 28.13 4.9
19930108 3 1.661 0.4 28.159 4.6
19930109 4.5 1.7 0.2 28.191 6.2
19930110 5.9 3.516 0.1 28.267 10.2
19930111 9.2 5.186 0.1 28.323 9.5
19930112 6.3 5.931 0.3 28.345 5.5
19930113 1.2 3.293 0.2 28.229 6.9
19930114 0 2.297 0.4 28.154 5.8
19930115 0.8 1.845 0.3 28.123 8.3
19930116 0 1.534 0.3 28.099 11.4
19930117 0.4 1.325 0.4 28.087 9.4
19930118 0 1.133 0.5 28.073 5
19930119 0.7 1.075 0.2 28.071 5.1
19930120 8.8 2.046 0.1 28.113 9.3
19930121 2.2 2.552 0.5 28.161 9.6
19930122 12.1 4.001 0.1 28.211 9.1
19930123 0.3 3.709 0.3 28.242 6.9
19930124 7.7 2.916 0.2 28.206 8.6
19930125 3.9 3.827 0.2 28.248 2.8
19930126 1.8 2.449 0.1 28.184 2.2
19930127 0 2.239 0.2 28.156 3.1
19930128 12.1 2.903 0.1 28.178 4.4
19930129 2.8 5.129 0.1 28.314 2.2
19930130 0 2.345 0.4 28.199 -1.8
19930131 0 1.432 0.7 28.131 -2.3
19930201 0 1.044 0.7 28.099 -2.9
19930202 0 0.85 0.1 28.078 -0.8
19930203 0 0.911 0.1 28.077 -0.4
19930204 0 1.056 0.2 28.092 -2.4
19930205 0 1.019 0.1 28.096 -0.2
19930206 1.6 1.262 0.1 28.119 2.8
19930207 0.8 1.741 0.2 28.144 4.8
19930208 0 1.462 0.3 28.137 4.3
19930209 0 1.211 0.2 28.121 3.8
19930210 0 1.042 0.2 28.106 2.1
19930211 0 0.891 0.5 28.094 -0.3
19930212 0 0.736 0.2 28.084 -2.6
19930213 0 0.712 0.2 28.082 -2.4
19930214 0 0.685 0.2 28.082 -1.5
19930215 0 0.651 0.1 28.08 -0.9
19930216 2.2 0.664 0.4 28.089 3.3
19930217 3.5 1.434 0.2 28.154 6.4
19930218 1.6 1.24 0.4 28.167 5
19930219 3.3 1.511 0.5 28.182 5.2
19930220 7.5 1.33 0.5 28.181 4.3
19930221 2.4 2.55 0.7 28.252 2.7
19930222 0.4 1.883 0.4 28.235 0.2
19930223 0.5 1.307 0.9 28.19 -1.5
19930224 0 1.126 0.6 28.171 -3.3
19930225 0.2 0.959 0.7 28.159 -0.4
19930226 1 1.056 0.4 28.164 3
19930227 1.8 1.187 0.7 28.173 1.2
19930228 2.8 0.937 0.5 28.157 -0.5
19930301 0 0.913 0.6 28.157 0.2
19930302 0 0.892 1.1 28.161 1.4
19930303 0 0.627 1 28.125 -1.3
19930304 0 0.52 0.4 28.109 -0.1
19930305 0.5 0.564 0.4 28.116 2.1
19930306 0.6 0.697 0.3 28.125 5.2
19930307 0.4 0.725 0.6 28.129 5
19930308 0 0.606 1.5 28.114 2.3
19930309 0 0.492 1.5 28.101 1.7
19930310 0.1 0.45 1.1 28.093 5.9
19930311 0 0.417 0.9 28.088 5.4
19930312 0 0.421 1.6 28.086 7.9
19930313 0 0.396 1.7 28.079 7.5
19930314 0.1 0.361 1.6 28.07 9.9
19930315 0.1 0.33 1.7 28.064 10.6
19930316 0.8 0.328 1 28.063 9.4
19930317 1.4 0.363 0.8 28.066 9.9
19930318 0.5 0.355 0.5 28.07 9.3
19930319 0 0.298 1.7 28.058 5
19930320 0 0.27 1.8 28.058 4.8
19930321 0 0.279 1.7 28.055 8.3
19930322 4 0.26 0.9 28.046 10.2
19930323 0 0.339 1.7 28.052 6.4
19930324 0 0.283 1.4 28.054 4.2
19930325 0.2 0.253 1.4 28.044 4.3
19930326 0.5 0.257 1.7 28.039 4
19930327 0.2 0.258 1.3 28.036 0.3
19930328 0 0.239 1.9 28.032 0.1
19930329 0 0.223 1.8 28.026 0.6
19930330 0 0.229 2.2 28.023 4.2
19930331 0.2 0.242 1 28.024 11.4
19930401 3.8 0.266 1.4 28.026 12.2
19930402 0 0.287 0.6 28.028 6.5
19930403 0.1 0.261 0.6 28.04 4.9
19930404 1 0.262 0.8 28.041 5
19930405 7.7 0.299 1.3 28.049 6.5
19930406 8.3 0.772 0.8 28.106 7.5
19930407 0.6 1.018 0.4 28.159 6.5
19930408 0 0.753 1.2 28.133 6.1
19930409 0.1 0.622 2.3 28.114 7.7
19930410 0 0.514 1.5 28.091 8.7
19930411 1.9 0.443 1.1 28.077 7.4
19930412 0 0.432 1 28.072 7.6
19930413 0.2 0.378 1.3 28.063 7.6
19930414 0 0.309 1.8 28.047 8.6
19930415 0.4 0.266 1.7 28.037 8.2
19930416 0 0.237 2.3 28.028 7.9
19930417 0.9 0.236 0.4 28.027 9.8
19930418 10.2 0.287 1 28.028 10.9
19930419 8.5 1.292 0.3 28.123 8.6
19930420 0 1.436 3.4 28.181 13.7
19930421 0 0.962 2.9 28.137 14.9
19930422 1.2 0.647 2.2 28.099 13.2
19930423 0 0.494 3.3 28.079 14.2
19930424 1.8 0.432 2.9 28.065 16.8
19930425 0 0.365 3.1 28.048 15.4
19930426 0 0.288 3.3 28.026 14.7
19930427 0 0.236 3.9 28.01 16.9
19930428 0 0.218 4.1 28 19.6
19930429 0 0.194 3.9 27.988 19.4
19930430 0 0.18 3.8 27.979 18.7
19930501 7.6 0.181 3.4 27.97 16.4
19930502 0.1 0.227 1.5 27.962 12.5
19930503 0 0.181 2.6 27.952 9.3
19930504 0 0.14 3 27.948 7.3
19930505 0 0.131 3.1 27.946 8.1
19930506 0 0.121 3.7 27.941 10.1
19930507 0 0.118 1.6 27.932 11.6
19930508 0 0.113 3.8 27.923 14.8
19930509 2.1 0.105 3.8 27.915 17.4
19930510 0 0.112 3 27.906 18.3
19930511 0 0.104 4.5 27.902 20.1
19930512 4.2 0.1 4.1 27.903 18.3
19930513 2.3 0.118 1.7 27.9 13.8
19930514 0.3 0.116 1.1 27.895 10.8
19930515 0.1 0.101 1.5 27.887 10.9
19930516 0 0.087 3.8 27.88 12
19930517 0 0.083 4.6 27.884 17.8
19930518 0.3 0.083 3.2 27.878 18.8
19930519 3.8 0.093 2.4 27.869 16.8
19930520 4.7 0.089 3.8 27.866 17.9
19930521 0 0.094 2 27.859 13
19930522 0 0.085 3.8 27.854 13.5
19930523 0 0.076 4.3 27.848 14.4
19930524 0 0.073 4.6 27.843 17.4
19930525 0 0.071 4.3 27.837 17.9
19930526 0.8 0.068 4 27.832 16.8
19930527 13.5 0.101 1.6 27.829 15.4
19930528 3.3 0.121 0.6 27.823 11.2
19930529 0 0.123 4 27.823 14.7
19930530 10.8 0.131 2.4 27.825 16
19930531 0.6 0.171 2.4 27.824 13.9
19930601 0 0.15 3 27.827 14.7
19930602 6.2 0.12 2.7 27.832 17
19930603 1.6 0.123 0.6 27.824 13.6
19930604 0 0.119 3.6 27.827 16.1
19930605 0 0.105 4.2 27.827 19.4
19930606 0 0.087 4.4 27.823 18.9
19930607 0 0.073 4.3 27.816 17.7
19930608 0 0.064 4.9 27.808 17.9
19930609 0 0.059 5.3 27.802 21
19930610 0.2 0.058 3.7 27.794 22.4
19930611 0 0.057 4.1 27.784 19
19930612 0.1 0.056 1.8 27.775 14.1
19930613 0 0.057 2.2 27.764 13.3
19930614 4.5 0.057 1.3 27.756 11.7
19930615 0.2 0.057 4.4 27.748 13.3
19930616 18.9 0.065 0.5 27.749 12.6
19930617 0 0.099 3.2 27.752 15.1
19930618 2.6 0.079 1.2 27.757 15.1
19930619 0 0.08 2.4 27.757 16.3
19930620 0 0.07 4.1 27.753 15.5
19930621 0 0.065 2.8 27.749 13.9
19930622 0 0.059 3.3 27.746 14.9
19930623 1.1 0.059 1.9 27.742 12
19930624 0.2 0.052 3.2 27.734 11.8
19930625 1.7 0.046 1.3 27.731 11.6
19930626 0.1 0.048 1.6 27.731 13.2
19930627 0.2 0.049 3.9 27.728 15.8
19930628 0 0.046 3.4 27.722 14.6
19930629 0 0.047 5 27.721 17.1
19930630 0 0.042 5.2 27.715 19
19930701 0 0.037 5.3 27.71 20.2
19930702 0 0.034 4.7 27.704 18.4
19930703 0 0.032 3.9 27.696 18.7
19930704 0 0.032 4 27.69 21.2
19930705 8.1 0.038 0.8 27.685 14.1
19930706 0.1 0.041 2.8 27.68 13.4
19930707 0 0.032 2.5 27.677 14.3
19930708 0 0.032 3.1 27.673 16
19930709 0 0.032 4.6 27.671 18.1
19930710 2.3 0.031 3.1 27.663 13.8
19930711 0 0.026 3 27.657 12.1
19930712 0.6 0.03 2.8 27.651 11.7
19930713 0 0.032 2.7 27.646 13.6
19930714 34.8 0.104 0.7 27.652 14.7
19930715 4.8 0.14 2 27.709 15.9
19930716 9.2 0.126 2.1 27.753 18.6
19930717 0.2 0.115 2.2 27.796 17.3
19930718 0.6 0.094 3.5 27.822 16.6
19930719 6.1 0.093 1.9 27.835 15.2
19930720 0.1 0.093 2.5 27.843 14.8
19930721 3.5 0.081 2.2 27.846 14.1
19930722 2.8 0.087 2.3 27.85 14.4
19930723 4.4 0.088 2.3 27.857 17.2
19930724 7.2 0.091 2.2 27.866 18.6
19930725 28.1 0.83 2.3 27.945 14.4
19930726 18.7 0.873 2.8 28.07 14.1
19930727 21 3.758 0.6 28.296 14.2
19930728 0.5 3.489 1.8 28.287 17
19930729 0.9 1.865 1.6 28.153 17.5
19930730 3.8 1.46 1.2 28.109 17.2
19930731 6.7 2.056 2.6 28.144 16
19930801 0 1.384 2.6 28.107 15.4
19930802 0 0.921 3.4 28.077 17.9
19930803 0.1 0.657 2.4 28.057 16.6
19930804 0 0.495 2.7 28.043 16.5
19930805 3.5 0.431 2.3 28.037 16.5
19930806 1.2 0.406 1.9 28.029 14.2
19930807 0 0.328 1.1 28.024 15.2
19930808 1.7 0.304 2.6 28.022 16.4
19930809 2.7 0.285 1.4 28.023 15.7
19930810 3.5 0.378 2.1 28.022 14.1
19930811 0 0.407 1.7 28.026 14.7
19930812 2.6 0.327 1.9 28.018 16.5
19930813 0 0.263 3.3 28.006 13.7
19930814 1.9 0.223 3.2 28.013 17.3
19930815 5.1 0.283 1.4 28.007 17.2
19930816 1.3 0.326 2.3 28.017 16.6
19930817 0 0.256 3.8 28.009 14.3
19930818 0 0.209 3.5 28.006 14.9
19930819 0 0.188 3.5 27.997 14.8
19930820 3.8 0.164 1.1 27.993 16
19930821 0 0.166 1.5 27.991 16.6
19930822 8.3 0.198 0.5 27.997 11.3
19930823 0 0.248 2.7 28.014 11.6
19930824 0.9 0.199 2.1 28.015 11.4
19930825 0.8 0.177 1.5 28.01 11.7
19930826 1.6 0.171 2.2 28.003 13.2
19930827 0 0.156 1.9 28 11.8
19930828 0 0.132 2.3 27.987 11.7
19930829 0 0.116 2.5 27.982 11.6
19930830 1.2 0.112 0.8 27.984 13.1
19930831 0.4 0.118 1.2 27.977 12.6
19930901 0 0.109 1.4 27.975 12.2
19930902 1.4 0.11 0.7 27.98 12.9
19930903 14.1 0.166 1.7 27.996 13.3
19930904 0.2 0.266 1.8 28.031 12.1
19930905 0.7 0.248 2.8 28.031 11.5
19930906 0 0.19 2.8 28.025 11.3
19930907 0 0.154 2.9 28.018 13.3
19930908 6.5 0.14 0.5 28.009 15.1
19930909 8.6 0.184 1.3 28.018 15.2
19930910 4.8 0.395 1.6 28.079 14.8
19930911 0 0.586 1.8 28.088 12.7
19930912 1.6 0.519 2.4 28.066 12.8
19930913 17.5 0.595 0.3 28.098 12.1
19930914 7.7 2.297 0.9 28.215 12.7
19930915 7.3 2.975 1.5 28.252 13.5
19930916 9.4 2.955 0.4 28.234 11.3
19930917 2.8 3.821 0.7 28.315 9.3
19930918 0 2.32 1.8 28.188 8.4
19930919 0 1.486 2.4 28.122 11.3
19930920 0 1.069 2.3 28.091 16.3
19930921 2.9 0.95 1.5 28.079 16.1
19930922 7.6 1.307 0.4 28.086 14.3
19930923 0.3 1.736 1.1 28.126 13
19930924 2.1 1.28 0.5 28.105 11.9
19930925 41.5 6.761 0.2 28.314 11.2
19930926 2.2 9.3 1.1 28.638 10.9
19930927 4.1 4.429 0.3 28.47 10.7
19930928 0 3.252 1.8 28.346 10.3
19930929 0 2.222 1.9 28.242 10.2
19930930 0 1.712 0.9 28.184 10.9
19931001 3.2 1.757 1 28.177 13.7
19931002 4.3 1.516 0.4 28.151 11.3
19931003 25.7 6.676 0.1 28.419 11.7
19931004 0.5 6.02 0.7 28.56 12.3
19931005 7.5 3.568 1.2 28.382 14.3
19931006 NA 4.291 0.9 28.402 13.7
19931007 0 2.822 1.1 28.281 11.9
19931008 3.9 2.539 0.9 28.24 12.3
19931009 2.3 2.114 1.1 28.207 11.5
19931010 0 1.831 1 28.183 10.9
19931011 1.3 1.646 1.1 28.167 13.1
19931012 3.3 1.712 0.7 28.163 14.8
19931013 0.5 1.42 1.4 28.143 14.1
19931014 27.9 5.869 0.2 28.351 8.6
19931015 0 6.022 1.1 28.542 6.4
19931016 0.3 2.991 0.9 28.337 5
19931017 0 2.006 1.1 28.226 4.5
19931018 0 1.442 1.3 28.168 3.4
19931019 0 1.205 1 28.141 2.8
19931020 0.9 1.028 0.3 28.125 3.8
19931021 4.8 1.577 0.7 28.158 6.3
19931022 0 1.194 0.4 28.132 6.2
19931023 0 0.95 0.3 28.112 6.5
19931024 0 0.788 0.8 28.096 5.9
19931025 0 0.698 0.3 28.086 8
19931026 0.9 0.723 0.3 28.084 9.2
19931027 1 0.785 0.3 28.087 8.8
19931028 0 0.772 0.7 28.088 7
19931029 0 0.646 0.9 28.077 4.9
19931030 0 0.577 0.7 28.072 3.7
19931031 0 0.557 0.2 28.069 2.4
19931101 0 0.534 0.1 28.068 2.3
19931102 0 0.523 0.4 28.065 3.2
19931103 0 0.481 0.5 28.058 5.8
19931104 0 0.445 0.9 28.055 7.7
19931105 0 0.43 0.8 28.053 4.2
19931106 0 0.407 0.1 28.052 5.4
19931107 2.9 0.411 0.1 28.049 5
19931108 1 0.551 0.3 28.06 6.3
19931109 0 0.54 0.2 28.07 6.1
19931110 7.8 0.636 0.2 28.078 7.1
19931111 4 1.683 0.4 28.169 7.1
19931112 0.1 1.434 0.6 28.16 5.9
19931113 0.4 1.111 0.5 28.132 7.1
19931114 25.8 3.314 0 28.245 6.9
19931115 4 7.75 0.4 28.456 5.2
19931116 0 3.371 0.5 28.289 1.5
19931117 0 2.11 0.5 28.21 0
19931118 0 1.556 0.4 28.165 -1.1
19931119 0 1.221 0.5 28.137 -1.4
19931120 0 1.07 0.1 28.118 -0.9
19931121 0 0.847 0.2 28.102 -5.4
19931122 0 0.629 0.3 28.081 -5.3
19931123 0 0.526 0.1 28.072 -3.8
19931124 0 0.445 0.3 28.06 -3.8
19931125 0 0.388 0.4 28.049 -0.5
19931126 0 0.37 0.4 28.044 -1.3
19931127 0 0.364 0.1 28.044 -2.8
19931128 0 0.327 0.2 28.04 -1.9
19931129 0 0.317 0.3 28.039 -2.5
19931130 0 0.302 0.2 28.046 -4.9
19931201 0 0.271 0.1 28.032 -1.6
19931202 2.3 0.321 0.1 28.028 6
19931203 1 0.488 0.1 28.049 8.5
19931204 4.7 1.108 0.1 28.116 7.4
19931205 0.1 1.569 0.2 28.15 4.7
19931206 0 1.352 0.1 28.136 6.2
19931207 11.6 2.19 0 28.175 4.8
19931208 8.4 3.618 0.1 28.278 4.8
19931209 3.5 4.982 0.1 28.345 7.7
19931210 2.4 3.043 0.1 28.273 5.9
19931211 1.1 2.481 0.2 28.234 3.3
19931212 6 1.799 0.2 28.189 2.9
19931213 6.1 4.429 0.1 28.335 7.5
19931214 1.2 3.454 0.1 28.299 1.2
19931215 5.9 3.029 0.1 28.277 2.3
19931216 13.5 5.625 0.1 28.368 4.9
19931217 0.7 4.414 0.3 28.361 4.5
19931218 0.4 2.874 0.1 28.281 9.2
19931219 15 5.614 0 28.376 10.6
19931220 2.7 5.383 0.1 28.407 4.2
19931221 8.8 6.308 0.1 28.44 1.1
19931222 9.6 4.307 0.1 28.374 3.8
19931223 2 6.432 0.3 28.444 4
19931224 8.9 5.669 0.1 28.418 3.5
19931225 0 4.545 0.3 28.373 0.2
19931226 4.1 3.326 0.1 28.318 1.7
19931227 2 3.068 0.1 28.293 1.3
19931228 0.8 2.847 0.1 28.282 1.3
19931229 8 3.044 0.2 28.288 4.9
19931230 36.2 12.144 0.1 28.47 7.3
19931231 8 16.76 0.2 28.756 6.1
19940101 0 6.568 0.4 28.614 2.7
19940102 9.9 7.053 0 28.559 4.3
19940103 6.4 5.829 0.1 28.493 6.2
19940104 0.7 5.246 0.3 28.445 6.4
19940105 9.9 5.309 0.1 28.423 5.6
19940106 2.2 5.592 0.2 28.442 6.9
19940107 0.6 3.547 0.3 28.334 4.6
19940108 0 2.471 0.3 28.274 2.9
19940109 0 2.008 0.4 28.245 1.2
19940110 0 1.852 0.3 28.227 2.5
19940111 0.9 1.544 0.1 28.2 3
19940112 5.5 1.971 0.1 28.226 8.1
19940113 3.5 3.687 0.3 28.317 9.3
19940114 2.8 2.139 0.3 28.24 6.9
19940115 0 2.11 0.1 28.235 4.9
19940116 0 1.612 0.3 28.198 1
19940117 0 1.169 0.4 28.162 -1.9
19940118 0 1.044 0.2 28.156 1.2
19940119 7.5 1.807 0.1 28.195 1.3
19940120 0 2.539 0.4 28.256 1.7
19940121 0.1 1.71 0.1 28.206 3.8
19940122 2.2 1.574 0.1 28.188 6.2
19940123 18.3 7.557 0.1 28.39 7.1
19940124 0 4.638 0.4 28.394 3.1
19940125 6.4 3.911 0.1 28.352 7.8
19940126 5 5.082 0.4 28.385 5
19940127 16.3 5.575 0.1 28.383 8
19940128 1.6 7.837 0.4 28.554 2.7
19940129 2.6 3.465 0.3 28.395 2.8
19940130 5.9 5.024 0.3 28.41 6.6
19940131 0 3.347 0.3 28.33 4.9
19940201 1.5 2.385 0.2 28.274 4.8
19940202 0 2.104 0.6 28.243 2.9
19940203 1.3 1.745 0.5 28.219 1.6
19940204 0.4 1.867 0.2 28.211 4.9
19940205 0 1.451 0.5 28.182 3.7
19940206 1.5 1.411 0.1 28.171 3.5
19940207 0 1.305 0.5 28.162 3.3
19940208 0.6 1.147 0.4 28.146 4.1
19940209 0.4 1.109 0.2 28.141 3.6
19940210 6.6 1.989 0.4 28.198 4.1
19940211 0 1.861 0.2 28.206 2.7
19940212 0 1.288 0.4 28.162 0.5
19940213 0 1.012 0.5 28.136 -4.1
19940214 0 0.798 0.7 28.115 -4.8
19940215 0 0.574 0.8 28.098 -1.6
19940216 0 0.527 0.8 28.087 -2.3
19940217 0 0.479 0.6 28.081 -2.9
19940218 0 0.413 0.8 28.071 -2.8
19940219 0 0.366 0.8 28.065 -4.1
19940220 0 0.347 0.6 28.063 -6.7
19940221 0.1 0.29 0.6 28.049 -5.7
19940222 1.7 0.282 0.2 28.046 -3.6
19940223 0.2 0.298 0.6 28.049 -1.7
19940224 2.2 0.334 0.3 28.055 -0.6
19940225 0 0.324 0.5 28.052 0.2
19940226 0 0.427 0.8 28.069 6.4
19940227 1.6 0.525 0.8 28.079 8.4
19940228 6.2 0.84 0.9 28.122 7.8
19940301 0.8 2.316 0.3 28.237 6.6
19940302 5.5 2.667 0.2 28.26 4.5
19940303 5 2.629 0.8 28.273 5.4
19940304 0 2.641 1.4 28.275 5.5
19940305 3.6 1.739 1.4 28.221 8.3
19940306 0 1.925 1.1 28.228 6.2
19940307 2.8 1.875 0.2 28.223 8.5
19940308 0.8 1.796 0.2 28.214 10.1
19940309 0 1.436 0.2 28.186 9.4
19940310 0 1.079 1.6 28.153 6.5
19940311 0 0.922 1.6 28.139 5.3
19940312 0 0.826 1.1 28.123 5.8
19940313 8.6 1.661 0.3 28.185 7.5
19940314 5 1.446 0.5 28.194 8.3
19940315 23.5 8.821 0.2 28.46 6
19940316 7.3 5.793 1.1 28.483 4.4
19940317 1.9 5.117 1.2 28.433 3.8
19940318 7.3 3.202 0.6 28.343 4.6
19940319 11.7 9.927 1.1 28.575 5.4
19940320 1.5 3.871 1.5 28.436 4
19940321 0 2.419 1.4 28.309 3.5
19940322 2 1.892 0.6 28.26 4
19940323 0.8 2.193 0.2 28.266 10.7
19940324 6 3.123 1.5 28.314 9.1
19940325 17.5 6.206 0.2 28.398 8.8
19940326 1.1 5.581 1.6 28.45 5.1
19940327 0 2.701 1.8 28.309 4.3
19940328 0.4 1.912 0.9 28.251 8.6
19940329 0.2 1.564 0.9 28.218 11.2
19940330 0 1.326 2.3 28.201 13.8
19940331 2.2 1.326 1.7 28.192 12.1
19940401 12.7 2.421 1.2 28.259 9
19940402 5.1 4.405 1.4 28.357 4.7
19940403 0.1 2.228 2 28.26 5.2
19940404 21.4 4.652 0.6 28.356 4.6
19940405 3 8.081 1.2 28.502 3.7
19940406 1.4 3.979 1.1 28.384 4
19940407 0 2.677 1.8 28.31 5.3
19940408 0.3 1.887 1 28.252 6.3
19940409 10.4 3.941 1.4 28.355 4.5
19940410 0 2.686 1.5 28.296 4.8
19940411 0 1.676 1.5 28.231 8.1
19940412 0 1.348 0.7 28.205 7
19940413 0 1.134 1.7 28.182 8
19940414 0 0.899 2.1 28.154 6.1
19940415 0.2 0.787 1.2 28.133 6.3
19940416 0 0.684 2.8 28.12 8.2
19940417 0 0.648 1.7 28.108 5.7
19940418 0 0.556 2.8 28.093 5.4
19940419 0 0.525 2.3 28.086 4.2
19940420 0 0.494 1.9 28.078 8.3
19940421 0 0.452 1.8 28.068 9.3
19940422 0 0.413 2.8 28.07 10.5
19940423 0.4 0.413 3.3 28.066 14.7
19940424 5.3 0.502 2.4 28.057 13.7
19940425 0.9 0.673 1.3 28.074 10.4
19940426 0.1 0.543 1 28.074 10.3
19940427 0.4 0.473 1.5 28.067 14
19940428 0 0.436 1.3 28.061 13.6
19940429 0 0.411 3.2 28.057 14.4
19940430 0 0.397 2.9 28.051 13.3
19940501 0 0.338 2.2 28.032 7.9
19940502 0 0.306 3.4 28.026 9.1
19940503 0 0.304 3.7 28.026 12.9
19940504 1.6 0.295 1.4 28.014 11.9
19940505 1.3 0.282 1.2 28.004 9.6
19940506 8.2 0.354 0.8 28.012 11.3
19940507 0 0.471 1.7 28.043 15.4
19940508 8.1 0.503 1 28.051 12.3
19940509 0 0.669 0.7 28.076 9.7
19940510 0 0.584 1 28.084 9.2
19940511 0 0.504 3.2 28.077 14.1
19940512 0 0.405 4.1 28.055 16.4
19940513 0 0.326 4 28.031 15.1
19940514 0.5 0.3 3.5 28.02 16.7
19940515 5.3 0.326 2.1 28.004 13.7
19940516 0.5 0.303 2.4 28.003 12.8
19940517 1.7 0.315 2 28.002 13.4
19940518 0 0.282 3.7 28 14
19940519 0 0.26 1.6 27.998 11.8
19940520 4.3 0.273 2.7 27.999 13.6
19940521 0.8 0.273 2.3 28.002 14.8
19940522 0.6 0.242 1.8 27.995 13.4
19940523 1 0.229 2.5 27.994 12.8
19940524 0.2 0.22 3.1 27.994 13.4
19940525 5.2 0.237 0.5 27.994 12.5
19940526 0 0.261 1.8 28.005 11.4
19940527 0 0.231 2 28.002 10.7
19940528 0 0.212 2 28.002 11.6
19940529 0 0.197 2.2 27.995 9.5
19940530 0 0.182 2.9 27.985 9
19940531 0 0.178 3.9 27.984 12.1
19940601 0 0.175 4.8 27.984 17
19940602 14.2 0.187 1.2 27.984 16.7
19940603 5 0.353 2.1 28.009 14.2
19940604 6.9 0.452 1.6 28.05 11.4
19940605 3 0.635 3 28.078 11.1
19940606 1.1 0.531 1.7 28.086 12.3
19940607 0 0.448 0.6 28.079 14.2
19940608 3.8 0.398 1.4 28.072 12.3
19940609 1.1 0.397 2.6 28.075 10.9
19940610 8.9 0.446 2.3 28.088 10.8
19940611 0.3 0.698 2.5 28.124 11.7
19940612 0 0.55 3.5 28.101 13.5
19940613 0 0.4 2.6 28.081 13.1
19940614 0 0.332 3.6 28.065 13.9
19940615 0 0.26 2.4 28.05 12.8
19940616 3.2 0.234 1 28.037 12.3
19940617 0 0.225 2.6 28.027 12.8
19940618 0 0.207 2 28.024 16.6
19940619 0 0.18 3 28.005 16.2
19940620 0.6 0.163 1.2 27.991 15.2
19940621 0 0.16 2.6 27.986 17.2
19940622 0.4 0.148 2.3 27.976 16.6
19940623 0 0.129 4.7 27.968 14.5
19940624 0 0.111 4.9 27.969 17.9
19940625 0 0.107 4.1 27.958 21.1
19940626 0 0.108 4.1 27.944 19.5
19940627 0 0.1 4.4 27.931 19.3
19940628 0 0.099 4.9 27.924 22.9
19940629 6.4 0.108 4.2 27.918 20.4
19940630 0 0.095 4.4 27.908 16.6
19940701 0 0.088 5.2 27.901 19.3
19940702 0 0.082 4.9 27.891 22.5
19940703 0 0.08 5 27.877 24.5
19940704 1 0.074 2.1 27.866 22.1
19940705 0 0.071 2.3 27.854 17.9
19940706 0 0.068 3.7 27.847 18.4
19940707 15.3 0.096 1.7 27.863 14.5
19940708 0 0.105 2.6 27.873 15.7
19940709 0 0.084 3.2 27.858 17.4
19940710 0 0.072 4.5 27.846 18.8
19940711 0 0.069 4.9 27.836 21.4
19940712 0 0.067 5.4 27.828 23.9
19940713 0 0.066 4.5 27.82 24.1
19940714 7.1 0.076 4.1 27.812 21.7
19940715 0 0.083 4.4 27.806 20.1
19940716 0 0.083 3.9 27.8 19.7
19940717 0 0.066 3 27.794 18.6
19940718 0 0.064 4.7 27.787 18.9
19940719 0 0.061 4.6 27.779 20.2
19940720 0 0.059 4 27.77 20.1
19940721 0 0.058 4.8 27.762 21.3
19940722 0 0.061 4.3 27.754 23.3
19940723 0 0.065 4.6 27.747 23.9
19940724 0 0.066 4.9 27.74 25.2
19940725 11.2 0.083 3.7 27.731 24
19940726 0 0.101 4.6 27.728 23.2
19940727 0 0.076 4.1 27.724 25.3
19940728 0 0.081 4.1 27.719 24
19940729 0 0.085 2.6 27.712 19.4
19940730 0 0.088 4.1 27.708 23.3
19940731 1.6 0.085 4.2 27.702 25.5
19940801 0 0.079 2.1 27.693 20.5
19940802 0 0.065 4 27.687 19.9
19940803 0 0.071 4.4 27.681 22.6
19940804 0 0.069 4.7 27.676 26.6
19940805 4 0.067 3.3 27.668 23.1
19940806 0 0.066 4.1 27.663 20.6
19940807 0 0.063 3 27.658 18.2
19940808 0 0.062 3.7 27.652 18.2
19940809 0 0.058 3.9 27.647 18.2
19940810 0.3 0.059 1.9 27.642 19.5
19940811 0.2 0.055 3.8 27.635 20.2
19940812 4.5 0.052 0.8 27.628 16.1
19940813 0.7 0.057 2.6 27.622 14.2
19940814 0 0.049 2.4 27.618 12.8
19940815 0 0.049 1.9 27.612 12.4
19940816 0 0.043 3.6 27.611 14.9
19940817 5.4 0.049 1.8 27.608 14.2
19940818 10.2 0.061 2.2 27.605 14.7
19940819 0 0.049 1.2 27.613 16.1
19940820 0 0.048 1.6 27.607 15.5
19940821 0 0.045 3.2 27.604 16.4
19940822 0.1 0.042 2.5 27.601 18.2
19940823 0 0.042 2.6 27.598 19.4
19940824 30.9 0.363 2.5 27.713 17
19940825 0 0.122 2.3 27.798 16.4
19940826 0.3 0.083 2.5 27.813 17.3
19940827 6.6 0.071 0.9 27.818 16.5
19940828 0 0.072 2.8 27.82 15.2
19940829 0.1 0.064 1.8 27.82 14.1
19940830 0 0.059 2.4 27.818 14.8
19940831 0 0.053 3.1 27.816 17.4
19940901 1.5 0.048 1.8 27.812 17.6
19940902 7.7 0.052 0.9 27.804 14.5
19940903 3.3 0.059 0.8 27.806 14.9
19940904 1.4 0.067 0.6 27.811 15.4
19940905 2.8 0.062 1.4 27.816 14
19940906 2 0.058 1.7 27.822 12.6
19940907 15.5 0.075 0.6 27.828 12.5
19940908 4.9 0.112 1.5 27.871 14.2
19940909 1.5 0.107 1.2 27.903 13
19940910 3.2 0.095 2.1 27.923 13.1
19940911 2 0.089 1.7 27.935 12.7
19940912 23.4 0.26 1.2 27.984 15.3
19940913 0 0.333 2.2 28.082 13.2
19940914 6.1 0.226 0.7 28.072 13.5
19940915 10.7 0.282 0.4 28.088 12.2
19940916 9.1 0.651 0.9 28.182 11.4
19940917 3.6 0.73 0.5 28.164 10.9
19940918 2.2 0.713 1.5 28.141 12.5
19940919 0 0.92 2 28.12 12.3
19940920 0 0.639 1.3 28.098 12.8
19940921 0 0.445 2.1 28.071 12.4
19940922 0 0.327 2.2 28.056 12
19940923 0 0.262 2.2 28.049 13.4
19940924 1.6 0.234 1.7 28.042 14.9
19940925 3.9 0.217 1.9 28.036 15.1
19940926 0 0.224 0.6 28.041 12.7
19940927 0 0.217 0.9 28.041 13.5
19940928 0 0.188 1.6 28.032 12.2
19940929 0 0.16 0.6 28.027 13.3
19940930 0 0.143 1.2 28.032 13.4
19941001 1.1 0.136 0.6 28.025 12.3
19941002 1.6 0.143 0.5 28.033 12.5
19941003 23.1 0.469 0.4 28.102 9.4
19941004 1.1 1.39 1.2 28.197 5.3
19941005 0.5 1 1.4 28.136 6.6
19941006 0 0.72 1.1 28.103 7.4
19941007 0 0.58 0.9 28.087 6.9
19941008 0 0.467 1.1 28.072 5.9
19941009 0 0.37 1.1 28.059 7.8
19941010 0 0.302 1.3 28.051 8.9
19941011 0 0.266 1.3 28.043 9
19941012 0 0.23 1.4 28.033 8.2
19941013 0 0.2 1.4 28.029 9.3
19941014 0 0.185 1.6 28.032 10.4
19941015 0 0.177 1.3 28.024 9.9
19941016 0 0.162 1 28.014 8.9
19941017 0 0.143 1.3 28.008 4
19941018 0 0.13 1.3 28.007 4
19941019 0 0.125 1.1 28.004 5.7
19941020 0 0.122 1 27.996 6.5
19941021 0 0.113 1.1 27.99 8.6
19941022 2.8 0.114 0.7 27.995 12.9
19941023 0 0.123 1.1 27.99 13.7
19941024 0.4 0.115 0.6 27.981 10.5
19941025 6.7 0.112 0.7 27.986 10.2
19941026 11.1 0.178 0.5 28.001 8.3
19941027 0.7 0.569 0.3 28.09 7.5
19941028 3.5 0.633 0.7 28.092 6.9
19941029 6.3 0.803 0.5 28.113 7.9
19941030 28.3 2.858 0.1 28.253 13.5
19941031 14.7 8.549 0.1 28.513 13.2
19941101 1.3 5.261 0.8 28.394 9.9
19941102 0 2.716 0.9 28.233 6.8
19941103 0 1.901 0.9 28.174 10
19941104 0 1.442 1 28.138 12.1
19941105 0 1.184 0.7 28.117 10.2
19941106 0 0.976 0.6 28.099 11.2
19941107 4.5 1.023 0.2 28.1 10.2
19941108 0 1.381 0.5 28.115 9.5
19941109 0 1.06 0.6 28.101 9
19941110 5.4 1.017 0.1 28.098 9.5
19941111 2 1.763 0.1 28.131 8.8
19941112 0.6 1.605 0.2 28.138 6
19941113 1.1 1.297 0.2 28.118 9.4
19941114 9.4 1.581 0.1 28.13 13.3
19941115 3.2 2.834 0.5 28.224 11.8
19941116 0.1 2.66 0.6 28.247 8.4
19941117 3.8 1.947 0.3 28.186 8
19941118 10.2 3.409 0.1 28.242 6.7
19941119 3.2 3.857 0.1 28.278 9.4
19941120 2.3 2.955 0.1 28.233 13.5
19941121 0 2.359 0.2 28.197 8.3
19941122 0 1.748 0.5 28.161 6.9
19941123 0 1.392 0.2 28.135 9.9
19941124 0.7 1.2 0.1 28.118 8.6
19941125 0 1.031 0.4 28.107 6.2
19941126 6.2 1.43 0 28.127 9.9
19941127 0.1 1.97 0.2 28.171 8.8
19941128 0 1.358 0.2 28.135 7.8
19941129 0 1.094 0.3 28.117 6.3
19941130 0 0.936 0.1 28.105 4.9
19941201 0 0.804 0.4 28.095 2.5
19941202 0 0.713 0.4 28.089 1.4
19941203 2.2 0.697 0.4 28.088 7.9
19941204 0.6 1.006 0.1 28.106 9.4
19941205 0.6 0.947 0.3 28.103 9.1
19941206 0.7 0.796 0.5 28.087 6.7
19941207 4.6 0.774 0.2 28.091 6.4
19941208 12.2 1.816 0.1 28.158 8.1
19941209 9.6 6.486 0.4 28.364 5.3
19941210 3.3 3.302 0.1 28.262 5
19941211 0 2.971 0.2 28.237 13
19941212 0 2.055 0.2 28.189 12.5
19941213 7.5 1.727 0.3 28.162 9.3
19941214 0.9 2.75 0.4 28.216 2.7
19941215 0 1.788 0.1 28.174 -1.3
19941216 0.8 1.452 0.1 28.149 1.8
19941217 0 1.332 0.2 28.14 3.3
19941218 1 1.212 0.3 28.135 4.4
19941219 0.5 1.081 0.4 28.121 5.5
19941220 0.9 0.972 0.3 28.113 3.2
19941221 0 0.949 0.1 28.111 1.5
19941222 0 0.786 0.2 28.097 0.9
19941223 0 0.684 0.1 28.092 -0.8
19941224 0 0.626 0.4 28.089 -5.1
19941225 0 0.54 0 28.082 -3
19941226 5.2 0.664 0 28.089 0.9
19941227 30.9 6.672 0 28.3 8.2
19941228 11.7 12.165 0.1 28.637 12.1
19941229 16.4 10.444 0 28.642 11.1
19941230 4.8 8.531 0.2 28.603 6.6
19941231 2.2 5.059 0.3 28.438 4.8
19950101 10.1 3.942 0.1 28.333 0.9
19950102 4.6 4.807 0.2 28.329 1.4
19950103 0 3.915 0.3 28.296 -0.6
19950104 0 2.461 0.4 28.236 -4.6
19950105 0 1.708 0.5 28.195 -5.6
19950106 0 1.268 0.1 28.159 -3.8
19950107 0 0.994 0.4 28.129 -5.2
19950108 4.5 0.879 0.1 28.118 -1.5
19950109 7 1.879 0.2 28.159 3.2
19950110 6.7 5.349 0.2 28.371 3.7
19950111 0.8 4.894 0.4 28.359 1.9
19950112 1.9 3.572 0.4 28.283 1.7
19950113 0 2.465 0.3 28.225 0.8
19950114 1.1 2.443 0.1 28.208 4.4
19950115 1.6 2.577 0.1 28.206 6.7
19950116 0 2.178 0.5 28.194 3.7
19950117 0 1.713 0.5 28.175 4.6
19950118 3.1 1.813 0.1 28.174 6.2
19950119 1.4 1.624 0.5 28.165 4.8
19950120 1.2 1.676 0.2 28.167 7.6
19950121 5.6 1.445 0.5 28.159 5.9
19950122 12.7 4.387 0.2 28.298 7.4
19950123 3.4 5.829 0.3 28.392 6.1
19950124 3.3 3.595 0.2 28.313 5.6
19950125 5.7 3.14 0.2 28.288 4.7
19950126 15.1 6.685 0.1 28.402 7.8
19950127 6.6 6.263 0.5 28.44 2.1
19950128 13.7 10.809 0.3 28.59 7.7
19950129 11.9 9.173 0.2 28.64 7.7
19950130 0 6.598 0.6 28.611 2.7
19950131 0.6 3.412 0.1 28.413 2.3
19950201 6.5 2.825 0.2 28.337 9.6
19950202 0 3.782 0.7 28.359 4.1
19950203 0 2.349 0.4 28.278 4.5
19950204 0 1.928 0.2 28.244 7.2
19950205 0 1.641 0.2 28.218 5.9
19950206 0.5 1.633 0.1 28.213 9.1
19950207 0 1.451 0.1 28.203 8.3
19950208 7.8 2.484 0.1 28.255 3.7
19950209 0 2.18 0.8 28.249 0.6
19950210 5.3 1.691 0.3 28.213 1.7
19950211 4.3 2.937 0.3 28.293 8.3
19950212 1.7 3.456 0.9 28.319 8.7
19950213 0.2 2.06 0.5 28.25 8.7
19950214 2.7 1.762 0.5 28.223 7.9
19950215 14.2 4.802 0.6 28.353 9.1
19950216 4.3 4.594 0.7 28.379 7.8
19950217 2.2 3.952 0.9 28.36 6.7
19950218 1.4 2.397 0.5 28.275 4.8
19950219 12.8 3.163 0.2 28.313 7.4
19950220 1 5.179 0.9 28.414 8.9
19950221 3.8 3.204 0.2 28.327 7.2
19950222 0 2.8 1.2 28.298 5
19950223 1.7 2.179 0.8 28.263 4.4
19950224 2 2.061 0.3 28.251 3.6
19950225 0.4 1.899 0.4 28.237 3
19950226 0.8 1.487 0.8 28.204 2.9
19950227 2.3 1.222 0.9 28.187 3.4
19950228 0.1 1.575 0.2 28.21 9.2
19950301 5.2 1.501 0.6 28.206 8.6
19950302 1.4 1.795 0.9 28.24 3.8
19950303 1.6 1.586 1.2 28.218 4.2
19950304 3.9 1.552 0.8 28.207 1.3
19950305 10.7 2.885 0.2 28.286 1.2
19950306 8.4 6.067 0.7 28.449 3.4
19950307 0.4 3.91 1.4 28.373 3.8
19950308 3.3 2.453 0.8 28.29 4.7
19950309 0 2.153 1.5 28.264 4.6
19950310 0 1.541 1.7 28.221 5.4
19950311 0 1.209 1.7 28.187 7
19950312 0 0.983 1.5 28.162 7.6
19950313 0 0.864 1.8 28.149 5.7
19950314 0 0.835 0.7 28.145 1.7
19950315 5.9 1.199 0.7 28.178 2.7
19950316 2.9 1.697 1.2 28.219 4
19950317 6.6 1.948 0.5 28.241 7.6
19950318 0 2.175 1.7 28.251 7.1
19950319 3.8 1.662 1.6 28.225 5.3
19950320 3.7 1.244 1.3 28.191 3.9
19950321 1.4 1.624 1.2 28.212 3.8
19950322 0 1.196 1.6 28.18 3
19950323 0 1.01 2.1 28.159 6.9
19950324 0 0.892 1.4 28.144 8.3
19950325 4.5 1.051 1.4 28.155 6.8
19950326 7.2 1.511 0.5 28.207 7.4
19950327 9.6 3.871 1.4 28.348 3.3
19950328 5.7 2.821 0.6 28.322 0.6
19950329 3 3.362 1.5 28.34 1.6
19950330 0 2.442 1.8 28.287 3.5
19950331 8.8 3.536 0.2 28.337 6.1
19950401 1.3 3.395 0.3 28.34 10.4
19950402 0 2.478 2.7 28.29 12
19950403 0 1.691 0.7 28.235 8.9
19950404 0.2 1.258 1.6 28.194 7.8
19950405 0 0.983 2.2 28.168 7.6
19950406 0 0.861 0.8 28.148 10.1
19950407 0.1 0.791 0.8 28.139 9.2
19950408 0.1 0.653 1.6 28.119 5.4
19950409 0.3 0.571 1.1 28.108 5.4
19950410 3.6 0.701 0.4 28.127 7.3
19950411 0 0.733 1.3 28.128 8.6
19950412 0 0.628 1.7 28.113 9.1
19950413 0 0.516 2.3 28.096 8.9
19950414 0 0.48 0.9 28.099 7.3
19950415 2.4 0.521 0.7 28.118 7
19950416 1.6 0.572 1.9 28.123 6.1
19950417 8.3 0.798 0.7 28.152 7.8
19950418 9.3 2.218 1 28.266 6.5
19950419 5.8 2.043 1.9 28.273 4.1
19950420 0 2.217 2.4 28.277 5.2
19950421 0 1.314 2.5 28.205 7.9
19950422 0 0.995 2.2 28.164 11.9
19950423 0 0.752 2.2 28.134 11.3
19950424 0 0.68 3.8 28.12 16.6
19950425 0 0.573 3.7 28.097 16.5
19950426 0 0.47 3.2 28.077 14
19950427 0 0.392 0.6 28.064 7.8
19950428 0 0.34 1.1 28.052 6.6
19950429 0 0.294 2.8 28.048 9
19950430 0 0.289 1.3 28.036 10.1
19950501 0 0.283 3.1 28.03 11.8
19950502 0 0.256 3.8 28.022 13.4
19950503 0 0.245 3.9 28.013 14.5
19950504 0 0.239 3.9 28.005 16.1
19950505 0 0.234 3.8 27.997 16.9
19950506 0 0.231 3.9 27.988 15.8
19950507 0 0.216 4.1 27.979 16.2
19950508 0 0.205 2.1 27.969 13.2
19950509 8.1 0.222 1.9 27.961 9.8
19950510 3.8 0.284 1.7 27.97 9.1
19950511 0 0.332 2.7 27.981 8.8
19950512 0 0.292 2.3 27.981 8.1
19950513 0 0.236 1.4 27.968 8
19950514 0 0.187 2.6 27.954 6.9
19950515 0 0.173 1.9 27.956 8
19950516 0 0.166 3 27.956 10.4
19950517 8.2 0.181 1.1 27.958 10.5
19950518 1.8 0.238 1.1 27.952 7.9
19950519 0.6 0.223 2.7 27.952 7.3
19950520 0.5 0.198 2.6 27.95 9.8
19950521 0 0.185 2.1 27.95 8.3
19950522 0 0.167 3.8 27.96 11.2
19950523 0 0.16 3.6 27.966 15.6
19950524 0.8 0.154 3.8 27.957 17.7
19950525 34.1 0.233 3 27.954 18.1
19950526 5.8 2.947 3.1 28.191 16.5
19950527 0 1.442 3.7 28.125 15.9
19950528 11.9 0.912 2.9 28.082 18.3
19950529 4.9 1.774 2.3 28.145 16.4
19950530 0 1.524 2.8 28.13 14.5
19950531 0 1.02 3.7 28.089 14.9
19950601 0.3 0.718 3.3 28.065 13.1
19950602 0 0.555 3 28.05 12.1
19950603 0 0.453 3.2 28.036 14.3
19950604 6.6 0.436 2.3 28.031 13.6
19950605 0.9 0.456 2.2 28.031 13.6
19950606 0.8 0.378 1.9 28.026 13.1
19950607 8.6 0.356 0.9 28.035 11.7
19950608 1.4 0.566 2.9 28.065 10.7
19950609 7.2 0.579 1.2 28.063 10
19950610 8.7 1.018 1.8 28.129 11
19950611 4.5 1.898 1.9 28.177 11.4
19950612 1.1 1.757 2 28.152 11.9
19950613 0.3 1.406 3.1 28.117 13.4
19950614 4.5 0.979 1.2 28.093 11.4
19950615 3.9 1.206 0.7 28.118 10.5
19950616 2 1.49 0.9 28.148 10.5
19950617 5.3 1.393 0.8 28.151 12.3
19950618 1.7 1.819 2.9 28.176 14.7
19950619 0 1.207 4.6 28.123 16.3
19950620 0 0.796 4.1 28.085 20.1
19950621 0 0.59 3.8 28.06 16.4
19950622 0 0.442 2.7 28.042 12.1
19950623 0 0.372 3 28.031 14.1
19950624 0 0.316 3.4 28.018 16
19950625 0 0.267 5.1 28.003 19.9
19950626 0 0.234 4.8 27.992 20.1
19950627 0 0.212 5.5 27.987 22
19950628 0 0.194 5.6 27.981 22.7
19950629 0 0.181 5.3 27.974 19.3
19950630 0 0.175 5 27.965 19.3
19950701 0 0.169 3.7 27.954 16.7
19950702 0 0.168 3.7 27.953 17.6
19950703 13.7 0.245 0.9 27.999 15.2
19950704 0 0.193 2.4 28.01 14.4
19950705 0 0.133 4.4 27.991 16
19950706 0 0.109 4.1 27.978 18.5
19950707 0 0.097 4.7 27.962 19.3
19950708 0 0.091 4.5 27.947 22
19950709 0 0.087 4.8 27.934 23.6
19950710 0 0.082 5.1 27.923 25.2
19950711 0 0.079 4.8 27.911 23
19950712 0 0.074 3.4 27.896 22.6
19950713 0 0.07 4.9 27.884 22
19950714 4 0.068 3.8 27.873 20.9
19950715 0.7 0.075 3.4 27.863 19.9
19950716 0.3 0.071 2.8 27.852 18
19950717 0 0.068 3.4 27.843 18
19950718 0.2 0.068 1.3 27.834 17.8
19950719 0 0.073 3.9 27.823 21.4
19950720 0 0.066 4.1 27.819 23.2
19950721 3.6 0.064 4.7 27.813 25
19950722 4.2 0.074 3.8 27.8 17.2
19950723 0 0.058 4.7 27.792 15.5
19950724 0 0.057 4.5 27.786 18.4
19950725 0 0.05 4.9 27.779 19.2
19950726 0 0.054 4.8 27.773 23
19950727 13.5 0.068 1.4 27.763 19.7
19950728 0 0.075 3.5 27.759 20.5
19950729 0 0.066 4 27.757 22.3
19950730 0 0.066 4.9 27.754 23.6
19950731 0 0.068 5 27.748 24.7
19950801 0 0.073 4.9 27.74 23.9
19950802 0 0.075 4.9 27.732 22.6
19950803 0 0.085 4.4 27.725 21.2
19950804 0 0.081 3.9 27.717 17.6
19950805 0 0.084 4.6 27.709 20
19950806 0 0.076 4.2 27.702 21.8
19950807 0 0.049 1.7 27.694 17.4
19950808 0 0.036 4.1 27.687 18.1
19950809 0 0.033 4.3 27.68 18.5
19950810 0 0.033 4.5 27.672 20.6
19950811 0 0.03 4.6 27.667 22.7
19950812 0 0.03 3.9 27.66 23
19950813 1.2 0.033 1.9 27.654 19.3
19950814 0 0.039 2.4 27.647 16.2
19950815 0 0.04 3.2 27.641 16.1
19950816 0 0.042 2.7 27.635 19.3
19950817 0 0.042 4.1 27.629 20.6
19950818 0 0.042 4 27.624 22.4
19950819 0 0.045 3.8 27.618 23.8
19950820 0 0.046 3.4 27.612 21.5
19950821 0 0.042 3.4 27.606 20.8
19950822 0 0.042 3.3 27.602 22.4
19950823 7.5 0.044 2.1 27.598 20.9
19950824 0 0.044 3 27.592 18.3
19950825 3.2 0.044 1.6 27.59 18.2
19950826 2.4 0.045 2.5 27.585 17.2
19950827 3.8 0.043 1.7 27.583 14.2
19950828 2 0.047 2.6 27.578 14.1
19950829 1.2 0.044 1.9 27.575 13.4
19950830 0.3 0.042 2.6 27.571 12.7
19950831 0 0.042 2.1 27.57 12.3
19950901 1.3 0.042 2.5 27.569 15.4
19950902 6.8 0.05 0.6 27.566 14.5
19950903 1 0.05 2.2 27.566 14.4
19950904 2.4 0.049 1.2 27.564 13.1
19950905 0 0.048 2.1 27.561 14.9
19950906 0 0.048 2.2 27.559 14.5
19950907 1.2 0.036 1.5 27.561 16.4
19950908 19.9 0.041 0.5 27.559 15.9
19950909 0 0.049 1.1 27.569 15.7
19950910 0 0.032 1.8 27.592 16.9
19950911 4 0.039 1.2 27.606 16.3
19950912 2.5 0.032 2.2 27.606 15.5
19950913 1.2 0.041 0.7 27.613 14.1
19950914 0 0.042 2.1 27.618 14.4
19950915 0 0.041 1.5 27.621 14.1
19950916 3 0.04 1.6 27.619 13.9
19950917 0 0.036 2.4 27.614 14.7
19950918 0 0.032 2.2 27.613 16.8
19950919 0 0.032 2.6 27.616 15.8
19950920 0 0.032 1.7 27.613 12.4
19950921 0.1 0.032 0.9 27.604 11.7
19950922 0 0.032 1 27.6 14
19950923 0.8 0.033 1.1 27.598 14.3
19950924 2.5 0.033 1.2 27.604 13.8
19950925 0 0.032 1.9 27.592 13.6
19950926 20.7 0.038 0.3 27.592 12.8
19950927 16.1 0.1 0.9 27.615 10.6
19950928 3.1 0.074 1.3 27.692 7.6
19950929 1.2 0.066 1.2 27.754 8.4
19950930 1.2 0.061 1 27.791 8.1
19951001 7.3 0.061 0.4 27.814 10.4
19951002 0 0.07 1.4 27.833 12.5
19951003 0 0.06 1 27.863 15
19951004 3.1 0.058 1.7 27.883 18.1
19951005 5 0.065 0.5 27.893 14.2
19951006 0 0.066 1.9 27.908 13
19951007 0.1 0.059 0.7 27.921 15.9
19951008 0 0.057 1.9 27.931 16.4
19951009 0 0.056 1.8 27.939 16
19951010 0 0.054 1.7 27.94 16.2
19951011 0 0.05 1.1 27.941 15.8
19951012 0 0.05 0.7 27.941 14.6
19951013 0 0.05 0.7 27.939 13.2
19951014 0 0.05 1.3 27.938 12.6
19951015 0 0.05 1.4 27.934 14.9
19951016 0 0.049 0.8 27.927 13.6
19951017 1.6 0.048 1.3 27.926 14.1
19951018 0.4 0.049 0.7 27.919 12.8
19951019 0 0.048 0.8 27.918 11.8
19951020 1 0.048 0.3 27.916 10.1
19951021 0 0.048 0.8 27.909 5.8
19951022 0 0.048 1.1 27.909 5.9
19951023 0 0.048 1.2 27.906 10.1
19951024 0 0.048 1.4 27.904 14.8
19951025 0 0.047 1.1 27.898 13.3
19951026 0.1 0.043 0.7 27.894 13.1
19951027 2.5 0.048 0.3 27.89 14.4
19951028 0 0.048 0.9 27.884 8.6
19951029 0 0.044 1 27.884 6.8
19951030 0 0.042 0.6 27.875 7.5
19951031 0.7 0.042 0.8 27.871 5.5
19951101 1.2 0.044 0.2 27.875 8.2
19951102 0.2 0.047 0.9 27.872 6.9
19951103 4.2 0.051 0.5 27.872 5.9
19951104 0 0.044 0.8 27.861 0.1
19951105 0 0.042 0.7 27.861 -1.8
19951106 0 0.045 0.5 27.867 0.8
19951107 1 0.051 0.1 27.869 4.3
19951108 2.9 0.051 0.1 27.872 7.9
19951109 1.9 0.053 0.2 27.882 10.1
19951110 0 0.05 0.5 27.895 8
19951111 0 0.05 0.5 27.903 10.6
19951112 0 0.048 0.7 27.906 9.4
19951113 0 0.048 0.6 27.908 5.3
19951114 0.7 0.048 0.2 27.912 9.1
19951115 2.7 0.048 0.2 27.92 8.6
19951116 4.7 0.053 0.2 27.929 9.5
19951117 3.4 0.051 0.4 27.931 2.7
19951118 0.9 0.051 0.6 27.938 2.1
19951119 8.2 0.084 0.5 27.959 5.5
19951120 0 0.091 0.5 27.985 1.8
19951121 0 0.083 0.6 28.004 0.7
19951122 0 0.079 0.4 28.003 4.3
19951123 0.2 0.078 0.2 28 8.8
19951124 0 0.078 0.3 NA 9.1
19951125 0 0.077 0.6 NA 8.1
19951126 0 0.075 0.4 NA 7.7
19951127 0.5 0.068 0.3 NA 6.4
19951128 0.6 0.068 0.1 NA 6
19951129 0 0.066 0.1 NA 3.7
19951130 0 0.066 0.2 NA 2.2
19951201 0 0.063 0.2 NA 0.1
19951202 0 0.061 0.1 NA 1.7
19951203 0 0.062 0.2 NA 0.3
19951204 0 0.059 0.2 NA -0.9
19951205 0 0.057 0.2 NA -3.6
19951206 0 0.056 0.2 NA -4.6
19951207 0 0.056 0.2 NA -2.8
19951208 0 0.053 0.3 NA -1.9
19951209 0 0.05 0.1 NA 0.1
19951210 0 0.05 0.1 NA -1.3
19951211 0 0.056 0.1 NA -0.3
19951212 0 0.059 0.3 NA 2.3
19951213 0 0.057 0.2 NA -1.8
19951214 0 0.057 0.1 NA 0.6
19951215 0 0.059 0.1 NA -1.7
19951216 0 NA 0.3 NA -2.3
19951217 0 NA 0.1 NA -2.5
19951218 1.4 NA 0.1 NA 0.3
19951219 0 0.066 0.1 27.962 1.1
19951220 8.6 0.09 0.1 27.969 -0.4
19951221 0 0.081 0.1 28 -2.4
19951222 10.5 0.162 0 28.032 5.8
19951223 8.3 0.363 0.1 28.12 6.1
19951224 0 0.417 0.3 28.146 -0.7
19951225 0.7 0.37 0.1 28.113 -1
19951226 0.8 0.311 0.3 28.083 -1.1
19951227 0 0.236 0.5 28.069 -5.6
19951228 0 0.171 0.4 28.054 -8.2
19951229 0 0.129 0.5 28.039 -7.3
19951230 0 0.146 0.3 28.033 -5.7
19951231 0 0.11 0.1 28.015 -2.5
19960101 0 0.089 0.1 27.999 -2.7
19960102 0 0.082 0.3 27.988 -3
19960103 0 0.07 0.2 27.981 -2.8
19960104 0 0.068 0.3 27.983 -2.6
19960105 0 0.066 0.2 27.98 -3.7
19960106 0 0.07 0.3 27.97 -3.8
19960107 2.5 0.072 0.1 27.957 3.8
19960108 0 0.067 0.4 27.943 4.3
19960109 0 0.074 0.2 27.956 5.3
19960110 0 0.095 0.2 27.963 4.9
19960111 0 0.095 0.3 27.981 5.3
19960112 0 0.117 0.4 27.995 8.6
19960113 0 0.125 0.5 28.017 6.5
19960114 0 0.133 0.4 28.034 3.6
19960115 0 0.148 0.4 28.038 1.1
19960116 0 0.151 0.1 28.037 0.3
19960117 0 0.165 0.1 28.04 -0.2
19960118 0 0.172 0.1 28.04 -1.6
19960119 0 0.161 0.2 28.037 -2.1
19960120 0 0.129 0.2 28.027 -1.4
19960121 0 0.107 0.2 28.013 -1.7
19960122 0 0.092 0.4 28.004 -2.3
19960123 0 0.124 0.3 27.997 -4.6
19960124 0 0.09 0.3 27.983 -4.6
19960125 0 0.183 0.4 27.971 -8.8
19960126 4.6 0.175 0.1 27.96 -10
19960127 0.7 0.304 0.2 27.941 -7
19960128 0 0.302 0.5 27.927 -7
19960129 0 0.302 0.5 27.919 -4.5
19960130 0 0.302 0.6 27.907 -3.4
19960131 0 0.302 0.6 27.901 -4
19960201 0 0.302 0.6 27.898 -6.3
19960202 0.9 0.302 0.2 27.892 -3
19960203 0 0.302 0.3 27.877 -2
19960204 0.7 0.302 0.4 27.871 -3
19960205 0.1 0.302 0.4 27.879 -1.5
19960206 0 0.302 0.7 27.892 -6.9
19960207 0 0.302 0.3 27.893 -7.5
19960208 0 0.302 0.4 27.867 -10.8
19960209 0 0.302 0.3 27.853 -9
19960210 0.2 0.302 0.3 27.845 1.5
19960211 5.7 0.302 0.3 27.842 3.6
19960212 11.3 0.302 0.1 28.03 3.1
19960213 0.6 0.302 0.1 28.247 0.8
19960214 0 0.302 0.1 28.151 -0.2
19960215 0.7 0.302 0.4 28.095 -0.4
19960216 5.1 0.302 0.1 28.123 4.3
19960217 2.8 0.302 0.3 28.164 4.3
19960218 12.7 0.302 0.4 28.217 3.6
19960219 0 0.302 0.2 28.261 0.8
19960220 1.9 0.302 0.3 28.178 -3.3
19960221 0.2 0.302 0.6 28.137 -4.8
19960222 0 0.302 0.6 28.107 -3.4
19960223 0 NA 1.1 28.087 -1.8
19960224 0.2 NA 0.6 28.079 1.6
19960225 0.6 NA 0.6 28.094 6.8
19960226 0.1 NA 0.5 28.131 5.8
19960227 0 NA 0.4 28.12 3.2
19960228 0 NA 0.7 28.107 3.1
19960229 0.1 NA 0.7 28.089 2.1
19960301 0.1 NA 0.4 28.081 1.6
19960302 0 NA 0.8 28.072 0.4
19960303 0 NA 1.3 28.068 1
19960304 1.2 NA 0.5 28.061 0.5
19960305 0 NA 0.3 28.074 1.9
19960306 0.1 NA 0.4 28.07 3.7
19960307 0 NA 0.5 28.062 2.7
19960308 0 NA 1.5 28.051 2.7
19960309 0 NA 1.5 28.041 2.3
19960310 0 NA 1.5 28.033 1.5
19960311 0 NA 0.9 28.03 -1.7
19960312 0 NA 1.1 28.023 -3
19960313 0 NA 1.1 28.015 -2.8
19960314 0 NA 1.4 28.007 0.1
19960315 0 NA 1.5 28.008 2.4
19960316 0 NA 1.1 28.029 3.5
19960317 0 NA 0.5 28.036 4.3
19960318 0 NA 0.8 28.035 4.1
19960319 0 NA 1 28.034 4.9
19960320 0 NA 1.2 28.032 6.3
19960321 4.3 NA 1.2 28.028 8.3
19960322 0.8 NA 0.6 28.06 7.5
19960323 0.1 NA 0.6 28.065 8.8
19960324 0 NA 0.6 28.056 6.2
19960325 0 NA 2 28.052 6.4
19960326 0 NA 0.3 28.041 2.1
19960327 0 NA 2.1 28.024 1.2
19960328 1 NA 1.3 28.024 2.3
19960329 0 NA 1.2 28.018 3
19960330 0 NA 1.5 28.011 1.7
19960331 2.4 NA 1.3 28.007 -0.4
19960401 0 NA 1.1 28.017 -1.2
19960402 0 NA 1.6 28.011 -0.1
19960403 0 NA 2.1 28.001 2.5
19960404 0 NA 2.2 27.998 5.3
19960405 0 NA 2.3 27.997 5.4
19960406 0 NA 1.4 27.992 7.7
19960407 0 NA 1.8 27.984 8
19960408 0 NA 0.6 27.977 5.8
19960409 0 NA 0.8 27.977 6.7
19960410 1 NA 0.8 27.98 9.1
19960411 1.2 NA 0.6 NA 7.4
19960412 0 NA 2.5 NA 2
19960413 0 NA 2.2 NA 4
19960414 0 NA 2.2 NA 5.5
19960415 0 NA 2.9 NA 7.5
19960416 0 NA 2.9 NA 10.4
19960417 0 NA 2.9 NA 12.4
19960418 0 NA 3.2 NA 12
19960419 0 NA 3.2 NA 13.6
19960420 0 NA 3 NA 16.6
19960421 0 NA 3.9 NA 18.7
19960422 0 NA 3.2 NA 18.7
19960423 0.1 NA 2.1 NA 16.5
19960424 3.8 0.057 2.7 NA 11.2
19960425 0 0.057 2.4 NA 9.4
19960426 0 0.056 1.9 NA 10.6
19960427 0 0.056 2.9 NA 12.2
19960428 1 0.056 3.2 NA 11.5
19960429 0 0.05 2 NA 6.6
19960430 0 0.05 3.1 NA 8.1
19960501 0 0.05 2.3 NA 12.2
19960502 11.4 0.083 1.3 NA 10.5
19960503 3.4 0.096 1 NA 8.9
19960504 0 0.086 1.4 NA 6.2
19960505 0 0.071 1.8 NA 5.2
19960506 0 0.068 2.8 NA 7
19960507 0 0.063 3.5 NA 9.9
19960508 0 0.059 1.6 NA 8.3
19960509 0 0.057 2.3 NA 8.1
19960510 0 0.054 0.8 NA 6.2
19960511 0 0.054 0.9 NA 8
19960512 0 0.055 0.6 NA 8.7
19960513 0 0.05 0.9 NA 8.9
19960514 0 0.05 1.1 NA 9.7
19960515 0.3 0.05 1.3 NA 7.6
19960516 0 0.05 2.4 NA 7.1
19960517 6 0.051 2.3 NA 12.1
19960518 0.5 0.059 1 NA 11.4
19960519 0.4 0.057 1.3 NA 12.3
19960520 0 0.054 4.2 NA 10.9
19960521 2.7 0.05 2.5 NA 10.9
19960522 1 0.05 2.3 NA 10.4
19960523 3.4 0.055 1.2 NA 12.5
19960524 4.6 0.06 2.6 NA 15.3
19960525 19.6 0.154 1.1 NA 12.2
19960526 2 0.323 2.5 NA 12.9
19960527 3.9 0.398 1.1 NA 10.9
19960528 0 0.411 3.1 NA 10.3
19960529 0 0.307 2.7 NA 16.1
19960530 0 0.229 4.3 NA 20.5
19960531 0 0.179 3.7 NA 18.9
19960601 1.4 0.139 2.3 NA 13.1
19960602 0 0.12 1.7 NA 12.6
19960603 0 0.102 3.4 NA 14.7
19960604 0 0.084 3.2 NA 16
19960605 0 0.071 5 NA 19.7
19960606 0 0.066 5.3 NA 22.5
19960607 0 0.063 5 NA 25
19960608 34.6 1.004 3.8 NA 23.2
19960609 0 0.746 2.7 NA 16.4
19960610 0 0.413 5 NA 19.6
19960611 0 0.283 5 NA 21.9
19960612 0 0.191 3.5 NA 16
19960613 0 0.13 4.1 NA 13.4
19960614 0 0.098 2.6 NA 11.7
19960615 0 0.083 4.7 NA 13.4
19960616 0 0.072 4.8 NA 14.8
19960617 0 0.065 5 NA 17
19960618 0 0.057 4 NA 15.1
19960619 0.1 0.054 1.3 NA 12.1
19960620 0 0.054 2.6 NA 12.2
19960621 0 0.049 2.7 NA 11.3
19960622 2.7 0.048 1.6 NA 10.7
19960623 0 0.052 1.3 NA 11.4
19960624 0 0.05 1.2 NA 11.6
19960625 0 0.049 1.2 NA 12.6
19960626 0 0.05 3.1 NA 14.6
19960627 0.5 0.048 1.5 27.744 13.8
19960628 0.1 0.048 2.7 27.742 15.8
19960629 8.6 0.054 1.4 27.736 13.2
19960630 1.4 0.057 1.3 27.731 14
19960701 1.1 0.051 1.5 27.729 13.4
19960702 3.7 0.052 2 27.721 12.8
19960703 0.4 0.051 3 27.72 16.7
19960704 5.7 0.054 2.3 27.715 16.3
19960705 4.7 0.053 1.8 27.713 14.2
19960706 1.3 0.06 2.3 27.71 12.9
19960707 0 0.057 4 27.709 13.6
19960708 0 0.05 3.1 27.703 12.6
19960709 3.9 0.047 2.3 27.699 13.7
19960710 3 0.056 2.6 27.696 15
19960711 0 0.049 3.7 27.694 17.6
19960712 0 0.048 3.6 27.693 17.9
19960713 0 0.046 2.8 27.689 17.9
19960714 0 0.044 1.1 27.686 16.9
19960715 0 0.044 3.8 27.684 15.4
19960716 0 0.035 3.8 27.681 14.5
19960717 0 0.022 4.2 27.68 14.9
19960718 0 0.02 2.1 27.676 13.2
19960719 0 0.019 4.1 27.671 15
19960720 0 0.018 4.8 27.667 17.5
19960721 0 0.017 4.8 27.664 19.2
19960722 0 0.017 4.6 27.659 20.5
19960723 28.9 0.125 3.3 27.671 19.6
19960724 6.3 0.258 1.5 27.798 16
19960725 7.6 0.113 2.7 27.834 16.9
19960726 0 0.078 4.1 27.862 17.1
19960727 0 0.059 2.5 27.871 16.9
19960728 0 0.051 4.2 27.868 16
19960729 5.4 0.049 2.2 27.864 17.3
19960730 2.7 0.055 2.4 27.858 17.7
19960731 0 0.066 1.4 27.859 17.6
19960801 0 0.067 3 27.856 16.9
19960802 0 0.07 2.9 27.845 15.5
19960803 0 0.075 3.3 27.834 14.1
19960804 0 0.077 4.4 27.826 16.4
19960805 0 0.078 4.5 27.816 17.7
19960806 17.9 0.076 2.2 27.802 18.1
19960807 0.9 0.101 2.4 27.814 15.6
19960808 0 0.076 3.3 27.836 16.8
19960809 0 0.066 3.5 27.839 20.3
19960810 14.9 0.066 1.9 27.836 20.7
19960811 11 0.124 2.5 27.87 18.7
19960812 15.1 0.116 1.8 27.918 18
19960813 0.4 0.274 2.1 27.979 18.2
19960814 0 0.236 2.1 28.011 17.5
19960815 3.9 0.178 2.1 28.007 17.5
19960816 0 0.163 1.2 28.007 17
19960817 0 0.138 1.8 28 17
19960818 0 0.116 3.9 27.992 19
19960819 0 0.096 4 27.982 20.9
19960820 0 0.079 4.2 27.971 21.6
19960821 1.9 0.068 2 27.957 19.2
19960822 0 0.066 2.1 27.946 18.6
19960823 0.9 0.058 3 27.938 18.5
19960824 0.8 0.055 3.1 27.924 16.6
19960825 7.9 0.053 2.6 27.909 15.5
19960826 0 0.064 2.4 27.9 15.2
19960827 8.7 0.06 2.5 27.897 15.1
19960828 14.5 0.107 0.5 27.908 14
19960829 40 1.126 0.3 28.121 13.4
19960830 5.7 3.822 1.4 28.378 15.1
19960831 5.5 2.702 1.9 28.291 13.1
19960901 0 1.669 1.7 28.185 11.5
19960902 0 1.104 2.2 28.126 12.6
19960903 0 0.828 3.2 28.097 14.4
19960904 0 NA 1.5 28.079 13.8
19960905 0 NA 3.2 28.066 13.4
19960906 0 NA 2.3 28.053 11.4
19960907 0 NA 2.2 28.037 10.5
19960908 0 NA 1.6 28.031 10.9
19960909 0 NA 2.4 28.024 12.8
19960910 0.1 NA 1.3 28.02 12.4
19960911 1.4 NA 1.3 28.015 11.9
19960912 10.7 NA 1.8 28.042 11.8
19960913 4.2 NA 1.3 28.06 11.5
19960914 0.6 NA 1.1 28.071 12.2
19960915 0 NA 1.7 28.062 11
19960916 0 NA 2.4 28.047 9.8
19960917 0 NA 2.6 28.036 10.5
19960918 0 NA 1.7 28.023 11.1
19960919 0 NA 1.7 28.014 10.6
19960920 0 NA 1.7 28.005 10.8
19960921 0 NA 0.7 27.996 8.5
19960922 2.1 NA 0.3 27.991 9.2
19960923 0 NA 0.9 27.992 10.3
19960924 0 NA 1.3 27.987 10.2
19960925 0 NA 1.5 27.984 10.4
19960926 0 NA 2 27.979 13.2
19960927 7.2 NA 1.2 27.986 13.5
19960928 1 NA 1.1 27.991 13
19960929 6.9 NA 0.3 28.01 14.2
19960930 16.8 NA 1 28.079 15.4
19961001 9.6 NA 0.5 28.269 10
19961002 0 NA 1.6 28.22 8.9
19961003 0 NA 1.5 28.14 10.6
19961004 2 NA 1.4 28.112 11.2
19961005 2.3 NA 1.1 28.092 8.5
19961006 0 NA 1.5 28.084 7.4
19961007 0 NA 1.6 28.076 7.1
19961008 0 NA 1.4 28.067 8.1
19961009 0 NA 0.8 28.06 11.9
19961010 0.3 NA 0.4 28.053 10.9
19961011 0 NA 0.6 28.055 10.8
19961012 0 NA 1 28.053 10.7
19961013 0 NA 1.5 28.045 11.2
19961014 0 NA 1.4 28.04 13.4
19961015 0 NA 0.8 28.035 12
19961016 0 NA 0.5 28.03 8.4
19961017 0 NA 1 28.026 7.7
19961018 1.3 0.193 1.2 28.02 8.5
19961019 1.2 0.21 0.9 28.017 10.7
19961020 13.2 0.278 0.2 28.034 11.8
19961021 7.9 1.965 0.4 28.199 11.6
19961022 0 1.852 1.1 28.178 8.2
19961023 0 1.259 1.2 28.126 8.2
19961024 0 0.931 1.2 28.1 7.8
19961025 0 0.72 0.9 28.083 9.3
19961026 0.3 0.587 0.8 28.072 10.3
19961027 12.3 0.771 0.2 28.099 10.2
19961028 2.4 2.227 0.3 28.225 13.2
19961029 5.6 2.126 0.7 28.21 10.5
19961030 0.3 1.815 0.4 28.175 8.5
19961031 9.4 1.379 0.4 28.142 8.8
19961101 0.9 2.621 0.4 28.24 10.9
19961102 2.8 2.018 0.1 28.192 13
19961103 3.5 2.345 0.1 28.216 13
19961104 6.3 2.334 0.2 28.217 12.7
19961105 2.5 2.673 0.5 28.245 9.8
19961106 4.8 2.497 0.3 28.231 10.8
19961107 29 6.05 0.1 28.347 8.3
19961108 0 5.871 0.8 28.47 5.5
19961109 1.1 3.072 0.5 28.311 6.9
19961110 6.7 2.729 0.2 28.291 6.6
19961111 7 3.572 0.1 28.352 7.7
19961112 0.3 3.835 0.3 28.351 8.6
19961113 0.8 2.475 0.5 28.233 5.3
19961114 0 1.767 0.6 28.182 1.3
19961115 0 1.372 0.7 28.153 0.9
19961116 0 1.22 0.3 28.134 3.5
19961117 0 1.142 0.3 28.13 1.9
19961118 5.1 1.014 0.1 28.118 2.2
19961119 2.7 1.69 0.4 28.166 3.4
19961120 2.9 2.139 0.2 28.195 5.7
19961121 2.8 1.787 0.3 28.161 2.9
19961122 0 1.802 0.5 28.158 2.9
19961123 1.7 1.405 0.1 28.128 1.4
19961124 0.1 1.198 0.1 28.115 0.9
19961125 12.2 2.809 0 28.204 2.9
19961126 0 3.491 0.1 28.258 2.6
19961127 0.1 2.287 0.3 28.181 0.2
19961128 0.2 NA 0.2 28.14 1.4
19961129 12.1 NA 0 28.181 1.9
19961130 4.3 NA 0.2 28.321 3.6
19961201 4.3 NA 0.2 28.239 3.9
19961202 6.3 NA 0.2 28.286 5.8
19961203 10.7 NA 0.1 28.296 5.2
19961204 1.7 NA 0.4 28.364 6.5
19961205 3.7 NA 0.1 28.252 5.1
19961206 1.1 NA 0.1 28.243 5.3
19961207 0 NA 0.2 28.197 3.9
19961208 0 NA 0.3 28.163 0.1
19961209 0 NA 0 28.141 -0.3
19961210 0 NA 0 28.123 -0.4
19961211 0 1.026 0 28.11 -1.2
19961212 0 0.976 0 28.105 -0.6
19961213 0 0.926 0.1 28.099 0.1
19961214 0 0.763 0.4 28.088 -1.2
19961215 0.5 0.768 0.1 28.089 4.3
19961216 0 0.837 0.1 28.093 4.7
19961217 0 0.816 0.1 28.09 3.2
19961218 0 0.771 0.1 28.09 5.5
19961219 25.3 4.334 0.1 28.247 4.9
19961220 0.4 5.552 0.2 28.371 -0.8
19961221 0 2.288 0.3 28.213 -4.6
19961222 0 1.226 0.3 28.139 -3.3
19961223 0 0.82 0.3 28.103 -4
19961224 0 0.554 0.4 28.076 -5.7
19961225 0 0.431 0.1 28.053 -3.7
19961226 0 0.321 0.5 28.037 -6.1
19961227 0 0.299 0.1 28.04 -6.1
19961228 0 0.226 0.3 28.024 -9.8
19961229 1.2 0.19 0 28.016 -6.6
19961230 1.2 0.205 0.1 28.007 -2.9
19961231 0 0.187 0.2 28.004 -12.9
19970101 0 NA 0.2 27.997 -14.4
19970102 0 NA 0.2 27.984 -14.8
19970103 0 NA 0.1 27.976 -8.4
19970104 0 NA 0.1 27.966 -5
19970105 0 NA 0.1 27.956 -5.3
19970106 0 NA 0.3 27.953 -7.9
19970107 0 NA 0.2 27.951 -6
19970108 0 NA 0.2 27.95 -8.7
19970109 0 NA 0.1 27.936 -6.7
19970110 0 NA 0.1 27.916 -3.3
19970111 0 NA 0.1 27.911 -3.8
19970112 0 NA 0.2 27.917 -1.7
19970113 0 NA 0.5 27.92 1.9
19970114 0 NA 0.5 27.94 2.2
19970115 0 NA 0.5 27.964 -0.5
19970116 0 NA 0.5 27.974 -0.6
19970117 0 NA 0.5 27.964 2.7
19970118 0 NA 0.1 27.948 4.3
19970119 0.6 NA 0.1 27.967 2.8
19970120 0 NA 0.2 27.975 1.8
19970121 0 NA 0.2 27.993 0.8
19970122 0 NA 0.3 28.021 4.5
19970123 0 NA 0.4 28.026 3.7
19970124 0.3 0.191 0.3 28.032 2.6
19970125 0 0.191 0.2 28.037 -0.6
19970126 0 0.206 0.1 28.047 -0.4
19970127 0 0.194 0.1 28.049 -2.2
19970128 0 0.202 0.2 28.047 0.7
19970129 0 0.222 0.2 28.051 1
19970130 0 0.237 0.1 28.057 1.3
19970131 0.4 0.268 0.2 28.061 1.8
19970201 0 0.283 0.3 28.064 0.5
19970202 0 0.276 0.6 28.067 -0.3
19970203 0 0.31 0.2 28.064 1.3
19970204 3.5 0.375 0.1 28.075 3.5
19970205 10.2 2.396 0.5 28.155 3.1
19970206 0 1.584 0.4 28.189 3.4
19970207 0.4 1.454 0.4 28.172 5.6
19970208 0 1.551 0.5 28.164 2.2
19970209 0 1.584 0.5 28.151 7.8
19970210 3.8 1.851 0.3 28.153 7.5
19970211 0.7 2.103 0.5 28.159 5.4
19970212 13.8 3.839 0.1 28.236 9.3
19970213 11 6.884 0.4 28.352 6.5
19970214 0 3.922 0.7 28.275 3.2
19970215 0 2.158 0.7 28.179 2.8
19970216 0 1.633 0.6 28.144 3.2
19970217 0.8 1.444 0.3 28.141 5.6
19970218 11.7 4.076 0.6 28.269 7.4
19970219 3.8 2.416 0.7 28.213 5.3
19970220 1 2.616 1.2 28.216 7.6
19970221 2.6 1.935 0.2 28.173 8.9
19970222 0 1.732 0.3 28.156 9.3
19970223 0 1.433 0.8 28.136 9.5
19970224 12.9 2.416 0.2 28.177 9.5
19970225 7.7 5.295 0.6 28.32 10.9
19970226 14.4 6.838 0.4 28.379 7.3
19970227 0 4.529 0.8 28.332 6
19970228 0 2.503 1.3 28.232 9.7
19970301 0.3 1.708 1.5 28.176 9.8
19970302 2.4 1.509 0.4 28.154 9.8
19970303 0 1.478 1.4 28.141 6.8
19970304 0 1.108 1.3 28.117 8.1
19970305 0 1.006 1.1 28.103 9.4
19970306 0.6 0.899 0.7 28.091 7.2
19970307 0 0.802 1.3 28.086 7.4
19970308 0 0.722 1.2 28.076 9
19970309 0 0.67 1.5 28.073 8.6
19970310 0 0.621 1.9 28.067 9.2
19970311 0 0.571 0.5 28.061 4.8
19970312 0 0.572 1.3 28.065 6.9
19970313 0 0.534 1.5 28.058 10
19970314 0 0.513 0.3 28.066 8.7
19970315 4.4 0.5 0.5 28.063 9.5
19970316 4.2 1.39 0.2 28.13 8.3
19970317 0.2 1.312 0.8 28.135 7.6
19970318 3.1 1.005 0.4 28.116 6.5
19970319 4.9 1.896 0.6 28.172 5.8
19970320 0.1 1.244 0.8 28.142 3.5
19970321 1.7 1.045 1 28.12 4.5
19970322 0 0.77 1.4 28.098 3.3
19970323 3.6 0.862 0.3 28.107 4.9
19970324 0 1.077 0.8 28.125 5.9
19970325 1.7 0.953 0.9 28.113 6.4
19970326 0.9 0.767 1.1 28.097 9.1
19970327 0.1 0.64 1.9 28.085 11.2
19970328 2.6 0.583 1.3 28.075 7.2
19970329 1.6 0.483 1 28.066 6.6
19970330 0.2 0.471 2 28.064 8.4
19970331 0 0.389 2.4 28.053 7.1
19970401 0 0.354 2.5 28.043 8.8
19970402 0 0.334 2.2 28.035 7.6
19970403 0.1 0.333 1 28.033 7.6
19970404 0.4 0.281 1.8 28.017 5
19970405 11.5 0.652 0.2 28.064 7.6
19970406 0 1.059 1.9 28.109 4.5
19970407 0 0.586 2.5 28.077 3.2
19970408 0 0.445 2.7 28.06 6.6
19970409 0 0.381 2.2 28.041 9.1
19970410 0 0.316 2.5 28.027 8.4
19970411 0.8 0.314 1.3 28.023 6.4
19970412 0 0.262 1.3 28.01 5.4
19970413 0.6 0.235 2.4 28.001 5.7
19970414 1 0.236 1 28.002 7.7
19970415 0 0.225 1.8 27.999 5.9
19970416 0 0.198 2.5 27.989 6.2
19970417 0 0.195 3 27.98 6.6
19970418 0 0.189 1.4 27.977 6
19970419 0 0.194 2.2 27.972 5.8
19970420 0 0.172 2.6 27.957 3.5
19970421 0 0.159 2.9 27.954 4.4
19970422 0 0.159 1.5 27.944 5.1
19970423 0 0.148 2.9 27.933 5
19970424 0 0.145 2.6 27.927 9.6
19970425 1.2 0.142 1.2 27.917 9.5
19970426 1.1 0.149 1.9 27.917 10.6
19970427 0.5 0.156 1.4 27.917 11.7
19970428 9.9 0.169 0.7 27.918 11.2
19970429 7.8 0.458 0.4 27.973 9.6
19970430 0 0.442 1.7 28.025 10.1
19970501 0 0.377 3.1 28.03 11
19970502 0 0.334 4.1 28.021 14
19970503 0 0.293 3.7 28.007 14.5
19970504 3.5 0.268 1.8 27.992 14.9
19970505 6.1 0.361 1.3 27.997 13.2
19970506 13.3 0.809 0.6 28.048 7.1
19970507 0.6 1.101 3.1 28.1 5.9
19970508 0.8 0.755 2.5 28.078 7.5
19970509 5.9 0.67 1.5 28.074 8.7
19970510 1.1 0.681 2.7 28.081 11.6
19970511 1.6 0.578 2.1 28.063 13.8
19970512 0 0.455 3.2 28.048 12.5
19970513 0.7 0.347 3.6 28.038 13.9
19970514 4.4 0.353 0.4 28.036 10.9
19970515 0 0.394 3.2 28.053 13.1
19970516 0 0.37 4.1 28.045 18.9
19970517 0.2 0.307 4.4 28.028 20.8
19970518 2.7 0.26 2.6 28.014 17.3
19970519 3.2 0.268 4.3 28.012 17.8
19970520 9.2 0.317 1.2 28.014 13.8
19970521 1.9 0.721 1.5 28.066 12.6
19970522 1 0.705 1 28.065 10.3
19970523 0 0.525 3 28.054 9.7
19970524 0 0.374 3.2 28.039 9.1
19970525 0 0.281 3.9 28.026 11.3
19970526 0 0.234 2.5 28.015 11.6
19970527 0 0.208 1.2 27.999 10.3
19970528 0 0.173 2.9 27.983 11.4
19970529 0 0.159 3.4 27.973 10.8
19970530 0 0.143 4.5 27.96 13.4
19970531 0 0.126 4.1 27.949 12.9
19970601 0 0.116 4.2 27.936 13.9
19970602 0 0.104 4.8 27.919 15.5
19970603 0 0.097 4.9 27.904 15.6
19970604 0 0.092 4.9 27.892 17.4
19970605 0 0.083 4.8 27.883 19.7
19970606 0 0.066 4.6 27.867 21.4
19970607 4.2 0.065 4 27.855 21.5
19970608 39.1 0.593 1.4 27.9 16.6
19970609 0 1.139 3.8 28.104 16.5
19970610 0 0.624 4.8 28.075 18.9
19970611 13.8 0.516 2.2 28.053 19.3
19970612 0 0.886 4.1 28.104 18.4
19970613 3.3 0.565 3.2 28.071 18
19970614 5.4 0.64 2.8 28.078 16.4
19970615 0 0.491 2.4 28.064 13.4
19970616 0 0.316 4.5 28.038 13.7
19970617 0 0.225 4.2 28.019 12.7
19970618 0 0.172 3.5 28.004 12.3
19970619 0 0.145 4.1 27.996 15.6
19970620 2.7 0.133 3 27.984 14.9
19970621 18.5 0.203 2.6 27.997 14.6
19970622 1.3 0.39 2.8 28.079 13.9
19970623 8.1 0.414 1.3 28.091 12.9
19970624 0.5 0.483 1.8 28.103 12.1
19970625 0.3 0.361 3.4 28.081 13.1
19970626 6.6 0.344 1.7 28.077 14.1
19970627 11.5 0.602 3.1 28.116 14.8
19970628 2.3 1.106 3.3 28.17 15.6
19970629 18.2 1.278 1.8 28.161 16.6
19970630 29.4 5.61 0.8 28.478 14.7
19970701 4.9 5.941 2.5 28.627 14.9
19970702 2.1 4.196 2.9 28.446 16.1
19970703 0 2.546 4 28.278 16.1
19970704 0 1.514 3.7 28.188 15.9
19970705 20.9 2.139 2.3 28.244 14.4
19970706 0 3.757 3 28.471 14.6
19970707 0 1.909 3 28.247 17.2
19970708 0 1.234 1.9 28.171 16.5
19970709 0 0.933 2.1 28.135 15.8
19970710 0 0.76 3 28.11 17.4
19970711 0 0.616 5.2 28.088 20.2
19970712 0 0.436 3.5 28.068 20.5
19970713 3.2 0.358 3.8 28.055 20.4
19970714 2 0.354 3.1 28.056 18.5
19970715 6.8 0.464 2.2 28.069 16.8
19970716 0.9 0.638 1.9 28.098 17.6
19970717 5.5 0.499 1.4 28.08 16.6
19970718 11.9 1.063 2.5 28.116 16.7
19970719 0 3.48 4.3 28.19 17.6
19970720 3.7 1.367 3.1 28.122 17.4
19970721 9.3 1.327 1.3 28.117 17.5
19970722 0 2.197 2.7 28.194 18.9
19970723 0 1.178 4.1 28.14 18.3
19970724 0 0.746 2 28.097 17.8
19970725 3.3 0.674 1.7 28.085 16.7
19970726 0.4 0.585 3.2 28.075 18.5
19970727 0.8 0.441 2.1 28.062 17.1
19970728 6.8 0.339 3.1 28.047 16.2
19970729 0 0.366 4.4 28.082 17.6
19970730 0 0.3 2.9 28.064 19
19970731 1.1 0.24 2.1 28.045 15.8
19970801 0.9 0.218 2.7 28.034 16.8
19970802 2.9 0.224 2.7 28.033 18.4
19970803 0.4 0.214 3.1 28.031 18.2
19970804 0 0.174 3.6 28.02 18.5
19970805 0 0.151 4.1 28.008 18.1
19970806 0 0.137 4.4 27.998 20.7
19970807 0 0.11 4.5 27.985 21.3
19970808 0 0.09 4.4 27.974 21.2
19970809 0 0.082 4.3 27.962 21.5
19970810 0 0.077 4.4 27.953 22.8
19970811 0 0.072 4.6 27.94 23.1
19970812 0 0.068 4.4 27.922 22.6
19970813 0 0.068 4.1 27.91 23.3
19970814 0 0.066 3 27.898 19.7
19970815 0 0.06 2.3 27.887 19.1
19970816 0 0.052 2.8 27.876 19.1
19970817 0 0.058 3.2 27.867 20.5
19970818 0 0.055 4.1 27.856 20.6
19970819 0 0.05 3.4 27.845 18.6
19970820 0 0.049 2.7 27.835 19.5
19970821 0 0.048 3.2 27.825 20.6
19970822 5.5 0.054 1.2 27.817 19.8
19970823 1.6 0.057 1.7 27.816 21.7
19970824 0 0.052 3.5 27.814 24
19970825 9.2 0.058 3.4 27.81 23.9
19970826 0.4 0.065 1 27.812 18.9
19970827 6.2 0.06 2.2 27.824 19.8
19970828 10.2 0.092 0.5 27.84 16.6
19970829 0.1 0.084 1.8 27.885 15.6
19970830 0 0.07 1.7 27.91 16.1
19970831 0 0.066 2.7 27.917 18.6
19970901 7.2 0.063 3.2 27.916 19.4
19970902 12.4 0.16 1.6 27.951 15.2
19970903 0 0.125 3 28.007 15.9
19970904 0 0.097 2.1 28.009 18.3
19970905 0.1 0.088 1.2 27.999 16.8
19970906 0.5 0.083 2.3 27.988 14.6
19970907 5.5 0.084 1.5 27.981 14.3
19970908 0 0.086 1.7 27.986 15.9
19970909 0 0.077 2 27.982 14.4
19970910 0 0.068 2 27.97 12
19970911 0 0.067 2 27.968 13.4
19970912 1.3 0.066 1.9 27.959 16.4
19970913 0.5 0.061 2 27.941 12.1
19970914 0 0.058 2.2 27.923 11.5
19970915 0 0.054 2.3 27.911 12.7
19970916 0 0.053 2.6 27.902 14.4
19970917 0 0.052 1.6 27.888 14.8
19970918 0 0.052 2.1 27.875 14.7
19970919 0 0.05 2.2 27.861 12.1
19970920 0 0.048 2.2 27.849 9.1
19970921 0 0.048 2.4 27.841 10.1
19970922 0 0.048 2.4 27.833 11.7
19970923 0 0.048 2.2 27.825 12.3
19970924 0 0.048 0.7 27.817 12.1
19970925 0 0.048 2.3 27.811 13.3
19970926 0 0.048 2.3 27.805 13.1
19970927 0 0.047 1.6 27.801 11
19970928 0 0.047 1.6 27.795 8.9
19970929 0 0.045 1.1 27.786 11.1
19970930 9.3 0.044 0.9 27.782 14.9
19971001 7.6 0.065 0.4 27.794 15.7
19971002 0.9 0.058 1 27.813 12.2
19971003 0 0.049 1.1 27.823 11.2
19971004 0 0.048 0.8 27.831 13.9
19971005 0 0.048 0.4 27.836 13
19971006 0 0.048 1.7 27.844 14.8
19971007 8.3 0.05 0.9 27.846 16
19971008 5.4 0.05 0.4 27.857 14.8
19971009 6.3 0.07 0.8 27.892 17.2
19971010 21.9 0.144 1.3 27.981 13.8
19971011 7.7 0.481 0.6 28.14 11
19971012 0 0.6 1.2 28.156 8.9
19971013 9.2 0.475 0.7 28.126 7.8
19971014 1.2 0.733 1.2 28.168 8.6
19971015 0.6 0.669 0.4 28.133 7.2
19971016 0.6 0.549 0.7 28.104 7.5
19971017 0.1 0.449 0.7 28.088 11.5
19971018 0 0.382 1.5 28.075 12.7
19971019 0 0.327 1.4 28.067 12.3
19971020 0 0.285 0.7 28.057 8.6
19971021 0 0.232 1.1 28.047 4
19971022 0 0.199 1.2 28.041 2.6
19971023 0 0.182 0.4 28.032 6.2
19971024 0 0.163 0.9 28.022 5.9
19971025 1.3 0.145 0.4 28.019 6.6
19971026 0.2 0.146 0.6 28.021 7.2
19971027 0 0.144 1 28.016 2.2
19971028 0 0.128 1 28.007 0.3
19971029 0 0.119 0.9 28.003 -0.1
19971030 0 0.124 1.1 28.003 4.5
19971031 0 0.114 1 28.001 4.5
19971101 0 0.11 0.3 28 0.8
19971102 0 0.109 0.2 27.998 0.2
19971103 0 0.108 0.3 27.996 4.4
19971104 0 0.105 0.9 28 3.4
19971105 0.1 0.104 0.6 28 9.5
19971106 4.8 0.111 0.3 28.006 10.5
19971107 0.2 0.178 0.1 28.012 10.7
19971108 0.6 0.137 0.4 28.026 9.6
19971109 2.3 0.162 0.7 28.042 9.9
19971110 0.5 0.161 0.5 28.043 9
19971111 3.7 0.166 0.2 28.039 7.4
19971112 0 0.2 0.3 28.064 5.6
19971113 0 0.198 0.2 28.06 4.6
19971114 0 0.176 0.5 28.05 6.2
19971115 2.2 0.169 0.2 28.047 8.4
19971116 0 0.202 0.2 28.057 8.9
19971117 0 0.205 0.6 28.056 4.1
19971118 0 0.194 0.6 28.052 3.7
19971119 0 0.175 0.6 28.044 1
19971120 0.4 0.157 0.2 28.036 1.9
19971121 0.2 0.139 0.3 28.023 7.4
19971122 0 0.129 0.2 28.02 4.7
19971123 0 0.127 0.1 28.019 5.1
19971124 0 0.127 0.2 28.024 2.5
19971125 0 0.135 0.4 28.025 2.2
19971126 0 0.12 0.3 28.014 2.9
19971127 0 0.104 0.1 28.01 4.1
19971128 4.3 0.112 0.2 28.015 6.3
19971129 1.3 0.19 0.2 28.051 9.3
19971130 0.3 0.234 0.1 28.069 7.8
19971201 0 0.208 0.5 28.059 2.4
19971202 0 0.207 0.2 28.057 0.9
19971203 0 0.173 0.2 28.044 0.9
19971204 0 0.145 0.2 28.033 0.1
19971205 0 0.13 0.2 28.028 -0.3
19971206 7.7 0.166 0.1 28.037 2.4
19971207 0.2 0.403 0.2 28.102 2.9
19971208 0 0.451 0.1 28.096 5.3
19971209 5.4 0.39 0.3 28.079 8.7
19971210 13.8 1.575 0.1 28.203 10.8
19971211 2.2 2.139 0.1 28.242 10.9
19971212 6.3 1.94 0.1 28.211 7.8
19971213 0.3 1.914 0.3 28.199 6.2
19971214 0.5 1.404 0.3 28.15 4.5
19971215 0 1.032 0.1 28.119 0.8
19971216 0 1.127 0.2 28.1 -4.2
19971217 0 0.597 0.2 28.084 -4
19971218 0 0.516 0.1 28.073 2.6
19971219 0.5 0.524 0.2 28.075 5.9
19971220 0 0.505 0.2 28.079 2
19971221 13.7 1.091 0 28.128 2.2
19971222 0.1 2.136 0.1 28.219 2
19971223 0.3 1.496 0.1 28.167 3.2
19971224 5.7 1.597 0.1 28.172 9.7
19971225 1.6 2.078 0.2 28.212 10.3
19971226 1.7 1.642 0.2 28.176 8.1
19971227 1.6 1.296 0.1 28.146 5.7
19971228 3.1 1.409 0.2 28.149 4.8
19971229 0.9 1.594 0.3 28.167 4.7
19971230 0 1.308 0.3 28.145 5.1
19971231 2.9 1.15 0.1 28.133 8.2
19980101 0 1.192 0.3 28.141 6.2
19980102 8 1.49 0.2 28.168 7.5
19980103 10 2.851 0 28.258 7.1
19980104 1.3 3.075 0.2 28.286 6.5
19980105 10.2 2.703 0.1 28.255 5.8
19980106 1.1 3.624 0.2 28.308 5.7
19980107 6.4 3.335 0.3 28.293 8.7
19980108 1.3 2.743 0.2 28.259 9.2
19980109 0 1.99 0.2 28.211 10.1
19980110 0 1.561 0.5 28.176 7.1
19980111 0 1.265 0.5 28.148 6.1
19980112 0 1.051 0.4 28.128 7.6
19980113 0 0.961 0.4 28.118 7.5
19980114 0.5 0.843 0.2 28.104 8.4
19980115 1.3 0.708 0.1 28.098 6.5
19980116 0.8 0.786 0.2 28.104 7
19980117 0.2 0.687 0.4 28.097 4.8
19980118 2.8 0.76 0.1 28.113 5.1
19980119 5.2 1.083 0.1 28.145 4.9
19980120 1.9 1.3 0.1 28.177 2.8
19980121 0 1.157 0.1 28.149 0
19980122 0 0.878 0.3 28.122 -0.9
19980123 0 0.729 0.1 28.108 0.8
19980124 0.6 0.693 0.1 28.104 1.8
19980125 0 0.588 0.5 28.09 -0.1
19980126 0 0.484 0.7 28.08 -3
19980127 0 0.437 0.6 28.075 -3.9
19980128 0.3 0.438 0.1 28.073 0.7
19980129 0 0.441 0.2 28.076 0.2
19980130 2.3 0.518 0.1 28.098 2.4
19980131 0 0.627 0.7 28.106 -1.4
19980201 0 0.461 0.5 28.087 -5.8
19980202 2.1 0.367 0.3 28.073 -3.4
19980203 0 0.348 0.8 28.061 -0.2
19980204 0 0.322 0.8 28.061 0.6
19980205 0 0.322 0.3 28.058 2.4
19980206 0 0.368 0.2 28.067 4
19980207 3.4 0.503 0.2 28.099 1.9
19980208 0 0.631 0.5 28.124 3.1
19980209 0 0.667 0.9 28.122 5.5
19980210 0 0.604 0.7 28.099 5
19980211 0 0.517 0.5 28.09 6.8
19980212 0 0.481 0.6 28.088 10.1
19980213 0 0.429 0.8 28.092 9.8
19980214 0 0.402 1 28.085 8.8
19980215 0 0.388 0.8 28.081 10.2
19980216 3.1 0.399 0.4 28.082 9.8
19980217 0 0.383 0.4 28.075 5
19980218 0 0.364 1.1 28.081 4.9
19980219 0 0.373 0.5 28.075 6.7
19980220 0 0.342 1.1 28.076 10.1
19980221 1 0.36 0.7 28.072 10.3
19980222 0 0.316 0.5 28.062 6.8
19980223 0.1 0.255 0.9 28.057 5.6
19980224 0.1 0.254 0.4 28.056 9
19980225 0 0.247 0.6 28.056 8.2
19980226 0.7 0.268 0.1 28.06 8
19980227 0 0.318 0.3 28.072 8.1
19980228 5.7 0.405 1 28.08 4.4
19980301 1.7 0.408 0.5 28.092 2.3
19980302 2.2 0.588 1.2 28.112 7.5
19980303 13.1 1.092 0.1 28.158 10
19980304 10.4 3.16 0.2 28.312 10.5
19980305 7.7 4.026 0.5 28.348 4.9
19980306 25.7 6.708 0.2 28.426 6.5
19980307 12.5 11.381 0.5 28.635 9.6
19980308 5.5 7.316 0.4 28.616 3.8
19980309 0.5 3.642 1.2 28.397 1.2
19980310 0 2.568 1.4 28.293 3.9
19980311 0.6 1.991 0.5 28.246 4.3
19980312 1.3 1.644 1.1 28.211 3.1
19980313 1.5 1.385 0.4 28.187 3.2
19980314 0.9 1.472 0.6 28.182 7.1
19980315 2.1 1.493 0.4 28.181 8
19980316 0.1 1.416 0.6 28.171 8.9
19980317 0 1.178 0.9 28.152 9.2
19980318 0 0.995 0.7 28.134 8.3
19980319 0 0.842 1.3 28.117 5
19980320 0.1 0.784 0.6 28.109 5.9
19980321 0 0.702 1.9 28.098 5
19980322 1.6 0.653 0.4 28.094 5.1
19980323 0 0.661 0.9 28.093 3.2
19980324 0 0.532 1.8 28.08 2.4
19980325 0 0.491 1.9 28.076 4.9
19980326 1.3 0.481 1.4 28.075 6.6
19980327 0.4 0.478 0.4 28.072 9.2
19980328 0.3 0.463 1 28.074 11.1
19980329 0 0.47 2.1 28.073 14
19980330 0 0.409 2.5 28.062 15.1
19980331 0 0.364 1.3 28.056 12
19980401 2.7 0.368 0.8 28.055 9.1
19980402 7.9 0.561 0.7 28.078 10.8
19980403 5.4 1.156 0.7 28.143 11.2
19980404 1 1.41 1 28.171 10
19980405 3.3 1.299 1.2 28.164 9.3
19980406 1.1 1.072 1.8 28.143 9
19980407 20.1 1.079 1 28.146 7.7
19980408 5.7 5.816 1.3 28.41 7.5
19980409 0 3.084 1.7 28.293 8.1
19980410 4 2.049 0.9 28.235 7.6
19980411 2.2 2.249 1.5 28.24 7.1
19980412 0 2.045 1.9 28.216 4.8
19980413 2.3 1.393 1.2 28.181 2.8
19980414 1.4 1.274 1.4 28.174 3.5
19980415 4.7 1.197 0.9 28.171 6.3
19980416 4.1 2.195 1.7 28.244 5.1
19980417 0.6 1.679 1.7 28.203 8.2
19980418 3.2 1.142 0.5 28.158 8
19980419 0 1.031 2.4 28.164 8
19980420 9.3 0.996 0.7 28.162 8.4
19980421 1.8 1.916 2.2 28.258 9.6
19980422 0 1.335 3.1 28.191 12.7
19980423 5.8 0.945 3.4 28.143 14.5
19980424 2.3 1.198 0.9 28.171 12.1
19980425 4.5 1.147 0.8 28.162 13.2
19980426 5.1 2.006 1 28.238 9.9
19980427 4.5 1.979 0.8 28.235 9.8
19980428 0 2.081 1.5 28.242 10
19980429 0 1.412 2.4 28.182 10.6
19980430 0 1.028 1.9 28.143 12.2
19980501 0 0.836 0.9 28.12 11.4
19980502 0 0.734 2.6 28.107 12.5
19980503 0 0.611 1.2 28.091 9.3
19980504 0 0.531 2.1 28.081 7.9
19980505 1.7 0.488 1.3 28.076 8.9
19980506 4.5 0.522 0.9 28.081 11
19980507 0.1 0.56 1.7 28.091 13.3
19980508 0 0.487 4.1 28.078 16.2
19980509 0 0.423 4 28.073 19.2
19980510 0 0.375 4.5 28.066 20.4
19980511 0 0.354 4.3 28.059 21.6
19980512 0 0.316 4.6 28.045 22.6
19980513 0 0.274 4.5 28.033 20
19980514 0 0.242 4.8 28.022 17.8
19980515 0 0.219 4.7 28.009 17.1
19980516 0 0.203 4.5 27.996 14.9
19980517 0 0.194 4.6 27.984 15.6
19980518 0 0.184 3.1 27.975 16.8
19980519 0 0.181 4.5 27.965 15.4
19980520 0 0.175 3.1 27.956 12.7
19980521 0 0.173 1.7 27.946 10.8
19980522 0 0.158 2 27.932 8.7
19980523 0.1 0.144 1.6 27.923 9.7
19980524 3.1 0.151 1.2 27.918 11.6
19980525 21.8 0.22 1.9 27.934 12.7
19980526 3.5 0.515 1.9 28.075 12.5
19980527 1.5 0.51 2.3 28.068 13.3
19980528 0 0.461 3.8 28.055 16.8
19980529 13.1 0.739 1.3 28.086 16
19980530 0.1 0.747 1.6 28.091 14.4
19980531 0 0.565 3.7 28.071 16.5
19980601 1.1 0.412 3.8 28.051 15.9
19980602 21.2 1.296 2.4 28.074 16.1
19980603 2.6 2.1 3.6 28.165 16.1
19980604 0 1.152 3 28.113 14.4
19980605 3.5 0.806 2.3 28.09 14
19980606 14.7 1.038 2.5 28.107 17.4
19980607 17.2 5.524 1.3 28.331 16.2
19980608 0 3.647 2.9 28.272 15.3
19980609 9.8 2.01 1.1 28.192 16.3
19980610 10.3 4.497 2.7 28.338 15.1
19980611 18.7 5.125 2.1 28.369 13.6
19980612 5.7 6.456 1.4 28.516 10.3
19980613 0 3.444 4.2 28.334 12.1
19980614 9.7 2.369 1.7 28.259 13
19980615 5.7 3.36 2.2 28.303 14
19980616 5.6 3.23 1.8 28.291 13.4
19980617 0.2 2.428 3.1 28.247 13.7
19980618 12.6 2.359 1 28.269 13.3
19980619 0.3 3.274 1.8 28.309 16.8
19980620 0 2.009 4.6 28.22 20.6
19980621 8.1 1.382 4.9 28.177 23.8
19980622 0 1.479 3.6 28.192 17.2
19980623 2.4 1.127 1.9 28.152 14.8
19980624 0.2 0.985 1.7 28.14 17.4
19980625 6 1.126 3 28.139 18.2
19980626 0.4 1.111 2.7 28.138 16.2
19980627 4.6 0.825 3.4 28.113 17.7
19980628 0.7 0.796 3.1 28.109 15
19980629 2.1 0.658 1.4 28.103 14.6
19980630 2.6 0.733 1.2 28.119 14.1
19980701 0.1 0.661 2.8 28.109 14.8
19980702 0 0.496 2.3 28.092 14.2
19980703 0 0.423 1.9 NA 14.1
19980704 0 0.368 1.7 NA 15.5
19980705 2.1 0.365 1.4 NA 15.9
19980706 0.1 0.356 2.2 NA 15.3
19980707 7.2 0.304 2.8 NA 12.3
19980708 2.2 0.527 2.3 NA 12.7
19980709 2.7 0.521 0.9 NA 14.8
19980710 0 0.485 2.4 NA 16.8
19980711 0.7 0.443 3.5 NA 16.5
19980712 12.2 0.546 0.9 NA 16.2
19980713 0.5 1.242 3.2 NA 16.1
19980714 0.1 0.718 1.6 NA 13.7
19980715 2.4 0.501 1.6 NA 14.2
19980716 2.4 0.449 1.8 NA 14.9
19980717 0.4 0.549 2.6 NA 15.4
19980718 1.5 0.477 1.9 NA 14.6
19980719 0 0.374 3.8 NA 16.1
19980720 0 0.298 4.9 NA 23.2
19980721 0.5 0.239 3.2 NA 21.2
19980722 0 0.188 4.4 NA 17.7
19980723 5.6 0.174 1.9 28.023 18
19980724 0 0.175 3 28.027 17
19980725 0 0.143 3.5 28.022 15
19980726 0 0.129 4 28.017 16.9
19980727 0.7 0.118 4.2 28.009 18.8
19980728 10 0.145 1.7 28.007 16.1
19980729 2.9 0.175 1 28.042 15.5
19980730 16 0.36 2.7 28.076 15.8
19980731 1.6 0.661 2.2 28.167 15.9
19980801 0 0.459 3 28.123 16.1
19980802 0 0.329 2.6 28.089 16
19980803 0 0.238 3.9 28.068 17.9
19980804 0.4 0.182 3.2 28.049 16.8
19980805 0 0.147 2.1 28.033 15.8
19980806 0 0.127 4.1 28.023 17.6
19980807 0 0.112 3.1 28.009 18.1
19980808 0 0.102 4.4 27.999 20.8
19980809 0 0.092 4.2 27.984 18.7
19980810 0 0.085 4.5 27.976 21.5
19980811 0 0.082 4.2 27.962 23.2
19980812 0 0.078 3.5 27.953 20.9
19980813 0 0.074 2.7 27.939 15.3
19980814 0 0.072 1.9 27.926 16.7
19980815 0 0.07 3.7 27.913 18.9
19980816 0 0.065 3.4 27.899 15.2
19980817 0 0.066 3.5 27.893 17.9
19980818 1.7 0.067 1.2 27.88 16.2
19980819 0 0.063 3.5 27.871 13.9
19980820 0 0.059 3.1 27.868 16.5
19980821 8.4 0.071 1 27.865 14.8
19980822 0.7 0.065 2.2 27.86 14.1
19980823 7.6 0.06 2 27.855 14.1
19980824 11 0.12 1.6 27.898 14
19980825 0 0.091 1.6 27.936 13.3
19980826 18.7 0.198 0.5 27.969 11.7
19980827 2.8 0.353 2.4 28.07 11.2
19980828 0 0.244 1.5 28.072 11.9
19980829 0 0.196 1 28.06 12.1
19980830 0 0.174 1.6 28.051 13.2
19980831 0 0.152 2.9 28.04 14.1
19980901 2 0.128 1.5 28.029 14.8
19980902 5.6 0.154 0.9 28.029 16.1
19980903 18.6 0.506 0.6 28.093 17.5
19980904 0 1.171 1.2 28.172 16.2
19980905 2.5 0.879 1.2 28.138 16
19980906 0 0.718 1.3 28.113 15.8
19980907 6 0.544 1.5 28.095 16.3
19980908 2.8 0.823 1.8 28.135 17
19980909 12.9 1.033 0.9 28.148 16.8
19980910 0.1 2.098 2 28.224 17.5
19980911 0 1.18 2.3 28.149 14.6
19980912 12.9 1.14 0.3 28.158 10.3
19980913 5.5 2.478 1.7 28.236 9.7
19980914 36.4 3.329 0.5 28.299 10.4
19980915 8.4 13.462 1.1 28.751 13.3
19980916 8.6 5.916 1.6 28.587 12.9
19980917 31.2 16.168 0.8 28.738 12.7
19980918 0.3 6.741 1.8 28.653 13.3
19980919 9.6 5.222 0.5 28.498 14.3
19980920 0 4.443 2.2 28.391 15.4
19980921 0 2.802 2.3 28.278 13.9
19980922 0 2.066 2.3 28.232 12.8
19980923 0 1.605 2.2 28.197 12.7
19980924 0 1.318 2.2 28.171 13.5
19980925 0 1.114 2 28.151 15.1
19980926 4.7 0.979 1.7 28.136 16.4
19980927 4 1.565 1.5 28.204 15
19980928 0 1.338 1.3 28.164 14.8
19980929 0 1.004 1.3 28.133 14.2
19980930 0.8 0.882 0.6 28.12 13.6
19981001 6.2 1.089 0.3 28.147 10.9
19981002 0 1.422 0.5 28.166 6
19981003 0.2 0.976 0.2 28.127 5.3
19981004 0.6 0.842 0.2 28.116 6.4
19981005 2.8 0.831 0.3 28.122 7.5
19981006 2.8 0.913 0.7 28.125 7.5
19981007 2.7 0.959 0.4 28.136 7.9
19981008 10 2.729 0.5 28.283 8.3
19981009 0 2.482 1.4 28.244 9.6
19981010 7.5 2.805 0.5 28.281 10.7
19981011 5.8 3.222 0.3 28.297 10.5
19981012 12.8 5.101 0.7 28.397 9.2
19981013 2.6 4.254 1.1 28.38 10.2
19981014 5.1 3.565 0.2 28.353 13.1
19981015 0 3.424 1.1 28.324 10.6
19981016 0 2.217 1.2 28.247 11.8
19981017 2.2 1.816 0.3 28.224 13.4
19981018 2.4 1.702 1.1 28.217 6.8
19981019 1.9 1.409 1.1 28.193 5.5
19981020 2.4 1.518 1 28.209 6.8
19981021 5.2 1.6 0.2 28.215 10.8
19981022 0 2.591 0.3 28.244 14.2
19981023 7.7 2.442 0.2 28.251 14
19981024 14.5 3.316 0.5 28.3 11.1
19981025 8.3 7.933 0.5 28.511 10.1
19981026 9.8 4.789 0.4 28.444 6.6
19981027 10.8 5.483 0.1 28.477 10
19981028 14.9 12.744 0.5 28.675 11.9
19981029 3.7 5.387 0.7 28.583 8.6
19981030 7.5 5.445 0.4 28.486 5.9
19981031 7.6 4.212 0.3 28.389 6
19981101 16.2 14.151 0.7 28.683 6.5
19981102 2.9 4.989 0.6 28.55 6.5
19981103 2.8 4.92 0.4 28.466 7.9
19981104 0.4 3.093 0.4 28.326 6
19981105 7.7 2.536 0.5 28.278 6
19981106 0.6 3.652 0.7 28.323 7.1
19981107 0 2.307 0.5 28.249 4.4
19981108 7.8 2.465 0.3 28.262 6.5
19981109 10.2 7.22 0.2 28.459 11.8
19981110 5.8 5.032 0.3 28.442 8.8
19981111 0 3.745 0.7 28.373 4.9
19981112 0 2.577 0.5 28.294 3.7
19981113 2.5 2.056 0.2 28.257 6.1
19981114 1.6 2.532 0.2 28.29 5.2
19981115 0.3 1.832 0.2 28.234 4.4
19981116 0 1.539 0.5 28.207 3.1
19981117 0 1.284 0.3 28.188 1.6
19981118 0.2 1.187 0.3 28.18 0.8
19981119 0 1.11 0.5 28.169 -0.1
19981120 0 0.904 0.4 28.148 -3.8
19981121 0 0.824 0.6 28.139 -3.6
19981122 0 0.761 0.6 28.131 -5.1
19981123 0 0.645 0.4 28.117 -4.8
19981124 0 0.582 0.4 28.107 -3.6
19981125 0.5 0.576 0.2 28.104 -0.8
19981126 3.6 0.655 0.1 28.115 1.3
19981127 0.6 1.112 0.2 28.178 4.5
19981128 0.8 1.308 0.4 28.202 3.9
19981129 6.4 2.567 0.1 28.284 1.9
19981130 0 1.967 0 28.244 0.7
19981201 0 1.425 0.3 28.196 -1.2
19981202 0 1.073 0.1 28.166 -2.3
19981203 0 0.918 0.1 28.151 -2.1
19981204 2.3 0.905 0.1 28.149 -0.9
19981205 1.9 0.832 0.3 28.139 -0.4
19981206 0.1 0.734 0.3 28.129 -0.4
19981207 0 0.626 0.4 28.117 -4.1
19981208 0 0.534 0.1 28.106 -4.7
19981209 4.2 0.842 0.1 28.141 1.3
19981210 0.1 1.994 0.1 28.284 1.8
19981211 0.9 1.9 0.1 28.258 3.1
19981212 5.9 2.021 0.1 28.247 7.9
19981213 5.4 4.746 0.1 28.372 8.5
19981214 1.6 2.915 0.1 28.31 10
19981215 9.9 2.452 0 28.282 10
19981216 0.7 5.238 0.3 28.414 6.1
19981217 0 2.807 0.3 28.315 5.7
19981218 1.5 2.096 0 28.269 5
19981219 5.2 2.625 0.2 28.309 5.9
19981220 0.6 2.535 0.4 28.295 2.5
19981221 0 1.701 0.4 28.235 0.9
19981222 1.4 1.614 0.1 28.226 2.2
19981223 0.1 1.563 0.3 28.221 4.1
19981224 1.4 1.411 0.1 28.209 1.9
19981225 1.9 1.428 0.1 28.211 6.3
19981226 6.4 2.33 0.3 28.292 8
19981227 2.9 2.532 0.1 28.301 9.4
19981228 5.2 3.009 0 28.321 7.5
19981229 0 2.585 0.4 28.293 4.3
19981230 0 1.751 0.4 28.237 5.7
19981231 0 1.38 0.3 28.207 5.8
19990101 0 1.144 0.2 28.185 5.4
19990102 2.3 1.126 0.1 28.183 6.4
19990103 10.7 2.534 0.1 28.277 5.4
19990104 10.8 5.192 0.1 28.412 9.5
19990105 0.5 4.858 0.4 28.42 11.5
19990106 0 2.761 0.5 28.313 10.2
19990107 2.7 2.211 0.2 28.278 6.6
19990108 6.6 3.701 0.2 28.355 5.4
19990109 1.6 2.622 0.3 28.288 1.8
19990110 0 1.848 0.5 28.244 -2.3
19990111 0 1.337 0.2 28.214 -1.9
19990112 6.9 1.077 0.3 28.195 -1
19990113 4 1.426 0.3 28.225 1.9
19990114 1.9 3.241 0.3 28.355 4.6
19990115 2.3 3.309 0.2 28.329 7.5
19990116 10 3.792 0 28.355 7.5
19990117 1.8 5.197 0.2 28.41 5.3
19990118 0 2.669 0.5 28.3 4.1
19990119 0 1.962 0.4 28.257 7.4
19990120 0 1.517 0.3 28.225 9.3
19990121 0.3 1.272 0.1 28.205 7.1
19990122 0 1.13 0.3 28.191 2.6
19990123 0 1.051 0.1 28.184 3.7
19990124 0.8 1.025 0.1 28.179 5.7
19990125 1 1.13 0.1 28.189 10
19990126 3.5 1.076 0.4 28.183 5.2
19990127 3.8 1.776 0.4 28.25 4.4
19990128 7.1 2.693 0.1 28.325 3.7
19990129 0 2.255 0.5 28.294 -1.6
19990130 0 1.264 0.7 28.215 -1.6
19990131 0.1 1.002 0.4 28.184 -0.2
19990201 0.4 1.148 0.2 28.194 4.8
19990202 0 1.223 0.2 28.192 5.2
19990203 0.1 1.139 0.2 28.183 6
19990204 0.1 1.148 0.1 28.184 8.5
19990205 4.7 1.21 0.6 28.196 5
19990206 1.9 1.273 0.6 28.216 2.5
19990207 5.3 1.785 0.5 28.269 0.8
19990208 1.7 1.749 0.6 28.259 -0.5
19990209 0 1.517 0.3 28.239 -1.5
19990210 0.3 1.244 0.4 28.219 0.1
19990211 0 1.074 0.3 28.198 0
19990212 0 0.91 0.4 28.176 -1.6
19990213 0 0.717 0.8 28.149 -3.4
19990214 0.6 0.652 0.4 28.139 -3.6
19990215 1.4 0.693 0.2 28.141 0.1
19990216 3.9 1.348 0.7 28.22 4
19990217 3.2 1.807 0.8 28.262 0.7
19990218 0 1.475 0.7 28.236 2.1
19990219 5.7 1.911 0.1 28.262 7.9
19990220 0 2.31 0.9 28.295 5.6
19990221 11.1 2.223 0.1 28.28 4.5
19990222 3.7 4.562 0.5 28.407 2.2
19990223 1.3 3.384 0.9 28.361 3.3
19990224 0 2.133 1 28.28 1.7
19990225 0.3 1.472 0.9 28.231 2.4
19990226 0.3 1.39 0.2 28.219 6
19990227 0.4 1.222 0.4 28.202 5.8
19990228 0.1 1.041 1.1 28.185 6.8
19990301 17.8 4.146 0.1 28.318 8
19990302 9.4 7.058 0.2 28.516 9.1
19990303 3.3 6.323 0.8 28.544 8.6
19990304 1.2 3.485 0.6 28.396 6.7
19990305 0 2.402 0.7 28.313 5.2
19990306 0 1.781 0.3 28.263 4.4
19990307 0 1.417 0.5 28.231 3.1
19990308 6.1 1.785 0.3 28.257 3.5
19990309 3.3 2.629 0.2 28.317 4.3
19990310 3.3 2.588 0.3 28.31 3.6
19990311 0 2.437 1.3 28.295 2.2
19990312 0 1.678 1.7 28.242 7
19990313 0 1.342 1.4 28.21 10.3
19990314 0 1.123 1.4 28.187 8.6
19990315 0 0.951 1.3 28.169 4.5
19990316 0 0.843 1.7 28.154 4.7
19990317 0.6 0.794 1.4 28.146 6.1
19990318 5.8 0.818 1.2 28.145 5.9
19990319 0.3 1.182 0.6 28.192 5.6
19990320 0.8 0.992 0.6 28.174 5.3
19990321 6.4 1.201 0.3 28.193 5.6
19990322 4.2 2.389 0.4 28.29 5
19990323 6.3 3.108 0.8 28.343 6.9
19990324 0.7 2.588 0.6 28.313 7.7
19990325 0.1 1.823 2.2 28.255 10.2
19990326 5 1.49 0.8 28.224 10.4
19990327 0 1.783 1.7 28.245 7.5
19990328 0 1.184 1.8 28.195 4.8
19990329 0 0.928 2.4 28.165 7.1
19990330 0 0.81 2.2 28.142 11.1
19990331 0 0.736 2.1 28.126 12.7
19990401 0 0.674 2.6 28.115 12.3
19990402 0 0.593 2.7 28.101 13
19990403 11.8 0.622 1.4 28.099 10.9
19990404 2.9 1.856 0.4 28.221 10.4
19990405 0.3 1.548 0.8 28.215 10.9
19990406 0.6 1.321 1.4 28.193 12.9
19990407 4 1.151 1.3 28.176 9.8
19990408 0.1 1.08 1.1 28.181 8.5
19990409 0 0.893 1.5 28.157 9.8
19990410 1.1 0.813 1.2 28.151 11.3
19990411 0.3 0.743 1.8 28.138 8.8
19990412 10.1 1.253 1.2 28.19 7.6
19990413 5.1 1.626 1.9 28.244 6.1
19990414 1.6 1.772 1.3 28.259 3.8
19990415 0.9 1.3 2 28.213 3.7
19990416 0.1 0.999 2.1 28.179 4.9
19990417 1.1 0.837 1.8 28.15 4.5
19990418 0 0.728 2.4 28.129 5
19990419 0 0.601 2.5 28.107 4.8
19990420 0 0.571 3 28.098 8.4
19990421 4.8 0.667 2.2 28.105 12.2
19990422 5.2 0.648 1.5 28.107 10.6
19990423 0 0.774 2.7 28.137 11.6
19990424 0 0.646 2.2 28.112 12.2
19990425 0 0.537 2.2 28.09 12.4
19990426 0 0.493 3.4 28.079 14.1
19990427 1.5 0.447 2.2 28.064 11.9
19990428 0 0.431 3.1 28.059 12.2
19990429 0 0.414 3.2 28.053 10.5
19990430 0 0.385 3.8 28.042 11.1
19990501 0 0.363 3 28.031 10.3
19990502 0 0.333 3.7 28.022 10.7
19990503 0 0.319 3.7 28.014 11.5
19990504 0 0.272 3.4 28.01 12.6
19990505 6.7 0.237 2 28.003 12.9
19990506 15.4 0.577 0.5 28.028 10.1
19990507 1.9 1.025 2.5 28.097 14.4
19990508 0.3 0.873 2.8 28.1 14.9
19990509 0 0.618 3.7 28.082 15.1
19990510 12.7 0.598 1.5 28.076 14.1
19990511 14 1.506 1.9 28.17 13.2
19990512 0 2.541 2.7 28.287 13.3
19990513 2.9 1.411 1.9 28.213 12.1
19990514 1.4 1.239 2.5 28.192 11.5
19990515 0 1.003 2.7 28.165 9.4
19990516 0 0.744 2.1 28.132 9
19990517 0 0.593 3.9 28.122 12.4
19990518 0 0.474 4.7 NA 15.3
19990519 0.1 0.398 3.5 NA 16.2
19990520 9.5 0.522 2.6 NA 15.3
19990521 0 0.495 3.1 NA 14.4
19990522 0.9 0.406 3 NA 12.3
19990523 0 0.328 2.3 NA 13.2
19990524 0 0.292 1.5 NA 13.9
19990525 0 0.27 3.4 NA 13.2
19990526 0 0.235 4.4 NA 14.1
19990527 0 0.214 4.9 NA 18.6
19990528 0 0.2 3 NA 19
19990529 4.4 0.189 4.7 NA 20.1
19990530 1.1 0.213 1.7 NA 16
19990531 12.9 0.404 3.4 NA 13.3
19990601 0 0.42 4.3 NA 15.7
19990602 2.4 0.362 2.9 NA 18.7
19990603 3.3 0.298 3.5 NA 16.3
19990604 2.6 0.266 1.8 NA 14.1
19990605 20.6 1.332 1.9 NA 12.5
19990606 0.5 1.594 3.4 NA 13.5
19990607 5.9 0.909 2.7 NA 13.7
19990608 0 0.9 3.3 NA 12.8
19990609 0 0.645 2.7 NA 12.8
19990610 0 0.472 3.5 28.091 13.8
19990611 4.1 0.378 1.7 28.078 12.4
19990612 0 0.336 3.8 28.076 13.6
19990613 1.6 0.284 3.4 28.071 16.4
19990614 0 0.258 4.9 28.059 18.6
19990615 0 0.204 4.9 28.044 18.2
19990616 0 0.189 4.7 28.029 18.6
19990617 0 0.171 3.7 28.015 17.6
19990618 0 0.121 3.5 27.994 13.4
19990619 0 0.129 5.1 27.982 14.8
19990620 5.4 0.143 1 27.977 13.9
19990621 9.6 0.191 2.9 27.975 11.7
19990622 8.2 0.187 2.7 27.987 11.5
19990623 0 0.215 2.9 28.041 13.4
19990624 0 0.173 3.4 28.047 14.1
19990625 0 0.143 4.8 28.039 13.4
19990626 0 0.125 5.1 28.026 16.2
19990627 9.2 0.151 3.1 28.013 18.6
19990628 0.9 0.129 3.4 28.002 15.1
19990629 0.5 0.117 1.8 27.994 17.2
19990630 2.3 0.116 2.2 27.987 17.1
19990701 1.7 0.112 2.1 27.984 14.9
19990702 0 0.107 3.1 27.983 17.9
19990703 0 0.096 4.4 27.98 21.1
19990704 1.2 0.088 3 27.967 20.1
19990705 26.1 0.781 1.7 28.142 18
19990706 2.3 0.472 3.3 28.14 17.7
19990707 14.1 0.462 3.2 28.116 16.8
19990708 0 0.897 3.1 28.211 17.8
19990709 0 0.485 5 28.145 19
19990710 0 0.293 4.8 28.103 20.5
19990711 0 0.193 5.3 28.074 22.7
19990712 20.3 0.359 4.5 28.078 21.7
19990713 0 0.714 3.4 28.182 20
19990714 0.2 0.362 3.5 28.119 17
19990715 4 0.241 2.8 28.082 15.5
19990716 0 0.22 3.2 28.069 16.2
19990717 0 0.166 4.5 28.058 18.3
19990718 0 0.137 5 28.044 22.2
19990719 5.2 0.132 4 28.028 21.8
19990720 0.4 0.125 3.5 28.017 20.5
19990721 0.2 0.103 2.5 28.005 16.7
19990722 9.7 0.108 1.7 27.99 14.7
19990723 0.1 0.128 2 27.997 14.5
19990724 0 0.105 3.5 28 18.5
19990725 0 0.092 4.2 27.994 20.2
19990726 0 0.082 3.7 27.982 16.3
19990727 0 0.074 4.6 27.972 15.6
19990728 0 0.069 4.8 27.959 18.1
19990729 0 0.066 4.9 27.946 20.5
19990730 0 0.064 4.7 27.935 21.3
19990731 0 0.061 4.7 27.919 21.6
19990801 0 0.059 3.9 27.904 21.5
19990802 0 0.056 4.9 27.892 22.7
19990803 0 0.056 3.8 27.879 21.9
19990804 0 0.056 3.4 27.866 21.7
19990805 3.3 0.062 2.3 27.854 19.9
19990806 0 0.055 4.3 27.844 19.9
19990807 16.1 0.09 0.5 27.848 17.5
19990808 0 0.072 1.8 27.882 18.3
19990809 2.5 0.065 2.3 27.885 17.3
19990810 33.7 0.386 1.6 27.957 17
19990811 0 0.304 2.3 28.132 15
19990812 0 0.16 2.2 28.102 13.9
19990813 0 0.128 3.3 28.076 14.7
19990814 14.9 0.172 1.3 28.083 15.6
19990815 1.4 0.308 2.9 28.145 15.2
19990816 4.3 0.245 2.2 28.122 15
19990817 0.7 0.239 1.8 28.121 14.3
19990818 16 0.303 2.1 28.134 15.1
19990819 1.4 0.748 2.2 28.224 15.6
19990820 4.1 0.576 1.2 28.182 14.5
19990821 0 0.573 2.1 28.174 12.8
19990822 0 0.396 1.9 28.134 12.7
19990823 0 0.293 3 28.111 14.6
19990824 0 0.216 3.1 28.091 17
19990825 0 0.173 3 28.077 21.4
19990826 0.4 0.145 2.4 28.064 20.9
19990827 0 0.125 1.8 28.048 16.9
19990828 0 0.111 2.7 28.035 16.1
19990829 0 0.102 2.8 28.025 15.9
19990830 0.1 0.094 2.3 28.016 16.6
19990831 1 0.09 1.5 28.004 15
19990901 0.4 0.088 0.7 27.995 16.1
19990902 0 0.087 3.2 27.992 17.6
19990903 0 0.081 3.4 27.987 17.6
19990904 0 0.077 2.9 27.977 18.8
19990905 0 0.075 3.2 27.969 18.3
19990906 0 0.072 2.8 27.96 18.6
19990907 0 0.069 2.5 27.948 17.8
19990908 0 0.06 2.5 27.934 18.8
19990909 0 0.053 2.8 27.923 20
19990910 0 0.051 2.3 27.913 19.6
19990911 0 0.051 3.2 27.908 21.2
19990912 0 0.05 3 27.9 21.4
19990913 0 0.05 2.6 27.89 21
19990914 0 0.056 1.1 27.878 18
19990915 2.4 0.054 2 27.87 18.4
19990916 1.3 0.058 2.5 27.863 15.1
19990917 6.4 0.062 0.7 27.858 14
19990918 0 0.065 1.7 27.857 14.1
19990919 0 0.062 1.7 27.862 17.5
19990920 0.1 0.062 1.1 27.859 17.7
19990921 0 0.06 2 27.849 16.3
19990922 0.1 0.06 1.3 27.841 17.3
19990923 0.2 0.064 1.8 27.834 18.4
19990924 0 0.064 2.3 27.827 18
19990925 0 0.066 1.9 27.824 16.5
19990926 1.4 0.066 1.4 27.82 15.2
19990927 1.7 0.066 0.9 27.815 14.6
19990928 0.7 0.06 1.3 27.809 15.1
19990929 6.6 0.057 1.1 27.809 16
19990930 5.4 0.055 0.7 27.811 14.5
19991001 4.2 0.056 1 27.814 13.7
19991002 4.5 0.056 0.8 27.84 12.9
19991003 0.3 0.058 1.2 27.856 10.9
19991004 4.6 0.06 0.7 27.864 9.9
19991005 0 0.061 1.4 27.873 9
19991006 0 0.054 1.3 27.887 9.4
19991007 0.6 0.051 0.6 27.895 10.5
19991008 1.8 0.053 0.3 27.903 12
19991009 1.3 0.057 0.4 27.908 14.1
19991010 1.2 0.056 0.4 27.917 14.6
19991011 1.2 0.058 0.7 27.929 12.2
19991012 0 0.055 1.3 27.938 8.7
19991013 0 0.05 1.3 27.942 7.2
19991014 0 0.05 0.6 27.942 10.3
19991015 0 0.05 0.8 27.941 10.3
19991016 0 0.049 1.5 27.938 7
19991017 0 0.047 1.4 27.931 5.5
19991018 0 0.045 1.3 27.923 5.2
19991019 0 0.045 1.2 27.917 5.1
19991020 0 0.044 1.2 27.911 5.1
19991021 1.2 0.044 0.5 27.906 5
19991022 1.1 0.046 0.6 27.898 11
19991023 3.1 0.049 1.3 27.896 13.8
19991024 0.8 0.049 0.4 27.901 11.8
19991025 0.6 0.047 1 27.898 12.8
19991026 2.4 0.047 0.4 27.89 12.6
19991027 0 0.044 0.5 27.89 11.3
19991028 0 0.045 0.5 27.898 9
19991029 0 0.045 0.5 27.9 9.7
19991030 6.4 0.047 0.8 27.916 13.8
19991031 0.8 0.062 0.8 27.923 11.4
19991101 2.1 0.053 0.7 27.952 12.7
19991102 1.3 0.085 0.3 27.959 11.2
19991103 0 0.074 1 27.965 7.9
19991104 0 0.07 0.9 27.975 6.2
19991105 0.1 0.073 0.7 27.986 8.1
19991106 5.4 0.071 0.2 27.981 8.3
19991107 8.5 0.121 0.6 27.996 9.5
19991108 1.9 0.111 0.3 28.05 7.8
19991109 0.8 0.12 0.2 28.07 8.7
19991110 1.4 0.135 0.5 28.083 7.8
19991111 0 0.126 0.5 28.081 6
19991112 0 0.12 0.7 28.072 2.5
19991113 0.3 0.113 0.3 28.066 1.4
19991114 1.1 0.121 0.3 28.064 6.8
19991115 0 0.112 0.7 28.063 -1
19991116 0.6 0.109 0.5 28.064 -0.7
19991117 1.9 0.121 0.3 28.065 3.1
19991118 5.8 0.164 0.2 28.086 1.4
19991119 1.6 0.208 0.3 28.113 2.1
19991120 0.4 0.24 0.2 28.12 0.8
19991121 0.9 0.239 0.3 28.112 0.2
19991122 9.3 0.35 0.1 28.134 3.4
19991123 0.2 0.634 0.2 28.195 6.3
19991124 0 0.585 0.1 28.164 7.2
19991125 2.4 0.516 0.1 28.138 7.8
19991126 0 0.559 0.5 28.143 8.5
19991127 2.2 0.499 0.1 28.125 6.5
19991128 0 0.501 0.3 28.128 8.7
19991129 0 0.431 0.2 28.11 8
19991130 0.2 0.37 0.3 28.102 8.1
19991201 2.5 0.37 0.3 28.101 9.3
19991202 0.6 0.34 0.4 28.099 6.1
19991203 7.5 0.397 0 28.116 7.3
19991204 1.2 0.559 0.4 28.17 3.3
19991205 0 0.504 0.4 28.145 2
19991206 3.4 0.526 0 28.145 5.9
19991207 5.7 0.921 0.1 28.21 8.2
19991208 1 1.079 0.2 28.225 7.2
19991209 5.7 1.462 0.3 28.253 7.7
19991210 5.3 1.617 0.1 28.253 6
19991211 12.1 2.119 0.1 28.29 7.5
19991212 13 4.366 0.1 28.409 7.6
19991213 7.3 4.114 0.1 28.406 4.6
19991214 0.1 3.83 0.3 28.388 2.6
19991215 3.4 2.55 0.3 28.311 0.3
19991216 0.7 1.919 0.2 28.268 0.3
19991217 5.8 2.089 0 28.284 4.6
19991218 0 2.522 0.2 28.317 2.2
19991219 1.6 1.683 0.4 28.254 -0.1
19991220 0 1.339 0.4 28.229 0.1
19991221 0 1.213 0.1 28.221 0.6
19991222 0.1 1.052 0.3 28.205 0.4
19991223 2.2 1.099 0.1 28.212 3.9
19991224 10.8 1.281 0.1 28.235 6.4
19991225 3.1 3.727 0.3 28.402 6.7
19991226 13.8 4.767 0.1 28.416 4.9
19991227 3.5 4.659 0.2 28.443 3
19991228 1.5 2.781 0.1 28.333 0.6
19991229 1.9 2.274 0.2 28.299 1.5
19991230 1.8 2.149 0.1 28.29 2.5
19991231 0.9 2.128 0.1 28.287 3.5
20000101 1.4 1.962 0.1 28.275 4.6
20000102 0 1.68 0.2 28.254 6
20000103 1.9 1.503 0.1 28.244 7.4
20000104 13.5 3.245 0.1 28.36 6.6
20000105 0 3.886 0.4 28.399 4.2
20000106 2.5 2.408 0.3 28.31 7.1
20000107 0 2.193 0.2 28.294 6.4
20000108 0.4 1.699 0.1 28.256 5.7
20000109 0 1.338 0.3 28.229 0.4
20000110 0 1.08 0.1 28.211 -1.5
20000111 0 1.014 0.3 28.205 0.4
20000112 0 0.935 0.4 28.197 0.9
20000113 0 0.89 0.1 28.193 1.4
20000114 0 0.766 0.1 28.177 2.2
20000115 0 0.654 0.4 28.164 2.7
20000116 0.4 0.652 0.2 28.163 4.6
20000117 0.2 0.718 0.1 28.171 6.6
20000118 1 0.757 0.2 28.175 6.1
20000119 0 0.657 0.2 28.153 3.4
20000120 2 0.654 0.1 28.155 4.1
20000121 1.2 0.797 0.3 28.177 4.7
20000122 2.9 1.042 0.2 28.206 4.1
20000123 0.7 0.99 0.2 28.204 -0.7
20000124 0 0.724 0.5 28.161 -3.8
20000125 0 0.584 0.5 28.138 -0.5
20000126 0.1 0.558 0.2 28.134 1.4
20000127 0 0.607 0.1 28.148 1.4
20000128 0.1 0.631 0.1 28.148 1.7
20000129 17.8 1.745 0.1 28.256 8.1
20000130 2.4 3.393 0.3 28.379 8.2
20000131 1 2.442 0.2 28.316 9.5
20000201 0.8 1.873 0.4 28.271 8.6
20000202 6.5 2.494 0.5 28.318 6.6
20000203 0 1.886 0.6 28.27 6
20000204 5.7 1.473 0.1 28.236 6.9
20000205 0 2.176 0.8 28.303 8.1
20000206 0.3 1.585 0.3 28.249 7.6
20000207 3.9 1.459 0.6 28.24 7.7
20000208 6.1 1.75 0.2 28.286 8.5
20000209 1.1 NA 0.3 28.307 5.5
20000210 7.8 NA 0.5 28.276 5.9
20000211 0 NA 0.9 28.33 3.5
20000212 5.2 NA 0.5 28.28 4
20000213 0.2 NA 0.7 28.308 4.4
20000214 2.8 NA 0.7 28.248 3.2
20000215 0.1 NA 0.6 28.269 6.6
20000216 9.6 NA 0.6 28.311 2.7
20000217 5.4 NA 0.4 28.359 1.8
20000218 6.1 NA 0.2 28.425 3.4
20000219 4.9 NA 0.2 28.425 4.1
20000220 0 NA 0.9 28.356 1.9
20000221 0.1 NA 0.7 28.284 1.1
20000222 0.1 NA 0.7 28.255 3.2
20000223 0 NA 1 28.231 4.5
20000224 8 NA 0.5 28.245 7.1
20000225 16.2 NA 0.9 28.504 4
20000226 0 NA 1.1 28.41 3.1
20000227 0 NA 1.2 28.317 6.6
20000228 4 NA 0.2 28.289 8.9
20000229 6.8 NA 0.8 28.295 6.4
20000301 2.7 NA 0.9 28.37 5.1
20000302 4.7 NA 0.6 28.318 3.9
20000303 13.6 NA 0.6 28.499 6.3
20000304 4.2 NA 0.9 28.451 0.7
20000305 1.5 NA 0.8 28.387 1.8
20000306 0 NA 0.7 28.335 5.7
20000307 2.8 NA 0.6 28.29 8.9
20000308 10.3 NA 0.1 28.398 10.6
20000309 5.4 NA 0.4 28.45 10.2
20000310 2.8 NA 1.1 28.343 6
20000311 1.5 NA 0.7 28.336 8.3
20000312 0 NA 1 28.273 7.6
20000313 0.5 NA 1 28.247 8
20000314 5.6 NA 0.3 28.268 7.5
20000315 2.1 NA 1.2 28.278 4.7
20000316 0 NA 0.3 28.262 7.7
20000317 0.1 NA 0.4 28.234 8
20000318 1.8 NA 0.5 28.226 5.7
20000319 0 NA 1.3 28.214 4.7
20000320 0 0.157 1.1 28.201 4.7
20000321 0 0.153 0.7 28.182 6.1
20000322 0 0.145 2 28.13 6.7
20000323 0 0.128 1.8 28.103 7
20000324 6.7 0.132 0.4 28.091 8.9
20000325 3.1 0.261 1.1 28.114 8.7
20000326 1.7 0.291 1.5 28.123 6.5
20000327 2.2 0.248 0.8 28.112 5.7
20000328 0.7 0.195 0.2 28.095 3.4
20000329 0 0.169 0.5 28.086 5.6
20000330 0 0.149 0.3 28.079 6.3
20000331 0 0.135 0.7 28.073 5.7
20000401 0.4 0.122 1.2 28.067 5.9
20000402 0 0.112 1.7 28.063 8.4
20000403 0.1 0.11 2.1 28.064 11.4
20000404 10.1 0.105 1.7 28.057 11
20000405 0.1 0.21 1 28.092 3.7
20000406 0 0.13 2.1 28.07 4.2
20000407 0 0.107 2.4 28.061 5.1
20000408 0 0.1 1.9 28.059 6.2
20000409 0 0.094 2.6 28.055 8
20000410 0 0.082 2.7 28.049 4.6
20000411 0 0.087 2.3 28.052 6.2
20000412 1.8 0.083 1.5 28.043 6.2
20000413 9.1 0.092 0.8 28.041 5.4
20000414 0.7 0.116 1.6 28.055 6.5
20000415 2.4 0.124 1.2 28.063 9
20000416 0 0.109 2.4 28.058 9
20000417 1.7 0.096 1.8 28.051 10.6
20000418 0 0.077 2.2 28.041 10.5
20000419 0 0.071 2.6 28.037 12.3
20000420 0 0.065 3.3 28.032 13.3
20000421 0 0.062 2.8 28.027 13.8
20000422 0.1 0.059 1.6 28.027 14.7
20000423 8.8 0.075 1 28.026 13.2
20000424 0.1 0.079 1.8 28.031 10.6
20000425 0 0.067 3.4 28.032 12.9
20000426 0 0.061 3.6 28.027 15.5
20000427 0 0.053 2.8 28.019 16.9
20000428 0 0.053 3.1 28.016 17.3
20000429 16.5 0.1 0.4 28.032 12.5
20000430 0 0.137 0.9 28.068 13.1
20000501 0.2 0.115 1.1 28.058 12.9
20000502 4.2 0.098 0.7 28.05 10.9
20000503 2.2 0.313 0.9 28.058 12.2
20000504 0 0.215 3.2 28.064 14.6
20000505 0 0.146 4.4 28.052 17.7
20000506 0 0.101 4.3 28.037 19.1
20000507 0 0.077 3.7 28.021 18.8
20000508 0 0.063 4.1 28.01 19.1
20000509 0 0.058 3.9 28.009 19
20000510 0 0.051 4.2 28.006 20.5
20000511 0 0.045 4.6 28 18.7
20000512 0 0.039 4.5 27.991 17.6
20000513 0 0.034 4.8 27.981 17.6
20000514 0 0.032 4.7 27.973 18.7
20000515 0 0.03 4.7 27.968 20.3
20000516 8.2 0.03 4.5 27.962 21.2
20000517 5.4 0.047 2.4 27.968 14.5
20000518 2.8 0.043 2.3 27.976 11.7
20000519 5.2 0.042 1.6 27.976 10
20000520 0.7 0.045 2.3 27.979 10.2
20000521 3.3 0.046 1.2 27.993 9.8
20000522 8.4 0.062 1.8 28.02 11.8
20000523 0.9 0.065 2.4 28.041 14.3
20000524 11.5 0.075 1.9 28.043 14.5
20000525 4.7 0.165 2 28.082 13.4
20000526 0.2 0.148 3.4 28.081 14.1
20000527 3.2 0.107 2.7 28.06 12.6
20000528 5.7 0.102 1.3 28.058 10.5
20000529 9.3 0.142 2.1 28.074 9.4
20000530 1.6 0.216 2.8 28.101 10.6
20000531 0 0.168 4.1 28.079 12.9
20000601 0 0.113 2.2 28.062 16.1
20000602 0 0.083 4.2 28.048 17
20000603 16 0.068 4.2 28.037 18
20000604 0.2 0.255 3.2 28.086 17.8
20000605 7.6 0.175 0.7 28.078 13.3
20000606 5.5 0.33 1.8 28.096 12.7
20000607 1.8 0.37 2.6 28.119 12.5
20000608 0 0.212 4.8 28.1 14.8
20000609 7.3 0.133 5.2 28.073 21.9
20000610 0 0.128 2.4 28.064 18.2
20000611 0 0.117 4.2 28.057 16.2
20000612 0 NA 4.4 28.04 16.2
20000613 0 NA 4.6 28.03 17.6
20000614 0.1 NA 1.6 28.021 17.6
20000615 0.2 NA 3.4 28.01 15
20000616 0 NA 3.1 27.993 11.4
20000617 0 NA 4.8 27.98 13.4
20000618 0 NA 5.2 27.971 19.9
20000619 0 NA 5.7 27.96 24.4
20000620 0 NA 5.7 27.946 25.9
20000621 1.3 NA 3.6 27.931 21.5
20000622 0 NA 2.3 27.919 16.9
20000623 1.2 NA 2.1 27.908 15.6
20000624 5.8 NA 2.4 27.898 13.3
20000625 1.3 NA 2 27.888 12.3
20000626 0.1 NA 3.1 27.879 11.7
20000627 0 NA 3.5 27.873 11.9
20000628 0 NA 2.9 27.867 11.7
20000629 0 NA 3.2 27.859 12.5
20000630 0 NA 4.1 27.852 12.8
20000701 7.2 NA 1.1 27.845 12.4
20000702 0.9 NA 3.1 27.848 18.2
20000703 9.9 NA 3.1 27.845 18.6
20000704 2.9 NA 3.3 27.867 17.5
20000705 17.2 NA 1.5 27.915 16.1
20000706 1.1 NA 3.1 27.971 16.3
20000707 0 NA 2.4 27.983 13.6
20000708 0.6 NA 2.1 27.976 12.3
20000709 1.2 NA 1 27.977 13.3
20000710 4.3 0.051 2.3 27.976 14.3
20000711 3.4 0.045 2.3 27.97 13.4
20000712 0 0.042 3.2 27.965 13.1
20000713 7.4 0.068 0.9 27.967 13.4
20000714 9.3 0.102 2.7 28 13.4
20000715 6 0.11 2.1 28.051 12.6
20000716 0.3 0.082 2.1 28.068 14.2
20000717 0.3 0.065 1.3 28.057 13.4
20000718 0 0.051 2.2 28.047 13.3
20000719 0.9 0.043 1.7 28.034 15
20000720 0 0.035 3.5 28.023 16.4
20000721 0 0.035 4.2 28.01 15.4
20000722 13.5 0.043 1.6 28.009 15.4
20000723 0 0.04 2.7 28.062 15.9
20000724 4.6 0.047 2.4 28.051 17.4
20000725 6.3 0.072 1.7 28.041 17.3
20000726 0 0.063 1.4 28.062 16.3
20000727 18.9 0.51 2.8 28.058 17.6
20000728 4.2 0.365 1.4 28.162 15.4
20000729 0.1 0.208 2.4 28.164 15.7
20000730 0 0.147 1.6 28.117 16.1
20000731 0 0.109 3.1 28.09 17.4
20000801 8.2 0.297 3.9 28.075 20.7
20000802 4.6 0.173 3.3 28.133 17.7
20000803 0 0.11 3.4 28.109 17.1
20000804 0 0.079 2.5 28.076 15.9
20000805 0 0.062 3.8 28.059 16.2
20000806 0.4 0.054 3.1 28.049 17.3
20000807 0.6 0.048 1.8 28.038 16.9
20000808 1.1 0.042 2.7 28.031 16.4
20000809 0 0.041 3.1 28.025 16.6
20000810 0 0.036 1.6 28.021 18.5
20000811 0 0.03 2.9 28.011 18
20000812 0 0.027 3.9 28.002 17.1
20000813 0 0.03 3.8 27.991 19.9
20000814 0 NA 3 27.982 21.6
20000815 0 NA 2.5 27.974 18.8
20000816 5.7 NA 2.8 27.966 18
20000817 1 NA 3.1 27.964 18
20000818 0.8 NA 3 27.956 17
20000819 3.6 NA 2 27.95 18.5
20000820 8.2 NA 3 27.957 18.3
20000821 1.1 NA 2.7 27.963 15
20000822 2.1 NA 2.3 27.96 14.6
20000823 0 NA 3.6 27.957 14.6
20000824 0 NA 3.6 27.953 15.1
20000825 0 NA 1.9 27.947 16
20000826 0 NA 3.7 27.947 18.6
20000827 24.8 NA 0.5 27.959 16.1
20000828 0 NA 2.6 28.065 15.3
20000829 1.3 NA 2.8 28.053 14
20000830 0 NA 2.4 28.038 13.4
20000831 0 NA 3.3 28.028 13.8
20000901 3.7 NA 1.1 28.019 14.1
20000902 10.4 NA 1.2 28.018 13.8
20000903 4.4 NA 1.7 28.068 13.7
20000904 2.4 NA 1.9 28.088 13.5
20000905 0.1 NA 1.9 28.077 14.7
20000906 7.2 NA 0.8 28.067 13.9
20000907 13.7 NA 1.5 28.191 15
20000908 0.4 NA 0.5 28.17 16.9
20000909 0.2 NA 1 28.119 18
20000910 0 NA 2 28.096 17.7
20000911 0 NA 2.4 28.082 17.2
20000912 0 NA 2.1 28.071 18.8
20000913 0 NA 1.2 28.059 15.2
20000914 0 NA 1.4 28.049 15.8
20000915 1.4 NA 1.4 28.046 16.8
20000916 17.4 NA 1.5 28.175 14.3
20000917 0 NA 1.1 28.14 14
20000918 0 NA 1.9 28.103 15.1
20000919 0 NA 2.5 28.084 15.9
20000920 15.5 NA 0.3 28.071 12.5
20000921 10.7 NA 0.7 28.266 10.6
20000922 0 NA 1.9 28.239 13.2
20000923 0 NA 2.2 28.158 13.7
20000924 0 NA 2.5 28.117 13.6
20000925 2.5 NA 1.9 28.092 14.7
20000926 3.2 NA 1.2 28.089 16.1
20000927 0 NA 1.4 28.088 15.8
20000928 4.6 NA 0.6 28.084 16.2
20000929 0 NA 1.8 28.094 17.5
20000930 0 NA 1.5 28.082 15.6
20001001 17.2 NA 0.2 28.152 14
20001002 0 NA 1.5 28.262 12.8
20001003 0 NA 1.4 28.174 12.8
20001004 0.4 NA 0.5 28.133 12.2
20001005 1.2 NA 0.9 28.113 12.5
20001006 0.9 NA 1.1 28.098 8.8
20001007 0 NA 1.4 28.089 7.6
20001008 2.5 NA 0.3 28.085 8.5
20001009 1.2 NA 1.5 28.096 10.3
20001010 6 NA 0.8 28.079 9
20001011 8.7 NA 0.7 28.07 10.1
20001012 0 NA 1.4 28.062 11.6
20001013 0 NA 0.9 28.069 11.4
20001014 0 NA 0.7 28.15 8.2
20001015 0 NA 0.3 28.146 10.5
20001016 1.9 NA 0.8 28.147 13.2
20001017 2.9 NA 1 28.123 10
20001018 0 NA 0.9 28.114 9.7
20001019 3.6 NA 0.4 28.107 10.1
20001020 0 NA 0.9 28.142 10
20001021 0 NA 0.8 28.202 14.1
20001022 0 NA 1.4 28.223 14.2
20001023 3.4 NA 1.1 28.206 14.1
20001024 0.3 NA 0.4 28.189 11.9
20001025 0.1 NA 0.2 28.287 12
20001026 4.2 NA 0.8 28.293 10
20001027 6.8 NA 0.2 28.396 10
20001028 2.3 NA 0.2 28.27 12.6
20001029 2.4 NA 0.7 28.218 10.1
20001030 6.7 NA 0.1 28.181 10.6
20001031 1.3 NA 0.2 28.156 9.1
20001101 6 NA 0.3 28.212 7.8
20001102 3.9 NA 0.6 28.313 8.6
20001103 0 NA 0.6 28.295 8.3
20001104 1.5 NA 0.6 28.221 6.7
20001105 0 NA 0.8 28.188 6.5
20001106 2 NA 0.2 28.261 7.8
20001107 1.4 NA 0.4 28.276 8.6
20001108 4.2 NA 0.1 28.453 8.3
20001109 0.4 NA 0.2 28.325 8.3
20001110 0 NA 0.6 28.318 7.1
20001111 0 NA 0.4 28.265 7.9
20001112 7.3 NA 0.2 28.243 8.8
20001113 0.3 NA 0.5 28.228 8.3
20001114 0 NA 0.5 28.199 6.3
20001115 0.4 NA 0.5 28.183 6.6
20001116 1.7 NA 0.5 28.237 7.4
20001117 0 NA 0.5 28.218 5.4
20001118 1.9 NA 0.3 28.19 6
20001119 2.1 NA 0.2 28.173 7.9
20001120 4.2 NA 0.2 28.169 6.3
20001121 1.4 NA 0.4 28.154 5.8
20001122 0.6 NA 0.3 28.141 8.1
20001123 2.5 NA 0.2 28.139 8.1
20001124 0.3 NA 0.3 NA 6.8
20001125 0.6 NA 0.3 NA 6.1
20001126 4.5 NA 0.3 NA 6.9
20001127 0 NA 0.5 NA 6.1
20001128 5.6 NA 0.1 NA 10.9
20001129 0 NA 0.5 NA 11.5
20001130 0 NA 0.4 NA 9.6
20001201 0.8 NA 0.3 NA 11.6
20001202 0 NA 0.4 NA 10.5
20001203 1.4 NA 0.2 28.168 8.2
20001204 0.1 NA 0.4 28.148 7.4
20001205 0.4 NA 0.4 28.137 10
20001206 6.1 NA 0.1 28.131 10.4
20001207 1.6 NA 0.2 28.119 9.8
20001208 0.9 NA 0.3 28.108 12.2
20001209 1.1 NA 0.3 28.098 9.8
20001210 9.9 NA 0.1 28.087 9.3
20001211 8 NA 0.4 28.08 11.4
20001212 5 NA 0.1 28.191 12.7
20001213 6.6 NA 0.1 28.279 10.4
20001214 0.2 NA 0.2 28.283 7.5
20001215 4.9 NA 0.2 28.221 5.2
20001216 1.9 NA 0.2 28.254 3.4
20001217 0.1 NA 0.2 28.21 2.5
20001218 0 NA 0.1 28.171 2.6
20001219 0 NA 0.3 28.147 0.4
20001220 0 NA 0.4 28.132 0.1
20001221 0 NA 0.3 28.118 -1.6
20001222 0 NA 0.5 28.108 -3.8
20001223 0 NA 0.4 28.099 -3.2
20001224 2.4 NA 0.1 28.094 -0.2
20001225 1.2 NA 0.2 28.088 -1.6
20001226 0 NA 0.2 28.094 -2.4
20001227 0.7 NA 0.1 28.093 -0.9
20001228 1.9 NA 0.2 28.09 0
20001229 0.2 NA 0.4 28.091 -0.2
20001230 2.3 NA 0.2 28.096 0.7
20001231 0 NA 0.1 28.128 -1.3
20010101 7.2 0.483 0.1 28.219 3
20010102 0.5 0.873 0.3 28.311 8.5
20010103 2.6 0.38 0.2 28.23 6.6
20010104 2.6 0.308 0.2 28.214 7.3
20010105 15.3 1.78 0 28.301 7.7
20010106 2 1.407 0.2 28.365 6
20010107 0.2 0.465 0.2 28.266 5
20010108 0.1 0.245 0.3 28.21 3.5
20010109 0.4 0.196 0.2 28.183 3.2
20010110 0 0.16 0.2 28.165 1.3
20010111 0 0.124 0.5 28.143 0.3
20010112 0 0.102 0.3 28.122 -0.3
20010113 0 0.085 0.6 28.109 -1.5
20010114 0 0.074 0.1 28.101 -2.6
20010115 0 0.065 0.5 28.095 -2.5
20010116 0 0.304 0.6 28.085 -4.1
20010117 0 0.41 0.3 28.077 -6.5
20010118 0 0.363 0.2 28.068 -1.4
20010119 0.3 0.415 0.1 28.064 0.7
20010120 1 0.389 0.2 28.068 0
20010121 2.8 0.421 0.3 28.076 -1.3
20010122 3.3 0.613 0.2 28.095 2.1
20010123 1.9 1.681 0.4 28.199 7
20010124 7 3.521 0.3 28.304 8.5
20010125 2.2 2.732 0.2 28.264 5.4
20010126 1.2 2.318 0.3 28.23 4.4
20010127 5.5 2.686 0.1 28.246 3.3
20010128 0.2 2.492 0.4 28.251 3.6
20010129 0 1.62 0.5 28.182 1.6
20010130 0 1.265 0.6 28.155 1.7
20010131 0 1.092 0.4 NA -0.5
20010201 0.5 0.968 0.2 NA -0.9
20010202 4.9 1.138 0.1 NA -0.3
20010203 6.4 1.364 0.3 NA -1
20010204 16 3.923 0.2 NA 1.1
20010205 2.5 10.767 0.2 NA 8.6
20010206 4.9 5.619 0.2 NA 10.6
20010207 3.4 3.766 0.6 NA 9.8
20010208 5.4 3.939 0.7 NA 9.8
20010209 1.8 3.723 0.7 NA 2.2
20010210 0.1 2.266 0.9 NA 2.1
20010211 0.4 1.878 0.3 NA 9
20010212 2.4 1.676 0.4 NA 10
20010213 0 1.53 0.7 NA 5.4
20010214 0 1.236 0.8 NA 3.9
20010215 0 1.071 1.1 NA 4
20010216 4.1 0.984 0.8 NA 3.1
20010217 0 1.482 0.2 NA 3.7
20010218 0 1.154 0.5 NA 4.5
20010219 0.8 0.987 0.5 NA 4.8
20010220 0 0.943 0.6 NA 5
20010221 1.2 0.981 0.5 NA 6
20010222 2.7 1.012 0.5 NA 4.3
20010223 0.7 1.282 0.9 NA 1.7
20010224 2 0.967 1.1 NA -2.4
20010225 1 0.925 0.8 NA 0.2
20010226 0 1.016 0.8 NA 1.2
20010227 0 0.871 1 NA 1.5
20010228 0 0.738 0.7 NA 2.6
20010301 3.6 0.781 0.3 NA 1.9
20010302 0 0.977 0.6 NA 0.9
20010303 0 0.802 0.2 NA -0.9
20010304 0 0.659 0.4 NA 1
20010305 0 0.494 0.6 NA 1.1
20010306 0 0.486 1.5 NA 2.1
20010307 1.8 0.588 0.6 NA 5.7
20010308 1 0.692 0.5 NA 8.2
20010309 2.3 0.731 0.7 NA 9.5
20010310 5.9 0.865 0.6 NA 10
20010311 3 1.859 0.9 NA 11.4
20010312 0.3 1.751 1.3 NA 8.5
20010313 2.6 1.413 0.6 NA 5.4
20010314 0 1.121 0.7 NA 4.9
20010315 0 0.845 1 NA 4.7
20010316 0.7 0.786 0.7 NA 6.9
20010317 0.1 0.756 0.2 NA 3.8
20010318 19.1 1.459 0.3 NA 4.3
20010319 3.7 6.106 0.7 NA 1.4
20010320 0 2.809 1.4 NA 1.6
20010321 4.6 2.038 0.3 NA 0.5
20010322 0 2.267 0.5 NA 2.8
20010323 12.7 3.811 0.2 NA 6.2
20010324 0 4.238 0.6 NA 4.1
20010325 0 2.439 0.3 NA 1.8
20010326 0 1.602 0.6 NA 1.5
20010327 0 1.248 1.5 NA 1.6
20010328 2.5 1.12 1.7 NA 6.2
20010329 9.6 2.089 0.5 NA 6.4
20010330 0.9 2.445 0.8 NA 5.6
20010331 0 1.657 1.4 NA 9.2
20010401 0 1.262 1.3 NA 11.6
20010402 0 1.086 2.9 NA 13.9
20010403 0 0.91 2.1 NA 12.1
20010404 5.9 0.889 1 NA 9.1
20010405 4.6 0.932 1.7 NA 7.5
20010406 6.5 1.937 0.9 NA 10.6
20010407 5.1 2.321 2.2 NA 9.1
20010408 0.2 1.894 1.2 NA 6.2
20010409 0.1 1.416 1.1 NA 7.4
20010410 2.3 1.305 1.2 NA 9
20010411 0 1.131 1 NA 7.6
20010412 0.8 0.898 1.6 NA 3.8
20010413 0 0.724 1.9 NA 2.4
20010414 6.6 0.62 1.4 NA 0.9
20010415 7.2 1.723 0.9 NA 6.3
20010416 2.6 2.58 0.9 NA 6.1
20010417 0.3 1.84 1.1 NA 5.7
20010418 5.7 1.852 1.1 NA 4.3
20010419 4.2 2.028 1.9 NA 3.5
20010420 0.4 1.851 1.3 NA 3.4
20010421 0.1 1.342 2.3 NA 5.3
20010422 0 1.034 2.3 NA 5.8
20010423 0 0.841 2.6 NA 7.8
20010424 7.4 0.674 2.5 NA 11.1
20010425 2.4 1.03 1.1 NA 10.4
20010426 4.5 1.172 1.6 NA 9.5
20010427 3.5 1.503 1.3 NA 9.4
20010428 1.2 1.546 1.4 NA 10
20010429 4 1.125 2.7 NA 12.1
20010430 0 1.077 3.2 NA 14.4
20010501 0 0.862 2.1 NA 12
20010502 0 0.642 3.5 NA 13.8
20010503 1.3 0.612 3.3 NA 14.3
20010504 0 0.541 0.7 NA 8.3
20010505 0 0.426 3.3 NA 7.4
20010506 0 0.364 2.6 NA 9.8
20010507 0 0.325 3.5 NA 10.5
20010508 0 0.291 2.9 NA 10.5
20010509 0 0.276 4.3 NA 16.3
20010510 0 0.258 4.5 NA 17.7
20010511 0 0.226 4.6 NA 17.4
20010512 0 0.204 4.7 NA 17.4
20010513 0 0.192 4.5 NA 17.4
20010514 2.8 0.188 3.1 NA 17.1
20010515 0 0.181 3.9 NA 14.9
20010516 2.2 0.171 2.7 NA 14.8
20010517 1 0.164 3.1 NA 13.2
20010518 4.8 0.143 1.6 NA 11.2
20010519 0 0.151 2.6 NA 11.7
20010520 0 0.128 3.7 NA 11.5
20010521 0 0.115 3.8 NA 11.4
20010522 0 0.106 4.5 NA 13
20010523 0 0.101 4.8 NA 16.2
20010524 0 0.088 4.8 NA 16.4
20010525 0 0.081 4.8 NA 14.9
20010526 0 0.077 4 NA 16.7
20010527 0.8 0.074 1.9 NA 15.9
20010528 1.1 0.077 1.3 NA 17.7
20010529 0 0.074 4.5 NA 17
20010530 0 0.065 3.5 NA 16
20010531 1.3 0.076 3.3 NA 13.4
20010601 5.1 0.079 2.1 NA 12.4
20010602 12.7 0.12 1.2 NA 11.2
20010603 1.8 0.194 2.4 NA 9.1
20010604 0 0.204 1.6 NA 11.3
20010605 0 0.167 2.6 NA 14.1
20010606 2.4 0.146 3 NA 15.2
20010607 2.3 0.133 2.1 NA 12.9
20010608 0.8 0.115 2.8 NA 12.1
20010609 0 0.089 3.7 NA 10.1
20010610 8.7 0.077 2.9 NA 11.6
20010611 0.5 0.118 3.3 NA 12.2
20010612 0 0.103 2 NA 13.7
20010613 0 0.093 3.3 NA 14.7
20010614 0 0.074 4.5 NA 15.2
20010615 0 0.061 2.8 NA 17.6
20010616 11.1 0.059 3.4 NA 16.2
20010617 2.2 0.107 2.4 NA 15.3
20010618 0.3 0.094 1.7 NA 13.5
20010619 0 0.077 3.7 NA 13.2
20010620 0 0.065 4.2 NA 16.1
20010621 0 0.056 3.5 NA 15.3
20010622 3.8 0.052 2.4 NA 13
20010623 0 0.05 3.2 NA 13.9
20010624 0 0.043 4.4 NA 17.5
20010625 0 0.037 5.2 27.81 17.8
20010626 0 0.041 5 27.802 19.7
20010627 0 0.04 2.7 27.791 20.3
20010628 0 0.035 4 27.782 19.5
20010629 0 0.031 3.5 27.776 19.2
20010630 9.4 0.043 2.5 27.769 18.2
20010701 0 0.057 4 27.764 17.2
20010702 0 0.039 2.6 27.763 17
20010703 0 0.035 4.4 27.757 18.5
20010704 0 0.032 5.3 27.748 20.9
20010705 0 0.028 5.4 27.742 23.7
20010706 0 0.025 4.4 27.735 24.1
20010707 0.3 0.026 3.5 27.727 21.2
20010708 4.3 0.028 0.4 27.72 16.9
20010709 0.1 0.033 1.8 27.718 16.4
20010710 6.1 0.028 3.1 27.713 18
20010711 2.9 0.034 3.2 27.709 16
20010712 0.7 0.029 1.9 27.706 14.9
20010713 0 0.026 3.1 27.703 15.8
20010714 2.9 0.027 1.3 27.697 15.1
20010715 0 0.029 3.1 27.696 15
20010716 0 0.025 3.3 27.698 14.5
20010717 0 0.025 2.6 27.697 15.6
20010718 10.6 0.036 2.8 27.695 16.3
20010719 8.2 0.043 2.1 27.713 15.5
20010720 16.8 0.111 1.5 27.811 14.3
20010721 0 0.185 2.3 27.852 15.5
20010722 1.3 0.11 2.8 27.871 19.8
20010723 0 0.088 2.1 27.879 18.3
20010724 0 0.073 3.9 27.881 19.4
20010725 0 0.059 4.6 27.88 19.3
20010726 0 0.046 4.5 27.873 20.1
20010727 0 0.039 4.2 27.86 22.7
20010728 0.5 0.035 4.2 27.847 21.1
20010729 0 0.033 4.3 27.833 19.3
20010730 0 0.03 3.8 27.818 21.4
20010731 0 0.024 3.2 27.798 20.2
20010801 0 0.021 3.4 27.787 16.5
20010802 9 0.019 3.6 27.784 20.8
20010803 0.4 0.064 1.9 27.779 18.6
20010804 3 0.039 2.3 27.773 16.5
20010805 1.2 0.032 2.4 27.768 15.4
20010806 0.3 0.027 2.3 27.761 17
20010807 12.6 0.028 2.3 27.875 18.2
20010808 24.2 0.274 2.4 27.98 16.2
20010809 7.1 0.242 1.5 28.04 14.8
20010810 0.8 0.337 2 28.043 13.6
20010811 0 0.228 2.5 28.037 15.4
20010812 2.2 0.164 1.1 28.034 16.8
20010813 0 0.16 0.7 28.027 18.2
20010814 0 0.133 4.2 28.021 21.8
20010815 0 0.09 4.1 28.011 24.1
20010816 2.2 0.074 1.7 28.001 19.1
20010817 0 0.063 3.8 28.018 17.6
20010818 15.6 0.139 2.1 28.057 19.6
20010819 0 0.184 3.2 28.041 20.3
20010820 0 0.116 2.6 28.026 17.7
20010821 0 0.08 3.6 28.013 18.8
20010822 0 0.06 2.9 28.004 21.1
20010823 0 0.05 3.4 27.994 21.9
20010824 0 0.042 3.4 27.983 22.5
20010825 0 0.037 3.7 27.975 23.2
20010826 0 0.032 2.9 28.029 23.1
20010827 20.1 0.166 2.9 28.054 16.7
20010828 0 0.08 2.3 28.034 13.2
20010829 0 0.059 3.1 28.019 14.3
20010830 0.2 0.052 1.7 28.004 15.7
20010831 3 0.049 2.1 27.992 15.1
20010901 0 0.045 1.6 27.988 14.9
20010902 1.9 0.042 0.9 27.991 14.4
20010903 14.7 0.073 0.7 28.046 15.6
20010904 5.4 0.144 2 28.069 13.8
20010905 0.6 0.15 1.4 28.068 13.3
20010906 1 0.148 1 28.063 13.2
20010907 3.1 0.15 0.9 28.074 14
20010908 12.7 0.195 1.9 28.125 12.3
20010909 2.6 0.448 2.1 28.125 11.8
20010910 2 0.513 1.5 28.103 12.4
20010911 1.2 0.365 1.1 28.088 12.4
20010912 0.8 0.283 1.5 28.098 14.2
20010913 6.5 0.34 1.3 28.108 13.1
20010914 3 0.431 1.4 28.11 12.1
20010915 3.9 0.39 1.2 28.122 12.1
20010916 6.9 0.574 1.6 28.159 10.8
20010917 9.5 0.917 0.7 28.197 10.2
20010918 0 1.327 1.8 28.156 10
20010919 4.2 0.918 1 28.155 11.8
20010920 1.7 0.902 0.4 28.15 11.5
20010921 0.4 0.838 1.5 28.127 12.1
20010922 2.4 0.636 1 28.155 11.6
20010923 5.5 0.802 0.3 28.171 11.7
20010924 0 1.038 1.8 28.166 12.5
20010925 4.5 1.412 1.6 28.156 12
20010926 0.5 1.409 1.4 28.161 11.6
20010927 8 1.397 0.7 28.195 14.8
20010928 0 1.996 1.9 28.151 15.3
20010929 0.2 1.238 1.7 28.125 15.3
20010930 1.9 0.921 1.5 28.123 15.8
20011001 6.2 0.915 0.6 28.213 16.3
20011002 14.3 2.138 0.4 28.266 16.8
20011003 0.6 3.156 1.2 28.178 14.6
20011004 0.1 1.82 1.3 28.132 13.8
20011005 0 1.207 1.6 28.109 12.9
20011006 1.9 0.894 1.4 28.103 15.5
20011007 0 0.809 1.2 28.093 15.2
20011008 0.1 0.67 1.1 28.08 14.7
20011009 0 0.496 0.8 28.068 14.1
20011010 0 0.384 1.4 28.063 13.6
20011011 0 0.32 0.5 28.063 14.4
20011012 0 0.296 1.7 28.061 13.9
20011013 0 0.276 1.4 28.059 16.2
20011014 1 0.254 1.3 28.058 16.7
20011015 0 0.24 1.4 28.047 17
20011016 0 0.211 1.3 28.051 12.8
20011017 0 0.186 1.2 28.05 12.7
20011018 2.1 0.185 1.3 28.051 14.5
20011019 1.1 0.207 1.2 28.06 15.2
20011020 0 0.213 1.4 28.056 15.1
20011021 1.5 0.21 0.5 28.047 13.4
20011022 0 0.189 0.3 28.047 12.2
20011023 9.7 0.171 0.2 28.103 11.2
20011024 7.8 0.584 0.7 28.155 12.4
20011025 0.8 1.352 0.6 28.123 12.6
20011026 0 1.109 1 28.097 12.9
20011027 1.3 0.89 0.6 28.082 12.7
20011028 0 0.684 0.7 28.074 10.8
20011029 0 0.561 0.4 28.07 10.8
20011030 0 0.49 1.1 28.062 15.1
20011031 4 0.419 0.6 28.06 11.5
20011101 0.4 0.428 0.9 28.062 8
20011102 0 0.39 0.9 28.065 9.2
20011103 0 0.372 0.5 28.065 10.1
20011104 0.3 0.365 0.3 28.059 9.2
20011105 1.2 0.322 0.7 28.069 7.6
20011106 4.6 0.39 0.3 28.114 8.8
20011107 10.9 0.984 0.2 28.267 8.1
20011108 9.9 3.075 0.3 28.27 5.4
20011109 0.2 2.738 0.7 28.179 1.6
20011110 0 1.563 0.8 28.14 1
20011111 0 1.174 0.3 28.126 3.7
20011112 4.8 1.056 0.1 28.159 7.6
20011113 0.8 1.396 0.4 28.142 4.6
20011114 0.1 1.098 0.6 28.115 2.7
20011115 0 0.81 0.6 28.104 -0.4
20011116 0.1 0.727 0.4 28.11 5.7
20011117 1.1 0.776 0.1 28.12 6.3
20011118 0 0.848 0.2 28.108 6
20011119 0 0.711 0.2 28.1 6
20011120 0.1 0.612 0.2 28.103 7.2
20011121 0.9 0.583 0.3 28.167 8.1
20011122 9.6 1.426 0.1 28.192 6
20011123 0 1.73 0.3 28.166 3.2
20011124 2 1.502 0.1 28.166 5.2
20011125 4.8 1.499 0.2 28.242 9.7
20011126 2 2.444 0.3 28.199 5.7
20011127 2.3 1.719 0.4 28.181 2.8
20011128 0.3 1.568 0.4 28.21 5.3
20011129 13.9 2.49 0.1 28.358 7.4
20011130 10.4 5.086 0.1 28.439 10.9
20011201 7.2 6.247 0.1 28.332 11.8
20011202 0 3.749 0.1 28.244 7.5
20011203 1.6 2.607 0.1 28.222 8.9
20011204 3.4 2.492 0.1 NA 8.5
20011205 5 2.411 0.4 NA 7.4
20011206 0.3 2.738 0.3 NA 5.9
20011207 0 1.791 0.2 NA 0.1
20011208 0 1.453 0.4 NA 1.9
20011209 0 1.19 0.4 NA -0.3
20011210 0 1.021 0.2 NA 0.1
20011211 0 0.969 0.1 NA 3.7
20011212 0 0.988 0.1 NA 2.2
20011213 0 0.901 0.2 NA 1
20011214 0 0.735 0.3 NA -4.7
20011215 0 0.685 0.1 NA -1.1
20011216 0 0.655 0.2 NA -1.1
20011217 1 0.668 0.1 NA 0.4
20011218 0 0.729 0.1 NA 2.2
20011219 5.1 0.907 0.1 NA 4
20011220 0.1 1.364 0.4 NA 0.2
20011221 12.5 2.355 0 NA 3.5
20011222 2 3.747 0.2 NA 0.1
20011223 0 2.239 0.5 NA -4
20011224 5 1.637 0 NA 1.7
20011225 9.1 5.861 0.2 NA 4.5
20011226 0.6 3.548 0.2 NA 0.8
20011227 9.6 2.945 0.1 NA 1.7
20011228 4.9 6.644 0.2 NA 5.7
20011229 4.8 4.021 0.1 NA 1.4
20011230 6.7 3.034 0.1 NA -2.2
20011231 0 2.3 0.4 NA -3.6
20020101 0 1.86 0.4 NA -1
20020102 0 1.73 0.2 NA -1.5
20020103 0 1.509 0.5 NA -4.3
20020104 0 1.174 0.4 NA -7.3
20020105 0 0.921 0.4 NA -4.4
20020106 0.2 0.84 0.1 NA 0.1
20020107 0 1.114 0.1 NA 1.1
20020108 0 1.686 0.2 28.235 0.9
20020109 0 1.497 0.4 28.223 -2.2
20020110 0 1.039 0.3 28.179 -1.9
20020111 0.4 0.857 0.1 28.154 0.9
20020112 0.6 1.113 0.1 28.182 2.7
20020113 0 1.504 0.5 28.222 3.4
20020114 0 1.221 0.1 28.197 1.1
20020115 1.1 1.158 0.2 28.19 1.9
20020116 1.4 1.501 0.2 28.21 1.9
20020117 0.6 1.456 0.2 28.223 3.2
20020118 1.6 1.532 0.3 28.232 4.1
20020119 1.2 1.597 0.3 28.244 6
20020120 4.7 1.436 0.1 28.236 7.3
20020121 0.6 2.43 0.1 28.309 10.4
20020122 0.7 1.848 0.2 28.278 7.4
20020123 1.5 1.48 0.3 28.251 7.1
20020124 3.8 1.811 0.2 28.273 8.6
20020125 2.2 1.579 0.5 28.235 4.2
20020126 12.5 2.521 0.2 28.281 10.1
20020127 5.5 6.276 0.4 28.486 9.5
20020128 2.2 3.856 0.4 28.411 11.3
20020129 0 1.76 0.4 28.309 9.6
20020130 0 1.182 0.5 28.251 10.8
20020131 1.8 1.113 0.5 28.22 8.1
20020201 0 0.909 0.4 28.194 10.4
20020202 0 0.714 1 28.171 11.8
20020203 0.1 0.657 0.8 28.155 11.1
20020204 3.2 0.609 0.4 28.14 8.9
20020205 27.9 2.535 0.2 28.328 10.3
20020206 1.6 6.54 0.4 28.678 7.1
20020207 1.1 3.795 0.5 NA 6.1
20020208 0.6 2.681 0.6 NA 9.5
20020209 2.1 2.43 0.3 NA 10.6
20020210 6.2 3.135 0.3 NA 7.4
20020211 15.3 4.492 0.1 NA 10.8
20020212 2.8 9.024 0.7 NA 11.3
20020213 1.3 3.795 0.8 NA 7.2
20020214 0 2.506 1 NA 2
20020215 0 1.746 1 NA 1.1
20020216 0 1.426 1.1 NA 1.6
20020217 0 1.255 0.8 NA 0.6
20020218 0.9 1.176 0.5 NA 3.9
20020219 6.7 1.343 0.6 NA 5.1
20020220 15.1 5.856 0.9 NA 6.9
20020221 0 3.757 1.1 NA 2.7
20020222 9 4.379 0.1 NA 5.6
20020223 5.5 4.151 0.6 NA 3.5
20020224 3.2 4.334 1 NA 2.8
20020225 5.7 3.643 0.3 NA 5.7
20020226 9.4 8.842 0.6 NA 10
20020227 4.1 4.498 1.1 NA 5.9
20020228 1.1 3.379 0.7 NA 5.1
20020301 2.1 2.662 0.9 NA 3.9
20020302 0 2.04 1.4 NA 1.2
20020303 0 1.61 1.1 NA 3.7
20020304 0 1.387 0.4 NA 6.8
20020305 0 1.276 0.5 NA 6.5
20020306 0.7 1.188 0.3 NA 7
20020307 1.3 1.074 1.1 NA 8.7
20020308 0 0.86 1.6 NA 6.9
20020309 3.8 0.903 0.9 NA 7.9
20020310 0 0.893 1.8 NA 6.7
20020311 0 0.733 1.8 NA 8.2
20020312 5.7 0.716 0.3 NA 7.1
20020313 2 1.312 0.2 NA 4.7
20020314 0.7 1.339 1.1 NA 2.7
20020315 1.9 1.337 0.8 NA 3.5
20020316 0 1.084 1.8 NA 9.3
20020317 1.1 0.936 1.3 NA 10.6
20020318 5.1 1.07 0.8 NA 10.5
20020319 1.6 1.653 1.2 NA 9
20020320 5.4 1.643 1.2 NA 9.8
20020321 1.4 1.88 1.3 NA 10
20020322 2.8 1.595 1 NA 6.3
20020323 0 1.243 1.7 NA 5
20020324 0 0.919 1.5 NA 2.7
20020325 0 0.766 2 NA 1.8
20020326 0 0.649 1.8 NA 2.7
20020327 0 0.551 2.2 NA 3.9
20020328 0 0.497 2.4 NA 5.1
20020329 0 0.464 2.5 28.094 7.7
20020330 0 0.429 1.4 28.087 7.9
20020331 0 0.412 1.9 28.084 10.4
20020401 0 0.378 2.4 28.077 11.2
20020402 0 0.345 2.8 28.073 13.4
20020403 0 0.324 3 28.069 13.1
20020404 0 0.296 2.5 28.062 10.5
20020405 0 0.265 2.6 28.053 7.5
20020406 0 0.226 2.5 28.042 4
20020407 0 0.212 2.6 28.039 5.7
20020408 0 0.203 2.6 28.035 5.9
20020409 0 0.195 1.9 28.034 6.2
20020410 0 0.19 1.9 28.031 6.1
20020411 0 0.186 2.1 28.032 7.5
20020412 0 0.188 2.2 28.028 7.6
20020413 0 0.176 0.7 28.021 6.9
20020414 0.3 0.168 1 28.015 6.2
20020415 9.9 0.192 0.3 28.017 6.6
20020416 0.8 0.365 0.3 28.048 7.4
20020417 0 0.338 1.5 28.06 8.7
20020418 4.9 0.354 1.5 28.057 8.8
20020419 2.1 0.416 2.2 28.064 8
20020420 0 0.384 1.2 28.065 6.8
20020421 0 0.315 3.1 28.059 9.7
20020422 0 0.29 2.3 28.056 12.2
20020423 0 0.263 2.6 28.048 13.2
20020424 0 0.233 2.5 28.04 13.6
20020425 0 0.221 2.8 28.035 11.8
20020426 4.2 0.232 1 28.04 8.3
20020427 7.7 0.323 2.3 28.037 8.1
20020428 5.9 0.403 1 28.066 9.5
20020429 4.4 0.537 2.2 28.088 9.3
20020430 1.9 0.496 1.4 28.095 10.7
20020501 4.5 0.478 2.7 28.097 11
20020502 2.1 0.445 1.8 28.096 10.7
20020503 0 0.401 0.9 28.088 8.8
20020504 7 0.384 0.5 28.09 8.2
20020505 14.7 1.672 0.6 28.245 8.8
20020506 0.5 1.912 1.4 28.248 9.2
20020507 0 1.305 3.6 28.184 11.7
20020508 0 0.988 2.1 28.146 12.7
20020509 0 0.779 3.1 28.12 16.8
20020510 3.1 0.641 1 28.1 14.5
20020511 0 0.669 1.2 28.098 13.8
20020512 0 0.562 0.9 28.086 11.9
20020513 0 0.447 3.7 28.079 15.8
20020514 10.4 0.412 2.2 28.069 13
20020515 0 0.526 3.1 28.098 13.5
20020516 0 0.464 4.4 28.09 16.5
20020517 0 0.377 4.3 28.112 16.2
20020518 1.4 0.307 1.6 28.09 14.4
20020519 0 0.25 2.6 28.071 14.4
20020520 0 0.214 3.8 28.081 16.9
20020521 0 0.194 4.6 28.088 19.4
20020522 1.7 0.181 1.8 28.071 17.3
20020523 0 0.167 2.2 28.054 15.1
20020524 1.8 0.145 2.4 28.047 13.3
20020525 2.1 0.139 2.1 28.038 11.8
20020526 2.2 0.133 2.6 28.026 12.8
20020527 0 0.126 4.2 28.013 14.7
20020528 0.3 0.111 2.7 28 15.3
20020529 1.1 0.099 2.2 27.992 12.7
20020530 0 0.087 3.3 28 13.5
20020531 0 0.078 3.2 28.04 12.8
20020601 0 0.069 4.5 28.065 12.9
20020602 0 0.061 4.9 28.058 17.1
20020603 0.1 0.057 3.7 28.038 18.9
20020604 0.1 0.054 4.8 28.028 19.2
20020605 3 0.053 2 28.108 19.8
20020606 0.8 0.059 2.4 28.168 17
20020607 0 0.054 2.3 28.129 16.7
20020608 0 0.049 2.8 28.133 16.6
20020609 0.9 0.043 4.3 28.111 18.6
20020610 4.7 0.044 2 27.913 13.5
20020611 1.9 0.05 2.9 27.907 13.4
20020612 10.7 0.077 2.1 27.917 15.4
20020613 0.3 0.079 1 27.946 13.8
20020614 7.1 0.071 3 27.953 18.2
20020615 2.8 0.113 4 27.967 18.3
20020616 1.1 0.112 2.6 27.976 18
20020617 0 0.089 5.4 27.973 23.7
20020618 0 0.067 4.5 27.959 24.3
20020619 0 0.049 3.7 27.932 18.7
20020620 6.6 0.056 1.3 27.92 16.8
20020621 0 0.054 3 27.915 16.2
20020622 1.6 0.045 3.4 27.908 18.4
20020623 0.6 0.041 3.9 27.897 16.3
20020624 0 0.035 4.3 27.886 15
20020625 0 0.032 3.7 27.875 15.7
20020626 0 0.03 4.3 27.868 16.7
20020627 0.2 0.028 3.5 27.859 14.7
20020628 6.4 0.032 2.5 27.846 12.4
20020629 0 0.04 3.2 27.838 13.9
20020630 0 0.031 2.3 27.834 15.5
20020701 12.2 0.037 0.7 27.83 13.5
20020702 4.7 0.055 2.3 27.83 13.9
20020703 17.9 0.074 0.8 27.85 14.1
20020704 0.8 0.179 3.3 27.932 15.7
20020705 0.2 0.263 3.3 27.975 16.7
20020706 0 0.171 2.1 27.974 16.2
20020707 0 0.119 2.1 27.97 15.8
20020708 0 0.092 4.8 27.969 19.4
20020709 0 0.069 3 27.964 20.7
20020710 13.7 0.08 0.8 27.957 14.3
20020711 16.6 0.17 3.2 28.015 14.3
20020712 0 0.229 3.9 28.108 16.9
20020713 3.6 0.195 2.3 28.092 17.8
20020714 0 0.155 2.1 28.079 18.9
20020715 0 0.118 4.2 28.065 20.1
20020716 0 0.09 2.1 28.052 18.5
20020717 0 0.078 1.8 28.035 17.4
20020718 0 0.066 3 28.02 15.6
20020719 0 0.056 1.5 28.004 14.8
20020720 11.7 0.054 3.5 27.995 17
20020721 2 0.071 2.4 28.001 15.1
20020722 0 0.065 2.1 28.004 15.3
20020723 3 0.056 1.9 28.001 17
20020724 1 0.057 2.9 27.992 16.6
20020725 0.9 0.053 2.3 27.984 15.5
20020726 3.4 0.052 2.4 27.98 17.6
20020727 0 0.05 4.4 27.975 20.6
20020728 0 0.038 4.8 27.969 22.7
20020729 0 0.033 4.8 27.963 23.8
20020730 0 0.03 4.2 27.958 23.9
20020731 50.2 0.042 3 28.042 20.4
20020801 9.5 0.105 0.6 28.521 17.4
20020802 0 0.106 3.7 28.344 18.7
20020803 1.9 0.106 1.5 28.233 16.3
20020804 0 0.106 3.8 28.185 18
20020805 8 0.11 1.5 28.18 16.6
20020806 3.9 0.12 2.3 28.198 16.9
20020807 0.1 0.12 3.2 28.161 17.7
20020808 0 0.12 2.1 28.13 17.8
20020809 0.3 0.115 3.1 28.112 18.4
20020810 4.9 0.107 1 28.103 16.8
20020811 0 0.106 1.7 28.114 18.2
20020812 0 0.106 2.6 28.092 17.2
20020813 0 0.102 3.3 28.075 17.9
20020814 0 0.093 2.7 28.065 18.2
20020815 0 0.086 3.9 28.058 20.5
20020816 0 0.08 4.2 28.049 21.1
20020817 0 0.08 4.1 28.04 21.7
20020818 0 0.072 3.8 28.031 22.5
20020819 0 0.066 1.6 28.019 21.3
20020820 21.3 0.066 3.1 28.016 21.6
20020821 8.2 0.066 0.5 28.196 17.5
20020822 0 0.066 1 28.18 17
20020823 0 0.066 2.2 28.133 17.3
20020824 3.6 0.066 0.8 28.107 16.6
20020825 0.1 0.06 1.6 28.107 17.3
20020826 0 0.053 3.2 28.098 18.9
20020827 0 0.053 2.7 28.086 21.1
20020828 0 0.047 3 28.071 20.3
20020829 0 0.04 2.4 28.059 18
20020830 0 0.04 3 28.051 17.3
20020831 0 0.04 1.4 28.047 16.6
20020901 0 0.04 2.8 NA 14.6
20020902 0 0.04 3.2 NA 16.1
20020903 2.9 0.04 2.8 NA 15.3
20020904 0 0.042 2.8 NA 16
20020905 0 0.04 2.4 NA 17
20020906 0 0.04 2.2 NA 16.6
20020907 0 0.037 2.1 NA 17.3
20020908 0 0.034 2.7 NA 18.3
20020909 12.8 0.064 2.4 NA 19.1
20020910 8.1 0.089 0.5 NA 14.3
20020911 1.6 0.131 0.8 NA 15
20020912 0 0.113 2.9 NA 15.8
20020913 0 0.087 2.8 NA 14.9
20020914 0.3 0.073 1.1 NA 15
20020915 0 0.064 2 NA 13.4
20020916 0 0.053 1.4 NA 12.2
20020917 0 0.053 1.4 NA 13.9
20020918 0 0.049 0.8 NA 13.3
20020919 0 0.04 0.8 NA 14.1
20020920 0 0.04 1.3 NA 13.8
20020921 0.1 0.04 1 NA 12.6
20020922 4.7 0.056 1.5 NA 11.5
20020923 0 0.047 2 NA 11
20020924 0.2 0.037 2.2 NA 9
20020925 7.8 0.066 1.1 NA 11.7
20020926 2 0.061 0.8 NA 11.3
20020927 0 0.053 1.7 NA 12.2
20020928 0 0.053 0.9 NA 11.4
20020929 0 0.048 1.9 NA 11.3
20020930 0 0.04 2 NA 11
20021001 0 0.04 1.8 NA 11.3
20021002 0 0.04 1.2 NA 12.3
20021003 10 0.056 0.5 NA 14.7
20021004 0 0.076 1.8 NA 11.8
20021005 15.5 0.13 0.2 NA 11.6
20021006 1.1 0.529 0.9 NA 9.7
20021007 2.3 0.455 0.7 NA 7.1
20021008 0 0.414 1.6 NA 5.2
20021009 0 0.34 1.6 NA 8.6
20021010 0 0.256 1.5 NA 7.8
20021011 0 0.192 1.5 NA 5.9
20021012 0 0.154 0.5 NA 5.4
20021013 0 0.138 0.3 NA 6.2
20021014 11.6 0.168 0.3 NA 8.7
20021015 0.2 0.389 0.3 NA 8.4
20021016 3.1 0.47 0.8 NA 12.2
20021017 0 0.508 1 NA 9
20021018 1.9 0.415 0.8 NA 6.5
20021019 0 0.337 0.8 NA 5.1
20021020 1.4 0.287 0.9 NA 6.6
20021021 5.6 0.402 0.2 NA 9.7
20021022 3 0.73 0.6 NA 13.5
20021023 4.7 0.931 0.6 NA 9.8
20021024 0.2 0.825 0.9 NA 7.5
20021025 7.7 0.738 0.3 NA 11.4
20021026 4.4 1.499 1.1 NA 10.5
20021027 14.9 1.643 0.5 NA 11.3
20021028 2.6 3.332 1 NA 8.3
20021029 0.5 2.081 0.4 NA 7.8
20021030 1.1 1.653 0.9 NA 7.7
20021031 0 1.17 0.9 NA 5.1
20021101 4.2 0.926 0.2 NA 7.9
20021102 1.9 1.54 0.8 NA 11.8
20021103 11.3 3.057 0.4 NA 10
20021104 0 2.346 0.5 NA 8.1
20021105 0 1.488 0.4 NA 5.3
20021106 0 1.15 0.6 NA 6.6
20021107 10.5 2.254 0.3 NA 6.4
20021108 14.8 2.381 0.4 NA 5.8
20021109 1.9 5.746 0.7 NA 6.8
20021110 3.2 2.712 0.5 NA 4.2
20021111 2.4 2.948 0.7 NA 8.9
20021112 0.9 2.078 0.5 NA 10
20021113 3 1.819 0.3 NA 9.5
20021114 4.2 1.557 0.3 NA 9.6
20021115 0 1.201 0.3 NA 6.7
20021116 5.1 1.045 0.2 NA 7.4
20021117 0.8 1.671 0.3 NA 8.4
20021118 0.1 1.355 0.1 NA 7.8
20021119 0 1.089 0.5 NA 5.7
20021120 0 0.915 0.5 NA 4.2
20021121 0 0.875 0.2 NA 8.2
20021122 0 0.742 0.2 NA 7.9
20021123 1.3 0.629 0.6 NA 7.2
20021124 0 0.652 0.5 NA 6.7
20021125 5.9 0.797 0.1 NA 6.6
20021126 0.3 1.291 0.3 NA 7
20021127 0 1.059 0.5 NA 5.4
20021128 1.3 0.91 0.4 NA 7.6
20021129 0.7 0.911 0.2 NA 7.9
20021130 0 0.834 0.2 NA 6.5
20021201 3.9 0.819 0.4 NA 7.2
20021202 0.6 1.245 0.1 NA 6.5
20021203 0 1.037 0.2 NA 6.2
20021204 0 0.86 0.4 NA 3.5
20021205 0 0.698 0.2 NA 4.6
20021206 0 0.573 0.1 NA 1.1
20021207 0.6 0.523 0.1 NA -0.8
20021208 0 0.442 0.3 NA -2.8
20021209 0 0.351 0.3 NA -6.4
20021210 0 0.28 0.3 NA -6.7
20021211 0 0.281 0.3 NA -5.9
20021212 0 0.322 0.2 NA -4.4
20021213 0 0.268 0.2 NA -2.6
20021214 0 0.258 0.1 NA -0.5
20021215 1.8 0.286 0.1 NA 1.5
20021216 5.2 0.475 0 NA 3.2
20021217 0 0.562 0.1 NA 0.1
20021218 0 0.538 0.2 NA -1.2
20021219 0 0.597 0.1 NA -0.5
20021220 0 0.598 0.2 NA -1.5
20021221 0 0.505 0.1 NA 0.6
20021222 19 2.382 0 NA 2.8
20021223 0 3.982 0.1 NA 2.4
20021224 3.2 2.824 0.3 NA 8.3
20021225 0.1 2.431 0.2 NA 10.2
20021226 7.2 2.653 0.1 NA 8.9
20021227 5.4 3.728 0.1 NA 10.5
20021228 1.2 3.417 0.2 NA 9.2
20021229 11.5 2.356 0.1 NA 7
20021230 27.3 14.532 0 NA 4.4
20021231 0 5.682 0.3 28.608 -1.1
20030101 9.7 4.253 0.1 28.497 3.3
20030102 21.1 10.642 0 28.609 9
20030103 2.2 9.702 0.1 28.759 3.8
20030104 0 4.321 0.2 28.547 -1.8
20030105 0.9 2.646 0.1 28.366 -3.5
20030106 1.2 2.074 0.3 28.291 -2.4
20030107 0 1.874 0.2 28.251 -5.8
20030108 0 1.324 0.2 28.224 -7.1
20030109 0 0.967 0.3 28.193 -10.3
20030110 0 0.798 0.2 28.163 -5.6
20030111 0 0.684 0.4 29.127 -3.9
20030112 0 0.635 0.3 29.134 -1.1
20030113 4.7 1.151 0.1 28.617 4
20030114 0 2.161 0.1 28.271 6.7
20030115 1.4 2.146 0.2 28.249 5
20030116 0 1.819 0.5 28.225 4.9
20030117 0 1.498 0.3 28.209 3
20030118 0 1.208 0.1 28.186 3.5
20030119 0.6 1.143 0.3 28.182 4.4
20030120 2.5 1.15 0.3 28.183 7.5
20030121 0.8 1.402 0.3 28.204 7.3
20030122 2.8 1.322 0.3 28.198 7
20030123 0.8 1.314 0.1 28.19 5.6
20030124 0 1.025 0.6 28.164 1.9
20030125 3.1 0.999 0.5 28.166 2.7
20030126 3.6 1.382 0.3 28.203 4
20030127 0.7 1.75 0.1 28.252 9.1
20030128 13 3.425 0.2 28.313 5.2
20030129 11.3 8.011 0.3 28.501 2.9
20030130 2.3 4.337 0.6 28.413 -0.6
20030131 0 2.548 0.5 28.297 -6.8
20030201 1.8 1.839 0.4 28.247 -4.1
20030202 12.6 2.448 0.2 28.275 1.7
20030203 7 10.722 0.5 28.597 2
20030204 6 4.96 0.5 28.491 0.7
20030205 1.5 5.364 0.6 28.49 2.1
20030206 0 3.246 0.7 NA 0
20030207 0.7 2.395 0.1 NA 2.8
20030208 0 2.071 0.1 NA 5.2
20030209 0 1.786 0.4 NA 4.3
20030210 0 1.431 0.8 NA -0.8
20030211 0 1.187 0.8 NA -0.8
20030212 0 1.009 0.1 NA -3.5
20030213 0 0.82 0.9 NA -2.9
20030214 0 0.678 0.8 NA -2.1
20030215 0 0.588 0.1 NA -1.1
20030216 0 0.544 0.9 NA -2.1
20030217 0 0.477 0.9 NA -3.2
20030218 0 0.451 0.9 NA -3.4
20030219 0 0.426 1 NA -1.5
20030220 0 0.402 1.1 NA -0.9
20030221 0 0.356 1.1 NA -0.3
20030222 0 0.344 1.2 NA 1.2
20030223 0 0.344 1.1 NA 3.1
20030224 0 0.361 1.2 NA 3.8
20030225 0 0.399 1.3 NA 2.6
20030226 0 0.424 1.3 NA 3.3
20030227 0 0.442 1.2 NA 7
20030228 0 0.5 1.2 NA 9.1
20030301 2.5 0.699 1.4 NA 8.5
20030302 5.9 1.206 0.7 NA 7.9
20030303 0 1.054 0.6 NA 4.7
20030304 0 0.842 1.2 NA 6.2
20030305 0 0.775 1.4 NA 10.4
20030306 1.3 0.743 0.2 NA 7.2
20030307 0.2 0.635 1.1 NA 5.9
20030308 2.3 0.6 0.8 NA 7.8
20030309 0.5 0.665 0.8 NA 9.2
20030310 0 0.585 1.2 NA 10.4
20030311 14.6 1.279 0.2 NA 9.3
20030312 0 2.554 0.7 NA 7
20030313 0 1.435 1.5 NA 3.8
20030314 0 1.055 1.8 NA 3.9
20030315 0 0.785 1.8 NA 3.7
20030316 0 0.636 1.8 NA 3.8
20030317 0 0.644 0.8 NA 2.1
20030318 0 0.538 1.9 NA 4.8
20030319 0 0.503 1 NA 2.5
20030320 0 0.459 1 NA 2.6
20030321 0 0.416 1.5 NA 4.2
20030322 0 0.369 2.1 NA 4.6
20030323 0 0.334 2.3 NA 6.8
20030324 0 0.314 2.3 NA 11
20030325 0 0.306 1.6 NA 9.2
20030326 0 0.3 2.4 NA 9.8
20030327 0 0.288 2.2 NA 10.2
20030328 0 0.274 2.3 NA 11.6
20030329 0 0.266 1.1 NA 12
20030330 0 0.245 1.9 NA 6.9
20030331 0 0.213 2.2 NA 5.9
20030401 8.3 0.243 1.5 NA 7.5
20030402 4.6 0.43 1.4 NA 5.6
20030403 0 0.396 1.3 NA 4.3
20030404 0 0.325 1.3 NA 5.2
20030405 0 0.312 1.7 NA 6.3
20030406 0 0.256 2.1 NA 3.1
20030407 0 0.225 2.1 NA 1.3
20030408 0 0.214 1.8 28.067 0.7
20030409 0 0.213 1.7 28.068 1.4
20030410 0.5 0.213 1.6 28.067 2.2
20030411 0.1 0.198 1.3 28.058 3.4
20030412 0 0.194 2.6 28.053 5.9
20030413 0 0.206 2.9 28.049 9.6
20030414 0 0.193 3.3 28.049 13.3
20030415 0 0.18 3.6 28.043 16
20030416 0 0.165 3.6 28.036 16
20030417 0 0.154 3.6 28.031 14.8
20030418 0 0.141 3.3 28.028 10.9
20030419 0.3 0.147 1.2 28.03 7.2
20030420 0 0.178 2.9 28.026 9.4
20030421 0 0.133 3.4 28.016 14.4
20030422 0.8 0.12 1.2 28.007 10.8
20030423 0 0.122 3.1 28.004 11.3
20030424 0 0.1 3.3 27.998 13.8
20030425 0.1 0.093 2.3 27.995 17.2
20030426 23.6 0.222 0.6 28.009 13.3
20030427 4.6 0.574 2 28.093 11.8
20030428 3.5 0.627 2.1 28.1 15.1
20030429 1.2 0.642 2.7 28.089 13.8
20030430 7.2 0.553 0.7 28.089 11.8
20030501 7.4 0.775 2 28.111 11
20030502 4.2 1.068 2.6 28.156 13.4
20030503 4.5 1.138 2.4 28.177 11.4
20030504 0 0.844 4.2 28.159 15.5
20030505 0 0.592 2.5 28.122 16.5
20030506 3.1 0.473 1.2 28.102 10.9
20030507 0 0.386 3.6 28.097 10.7
20030508 0.5 0.34 3.5 28.087 13.6
20030509 0 0.283 1.6 28.075 11.6
20030510 0 0.235 3.2 28.065 11.6
20030511 0 0.195 3.5 28.058 14.3
20030512 0 0.18 2.2 28.051 12.3
20030513 7.1 0.196 2.4 28.045 9.8
20030514 8.1 0.195 1.9 28.045 8.2
20030515 2.5 0.243 2.6 28.066 8.8
20030516 0 0.259 3.4 28.083 10.8
20030517 0.5 0.231 1.9 28.075 13.4
20030518 8 0.202 2.3 28.063 14.4
20030519 19.2 0.696 1.2 28.106 12.5
20030520 22.3 2.588 2.3 28.283 10.6
20030521 6.4 6.515 1.9 28.506 12.2
20030522 1.4 3.51 0.8 28.369 13.3
20030523 4.5 2.654 0.8 28.308 12.8
20030524 14.1 5.197 1.2 28.433 13.9
20030525 0.5 4.15 2.7 28.391 13.5
20030526 0 2.253 4.3 28.279 14
20030527 0 1.508 4.1 28.225 16.1
20030528 0 1.118 3.3 28.194 17.4
20030529 0 0.879 4.9 28.172 19.3
20030530 0.8 0.707 4.6 28.153 21.7
20030531 0 0.588 4.6 28.135 20.1
20030601 0 0.466 4.7 28.115 21.7
20030602 3.4 0.392 3.9 28.1 21.6
20030603 0.7 0.361 3.7 28.096 20.9
20030604 2.5 0.331 4.1 28.091 22
20030605 2.5 0.295 2.3 28.082 17.3
20030606 0 0.261 4.7 28.077 17.9
20030607 0 0.214 4.5 28.069 21.2
20030608 13.6 0.272 2.6 28.088 19.4
20030609 0 0.388 3.8 28.131 15.6
20030610 2.3 0.304 2.8 28.105 19.7
20030611 0 0.238 4.5 28.083 18.6
20030612 3.3 0.176 4.3 28.065 18.4
20030613 0 0.155 4.3 28.052 17.1
20030614 0 0.13 2.8 28.042 15.8
20030615 0 0.109 4.8 28.028 16.6
20030616 0 0.092 4.3 28.016 17.1
20030617 2 0.086 4.2 28.005 19.1
20030618 0.5 0.08 2.6 27.991 18.8
20030619 9.3 0.075 2.3 27.984 18.3
20030620 0 0.121 3.8 28.024 14.8
20030621 0 0.083 3.1 28.007 14.4
20030622 0 0.071 3.5 27.99 17.5
20030623 0.4 0.063 3.7 27.978 19.3
20030624 0 0.053 3.9 27.956 16.4
20030625 0 0.051 3.5 27.946 14.5
20030626 0 0.048 4.8 27.939 16.5
20030627 0 0.041 5 27.926 20.2
20030628 0 0.04 1.8 27.913 17.8
20030629 0 0.04 3.9 27.904 16.7
20030630 3.8 0.042 1.8 27.897 17
20030701 2.1 0.046 3.3 27.89 16.5
20030702 7.6 0.054 2 27.883 15.3
20030703 18.5 0.11 1.2 27.904 14.5
20030704 0.4 0.182 1 27.998 14.5
20030705 0 0.125 1.7 28.01 15.4
20030706 0 0.099 1.2 28.004 14.8
20030707 0 0.083 2.9 27.999 16.8
20030708 0 0.076 3.4 27.992 17.9
20030709 0 0.062 3.8 27.981 17.6
20030710 0 0.055 4.9 27.968 17.4
20030711 0 0.049 3.5 27.955 19.2
20030712 0 0.04 3.8 27.937 16.1
20030713 0 0.04 4.9 27.919 17.2
20030714 0 0.036 5.3 27.902 20.4
20030715 0 0.035 5.5 27.885 23.7
20030716 19.3 0.032 5 27.87 24.5
20030717 1.4 0.134 1.9 27.911 18.5
20030718 0 0.391 3.9 27.914 19.8
20030719 0 0.211 5.2 27.904 22.9
20030720 0 0.146 4.4 27.892 23.2
20030721 28.3 0.146 4 27.937 19.7
20030722 1.4 0.146 4.3 28.134 19.4
20030723 3 0.146 4.4 28.088 19.6
20030724 2.8 0.146 2.5 NA 18.4
20030725 0.1 0.146 3.8 NA 19.1
20030726 4.8 0.146 2.8 NA 18.8
20030727 3 0.123 3 NA 19.5
20030728 0 0.113 3.3 NA 17
20030729 0 0.146 4.2 NA 19
20030730 3.7 0.101 1.4 NA 17.9
20030731 0 0.08 4 NA 18.6
20030801 0 0.08 4.3 NA 20.7
20030802 0 0.077 4.6 NA 21.5
20030803 0 0.063 4.7 NA 21.2
20030804 0 0.06 4.7 NA 21.5
20030805 0 0.054 4.2 NA 22
20030806 0 0.053 4.5 NA 23.9
20030807 0 0.053 4.3 NA 26.3
20030808 0 0.05 4.4 NA 26.3
20030809 0 0.053 3.3 NA 21.9
20030810 0 0.051 4 NA 21
20030811 0 0.05 4.1 NA 24.1
20030812 0 0.047 4 NA 25.7
20030813 0 0.04 3.6 NA 21.1
20030814 0 0.038 3.4 NA 17.9
20030815 0 0.027 3.5 NA 16.8
20030816 0 0.027 3 NA 15.9
20030817 1 0.027 1.6 NA 17.7
20030818 0 0.027 1.1 NA 18.9
20030819 0.8 0.027 2.3 NA 17.3
20030820 0 0.027 2.7 NA 16.5
20030821 0 0.027 2.9 NA 16.3
20030822 0.2 0.021 1.2 NA 17.4
20030823 1 0.013 2.3 NA 18.4
20030824 0 0.013 1.4 NA 15.8
20030825 0 0.015 3.1 NA 18.2
20030826 0 0.013 3 NA 17.1
20030827 0 0.013 1.5 NA 15.9
20030828 1.5 0.013 2.1 NA 16.3
20030829 19.1 0.013 0.5 NA 13.2
20030830 0 0.013 2.7 NA 14.2
20030831 0 0.057 2.2 NA 12.7
20030901 5.8 0.03 2.2 NA 12.4
20030902 0 0.021 2.9 NA 12.6
20030903 0 0.019 2.7 27.803 12.9
20030904 0 0.02 2.8 27.801 14.4
20030905 0 0.013 3.1 27.8 16.7
20030906 2.4 0.013 1.2 27.793 16.6
20030907 0 0.013 1.4 27.786 15.1
20030908 8.1 0.013 0.7 27.787 14.1
20030909 0.6 0.013 1.8 27.788 13.9
20030910 21.1 0.027 0.6 27.8 11.5
20030911 0.4 0.019 1.5 27.914 14.1
20030912 0.3 0.081 1.6 27.958 13.3
20030913 0 0.093 2.8 27.973 12.9
20030914 0 0.04 2.7 27.978 13.1
20030915 0 0.034 2.4 27.979 14.7
20030916 0 0.027 2.3 27.976 15.1
20030917 0 0.027 2.5 27.971 15.9
20030918 0 0.027 2.7 27.966 18.4
20030919 0 0.027 2.6 27.956 17.9
20030920 0 0.027 2.6 27.946 19.3
20030921 0 0.027 2.4 27.937 18.6
20030922 3.7 0.027 2.5 27.933 20.5
20030923 5.1 0.027 1.2 27.917 9.8
20030924 0 0.027 1.8 27.906 9.1
20030925 0 0.045 2.2 27.907 10.3
20030926 0 0.036 2 27.907 12.2
20030927 0 0.04 1.9 27.9 12.3
20030928 8.5 0.04 0.7 27.899 11.4
20030929 0.7 0.04 1.2 27.9 11.3
20030930 0 0.05 1.8 27.903 10.4
20031001 6.2 0.057 1.3 27.907 11.5
20031002 0 0.052 1.1 27.909 12.6
20031003 2 0.049 0.5 27.926 13.1
20031004 2.1 0.058 1.1 27.935 10.3
20031005 0 0.07 1.5 27.945 8.5
20031006 9.3 0.053 0.3 27.958 8.2
20031007 28 0.042 0.9 28.097 8
20031008 7.9 0.056 0.6 28.237 10.1
20031009 1.2 NA 0.5 28.237 11.5
20031010 1.6 NA 0.8 28.178 12.4
20031011 0 NA 0.6 28.142 10.2
20031012 0 NA 1.5 28.114 7.6
20031013 0 NA 1.3 28.097 8.2
20031014 0 NA 1.5 28.082 7.2
20031015 0 NA 1.4 28.072 6.6
20031016 0 NA 1.4 28.065 6
20031017 0 NA 1.4 28.061 5.6
20031018 0 NA 1.3 28.059 4.9
20031019 0 NA 1.1 28.057 4.7
20031020 0 NA 0.7 28.053 5.1
20031021 0.7 NA 0.6 28.044 4.9
20031022 0 NA 0.7 28.04 4.5
20031023 0 NA 1 28.034 1
20031024 0.5 NA 0.2 28.031 -0.4
20031025 1.5 NA 0.3 28.035 4.7
20031026 4.3 NA 0.3 28.041 5.2
20031027 0 NA 0.9 28.05 1.1
20031028 0 NA 0.7 28.06 0.8
20031029 0 NA 0.9 28.067 3.6
20031030 0 NA 0.3 28.062 6.6
20031031 2.9 NA 0.3 28.063 8
20031101 3.3 NA 0.2 28.066 9.1
20031102 9.1 NA 0.7 28.086 9.5
20031103 8.5 NA 0.6 28.216 11.1
20031104 0 NA 0.9 28.221 7.8
20031105 0 NA 0.9 28.164 7.2
20031106 0 NA 0.9 28.132 7
20031107 0 NA 0.8 28.113 5.5
20031108 0 NA 0.9 28.105 6.5
20031109 0 NA 0.8 28.092 6.4
20031110 0 NA 0.6 28.085 6.3
20031111 0 NA 0.1 28.08 2.1
20031112 0 NA 0.6 28.076 4.3
20031113 0.5 NA 0.7 28.07 8.5
20031114 1.7 NA 0.3 28.076 6.7
20031115 0 NA 0.2 28.081 8
20031116 5.2 NA 0.1 28.079 5.7
20031117 0.5 NA 0.3 28.115 7.5
20031118 1.2 NA 0.1 28.124 10.9
20031119 0.4 NA 0.1 28.128 12.4
20031120 0 NA 0.1 28.118 10
20031121 0 NA 0.4 28.105 9.1
20031122 1.8 NA 0.3 28.104 11.4
20031123 0.6 NA 0.3 28.106 12.8
20031124 1.6 NA 0.1 28.106 9.7
20031125 0 NA 0.3 28.105 6.9
20031126 2.6 NA 0.5 28.103 8.7
20031127 0 NA 0.2 28.109 6.6
20031128 0 NA 0.5 28.097 3.8
20031129 0 NA 0.4 28.093 4.3
20031130 0.4 NA 0.1 28.093 6.7
20031201 0.7 NA 0.4 28.093 8.8
20031202 0 NA 0.3 28.083 4.9
20031203 0 NA 0.1 28.073 2.4
20031204 0 NA 0 28.072 4.4
20031205 0 NA 0.1 28.071 3.6
20031206 2 NA 0.4 28.077 3.3
20031207 0 NA 0.4 28.074 -2.1
20031208 0 NA 0.4 28.071 -3.1
20031209 0 NA 0.4 28.065 -2.3
20031210 0 NA 0.4 28.062 -1.9
20031211 3.6 NA 0.1 28.059 1.8
20031212 0.7 NA 0.3 28.074 2.6
20031213 21.4 NA 0.1 28.234 10.8
20031214 13.6 NA 0.3 28.431 6.5
20031215 1.7 NA 0.2 28.405 2.2
20031216 0 NA 0.3 28.293 4.6
20031217 0 NA 0.3 28.236 3.2
20031218 0 NA 0.4 28.198 1.9
20031219 0 NA 0.1 28.173 3.1
20031220 4.8 NA 0.1 28.174 7.7
20031221 8.1 NA 0.1 28.239 5
20031222 0 NA 0.3 28.296 0.6
20031223 5 NA 0.1 28.233 0.2
20031224 0.3 NA 0.1 28.278 3.3
20031225 0.1 NA 0.1 28.241 7
20031226 0.1 NA 0.2 28.215 7.2
20031227 4.1 NA 0.3 28.232 6.7
20031228 17.5 NA 0.1 28.386 5.8
20031229 0 NA 0.3 28.364 2.9
20031230 0 NA 0.2 28.267 2.1
20031231 0 NA 0.1 28.221 0.9
20040101 0 NA 0.1 28.201 -0.3
20040102 0 NA 0.3 28.165 -2.1
20040103 0 NA 0.2 28.145 -2.4
20040104 1.7 NA 0.1 28.138 0.6
20040105 0.5 NA 0.1 28.154 2.9
20040106 6 NA 0 28.228 5.5
20040107 0 NA 0.2 28.26 5.8
20040108 1.9 NA 0.3 28.231 4.9
20040109 2.9 NA 0.1 28.234 5.8
20040110 0.1 NA 0.2 28.24 4.8
20040111 13.6 1.58 0.1 28.303 8.4
20040112 3.5 1.639 0.2 28.398 4.9
20040113 11.2 2.886 0.1 28.448 6.7
20040114 7.8 3.756 0.2 28.428 4.7
20040115 5.6 5.631 0.2 28.45 4.1
20040116 11.4 4.787 0.1 28.498 5.6
20040117 4.9 5.086 0.1 28.464 4.7
20040118 0 6.718 0.3 28.377 0.7
20040119 13.2 5.291 0.1 28.379 4.9
20040120 0.4 3.691 0.5 28.471 2.9
20040121 0 4.006 0.5 28.332 -0.3
20040122 0 5.859 0.1 28.278 0.5
20040123 0 3.01 0.6 28.251 2.1
20040124 3.9 2.143 0.1 28.243 1.3
20040125 0 1.735 0.3 28.268 2.5
20040126 0 1.607 0.4 28.245 0.7
20040127 0.1 1.91 0.2 28.223 -0.2
20040128 4.1 1.61 0.2 28.215 0
20040129 1.3 1.32 0.4 28.199 0.1
20040130 0 1.255 0.3 28.249 1.7
20040131 9.8 1.179 0.1 28.283 6.7
20040201 6.1 1.614 0.4 28.414 10.1
20040202 11.2 2.101 0.1 28.443 10.5
20040203 0 4.325 0.4 28.421 12.5
20040204 0.7 5.583 0.3 28.32 13.3
20040205 2.7 4.337 0.2 28.28 12.5
20040206 4.5 2.728 0.2 28.276 11.2
20040207 6.5 2.21 0.2 28.337 6.7
20040208 11.6 2.302 0.4 28.445 3
20040209 3.1 2.954 0.5 28.438 2.1
20040210 9.4 5.118 0.3 28.363 2.6
20040211 1.1 4.824 0.2 28.471 5.1
20040212 0.2 3.571 0.3 28.345 3.1
20040213 0.9 5.969 0.3 28.294 7
20040214 0.2 3.149 0.4 28.279 6.7
20040215 0 2.381 0.6 28.253 5
20040216 0 2.131 0.3 28.231 2.3
20040217 0.2 1.739 0.3 28.22 3.3
20040218 0 1.446 1 28.21 4.5
20040219 0 1.249 0.8 28.187 0.7
20040220 0 1.141 1.1 28.174 0
20040221 0 0.967 0.4 28.168 -0.1
20040222 0 0.856 0.6 28.16 1.2
20040223 0 0.819 1 28.146 0
20040224 4.3 0.775 0.7 28.154 0.8
20040225 1.4 0.676 0.9 28.194 0.1
20040226 4.7 0.652 0.5 28.193 -0.9
20040227 0 0.572 1 28.184 -1.3
20040228 0 1.057 0.8 28.188 -0.9
20040229 0 0.913 1 28.193 -1.1
20040301 0 0.926 1.1 28.182 0.6
20040302 0 0.852 0.7 28.173 4.4
20040303 0 0.787 0.6 28.154 0.8
20040304 0 0.791 1 28.145 2.2
20040305 0 0.723 1.3 28.137 2.2
20040306 0.9 0.67 0.4 28.134 1.4
20040307 0.3 0.622 0.8 28.13 2.8
20040308 0 0.592 1.4 28.12 2.1
20040309 0 0.563 0.6 28.116 0.9
20040310 0.2 0.492 0.4 28.118 0.8
20040311 0 0.473 0.8 28.12 1.6
20040312 1.2 0.477 0.8 28.121 3.8
20040313 2.9 0.483 0.9 28.143 7.9
20040314 0.1 0.49 1.8 28.137 9.4
20040315 0 0.621 0.6 28.118 11.5
20040316 0.1 0.549 0.5 28.11 12
20040317 0 0.462 2.1 28.107 12.3
20040318 0.7 0.421 0.9 28.106 9.7
20040319 11 0.405 0.9 28.118 9.7
20040320 8.3 0.394 0.4 28.237 10.3
20040321 1.9 0.536 1.5 28.292 8.4
20040322 3.1 1.552 1 28.268 5
20040323 0 2.03 1.6 28.236 4.5
20040324 0 1.716 0.8 28.193 3.3
20040325 0 1.363 1.3 28.166 2.7
20040326 0 1.008 1.3 28.147 1.9
20040327 0 0.804 1.9 28.132 2.9
20040328 0 0.656 1.5 28.117 5.4
20040329 0 0.575 1.8 28.105 6.1
20040330 0 0.485 2.6 28.1 9.4
20040331 0 0.413 2.1 28.094 10
20040401 0 0.387 2.6 28.086 12.4
20040402 0 0.359 2 28.078 12.7
20040403 0 0.322 1.2 28.069 11.8
20040404 2.6 0.284 1.7 28.072 10.2
20040405 7.1 0.263 1.7 28.076 7.4
20040406 11.5 0.285 1 28.13 5.5
20040407 8.3 0.312 1.1 28.254 5.6
20040408 2.9 0.942 1.6 28.299 5.6
20040409 0 2.452 1.2 28.254 5.8
20040410 0.2 2.543 0.7 28.209 4.5
20040411 0 1.759 1.5 28.176 5.8
20040412 0 1.295 1.6 28.153 6.7
20040413 0.1 0.951 2 28.14 8.4
20040414 0 0.759 2.6 28.125 7.8
20040415 0 0.666 3 28.113 10.5
20040416 0 0.566 3.2 28.102 12.7
20040417 0 0.488 3 28.096 13.9
20040418 0.4 0.428 1.9 28.089 10.6
20040419 0 0.407 1.8 28.068 7.8
20040420 0 0.383 2.8 28.055 9.3
20040421 0 0.311 2.2 28.049 12
20040422 4.2 0.249 1.8 28.043 13
20040423 0 0.218 3 28.044 10.4
20040424 0 0.213 2.5 28.04 10.5
20040425 0 0.235 3.2 28.034 10.4
20040426 0 0.206 2.5 28.033 12.6
20040427 0 0.191 3.7 28.03 14.8
20040428 8.1 0.186 2.5 28.021 14.1
20040429 0.5 0.16 2.3 28.035 14.7
20040430 0 0.166 3.7 28.033 16.6
20040501 3 0.209 2.1 28.013 14.6
20040502 0 0.174 0.9 28.008 12.2
20040503 7.9 0.152 2.5 28.013 12.5
20040504 0.8 0.125 2 28.033 10.6
20040505 0 0.15 2.7 28.033 10.1
20040506 0.9 0.212 1.8 28.013 9.5
20040507 28.8 0.197 0.4 NA 8.4
20040508 0 0.147 1.4 NA 9.4
20040509 1.5 0.437 2.4 NA 11.1
20040510 0.1 1.833 3.2 NA 13.7
20040511 0 1.151 2.3 NA 11.2
20040512 0 0.858 1.2 NA 9.8
20040513 0.9 0.649 1 NA 10.2
20040514 0 0.495 2.2 NA 11.6
20040515 0 0.407 2.8 NA 13.1
20040516 0 0.33 2.8 NA 13.6
20040517 0 0.279 3.8 NA 15
20040518 0 0.24 4 NA 14.7
20040519 0 0.211 4.2 NA 14.8
20040520 0 0.187 2.7 NA 14.3
20040521 0.4 0.16 2.2 NA 10.1
20040522 0.1 0.14 2.7 NA 8.1
20040523 0.5 0.13 3.5 NA 9.8
20040524 0 0.113 3.2 NA 11.2
20040525 0.7 0.101 1.7 NA 10
20040526 0 0.093 2.5 NA 9.1
20040527 0 0.093 2 NA 9.4
20040528 0 0.093 4.2 NA 11.6
20040529 0 0.083 4.8 NA 15.5
20040530 1.6 0.075 3.8 NA 17.6
20040531 21 0.066 1.2 NA 13.5
20040601 0 0.066 4.1 NA 15.2
20040602 5.3 0.264 1.5 NA 13.7
20040603 0 0.506 3.3 NA 14.1
20040604 2.6 0.42 1.3 NA 13.6
20040605 0.4 0.456 1.5 NA 12.7
20040606 0 0.377 2.7 NA 13.3
20040607 0 0.328 4.7 NA 18.2
20040608 0 0.249 4.8 NA 21.4
20040609 0 0.196 4.3 NA 21.3
20040610 0.7 0.153 2.6 NA 18.2
20040611 0 0.125 3.6 NA 17.1
20040612 8.9 0.1 2.4 NA 13.6
20040613 0 0.089 1.8 NA 12.7
20040614 0 0.092 3.2 NA 15.6
20040615 0 0.106 3.3 NA 16.6
20040616 0 0.093 3.1 NA 14.2
20040617 0.3 0.085 1.9 NA 15.7
20040618 1.1 0.072 1.6 NA 14.1
20040619 2.5 0.066 3.3 NA 11.6
20040620 0.9 0.066 3.2 NA 12.2
20040621 0.8 0.066 2.5 NA 12.5
20040622 1.4 0.061 3.1 NA 15
20040623 8.3 0.053 2.2 NA 16.7
20040624 2.1 0.053 3.1 NA 14.6
20040625 5 0.065 1.5 NA 12.6
20040626 0 0.07 3.6 NA 15.3
20040627 1.5 0.07 3.3 NA 17.9
20040628 0 0.066 3.7 NA 15.6
20040629 0 0.066 3.1 NA 15.5
20040630 0 0.054 3.4 NA 18.6
20040701 3.5 0.049 2.6 NA 15.2
20040702 2.4 0.04 3.1 NA 14.7
20040703 5.9 0.045 3.3 NA 15.1
20040704 0.1 0.048 2.2 NA 15
20040705 6.3 0.052 3 NA 14.7
20040706 0 0.045 4.6 NA 15.4
20040707 3.6 0.053 4 NA 17.1
20040708 3.8 0.045 2.1 27.818 17.1
20040709 17.2 0.041 1.7 27.823 15
20040710 1.1 0.044 2.7 27.909 14.6
20040711 0.7 0.1 2.4 27.945 13.9
20040712 8.7 0.183 1.1 27.962 13.4
20040713 0 0.153 2.5 27.989 13.5
20040714 5.3 0.222 2.2 27.992 15.4
20040715 0.1 0.271 1.5 27.998 17.6
20040716 0.1 0.185 2.2 28.005 18.3
20040717 17.9 0.191 4 28.008 20.7
20040718 4.4 0.185 2.4 28.116 19
20040719 0 0.225 3.6 28.134 17.1
20040720 13.6 0.661 1.1 28.148 16.1
20040721 1.5 0.598 3.2 28.199 18
20040722 0 0.76 3.9 28.162 19.4
20040723 0.1 1.123 3.5 28.127 20.3
20040724 0 0.779 4.1 28.096 17.7
20040725 2.7 0.483 1.4 28.074 14.6
20040726 2 0.31 3.2 28.069 15.5
20040727 0 0.234 4 28.058 15.4
20040728 0 0.237 3.9 28.047 17.6
20040729 0 0.19 4.6 28.036 19.2
20040730 0.2 0.144 4.4 28.02 20.8
20040731 0 0.12 4 28.007 20.4
20040801 0 0.1 3.7 27.996 18.7
20040802 0 0.087 4.3 27.986 19.7
20040803 0 0.08 4.4 27.976 21.1
20040804 0 0.073 4.1 27.961 22.8
20040805 0 0.066 3.5 27.947 23.7
20040806 0 0.058 4.3 27.933 24.2
20040807 0 0.04 3.3 27.919 22.2
20040808 0 0.04 4.6 27.907 24.2
20040809 0 0.04 4.6 27.89 25.3
20040810 1.8 0.04 2.8 27.873 22.7
20040811 22.1 0.031 2.5 27.939 20.1
20040812 22.2 0.027 2.1 28.031 19.4
20040813 8 0.109 1.6 28.17 16.7
20040814 0.2 0.189 3.2 28.158 19.3
20040815 0 0.579 2.4 28.11 19.2
20040816 0.9 0.487 1.5 28.09 19
20040817 0 0.316 3 28.073 20.1
20040818 25 0.242 3.3 28.08 21.1
20040819 0.3 0.19 2.6 28.259 19
20040820 3.5 0.166 2.2 28.18 17
20040821 1.5 1.371 1.1 28.146 13.8
20040822 0 0.748 2.4 28.121 14.2
20040823 0 0.566 2.1 28.104 16.1
20040824 3.9 0.483 2.3 28.095 17.3
20040825 5 0.364 1.5 28.095 15.4
20040826 4.1 0.308 2.1 28.121 15.5
20040827 9.4 0.331 0.6 28.157 14.9
20040828 1.1 0.564 2.7 28.235 15.9
20040829 1.1 0.76 2.4 28.176 15.5
20040830 5.3 1.554 1.5 28.145 14.4
20040831 9 0.937 1.9 28.205 13.9
20040901 0 0.653 2.5 28.231 14
20040902 0 0.749 3.1 28.168 15.7
20040903 0 0.978 3.1 28.125 17.6
20040904 0 0.621 2.8 28.098 19.3
20040905 0 0.411 3.2 28.083 20
20040906 0 0.287 3.4 28.07 19.5
20040907 0 0.221 2.9 28.055 18.3
20040908 0 0.179 2.9 28.044 15.2
20040909 0 0.134 3 28.037 15.4
20040910 0 0.098 3.1 28.033 17.6
20040911 1.4 0.064 1.9 28.021 18.6
20040912 0 0.066 2.7 28.012 15.4
20040913 5.1 0.066 1.7 28.005 15.4
20040914 0 0.062 2.3 28 14.7
20040915 1.7 0.054 1.3 27.987 12.2
20040916 0 0.066 2.2 27.981 11.3
20040917 0 0.054 2.4 27.982 13.6
20040918 1.7 0.053 2.4 27.981 17.2
20040919 5.8 0.053 2.3 27.977 14.6
20040920 12.2 0.053 0.5 27.987 13.2
20040921 4.8 0.066 1.5 28.054 12.6
20040922 6.5 0.067 0.6 28.1 11.4
20040923 8.3 0.133 0.8 28.177 11.8
20040924 6.1 0.168 1.4 28.209 11.5
20040925 1 0.356 1 28.228 11.7
20040926 0 0.837 1.5 28.184 13.4
20040927 1.5 1.009 1.4 28.157 14.2
20040928 3.6 0.826 0.8 28.138 15.2
20040929 1.4 0.65 1.3 28.152 12.5
20040930 1.2 0.556 1.5 28.14 12.2
20041001 0.1 0.556 0.8 28.128 13.6
20041002 1.9 0.6 1.4 28.125 13.5
20041003 0 0.548 1.5 28.111 13.5
20041004 0 0.426 1.3 28.103 15.7
20041005 0.1 0.372 0.5 28.091 14.6
20041006 0.7 0.307 1.4 28.083 12.5
20041007 0 0.301 1.4 NA 10.8
20041008 0 0.216 1.2 NA 8.9
20041009 0 0.168 1.6 NA 8.1
20041010 0 0.149 1.6 NA 8
20041011 0 0.13 1.6 NA 7.4
20041012 0 0.116 1.5 NA 7.1
20041013 0 0.101 1.3 NA 9.9
20041014 0.1 0.087 1.1 NA 11.6
20041015 4.7 0.08 1.1 NA 10.6
20041016 0.7 0.08 0.4 NA 7.9
20041017 1.5 0.081 0.3 NA 8.6
20041018 1.2 0.104 0.6 NA 8.9
20041019 0 0.103 1.3 NA 8.6
20041020 9.9 0.108 0.3 NA 12.8
20041021 3.3 0.106 1.4 NA 13.1
20041022 0 0.131 1.4 NA 13.1
20041023 2 0.407 0.3 NA 15.6
20041024 0 0.464 0.6 NA 16.8
20041025 0 0.406 0.8 NA 14.1
20041026 0 0.41 1 NA 8.3
20041027 0 0.347 0.7 NA 7.4
20041028 1.2 0.255 0.6 NA 11.3
20041029 5.7 0.216 0.5 NA 12
20041030 0 0.207 0.3 NA 10
20041031 0 0.199 0.3 NA 9
20041101 0 0.199 0.4 NA 7.1
20041102 0.3 0.199 0.2 NA 8.6
20041103 0 0.283 0.6 28.084 10.3
20041104 0 0.264 0.5 28.081 10.5
20041105 0.3 0.243 0.6 28.072 7.6
20041106 6 0.216 0.4 28.092 8
20041107 0 0.182 0.8 28.133 7
20041108 0 0.242 0.4 28.123 6.1
20041109 3.9 0.389 0.5 28.11 1.9
20041110 13.7 0.381 0.2 28.253 4.9
20041111 0 0.318 0.5 28.28 3
20041112 1.6 1.804 0.5 28.224 3.2
20041113 1.2 1.703 0.6 28.209 4.6
20041114 0.2 1.154 0.6 28.187 4.6
20041115 0.1 1.08 0.1 28.171 4.8
20041116 0.6 0.898 0.1 28.159 9.2
20041117 5.1 0.781 0.1 28.171 10.8
20041118 17.5 0.683 0.2 28.242 7.3
20041119 6.9 0.745 0.4 28.448 2.1
20041120 2.8 1.424 0.3 28.394 1.5
20041121 1.1 5.499 0.4 28.326 0.6
20041122 1.8 3.661 0.2 28.302 10
20041123 2.9 2.55 0.3 28.309 6.1
20041124 0 2.241 0.5 28.267 0.6
20041125 0 2.273 0.5 28.236 -0.5
20041126 1.4 1.719 0.1 28.218 2.6
20041127 0.8 1.356 0.3 28.228 7.6
20041128 6.4 1.119 0.1 28.24 7.4
20041129 0 1.249 0.2 28.302 6.9
20041130 0 1.379 0.3 28.254 4
20041201 4.7 2.107 0 28.248 2
20041202 0 1.514 0.2 28.273 2.3
20041203 0.4 1.453 0.2 28.23 3.7
20041204 0.3 1.747 0.1 28.207 2.3
20041205 0 1.28 0.1 28.197 5
20041206 0 1.044 0.1 28.188 6.9
20041207 0 0.962 0.1 28.178 5.6
20041208 0 0.884 0.3 28.169 4.2
20041209 0 0.808 0.3 28.162 -1.1
20041210 0 0.735 0.4 28.152 -1.8
20041211 0 0.676 0.1 28.15 0.9
20041212 0 0.592 0.1 28.148 2.8
20041213 0 0.545 0.1 28.141 -0.9
20041214 0 0.545 0.1 28.135 -0.2
20041215 0 0.514 0.3 28.134 3.6
20041216 2.9 0.467 0.3 28.143 4.9
20041217 7 0.451 0.2 28.188 5.4
20041218 7.1 0.488 0.2 28.304 3.2
20041219 0 0.828 0.4 28.336 -0.5
20041220 0 2.079 0.4 28.25 -2.2
20041221 0 2.587 0.4 28.198 -2.6
20041222 3.3 1.422 0 28.18 1.6
20041223 1.5 0.949 0.1 28.254 8.3
20041224 11.2 0.839 0.4 28.273 8.4
20041225 4.3 1.354 0.3 28.436 3.7
20041226 0 1.581 0.1 28.343 -1.3
20041227 0 4.292 0.1 28.283 -2.8
20041228 4.6 2.566 0.1 28.265 0.7
20041229 1.8 1.736 0.4 28.287 2.2
20041230 0.3 1.475 0.1 28.309 5.4
20041231 1.2 1.567 0.1 28.281 8.5
20050101 1.7 1.915 0.1 28.269 6.7
20050102 0.2 1.797 0.2 28.26 5.4
20050103 0 1.608 0.1 28.229 6.3
20050104 1.5 1.502 0.1 28.218 7.2
20050105 1.8 1.123 0.2 28.218 5.9
20050106 1.7 0.997 0.5 28.242 7
20050107 0 0.992 0.2 28.234 10.5
20050108 0.2 1.24 0.2 28.213 8.6
20050109 0 1.16 0.4 28.177 7
20050110 1 0.968 0.5 28.17 11.2
20050111 1.8 0.699 0.3 28.179 9.8
20050112 1.3 0.662 0.4 28.185 7.9
20050113 0.6 0.714 0.4 28.165 4.2
20050114 0 0.76 0.4 28.152 1.4
20050115 0 0.626 0.5 28.147 -0.2
20050116 0 0.517 0.5 28.14 0.3
20050117 6.8 0.494 0.2 28.151 5.5
20050118 5 0.464 0.2 28.296 4
20050119 1.6 0.494 0.3 28.315 4
20050120 5.1 1.765 0.1 28.304 8.9
20050121 6.1 1.992 0.5 28.374 4
20050122 2 1.76 0.5 28.363 3.7
20050123 1.6 2.696 0.4 28.301 1.6
20050124 4.1 2.843 0.6 28.271 -2.2
20050125 0 1.931 0.4 28.244 -1.5
20050126 0 1.623 0.3 28.219 -2.6
20050127 0 1.315 0.2 28.212 -0.6
20050128 0 1.071 0.2 28.214 -0.7
20050129 0.1 1.009 0.4 28.205 -1.2
20050130 2.1 0.973 0.3 28.235 4
20050131 6.4 0.874 0.2 28.306 5.6
20050201 0 0.963 0.4 28.347 4.1
20050202 2.5 1.626 0.3 28.296 5.6
20050203 1.5 2.502 0.3 28.303 5.7
20050204 0.2 1.878 0.3 28.271 4.6
20050205 0 1.953 0.8 28.245 1.8
20050206 0 1.622 0.7 28.215 0.5
20050207 0 1.331 0.7 28.191 -1.3
20050208 0 1.018 0.7 28.179 -0.8
20050209 0.5 0.833 0.6 28.181 4.9
20050210 8.2 0.715 0.1 28.232 6.9
20050211 0.5 0.655 0.4 28.316 5.7
20050212 17.8 0.86 0.1 28.442 7.8
20050213 4.9 1.755 0.7 28.515 3
20050214 3.9 4.445 0.3 28.429 2.3
20050215 0 5.057 0.2 28.364 0.4
20050216 0 3.639 0.7 28.298 -0.4
20050217 0 2.856 0.3 28.262 -0.8
20050218 2.7 1.914 0.3 28.247 -0.1
20050219 1.1 1.503 0.7 28.259 2.3
20050220 1.6 1.275 0.4 28.268 1.6
20050221 3.1 1.235 0.7 28.265 1.3
20050222 0 1.51 0.5 28.262 -0.6
20050223 0.6 1.478 0.3 28.23 -0.7
20050224 0.8 1.458 0.6 28.227 -0.5
20050225 0 1.11 0.5 28.215 -0.5
20050226 0.8 1.059 0.2 28.219 0.4
20050227 0 0.953 0.9 28.2 -3.5
20050228 0 0.933 1.1 28.179 -3.7
20050301 0.4 0.647 0.4 28.172 -2.4
20050302 4.9 0.599 0.3 28.158 -0.9
20050303 0.9 0.559 0.1 28.144 -2.4
20050304 0 0.53 0.3 28.146 -6.6
20050305 0.1 0.557 0.4 28.143 -2.3
20050306 1.2 0.452 1 28.127 -3.1
20050307 1.4 0.672 0.8 28.16 2.3
20050308 0.8 1.838 0.7 28.301 4.1
20050309 0.4 1.649 0.6 28.272 3.9
20050310 0 1.307 1.4 28.237 1.4
20050311 8.3 1.697 0.1 28.261 3.3
20050312 5.4 2.909 0.7 28.36 2.6
20050313 0.2 2.657 0.9 28.351 3.5
20050314 0 1.739 0.8 28.28 4.1
20050315 0 1.262 1.4 28.237 8.1
20050316 0.6 1.025 2.1 28.212 14.1
20050317 0.6 0.946 0.3 28.197 12.3
20050318 0.2 0.821 0.3 28.181 9.1
20050319 0.7 0.787 0.7 28.18 8.8
20050320 0 0.726 2 28.171 5.8
20050321 0 0.641 2.1 28.155 7.6
20050322 1.1 0.578 1.7 28.141 11.5
20050323 0 0.503 2.4 28.13 11.9
20050324 2.8 0.475 1.9 28.124 13.2
20050325 2 0.592 1.7 28.143 11.7
20050326 0.1 0.587 1.5 28.146 10.8
20050327 2 0.52 1.2 28.129 11.6
20050328 10.8 0.766 0.8 28.164 11.3
20050329 0.2 1.262 0.9 28.253 10.4
20050330 0 0.967 1.9 28.217 11.3
20050331 0 0.675 2.5 28.17 9.4
20050401 0 0.53 2.6 28.138 8.8
20050402 0 0.464 2.8 28.118 9.8
20050403 0 0.403 2.8 28.103 12.4
20050404 1.4 0.36 2.6 28.094 13.3
20050405 1 0.361 2 28.089 8.3
20050406 1.8 0.341 1.5 28.091 9
20050407 3.3 0.403 1.9 28.097 8.3
20050408 7.1 0.451 1.1 28.11 6.3
20050409 3.4 0.497 1.7 28.13 4.5
20050410 4 0.639 1 28.157 7.2
20050411 0 0.733 1.7 28.175 9.2
20050412 0 0.643 2.2 28.155 9.4
20050413 0.5 0.581 1.5 28.138 10.9
20050414 1 0.518 1.9 28.128 12.7
20050415 2.6 0.444 2.3 28.111 12.6
20050416 2.3 0.479 1.5 28.116 10.3
20050417 0 0.463 1.2 28.116 10.4
20050418 0.1 0.405 1.5 28.104 11.6
20050419 24.5 0.971 0.5 28.142 7.8
20050420 2.2 4.183 2.2 28.399 8.2
20050421 0 1.955 3.1 28.29 7.4
20050422 0 1.255 3.3 28.229 8.4
20050423 0 0.922 3.4 28.19 10.3
20050424 0 0.709 2.8 28.158 12.1
20050425 0 0.545 3.2 28.132 11
20050426 2.9 0.441 1.8 28.107 10.2
20050427 26.2 2.631 2.5 28.314 11
20050428 0 1.691 2.9 28.292 12.4
20050429 7.5 1.767 1.2 28.287 13.6
20050430 0 1.536 1.5 28.268 13.1
20050501 0 1.124 4 28.229 18.9
20050502 1.2 0.843 2.2 28.195 17.4
20050503 7.3 0.988 1.4 28.208 13.3
20050504 12.1 1.357 1.5 28.259 12.3
20050505 2.4 2.026 2.6 28.338 9.6
20050506 2.8 1.591 2.1 28.285 9.8
20050507 13.3 2.386 1 28.332 7.5
20050508 2.7 3.277 2 28.388 6.2
20050509 2.3 2.287 2.3 28.33 7.1
20050510 2 1.627 2.3 28.283 7.5
20050511 0 1.218 2.2 28.246 8
20050512 0 0.944 2.9 28.219 8.3
20050513 0 0.769 3 28.197 11.7
20050514 0 0.669 2.7 28.177 11.7
20050515 0.3 0.546 2.8 28.155 10.5
20050516 2.1 0.48 2.1 28.146 9.6
20050517 0.3 0.436 2.3 28.142 7.5
20050518 0 0.375 3.1 28.126 8.1
20050519 0.3 0.331 3.4 28.117 13.8
20050520 2.6 0.321 2.6 28.116 16.5
20050521 4 0.419 3.4 28.138 16.1
20050522 0 0.387 3.9 28.131 15.9
20050523 0 0.299 3.6 28.102 13.2
20050524 0 0.248 2.1 28.085 14.1
20050525 0 0.216 4.1 28.075 17.9
20050526 0 0.192 4.8 28.072 22.2
20050527 0 0.173 5.1 28.064 23
20050528 0 0.155 5 28.055 22.9
20050529 1.3 0.139 4.2 28.04 16.4
20050530 8.9 0.181 0.6 28.043 10.5
20050531 6 0.251 3.3 28.077 11.3
20050601 0 0.283 3.9 28.101 12.2
20050602 0.6 0.256 1.3 28.09 15.5
20050603 9.7 0.234 3.7 28.086 18.1
20050604 0.7 0.302 2.1 28.127 14.3
20050605 7.8 0.273 1.8 28.116 13.8
20050606 0 0.326 2.4 28.143 11.3
20050607 0 0.246 2.6 28.111 10.2
20050608 0 0.178 3.4 28.085 11
20050609 0 0.151 4.1 28.074 12.7
20050610 1.1 0.137 3.1 28.065 12.4
20050611 0.5 0.129 1.8 28.056 10.4
20050612 7.2 0.12 2.2 28.047 11.7
20050613 3.4 0.178 3.1 28.059 12
20050614 0 0.147 4.7 28.059 15.5
20050615 0 0.11 4.5 28.04 17.8
20050616 0 0.088 4.1 28.024 19
20050617 0 0.08 2 28.01 19.3
20050618 0 0.074 5.1 28 18.5
20050619 0 0.065 5.5 27.992 20.4
20050620 0 0.06 5.4 27.98 24.2
20050621 0 0.058 4.2 27.964 21.2
20050622 0 0.066 4.7 27.949 18.6
20050623 0 0.062 5.4 27.94 22.3
20050624 0 0.061 5 27.93 25.3
20050625 7.3 0.076 1.4 27.916 18.2
20050626 0 0.072 4.3 27.91 16.4
20050627 0 0.061 5 27.903 17.6
20050628 0 0.053 5.1 27.894 17.7
20050629 0.2 0.053 3.1 27.884 18.3
20050630 27.8 0.115 1.7 27.909 17.1
20050701 1.1 0.219 2.2 28.066 16.3
20050702 0.5 0.128 2 28.038 17.2
20050703 0.4 0.11 3.9 28.023 20.9
20050704 9.8 0.112 2.7 28.014 19.1
20050705 0 0.135 3.2 28.008 14.5
20050706 10.2 0.1 1.5 28.003 14.8
20050707 0 0.149 3.1 28.041 15.1
20050708 15.2 0.195 1.8 28.071 14
20050709 0 0.488 3.4 28.148 16
20050710 0 0.306 4.9 28.113 21.2
20050711 0 0.181 5 28.077 20.4
20050712 0 0.123 4.9 28.052 21.1
20050713 0 0.092 4.7 28.03 20
20050714 0 0.07 4.5 28.01 20.4
20050715 0 0.065 3.7 27.993 20.7
20050716 0 0.053 3.7 27.972 16.8
20050717 0 0.053 3.8 27.953 16.5
20050718 0 0.053 3.7 27.94 20
20050719 0 0.052 3 27.919 18.3
20050720 0.7 0.044 2.1 27.901 15.9
20050721 4.6 0.049 1.3 27.889 14.9
20050722 4.1 0.067 1.3 27.885 14
20050723 0 0.058 2.2 27.883 14.5
20050724 6.1 0.056 3.2 27.876 17
20050725 8.5 0.076 1.9 27.874 17.8
20050726 1.1 0.073 1.5 27.885 15.6
20050727 4.4 0.061 1.7 27.899 18.3
20050728 0.4 0.061 3.8 27.908 22.6
20050729 15.1 0.047 2.6 27.911 21.8
20050730 11.3 0.381 2.6 28.03 17
20050731 1.8 0.307 1.4 28.133 15.2
20050801 0 0.247 2.4 28.124 14.7
20050802 0 0.173 2.3 28.096 14
20050803 8.7 0.158 2.8 28.079 14.7
20050804 0.5 0.202 2.9 28.1 15.6
20050805 5.8 0.171 1.4 28.09 14.4
20050806 3.6 0.242 2.1 28.11 12.8
20050807 5.1 0.304 3.2 28.129 13
20050808 0.9 0.33 2.4 28.133 15
20050809 0 0.282 2.2 28.115 14.2
20050810 2.1 0.206 1.8 28.091 14.2
20050811 0 0.179 1.7 28.078 15.3
20050812 21.4 0.562 1 28.144 13.7
20050813 1.9 1.57 3.3 28.252 15.3
20050814 11.1 1.502 2.1 28.266 16.2
20050815 2.5 1.843 1.5 28.281 15.5
20050816 0 1.217 2.5 28.224 14.5
20050817 0 0.75 3.9 28.178 16.5
20050818 0 0.488 3.9 28.143 19.9
20050819 6.3 0.342 2.7 28.116 19.7
20050820 0 0.36 1.6 28.122 16.6
20050821 0 0.328 1.6 28.11 17.2
20050822 0 0.273 1.5 28.1 16.4
20050823 0 0.233 1.6 28.088 14.5
20050824 0 0.195 3 28.079 15
20050825 18.3 0.273 1.1 28.095 14.2
20050826 0.3 1.262 2.4 28.205 13.5
20050827 0 0.818 1.7 28.168 14.7
20050828 0 0.533 3.3 28.136 15.8
20050829 0 0.346 3.6 28.116 18
20050830 0 0.24 3.4 28.1 18.5
20050831 0 0.196 3.7 28.093 21.2
20050901 0 0.165 2.4 28.079 19.5
20050902 0 0.137 2.9 28.061 19.2
20050903 0 0.115 2.7 28.053 18.4
20050904 0 0.106 3.3 28.047 17.7
20050905 0 0.099 3.4 28.04 19.1
20050906 0 0.088 3 28.028 18.7
20050907 0 0.08 2.8 28.015 19
20050908 0 0.074 3.1 28.003 20.7
20050909 0 0.073 1.7 27.996 19.5
20050910 4.1 0.116 2.6 27.994 20.1
20050911 0.2 0.091 0.6 27.995 17.3
20050912 0 0.08 1.5 27.987 16
20050913 0 0.072 2.4 27.978 13.4
20050914 1.1 0.066 0.7 27.977 15.7
20050915 19.4 0.086 1.1 27.984 15.2
20050916 6.3 0.411 1.9 28.143 11.5
20050917 0 0.283 2.2 28.143 9.1
20050918 0 0.185 2.4 28.108 9.7
20050919 0 0.142 2.4 28.089 10.8
20050920 0 0.115 2.3 28.073 11.5
20050921 0 0.099 2.3 28.062 12.6
20050922 0 0.093 2.4 28.055 13.1
20050923 0 0.078 2.3 28.051 14
20050924 0 0.066 1.8 28.039 14.4
20050925 3 0.072 1 28.036 14.2
20050926 0.9 0.069 1.1 28.031 14.4
20050927 1.7 0.066 0.8 28.033 15.2
20050928 0 0.066 1.9 28.03 13.4
20050929 8.8 0.078 1.8 28.033 11.6
20050930 2.6 0.076 0.7 28.05 11.5
20051001 6.9 0.14 1.2 28.112 12.9
20051002 0.5 0.153 1.5 28.132 11
20051003 0 0.127 1.5 28.11 9.5
20051004 0 0.119 0.8 28.096 11.8
20051005 0 0.106 1.8 28.086 14
20051006 0 0.093 1.5 28.076 14
20051007 0 0.087 1.8 28.072 12.7
20051008 0 0.08 0.9 NA 12.9
20051009 0 0.08 0.4 NA 12.9
20051010 0 0.072 1.8 NA 14.8
20051011 0 0.066 1.8 NA 13.8
20051012 0 0.06 1.7 NA 14.4
20051013 0 0.053 1.7 NA 12.5
20051014 0 0.053 1.3 NA 12.7
20051015 0 0.053 1.5 NA 12.2
20051016 0 0.051 1.6 NA 10.6
20051017 0 0.047 1.5 NA 8.7
20051018 0 0.041 1.4 NA 8.8
20051019 3.3 0.048 0.3 NA 8
20051020 1 0.053 1 NA 12.1
20051021 6.5 0.059 0.4 NA 12.7
20051022 0.1 0.08 0.7 NA 12.4
20051023 2.7 0.07 0.8 NA 11.2
20051024 12.6 0.157 0.2 NA 12.4
20051025 5.1 0.571 0.2 NA 14.2
20051026 0 0.69 1 NA 13.7
20051027 0 0.507 1.3 NA 15.9
20051028 0 0.4 1.3 NA 16.4
20051029 0.1 0.322 1.1 NA 16.4
20051030 0 0.272 1.3 NA 16.2
20051031 0 0.23 1.1 NA 15.9
20051101 2.2 0.198 0.8 NA 12.5
20051102 5 0.192 0.2 NA 12
20051103 1.1 0.369 1.1 28.145 15.9
20051104 0.6 0.341 0.5 28.133 13.2
20051105 0 0.271 0.7 28.113 8.3
20051106 0 0.221 1 28.102 10.8
20051107 3.5 0.242 0.2 28.1 9.9
20051108 0 0.29 0.8 28.12 11.3
20051109 0 0.269 0.7 28.11 9.9
20051110 0.3 0.195 0.6 28.091 8
20051111 0.2 0.2 0.3 28.097 11.3
20051112 0 0.206 0.2 28.098 8.9
20051113 0 0.171 0.5 28.081 6.5
20051114 0 0.147 0.7 28.077 4.6
20051115 7.2 0.25 0.1 28.107 6.6
20051116 3.6 0.505 0.3 28.174 4.8
20051117 0.5 0.615 0.6 28.191 3.4
20051118 0 0.49 0.6 28.167 1.8
20051119 0 0.377 0.2 28.141 0
20051120 0 0.351 0.2 28.131 4.7
20051121 3 0.388 0.3 28.137 5.3
20051122 0 0.429 0.3 28.149 1.5
20051123 0 0.395 0.2 28.141 2.7
20051124 6.2 0.477 0.1 28.158 2.7
20051125 63 1.429 0.1 28.339 0.6
20051126 21.1 2.551 0.1 28.472 0.4
20051127 0.8 3.307 0.2 28.457 0.7
20051128 0 3.751 0.2 28.446 0.9
20051129 0 4.159 0.2 28.487 1.9
20051130 0 4.903 0.3 28.516 2
20051201 0 4.587 0.4 28.465 0.9
20051202 1 3.052 0.3 28.388 2.8
20051203 0.1 3.552 0.2 28.573 6
20051204 2.9 4.637 0.3 28.549 7.5
20051205 0.8 4.359 0.2 28.439 6.6
20051206 0.8 3.031 0.1 28.357 5.7
20051207 4.4 2.402 0.2 28.324 6
20051208 0.2 2.505 0.3 28.344 4.1
20051209 0 1.762 0.1 28.282 2.5
20051210 0 1.455 0.3 28.258 -1.5
20051211 0 1.277 0.1 28.246 1.7
20051212 0.2 1.173 0.3 28.237 5
20051213 0 1.059 0.1 28.229 5.9
20051214 2.4 1.17 0.3 28.246 6.3
20051215 0.8 1.256 0.2 28.251 6.9
20051216 10.2 1.679 0.3 28.358 5.5
20051217 4.3 2.281 0.2 28.355 0.3
20051218 0.1 1.969 0.4 28.3 0.1
20051219 3.9 1.965 0.1 28.359 2.3
20051220 0 2.385 0.1 28.36 3.9
20051221 1.3 1.912 0.1 28.294 4.5
20051222 2.2 1.663 0.2 28.275 6.7
20051223 0.5 1.722 0.1 28.301 7.2
20051224 0.4 1.605 0.1 28.27 6.5
20051225 0.2 1.324 0.5 28.25 4.2
20051226 1.3 1.204 0.2 28.242 0.4
20051227 0.2 1.095 0.2 28.23 -1.4
20051228 0 0.901 0.3 28.215 -2.2
20051229 0 0.78 0.2 28.202 -2
20051230 4.1 0.708 0.3 28.197 -1.2
20051231 3.7 0.852 0.1 28.311 4.2
20060101 0.2 1.342 0.1 28.346 3.7
20060102 0 1.507 0.1 28.268 1
20060103 0 1.302 0.2 28.238 0.7
20060104 0 1.109 0.1 28.223 0.7
20060105 0 1.001 0.1 28.217 0.8
20060106 0 0.888 0.1 28.202 1.5
20060107 0 0.767 0.1 28.189 1.4
20060108 0 0.698 0.1 28.181 1.5
20060109 0 0.603 0.1 28.171 -2.8
20060110 0 0.556 0.2 28.165 0.4
20060111 3.5 0.575 0.1 28.172 2.4
20060112 0 0.732 0.3 28.206 2.8
20060113 0 0.751 0.4 28.192 0.3
20060114 0 0.628 0.5 28.17 0.5
20060115 0 0.526 0.5 28.156 -3.3
20060116 0.8 0.441 0.5 28.144 0.3
20060117 4.2 0.507 0.1 28.173 3.6
20060118 0.1 0.724 0.4 28.228 3
20060119 1.1 0.814 0.1 28.223 3.5
20060120 3.1 0.955 0.1 28.26 7
20060121 3.6 1.205 0.3 28.273 5.1
20060122 0 1.43 0.1 28.281 -1.5
20060123 0 1.028 0.5 28.219 -4.3
20060124 0 0.709 0.4 28.179 -3.2
20060125 1.5 0.621 0.2 28.163 -0.4
20060126 0 0.535 0.2 28.148 -0.6
20060127 0 0.429 0.4 28.142 -4.3
20060128 0 0.347 0.5 28.123 -4.2
20060129 0 0.28 0.6 28.108 -1.7
20060130 0 0.276 0.2 28.103 1.8
20060131 0 0.301 0.4 28.107 0.2
20060201 0 0.31 0.2 28.115 -4.1
20060202 0 0.319 0.1 28.115 -4.3
20060203 0 0.3 0.1 28.11 -1.6
20060204 0.1 0.284 0.2 28.102 1.3
20060205 0.8 0.3 0.1 28.107 0.6
20060206 0.2 0.367 0.1 28.12 2.1
20060207 1.2 0.582 0.2 28.156 5.4
20060208 13.3 2.837 0.3 28.329 4.2
20060209 5.7 3.79 0.4 28.41 2.3
20060210 0 3.28 0.1 28.384 2.4
20060211 0 2.044 0.2 28.301 1.1
20060212 0.5 1.618 0.5 28.269 1.1
20060213 0 1.352 0.8 28.251 1.5
20060214 0 1.207 0.3 28.238 4.4
20060215 7 1.943 0.2 28.299 6.2
20060216 3.8 2.741 0.6 28.37 6.4
20060217 8.7 3.261 0.2 28.387 5.1
20060218 5.4 4.916 0.4 28.477 4.6
20060219 0 3.024 0.7 28.388 4.3
20060220 0.4 1.986 0.2 28.313 3.2
20060221 3 1.986 0.2 28.309 2.4
20060222 0 1.68 0.2 28.288 1.1
20060223 0 1.29 0.9 28.257 -0.1
20060224 0 1.03 1 28.235 0.5
20060225 0 0.877 1.1 28.221 -0.6
20060226 0 0.758 0.7 28.207 0.5
20060227 1.3 0.743 0.5 28.205 1.4
20060228 3.9 1.254 0.3 28.254 1
20060301 0.7 1.345 0.5 28.266 0.2
20060302 1 1.238 1 28.254 -0.2
20060303 0.4 1.197 0.5 28.25 -1.2
20060304 0.1 0.98 0.8 28.231 -1.3
20060305 1.2 0.816 0.8 28.214 0.5
20060306 0.3 0.842 0.9 28.219 1.7
20060307 0 0.743 1.1 28.203 1.7
20060308 11 0.758 0.3 28.226 2.5
20060309 6.5 3.834 0.3 28.435 4.7
20060310 5 3.876 0.6 28.437 4.9
20060311 0.7 3.221 0.5 28.396 -0.8
20060312 0 1.78 1.3 28.298 -3.1
20060313 0 1.35 1.4 28.259 -2
20060314 0 1.117 1.4 28.238 -0.6
20060315 0 0.952 1.4 28.221 0.2
20060316 0 0.847 0.4 28.206 1.1
20060317 0 0.754 0.4 28.196 0.5
20060318 0 0.685 0.5 NA -0.1
20060319 0 0.678 0.7 NA 1.9
20060320 0 0.643 1.3 NA 3.9
20060321 0 0.563 1.7 NA 2.4
20060322 0 0.496 1.3 NA 0.3
20060323 0 0.448 2 NA 2
20060324 1.8 0.481 1.2 NA 5.7
20060325 6.7 0.827 1 NA 10.7
20060326 9.5 1.875 1.4 NA 14.2
20060327 3.4 2.041 1.4 NA 13.8
20060328 0 1.722 2 NA 10.5
20060329 2.6 1.246 0.9 NA 8.3
20060330 10.8 2.876 0.9 NA 11.6
20060331 4.2 3.055 1.6 NA 11.6
20060401 4.7 2.665 1.4 NA 10.5
20060402 1 2.491 1.3 NA 9.6
20060403 1.8 1.798 1.1 NA 7.2
20060404 2.3 1.438 1.8 NA 4.4
20060405 0 1.231 1.8 NA 3.4
20060406 0 0.954 1.9 NA 5.9
20060407 3.3 0.818 1.5 NA 6.9
20060408 5.1 1.137 1.1 NA 6.6
20060409 0.3 1.29 2 NA 5.5
20060410 0 0.899 1.7 NA 4.7
20060411 1.9 0.725 1.7 NA 4.4
20060412 4.9 1.046 1.2 NA 6.9
20060413 7.6 1.369 0.5 NA 8.9
20060414 0 2.003 1.8 NA 8.2
20060415 3.2 1.258 1.5 NA 8.4
20060416 2.3 1.563 1.4 NA 11.5
20060417 0.9 1.336 1.9 NA 10.5
20060418 1.7 1.011 1.2 NA 8.6
20060419 0.1 0.879 2.2 NA 9.9
20060420 0 0.731 2.3 NA 11.2
20060421 0.2 0.628 2.4 NA 13.7
20060422 0.8 0.583 1.8 NA 9.3
20060423 0 0.523 2.3 NA 10.4
20060424 0 0.45 2.8 NA 12.8
20060425 0 0.419 3.4 NA 15.1
20060426 0.3 0.393 1 NA 12.5
20060427 0 0.362 2.7 NA 11.1
20060428 0 0.326 2.8 NA 7.6
20060429 2.2 0.33 1.7 NA 6.9
20060430 0 0.31 2.4 NA 5.8
20060501 1.7 0.288 1.9 NA 8.1
20060502 0 0.268 3 NA 12.5
20060503 0 0.24 3.8 NA 18.4
20060504 0 0.217 4.1 NA 19.6
20060505 0 0.201 4 NA 17.8
20060506 0 0.175 4.2 NA 17
20060507 0 0.159 3.9 NA 17.8
20060508 0 0.141 4.2 NA 18.3
20060509 0 0.134 4 NA 18.1
20060510 0 0.139 4.5 NA 16.7
20060511 0 0.175 4.4 NA 17.3
20060512 0 0.101 3.6 NA 17.2
20060513 0.9 0.099 3.1 NA 15.4
20060514 0 0.093 3 NA 12.2
20060515 0.1 0.093 2.7 NA 14.7
20060516 0 0.089 2.6 NA 15.6
20060517 0.8 0.084 3.2 NA 16
20060518 8 0.106 3 NA 16.1
20060519 19.8 0.248 0.8 NA 12.2
20060520 23.6 0.506 1 NA 11.6
20060521 13.8 1.692 1.7 NA 13.4
20060522 2.9 1.854 2.9 NA 14.8
20060523 2.9 1.234 1.8 NA 10.4
20060524 4.8 0.947 2.2 NA 10.1
20060525 4.4 1.263 1.6 NA 10.3
20060526 7.3 1.204 1.2 NA 12.1
20060527 1.9 1.589 0.6 NA 14
20060528 1.7 1.539 2.4 NA 12.6
20060529 3.6 1.035 2.9 NA 11.1
20060530 0.8 0.866 2.7 NA 8.5
20060531 0 0.681 1.3 NA 9.6
20060601 1.9 0.538 2.2 NA 9.6
20060602 0 0.433 3 NA 12.2
20060603 0 0.382 2.8 NA 14
20060604 0 0.334 3.9 NA 11.7
20060605 0 0.283 2.2 NA 10.7
20060606 0 0.238 3.8 NA 12.1
20060607 0 0.208 3.9 NA 13.6
20060608 0 0.19 4.8 NA 16.2
20060609 0 0.168 4.9 NA 19.3
20060610 0 0.151 5.3 NA 21.1
20060611 0 0.128 5.6 NA 22.4
20060612 0 0.111 5.7 NA 22.8
20060613 0 0.1 5.5 NA 24.3
20060614 5.5 0.093 3 NA 18.7
20060615 0.4 0.123 1 NA 14.6
20060616 0 0.11 2 NA 13
20060617 0 0.089 4.8 NA 16.1
20060618 0.6 0.079 4.3 NA 20.5
20060619 1.8 0.08 3.2 NA 20.8
20060620 0 0.074 4.2 NA 19.6
20060621 0 0.066 1.8 NA 17.3
20060622 0 0.066 2.7 NA 14.8
20060623 0 0.06 3.2 NA 16
20060624 0 0.053 3.9 NA 17.9
20060625 1 0.053 3 NA 20.7
20060626 0 0.053 1.4 NA 17.5
20060627 0 0.053 2.7 NA 15.6
20060628 0 0.049 4.2 NA 15.7
20060629 0 0.04 4.9 NA 17.4
20060630 0 0.037 5 NA 20.3
20060701 0 0.035 5.5 NA 21.9
20060702 0 0.027 5.5 NA 22.7
20060703 0 0.027 5.6 NA 22.7
20060704 0 0.027 5.1 NA 24
20060705 1.4 0.027 4.4 NA 23.9
20060706 2.9 0.027 3.7 NA 21.9
20060707 0 0.033 3.3 NA 20.7
20060708 0 0.027 3.6 NA 20
20060709 0.7 0.027 2.8 NA 20.6
20060710 0 0.027 3.8 NA 20.2
20060711 0 0.027 2.8 NA 20.7
20060712 0 0.027 5.1 NA 19.1
20060713 0 0.027 5.2 NA 20.9
20060714 0 0.014 5.1 NA 17.6
20060715 0 0.013 5.1 NA 18.9
20060716 0 0.013 5.3 NA 21.6
20060717 0 0.013 5.3 NA 22.4
20060718 0 0.013 5.4 NA 25.3
20060719 0 0.013 5.5 NA 26.7
20060720 0 0.013 4.5 NA 25.7
20060721 0 0.013 5 NA 25.3
20060722 41.8 0.047 3 NA 23.1
20060723 0 0.197 3.8 NA 22.4
20060724 0 0.034 4.3 NA 22.7
20060725 0 0.027 5 NA 25
20060726 0 0.027 4.9 NA 25.7
20060727 0 0.027 4 NA 24.7
20060728 0.7 0.027 3.1 NA 22.6
20060729 0 0.027 3.9 NA 21.2
20060730 1.7 0.027 2.3 NA 21.4
20060731 1 0.021 3.4 NA 19
20060801 11.2 0.022 1.5 NA 17.3
20060802 28.2 0.111 0.9 NA 14.7
20060803 0 0.2 2.4 NA 15.6
20060804 55.2 0.182 1.7 NA 16.9
20060805 0 1.234 3.6 NA 19.9
20060806 0 1.04 3.8 NA 20.2
20060807 1.3 0.635 1.7 NA 18.3
20060808 0 0.493 2 NA 16.1
20060809 1.4 0.377 1.6 NA 15.2
20060810 2.5 0.303 2 NA 13.8
20060811 5.6 0.276 2.2 NA 13.7
20060812 6.4 0.473 1.7 NA 13.5
20060813 0 0.864 3.6 NA 15.4
20060814 5.3 0.713 1.1 NA 14.9
20060815 0.1 0.739 1.5 NA 16.1
20060816 1.1 0.666 2.8 NA 17.3
20060817 0.2 0.497 2.3 NA 18.1
20060818 0.7 0.392 2.1 NA 18.7
20060819 2.5 0.328 3.1 NA 18.8
20060820 7.7 0.278 1.7 NA 16.5
20060821 2.1 0.335 2.2 NA 16.7
20060822 0.4 0.385 2.2 NA 15.7
20060823 0 0.339 2.4 NA 15.7
20060824 0.2 0.289 1.5 NA 16.1
20060825 0 0.254 2 NA 15.4
20060826 0 0.224 2.6 NA 15.9
20060827 8.3 0.199 1.7 NA 15.1
20060828 19.5 0.298 0.9 NA 13.3
20060829 3.1 0.962 1.8 NA 12.2
20060830 4.6 1.248 1.5 NA 12.5
20060831 0.6 1.412 1.4 NA 14.4
20060901 0 1.121 1.6 NA 17.6
20060902 0 0.852 1.7 NA 18
20060903 4 0.647 0.6 NA 19
20060904 0 0.593 2.6 NA 17.3
20060905 0 0.457 1.1 NA 17.2
20060906 0 0.386 2.6 NA 20.1
20060907 1.5 0.338 1.6 NA 16
20060908 0 0.286 2.6 NA 13.5
20060909 0 0.235 2.8 NA 13.7
20060910 0 0.197 3.2 NA 16.6
20060911 0 0.168 3 NA 18.4
20060912 0 0.141 3 NA 19.9
20060913 0 0.126 2.9 NA 21.4
20060914 0 0.118 2.9 NA 21.4
20060915 0 0.107 2.8 NA 20.2
20060916 0 0.097 2.7 NA 20.3
20060917 0 0.093 2 NA 18
20060918 0.1 0.083 0.8 NA 17
20060919 0 0.08 1 NA 14.3
20060920 0 0.08 2.5 NA 14.2
20060921 0 0.08 2.8 NA 18.1
20060922 0 0.071 2.7 NA 20.5
20060923 0 0.066 1.2 NA 18.8
20060924 0.1 0.066 1 NA 18.8
20060925 0 0.066 1.4 NA 17.2
20060926 0.9 0.066 1 NA 16.4
20060927 0 0.066 1.2 NA 14.5
20060928 0 0.066 1.5 NA 15.5
20060929 0 0.056 1.4 NA 16.8
20060930 0.5 0.053 1.9 NA 16
20061001 5.1 0.053 1.1 NA 16
20061002 10.9 0.067 1.1 NA 15.2
20061003 1.5 0.126 0.9 NA 13.6
20061004 0.8 0.11 1.3 NA 13
20061005 3.9 0.094 1.4 NA 13.1
20061006 6.2 0.106 0.3 NA 15.1
20061007 0.6 0.15 1.5 NA 13.3
20061008 0 0.14 1.2 NA 11.5
20061009 0 0.126 1.6 NA 13.6
20061010 5.7 0.124 0.5 NA 15.4
20061011 0 0.175 1.7 NA 14.9
20061012 0.4 0.171 1.2 NA 16.3
20061013 0 0.142 0.4 NA 13.9
20061014 0 0.13 0.8 NA 12.7
20061015 0 0.118 1.2 NA 10.4
20061016 0 0.102 1.5 NA 9.7
20061017 0 0.093 1.4 NA 10.7
20061018 0.1 0.093 0.6 NA 12.9
20061019 0.6 0.093 0.7 NA 13.9
20061020 1.7 0.093 0.8 NA 14.7
20061021 0 0.093 0.9 NA 15.1
20061022 2.9 0.08 0.9 NA 15.1
20061023 6.5 0.108 0.7 NA 16.4
20061024 14.4 0.3 0.3 NA 13.2
20061025 0.4 0.742 0.7 NA 12
20061026 0 0.661 1.2 NA 18
20061027 0 0.45 1.3 NA 12.6
20061028 1.1 0.355 0.4 NA 12.5
20061029 1.4 0.348 0.7 NA 13.7
20061030 0 0.326 0.7 NA 11.5
20061031 3.4 0.297 0.3 NA 11.5
20061101 0.5 0.316 0.8 NA 5.9
20061102 0.5 0.27 0.7 NA 4.4
20061103 0.5 0.243 0.3 NA 5.3
20061104 0 0.231 0.6 NA 8.2
20061105 0 0.225 0.3 NA 10.6
20061106 0 0.205 0.3 NA 10.7
20061107 0 0.186 0.4 NA 7.1
20061108 3.3 0.17 0.3 NA 8.3
20061109 0.6 0.19 0.7 NA 8.6
20061110 0 0.199 0.6 NA 5.6
20061111 15 0.489 0.3 NA 8.3
20061112 1.2 1.054 0.5 NA 7.1
20061113 3.5 1.098 0.1 NA 10.2
20061114 1.7 1.17 0.4 NA 12.1
20061115 0 1.037 0.3 NA 12.8
20061116 0.4 0.934 0.6 NA 14.9
20061117 6.5 0.914 0.4 NA 11.5
20061118 0 1.14 0.3 NA 8.3
20061119 5.9 1.025 0.1 NA 5.3
20061120 7.2 1.331 0.2 NA 6.8
20061121 7.8 2.173 0.4 NA 6.8
20061122 2.1 2.406 0.2 NA 5.6
20061123 10.7 2.394 0.1 NA 9.4
20061124 0.4 2.774 0.4 NA 10.5
20061125 1.1 2.432 0.2 NA 14.5
20061126 0 1.721 0.4 NA 10.6
20061127 0 1.331 0.3 NA 10.7
20061128 0.6 1.118 0.5 NA 11.4
20061129 0 1.006 0.5 NA 8.3
20061130 0 0.904 0.2 NA 4.8
20061201 0 0.826 0.4 NA 8.9
20061202 0.7 0.75 0.2 NA 9.9
20061203 3.4 0.69 0.3 NA 9.6
20061204 4.4 0.825 0.2 NA 9.2
20061205 5.3 1.255 0.2 NA 13.1
20061206 0 1.746 0.1 NA 9.6
20061207 17.6 1.771 0 NA 8.2
20061208 9.2 4.13 0.1 NA 9.7
20061209 0 4.062 0.4 NA 5.6
20061210 0 2.453 0.4 NA 3.5
20061211 10 2.112 0 NA 6.5
20061212 1.4 3.34 0.5 NA 7.1
20061213 2.3 3.031 0.2 NA 9.6
20061214 0 2.27 0.1 NA 9.2
20061215 0 1.676 0.4 NA 6.5
20061216 5.9 1.505 0.1 NA 5.6
20061217 2.8 1.878 0.3 NA 3.5
20061218 0 1.95 0.1 NA 0.5
20061219 0 1.514 0.2 NA 0.8
20061220 0.1 1.261 0 NA 1.3
20061221 0.4 1.107 0.1 NA 6
20061222 0 1.011 0.1 NA 5.8
20061223 0 0.912 0.1 NA 3.2
20061224 0 0.838 0.1 NA 2.8
20061225 0 0.794 0.1 NA 5.3
20061226 0 0.756 0 NA 1.9
20061227 0 0.717 0 NA 0.5
20061228 1.9 0.695 0 NA 3.4
20061229 0 0.727 0.3 NA 5.8
20061230 10.1 0.76 0 NA 8.7
20061231 2.2 1.411 0.2 NA 9.7
20070101 4.9 1.947 0.2 NA 7.6
20070102 3.5 2.072 0.2 NA 4.8
20070103 0.9 2.1 0.2 NA 5.4
20070104 6.1 2.141 0.2 NA 8.3
20070105 0.4 2.401 0.1 NA 8
20070106 12.3 2.138 0.2 NA 8.5
20070107 3.4 3.039 0.2 NA 7.7
20070108 5.1 3.375 0.3 NA 8.8
20070109 0.2 3.241 0.1 NA 12.9
20070110 3.8 2.396 0.2 NA 10.6
20070111 9.6 2.339 0 NA 7.6
20070112 0.2 2.85 0.3 NA 9.4
20070113 0.1 2.472 0.1 NA 10.9
20070114 3.1 2.079 0.5 NA 6.5
20070115 0 1.694 0.5 NA 4.7
20070116 0.7 1.41 0.2 NA 7.1
20070117 6.8 1.34 0.3 NA 9.5
20070118 32.6 2.27 0 NA 10.3
20070119 2.8 3.638 0.4 NA 9.3
20070120 5.6 3.834 0.1 NA 10.1
20070121 1.8 3.939 0.4 NA 5.8
20070122 3.3 3.649 0.2 NA 1.2
20070123 0 3.018 0.3 NA -4.4
20070124 0 2.196 0.2 NA -3.9
20070125 0 1.662 0.3 NA -2.4
20070126 1 1.406 0.1 NA 0.4
20070127 0.8 1.343 0.3 NA 2.8
20070128 2.6 1.404 0.1 NA 6
20070129 0 1.543 0.4 NA 7.5
20070130 0 1.562 0.3 NA 7.4
20070131 0.6 1.477 0.4 NA 6.5
20070201 0 1.301 0.3 NA 7.8
20070202 0 1.187 0.1 NA 7.1
20070203 0 1.067 0.7 NA 5.8
20070204 0 0.975 0.4 NA 3.8
20070205 0.3 0.934 0.2 NA 0.9
20070206 0 0.901 0.8 NA 0.8
20070207 0 0.852 0.4 NA -1.2
20070208 8.4 0.782 0.1 NA -0.4
20070209 0.8 0.938 0.1 NA 1.8
20070210 1.8 1.067 0.2 NA 1.6
20070211 9.9 1.165 0.2 NA 6.9
20070212 6.8 1.348 0.4 NA 7.9
20070213 4.9 1.515 0.3 NA 7.3
20070214 8.3 1.636 0.2 NA 5.8
20070215 0 1.815 1.1 NA 6.1
20070216 0 1.887 0.9 NA 6.5
20070217 0 1.89 0.9 NA 6.6
20070218 0 1.738 0.2 NA 4
20070219 0 1.324 0.7 NA 4.6
20070220 0 1.141 0.8 NA 7.2
20070221 2.9 1.102 0.3 NA 7.5
20070222 0 1.232 0.8 NA 7.3
20070223 3.5 1.057 0.5 NA 9.4
20070224 8.4 1.196 0.6 NA 9.4
20070225 9.6 1.659 0.5 NA 7.8
20070226 1.8 2.12 0.3 NA 6.9
20070227 7.4 2.27 0.4 NA 6.1
20070228 11 2.591 0.7 NA 9.6
20070301 16.7 3.294 0.9 NA 7.7
20070302 0.1 3.869 0.8 NA 5.5
20070303 6.3 4.009 0.2 NA 5.1
20070304 0.2 3.842 0.9 NA 8
20070305 5.6 3.169 1.2 NA 8.7
20070306 12.9 3.121 0.4 NA 8.9
20070307 3.7 3.585 0.5 NA 8.2
20070308 0 3.678 1.2 NA 7.6
20070309 5.7 3.183 0.4 NA 6
20070310 0 3.18 1.5 NA 6.1
20070311 0 2.196 1.8 NA 8
20070312 0 1.778 1.9 NA 8.4
20070313 0 1.473 1.7 NA 7.5
20070314 0 1.19 1.4 NA 5.7
20070315 0 1.081 1.6 NA 5.7
20070316 0.6 1.025 0.4 NA 6.9
20070317 2.1 1.054 0.5 NA 9.5
20070318 9.2 1.308 0.8 NA 6.2
20070319 0.1 1.589 1 NA 2.2
20070320 0.7 1.622 1.2 NA 3
20070321 1.5 1.272 1.3 NA 3.7
20070322 0.7 1.087 0.4 NA 5.7
20070323 0.2 1.02 0.9 NA 6.1
20070324 0.1 0.853 1.2 NA 8.8
20070325 0 0.721 2 NA 9.7
20070326 0 0.641 2.4 NA 10.5
20070327 0 0.589 2.4 NA 10.5
20070328 0 0.539 2.5 NA 10.1
20070329 0.1 0.512 1.6 NA 8.7
20070330 1.3 0.504 1.8 NA 8.5
20070331 0 0.464 2.4 NA 10.6
20070401 0 0.391 2.7 NA 11.3
20070402 0 0.356 2.6 NA 11.2
20070403 0.1 0.359 0.9 NA 6.6
20070404 0 0.331 2.5 NA 5.6
20070405 0 0.306 1.8 NA 7.5
20070406 0 0.305 2.4 NA 8.9
20070407 0 0.279 1.4 NA 7.8
20070408 0 0.262 2.2 NA 7.4
20070409 0 0.255 1.5 NA 10.3
20070410 0 0.248 1.2 NA 11.7
20070411 0 0.239 1.4 NA 11.7
20070412 0 0.228 3.1 NA 13.3
20070413 0 0.213 2.8 NA 15.7
20070414 0 0.203 3.5 NA 17.7
20070415 0 0.186 3.8 NA 17.7
20070416 0 0.18 3.6 NA 17.2
20070417 0 0.167 2.3 NA 10.2
20070418 0 0.16 2 NA 7.6
20070419 0 0.158 3 NA 9.6
20070420 0 0.143 2 NA 6
20070421 0 0.133 2.9 NA 6.8
20070422 0 0.128 3.4 NA 11.9
20070423 0 0.114 3 NA 15.6
20070424 0 0.106 2.4 NA 16.3
20070425 0 0.106 2.9 NA 18.8
20070426 0 0.099 3.9 NA 19.1
20070427 0 0.087 4 NA 18.2
20070428 0 0.08 4 NA 18.4
20070429 0 0.076 4 NA 14.4
20070430 0 0.069 4 NA 12.5
20070501 0 0.066 4 NA 13.8
20070502 0 0.061 4.1 NA 13.7
20070503 0 0.053 3.7 NA 13.4
20070504 0 0.053 3.7 NA 15.5
20070505 0 0.053 4 NA 13.9
20070506 0.2 0.053 2.9 NA 12.9
20070507 36.9 0.093 0.4 NA 12.4
20070508 7.7 0.719 1.5 NA 11.8
20070509 1.9 0.795 2.3 NA 12.8
20070510 6 0.722 1.5 NA 13.1
20070511 5.7 1.083 1.1 NA 11.9
20070512 1.8 0.966 2.2 NA 13.2
20070513 0.2 0.725 1.7 NA 15.5
20070514 3.9 0.526 2.5 NA 14.4
20070515 3.9 0.596 2.8 NA 11.9
20070516 22.7 1.902 1.5 NA 10.8
20070517 0.4 1.961 2.5 NA 10.1
20070518 2.2 1.175 3.7 NA 15.6
20070519 2.3 1.074 3.8 NA 15
20070520 0.1 0.757 2.4 NA 15.8
20070521 0 0.57 1.7 NA 16.9
20070522 0 0.449 2.8 NA 16.7
20070523 0 0.354 4.6 NA 16
20070524 0 0.288 4.8 NA 18.4
20070525 12.8 0.736 2.7 NA 18.6
20070526 1.3 0.755 1.6 NA 14.8
20070527 4.5 0.715 1.6 NA 15.1
20070528 2 0.702 1.2 NA 12.9
20070529 0 0.615 0.8 NA 11.3
20070530 0 0.427 4.5 NA 14.2
20070531 8.1 0.396 2.1 NA 14.1
20070601 0 0.571 3.7 NA 16.9
20070602 0 0.37 4.1 NA 17.7
20070603 0 0.278 1.4 NA 15.9
20070604 0 0.233 3.7 NA 17.6
20070605 0 0.184 3.2 NA 18.5
20070606 0 0.165 3.7 NA 18.2
20070607 0 0.14 4.5 NA 22.2
20070608 0.2 0.115 4.7 NA 23.8
20070609 1.1 0.092 3.8 NA 20.5
20070610 30.8 0.245 3.1 NA 20.3
20070611 0 1.373 3.6 NA 19.8
20070612 0 0.573 1.1 NA 17.4
20070613 0 0.388 2.4 NA 17.9
20070614 4.4 0.283 3.3 NA 19.4
20070615 0.7 0.307 1.8 NA 18.8
20070616 4.5 0.261 3.2 NA 16.3
20070617 0.9 0.24 3.1 NA 17.2
20070618 14.8 0.327 2.1 NA 16.7
20070619 0 1.104 5.1 NA 19.3
20070620 0 0.631 3 NA 20
20070621 4.6 0.389 1.1 NA 16.1
20070622 1.7 0.424 2.7 NA 15.8
20070623 2.1 0.386 2.7 NA 15.9
20070624 0.6 0.322 2.6 NA 16.5
20070625 14.1 0.388 1.8 NA 15.5
20070626 1.9 1.167 2.1 NA 12.8
20070627 0.2 0.776 2.8 NA 13.3
20070628 1 0.498 3.2 NA 14.6
20070629 2.8 0.359 1.1 NA 14.9
20070630 0.1 0.336 2.3 NA 16.4
20070701 10.3 0.297 3.2 NA 19.5
20070702 3.4 0.515 3.1 NA 17.5
20070703 5.6 0.733 1.5 NA 14.4
20070704 11.2 1.976 2.2 NA 14.1
20070705 12.9 3.259 3.1 NA 15.9
20070706 5.9 2.857 0.9 NA 14.8
20070707 3.7 2.128 2.8 NA 16
20070708 0 1.441 4.1 NA 16.6
20070709 4.6 1.07 3 NA 14.5
20070710 2.8 1.096 2.6 NA 13.8
20070711 4.7 1.028 1.3 NA 14.3
20070712 1.8 1.078 1.9 NA 16.1
20070713 0 0.825 2.7 NA 20
20070714 0 0.597 4 NA 22
20070715 0 0.412 4.4 NA 23
20070716 0 0.314 3.8 NA 24.2
20070717 4.9 0.279 4.2 NA 19.3
20070718 0 0.201 4 NA 18.3
20070719 0 0.163 3.6 NA 18.5
20070720 13.7 0.29 2.1 NA 18.5
20070721 0.1 0.326 4.4 NA 18.3
20070722 9 0.253 3.3 NA 16
20070723 1.2 0.288 1.7 NA 16
20070724 5.2 0.465 2 NA 15.6
20070725 0 0.393 4 NA 17.5
20070726 6.3 0.282 2.3 NA 18.5
20070727 0 0.419 2.5 NA 17.5
20070728 7.5 0.631 2.7 NA 16.4
20070729 15.3 1.385 1.3 NA 13.8
20070730 4.7 2.484 2.9 NA 13
20070731 0 1.432 3.4 NA 13.5
20070801 0 0.833 4.2 NA 15.9
20070802 1.6 0.619 1.3 NA 15.7
20070803 0 0.47 3.8 NA 16.5
20070804 0 0.344 4.4 NA 18.9
20070805 0 0.27 4.8 NA 22.1
20070806 1.6 0.21 4.1 NA 22.3
20070807 2.4 0.179 0.9 NA 17.6
20070808 0 0.179 2.7 NA 15.9
20070809 6.4 0.198 0.3 NA 16.2
20070810 1.2 0.228 1.3 NA 17.4
20070811 0 0.202 3.6 NA 15.4
20070812 0 0.151 4 NA 17
20070813 0 0.12 3.4 NA 17.6
20070814 1.1 0.09 3.5 NA 19.5
20070815 2 0.091 2.7 NA 21.4
20070816 15 0.299 2.8 NA 16.4
20070817 6.8 0.224 2 NA 13.6
20070818 0 0.247 3.3 NA 15.5
20070819 2.4 0.203 2.2 NA 17.3
20070820 0 0.199 2.1 NA 16.1
20070821 11.5 0.19 1.4 NA 16
20070822 1.6 0.498 2.3 NA 17.1
20070823 19.5 1.991 2.9 NA 17.8
20070824 0 1.436 3.5 NA 18.9
20070825 0 0.789 3.3 NA 18.4
20070826 0 0.533 2.4 NA 16.5
20070827 0 0.385 2.6 NA 14.4
20070828 0 0.305 2.6 NA 13
20070829 0 0.24 2.6 NA 12.2
20070830 0.4 0.219 1.5 NA 14.1
20070831 0 0.175 1.1 NA 15.6
20070901 0.1 0.174 1.6 NA 16.1
20070902 3.1 0.159 1.2 NA 16.4
20070903 19.1 1.517 2.7 NA 13.6
20070904 0.7 0.951 2.3 NA 11
20070905 0.4 0.592 1.4 NA 11.3
20070906 0.6 0.493 2.4 NA 16.2
20070907 0.3 0.422 1.5 NA 15.4
20070908 0.5 0.319 1.1 NA 15.4
20070909 0 0.268 1.7 NA 14.3
20070910 11.5 0.388 1.4 NA 13.7
20070911 0 0.459 1.9 NA 13.7
20070912 0.3 0.318 1.7 NA 13
20070913 0 0.266 1.1 NA 11.6
20070914 0.3 0.238 1.8 NA 12.5
20070915 0 0.181 2.4 NA 11.4
20070916 0 0.155 2.4 NA 15.3
20070917 6 0.163 0.7 NA 14.1
20070918 3.3 0.303 2 NA 11.1
20070919 0 0.263 2.2 NA 11.4
20070920 0.3 0.219 0.9 NA 14.5
20070921 0 0.173 1.4 NA 15.4
20070922 0 0.142 1.4 NA 13.5
20070923 0 0.127 2.2 NA 15.8
20070924 3.9 0.124 1.5 NA 14.8
20070925 1.7 0.124 1.4 NA 11.3
20070926 4.3 0.184 1.1 NA 9.4
20070927 2.1 0.229 1.1 NA 11.2
20070928 5.2 0.54 1 NA 13.9
20070929 10 0.832 0.3 NA 12.3
20070930 0 1.504 0.6 NA 11.6
20071001 1.9 1.061 0.5 NA 10.7
20071002 0 0.954 0.4 NA 12.3
20071003 18.3 2.681 0.7 NA 14.7
20071004 0 3.251 0.9 NA 13.7
20071005 0 1.725 1.2 NA 11.1
20071006 0 1.181 1.7 NA 9.6
20071007 0 0.875 1.7 NA 9.2
20071008 0 0.677 1 NA 9.5
20071009 0 0.578 0.7 NA 11.9
20071010 0 0.441 1.3 NA 11.3
20071011 0 0.394 1.3 NA 11
20071012 0.3 0.385 1.1 NA 13.1
20071013 0 0.315 1.6 NA 11.1
20071014 0 0.279 1.6 NA 10.4
20071015 0 0.259 1.5 NA 12.5
20071016 0 0.267 1.3 NA 13.6
20071017 4.5 0.229 0.4 NA 11.8
20071018 1 0.273 1.1 NA 8.4
20071019 0.6 0.263 0.6 NA 6.8
20071020 0 0.237 1.2 NA 4.4
20071021 1.4 0.241 0.2 NA 7.2
20071022 0 0.251 1.2 NA 4
20071023 0 0.215 1.1 NA 3.9
20071024 0 0.192 0.4 NA 7.4
20071025 0 0.176 0.2 NA 7.6
20071026 0 0.17 0.3 NA 8
20071027 0 0.153 0.3 NA 8.2
20071028 1.2 0.146 0.7 NA 9.7
20071029 15.8 0.637 0.1 NA 8.5
20071030 0 1.34 0.9 NA 7.4
20071031 0 0.861 0.6 NA 7.6
20071101 0 0.678 0.3 NA 11.1
20071102 1.4 0.6 0.3 NA 12.8
20071103 0.3 0.663 0.3 NA 11.8
20071104 0 0.584 0.4 NA 9.4
20071105 4.3 0.479 0.3 NA 8.9
20071106 0.6 0.701 0.6 NA 7.3
20071107 4.8 0.726 0.2 NA 9.4
20071108 8.2 1.175 0.2 NA 8.5
20071109 6.9 3.444 0.5 NA 5
20071110 18.9 7.286 0.4 NA 6.6
20071111 7.8 7.692 0.4 NA 6.9
20071112 0 4.392 0.5 NA 5.4
20071113 7.2 2.875 0.2 NA 3.5
20071114 0 3.387 0.6 NA 2
20071115 0 1.995 0.6 NA 0.6
20071116 0 1.544 0.3 NA 3.1
20071117 0 1.283 0.3 NA 2.7
20071118 0 1.136 0.5 NA 3.2
20071119 0 0.989 0.1 NA 3.2
20071120 0 0.849 0.4 NA 7.8
20071121 0.3 0.791 0.1 NA 9.1
20071122 0 0.719 0.6 NA 8.2
20071123 0.3 0.627 0.1 NA 5.3
20071124 1 0.549 0.4 NA 3.1
20071125 3.2 0.768 0.4 NA 5.6
20071126 0.4 0.888 0.3 NA 3.6
20071127 0 0.744 0.4 NA 3.5
20071128 0 0.677 0.3 NA 4.7
20071129 1.3 0.685 0.1 NA 5
20071130 4.3 0.682 0.1 NA 6.1
20071201 5.1 1.912 0.5 NA 8.6
20071202 15.1 3.395 0.1 NA 8.5
20071203 3 5.231 0.3 NA 6.3
20071204 0.2 2.751 0.3 NA 6.1
20071205 1.8 2.039 0.2 NA 11.1
20071206 12.5 2.58 0.1 NA 9.9
20071207 15 10.67 0.3 NA 9.6
20071208 9.9 4.882 0.3 NA 5.8
20071209 4.9 8.162 0.4 NA 7.5
20071210 1.6 4.475 0.2 NA 5.9
20071211 0 2.895 0.4 NA 4.3
20071212 0 2.05 0.1 NA 3
20071213 0 1.634 0.3 NA 0.5
20071214 0 1.388 0.1 NA 0.5
20071215 0 1.211 0.3 NA 0.9
20071216 0 0.991 0.4 NA -1.8
20071217 0 0.841 0.2 NA -0.6
20071218 0 0.716 0.3 NA -1.7
20071219 0 0.608 0.1 NA -3.4
20071220 0 0.578 0.1 NA -3.9
20071221 0 0.532 0.2 NA -5
20071222 0 0.452 0.4 NA -3.3
20071223 0.3 0.42 0.2 NA 1
20071224 0 0.462 0.3 NA 1.4
20071225 0 0.535 0.2 NA 2.4
20071226 0.6 0.539 0.1 NA 2.9
20071227 0 0.611 0.2 NA 4
20071228 0 0.771 0.4 NA 6.4
20071229 1.6 0.874 0.3 NA 5.1
20071230 2.4 0.872 0.1 NA 5.1
20071231 0 0.866 0.2 NA 0.7
20080101 0 0.757 0.2 NA -1.3
20080102 0 0.633 0.5 NA -1.6
20080103 0.2 0.57 0.2 NA 0.4
20080104 0.5 0.485 0.2 NA 2
20080105 7.7 1.068 0.1 NA 5.9
20080106 1.5 1.698 0.3 NA 4.1
20080107 4.2 1.645 0.2 NA 6.4
20080108 0.3 1.645 0.3 NA 5.6
20080109 1.2 1.425 0.2 NA 5.9
20080110 0 1.196 0.3 NA 7.4
20080111 4 1.167 0.2 NA 10.2
20080112 1.2 1.559 0.2 NA 5.8
20080113 0 1.202 0.3 NA 4.7
20080114 0 1.01 0.4 NA 6.1
20080115 5.8 1.023 0.2 NA 8.3
20080116 0 1.504 0.4 NA 7.3
20080117 2.3 1.084 0.3 NA 6.3
20080118 8.2 1.729 0.2 NA 8.8
20080119 24.9 2.446 0.1 NA 10.7
20080120 12.7 NA 0.1 NA 11.4
20080121 17.2 NA 0.1 NA 9.6
20080122 1.1 NA 0.6 NA 3.9
20080123 0.8 NA 0.1 NA 5.2
20080124 3.6 NA 0.1 NA 7.7
20080125 0 NA 0.4 NA 5.5
20080126 0 NA 0.6 NA 7.9
20080127 1.4 NA 0.2 NA 8.1
20080128 0 NA 0.2 NA 7.5
20080129 0 NA 0.1 NA 5.7
20080130 2.2 2.481 0.2 NA 3.5
20080131 3.8 1.441 0.2 NA 3.4
20080201 1 1.995 0.4 NA 5.4
20080202 3 1.689 0.5 NA 2.6
20080203 0 1.383 0.5 NA 2.8
20080204 0.9 1.179 0.2 NA 5.3
20080205 8.9 1.378 0.1 NA 6.8
20080206 2.6 3.614 0.3 NA 7
20080207 0 2.286 0.8 NA 4.3
20080208 0 1.607 1 NA 6.5
20080209 0 1.229 1 NA 5
20080210 0 1.002 0.9 NA 4.5
20080211 0 0.898 1 NA 4.8
20080212 0 0.863 1 NA 3.6
20080213 0 0.764 0.3 NA 1.4
20080214 0 0.715 0.2 NA 3.1
20080215 0 0.647 1 NA 0.7
20080216 0 0.56 0.9 NA -2.3
20080217 0 0.544 1 NA -1
20080218 0 0.557 0.6 NA 0.6
20080219 0 0.648 0.6 NA 2.2
20080220 0 0.631 0.9 NA 2.1
20080221 0.3 0.571 0.3 NA 6.6
20080222 0.1 0.602 0.2 NA 9.8
20080223 0 0.529 1 NA 8.4
20080224 0.7 0.518 0.5 NA 8.8
20080225 2.5 0.622 1.3 NA 7.1
20080226 3.9 0.843 0.2 NA 9.7
20080227 0 0.86 1.2 NA 6.2
20080228 0 0.647 0.9 NA 6.1
20080229 5.1 0.654 0.6 NA 7.2
20080301 7.3 2.418 0.8 NA 8.6
20080302 3 1.96 1.2 NA 9.1
20080303 0.1 1.364 1.1 NA 5.5
20080304 1.1 0.927 1 NA 2
20080305 0 0.727 1.4 NA 2.4
20080306 1.2 0.754 0.2 NA 6
20080307 0 0.845 0.5 NA 6.9
20080308 0 0.722 1.4 NA 6.4
20080309 1 0.663 0.7 NA 7.9
20080310 2.2 0.724 0.8 NA 7.1
20080311 7.7 1.029 0.5 NA 8
20080312 7.3 3.29 0.4 NA 7
20080313 0.2 2.58 1.3 NA 7.3
20080314 0.2 1.624 1.5 NA 6.9
20080315 0 1.168 1.1 NA 6.9
20080316 14.9 2.792 0.6 NA 7.8
20080317 0.7 3.221 1 NA 4.1
20080318 2.5 1.938 1.5 NA 3.1
20080319 0.3 1.721 1.5 NA 3.8
20080320 14 1.508 0.8 NA 4
20080321 10.4 8.765 0.7 NA 2.6
20080322 0.6 4.057 0.4 NA 0.3
20080323 0 2.488 1.9 NA 0.1
20080324 1.9 1.95 1.1 NA 0.8
20080325 4.2 1.851 1.3 NA 0.4
20080326 0.1 1.997 1.3 NA 2.6
20080327 0.7 1.49 1.3 NA 4.2
20080328 3.7 1.316 0.9 NA 7.1
20080329 0.5 1.596 1.9 NA 8.8
20080330 12.7 1.293 0.9 NA 9.7
20080331 0 1.638 1.8 NA 9.1
20080401 11.4 NA 1.3 NA 8.4
20080402 0.4 NA 1.3 NA 8.1
20080403 0.6 NA 0.8 NA 7.2
20080404 0 NA 0.8 NA 8
20080405 11.3 NA 0.7 NA 6.9
20080406 0.1 NA 1.8 NA 4.1
20080407 0 NA 2.2 NA 3.3
20080408 0 NA 2.2 NA 4
20080409 0 NA 2.3 NA 5.4
20080410 0 0.984 2.2 NA 5
20080411 0 0.848 1.8 NA 6.6
20080412 0 0.738 2 NA 8.1
20080413 0.4 0.654 1.4 NA 7.7
20080414 0.9 0.618 1 NA 6.7
20080415 5.5 0.608 1.5 NA 4.2
20080416 0 0.674 1.7 NA 3.6
20080417 0 0.703 2.7 NA 5.4
20080418 0 0.615 1.7 NA 7.2
20080419 0 0.532 2 NA 8.2
20080420 0 0.448 2.3 NA 10.2
20080421 0 0.41 3.2 NA 11.8
20080422 0 0.366 2.6 NA 11.2
20080423 0.4 0.239 2.8 NA 12.7
20080424 2.8 0.173 2.2 NA 12.3
20080425 0 0.192 2.4 NA 10.6
20080426 0 0.22 2.4 NA 12.5
20080427 0 0.25 3.3 NA 15.9
20080428 14.9 0.294 0.6 NA 10.9
20080429 0.3 0.398 2.1 NA 11.1
20080430 0 0.456 2.3 NA 12.9
20080501 0.5 NA 2.5 NA 9.5
20080502 0.8 NA 2.7 NA 10
20080503 0 NA 3.2 NA 11.5
20080504 0 NA 4 NA 13.5
20080505 0 NA 4.2 NA 14.2
20080506 0 0.253 4.1 NA 15.8
20080507 0 0.235 4.4 NA 16.3
20080508 0 0.2 4.5 NA 17.3
20080509 0 0.177 4.5 NA 17.9
20080510 0 0.151 4.6 NA 18.1
20080511 0 0.13 4.7 NA 17.6
20080512 0 0.121 4.6 NA 18.6
20080513 0 0.13 4.5 NA 18.4
20080514 0 0.093 4.2 NA 18
20080515 1.8 0.099 3.7 NA 18.2
20080516 18.4 0.362 0.7 NA 13.1
20080517 5.1 0.533 0.7 NA 10.6
20080518 0.2 0.471 3.1 NA 10.5
20080519 0 0.324 2.5 NA 9.3
20080520 0 0.23 4 NA 10.2
20080521 0 0.183 3.9 NA 12.2
20080522 0 0.15 3.9 NA 13.9
20080523 0 0.124 3.7 NA 14.5
20080524 0 0.105 4.5 NA 17
20080525 0.5 0.097 2.1 NA 14.8
20080526 0.8 0.098 1.6 NA 13.8
20080527 0 0.087 2.7 NA 16.6
20080528 2.9 0.082 2.3 NA 19.7
20080529 0.7 0.095 1.6 NA 18.7
20080530 2.4 0.079 2.4 NA 18.3
20080531 14.2 0.089 1.7 NA 15.2
20080601 0 0.283 4.1 NA 18.6
20080602 0 0.152 4.6 NA 22.6
20080603 12.3 0.225 2.3 NA 19.4
20080604 31.2 2.784 1.5 NA 17.5
20080605 0 2.375 3.5 NA 17.9
20080606 0 1.054 4.9 NA 19.1
20080607 0.2 0.598 3.8 NA 18.3
20080608 0.2 0.389 4.3 NA 19.5
20080609 0 0.262 5.1 NA 20.1
20080610 0 0.181 4.2 NA 17.5
20080611 0.2 0.137 2.5 NA 14
20080612 8.9 0.177 1.4 NA 11.1
20080613 1.4 0.151 2.3 NA 11.4
20080614 3.7 0.166 1.5 NA 11.3
20080615 0.6 0.186 2.5 NA 11.4
20080616 0 0.151 3.5 NA 11.7
20080617 0 0.104 4.2 NA 13.5
20080618 0 0.076 4.1 NA 15.9
20080619 4.2 0.088 2.3 NA 15.7
20080620 1.4 0.081 3.2 NA 15.2
20080621 0 0.064 4.3 NA 17.8
20080622 6.7 0.098 3.7 NA 20.9
20080623 0 0.074 4.2 NA 15.1
20080624 0 0.048 4.8 NA 15.6
20080625 0 0.046 2.7 NA 17.4
20080626 0 0.04 4.5 NA 17.5
20080627 3.4 0.043 3.6 NA 16.7
20080628 1.6 0.045 1.9 NA 17.5
20080629 0 0.045 3.6 NA 17.2
20080630 0 0.04 3.5 NA 17.1
20080701 0 0.039 5.1 NA 19.5
20080702 6.5 0.04 4.8 NA 23.7
20080703 0.8 0.056 1.4 NA 17.6
20080704 4 0.059 2.5 NA 15.3
20080705 0.4 0.047 4.3 NA 17.9
20080706 0.1 0.04 4.3 NA 19.1
20080707 5.2 0.046 2.5 NA 15.9
20080708 4.4 0.046 2.5 NA 15.1
20080709 4.7 0.055 2.5 NA 15.2
20080710 23 0.216 1.5 NA 17.8
20080711 3.2 0.382 2.4 NA 16.5
20080712 0 0.224 2.6 NA 14.9
20080713 0 0.14 3.2 NA 14.5
20080714 0 0.097 3.9 NA 16.2
20080715 0 0.075 2.6 NA 17.6
20080716 0.4 0.07 2.1 NA 16.3
20080717 4.8 0.061 1.3 NA 14.3
20080718 1.8 0.094 1.3 NA 15.1
20080719 2.5 0.079 2.3 NA 16.5
20080720 0.4 0.066 2.4 NA 13.7
20080721 5.7 0.08 1.4 NA 13.3
20080722 2.5 0.097 2.4 NA 15.1
20080723 0.1 0.068 1.5 NA 16.3
20080724 0 0.058 4.7 NA 19.2
20080725 14.2 0.044 4.1 NA 21.4
20080726 7.8 0.309 2.9 NA 22.2
20080727 0 0.176 3.6 NA 22.5
20080728 0 0.075 4.5 NA 23.6
20080729 0 NA 2.9 NA 21.4
20080730 0 NA 4.7 NA 22.2
20080731 0 NA 4.8 NA 24
20080801 0 NA 3 NA 20.2
20080802 0.3 NA 3 NA 18.8
20080803 12.3 NA 2.3 NA 18.8
20080804 2.5 NA 3.4 NA 17.8
20080805 0 NA 2.4 NA 18.4
20080806 0 NA 3.9 NA 21.5
20080807 0.4 NA 2.6 NA 20.8
20080808 2 0.027 2.4 NA 16.7
20080809 0.1 0.027 3.5 NA 16.9
20080810 0.4 0.027 1.8 NA 17.7
20080811 0 0.027 2.6 NA 16.9
20080812 4.5 0.032 2.3 NA 17
20080813 3.6 0.049 2.4 NA 15.9
20080814 1.6 NA 3.4 NA 15.5
20080815 0 NA 2.9 NA 14
20080816 0 NA 3.5 NA 14.6
20080817 0.7 NA 2.4 NA 17.1
20080818 5.3 NA 1.3 NA 16.6
20080819 1.5 NA 2.2 NA 17.6
20080820 4.8 0.037 1.6 NA 16.7
20080821 0.7 0.029 2.2 NA 17
20080822 18 0.078 1.5 NA 15.5
20080823 0.8 0.142 1.8 NA 13.7
20080824 0 0.069 2.4 NA 15.4
20080825 0.9 0.053 1.8 NA 16.9
20080826 0 0.041 1.2 NA 17.6
20080827 0 0.04 0.6 NA 16.3
20080828 0 0.04 1.2 NA 17.3
20080829 0 0.036 2.4 NA 17.8
20080830 0 0.027 3.5 NA 17.5
20080831 0.2 NA 3.3 NA 20.3
20080901 0 0.027 2 NA 17.3
20080902 6.8 0.028 1.4 NA 16.5
20080903 8.9 0.087 1.4 NA 13.5
20080904 0 0.068 2.3 NA 14.6
20080905 0.9 0.036 1.4 NA 16.7
20080906 0.4 0.035 1.9 NA 17.5
20080907 2.6 0.029 1.2 NA 15.7
20080908 0 0.034 1.4 NA 14.6
20080909 2.7 0.027 3.1 NA 16.9
20080910 0 NA 2.6 NA 18
20080911 0 NA 2.9 NA 20.1
20080912 9.1 NA 0.9 NA 16.6
20080913 2 NA 2 NA 12.9
20080914 0 NA 2.6 NA 11.9
20080915 0 NA 1.9 NA 11.2
20080916 0 NA 1.6 NA 11.2
20080917 0 NA 1.7 NA 11
20080918 0 NA 2.3 NA 9.6
20080919 0 NA 1.9 NA 9.7
20080920 0.2 0.013 2.2 NA 9.3
20080921 0.1 0.022 1 NA 10.1
20080922 0 0.027 1.4 NA 11.5
20080923 3.5 0.027 0.5 NA 12.3
20080924 0 0.027 1 NA 12.4
20080925 0 0.027 2.1 NA 11.1
20080926 0 0.027 1.9 NA 9.8
20080927 0 0.027 2 NA 9.2
20080928 0 0.027 1.6 NA 10.5
20080929 1.4 0.027 0.7 NA 11
20080930 14.7 0.049 0.4 NA 11.3
20081001 10.9 0.208 0.9 NA 11.8
20081002 1.1 0.119 1.4 NA 9.2
20081003 0.2 0.089 1.1 NA 7.5
20081004 0 0.076 1.1 NA 8.6
20081005 13.8 0.104 0.2 NA 10.8
20081006 0 0.314 0.4 NA 11.5
20081007 0.3 0.212 1.2 NA 14.4
20081008 3 0.206 0.5 NA 13
20081009 0 0.185 1.6 NA 10.2
20081010 0 0.152 1.4 NA 10.5
20081011 0 0.135 1.6 NA 12.7
20081012 0.2 0.121 0.6 NA 11.6
20081013 0 0.115 1.5 NA 15.5
20081014 0 0.101 1.3 NA 13.8
20081015 2.3 0.095 0.5 NA 13.7
20081016 0.9 0.106 0.5 NA 9.7
20081017 0 0.097 1.1 NA 8.1
20081018 0 0.081 1 NA 8.6
20081019 0 0.08 0.9 NA 10.2
20081020 0 0.073 1.5 NA 13.3
20081021 5.8 0.091 0.4 NA 10.6
20081022 0 0.088 0.7 NA 7.7
20081023 0 0.072 1.2 NA 8.2
20081024 1.6 0.066 0.4 NA 9.2
20081025 0 0.066 1 NA 8.7
20081026 8.7 0.081 0.3 NA 11.6
20081027 0.7 0.236 0.7 NA 8
20081028 0 0.201 0.8 NA 3.9
20081029 0 0.169 0.8 NA 1.6
20081030 2.2 0.161 0.3 NA 2.4
20081031 0.2 0.173 0.5 NA 4.8
20081101 3.1 0.173 0.2 NA 6
20081102 0 0.217 0.8 NA 8.6
20081103 0 0.213 0.2 NA 8
20081104 0 0.19 0.3 NA 7
20081105 0.3 0.173 0.1 NA 9.5
20081106 0 0.168 0.5 NA 9.3
20081107 0 0.172 0.5 NA 7.8
20081108 0 0.138 0.9 NA 9.3
20081109 3.6 0.163 0.6 NA 9.8
20081110 2.1 0.181 0.4 NA 13.1
20081111 8.1 0.354 0.5 NA 10.6
20081112 0.8 0.413 0.6 NA 7.9
20081113 0 0.357 0.4 NA 7.2
20081114 1.8 0.332 0.1 NA 8.4
20081115 1 0.346 0.1 NA 10.6
20081116 0 0.354 0.3 NA 7.6
20081117 0 0.301 0.5 NA 4.9
20081118 2.2 0.307 0.1 NA 5.9
20081119 0.1 0.307 0.3 NA 7.8
20081120 8.6 0.402 0.2 NA 8.7
20081121 10.7 1.141 0.2 NA 3.3
20081122 1.2 1.362 0.5 NA 1.2
20081123 2.4 1.109 0.3 NA 0.1
20081124 3.9 1.052 0.3 NA -0.9
20081125 0 0.894 0.2 NA 0.8
20081126 1.1 0.978 0.2 NA 3.2
20081127 0.8 1.097 0.1 NA 5.2
20081128 0.2 1.007 0.2 NA 3.2
20081129 0.5 0.837 0.2 NA 1.3
20081130 3.4 0.737 0.1 NA 0.7
20081201 0 0.901 0.4 NA 2
20081202 3 0.797 0.3 NA 2.8
20081203 2.4 1.263 0.2 NA 2
20081204 5.1 1.309 0.2 NA 2.6
20081205 1.9 1.776 0.1 NA 5.5
20081206 0 1.281 0.2 NA 4.9
20081207 0 0.938 0.5 NA 4
20081208 0 0.817 0.3 NA 2
20081209 2.5 0.759 0.1 NA 0.4
20081210 0 0.866 0.4 NA 1.8
20081211 0.2 0.784 0.2 NA 1.8
20081212 0 0.637 0.1 NA -0.2
20081213 0 0.579 0.3 NA -1.1
20081214 0 0.502 0.3 NA 1.7
20081215 0 0.408 0.1 NA 2.7
20081216 0 0.414 0.1 NA 0.7
20081217 0.5 0.436 0.1 NA 1.3
20081218 0.9 0.408 0.2 NA 3.6
20081219 3.7 0.541 0.4 NA 5.2
20081220 2.7 0.98 0.1 NA 7.2
20081221 0.4 0.939 0.1 NA 8
20081222 0.8 0.882 0.3 NA 7.2
20081223 0.2 0.779 0.2 NA 4.1
20081224 0.1 0.721 0.1 NA 5.4
20081225 0 0.616 0.2 NA 2.4
20081226 0 NA 0.4 NA -1.5
20081227 0 NA 0.4 NA -2.4
20081228 0 NA 0.4 NA -2.9
20081229 0 NA 0.4 NA -4.2
20081230 0 NA 0.4 NA -5.3
20081231 0 NA 0.3 NA -6.3
20090101 0.7 NA 0.1 NA -1.9
20090102 0.4 NA 0.1 NA -1.9
20090103 0 NA 0.1 NA -4.4
20090104 8.3 NA 0.1 NA 0.6
20090105 1.5 NA 0.3 NA -2.8
20090106 0 NA 0.4 NA -11.2
20090107 0 NA 0.2 NA -5.8
20090108 0 NA 0.2 NA -5.1
20090109 0 NA 0.3 NA -10.2
20090110 0 NA 0.3 NA -9.8
20090111 0 NA 0.4 NA -2.1
20090112 0 NA 0.3 NA 2.6
20090113 6.6 NA 0.1 NA 3.5
20090114 0.5 NA 0.1 NA 3.2
20090115 0 NA 0.4 NA 1.7
20090116 0 NA 0.3 NA 1
20090117 0.6 NA 0.1 NA 4.5
20090118 4.5 NA 0.1 NA 5
20090119 2.9 NA 0.1 NA 5
20090120 0 NA 0.3 NA 3.3
20090121 0 1.155 0.3 NA 2.7
20090122 2.2 1.085 0.3 NA 3.6
20090123 13.9 2.957 0.1 NA 4.7
20090124 0 3.049 0.2 NA 3.1
20090125 0 1.837 0.6 NA 2.3
20090126 0 1.288 0.5 NA 0.8
20090127 0 0.977 0.6 NA -0.1
20090128 0 0.896 0.3 NA -1.5
20090129 0 0.718 0.7 NA -1.7
20090130 0 0.574 0.7 NA -1
20090131 0 0.508 0.6 NA 0.3
20090201 0.2 0.454 0.4 NA -1.8
20090202 0 0.438 0.3 NA 1.1
20090203 0.2 0.403 0.5 NA 1.9
20090204 0.3 0.411 0.1 NA 0.6
20090205 1 0.524 0.3 NA 3.8
20090206 0 0.668 0.8 NA 4.6
20090207 2.4 0.715 0.1 NA 1
20090208 0.7 0.676 0.6 NA 0.5
20090209 5.4 0.725 0.1 NA 1.8
20090210 10 2.706 0.2 NA 4
20090211 0.5 2.583 0.5 NA 1.8
20090212 0.1 1.724 0.8 NA 0.9
20090213 2.4 1.534 0.2 NA 0.8
20090214 0 1.402 0.8 NA -1.3
20090215 4 1.085 0.3 NA -0.7
20090216 6.4 1.92 0.3 NA 5
20090217 2.7 3.505 0.3 NA 2.4
20090218 0 2.055 0.6 NA -1.1
20090219 2.5 1.575 0.3 NA 0
20090220 0.7 1.809 0.3 NA 4.6
20090221 0.9 1.503 0.5 NA 4.7
20090222 0.6 1.45 0.2 NA 5.9
20090223 0.7 1.328 0.3 NA 5.2
20090224 0 1.072 0.3 NA 4.1
20090225 0.6 0.927 0.5 NA 4.8
20090226 3.2 1.012 0.6 NA 6.4
20090227 3 1.418 0.3 NA 6.9
20090228 1.1 1.636 0.3 NA 7.2
20090301 0.5 1.362 0.6 NA 6.6
20090302 0 1.067 0.5 NA 5.3
20090303 0 0.902 0.6 NA 4.8
20090304 0.7 0.874 0.7 NA 6.6
20090305 6.2 0.905 0.3 NA 4.9
20090306 14.3 3.481 0.2 NA 4.7
20090307 0 3.491 1.1 NA 4
20090308 4.9 2.633 0.8 NA 6.7
20090309 1.3 2.273 0.5 NA 4.4
20090310 5.1 2.315 0.3 NA 4.9
20090311 1.5 2.552 1.1 NA 5.5
20090312 2.5 1.932 0.2 NA 7
20090313 0 1.775 1.4 NA 6.3
20090314 0.3 1.403 1 NA 8.6
20090315 0.3 1.11 0.5 NA 7.5
20090316 0 0.942 0.7 NA 6.3
20090317 0 0.832 1.7 NA 6.4
20090318 0 0.727 1.2 NA 3.8
20090319 0 0.649 1.4 NA 4.6
20090320 0 0.544 2 NA 2.9
20090321 0 0.5 2 NA 4
20090322 0.4 0.461 1.3 NA 7.1
20090323 9 0.648 0.5 NA 6.2
20090324 1 1.006 1.6 NA 3.4
20090325 7.2 1.397 0.6 NA 4.4
20090326 5.1 1.859 0.4 NA 6.6
20090327 3.3 2.499 1.1 NA 5.9
20090328 12.4 4.188 0.5 NA 5.4
20090329 0.5 3.258 1.3 NA 4.7
20090330 0 1.956 2 NA 3.9
20090331 0 1.405 2.5 NA 6.5
20090401 0 1.109 2.6 NA 9.2
20090402 0 0.888 2.8 NA 11.4
20090403 0 0.77 2.8 NA 13.3
20090404 0 0.666 0.9 NA 9.5
20090405 0.3 0.567 1.9 NA 9.9
20090406 0 0.541 2.4 NA 12.3
20090407 1.3 0.498 2.1 NA 12.7
20090408 1.4 0.457 1.6 NA 10.5
20090409 0 0.422 1.6 NA 11.9
20090410 0 0.399 2.9 NA 16.2
20090411 2.1 0.36 2.8 NA 15.9
20090412 0 0.394 2.1 NA 14.6
20090413 0 NA 1.8 NA 12.1
20090414 0 NA 2.8 NA 13.1
20090415 0 NA 3.4 NA 16.2
20090416 0.3 0.253 2.4 NA 15.3
20090417 0 0.238 2.8 NA 13
20090418 0 0.198 3.2 NA 10.6
20090419 0 0.173 2.6 NA 11.3
20090420 0 0.166 3.4 NA 12.4
20090421 0 0.155 3.5 NA 12
20090422 0 0.135 2.8 NA 9.5
20090423 0 0.115 2.7 NA 9.5
20090424 0 0.107 3.5 NA 12.6
20090425 0 0.106 3.2 NA 14.3
20090426 6.4 0.096 3 NA 15.3
20090427 0.5 0.159 2.2 NA 12.4
20090428 2.6 0.122 1 NA 9.8
20090429 0 0.11 2.5 NA 9.1
20090430 0 0.088 2.5 NA 11.1
20090501 0.3 0.077 3.7 NA 15
20090502 0 0.074 2.9 NA 13.8
20090503 0 0.072 1.5 NA 11.1
20090504 0 0.066 2.1 NA 9.1
20090505 4 0.075 1.1 NA 10.9
20090506 7.1 0.158 0.7 NA 12
20090507 0 0.113 3.3 NA 13.6
20090508 2.1 0.102 2.3 NA 12.1
20090509 0.1 0.087 2.9 NA 10.8
20090510 0 0.074 4.1 NA 14
20090511 0.2 0.061 2.9 NA 12
20090512 0 0.05 3.5 NA 12.2
20090513 0 0.048 4.1 NA 14.9
20090514 0 0.046 2.7 NA 15.5
20090515 10.9 0.079 1.3 NA 14.2
20090516 0 0.104 2.8 NA 12.8
20090517 5.4 0.116 2 NA 13.8
20090518 0.2 0.098 3.4 NA 13.8
20090519 1.1 0.075 3.5 NA 15.2
20090520 0 0.066 3.6 NA 14.8
20090521 0 0.062 2.8 NA 14.6
20090522 0.1 0.05 3.5 NA 12.2
20090523 0.6 0.042 4.1 NA 15.7
20090524 0 0.036 4.7 NA 16.8
20090525 0 0.035 4.2 NA 18
20090526 1.7 0.04 2.4 NA 15.7
20090527 0.1 0.039 2.7 NA 12.8
20090528 0.8 0.035 2.7 NA 14.5
20090529 0 0.027 4.8 NA 14.1
20090530 0 0.039 4.5 NA 16.1
20090531 0 0.027 4.5 NA 17.6
20090601 2 0.04 4.1 NA 18.6
20090602 0 0.088 4.8 NA 15.9
20090603 0 0.101 2.3 NA 11.7
20090604 0.2 0.115 2.3 NA 10.3
20090605 0.2 0.127 2.3 NA 10
20090606 1.7 0.133 2.1 NA 10.4
20090607 2.9 0.135 1.5 NA 11.5
20090608 0.2 0.133 3.2 NA 13.7
20090609 6.8 0.124 2.5 NA 15.2
20090610 11.2 NA 2.8 NA 14.4
20090611 17.4 NA 1.8 NA 12.4
20090612 0 NA 4.3 NA 12.5
20090613 0 0.182 4.6 NA 13.4
20090614 4.8 0.141 2 NA 15.9
20090615 0 0.131 1.7 NA 15.1
20090616 7.8 0.144 2.6 NA 14
20090617 0 0.142 4.2 NA 16.6
20090618 0.2 0.115 3.7 NA 17.3
20090619 0.3 0.079 3.3 NA 14.5
20090620 5.9 0.061 2.2 NA 13.5
20090621 0.3 0.07 2.7 NA 12
20090622 0 0.057 2.8 NA 13.6
20090623 0 0.046 4 NA 15.6
20090624 0 0.036 5.2 NA 18.4
20090625 0 0.027 4.8 NA 19.6
20090626 0.7 0.027 3.4 NA 20.3
20090627 0 0.027 2.8 NA 20.4
20090628 0 0.027 3.1 NA 20.6
20090629 0 0.027 4.7 NA 21.5
20090630 0 0.027 4.6 NA 21.8
20090701 0 0.027 4.9 NA 21.8
20090702 0 0.027 4.9 NA 23.6
20090703 3.9 0.02 3.1 NA 22
20090704 0 0.022 4.5 NA 19.4
20090705 4.4 0.014 4.7 NA 20.3
20090706 1.4 NA 3.4 NA 17.7
20090707 2.2 NA 3 NA 15.8
20090708 8.3 0.088 1.9 NA 15.1
20090709 0.6 0.048 2.2 NA 14
20090710 20.5 0.1 1 NA 13.2
20090711 0.1 0.132 2.7 NA 16
20090712 6.3 0.073 1.5 NA 16.4
20090713 0 0.086 3.8 NA 17.5
20090714 0 0.075 4 NA 18.9
20090715 0 0.053 4.5 NA 19.8
20090716 0 0.049 4.4 NA 19.6
20090717 0.3 0.04 2.8 NA 19.2
20090718 1.3 0.04 1.3 NA 14.8
20090719 5.3 0.045 2.9 NA 15.3
20090720 0.7 0.05 3.2 NA 16.6
20090721 16.9 0.042 3.8 NA 19.2
20090722 3.4 NA 3.1 NA 21.2
20090723 18.8 0.284 1.4 NA 16.7
20090724 3 0.477 3.1 NA 16.4
20090725 0.3 0.352 3.7 NA 16
20090726 0 0.245 4.2 NA 17.9
20090727 1.6 0.165 3.4 NA 19
20090728 0 0.121 3.1 NA 16.3
20090729 0.3 0.094 3.3 NA 20
20090730 1.3 0.07 3.4 NA 16.3
20090731 0 0.046 3.4 NA 15.1
20090801 0 0.036 3.7 NA 18.5
20090802 15.1 0.072 0.9 NA 16.3
20090803 0 0.08 3.8 NA 15.3
20090804 0 0.047 4.4 NA 17
20090805 0 0.034 4.4 NA 19.8
20090806 0 0.027 4.6 NA 22.2
20090807 0 0.027 3.9 NA 22.8
20090808 0 0.027 0.8 NA 18.3
20090809 0 0.027 1.7 NA 17.6
20090810 0.1 0.027 3.1 NA 18.4
20090811 1.3 0.027 2.7 NA 18.3
20090812 1.7 0.033 1.5 NA 17
20090813 0 0.035 2.8 NA 16.8
20090814 0 0.029 3.6 NA 15.8
20090815 0 0.027 4.1 NA 20.3
20090816 0 0.027 3.4 NA 19
20090817 0 0.027 3 NA 17
20090818 0 0.027 3.1 NA 17.3
20090819 0 0.027 4 NA 21.6
20090820 2.4 0.022 3.3 NA 24.5
20090821 0 0.027 2.9 NA 17.1
20090822 0 0.027 2.9 NA 15.2
20090823 0 0.022 3.7 NA 17.3
20090824 0 0.02 3.9 NA 20.2
20090825 1.2 0.024 1.1 NA 17.4
20090826 0 0.026 3.2 NA 17.4
20090827 0 0.02 3 NA 20
20090828 3.4 0.017 2.4 NA 17
20090829 1.4 0.027 2.8 NA 13.9
20090830 0 0.027 1.7 NA 13.7
20090831 0 0.022 3.5 NA 18.6
20090901 2.5 0.023 1.5 NA 18
20090902 0 0.027 2.4 NA 16.5
20090903 2.9 0.027 2 NA 15.6
20090904 6.7 0.026 2.1 NA 14.2
20090905 7.1 0.047 2.3 NA 13.9
20090906 0 0.04 1.5 NA 14.1
20090907 0 0.034 2.8 NA 16.3
20090908 0 0.027 3.3 NA 19.2
20090909 0.1 0.027 1.8 NA 17.3
20090910 0.1 0.027 1.7 NA 14.7
20090911 0 0.027 2 NA 13.4
20090912 0 0.027 1.8 NA 13.8
20090913 2.4 0.031 1.6 NA 13.8
20090914 1.4 0.04 1.3 NA 14.2
20090915 7.3 0.047 0.6 NA 14.8
20090916 0 0.029 1.4 NA 15.2
20090917 0 0.027 2.6 NA 12.2
20090918 0 0.027 2.6 NA 13.7
20090919 0 0.027 2.5 NA 16.8
20090920 0 0.027 1.9 NA 15.4
20090921 0 0.027 2.2 NA 12.5
20090922 0 0.027 2.2 NA 14.5
20090923 0 0.027 1 NA 15.4
20090924 0 0.027 2 NA 13.8
20090925 0 0.027 1.6 NA 10.6
20090926 0 0.027 1.9 NA 11.1
20090927 0 0.027 2 NA 11
20090928 0 0.027 0.8 NA 13.4
20090929 0.3 0.027 0.6 NA 14.8
20090930 1.6 0.027 0.5 NA 13.7
20091001 2.9 0.031 1 NA 12.2
20091002 0 0.027 0.8 NA 10.5
20091003 1 0.027 0.6 NA 12.8
20091004 0.5 0.027 1.8 NA 10.9
20091005 1.3 0.027 0.4 NA 10.3
20091006 3.2 0.027 0.4 NA 14.2
20091007 17.7 0.044 0.9 NA 17
20091008 15.7 0.218 1.5 NA 10.1
20091009 0.4 0.08 1.7 NA 8.5
20091010 9 0.096 0.6 NA 12.2
20091011 10.5 0.137 0.4 NA 11.4
20091012 1.8 0.225 1.1 NA 9.5
20091013 0.3 0.129 1.2 NA 6.6
20091014 0 0.099 1.2 NA 2.5
20091015 0 0.083 1.4 NA 3.5
20091016 4.4 0.08 1 NA 9.3
20091017 0 0.08 1.3 NA 7
20091018 0 0.068 1 NA 5.9
20091019 0 0.066 0.7 NA 7.2
20091020 0 0.059 1.2 NA 6.7
20091021 0 0.053 1.1 NA 9
20091022 4.1 0.062 0.4 NA 7.3
20091023 0 0.055 0.9 NA 10.1
20091024 2.2 0.053 0.5 NA 10.7
20091025 0 0.062 0.8 NA 13
20091026 1.4 NA 0.4 NA 11.6
20091027 0 0.061 0.5 NA 10.5
20091028 0 0.061 1 NA 10.1
20091029 0 0.053 0.4 NA 11.5
20091030 0 0.053 0.9 NA 10.7
20091031 0 0.053 0.6 NA 8.2
20091101 14.5 0.063 0.4 NA 11.4
20091102 1.1 0.232 0.6 NA 9.9
20091103 6.4 0.179 0.8 NA 7.4
20091104 3.6 0.302 0.5 NA 7.7
20091105 4.7 0.368 0.2 NA 7.9
20091106 0.5 0.398 0.6 NA 8.8
20091107 2.8 0.382 0.4 NA 7.5
20091108 0 0.357 0.6 NA 4.7
20091109 0 0.296 0.1 NA 6.6
20091110 6.3 0.295 0.2 NA 6.8
20091111 1.4 0.536 0.3 NA 7.5
20091112 0.3 0.504 0.2 NA 6.7
20091113 0.5 0.421 0.4 NA 12.8
20091114 0.8 0.38 0.3 NA 13
20091115 1.4 0.327 0.2 NA 9.8
20091116 0 0.335 0.2 NA 10
20091117 0 0.304 0.4 NA 10.6
20091118 1.6 0.261 0.2 NA 10.8
20091119 0 0.246 0.5 NA 10.5
20091120 0.1 0.23 0.7 NA 12.6
20091121 2.5 0.219 0.7 NA 13.1
20091122 7.6 0.351 0.6 NA 11.4
20091123 15.4 0.792 0.1 NA 9.9
20091124 0.3 1.678 0.2 NA 11.2
20091125 2.7 1.169 0.1 NA 11.1
20091126 5 1.023 0.2 NA 8.2
20091127 1.1 1.296 0.3 NA 7
20091128 9.8 1.347 0.1 NA 7.6
20091129 0.3 2.159 0.3 NA 9.9
20091130 0 1.422 0.5 NA 5.7
20091201 0 0.974 0.3 NA 2.4
20091202 0.7 0.796 0.3 NA 4.5
20091203 7.7 0.882 0.3 NA 8.4
20091204 5.1 1.548 0.2 NA 4.7
20091205 5.5 2.229 0.1 NA 6
20091206 6.9 2.943 0.2 NA 9.7
20091207 0 2.52 0.3 NA 6.7
20091208 10.3 2.929 0.1 NA 6.2
20091209 0.5 2.637 0.2 NA 6.2
20091210 18.2 4.701 0.1 NA 8.9
20091211 2.9 5.012 0.1 NA 5.7
20091212 0.5 3.07 0.2 NA 3
20091213 0 2.092 0.2 NA 1.5
20091214 0 1.555 0.2 NA -1.9
20091215 0 1.176 0.4 NA -3.2
20091216 0.1 0.977 0.1 NA -2.4
20091217 0 0.843 0.1 NA -1.9
20091218 0.3 0.697 0.1 NA -4
20091219 0 0.566 0.2 NA -10
20091220 6.2 0.495 0.1 NA -4.4
20091221 6.7 0.493 0.3 NA -2.5
20091222 3.2 0.644 0.2 NA 0.9
20091223 0 0.683 0.2 NA -1.2
20091224 0.5 0.634 0.3 NA -1.3
20091225 13.3 1.877 0.1 NA 2
20091226 0 3.37 0.4 NA 3.4
20091227 1.6 3.203 0.1 NA 3.7
20091228 0 2.778 0.2 NA 1.7
20091229 2.8 1.939 0.2 NA -0.2
20091230 8.2 2.047 0.1 NA 0.2
20091231 2.1 2.509 0.1 NA -0.8
20100101 0 2.113 0.2 NA -2.4
20100102 3.8 1.464 0.2 NA -2.6
20100103 0.9 1.233 0.2 NA -6.7
20100104 0.4 1.098 0.3 NA -5
20100105 0.7 1.077 0.2 NA -1.8
20100106 0 0.959 0.3 NA -4.7
20100107 0 0.81 0.4 NA -3.7
20100108 0 0.677 0.2 NA -4.2
20100109 2.5 0.58 0.2 NA -2
20100110 1.9 0.595 0.2 NA -1
20100111 0 0.665 0.2 NA -0.5
20100112 0.6 0.723 0.2 NA -3.4
20100113 0 0.728 0.3 NA -3.9
20100114 0 0.659 0.3 NA 0.6
20100115 0 0.656 0.1 NA 1
20100116 5.2 0.807 0.3 NA 0.7
20100117 2.6 2.059 0.1 NA 2.6
20100118 0.4 3.73 0.1 NA 4
20100119 1.1 2.784 0.2 NA 4.1
20100120 0 2.184 0.4 NA 2.5
20100121 0 1.564 0.4 NA 1.8
20100122 0 1.242 0.3 NA -0.3
20100123 0 1.034 0.2 NA -1.1
20100124 0.1 0.884 0.2 NA -1.2
20100125 0 0.718 0.2 NA -5
20100126 0 0.495 0.5 NA -8.7
20100127 2.2 0.452 0.2 NA -3.7
20100128 4.9 0.718 0.3 NA 1.8
20100129 6 1.506 0.1 NA 0.6
20100130 2.3 1.448 0.4 NA -1.4
20100131 1.8 1.097 0.8 NA -0.5
20100201 0.4 0.952 0.3 NA -0.3
20100202 13.8 1.944 0.1 NA 0.8
20100203 0.5 4.09 0.6 NA 0.7
20100204 2.6 4.578 0.2 NA 4.1
20100205 2.9 3.47 0.3 NA 3.9
20100206 0 3.271 0.1 NA 2.4
20100207 0 2.295 0.3 NA 0.5
20100208 0 1.776 0.2 NA -4.1
20100209 0 1.231 0.1 NA -4.7
20100210 0.3 0.886 0.3 NA -4.1
20100211 0.1 0.71 0.5 NA -2.9
20100212 0 0.598 0.4 NA -3.6
20100213 0.7 0.537 0.2 NA -2.4
20100214 0.3 0.524 0.3 NA -3.8
20100215 0 0.487 0.3 NA -5.6
20100216 0 0.472 0.8 NA -1.6
20100217 0 0.44 0.7 NA -1.3
20100218 0.2 0.449 0.2 NA 2.6
20100219 0.2 0.581 0.3 NA 3.6
20100220 0.4 0.665 0.5 NA 0.5
20100221 0 0.695 0.5 NA 1
20100222 12.7 1.242 0.3 NA 5.2
20100223 1.3 3.473 0.3 NA 1.6
20100224 3.5 2.497 0.6 NA 6.6
20100225 6.1 3.131 0.4 NA 8.6
20100226 3.9 3.757 0.5 NA 7.6
20100227 0.7 2.785 0.4 NA 6.5
20100228 12.7 3.751 0.4 NA 6.5
20100301 1.6 4.766 0.9 NA 3.6
20100302 0 2.584 1 NA 1.9
20100303 0 1.871 1 NA 1
20100304 0 1.51 1.1 NA 0.1
20100305 7 1.342 0.7 NA 0.6
20100306 0.1 2.245 1.3 NA -0.4
20100307 0 1.358 1.3 NA -2.1
20100308 2 1.195 0.5 NA -1.9
20100309 0 1.065 1.5 NA -1.5
20100310 0 0.974 1.5 NA -0.2
20100311 0 0.928 1.1 NA 1.7
20100312 0 0.903 0.8 NA 4.1
20100313 0.7 0.796 0.5 NA 4.6
20100314 1.9 0.846 0.6 NA 5.2
20100315 6.4 1.019 0.6 NA 5.3
20100316 0 1.7 0.6 NA 4.6
20100317 0 1.295 1.6 NA 7.5
20100318 0 0.987 2 NA 10.9
20100319 0.3 0.84 0.9 NA 13.2
20100320 10.5 1.228 0.7 NA 13.5
20100321 7.3 3.542 0.9 NA 8.8
20100322 0 2.28 1.1 NA 7.4
20100323 0 1.604 2.2 NA 9.4
20100324 0 1.27 2.1 NA 12.5
20100325 0 0.997 2.4 NA 15.2
20100326 5.2 0.976 0.4 NA 9.8
20100327 0 1.185 1.2 NA 9
20100328 1 0.928 1.4 NA 8.7
20100329 4.2 1.15 1.4 NA 9.3
20100330 0.4 1.16 1.5 NA 10.8
20100331 0.7 0.798 1.8 NA 7.2
20100401 2.3 0.68 1.4 NA 4.5
20100402 0.4 0.624 2.2 NA 7.8
20100403 5.8 0.628 1.2 NA 8.1
20100404 4.4 1.226 1.3 NA 7.7
20100405 0 1.135 2.1 NA 7.7
20100406 0 0.83 3 NA 10.8
20100407 0 0.651 2.4 NA 13
20100408 2.6 0.572 0.7 NA 9
20100409 0 0.56 1.9 NA 8.3
20100410 0 0.49 1.5 NA 5.5
20100411 0 0.45 1 NA 4.9
20100412 0 0.411 2.6 NA 8.1
20100413 0 0.382 2.6 NA 8.9
20100414 0 0.353 2.7 NA 8.3
20100415 0 0.308 2.9 NA 8.2
20100416 0 0.28 1.9 NA 6.8
20100417 0 0.267 3.1 NA 6.8
20100418 0 0.263 3.3 NA 10.3
20100419 0 0.248 2.8 NA 7.9
20100420 0 0.231 2.1 NA 7.5
20100421 0 0.215 2.2 NA 5.9
20100422 0 0.205 2.3 NA 6.3
20100423 0 0.196 3.2 NA 7
20100424 0 0.185 3.2 NA 10.7
20100425 1.5 0.172 3.3 NA 15.5
20100426 0.7 0.166 2 NA 11.8
20100427 0 0.166 2.6 NA 11.4
20100428 0 0.161 3.3 NA 14.7
20100429 0 0.152 3.3 NA 19.1
20100430 3.4 0.177 1.2 NA 11.3
20100501 2.8 0.166 1.5 NA 9.6
20100502 8.9 0.189 0.7 NA 8.3
20100503 0.4 0.238 0.8 NA 7.4
20100504 0 0.176 3.1 NA 7.2
20100505 0 0.155 2.2 NA 6.7
20100506 3.1 0.151 2 NA 7.8
20100507 3.8 0.198 0.8 NA 6.5
20100508 0 0.19 1.3 NA 8.9
20100509 0 0.173 1.7 NA 8.7
20100510 0 0.152 2 NA 6.3
20100511 3.7 0.135 1 NA 5.8
20100512 10.6 0.33 0.5 NA 6.6
20100513 0.1 0.352 0.8 NA 7.1
20100514 0.1 0.326 1.6 NA 8.1
20100515 0 0.273 2.2 NA 9.5
20100516 0 0.221 3.1 NA 11.2
20100517 0.2 0.178 2 NA 10.6
20100518 0 0.143 2.8 NA 9.1
20100519 0 0.118 4.2 NA 11.7
20100520 0 0.1 4.1 NA 13.1
20100521 0 0.088 4 NA 13.5
20100522 0 0.081 4.1 NA 14
20100523 0 0.222 3.9 NA 16
20100524 0 1.009 4.4 NA 17
20100525 0 2.092 4.3 NA 12.6
20100526 3.3 2.136 1.3 NA 8.7
20100527 0.2 0.747 2.9 NA 11.3
20100528 0 0.71 3.9 NA 11.8
20100529 0.9 0.711 3.3 NA 13.6
20100530 10.2 0.899 1.5 NA 12.3
20100531 0.1 0.521 1.2 NA 12.1
20100601 0 0.091 3.3 NA 13.5
20100602 0 0.078 3.7 NA 14.6
20100603 0 0.064 5 NA 16.2
20100604 0 0.055 5 NA 16.2
20100605 0 0.049 5 NA 18.3
20100606 0 0.048 3.5 NA 20.2
20100607 0 0.047 2.8 NA 16.2
20100608 1.7 0.045 2.6 NA 17.5
20100609 1.4 0.048 1.2 NA 17
20100610 0.4 0.049 2.3 NA 19.9
20100611 1 0.049 3.3 NA 18.3
20100612 0 0.044 3.2 NA 14.1
20100613 0 0.04 2.5 NA 13
20100614 0 0.038 4.3 NA 16.2
20100615 0 0.034 4.3 NA 13
20100616 0 0.032 5 NA 15.8
20100617 0 0.03 4.4 NA 17.5
20100618 0.1 0.031 2.1 NA 13.2
20100619 0.6 0.033 2.7 NA 11.5
20100620 0 0.033 1.7 NA 11.9
20100621 0 0.031 3 NA 13
20100622 0 0.029 4.3 NA 13.8
20100623 0 0.025 5.2 NA 17.8
20100624 0 0.023 4.2 NA 20.1
20100625 0 0.023 4.3 NA 18.2
20100626 0 0.022 5.2 NA 18.7
20100627 0 0.02 5.4 NA 21
20100628 0 0.02 4.9 NA 22.6
20100629 0 0.02 4.7 NA 20
20100630 8.1 0.025 3.2 NA 19.2
20100701 0 0.029 4.2 NA 23.4
20100702 0 0.022 5.3 NA 27.2
20100703 7 0.025 3.8 NA 23.2
20100704 0 0.04 3.8 NA 20.4
20100705 0 0.027 2.8 NA 17.6
20100706 0 0.022 3.5 NA 15.9
20100707 0 0.02 4.8 NA 18.6
20100708 0 0.016 5 NA 23.7
20100709 0 0.013 4.7 NA 26.2
20100710 1.4 0.01 4.9 NA 27
20100711 7.9 0.026 4.9 NA 24.8
20100712 11.4 0.028 3.3 NA 21.6
20100713 0 0.028 3.7 NA 20.8
20100714 9.4 0.024 4.5 NA 22.9
20100715 0 0.031 4.1 NA 19.3
20100716 2.1 0.027 4.4 NA 21.5
20100717 0 0.028 3.8 NA 17.1
20100718 0 0.025 4.6 NA 17.2
20100719 0 0.023 4.9 NA 20.2
20100720 0 0.016 4.5 NA 22.8
20100721 0.4 0.013 3.6 NA 23
20100722 0 0.014 2 NA 18.7
20100723 0 0.015 4.3 NA 18.4
20100724 0 0.019 4.1 NA 15.7
20100725 0 0.018 2.7 NA 15.6
20100726 9.8 0.024 1.6 NA 16.1
20100727 0 0.021 2.6 NA 18
20100728 25.2 0.09 3.1 NA 18.4
20100729 2.6 0.04 2.5 NA 15.8
20100730 0 0.029 3.9 NA 17.2
20100731 0.2 0.019 2.5 NA 19
20100801 0 0.017 2.7 NA 18.9
20100802 7 0.021 1.4 NA 15.6
20100803 0.6 0.025 2.7 NA 16.1
20100804 6.5 0.024 1.8 NA 16.1
20100805 7.2 0.032 2.7 NA 15.6
20100806 0 0.029 4 NA 15.2
20100807 1.1 0.029 2.5 NA 17.7
20100808 6.2 0.03 2 NA 17.3
20100809 0 0.033 2.5 NA 16.6
20100810 2.2 0.029 2.9 NA 18.4
20100811 0.5 0.029 3.1 NA 17.9
20100812 0 0.025 3.2 NA 15.8
20100813 0 0.024 3.2 NA 15.1
20100814 0 0.021 3.5 NA 17.3
20100815 18 0.025 1.2 NA 17.1
20100816 1.9 0.056 1.3 NA 17.3
20100817 28.6 0.159 0.6 NA 15.2
20100818 2 0.196 1.8 NA 16
20100819 0 0.099 2.7 NA 15.9
20100820 0 0.059 3.9 NA 20
20100821 0 0.044 2.5 NA 20.5
20100822 5.4 0.037 2.5 NA 20.7
20100823 11.7 0.092 1.7 NA 19.3
20100824 2.6 0.092 2.8 NA 16.5
20100825 1.6 0.068 2.1 NA 16
20100826 142.3 9.757 0.5 NA 16.4
20100827 14.6 42.178 0.8 NA 14.8
20100828 7.3 8.879 2.2 NA 13
20100829 13.2 7.129 1.2 NA 12.2
20100830 2.7 8.482 2.1 NA 13
20100831 0.5 4.372 2.1 NA 12.7
20100901 0 3.104 1.4 NA 11.7
20100902 0.6 2.394 1.4 NA 11.9
20100903 0 1.961 2.2 NA 12.9
20100904 0 1.569 2.8 NA 13.2
20100905 0 1.263 2.9 NA 12.5
20100906 0 1.014 3.1 NA 14
20100907 4.8 1.144 0.6 NA 12.3
20100908 0 1.352 1.2 NA 14.9
20100909 1 0.875 1.5 NA 14.6
20100910 4.1 0.755 0.9 NA 14.7
20100911 0 0.985 2.7 NA 17.5
20100912 5.6 0.911 0.5 NA 14.1
20100913 0.8 1.16 2 NA 14
20100914 8.7 1.123 0.5 NA 15.2
20100915 12.3 2.32 2.2 NA 13.4
20100916 5.2 3.174 1.6 NA 11.6
20100917 2.1 2.974 1.4 NA 11.2
20100918 0.3 1.899 1.3 NA 10.2
20100919 0 1.405 1 NA 11.6
20100920 0 1.066 1.1 NA 14.4
20100921 0 0.801 1.3 NA 13
20100922 0 0.696 2.4 NA 14.9
20100923 4.3 0.629 2 NA 17.1
20100924 1.3 1 0.9 NA 14.7
20100925 0.3 0.961 1.7 NA 10.4
20100926 0 0.677 1.5 NA 8.9
20100927 10.4 0.935 0.2 NA 9.4
20100928 0 1.959 0.4 NA 10.9
20100929 0 1.238 1.7 NA 7.9
20100930 3.7 0.954 0.6 NA 9.8
20101001 0.3 1.237 1.7 NA 11.7
20101002 6.1 1.685 0.6 NA 14
20101003 0 1.622 1.9 NA 18
20101004 0 1.067 1.6 NA 17.3
20101005 0 0.76 1 NA 16.3
20101006 0.2 0.603 0.9 NA 16.4
20101007 0 0.507 0.8 NA 15
20101008 0 0.495 0.7 NA 13.4
20101009 0 0.455 1.8 NA 12.9
20101010 0 0.4 1.8 NA 10.4
20101011 0 0.348 1.7 NA 8.6
20101012 0 0.32 0.5 NA 4.5
20101013 0 0.311 1.1 NA 6.5
20101014 0 0.302 0.4 NA 7.5
20101015 10.8 0.364 0.6 NA 10.2
20101016 0.3 0.976 0.5 NA 6.7
20101017 0 0.768 0.7 NA 4.4
20101018 0.3 0.605 1.1 NA 5.8
20101019 13.3 1.66 1 NA 8.4
20101020 4 2.107 1 NA 5.9
20101021 0.4 1.705 0.8 NA 6.1
20101022 0 1.211 0.5 NA 7.6
20101023 3.7 1.088 0.4 NA 6.6
20101024 1 1.255 0.8 NA 6.9
20101025 0 0.971 1 NA 5.2
20101026 0 0.756 0.6 NA 5.8
20101027 7.9 1.047 0.3 NA 8
20101028 2.6 2.154 0.3 NA 9.9
20101029 0 1.642 0.8 NA 10.1
20101030 1.9 1.239 0.3 NA 10.9
20101031 3.7 1.446 0.2 NA 8.3
20101101 0 1.605 0.1 NA 7.8
20101102 0.5 1.171 0.3 NA 10
20101103 4.3 1.061 0.5 NA 12.1
20101104 3.1 1.617 0.1 NA 14.8
20101105 25.4 4.749 0.2 NA 13
20101106 10.6 10.213 0.3 NA 9
20101107 0 4.884 0.6 NA 5.4
20101108 0.5 3.173 0.3 NA 4.7
20101109 2.1 2.642 0.2 NA 4.8
20101110 14.8 5.28 0.1 NA 4.8
20101111 21.4 6.841 0.2 NA 5.7
20101112 4.3 9.906 0.5 NA 10.6
20101113 7.3 7.029 0.2 NA 10.1
20101114 12.1 9.551 0.1 NA 11.9
20101115 0 5.202 0.5 NA 6
20101116 0 3.239 0.5 NA 2.6
20101117 0 2.537 0.1 NA 4.4
20101118 0.2 2.089 0.2 NA 4.7
20101119 0 1.745 0.3 NA 6.7
20101120 0 1.551 0.3 NA 6.7
20101121 0 1.382 0.5 NA 5
20101122 0 1.217 0.3 NA 4.1
20101123 0 1.084 0.3 NA 4.2
20101124 0.3 0.998 0.3 NA 3.2
20101125 0 0.987 0.1 NA 2.2
20101126 0 1.11 0.3 NA -1.3
20101127 0 0.909 0.2 NA -1.1
20101128 0 0.767 0.5 NA -2.9
20101129 1.2 0.664 0.1 NA -1.8
20101130 0.2 0.669 0.3 NA -2.2
20101201 0 0.59 0.2 NA -7.1
20101202 0.5 0.482 0.1 NA -7.1
20101203 0 0.462 0.3 NA -6
20101204 4 0.426 0.2 NA -2.8
20101205 6.1 0.967 0.1 NA 1.2
20101206 0 1.325 0.2 NA -0.5
20101207 0 1.103 0.1 NA -1.8
20101208 0 0.91 0.1 NA -1.9
20101209 8.7 0.741 0.4 NA 0.6
20101210 3.7 1.945 0.2 NA 1.3
20101211 4.1 5.939 0.2 NA 6.3
20101212 0.2 3.628 0.1 NA 1.9
20101213 3.3 2.053 0.2 NA -2.8
20101214 0 1.495 0.2 NA -4.5
20101215 0.3 1.304 0.3 NA -3.9
20101216 4.5 1.521 0.1 NA -0.7
20101217 1.5 1.643 0.1 NA -2.6
20101218 0.2 1.175 0.2 NA -5.7
20101219 4.8 1.005 0.1 NA -5.4
20101220 0 0.895 0.2 NA -6.8
20101221 0 0.829 0.2 NA -6.5
20101222 0 0.822 0.1 NA -2.6
20101223 2.2 0.824 0.1 NA -1.7
20101224 1.4 0.509 0.2 NA -2.9
20101225 0 0.705 0.3 NA -7.7
20101226 1.2 0.789 0.3 NA -0.8
20101227 0 0.898 0.2 NA -0.4
20101228 0 0.987 0.2 NA -0.8
20101229 0 0.875 0.3 NA -4.1
20101230 0 0.732 0.2 NA -5.6
20101231 1.5 0.756 0.2 NA 0.4
20110101 0.6 2.034 0.2 NA 1.8
20110102 0.3 2.25 0.4 NA 0.4
20110103 0 1.53 0.4 NA -1
20110104 0 1.299 0.2 NA -0.3
20110105 0.1 1.068 0.3 NA -1.4
20110106 14.2 4.674 0.1 NA 3.6
20110107 3.3 9.173 0.1 NA 4.4
20110108 2.3 6.433 0.2 NA 9.5
20110109 0.7 3.825 0.3 NA 3.4
20110110 0 2.515 0.4 NA 0.5
20110111 0.9 2.117 0.2 NA 2.5
20110112 15.3 2.723 0.1 NA 5.1
20110113 11.7 11.406 0.1 NA 9.5
20110114 10.5 8.366 0.1 NA 10.2
20110115 0 6.816 0.2 NA 8.9
20110116 0 3.645 0.3 NA 9
20110117 0.5 2.673 0.2 NA 7.8
20110118 6.2 3.116 0.1 NA 4.6
20110119 1.7 2.786 0.3 NA 2.9
20110120 1.2 2.54 0.3 NA 0.6
20110121 1.2 1.971 0.2 NA 0.1
20110122 1.8 2.267 0.1 NA 3.9
20110123 0.3 2.003 0.1 NA 3.8
20110124 1 1.783 0.2 NA 4.2
20110125 6.2 3.368 0.4 NA 3.9
20110126 0 2.571 0.2 NA 0.7
20110127 0 1.69 0.5 NA -0.5
20110128 0 1.21 0.5 NA -2.4
20110129 0 0.97 0.6 NA -3.9
20110130 0 0.786 0.1 NA -2.7
20110131 0 0.741 0.1 NA -2.9
20110201 0.9 0.677 0.1 NA -2.6
20110202 0.5 0.692 0.1 NA 1.8
20110203 3.1 1.361 0.5 NA 4.2
20110204 0.1 1.708 0.1 NA 8.3
20110205 0 1.406 0.1 NA 10.9
20110206 0 1.11 0.2 NA 10.1
20110207 0 0.934 0.9 NA 8.9
20110208 0 0.732 0.8 NA 3.7
20110209 0 0.653 0.8 NA 2.4
20110210 7 0.718 0.4 NA 6.7
20110211 4.2 2.056 0.1 NA 7.3
20110212 7.9 3.266 0.2 NA 4.1
20110213 0 2.761 0.7 NA 6.7
20110214 7.4 1.977 0.5 NA 5.9
20110215 2.1 4.027 0.6 NA 5
20110216 0.3 2.454 0.6 NA 6.1
20110217 0 1.686 0.9 NA 2.1
20110218 0 1.243 0.2 NA 0.5
20110219 0 1.046 0.3 NA 0.8
20110220 0 0.867 0.7 NA -0.8
20110221 0 0.669 0.9 NA -2.8
20110222 0 0.575 0.9 NA -3
20110223 0 0.509 0.5 NA 0
20110224 3.4 0.661 0.2 NA 1.7
20110225 0.1 0.903 0.3 NA 5
20110226 2.4 1.146 0.6 NA 6.9
20110227 5.9 1.798 0.1 NA 3.4
20110228 0 2 0.4 NA 2.9
20110301 0 1.393 1 NA 2.4
20110302 0 1.082 1.2 NA 0.6
20110303 0 0.856 1.3 NA 0.9
20110304 0 0.729 1.3 NA -0.2
20110305 0 0.693 0.5 NA 1.3
20110306 0 0.606 1.5 NA 1.5
20110307 0 0.531 1.5 NA 1.5
20110308 0 0.511 1.6 NA 3.7
20110309 0.5 0.542 0.5 NA 6.4
20110310 0.4 0.55 0.4 NA 7.1
20110311 0 0.505 1.1 NA 6.4
20110312 0.1 0.48 1.5 NA 8.5
20110313 1.1 0.461 0.8 NA 10.6
20110314 4 0.666 0.8 NA 10.2
20110315 0 0.71 1.8 NA 10.8
20110316 0 0.59 0.9 NA 5.9
20110317 0 0.49 0.5 NA 6.1
20110318 3.7 0.426 0.8 NA 6.2
20110319 0 0.568 1.8 NA 4
20110320 0 0.493 1.9 NA 3.7
20110321 0 0.42 2 NA 5.2
20110322 0 0.363 2 NA 7.3
20110323 0 0.333 2 NA 7
20110324 0 0.328 2.2 NA 8.4
20110325 0 0.357 1.6 NA 8.4
20110326 0.1 0.315 0.9 NA 4.1
20110327 0 0.285 2.2 NA 4.6
20110328 0 0.264 1.6 NA 3.9
20110329 0 0.246 2.3 NA 5.4
20110330 4.6 0.267 1.6 NA 8.4
20110331 5.2 0.474 0.5 NA 11.6
20110401 0 0.545 0.6 NA 12.6
20110402 0 0.506 2.8 NA 15.4
20110403 4.9 0.587 0.8 NA 11.9
20110404 0 0.572 2 NA 9.7
20110405 0.3 0.426 0.8 NA 9.2
20110406 0 0.362 1.3 NA 13.4
20110407 0 0.333 1.8 NA 11.6
20110408 0 0.283 2.8 NA 9.5
20110409 0 0.251 2.9 NA 9.5
20110410 0 0.23 2.8 NA 9.6
20110411 0.6 0.222 2.9 NA 12.5
20110412 3.1 0.255 2 NA 7.7
20110413 0 0.218 2.2 NA 7.4
20110414 0 0.204 2 NA 6.5
20110415 0 0.19 2.1 NA 8.3
20110416 0 0.178 2.3 NA 8.9
20110417 0 0.169 2.2 NA 10
20110418 0 0.16 3.2 NA 11.4
20110419 0 0.157 3.4 NA 13.9
20110420 0 0.146 3.4 NA 14.1
20110421 0 0.14 3.1 NA 15.6
20110422 0 0.135 3.7 NA 17.4
20110423 0 0.123 3.6 NA 17.6
20110424 0 0.108 3.8 NA 16.9
20110425 0 0.092 3.9 NA 15.2
20110426 0 0.09 3.3 NA 14.2
20110427 1.6 0.098 1.2 NA 10.8
20110428 3.8 0.135 2.5 NA 12.9
20110429 0 0.103 3.6 NA 16.7
20110430 0 0.08 3.7 NA 14.1
20110501 0 0.07 4 NA 11.8
20110502 0 0.066 3.4 NA 8.6
20110503 0 0.062 3.6 NA 7.4
20110504 0.3 0.064 2 NA 6.9
20110505 0 0.06 3.5 NA 9.7
20110506 0 0.059 3.4 NA 14.3
20110507 0 0.054 4 NA 19.7
20110508 0 0.048 4.1 NA 21
20110509 0.3 0.048 3 NA 18.9
20110510 3 0.048 3.3 NA 17.9
20110511 0 0.054 4 NA 15.7
20110512 1.6 0.05 2.9 NA 12.5
20110513 0 0.031 3.2 NA 13.1
20110514 0 NA 3.1 NA 11.6
20110515 2.8 NA 2.5 NA 10.9
20110516 2.9 0.043 0.8 NA 12.4
20110517 1.2 0.039 0.9 NA 13.4
20110518 0 0.035 2.8 NA 13.9
20110519 0 0.033 1.8 NA 13.1
20110520 0 0.029 4 NA 15.8
20110521 0 0.027 4.4 NA 15.1
20110522 2.4 0.031 2.4 NA 15
