"date" "P" "ETpot" "Q"
19760101 5.9 0.137 1.3674
19760102 1.5 0.1433 1.9538
19760103 3.9 0.1306 1.6478
19760104 0.1 0.4399 1.2639
19760105 0.3 0.1193 0.9248
19760106 1.2 0.1414 0.8191
19760107 0 0.4993 0.7902
19760108 0 0.358 0.7115
19760109 0 0.6231 0.6587
19760110 4.5 0.1316 0.637
19760111 18.5 0.1384 6.2536
19760112 0.5 0.2272 3.4776
19760113 0.1 0.1488 2.0779
19760114 0.4 0.5821 1.6687
19760115 6.4 0.1074 1.6733
19760116 8 0.127 1.671
19760117 4.5 0.1441 2.0213
19760118 0 0.3523 2.0186
19760119 1.5 0.2692 1.632
19760120 4.7 0.132 1.6776
19760121 6.4 0.1424 8.8402
19760122 2.6 0.1416 5.6822
19760123 6.5 0.171 7.6648
19760124 19 0.1188 5.1524
19760125 0.2 0.1077 3.3689
19760126 0.2 0.1123 2.6827
19760127 1.4 0.235 2.195
19760128 0.7 0.1917 1.8663
19760129 0.1 0.2257 1.621
19760130 0 0.1239 1.4812
19760131 0 0.1208 1.344
19760201 0 0.1174 1.1953
19760202 0.1 0.1186 1.0729
19760203 0 0.4517 1.0095
19760204 0 0.1355 0.9813
19760205 0 0.1472 0.9277
19760206 0 0.1432 0.8947
19760207 0 0.1471 0.8766
19760208 0.1 0.666 0.8964
19760209 0 0.1947 1.1032
19760210 12 0.2155 1.2852
19760211 7.3 0.387 1.9559
19760212 0.5 0.5663 1.8786
19760213 12.5 0.2051 1.8838
19760214 5.4 0.182 1.9605
19760215 0 0.165 1.6559
19760216 0 0.1665 1.5084
19760217 0 0.1869 1.3625
19760218 0 0.5786 1.5294
19760219 0 0.6543 1.8668
19760220 0 0.9058 2.0798
19760221 0 0.343 2.0514
19760222 0.2 0.5477 1.9732
19760223 0 0.8738 2.4401
19760224 0 0.377 2.7304
19760225 0 1.0185 2.7714
19760226 0 1.437 3.1978
19760227 0 0.2432 2.8673
19760228 0 1.202 3.0725
19760229 0.4 1.5787 2.9733
19760301 10 1.3763 2.913
19760302 0 1.3718 2.4628
19760303 0 1.3035 1.9314
19760304 0 1.2518 1.5474
19760305 0.3 1.149 1.2169
19760306 0.5 0.1927 1.1032
19760307 0 0.2029 1.0102
19760308 1 0.2001 0.8957
19760309 8.6 0.7663 0.8727
19760310 0.2 1.1538 0.7757
19760311 0 1.1882 0.7578
19760312 0 0.8607 0.7653
19760313 0 0.627 0.8066
19760314 0.2 0.6723 0.8594
19760315 0 0.5893 0.8557
19760316 0 1.5677 0.8486
19760317 0.5 0.9306 0.8502
19760318 1.9 0.4769 0.9762
19760319 2.6 0.3951 1.3627
19760320 0 0.5113 1.101
19760321 0 1.3295 0.8746
19760322 1.5 0.9319 0.7768
19760323 2.5 0.5185 0.8708
19760324 0 0.7511 0.7435
19760325 3.1 0.3712 0.8537
19760326 0.5 1.5915 1.1578
19760327 2.7 1.1333 1.0235
19760328 0 2.1143 0.892
19760329 0 2.4218 0.7752
19760330 0 2.5165 0.7001
19760331 0 2.4058 0.6419
19760401 0 2.674 0.571
19760402 0 2.6966 0.5051
19760403 0 2.1617 0.488
19760404 0 0.9279 0.4642
19760405 0 2.1346 0.4237
19760406 0 2.7936 0.3854
19760407 24 0.5074 1.5318
19760408 8.5 0.7594 2.2108
19760409 0.2 0.8801 1.5297
19760410 0 1.6599 1.0772
19760411 0 2.1535 0.8462
19760412 0 2.0686 0.6914
19760413 0 2.4465 0.5406
19760414 8.9 1.3792 0.5756
19760415 1.4 1.7931 0.7147
19760416 0 2.3933 0.5428
19760417 0 2.725 0.5135
19760418 0 2.9444 0.4973
19760419 0 3.1473 0.4765
19760420 0 2.8796 0.4242
19760421 0 2.7406 0.4171
19760422 2.7 0.8338 0.432
19760423 18.4 0.4706 0.6279
19760424 1.7 0.4769 0.7212
19760425 5.3 0.5962 2.8704
19760426 2.1 0.5737 3.3705
19760427 3.4 2.0824 1.9258
19760428 0.1 0.6013 1.3139
19760429 0 1.9589 1.0537
19760430 0 2.4853 0.8589
19760501 0 2.9564 0.7558
19760502 0 3.3196 0.6547
19760503 1.5 2.0242 0.6049
19760504 12.4 1.2974 0.9972
19760505 0 3.5465 0.6348
19760506 0 3.8262 0.538
19760507 0 3.7891 0.4985
19760508 0 3.7734 0.4834
19760509 0 2.2842 0.4609
19760510 0 3.2359 0.4305
19760511 11 2.0879 0.6637
19760512 4.7 1.9706 1.0769
19760513 11.5 1.6731 1.4325
19760514 0 3.2104 0.9287
19760515 0 3.7929 0.6714
19760516 0 2.5978 0.5213
19760517 0 3.823 0.4986
19760518 0 3.9888 0.4603
19760519 0.1 3.4822 0.4422
19760520 8.3 0.812 0.5137
19760521 5.9 1.7207 1.0233
19760522 5.8 1.3342 1.1131
19760523 0 2.3941 0.8326
19760524 0 3.1909 0.5996
19760525 0.77 0.8838 0.5237
19760526 2.77 0.8257 0.543
19760527 7.87 1.7103 1.0732
19760528 0 3.7492 0.6914
19760529 0 3.9789 0.5251
19760530 10.1 1.4988 0.703
19760531 8.22 1.6029 1.5817
19760601 23.36 0.9024 5.7132
19760602 21 1.6655 13.3385
19760603 14.6 0.9934 6.5934
19760604 1.9 1.5455 5.2357
19760605 0 1.875 2.8345
19760606 0 3.6701 1.8354
19760607 0 3.9944 1.3761
19760608 0 4.2299 1.0869
19760609 7.8 4.1215 0.9287
19760610 10.2 2.5008 1.347
19760611 4 2.7584 0.9155
19760612 0 3.8182 0.8522
19760613 0 4.0031 0.7748
19760614 0 4.1899 0.6606
19760615 0 4.1843 0.5914
19760616 5.8 1.0144 0.644
19760617 0 3.6964 0.5901
19760618 0 4.0467 0.484
19760619 0 4.2426 0.4281
19760620 0 3.9563 0.3906
19760621 0 4.5307 0.3561
19760622 0 4.222 0.3395
19760623 0 3.5727 0.33
19760624 0 4.1879 0.3103
19760625 0 4.3961 0.2818
19760626 0 4.4051 0.2633
19760627 0 4.5292 0.2372
19760628 0.1 4.3774 0.2235
19760629 0 4.5809 0.2054
19760630 0 4.4368 0.1798
19760701 0 4.5603 0.1791
19760702 0 4.6659 0.1654
19760703 0 4.5202 0.1561
19760704 0 4.5619 0.1393
19760705 0 4.5486 0.1272
19760706 0 3.8433 0.1269
19760707 0 3.3361 0.1212
19760708 3.1 3.9173 0.1241
19760709 13.4 2.3026 0.2527
19760710 6.3 2.2548 0.3621
19760711 0 3.9538 0.187
19760712 2.4 3.0689 0.1536
19760713 1.5 1.7181 0.1703
19760714 0.1 3.9383 0.1508
19760715 0 3.9887 0.1297
19760716 0 4.5799 0.122
19760717 0 3.9114 0.0993
19760718 0.2 3.805 0.1053
19760719 27.9 2.3755 0.6433
19760720 19.6 1.493 1.8565
19760721 10.2 1.4268 0.6596
19760722 23.7 0.769 1.7969
19760723 30.7 0.7196 7.9747
19760724 0.1 1.569 2.7005
19760725 4.1 0.812 1.1608
19760726 67.5 0.7621 17.7805
19760727 15.1 1.0627 16.0649
19760728 8.5 2.5211 10.943
19760729 0 2.8548 4.397
19760730 0 3.8377 2.7336
19760731 2 1.9581 1.9073
19760801 23.3 1.0041 4.6396
19760802 0 3.3016 2.5744
19760803 0 3.5129 1.6669
19760804 0 3.1002 1.2652
19760805 0 1.2561 1.0373
19760806 0 3.6261 0.8839
19760807 0 3.5728 0.7368
19760808 0 3.5246 0.6352
19760809 17.4 1.4375 1.1216
19760810 2.38 0.7986 0.7883
19760811 6.4 1.2619 0.8431
19760812 0 2.2724 0.7965
19760813 0 2.7492 0.6156
19760814 0 3.083 0.537
19760815 5 2.0327 0.5444
19760816 1.99 0.7358 0.5885
19760817 7.6 1.7408 0.7559
19760818 3.44 1.4759 0.9467
19760819 1 2.0013 0.7321
19760820 0 2.5612 0.5591
19760821 0 2.5816 0.4494
19760822 0 3.1141 0.3815
19760823 0 2.3054 0.3439
19760824 0 3.1644 0.317
19760825 0 3.2973 0.2872
19760826 0 3.2168 0.2592
19760827 0.2 0.6502 0.2581
19760828 4.1 1.8978 0.3061
19760829 0.9 1.675 0.2612
19760830 28 1.8537 0.9987
19760831 9.3 0.8205 2.2629
19760901 0.9 1.0304 1.0463
19760902 2.3 1.5812 0.68
19760903 25.1 0.5026 5.3571
19760904 0.4 0.525 3.4462
19760905 0.8 0.5122 1.7602
19760906 0 2.0956 1.2199
19760907 0 2.6899 0.966
19760908 0 2.7782 0.8608
19760909 5.1 0.7312 1.1023
19760910 18.5 0.4356 0.8275
19760911 0 2.1367 0.7368
19760912 0 1.5033 0.6868
19760913 2.6 1.576 0.6561
19760914 21.2 1.2505 4.8765
19760915 37.4 1.1934 13.0744
19760916 14.2 0.8426 11.8081
19760917 15 0.4319 17.1854
19760918 0 0.5668 6.3094
19760919 0 1.293 3.4287
19760920 0 1.2736 2.4426
19760921 0 1.2737 1.8688
19760922 0 1.5681 1.5258
19760923 0 1.8193 1.2694
19760924 0 1.67 1.1043
19760925 0 1.8947 0.9646
19760926 0 0.5789 0.8901
19760927 0 1.5223 0.8168
19760928 10.3 1.0489 0.8302
19760929 9.8 0.3824 2.4094
19760930 0 0.3841 1.3944
19761001 1.4 0.6974 1.1015
19761002 0 0.5579 0.8968
19761003 6.7 0.4968 1.1959
19761004 7.8 0.7568 1.6469
19761005 10.5 0.6291 5.8471
19761006 0 1.0474 2.4681
19761007 0 2.0852 1.6626
19761008 0 1.9043 1.3292
19761009 0 2.0705 1.1123
19761010 0 1.9553 1.032
19761011 0 1.7906 0.9611
19761012 0 0.9508 0.9102
19761013 6.8 0.2588 1.0189
19761014 4.5 1.0767 0.919
19761015 6.4 0.3355 0.9122
19761016 0 0.9779 0.9025
19761017 3.1 0.2212 0.8758
19761018 0 0.3586 0.8152
19761019 2 0.6522 0.7811
19761020 0.1 1.1329 0.6876
19761021 0 0.8314 0.6368
19761022 0.1 0.2017 0.6085
19761023 0.3 0.7406 0.6027
19761024 0 0.4542 0.5763
19761025 0 0.2065 0.5576
19761026 0 0.807 0.5398
19761027 0 0.1955 0.5222
19761028 0.9 0.2234 0.5213
19761029 0 0.1871 0.5055
19761030 5.1 0.2058 0.6191
19761031 1.9 0.3841 0.8148
19761101 0.8 0.2039 0.644
19761102 0.4 0.189 0.5674
19761103 6.7 0.1635 1.3155
19761104 0 0.1293 1.0707
19761105 0 0.6877 0.8005
19761106 0 0.1526 0.6652
19761107 10.6 0.1295 1.6507
19761108 0 0.5707 1.8448
19761109 0 0.9294 1.2032
19761110 0 0.8727 1.0102
19761111 10.4 0.1564 2.0754
19761112 0 0.1265 1.7009
19761113 4.2 0.1481 1.5439
19761114 6.6 0.1302 4.1193
19761115 1.6 0.1372 2.9935
19761116 0.1 0.1389 2.242
19761117 0 0.1161 1.8123
19761118 0 0.1146 1.5489
19761119 0 0.1107 1.3615
19761120 1.1 0.1104 1.1025
19761121 0 0.1159 0.9691
19761122 0.1 0.1875 0.8818
19761123 0.5 0.134 0.8479
19761124 3.3 0.2257 0.8183
19761125 4.3 0.1228 1.1512
19761126 0 0.1083 2.0184
19761127 0 0.359 1.6191
19761128 0 0.6603 1.4097
19761129 1.6 0.5494 1.9344
19761130 5.9 0.1568 3.1542
19761201 26.2 0.1375 11.5912
19761202 6 0.2828 7.6041
19761203 8.7 0.0883 4.1555
19761204 4.1 0.0975 3.0597
19761205 0.3 0.3503 2.5014
19761206 2.2 0.0946 2.2793
19761207 12.2 0.1161 6.7962
19761208 3.5 0.2465 9.7867
19761209 20 0.1176 13.0874
19761210 24 0.1051 12.5916
19761211 0.7 0.1071 6.1206
19761212 3.2 0.0964 4.1901
19761213 1.3 0.2682 3.2688
19761214 0 0.3774 2.7212
19761215 0 0.0645 2.3378
19761216 0 0.0655 2.0777
19761217 0 0.1007 1.8284
19761218 0 0.205 1.7544
19761219 0 0.09 1.7086
19761220 0 0.0955 1.6167
19761221 0 0.3767 1.487
19761222 0 0.2898 1.463
19761223 0 0.0792 1.3932
19761224 0 0.0762 1.2966
19761225 0 0.0805 1.2166
19761226 0.1 0.1509 1.0678
19761227 0 0.0679 1.0203
19761228 4.4 0.0969 0.926
19761229 0.3 0.0744 0.874
19761230 0 0.0817 0.8142
19761231 0 0.0914 0.7322
19770101 0 0.1829 1.1232
19770102 0.1 0.4227 1.3234
19770103 2.8 0.1169 1.3332
19770104 1.4 0.1048 1.2628
19770105 0 0.0977 1.193
19770106 0 0.1012 1.125
19770107 0 0.1026 1.0361
19770108 0 0.197 0.9964
19770109 1.9 0.1068 0.9525
19770110 0 0.1288 0.9318
19770111 1.8 0.1125 0.8911
19770112 20.6 0.1111 0.8869
19770113 0 0.4375 0.9244
19770114 7.3 0.1069 0.9485
19770115 0 0.1192 0.9548
19770116 4.2 0.111 1.0006
19770117 0.6 0.1079 1.0637
19770118 0 0.0813 1.1357
19770119 4.5 0.1167 1.2164
19770120 0.4 0.3496 1.2964
19770121 0 0.1331 1.2238
19770122 0.5 0.2614 1.1844
19770123 0 0.1484 1.1768
19770124 0 0.1856 1.1778
19770125 3.8 0.164 1.4071
19770126 22 0.1762 29.5317
19770127 1.2 0.4397 18.751
19770128 0 0.5604 11.0515
19770129 5.4 0.1604 6.0957
19770130 3.5 0.1691 4.6891
19770131 0 0.1511 NA
19770201 0 0.1455 NA
19770202 0 0.2815 2.8474
19770203 1.5 0.3564 2.5396
19770204 5 0.5089 3.152
19770205 18.6 0.2056 22.9202
19770206 21.1 0.1838 23.8588
19770207 7.6 0.8587 17.9626
19770208 18.9 0.2217 11.805
19770209 22.4 0.2012 19.2158
19770210 29.6 0.1976 29.6958
19770211 0.6 0.7546 12.7884
19770212 4.8 0.1858 6.6917
19770213 1.3 0.5531 5.1549
19770214 0 0.7579 3.9898
19770215 2.3 0.5684 3.0121
19770216 1.6 0.3385 2.4235
19770217 9.5 0.2374 2.9913
19770218 0.3 0.29 4.9788
19770219 0 0.5423 3.1053
19770220 8 0.4431 2.5437
19770221 20.1 0.3192 10.2018
19770222 1.9 0.7285 5.1204
19770223 4.9 1.212 4.5692
19770224 0 0.8799 3.0716
19770225 7.8 0.3245 2.8649
19770226 15.3 0.3013 5.5699
19770227 6.7 0.2 4.5075
19770228 0 0.9715 3.2873
19770301 0 0.8862 2.7268
19770302 11.7 0.273 5.9839
19770303 2.1 0.5599 5.9664
19770304 3.8 1.289 4.2302
19770305 0 0.9173 3.0776
19770306 0 1.6894 2.4072
19770307 0 1.6295 1.988
19770308 1.1 0.8767 1.6416
19770309 0 1.8048 1.467
19770310 0 1.7525 1.2819
19770311 0 0.7386 1.1798
19770312 20 0.2804 3.4663
19770313 2.8 0.7533 2.6245
19770314 2.5 0.4542 2.0296
19770315 0 1.7879 1.663
19770316 0 1.8629 1.4145
19770317 0 1.5246 1.2626
19770318 0 0.9841 1.1184
19770319 4 0.3465 1.1998
19770320 0 0.3809 1.0094
19770321 0 1.2931 0.9224
19770322 0 1.805 0.8294
19770323 0 0.5458 0.7684
19770324 0 1.2383 0.6583
19770325 0 1.3343 0.5952
19770326 0 1.3886 0.5664
19770327 8 0.4507 0.7001
19770328 18.6 0.7486 1.681
19770329 11.8 0.3104 1.5146
19770330 0.3 0.2996 1.5122
19770331 0.2 0.3949 1.5318
19770401 0.1 0.644 4.5776
19770402 3.5 1.2008 6.1869
19770403 3.1 1.1532 3.5434
19770404 1.5 1.4713 2.3481
19770405 8.1 1.2537 3.3444
19770406 0 2.121 2.8587
19770407 19.3 0.4537 6.2383
19770408 18.4 0.3805 5.3257
19770409 7.2 0.409 4.357
19770410 5.2 0.6184 3.8484
19770411 0.3 1.0122 3.8453
19770412 3.9 1.0786 4.2666
19770413 40.6 0.5273 24.2761
19770414 16.4 0.4902 30.3068
19770415 4.7 1.1711 13.5519
19770416 0.9 1.118 9.0125
19770417 0 2.4107 6.5846
19770418 0.3 1.0937 4.904
19770419 18 0.505 7.5186
19770420 0 1.8641 5.9811
19770421 0 1.4157 4.0686
19770422 0 1.988 2.9905
19770423 12.2 0.8478 2.728
19770424 23.9 0.7334 11.0956
19770425 0 0.6935 6.6464
19770426 0 3.1564 3.8857
19770427 5.5 0.6411 3.0923
19770428 4.8 1.0386 3.0747
19770429 9.9 0.6395 2.8286
19770430 7.8 0.6204 6.2354
19770501 0.1 0.6166 3.9211
19770502 0 2.744 2.8095
19770503 0 0.9268 2.2837
19770504 0 3.6935 1.8572
19770505 12.6 0.7018 2.1893
19770506 0 1.2861 1.717
19770507 4 1.4697 1.5658
19770508 2.5 1.4211 1.4995
19770509 0.6 1.1264 1.4145
19770510 0 0.6952 1.2373
19770511 0.5 1.7223 1.1296
19770512 11.4 2.3933 1.0748
19770513 24 0.8166 9.0123
19770514 3.3 1.2165 3.8438
19770515 1.6 1.7603 2.7694
19770516 8.9 2.2197 3.5809
19770517 0 1.3881 2.9544
19770518 0 0.8684 2.148
19770519 0.4 0.8348 1.8496
19770520 0.2 1.6255 1.6248
19770521 14.2 1.866 3.1634
19770522 0.1 0.7778 3.0701
19770523 0 1.7073 2.0047
19770524 0.1 3.3857 1.6085
19770525 0 3.7252 1.3549
19770526 0 3.2064 1.1614
19770527 0 2.9083 1.0585
19770528 0 3.6963 0.9356
19770529 0 4.0189 0.8366
19770530 6.7 3.3318 0.8438
19770531 0 1.8129 0.8275
19770601 0 3.6054 0.6566
19770602 0 3.7444 0.5867
19770603 0 2.2588 0.5496
19770604 0 1.6057 0.5213
19770605 0.4 0.9313 0.4899
19770606 11.6 0.8946 0.7706
19770607 0 3.3808 0.5237
19770608 0.2 2.9356 0.4482
19770609 0 3.5448 0.3903
19770610 0 3.6991 0.3338
19770611 0 1.4123 0.3171
19770612 0 3.2163 0.308
19770613 0 3.6549 0.2741
19770614 1.2 1.2965 0.2413
19770615 9.6 0.8676 0.4179
19770616 0 3.499 0.3675
19770617 0 3.409 0.3006
19770618 6 3.4871 0.4612
19770619 3 3.5474 0.4571
19770620 2.4 3.417 0.3216
19770621 15 0.9443 0.6551
19770622 7.5 0.9341 0.955
19770623 0 2.2242 0.5462
19770624 0 3.0173 0.389
19770625 0.5 1.8573 0.317
19770626 17.6 1.4629 0.7145
19770627 1.9 3.0075 0.8712
19770628 0 3.9666 0.4562
19770629 13.3 2.0338 0.9831
19770630 26.2 1.0885 7.4132
19770701 0 3.4404 2.8245
19770702 0 4.271 1.2557
19770703 0 4.3627 0.8277
19770704 0 3.2911 0.6521
19770705 0 3.7808 0.5228
19770706 0 3.9658 0.4249
19770707 0 3.5521 0.3567
19770708 16.3 1.3378 0.553
19770709 17.3 1.208 1.1531
19770710 7 0.9332 2.4125
19770711 0.1 3.7571 1.4218
19770712 0 4.3758 0.7886
19770713 7.3 1.9677 0.7262
19770714 12.9 1.6662 1.0149
19770715 0.7 1.4461 1.4793
19770716 0.1 3.3024 0.8924
19770717 0 1.537 0.7375
19770718 0 3.1581 0.5981
19770719 0 3.3285 0.4898
19770720 12.9 3.2668 0.5783
19770721 5.3 1.779 0.9325
19770722 0 3.3988 0.5682
19770723 0 3.9274 0.4445
19770724 0 4.1402 0.3564
19770725 38.3 2.3761 4.718
19770726 4.8 2.2138 3.4056
19770727 0 2.5111 1.75
19770728 2.6 2.7088 1.2781
19770729 0 1.4294 1.022
19770730 6.4 0.8505 1.0325
19770731 78.7 0.7824 33.897
19770801 0 1.6833 9.9565
19770802 0 3.214 4.6774
19770803 0 3.7124 2.8124
19770804 0 3.9535 1.981
19770805 0 3.0392 1.5771
19770806 0 3.7875 1.2484
19770807 13.5 2.9907 1.2646
19770808 0 1.4309 1.0678
19770809 38.1 1.5907 7.4365
19770810 0.3 0.9109 7.1054
19770811 0 2.6805 2.8759
19770812 0.3 2.3625 2.0607
19770813 0.4 2.2957 1.6546
19770814 0 2.6009 1.4207
19770815 0 2.9817 1.2297
19770816 10.1 1.5543 1.1941
19770817 0.7 2.407 1.31
19770818 10.3 0.9917 1.1783
19770819 4.6 1.7191 1.4667
19770820 7.9 1.3865 2.3147
19770821 12.2 0.6273 3.8422
19770822 2.5 1.9147 3.5674
19770823 20.4 1.0464 4.2656
19770824 0 1.3867 3.864
19770825 0.1 3.2809 2.3612
19770826 0 1.964 1.8129
19770827 5.6 0.8422 1.6098
19770828 1.3 0.6063 1.5109
19770829 4.3 0.8826 1.3954
19770830 3.8 1.2115 1.9463
19770831 0.1 0.8582 1.3184
19770901 3.1 1.4547 1.1466
19770902 0.1 1.3586 1.1366
19770903 0.7 1.5467 0.9498
19770904 4.7 1.5565 1.6639
19770905 0.1 1.7863 1.218
19770906 0 1.9661 0.9911
19770907 0 2.9207 0.8713
19770908 0 2.603 0.7909
19770909 45.2 0.7504 14.3951
19770910 0 2.2919 4.3611
19770911 0 2.6387 2.5795
19770912 0 2.9355 1.9865
19770913 2.8 0.4622 2.2685
19770914 0 1.7735 1.4854
19770915 0 2.5286 1.193
19770916 0 0.747 1.0258
19770917 0.2 0.7008 0.9496
19770918 3.2 0.358 0.9233
19770919 0 0.7197 0.8563
19770920 0 0.3447 0.7625
19770921 0 1.1239 0.6932
19770922 0 1.5283 0.6449
19770923 0 0.983 0.5935
19770924 0 1.1783 0.5462
19770925 2.7 0.8463 0.5536
19770926 2.3 1.1066 0.5234
19770927 0 1.5141 0.5175
19770928 0.1 1.5872 0.4432
19770929 4.3 0.3979 0.4938
19770930 0 1.7557 0.4774
19771001 10.9 1.0375 0.6781
19771002 6.5 1.3065 0.896
19771003 0 0.877 0.959
19771004 0 1.5499 0.566
19771005 0 1.6644 0.4649
19771006 0 1.3133 0.391
19771007 0 0.3673 0.3561
19771008 0.2 0.4354 0.3413
19771009 0.7 0.3344 0.3315
19771010 21.2 0.2886 1.433
19771011 0 0.7415 1.5034
19771012 0 1.2131 0.7629
19771013 0 0.447 0.594
19771014 0.1 0.25 0.5365
19771015 0.1 0.2495 0.4937
19771016 0.1 0.8485 0.4508
19771017 0.2 0.2562 0.4246
19771018 0 0.435 0.3999
19771019 0 0.8438 0.3758
19771020 0 0.8369 0.3448
19771021 0 0.5572 0.3385
19771022 0 0.8061 0.327
19771023 0 1.1079 0.3082
19771024 0.1 0.5894 0.3032
19771025 8.6 0.4019 0.3485
19771026 3.4 0.2228 0.8267
19771027 0 0.2165 0.463
19771028 5.1 0.2051 0.5377
19771029 0.1 0.6673 0.5152
19771030 0 1.0612 0.4442
19771031 0.3 1.1214 0.4007
19771101 13.6 0.4972 1.8654
19771102 10.6 0.1639 2.1273
19771103 0.3 1.0266 2.41
19771104 16 0.2697 4.6194
19771105 0 1.1075 2.6809
19771106 0 0.7912 1.6267
19771107 0 0.8604 1.1814
19771108 0 0.4071 0.9909
19771109 0 0.2172 0.861
19771110 0 1.0751 0.7774
19771111 0 1.1325 0.7088
19771112 0.8 0.4441 0.6422
19771113 20.5 0.1625 2.4797
19771114 12.8 0.1135 5.4003
19771115 12.1 0.6038 10.4383
19771116 3.1 0.3469 3.6344
19771117 8.8 0.1119 2.5788
19771118 0.6 0.223 2.2375
19771119 0.7 0.3675 2.2552
19771120 0 0.5721 2.2062
19771121 3.4 0.1278 2.019
19771122 2.3 0.103 1.9843
19771123 1 0.1377 2.007
19771124 13.6 0.1718 3.1459
19771125 4.4 0.218 4.673
19771126 4.6 0.101 3.3701
19771127 3.9 0.0886 2.9295
19771128 0 0.1411 2.596
19771129 0 0.0981 2.321
19771130 0 0.0796 2.1012
19771201 0 0.1476 1.8415
19771202 0 0.0816 1.6351
19771203 0 0.2099 1.478
19771204 0 0.2062 1.2963
19771205 0 0.353 1.1877
19771206 3.3 0.0975 1.2649
19771207 0 0.294 1.734
19771208 0 0.2438 5.5076
19771209 1.8 0.1217 5.3811
19771210 0 0.1101 3.9911
19771211 0 0.1247 2.8087
19771212 6.8 0.1312 2.4797
19771213 5.2 0.1153 4.7013
19771214 2.2 0.1093 3.4568
19771215 0 0.0962 2.5524
19771216 0 0.1012 2.0528
19771217 0 0.1152 1.7213
19771218 0 0.1174 1.4469
19771219 0 0.1213 1.2567
19771220 0 0.1152 1.0969
19771221 0 0.0877 1.0003
19771222 0.1 0.1247 0.9551
19771223 5.5 0.1289 1.1862
19771224 28.8 0.1904 5.3461
19771225 14.5 0.1803 16.9768
19771226 0.6 0.1091 5.8312
19771227 25.4 0.1432 12.4685
19771228 0 0.5588 8.1446
19771229 2.7 0.2438 4.0528
19771230 7.2 0.1133 2.9946
19771231 0 0.1478 2.5182
19780101 0 0.4234 2.1579
19780102 10.2 0.4834 2.5035
19780103 9.1 0.1151 10.9243
19780104 6.9 0.1056 5.0314
19780105 0.6 0.0892 3.2598
19780106 0 0.3994 2.5128
19780107 0 0.1123 2.0756
19780108 0 0.4894 1.7984
19780109 0 0.099 1.5832
19780110 1 0.1215 1.4234
19780111 1.2 0.1116 1.3793
19780112 7.6 0.1134 1.2638
19780113 0 0.1074 1.1584
19780114 0 0.1046 1.0858
19780115 0 0.1048 1.0568
19780116 0 0.1169 1.0083
19780117 0 0.1782 0.9504
19780118 0.2 0.2086 0.9186
19780119 0 0.1185 0.8785
19780120 0.5 0.1229 0.859
19780121 4.9 0.116 0.8295
19780122 0 0.2706 0.7819
19780123 0.3 0.3423 0.7808
19780124 27.1 0.1577 9.1074
19780125 2.4 0.241 11.7499
19780126 6.3 0.1725 4.3839
19780127 3.1 0.455 2.9929
19780128 3.4 0.1753 2.4999
19780129 5.7 0.3301 2.1112
19780130 3.8 0.1321 1.8333
19780131 2.5 0.2656 1.7012
19780201 5.6 0.1449 1.5805
19780202 22.6 0.1461 2.6168
19780203 4.2 0.1365 2.3365
19780204 0.5 0.2931 1.8177
19780205 1.5 0.4253 1.6212
19780206 1.8 0.1568 1.5556
19780207 6.4 0.1641 1.4531
19780208 0.2 0.1253 1.4139
19780209 0 0.1222 1.3645
19780210 0 0.1188 1.3233
19780211 1.1 0.1353 1.2631
19780212 0.4 0.5324 1.3652
19780213 0 0.4291 2.548
19780214 0 0.3168 1.8445
19780215 0 0.6952 1.6611
19780216 32.5 0.1573 1.9318
19780217 23.5 0.2301 6.0264
19780218 1 0.1501 6.6697
19780219 27.6 0.1637 5.4385
19780220 17 0.1598 12.4769
19780221 0 0.189 5.9944
19780222 2.9 0.6699 6.8822
19780223 0 0.2624 7.0377
19780224 0 0.3499 8.0455
19780225 0 1.0273 11.8131
19780226 8.3 0.2399 15.3272
19780227 0 0.6211 13.6768
19780228 0 0.8693 12.508
19780301 0 0.3922 9.1692
19780302 0 0.9458 8.1791
19780303 0 1.4789 8.6895
19780304 0 0.7913 7.3543
19780305 24.1 0.2458 11.6857
19780306 0.4 0.2369 6.8856
19780307 0 0.5347 4.5706
19780308 0 0.942 3.6578
19780309 0 1.6187 5.8778
19780310 0 0.3469 4.7894
19780311 0 0.8782 5.4093
19780312 0 1.4092 6.3173
19780313 16 0.398 11.9995
19780314 0 0.9061 6.7083
19780315 10.3 0.5247 6.5062
19780316 5.2 0.8877 7.2789
19780317 11.7 0.2841 4.5121
19780318 4.9 0.5732 3.6577
19780319 0 0.6698 3.2141
19780320 58.7 0.3533 30.293
19780321 8.3 0.4035 26.6421
19780322 0.1 0.8706 8.3468
19780323 11.5 0.8125 9.601
19780324 8.8 0.8148 6.2994
19780325 0.5 0.6596 5.2306
19780326 14.1 0.5039 12.5651
19780327 13.8 0.3619 11.2115
19780328 0 2.2997 12.9998
19780329 0 2.4539 7.6329
19780330 0 1.8751 5.5911
19780331 0 0.6106 4.5705
19780401 0 0.9758 3.7935
19780402 0 0.5562 3.1167
19780403 0 0.4738 2.5729
19780404 0 0.5188 2.3013
19780405 0 0.4997 2.1213
19780406 0.6 0.4476 1.8931
19780407 0 1.9839 1.6063
19780408 0 2.1584 1.3477
19780409 0 2.3695 1.1752
19780410 2.5 0.6751 1.1109
19780411 8.1 0.4207 1.3245
19780412 0 1.4671 1.2704
19780413 0 1.2784 1.0855
19780414 0 2.0537 0.9361
19780415 0.6 0.4684 0.8466
19780416 18 0.8113 0.9385
19780417 1.4 1.1406 2.1012
19780418 0 2.0602 1.9738
19780419 0.3 1.0178 1.4817
19780420 8.1 2.2633 1.2366
19780421 7.6 1.0202 3.8091
19780422 0 1.8765 1.8699
19780423 0 1.3665 1.418
19780424 0 2.6694 1.1632
19780425 0 2.71 0.9939
19780426 0 2.5905 0.8767
19780427 10.8 0.6365 0.9407
19780428 2.8 2.0252 1.3494
19780429 0 2.5419 0.8976
19780430 0 1.5076 0.8407
19780501 9.1 0.6662 1.0154
19780502 4.1 0.6268 1.3328
19780503 0 3.1728 1.1122
19780504 0 2.4222 0.874
19780505 0 2.2374 0.7586
19780506 1.3 1.5542 0.735
19780507 8.4 0.6603 0.8011
19780508 8 0.654 1.2799
19780509 8.2 0.7063 2.2371
19780510 0 1.801 2.1377
19780511 5.2 0.7929 1.6124
19780512 36.6 0.6771 7.5129
19780513 14.5 1.5949 14.9171
19780514 0.1 1.7825 6.0132
19780515 11.8 1.0393 4.0967
19780516 0 2.127 3.038
19780517 0.1 0.9156 2.4502
19780518 2.4 1.0032 2.5565
19780519 7.1 0.772 3.0835
19780520 4.5 1.8866 2.8795
19780521 0 1.3016 2.2873
19780522 13.5 1.3147 2.4167
19780523 66.7 0.7249 30.7292
19780524 27.8 0.7424 26.0998
19780525 0.1 1.2317 9.8591
19780526 0 1.0932 5.7605
19780527 0 3.1532 3.9446
19780528 0 3.742 2.9266
19780529 0 3.8005 2.3382
19780530 0 3.8719 1.9567
19780531 1.8 2.9327 1.6816
19780601 4.5 3.3884 1.5642
19780602 0 4.1371 1.3868
19780603 0.1 3.5901 1.2094
19780604 0 4.2374 1.0514
19780605 0.1 2.662 0.9564
19780606 0 3.0387 0.8766
19780607 0.5 3.0807 0.8008
19780608 13.3 2.0517 1.6022
19780609 4.8 3.3791 0.952
19780610 14.6 1.99 2.7084
19780611 0 1.7634 1.2517
19780612 4 3.3632 0.985
19780613 3.2 1.01 1.073
19780614 0 3.6735 0.8369
19780615 9.4 3.1838 0.7692
19780616 11.7 0.884 1.2914
19780617 9.6 0.7764 3.6313
19780618 1.4 2.0113 2.1408
19780619 1.5 2.8667 1.4779
19780620 0 3.022 1.1264
19780621 0.3 2.7356 0.8854
19780622 4.6 2.531 0.835
19780623 10.6 1.11 0.9455
19780624 16.2 1.4991 5.3981
19780625 26.9 1.9466 10.7826
19780626 3 2.3105 5.3889
19780627 8.9 0.8107 3.8834
19780628 1.8 1.0968 3.8225
19780629 0 2.8148 2.5301
19780630 2.3 2.7567 1.9
19780701 10.1 0.9022 2.5924
19780702 0 2.9104 1.8123
19780703 1.3 1.9429 1.4634
19780704 4.2 0.8924 1.3338
19780705 1.5 2.2194 1.2103
19780706 11.2 1.7154 1.6788
19780707 20.1 1.0426 5.3505
19780708 1.3 1.0464 4.2345
19780709 30.6 0.8531 12.5403
19780710 1.3 1.8549 7.9493
19780711 18.3 2.5308 4.4071
19780712 0.1 2.924 8.3521
19780713 0.2 2.9752 3.591
19780714 3 3.5949 2.5389
19780715 0 0.8965 2.1482
19780716 0 3.5891 1.743
19780717 0 4.2055 1.4176
19780718 13.6 1.8151 1.4669
19780719 6.3 1.1332 2.479
19780720 0 1.7368 1.4433
19780721 2.4 1.3613 1.1886
19780722 0 3.0056 1.0029
19780723 0 3.9512 0.9009
19780724 0 3.9444 0.7969
19780725 0 3.5219 0.7323
19780726 9.1 2.6727 0.6924
19780727 3.9 3.234 1.0211
19780728 0 4.0422 0.6712
19780729 0 4.1045 0.5848
19780730 0 4.0673 0.5218
19780731 0 1.5965 0.4714
19780801 1 0.8469 0.468
19780802 0.2 3.4151 0.4426
19780803 1.4 2.5735 0.4641
19780804 0.3 1.814 0.396
19780805 0 2.9988 0.3736
19780806 11.2 3.0503 0.5877
19780807 107.2 0.8476 26.5521
19780808 37.4 0.6547 33.363
19780809 0.5 1.6917 7.3326
19780810 14.6 1.174 4.3055
19780811 4.2 2.1665 3.1402
19780812 0 2.8946 2.5193
19780813 8.1 1.086 2.0559
19780814 0 3.1826 1.7002
19780815 1.1 3.3465 1.3556
19780816 20.9 1.2759 2.6827
19780817 0.8 2.0627 3.6231
19780818 0 2.5893 2.067
19780819 0 3.2686 1.5571
19780820 0 3.4743 1.2354
19780821 0 3.369 1.0583
19780822 0 3.5312 0.9575
19780823 0 3.2045 0.8799
19780824 0 0.6877 0.8065
19780825 0.1 2.5126 0.7421
19780826 0 0.7589 0.7024
19780827 0 2.8133 0.6542
19780828 0 1.8005 0.6217
19780829 0 2.6875 0.5595
19780830 17.1 0.6226 0.9767
19780831 15.1 0.6912 1.9498
19780901 6.4 0.5143 1.3959
19780902 0 1.158 1.3102
19780903 0 2.5769 0.8565
19780904 0 2.8091 0.7178
19780905 0 1.5804 0.6415
19780906 10.7 1.5813 0.7916
19780907 4.1 0.9037 0.7863
19780908 6.3 1.7431 1.5524
19780909 6.6 0.9309 0.9987
19780910 0.1 2.3539 0.999
19780911 13.2 2.8867 0.9921
19780912 25.6 0.9236 8.479
19780913 0.1 2.4785 4.4917
19780914 0 2.6951 2.1906
19780915 0 2.5385 1.5343
19780916 0 2.5988 1.2273
19780917 0 2.4152 1.046
19780918 0 1.2599 0.9161
19780919 0 0.9999 0.8168
19780920 0 1.6612 0.7282
19780921 0 0.7005 0.6637
19780922 0 1.7555 0.6489
19780923 0.5 0.4404 0.6122
19780924 0 2.2797 0.5593
19780925 0 2.5037 0.5036
19780926 0.1 2.2221 0.4661
19780927 6.4 0.7267 0.5247
19780928 34.5 0.3769 3.5056
19780929 4.4 1.2609 3.7722
19780930 5.2 0.7769 1.8862
19781001 0.2 0.8069 1.3567
19781002 0.1 0.3095 1.0406
19781003 5.9 0.2962 1.0347
19781004 35.5 0.2667 12.6221
19781005 1.9 0.7406 6.6203
19781006 0 1.789 3.2896
19781007 0.1 0.9277 2.3616
19781008 0 1.4851 1.8501
19781009 0 1.5518 1.507
19781010 0 1.278 1.2802
19781011 0.2 0.2902 1.1033
19781012 0.3 0.265 0.9634
19781013 0 1.6186 0.8675
19781014 0 1.4257 0.7915
19781015 0 1.0583 0.7518
19781016 0 0.2517 0.7072
19781017 36.6 0.2342 5.9685
19781018 12.8 0.2041 9.5973
19781019 1 0.2071 3.8904
19781020 0.6 0.2756 2.7312
19781021 0.1 0.2325 2.166
19781022 0.3 0.276 1.7935
19781023 2.1 0.3026 1.6174
19781024 0 0.7141 1.386
19781025 0.1 0.2917 1.245
19781026 9.2 0.2125 1.5145
19781027 0 0.7368 1.9943
19781028 0 0.6606 1.4332
19781029 0 1.1086 1.2703
19781030 0 0.1699 1.1476
19781031 0 0.6513 1.0211
19781101 0 0.1638 0.9406
19781102 0 0.1994 0.8952
19781103 0 0.1545 0.7914
19781104 0 0.1447 0.8032
19781105 0.1 0.1408 0.7723
19781106 0 0.153 0.7008
19781107 0 0.1421 0.6469
19781108 0 0.4072 0.5843
19781109 0 0.1323 0.5415
19781110 0 0.591 0.5343
19781111 0 0.1467 0.5304
19781112 0 0.1445 0.5303
19781113 0 0.7822 0.522
19781114 0 0.8621 0.4842
19781115 0 0.5049 0.4575
19781116 8.5 0.5906 0.5104
19781117 0.7 0.5229 0.746
19781118 0 0.6352 0.5501
19781119 0 0.5505 0.5171
19781120 0 0.8411 0.4875
19781121 0.1 0.1338 0.4587
19781122 0.1 0.1277 0.451
19781123 0 0.5124 0.4408
19781124 0 0.5112 0.421
19781125 0.5 0.5153 0.4271
19781126 11.2 0.1013 0.5154
19781127 0.4 0.0961 0.5095
19781128 3.3 0.0924 0.4734
19781129 0.7 0.0886 0.4779
19781130 0.2 0.0923 0.4985
19781201 0.1 0.0862 0.5416
19781202 0.1 0.0786 0.4927
19781203 0 0.072 0.4488
19781204 0.1 0.0777 0.3969
19781205 0 0.0937 0.368
19781206 0 0.0737 0.3226
19781207 0 0.072 0.2947
19781208 15.9 0.0967 2.3914
19781209 8.5 0.288 12.7527
19781210 0 0.1519 3.2364
19781211 0 0.187 2.102
19781212 13.1 0.6156 2.0731
19781213 11.3 0.2568 9.2472
19781214 4.7 0.3049 4.4892
19781215 3.8 0.1837 4.2413
19781216 7.2 0.126 3.2507
19781217 4.9 0.107 5.0908
19781218 0.8 0.0849 3.5592
19781219 0 0.0767 2.4883
19781220 0.1 0.1288 1.9568
19781221 0 0.0866 1.6387
19781222 0 0.0974 1.4251
19781223 0 0.1053 1.2826
19781224 0.4 0.1594 1.2874
19781225 0 0.4134 1.5185
19781226 0 0.515 1.4223
19781227 0 0.5331 1.2904
19781228 4.7 0.3102 1.4185
19781229 26.1 0.137 9.0711
19781230 11.7 0.1844 9.7885
19781231 11.1 0.1957 9.5596
19790101 0.5 0.0725 5.1029
19790102 0.2 0.0908 3.2034
19790103 0.6 0.2587 2.6584
19790104 0 0.1121 2.1021
19790105 0 0.0641 1.8163
19790106 0 0.0851 1.6166
19790107 0 0.0825 1.4206
19790108 0.1 0.0953 1.3055
19790109 9.5 0.1258 2.6085
19790110 0.3 0.4514 2.8071
19790111 3.8 0.1043 2.0636
19790112 3.5 0.108 1.66
19790113 1.6 0.1806 1.4715
19790114 0.1 0.2495 1.4091
19790115 0 0.3181 1.316
19790116 0 0.1695 1.2351
19790117 0.7 0.082 1.151
19790118 0.1 0.086 1.0764
19790119 0 0.0956 0.9556
19790120 0.9 0.1115 0.9142
19790121 0 0.124 1.1491
19790122 0 0.1254 1.2127
19790123 2.6 0.1642 2.2526
19790124 1.7 0.1218 3.8139
19790125 0 0.4021 2.5224
19790126 14.8 0.1722 1.9298
19790127 13.1 0.1369 1.7952
19790128 13.6 0.1456 6.7009
19790129 0.3 0.3274 4.4854
19790130 5.8 0.2696 3.1613
19790131 0.6 0.1571 2.5465
19790201 0 0.4358 2.2299
19790202 31.6 0.3229 15.3086
19790203 12 0.1756 24.649
19790204 2.4 0.161 8.7883
19790205 19.2 0.176 15.4907
19790206 15.6 0.1466 17.6537
19790207 4.8 0.2166 8.5479
19790208 10.1 0.1795 14.1479
19790209 6.8 0.2118 9.7298
19790210 13.7 0.1872 14.4527
19790211 0 0.1605 8.1322
19790212 4.1 0.5936 6.1576
19790213 0 0.7383 4.485
19790214 2.3 0.6663 3.7545
19790215 0 0.8781 2.9554
19790216 0.8 0.1893 2.4188
19790217 0.7 0.1628 2.2035
19790218 0.6 0.1678 1.9204
19790219 2.3 0.1747 1.7201
19790220 0 0.186 1.5349
19790221 0 0.201 1.4685
19790222 0 0.2138 1.4062
19790223 5.4 0.1863 1.2985
19790224 0.2 0.6078 1.1872
19790225 0 0.1883 1.0958
19790226 0 0.7177 1.4373
19790227 0 0.7636 1.3608
19790228 0 1.0927 1.7105
19790301 2.6 0.2281 1.2896
19790302 0 1.2248 1.0812
19790303 0 1.4374 1.2668
19790304 1.4 1.0335 1.5707
19790305 2.4 0.3368 1.8962
19790306 0 0.3013 1.4013
19790307 7 0.3024 2.0222
19790308 0.9 0.9705 1.8522
19790309 0.9 0.9521 1.5197
19790310 9.4 0.2852 2.361
19790311 52.9 0.3291 25.565
19790312 31.7 0.3543 26.9398
19790313 5.5 1.2088 13.6891
19790314 0 1.484 6.5437
19790315 2.8 1.8373 4.1295
19790316 14.2 0.5084 5.5803
19790317 3.9 0.4834 4.9791
19790318 0.9 0.8021 5.2569
19790319 0 1.5228 3.731
19790320 3.8 0.9506 2.9507
19790321 0 1.7102 2.4822
19790322 2 0.8574 2.1082
19790323 15.9 0.3476 4.5346
19790324 2.5 0.6415 4.6276
19790325 0.7 0.4405 3.2084
19790326 13 1.3745 4.1948
19790327 0 0.9271 4.1272
19790328 3.5 0.4044 2.9786
19790329 3.8 0.3535 2.7683
19790330 4.8 0.3638 3.1726
19790331 1.9 0.4341 3.8487
19790401 0 0.9689 5.4724
19790402 0.7 1.099 4.4694
19790403 9.3 0.765 4.0985
19790404 0.4 1.4146 4.7076
19790405 0.1 1.0827 3.765
19790406 4.8 0.5639 3.0675
19790407 1.5 0.5373 3.5281
19790408 0 2.1184 3.2932
19790409 0 1.6665 2.6111
19790410 0 2.2644 2.1889
19790411 0.6 1.4874 1.9339
19790412 6.9 1.0591 2.0815
19790413 0 2.377 1.7157
19790414 0 2.576 1.4436
19790415 0 2.6562 1.2527
19790416 24.9 2.5096 2.1459
19790417 4.1 0.5501 6.1571
19790418 3.9 0.4852 3.1844
19790419 0 0.916 2.5568
19790420 2.3 2.1659 2.0258
19790421 8.5 1.0121 2.6531
19790422 0 1.9791 2.3335
19790423 4.6 0.6376 2.0179
19790424 16 0.9892 6.4393
19790425 8.7 1.409 4.5931
19790426 13.8 0.8499 6.7363
19790427 19.3 0.5291 10.6247
19790428 1.7 0.5591 10.9621
19790429 0 1.9082 5.6242
19790430 6.6 0.6385 3.8152
19790501 18.3 0.5736 10.5248
19790502 15.1 0.7462 8.0405
19790503 1.6 1.3929 7.9557
19790504 7.8 0.6742 6.275
19790505 3.4 1.5791 6.9836
19790506 0.1 1.6683 7.2292
19790507 0 2.7548 5.6174
19790508 0 3.1131 3.9564
19790509 0 3.0193 2.9514
19790510 0.8 2.3965 2.3413
19790511 13 1.4375 2.4337
19790512 7 1.7541 3.8143
19790513 0 3.0035 2.1994
19790514 0 3.3727 1.7175
19790515 0 3.601 1.4705
19790516 0 3.7796 1.2753
19790517 0 2.1388 1.1422
19790518 0 3.4492 1.0524
19790519 0 2.3377 0.954
19790520 0.2 1.2259 0.8658
19790521 0 3.3779 0.7818
19790522 0 1.6071 0.7191
19790523 0 3.8823 0.6652
19790524 10.9 0.9864 0.7245
19790525 0.5 2.9817 0.8027
19790526 0 3.6278 0.5968
19790527 5.6 1.3857 0.5744
19790528 0.2 3.1604 0.5896
19790529 0 3.8939 0.494
19790530 0 4.2005 0.4419
19790531 0 4.1509 0.4048
19790601 2.7 3.5834 0.4171
19790602 0 3.831 0.4078
19790603 0.4 3.0523 0.3349
19790604 8.8 3.4988 0.3736
19790605 18.5 2.3884 1.4358
19790606 53.6 1.0087 7.6594
19790607 12.1 1.0303 15.9765
19790608 0.9 2.5398 4.6362
19790609 0 4.1921 2.3296
19790610 5.8 3.4125 1.9978
19790611 0.3 2.9286 1.6748
19790612 0.9 3.4484 1.354
19790613 7.6 1.3402 1.4498
19790614 3.7 1.6285 1.3913
19790615 12.8 0.8434 2.9537
19790616 12.8 1.0189 5.0808
19790617 51.5 0.7772 28.9473
19790618 2.1 0.9692 11.1767
19790619 0 1.0785 6.3372
19790620 0 2.5753 3.8518
19790621 0 3.963 2.7294
19790622 3.5 2.8695 2.1777
19790623 0 3.4343 1.8186
19790624 2.2 2.2632 1.4859
19790625 9.6 1.0985 1.9047
19790626 0 4.0222 1.2448
19790627 1.2 2.0735 1.0842
19790628 10 2.5507 1.5445
19790629 0 3.47 1.076
19790630 0 1.3224 0.881
19790701 0 0.9256 0.7255
19790702 0.1 0.8753 0.6526
19790703 2.7 0.807 0.6511
19790704 0 1.4408 0.6124
19790705 0 3.6519 0.5487
19790706 0 3.6465 0.4857
19790707 0 3.4059 0.4399
19790708 0 1.8977 0.401
19790709 1.9 1.1847 0.3849
19790710 1 1.8835 0.3988
19790711 0 3.5116 0.3573
19790712 12.2 1.743 0.3837
19790713 19.6 1.4182 2.2896
19790714 2 0.8701 1.7052
19790715 0 3.3731 0.8759
19790716 0.7 2.2725 0.6455
19790717 0.9 1.2268 0.5262
19790718 0 4.0906 0.436
19790719 0 2.9602 0.3641
19790720 0 2.5671 0.3294
19790721 0 2.7696 0.3172
19790722 0 0.9247 0.3002
19790723 0 2.7945 0.2808
19790724 0 2.2792 0.2799
19790725 0 3.7932 0.2526
19790726 0 3.8748 0.2282
19790727 0 4.0145 0.2126
19790728 0.7 3.1548 0.2023
19790729 0 3.9416 0.1905
19790730 1.3 1.719 0.2489
19790731 4.8 1.7634 0.2513
19790801 6.1 2.6418 0.371
19790802 0.1 3.2804 0.2419
19790803 5.5 1.4229 0.2539
19790804 14.1 3.0457 0.7505
19790805 0 3.8547 0.3012
19790806 0.33 3.3871 0.2511
19790807 5.52 3.9293 0.2413
19790808 0.76 2.0322 0.3087
19790809 20.2 1.0752 0.534
19790810 2.55 0.6955 1.0756
19790811 5.3 0.8902 0.5253
19790812 0 1.9955 0.5119
19790813 0 3.5416 0.3588
19790814 0 3.4958 0.2783
19790815 0 3.7687 0.2388
19790816 0.3 0.7989 0.2228
19790817 5.37 2.0655 0.2149
19790818 36.13 0.6668 5.2078
19790819 0.5 1.7719 2.1453
19790820 0.16 0.672 0.9807
19790821 0 1.8426 0.7088
19790822 0 1.8768 0.5684
19790823 19.6 1.5379 1.7347
19790824 5.9 1.2806 2.7223
19790825 2 1.1692 1.9775
19790826 9.3 0.5788 2.6879
19790827 2.4 1.1113 2.4995
19790828 0 2.2112 1.4315
19790829 0 2.4142 1.0105
19790830 0 3.0509 0.8172
19790831 0 3.1128 0.6753
19790901 0 3.2307 0.578
19790902 0 2.8067 0.4967
19790903 5.5 1.5514 0.5544
19790904 0 1.3887 0.4682
19790905 0 2.4312 0.4169
19790906 0 2.97 0.3784
19790907 0 2.9259 0.3501
19790908 0 2.8079 0.3213
19790909 0 2.1064 0.286
19790910 3.7 0.6854 0.3311
19790911 0 1.2851 0.3225
19790912 0 1.743 0.2904
19790913 0 2.5161 0.2584
19790914 2.5 1.31 0.2575
19790915 0.3 1.3755 0.2894
19790916 0 2.2928 0.232
19790917 0 2.666 0.2185
19790918 0 2.6273 0.2105
19790919 0 2.3714 0.1948
19790920 5.6 1.2311 0.2445
19790921 36.5 0.3941 1.6476
19790922 12.4 0.3244 5.1442
19790923 2.8 0.3278 1.1675
19790924 20.4 0.3221 5.274
19790925 0.2 1.0024 3.5247
19790926 0 1.7706 1.5762
19790927 0 2.1095 1.0891
19790928 0 1.0757 0.9035
19790929 0 0.3834 0.7826
19790930 0 0.3551 0.6832
19791001 0 1.3352 0.6079
19791002 0 0.4414 0.5405
19791003 0 1.3457 0.5087
19791004 0 1.1248 0.4613
19791005 30.2 0.4295 2.533
19791006 4.3 0.3386 5.3532
19791007 0.1 0.3975 1.7151
19791008 0 0.9004 1.1558
19791009 0 1.5496 0.929
19791010 0 1.1853 0.8054
19791011 0 0.2957 0.764
19791012 0 1.4669 0.6771
19791013 0 0.9665 0.6095
19791014 4.9 0.6074 0.6035
19791015 10.2 0.7785 1.2561
19791016 2.3 0.5013 0.874
19791017 7.2 0.2424 1.3119
19791018 4.1 0.5587 2.0745
19791019 0 1.4547 1.3616
19791020 0 1.2957 0.9975
19791021 0 0.4915 0.8485
19791022 6.3 0.1935 0.87
19791023 3.1 0.1794 1.1457
19791024 0.6 0.3054 1.0214
19791025 0.1 0.1836 0.9212
19791026 0 0.3802 0.8303
19791027 0 0.1847 0.748
19791028 3.2 0.3063 0.7359
19791029 0 0.1919 0.7142
19791030 3.6 0.1937 0.7639
19791031 0 0.4069 0.6924
19791101 0.9 0.2074 0.6281
19791102 5.9 0.2965 0.7719
19791103 0 0.4995 0.9154
19791104 0 0.6364 0.776
19791105 28.5 0.1745 6.2324
19791106 36.4 0.1499 14.7255
19791107 33.5 0.1712 18.8668
19791108 13.7 0.6517 16.6885
19791109 22.4 0.1484 14.1821
19791110 3.7 0.2063 8.7818
19791111 0.3 0.5809 5.2235
19791112 4.2 0.5446 3.6188
19791113 10.2 0.1496 6.2725
19791114 1.4 0.4704 4.042
19791115 17.8 0.1187 4.3125
19791116 2.4 0.4877 4.1887
19791117 0 0.1053 3.4573
19791118 2.8 0.1041 2.9676
19791119 1.8 0.111 2.6698
19791120 4.6 0.1184 2.5846
19791121 0 0.1046 2.5674
19791122 0 0.1037 2.4697
19791123 0 0.103 2.3147
19791124 0 0.2194 2.0956
19791125 0 0.4145 2.391
19791126 0.2 0.2493 3.072
19791127 6.4 0.1501 6.1038
19791128 0 0.1226 5.1561
19791129 0 0.1034 3.375
19791130 0 0.7676 2.2679
19791201 0 0.2648 1.7592
19791202 0 0.6966 1.5119
19791203 0 0.7702 1.3319
19791204 0 0.76 1.1734
19791205 0 0.5529 1.0735
19791206 0.1 0.3978 0.9524
19791207 0 0.6094 0.909
19791208 0 0.297 0.8277
19791209 1.3 0.2628 0.7964
19791210 13.3 0.1462 1.8452
19791211 13.5 0.1186 4.3172
19791212 6.3 0.0957 5.2204
19791213 0 0.3005 3.4417
19791214 10.5 0.1178 4.4285
19791215 9.8 0.1281 6.0733
19791216 10.1 0.1006 4.2476
19791217 6.9 0.2144 14.1341
19791218 10.9 0.1045 11.5561
19791219 16.4 0.092 5.7786
19791220 11.5 0.0682 4.03
19791221 0 0.0709 3.3088
19791222 0 0.1695 2.9906
19791223 0 0.0807 2.6227
19791224 0 0.23 2.3704
19791225 0 0.2558 2.1639
19791226 0 0.0946 2.0621
19791227 0 0.3647 1.9598
19791228 0.7 0.1289 1.8324
19791229 2.8 0.3537 1.689
19791230 10.5 0.1039 1.6458
19791231 0.8 0.1027 1.6133
19800101 1.7 0.3141 1.5226
19800102 10.1 0.1176 1.4748
19800103 1.1 0.2235 1.7763
19800104 8.9 0.127 1.7861
19800105 15.2 0.1461 10.6111
19800106 7.5 0.1714 6.4882
19800107 7.2 0.1421 4.1788
19800108 0.4 0.1562 3.4654
19800109 0 0.1862 2.9621
19800110 0.2 0.1191 2.6546
19800111 0.4 0.1097 2.4986
19800112 0.4 0.0992 2.3403
19800113 0 0.1054 2.1665
19800114 0 0.4428 2.0026
19800115 0 0.106 1.9114
19800116 0 0.0879 1.7453
19800117 0 0.104 1.5729
19800118 0 0.1015 1.4948
19800119 0 0.1026 1.4413
19800120 0 0.4076 1.3877
19800121 0 0.269 1.508
19800122 21.5 0.1604 2.6611
19800123 13.5 0.501 5.4574
19800124 46.4 0.2343 19.3787
19800125 4.8 0.4841 13.3229
19800126 0 0.1612 6.4605
19800127 0 0.224 4.3321
19800128 0 0.4726 3.4085
19800129 0 0.2139 2.8067
19800130 0 0.6112 2.9562
19800131 7.5 0.2031 6.6801
19800201 2.6 0.1632 10.8011
19800202 3.9 0.2414 6.0754
19800203 29 0.2857 10.1155
19800204 38.2 0.1955 45.9327
19800205 22.4 0.3542 47.0875
19800206 0.7 0.364 14.2167
19800207 10.7 0.1837 10.691
19800208 0 0.7979 7.1336
19800209 0 0.7873 5.0198
19800210 3.1 0.2185 4.3058
19800211 6.5 0.5198 6.0556
19800212 0 0.3641 4.1655
19800213 0 0.1951 3.297
19800214 0 0.716 2.6865
19800215 0 0.6793 2.2886
19800216 0 0.3549 1.9286
19800217 8.3 0.2062 2.3888
19800218 0 0.3517 2.4473
19800219 0 0.5277 1.9798
19800220 0 0.7321 1.6626
19800221 0 1.2061 1.4912
19800222 0 1.2534 1.3388
19800223 4.3 0.3422 1.5191
19800224 0 0.38 1.3117
19800225 0 0.3362 1.1756
19800226 0 0.3985 1.0694
19800227 0 0.591 1.0075
19800228 0 0.2207 0.9616
19800229 0 0.5169 0.9355
19800301 0 1.2521 0.8178
19800302 0 1.1082 0.7832
19800303 0.7 0.2351 0.7537
19800304 0 1.202 0.6839
19800305 0 1.4609 0.7713
19800306 0.1 0.3943 0.6602
19800307 13.2 0.2854 1.9694
19800308 0.1 1.0185 1.2949
19800309 3.3 0.4527 1.0432
19800310 0.4 0.4435 1.1277
19800311 4.4 0.4484 1.3302
19800312 0 0.6661 1.4009
19800313 0 0.6384 1.1809
19800314 0 0.4274 1.0452
19800315 0.1 0.3149 0.9272
19800316 0.1 0.3201 0.8607
19800317 0 0.3476 0.8356
19800318 0 1.8435 0.8148
19800319 0 1.7958 0.7999
19800320 6.2 0.3078 0.796
19800321 6.1 0.8942 1.6131
19800322 0 0.8163 1.5505
19800323 2.3 0.3529 1.2538
19800324 3.5 0.3759 1.6155
19800325 5.5 1.3466 1.3866
19800326 3.7 1.2346 2.486
19800327 19 0.5126 7.7094
19800328 6.3 1.0066 5.5351
19800329 1.2 1.116 4.6084
19800330 2.7 1.1099 3.1375
19800331 19 0.4419 4.7238
19800401 9.3 0.6574 10.2906
19800402 1.7 1.2642 5.2969
19800403 11.1 0.5366 3.9831
19800404 10 0.601 3.9895
19800405 1.4 0.6837 3.8359
19800406 0.2 0.492 3.8747
19800407 0 0.4808 4.0143
19800408 6.4 0.6054 3.6988
19800409 3.9 0.7033 3.1846
19800410 0.2 0.6532 3.8748
19800411 0 1.3346 4.4425
19800412 0 2.5072 3.7165
19800413 0 2.7898 2.9415
19800414 0 2.9232 2.3464
19800415 0 3.0271 1.9213
19800416 0 2.4305 1.6534
19800417 0 0.6662 1.4723
19800418 2.4 0.8108 1.3481
19800419 11.1 0.5915 1.5689
19800420 1.9 0.8466 1.6345
19800421 5.4 0.7607 1.5683
19800422 7.5 0.7355 2.5675
19800423 5 0.5593 3.1992
19800424 5.6 0.6449 5.1404
19800425 5.9 0.5292 6.0054
19800426 15.7 0.5517 7.9937
19800427 8 0.8004 9.527
19800428 0 1.2492 5.3872
19800429 0 2.8964 3.577
19800430 0 3.1319 2.6454
19800501 0 2.4906 2.1241
19800502 0 1.038 1.7687
19800503 7 0.7163 1.6584
19800504 16.1 0.6901 3.9566
19800505 1.9 0.586 3.1441
19800506 1 1.9544 2.2239
19800507 1.1 0.8147 1.844
19800508 7.2 0.9953 2.1221
19800509 12.8 0.6885 3.5005
19800510 0 2.0122 4.1183
19800511 0 3.4402 2.4925
19800512 0 3.672 1.9246
19800513 0 3.3754 1.615
19800514 8.5 1.5472 1.4765
19800515 0.4 2.04 1.5703
19800516 0 2.1592 1.2247
19800517 0 2.2648 1.0866
19800518 0.8 2.114 1.0045
19800519 0.8 1.0835 0.9416
19800520 0 3.364 0.8744
19800521 4.3 3.4228 0.8046
19800522 5.5 2.2706 1.0787
19800523 0 2.1176 0.7825
19800524 0 2.0566 0.7065
19800525 0 3.1906 0.6473
19800526 3 3.6723 0.6524
19800527 0 2.3293 0.6127
19800528 8 1.0116 0.7959
19800529 6.3 1.0017 0.8646
19800530 3.4 1.1637 0.8134
19800531 5.2 2.3656 0.7734
19800601 26.9 1.3185 3.3521
19800602 10.6 1.1447 9.5837
19800603 1.8 2.0233 2.938
19800604 9.6 2.7405 4.3001
19800605 0 4.0564 2.453
19800606 0.49 2.0464 1.802
19800607 9.05 0.9401 2.3726
19800608 2.4 0.9353 2.0454
19800609 15.2 1.3592 7.3692
19800610 13 0.941 9.2996
19800611 0 3.0265 4.3796
19800612 0 4.3552 2.7735
19800613 0 3.8722 2.0536
19800614 0 4.2421 1.6836
19800615 32.3 3.3018 5.4745
19800616 0.7 3.1742 4.2017
19800617 6.5 1.0351 2.8296
19800618 5.8 1.7012 3.7523
19800619 2.5 1.336 2.615
19800620 8.5 0.8643 4.4313
19800621 2.5 0.9194 2.7394
19800622 5.5 2.4551 3.5031
19800623 5.7 1.0279 2.5753
19800624 2.9 2.3538 2.4278
19800625 5.9 1.598 2.8353
19800626 14 1.4531 4.656
19800627 21.5 1.3026 10.0474
19800628 11.6 1.3567 10.691
19800629 42.4 1.018 24.6519
19800630 0 2.5624 11.7642
19800701 10.7 1.5486 6.9519
19800702 16.2 0.8209 10.1295
19800703 4 1.0441 8.368
19800704 0 2.0239 5.1057
19800705 0 1.1548 3.5584
19800706 1.6 1.0149 2.789
19800707 6 1.8582 2.4433
19800708 11.4 0.8828 4.1985
19800709 20.5 0.8294 10.4648
19800710 9.6 1.1881 6.2935
19800711 0.7 0.8461 6.0868
19800712 0.1 1.1535 3.7518
19800713 7.2 0.8472 3.141
19800714 1.8 1.99 3.1768
19800715 21.9 0.9209 5.1654
19800716 32.4 0.9366 18.6664
19800717 0 1.8684 9.3327
19800718 1.7 1.5012 5.1822
19800719 1.2 2.5923 3.736
19800720 14.1 1.4387 3.9337
19800721 17.2 1.5254 9.9677
19800722 0 3.7153 4.7697
19800723 0 4.0077 3.1279
19800724 0 4.2585 2.3686
19800725 0 4.2967 1.9093
19800726 0 4.0934 1.5729
19800727 0 2.5754 1.3856
19800728 0 3.103 1.229
19800729 26 3.5328 3.1433
19800730 0 2.2521 2.5631
19800731 0 3.4698 1.5511
19800801 0 3.8684 1.2645
19800802 0 4.1914 1.0758
19800803 0 2.9237 0.9284
19800804 1.6 3.9315 0.8617
19800805 0 3.0748 0.7674
19800806 0 3.3251 0.6976
19800807 0 3.922 0.6358
19800808 24.4 1.2124 3.2406
19800809 0 2.9248 1.2958
19800810 0 3.4217 0.9893
19800811 1.5 2.8828 0.8502
19800812 16.6 1.2185 1.9906
19800813 1.3 1.2569 1.2611
19800814 0 3.3056 0.9885
19800815 1.1 3.1142 0.8432
19800816 5.1 0.7345 0.8212
19800817 2.4 1.4418 0.9772
19800818 0 2.193 0.8038
19800819 0 2.2244 0.6971
19800820 13.3 1.8903 1.5528
19800821 0 3.5068 0.8467
19800822 0 2.0304 0.7136
19800823 0 2.3512 0.5931
19800824 0 3.0174 0.5228
19800825 0 3.0624 0.4737
19800826 0 2.2806 0.4717
19800827 3.3 0.9588 0.4754
19800828 0.1 0.6815 0.5115
19800829 0.1 1.6251 0.459
19800830 10.65 0.9991 0.5659
19800831 6.99 0.7444 1.0203
19800901 0 1.1051 0.7773
19800902 0 2.5828 0.5421
19800903 0 3.2111 0.4548
19800904 0 3.292 0.3839
19800905 18.4 2.5578 0.7996
19800906 0 2.4967 1.1352
19800907 0 2.4973 0.5925
19800908 0 3.0413 0.4811
19800909 13.1 0.638 1.387
19800910 0.2 1.2747 0.7973
19800911 2.6 1.4918 0.6774
19800912 0 2.5163 0.5589
19800913 1 1.4326 0.5008
19800914 0 2.0046 0.4548
19800915 0 2.7137 0.4055
19800916 0 2.7231 0.3697
19800917 0 1.8612 0.3491
19800918 0 1.977 0.3287
19800919 0 2.7439 0.3051
19800920 0 2.5223 0.2754
19800921 0 2.1889 0.2531
19800922 19.6 1.2366 0.5458
19800923 16.1 0.8969 3.3021
19800924 0.1 1.6984 1.0464
19800925 0 1.7977 0.6644
19800926 0 1.6325 0.5435
19800927 0.1 0.8168 0.4851
19800928 0.2 0.7354 0.4707
19800929 0 1.3657 0.4501
19800930 0 1.3882 0.3944
19801001 0 1.0529 0.36
19801002 4.8 0.6157 0.4351
19801003 0 0.6326 0.4305
19801004 0 1.4445 0.3529
19801005 0 1.2121 0.3144
19801006 0 1.1171 0.2977
19801007 13.6 0.3767 0.4572
19801008 17 0.4813 4.3759
19801009 6.7 0.4199 2.0287
19801010 0 0.9088 1.5045
19801011 1.6 0.712 1.0356
19801012 17.1 0.2525 3.5202
19801013 15.5 0.2356 7.4561
19801014 0.3 0.2434 3.7281
19801015 0 0.2753 2.1984
19801016 0 0.5057 1.6408
19801017 11.3 0.2469 2.7176
19801018 12.8 0.2255 4.2868
19801019 13.3 0.2206 8.3617
19801020 0 1.2033 4.1148
19801021 0 0.8433 2.6403
19801022 0 1.3176 1.9766
19801023 2.9 0.3406 1.6879
19801024 16.6 0.2496 3.3649
19801025 11.8 0.2055 7.5495
19801026 0.1 0.8773 4.3087
19801027 0 1.4038 2.688
19801028 0 1.5163 2.0645
19801029 0 0.9064 1.6469
19801030 0 0.4639 1.3768
19801031 0 0.1718 1.2015
19801101 0 0.1663 1.093
19801102 0.1 0.1279 1.025
19801103 0.6 0.1212 0.9452
19801104 0.4 0.1226 0.8581
19801105 0 0.1224 0.8076
19801106 0 0.1259 0.7688
19801107 1.4 0.1923 0.7879
19801108 0 0.1923 0.7882
19801109 0 0.1738 0.7327
19801110 0.9 0.1263 0.6826
19801111 0 0.1354 0.6357
19801112 8.8 0.1366 0.6187
19801113 0 0.5671 0.6303
19801114 0 0.143 0.6886
19801115 3.5 0.1663 1.472
19801116 0.2 0.7301 1.3138
19801117 0.3 0.7925 0.8875
19801118 12 0.339 2.3243
19801119 12.2 0.1642 6.3513
19801120 0 0.9723 2.2738
19801121 0 0.8347 1.5922
19801122 0 0.5779 1.2739
19801123 0 0.9996 1.119
19801124 0 0.9438 1.0159
19801125 0 0.7018 0.9323
19801126 11.7 0.1585 1.0441
19801127 2.3 0.1261 1.1773
19801128 2.5 0.1957 1.0921
19801129 1.6 0.1044 1.0614
19801130 10.8 0.1096 1.11
19801201 0.1 0.2448 1.1727
19801202 1.1 0.0807 1.5105
19801203 2.3 0.106 1.3025
19801204 2 0.1015 1.2503
19801205 2.6 0.1068 1.2895
19801206 12.6 0.1183 3.4109
19801207 0.3 0.293 2.713
19801208 0 0.1937 1.929
19801209 0 0.2897 1.582
19801210 0 0.435 1.374
19801211 0 0.5304 1.2722
19801212 0 0.4346 1.2217
19801213 0 0.3455 1.1905
19801214 3.6 0.1948 9.6655
19801215 18.1 0.1461 19.1983
19801216 0 0.2898 7.6745
19801217 0 0.1201 4.2423
19801218 2.14 0.1289 3.0629
19801219 0.2 0.1197 2.461
19801220 4.58 0.2285 2.0669
19801221 10.64 0.1784 2.3421
19801222 1.65 0.1264 2.0547
19801223 1 0.2317 3.7274
19801224 0 0.4808 5.7158
19801225 0 0.1807 3.0617
19801226 8.6 0.1967 3.9456
19801227 5.1 0.201 2.7413
19801228 0 0.1768 2.1247
19801229 0 0.087 1.8072
19801230 0 0.2431 1.5739
19801231 0 0.4679 1.4234
19810101 0.5 0.109 1.3315
19810102 5.1 0.1065 1.2413
19810103 14.5 0.1525 8.3847
19810104 23.4 0.1129 15.5686
19810105 0 0.1772 5.7316
19810106 3.5 0.1065 3.7839
19810107 1.3 0.2488 2.837
19810108 0 0.2926 2.3353
19810109 0.1 0.0849 2.0137
19810110 2.4 0.106 1.8467
19810111 0 0.0935 1.6685
19810112 2.4 0.4072 1.5264
19810113 4.9 0.1034 1.428
19810114 0 0.3504 1.7341
19810115 21.2 0.2014 4.0227
19810116 0.9 0.1182 2.4568
19810117 3 0.1357 1.9791
19810118 2.1 0.118 1.7819
19810119 8.5 0.1224 1.8927
19810120 4 0.1234 2.6311
19810121 0 0.3876 2.0274
19810122 0 0.1784 1.7549
19810123 0 0.1492 1.5849
19810124 0 0.0896 1.4383
19810125 0.4 0.115 1.3029
19810126 3.5 0.3913 1.1735
19810127 0 0.0876 1.1193
19810128 0 0.2128 1.1304
19810129 0 0.0975 1.1438
19810130 0 0.2408 1.1544
19810131 0 0.5436 1.1595
19810201 0 0.6361 1.1693
19810202 0 0.729 1.1577
19810203 2.5 0.2833 1.168
19810204 25.8 0.1449 12.0546
19810205 1.2 0.2096 4.5749
19810206 3.3 0.1534 2.9804
19810207 8.5 0.1831 13.972
19810208 0 0.1896 14.23
19810209 0 0.6163 9.1286
19810210 9.3 0.1573 11.1237
19810211 0.1 0.543 6.8201
19810212 0 0.3609 4.4576
19810213 0 0.6307 3.278
19810214 0 0.6614 2.647
19810215 0 0.8417 2.249
19810216 0 0.7922 1.9085
19810217 0 0.1571 1.6595
19810218 0.9 0.2159 1.5211
19810219 0.4 0.147 1.3754
19810220 0 0.1515 1.2504
19810221 0.3 0.2468 1.1408
19810222 0.2 0.6167 0.9564
19810223 0 0.3937 0.7965
19810224 0 0.8859 0.7712
19810225 0 0.1829 0.8046
19810226 0 0.1989 0.8422
19810227 0 0.7093 0.8273
19810228 3.3 0.2534 0.8537
19810301 6.8 0.7904 3.6146
19810302 0.4 0.2541 2.71
19810303 13.9 0.2711 4.6764
19810304 6.2 0.2434 3.2745
19810305 0 0.5881 2.5038
19810306 6 0.2985 3.3816
19810307 2 1.5013 10.1996
19810308 9.9 0.3177 12.798
19810309 0.3 1.0933 15.6879
19810310 5.1 0.4583 13.9747
19810311 3.2 0.4442 9.6225
19810312 19.6 0.3698 13.7589
19810313 14.5 0.8103 15.4336
19810314 0.6 1.0065 8.8025
19810315 0.1 0.4421 4.9797
19810316 3.6 0.7249 3.684
19810317 5.3 0.5455 3.2924
19810318 3.2 0.5388 3.1404
19810319 0 1.6129 3.4999
19810320 0 1.5589 3.1401
19810321 0 2.1683 2.5731
19810322 0 1.4761 2.1744
19810323 7.1 0.872 2.1352
19810324 3.4 1.7078 2.7205
19810325 4.4 1.8098 3.4571
19810326 16 0.8803 6.1765
19810327 0 2.0497 4.147
19810328 0 2.3181 2.7871
19810329 0 2.1095 2.2049
19810330 1.2 0.4688 1.8598
19810331 0 0.5434 1.6615
19810401 0 0.5261 1.4598
19810402 0 1.5794 1.2768
19810403 0 0.5672 1.1166
19810404 0 0.5908 0.9679
19810405 2.5 0.4721 0.972
19810406 10 1.0519 1.285
19810407 0 2.6642 1.3197
19810408 0.2 1.1098 1.0157
19810409 0 2.5918 0.898
19810410 0 2.6899 0.8248
19810411 0 1.4318 0.7614
19810412 0 2.2405 0.712
19810413 0 3.0207 0.6852
19810414 0 2.6386 0.6467
19810415 5.5 1.9539 0.6265
19810416 0 2.8238 0.7483
19810417 0 2.246 0.6042
19810418 0 1.6012 0.5536
19810419 0.1 0.5717 0.5233
19810420 0.1 1.0979 0.5254
19810421 0 2.5113 0.502
19810422 0 2.5783 0.4824
19810423 0 2.4645 0.4762
19810424 0 1.4342 0.4722
19810425 0 2.3545 0.4569
19810426 3.8 1.7923 0.441
19810427 5.2 0.4992 0.6657
19810428 7.8 0.5835 1.5371
19810429 2 0.5552 1.637
19810430 1.2 1.4083 1.194
19810501 17.5 0.6739 2.2031
19810502 12.7 0.6213 7.7579
19810503 0.9 0.5776 2.6311
19810504 3.7 1.0321 1.6632
19810505 15.6 0.7111 3.6291
19810506 0.2 1.3798 3.6387
19810507 0 3.2807 2.2562
19810508 0 2.5 1.6746
19810509 0 3.7137 1.2474
19810510 0 3.2083 0.9649
19810511 1.9 1.4794 1.0959
19810512 3 2.0472 0.9654
19810513 6.3 0.7772 1.4017
19810514 0 1.1226 0.8802
19810515 0.2 1.5371 0.7908
19810516 1.6 2.5957 0.757
19810517 2.6 1.7225 0.7851
19810518 0 3.7423 0.6387
19810519 0 3.5581 0.5519
19810520 0 2.9083 0.5193
19810521 0 3.3327 0.4811
19810522 9.1 1.1409 0.678
19810523 0 3.0462 0.5511
19810524 10.8 1.29 0.9966
19810525 2.5 1.3304 0.7342
19810526 13.1 0.756 0.9308
19810527 26.1 0.8491 12.3396
19810528 3.7 2.7552 4.0862
19810529 11.1 1.9583 5.65
19810530 1.5 3.3469 2.7248
19810531 0 3.9116 1.8653
19810601 0 3.9204 1.4569
19810602 0 4.3452 1.1913
19810603 4.9 1.3569 1.011
19810604 2.5 0.9271 1.1755
19810605 0 3.5265 0.8461
19810606 4.8 3.8115 0.7439
19810607 4.9 3.259 1.2355
19810608 1.5 1.2213 0.811
19810609 2 2.9535 0.7042
19810610 3.1 2.0655 0.7288
19810611 0 4.2548 0.5848
19810612 0 3.6003 0.5017
19810613 1.1 1.828 0.4849
19810614 0 4.2394 0.4305
19810615 0 4.5187 0.3832
19810616 0 2.4817 0.3579
19810617 0 1.041 0.337
19810618 17.4 0.7749 0.6117
19810619 1 0.7973 0.7879
19810620 0 1.8781 0.4452
19810621 10.5 0.8095 0.6485
19810622 2.8 1.1781 1.0655
19810623 0 1.0737 0.6647
19810624 0 2.1578 0.5156
19810625 6 3.2471 0.4993
19810626 0.2 1.1827 0.4925
19810627 0 3.7335 0.3848
19810628 6.1 1.4313 0.4011
19810629 8.8 1.9332 1.0736
19810630 0 1.75 0.5624
19810701 0 3.7282 0.431
19810702 0 4.1071 0.3474
19810703 22.3 1.2298 1.5657
19810704 1.1 2.6938 1.6144
19810705 0 3.4161 0.7071
19810706 5.5 2.4602 0.5969
19810707 0 4.1869 0.4919
19810708 0 4.2122 0.3835
19810709 0 3.8402 0.3295
19810710 0.2 2.7903 0.2998
19810711 20.2 1.026 0.4188
19810712 15.1 1.3426 5.6892
19810713 16.9 0.9561 3.7889
19810714 0 2.406 3.5311
19810715 0 1.5122 1.5776
19810716 0 2.5543 1.1593
19810717 1.4 1.3205 0.9745
19810718 41.2 0.8107 5.619
19810719 22.6 0.7865 20.0306
19810720 5.4 0.77 6.7255
19810721 4.8 1.0409 6.2569
19810722 0.6 3.1669 3.5772
19810723 7.6 1.2279 2.6604
19810724 16.2 0.7657 6.5115
19810725 16.8 1.1486 8.6457
19810726 3.8 1.4885 8.3432
19810727 3.3 0.9494 4.921
19810728 0 2.7863 3.3799
19810729 0 3.9195 2.4072
19810730 0 4.0917 1.8454
19810731 0 2.8145 1.5518
19810801 0 2.6699 1.2374
19810802 0 2.0007 1.0537
19810803 4.4 3.2475 0.9626
19810804 0.1 4.0149 0.9404
19810805 0 4.0747 0.7487
19810806 11.7 3.8445 0.743
19810807 1 2.6497 1.1214
19810808 7.4 2.8469 0.7886
19810809 11.7 1.2299 1.8344
19810810 0 0.7831 1.0141
19810811 0 1.3953 0.78
19810812 0.2 1.6373 0.688
19810813 0 2.5596 0.5955
19810814 0 3.5593 0.5279
19810815 0 3.7563 0.469
19810816 1.2 3.3621 0.408
19810817 0 2.0654 0.4142
19810818 0 3.1293 0.3673
19810819 0 3.1984 0.3376
19810820 6 1.1891 0.3251
19810821 7.6 0.7825 0.683
19810822 0 2.2674 0.3885
19810823 13.3 1.0554 0.8938
19810824 0 1.687 0.613
19810825 0 2.7914 0.4285
19810826 0 2.4897 0.3524
19810827 0 1.5711 0.3214
19810828 0 2.6046 0.3003
19810829 0 3.0439 0.2803
19810830 0 3.0137 0.261
19810831 3.3 2.7563 0.2464
19810901 38.8 0.5848 6.3755
19810902 5.9 0.5796 4.6514
19810903 0 0.6519 1.994
19810904 0 0.7057 1.1831
19810905 0 1.5506 0.9102
19810906 0 2.3905 0.755
19810907 0 2.6527 0.66
19810908 9.9 1.1575 0.5991
19810909 14.2 1.3065 4.3223
19810910 0.7 0.9168 1.4882
19810911 1.4 1.4615 1.0921
19810912 5.4 2.5255 0.8886
19810913 2.91 0.461 1.2568
19810914 10.42 1.3316 7.2353
19810915 0.6 1.3478 2.4723
19810916 4.5 1.3702 1.979
19810917 0 1.6417 1.4829
19810918 0.5 2.4663 1.1581
19810919 3.3 0.5554 1.0849
19810920 1.1 1.1793 1.0358
19810921 0 2.1764 0.8718
19810922 2.3 0.9935 0.7779
19810923 32.6 0.4105 10.5175
19810924 0.7 0.3554 3.5504
19810925 0.1 1.0989 2.2575
19810926 0.1 0.9289 1.7236
19810927 2.1 0.4304 1.4053
19810928 28.8 0.3247 9.8392
19810929 20 0.8313 21.6034
19810930 0 1.8554 6.9513
19811001 0 1.4028 3.9928
19811002 1 0.3482 2.8503
19811003 0.1 0.3306 2.1624
19811004 0 1.4667 1.6841
19811005 0 1.6956 1.3908
19811006 0 2.1336 1.1941
19811007 8.3 1.1327 1.601
19811008 0 1.8617 1.1131
19811009 2.4 1.258 0.9817
19811010 20.3 0.3535 2.539
19811011 26.1 0.5791 20.3787
19811012 20.3 0.2523 9.0131
19811013 2.45 0.7172 10.8679
19811014 12.45 0.3242 5.426
19811015 7.01 0.293 22.3372
19811016 5.68 0.5222 9.5605
19811017 0 0.2843 5.2529
19811018 6.1 1.1157 3.8888
19811019 0 0.3401 3.1734
19811020 0.5 0.984 2.438
19811021 20.3 0.2034 5.5858
19811022 3.1 0.1844 6.2197
19811023 6.1 0.6402 4.4118
19811024 0.6 0.4328 4.8164
19811025 0 0.4246 3.353
19811026 6.6 0.1645 2.7202
19811027 10.8 0.152 2.8903
19811028 2.3 0.5537 5.8826
19811029 2.2 1.1329 5.7406
19811030 23.9 0.185 14.9477
19811031 0.3 0.1985 8.2077
19811101 0 0.9484 5.2811
19811102 0 1.3176 3.6141
19811103 0 1.3054 2.7595
19811104 0 1.2877 2.1883
19811105 0.1 0.2002 1.8343
19811106 0 0.5022 1.5735
19811107 0.2 0.4863 1.3893
19811108 0 0.6106 1.2165
19811109 0 0.4706 1.0888
19811110 0 0.4839 1.0039
19811111 0 0.1186 0.9148
19811112 1.5 0.1319 0.9406
19811113 0 0.1417 0.9224
19811114 3.2 0.1814 0.9386
19811115 0.8 0.2805 0.8894
19811116 0 0.5365 0.7719
19811117 0 0.6378 0.8945
19811118 0.4 0.7482 0.8411
19811119 0.2 0.1478 0.7904
19811120 0 0.7982 0.7144
19811121 0 0.8677 0.6492
19811122 0 0.8025 0.6139
19811123 0 0.8452 0.5868
19811124 7.63 0.1307 1.1082
19811125 1.45 0.1813 0.9657
19811126 0 0.3631 0.7644
19811127 9.37 0.1748 1.2479
19811128 12.03 0.1659 4.1461
19811129 10.49 0.0987 2.4338
19811130 29.2 0.1012 2.7959
19811201 19.54 0.1031 19.2322
19811202 1.53 0.2241 6.4627
19811203 0 0.0884 4.2732
19811204 5.3 0.1098 3.6209
19811205 2.3 0.1011 4.0574
19811206 0.9 0.096 3.1758
19811207 7.3 0.1023 2.9117
19811208 16.8 0.1234 14.6117
19811209 20.6 0.0956 14.084
19811210 9.04 0.1082 6.377
19811211 5.28 0.1007 7.508
19811212 13.56 0.1667 17.2792
19811213 2.1 0.2972 7.3007
19811214 30.7 0.1066 14.1212
19811215 9.4 0.1138 9.5859
19811216 26.5 0.108 28.6384
19811217 13.6 0.1135 11.7394
19811218 4.8 0.0974 7.0976
19811219 3.4 0.0757 5.5491
19811220 0 0.2184 4.1344
19811221 0 0.0871 3.554
19811222 0 0.0865 3.1986
19811223 0.3 0.1315 2.8787
19811224 6.81 0.3144 2.6836
19811225 1.93 0.0893 2.5097
19811226 0 0.1255 2.3862
19811227 0 0.0699 NA
19811228 0 0.3564 2.0817
19811229 0 0.2933 2.1351
19811230 0 0.1033 2.0995
19811231 2.8 0.1621 6.8299
19820101 5.7 0.2614 10.9829
19820102 0 0.5823 8.5802
19820103 0 0.6311 6.5376
19820104 4.9 0.1674 15.5892
19820105 10.8 0.139 25.2316
19820106 38.4 0.1242 49.6919
19820107 0 0.0871 12.6717
19820108 30.2 0.0707 6.8408
19820109 30.6 0.139 37.9199
19820110 19.5 0.0858 16.5944
19820111 0.3 0.1333 8.4869
19820112 19.7 0.1012 18.8042
19820113 0 0.0824 8.4399
19820114 0 0.0898 5.3896
19820115 0 0.1071 3.8838
19820116 0 0.1283 3.0661
19820117 0 0.3843 2.6884
19820118 0 0.6115 2.3698
19820119 0 0.3164 2.0965
19820120 0 0.2337 1.8466
19820121 0 0.3572 1.658
19820122 0 0.13 1.5693
19820123 0.5 0.1288 1.4759
19820124 0 0.1249 1.348
19820125 0 0.2582 1.2193
19820126 0.7 0.1356 1.1843
19820127 8.9 0.1432 1.5794
19820128 0.4 0.1354 1.3943
19820129 15.6 0.1374 1.4272
19820130 19.1 0.1686 17.8012
19820131 4.83 0.164 17.6864
19820201 0 0.3428 8.1315
19820202 0 0.4429 4.7018
19820203 0 0.3775 3.2457
19820204 0 0.2089 2.562
19820205 0 0.8888 2.3535
19820206 0.5 0.1989 2.2238
19820207 0 0.663 3.0906
19820208 3.3 0.247 4.0987
19820209 0 0.4623 3.2767
19820210 0 1.0879 2.8927
19820211 0 1.1235 2.7718
19820212 0 1.0882 2.6464
19820213 0 1.0237 2.385
19820214 0 0.2042 2.0317
19820215 0 0.1752 1.8545
19820216 0 0.1762 1.5851
19820217 0 0.1694 1.3703
19820218 0 0.1926 1.3407
19820219 2.8 0.1761 1.359
19820220 0 0.1722 1.144
19820221 0 0.5422 0.972
19820222 0 0.4219 1.0766
19820223 7.9 0.1595 1.0265
19820224 8.5 0.1716 1.0587
19820225 0 0.411 1.4475
19820226 0.1 0.2558 1.3124
19820227 0 0.9326 1.6669
19820228 0 0.6269 1.6243
19820301 0.2 0.9165 6.8455
19820302 5.9 0.3882 5.2274
19820303 0 0.3186 3.1959
19820304 3.2 0.2773 3.1301
19820305 2.2 0.5329 2.4827
19820306 0.4 0.5363 1.9593
19820307 0 0.9725 1.6222
19820308 0 1.4358 1.4314
19820309 0 1.2196 1.3622
19820310 0.8 1.0623 1.4247
19820311 7.6 0.5054 2.0299
19820312 7.3 0.6584 1.9645
19820313 1.7 0.6102 4.0508
19820314 0 0.9682 2.876
19820315 0 1.6554 2.5451
19820316 0 0.6833 2.1491
19820317 11 0.3079 4.9247
19820318 8.7 0.4726 3.8517
19820319 0.4 0.7759 3.6502
19820320 12.5 0.4503 4.1195
19820321 0 0.5343 4.2885
19820322 1.3 0.3915 3.8807
19820323 6.2 0.6181 4.0073
19820324 0 1.4012 3.7947
19820325 0 1.751 3.1536
19820326 0 2.0506 2.8123
19820327 0 1.9883 2.885
19820328 0 1.5444 3.1759
19820329 4.5 1.0251 4.0577
19820330 0 0.4024 3.2056
19820331 0 0.4934 2.4677
19820401 0 1.5585 2.2782
19820402 0 1.7187 2.3872
19820403 1.5 0.4606 2.5353
19820404 0 2.3477 2.1784
19820405 0 2.3431 1.9652
19820406 0.8 1.8657 1.8694
19820407 5.4 1.1848 2.0828
19820408 11.4 0.9782 2.1193
19820409 0.7 1.1283 2.8747
19820410 0 1.3657 1.6912
19820411 0 0.8847 1.3128
19820412 3.1 0.4972 1.2127
19820413 0 0.6746 1.0091
19820414 0 1.5622 0.8581
19820415 0 2.2304 0.7882
19820416 0 2.3809 0.7378
19820417 0 1.6624 0.7042
19820418 0 2.3605 0.6783
19820419 0 2.5309 0.6348
19820420 0 2.0416 0.5827
19820421 0 2.0012 0.5489
19820422 0 1.4574 0.5145
19820423 0 2.6332 0.4842
19820424 13.9 0.7205 0.8222
19820425 0 1.4167 0.8106
19820426 0 1.8959 0.631
19820427 0 1.3038 0.547
19820428 0 1.3294 0.5119
19820429 16.4 0.9286 0.969
19820430 10.2 1.0636 3.5394
19820501 0.2 0.6409 1.9
19820502 1.1 1.5969 1.2361
19820503 0 3.2647 0.958
19820504 0 1.4017 0.7989
19820505 0 0.6334 0.7389
19820506 9.7 0.708 0.9087
19820507 0.3 2.0582 1.3427
19820508 0 1.5809 0.9045
19820509 5.4 1.2401 0.8157
19820510 1.6 0.6229 0.9319
19820511 0 3.0038 0.8105
19820512 0 2.9137 0.6751
19820513 0 3.5262 0.5968
19820514 0 3.6858 0.5343
19820515 0 3.8513 0.4846
19820516 0 3.2011 0.4379
19820517 0.2 2.1198 0.4184
19820518 8.43 2.9022 0.5799
19820519 0.2 1.7292 0.6
19820520 0.7 2.2383 0.4969
19820521 3.8 2.0058 0.4854
19820522 0.8 1.0052 0.4148
19820523 5 1.5164 0.3938
19820524 10.9 1.1767 1.0127
19820525 0 3.6201 0.6706
19820526 0 4.0112 0.4352
19820527 0 3.9337 0.3373
19820528 3.5 0.9692 0.2997
19820529 0 2.2103 0.3728
19820530 0 3.7731 0.3414
19820531 0 3.86 0.3221
19820601 0 4.3171 0.2692
19820602 0 3.7892 0.2492
19820603 0 4.3207 0.2278
19820604 1.38 3.9993 0.2152
19820605 2.11 4.2696 0.2002
19820606 0.8 2.3735 0.1971
19820607 5.2 2.7579 1.0281
19820608 0 2.7453 0.3347
19820609 0.17 2.0392 0.2664
19820610 0.64 2.4847 0.2325
19820611 13.22 0.9962 0.3214
19820612 21.73 1.6223 1.0361
19820613 10.42 1.1669 1.1566
19820614 10.07 0.9761 3.7191
19820615 0.09 1.9527 1.9108
19820616 17.2 0.9583 2.2921
19820617 10.5 3.3723 6.9541
19820618 12.6 0.9759 4.0089
19820619 0.3 1.8892 3.0469
19820620 0 3.9068 1.7173
19820621 2.6 1.0416 1.2747
19820622 24 2.7879 2.4113
19820623 8.1 2.3497 6.4939
19820624 0 3.6087 2.7961
19820625 1.5 2.2848 1.818
19820626 13.3 1.0058 2.4751
19820627 8.9 2.0617 2.8764
19820628 8.9 1.9373 2.7166
19820629 15.4 1.8996 7.6803
19820630 0 2.4976 3.1178
19820701 0 4.1523 2.023
19820702 0 3.8021 1.5376
19820703 1.1 2.8475 1.1839
19820704 12.5 2.734 1.4967
19820705 0 3.5045 0.9739
19820706 0 2.6264 0.8022
19820707 0 4.3621 0.6835
19820708 0 4.3796 0.6127
19820709 0 4.5427 0.5497
19820710 0 1.205 0.4676
19820711 0 3.9499 0.4037
19820712 0 4.4024 0.3655
19820713 0 4.2422 0.3417
19820714 28.1 3.6624 1.8716
19820715 0.6 3.6666 1.2918
19820716 10.5 3.8576 1.3589
19820717 8.5 1.8768 1.8179
19820718 0 2.1743 1.1903
19820719 0 0.9286 0.8005
19820720 0 3.8202 0.6536
19820721 0 3.3799 0.5408
19820722 11.8 2.2602 0.7445
19820723 0.8 2.2141 0.8184
19820724 18.1 0.883 1.3711
19820725 11 0.8739 2.6175
19820726 22.4 0.8734 7.1771
19820727 12.9 0.8082 10.6588
19820728 0.3 1.3729 5.2069
19820729 0 2.784 2.8657
19820730 0.2 2.0677 2.0174
19820731 11.6 0.9885 2.5109
19820801 0 3.9298 1.6628
19820802 0 0.9136 1.2982
19820803 16.6 2.1418 2.7088
19820804 3.3 1.0613 4.3376
19820805 14.2 1.7093 3.4691
19820806 35.6 1.0905 17.1771
19820807 2.8 1.0087 8.6462
19820808 2.8 1.5188 3.9354
19820809 8.8 1.0854 6.3055
19820810 0 2.3306 2.9716
19820811 0 3.118 2.0011
19820812 0 3.7691 1.6243
19820813 2.3 1.3914 1.4336
19820814 2.5 2.166 1.2936
19820815 49.1 2.5468 12.167
19820816 9.7 1.3073 8.1212
19820817 29.2 1.7574 17.4718
19820818 0 3.6177 6.7073
19820819 0 2.5467 3.8186
19820820 13.1 0.6807 3.8712
19820821 0 2.7861 3.1528
19820822 0 3.0887 2.168
19820823 0 3.3519 1.7068
19820824 4.3 1.1904 1.5698
19820825 0.4 1.4681 1.305
19820826 0.8 2.1509 1.1033
19820827 6.4 0.6662 1.1848
19820828 13.6 0.6037 2.2433
19820829 1.5 1.437 2.3878
19820830 0 2.5376 1.4357
19820831 13.3 0.5561 2.3103
19820901 0.2 1.6002 2.5092
19820902 0 2.3169 1.6122
19820903 0 2.3017 1.2978
19820904 0 2.6779 1.065
19820905 0 3.0445 0.8959
19820906 21 0.5883 1.3095
19820907 2.9 0.5302 3.3957
19820908 0 0.5937 1.6175
19820909 0 0.9412 1.3018
19820910 0 1.5632 1.1375
19820911 0 2.4745 1.0035
19820912 0 2.3949 0.8928
19820913 0 2.3825 0.8194
19820914 0 2.7012 0.7577
19820915 0 2.1758 0.7097
19820916 0 1.3027 0.6781
19820917 0 0.9509 0.6555
19820918 0 1.3275 0.6097
19820919 0 2.577 0.5518
19820920 2.1 1.6881 0.5184
19820921 4.2 1.865 0.6476
19820922 11.3 0.5357 0.7021
19820923 2.2 0.3913 1.0598
19820924 0 1.1077 0.6567
19820925 0 1.7807 0.565
19820926 20.8 1.8212 1.5918
19820927 0 2.0683 1.5965
19820928 0 1.8695 0.8543
19820929 0 0.8656 0.7179
19820930 14.8 0.3812 1.225
19821001 4.4 0.8738 3.2055
19821002 0 0.8385 1.0368
19821003 0 1.0384 0.7337
19821004 0 0.3432 0.6695
19821005 4 0.3397 0.7918
19821006 34.9 0.2459 6.4051
19821007 0.6 0.8788 8.9544
19821008 8.3 0.6133 5.2547
19821009 1 0.9182 2.9072
19821010 0.5 0.8608 1.8984
19821011 13.2 0.7998 2.5585
19821012 2.7 0.4724 3.8469
19821013 23.8 0.3115 6.6978
19821014 1.3 1.5269 6.9588
19821015 11.3 0.3186 6.5773
19821016 0.5 1.4376 4.4903
19821017 2 0.2678 2.9665
19821018 0.1 0.9161 2.3304
19821019 0.1 0.2783 1.8849
19821020 0 0.9761 1.6253
19821021 0 0.2703 1.2943
19821022 0 0.3656 1.1696
19821023 7.6 0.2527 1.5843
19821024 10.7 0.2105 2.2227
19821025 0.5 0.2911 2.6361
19821026 0 0.2012 1.8248
19821027 0 0.3517 1.4965
19821028 0 0.2216 1.313
19821029 0 0.1904 1.188
19821030 0 0.78 1.104
19821031 0 0.7211 1.0274
19821101 0 1.1147 0.9248
19821102 0 0.8995 0.8701
19821103 0 0.7171 0.8238
19821104 0 0.4888 0.7317
19821105 0 0.159 0.672
19821106 0 0.1498 0.636
19821107 0 0.2858 0.5657
19821108 0 0.424 0.4984
19821109 2.51 0.1979 0.5218
19821110 0 0.4386 0.5105
19821111 0 0.1689 0.5051
19821112 0.1 0.5973 0.4994
19821113 22.11 0.1458 1.4939
19821114 6.31 0.3252 2.4031
19821115 7.51 0.136 1.4943
19821116 0.53 0.1903 1.4174
19821117 10.38 0.2827 1.5435
19821118 22.17 0.1387 13.3371
19821119 0.7 0.1474 7.1658
19821120 0 0.7123 3.3606
19821121 0 0.1323 2.2491
19821122 0 0.8965 1.7021
19821123 0 0.7989 1.4173
19821124 2.4 0.2926 1.2378
19821125 0 0.131 1.0878
19821126 0 0.2421 0.9738
19821127 0 0.1168 0.8916
19821128 2.8 0.1105 0.9749
19821129 2.6 0.1006 1.1926
19821130 0 0.1215 1.1517
19821201 0 0.1093 0.9973
19821202 0 0.1058 0.9061
19821203 0 0.1098 0.8282
19821204 0 0.1144 0.7776
19821205 0 0.11 0.7301
19821206 1.3 0.1466 0.7111
19821207 3.8 0.134 0.7742
19821208 7.9 0.1816 2.4667
19821209 5.1 0.2571 3.0187
19821210 10.1 0.1552 3.9304
19821211 5.9 0.1121 2.8947
19821212 5.3 0.0986 2.3754
19821213 2.6 0.1636 4.2395
19821214 0.2 0.1147 2.7732
19821215 4.1 0.1167 4.836
19821216 5.6 0.1533 7.4256
19821217 24 0.1126 8.4868
19821218 6.2 0.0997 10.9779
19821219 0 0.3681 4.9403
19821220 18.6 0.1343 11.2657
19821221 8.1 0.4118 15.9484
19821222 0.2 0.434 6.1001
19821223 0 0.1596 3.9029
19821224 0 0.2747 2.7718
19821225 0 0.1164 2.1247
19821226 0 0.3734 1.9157
19821227 0.1 0.4834 1.7591
19821228 10.2 0.1107 4.7686
19821229 2.9 0.2575 2.4856
19821230 0 0.3318 1.8894
19821231 0 0.4478 1.6851
19830101 0 0.5742 1.4672
19830102 5.3 0.1199 1.3456
19830103 2.9 0.1557 3.2421
19830104 8 0.186 3.5363
19830105 18.6 0.1481 12.8974
19830106 0 0.6966 6.8116
19830107 10.1 0.1239 6.4609
19830108 1.9 0.1788 4.3894
19830109 0 0.4516 3.1091
19830110 0 0.6782 2.4747
19830111 0 0.6363 2.0128
19830112 0 0.693 1.7172
19830113 3.5 0.4935 1.5353
19830114 8.5 0.1771 2.475
19830115 13 0.1272 1.9753
19830116 10.7 0.1375 16.4117
19830117 0.2 0.535 9.4274
19830118 0 0.8838 4.774
19830119 1.6 0.3092 3.1994
19830120 2.4 0.1642 2.4789
19830121 0 0.407 2.116
19830122 0 0.6508 1.8419
19830123 0 0.1192 1.6758
19830124 0 0.1499 2.239
19830125 0.1 0.3224 1.53
19830126 2.8 0.1918 2.9965
19830127 0 0.195 2.0422
19830128 0.4 0.3676 1.6211
19830129 2.6 0.2509 1.5244
19830130 31.2 0.1661 10.5644
19830131 9.3 0.1938 7.2777
19830201 14.7 0.5892 16.5373
19830202 1.1 0.4323 6.8732
19830203 2 0.1386 4.1905
19830204 5.7 0.6305 3.1474
19830205 19 0.1378 2.9394
19830206 10.3 0.3637 2.683
19830207 6.5 0.17 2.392
19830208 0.5 0.2179 2.1775
19830209 0 0.1506 2.0828
19830210 0 0.158 1.9917
19830211 2.2 0.1493 1.8936
19830212 0 0.1498 1.7432
19830213 0 0.1456 1.6475
19830214 0 0.1461 1.5239
19830215 0 0.159 1.4595
19830216 0.3 0.3845 1.4549
19830217 0 0.4266 1.3874
19830218 0.1 0.7766 1.3921
19830219 0 0.675 1.3402
19830220 0 0.325 1.2729
19830221 0 0.1798 1.1765
19830222 0 0.7712 1.0549
19830223 0 0.6824 0.9534
19830224 0 0.8653 0.9648
19830225 1.8 0.2421 1.065
19830226 8 0.2723 7.2341
19830227 5.1 0.3634 16.4365
19830228 9 0.3957 13.7138
19830301 7.9 0.2466 7.4672
19830302 4.5 0.2381 4.5746
19830303 0 0.3973 3.464
19830304 0 0.9021 3.1292
19830305 0 1.2863 3.0853
19830306 0 1.2645 3.1428
19830307 0 0.9455 3.2789
19830308 0 1.5969 3.5926
19830309 0 1.9027 4.4526
19830310 0 1.9466 4.2118
19830311 0 1.8703 3.6957
19830312 0 0.78 3.6649
19830313 0 1.8195 2.7154
19830314 0 0.6717 2.507
19830315 1.5 0.3907 2.3418
19830316 3.2 0.4083 2.3687
19830317 0.1 0.3855 1.8234
19830318 2.5 0.4144 1.5635
19830319 11 0.4037 2.9799
19830320 0 1.2219 2.6535
19830321 0 0.4593 1.6919
19830322 4.3 0.4347 1.5252
19830323 0.8 0.7704 1.9239
19830324 0.3 0.769 1.4365
19830325 16 0.3408 2.7329
19830326 2 0.3551 2.4491
19830327 1.8 1.511 2.9577
19830328 2 0.9127 4.6451
19830329 1.1 1.2824 3.6681
19830330 0 1.1007 2.7275
19830331 1.3 0.5099 2.3796
19830401 0.1 0.5787 2.0767
19830402 20 0.482 4.6679
19830403 12 0.4501 6.6336
19830404 7.6 0.8824 6.1339
19830405 4.5 0.8218 7.1056
19830406 30.6 0.5516 16.9351
19830407 13.3 1.1814 18.3408
19830408 2.9 0.7019 11.1912
19830409 13.7 0.6064 12.8526
19830410 0 0.9103 7.3901
19830411 12 1.8266 5.7942
19830412 14.4 0.5543 9.3943
19830413 2.5 0.8137 8.2951
19830414 4.6 0.9571 6.2233
19830415 4.7 0.5231 7.4062
19830416 0 2.6253 5.1654
19830417 0 2.3185 3.6192
19830418 0 1.1619 2.8077
19830419 0.7 3.1805 2.2413
19830420 0.4 1.9959 1.8436
19830421 1.2 1.5244 1.5536
19830422 2.6 2.5068 1.5048
19830423 0 2.6436 1.2705
19830424 0.4 1.3366 1.1209
19830425 0 2.7554 1.0039
19830426 0 0.9749 0.9096
19830427 3.7 2.3875 0.9247
19830428 0 1.8453 0.8216
19830429 1.1 1.1794 0.7885
19830430 0 0.812 0.7559
19830501 5.5 1.2784 0.7415
19830502 1.1 2.6879 0.6947
19830503 13.1 0.8948 0.8906
19830504 14.5 0.9643 2.8933
19830505 0 2.6275 1.5293
19830506 1.6 2.0055 0.9344
19830507 10.2 0.855 1.1087
19830508 9.7 0.7231 4.3895
19830509 3.1 1.5833 2.7065
19830510 8.2 0.9957 2.0636
19830511 0.3 1.1972 2.2277
19830512 0.1 2.8582 1.4675
19830513 0 1.3292 1.1732
19830514 0 2.6926 1.0112
19830515 1.6 1.7772 0.9337
19830516 0 2.873 0.8163
19830517 7.5 3.8013 0.7439
19830518 3.1 2.0684 1.0177
19830519 8.9 1.9491 1.1696
19830520 0 2.9911 0.7976
19830521 1.9 1.7451 0.6954
19830522 33.2 0.7564 5.4849
19830523 25.5 0.7063 13.139
19830524 16.3 0.7213 11.0373
19830525 6.7 0.7221 10.655
19830526 22.1 0.7027 11.4045
19830527 0.7 0.7564 8.3473
19830528 0 2.3515 4.4194
19830529 6 1.409 3.1596
19830530 0.2 2.3619 2.3381
19830531 0 2.9878 1.8403
19830601 0 1.0794 1.5695
19830602 5.5 1.3352 1.556
19830603 0 3.6451 1.2643
19830604 0 4.3698 1.0892
19830605 0 3.4557 0.9217
19830606 8.7 1.1138 1.1472
19830607 0 3.0436 0.9265
19830608 0 4.5527 0.789
19830609 9.9 3.289 1.1454
19830610 10.4 1.0766 1.7426
19830611 0 2.3205 0.9741
19830612 0 2.1674 0.7511
19830613 17.3 0.9408 2.1682
19830614 5.6 1.2293 2.1235
19830615 1.9 2.9985 1.2999
19830616 2.4 1.6934 1.0228
19830617 0 1.0861 0.8347
19830618 0 1.2422 0.7341
19830619 0 2.3181 0.663
19830620 1.7 1.2132 0.6388
19830621 1 1.5539 0.6232
19830622 9 2.4739 0.9893
19830623 0 3.8838 0.6429
19830624 1.8 2.4204 0.5444
19830625 5.9 3.799 0.5838
19830626 1.8 2.7769 0.5586
19830627 11.6 1.0118 0.9816
19830628 7.2 1.371 1.6632
19830629 0 3.4188 0.8466
19830630 0 1.212 0.5775
19830701 1.7 1.6149 0.4874
19830702 0 3.7578 0.4711
19830703 0 4.1906 0.4283
19830704 0 4.0863 0.3808
19830705 0.7 3.2721 0.3394
19830706 4.6 3.2954 0.3332
19830707 6.4 1.2261 0.5182
19830708 1.5 1.73 0.3768
19830709 0 3.4112 0.3373
19830710 0 4.3919 0.3041
19830711 0 4.3405 0.2659
19830712 0 4.1007 0.2431
19830713 0 2.5613 0.2285
19830714 0 3.4888 0.2318
19830715 0 4.2611 0.2154
19830716 0 4.4421 0.1963
19830717 0 4.398 0.188
19830718 0 4.3881 0.1848
19830719 0 3.8786 0.1732
19830720 2.5 3.6923 0.1854
19830721 0 3.9951 0.1689
19830722 0 4.3317 0.1547
19830723 8.4 4.1054 0.1734
19830724 8.4 2.8058 0.5427
19830725 0 4.3028 0.2596
19830726 0 4.173 0.1939
19830727 0 4.1743 0.1502
19830728 0 3.2272 0.1467
19830729 2.78 2.2572 0.1499
19830730 0 4.1598 0.1462
19830731 0 4.157 0.1207
19830801 34.46 2.7802 0.5177
19830802 9.92 0.8829 0.9844
19830803 22.3 0.7497 1.5676
19830804 0.9 1.7107 0.851
19830805 1.9 0.9225 0.3355
19830806 16.6 0.7811 0.7026
19830807 0.1 2.4382 1.3265
19830808 0 3.4543 0.4519
19830809 0 3.8244 0.3033
19830810 0 2.958 0.2562
19830811 6.2 2.2794 0.2782
19830812 0 2.118 0.3109
19830813 0 2.1353 0.2138
19830814 0 3.4828 0.1858
19830815 0 3.7105 0.1627
19830816 18.2 2.8495 0.2622
19830817 0.5 2.5864 0.5209
19830818 0 3.4266 0.2142
19830819 0 3.7227 0.1783
19830820 1.3 3.3227 0.1564
19830821 10.7 3.144 0.1612
19830822 0.1 3.1189 0.3187
19830823 6.2 2.0792 0.2431
19830824 0.4 0.7198 0.2251
19830825 0 0.7204 0.1927
19830826 0 1.3964 0.1823
19830827 0 2.7593 0.1409
19830828 2.6 2.8989 0.1212
19830829 5.1 0.6693 0.2438
19830830 0 1.3011 0.1794
19830831 1.1 2.2717 0.1253
19830901 20.5 1.9907 0.5397
19830902 18.4 2.0312 3.4434
19830903 0.9 1.3158 0.7005
19830904 0.2 1.8342 0.409
19830905 1 0.7784 0.3226
19830906 3.8 1.2709 0.3532
19830907 0 1.9916 0.2795
19830908 0 2.8928 0.2308
19830909 0.6 0.8799 0.2063
19830910 32.3 2.0457 1.2808
19830911 7.3 0.8173 5.6714
19830912 5.3 0.5057 1.7366
19830913 0 2.0996 1.4171
19830914 0.5 2.3304 0.7882
19830915 20 2.3747 0.7542
19830916 34.1 0.4421 15.3279
19830917 8.4 0.4846 6.4525
19830918 1.7 2.302 4.4472
19830919 0 2.7252 2.2225
19830920 15.4 1.1836 4.4285
19830921 0 1.2448 2.4294
19830922 0.5 1.5945 1.5724
19830923 0 2.2524 1.2167
19830924 0 2.3054 0.9837
19830925 0.6 0.5026 0.845
19830926 0 1.6321 0.7374
19830927 0 2.0876 0.6542
19830928 0 2.215 0.5859
19830929 0.1 1.4194 0.533
19830930 0 1.3766 0.4956
19831001 0 1.0787 0.4513
19831002 0 0.4499 0.421
19831003 0 2.0334 0.3925
19831004 0 2.3272 0.3584
19831005 0 2.2042 0.3208
19831006 2.6 0.4061 0.3495
19831007 0 1.3064 0.3229
19831008 0.1 1.1949 0.2995
19831009 15 0.2847 0.7155
19831010 0 1.6055 0.4791
19831011 8.2 0.5049 0.5805
19831012 0.1 1.3683 0.5546
19831013 0 1.789 0.3608
19831014 0.1 0.5012 0.3008
19831015 5 1.0369 0.4022
19831016 13.4 0.3651 0.7281
19831017 10.3 0.427 3.0589
19831018 0.8 0.6761 1.4391
19831019 0 0.5377 0.7787
19831020 0 0.7268 0.5754
19831021 0 0.2194 0.4725
19831022 0 1.2164 0.4118
19831023 0 0.7951 0.3987
19831024 0 0.8773 0.3687
19831025 0 0.4248 0.3453
19831026 0 1.0486 0.3156
19831027 0 1.4022 0.3123
19831028 0 1.3627 0.3215
19831029 0 0.1884 0.3275
19831030 0 0.1807 0.3333
19831031 0.1 0.2522 0.3231
19831101 0 0.4876 0.3009
19831102 0 0.704 0.2902
19831103 0 0.7366 0.2772
19831104 0 0.5062 0.27
19831105 0 0.3677 0.256
19831106 0 0.5385 0.2412
19831107 0.1 0.1596 0.2355
19831108 0 0.1816 0.2316
19831109 0 0.1681 0.228
19831110 0 0.1438 0.2308
19831111 0 0.1597 0.2328
19831112 0.1 0.1296 0.2353
19831113 0 0.1266 0.2164
19831114 0 0.1067 0.2112
19831115 0 0.3902 0.2016
19831116 0 0.5623 0.2015
19831117 0 0.3425 0.1912
19831118 0 0.1069 0.1937
19831119 0 0.0969 0.1877
19831120 0 0.4075 0.1824
19831121 0 0.1146 0.1898
19831122 0 0.3777 0.1884
19831123 0 0.1048 0.1898
19831124 0 0.105 0.1888
19831125 8.5 0.1536 0.2955
19831126 26.3 0.1581 2.6429
19831127 54.1 0.163 20.8596
19831128 38.2 0.1235 23.9763
19831129 1.4 0.1728 12.8224
19831130 3.7 0.2689 5.0517
19831201 0.1 0.2173 2.9949
19831202 0 0.4253 2.0975
19831203 0 0.0709 1.6388
19831204 0 0.0765 1.3474
19831205 0 0.0863 1.1946
19831206 1.1 0.1086 1.2058
19831207 3.3 0.2221 0.9519
19831208 0 0.123 0.8613
19831209 0 0.1152 0.8236
19831210 8.1 0.1039 0.8856
19831211 1 0.4411 0.9901
19831212 0 0.0727 0.8604
19831213 0 0.1039 0.7826
19831214 0 0.0856 0.6488
19831215 0 0.0797 0.5572
19831216 0 0.1558 0.7778
19831217 1.8 0.136 0.7442
19831218 0 0.2883 0.7203
19831219 3.8 0.1485 1.6793
19831220 0 0.5145 1.5564
19831221 1.9 0.1239 1.1834
19831222 2.7 0.387 2.3396
19831223 23.1 0.1439 6.7749
19831224 7.3 0.6374 12.2975
19831225 0 0.7426 3.9572
19831226 12.1 0.169 3.8008
19831227 0.2 0.5342 3.4587
19831228 0 0.7497 2.3022
19831229 0 0.6432 1.8267
19831230 0 0.5549 1.5227
19831231 0.5 0.1359 1.3341
19840101 0 0.5001 1.1414
19840102 0 0.5917 1.0142
19840103 11.6 0.1409 1.5133
19840104 4 0.1938 1.7171
19840105 3.59 0.1843 1.204
19840106 0.05 0.1025 1.0903
19840107 10.95 0.282 1.6817
19840108 3.51 0.3295 3.8362
19840109 2.2 0.1738 1.8918
19840110 0 0.1014 1.4366
19840111 0 0.44 1.4276
19840112 2.8 0.1201 1.3701
19840113 7.1 0.2002 1.8978
19840114 16.1 0.1793 15.1837
19840115 6.4 0.1277 9.8382
19840116 2.8 0.2588 4.6476
19840117 17.5 0.1628 9.783
19840118 2.1 0.4554 7.6444
19840119 1 0.1065 4.3521
19840120 7.8 0.1265 3.1034
19840121 3.7 0.114 2.5575
19840122 11.5 0.1595 2.673
19840123 13.2 0.2392 3.6886
19840124 1.7 0.1378 5.4236
19840125 1.2 0.175 3.0267
19840126 0 0.1191 2.4193
19840127 0 0.6376 2.0239
19840128 0 0.5218 1.8362
19840129 0.3 0.4844 1.769
19840130 1.6 0.3415 1.6583
19840131 1.5 0.1757 1.5409
19840201 1.7 0.5107 1.4488
19840202 7.5 0.1722 2.3978
19840203 9.2 0.6091 2.5365
19840204 4.1 0.1703 6.2969
19840205 11.3 0.4329 13.5834
19840206 25.6 0.1477 17.807
19840207 25.8 0.2009 33.815
19840208 13.3 0.1659 13.3251
19840209 1.1 0.246 7.3327
19840210 0 0.2532 4.7901
19840211 4.8 0.1597 3.6718
19840212 0 0.4002 2.9391
19840213 0 0.6224 2.4973
19840214 0 0.5217 2.0179
19840215 0 0.1292 1.6992
19840216 0 0.1996 1.479
19840217 0 0.343 1.3044
19840218 0 0.254 1.298
19840219 0 0.6534 1.0166
19840220 0.7 0.1829 0.8775
19840221 0 0.4757 0.9588
19840222 4.6 0.8051 0.919
19840223 0 0.6358 0.8254
19840224 1.5 0.2037 0.7578
19840225 0 0.1867 0.7357
19840226 2.5 0.1937 0.7451
19840227 1.3 0.2085 0.7081
19840228 0.9 0.301 0.6889
19840229 0 0.2016 0.6464
19840301 0 0.2081 0.5961
19840302 2.2 0.3155 0.5813
19840303 1.9 0.2042 0.6473
19840304 0.1 0.9174 0.6981
19840305 0 0.5821 0.687
19840306 0 0.7883 0.7469
19840307 0.3 0.436 0.8036
19840308 10.9 0.3652 0.833
19840309 0.5 0.4922 0.8153
19840310 0.2 0.2592 0.7867
19840311 0 0.2651 0.7934
19840312 0 1.1119 1.1563
19840313 0 1.2596 0.9902
19840314 0 1.0415 1.0848
19840315 0 0.8139 1.2677
19840316 0 1.4819 1.8941
19840317 0 1.5991 2.6645
19840318 0 0.6176 2.8237
19840319 0 0.7702 2.7944
19840320 0 1.3512 3.1113
19840321 0 1.7021 3.6145
19840322 0 1.5639 3.6548
19840323 0 1.5538 3.1803
19840324 0 1.2566 3.3092
19840325 1.2 0.4876 3.4767
19840326 4.7 1.2491 4.3033
19840327 3.2 1.0976 7.1301
19840328 2.9 1.4393 7.6702
19840329 11.4 0.3983 8.0067
19840330 7.1 0.6861 5.2092
19840331 0 1.6113 4.1902
19840401 2.2 0.4633 3.2897
19840402 11.3 0.3732 5.73
19840403 2.4 0.3739 4.3619
19840404 0.2 0.489 3.7399
19840405 0.5 0.4457 3.2264
19840406 2.9 0.4404 2.9273
19840407 0 0.9509 2.682
19840408 4.2 0.4854 2.5853
19840409 0.1 0.7821 2.7068
19840410 1 0.5984 2.3482
19840411 2.2 0.4763 2.151
19840412 2.9 0.5406 1.9535
19840413 0.3 0.9056 2.0401
19840414 0 2.7884 1.8516
19840415 0 3.0377 1.6291
19840416 9.8 0.6044 1.7947
19840417 3 0.7673 2.2983
19840418 0 1.0757 1.945
19840419 0 2.5593 1.5626
19840420 0 2.9405 1.347
19840421 0 3.1691 1.2067
19840422 0 3.2359 1.1075
19840423 0 3.2845 1.0093
19840424 0 3.1011 0.9028
19840425 0 3.0437 0.8232
19840426 0 3.1209 0.7352
19840427 0 2.7868 0.6684
19840428 0 2.6606 0.6089
19840429 0 1.8843 0.5526
19840430 0 1.9403 0.5203
19840501 0 2.642 0.4884
19840502 0 3.0509 0.4235
19840503 0.4 0.7707 0.4017
19840504 0.4 0.7654 0.3875
19840505 2.4 1.3869 0.3964
19840506 1 2.8046 0.4097
19840507 35.2 0.8438 1.9447
19840508 1.4 0.7076 1.9785
19840509 0 2.6417 0.82
19840510 0 1.8449 0.6316
19840511 0 0.8506 0.5485
19840512 0 0.6737 0.5053
19840513 2.6 0.7063 0.5001
19840514 1.9 0.8437 0.5543
19840515 0 1.8953 0.4566
19840516 0 2.7702 0.4012
19840517 7.6 1.9987 0.5728
19840518 0 2.8417 0.4179
19840519 0 2.2913 0.3879
19840520 8.4 0.7879 0.4951
19840521 16.3 0.8321 2.7237
19840522 0.4 2.9682 1.3489
19840523 1 1.3629 0.8151
19840524 0.1 1.7614 0.6639
19840525 4.8 0.9755 0.6981
19840526 0.8 2.4123 0.6069
19840527 5 0.8483 0.5913
19840528 3.9 0.9017 0.7066
19840529 0.1 1.3272 0.6408
19840530 44.5 0.7981 5.7885
19840531 1.6 1.6971 11.9368
19840601 0 3.3443 3.3345
19840602 0 1.5794 2.0288
19840603 0.1 1.4919 1.5215
19840604 1.1 2.2124 1.2404
19840605 47.1 0.9106 4.9817
19840606 15.2 1.8882 14.3075
19840607 1.3 2.3156 4.912
19840608 0.1 1.7241 2.8974
19840609 0 2.9495 2.0687
19840610 0 3.9487 1.5988
19840611 0.4 3.2821 1.3078
19840612 0.1 3.2801 1.1315
19840613 0 4.1131 0.9771
19840614 0 1.8001 0.8752
19840615 0 1.8184 0.8126
19840616 0 2.984 0.7109
19840617 0 3.9377 0.5875
19840618 0 4.2838 0.5286
19840619 0 4.319 0.4837
19840620 0 3.3306 0.4449
19840621 3.4 1.2792 0.4914
19840622 18.5 2.0164 1.4324
19840623 2.9 1.0308 0.6109
19840624 12.1 1.569 1.2186
19840625 0.1 2.0811 0.7772
19840626 0 2.552 0.5449
19840627 0 4.2096 0.4737
19840628 23.5 1.6892 0.8822
19840629 7.8 0.9671 3.9925
19840630 0 3.5145 1.1742
19840701 0 3.7019 0.7617
19840702 5.5 1.8338 0.6744
19840703 7.5 2.3288 1.1337
19840704 0.3 1.173 0.6619
19840705 0 1.709 0.5311
19840706 0 3.959 0.4429
19840707 0 4.1347 0.4095
19840708 0 4.3601 0.3719
19840709 0 4.4775 0.3335
19840710 0 4.3982 0.3023
19840711 0 3.7445 0.2758
19840712 13 2.6403 0.506
19840713 2.6 2.2112 0.5939
19840714 0 3.7043 0.3235
19840715 32.5 1.3945 1.9204
19840716 0 2.1948 1.5672
19840717 5 1.0969 0.6843
19840718 0 3.6866 0.5349
19840719 0 2.9019 0.4161
19840720 0 3.4822 0.3583
19840721 0 4.064 0.3157
19840722 0 3.8988 0.276
19840723 0 3.9201 0.2555
19840724 1 2.5448 0.2506
19840725 4 2.1864 0.2687
19840726 9.4 1.2142 0.5234
19840727 0.1 1.995 0.3264
19840728 7.2 0.8217 0.4351
19840729 0 3.6087 0.3421
19840730 0 4.3485 0.2663
19840731 3.2 4.2404 0.2396
19840801 6.8 1.8408 0.4181
19840802 0 3.8531 0.2594
19840803 0 4.1848 0.2143
19840804 9.8 2.4954 0.359
19840805 5.1 0.9293 0.4292
19840806 0.3 1.0147 0.3234
19840807 0 2.5618 0.2605
19840808 0.8 0.7691 0.2275
19840809 12.6 0.781 0.3585
19840810 56.4 0.7839 10.1902
19840811 15.6 0.7521 12.5718
19840812 0 0.9658 4.1395
19840813 11.5 0.7606 2.7842
19840814 0.1 2.3176 2.8323
19840815 0 2.4801 1.5952
19840816 0 2.5242 1.1829
19840817 0 3.283 0.9477
19840818 0 3.1952 0.7859
19840819 0 2.8009 0.6935
19840820 0 3.273 0.6092
19840821 0 3.4515 0.5328
19840822 0 3.1174 0.4874
19840823 0 2.877 0.4427
19840824 0.8 0.8864 0.4216
19840825 20.3 1.2764 0.4822
19840826 5 0.6335 1.1133
19840827 1.6 2.104 0.8356
19840828 0.1 3.0172 0.6202
19840829 0 3.1322 0.4871
19840830 0 2.1906 0.4342
19840831 0 2.9294 0.4044
19840901 0 3.1721 0.3634
19840902 0 3.3314 0.3282
19840903 0 2.4061 0.2923
19840904 14.6 2.2264 0.276
19840905 74.8 0.5379 13.7325
19840906 17.3 0.519 17.5263
19840907 0 1.1037 5.7674
19840908 0.2 0.5074 2.8483
19840909 0.3 0.662 1.8916
19840910 33.8 1.5695 8.8098
19840911 1.2 1.1971 4.8557
19840912 0.1 1.0263 2.6674
19840913 0 2.7647 1.9054
19840914 20.1 2.2152 2.1008
19840915 23.9 0.4649 13.1152
19840916 30.7 0.4155 12.5769
19840917 0.5 0.4718 10.2894
19840918 3.8 0.4596 5.0158
19840919 0.9 1.1671 3.6865
19840920 0 1.4484 2.6945
19840921 27.1 1.9121 4.7153
19840922 28.9 1.1539 13.2816
19840923 37.9 0.4413 23.4069
19840924 6.4 0.63 15.9208
19840925 18.9 0.6609 8.8561
19840926 15.8 0.4174 12.9028
19840927 8.4 0.6234 13.2217
19840928 0 1.4379 6.911
19840929 0 2.1857 4.3973
19840930 0 2.1014 3.134
19841001 5.4 1.4437 2.4391
19841002 25.6 0.7948 11.3153
19841003 1.9 0.4011 4.2725
19841004 1.1 0.5155 2.986
19841005 5.6 1.3235 3.0083
19841006 3.8 0.6592 2.348
19841007 7.4 0.5024 3.9214
19841008 0 0.8481 2.6263
19841009 0 1.4112 1.9984
19841010 0 1.2271 1.6688
19841011 0 0.3157 1.4414
19841012 0 0.6695 1.2603
19841013 0 0.8881 1.1441
19841014 0 1.3046 1.0612
19841015 0 0.5626 0.97
19841016 0 1.0319 0.8753
19841017 0.1 1.3346 0.8058
19841018 0 1.5411 0.7338
19841019 0 1.6563 0.6775
19841020 9 1.082 1.0062
19841021 0.4 0.3741 0.729
19841022 0 0.882 0.6562
19841023 0 0.3198 0.5886
19841024 0 1.0625 0.565
19841025 0 1.2027 0.5284
19841026 9.2 0.2213 0.731
19841027 0 0.2014 0.7337
19841028 0 0.1886 0.592
19841029 0 0.5872 0.5443
19841030 0 0.8283 0.5217
19841031 0 1.2956 0.4921
19841101 0 0.7416 0.464
19841102 0 0.5133 0.4427
19841103 0 0.383 0.4172
19841104 0.4 0.1817 0.4114
19841105 0 0.2345 0.3979
19841106 0 0.5765 0.3737
19841107 0 0.3824 0.3529
19841108 0 0.5825 0.3386
19841109 0 0.1571 0.3239
19841110 0 0.6889 0.2999
19841111 0 0.1476 0.2956
19841112 0 0.1495 0.2975
19841113 0 0.1657 0.2985
19841114 0 0.1584 0.2956
19841115 0 0.1402 0.2927
19841116 0.2 0.1842 0.2894
19841117 4.4 0.2242 0.3209
19841118 0.9 0.6846 0.3865
19841119 0.1 0.2555 0.3235
19841120 1.8 0.1439 0.3289
19841121 16.6 0.1524 1.919
19841122 15.9 0.1388 3.4342
19841123 5.3 0.357 4.3949
19841124 2.6 0.3239 2.2234
19841125 0.5 0.2644 1.4118
19841126 35.4 0.1388 8.28
19841127 1.4 0.2549 8.7356
19841128 0 0.5643 3.6514
19841129 0 0.7289 2.3372
19841130 0 0.1513 1.7518
19841201 0 0.1217 1.3835
19841202 0 0.1514 1.1569
19841203 0 0.1277 1.0082
19841204 0 0.461 0.8951
19841205 0 0.1091 0.7892
19841206 0 0.1193 0.7249
19841207 0 0.11 0.6549
19841208 0 0.1177 0.6465
19841209 2.1 0.3454 0.705
19841210 0.1 0.1134 0.6899
19841211 0 0.5375 0.6266
19841212 0 0.1016 0.5702
19841213 0 0.1187 0.5367
19841214 11.4 0.1263 1.6689
19841215 0 0.1046 1.1741
19841216 41.4 0.1078 8.8884
19841217 20.2 0.1313 20.7741
19841218 13.2 0.1268 7.6298
19841219 1.5 0.3722 6.806
19841220 0 0.5117 3.6812
19841221 6.4 0.1237 6.4472
19841222 0 0.3289 4.4054
19841223 0 0.1688 2.8943
19841224 0 0.1031 2.2849
19841225 3.8 0.1047 1.9217
19841226 0 0.3701 1.6004
19841227 0.7 0.1137 1.377
19841228 1 0.0985 1.1984
19841229 1.1 0.1098 1.1136
19841230 0.8 0.1409 1.1062
19841231 0 0.0833 1.1028
19850101 0 0.098 NA
19850102 2.6 0.0983 NA
19850103 0 0.1263 0.9654
19850104 0 0.065 0.9268
19850105 0 0.1627 0.8943
19850106 0 0.1032 0.8598
19850107 0 0.1037 0.8514
19850108 0 0.0498 0.8215
19850109 0 0.1926 0.8082
19850110 0 0.2808 0.7916
19850111 0 0.0633 0.7749
19850112 0 0.0707 0.7427
19850113 0 0.076 0.7116
19850114 0 0.0686 0.6872
19850115 0 0.0724 0.6664
19850116 0 0.085 0.6459
19850117 0 0.0983 0.6275
19850118 0.04 0.0988 0.6029
19850119 4.37 0.1332 0.5761
19850120 0.1 0.1209 0.5481
19850121 0.3 0.2003 0.5654
19850122 10.9 0.1543 3.3449
19850123 20.9 0.1758 19.5806
19850124 4 0.2239 8.3202
19850125 0 0.4981 4.2936
19850126 8.1 0.1548 4.8549
19850127 9.1 0.1212 6.4891
19850128 0.1 0.1879 4.0232
19850129 0 0.6345 2.8838
19850130 2.4 0.1721 4.812
19850131 10.9 0.4734 9.7916
19850201 4.5 0.1892 17.2486
19850202 9.3 0.1953 12.1389
19850203 1 0.2879 8.0846
19850204 0 0.6284 4.7388
19850205 0 0.8687 3.2861
19850206 5.4 0.2746 3.3046
19850207 0 0.368 2.5514
19850208 17.7 0.1705 4.6682
19850209 16.2 0.2127 11.549
19850210 0.7 0.142 7.3273
19850211 1 0.114 3.8786
19850212 0 0.105 NA
19850213 6.31 0.1242 2.2033
19850214 8.2 0.1973 2.2344
19850215 11.9 0.1247 2.4959
19850216 0 0.5019 NA
19850217 0 0.1971 1.7328
19850218 0 0.3961 1.5568
19850219 0 0.6149 1.4622
19850220 0 0.6835 1.3681
19850221 0 0.8227 1.2895
19850222 0 0.9533 1.2142
19850223 0.1 0.8311 1.081
19850224 0 0.9504 1.1347
19850225 0 1.0862 1.6114
19850226 0 0.3966 1.9154
19850227 0 0.9395 2.2961
19850228 0 0.3003 2.8878
19850301 0 1.2599 3.6402
19850302 12.8 0.2483 6.825
19850303 0 0.2638 3.9903
19850304 0 0.9971 2.7957
19850305 0 0.2771 2.3368
19850306 2.5 0.2861 2.0747
19850307 0 0.2871 1.9643
19850308 0 0.2665 1.6364
19850309 0 0.7765 1.404
19850310 0 0.9316 1.2271
19850311 0 0.4655 1.1272
19850312 0.4 0.2744 1.0371
19850313 0 0.2808 0.9423
19850314 1.4 0.361 0.8954
19850315 3.5 0.7358 0.9442
19850316 1.3 0.7737 0.9942
19850317 1.7 0.5942 0.884
19850318 5.3 0.2689 0.8122
19850319 0.1 0.4178 0.9943
19850320 0 1.2488 1.1106
19850321 1.1 0.3442 1.0853
19850322 0.9 1.3122 2.2868
19850323 1.1 1.006 5.5867
19850324 2 1.3264 5.1497
19850325 0.2 2.0663 5.2057
19850326 3.9 1.9009 5.2092
19850327 8.5 0.4741 4.3986
19850328 1.7 0.6626 4.1994
19850329 0 1.5249 2.9378
19850330 0 1.4066 2.2573
19850331 0 1.1592 1.9153
19850401 0 2.3056 1.6455
19850402 1.8 2.121 1.5063
19850403 0 2.8569 1.3022
19850404 0 2.9495 1.1548
19850405 0 1.8238 1.0429
19850406 9.4 0.9284 1.2747
19850407 0 2.6995 0.9994
19850408 22 0.7049 3.9448
19850409 5.5 0.6041 3.0745
19850410 20.6 1.11 8.6904
19850411 8 1.533 5.2557
19850412 3.8 1.0889 5.7703
19850413 14.9 1.0908 6.1524
19850414 4.7 1.7532 8.0315
19850415 4.1 1.5349 4.6673
19850416 3.5 0.7147 3.5934
19850417 5.3 2.2121 4.3564
19850418 0 2.2137 2.9263
19850419 0 3.021 2.2706
19850420 0 3.2796 1.874
19850421 0 3.3501 1.5925
19850422 0 0.8258 1.3678
19850423 5.5 0.7113 1.2318
19850424 8 1.7623 1.8196
19850425 0 3.0721 1.2192
19850426 0 0.5427 1.0414
19850427 0 2.1667 0.9377
19850428 15.6 1.4328 1.8638
19850429 2.3 1.1423 2.4841
19850430 27.5 0.6317 8.001
19850501 7.1 1.5582 12.1956
19850502 41.2 0.5477 15.3854
19850503 1.2 0.7745 13.8208
19850504 0 1.7175 6.9056
19850505 0 2.7399 4.2698
19850506 0 2.6857 3.0449
19850507 22.3 0.8076 2.7992
19850508 28.7 0.8782 17.0165
19850509 27.2 0.6882 19.3331
19850510 0 1.8814 11.5426
19850511 0 2.2998 5.7544
19850512 0 1.7805 3.8326
19850513 0 2.8698 2.8481
19850514 0 2.7931 2.2455
19850515 0 2.2829 1.8546
19850516 0 2.2606 1.5726
19850517 0.2 2.4296 1.3554
19850518 3.8 0.9654 1.3279
19850519 0.1 3.3198 1.2061
19850520 2.8 1.5914 1.0433
19850521 13.6 1.1728 1.6075
19850522 16.2 1.1752 3.844
19850523 0 2.6979 2.0172
19850524 0 3.8827 1.3062
19850525 0 4.0616 1.0862
19850526 0 4.1768 0.9556
19850527 0.3 3.4012 0.844
19850528 2.8 2.0956 0.8325
19850529 3 0.8874 0.8106
19850530 0.1 0.9479 0.7347
19850531 0 3.0837 0.6493
19850601 0 3.54 0.6241
19850602 0 3.9637 0.5969
19850603 0 3.3026 0.5484
19850604 0 4.0456 0.504
19850605 0.6 3.6464 0.4634
19850606 20.1 2.6071 0.8316
19850607 11.5 1.9393 1.4754
19850608 12.6 0.7876 3.6285
19850609 0 1.7965 1.469
19850610 21.4 1.2822 2.5838
19850611 3.8 1.8532 5.9069
19850612 2.8 1.4012 2.2933
19850613 2 2.3225 1.8479
19850614 21.8 2.9289 2.0641
19850615 8.2 1.2582 10.1896
19850616 0.1 2.5929 3.7296
19850617 1.4 1.9106 2.4113
19850618 0 1.7629 1.8038
19850619 6.6 2.2905 1.5042
19850620 17.9 1.2349 5.1906
19850621 0.1 3.4056 3.0996
19850622 15.5 0.8842 3.9602
19850623 1 2.5242 4.0519
19850624 11 1.8383 3.4103
19850625 2.6 1.8611 4.0043
19850626 18.4 1.7351 4.3818
19850627 0 2.4761 6.8365
19850628 0 2.5615 3.1368
19850629 0 4.0908 2.2877
19850630 0 3.9273 1.7871
19850701 3.5 2.7604 1.4597
19850702 0 3.3859 1.2829
19850703 0 4.1763 1.0853
19850704 2.4 2.8389 0.9918
19850705 3.9 0.985 1.0131
19850706 4.3 1.1099 1.0505
19850707 0 2.1751 0.8964
19850708 0 3.3657 0.7539
19850709 0 3.9067 0.6518
19850710 2.6 2.8241 0.608
19850711 0 3.5101 0.5745
19850712 0 3.9345 0.5153
19850713 0 4.2524 0.4706
19850714 0 4.4152 0.4258
19850715 26.2 3.0258 2.8543
19850716 2.9 1.5617 0.9132
19850717 0 4.1069 0.6775
19850718 0 4.128 0.5402
19850719 0.4 3.1624 0.4831
19850720 3.3 1.1418 0.4535
19850721 0.6 3.1883 0.4696
19850722 0 3.9374 0.3706
19850723 0 4.344 0.3346
19850724 0 4.2572 0.3112
19850725 0 4.3833 0.3015
19850726 0 4.4304 0.2805
19850727 0 2.3855 0.2808
19850728 1.9 3.353 0.2689
19850729 8.1 2.0335 0.3283
19850730 15.4 1.2824 0.6483
19850731 3.9 1.6321 0.6745
19850801 0 2.5835 0.3974
19850802 0 2.8178 0.3013
19850803 0.2 3.3083 0.267
19850804 4.4 2.6721 0.3334
19850805 1.5 3.3566 0.2586
19850806 29.3 0.7027 1.7582
19850807 4.5 1.1729 1.2479
19850808 0 2.6555 0.6849
19850809 0 3.8969 0.4415
19850810 1.5 1.8042 0.3682
19850811 0 3.2888 0.3383
19850812 0.4 3.5135 0.2907
19850813 0 3.7558 0.2795
19850814 0 4.0768 0.2471
19850815 12.5 3.8903 0.4238
19850816 3.8 3.1441 0.5028
19850817 1.7 1.207 0.3989
19850818 0 2.6158 0.2996
19850819 11.2 2.4638 0.3858
19850820 0 2.6624 0.4616
19850821 0 3.6512 0.255
19850822 0.2 3.3189 0.2262
19850823 0.6 2.2434 0.2155
19850824 0 3.0528 0.2148
19850825 35.4 0.6337 1.2075
19850826 31.9 0.5504 6.0822
19850827 3.5 2.298 3.8546
19850828 0 2.7181 1.5685
19850829 0 2.3005 1.032
19850830 0 2.8378 0.8058
19850831 0 3.107 0.671
19850901 1.8 1.4849 0.6327
19850902 0 2.4828 0.5618
19850903 35 0.582 5.3698
19850904 2.9 1.5077 3.5063
19850905 4.8 2.222 1.5957
19850906 17.1 2.1538 6.645
19850907 0 2.6253 2.3833
19850908 0.1 1.687 1.5561
19850909 0 0.8903 1.201
19850910 0 1.8626 1.0071
19850911 0 2.8054 0.8537
19850912 0 2.4672 0.7404
19850913 1.2 2.5635 0.6596
19850914 2.8 2.0206 0.7294
19850915 13.3 0.4639 0.8778
19850916 3.8 0.6589 1.5764
19850917 0 2.0553 0.8058
19850918 0 2.3747 0.6553
19850919 0 2.8607 0.5177
19850920 0 2.6605 0.4478
19850921 0 2.3337 0.4115
19850922 0 2.6365 0.3695
19850923 0 2.571 0.3377
19850924 0 2.5062 0.3143
19850925 0 2.1664 0.2901
19850926 0 1.7147 0.2719
19850927 0.1 1.5586 0.2651
19850928 0 1.9746 0.2749
19850929 0.1 2.0387 0.2847
19850930 0 1.8115 0.2724
19851001 0 1.9372 0.2657
19851002 0 1.5757 0.2402
19851003 0 2.1181 0.2291
19851004 0 2.1999 0.2182
19851005 2.8 1.3654 0.2105
19851006 0 0.7661 0.2403
19851007 0 1.6283 0.2094
19851008 8.6 0.2631 0.3236
19851009 0 1.4617 0.2594
19851010 0.2 0.9368 0.2164
19851011 0 1.8014 0.2007
19851012 0.2 1.5936 0.2156
19851013 0.2 1.4414 0.2057
19851014 0 0.6743 0.1752
19851015 0 0.4315 0.1591
19851016 0.8 0.816 0.1594
19851017 0 1.0107 0.1557
19851018 0 0.9138 0.1459
19851019 1.8 0.2352 0.16
19851020 0 0.4959 0.1515
19851021 0 0.1965 0.1464
19851022 0.1 0.1976 0.1496
19851023 0.2 0.6073 0.1499
19851024 0 0.8021 0.1459
19851025 0 0.8672 0.1327
19851026 0 0.4765 0.1393
19851027 0 0.198 0.1427
19851028 0 0.2218 0.1441
19851029 0 0.1435 0.1564
19851030 0 0.1585 0.158
19851031 0 0.7494 0.159
19851101 17.2 0.1882 0.5167
19851102 0 0.3438 0.3584
19851103 0 0.5356 0.2225
19851104 0 0.8511 0.1879
19851105 26.3 0.3602 1.1746
19851106 5.1 0.2665 2.5675
19851107 0 0.5603 0.7729
19851108 9.5 0.1454 1.1038
19851109 0 0.6048 1.2751
19851110 62.1 0.1408 18.7771
19851111 0 0.4119 6.8392
19851112 0.7 0.4499 2.5693
19851113 23.4 0.1147 1.6758
19851114 0.6 0.2012 1.4265
19851115 0 0.2818 1.5051
19851116 0 0.1009 1.489
19851117 0 0.0887 1.4301
19851118 0.2 0.089 1.2741
19851119 0 0.0971 1.1222
19851120 0.2 0.0898 1.0184
19851121 1.8 0.1026 0.9589
19851122 1.5 0.097 0.957
19851123 0 0.0964 0.9529
19851124 0 0.0947 0.961
19851125 0.2 0.0985 0.9717
19851126 0.3 0.0972 0.928
19851127 0 0.2424 0.8585
19851128 1.4 0.2134 0.7877
19851129 8 0.1079 0.9496
19851130 4.8 0.1439 6.2659
19851201 0 0.2868 7.3017
19851202 0 0.6912 3.5425
19851203 0 0.813 2.5064
19851204 0 0.714 1.9447
19851205 0 0.6918 1.5872
19851206 0 0.1282 1.3023
19851207 0 0.2891 1.1535
19851208 0 0.1383 1.0167
19851209 0 0.4012 0.8996
19851210 2.1 0.2144 0.8826
19851211 0 0.2271 0.7693
19851212 0.7 0.0997 0.7037
19851213 0 0.3234 0.6549
19851214 0.1 0.3938 0.6345
19851215 0 0.3484 0.6016
19851216 0 0.4313 0.5521
19851217 0 0.6501 0.5255
19851218 2.4 0.2143 0.5062
19851219 2.9 0.2585 0.714
19851220 0 0.2378 0.5478
19851221 0 0.7273 0.5211
19851222 0 0.5681 0.4918
19851223 0 0.6344 0.4583
19851224 0 0.1048 0.444
19851225 28.4 0.1427 2.5745
19851226 1 0.1566 5.2694
19851227 0.8 0.4162 2.0095
19851228 0.9 0.1141 1.4493
19851229 33.6 0.0978 14.9721
19851230 0.4 0.1089 4.5506
19851231 0 0.0844 2.8085
19860101 0 0.2635 1.9984
19860102 7.7 0.3474 1.8518
19860103 0 0.4996 1.7979
19860104 9.1 0.3631 1.7438
19860105 0 0.3268 1.5925
19860106 2.7 0.1129 1.3886
19860107 0.1 0.457 1.2533
19860108 0 0.1036 1.2018
19860109 3.1 0.1236 1.1119
19860110 4.8 0.1251 1.5371
19860111 44.4 0.1422 28.3003
19860112 8.3 0.119 12.0573
19860113 14.4 0.1188 6.6631
19860114 12.9 0.1519 22.0572
19860115 7.4 0.1172 13.2473
19860116 3.2 0.1219 6.3738
19860117 4.9 0.1142 4.231
19860118 3.1 0.1073 3.2323
19860119 7.17 0.1788 12.3903
19860120 7.29 0.1712 12.9143
19860121 0 0.6772 6.0106
19860122 6.9 0.2011 4.1918
19860123 26.8 0.1441 13.4752
19860124 21.1 0.1307 24.9449
19860125 2.3 0.1172 8.2553
19860126 0 0.2756 5.0841
19860127 0.1 0.3944 3.8093
19860128 0.1 0.1346 2.953
19860129 0 0.3067 2.5137
19860130 0 0.5796 2.1024
19860131 0 0.2707 1.8226
19860201 0.7 0.1528 1.5472
19860202 0 0.127 1.439
19860203 0 0.1351 1.3472
19860204 0 0.1314 1.228
19860205 0 0.1298 1.1364
19860206 0.3 0.1438 1.0488
19860207 0.6 0.1259 1.0014
19860208 0 0.1376 0.9317
19860209 2.7 0.0971 0.8915
19860210 0 0.141 0.8512
19860211 0 0.1006 0.7996
19860212 0 0.1174 0.7567
19860213 0 0.1459 0.7267
19860214 0.1 0.2842 0.6838
19860215 0.1 0.3284 0.6515
19860216 0 0.7672 0.6194
19860217 0 0.2645 0.5436
19860218 0 0.2021 0.5829
19860219 4.1 0.1605 0.597
19860220 0 0.1517 0.5716
19860221 0 0.1544 0.5265
19860222 0 0.8414 0.5648
19860223 27.6 0.1762 0.4897
19860224 11.1 0.1673 0.4567
19860225 0 0.1564 0.4463
19860226 0 0.1352 0.4352
19860227 0.16 0.5335 0.4491
19860228 2.46 0.1834 0.4464
19860301 0 0.1805 0.465
19860302 0 0.5627 0.4917
19860303 5.02 0.2183 0.4952
19860304 0 0.3051 0.5296
19860305 0 0.6319 1.1051
19860306 0 1.3007 2.8832
19860307 2.01 0.4495 2.5452
19860308 0 0.2509 1.8848
19860309 0 1.1214 1.6591
19860310 0 0.267 1.6107
19860311 0 0.5167 1.4114
19860312 0 0.279 1.3257
19860313 0 0.7763 1.4212
19860314 0 1.3298 2.2146
19860315 0 0.9047 3.0346
19860316 0 1.523 4.1587
19860317 0 1.6505 4.5701
19860318 0 1.5538 4.6523
19860319 2.3 0.6695 5.0411
19860320 3 0.6119 7.569
19860321 11.6 0.6001 8.8061
19860322 0 1.5719 5.166
19860323 19.5 0.4072 11.0494
19860324 21.8 0.5738 20.2795
19860325 1.3 1.1573 15.3321
19860326 0.1 1.4385 6.5531
19860327 0 1.6323 4.3327
19860328 2.7 1.8155 3.6953
19860329 0.9 1.4287 3.4936
19860330 16.6 1.0857 5.0923
19860331 9.9 1.3954 8.2634
19860401 2.5 1.6321 7.9448
19860402 0 1.6637 3.8715
19860403 11.7 0.5216 3.2982
19860404 2.3 0.4371 5.1725
19860405 2.9 0.4016 3.2143
19860406 0.3 0.4393 2.7403
19860407 0 2.2165 2.2726
19860408 0 1.8116 1.8204
19860409 33.7 1.8152 4.2179
19860410 33 0.4425 20.2456
19860411 7.9 0.3682 8.6343
19860412 7.7 0.354 5.7121
19860413 0.2 0.9059 4.6204
19860414 0 1.4629 5.1559
19860415 0 1.9934 8.9443
19860416 0.9 2.0489 9.5364
19860417 5.2 0.5257 7.5459
19860418 7.1 0.5205 6.9926
19860419 5.3 1.1829 6.7306
19860420 12.4 0.5226 7.0824
19860421 4.7 2.4363 12.5377
19860422 0.7 0.6346 5.8994
19860423 1.2 1.3508 4.0315
19860424 3.8 0.6318 3.2019
19860425 0 1.7511 2.6749
19860426 0 2.4912 2.1725
19860427 8.7 0.6867 2.0155
19860428 8.4 0.6323 4.9938
19860429 7.1 0.6791 3.2587
19860430 11.7 0.7315 7.8242
19860501 0 1.0464 5.068
19860502 0 3.1225 3.3281
19860503 0 3.2319 2.5092
19860504 0 0.9533 1.9531
19860505 0 1.3092 1.6747
19860506 0 3.2302 1.4143
19860507 3.6 2.5887 1.3387
19860508 8.4 2.3942 1.8163
19860509 0.4 1.3227 1.2204
19860510 0 3.1364 1.0803
19860511 6 1.517 1.1171
19860512 0.1 2.7847 1.0357
19860513 0.2 3.3814 0.8901
19860514 2.6 0.9334 0.8564
19860515 13 0.8634 0.9591
19860516 11.8 1.0909 1.7841
19860517 6.5 3.1457 5.1281
19860518 0.5 2.4694 1.6713
19860519 11.5 1.1193 1.8824
19860520 0.2 3.7488 1.8227
19860521 11.3 1.0561 1.6256
19860522 0.3 2.7378 2.312
19860523 6.4 3.6956 1.4127
19860524 4.2 1.326 1.8545
19860525 0 3.7973 1.6048
19860526 0 3.8101 1.2177
19860527 24.6 2.0626 2.6443
19860528 18.3 0.917 7.3529
19860529 21.5 0.7582 10.8691
19860530 28 0.7172 19.9943
19860531 5.9 1.4969 12.3094
19860601 0.2 2.1829 5.9998
19860602 29.8 0.8419 11.6476
19860603 2.1 3.1171 9.2133
19860604 45.6 1.0034 20.4488
19860605 2.6 2.0559 11.9713
19860606 3.6 1.2043 6.3902
19860607 10.4 1.254 5.7167
19860608 0 2.4523 5.3364
19860609 0 4.0047 3.3737
19860610 0 4.2099 2.5614
19860611 16.7 0.9024 3.4653
19860612 13.1 0.8224 7.1513
19860613 0.1 0.8597 4.7684
19860614 0 0.9148 3.2056
19860615 0 3.2209 2.5358
19860616 5.8 3.3892 2.2861
19860617 2.2 3.9952 1.92
19860618 1.9 3.01 1.6291
19860619 0 3.6771 1.408
19860620 3.2 3.3517 1.3261
19860621 0 4.1847 1.156
19860622 0 4.5356 1.0039
19860623 45.4 3.8539 13.967
19860624 0 2.3907 8.2995
19860625 0 3.7854 2.9364
19860626 0 4.3895 1.9595
19860627 0 4.5072 1.5443
19860628 0 4.5869 1.2409
19860629 0 4.5148 1.0263
19860630 0 4.3222 0.8795
19860701 0 4.3058 0.7576
19860702 0 4.4233 0.6706
19860703 9.1 2.3924 0.7085
19860704 0.1 3.6254 0.688
19860705 0 3.5241 0.5569
19860706 26 1.2071 1.9052
19860707 6.1 2.3756 1.457
19860708 7.1 1.0512 1.0174
19860709 0.3 1.9216 0.8292
19860710 0 1.4528 0.6404
19860711 1.7 1.6641 0.5854
19860712 0 1.5633 0.5698
19860713 0.1 2.0732 0.5272
19860714 0 3.7083 0.4644
19860715 0 3.9311 0.407
19860716 0 4.0804 0.3748
19860717 0 3.8755 0.3457
19860718 31.6 0.959 1.7392
19860719 11.1 0.8516 3.6329
19860720 0 2.4045 1.4884
19860721 0 3.9546 0.8517
19860722 0 4.2496 0.6277
19860723 23.9 2.8705 1.1161
19860724 37.5 2.18 15.4324
19860725 0 3.5927 4.9347
19860726 0 2.3868 2.4401
19860727 0 4.0802 1.6486
19860728 0 4.2407 1.2657
19860729 0 3.1253 1.0291
19860730 0 3.6726 0.8703
19860731 0 3.1353 0.758
19860801 4.8 2.4593 0.8042
19860802 0.1 3.798 0.6292
19860803 0 4.3105 0.5568
19860804 5 3.0168 0.5299
19860805 4.5 0.9484 0.6454
19860806 0 3.2798 0.4848
19860807 0 3.9066 0.4067
19860808 0 2.3047 0.3743
19860809 1.2 2.951 0.373
19860810 0 2.994 0.3575
19860811 1.8 3.0799 0.33
19860812 17.2 0.783 0.82
19860813 0 2.548 0.5149
19860814 0 3.4275 0.3721
19860815 1.6 3.6259 0.3274
19860816 0 3.219 0.3168
19860817 18.3 2.9312 1.0025
19860818 22.9 2.2989 4.4977
19860819 13.3 0.7957 3.1891
19860820 0 2.3403 2.3007
19860821 0 3.0097 1.048
19860822 0 3.434 0.7358
19860823 42.9 1.006 10.2373
19860824 14.5 0.6197 6.3779
19860825 0 2.3864 5.8903
19860826 6.3 2.1985 2.5228
19860827 0.6 0.7612 2.2302
19860828 10.8 0.5518 1.7277
19860829 1.3 1.4051 3.2534
19860830 0.8 1.5728 1.8243
19860831 0 1.8892 1.3873
19860901 0 1.8776 1.0922
19860902 0 2.1258 0.9073
19860903 1.2 2.8299 0.7877
19860904 0 1.7432 0.6967
19860905 0 2.3193 0.6162
19860906 0 2.8686 0.5713
19860907 0 2.1157 0.5348
19860908 0 2.7256 0.4861
19860909 0 0.6845 0.4604
19860910 0 1.3485 0.4395
19860911 0 1.8895 0.4071
19860912 1.1 1.5697 0.3747
19860913 0.4 1.0093 0.4106
19860914 0.9 0.5564 0.3528
19860915 1.7 2.4271 0.3737
19860916 0 2.2807 0.3124
19860917 17.1 1.3881 0.7499
19860918 3.8 0.5991 0.5561
19860919 0.2 0.3868 0.4975
19860920 0 0.4046 0.403
19860921 0.3 1.7435 0.3586
19860922 0 1.9231 0.3189
19860923 0 1.4283 0.2849
19860924 0 0.7065 0.2738
19860925 0.2 0.3739 0.2581
19860926 0 0.43 0.2512
19860927 0 1.8668 0.2326
19860928 0 1.9719 0.2314
19860929 0 1.9734 0.221
19860930 0 1.7977 0.2077
19861001 0.1 1.4219 0.1908
19861002 0 2.2631 0.1895
19861003 0 2.1787 0.1737
19861004 0 2.1491 0.1605
19861005 0 1.5744 0.163
19861006 0 1.6971 0.1529
19861007 0 1.0307 0.1551
19861008 0 0.8827 0.1568
19861009 0 0.2882 0.159
19861010 0 1.4226 0.1569
19861011 0 1.4418 0.1557
19861012 0.1 0.2754 0.1606
19861013 0 1.2792 0.1607
19861014 0 1.5299 0.1478
19861015 0 1.6986 0.1435
19861016 0 1.2452 0.1402
19861017 0.1 0.2377 0.1476
19861018 0 0.285 0.1444
19861019 17.5 0.4817 0.3466
19861020 23 0.3428 2.0803
19861021 6 0.6675 1.3094
19861022 15.4 0.2476 3.3362
19861023 34.5 0.51 13.2248
19861024 1.6 0.7565 3.6571
19861025 7 0.2851 2.4678
19861026 3.7 0.523 2.3691
19861027 0 0.7234 1.7201
19861028 0 0.5331 1.1995
19861029 9.4 0.1925 1.5084
19861030 0.4 0.1791 2.2431
19861031 0 0.9586 1.3582
19861101 0.8 0.198 1.0888
19861102 25.5 0.183 5.8409
19861103 0.1 0.2385 5.7772
19861104 0 0.4056 2.568
19861105 0 0.5512 1.4756
19861106 0 0.2147 0.9104
19861107 0 0.7809 1.0321
19861108 0.4 0.8509 1.0018
19861109 1.4 0.1475 0.9114
19861110 0 1.0462 0.7553
19861111 0 1.0213 0.6937
19861112 0 1.0118 0.6431
19861113 0 0.508 0.6306
19861114 0 0.1539 0.5781
19861115 0 0.4647 0.5432
19861116 0 0.9551 0.519
19861117 1.1 0.341 0.4792
19861118 0 0.771 0.4755
19861119 0 0.45 0.4567
19861120 4.9 0.1941 0.466
19861121 9.4 0.3865 1.1114
19861122 5.9 0.1861 1.7167
19861123 22.5 0.112 8.4466
19861124 0 0.6422 3.173
19861125 0 0.7756 1.7354
19861126 1.6 0.8574 1.3079
19861127 0.3 0.6124 1.2059
19861128 0 0.499 1.0498
19861129 0 0.1542 0.9254
19861130 0 0.1203 0.8134
19861201 0 0.2922 0.7092
19861202 0 0.416 0.6541
19861203 0 0.3956 0.6099
19861204 0 0.7149 0.5635
19861205 0 0.6768 0.5354
19861206 0.8 0.3949 0.5335
19861207 4.1 0.1922 0.7669
19861208 0 0.6763 0.6242
19861209 0 0.4004 0.5396
19861210 0.7 0.1044 0.5173
19861211 0 0.1242 0.5349
19861212 0 0.1049 0.515
19861213 1.7 0.1346 0.4833
19861214 4.1 0.1215 0.8956
19861215 0.1 0.4645 0.6467
19861216 9.4 0.2878 1.8126
19861217 7.1 0.1366 1.3939
19861218 15.4 0.1235 8.8831
19861219 25.7 0.1918 23.3594
19861220 5.4 0.0988 6.0124
19861221 3.9 0.1467 3.6837
19861222 6.4 0.1013 2.7839
19861223 0 0.1369 2.2951
19861224 0 0.1596 1.9795
19861225 1.06 0.1633 1.7884
19861226 3.44 0.1166 1.7144
19861227 0 0.1069 1.5998
19861228 0.3 0.114 1.6479
19861229 9.8 0.148 9.6216
19861230 0.3 0.2868 11.9105
19861231 1.1 0.1397 13.6983
19870101 16.7 0.1324 22.0177
19870102 10.3 0.1161 18.311
19870103 3.1 0.1344 7.7649
19870104 0 0.294 4.618
19870105 4.9 0.1246 3.6635
19870106 9.7 0.1383 5.6164
19870107 3.7 0.0902 3.8382
19870108 0 0.2572 2.9435
19870109 0 0.3734 2.5611
19870110 5 0.1104 2.2019
19870111 1.1 0.065 1.796
19870112 0 0.2126 1.6122
19870113 0 0.0569 1.4526
19870114 0 0.0675 1.3217
19870115 0 0.0819 1.1758
19870116 0 0.0857 1.0243
19870117 0 0.0872 0.9728
19870118 0 0.0944 0.9505
19870119 0 0.0985 0.8694
19870120 0 0.1001 0.8028
19870121 0 0.1012 0.7606
19870122 0 0.1041 0.7221
19870123 0 0.1043 0.7069
19870124 0.2 0.1405 0.8305
19870125 0 0.2432 0.9055
19870126 0 0.1942 0.9213
19870127 0 0.1291 0.8761
19870128 4.6 0.1453 0.8482
19870129 0 0.3461 0.8016
19870130 0 0.3399 0.7522
19870131 0 0.3437 0.8935
19870201 0 0.1038 0.9207
19870202 0 0.1578 1.0982
19870203 0.6 0.1554 1.1782
19870204 0 0.4898 0.9445
19870205 0 0.1511 0.8525
19870206 0 0.1564 0.9012
19870207 15.6 0.1632 13.936
19870208 0 0.1847 7.6186
19870209 0 1.0775 8.5021
19870210 2.3 0.299 6.9974
19870211 0 0.182 4.81
19870212 0 0.5633 3.2424
19870213 0.4 0.1969 2.5462
19870214 0 0.3184 2.1891
19870215 0.8 0.1914 2.0637
19870216 1.5 0.1749 1.7902
19870217 7.6 0.1679 1.5998
19870218 2.9 0.1738 1.4136
19870219 3.1 0.1732 1.2855
19870220 2 0.1754 1.2097
19870221 2 0.1931 1.1761
19870222 0.2 0.1908 1.1358
19870223 0 0.3637 1.0954
19870224 0 0.1741 1.0541
19870225 0 0.5972 1.2331
19870226 11 0.2612 5.5927
19870227 8.2 0.2677 12.4888
19870228 25.9 0.2888 20.8987
19870301 6.2 0.3634 13.5576
19870302 16.5 0.3119 13.3233
19870303 7.1 0.2305 9.725
19870304 1.9 0.2449 5.6852
19870305 3.9 0.2022 4.0726
19870306 0 0.7057 3.1537
19870307 0 0.7716 2.5989
19870308 0 0.8591 2.2
19870309 0 0.5184 1.8076
19870310 0 0.723 1.55
19870311 0 0.9174 1.3707
19870312 0 0.6069 1.302
19870313 0 0.6363 1.2199
19870314 0.4 0.4228 1.189
19870315 0 1.1432 1.2464
19870316 2.7 0.7006 1.1508
19870317 0.6 0.4223 1.0351
19870318 2.8 0.4821 1.4152
19870319 4.8 1.0391 1.9859
19870320 2.5 0.6993 1.7094
19870321 0 1.5952 1.5491
19870322 2 0.6952 1.4637
19870323 0.5 1.0008 2.0494
19870324 0.1 1.1349 7.8544
19870325 0.1 0.5329 7.0622
19870326 5.2 0.4302 6.8052
19870327 3.5 0.5586 4.5272
19870328 28.8 0.6098 20.1719
19870329 11.5 0.5629 8.1259
19870330 2.3 0.778 5.2379
19870331 0 1.1467 4.6379
19870401 0 0.5162 3.8255
19870402 0 1.5712 3.1915
19870403 0 1.1143 2.6924
19870404 12.4 0.7279 3.2083
19870405 0.6 1.8957 3.7744
19870406 0 2.6341 2.4685
19870407 0 1.9951 1.9665
19870408 4.9 0.5646 1.8866
19870409 8.8 0.9115 1.8914
19870410 33.2 0.523 18.5502
19870411 0.3 1.8196 7.6336
19870412 8 0.7571 5.7183
19870413 1.2 0.8054 4.3319
19870414 0 1.7301 3.1583
19870415 0 2.454 2.4686
19870416 0 2.3321 2.009
19870417 0 2.8129 1.7008
19870418 0 3.2946 1.4931
19870419 4.8 2.4991 1.4167
19870420 32.1 0.7714 6.8303
19870421 0.1 1.1588 6.4002
19870422 0 2.7477 2.9521
19870423 0 3.1274 2.1781
19870424 0 3.3568 1.7492
19870425 0 3.2749 1.4886
19870426 0.3 2.3848 1.314
19870427 0.1 2.0361 1.1654
19870428 0 3.3011 1.0353
19870429 0 3.5512 0.9237
19870430 0 1.1821 0.8263
19870501 0 3.5494 0.7408
19870502 18.1 3.1254 1.3304
19870503 31.1 0.6016 4.6157
19870504 15.8 0.5916 5.616
19870505 6 0.5814 8.2723
19870506 15 0.6295 12.1641
19870507 0.1 0.8125 7.5604
19870508 0 2.8448 4.0125
19870509 0 3.6119 2.7436
19870510 13.04 2.7589 2.2981
19870511 9.15 1.2703 6.5109
19870512 11.16 1.689 3.0928
19870513 20.45 0.9197 10.5118
19870514 0.39 2.1993 7.0846
19870515 12.68 0.794 4.2706
19870516 10.32 1.2932 8.1001
19870517 0 2.0417 5.1067
19870518 0 0.8023 3.2805
19870519 1.34 0.7719 2.5885
19870520 15.7 0.7805 4.3959
19870521 13 0.6217 8.4362
19870522 0.7 1.6232 7.1454
19870523 0 2.8894 3.8821
19870524 0 2.7912 2.745
19870525 0.4 2.8564 2.1186
19870526 0 3.4552 1.7301
19870527 9.5 1.4838 2.0007
19870528 5.3 0.8728 1.6435
19870529 6.8 1.3756 1.8172
19870530 0.1 2.4721 2.0049
19870531 8.1 1.1443 1.6788
19870601 0.6 1.419 2.0591
19870602 0 2.6451 1.5266
19870603 5.1 1.0253 1.4437
19870604 23.3 0.9413 6.9885
19870605 5.9 1.2203 6.9218
19870606 0.8 2.6219 3.7681
19870607 9.3 0.9428 3.6085
19870608 17.1 0.8872 9.9073
19870609 2.9 1.1801 5.5391
19870610 0.2 3.0279 3.6108
19870611 0 2.7883 2.5946
19870612 0.8 3.2418 2.0418
19870613 8.4 3.4575 1.7445
19870614 1.9 1.3935 2.0063
19870615 47.7 0.8625 20.4695
19870616 19.2 0.9783 19.6075
19870617 13.4 1.4814 16.0436
19870618 14.4 1.5988 12.1773
19870619 7.7 1.7795 9.7168
19870620 2.3 0.9671 7.132
19870621 6.5 0.8697 5.7154
19870622 0.7 1.8421 4.4362
19870623 2.8 1.8442 3.0966
19870624 10.7 1.6266 3.2607
19870625 2.4 3.262 4.3852
19870626 5.6 0.8995 2.9362
19870627 0 3.4946 2.4641
19870628 0 4.3854 1.9612
19870629 0 4.6186 1.6402
19870630 0 4.7482 1.4287
19870701 35.2 2.8172 10.3577
19870702 0 2.6602 4.9272
19870703 0.3 2.1159 2.7904
19870704 0 3.2528 2.0873
19870705 0 2.5067 1.6733
19870706 0 4.0731 1.4199
19870707 7.6 3.0491 1.2956
19870708 9.1 0.9931 1.9759
19870709 4.4 1.6177 2.3178
19870710 0 4.0363 1.3361
19870711 0 4.3421 1.063
19870712 0 3.2368 0.9129
19870713 0 3.4868 0.8189
19870714 4.6 4.1374 0.9181
19870715 20.2 3.3763 1.9095
19870716 0.4 2.4643 1.7721
19870717 1.6 2.3154 1.0125
19870718 19.4 0.8645 2.4997
19870719 0.1 1.6244 2.8783
19870720 1.1 1.7578 1.4105
19870721 2.6 2.1992 1.1081
19870722 4.5 2.0427 1.0424
19870723 0.7 1.4834 1.0013
19870724 7.2 2.8585 1.0371
19870725 7.6 1.7362 1.2937
19870726 11.8 1.0644 5.8563
19870727 28.6 1.9259 5.6549
19870728 4 2.1209 10.8387
19870729 1.3 3.0358 3.5357
19870730 7.1 1.2243 2.7458
19870731 0 2.5908 2.0717
19870801 2.6 1.4011 1.6153
19870802 16.1 0.8226 1.8574
19870803 5.5 2.1637 6.7891
19870804 0.5 0.996 2.313
19870805 8.4 1.7374 2.2987
19870806 0 2.5075 2.1289
19870807 3.1 0.6933 1.6963
19870808 0 2.863 1.4188
19870809 7.8 1.3965 1.625
19870810 0 2.7273 1.393
19870811 0 2.9302 1.1414
19870812 0 1.4379 0.9852
19870813 0 3.6809 0.8696
19870814 0 2.5467 0.7681
19870815 0 1.4318 0.7016
19870816 0 3.7019 0.6215
19870817 0 3.6234 0.5654
19870818 19.4 1.3716 2.2513
19870819 0 2.5387 1.0226
19870820 0 3.5956 0.7443
19870821 0 3.683 0.6328
19870822 0 3.8164 0.551
19870823 8.5 1.166 0.7595
19870824 14.8 0.6755 0.9629
19870825 15.5 1.1799 6.0959
19870826 0 1.6076 1.9024
19870827 2.5 1.1434 1.2487
19870828 0 1.051 1.0252
19870829 0 2.7443 0.8824
19870830 0 3.2523 0.7763
19870831 0 3.3284 0.6881
19870901 10.2 2.3985 0.8219
19870902 0.1 2.2596 0.7568
19870903 0 1.8796 0.6155
19870904 1.9 1.776 0.606
19870905 16.4 0.9008 0.9561
19870906 3.1 2.0846 2.3341
19870907 0 2.0068 0.9556
19870908 1.3 1.3471 0.7782
19870909 0 2.3947 0.6453
19870910 0 2.5746 0.5809
19870911 0 1.7581 0.5324
19870912 0 2.0926 0.4974
19870913 0 3.0492 0.4363
19870914 0 2.8458 0.3974
19870915 0 2.7936 0.3681
19870916 0 2.3918 0.3501
19870917 0 2.9274 0.3363
19870918 0 2.7526 0.305
19870919 0 1.0661 0.3016
19870920 0 2.6692 0.2792
19870921 0 2.7464 0.2662
19870922 0.7 2.3919 0.2691
19870923 4.1 1.277 0.2884
19870924 7.6 1.5629 0.5544
19870925 26.8 1.0471 0.8883
19870926 50.3 0.414 16.5594
19870927 17.1 0.8821 14.4598
19870928 0 0.6419 3.994
19870929 0 1.451 2.2678
19870930 0 1.3179 1.5975
19871001 0 0.6946 1.2511
19871002 0 0.2846 1.1067
19871003 0.1 0.3317 0.9606
19871004 0 0.651 0.8737
19871005 0 0.5276 0.7925
19871006 0.2 1.2162 0.6788
19871007 1.3 1.1701 0.6692
19871008 11.1 0.4413 1.2343
19871009 0 1.7732 0.7924
19871010 0 1.8079 0.5826
19871011 0 0.8505 0.4709
19871012 13 0.2302 1.2655
19871013 0.9 1.0408 0.9043
19871014 5.3 0.3727 1.1412
19871015 1.2 0.6997 0.9741
19871016 0 1.3644 0.6965
19871017 1.9 0.2505 0.6496
19871018 0.9 0.7714 0.6731
19871019 0.1 0.7577 0.5881
19871020 0 0.7875 0.529
19871021 0 0.9722 0.4711
19871022 7.6 0.2224 0.9398
19871023 1 0.202 0.7119
19871024 0 0.6996 0.6117
19871025 2.5 0.5013 0.5602
19871026 0.6 0.2256 0.6163
19871027 0.2 0.2054 0.5699
19871028 0.2 0.4114 0.5469
19871029 0 0.2031 0.5021
19871030 0 0.2125 0.4862
19871031 0 0.2036 0.4489
19871101 0.2 0.6268 0.4278
19871102 0.6 0.4423 0.3881
19871103 0 0.1599 0.3579
19871104 0 0.1584 0.3523
19871105 0 0.146 0.3218
19871106 0 0.6144 0.3203
19871107 0 0.1853 0.3005
19871108 0 0.7356 0.267
19871109 1.6 0.1841 0.2907
19871110 6.2 0.1615 0.3435
19871111 1.1 0.4475 0.5668
19871112 7 0.1685 0.9805
19871113 21 0.1598 5.7898
19871114 0.6 0.2449 3.2058
19871115 0 0.7624 1.4057
19871116 7.2 0.2199 1.8337
19871117 8.6 0.3568 4.928
19871118 0.1 0.4034 2.138
19871119 0 0.1423 1.5209
19871120 23 0.122 8.8855
19871121 8.8 0.131 6.7628
19871122 2.2 0.1241 5.5532
19871123 0 0.1487 3.4213
19871124 0 0.1106 2.3603
19871125 0.2 0.3529 1.8768
19871126 0 0.1079 1.5065
19871127 1.5 0.1061 1.2897
19871128 1.9 0.1113 1.2219
19871129 0.5 0.1061 1.1653
19871130 2 0.1125 1.1514
19871201 0.1 0.1195 1.21
19871202 0 0.1025 1.1224
19871203 0 0.101 1.0063
19871204 0 0.1924 0.9476
19871205 0 0.1119 0.9416
19871206 21.5 0.1427 4.8094
19871207 15.1 0.1366 13.3699
19871208 0.7 0.0785 4.8525
19871209 0.1 0.0798 2.9353
19871210 0 0.076 2.1612
19871211 0 0.1878 1.7722
19871212 0 0.086 1.485
19871213 0 0.0867 1.282
19871214 0 0.1209 1.1682
19871215 1.3 0.1175 1.2526
19871216 12 0.1401 4.2707
19871217 4.5 0.1481 4.438
19871218 12.7 0.2049 5.024
19871219 15.3 0.1375 16.1647
19871220 1.2 0.1456 4.8568
19871221 0 0.5937 3.1289
19871222 0 0.3148 2.3372
19871223 0 0.1186 1.8968
19871224 0 0.1005 1.6189
19871225 0 0.1745 1.4246
19871226 0 0.1299 1.3011
19871227 0 0.4467 1.1894
19871228 0 0.6611 1.0812
19871229 0 0.725 0.9951
19871230 0 0.5703 0.9207
19871231 0 0.4017 0.8642
19880101 0.6 0.1441 0.8288
19880102 2.8 0.3517 0.752
19880103 6.9 0.2677 0.9292
19880104 20.1 0.1321 5.9389
19880105 4.2 0.7391 6.874
19880106 5.5 0.6634 2.9244
19880107 1 0.3677 2.8935
19880108 0 0.5572 2.0543
19880109 0 0.5613 1.6454
19880110 0 0.5503 1.4205
19880111 11.4 0.1407 3.3073
19880112 0 0.1172 2.6062
19880113 0 0.1219 1.874
19880114 0 0.1512 1.5673
19880115 0 0.5048 1.4072
19880116 0 0.4273 1.256
19880117 6.8 0.2254 1.5134
19880118 0 0.1374 1.5998
19880119 0 0.1241 1.3418
19880120 0 0.1455 1.1792
19880121 7 0.1326 1.5413
19880122 1.8 0.2386 1.6665
19880123 0 0.1543 1.5644
19880124 3 0.2119 2.1633
19880125 6.5 0.1701 3.7128
19880126 3.4 0.2411 2.7807
19880127 0.3 0.3284 2.6531
19880128 0.1 0.4485 1.9916
19880129 7.7 0.3817 2.0792
19880130 9.2 0.1726 3.6235
19880131 4.4 0.165 3.0541
19880201 4.3 0.1929 2.5145
19880202 5.1 0.5058 5.845
19880203 0 0.259 4.9021
19880204 0 0.7648 3.6493
19880205 0.9 0.2461 2.8608
19880206 12 0.1868 6.6698
19880207 9.4 0.1627 4.7549
19880208 10.4 0.192 4.1755
19880209 1 0.2302 4.498
19880210 1.2 0.27 5.7805
19880211 1.5 0.1922 3.6642
19880212 3.7 0.2525 3.1733
19880213 0 0.8607 2.789
19880214 0 0.8725 2.3712
19880215 0 0.9724 2.1065
19880216 0 1.2277 2.0395
19880217 0 1.0409 2.1443
19880218 0 0.6053 1.8738
19880219 1 0.3426 1.6318
19880220 1.6 0.2887 1.4848
19880221 0 0.6224 1.3805
19880222 0 1.1424 1.3267
19880223 2.4 0.6923 1.3486
19880224 4.8 0.5429 1.3346
19880225 2.9 0.185 1.2102
19880226 0.2 0.2019 1.1613
19880227 4.8 0.2082 1.1313
19880228 1 0.2086 1.1109
19880229 0.7 0.4124 1.121
19880301 1 0.2709 1.1896
19880302 2.1 0.5092 1.2149
19880303 0 0.8897 1.1328
19880304 0 0.4216 1.1727
19880305 5 0.2515 1.1571
19880306 0.1 0.2707 1.1332
19880307 9.8 0.5962 1.2327
19880308 6 0.6426 1.215
19880309 0 0.6745 1.2556
19880310 0.3 1.2651 1.3673
19880311 12.6 0.2781 1.4174
19880312 19.7 0.2935 2.7586
19880313 15.8 0.4635 13.6562
19880314 4.8 0.4238 8.2057
19880315 0.4 1.5343 13.8996
19880316 23.3 0.5152 29.3102
19880317 18.5 0.3484 30.4438
19880318 10.4 0.3145 20.9631
19880319 4.3 0.3633 13.5798
19880320 1.8 1.1433 23.939
19880321 25.3 0.508 30.7047
19880322 17.3 0.6406 35.647
19880323 21.1 0.3844 21.8413
19880324 30.5 0.4251 36.0104
19880325 37.1 0.4991 35.1133
19880326 22 0.797 27.0898
19880327 10.3 0.7812 16.4732
19880328 11.8 0.8747 13.7349
19880329 0.2 1.625 9.4164
19880330 2.2 0.668 6.4851
19880331 9.6 0.4013 7.1296
19880401 5.1 1.1726 6.8807
19880402 0 1.9971 5.7954
19880403 0 1.4661 4.6446
19880404 0 0.9763 3.8521
19880405 0 0.4647 3.3622
19880406 0 0.524 3.2111
19880407 0 1.5229 3.015
19880408 11.6 0.5385 4.4329
19880409 14.5 1.303 4.5422
19880410 13.5 0.9793 14.4194
19880411 0 2.492 5.6065
19880412 1 1.8474 3.8659
19880413 28.4 0.5773 11.1797
19880414 0 2.3387 8.4727
19880415 0 1.985 4.7062
19880416 0.5 2.3197 3.4207
19880417 0.6 0.6707 2.7184
19880418 0 2.6197 2.2021
19880419 0 3.2773 1.8568
19880420 12.3 0.6281 2.3755
19880421 0.5 2.6549 1.9051
19880422 0 3.0883 1.5469
19880423 0 2.4975 1.3571
19880424 0 2.5649 1.2085
19880425 0 2.8236 1.086
19880426 0 2.7588 0.99
19880427 0 0.97 0.9235
19880428 5.1 0.6528 0.9674
19880429 0 1.3698 0.8863
19880430 0.2 2.0764 0.7936
19880501 0 2.8014 0.6866
19880502 0 2.4283 0.6225
19880503 16.6 2.1513 1.5314
19880504 5.4 1.5424 1.012
19880505 0.1 0.9029 0.884
19880506 0 3.7039 0.7045
19880507 0 2.0534 0.6958
19880508 0 1.7963 1.1609
19880509 3.2 2.1465 0.7621
19880510 0.1 1.0629 0.5803
19880511 0.2 1.371 0.5765
19880512 0 3.5736 0.5314
19880513 0 3.2217 0.4739
19880514 0 3.0644 0.4531
19880515 1 3.1586 0.4294
19880516 0.8 1.6856 0.432
19880517 11.8 1.8624 0.5532
19880518 11.9 1.5931 1.5277
19880519 8 1.3494 0.6809
19880520 23.8 0.7832 6.0592
19880521 0.1 2.2493 2.8933
19880522 0 3.3438 1.3565
19880523 0 3.8436 1.0057
19880524 0 2.5971 0.8193
19880525 0 4.1046 0.721
19880526 3.2 3.2549 0.6656
19880527 5.6 1.7898 0.664
19880528 0 0.8547 0.7631
19880529 0.1 2.0571 0.5484
19880530 5.3 3.1848 0.5683
19880531 8.5 1.1942 0.8661
19880601 16.4 1.3081 2.3209
19880602 0.1 1.8764 2.3375
19880603 0.9 3.7593 1.1104
19880604 40.9 0.9022 9.5636
19880605 34.9 0.7838 22.8154
19880606 24.5 0.7666 23.8993
19880607 0.9 0.8519 9.6642
19880608 0.7 2.534 4.4397
19880609 0.1 3.4634 3.0943
19880610 0 3.4784 2.4583
19880611 4.9 2.4485 2.2171
19880612 0.1 3.0696 1.8479
19880613 0 3.1889 1.4186
19880614 0 4.1105 1.1748
19880615 0 3.3939 1.0369
19880616 0 3.2481 0.9395
19880617 0 3.0699 0.8756
19880618 0 3.9505 0.7595
19880619 0.1 3.4195 0.6822
19880620 0.3 2.2259 0.6521
19880621 0 1.7775 0.5997
19880622 0 2.2831 0.5514
19880623 0 2.2531 0.5285
19880624 0 3.9247 0.4919
19880625 0 1.9273 0.4528
19880626 0 2.3069 0.4181
19880627 12.4 3.7809 0.6238
19880628 3.4 2.139 0.6148
19880629 12.6 3.5442 0.4668
19880630 0.1 3.2926 1.0948
19880701 3.3 1.7737 0.4915
19880702 2.8 1.9617 0.5357
19880703 19.8 2.2992 1.9372
19880704 9.8 3.0835 1.7896
19880705 0.2 3.9956 0.7711
19880706 16 3.4705 2.4614
19880707 1.4 3.0564 0.9711
19880708 10.6 3.103 0.9555
19880709 4 3.4304 1.2955
19880710 0 4.5176 0.6749
19880711 0.4 4.5241 0.5114
19880712 2.7 2.313 0.5239
19880713 3 3.2317 0.454
19880714 15.5 2.0318 1.7048
19880715 9.7 1.8021 1.1881
19880716 11 1.119 2.5635
19880717 4.9 1.4733 1.6996
19880718 0.9 2.8616 1.4517
19880719 0 4.2214 0.9736
19880720 0 4.467 0.7502
19880721 0 3.9884 0.618
19880722 0 3.9438 0.5453
19880723 0 4.4412 0.483
19880724 27.5 1.1396 2.2889
19880725 0 3.6282 1.305
19880726 0 4.4025 0.7233
19880727 14.4 0.8587 1.3843
19880728 0 3.6863 1.0551
19880729 8.2 2.8037 0.9129
19880730 1.4 2.5965 1.0264
19880731 0 3.9157 0.6968
19880801 0 3.5213 0.5844
19880802 7.6 2.9394 0.75
19880803 20.7 0.8933 2.9767
19880804 12.2 0.8885 6.538
19880805 0.1 2.9323 2.2861
19880806 0 3.7942 1.4544
19880807 0 3.9973 1.1253
19880808 0 3.6925 0.9592
19880809 0 3.2716 0.8259
19880810 0 3.7184 0.7452
19880811 0 2.6217 0.6776
19880812 2.2 2.7196 0.6525
19880813 0.4 1.9995 0.6344
19880814 0 3.9813 0.585
19880815 0 3.5094 0.5385
19880816 0.1 2.1507 0.5202
19880817 0 2.9828 0.4982
19880818 0 3.6813 0.4649
19880819 0 2.9581 0.4371
19880820 26.2 0.6488 1.4988
19880821 5.6 1.504 0.7552
19880822 11 0.8247 0.8423
19880823 1.3 1.0333 1.4408
19880824 0 2.2676 0.6846
19880825 19.8 1.4052 2.3112
19880826 0.3 0.6022 1.6401
19880827 1.5 2.1487 0.9441
19880828 14.4 3.0051 1.02
19880829 29.4 0.6439 11.2469
19880830 1.3 2.7005 6.9591
19880831 0 2.7845 2.5576
19880901 2.3 2.719 1.652
19880902 38.1 0.7196 12.9416
19880903 0.3 0.6304 5.8702
19880904 0.5 1.5245 2.9681
19880905 0.3 2.4568 2.068
19880906 0 2.5107 1.6197
19880907 0 2.7973 1.3493
19880908 0 1.9173 1.1569
19880909 0 2.5636 1.0149
19880910 0 2.3701 0.8838
19880911 1.4 1.7733 0.7884
19880912 0.3 0.9022 0.7671
19880913 6.2 0.4422 0.8222
19880914 8.2 0.8406 0.9584
19880915 21.5 0.4225 4.2545
19880916 2.2 0.7633 2.9599
19880917 0 0.6287 1.6091
19880918 0 1.4582 1.1666
19880919 0 1.3552 0.9675
19880920 0 0.4452 0.8957
19880921 0 1.3734 0.8193
19880922 0 1.976 0.7349
19880923 11.7 0.8205 1.3734
19880924 7 1.8445 1.7229
19880925 0 0.8362 0.9556
19880926 0 2.4098 0.7971
19880927 0 2.4204 0.7639
19880928 0 1.9144 0.6592
19880929 0.6 0.399 0.6182
19880930 6.5 0.3196 0.7963
19881001 2.4 0.3292 0.8197
19881002 0 0.341 0.6588
19881003 0 0.94 0.6016
19881004 7.6 0.5029 0.9488
19881005 12.2 0.3301 2.4747
19881006 3.4 0.3739 2.1084
19881007 20.4 0.8931 7.032
19881008 11.8 0.7783 9.5213
19881009 0 1.8334 3.0385
19881010 32.4 0.2956 13.1456
19881011 1.2 0.277 6.6146
19881012 14 0.3057 5.109
19881013 0.8 0.9838 7.1865
19881014 0 1.1845 3.5551
19881015 0 1.4581 2.5978
19881016 0.1 0.3032 2.0452
19881017 0 0.5003 1.6771
19881018 0 0.734 1.5126
19881019 0.1 0.2688 1.3437
19881020 12.2 0.22 2.1034
19881021 0 0.9227 1.4491
19881022 0 0.2123 1.0803
19881023 0 1.3346 0.9109
19881024 1.6 0.6245 0.8527
19881025 0 0.6654 0.8148
19881026 0.1 0.3447 0.7171
19881027 0 1.4029 0.6398
19881028 0 1.191 0.569
19881029 5.6 0.2135 0.6856
19881030 0 0.3659 0.7044
19881031 0 0.5627 0.5893
19881101 0 0.7916 0.5423
19881102 0 0.1712 0.5022
19881103 0 0.2303 0.4808
19881104 0 0.5138 0.4624
19881105 0 0.8734 0.4397
19881106 0 0.5984 0.4287
19881107 0 0.1228 0.3961
19881108 0 0.5115 0.3845
19881109 0 0.1626 0.3714
19881110 0 0.3445 0.3636
19881111 0 0.9733 0.3609
19881112 0 0.1759 0.3564
19881113 16.1 0.1622 1.798
19881114 0 0.5577 1.0615
19881115 0.4 0.1343 0.6665
19881116 0 0.145 0.538
19881117 0 0.6034 0.4776
19881118 14.7 0.3793 2.2992
19881119 8.4 0.1742 3.9021
19881120 6.5 0.1071 2.1462
19881121 16.3 0.089 1.9256
19881122 0 0.0978 1.9832
19881123 0 0.1331 1.9964
19881124 0 0.3735 1.9898
19881125 0 0.4328 1.9901
19881126 0 0.0951 1.956
19881127 0 0.0997 1.8958
19881128 0.1 0.2076 1.9297
19881129 2.7 0.1228 6.1166
19881130 9.7 0.1388 15.4078
19881201 0 0.1215 6.3097
19881202 4.7 0.1091 3.8423
19881203 1.6 0.1287 5.7965
19881204 9.3 0.1227 7.46
19881205 32.8 0.1114 14.7483
19881206 8.8 0.1104 14.744
19881207 3.9 0.1971 6.4562
19881208 0.2 0.152 4.3867
19881209 7.4 0.1089 3.4167
19881210 23.4 0.1159 16.5359
19881211 0.5 0.1288 14.1572
19881212 9.7 0.0916 8.4127
19881213 0 0.1145 5.7808
19881214 2.5 0.226 3.9424
19881215 3.7 0.0948 3.1427
19881216 0 0.2417 2.4662
19881217 0 0.1944 1.9933
19881218 0.7 0.1529 1.7087
19881219 23.1 0.1257 4.778
19881220 2.2 0.1102 5.5186
19881221 0 0.1042 3.0823
19881222 0 0.4916 2.4873
19881223 3.4 0.1982 7.311
19881224 0 0.2804 5.5445
19881225 0 0.6644 3.4323
19881226 0 0.1115 2.617
19881227 0 0.2111 2.1154
19881228 0 0.1495 1.7751
19881229 0 0.1255 1.5517
19881230 0 0.1313 1.3804
19881231 0 0.1254 1.2279
19890101 0 0.0156 1.1003
19890102 0 0.0672 1.0102
19890103 0 0.2855 0.9155
19890104 0 0.3536 0.9421
19890105 4.2 0.1049 0.8441
19890106 2.7 0.2134 1.1047
19890107 0.8 0 2.2243
19890108 0.3 0.192 1.5451
19890109 0 0.4057 1.21
19890110 0 0.282 1.0501
19890111 0 0.3891 0.9887
19890112 0.1 0.4603 0.9006
19890113 4.5 0.4248 1.2803
19890114 0.1 0.4978 0.996
19890115 0.2 0.4629 0.8867
19890116 0 0.2196 0.7796
19890117 0 0.4619 0.7185
19890118 0 0.1947 0.6887
19890119 0 0.0684 0.662
19890120 0 0.47 0.625
19890121 0 0.5199 0.5813
19890122 0 0.0476 0.5495
19890123 0 0.0132 0.5154
19890124 0 0.4181 0.5023
19890125 0 0.4742 0.4402
19890126 0 0.469 0.4561
19890127 0 0.4621 0.4717
19890128 0 0.6179 0.4902
19890129 0 0.6174 0.5045
19890130 0 0.5279 0.507
19890131 0 0.3295 0.5035
19890201 0 0.6652 0.524
19890202 0 0.7066 0.5021
19890203 0 0.7086 0.4987
19890204 0 0.7745 0.4795
19890205 0 0.764 0.4449
19890206 0 0.8637 0.3764
19890207 0 0.8708 0.3447
19890208 0 0.9224 0.3383
19890209 0 0.8831 0.3262
19890210 0 0.8239 0.315
19890211 0 0.8518 0.3209
19890212 4.1 0.8284 0.322
19890213 4.5 0.7764 0.6892
19890214 7.5 0.1627 0.4602
19890215 0 0.7308 0.3984
19890216 7.8 0.1874 0.719
19890217 0.1 0.5784 1.3794
19890218 4.1 0.1757 3.7535
19890219 0.3 0.2342 2.6692
19890220 5.3 0.4042 1.7304
19890221 23 0.0867 7.8321
19890222 7 0.4322 9.4625
19890223 0 0.8193 3.4943
19890224 0.3 0.564 2.283
19890225 2.9 0.8264 1.8443
19890226 0.4 0.5454 1.5701
19890227 5.7 0.3525 1.3215
19890228 4.8 0.1945 1.3623
19890301 2.1 0.911 1.5464
19890302 6.9 0.893 2.7355
19890303 19.6 0.459 13.1283
19890304 4.9 0.6945 13.2122
19890305 0 1.5485 5.5243
19890306 0 1.6972 3.5575
19890307 0.9 1.7126 2.7041
19890308 10.1 0.5685 4.6192
19890309 0 1.2768 2.648
19890310 0 1.6996 2.1195
19890311 0 1.9915 1.7415
19890312 0 1.3881 1.4648
19890313 17.3 1.4205 2.725
19890314 0 1.5027 3.1292
19890315 14.8 0.3659 4.4348
19890316 5.5 0.4669 6.6105
19890317 6.2 0.6685 4.3408
19890318 11.7 0.2487 7.4604
19890319 0 0.4243 5.1519
19890320 0.1 1.4693 3.3645
19890321 0.4 0.8351 2.5449
19890322 0.8 1.1234 2.0383
19890323 10.1 0.8139 3.1108
19890324 0 0.7855 2.2356
19890325 0 1.6395 1.7617
19890326 0 2.3225 1.4909
19890327 0 2.6231 1.305
19890328 0 2.6363 1.1469
19890329 0 2.5443 1.0341
19890330 0 2.7882 0.9381
19890331 0 2.281 0.8782
19890401 6.9 0.8068 0.8678
19890402 22.2 0.6739 4.6611
19890403 0 1.0442 1.8993
19890404 0.3 0.1684 1.3487
19890405 6.4 0.6289 1.7174
19890406 1.6 1.0072 1.4593
19890407 0.2 2.6127 1.1619
19890408 18.2 1.7118 2.2357
19890409 0 2.6322 3.4184
19890410 0 0.7557 1.7066
19890411 0 2.4306 1.3056
19890412 0.3 1.2714 1.1289
19890413 3.8 0.2715 1.1229
19890414 13.9 0.5071 1.7117
19890415 1.1 0.8834 3.5031
19890416 2.8 1.7831 1.7328
19890417 24.4 0.2664 7.3911
19890418 2 0.4183 7.5796
19890419 4.7 0.4268 3.9975
19890420 10.8 1.3853 5.3555
19890421 12.1 0.4802 6.3684
19890422 2.5 0.9803 5.9164
19890423 3.7 1.8051 4.4165
19890424 0 3.0296 3.0603
19890425 0 1.1752 2.3893
19890426 4.2 2.1639 1.9848
19890427 4.3 0.6095 1.9681
19890428 12.2 0.3969 3.2014
19890429 0.5 0.6239 3.5807
19890430 0.4 1.1585 2.5727
19890501 0 2.2307 2.042
19890502 0 3.2171 1.6897
19890503 0 3.5726 1.4295
19890504 0 3.624 1.2416
19890505 0 3.7136 1.0825
19890506 1.4 2.2421 1.0179
19890507 0 3.315 0.9386
19890508 0 3.5696 0.8457
19890509 0 4.0127 0.767
19890510 14.1 0.6194 1.0967
19890511 13 2.1071 1.3634
19890512 7.5 1.3517 2.3028
19890513 6.6 1.2591 1.9038
19890514 7.6 1.4457 2.2362
19890515 0 1.7056 2.0219
19890516 0 1.6017 1.3496
19890517 0 3.332 1.1092
19890518 0 4.0077 0.9473
19890519 0.6 2.9131 0.8548
19890520 0 4.1344 0.7685
19890521 0 4.0486 0.6781
19890522 0 4.072 0.6226
19890523 0 4.0505 0.5794
19890524 0 4.3378 0.5359
19890525 0 4.2705 0.4883
19890526 2.7 3.2646 0.5188
19890527 0 3.5239 0.4701
19890528 11.2 4.1059 0.5739
19890529 12.1 2.5752 1.296
19890530 8.8 3.1207 1.0221
19890531 5.4 0.4814 1.274
19890601 6.3 0.8035 0.9093
19890602 0.3 1.6068 1.0644
19890603 11.8 0.7389 2.1852
19890604 0.9 1.9249 1.3012
19890605 5.9 1.8092 1.0775
19890606 0.2 2.4376 1.004
19890607 5.7 2.0348 1.122
19890608 0.7 3.3286 0.8881
19890609 0 3.7779 0.6796
19890610 8.8 3.4268 0.6886
19890611 0.3 2.4704 0.7374
19890612 0 4.0106 0.5594
19890613 0 3.5625 0.5007
19890614 0 3.479 0.4542
19890615 0 4.1747 0.4189
19890616 0 3.7672 0.3948
19890617 0 4.302 0.355
19890618 0 4.2467 0.3213
19890619 0 4.3725 0.302
19890620 0.1 4.5982 0.2845
19890621 0.1 3.8841 0.2695
19890622 15.2 3.527 0.5507
19890623 1.6 1.4505 0.4413
19890624 0.3 1.226 0.3251
19890625 0.1 4.1127 0.2761
19890626 0.3 3.8296 0.2437
19890627 19.7 3.9421 0.4476
19890628 23.7 1.8996 3.6795
19890629 3 3.2733 0.8574
19890630 0.4 2.5669 0.5807
19890701 8.1 3.1175 0.4806
19890702 21.3 1.1465 3.845
19890703 16.9 0.4039 5.1837
19890704 0.3 1.2422 4.2569
19890705 0 3.5788 1.7187
19890706 0 4.2497 1.1403
19890707 12.3 2.395 2.197
19890708 8.4 2.5214 2.8181
19890709 20.8 2.1474 3.1177
19890710 13.9 2.4066 8.3853
19890711 11.2 0.7813 7.776
19890712 1.5 1.3617 6.5397
19890713 0 3.1585 3.2019
19890714 0 1.9233 2.1512
19890715 0 3.6558 1.5606
19890716 0.1 3.8751 1.237
19890717 0 3.0092 1.0293
19890718 1.5 2.0719 0.9034
19890719 0 3.7818 0.8144
19890720 0 4.3615 0.6812
19890721 0 3.977 0.5859
19890722 3.3 1.4397 0.6254
19890723 0 2.4776 0.5312
19890724 36.81 2.5868 5.6242
19890725 21.45 3.6678 12.5185
19890726 0 3.2306 5.4891
19890727 20.9 1.7207 4.0418
19890728 3 2.0787 5.4782
19890729 0 3.8969 2.4384
19890730 0 2.4729 1.7077
19890731 39.1 1.244 13.8659
19890801 24.7 0.892 27.8546
19890802 6.8 1.2213 14.9025
19890803 0 3.6234 5.5157
19890804 0 3.7831 2.7575
19890805 0.8 3.6454 2.406
19890806 0.5 2.5968 2.7221
19890807 12.9 2.8154 1.7077
19890808 26.6 0.3873 11.0532
19890809 0.2 2.6294 4.281
19890810 0 2.9386 2.3386
19890811 10.7 2.7675 2.8127
19890812 1 3.4087 1.7723
19890813 0 3.1223 1.4161
19890814 7.7 2.2144 1.3397
19890815 0.1 4.0231 1.1752
19890816 2.7 4.1483 0.954
19890817 10.8 1.8024 1.2706
19890818 1.5 1.7669 1.3721
19890819 0 3.35 0.9352
19890820 0 3.929 0.7352
19890821 0 3.3504 0.6254
19890822 0.7 3.1708 0.568
19890823 0 1.7326 0.547
19890824 0 2.4848 0.5087
19890825 0 3.3494 0.4718
19890826 1.4 1.3466 0.442
19890827 27.3 0.3835 1.9088
19890828 13.6 1.3218 4.5762
19890829 0 1.3182 1.8455
19890830 0 2.8522 1.1002
19890831 0 3.0636 0.8497
19890901 0 2.0105 0.7224
19890902 37.2 0.0545 10.7843
19890903 5.5 0.6829 4.6665
19890904 7.9 0.1454 5.0789
19890905 0 1.8777 3.3977
19890906 0 1.3893 2.169
19890907 0 2.2441 1.6641
19890908 0 2.1363 1.3912
19890909 0 1.9003 1.1819
19890910 0 2.1738 0.9895
19890911 4.9 2.315 0.8911
19890912 5.1 1.2298 1.1507
19890913 9.7 1.1191 1.3911
19890914 4.4 0.7503 1.7709
19890915 2 0.655 1.2659
19890916 0 2.6732 1.0741
19890917 0 2.6479 0.8462
19890918 0 2.6771 0.7138
19890919 0 2.1561 0.6428
19890920 0 1.9539 0.6051
19890921 0 2.5486 0.5694
19890922 0 2.0986 0.5289
19890923 0 0.875 0.5043
19890924 0 0.4013 0.4746
19890925 11.4 0.8093 0.6934
19890926 1 0.7469 0.7239
19890927 3.2 0.3546 0.6613
19890928 2 0.2183 0.6009
19890929 3.9 0.0308 0.8202
19890930 0 1.3021 0.6106
19891001 0 1.795 0.4872
19891002 0 0.6801 0.4423
19891003 0 0.7573 0.4023
19891004 0 1.6282 0.3525
19891005 0 1.8465 0.3264
19891006 6 0.8341 0.4066
19891007 38.4 0.4149 9.4761
19891008 38.5 0.06 19.21
19891009 1.8 0.737 6.989
19891010 11.6 0.1443 6.3978
19891011 0 0.9744 4.4922
19891012 0.1 0.7817 2.7327
19891013 0 1.5859 1.9969
19891014 8.9 0.7276 1.9685
19891015 2.2 0.8597 2.5114
19891016 0 1.3961 1.6312
19891017 0 1.4713 1.3669
19891018 0 1.4655 1.2112
19891019 0 1.3635 1.0815
19891020 0.4 0.6424 1.003
19891021 0 1.0628 0.9008
19891022 0 1.493 0.8011
19891023 0 1.4665 0.726
19891024 0 1.3714 0.6814
19891025 0 1.3083 0.6385
19891026 0 1.2126 0.5948
19891027 0 1.2625 0.5769
19891028 0 1.2216 0.5175
19891029 38 0.1044 7.7285
19891030 10 0.2521 4.6125
19891031 0 0.9353 2.9121
19891101 0 0.9372 1.8193
19891102 0 0.7625 1.4232
19891103 2.9 0.5232 1.2278
19891104 15.1 0.1073 4.7495
19891105 12.1 0.5943 5.027
19891106 7.1 0.0697 4.9322
19891107 1.4 0.4276 4.6618
19891108 0.1 0.547 2.9588
19891109 9.5 0.262 4.6793
19891110 0 0.7181 2.8717
19891111 0 0.717 2.1585
19891112 0 0.3221 1.7246
19891113 0 0.1983 1.4817
19891114 0 0.1654 1.3055
19891115 0 0.3609 1.1737
19891116 0 0.1418 1.0688
19891117 0 0.0615 0.978
19891118 0 0.4455 0.9094
19891119 0 0.6117 0.8475
19891120 0 0.5397 0.7683
19891121 0 0.5117 0.7105
19891122 6.3 0.3294 0.7179
19891123 0 0.246 0.7123
19891124 0 0.3758 0.638
19891125 0.9 0.0669 0.6064
19891126 0 0.3067 0.6887
19891127 0 0.5485 0.9014
19891128 0 0.3717 0.8445
19891129 0 0.2012 0.5371
19891130 0 0.3662 0.4968
19891201 0 0.0969 0.4861
19891202 0 0.1221 0.4264
19891203 0 0.0796 0.4342
19891204 0 0.2401 0.5004
19891205 0 0.0816 0.6854
19891206 0 0.0133 0.5816
19891207 0 0.2295 0.3797
19891208 0 0.0117 0.33
19891209 0 0.0583 0.3225
19891210 0 0.0479 0.3091
19891211 0 0.101 0.2963
19891212 3.4 0.2195 0.3806
19891213 10 0.0551 3.2088
19891214 0.1 0.2526 1.2832
19891215 25.4 0 8.837
19891216 1.4 0.3665 4.4377
19891217 10.4 0.2003 5.1701
19891218 0 0.3629 2.5212
19891219 24.6 0.0389 11.741
19891220 0 0.3817 4.2891
19891221 1.9 0.1212 2.6525
19891222 6.4 0.287 2.3441
19891223 0.8 0.3115 3.5372
19891224 8.8 0.2357 5.0464
19891225 0 0.3323 2.7144
19891226 0 0.3057 1.9681
19891227 0 0.2933 1.5524
19891228 0 0.2865 1.272
19891229 0 0.261 1.11
19891230 0 0.2587 1.0363
19891231 0 0.2762 1.25
19900101 0 0.2941 1.1807
19900102 0 0.3117 1.4255
19900103 0 0.1172 1.5087
19900104 0 0.0896 1.0548
19900105 0 0.3036 0.5994
19900106 2.5 0.0475 0.6322
19900107 0 0.2589 0.616
19900108 0 0.3197 0.5898
19900109 0 0.3366 0.5949
19900110 0 0.3376 0.612
19900111 0 0.3526 0.607
19900112 0 0.3798 0.564
19900113 0 0.4103 0.5684
19900114 0 0.4073 0.5383
19900115 0 0.4368 0.5149
19900116 0.1 0.1254 0.4933
19900117 0 0.5012 0.4858
19900118 4.2 0.0333 0.529
19900119 0 0.2064 0.4544
19900120 2.6 0.1441 0.4334
19900121 0 0.5423 0.8339
19900122 0 0.5799 0.5011
19900123 0 0.5914 0.4551
19900124 10.7 0.0772 1.5417
19900125 8.4 0.2162 6.0919
19900126 9.7 0.0515 4.5028
19900127 0 0.5122 2.0393
19900128 0.6 0.3767 1.3916
19900129 0.2 0.1217 1.2017
19900130 0 0.3984 1.0006
19900131 0 0.6646 0.821
19900201 0 0.6709 0.6953
19900202 10.4 0.0352 2.2299
19900203 1.6 0.7817 1.8282
19900204 0 0.8154 1.5097
19900205 0 0.8718 1.1101
19900206 0 0.8678 0.9443
19900207 0 0.8756 0.8591
19900208 0 0.2003 0.8002
19900209 0.4 0.7953 0.7866
19900210 1.2 0.4288 0.7266
19900211 14.9 0.2499 1.5828
19900212 3.8 0.112 1.2489
19900213 19.9 0.2044 1.4584
19900214 73.3 0.0383 65.0002
19900215 38.7 0.019 40.5564
19900216 3.5 0.0743 10.5374
19900217 2.4 0.4306 7.1597
19900218 0 1.2376 4.9838
19900219 0 1.115 3.3977
19900220 0.1 1.3267 2.615
19900221 0 1.3372 2.0507
19900222 0 1.2242 1.6941
19900223 0 1.4881 1.4619
19900224 0 1.5318 1.2962
19900225 0.2 1.5277 1.2342
19900226 25.7 0.216 2.4712
19900227 27.6 0.1172 14.1394
19900228 16.2 0.2315 17.9302
19900301 8.7 0.3348 14.9914
19900302 2 0.3058 6.4122
19900303 0 0.8418 4.5783
19900304 0 1.2704 4.1789
19900305 0 1.4143 3.3038
19900306 0 1.5019 2.543
19900307 0 1.5883 2.1477
19900308 0 1.3032 1.7258
19900309 0.4 1.185 1.499
19900310 0 0.5644 1.2986
19900311 0 1.9887 1.1917
19900312 0 1.5051 1.0654
19900313 0 1.8093 0.9669
19900314 17.3 0.1499 2.3293
19900315 0 0.2716 1.602
19900316 0 1.6854 1.1922
19900317 0 1.473 1.0398
19900318 0 2.0146 0.9434
19900319 0 2.1169 0.8371
19900320 2.2 0.7672 0.8132
19900321 0 1.8287 0.7335
19900322 1.9 2.3083 0.6484
19900323 20.6 0.5954 3.6884
19900324 0 2.2317 1.5329
19900325 9.2 0.5868 1.6796
19900326 2.4 0.2861 1.6533
19900327 26.7 0.027 1.7199
19900328 8.1 0.5096 2.6964
19900329 1.1 0.537 3.9082
19900330 0.1 0.8181 10.1743
19900331 0 1.6992 8.3811
19900401 0 2.5989 4.3362
19900402 0 2.628 2.909
19900403 12.1 1.1779 2.754
19900404 0 1.1681 2.9831
19900405 0.2 1.0302 2.0377
19900406 0 0.1893 1.7319
19900407 8.8 0.1386 1.9758
19900408 2.1 0.0557 2.6549
19900409 0.5 0.1156 2.2014
19900410 0.6 1.2335 1.8165
19900411 8.4 0.1773 2.5005
19900412 4.5 0.9219 3.4729
19900413 0 1.4168 2.7462
19900414 1.2 0.3099 2.1413
19900415 17.9 0.4004 5.8212
19900416 6.4 1.2874 6.4316
19900417 2.5 1.4445 4.2397
19900418 5.3 0.5262 3.8167
19900419 0 0.5497 3.2834
19900420 0 1.1489 2.5457
19900421 0 1.3157 2.0118
19900422 4.8 1.1879 1.7665
19900423 4.4 0.6775 1.6355
19900424 3 1.3874 1.8717
19900425 0.2 1.0023 1.4826
19900426 5.8 0.9516 1.5297
19900427 0.5 0.7134 1.4202
19900428 1.2 1.1196 1.3646
19900429 0 1.9011 1.1755
19900430 0 1.7273 1.0282
19900501 0 3.6845 0.9212
19900502 0 3.7675 0.82
19900503 0 3.6344 0.744
19900504 0 3.7452 0.6836
19900505 0 3.5133 0.6315
19900506 5 2.7217 0.6209
19900507 0.2 2.2662 0.6521
19900508 3.2 1.7661 0.6001
19900509 1.6 2.6365 0.5461
19900510 30 2.5011 1.7187
19900511 13.7 0.4507 3.3689
19900512 0.2 2.7938 3.3544
19900513 3.2 1.9762 1.4505
19900514 5.4 2.0214 1.6769
19900515 1.9 2.2725 1.2288
19900516 0 3.9132 0.9943
19900517 0 3.7701 0.8219
19900518 0.2 1.5116 0.7362
19900519 0 2.8557 0.6545
19900520 0 3.7115 0.5979
19900521 3.9 1.442 0.6432
19900522 0 3.1818 0.5331
19900523 0.2 2.7452 0.4821
19900524 8.3 1.5612 0.4601
19900525 43.8 0.6523 13.4471
19900526 0 1.4129 3.8021
19900527 0 3.3412 1.9931
19900528 0.3 2.9967 1.426
19900529 0 3.5944 1.1626
19900530 0 3.9385 1.0003
19900531 0 4.1851 0.8622
19900601 0 4.3055 0.7634
19900602 14.9 0.4951 1.4988
19900603 1.6 2.3482 1.0624
19900604 20.2 0.8933 5.2033
19900605 5.1 1.5041 2.9236
19900606 4.7 0.6877 4.529
19900607 4.6 1.0464 2.4081
19900608 19.2 0.9501 11.5505
19900609 5.9 1.3204 6.1714
19900610 9.6 1.3295 8.4013
19900611 0.3 3.0544 4.7959
19900612 11.2 0.1561 4.25
19900613 7.4 0.7741 8.7701
19900614 6.8 2.5075 5.9404
19900615 0.2 2.3138 5.1226
19900616 0 3.1763 2.951
19900617 0 3.9989 2.1947
19900618 2.6 2.0859 1.7861
19900619 0 4.6041 1.4638
19900620 18.5 1.8065 2.3533
19900621 1.1 3.2941 2.7001
19900622 4.7 0.4596 1.7264
19900623 1.6 0.2838 1.5307
19900624 0 2.8248 1.2904
19900625 0 4.6803 1.0524
19900626 0 4.6047 0.8963
19900627 9.5 3.5128 0.9966
19900628 4.7 2.7748 1.5519
19900629 17.2 4.2767 2.8738
19900630 12 4.3833 3.5348
19900701 8.5 2.0707 8.1511
19900702 0 2.9311 2.6834
19900703 17.4 0.6231 4.1213
19900704 1.3 2.4287 4.5512
19900705 21.3 0.674 7.6079
19900706 4 1.9934 8.1469
19900707 7.5 1.9938 3.9726
19900708 5 1.3887 5.0453
19900709 3.8 3.1585 3.0598
19900710 1.5 1.2851 2.6066
19900711 0 3.5879 1.8641
19900712 0 4.3057 1.4758
19900713 0 4.5553 1.2283
19900714 0 4.0783 1.0745
19900715 0 4.5423 0.9573
19900716 0 3.6073 0.8159
19900717 0.1 2.3492 0.7236
19900718 0 4.1298 0.6538
19900719 0 4.1967 0.5772
19900720 0 4.434 0.5032
19900721 0 4.6672 0.4674
19900722 0 4.619 0.4503
19900723 0 3.779 0.4129
19900724 0 4.006 0.3727
19900725 0 4.2382 0.3298
19900726 0 4.2952 0.3015
19900727 0 4.0855 0.2672
19900728 0 4.4878 0.2576
19900729 0.8 3.0977 0.2504
19900730 4.8 1.7983 0.2903
19900731 2.5 1.725 0.3704
19900801 0 2.541 0.2594
19900802 0 4.1497 0.2232
19900803 0 4.1609 0.1955
19900804 0 4.3385 0.1906
19900805 0 4.298 0.1801
19900806 16.8 0.5272 0.9084
19900807 0 1.4288 0.3653
19900808 0 3.6926 0.257
19900809 0 3.8344 0.2074
19900810 0 3.8817 0.1833
19900811 0 3.8289 0.1551
19900812 0 4.1568 0.1343
19900813 0 3.5681 0.1216
19900814 2.3 1.4839 0.1415
19900815 3.3 2.3794 0.1876
19900816 5.8 3.3681 0.135
19900817 5.1 1.9373 0.3599
19900818 0 3.467 0.1627
19900819 0 3.5941 0.1352
19900820 0 3.2846 0.1162
19900821 0 0.9876 0.11
19900822 0 2.4781 0.1055
19900823 0 3.4891 0.1175
19900824 0 3.653 0.1165
19900825 23.5 2.7126 0.6781
19900826 3.6 0.8823 0.739
19900827 0 2.2009 0.2664
19900828 11.6 2.5395 0.5926
19900829 0 3.0377 0.6128
19900830 1.8 3.024 0.2792
19900831 12.8 0.4467 0.6587
19900901 0 1.1819 0.3538
19900902 0 2.9773 0.2481
19900903 3.2 0.2896 0.2598
19900904 5 1.9148 0.271
19900905 1.2 1.0992 0.3995
19900906 0 2.7592 0.2705
19900907 14.4 0.189 1.0527
19900908 1.2 1.3626 0.6509
19900909 0 2.507 0.3438
19900910 0.4 1.9911 0.2591
19900911 1.9 1.4818 0.2884
19900912 0 1.9668 0.2316
19900913 0 2.1189 0.2045
19900914 0 2.1695 0.187
19900915 0.8 1.1845 0.1973
19900916 0 1.2151 0.1896
19900917 0 1.9849 0.1677
19900918 0.8 1.3165 0.1637
19900919 0 2.4482 0.1421
19900920 0 1.2211 0.1289
19900921 2.1 0.633 0.1402
19900922 5 0.8511 0.154
19900923 52.9 0.7239 8.498
19900924 13.1 1.5688 8.9067
19900925 0 1.2636 1.8375
19900926 0 1.6225 NA
19900927 0 1.3477 NA
19900928 0 1.9975 NA
19900929 0 1.9586 0.4459
19900930 6 0.4864 0.3855
19901001 15.6 0.8412 1.6254
19901002 3.4 0.7249 2.806
19901003 0 1.6052 1.0841
19901004 18.5 0.3159 4.9354
19901005 0 1.3754 2.9037
19901006 0 1.9898 1.4332
19901007 0 0.9193 1.0133
19901008 7.6 0.6258 1.3902
19901009 0 1.2156 0.9868
19901010 0 1.4032 0.7797
19901011 0 1.5015 0.6581
19901012 0 1.7872 0.5833
19901013 0 1.7517 0.5061
19901014 0 1.8195 0.4513
19901015 0 1.6112 0.4178
19901016 0.5 0.3032 0.3913
19901017 1.5 1.1919 0.419
19901018 1.7 0.9521 0.4048
19901019 0 0.35 0.3666
19901020 0.6 0.2415 0.3661
19901021 0.1 0.2424 0.3565
19901022 0 0.428 0.3411
19901023 0 0.607 0.3226
19901024 0 1.2388 0.2887
19901025 0 0.6836 0.2712
19901026 1 0.2104 0.2679
19901027 2.2 0.2075 0.3262
19901028 0.3 0.8429 0.2926
19901029 39.7 0.1764 7.1399
19901030 12.4 0.4908 12.2166
19901031 39 0.011 19.0726
19901101 2 0.2744 10.3163
19901102 5.7 0.5414 9.8886
19901103 7.6 0.1552 7.3904
19901104 2.6 0.1783 5.8033
19901105 4.2 0.3129 8.3087
19901106 6.7 0.2928 5.1912
19901107 0 0.4437 3.5868
19901108 0 0.127 2.6586
19901109 0 0.4453 2.0448
19901110 0.7 0.266 1.8197
19901111 6.6 0.147 8.6169
19901112 0.7 0.2672 12.1398
19901113 0.2 0.4538 4.762
19901114 6.7 0.067 5.7859
19901115 3.9 0.1025 12.1433
19901116 0 0.6506 7.346
19901117 0 0.4652 4.1424
19901118 1.6 0.2806 2.994
19901119 4.6 0.3406 2.4734
19901120 4.2 0.6335 2.5173
19901121 23.1 2e-04 13.234
19901122 9.7 0.0147 7.8257
19901123 8.9 0 5.5469
19901124 0 0.2481 4.324
19901125 3.5 0.2702 4.237
19901126 0.2 0.3691 6.0302
19901127 4.3 0.003 3.9371
19901128 1.3 0 3.1508
19901129 1.3 0 3.1328
19901130 3.1 0 3.0379
19901201 0.1 1e-04 2.5022
19901202 0 0.0457 2.0496
19901203 0 0 1.7875
19901204 0 0.1034 1.591
19901205 2.6 0.1567 1.4998
19901206 0 0.238 1.3749
19901207 0 0.2001 1.2995
19901208 0 0.3284 1.2945
19901209 0 0.1608 1.224
19901210 2.6 0.0342 1.1607
19901211 0 0.1787 1.0601
19901212 3.8 0.0352 1.0384
19901213 5.2 0.11 1.0166
19901214 0 0.0016 1.0004
19901215 2.1 0 1.0619
19901216 0 0 1.0198
19901217 0 0 1.0241
19901218 0 0.1794 1.0561
19901219 0.5 0.1947 1.0693
19901220 0 0.2535 1.0342
19901221 3.9 0.0688 1.0377
19901222 0.1 0.2096 1.4942
19901223 0 0.0664 3.0702
19901224 0 0.2527 2.5419
19901225 0 0.2589 1.9917
19901226 4.3 0.262 1.6645
19901227 8.1 0.0597 6.0227
19901228 0 0.2997 4.0837
19901229 2.7 0.2151 8.1036
19901230 1.2 0.1907 12.9733
19901231 22.6 0.1007 13.972
19910101 7 0.0127 18.0897
19910102 13 0.0655 11.8903
19910103 2.9 0.3299 12.6552
19910104 14.1 0.2202 9.2012
19910105 0.7 0.3325 8.9829
19910106 6.1 0.1178 7.5298
19910107 16.6 0.031 13.8466
19910108 0 0.3422 8.262
19910109 0 0.1494 5.0211
19910110 0 0.4609 3.5619
19910111 14.5 0.0144 4.7252
19910112 5.3 0.0045 7.0962
19910113 15.9 0 5.0314
19910114 0.1 0 4.0129
19910115 0 0.0616 3.3352
19910116 0 0.1298 2.8432
19910117 0 0.3133 2.4351
19910118 0 0.2632 2.1112
19910119 0.4 0.283 1.7461
19910120 0.7 0.0197 1.5426
19910121 0.7 0.1861 1.4335
19910122 0.3 0.0624 1.3681
19910123 0 0.075 1.2777
19910124 0 0.0657 1.1905
19910125 0 0.3603 1.1171
19910126 0 0.4004 1.1226
19910127 0 0.0275 1.1132
19910128 0 0.0488 1.128
19910129 0 0.3824 1.1378
19910130 0 0.1943 1.1697
19910131 0 0.246 1.1939
19910201 0 0.3119 1.2048
19910202 0 0.4441 1.2117
19910203 0 0.5289 1.1958
19910204 0 0.2229 1.1783
19910205 0.5 0.1086 1.1808
19910206 0.4 0.0365 1.1808
19910207 0 0.0774 1.2151
19910208 0 0.1254 1.102
19910209 0.4 0.2071 0.7786
19910210 4.9 0.3187 0.5532
19910211 0 0.3064 0.4756
19910212 1.6 0.2557 0.4581
19910213 0 0.427 0.4531
19910214 0.1 0.5827 0.4311
19910215 0.6 0.5241 0.4422
19910216 3.6 0.146 0.4799
19910217 0 0.6869 0.4586
19910218 0 0.7572 0.4595
19910219 0 0.9755 0.4793
19910220 0 0.9955 0.6933
19910221 0 1.011 1.0041
19910222 2.6 0.6434 1.3276
19910223 0 0.4803 1.4826
19910224 0 1.2395 2.5189
19910225 0 1.3607 4.1039
19910226 0 1.2964 4.1147
19910227 0 1.3207 3.6837
19910228 1.2 0.351 3.4378
19910301 0 0.2023 3.0367
19910302 0 0.8311 3.221
19910303 6 0.468 5.5034
19910304 0 0.3693 3.6033
19910305 0 0.8577 2.8843
19910306 0 1.1053 2.4194
19910307 0 0.7848 2.019
19910308 0 1.111 1.6147
19910309 8.8 0.0104 1.5844
19910310 0.5 0.9241 2.1093
19910311 0.1 0.4245 1.4178
19910312 0 1.4765 1.1371
19910313 0 0.8499 0.9401
19910314 0 1.8924 0.8121
19910315 0 1.0973 0.7418
19910316 0 1.9909 0.6822
19910317 0 1.092 0.6403
19910318 0 0.602 0.5788
19910319 12 0.7118 0.7207
19910320 9.7 0.6841 4.5943
19910321 0 1.6897 1.6387
19910322 12.6 0.0934 2.9841
19910323 0 0.5896 2.8123
19910324 0 0.1401 1.6587
19910325 0.7 0.002 1.3188
19910326 8.8 0.0662 1.7602
19910327 3.4 0.0414 3.3553
19910328 0 1.0038 2.1653
19910329 0.1 0.5675 1.6221
19910330 0 0.9087 1.3301
19910331 0 1.8182 1.1347
19910401 0 2.3033 1.0334
19910402 0 1.9475 0.9291
19910403 7.3 1.7249 0.9274
19910404 10.1 0.6872 1.5321
19910405 13.5 0.7663 5.3257
19910406 1.4 1.3295 5.1181
19910407 0 0.8823 2.4615
19910408 0 1.5291 1.7608
19910409 0 1.356 1.4329
19910410 0 2.7063 1.2258
19910411 0 2.7979 1.0682
19910412 0 2.7759 0.9559
19910413 0.7 2.1805 0.8828
19910414 0 2.5771 0.8283
19910415 0 2.8531 0.7222
19910416 0 3.0338 0.6642
19910417 8.5 0.6049 0.8172
19910418 4.5 0.2771 0.7602
19910419 0.5 1.1597 1.0702
19910420 0.4 0.2904 0.9264
19910421 0 1.3457 0.7629
19910422 0 2.1985 0.6609
19910423 8.5 1.0426 1.0027
19910424 0 1.7042 1.1178
19910425 0 1.9583 0.8829
19910426 0 2.5466 0.6949
19910427 5.1 1.7793 0.7139
19910428 31.7 1.3416 4.7089
19910429 1.4 1.303 6.9844
19910430 2.5 1.0614 2.7534
19910501 9.4 1.3875 2.8997
19910502 7.3 0.1157 5.0469
19910503 3.6 0.2481 4.5103
19910504 2.9 0.7259 3.8494
19910505 1.8 0.8774 3.3527
19910506 0.1 0.896 2.6818
19910507 0.1 1.3402 2.0855
19910508 0 2.5504 1.6814
19910509 0 2.5911 1.3973
19910510 8.5 1.7998 1.3134
19910511 49.6 0.0272 14.1205
19910512 8.6 0.3855 23.4631
19910513 0 1.3038 7.1223
19910514 6.4 1.9145 4.2483
19910515 4.4 0.6629 4.1548
19910516 9.3 0.4781 6.3433
19910517 9.53 0.9245 5.7743
19910518 3.7 1.5531 5.9826
19910519 0 2.2316 4.123
19910520 0 2.0806 2.9704
19910521 0 3.9876 2.2972
19910522 0 3.0585 1.8979
19910523 0 2.003 1.6208
19910524 0 2.3874 1.3768
19910525 0.1 3.3255 1.2175
19910526 6 0.796 1.3274
19910527 0 3.6348 1.0763
19910528 0 4.0843 0.9719
19910529 0 4.0215 0.8915
19910530 0 3.9474 0.8087
19910531 0 4.175 0.7387
19910601 0 3.6072 0.7032
19910602 3.8 2.9012 0.692
19910603 14.9 1.072 1.4044
19910604 0.3 1.1607 0.8643
19910605 0.5 1.908 0.7229
19910606 14.7 0.9452 1.5143
19910607 0.4 1.2865 1.3042
19910608 20.2 0.6261 5.7969
19910609 11 2.0821 3.1712
19910610 6.4 1.259 8.0307
19910611 0.3 3.1393 2.9632
19910612 0.1 4.0016 2.0452
19910613 1.5 2.6391 1.6819
19910614 0.8 2.676 1.5228
19910615 1.3 4.586 1.3405
19910616 40.6 0.2603 7.0426
19910617 35.7 0.187 30.9686
19910618 12.9 2.029 19.1481
19910619 0 3.2329 9.338
19910620 7.7 1.4529 6.6811
19910621 0 4.1319 5.7188
19910622 12.4 4.7026 4.2459
19910623 20.2 3.7007 9.617
19910624 1 3.6079 13.8477
19910625 0 4.1152 6.4472
19910626 2.7 2.8553 5.3793
19910627 8.8 1.0487 5.3582
19910628 10.9 1.6694 4.4392
19910629 6.4 2.4205 7.3032
19910630 0 4.2986 3.483
19910701 0 4.6278 2.3228
19910702 0 4.7391 1.7638
19910703 0 4.5501 1.4277
19910704 0 2.8748 1.2162
19910705 0 4.5091 1.0488
19910706 0 4.2146 0.9404
19910707 2.1 4.3029 0.8458
19910708 0 4.0674 0.7522
19910709 1.1 1.4935 0.6998
19910710 0 4.2159 0.622
19910711 0 4.7111 0.526
19910712 0.4 4.347 0.4763
19910713 2.5 3.3753 0.5144
19910714 5.6 1.6891 0.7491
19910715 0 4.4296 0.4937
19910716 0 4.4463 0.4002
19910717 8.01 1.7127 0.5122
19910718 0 3.3294 0.4215
19910719 0 1.6225 0.3364
19910720 0 3.582 0.307
19910721 0 3.7057 0.273
19910722 0 4.1103 0.2536
19910723 4.7 4.5075 0.2348
19910724 26.8 1.5326 1.2002
19910725 5.6 1.1033 0.7502
19910726 38.4 0.6989 7.1332
19910727 1.9 1.5384 2.9248
19910728 0 3.6203 1.3671
19910729 0 4.1622 0.8751
19910730 0 4.0334 0.6669
19910731 9.6 1.3932 0.809
19910801 0.4 1.257 0.6952
19910802 0.9 0.9939 0.5788
19910803 0 3.6495 0.4878
19910804 0 3.4089 0.4317
19910805 0 4.0533 0.3844
19910806 0 4.2887 0.3452
19910807 0 4.2997 0.3135
19910808 6 1.4819 0.3738
19910809 0.1 0.945 0.3499
19910810 0 3.0738 0.31
19910811 0 4.0757 0.2755
19910812 0.2 2.4756 0.2598
19910813 0 3.6822 0.238
19910814 0 3.45 0.2155
19910815 0 3.7154 0.1935
19910816 0 2.5745 0.1772
19910817 0 3.6005 0.1689
19910818 0 0.9856 0.1634
19910819 0 3.389 0.157
19910820 0 3.4644 0.1411
19910821 0 3.7316 0.1302
19910822 0 3.7502 0.1213
19910823 4.1 1.9595 0.1758
19910824 0.3 1.6941 0.1411
19910825 1.8 1.5469 0.1546
19910826 0.1 2.5995 0.1507
19910827 0 3.3731 0.1235
19910828 0 3.1766 0.1137
19910829 0 2.8993 0.1026
19910830 0 3.2084 0.0958
19910831 0 3.2983 0.0924
19910901 0 3.2347 0.0949
19910902 0 2.435 0.0804
19910903 0 3.0154 0.0771
19910904 0 3.2115 0.0675
19910905 0 2.7083 0.0589
19910906 0 2.5483 0.0554
19910907 0 2.1528 0.0606
19910908 0 2.8022 0.0599
19910909 0 3.0053 0.0551
19910910 0 2.8353 0.0494
19910911 24 1.1942 0.4501
19910912 24.6 1.0842 1.4645
19910913 1.3 0.0665 0.2052
19910914 0 0.5669 0.1496
19910915 0 1.443 0.1519
19910916 0 2.6036 0.0965
19910917 0.3 1.4837 0.0891
19910918 0 2.3386 0.0823
19910919 0 2.2163 0.0732
19910920 1 0.8084 0.0785
19910921 0 1.331 0.08
19910922 9.4 1.852 0.0874
19910923 13.7 0.4603 0.6947
19910924 0 2.263 0.1494
19910925 0 2.1662 0.1069
19910926 25.5 0.4503 0.7164
19910927 23.9 0.2761 4.9931
19910928 0.1 0.8507 0.9509
19910929 0 0.7283 0.4754
19910930 11.7 0.0211 1.0966
19911001 1.1 1.3552 0.8627
19911002 0.3 1.0332 0.506
19911003 0 1.7093 0.3596
19911004 0 1.7853 0.2986
19911005 0 2.0118 0.2599
19911006 8.2 0.2222 0.4063
19911007 0.1 0.3963 0.3616
19911008 0.2 0.4563 0.3069
19911009 0 1.8671 0.2509
19911010 0 1.6814 0.2313
19911011 0 0.411 0.246
19911012 4 0.2167 0.3098
19911013 0 0.5093 0.2698
19911014 0 1.0261 0.235
19911015 0 1.1483 0.2149
19911016 0 1.5154 0.1934
19911017 16.9 0.2729 0.6184
19911018 9.6 0.2102 4.1103
19911019 5.4 0.2345 1.763
19911020 2.8 0.63 1.504
19911021 0.5 0.4322 1.1615
19911022 0 0.897 0.8592
19911023 0 1.0485 0.6689
19911024 0 1.0524 0.5708
19911025 0 1.0074 0.5149
19911026 0 0.7043 0.4637
19911027 0 0.2828 0.4346
19911028 0 0.5456 0.4025
19911029 0 0.0816 0.3779
19911030 0 0.503 0.359
19911031 0.1 0.4941 0.3439
19911101 0 0.9274 0.3297
19911102 3.2 0.2296 0.3719
19911103 1.9 1.0912 0.4169
19911104 40.1 0.1909 10.873
19911105 5.3 0.432 5.3632
19911106 10.2 0.1239 3.8557
19911107 0.4 0.0704 3.138
19911108 0 0.4517 2.4406
19911109 19 0.0159 7.397
19911110 0.8 0.4843 4.8114
19911111 0 0.5629 2.7323
19911112 1.6 0.4599 2.0559
19911113 7.2 0.2901 1.6765
19911114 7.9 0.197 6.1402
19911115 0.8 0.1696 2.9732
19911116 17.8 0 2.7639
19911117 5.2 0.0521 3.4772
19911118 5.2 0.347 3.8495
19911119 10.5 0.5793 16.2137
19911120 4.8 0 6.6011
19911121 1.1 0 4.8104
19911122 0.1 0 3.3694
19911123 0 0.0075 2.6445
19911124 0 0 2.2158
19911125 0 0.4341 1.8105
19911126 0 0.5116 1.5434
19911127 0 0.5339 1.3505
19911128 0 0.5162 1.2319
19911129 0 0.3928 1.123
19911130 0 0.1143 1.0452
19911201 0 0.0363 0.9721
19911202 0 0.0614 0.869
19911203 0 0.2647 0.7898
19911204 0 0.0179 0.7318
19911205 0.6 0.1608 0.681
19911206 0 0.0566 0.6445
19911207 0 0.321 0.6062
19911208 0 1e-04 0.5872
19911209 0 0.0023 0.5301
19911210 0 0.0195 0.5001
19911211 0 0.2498 0.5471
19911212 0 0.2726 0.5856
19911213 0 0.2578 0.5684
19911214 0 0.2894 0.5232
19911215 0 0.3071 0.3809
19911216 0 0.3335 0.315
19911217 11.9 0 2.1677
19911218 10 0.1731 5.0275
19911219 10.6 0.01 7.5949
19911220 15.7 0.0739 9.676
19911221 17.8 0.0879 6.6188
19911222 16.7 0 30.9815
19911223 0 0.1377 12.7382
19911224 2.2 0.1005 6.41
19911225 1 0.0707 3.9048
19911226 0 0.0252 2.8495
19911227 2.1 0.0037 2.3124
19911228 0 0.3056 1.8506
19911229 0 0.3036 1.5584
19911230 0 0.3248 1.3689
19911231 0 0.0789 1.2515
19920101 0 0.3178 1.1346
19920102 0 0.4023 1.0053
19920103 0 0.395 0.9273
19920104 0 0.3128 0.8807
19920105 0 0.1625 0.9414
19920106 0 0.4036 0.8623
19920107 0 0.403 0.775
19920108 0 0.4211 0.6974
19920109 0.2 0.1291 0.7322
19920110 1.5 0.0265 0.7813
19920111 0 0.1315 0.7356
19920112 0 0.1994 0.6648
19920113 0 0.0478 0.5998
19920114 0 0.1917 0.5669
19920115 0 0.3932 0.525
19920116 0 0.0486 0.5117
19920117 0 0.197 0.4836
19920118 0 0.3899 0.4802
19920119 4.3 0.2376 0.448
19920120 2.9 0.066 0.4562
19920121 0 0.065 0.4151
19920122 0 0.3523 0.394
19920123 0 0.4448 0.3937
19920124 0 0.4949 0.4036
19920125 0 0.5124 0.3835
19920126 0 0.1889 0.3457
19920127 0 0.0018 0.2781
19920128 0 0.0584 0.264
19920129 0 0.4677 0.2653
19920130 0 0.6418 0.2883
19920131 0 0.5687 0.3089
19920201 0 0.7268 0.3189
19920202 0 0.7366 0.279
19920203 9.9 0.1531 0.3422
19920204 11.5 0.0532 0.9184
19920205 21.8 0.091 13.7001
19920206 2.5 0.4155 12.3961
19920207 0 0.6298 4.7754
19920208 0 0.749 2.866
19920209 0 0.8866 2.2891
19920210 9.56 0.292 3.1709
19920211 3.1 0.1879 3.033
19920212 2 0.474 5.9234
19920213 11.53 0.1556 4.5531
19920214 2.8 0.4015 4.453
19920215 17.47 0.2363 5.2679
19920216 13.93 0.3188 16.5346
19920217 9.5 0.3107 6.0283
19920218 1.65 0.5475 3.7536
19920219 0 0.6283 2.7466
19920220 0 0.6073 2.1905
19920221 0 0.7847 1.8039
19920222 0 0.9327 1.5882
19920223 0 0.9033 1.5502
19920224 0 1.1663 1.8615
19920225 0 0.7 1.9263
19920226 0 0.8904 1.9484
19920227 0 1.1837 1.9224
19920228 0 1.2397 1.7573
19920229 0 1.3223 1.6323
19920301 0 1.3993 1.4691
19920302 4.93 0.7801 1.7171
19920303 0.05 1.0334 1.6741
19920304 0 1.6012 1.3902
19920305 0 0.7253 1.223
19920306 0.01 0.1978 1.1293
19920307 0 1.376 1.039
19920308 2.09 1.2624 0.944
19920309 0 1.5254 0.8963
19920310 0 1.5297 0.8303
19920311 2.64 0.8835 0.8567
19920312 0.48 1.132 0.7482
19920313 6.82 0.3196 0.8567
19920314 25.15 0.0798 6.8002
19920315 45.61 0.0394 32.4092
19920316 2.03 0.438 12.9139
19920317 0 0.949 5.5124
19920318 0 1.8288 3.5005
19920319 3.81 1.5537 2.6158
19920320 0.72 0.5069 2.1946
19920321 2 1.5072 1.7683
19920322 16.26 0.1537 3.7388
19920323 22.29 0.1359 9.7214
19920324 6.59 0.404 7.9617
19920325 1.78 0.8312 5.2117
19920326 0 1.3062 5.3121
19920327 0 1.2923 4.1759
19920328 6 0.4025 3.2425
19920329 1 1.1392 3.3538
19920330 0 2.2197 4.7661
19920331 6.7 1.8559 3.9372
19920401 5.2 1.2141 6.6782
19920402 0 1.5714 4.3753
19920403 12.7 0.2421 6.4539
19920404 0.6 0.4749 4.5204
19920405 7.3 0.0609 4.0069
19920406 0 0.6406 4.1515
19920407 0 1.3973 3.2499
19920408 0 1.2333 2.476
19920409 0 0.7164 1.9779
19920410 0 1.7083 1.6687
19920411 0 1.7714 1.4549
19920412 0 1.9444 1.2548
19920413 6.2 1.3316 1.3019
19920414 0 1.866 1.0842
19920415 8 0.4846 1.2837
19920416 4.7 1.1506 1.6202
19920417 0 0.9843 1.3734
19920418 4.4 0.3722 1.475
19920419 1.9 0.4506 1.8718
19920420 0 1.1065 1.608
19920421 0 2.1826 1.3046
19920422 0.8 1.4393 1.1418
19920423 13 0.4634 3.0788
19920424 0 2.5046 2.2557
19920425 0 2.8138 1.4937
19920426 0 2.7358 1.2009
19920427 6.6 1.8043 1.3094
19920428 16.7 0.9752 2.588
19920429 8.7 0.7735 5.5759
19920430 0 1.1902 4.3198
19920501 1.2 2.1802 2.5775
19920502 3.6 0.5277 2.109
19920503 0.1 0.3273 1.8326
19920504 0.3 0.0263 1.5831
19920505 0 0.3856 1.4173
19920506 0 2.8631 1.2404
19920507 0 3.2358 1.099
19920508 0 2.9846 0.9886
19920509 0 2.5041 0.9082
19920510 0.9 1.5694 0.8547
19920511 7.5 1.4004 1.015
19920512 0 3.6113 0.7644
19920513 0 4.215 0.6586
19920514 0 4.4006 0.6051
19920515 0 4.3939 0.5565
19920516 0 4.309 0.5229
19920517 0 2.1418 0.512
19920518 0 3.9425 0.4746
19920519 0 4.0296 0.4361
19920520 0.3 2.7681 0.412
19920521 0 3.2068 0.3825
19920522 0.2 4.0279 0.3509
19920523 0 3.2945 0.3427
19920524 5.6 2.6349 0.3804
19920525 0 2.6565 0.3485
19920526 7.8 3.2837 0.422
19920527 2.2 2.9132 0.41
19920528 0 3.7506 0.3279
19920529 8.6 2.1383 0.3496
19920530 0.8 3.9617 0.4601
19920531 12.9 1.992 0.6669
19920601 0.3 3.6643 0.4668
19920602 1.9 2.1468 0.36
19920603 15.4 0.8205 0.7019
19920604 2.5 2.1807 0.4999
19920605 1.1 1.288 0.4071
19920606 0.2 2.1352 0.3304
19920607 7.4 3.756 0.5145
19920608 3.8 1.2108 0.553
19920609 0.3 2.3887 0.3821
19920610 17.8 3.5202 0.7659
19920611 6.6 1.3088 1.9326
19920612 0.5 1.067 1.1701
19920613 2.1 0.952 0.7073
19920614 0 3.5857 0.4983
19920615 0 4.672 0.3719
19920616 0 4.354 0.3133
19920617 2.8 1.2092 0.3171
19920618 29.5 2.8568 0.2957
19920619 14.4 0.2012 8.6662
19920620 1 1.5234 3.7771
19920621 0 3.3524 1.6569
19920622 0 2.8831 1.1459
19920623 11.4 2.2163 1.1761
19920624 19.4 2.1791 1.6868
19920625 8.8 0.4163 6.045
19920626 4.9 2.4679 6.7974
19920627 0 4.3528 2.7411
19920628 0 4.5362 1.7762
19920629 0 4.3808 1.3717
19920630 0 4.4817 1.1451
19920701 6.3 1.2094 1.0654
19920702 6.8 1.5589 1.4043
19920703 0 3.7413 0.9055
19920704 5 0.3842 0.903
19920705 12.8 1.2324 2.5887
19920706 0.2 1.8954 1.5014
19920707 0.4 1.6427 1.0266
19920708 0.3 1.6273 0.8775
19920709 5 2.9458 0.7829
19920710 4.7 2.2305 0.8559
19920711 15 1.0074 3.8529
19920712 12 1.8023 3.2525
19920713 0 3.655 4.1144
19920714 0 3.7137 1.8319
19920715 0 2.5654 1.3204
19920716 0 3.2029 1.0856
19920717 0 4.2637 0.9072
19920718 0 3.2571 0.7921
19920719 0 4.5427 0.7022
19920720 0.2 4.3198 0.6229
19920721 18.5 4.0507 1.2456
19920722 25.3 0.4183 3.8106
19920723 0 2.6425 2.0692
19920724 0 4.1312 1.1447
19920725 0 1.8835 0.8916
19920726 0 3.6343 0.7263
19920727 0 4.4372 0.6201
19920728 0 3.5113 0.5619
19920729 0 3.3978 0.5139
19920730 0 4.4629 0.4656
19920731 0 3.9108 0.4316
19920801 6.4 2.7714 0.5966
19920802 0 4.1856 0.4473
19920803 7.8 4.1501 0.4343
19920804 6.4 1.4545 0.7314
19920805 0 4.0322 0.4089
19920806 0 3.773 0.3382
19920807 0.5 4.0415 0.2998
19920808 0 4.338 0.2833
19920809 0 4.3779 0.2501
19920810 11.1 0.4161 0.4613
19920811 0 3.5703 0.2974
19920812 0 3.2503 0.2377
19920813 0 2.9999 0.217
19920814 4.2 1.1789 0.2423
19920815 0.4 2.6193 0.2399
19920816 0 3.4599 0.2016
19920817 0 3.9687 0.174
19920818 0 4.1375 0.161
19920819 0 3.5128 0.1463
19920820 6.2 3.434 0.1821
19920821 6.2 3.1352 0.256
19920822 0.1 3.4089 0.2257
19920823 18 1.3665 0.5782
19920824 0 2.6743 0.294
19920825 0 3.6692 0.1911
19920826 0 2.8991 0.1567
19920827 0 3.0493 0.1384
19920828 0 3.4639 0.1341
19920829 25.3 2.1893 0.5158
19920830 2.9 2.416 1.0337
19920831 20.5 2.1918 0.6448
19920901 8.1 1.856 2.6409
19920902 0 3.0953 0.5437
19920903 1.4 0.8439 0.3537
19920904 37.9 0.4818 4.5537
19920905 1.1 1.4654 4.9202
19920906 0 2.6815 1.2582
19920907 0 2.647 0.7705
19920908 0.5 0.1744 0.5894
19920909 2.3 0.3318 0.5887
19920910 2.3 0.9594 0.5177
19920911 0 2.9617 0.4626
19920912 1 0.1912 0.4294
19920913 0 2.0857 0.3914
19920914 14.5 0.4866 1.5373
19920915 0 1.8026 0.7781
19920916 0 2.7497 0.5707
19920917 0 2.7488 0.431
19920918 0 2.2374 0.3757
19920919 0 0.4271 0.3652
19920920 0 0.6735 0.3489
19920921 0 2.2159 0.3167
19920922 0 2.1636 0.2753
19920923 0.6 0.5095 0.2727
19920924 0.1 1.087 0.2664
19920925 0 1.7432 0.2594
19920926 0 2.3595 0.2456
19920927 0 2.134 0.2252
19920928 0 0.2556 0.2212
19920929 14.1 0.3782 0.6256
19920930 0 1.3224 0.3346
19921001 0.4 0.9838 0.2901
19921002 3.1 0.3754 0.2974
19921003 0 1.0138 0.3028
19921004 0 0.0062 0.2636
19921005 0 0.1079 0.2507
19921006 3.2 0.8323 0.2545
19921007 6.6 0.2351 0.5686
19921008 0 0.3055 0.3675
19921009 0.3 1.2817 0.3069
19921010 8.1 0.001 0.6247
19921011 0.5 0.0408 0.7074
19921012 0 0.4317 0.5229
19921013 0 0.2429 0.4042
19921014 0 1.52 0.3396
19921015 0 0.3696 0.3073
19921016 1.6 0.0649 0.2955
19921017 17.3 0.0223 1.9819
19921018 0.7 0.6705 1.8984
19921019 0 0.7974 1.0065
19921020 2.3 0.1689 0.734
19921021 9.9 0.0244 1.9416
19921022 9 0.9741 5.7728
19921023 15.5 0.2957 4.1916
19921024 17.5 0.2154 14.676
19921025 37.1 0.216 19.959
19921026 9.2 0.0904 17.0761
19921027 2.8 0.2155 7.2515
19921028 38.1 0.137 15.8462
19921029 18.2 1.023 25.2068
19921030 0.3 0.6127 7.3378
19921031 3.2 0.0829 4.7402
19921101 0 0.0514 3.4021
19921102 0 0.7403 2.625
19921103 23 0.0265 9.1326
19921104 9.9 0.1513 10.0843
19921105 0 0.3863 6.7907
19921106 0 0.8624 4.1571
19921107 0 0.969 3.0398
19921108 0 0.7286 2.2623
19921109 0 0.6375 1.8476
19921110 24.5 0.006 7.4281
19921111 19 0.0703 11.6077
19921112 8.3 0.0695 10.3985
19921113 10.7 0.0666 10.6425
19921114 0.5 0.3789 6.4744
19921115 8.8 0.0924 10.0307
19921116 4.7 0.1162 8.9202
19921117 6.7 0.0938 6.831
19921118 2.1 0.4928 4.6897
19921119 14.8 0.0066 13.9839
19921120 0.1 0.1079 7.0019
19921121 39.1 0.026 15.4614
19921122 26.3 0.0164 29.9411
19921123 0 0.6515 13.8252
19921124 0 0.6458 6.8558
19921125 0.8 0.1143 4.5551
19921126 37.3 0 16.6638
19921127 0 0.481 10.1833
19921128 10 0.149 6.0808
19921129 20.1 0.0508 17.5883
19921130 0 0.5093 8.4946
19921201 0 0.2759 5.1794
19921202 0.6 0.4458 3.8078
19921203 17.5 0.0581 8.5497
19921204 9.5 0.0137 6.5852
19921205 13.4 0.017 12.151
19921206 0.1 0.242 6.5195
19921207 13.9 0.0265 9.7381
19921208 19.4 0 10.879
19921209 1.1 0 6.7639
19921210 0 0 4.9555
19921211 0 0 3.8819
19921212 14.9 6e-04 8.7628
19921213 0 0.1399 7.2409
19921214 0 0.3262 4.4697
19921215 0 0.3648 3.5024
19921216 0 0.3369 2.9453
19921217 0 0.3537 2.5023
19921218 0 0.3207 2.1234
19921219 0 0.2688 1.8707
19921220 0 0.2451 1.7482
19921221 0 0.2104 1.8549
19921222 0 0.3849 1.7493
19921223 0 0.2585 1.5
19921224 0 0.1484 1.3405
19921225 0 0 1.2456
19921226 0 0.0075 1.1399
19921227 0 0.0101 1.0336
19921228 0 0.2497 0.991
19921229 0 0.0199 0.9644
19921230 0 0.1871 1.0121
19921231 0 0.0494 1.0125
19930101 0 0.0041 0.9019
19930102 0 0.1838 0.9464
19930103 0 0.0577 1.0666
19930104 0 0.2366 0.9709
19930105 0 0.3404 0.8693
19930106 0 0.2808 0.8474
19930107 1 0.0108 0.8813
19930108 3.1 0 1.1662
19930109 0 0.3677 1.1484
19930110 0 0.4998 0.9342
19930111 5.1 0.2082 1.4464
19930112 2.9 0.1388 1.6446
19930113 0 0.5277 1.3713
19930114 12.6 0.0116 4.6636
19930115 0 0.4068 2.7025
19930116 0 0.5685 1.6857
19930117 0 0.6185 1.3443
19930118 0 0.3048 1.1368
19930119 0 0.2486 1.04
19930120 0 0.5146 0.9405
19930121 0 0.4967 0.8691
19930122 1.6 0.4919 0.8216
19930123 3.1 0.1585 1.2621
19930124 0.1 0.4771 1.122
19930125 10.1 0.1672 3.975
19930126 0.3 0.3852 2.0356
19930127 4.3 0.105 1.5311
19930128 9.8 0.0644 7.8484
19930129 0.3 0.5008 5.2589
19930130 0 0.0048 3.1776
19930131 0 0.6246 2.3389
19930201 0 0.369 1.8694
19930202 0 0.5972 1.5757
19930203 0 0.2772 1.3887
19930204 0 0.4972 1.2378
19930205 0 0.8776 1.1135
19930206 0 0.8457 1.0495
19930207 0 0.8073 1.0114
19930208 0 0.0994 0.9348
19930209 0 0.1486 0.8785
19930210 0 0.1606 0.819
19930211 0 0.3307 0.7629
19930212 0 0.6716 0.7111
19930213 0 0.851 0.6632
19930214 0 0.869 0.63
19930215 0 0.2034 0.5797
19930216 0.1 0.1297 0.5607
19930217 3.9 0.0717 0.5682
19930218 0.1 0.3949 0.656
19930219 2.4 0.1013 0.6609
19930220 0.9 0.4227 0.6568
19930221 4.5 0.3832 0.6082
19930222 3.3 0.1086 0.6038
19930223 0.9 0.4497 0.5519
19930224 0 0.3884 0.5178
19930225 0 0.7095 0.5383
19930226 0 0.8956 0.54
19930227 0 0.9023 0.5396
19930228 0 0.382 0.5143
19930301 0 0.2987 0.4656
19930302 0 0.536 0.435
19930303 4.8 0.0111 0.4698
19930304 0.5 0.0346 0.4505
19930305 0 0.7918 0.4366
19930306 0.5 0.2826 0.4386
19930307 3.3 0.2891 0.5616
19930308 0 1.1761 0.5915
19930309 0 1.262 0.6978
19930310 0 1.4821 1.5998
19930311 0 1.2121 1.8117
19930312 0 1.42 2.8802
19930313 0 1.6384 3.2731
19930314 0 1.7019 2.9009
19930315 0 1.6068 2.8929
19930316 0 1.5856 2.9128
19930317 3.3 0.5462 3.5308
19930318 0 2.25 2.2849
19930319 0 1.6872 1.6077
19930320 0 1.9952 1.3209
19930321 0.1 1.4296 1.1433
19930322 5.6 0.827 1.1388
19930323 11.4 0.2502 3.4687
19930324 14.3 0.2554 5.7554
19930325 5.2 0.3885 5.5011
19930326 2.6 0.6756 3.855
19930327 1.1 0.7429 2.9454
19930328 0.3 0.7161 2.429
19930329 0 1.5774 1.932
19930330 0 2.0707 1.6011
19930331 0 2.4743 1.4274
19930401 0 2.1616 1.2361
19930402 6.1 0.1417 1.3109
19930403 1.7 0.4367 1.5266
19930404 3.8 0.5565 1.4958
19930405 1.8 2.0791 1.6694
19930406 11.7 0.8501 6.0168
19930407 10.9 0.6557 6.4459
19930408 3.6 0.7036 5.7581
19930409 0.1 2.3874 3.4047
19930410 1.2 0.4508 2.5426
19930411 6.4 0.5063 2.6862
19930412 0 1.3129 2.3471
19930413 2.4 1.6334 1.8813
19930414 0 1.618 1.5898
19930415 0.2 1.9767 1.3763
19930416 1.4 1.1159 1.2155
19930417 2.2 1.1683 1.2588
19930418 0.7 1.2087 1.1433
19930419 0 2.2822 1.0103
19930420 0 3.4186 0.8975
19930421 0 3.564 0.8157
19930422 0 2.7633 0.734
19930423 0 2.9459 0.6837
19930424 0 3.1839 0.6378
19930425 0 2.1492 0.5877
19930426 0 3.0954 0.546
19930427 0 3.6279 0.5072
19930428 0 3.6632 0.4607
19930429 2.1 3.2406 0.4444
19930430 1.5 1.7037 0.4455
19930501 2.8 1.5401 0.4343
19930502 6.3 2.2003 0.4488
19930503 5.3 1.4615 0.4905
19930504 0 0.3953 0.4195
19930505 0.4 0.1622 0.3798
19930506 0.3 0.105 0.3583
19930507 0.3 0.6926 0.3502
19930508 0.1 2.0004 0.3364
19930509 0 2.7706 0.3238
19930510 0.1 3.9619 0.2928
19930511 0 1.7873 0.2721
19930512 1.4 1.4582 0.2756
19930513 1.1 2.2211 0.2709
19930514 5.2 1.3695 0.3342
19930515 4.4 2.5983 0.3193
19930516 0.4 1.895 0.3461
19930517 0 4.0891 0.2556
19930518 0 3.427 0.23
19930519 0 3.5595 0.2148
19930520 0 3.9668 0.1977
19930521 8.8 0.4099 0.3656
19930522 0 3.7404 0.2465
19930523 0 4.2002 0.205
19930524 0.1 3.3637 0.1828
19930525 0 4.4055 0.1766
19930526 0 3.3886 0.1613
19930527 12.2 3.3666 0.1958
19930528 6.6 1.9961 0.4284
19930529 0 3.4117 0.2442
19930530 1.5 2.5279 0.195
19930531 1.3 2.4241 0.204
19930601 0 3.9971 0.1751
19930602 18.9 1.0949 0.7705
19930603 3.4 1.5791 0.4069
19930604 0.6 2.6788 0.3061
19930605 0 3.7349 0.2248
19930606 0 4.6387 0.1789
19930607 0 4.4147 0.1493
19930608 0 4.6002 0.13
19930609 7.9 4.0201 0.2753
19930610 0 2.8487 0.2081
19930611 36.6 0.8576 1.7607
19930612 2.4 2.2707 1.8505
19930613 0 1.8836 0.4623
19930614 4.3 1.3381 0.3274
19930615 10.4 1.4859 0.6139
19930616 1.5 4.2806 0.7352
19930617 24.3 0.9497 4.3454
19930618 0 4.5017 1.9281
19930619 0 4.8478 0.7794
19930620 22.8 2.1018 5.9432
19930621 14.7 2.1985 2.7053
19930622 11.9 2.4458 5.1019
19930623 15.3 1.5894 8.5269
19930624 0.1 1.2311 6.9083
19930625 0 3.3636 3.0719
19930626 0.1 1.771 2.0269
19930627 0.3 2.3005 1.1681
19930628 0 3.6078 0.8956
19930629 0 3.4688 0.7687
19930630 0 3.7899 0.6518
19930701 0.1 4.2753 0.5001
19930702 0.1 2.3541 0.4992
19930703 0 3.1672 0.4602
19930704 0 4.6957 0.4182
19930705 57.2 2.5147 1.7235
19930706 28.7 0.3248 26.2448
19930707 0 3.9742 4.4836
19930708 0 4.1707 2.3726
19930709 0 4.4593 1.6352
19930710 33.4 0.8239 2.6465
19930711 31.6 1.0574 23.1531
19930712 11.3 1.4621 12.6291
19930713 3.4 2.0925 7.1479
19930714 7.5 0.8996 4.4798
19930715 5.6 1.6649 5.5682
19930716 9.4 2.9936 5.1705
19930717 15.3 3.5453 4.1872
19930718 8.6 2.0262 7.2914
19930719 8.4 0.8536 5.2674
19930720 8.6 1.5804 4.9785
19930721 12.5 1.6131 6.4463
19930722 2.3 2.0166 5.4628
19930723 0 3.7766 3.3611
19930724 0 4.3195 2.4159
19930725 13.1 0.3204 2.6734
19930726 0.1 2.7656 2.104
19930727 0.8 2.9395 1.5172
19930728 4.2 2.0581 1.4219
19930729 0 4.5158 1.1407
19930730 2.6 4.3184 1.01
19930731 23.1 1.376 5.2479
19930801 0 2.7719 2.0236
19930802 0 4.0726 1.3939
19930803 0.4 2.8847 1.1438
19930804 5.3 3.448 1.1123
19930805 18.2 3.1757 2.113
19930806 1.4 1.461 1.9803
19930807 0 3.8053 1.1702
19930808 0 2.39 0.912
19930809 0 2.0487 0.7708
19930810 31.1 0.4081 5.6741
19930811 0 3.2526 2.7837
19930812 0 4.0572 1.5393
19930813 3.2 2.0644 1.3011
19930814 0 3.497 1.0192
19930815 0 2.9359 0.8434
19930816 0 3.5609 0.7197
19930817 0 3.471 0.6365
19930818 0 1.1963 0.5985
19930819 0 3.6316 0.5295
19930820 0 3.7974 0.4572
19930821 0 3.9008 0.4045
19930822 19.6 3.4851 0.4806
19930823 26.7 1.3077 3.1474
19930824 15.8 0.0963 4.7111
19930825 7.9 0.2681 4.7451
19930826 0 1.2543 2.7478
19930827 19.2 0.1948 3.0343
19930828 14.5 0.4143 12.6213
19930829 0 2.496 4.3033
19930830 0 2.8474 2.5451
19930831 5.3 1.104 2.1386
19930901 0 2.6886 1.5884
19930902 0 2.7009 1.2792
19930903 11.9 0.4653 1.3779
19930904 19.5 0.4299 8.2222
19930905 2.5 0.8411 3.7542
19930906 0 2.4134 2.4788
19930907 0.1 2.3242 1.822
19930908 10.6 0.373 2.1954
19930909 4.2 1.8611 1.8863
19930910 6.4 1.3594 2.1501
19930911 13.4 1.5526 2.7894
19930912 0.8 1.859 5.3101
19930913 23.5 1.2749 4.3777
19930914 1.5 1.5057 9.34
19930915 1.3 1.7733 3.5294
19930916 0.8 0.7927 2.4866
19930917 3.5 0.9638 2.1046
19930918 0 1.481 1.6604
19930919 0 2.0164 1.3785
19930920 0 2.3354 1.1688
19930921 0 2.0699 1.0182
19930922 0 2.1873 0.8934
19930923 0.1 0.677 0.8148
19930924 0 0.8649 0.7651
19930925 13.2 0.5895 1.3165
19930926 9.7 0.2482 2.2383
19930927 0 1.3223 1.4654
19930928 1.8 0.1918 1.0959
19930929 0 1.4618 0.9575
19930930 0 1.7127 0.8816
19931001 0 1.5019 0.8148
19931002 24.6 0.0557 3.5614
19931003 8.8 0.5423 7.8847
19931004 0 0.8299 2.9851
19931005 0 1.6698 2.0075
19931006 3.2 0.1495 1.6979
19931007 0.4 1.2514 1.4701
19931008 40 0.3217 10.3815
19931009 7.3 1.1061 14.0566
19931010 0 1.1038 4.9211
19931011 0 1.0427 3.1186
19931012 1.3 0.6787 2.3352
19931013 0.6 1.5748 1.9534
19931014 17.2 0.3434 5.0039
19931015 2 1.0329 3.0624
19931016 0 0.7793 2.3641
19931017 0.8 0.1218 1.9802
19931018 0 0.0216 1.772
19931019 0 0.136 1.5948
19931020 0 0.0896 1.4601
19931021 5.9 0.0329 1.6812
19931022 14.1 0 2.7834
19931023 1.5 0.0163 5.4062
19931024 9.1 0.1537 7.3154
19931025 0.2 0.0012 4.4253
19931026 0.2 0 3.2707
19931027 0 0.0138 2.6768
19931028 0 0.2062 2.2279
19931029 0 0.187 1.8934
19931030 0 0.1722 1.6605
19931031 0 0.3516 1.5205
19931101 0 0.6777 1.3866
19931102 0 0.6921 1.2631
19931103 0 0.9073 1.1505
19931104 0 0.8549 1.0533
19931105 0 0.0338 0.9981
19931106 24.1 2e-04 4.7184
19931107 8.9 0.3991 8.2032
19931108 0.5 0.0494 3.4981
19931109 0 0.1106 2.4474
19931110 0 0.4142 1.9941
19931111 19.2 0.1228 6.1878
19931112 0 0.328 4.567
19931113 0 0.517 2.8295
19931114 0.2 0.2621 2.2495
19931115 6.8 0.0932 2.1669
19931116 4.2 0 2.3262
19931117 0 0 2.3487
19931118 0 0 2.1538
19931119 0 0 1.917
19931120 0 0 1.6563
19931121 0 0.1057 1.4251
19931122 0.1 0.0228 1.2706
19931123 0 0.2621 1.1611
19931124 0 0.3704 1.1098
19931125 0 0.3867 1.0482
19931126 0 0.0218 1.0054
19931127 0 0.0415 0.9378
19931128 0 0.0102 0.893
19931129 0 0.0914 0.8322
19931130 0 0.2223 0.775
19931201 0.2 0.1351 0.7726
19931202 0.1 0.1847 0.8069
19931203 0 0.2906 0.9299
19931204 0 0.5462 1.3214
19931205 5.6 0.059 2.7047
19931206 0 0.0582 1.744
19931207 4.8 0.0227 1.79
19931208 13.5 0.0448 9.4027
19931209 0 0.068 4.3508
19931210 4 0.2388 2.745
19931211 18.7 0.0249 7.5515
19931212 0.1 0.2248 4.0048
19931213 0.3 0.3517 4.0475
19931214 12.7 0.1782 9.7647
19931215 3.7 0.3239 5.021
19931216 8.6 0.0244 6.4511
19931217 9.2 0.0154 11.3736
19931218 1.3 0.3376 10.9859
19931219 12.5 0.0796 8.5983
19931220 8.5 0.1443 13.1132
19931221 10.6 0.1753 9.9942
19931222 0.1 0.1268 5.5014
19931223 0.8 0.0234 4.0582
19931224 6.4 0.0296 3.5687
19931225 4 0.0817 3.1631
19931226 4.4 0.0229 2.7327
19931227 0.2 0.0109 2.431
19931228 0.2 0.1699 2.2018
19931229 0.2 0.3433 2.0398
19931230 2.3 0.3636 7.291
19931231 25.7 0.2559 14.3814
19940101 18.5 0.1294 20.7178
19940102 12.2 0.09 14.975
19940103 6.8 0.3816 18.5695
19940104 23.3 0.0537 21.1447
19940105 0 0.4011 9.6711
19940106 0 0.0478 5.7887
19940107 0 0.5259 3.9906
19940108 0.3 0.0077 3.0702
19940109 0 0.1988 2.5517
19940110 0 0.1165 2.1819
19940111 0 0.0083 1.8797
19940112 0 0.5689 1.6391
19940113 0.2 0.2217 1.469
19940114 20.1 0.0399 7.1286
19940115 2.5 0.264 4.523
19940116 0.7 0.4174 2.9944
19940117 8.3 0.064 2.335
19940118 0 0.4599 2.019
19940119 0 0.4484 1.7926
19940120 0 0.5938 1.5999
19940121 0 0.1075 1.4496
19940122 0 0.4697 1.3497
19940123 14.4 0.5669 4.3054
19940124 20.6 0.0237 16.6256
19940125 22.3 0.1061 23.5274
19940126 11.1 0.0719 21.7921
19940127 0.5 0.5542 9.0587
19940128 5.2 0.1315 6.408
19940129 0.2 0.4189 4.3948
19940130 0 0.8489 4.023
19940131 0.4 0.4085 3.7662
19940201 0 0.908 2.9472
19940202 0.3 0.1804 2.3681
19940203 0 0.75 2.1384
19940204 0 0.0441 1.8302
19940205 0 0.4969 1.6333
19940206 0 0.1934 1.4106
19940207 12.8 0.0668 1.6451
19940208 5 0.1442 1.8845
19940209 0 0.8366 2.0212
19940210 4.6 0.2142 1.8961
19940211 2.4 0.2332 1.6308
19940212 0 0.0947 1.4979
19940213 0.1 0.111 1.4404
19940214 0 0.3053 1.3632
19940215 0 0.5015 1.236
19940216 0 0.4915 1.159
19940217 0 0.4538 1.0609
19940218 0 0.7129 1.0488
19940219 0 0.312 0.9694
19940220 1.6 0.1428 0.9288
19940221 4.2 0.2007 1.145
19940222 0.3 0.4094 1.3721
19940223 1.6 0.6538 1.8015
19940224 5.7 0.2567 5.7943
19940225 0.1 0.7373 7.0621
19940226 0 1.0871 3.5962
19940227 0 0.8286 2.5504
19940228 0.2 1.0735 2.0845
19940301 6.7 0.2872 2.018
19940302 8.5 0.9002 3.4787
19940303 9.1 1.285 4.6091
19940304 1.2 1.5241 6.0593
19940305 0 1.8393 3.1443
19940306 6.6 0.1257 3.4249
19940307 0 0.618 2.668
19940308 0.9 1.2723 2.1597
19940309 0 2.0699 1.8219
19940310 0.2 1.552 1.575
19940311 0 1.5765 1.3957
19940312 1.5 0.9388 1.2743
19940313 0.3 0.6943 1.2187
19940314 5.2 1.3523 1.5824
19940315 0 1.2688 1.155
19940316 6.8 0.3101 1.865
19940317 4.2 0.3823 1.6898
19940318 4.2 1.0954 3.7413
19940319 0.1 0.7473 2.8105
19940320 39.3 0.3346 22.499
19940321 1.1 1.1951 7.8326
19940322 0 1.2431 4.396
19940323 0 0.9953 3.0799
19940324 0.1 2.0544 2.3294
19940325 0.3 2.7047 2.017
19940326 32.4 0.2286 12.5337
19940327 0 1.9791 4.8836
19940328 0 1.9499 3.1054
19940329 0 1.7121 2.3929
19940330 0 2.7273 1.9752
19940331 0 0.5633 1.6771
19940401 29.9 0.3532 7.8857
19940402 8.7 1.2042 7.4212
19940403 1.8 1.3364 5.8191
19940404 11.6 0.6252 7.3897
19940405 0.8 1.4731 6.667
19940406 0.5 1.0195 4.1768
19940407 5.3 2.3901 3.226
19940408 7.1 1.2554 6.3755
19940409 4.1 0.7588 5.823
19940410 2.7 1.3409 5.2641
19940411 5.8 0.5815 4.0163
19940412 23.5 0.2973 6.5605
19940413 36 0.3319 35.2039
19940414 5.6 0.1708 15.4052
19940415 0.1 0.2801 8.5521
19940416 0 0.3287 5.8341
19940417 6.3 0.2007 4.7414
19940418 2.9 0.1246 5.796
19940419 0 0.6134 4.0688
19940420 0 2.0003 3.1084
19940421 4.4 0.7496 2.7287
19940422 0 2.6639 2.2801
19940423 2.7 2.1386 1.9887
19940424 0 2.4058 1.6772
19940425 12.6 0.9526 1.9392
19940426 9.6 1.5305 7.2025
19940427 0.4 1.755 2.9078
19940428 0 3.4449 2.1988
19940429 0 3.8316 1.8388
19940430 0 3.7935 1.5698
19940501 1.8 1.4136 1.469
19940502 0 3.6744 1.2467
19940503 0 4.0177 1.1136
19940504 2.7 1.0496 1.0989
19940505 6 0.8418 1.2557
19940506 1.4 1.2471 1.0531
19940507 0 4.0091 0.8856
19940508 17.1 0.2939 1.8406
19940509 8.8 0.5984 3.0225
19940510 1.7 2.0539 2.6964
19940511 0 3.1535 1.551
19940512 1.3 0.9641 1.2576
19940513 0 3.2894 1.1063
19940514 3.6 2.0092 0.9987
19940515 0.2 3.6691 0.9517
19940516 0 3.3425 0.8571
19940517 0 2.7114 0.7807
19940518 31.3 0.5749 3.2919
19940519 57.2 0.3402 34.3851
19940520 9 0.7373 12.2298
19940521 11.2 1.5762 6.817
19940522 15.8 1.9153 15.391
19940523 8.2 1.3988 7.1304
19940524 27.3 1.8914 9.2777
19940525 7.7 2.8081 18.787
19940526 7.7 0.5942 7.1692
19940527 19.5 1.2252 13.4091
19940528 1.4 2.7661 6.9529
19940529 13.1 2.1639 7.17
19940530 0 0.8553 4.8833
19940531 0 3.4312 3.4389
19940601 0 4.081 2.5989
19940602 27.2 2.3803 4.9832
19940603 15.3 2.7675 8.7261
19940604 1.3 1.08 6.7105
19940605 10.9 1.4845 6.4298
19940606 0 1.6042 4.3193
19940607 1 2.8806 3.0565
19940608 15.5 3.7904 3.5777
19940609 31.3 0.9112 20.79
19940610 2 1.7101 6.8494
19940611 16.6 1.1108 8.53
19940612 0 0.9435 6.3233
19940613 0 2.4144 4.0557
19940614 0 2.2677 3.0243
19940615 0 4.0016 2.3841
19940616 0 4.1257 1.9657
19940617 0 4.0337 1.6988
19940618 0 4.3623 1.4208
19940619 15.9 2.6964 1.6138
19940620 4 0.9447 1.9333
19940621 0 2.9301 1.3433
19940622 0 4.3512 1.1071
19940623 0 3.7758 0.9875
19940624 0 4.0097 0.8944
19940625 0.1 4.2823 0.8523
19940626 0 2.0273 0.785
19940627 4.7 3.9384 1.015
19940628 0 2.6744 0.7541
19940629 0.1 3.8074 0.5348
19940630 0 4.3726 0.4894
19940701 0 3.6096 0.4515
19940702 0 4.874 0.4054
19940703 0 4.7841 0.3549
19940704 5.2 4.4657 0.3666
19940705 10.2 2.4042 0.7432
19940706 82 3.0276 21.1474
19940707 0.2 1.0812 15.0461
19940708 0.4 2.6685 3.3692
19940709 11.1 3.2436 3.2172
19940710 0 4.5079 1.858
19940711 0 4.7228 1.3658
19940712 0 4.4051 1.1141
19940713 0 3.7732 0.9517
19940714 0.2 2.6277 0.8601
19940715 0 3.7117 0.7443
19940716 0 4.5404 0.6561
19940717 0 3.4867 0.5793
19940718 11.7 0.8027 0.9638
19940719 1.6 1.9643 0.6529
19940720 10.3 0.9989 0.7058
19940721 2.9 1.7515 0.9217
19940722 0 4.1222 0.5505
19940723 0 3.3091 0.4689
19940724 0 4.4411 0.4103
19940725 0 4.372 0.3524
19940726 0 3.9641 0.3401
19940727 0 4.5427 0.3114
19940728 0 2.8749 0.2963
19940729 0 3.7202 0.2832
19940730 0 3.2194 0.2774
19940731 3.1 3.5629 0.3229
19940801 3.3 2.0175 0.3262
19940802 0 3.3122 0.2866
19940803 0 4.007 0.2475
19940804 0 4.1407 0.2298
19940805 0 3.9681 0.2258
19940806 1.6 3.9895 0.2135
19940807 7.8 2.7716 0.2423
19940808 2 1.7188 0.2634
19940809 0 3.2776 0.2008
19940810 32.5 1.9414 1.1463
19940811 9 3.1647 0.8442
19940812 9.5 1.5068 1.2124
19940813 5.2 2.2288 0.46
19940814 0.1 2.9263 0.3703
19940815 0 3.4316 0.2698
19940816 0 3.2983 0.2324
19940817 26.3 0.9175 2.8069
19940818 18.5 2.0491 3.6134
19940819 0.6 1.2362 0.9221
19940820 0 3.0124 0.5566
19940821 0.1 2.9951 0.3186
19940822 3.9 2.975 0.2617
19940823 3.8 2.8549 0.3075
19940824 5.5 0.9375 0.6906
19940825 25.2 1.019 5.3046
19940826 6.4 1.8038 1.3955
19940827 0 3.203 0.8835
19940828 0.2 2.0708 0.6172
19940829 0.8 1.9552 1.2473
19940830 0.9 2.2974 0.5824
19940831 10.7 1.6723 0.6938
19940901 5.3 1.6237 0.7163
19940902 16.5 0.2825 3.4243
19940903 8.8 1.8247 4.3699
19940904 0 2.3587 1.7069
19940905 0 2.6018 1.0281
19940906 0.1 2.5743 0.7931
19940907 13.2 1.6598 1.1282
19940908 24.6 0.1733 5.0063
19940909 0 2.3365 4.4235
19940910 3.1 2.0324 1.8887
19940911 3.8 1.2256 1.3155
19940912 3.9 0.9823 1.2583
19940913 7.9 0.7691 1.8226
19940914 21.7 0.4066 5.2559
19940915 13.1 0.7848 8.481
19940916 5.6 1.577 6.1985
19940917 4 0.6046 4.789
19940918 0 0.4859 2.9205
19940919 0 1.4372 2.0096
19940920 0.1 1.096 1.5772
19940921 0.3 1.1309 1.2599
19940922 0 0.6828 1.0246
19940923 0 1.9334 0.8833
19940924 0.2 1.5015 0.7628
19940925 0 1.2923 0.6883
19940926 3.2 0.1054 0.6929
19940927 0.1 1.2045 0.6402
19940928 0 0.614 0.5581
19940929 0 0.747 0.5304
19940930 0 0.5743 0.486
19941001 0 1.488 0.4245
19941002 7.6 1.3822 0.6765
19941003 18.2 0.1259 1.8097
19941004 13.6 0.1006 5.3376
19941005 0 1.2372 2.7547
19941006 0 1.3395 1.3488
19941007 0 0.9514 1.0464
19941008 0 0.5169 0.8655
19941009 0 1.5214 0.7285
19941010 0 1.4872 0.6222
19941011 0 1.4905 0.58
19941012 0 1.0619 0.5304
19941013 0 1.1999 0.4938
19941014 0 1.0649 0.4512
19941015 0 0.9199 0.4215
19941016 0 0.7089 0.3744
19941017 0.6 0.0345 0.3824
19941018 0 0.1317 0.3744
19941019 0 0.8651 0.3744
19941020 0 0.6049 0.3578
19941021 0 0.9178 0.312
19941022 0 0.6925 0.312
19941023 7.5 0.3117 0.494
19941024 1.6 0.457 0.3808
19941025 13.4 0.6386 0.6362
19941026 35.3 0.2374 15.2212
19941027 0 0.994 3.8958
19941028 4.1 0.0259 2.1062
19941029 0 0.6714 1.7892
19941030 0.9 0.3371 1.3946
19941031 0 1.1541 1.1268
19941101 6.5 0.0301 1.3927
19941102 0 0.3704 1.2788
19941103 0 0.3641 1.0597
19941104 0 0.759 0.9035
19941105 0 0.8006 0.7948
19941106 1.2 0.0472 0.7129
19941107 0.7 0.3469 0.724
19941108 0 0.5987 0.6216
19941109 0 0.4831 0.6206
19941110 8.6 0.0878 1.1185
19941111 11 0.0311 3.2081
19941112 0.8 0.3691 2.9472
19941113 0.8 0.1186 1.6567
19941114 0 0.297 1.3032
19941115 5 0.3762 1.3714
19941116 0 0.1594 1.3434
19941117 0 0.4777 1.0989
19941118 9.1 0.1258 2.1163
19941119 1.9 0.0266 2.878
19941120 1.2 0.6892 2.2773
19941121 0 0.6715 1.727
19941122 0 0.316 1.3625
19941123 0.1 0.3434 1.1781
19941124 0 0.6903 1.0001
19941125 0 0.38 0.8844
19941126 0 0.2578 0.8197
19941127 1.8 0.1553 0.8104
19941128 0 0.105 0.6916
19941129 0 0.1887 0.6231
19941130 0 0.0724 0.6216
19941201 0 0.0549 0.5623
19941202 0 0.3168 0.5304
19941203 0 0.5634 0.5031
19941204 2 0.1744 0.5169
19941205 11.2 0.0354 2.232
19941206 3.2 0.0754 1.9909
19941207 0 0.4305 1.2556
19941208 2.8 0.4155 1.2901
19941209 30.7 0.0261 8.9558
19941210 11.9 0.063 15.1012
19941211 0 0.5023 4.7728
19941212 0 0.3022 2.8257
19941213 0 0.3785 2.0578
19941214 7.3 0.0063 2.3231
19941215 0 0.0258 2.0298
19941216 0 0.4336 1.5722
19941217 0 0.165 1.3392
19941218 0 0.4998 1.1857
19941219 3.4 0.0493 1.1249
19941220 13 0.1287 1.4475
19941221 3.1 0.1394 1.5743
19941222 5.9 0 1.5374
19941223 0 0 1.4821
19941224 0 0.0025 1.3846
19941225 0 0.0384 1.2996
19941226 0 0.1369 1.2012
19941227 2.2 0.1757 5.166
19941228 12.3 0.0281 13.5207
19941229 0 0.6134 5.3793
19941230 52.2 0.0042 22.5358
19941231 4.2 0.265 10.0151
19950101 13 0.0475 7.537
19950102 4.2 0.086 4.8298
19950103 2.5 0.1415 3.6468
19950104 0.1 0.0257 3.1189
19950105 0 0.0714 2.7261
19950106 0 0.363 2.4101
19950107 0.2 0.0366 1.9438
19950108 0.3 0.049 1.6455
19950109 0.8 0.0184 1.4901
19950110 8.1 0.0288 1.9797
19950111 10.7 0.1312 6.2664
19950112 2.5 0.0619 3.4079
19950113 0.8 0.1741 2.507
19950114 0 0.4996 2.2077
19950115 0 0.4025 1.9318
19950116 0 0.626 1.6784
19950117 0 0.6513 1.5218
19950118 0 0.1365 1.3629
19950119 1.6 0.5775 1.245
19950120 0.8 0.4153 1.1946
19950121 1.2 0.3963 1.2404
19950122 14.5 0.1363 13.891
19950123 36.1 0 36.6038
19950124 6 0.1831 15.2557
19950125 31.4 0.0072 31.8083
19950126 5.5 0.6095 15.0728
19950127 0.9 0.3189 7.5783
19950128 2 0.3984 7.0676
19950129 2.9 0.195 7.422
19950130 35.9 0.046 19.4312
19950131 0.1 0.769 11.6393
19950201 0 1.0851 6.2867
19950202 1.3 0.2634 4.6427
19950203 0 0.0865 3.4834
19950204 1 0.1417 2.9316
19950205 0 0.0321 2.3808
19950206 0 0.9873 2.0774
19950207 0 1.2708 1.8398
19950208 2.5 0.5466 1.7623
19950209 14.3 0.1738 5.2955
19950210 0 0.9552 3.5332
19950211 2.2 0.8768 2.5659
19950212 5.4 0.6832 3.4595
19950213 0.5 1.201 2.4959
19950214 3.1 0.5046 2.4313
19950215 4.8 0.2311 2.2069
19950216 16.7 0.2224 10.434
19950217 14.1 0.4093 5.8993
19950218 14.3 0.1142 7.2423
19950219 0 0.8288 5.075
19950220 0 0.7676 6.8296
19950221 8.8 1.4746 5.4617
19950222 4.9 0.2941 7.3382
19950223 1.8 0.3546 4.8964
19950224 15.6 0.115 9.9004
19950225 29.7 0.0944 21.2794
19950226 7.5 0.0572 11.2885
19950227 3.2 0.4786 6.3725
19950228 0 1.1589 5.3198
19950301 0 1.7527 4.5114
19950302 0 1.1597 3.5406
19950303 4.5 0.2745 3.0847
19950304 4.9 0.4104 2.6951
19950305 2.9 1.1368 2.5043
19950306 4.1 0.8041 2.5469
19950307 2 0.9571 2.3014
19950308 0 0.9451 1.9066
19950309 0.2 0.6657 1.6933
19950310 0 1.6884 1.9346
19950311 0 1.804 2.3175
19950312 0 1.9508 2.5668
19950313 0 0.5156 2.0627
19950314 0 0.9009 1.7859
19950315 3.2 0.2019 1.7636
19950316 0.7 1.1538 1.7092
19950317 1.2 0.7515 1.4564
19950318 42.1 0.1386 21.2152
19950319 27.7 0.3475 15.6478
19950320 7.4 0.3214 10.4392
19950321 1.6 0.8015 6.2495
19950322 0 1.7363 5.0316
19950323 0 2.1037 5.6316
19950324 0 2.5337 6.7241
19950325 0 2.1285 5.5399
19950326 0.4 0.7063 3.7354
19950327 30.2 0.1233 12.3795
19950328 0.4 1.4062 7.5213
19950329 10.1 0.7729 6.1823
19950330 3.8 1.2055 4.5464
19950331 0.7 1.523 3.7421
19950401 21.5 0.3306 13.0576
19950402 1.7 2.4082 14.514
19950403 0 3.1687 6.6297
19950404 0 3.1803 4.1126
19950405 0 2.3845 2.9755
19950406 0 1.4802 2.2656
19950407 0 1.4579 1.8861
19950408 0.1 1.0811 1.5919
19950409 0 1.8971 1.3439
19950410 0 1.13 1.1977
19950411 0 1.1899 1.0838
19950412 3.6 1.9787 0.9783
19950413 2.6 0.6844 1.0749
19950414 1.2 1.5636 0.8568
19950415 0.4 0.6706 0.8293
19950416 4.3 0.3169 0.8926
19950417 0 1.8084 0.7848
19950418 0 1.1209 0.6548
19950419 9.9 1.975 0.8085
19950420 10.3 0.5712 2.7346
19950421 1.8 2.0894 2.4805
19950422 0 2.3983 1.2853
19950423 0 2.5039 0.9716
19950424 0 1.9353 0.8505
19950425 28.1 0.5005 2.7782
19950426 18.2 0.3041 16.5015
19950427 10.6 0.8088 6.5262
19950428 0.9 2.8172 5.8067
19950429 0.3 3.0972 3.0962
19950430 26.1 1.31 6.3796
19950501 0 1.8911 6.37
19950502 0 1.8342 3.1896
19950503 0 3.8818 2.2964
19950504 0 3.6642 1.7617
19950505 0 4.3109 1.4421
19950506 0 4.4815 1.2287
19950507 1.1 4.1473 1.0652
19950508 0.3 2.9483 0.934
19950509 4.1 0.8054 0.9685
19950510 0 1.4408 0.819
19950511 0 2.1448 0.7378
19950512 0.9 0.5103 0.6989
19950513 46.3 0.4442 8.2163
19950514 4.8 0.9587 7.3446
19950515 0 3.2424 3.3511
19950516 2.5 1.54 2.2694
19950517 0.9 2.3991 1.6874
19950518 15.9 1.0404 2.707
19950519 2.3 0.8912 4.215
19950520 0.5 1.6151 2.2268
19950521 0 2.0427 1.7205
19950522 0 4.0106 1.3994
19950523 0 4.2643 1.1747
19950524 0 3.659 0.9915
19950525 0 4.3497 0.8776
19950526 8.9 0.86 1.076
19950527 0.1 1.9865 0.9154
19950528 0 4.7228 0.7339
19950529 14.8 1.9872 1.258
19950530 50.3 0.8306 13.2082
19950531 26.8 0.473 15.7111
19950601 39.8 0.2056 25.5911
19950602 1.6 1.7101 12.4628
19950603 0 3.0056 5.1679
19950604 9.3 2.1698 3.7944
19950605 14.1 1.1761 5.8995
19950606 5.6 0.3133 5.7049
19950607 1.7 2.1893 4.5899
19950608 18.3 2.0266 4.6911
19950609 12 1.4759 11.5143
19950610 5.1 3.1815 5.4278
19950611 31.1 0.6982 19.5541
19950612 11.7 0.7476 9.8088
19950613 7.6 1.551 10.4599
19950614 1.8 1.7787 7.0383
19950615 1.7 2.904 4.3029
19950616 2.1 2.8607 2.8527
19950617 0 3.3924 2.1313
19950618 2.9 2.3769 1.7637
19950619 0 3.3584 1.5023
19950620 0 4.9825 1.2578
19950621 28 1.0129 5.9031
19950622 0.8 0.4213 2.6011
19950623 6.2 1.4732 1.8915
19950624 0.4 0.8973 1.7328
19950625 0 3.2843 1.3501
19950626 0 4.5003 1.1399
19950627 0 4.7988 0.9842
19950628 0 4.098 0.8784
19950629 0 4.7922 0.771
19950630 0 4.9498 0.6751
19950701 0 3.6261 0.6009
19950702 1.9 3.5798 0.5864
19950703 21.7 0.6119 1.6696
19950704 0.4 2.0703 0.7508
19950705 0 2.0923 0.6082
19950706 0 4.1332 0.5373
19950707 0 4.5339 0.4888
19950708 0 4.7048 0.4139
19950709 0 4.8286 0.389
19950710 0 4.5205 0.3436
19950711 28.2 3.3803 2.8475
19950712 0.6 3.2907 3.0598
19950713 0.3 3.9268 0.9569
19950714 5.7 3.6735 0.7771
19950715 21.2 3.5915 4.0201
19950716 7 1.9754 1.641
19950717 0 3.2784 1.0834
19950718 1.1 3.2976 0.8334
19950719 0 4.8063 0.6628
19950720 0 4.6794 0.5756
19950721 0 4.459 0.4927
19950722 25.9 4.0976 1.6764
19950723 0.2 0.6899 1.1556
19950724 0.3 0.7085 0.7498
19950725 0 3.4488 0.5937
19950726 0 4.4562 0.4949
19950727 4.1 1.8069 0.4728
19950728 0.1 2.6262 0.452
19950729 0 3.4677 0.3887
19950730 0 4.1253 0.3467
19950731 0 4.2079 0.3269
19950801 0 4.3425 0.2819
19950802 0 3.8558 0.2736
19950803 0 4.409 0.2371
19950804 0 4.4244 0.2285
19950805 0 4.4414 0.204
19950806 2.6 3.1209 0.2149
19950807 29.2 1.589 1.2435
19950808 3.1 2.454 2.0435
19950809 14.9 0.1801 1.9242
19950810 0 1.4445 0.7171
19950811 11.9 3.7935 0.7436
19950812 0.1 1.5396 0.8893
19950813 4.4 1.0466 0.597
19950814 5.3 2.0489 0.8736
19950815 0 2.4619 0.8531
19950816 0 3.0031 0.4877
19950817 0 2.4131 0.3962
19950818 0 2.964 0.3472
19950819 6.6 2.9162 0.6896
19950820 9 2.333 1.0891
19950821 0 2.2121 0.5317
19950822 0 2.8816 0.4061
19950823 0.4 2.5002 0.3373
19950824 4.7 0.8511 0.3513
19950825 6.3 1.7966 0.5145
19950826 7 1.7073 0.7304
19950827 3.2 1.3228 0.4112
19950828 37.7 1.0908 9.1576
19950829 30.9 0.161 13.0896
19950830 2.3 0.7589 7.286
19950831 3.3 0.9306 3.3922
19950901 0 0.557 2.5437
19950902 0 1.9851 1.7699
19950903 6.8 1.9569 1.4702
19950904 6.8 1.3501 2.6032
19950905 0 1.9206 1.6455
19950906 0.3 3.083 1.1875
19950907 7.3 1.8831 1.2205
19950908 3.5 1.1626 1.1223
19950909 8.6 1.9067 2.8053
19950910 0 2.1875 1.4626
19950911 0 0.6831 1.103
19950912 2.72 1.4037 0.9441
19950913 19.88 0.135 3.4155
19950914 8.73 0.1259 5.5057
19950915 0 0.8461 2.9484
19950916 6.2 2.0688 2.1105
19950917 0 2.6815 1.8947
19950918 0 2.0465 1.436
19950919 0.5 0.2386 1.2487
19950920 7.4 0.8532 1.2785
19950921 5.6 0.3327 3.3745
19950922 0 1.239 2.125
19950923 0 2.4461 1.4641
19950924 0.1 1.231 1.2208
19950925 4.6 1.043 1.3145
19950926 0 0.9276 0.9935
19950927 32 1.3679 6.3241
19950928 4.3 0.5835 11.94
19950929 0.8 1.6199 3.6462
19950930 0 1.033 2.3694
19951001 0.4 0.3761 1.7891
19951002 0 1.8674 1.4228
19951003 0 1.2035 1.2113
19951004 0 1.8079 1.0223
19951005 0 1.6735 0.8813
19951006 0 0.6479 0.8232
19951007 0 2.0425 0.7391
19951008 0 1.8979 0.6579
19951009 0 1.9203 0.6216
19951010 0 1.8013 0.5716
19951011 0 1.8228 0.5304
19951012 0.1 1.7625 0.4971
19951013 0.1 0.9634 0.4579
19951014 0.1 0.9033 0.4512
19951015 0 1.6276 0.4199
19951016 0.1 0.5256 0.394
19951017 0 1.5279 0.3744
19951018 0 1.2182 0.3568
19951019 0 0.7171 0.3488
19951020 0 0.9663 0.324
19951021 0 0.756 0.3096
19951022 0 1.0777 0.3096
19951023 0 1.4322 0.2988
19951024 0 1.2925 0.2965
19951025 0 0.7829 0.2736
19951026 0 1.357 0.2496
19951027 0 0.9071 0.2496
19951028 0.6 1.1847 0.2496
19951029 2.1 0.5208 0.2643
19951030 0.7 0.5778 0.2615
19951031 0.1 0.1704 0.2496
19951101 7.5 0.8366 0.2964
19951102 7.1 0.2485 1.0645
19951103 14.9 0.1307 1.1692
19951104 3.1 0.2354 1.9278
19951105 0.3 0.3086 0.729
19951106 0 0.6066 0.5636
19951107 0 0.5944 0.5219
19951108 0 0.7755 0.4525
19951109 0 0.9396 0.39
19951110 0 0.7547 0.3744
19951111 0 0.8765 0.3354
19951112 0 0.9712 0.3096
19951113 0.6 0.458 0.3096
19951114 1.4 0.0085 0.3273
19951115 0 0.4138 0.3096
19951116 34 0.0746 5.131
19951117 40 0.0304 22.8046
19951118 2.9 0.1442 8.8201
19951119 2.2 0.1178 3.9274
19951120 2.9 0.2026 2.9969
19951121 0 0.5533 2.5284
19951122 0 0.6013 2.1033
19951123 0 0.4491 2.3052
19951124 0 0.5089 2.6728
19951125 0 0.6081 2.1411
19951126 0 0.5967 1.657
19951127 0 0.1059 1.3525
19951128 2.4 0.0241 1.6618
19951129 0 0.08 1.7927
19951130 0 0.0098 1.4511
19951201 0 0.5173 1.1789
19951202 0 0.3217 1.006
19951203 1.6 0.0446 0.9507
19951204 0 0.0052 0.8805
19951205 0 0.0549 0.7966
19951206 0 0.0473 0.7079
19951207 0 0.2374 0.6261
19951208 0 0.2915 0.5604
19951209 0 0.5033 0.5319
19951210 0 0.0656 0.5026
19951211 0 0.039 0.4597
19951212 2.1 0.0052 0.4757
19951213 1.8 0 0.4485
19951214 5.1 0 0.4569
19951215 0 0.0063 0.452
19951216 0 0.047 0.4343
19951217 0 0.41 0.4474
19951218 8.6 0.0452 2.0276
19951219 0 0.1713 2.1705
19951220 18.5 0.1247 7.894
19951221 11 0.0457 14.5726
19951222 1.8 0.0433 6.3138
19951223 4.7 0.1896 5.0386
19951224 30.4 0.1814 10.9806
19951225 41.4 0.0184 33.6645
19951226 24.8 0 15.9381
19951227 2.9 0.0097 7.1489
19951228 0 0.0383 4.6805
19951229 1.8 0.0213 3.455
19951230 1.2 0.0418 2.9196
19951231 2.2 0.0631 2.6508
19960101 1.2 0.2471 4.5985
19960102 0 0.1172 3.6297
19960103 0 0.0724 3.0295
19960104 0 0.149 2.6975
19960105 0 0.2636 2.1658
19960106 0 0.2593 1.8215
19960107 0.8 0.0786 1.7753
19960108 1.4 0.5065 3.8064
19960109 0 0.172 2.8616
19960110 0 0.439 2.1714
19960111 0 0.3908 1.9532
19960112 0 0.4018 1.7876
19960113 0 0.4533 1.6636
19960114 0 0.1918 1.4957
19960115 0 0.4666 1.2791
19960116 0 0.279 1.1149
19960117 0 0.1533 0.9972
19960118 0 0.6548 0.9134
19960119 0 0.6209 0.8484
19960120 0 0.0111 0.7498
19960121 0 0.159 0.6947
19960122 0 0.029 0.6216
19960123 0 0.0772 0.6216
19960124 0 0.0593 0.5857
19960125 0 0.0232 0.5304
19960126 0 0.2046 0.5304
19960127 0 0.3915 0.5064
19960128 0 0.0045 0.4655
19960129 0 0.0277 0.4432
19960130 0 0.0051 0.3945
19960131 0 0.1154 0.343
19960201 0 0.7169 0.577
19960202 0 0.5309 0.471
19960203 3.3 0.153 0.5919
19960204 0.8 0 0.4403
19960205 0 0.1312 0.3982
19960206 0 0.3033 0.4298
19960207 0.1 0.3983 0.4863
19960208 2.8 0.0616 0.368
19960209 0.2 0.7652 0.3506
19960210 0 0.2608 0.3116
19960211 4.5 0.3511 0.3228
19960212 8 0.3526 0.3358
19960213 5 0.1177 0.3786
19960214 9.2 0.0592 0.3404
19960215 0 0.1825 0.3431
19960216 2.4 0.3239 0.3614
19960217 1.4 0.1397 0.5331
19960218 9.7 0.4112 0.5191
19960219 0.6 0.6627 0.7067
19960220 1.8 0.4139 0.5471
19960221 0.6 0.0887 0.4762
19960222 0.6 0.4172 0.4907
19960223 0 0.7711 0.5101
19960224 0 1.1802 0.6722
19960225 0 1.2218 0.5792
19960226 0 1.4634 0.7966
19960227 0 1.4524 1.3109
19960228 0 1.3899 1.5459
19960229 0 0.413 1.3374
19960301 0.5 0.0351 0.9992
19960302 0.1 1.3684 0.8617
19960303 0 1.3119 0.9629
19960304 0 0.9467 0.8204
19960305 0 1.5229 0.8751
19960306 0 1.4211 1.0158
19960307 0 0.8836 0.9157
19960308 0 1.0014 0.9428
19960309 0 1.5066 1.2698
19960310 0 0.3208 1.1849
19960311 0 1.0896 1.0385
19960312 1.7 0.5585 0.8395
19960313 0 0.9015 0.7904
19960314 0 1.4026 0.7741
19960315 0 1.4416 1.0532
19960316 0 1.6636 1.8334
19960317 0 0.9303 2.6935
19960318 0 0.6406 3.2088
19960319 0 0.7217 4.0032
19960320 0.1 2.0606 4.8173
19960321 16.1 1.6803 9.5611
19960322 12.8 0.4188 17.5758
19960323 2.8 1.8299 17.2961
19960324 0 2.4827 7.655
19960325 4.5 0.4801 5.3896
19960326 9.4 1.546 5.2795
19960327 8.3 0.0692 8.1953
19960328 0 0.5334 4.443
19960329 0.4 1.1606 3.002
19960330 1 1.0746 2.3461
19960331 0.1 1.313 1.9113
19960401 1.6 1.4846 1.6305
19960402 3.5 0.0954 1.4734
19960403 5.4 0.229 1.3095
19960404 0.5 0.6568 1.3641
19960405 0 1.3859 2.2767
19960406 0 2.3153 2.4452
19960407 0 2.3129 1.7927
19960408 0.8 1.3482 1.4453
19960409 0 1.4404 1.2279
19960410 0 1.58 1.1136
19960411 16.9 0.2968 3.2165
19960412 2.6 1.2891 2.9845
19960413 13 0.1239 6.3517
19960414 0 1.4136 3.6006
19960415 0 2.8784 2.36
19960416 0 3.2578 1.8627
19960417 0 2.7433 1.509
19960418 0 1.8047 1.2441
19960419 0 3.0433 1.1033
19960420 0 3.6921 0.9757
19960421 0 3.8491 0.8762
19960422 0 3.5243 0.7751
19960423 0.5 3.0988 0.7115
19960424 0 0.9485 0.6522
19960425 0 1.2717 0.6216
19960426 0 3.0219 0.58
19960427 0 2.6094 0.5304
19960428 6.7 1.7502 0.5957
19960429 21.3 0.4659 1.6002
19960430 3.4 0.5358 0.9807
19960501 2.8 1.3426 0.7998
19960502 5.6 2.3079 0.7837
19960503 1.5 1.6016 0.9618
19960504 2 1.3338 0.7809
19960505 0 2.2959 0.6782
19960506 0 4.0634 0.5844
19960507 0 3.7318 0.5123
19960508 32.1 1.799 2.5017
19960509 4 0.1229 5.3446
19960510 0.6 0.3278 2.9002
19960511 0.4 0.3741 1.7794
19960512 22.1 0.0012 6.0277
19960513 12 0.3655 10.9796
19960514 0.1 1.0612 5.7186
19960515 0 0.6267 3.3162
19960516 0 3.462 2.3696
19960517 7.6 1.9324 2.5433
19960518 1.7 3.4512 1.7935
19960519 22.5 1.2273 3.4983
19960520 16.6 0.5755 14.039
19960521 15.7 3.2979 7.7423
19960522 0.3 3.1164 8.193
19960523 1.6 1.5873 4.172
19960524 0 4.7093 2.9342
19960525 18.5 1.556 3.6273
19960526 14.5 1.9826 10.1492
19960527 32.3 1.2138 17.0288
19960528 3.9 2.5021 11.7161
19960529 0 4.2405 5.4983
19960530 0 4.6907 3.629
19960531 0 4.9798 2.68
19960601 1.1 3.0324 2.1063
19960602 0.7 0.5081 1.8314
19960603 3.1 0.5884 1.5824
19960604 0 0.5684 1.4298
19960605 0 3.3059 1.2431
19960606 0 4.8207 1.0879
19960607 2.3 5.0923 0.9797
19960608 0 4.4351 0.8718
19960609 0 4.4233 0.7842
19960610 0 4.2346 0.7275
19960611 0 4.2882 0.6348
19960612 36.7 3.2912 2.9188
19960613 0 1.4693 3.5585
19960614 0 4.5709 1.2861
19960615 0 4.6747 0.9816
19960616 0 4.6979 0.8635
19960617 0 4.8124 0.7457
19960618 0 4.6169 0.6674
19960619 0 4.1162 0.5794
19960620 8.3 1.0838 0.7632
19960621 8.5 1.003 0.8194
19960622 33.8 0.3408 5.4055
19960623 9.2 1.2974 4.9226
19960624 1.4 2.4813 2.3635
19960625 8.4 1.6939 1.6926
19960626 0.1 1.8639 1.6417
19960627 0 3.3368 1.2411
19960628 0 3.8916 1.0724
19960629 0 1.9189 0.9997
19960630 1.8 2.0136 0.9036
19960701 8 1.5018 1.0862
19960702 6 1.3603 1.0489
19960703 0 4.3517 0.9497
19960704 1.5 2.3627 0.7761
19960705 24.8 2.3144 3.2834
19960706 10.8 1.4675 5.2472
19960707 1.9 1.7392 2.3934
19960708 59.9 0.2385 30.8729
19960709 2.9 2.0742 10.7872
19960710 17.7 0.8844 10.0145
19960711 0.1 3.4335 8.2589
19960712 0 4.1198 4.3119
19960713 0 4.2256 2.8045
19960714 0 4.2591 2.0322
19960715 0 4.3806 1.5305
19960716 0 1.1278 1.2358
19960717 0 4.0356 1.0478
19960718 0 4.5773 0.8512
19960719 0 4.3236 0.7738
19960720 0 4.317 0.6695
19960721 0 4.3654 0.5856
19960722 0 4.5553 0.5628
19960723 2.6 3.6884 0.4994
19960724 6.3 2.7389 0.617
19960725 0 3.6952 0.4178
19960726 0 4.0533 0.4079
19960727 0.8 2.8531 0.3571
19960728 25.9 2.1967 1.3431
19960729 1.4 3.8944 0.7328
19960730 27.6 1.5856 2.8143
19960731 0 4.0629 0.9939
19960801 0 4.4377 0.5918
19960802 18.9 2.6711 1.0352
19960803 10.4 0.5721 2.631
19960804 0 2.1695 1.3971
19960805 0 2.6847 0.8445
19960806 4.9 3.2791 0.6904
19960807 18 0.4482 2.9528
19960808 0.1 2.9684 2.0055
19960809 0 3.7157 1.077
19960810 5.7 3.5903 0.8676
19960811 17.1 1.3917 1.3693
19960812 23.3 1.3165 11.6245
19960813 4.7 2.5005 3.9511
19960814 3.5 1.3095 3.1104
19960815 3.4 1.6569 2.3571
19960816 0 3.4086 1.7842
19960817 0 3.6972 1.3106
19960818 0 3.6157 1.0898
19960819 0 3.3965 0.936
19960820 0 3.3671 0.8025
19960821 2.8 1.8304 0.792
19960822 0.1 0.8576 0.7025
19960823 0 2.2859 0.6395
19960824 1.1 0.2101 0.6623
19960825 7.3 1.2833 0.7533
19960826 0.9 1.4676 0.5683
19960827 12.4 2.2989 1.0021
19960828 18.2 1.5719 5.3216
19960829 0 2.7223 1.3957
19960830 0 2.3806 0.9144
19960831 1.5 0.9799 0.7763
19960901 14.9 0.1706 1.8568
19960902 0 0.1915 1.8826
19960903 0.1 0.5131 1.1537
19960904 0 0.8769 0.9172
19960905 0 2.169 0.7802
19960906 0 2.4702 0.671
19960907 0 2.7261 0.582
19960908 0 2.2943 0.5643
19960909 0 2.0483 0.499
19960910 0 2.7377 0.4913
19960911 0 2.2362 0.4258
19960912 4 1.6074 0.4316
19960913 13.8 0.8055 0.8584
19960914 6.5 0.4193 2.1833
19960915 0.1 1.8435 0.8325
19960916 0 2.1171 0.6182
19960917 0 1.2977 0.5304
19960918 0 0.2119 0.5304
19960919 0 0.8044 0.4792
19960920 2.2 0.4917 0.4747
19960921 4.4 1.0936 0.5236
19960922 0.7 0.1193 0.5151
19960923 28.6 0.1387 7.3323
19960924 4.7 0.645 3.8661
19960925 0 1.6512 2.4125
19960926 0 1.4182 1.4863
19960927 3.3 0.979 1.1966
19960928 2.1 0.8642 1.3276
19960929 0 1.2005 1.0105
19960930 0 2.397 0.8654
19961001 4.1 1.9124 0.8257
19961002 3.9 0.3495 0.993
19961003 0 1.7571 0.8495
19961004 0.1 1.793 0.7305
19961005 3.7 0.1935 0.7588
19961006 0 0.2343 0.7386
19961007 0 0.1935 0.6458
19961008 0.2 0.1442 0.6216
19961009 3.3 0.0412 0.6385
19961010 1.1 0.2105 0.7171
19961011 0 0.2342 0.6379
19961012 0 1.6961 0.5751
19961013 0 1.7983 0.5304
19961014 0 1.5629 0.4886
19961015 1.7 0.3253 0.4709
19961016 34.7 0.0885 7.1138
19961017 9.3 0.2756 9.5445
19961018 0 0.7616 3.3227
19961019 19.6 0.1909 7.765
19961020 2 0.1684 5.3906
19961021 12 0.1482 7.35
19961022 0 0.6929 4.4523
19961023 0 0.8722 2.8585
19961024 0 0.6763 2.1309
19961025 0 1.2697 1.7191
19961026 5.9 0.3888 1.9179
19961027 0 1.1344 1.4626
19961028 0 0.803 1.2234
19961029 18.5 0.3595 2.8231
19961030 0.4 0.3737 4.554
19961031 0 1.143 2.1017
19961101 8.1 0.0681 3.4529
19961102 0 1.1825 2.5909
19961103 0 1.2254 1.9111
19961104 0 1.2813 1.5939
19961105 6.6 0.1087 1.9819
19961106 0 0.9725 1.5363
19961107 23.2 0.8348 5.133
19961108 1.5 0.5659 6.8058
19961109 0 0.9311 2.8914
19961110 0 0.5046 2.1462
19961111 0 0.2804 1.7437
19961112 0 0.4431 1.4413
19961113 15.4 0.0089 2.6418
19961114 12.6 0.0214 7.7031
19961115 0 0.033 4.0846
19961116 0 0.0846 2.7712
19961117 0 0.1283 2.2348
19961118 0.2 0.01 1.9217
19961119 3.5 0.5619 2.2176
19961120 0.5 0.2567 3.0629
19961121 4.4 0.1113 2.9038
19961122 0 0.1983 2.3348
19961123 5.9 0.5404 1.9655
19961124 1.5 0.1888 1.782
19961125 8 0.1718 2.9084
19961126 12.7 0.0784 11.0973
19961127 7.5 0.1985 6.2151
19961128 10.6 0.0486 4.0291
19961129 17.4 0.2703 3.9886
19961130 22.3 0.0505 13.3616
19961201 0.9 0.2967 6.0948
19961202 8.8 0.0942 8.0732
19961203 1 0.4371 6.1627
19961204 0 0.5293 4.5787
19961205 0 0.5376 3.8888
19961206 0 0.1443 3.3343
19961207 0 0.452 2.8316
19961208 0 0.0575 2.3794
19961209 0 0.0678 2.1047
19961210 0 0.0129 1.8876
19961211 0 0.4581 1.7008
19961212 0 0.5038 1.6008
19961213 7.2 0.0167 2.5245
19961214 6.1 0.0317 7.7051
19961215 0 0.0736 4.5499
19961216 0 0.2242 3.4431
19961217 0.2 0.445 3.4863
19961218 1 0.4971 7.5091
19961219 0 0.1768 4.9375
19961220 9.1 0.0753 9.169
19961221 0 0.0487 7.344
19961222 6.9 0.0574 6.7612
19961223 20.8 0.013 11.0887
19961224 0.5 0.0117 10.0972
19961225 0.1 0 4.6859
19961226 0 0.0371 3.089
19961227 0 0.0492 2.4633
19961228 0.1 0.0223 2.1683
19961229 0 0.0263 1.9022
19961230 3.8 0.0045 1.5989
19961231 0 0.0099 1.3047
19970101 0 0.0151 1.0615
19970102 0 0.0065 1.0268
19970103 0 0.1956 0.9326
19970104 0 0.0956 0.8663
19970105 0 0.0164 0.8208
19970106 0 0.0564 0.7763
19970107 0 0.0222 0.7128
19970108 0 0.1046 0.6637
19970109 0 0.1444 0.6216
19970110 1.6 0.0857 0.6216
19970111 0 0.1456 0.555
19970112 0 0.1986 0.5145
19970113 0 0.264 0.4718
19970114 0 0.5636 0.9378
19970115 0 0.622 0.7514
19970116 0 0.6308 0.7475
19970117 0 0.6497 0.6527
19970118 0 0.572 0.5477
19970119 1 0.1709 0.528
19970120 1.5 0.1654 0.7055
19970121 1.2 0.0854 0.9871
19970122 0 0.2643 0.998
19970123 0 0.3055 1.2758
19970124 0 0.3624 1.2774
19970125 0 0.5435 1.0131
19970126 0 0.0466 0.9165
19970127 0 0.1005 0.8212
19970128 0 0.0479 0.775
19970129 0 0.0481 0.6967
19970130 0 0.1514 0.6216
19970131 0 0.2083 0.6199
19970201 0 0.1463 0.5528
19970202 0 0.6981 0.5127
19970203 0 0.795 0.5657
19970204 0 0.8463 0.6321
19970205 7.2 0.19 1.537
19970206 0 0.9777 1.1518
19970207 0 1.2364 0.7487
19970208 0 1.0519 0.6454
19970209 0 1.2384 0.6035
19970210 0 1.2225 0.603
19970211 2.3 0.1156 1.0491
19970212 7.4 0.6583 3.7883
19970213 6.9 0.1971 2.375
19970214 14.7 0.1821 8.6012
19970215 26.6 0.016 16.3673
19970216 0 0.4644 5.8447
19970217 0 0.8597 4.052
19970218 5.6 0.3651 4.9991
19970219 0.1 0.9804 4.4468
19970220 2.7 0.5695 3.3345
19970221 0 1.4405 2.4491
19970222 0 1.4771 1.9578
19970223 0 1.2651 1.6572
19970224 0.1 0.898 1.4934
19970225 4.9 0.1917 1.5027
19970226 32.4 0.0447 10.1914
19970227 2 0.3163 9.6472
19970228 0 1.471 4.2465
19970301 0 1.3831 2.8901
19970302 0 1.9181 2.1724
19970303 0 1.235 1.74
19970304 0 1.3952 1.5143
19970305 2.4 0.6955 1.349
19970306 0 0.623 1.2136
19970307 0 0.3508 1.0798
19970308 0 1.5247 0.9532
19970309 0 1.1667 0.8825
19970310 0 2.0482 0.8206
19970311 0 2.046 0.7356
19970312 0 1.9425 0.6866
19970313 0 1.4901 0.6393
19970314 0.1 1.6763 0.6171
19970315 0.3 0.6182 0.5723
19970316 1.2 1.0399 0.5797
19970317 0 1.3416 0.5304
19970318 0 2.1425 0.4985
19970319 7.4 0.6096 0.6299
19970320 3.4 0.3047 0.995
19970321 1.1 0.6192 0.6645
19970322 0 1.3641 0.5719
19970323 0.8 1.0183 0.537
19970324 6.4 0.7681 0.8729
19970325 1.2 0.5841 0.6862
19970326 0 2.0103 0.6619
19970327 0.1 1.475 0.5517
19970328 12.5 0.2186 2.4423
19970329 1.4 0.8023 1.5478
19970330 0 1.2276 1.2067
19970331 0 2.348 0.9101
19970401 0 2.8208 0.7467
19970402 0 2.8727 0.6501
19970403 0.1 2.5681 0.5759
19970404 9.2 0.3453 0.8563
19970405 0.2 0.5389 0.7753
19970406 8.1 0.7107 2.5042
19970407 0 2.6604 1.3576
19970408 0 2.7304 0.9328
19970409 0 3.0347 0.7687
19970410 0 2.3522 0.6678
19970411 4.5 2.7899 0.6668
19970412 0 1.9167 0.6018
19970413 0 2.7717 0.5304
19970414 0 3.0303 0.4955
19970415 0 1.0326 0.4732
19970416 0 1.5358 0.4455
19970417 0 2.5891 0.4238
19970418 0 3.0731 0.3744
19970419 0.3 2.9834 0.3744
19970420 13.9 0.5389 0.6442
19970421 0 1.6828 0.6741
19970422 0 2.1663 0.5311
19970423 0 2.9825 0.4165
19970424 0 3.4375 0.3744
19970425 0 3.3143 0.3433
19970426 22.1 0.8002 1.2199
19970427 13.5 0.5965 3.9746
19970428 5.6 2.1516 1.7053
19970429 27.8 0.8428 11.0548
19970430 12.2 0.4528 9.3388
19970501 0 2.1765 5.6327
19970502 0 3.8234 2.8385
19970503 0 4.1683 1.9647
19970504 0 3.0567 1.5382
19970505 2.7 1.2957 1.3534
19970506 13.5 1.0006 2.4259
19970507 0.3 1.9876 1.665
19970508 2.6 1.2326 1.5353
19970509 11.2 1.4195 2.3624
19970510 1.5 2.7365 3.5992
19970511 0 3.7334 1.8149
19970512 0 0.9318 1.3801
19970513 0 2.3083 1.1266
19970514 0 1.8019 1.0059
19970515 1.8 4.1497 0.9311
19970516 2.7 3.6312 0.8487
19970517 0 4.0662 0.7555
19970518 0.1 1.5269 0.6583
19970519 0 3.9865 0.6073
19970520 23 0.8873 1.6386
19970521 2.3 2.0759 1.2469
19970522 2.6 1.8997 0.8719
19970523 0 2.5449 0.6748
19970524 1.1 0.5401 0.6281
19970525 0 3.5483 0.5691
19970526 0 4.0041 0.5015
19970527 0 4.6087 0.4396
19970528 0 2.9907 0.4208
19970529 0 4.1123 0.3744
19970530 0 4.4537 0.3543
19970531 0 4.2678 0.3365
19970601 0 1.1543 0.312
19970602 0 1.5534 0.312
19970603 20.3 1.8719 0.5964
19970604 0.1 4.5526 0.5056
19970605 0 3.1859 0.3484
19970606 0 2.4962 0.3097
19970607 0 4.4448 0.2847
19970608 38.5 3.5152 3.5418
19970609 0 4.437 1.7165
19970610 0 4.8055 0.6681
19970611 3.6 2.8985 0.5173
19970612 0.5 2.8306 0.5135
19970613 12.7 2.7387 0.7363
19970614 22.6 1.9153 2.7461
19970615 0.1 3.6289 1.6761
19970616 2.9 3.3666 0.866
19970617 7.8 2.6762 0.7425
19970618 5.3 1.9892 2.0186
19970619 6.6 0.4348 1.2534
19970620 10.6 2.6159 3.8095
19970621 7.8 0.8968 1.8495
19970622 25.3 1.4663 11.9613
19970623 3.5 1.4509 4.5362
19970624 16.5 1.3318 6.35
19970625 1.4 1.892 4.2585
19970626 16.5 1.1834 5.2988
19970627 8 0.2553 7.4021
19970628 0.1 2.5963 3.7502
19970629 9.5 1.6282 3.4569
19970630 6.9 2.7745 4.5066
19970701 0 2.9767 2.4322
19970702 0 3.6445 1.7477
19970703 6.6 1.9476 2.593
19970704 6.5 0.8817 2.6967
19970705 28.4 0.4054 10.0869
19970706 19.9 0.6413 13.0595
19970707 3.7 2.5002 8.8157
19970708 0 4.1831 4.1009
19970709 0 4.1824 2.7345
19970710 0 3.8414 2.0003
19970711 0.4 2.7977 1.6718
19970712 0 2.575 1.3578
19970713 0 4.1076 1.1364
19970714 10.3 1.9807 1.0983
19970715 2.9 3.4559 1.4615
19970716 0 4.5333 0.9125
19970717 3.2 2.0625 0.8153
19970718 25 1.1182 2.6696
19970719 18 0.407 7.7427
19970720 2.1 2.2303 4.2773
19970721 0 3.9192 2.1746
19970722 0 4.3308 1.5606
19970723 6.1 1.2211 1.5144
19970724 0 3.6373 1.1843
19970725 28.7 0.6772 4.8079
19970726 14 1.6909 12.2797
19970727 0 3.9393 3.6595
19970728 0 3.148 2.3593
19970729 2.7 2.4804 1.8729
19970730 0 4.1549 1.4725
19970731 0.6 1.7834 1.2258
19970801 18.4 0.2781 3.1447
19970802 9.1 0.938 4.1913
19970803 0 2.9185 2.3056
19970804 0 4.5074 1.5695
19970805 0 4.1905 1.2792
19970806 6.5 1.0868 1.2782
19970807 0.1 1.8379 1.0894
19970808 7.6 2.1112 1.2071
19970809 0 4.1808 0.9468
19970810 0 4.3537 0.7747
19970811 0 4.1552 0.6732
19970812 0 3.1807 0.6099
19970813 0 2.9641 0.5754
19970814 0 3.5094 0.5206
19970815 0 3.0496 0.4895
19970816 0 3.358 0.4595
19970817 0 1.698 0.4305
19970818 1.9 2.3381 0.4325
19970819 0 3.4647 0.4003
19970820 0 3.5771 0.3441
19970821 0 2.9612 0.3338
19970822 0 3.2167 0.2969
19970823 0 3.8295 0.2855
19970824 0 3.4186 0.2802
19970825 0 3.7101 0.2641
19970826 2.1 1.5832 0.2599
19970827 1 2.6288 0.2695
19970828 43.6 0.3138 3.7575
19970829 6.6 1.9594 1.538
19970830 1.2 1.04 0.8151
19970831 0 3.5748 0.5726
19970901 0 3.583 0.4674
19970902 0.8 1.0631 0.4065
19970903 0.3 0.837 0.3744
19970904 0 2.0399 0.3557
19970905 0 3.3526 0.3455
19970906 4.5 1.642 0.3261
19970907 4.9 0.7379 0.5541
19970908 0 2.7607 0.3497
19970909 0 3.2118 0.2916
19970910 0 1.6162 0.2769
19970911 0 2.9892 0.2481
19970912 17.1 3.0397 0.5743
19970913 22.4 0.4235 4.392
19970914 0 1.4815 1.6679
19970915 0 2.6114 0.7633
19970916 0 2.8099 0.5805
19970917 0 2.8421 0.4908
19970918 0 2.7826 0.4187
19970919 0 2.8036 0.3744
19970920 1.3 0.1389 0.3909
19970921 0 0.8275 0.3703
19970922 0 2.2675 0.3477
19970923 0 1.896 0.312
19970924 0 1.6566 0.2826
19970925 0 0.4295 0.293
19970926 0 1.2522 0.2862
19970927 0 2.136 0.2501
19970928 0 2.2409 0.2414
19970929 0 2.3685 0.2272
19970930 0 2.0354 0.2118
19971001 0 1.6284 0.2016
19971002 0 1.9269 0.1923
19971003 0 1.9136 0.1867
19971004 0 2.0512 0.1892
19971005 0 2.2985 0.1818
19971006 0 2.0795 0.1713
19971007 2.3 0.5938 0.1827
19971008 0 1.5454 0.182
19971009 0 1.6301 0.1536
19971010 11.5 0.3171 0.3648
19971011 3.8 0.4735 0.2485
19971012 50.1 0.281 10.6434
19971013 8.1 0.52 3.7605
19971014 1.3 0.6558 1.9748
19971015 7.1 0.2027 3.1313
19971016 2.6 0.2672 2.4924
19971017 0 1.3626 1.6744
19971018 0 1.2293 1.1608
19971019 0 1.5458 0.9384
19971020 0 1.5174 0.7901
19971021 0 0 0.7128
19971022 0 0.1225 0.6559
19971023 0 0.236 0.6216
19971024 0 0.4343 0.5448
19971025 0 0.9902 0.4839
19971026 0 1.1748 0.4512
19971027 0 0.2141 0.4347
19971028 0 0.5126 0.3914
19971029 0 0.7155 0.3744
19971030 0 0.2623 0.3744
19971031 0 0.7089 0.3744
19971101 0 0.9027 0.3508
19971102 0 1.0817 0.312
19971103 0 1.0209 0.312
19971104 0 0.3864 0.312
19971105 0 0.8577 0.312
19971106 0 0.5298 0.3029
19971107 0 0.5892 0.2591
19971108 4 0.128 0.3292
19971109 2.5 0.1067 0.3592
19971110 0 0.8226 0.3104
19971111 0 0.4925 0.2841
19971112 7.4 0.0139 0.5912
19971113 0.4 0.272 0.6134
19971114 0 0.2808 0.4032
19971115 0 0.5766 0.3323
19971116 1.2 0.3713 0.3294
19971117 0 0.027 0.312
19971118 0 0.2656 0.312
19971119 0 0.0089 0.2975
19971120 7.3 0.3338 0.5742
19971121 1.7 0.4526 0.87
19971122 0 0.2369 0.5495
19971123 0 0.0027 0.436
19971124 0 0.0791 0.3744
19971125 0 0.1852 0.3674
19971126 0 0.3599 0.3242
19971127 0 0.1491 0.312
19971128 1.4 0.4716 0.3152
19971129 1 0.3748 0.3594
19971130 3.5 0.3189 0.487
19971201 6.6 0 1.6046
19971202 3.5 0 1.4982
19971203 3.9 0.0269 0.9012
19971204 0.1 0.0221 0.9232
19971205 0 0.1807 0.9288
19971206 0 0.0363 0.8748
19971207 0 0.5831 0.7824
19971208 0 0.1219 0.7559
19971209 0.8 0.119 0.9861
19971210 1 0.3546 1.0369
19971211 35.5 0.044 8.8977
19971212 24.3 0.0788 22.3776
19971213 8.7 0.0271 12.3375
19971214 2.8 0.2116 5.1455
19971215 2.8 0.0287 3.2411
19971216 0 0.0862 2.3756
19971217 0 0.1518 1.9199
19971218 0 0.141 1.9872
19971219 0 0.3308 2.0809
19971220 15.2 0.0133 4.4585
19971221 63.8 0 40.3511
19971222 3.5 0 20.0651
19971223 0 0.2156 7.1307
19971224 0.1 0.1801 4.3138
19971225 0.1 0.5634 3.1125
19971226 26.6 0.1396 14.4535
19971227 6.4 0.2668 5.866
19971228 1.8 0.0545 5.8395
19971229 0 0.2178 3.8283
19971230 0 0.3229 2.7537
19971231 0 0.3026 2.2104
19980101 0 0.3848 1.8226
19980102 10.4 0.0787 3.2008
19980103 8.8 0.1244 4.0692
19980104 7.6 0.5532 5.9661
19980105 2.2 0.6076 5.3298
19980106 10.1 0.0238 6.5719
19980107 1.9 0.2419 5.4555
19980108 0 0.6646 3.4009
19980109 0 0.6702 2.5414
19980110 0 0.6629 2.0575
19980111 0 0.6752 1.6774
19980112 0 0.6525 1.429
19980113 0 0.5306 1.2808
19980114 1.5 0.4924 1.1944
19980115 0.1 0.4464 1.095
19980116 16 0.0134 3.2874
19980117 4.6 0.1503 5.2864
19980118 4.5 0.4078 2.4472
19980119 15 0.3573 9.5686
19980120 7.8 0.1608 6.097
19980121 3.7 0.1056 3.434
19980122 0 0.0301 2.708
19980123 0 0.1299 2.224
19980124 1.6 0.0573 1.974
19980125 1.7 0.0188 1.7409
19980126 0 0.0401 1.559
19980127 0 0.2593 1.3915
19980128 0 0.5367 1.2463
19980129 0 0.2549 1.1024
19980130 0 0.4682 1.0382
19980131 0 0.216 1.0195
19980201 0 0.1992 0.8799
19980202 0 0.6208 0.9527
19980203 0 0.438 0.7935
19980204 0 0.3291 0.7824
19980205 0 0.8904 0.8344
19980206 0 0.6958 1.0796
19980207 1.7 0.8069 1.1819
19980208 0 0.9608 0.8211
19980209 0 1.0306 0.7168
19980210 0 1.1088 0.8952
19980211 0 1.2653 1.13
19980212 0 1.2069 1.3365
19980213 0 1.3134 1.3169
19980214 0 1.2745 1.4293
19980215 0 1.3327 1.3617
19980216 0 1.1459 1.6963
19980217 0 0.2536 1.4072
19980218 0 1.2364 0.9454
19980219 0 1.4773 0.82
19980220 0 1.498 0.7308
19980221 0 1.5345 0.6798
19980222 6.8 0.2542 0.8179
19980223 13 0.1444 2.9049
19980224 0.4 0.2357 2.8915
19980225 0.8 0.5894 1.6661
19980226 0 0.858 1.3085
19980227 0 1.2614 1.1195
19980228 0 0.3874 0.9741
19980301 9.7 0.2167 1.1122
19980302 0 0.8721 1.7646
19980303 0 1.0938 1.5709
19980304 0 0.8753 1.1854
19980305 5.5 0.8838 1.4443
19980306 3.8 0.5708 1.2822
19980307 7.7 0.9288 2.2431
19980308 14.3 0.4252 9.3388
19980309 13.7 1.0792 8.4397
19980310 0 1.6687 4.3942
19980311 0 0.9196 3.1436
19980312 5.8 0.1406 2.5382
19980313 1.2 0.4542 2.5744
19980314 0 0.3154 2.3034
19980315 8 0.1957 3.4366
19980316 9.1 0.3613 8.8822
19980317 0.4 0.2234 4.4795
19980318 0 0.9334 2.9647
19980319 2.3 0.5512 2.4137
19980320 1.1 0.591 1.943
19980321 2.8 0.5188 2.2896
19980322 0 1.9327 1.8783
19980323 6.2 0.3554 1.6739
19980324 0.4 0.1007 1.5064
19980325 0 1.7844 1.798
19980326 0 2.2347 1.7807
19980327 0 0.9508 1.5445
19980328 0 2.187 1.3506
19980329 0 2.9246 1.154
19980330 0 2.6303 0.9917
19980331 0 2.7679 0.9228
19980401 0.1 1.53 0.8501
19980402 12.2 2.1529 1.2328
19980403 3.3 1.9602 1.5276
19980404 6.7 0.42 1.7236
19980405 6.1 0.7351 1.8269
19980406 0 1.7296 1.9293
19980407 5.7 0.555 1.8561
19980408 1.1 2.0054 1.7504
19980409 0 1.8937 1.3353
19980410 4.9 2.039 1.2593
19980411 0 1.8772 1.1491
19980412 6.2 0.8624 2.8439
19980413 4.2 0.5983 2.7358
19980414 0 2.435 3.5661
19980415 0 1.2046 2.6359
19980416 1.9 1.8917 2.0742
19980417 2.6 1.3329 1.715
19980418 7.9 0.4511 2.7884
19980419 2.2 1.4537 3.9414
19980420 0.4 3.2624 2.446
19980421 13.4 1.2961 4.8658
19980422 0 3.621 2.8681
19980423 0 3.5162 2.0398
19980424 3 1.0536 1.7524
19980425 0.2 3.2666 1.4179
19980426 0.1 2.7345 1.2247
19980427 0.4 2.9946 1.1019
19980428 7.7 0.4469 1.316
19980429 0 1.3878 1.0277
19980430 0 3.5419 0.8734
19980501 8.4 0.8077 1.0083
19980502 14 0.9881 2.4274
19980503 0.4 1.7082 2.5611
19980504 0.5 0.0772 1.3879
19980505 0 2.0208 1.1052
19980506 0 2.0938 0.9487
19980507 0 3.8798 0.8325
19980508 0 4.104 0.7517
19980509 0 3.5354 0.6637
19980510 0 4.2295 0.6182
19980511 0 4.4894 0.57
19980512 0 4.4171 0.51
19980513 0 4.3065 0.4848
19980514 0 4.093 0.4379
19980515 0 4.3178 0.41
19980516 0 4.0216 0.3781
19980517 0.6 2.5689 0.3627
19980518 0.1 2.3133 0.3438
19980519 0 4.0166 0.3322
19980520 0 4.1595 0.2936
19980521 0.3 2.5369 0.2812
19980522 2.6 1.2057 0.3208
19980523 0 2.5463 0.272
19980524 0 1.9689 0.2667
19980525 1.4 0.9651 0.2589
19980526 5.6 1.4787 0.247
19980527 0 2.9673 0.3212
19980528 0 1.8778 0.2451
19980529 1.9 0.53 0.2564
19980530 0 3.9389 0.226
19980531 1.6 2.7846 0.194
19980601 0 4.3083 0.1878
19980602 3.4 4.1771 0.1804
19980603 6.8 1.0757 0.2953
19980604 0.1 2.9476 0.1897
19980605 0 3.9429 0.1709
19980606 0 4.4064 0.1365
19980607 11.9 1.1649 0.2522
19980608 1.7 1.6783 0.245
19980609 0 4.7418 0.1592
19980610 16.3 1.1423 0.4775
19980611 34.5 0.9461 2.0923
19980612 40.8 0.4218 10.036
19980613 3.1 1.5751 3.7963
19980614 0.3 0.9076 1.4769
19980615 7.8 1.0747 1.2205
19980616 3.4 0.939 1.1683
19980617 0 2.1438 0.8562
19980618 0 3.1574 0.6373
19980619 0 4.6246 0.5338
19980620 0 4.9713 0.4573
19980621 0 5.0712 0.4061
19980622 2.7 2.5152 0.3724
19980623 0.1 2.4568 0.3541
19980624 0 4.2389 0.3259
19980625 5.2 4.3768 0.3475
19980626 7.8 1.2356 0.4557
19980627 23.6 2.8456 1.1279
19980628 1.2 0.6592 0.7463
19980629 0 1.871 0.4211
19980630 0.7 2.4873 0.3391
19980701 0 2.1699 0.3
19980702 22.9 0.5001 2.0749
19980703 8.9 1.1773 0.9557
19980704 0 1.6005 0.922
19980705 0 1.8356 0.5554
19980706 0 4.2125 0.4431
19980707 5.2 1.5826 0.4406
19980708 8.9 1.1858 0.6453
19980709 0 1.5727 0.4077
19980710 1.2 0.5492 0.3599
19980711 0.9 2.1435 0.3339
19980712 0 4.4969 0.2685
19980713 18.1 2.3889 0.5236
19980714 1.6 2.0858 0.6228
19980715 0 2.1829 0.3295
19980716 10.2 1.2756 0.4155
19980717 0.8 2.5441 0.5036
19980718 0 3.0475 0.3021
19980719 0 4.762 0.2679
19980720 0 4.6871 0.2258
19980721 0.1 3.383 0.2037
19980722 0 1.9705 0.2106
19980723 0 5.1136 0.1785
19980724 8.8 1.0599 0.3306
19980725 1.4 1.8644 0.2348
19980726 0 2.9557 0.185
19980727 35.7 0.4869 1.4574
19980728 9.8 1.9901 4.3078
19980729 0.7 1.7389 0.8592
19980730 0 4.2383 0.5241
19980731 4.7 0.935 0.5383
19980801 17.4 1.8938 1.3709
19980802 2.8 0.5228 1.1495
19980803 0.4 0.3309 0.8958
19980804 1 1.079 0.6977
19980805 0.1 1.6633 0.5964
19980806 0 4.7404 0.4711
19980807 0 5.0263 0.3805
19980808 0 5.209 0.341
19980809 0 5.0858 0.2902
19980810 0 4.7091 0.2802
19980811 0 4.7923 0.2377
19980812 0 4.2006 0.2272
19980813 0.1 1.7664 0.2214
19980814 0 4.0185 0.2096
19980815 0 3.7159 0.1813
19980816 0 3.9876 0.1787
19980817 0 3.5418 0.1615
19980818 1.8 0.5768 0.1822
19980819 0.1 2.8124 0.1781
19980820 0 3.0981 0.1417
19980821 18.7 0.8094 0.4521
19980822 41.5 0.6212 2.8895
19980823 1.1 3.05 3.3793
19980824 22.6 0.839 4.8955
19980825 5.6 2.9308 4.1443
19980826 0 3.6566 1.3564
19980827 0 0.2722 0.9175
19980828 0 2.4592 0.7168
19980829 0 1.6466 0.5852
19980830 0 2.1426 0.5097
19980831 0 3.1961 0.4657
19980901 1.3 1.4072 0.4341
19980902 1.6 1.9831 0.4112
19980903 9.3 0.7656 0.6284
19980904 0.8 1.8745 0.42
19980905 44 0.7628 10.8668
19980906 4.2 1.8731 4.3363
19980907 0.4 0.9747 2.0787
19980908 0.1 1.5038 1.4076
19980909 0 3.1148 1.0481
19980910 24 2.4269 2.2559
19980911 47.2 0.0876 22.0681
19980912 25.9 0.4746 22.5907
19980913 10 0.933 11.3447
19980914 7 0.6275 8.016
19980915 1 0.771 4.9871
19980916 5 0.9147 3.7205
19980917 7.4 0.3655 4.719
19980918 0.1 0.9586 3.5889
19980919 0 1.3783 2.436
19980920 0 1.7161 1.8493
19980921 0 0.8825 1.5277
19980922 0 0.7093 1.3018
19980923 0 0.9379 1.1882
19980924 0 2.065 1.0836
19980925 0 2.2352 0.9589
19980926 0 1.1565 0.8696
19980927 16.5 1.1464 1.203
19980928 2 1.4088 2.2432
19980929 4.6 1.3194 1.5366
19980930 18.8 0.3886 2.0803
19981001 8.8 0.4785 8.1966
19981002 0 1.1435 3.159
19981003 7.1 0.9172 2.4024
19981004 3.7 0.3012 3.0918
19981005 0.2 0.7596 2.5681
19981006 0 0.1191 1.939
19981007 12.6 0.0389 2.9714
19981008 0.6 0.2378 3.7969
19981009 0 0.695 2.4102
19981010 0.6 1.0364 1.8992
19981011 6.9 0.1364 2.1054
19981012 1 0.4273 3.0001
19981013 0.3 1.3959 1.9919
19981014 0 0.5678 1.6228
19981015 1.8 0.695 1.4327
19981016 0.4 1.5558 1.3316
19981017 4.5 1.8634 1.1577
19981018 15.4 0.48 6.4383
19981019 0.3 0.1928 2.5525
19981020 0.1 0.7819 1.8508
19981021 0 0.7007 1.5434
19981022 0 1.4191 1.3156
19981023 1.9 0.9899 1.168
19981024 21 0.8067 6.1194
19981025 33.6 0.3893 19.1413
19981026 14.1 0.295 11.132
19981027 1 0.4554 10.7079
19981028 0.3 0.1742 5.0228
19981029 31 0 14.6352
19981030 17.6 0.2134 14.1653
19981031 1 0.3694 11.7921
19981101 18.6 0.0673 15.4201
19981102 0.1 1.0536 7.9269
19981103 20.4 0.0424 9.5806
19981104 19.1 0.0667 20.2245
19981105 2.4 0.3116 11.0219
19981106 0 1.1234 6.1796
19981107 0 0.8936 4.1805
19981108 0 1.005 3.0964
19981109 3.1 0.1633 2.6565
19981110 33.6 0 12.6438
19981111 0.8 0.504 9.7746
19981112 0.4 0.6176 4.8902
19981113 0.7 0.6961 3.7671
19981114 8.6 0.0011 4.1804
19981115 8.8 0.1389 8.3557
19981116 6.5 0.124 6.9023
19981117 1 0.2587 4.8954
19981118 0 0.4051 3.7065
19981119 0.7 0.27 2.9516
19981120 0.6 0.0635 2.4288
19981121 0.2 0.2566 2.0734
19981122 0 0.2914 1.8065
19981123 0 0.3848 1.5837
19981124 0 0.4055 1.435
19981125 0 0.4012 1.3386
19981126 0 0.2124 1.2627
19981127 3.4 0.1436 1.3846
19981128 0 0.363 1.5094
19981129 6.2 0.0927 1.429
19981130 0.8 0 1.2867
19981201 0 0 1.2322
19981202 0 0 1.2178
19981203 0 0.0142 1.1895
19981204 0.8 0.0151 1.1597
19981205 1 0.0519 1.115
19981206 1.5 0.1476 1.1099
19981207 1.1 0.1077 1.1319
19981208 0.1 0.4852 1.3082
19981209 0.1 0.2666 1.7746
19981210 4.3 0.0538 2.3028
19981211 9 0.0586 8.1301
19981212 3.7 0.1208 9.5223
19981213 2.3 0.2606 19.441
19981214 0 0.1844 7.4889
19981215 0 0.5433 4.6311
19981216 0 0.2904 3.3297
19981217 0 0.3376 2.6178
19981218 0 0.6216 2.1246
19981219 0.9 0.1116 1.8815
19981220 4.8 0.1228 1.6764
19981221 3.4 0.1885 1.4772
19981222 0.1 0.2981 1.3012
19981223 0 0.5319 1.4208
19981224 0.7 0.0804 1.2673
19981225 0 0.5967 1.043
19981226 0 0.3466 1.2292
19981227 0 0.1642 1.8961
19981228 0 0.5523 1.3562
19981229 0 0.5539 1.1129
19981230 0 0.5417 0.9776
19981231 0 0.3582 0.9005
19990101 0 0.0125 0.854
19990102 0 0.4887 0.8037
19990103 2.6 0.2942 0.8972
19990104 0.9 0.2902 1.0241
19990105 0 0.4951 0.8905
19990106 0 0.6677 0.7853
19990107 0.1 0.5501 0.7299
19990108 26.9 0.189 7.8775
19990109 1.7 0.0558 6.1415
19990110 0 0.0149 2.779
19990111 1.3 0 2.0104
19990112 1.6 0.2773 1.6369
19990113 2.8 0.0707 1.4817
19990114 1 0.088 1.421
19990115 0 0.6257 1.4636
19990116 0 0.4874 1.4604
19990117 0 0.6634 1.4713
19990118 0 0.6069 1.4498
19990119 0 0.7189 1.4204
19990120 0 0.8014 1.3665
19990121 0 0.8333 1.2909
19990122 0 0.8322 1.1906
19990123 0 0.8704 1.0993
19990124 0 0.7762 1.0314
19990125 0 0.5534 1.0739
19990126 17.7 0.3747 6.9113
19990127 3.7 0.0928 4.9627
19990128 9.8 0.0698 2.9684
19990129 7.7 0.1874 2.9673
19990130 1.3 0.0854 2.289
19990131 1.8 0.1558 2.1878
19990201 0 0.317 5.8455
19990202 0 0.4653 2.079
19990203 0.1 0.4237 1.3958
19990204 0 0.3569 1.5772
19990205 11 0.0294 10.0237
19990206 2.6 0.1017 5.6872
19990207 10.7 0.1192 3.6941
19990208 0.1 0.2973 2.8256
19990209 27.4 0 2.5645
19990210 0 0.1201 2.1483
19990211 1.3 0.1388 1.9192
19990212 0 0.2304 1.7568
19990213 0 0.1998 1.7601
19990214 0.1 0.4032 1.6849
19990215 0 0.9958 1.5947
19990216 2.3 0.2537 1.5065
19990217 4.7 0.1249 1.4238
19990218 7.1 0.1397 1.4182
19990219 26.7 0.271 15.3867
19990220 43.1 0.141 60.0866
19990221 27.3 0.0547 48.0293
19990222 29.8 0.1347 44.9269
19990223 0.1 0.2423 11.5273
19990224 11.2 0.2071 6.9757
19990225 1.2 0.4953 4.9402
19990226 0 1.4496 4.0303
19990227 0 1.6629 3.9154
19990228 0 0.4948 4.2432
19990301 0.2 0.9273 5.3032
19990302 8.1 0.831 24.9532
19990303 0 1.1968 15.3082
19990304 11.6 0.2864 8.6657
19990305 0.8 0.511 6.8128
19990306 3 0.8047 4.8939
19990307 1.5 0.8135 3.7817
19990308 3.1 1.2298 3.1738
19990309 8.9 0.9365 11.9621
19990310 5.9 1.2639 8.0094
19990311 0.1 0.5276 9.1643
19990312 0 2.0913 6.572
19990313 0 2.223 5.1238
19990314 0.1 2.2246 4.1585
19990315 0 2.0339 3.5753
19990316 0 1.2467 3.0492
19990317 0 0.8706 2.4113
19990318 0 1.0063 1.94
19990319 1.2 0.3432 1.706
19990320 3.2 0.76 1.6456
19990321 0 1.3508 1.4345
19990322 19 0.4746 7.0193
19990323 4.7 0.3434 6.4186
19990324 0 2.2228 5.43
19990325 0 1.8958 3.3844
19990326 0 1.2973 2.6615
19990327 5.5 0.4109 2.7038
19990328 0 0.4349 2.3203
19990329 0 0.4275 1.9028
19990330 0 1.0163 1.7231
19990331 0 1.4957 1.5426
19990401 0 2.3707 1.4114
19990402 1 1.9826 1.3154
19990403 0 1.417 1.2202
19990404 0.3 0.7461 1.155
19990405 0 1.6292 1.0449
19990406 0.1 2.0779 0.9562
19990407 29.5 0.5181 6.3776
19990408 2.1 0.6388 4.1926
19990409 0 1.584 2.3836
19990410 0 2.568 1.7813
19990411 11.3 0.5495 2.9449
19990412 7.6 1.2005 3.2467
19990413 20 0.9112 10.9042
19990414 1.9 2.2455 9.1261
19990415 8.9 0.4839 5.266
19990416 10.4 0.4586 5.0282
19990417 2.2 1.1964 7.2559
19990418 5.7 0.8248 7.7305
19990419 8.9 1.2438 7.8436
19990420 0 1.1226 6.3196
19990421 8.9 0.716 6.278
19990422 0.9 2.524 5.3114
19990423 4.3 2.6218 3.815
19990424 2.8 0.8237 3.584
19990425 0.4 1.8489 2.9055
19990426 0 2.9035 2.3003
19990427 0 2.1972 1.9051
19990428 0 1.0854 1.6426
19990429 7.5 2.7671 1.5315
19990430 3.6 1.8826 1.9814
19990501 0 2.6721 1.3532
19990502 0 3.8632 1.1698
19990503 0 3.6037 1.0494
19990504 0 1.5944 0.9899
19990505 0 1.393 0.912
19990506 16.9 1.2337 1.829
19990507 0.6 3.3116 1.0701
19990508 14.3 0.4005 2.1357
19990509 0.4 3.2155 1.8388
19990510 1.2 3.3448 1.2343
19990511 37 0.7544 9.3383
19990512 129.2 0.1655 84.6285
19990513 23.2 0.8715 35.8335
19990514 31.2 0.2995 27.7473
19990515 8.6 1.2519 15.9071
19990516 0 2.8986 6.7753
19990517 0.4 1.8955 4.2952
19990518 1.3 2.9166 2.7473
19990519 3.1 0.8313 2.268
19990520 7.5 0.968 2.5856
19990521 37.8 0.1684 13.7581
19990522 11.2 0.444 15.2585
19990523 1.2 1.1497 8.2514
19990524 0 4.1337 4.7488
19990525 0 3.6214 3.3146
19990526 0.1 4.1828 2.5052
19990527 0 4.4981 1.9671
19990528 0 3.6746 1.6227
19990529 0 4.7694 1.3983
19990530 0 4.1284 1.2194
19990531 0.7 3.1755 1.0755
19990601 0 4.6754 0.973
19990602 21.5 3.1503 1.5217
19990603 11.7 3.822 1.303
19990604 13.5 2.0118 4.7448
19990605 0 3.4302 1.5897
19990606 8.4 0.1279 1.5627
19990607 2.3 2.1124 1.494
19990608 25.9 1.0063 9.041
19990609 0 3.5827 3.3411
19990610 33.9 0.614 7.0471
19990611 8.6 0.9891 13.6719
19990612 4.2 3.0259 4.7265
19990613 5.5 3.0599 3.3379
19990614 9.6 0.9968 4.879
19990615 0.9 0.5195 3.5124
19990616 0 2.7375 2.6289
19990617 0 3.5221 2.0423
19990618 6.4 0.747 1.927
19990619 0 1.8253 1.6266
19990620 0 4.1104 1.3458
19990621 34.4 0.8969 9.5881
19990622 8.6 1.5804 5.3366
19990623 0 4.2918 3.7707
19990624 0 4.6237 2.4372
19990625 0 4.8452 1.8892
19990626 5.4 2.3864 1.6819
19990627 8 3.7392 2.1114
19990628 2.3 1.5258 1.8055
19990629 2.3 2.8549 1.3467
19990630 7.2 1.7459 1.7062
19990701 0 3.8187 1.3797
19990702 0 4.7539 1.0734
19990703 0 5.0374 0.9112
19990704 0 4.6295 0.8079
19990705 5.2 4.3359 0.7251
19990706 24.8 1.1942 2.0066
19990707 13.2 0.7023 4.6255
19990708 0.1 1.8995 2.1988
19990709 0.3 0.9679 1.4453
19990710 2.2 0.6842 1.2375
19990711 1.2 1.6634 1.1427
19990712 3.1 1.9836 1.0918
19990713 12.8 2.4646 2.1367
19990714 17.8 1.1501 5.7923
19990715 5.4 2.0345 4.1338
19990716 0 3.3329 2.2775
19990717 0 4.6026 1.658
19990718 0 4.289 1.3317
19990719 0 3.8385 1.1272
19990720 2.3 3.0468 1.0479
19990721 0 2.7779 0.8844
19990722 0.2 0.7283 0.8115
19990723 5.5 0.4302 0.9008
19990724 0 3.5578 0.7705
19990725 0 3.4 0.6517
19990726 0 4.1767 0.5901
19990727 0 4.1636 0.5455
19990728 8.9 0.5651 0.7651
19990729 0 2.3477 0.572
19990730 0 4.163 0.4869
19990731 0 4.0627 0.4386
19990801 0 3.5677 0.4119
19990802 0 4.0035 0.3813
19990803 0.5 1.3807 0.3734
19990804 0 2.8101 0.3593
19990805 0 2.5956 0.3393
19990806 0.3 3.8692 0.3156
19990807 2.5 3.6561 0.325
19990808 2 2.7251 0.3258
19990809 6.3 2.1305 0.3776
19990810 22.9 2.0683 1.4369
19990811 4.4 1.0378 0.6625
19990812 33.4 1.4429 3.9842
19990813 0 2.0889 3.0785
19990814 0.9 1.8607 0.9697
19990815 6 0.7088 0.9541
19990816 13.3 0.6081 1.1033
19990817 7.3 1.8565 4.1328
19990818 11 1.6986 2.0707
19990819 9.6 2.3465 2.528
19990820 31.6 1.6063 16.0985
19990821 0 3.0676 4.0993
19990822 0 2.8401 2.3044
19990823 0 3.1557 1.6584
19990824 6.2 0.7662 1.5973
19990825 0.1 3.6434 1.2369
19990826 2.8 0.4436 1.0926
19990827 0.1 1.5196 0.9832
19990828 5.1 0.7125 1.0493
19990829 0.1 1.6367 0.9408
19990830 0 2.0258 0.7711
19990831 0 3.3389 0.6708
19990901 0 2.1216 0.6094
19990902 0 3.1692 0.5601
19990903 0 2.9642 0.5222
19990904 0 1.1748 0.5049
19990905 0 2.3511 0.4769
19990906 0 1.9413 NA
19990907 0 2.8647 NA
19990908 0 3.1042 NA
19990909 0 2.2698 NA
19990910 0 3.0844 NA
19990911 0 3.0649 0.3302
19990912 0 3.0927 0.3172
19990913 0 3.1324 0.2989
19990914 0 2.9441 0.2846
19990915 0 2.5173 0.2719
19990916 0.4 0.1477 0.2928
19990917 5.9 1.3232 0.3485
19990918 0.1 0.5329 0.3539
19990919 0 1.584 0.2907
19990920 21.4 0.4747 0.6818
19990921 2.8 1.5989 0.7394
19990922 0.5 1.747 0.3762
19990923 9.8 1.9774 0.3332
19990924 3.2 2.0725 0.7974
19990925 4.2 0.437 0.4223
19990926 25.4 0.0941 3.3364
19990927 0 1.7914 1.4707
19990928 10 0.6148 1.5249
19990929 12.8 0.7488 2.4571
19990930 11.4 0.2032 4.8543
19991001 1.9 1.1208 2.7724
19991002 0 1.6607 1.4795
19991003 20.6 0.0687 4.2219
19991004 10 0.9303 7.3286
19991005 4.3 0.537 4.0024
19991006 0 0.7737 2.8369
19991007 0 1.2326 1.9036
19991008 0 1.8626 1.4342
19991009 0 0.5216 1.1771
19991010 0 1.6777 1.0112
19991011 0 0.5037 0.9049
19991012 0 1.3114 0.8157
19991013 0.1 0.1157 0.7509
19991014 0 1.319 0.6978
19991015 0 0.5899 0.6494
19991016 0 0.4767 0.6138
19991017 0 0.3683 0.5818
19991018 0 0.1101 0.5486
19991019 0.4 0.1392 0.5258
19991020 0.9 0.6387 0.5301
19991021 0 0.4773 0.4917
19991022 0 1.3282 0.4559
19991023 1.31 0.3615 0.4566
19991024 0 0.2201 0.4374
19991025 1.1 0.4331 0.4155
19991026 0 1.2055 0.4041
19991027 0 1.4665 0.3803
19991028 0 1.1409 0.3616
19991029 0.2 1.0416 0.3548
19991030 0 0.9753 0.3497
19991031 16.6 0.7424 1.3956
19991101 0 1.2772 0.5901
19991102 2.7 0.5075 0.4672
19991103 16.4 0.0317 3.7006
19991104 0 0.0757 1.6477
19991105 0 0.6833 0.9697
19991106 10.3 0.0227 2.3138
19991107 0 0.2166 1.8905
19991108 0.7 0.1787 1.2058
19991109 21.2 0.0342 3.7654
19991110 28 0.1486 11.8663
19991111 0.7 0.0365 6.281
19991112 0 0.1424 4.5921
19991113 0 0.1496 3.6475
19991114 0.5 0.1343 2.8774
19991115 4.8 0 2.6273
19991116 0.5 0.2148 2.4681
19991117 1 0.1296 2.3302
19991118 8.9 0.1518 2.0946
19991119 2 0.1847 2.0845
19991120 0 0.2648 2.026
19991121 0 0.0266 1.8782
19991122 0.5 0.1832 1.6894
19991123 7.5 0.0685 1.7135
19991124 0 0.2233 1.8487
19991125 0 0.2395 1.9316
19991126 0 0.4501 1.8532
19991127 0 0.6948 1.835
19991128 0 0.6377 1.8617
19991129 0 0.6693 1.7246
19991130 0 0.5974 1.6067
19991201 0 0.5004 1.8342
19991202 2.2 0.1915 9.8248
19991203 0 0.6424 5.0182
19991204 0 0.2061 4.6373
19991205 0 0.2548 5.0564
19991206 0 0.3104 3.0727
19991207 0 0.7371 2.689
19991208 1.5 0.1383 4.0613
19991209 0 0.1493 2.7987
19991210 2.6 0.1118 2.922
19991211 2.1 0.1114 3.0831
19991212 7.1 0.141 3.4289
19991213 3.3 0.1365 4.3488
19991214 15 0.1276 8.2581
19991215 2.5 0.3125 6.2136
19991216 0 0.0862 3.8183
19991217 0 0.3506 2.9193
19991218 9.6 0.1144 9.4575
19991219 20.6 0.2344 24.0326
19991220 0.5 0.2193 9.2232
19991221 0.6 0.1806 5.2933
19991222 0 0.1898 3.7107
19991223 0 0.201 2.8745
19991224 0 0.398 2.4907
19991225 19.8 0.1386 11.7877
19991226 14.1 0.2465 13.2541
19991227 17.2 0.1173 19.6273
19991228 9.8 0.1056 7.8466
19991229 2.4 0.1087 5.8844
19991230 0 0.3388 5.3173
19991231 0.3 0.1036 4.3909
20000101 0.3 0.1323 3.8063
20000102 0.1 0.1874 4.3051
20000103 0 0.4863 3.9022
20000104 2.1 0.6204 3.4484
20000105 3.4 0.2689 13.1537
20000106 0 0.523 6.0326
20000107 0 0.5552 4.1323
20000108 0 0.5537 3.435
20000109 0.6 0.1543 2.9422
20000110 1 0.0403 3.2194
20000111 0 0.0326 3.2237
20000112 0 0.0585 2.7847
20000113 0 0.5972 2.3212
20000114 0 0.6069 1.9106
20000115 0 0.0473 1.6387
20000116 0 0.0096 1.4346
20000117 0 0.1181 1.3073
20000118 0.2 0.1436 1.335
20000119 0.4 0.2346 1.2562
20000120 0 0.5621 1.0958
20000121 0.1 0.0562 0.9832
20000122 3.1 0.0342 0.9765
20000123 4.1 0.0729 0.9425
20000124 1 0.2008 1.0399
20000125 0 0.4368 1.8553
20000126 0 0.4124 1.4967
20000127 0 0.7489 1.8478
20000128 0 0.613 1.4127
20000129 8.7 0.142 2.5931
20000130 15.4 0.0443 32.6426
20000131 0 0.4983 13.5516
20000201 0 1.0616 5.728
20000202 12.1 0.0581 6.7254
20000203 0.1 0.1214 7.1631
20000204 0 0.9135 3.9693
20000205 0 0.6195 3.0109
20000206 0 0.7764 2.4683
20000207 1 0.0109 2.1773
20000208 27.1 0.2395 9.1374
20000209 3.2 0.1892 14.3583
20000210 0 1.0838 5.4854
20000211 8.9 0.0289 9.5846
20000212 0 0.128 5.1033
20000213 6.2 0.1807 6.897
20000214 0.1 0.3254 7.0586
20000215 7.6 0.108 8.4574
20000216 4.7 0.1246 7.2469
20000217 3.2 0.235 5.0823
20000218 7.8 0.2579 6.6626
20000219 6 0.2196 19.6451
20000220 3.5 0.159 8.7397
20000221 0 1.0414 5.2979
20000222 0 1.0796 4.0062
20000223 0 0.8823 3.303
20000224 0.3 0.5052 2.9596
20000225 9 0.459 6.6918
20000226 0.4 0.5727 6.9045
20000227 0 1.6373 3.9688
20000228 0 1.7681 3.0935
20000229 11 0.2977 5.574
20000301 19 0.185 13.9479
20000302 1 0.57 7.7487
20000303 0 1.2355 5.7507
20000304 15.2 0.7126 15.8484
20000305 0 1.4065 5.6606
20000306 0 1.6954 3.8707
20000307 0 1.6949 2.9682
20000308 3.9 1.1586 2.6059
20000309 0.8 1.1828 2.7088
20000310 0.5 0.3608 2.0712
20000311 0 1.7085 1.759
20000312 0 1.6103 1.5568
20000313 0 1.923 1.3973
20000314 7.4 0.8719 1.442
20000315 5.3 0.692 4.6213
20000316 0.7 0.032 2.4037
20000317 0 0.0748 3.0872
20000318 14.8 0.2289 12.9254
20000319 1.7 0.3011 6.7666
20000320 0 1.8402 4.3618
20000321 0 2.0837 3.17
20000322 0 2.3103 2.4867
20000323 0 1.4209 2.0922
20000324 3.6 0.7974 1.8903
20000325 0 1.7578 1.651
20000326 14.5 0.228 3.1232
20000327 14 0.4928 3.2117
20000328 6.7 0.8088 5.9348
20000329 7.1 0.0545 5.4794
20000330 1.1 0.3934 4.9795
20000331 0 2.3482 3.6458
20000401 1.9 0.8681 2.8301
20000402 0 2.3711 2.3055
20000403 0 2.0029 1.9351
20000404 0 2.5683 1.635
20000405 12 0.2415 2.0082
20000406 6.6 0.0898 3.3917
20000407 0 2.5225 2.1646
20000408 0 2.8375 1.7603
20000409 0 2.0097 1.5334
20000410 0 2.0412 1.354
20000411 7.2 0.7773 1.5081
20000412 15.6 0.8312 4.7661
20000413 6.3 1.3098 3.5923
20000414 0 2.095 2.5101
20000415 0.1 0.4593 1.965
20000416 0 2.5132 1.676
20000417 1.6 0.3862 1.4926
20000418 6 0.6745 1.7186
20000419 0 1.7921 1.3718
20000420 0 3.214 1.1869
20000421 0 3.2507 1.0525
20000422 0 3.9126 0.9623
20000423 1.1 1.7959 0.9011
20000424 20.4 1.0197 2.8849
20000425 0 3.385 1.4173
20000426 0 3.4662 1.1242
20000427 0 1.7299 1.0005
20000428 0 2.0181 0.896
20000429 0 1.1227 0.8431
20000430 0 2.1816 0.7943
20000501 0 2.8499 0.7561
20000502 0 2.2136 0.7162
20000503 0.3 2.9229 0.6686
20000504 4.7 2.9191 0.6913
20000505 11.1 2.5932 1.732
20000506 0.1 2.4696 1.3426
20000507 0 3.4527 0.6215
20000508 16.1 1.9644 0.8843
20000509 0.1 4.2495 0.7278
20000510 0 4.036 0.5916
20000511 0 3.0392 0.5337
20000512 2.4 1.2049 0.7233
20000513 1.7 1.3832 0.7496
20000514 0 3.3318 0.4939
20000515 0 4.467 0.4751
20000516 0.4 4.419 0.4251
20000517 4.1 2.8647 1.368
20000518 11.7 0.616 1.1228
20000519 3.9 1.8946 0.6822
20000520 0.6 2.5924 0.5085
20000521 9.6 3.1321 0.4502
20000522 8.8 2.5581 1.9692
20000523 0 3.6665 0.6905
20000524 0 4.0262 0.5307
20000525 0 2.1163 0.451
20000526 0 2.89 0.4213
20000527 1.2 0.6116 0.4197
20000528 8.8 1.8676 0.5243
20000529 9.2 0.6243 1.1071
20000530 21.7 0.8271 3.7578
20000531 30.1 1.2038 15.5472
20000601 0 4.6285 3.6472
20000602 0 4.8766 1.9926
20000603 0.3 4.2949 1.432
20000604 0 3.7521 1.1375
20000605 10.7 3.0976 1.2701
20000606 4.9 0.28 1.2356
20000607 0 3.1018 1.0138
20000608 0 4.5104 0.8156
20000609 0 4.8719 0.6982
20000610 0.1 4.0384 0.6159
20000611 27.3 2.7824 2.1181
20000612 4.4 2.24 2.34
20000613 15.3 3.9335 1.7452
20000614 0.1 3.2855 2.4386
20000615 10.4 3.1911 1.7061
20000616 0 1.9178 1.4157
20000617 0 4.6079 0.9755
20000618 0 4.9403 0.8299
20000619 0 5.0356 0.7302
20000620 0 5.1347 0.6359
20000621 0 5.052 0.573
20000622 2 3.3673 0.5482
20000623 0.8 0.5935 0.5634
20000624 7.8 0.9442 0.628
20000625 1.7 1.2328 0.6234
20000626 0 2.9652 0.49
20000627 0 4.3711 0.436
20000628 2.1 1.3478 0.448
20000629 0 3.4474 0.3929
20000630 0 4.5489 0.359
20000701 1.4 4.2502 0.331
20000702 12 4.6588 0.5387
20000703 45.4 1.853 5.2237
20000704 13.8 1.3206 5.6534
20000705 0 3.0117 2.1792
20000706 0 4.5765 1.2051
20000707 15.2 1.8601 1.3852
20000708 18.4 0.2212 5.3367
20000709 9.1 1.9045 4.7416
20000710 34.6 0.5898 17.0859
20000711 4 1.2334 8.3879
20000712 17.2 1.0935 7.6367
20000713 3 2.0016 6.0975
20000714 29.1 0.6514 14.4237
20000715 15.3 0.9317 16.2417
20000716 4.3 1.5893 8.0173
20000717 0 2.7069 4.6974
20000718 0 3.9415 3.1733
20000719 0 2.9858 2.3932
20000720 0 2.9626 1.9115
20000721 0 4.3069 1.5701
20000722 0 4.3586 1.3462
20000723 0.9 1.6184 1.2067
20000724 6.8 1.3731 1.224
20000725 5.1 3.5688 1.1242
20000726 6.8 3.2636 1.2413
20000727 0 3.2801 0.9107
20000728 32.5 1.1127 5.3324
20000729 25.2 1.3815 11.0691
20000730 0.1 1.9532 5.0608
20000731 0 4.3172 2.7094
20000801 0 4.5698 1.927
20000802 0.6 2.2488 1.5079
20000803 4.5 0.6946 1.4789
20000804 0 1.52 1.2674
20000805 14.5 0.0873 1.3764
20000806 27.7 0.3778 15.4691
20000807 5.2 1.8642 9.087
20000808 1.9 2.904 4.8968
20000809 1 3.7022 2.9972
20000810 0 3.9616 1.9907
20000811 0 4.1827 1.5905
20000812 0 3.8841 1.3604
20000813 0 4.0281 1.1712
20000814 0 4.1331 1.0271
20000815 0 3.4398 0.9219
20000816 0 3.6282 0.84
20000817 0 3.1185 0.7628
20000818 6 1.3851 0.8928
20000819 0.7 3.6981 0.7124
20000820 10.2 3.8691 0.6839
20000821 32.3 2.114 4.5445
20000822 0 2.4125 1.904
20000823 0 3.6666 1.1189
20000824 0 3.9171 0.8722
20000825 0 3.7797 0.7556
20000826 0 3.5861 0.6854
20000827 18.9 0.2433 1.2441
20000828 0.4 2.2847 0.985
20000829 0 2.8992 0.7081
20000830 4.5 1.0349 0.7308
20000831 24.2 0.4924 2.8284
20000901 0.2 2.9448 4.0083
20000902 6.2 1.4728 1.5703
20000903 21.4 1.0911 4.8059
20000904 4.9 1.0368 4.4642
20000905 0 1.3955 2.8014
20000906 6.3 1.617 2.0117
20000907 16 2.1114 7.4231
20000908 0 3.0168 2.8663
20000909 0 3.0666 1.9801
20000910 0 3.0472 1.5527
20000911 0 3.0677 1.3474
20000912 0 2.6696 1.1285
20000913 9.3 1.7534 1.4107
20000914 2.7 2.4049 1.0349
20000915 0.1 2.6084 0.9796
20000916 6.8 0.5147 1.0954
20000917 0.1 1.3783 0.9458
20000918 0 2.4736 0.8227
20000919 0 2.6372 0.7538
20000920 46.4 0.5728 6.7565
20000921 44.2 0.3221 33.6416
20000922 0 1.4508 6.2374
20000923 0 1.7782 3.5599
20000924 0 2.4183 2.5008
20000925 0 1.5917 1.9441
20000926 0 2.327 1.6064
20000927 0 1.6738 1.3694
20000928 0 2.2571 1.2082
20000929 0 2.3694 1.0441
20000930 7.5 0.1178 1.057
20001001 0.7 0.4085 1.0734
20001002 11.6 0.2667 1.5647
20001003 0.1 0.8157 1.1752
20001004 0 0.3284 0.93
20001005 1.5 0.4255 0.8348
20001006 12.5 0.3482 1.981
20001007 0.1 0.5162 1.3966
20001008 4 1.5505 1.047
20001009 9.4 0.709 2.9498
20001010 15 0.2703 6.2346
20001011 12.8 0.2064 4.5921
20001012 1.5 0.3382 5.346
20001013 3.3 0.6818 3.1721
20001014 0 0.3204 2.433
20001015 0.9 1.1311 1.9425
20001016 0 1.1681 1.5968
20001017 0.3 0.2222 1.3848
20001018 0 0.4296 1.2577
20001019 0.1 0.521 1.1273
20001020 0 1.1639 1.0259
20001021 0 1.1986 0.9423
20001022 0.1 0.6665 0.8693
20001023 0.1 1.3865 0.8117
20001024 13.8 0.1501 1.8811
20001025 0.1 1.312 1.3333
20001026 20.7 0.0556 3.5653
20001027 2.9 0.2421 4.9713
20001028 0 1.2372 2.34
20001029 0 0.1466 1.712
20001030 0 0.848 1.4471
20001031 14.1 0.0467 3.1189
20001101 0 0.9995 2.2509
20001102 0 0.8854 1.6642
20001103 8.7 0.4215 1.7697
20001104 7.6 0.4388 3.2002
20001105 1.3 1.0008 2.8057
20001106 6.4 0.2432 2.5223
20001107 0 0.7134 2.3748
20001108 0 0.5878 1.8388
20001109 0.8 0.5632 1.6055
20001110 2 0.284 1.4424
20001111 0.7 0.8799 1.3716
20001112 0 0.7669 1.2102
20001113 0 0.7528 1.0812
20001114 12.4 0.0273 2.1187
20001115 0.1 0.3106 1.9436
20001116 0.1 0.2742 1.4809
20001117 24.3 0.0031 2.3283
20001118 0.4 0.6986 3.2902
20001119 2.1 0.5756 2.6089
20001120 5.8 0.0201 6.2359
20001121 1 0.2917 4.3126
20001122 1.2 0.2919 3.1883
20001123 0 0.1847 2.5018
20001124 3.7 0.053 2.2102
20001125 3 0.0867 2.3255
20001126 7.3 0.0801 2.6661
20001127 1.4 0.3807 2.8996
20001128 3.8 0.4929 2.7894
20001129 0 0.5025 2.277
20001130 0 0.6872 1.8853
20001201 0 0.6035 1.6335
20001202 0 0.2834 1.4507
20001203 0.1 0.0795 1.3112
20001204 0 0.279 1.1955
20001205 0 0.5922 1.0915
20001206 0.7 0.2335 1.0216
20001207 0 0.2547 0.9663
20001208 0 0.2482 0.885
20001209 1.2 0.261 0.862
20001210 2.5 0.1237 0.872
20001211 0 0.6266 0.8051
20001212 0 0.3083 0.7698
20001213 0 0.3904 0.7231
20001214 4.9 0.1283 0.8
20001215 22.2 0.0502 5.8802
20001216 2.2 0.0183 2.307
20001217 0.9 0.0983 1.7366
20001218 0 0.3251 1.55
20001219 0.7 0.1612 1.7433
20001220 0 0 1.5666
20001221 0 0.0185 1.3048
20001222 0 0.0611 1.1647
20001223 0 0.524 1.0538
20001224 0 0.4081 0.9701
20001225 1.3 0.2097 0.9604
20001226 1.7 0.5179 1.026
20001227 0 0.5062 0.8518
20001228 3.6 0.0152 0.9586
20001229 2.3 0.0381 0.851
20001230 0.3 0.1965 0.7865
20001231 0 0.3778 0.715
20010101 0.1 0.1774 0.7371
20010102 12.9 0.0186 3.5389
20010103 4.5 0.203 3.8475
20010104 2.8 0.0399 2.2551
20010105 1.2 0.0026 1.9023
20010106 23.8 0.0049 9.4876
20010107 23.1 0 6.6584
20010108 15.4 0.0179 5.4412
20010109 0 0.5437 4.1892
20010110 0.1 0.1041 3.363
20010111 0 0.0918 3.4018
20010112 0.1 0.0114 3.8116
20010113 0 0.004 3.2943
20010114 0 0.0837 2.5368
20010115 0 0.1562 2.0668
20010116 0 0.4786 1.7789
20010117 0 0.5872 1.5948
20010118 0 0.2561 1.4353
20010119 0 0.3617 1.2873
20010120 0.4 0.2379 1.279
20010121 0.2 0.5329 1.2511
20010122 2.2 0.6307 1.4475
20010123 1.8 0.3731 2.0988
20010124 8.9 0.1582 5.6364
20010125 7 0.6007 4.7976
20010126 0 0.556 4.2555
20010127 2.1 0.1941 2.7297
20010128 0 0.6982 2.0885
20010129 0 0.58 1.6759
20010130 0.1 0.2395 1.4626
20010131 0 0.5586 1.2974
20010201 2.1 0.2241 1.1787
20010202 0.4 0.3927 1.0918
20010203 16.3 0.0654 1.9394
20010204 18.3 0.6417 21.3107
20010205 0.6 0.4445 5.6538
20010206 1.1 1.0163 3.6489
20010207 0 0.8332 2.6653
20010208 0 0.4122 2.1534
20010209 4.1 0.2274 2.0119
20010210 0 1.0506 1.6481
20010211 0 1.1915 1.43
20010212 0 1.0265 1.3098
20010213 0 0.4873 1.1938
20010214 0 0.1188 1.0978
20010215 0 0.4856 1.0123
20010216 0 1.2901 0.942
20010217 0.7 0.2268 0.907
20010218 0 0.1233 0.8384
20010219 0 0.7491 0.8022
20010220 0 0.1503 0.7663
20010221 0 0.7356 0.7208
20010222 14.8 0.0116 2.3389
20010223 21.6 0.0784 9.5519
20010224 1.4 0.3632 3.6746
20010225 0 0.33 2.266
20010226 0 0.9268 1.7923
20010227 0 1.0939 1.6661
20010228 0 0.953 1.4738
20010301 3.1 0.8671 1.3188
20010302 7.2 0.8449 1.3073
20010303 14.2 0.0683 3.5418
20010304 42 0.1317 26.6241
20010305 6.6 0.8089 17.5783
20010306 0 0.5044 7.22
20010307 1.8 0.3597 5.0327
20010308 1.4 0.7354 4.0712
20010309 11.6 0.8852 6.3308
20010310 6.2 0.4361 4.5064
20010311 10.8 0.687 5.9184
20010312 19.7 0.9071 7.9903
20010313 25.4 0.8572 13.2886
20010314 23.6 0.3723 24.7956
20010315 14.3 0.6514 18.7094
20010316 0 2.2524 8.7318
20010317 11 0.2895 6.324
20010318 7.9 1.3431 7.5036
20010319 6.8 0.0842 6.0879
20010320 17 0.4214 6.3596
20010321 32.3 0.1458 26.8611
20010322 14.4 0.4119 16.5538
20010323 7.1 1.5971 10.3159
20010324 3.3 0.8135 6.8284
20010325 17.6 1.3609 11.957
20010326 4 0.5262 7.1874
20010327 0.4 0.4033 4.6675
20010328 3.9 1.6373 3.6422
20010329 3.3 0.4214 3.2057
20010330 7.6 0.2928 4.0078
20010331 0 2.2829 3.2895
20010401 0 2.8451 2.4955
20010402 0 2.7787 2.0457
20010403 0 2.0997 1.7386
20010404 23.2 1.5212 4.3034
20010405 2.5 2.0629 5.0212
20010406 9 2.1038 3.1864
20010407 21.8 0.2143 12.0968
20010408 1.7 0.7812 5.2949
20010409 13.4 0.7981 4.7315
20010410 33.9 0.3211 21.0133
20010411 9.9 0.9842 14.369
20010412 0.1 0.5902 7.304
20010413 0.9 0.7127 4.7808
20010414 4 1.4222 4.0119
20010415 23.7 0.3488 9.5185
20010416 19.9 0.6687 20.4336
20010417 1.1 1.4389 9.3426
20010418 10 1.0574 6.1408
20010419 11.1 0.891 10.4791
20010420 5.7 0.6704 6.3379
20010421 18.2 0.418 5.0188
20010422 7.6 1.034 4.7528
20010423 0 2.5322 7.2821
20010424 0 2.637 13.3786
20010425 3.7 1.1363 7.8386
20010426 5 2.4468 6.0266
20010427 0.1 2.5779 4.2172
20010428 2.9 2.181 3.442
20010429 0 3.0647 2.7253
20010430 0 2.2882 2.254
20010501 0 2.4366 1.892
20010502 0 4.1019 1.6508
20010503 0 2.6103 1.4677
20010504 15.9 1.892 2.9455
20010505 9.1 0.4912 2.681
20010506 3.4 0.2088 3.0828
20010507 2.1 0.2528 2.4805
20010508 0.1 0.5265 2.1649
20010509 0 1.4711 1.8164
20010510 0 3.6218 1.5736
20010511 0 4.1002 1.3884
20010512 0 4.0785 1.2381
20010513 0 4.2239 1.1273
20010514 0.4 2.1785 1.049
20010515 9.1 1.5696 1.2418
20010516 0.4 3.4263 1.0201
20010517 16.6 0.9649 1.5082
20010518 13.8 1.4748 5.5102
20010519 0 4.0051 2.165
20010520 0 3.6892 1.514
20010521 0 3.3641 1.275
20010522 0 2.1038 1.1353
20010523 0 3.4353 1.0241
20010524 3.9 2.3198 1.0219
20010525 2.4 2.6343 0.9459
20010526 0 3.7112 0.8454
20010527 0 4.2475 0.7637
20010528 0 4.4299 0.7208
20010529 0 4.6739 0.6646
20010530 0.1 4.7376 0.6156
20010531 12.8 1.6486 0.9652
20010601 0 2.1861 0.6605
20010602 18.7 1.0344 1.5768
20010603 32.7 1.6625 11.5684
20010604 0 3.8063 3.2625
20010605 0 4.3528 1.8984
20010606 18.3 1.855 4.5291
20010607 2.2 3.8448 2.4511
20010608 16.8 0.8601 3.0606
20010609 17.4 0.5279 11.5391
20010610 33.7 0.4167 18.9855
20010611 5.9 2.8808 15.124
20010612 0 4.4659 5.4745
20010613 0.3 3.2482 3.562
20010614 0 3.9707 2.6513
20010615 8.5 4.181 2.2499
20010616 12.3 1.4232 2.6028
20010617 14.2 2.4965 3.8923
20010618 10.4 1.2323 4.8497
20010619 1.3 1.4719 4.2516
20010620 0 4.2898 2.6721
20010621 0 4.7524 2.0224
20010622 0 3.4478 1.6733
20010623 0 4.5851 1.4136
20010624 0 4.7925 1.2349
20010625 0 4.8955 1.092
20010626 0 4.9681 0.9802
20010627 3.2 3.5119 0.9173
20010628 22.9 1.2909 1.9485
20010629 0 4.3546 1.1966
20010630 0 3.9503 0.8945
20010701 0 2.7005 0.7763
20010702 0 4.6798 0.696
20010703 0 4.72 0.6663
20010704 0 4.2547 0.6183
20010705 0 3.9473 0.5579
20010706 0 4.4413 0.5213
20010707 12.8 0.7057 0.89
20010708 3.3 2.9142 0.8602
20010709 0 3.1507 0.608
20010710 3.8 4.3132 0.5269
20010711 0.7 0.361 0.545
20010712 0 3.9005 0.4657
20010713 20.2 1.5946 1.4549
20010714 0.4 2.9667 0.6551
20010715 50.8 0.5464 7.807
20010716 1.3 0.7672 9.8928
20010717 0.2 2.7093 2.5735
20010718 8.9 1.3854 2.5945
20010719 0 1.2992 1.7933
20010720 12 0.9729 2.5825
20010721 0.1 4.228 1.9461
20010722 0 4.6116 1.3413
20010723 3.8 4.4918 1.124
20010724 0 3.1281 1.0112
20010725 0 4.4782 0.8821
20010726 0 4.4768 0.7598
20010727 0 4.3458 0.7067
20010728 0 3.9595 0.6264
20010729 0 3.7835 0.5709
20010730 0 4.142 0.5232
20010731 0 4.3967 0.4761
20010801 0 4.3054 0.4483
20010802 0 3.9993 0.429
20010803 16.9 1.0665 0.7127
20010804 14.1 1.5665 1.1547
20010805 2.5 2.883 0.7966
20010806 0.7 2.0653 0.5431
20010807 4.8 3.434 0.5904
20010808 11.1 1.6098 0.6766
20010809 2.4 1.2885 0.9108
20010810 4.9 1.5264 1.0791
20010811 0 2.6144 0.6283
20010812 0 3.9537 0.5026
20010813 0 3.9931 0.4155
20010814 0 4.1468 0.3868
20010815 0 4.2731 0.3407
20010816 5.5 3.0956 0.4434
20010817 3.2 1.5966 0.4685
20010818 0 3.5588 0.3653
20010819 0.8 3.0598 0.3362
20010820 9 1.5757 0.485
20010821 0.1 2.8258 0.3717
20010822 0 3.6179 0.3103
20010823 0 3.6866 0.2851
20010824 0 3.6056 0.2578
20010825 0 3.7342 0.2615
20010826 0 3.705 0.2687
20010827 0 3.3488 0.2497
20010828 0 1.295 0.2613
20010829 0 2.9613 0.2526
20010830 10.6 0.8704 0.3943
20010831 3.1 0.404 0.3976
20010901 5 0.8248 0.4147
20010902 0 2.1931 0.3161
20010903 0 3.2855 0.2368
20010904 18.2 0.7566 1.7405
20010905 6.5 1.1845 2.0603
20010906 3.9 1.4694 0.7974
20010907 3.9 1.054 1.164
20010908 44.8 0.2365 6.1011
20010909 4.8 1.9263 13.8665
20010910 1.4 1.1348 2.5753
20010911 0 1.0443 1.5436
20010912 5.4 1.1846 1.3746
20010913 0 1.6765 1.1169
20010914 28 0.5865 9.5267
20010915 0.2 1.2869 4.1123
20010916 34.5 0.5323 11.9022
20010917 27.3 0.5442 25.3606
20010918 0.1 1.8726 8.0429
20010919 0.5 1.6441 4.0909
20010920 13 0.9023 3.5868
20010921 11.2 0.746 8.5432
20010922 20.6 0.1075 13.2597
20010923 1.9 0.1549 7.6931
20010924 2.4 0.2674 5.0935
20010925 3.8 0.2297 3.9955
20010926 0 1.7512 3.2121
20010927 0 1.7478 2.4426
20010928 0 2.3153 1.966
20010929 0 1.148 1.6506
20010930 3 0.8874 1.5241
20011001 0.1 1.4361 1.2959
20011002 0 2.4564 1.1126
20011003 0 1.4799 1.0237
20011004 3.4 0.7081 1.0494
20011005 0 1.359 0.9286
20011006 0.5 1.8912 0.8597
20011007 5.7 0.2272 0.9917
20011008 0.1 0.9224 0.8562
20011009 0 0.6659 0.7668
20011010 0 1.1736 0.7108
20011011 0 1.5938 0.6717
20011012 0 1.8745 0.6428
20011013 0 1.9035 0.6092
20011014 0 1.8463 0.5799
20011015 0 1.7257 0.5586
20011016 0 1.3246 0.5365
20011017 0 1.3212 0.531
20011018 0 1.5061 0.5222
20011019 0 1.544 0.4907
20011020 0.8 1.1445 0.4779
20011021 4.5 0.2942 0.5953
20011022 2.2 1.4861 0.5967
20011023 5.3 0.6416 0.5117
20011024 7.7 0.5137 1.4369
20011025 22.1 0.3524 6.8712
20011026 0 1.2931 2.1782
20011027 0 1.0902 1.2568
20011028 0 1.1205 0.9852
20011029 0 1.1705 0.8458
20011030 0 1.1802 0.7615
20011031 12.6 1.3007 1.086
20011101 1.9 1.0159 2.4406
20011102 0 0.9862 1.1611
20011103 0 0.8594 0.9524
20011104 0 1.1502 0.8399
20011105 0 0.1091 0.7601
20011106 10.6 0.4127 0.8777
20011107 32.9 0.0931 12.0383
20011108 10.3 0.2101 12.0386
20011109 4.2 0.1208 6.119
20011110 0.1 0.2275 3.7636
20011111 0 0.0458 2.7346
20011112 0 0.0683 2.1501
20011113 7 0.0475 1.9839
20011114 3.7 0.07 2.0564
20011115 0 0.1186 1.8199
20011116 0 0.1391 1.6242
20011117 0 0.0379 1.4655
20011118 0 0.6351 1.4767
20011119 0 0.0136 1.3836
20011120 0 0.215 1.2562
20011121 0 0.0493 1.1839
20011122 19.1 0.5206 3.1238
20011123 4.2 0.1681 5.2096
20011124 2 0.151 2.6377
20011125 6.1 0.098 4.8007
20011126 2.7 0.026 7.2424
20011127 9.4 0.0443 5.1934
20011128 5.2 0.0634 5.3451
20011129 2.5 0.558 4.4931
20011130 23.2 0.0992 11.7029
20011201 2.2 0.1182 9.4414
20011202 0.1 0.0766 5.1579
20011203 0.1 0.0929 3.6791
20011204 6.8 0.0962 3.2292
20011205 5.4 0.036 3.932
20011206 3 0.0548 4.5464
20011207 0 0.0186 3.0842
20011208 0 0.0323 2.4294
20011209 0 0.0426 2.0102
20011210 0 0.0261 1.7051
20011211 0 0.2764 1.5052
20011212 0.1 0 1.3601
20011213 2.8 0.0479 1.2085
20011214 0 0.156 1.1399
20011215 0 0.1358 1.1642
20011216 0 0.2286 0.9576
20011217 0 0.4008 0.8022
20011218 0 0.4388 0.7434
20011219 0 0.0468 0.7075
20011220 0.5 0.0594 0.6308
20011221 0 0.3617 0.6069
20011222 5.1 0.0282 0.6462
20011223 1.1 0.1604 0.6172
20011224 0 0.307 0.6003
20011225 0.4 0.4102 0.6005
20011226 11.6 0.0629 0.6707
20011227 0.6 0.3934 0.6524
20011228 3.2 0.1922 1.4797
20011229 53.6 0 38.8722
20011230 9.2 0.3077 24.5567
20011231 0.8 0.1697 6.4727
20020101 0 0.4843 3.9711
20020102 0 0.5686 2.995
20020103 0 0.3799 2.3539
20020104 0 0.2002 1.921
20020105 0 0.4978 1.6821
20020106 0 0.4795 1.4347
20020107 0 0.1065 1.5777
20020108 0 0.3754 1.1071
20020109 0 0.4264 1.05
20020110 0 0.6209 1.1162
20020111 0 0.529 1.0621
20020112 0.3 0.2082 0.9266
20020113 0 0.4797 0.8362
20020114 0 0.0515 0.7919
20020115 0 0.2901 0.7479
20020116 0 0.2962 0.7057
20020117 0 0.0965 0.7179
20020118 0 0.4945 0.7133
20020119 1.4 0.2986 0.6889
20020120 0 0.5386 0.8975
20020121 1.9 0.6005 2.7343
20020122 0 0.5699 1.8646
20020123 0.1 0.346 1.6229
20020124 3 0.1707 2.6825
20020125 0.1 0.388 2.5302
20020126 3.2 0.8517 2.5647
20020127 20.5 0.0577 8.1222
20020128 0 0.5215 5.4409
20020129 0 0.5161 2.8609
20020130 0 0.9965 2.0749
20020131 0 0.7866 1.7033
20020201 0.3 0.7068 1.4447
20020202 0 1.0299 1.264
20020203 0 1.1163 1.1455
20020204 0 0.7398 1.0412
20020205 0 0.4789 0.981
20020206 10.9 0.0296 2.2525
20020207 2 0.1028 3.4235
20020208 11 0.1193 5.6422
20020209 3.4 0.5474 4.7326
20020210 5 0.2713 4.099
20020211 0 0.4749 2.6549
20020212 0 0.9338 2.0145
20020213 0 0.782 1.7224
20020214 0 0 1.509
20020215 0 0.0312 1.3122
20020216 0 0.1727 1.1855
20020217 0 0.6336 1.0885
20020218 0.7 1.1032 1.0048
20020219 2.8 0.4676 1.007
20020220 16.4 0.1265 4.6399
20020221 5 0.1613 4.9442
20020222 3.8 0.4475 2.7908
20020223 15.7 0.2214 9.3636
20020224 5.1 0.532 5.4885
20020225 5.7 0.4289 8.7699
20020226 1 0.6305 9.088
20020227 24.2 0.0711 16.8295
20020228 18.2 0.7513 19.7105
20020301 4.2 0.7982 6.7117
20020302 12.3 0.44 9.3687
20020303 0.3 0.2663 5.8023
20020304 0 1.5219 4.0012
20020305 0 1.191 3.1146
20020306 0 1.2276 2.4614
20020307 0 1.3047 2.0207
20020308 0 1.7659 1.7385
20020309 0 1.496 1.572
20020310 0 1.7667 1.3777
20020311 0 2.1125 1.2051
20020312 0 1.6506 1.0796
20020313 0 2.2022 1.0105
20020314 0 0.8428 0.9534
20020315 0 1.7269 0.8649
20020316 0 1.9045 0.8151
20020317 0 2.0919 0.7646
20020318 1 2.1641 0.7156
20020319 40.8 0.0485 7.3299
20020320 12.2 0.852 10.7059
20020321 6.9 1.2927 3.7857
20020322 13.9 0.4288 7.1979
20020323 5.9 0.6449 6.8917
20020324 3.4 0.5604 4.4212
20020325 0 0.8657 3.4255
20020326 0 1.8156 2.5122
20020327 0 0.9978 2.0206
20020328 0 2.0965 1.71
20020329 0 2.6217 1.4738
20020330 0 1.224 1.2915
20020331 0 2.5768 1.1467
20020401 0 2.3137 1.0363
20020402 0 2.8004 0.9764
20020403 0 2.7501 0.8768
20020404 0 2.7137 0.784
20020405 0 1.7966 0.7424
20020406 0 2.33 0.7358
20020407 0 1.7027 0.6533
20020408 1.4 0.3862 0.6417
20020409 0 2.0156 0.595
20020410 0 2.0303 0.5649
20020411 0 1.1292 0.5507
20020412 1.4 1.2904 0.5558
20020413 17.7 0.0535 1.0053
20020414 10.8 0.5259 1.5947
20020415 2.2 1.4121 1.5018
20020416 0.3 1.5441 0.9327
20020417 0 1.1471 0.7932
20020418 0 2.3227 0.6562
20020419 1.7 1.3965 0.6363
20020420 4 1.1339 0.6642
20020421 0 1.7805 0.6128
20020422 0 2.4292 0.552
20020423 0 3.1342 0.5303
20020424 32.5 0.2385 5.5328
20020425 5.9 2.0159 4.3737
20020426 19.2 2.0073 4.8801
20020427 2.7 2.5543 8.093
20020428 0 2.928 2.9093
20020429 0.2 0.7883 1.9872
20020430 0 3.6026 1.5943
20020501 0 1.3666 1.3379
20020502 4.8 0.3548 1.2483
20020503 34.1 0.2191 7.5717
20020504 9.8 0.2557 11.8342
20020505 0.7 0.7771 5.2383
20020506 0.7 1.746 3.3078
20020507 0 3.13 2.4638
20020508 0 1.8837 1.9715
20020509 0 2.1421 1.6538
20020510 0.4 2.8582 1.4156
20020511 1.3 1.3562 1.2517
20020512 24.7 1.7629 1.9019
20020513 2.4 2.5864 6.1032
20020514 0.4 3.205 2.0659
20020515 0 4.2266 1.5956
20020516 0 4.5476 1.3405
20020517 0 4.5695 1.1628
20020518 10.8 2.1437 1.4765
20020519 2.6 0.6892 1.4633
20020520 0.1 2.8763 1.1199
20020521 0 4.3519 0.9502
20020522 0 3.3343 0.8456
20020523 12.8 0.3904 1.2652
20020524 3.4 2.1202 2.0552
20020525 0.8 0.8685 1.1418
20020526 2.1 3.041 0.9652
20020527 29.3 0.273 8.5731
20020528 1.4 1.3856 5.7473
20020529 0 1.8181 2.8136
20020530 0 4.172 1.977
20020531 0 4.22 1.5716
20020601 0 4.6524 1.3225
20020602 0 4.5156 1.1311
20020603 6.3 1.8619 1.2185
20020604 0.8 3.8489 1.1284
20020605 0 2.9091 0.8894
20020606 5.2 2.5629 0.88
20020607 14.2 0.8212 2.9617
20020608 0.9 1.6272 1.3741
20020609 12.4 0.7865 1.9604
20020610 15.6 1.4439 8.8676
20020611 0 3.6393 2.8002
20020612 0 4.5343 1.84
20020613 0 4.5854 1.4443
20020614 0 5.0969 1.2021
20020615 0 4.3401 1.0304
20020616 0 3.103 0.9141
20020617 0 4.9146 0.8158
20020618 0 5.0751 0.7584
20020619 0.4 4.7563 0.6695
20020620 0.2 3.257 0.6273
20020621 0.2 3.5197 0.5984
20020622 0.1 4.0417 0.5264
20020623 0 4.9892 0.4683
20020624 26.7 1.0138 2.7509
20020625 0 3.2413 0.9111
20020626 0 4.2766 0.6687
20020627 3.9 3.9127 0.5733
20020628 13.7 0.8163 1.5359
20020629 0 3.4505 0.7152
20020630 0 4.2673 0.5581
20020701 0.1 4.007 0.4893
20020702 3.1 0.8179 0.5462
20020703 1.8 2.8144 0.4664
20020704 7.2 2.3647 0.749
20020705 0 4.4397 0.4531
20020706 12.2 0.8957 1.1162
20020707 0 3.1718 0.6225
20020708 0 4.809 0.4712
20020709 1.9 3.5011 0.4653
20020710 3.3 0.9751 0.4714
20020711 0 3.6843 0.4063
20020712 0 3.8917 0.3531
20020713 16.7 0.4712 1.0934
20020714 4.1 1.9139 0.7131
20020715 2.3 0.7676 0.7938
20020716 0 1.2909 0.5973
20020717 22.5 0.3807 2.8307
20020718 1.9 2.2204 2.6874
20020719 0 3.9266 1.0834
20020720 0 4.4314 0.7287
20020721 5.3 2.0682 0.6791
20020722 0 3.64 0.574
20020723 0 4.4213 0.4939
20020724 0 2.1604 0.4449
20020725 0.4 1.1784 0.4207
20020726 0.2 1.2594 0.4053
20020727 0 4.199 0.3654
20020728 0 3.4174 0.3395
20020729 0 4.3412 0.3062
20020730 0.9 3.4444 0.3341
20020731 31.7 2.5156 2.3862
20020801 1.1 1.1609 1.3708
20020802 0 3.9763 0.6312
20020803 5.1 2.5258 0.5533
20020804 1.9 1.6632 0.5327
20020805 0.1 2.7526 0.4433
20020806 9.1 0.6368 0.6616
20020807 5.6 0.8967 0.873
20020808 0 2.3989 0.6074
20020809 8.2 0.8682 0.749
20020810 18.6 0.4121 3.782
20020811 49.3 0.0909 23.4464
20020812 4 1.6426 11.2761
20020813 0.3 1.7565 4.4361
20020814 0 3.8408 2.6637
20020815 0 3.9389 1.9114
20020816 0 3.8887 1.51
20020817 0 3.9375 1.253
20020818 0 3.7046 1.078
20020819 0 3.5507 0.9308
20020820 19.9 2.1617 1.5783
20020821 4.9 1.2265 2.001
20020822 0 2.4907 1.1115
20020823 0 1.6854 0.933
20020824 0.1 2.5552 0.8113
20020825 0 2.2619 0.7489
20020826 0 2.4693 0.7011
20020827 0.3 1.6105 0.6659
20020828 0.1 2.0688 0.6279
20020829 2.6 2.5841 0.6415
20020830 0.3 2.4069 0.6017
20020831 61.5 1.3555 9.8203
20020901 34.8 0.072 34.9262
20020902 0 0.198 7.4671
20020903 2.8 0.5818 4.1711
20020904 4.8 2.0108 3.0322
20020905 0.1 2.8031 2.4251
20020906 0.9 1.9969 1.8567
20020907 0.3 2.2798 1.5481
20020908 0.1 3.0246 1.3713
20020909 5 1.8978 1.1897
20020910 11.9 0.7202 2.4733
20020911 0.1 1.0035 1.6035
20020912 0 1.4759 1.234
20020913 0 2.0648 1.0409
20020914 0 2.623 0.9371
20020915 0.5 1.2101 0.8786
20020916 0 2.4177 0.8014
20020917 0 2.6483 0.7467
20020918 0 2.7772 0.6915
20020919 22.2 0.3415 2.4259
20020920 28.7 1.3796 9.8075
20020921 2.2 0.5197 6.469
20020922 10.3 0.3926 6.2225
20020923 53.7 0.3046 30.8403
20020924 48.7 0.0231 53.2266
20020925 4.3 0.3691 17.2488
20020926 4.2 0.5055 8.2336
20020927 2.7 0.8258 5.4942
20020928 0.1 1.1701 4.1862
20020929 0 1.6732 3.1858
20020930 0 2.1146 2.5214
20021001 0 2.2225 2.0652
20021002 0 1.8445 1.7313
20021003 0 1.6536 1.5058
20021004 6.1 0.464 1.4932
20021005 0.7 1.2336 1.3788
20021006 33.4 0.1385 11.433
20021007 2.8 1.017 10.4876
20021008 0.2 1.2911 4.0565
20021009 0 0.4707 2.8752
20021010 0.2 0.1845 2.2864
20021011 1.3 0.1316 1.9681
20021012 2.7 0.1095 1.7452
20021013 2.6 1.4109 1.9155
20021014 23.4 0.1 6.3603
20021015 7.1 0.583 6.7815
20021016 3.1 1.8493 6.628
20021017 36 0.0552 15.8578
20021018 14.4 0.9212 17.7548
20021019 11.9 0.3557 15.1702
20021020 0 0.3247 6.8764
20021021 1.3 0.3597 4.6144
20021022 0.6 1.295 3.5125
20021023 8.9 0.1812 3.3963
20021024 0.6 0.7674 3.2537
20021025 18.2 0.4335 5.7387
20021026 0.1 1.2682 6.6454
20021027 0 0.8097 3.4954
20021028 1.4 1.1966 2.6686
20021029 0 1.0697 2.2444
20021030 0 1.2031 1.8921
20021031 0 0.8908 1.644
20021101 0 0.8277 1.4029
20021102 42.7 0.0139 12.4007
20021103 22.9 0.1163 19.4344
20021104 23.3 0.2692 16.0009
20021105 10.7 0.2708 17.2868
20021106 0 0.9555 7.2977
20021107 20.5 0.0873 10.1613
20021108 0.1 0.3139 7.8339
20021109 25.4 0.1261 14.1934
20021110 7.2 0.2607 10.2105
20021111 13.2 0.1366 13.2822
20021112 0 0.8822 7.4025
20021113 0 0.774 4.7871
20021114 7.4 0.1003 4.2131
20021115 0.2 0.0277 3.4717
20021116 19.8 0.1126 7.6008
20021117 0 0.4433 6.3985
20021118 4.8 0.0514 4.1068
20021119 11.2 0.1003 8.5913
20021120 0 0.6121 4.7761
20021121 0 0.2305 3.6073
20021122 10.2 0.0419 4.3414
20021123 0 0.6532 3.4936
20021124 0 0.2626 2.7924
20021125 5.6 0.2676 2.4612
20021126 7.4 0.0093 3.7045
20021127 1.7 0.0156 3.9141
20021128 0.8 0.188 2.9881
20021129 9.4 0.0135 4.5969
20021130 0.9 0.1196 3.6569
20021201 0 0.5675 2.9953
20021202 8.3 0.1519 4.0678
20021203 8.2 0.0164 4.0287
20021204 0.2 0.0342 3.6164
20021205 0.5 0 2.9756
20021206 2.9 0 2.8651
20021207 0.7 0 2.9709
20021208 0 0 2.6271
20021209 0 0 2.2657
20021210 0 0.0332 1.9657
20021211 0 0.0197 1.7443
20021212 0 0.2055 1.5867
20021213 0.4 0.263 1.6085
20021214 0 0.0585 1.4742
20021215 0.7 0.1316 1.3943
20021216 28.4 0.0739 5.2413
20021217 20.8 0.0459 21.0174
20021218 1.9 0 5.9175
20021219 0 0.013 3.8999
20021220 2.2 0.4027 2.9836
20021221 10.4 0.1052 4.6469
20021222 17.4 0.005 6.9615
20021223 0.6 0.2268 9.5354
20021224 0.1 0.1256 4.3645
20021225 0 0.111 3.2548
20021226 0.6 0.1009 2.6586
20021227 0 0.1547 2.3012
20021228 12.8 0.0011 2.9916
20021229 6.4 0.2104 5.6831
20021230 2.6 0.2143 4.2822
20021231 9.8 0.2132 5.4922
20030101 1.4 0.5167 3.999
20030102 30 0.0013 15.4138
20030103 1.4 0.4272 7.9728
20030104 27.5 0.1189 17.2993
20030105 0.8 0.0201 8.0601
20030106 0 0.0342 4.9877
20030107 3.3 0.1164 3.7576
20030108 0 0.1159 3.0446
20030109 0 0.054 2.5272
20030110 0 0.0415 2.1289
20030111 0 0.0436 1.8893
20030112 0 0.1488 1.7753
20030113 1.1 0.1851 1.756
20030114 0.8 0.4001 1.5427
20030115 0 0.5033 1.5985
20030116 0.2 0.0205 1.501
20030117 0 0.5093 1.4245
20030118 0 0.6819 1.3721
20030119 0.5 0.6917 1.276
20030120 0.1 0.6263 1.3057
20030121 0 0.2147 1.227
20030122 1.2 0.5332 1.2953
20030123 11.1 0.2898 1.9771
20030124 4.4 0.0025 2.525
20030125 0 0.0666 1.9819
20030126 0.6 0.0995 1.5832
20030127 3 0.0664 2.5286
20030128 9.2 0.0819 8.1506
20030129 5.3 0.1765 4.1167
20030130 4.5 0.1578 2.925
20030131 2.6 0.1131 2.3814
20030201 0 0.3962 3.1089
20030202 0.5 0.3786 2.6678
20030203 26.6 0.1088 2.2039
20030204 20.8 0.0058 2.8332
20030205 2.9 0.0142 2.3916
20030206 2.8 0.1458 2.1795
20030207 0 0.6194 2.3249
20030208 0 0.299 2.0305
20030209 0 0.1571 1.9558
20030210 0 0.5164 1.8868
20030211 0 0.1755 1.8453
20030212 0 0.0779 1.7882
20030213 0 0.2511 1.7038
20030214 0 0.2445 1.6356
20030215 0 0.2556 1.5583
20030216 0 0.1371 1.4999
20030217 0 0.2047 1.3451
20030218 0 0.2938 1.2808
20030219 0 0.3808 1.3996
20030220 0 1.0031 1.4068
20030221 0 1.0703 1.4804
20030222 0 1.0702 1.5467
20030223 0 1.1985 1.7333
20030224 0 1.3068 1.9885
20030225 0 1.4625 1.8996
20030226 0 1.4122 2.5031
20030227 0 1.5528 2.8453
20030228 0 1.2577 3.5745
20030301 0 1.3294 5.7082
20030302 15.7 0.8286 16.8187
20030303 6 0.4593 13.0353
20030304 0 1.5826 6.3796
20030305 0 1.7546 5.3764
20030306 12 0.606 8.5247
20030307 0.7 0.9331 8.7432
20030308 0.3 0.6568 4.8028
20030309 0 1.1726 4.0703
20030310 0 2.1722 3.6774
20030311 0 1.958 3.6686
20030312 15.3 0.4669 6.2608
20030313 0 1.0657 4.5262
20030314 0 1.6297 2.9329
20030315 0 1.5835 2.2284
20030316 0 1.1475 1.8641
20030317 0 1.7544 1.6666
20030318 0 1.9844 1.4919
20030319 0 2.0122 1.3225
20030320 0 2.2584 1.2037
20030321 0 2.0123 1.105
20030322 0 1.8269 1.0305
20030323 0 2.2348 0.98
20030324 0 2.4672 0.9233
20030325 0 2.3762 0.8866
20030326 0 2.262 0.8436
20030327 0 2.1686 0.8107
20030328 0 1.1303 0.7945
20030329 0 2.2226 0.765
20030330 1.3 1.9503 0.7279
20030331 9.3 0.3014 1.0876
20030401 0 2.573 0.7576
20030402 15.1 0.4563 4.235
20030403 4.8 0.4345 2.0781
20030404 0.1 0.9946 1.9677
20030405 0.3 2.0674 1.5491
20030406 0 0.6168 1.2102
20030407 2.3 1.049 1.0996
20030408 0 2.2751 0.9987
20030409 3.9 0.8835 1.1976
20030410 4 0.271 1.4699
20030411 0.5 2.308 1.3531
20030412 0.1 0.6287 1.1012
20030413 0 3.0861 0.957
20030414 0 3.1196 0.8667
20030415 0 3.3406 0.7941
20030416 0 3.2807 0.7499
20030417 0 3.0856 0.7111
20030418 0 3.2222 0.6745
20030419 0 1.0356 0.6471
20030420 0 3.1594 0.6116
20030421 18.8 0.9498 1.6901
20030422 0 1.8985 0.8767
20030423 0 3.0252 0.732
20030424 0 3.1216 0.6576
20030425 0 3.3335 0.6097
20030426 12 1.7587 0.9344
20030427 1.4 2.2259 0.91
20030428 0 3.2469 0.6629
20030429 1.6 2.3181 0.6205
20030430 8.7 1.1483 0.7729
20030501 0 3.241 0.7607
20030502 9.6 2.2386 0.6539
20030503 15.6 3.4779 5.5943
20030504 0 4.2104 1.491
20030505 0 3.6479 1.0491
20030506 0 3.1942 0.8418
20030507 0 3.7427 0.7575
20030508 6.6 2.5467 1.03
20030509 2.4 0.7349 0.9928
20030510 12.5 1.8001 1.1304
20030511 8.3 1.7135 2.2918
20030512 4 1.6224 2.7321
20030513 12 0.3601 2.4906
20030514 7.7 1.3956 4.9218
20030515 0.1 2.3571 2.7557
20030516 0 3.6622 1.7827
20030517 0.5 1.4184 1.3918
20030518 3.8 2.4446 1.3251
20030519 24.7 2.8771 4.9499
20030520 13.4 1.6364 6.2909
20030521 9.2 1.2378 6.6923
20030522 6.2 0.7699 4.6486
20030523 0.5 4.3886 3.8443
20030524 0 4.2519 2.524
20030525 2.9 0.5075 1.9752
20030526 2.8 0.374 1.8097
20030527 7.8 0.3504 2.0448
20030528 0 0.5927 2.3569
20030529 4 2.2642 1.7715
20030530 0.1 3.9037 1.5372
20030531 0.1 4.6469 1.2439
20030601 0 3.9973 1.1011
20030602 0 3.386 1.0113
20030603 0 4.0625 0.8986
20030604 0 4.5255 0.8124
20030605 17.6 4.3476 0.9075
20030606 4.2 2.9311 3.7083
20030607 0 3.5176 1.229
20030608 2.7 3.3485 1.0242
20030609 5.9 3.4636 1.2626
20030610 0 4.5284 0.8623
20030611 0 4.5108 0.7446
20030612 18.7 4.7385 1.5409
20030613 6.9 3.0963 1.9608
20030614 0 4.1976 1.074
20030615 1.5 3.7714 0.8709
20030616 0 4.3105 0.7354
20030617 9.5 3.526 0.8834
20030618 3.6 3.7972 0.8705
20030619 0 4.3124 0.6336
20030620 0 4.0985 0.5711
20030621 0 4.6046 0.5222
20030622 0 4.9913 0.4853
20030623 0 5.2121 0.4343
20030624 0 5.0085 0.3956
20030625 0 3.9732 0.3874
20030626 0.1 3.3691 0.3691
20030627 0 3.8683 0.3472
20030628 0 2.7113 0.3377
20030629 0 4.4339 0.3098
20030630 0 4.1071 0.2889
20030701 25.2 0.5102 1.0115
20030702 0 2.9662 0.4711
20030703 7.7 2.3782 0.5344
20030704 7.4 1.6991 0.5567
20030705 0 1.8857 0.4399
20030706 0 4.2009 0.3539
20030707 0 3.8882 0.312
20030708 0 4.1179 0.2863
20030709 0 3.5007 0.2729
20030710 0.4 4.1822 0.2571
20030711 0 4.5025 0.2424
20030712 0 4.4373 0.2269
20030713 0 4.6273 0.2099
20030714 0 4.7301 0.2032
20030715 0 4.6436 0.1907
20030716 5.4 2.9367 0.254
20030717 18.7 0.9555 0.9325
20030718 0 3.9594 0.3071
20030719 0 4.4375 0.2513
20030720 0.1 4.7834 0.2196
20030721 5.6 1.6182 0.3049
20030722 6.4 4.3737 0.2362
20030723 4.5 4.0666 0.9556
20030724 10.9 0.3678 0.6839
20030725 0 3.5361 0.4207
20030726 0 3.8262 0.279
20030727 9.5 2.6968 0.4897
20030728 2.3 0.8061 0.5082
20030729 0 3.0216 0.3181
20030730 0 3.9872 0.2532
20030731 5.9 1.7781 0.6705
20030801 0 4.1244 0.2969
20030802 0 4.1128 0.2319
20030803 0 4.3959 0.1725
20030804 0 4.4871 0.1484
20030805 0 4.5593 0.1362
20030806 0 3.7748 0.1327
20030807 0 4.262 0.1288
20030808 0 4.2247 0.1215
20030809 0 3.6042 0.1205
20030810 0 3.8737 0.1142
20030811 0 4.3844 0.1059
20030812 0 4.3131 0.0967
20030813 0 4.4613 0.0965
20030814 0.4 1.5471 0.0996
20030815 3.4 1.7593 0.1402
20030816 0 3.175 0.1231
20030817 0.1 3.7118 0.1072
20030818 9.6 1.4471 0.2332
20030819 0 3.8351 0.1279
20030820 0 3.3233 0.1054
20030821 0 2.5033 0.1033
20030822 0 3.2017 0.095
20030823 0 3.9426 0.0894
20030824 0 3.7315 0.0839
20030825 0 2.5335 0.0855
20030826 0 3.4241 0.0825
20030827 0 3.2809 0.077
20030828 0.8 2.3718 0.0825
20030829 11.8 0.4855 0.23
20030830 16.7 0.7731 0.3192
20030831 30.5 0.9897 2.0281
20030901 0.5 1.0689 0.3398
20030902 0 2.1755 0.1944
20030903 0 2.7527 0.1539
20030904 0 3.1347 0.1419
20030905 0 2.6608 0.1334
20030906 0 1.1552 0.1303
20030907 1.8 2.1877 0.14
20030908 4.5 1.1347 0.1733
20030909 0.2 0.4491 0.1386
20030910 1.7 0.9554 0.1307
20030911 20 1.3197 0.9232
20030912 0 1.6306 0.2381
20030913 0.5 2.2021 0.1712
20030914 0 1.7804 0.1495
20030915 0 1.9743 0.1411
20030916 0 2.702 0.1328
20030917 0 2.8126 0.125
20030918 0 2.9156 0.1185
20030919 0 2.7831 0.1153
20030920 0 2.8124 0.1094
20030921 0 2.8353 0.1127
20030922 0 2.5078 0.1266
20030923 15.4 0.6235 0.2604
20030924 0.1 0.2771 0.1801
20030925 0 1.6447 0.1295
20030926 0 2.4588 0.1198
20030927 0 2.1898 0.1181
20030928 9.2 1.3529 0.2079
20030929 4.2 0.8882 0.2798
20030930 0 1.5223 0.1539
20031001 1.9 0.2403 0.1526
20031002 0 1.7806 0.1385
20031003 11.7 0.7012 0.4211
20031004 29.5 0.2195 1.9898
20031005 31.8 0.1525 7.7637
20031006 6.7 1.1521 3.2838
20031007 41.3 0.0915 9.6326
20031008 3.2 0.8446 8.6877
20031009 17.5 0.0904 10.4385
20031010 0 0.5001 3.9154
20031011 0 1.2066 2.0878
20031012 0 0.4556 1.4517
20031013 0 1.3631 1.1312
20031014 0.1 0.1239 0.9199
20031015 0 0.8156 0.7776
20031016 0 0.7071 0.6892
20031017 0 0.5109 0.6336
20031018 0 0.1636 0.6019
20031019 0 1.4 0.5685
20031020 4.3 0.4113 0.5842
20031021 14 0.1144 1.7706
20031022 0 1.0792 1.1243
20031023 13.6 0.0014 0.897
20031024 3.3 0.0947 1.1003
20031025 0 1.0268 1.3648
20031026 0 1.0128 1.6242
20031027 0 0.6671 1.3439
20031028 0 1.1075 1.1132
20031029 8.1 0.4021 2.0602
20031030 0.8 0.2277 2.5314
20031031 0.1 0.4628 1.5878
20031101 15.3 0.3123 4.3856
20031102 2.5 0.4294 2.6591
20031103 4 0.098 2.1055
20031104 0 1.0763 1.9063
20031105 0 1.0191 1.5113
20031106 0 0.8559 1.2543
20031107 0 0.7833 1.1054
20031108 0 0.6218 0.9846
20031109 0 0.8842 0.8525
20031110 0 0.9006 0.7881
20031111 0 0.3555 0.7436
20031112 0 0.6405 0.6901
20031113 33 0.0231 8.8559
20031114 0.2 0.4467 3.4514
20031115 0.9 0.7384 2.1241
20031116 0.4 0.465 1.7083
20031117 13.1 0.1668 4.6274
20031118 0.9 0.1808 2.5877
20031119 0 0.8225 1.9323
20031120 0 0.8631 1.6261
20031121 0 0.6193 1.3871
20031122 0 0.3333 1.2319
20031123 0 0.6907 1.1073
20031124 0 0.1373 1.0138
20031125 0 0.4015 0.9217
20031126 0 0.2713 0.8767
20031127 5.4 0.2488 0.8954
20031128 14.3 0.021 2.2171
20031129 2.1 0.2312 2.8403
20031130 0 0.182 2.7491
20031201 0 0.2284 2.76
20031202 0 0.8617 1.9681
20031203 0 0.0117 1.4886
20031204 0 0.114 1.2709
20031205 0 0.5555 1.1231
20031206 1.4 0.4378 1.0845
20031207 0 0.154 1.0204
20031208 0 0.3652 0.925
20031209 0 0.0964 0.8788
20031210 0 0.4782 0.8013
20031211 0 0.5633 0.7306
20031212 2 0.1911 0.7571
20031213 0 0.2924 0.7299
20031214 26.5 0.0107 6.9642
20031215 3.1 0.086 3.9666
20031216 0.1 0.2261 2.3672
20031217 0 0.1064 1.8451
20031218 0 0.4999 1.5773
20031219 0 0.0865 1.4455
20031220 1.3 0.5618 1.5993
20031221 15.4 0.0106 6.2333
20031222 7.1 0.0689 3.8045
20031223 0 0.3813 2.5831
20031224 0 0.4324 4.24
20031225 0 0.4108 3.3316
20031226 0 0.4264 1.6974
20031227 0 0.174 1.6744
20031228 4.9 0.0725 2.1097
20031229 1.9 0.163 2.6988
20031230 0.1 0.0093 1.9139
20031231 6 0.0026 1.6234
20040101 2.4 0 1.5016
20040102 2.4 0 1.3775
20040103 0 0 1.2708
20040104 0.2 0.0051 1.3477
20040105 0.4 0 1.1565
20040106 0.4 0.2422 1.1342
20040107 0.9 0.1379 1.3019
20040108 9.8 0.3157 1.4546
20040109 18.1 0.0593 15.7311
20040110 8.5 0.3502 12.2314
20040111 8.6 0.133 7.7928
20040112 30.4 0.0278 21.864
20040113 49.7 0 33.4208
20040114 6.6 0.3371 17.5816
20040115 4.3 0.102 7.4655
20040116 7.5 0.1133 5.4258
20040117 21.4 0.1194 14.7177
20040118 9.1 0 6.895
20040119 1.6 0.0716 4.3781
20040120 17.4 0.0438 4.2902
20040121 1.1 0.0622 3.7909
20040122 0 0.1611 3.0808
20040123 0 0.6179 2.6118
20040124 3.9 0.5567 2.2203
20040125 1.7 0.3817 2.0711
20040126 2.9 0.0455 1.908
20040127 4.5 0.0702 1.7448
20040128 2.5 0.1544 1.6254
20040129 2.5 0.1252 1.5601
20040130 0.1 0.685 1.787
20040131 0 0.9225 1.98
20040201 0 1.0911 4.4939
20040202 0 0.787 6.1599
20040203 0 0.9399 6.1432
20040204 0 0.8624 4.6752
20040205 0 1.2653 4.6505
20040206 0 1.0809 5.2178
20040207 6.2 0.1603 14.0475
20040208 5.1 0.0828 7.0176
20040209 2.3 0.8472 4.2174
20040210 0 0.8797 3.2373
20040211 4.9 0.172 2.8084
20040212 0 0.19 2.4442
20040213 0 0.8297 2.3308
20040214 0 0.6577 2.3496
20040215 0 0.5146 2.289
20040216 0 0.8908 2.4477
20040217 0 0.2957 2.365
20040218 0.6 0.4151 2.1428
20040219 0 0.1115 2.0362
20040220 0 0.8194 1.7816
20040221 0 0.3949 1.7423
20040222 1.8 0.4746 2.9437
20040223 14.2 0.175 3.8727
20040224 0.1 0.5436 2.5337
20040225 0 1.2496 3.0319
20040226 1.1 0.4576 1.909
20040227 0 0.495 1.6817
20040228 0 0.7828 2.0989
20040229 0 0.6074 1.4795
20040301 0 0.3615 1.2126
20040302 0 0.4992 1.1541
20040303 0 1.3879 1.1571
20040304 0 0.928 1.2537
20040305 1 0.6553 1.2491
20040306 4.1 0.4058 2.5973
20040307 2.2 0.8684 2.7634
20040308 8.6 0.2601 2.3308
20040309 0.2 0.9705 1.9875
20040310 1.6 1.0795 2.2384
20040311 3.4 0.3716 1.7271
20040312 0 1.0641 1.7944
20040313 0 1.1332 2.6703
20040314 0.9 1.0912 5.0339
20040315 0 2.1037 4.7978
20040316 0 2.2276 4.3557
20040317 0 2.5274 4.0391
20040318 0 2.4102 3.69
20040319 0 1.8924 3.3653
20040320 3.2 0.7351 3.3373
20040321 5.6 0.9416 2.6474
20040322 10.4 0.9129 4.4619
20040323 17.1 0.2238 2.8887
20040324 34.1 0.1766 3.1493
20040325 11 0.597 3.134
20040326 0.7 0.264 2.8907
20040327 0 1.0666 2.727
20040328 0 1.9966 3.529
20040329 0 2.2861 5.7977
20040330 0 2.2152 8.2573
20040331 0 2.6453 9.221
20040401 0 2.8037 7.8436
20040402 0 2.6742 5.4653
20040403 0.2 0.729 3.8821
20040404 0.4 0.9484 3.0416
20040405 10.2 0.931 3.8533
20040406 23.1 0.2915 7.4292
20040407 11.7 0.8803 7.5145
20040408 0.5 1.6742 8.2949
20040409 0.2 0.9903 5.8551
20040410 13.2 0.1888 5.7124
20040411 1.9 0.8151 6.3769
20040412 0 0.8714 4.3788
20040413 0 0.7634 3.3224
20040414 0 1.6927 2.7067
20040415 0 2.2493 2.2877
20040416 0 3.2308 1.9347
20040417 0 2.0989 1.6365
20040418 7.4 1.393 1.5346
20040419 6.6 0.5068 1.9908
20040420 0 2.641 1.3751
20040421 0 3.366 1.1528
20040422 0 3.5177 1.0242
20040423 1.3 1.8622 0.9356
20040424 1 1.5185 0.9324
20040425 0 2.0154 0.7952
20040426 0 3.1217 0.8017
20040427 0 2.4475 0.7952
20040428 0 3.0842 0.6552
20040429 0 3.4663 0.6023
20040430 0 1.3162 0.5627
20040501 0 1.1396 0.5366
20040502 0.9 1.4791 0.5146
20040503 0 2.7846 0.4842
20040504 2.7 1.7595 0.4787
20040505 17.7 0.4144 0.9752
20040506 20.1 0.5985 2.9488
20040507 9.7 1.8214 3.1638
20040508 6.7 1.3922 2.0782
20040509 47 0.4523 24.2723
20040510 0 1.6394 8.4407
20040511 0 2.2336 3.8812
20040512 3.8 3.5085 2.7286
20040513 1.2 0.4198 2.2306
20040514 0 2.3683 1.7386
20040515 0 3.6817 1.509
20040516 0 1.7667 1.3147
20040517 0 4.2143 1.1509
20040518 0 4.4184 0.9632
20040519 0 4.5896 0.8087
20040520 0 4.618 0.7187
20040521 25.1 0.7216 1.2929
20040522 15.1 0.4779 5.4641
20040523 0 2.7561 2.0618
20040524 0 3.8749 1.3605
20040525 0 4.2422 1.105
20040526 0 4.1553 0.9465
20040527 7.6 1.1063 0.9729
20040528 4.6 2.8864 1.1729
20040529 0 4.2097 0.8301
20040530 0 4.1284 0.7581
20040531 16.6 0.8483 1.9543
20040601 11.2 0.8833 1.7628
20040602 22 2.1992 5.4374
20040603 39.2 0.0863 29.0887
20040604 5.3 1.8605 11.8822
20040605 4.9 0.9722 6.1713
20040606 0 3.4769 4.2606
20040607 0 4.5796 2.9471
20040608 0 4.2794 2.291
20040609 0 4.9846 1.8487
20040610 0 4.6785 1.5146
20040611 14.81 1.2732 1.7814
20040612 3.92 1.7928 1.6395
20040613 5.3 1.4062 1.3739
20040614 0 3.4461 1.2147
20040615 0 1.8921 1.0395
20040616 4.69 0.9403 1.0385
20040617 0.03 4.3398 0.8677
20040618 0.55 2.4345 0.7644
20040619 9.69 1.1329 0.9071
20040620 0.98 2.5299 0.9243
20040621 0 3.8964 0.676
20040622 0.77 1.9177 0.6279
20040623 6.88 1.8109 0.683
20040624 0.03 2.9758 0.6341
20040625 5.13 2.4807 0.6494
20040626 0 4.3112 0.5116
20040627 3.21 2.743 0.4579
20040628 0.59 1.8568 0.4497
20040629 0 4.1796 0.3897
20040630 0 4.7526 0.342
20040701 1.24 0.996 0.3514
20040702 10.26 1.9187 0.6129
20040703 0 2.6961 0.3775
20040704 0 4.5339 0.3163
20040705 8.72 2.4637 0.4448
20040706 12.37 0.514 1.1907
20040707 0.13 1.6958 0.6146
20040708 16.28 1.8649 1.0373
20040709 5.14 2.4956 3.458
20040710 5.43 2.0938 1.2107
20040711 9.22 2.1181 1.7435
20040712 9.77 1.7783 2.4789
20040713 10.02 1.0343 4.569
20040714 0 3.2638 2.4923
20040715 0 2.6286 1.4232
20040716 0 4.2979 1.0713
20040717 4.7 4.036 0.9152
20040718 0.94 3.7365 0.7785
20040719 0.84 2.8864 0.7102
20040720 0.17 2.4123 0.6185
20040721 1.42 3.4887 0.58
20040722 8.94 4.2881 0.9519
20040723 12.8 2.7908 1.1068
20040724 23.72 0.4876 5.5873
20040725 0 3.102 2.8957
20040726 1.47 1.705 1.5449
20040727 0 3.0775 1.1791
20040728 0 4.0973 0.9308
20040729 0 4.2665 0.7981
20040730 0 4.1688 0.67
20040731 0 3.6934 0.5864
20040801 0 4.3764 0.5215
20040802 0 4.2963 0.4706
20040803 0 3.6494 0.424
20040804 0.13 3.2608 0.3932
20040805 22.4 3.0807 0.8629
20040806 6.96 3.0063 1.7235
20040807 25.27 2.1793 4.3305
20040808 0.06 3.6604 2.3992
20040809 0 2.3981 1.1815
20040810 0 2.8996 0.8796
20040811 1.6 1.8771 0.7712
20040812 18.7 2.9475 1.6497
20040813 2.2 2.2029 1.4719
20040814 4.7 0.6798 1.0535
20040815 0 3.5326 0.8244
20040816 1 2.4455 0.6915
20040817 0.7 1.5355 0.6178
20040818 0.1 3.8425 0.5337
20040819 7.9 1.2686 0.5882
20040820 10.4 1.4328 0.8665
20040821 7.9 1.5445 1.6584
20040822 0.8 2.307 1.1332
20040823 0 3.3059 0.7592
20040824 10.9 0.7016 1.1143
20040825 5.2 2.0054 0.9547
20040826 5.7 0.7038 1.6483
20040827 0 3.0458 1.3047
20040828 0 3.4472 0.9165
20040829 16 2.2364 1.6768
20040830 0.2 1.6 1.625
20040831 0 1.4687 0.9979
20040901 0 2.8733 0.8106
20040902 0 3.3238 0.6861
20040903 1.8 3.1554 0.594
20040904 0.2 2.6654 0.6036
20040905 0 3.312 0.4862
20040906 0 3.0782 0.4488
20040907 0 3.055 0.4075
20040908 0 2.957 0.3781
20040909 0 2.9886 0.3438
20040910 0 2.7876 0.3315
20040911 0.3 2.7585 0.3057
20040912 17.5 0.6644 0.888
20040913 0 2.7705 0.4267
20040914 2.7 0.7215 0.3705
20040915 10.7 0.344 0.6013
20040916 0.6 1.1628 0.6854
20040917 0 1.2998 0.4237
20040918 0 2.7184 0.3664
20040919 0.1 1.6632 0.3144
20040920 0 1.0719 0.3071
20040921 0 0.7706 0.2816
20040922 0.7 0.6276 0.2628
20040923 23 0.7873 0.5479
20040924 30.2 0.6626 9.9074
20040925 16.3 0.2074 6.4765
20040926 6.6 0.312 5.7227
20040927 0 0.816 3.1012
20040928 0 1.0265 1.9497
20040929 0.1 0.6142 1.4092
20040930 0.8 0.8169 1.157
20041001 0.1 1.4315 0.9939
20041002 0 0.858 0.8551
20041003 0 1.9627 0.7364
20041004 0 1.685 0.7041
20041005 0 2.1614 0.6328
20041006 0.7 0.8922 0.5824
20041007 0.2 0.9186 0.5645
20041008 21.5 1.4022 1.1641
20041009 15.9 0.1494 9.4795
20041010 29.1 0.0347 13.2236
20041011 0.6 0.1278 5.8804
20041012 0.1 0.1935 3.1244
20041013 0 0.4102 2.2947
20041014 0.6 1.1228 1.8037
20041015 12.6 0.681 2.2154
20041016 4.8 0.7211 3.1724
20041017 5.8 0.6683 3.216
20041018 0.8 0.8561 2.6051
20041019 14 0.1124 3.5364
20041020 0.3 0.6452 4.4225
20041021 18 0.5508 8.5784
20041022 0 1.4211 4.1924
20041023 0 1.4505 2.8285
20041024 0 1.544 2.1779
20041025 0 0.9189 1.7339
20041026 17.7 0.0145 4.4953
20041027 1.6 0.0449 5.5532
20041028 0.4 0.4398 2.947
20041029 0 0.5594 2.2423
20041030 0 0.8254 1.7889
20041031 0 0.1172 1.5378
20041101 0.4 0.0417 1.3546
20041102 0 0.0378 1.2036
20041103 0 0.5376 1.08
20041104 0.1 0.4429 0.9999
20041105 7.1 0.0237 1.2479
20041106 0 0.1622 1.1455
20041107 6.7 0.0799 1.3594
20041108 0 0.3337 1.4404
20041109 0 0.0927 1.1557
20041110 0.8 0.3936 0.9866
20041111 0 0.1032 0.8883
20041112 0 0.1641 0.8153
20041113 4.4 0.2575 0.9813
20041114 0.9 0.0861 0.9371
20041115 0 0.2388 0.8623
20041116 0 0.625 0.7786
20041117 0 0.2225 0.7518
20041118 0 0.2642 0.7253
20041119 12.8 0.1892 2.4832
20041120 0.6 0.1534 1.5758
20041121 0 0.496 1.2377
20041122 4 0.3408 1.6889
20041123 2.8 0.0753 1.7555
20041124 1 0.1993 1.5524
20041125 0 0.2936 1.3183
20041126 0.8 0.4678 1.1572
20041127 0.8 0.2169 1.0894
20041128 0 0.3825 1.0016
20041129 0 0.1002 0.9102
20041130 0 0.0049 0.8565
20041201 0 0.0746 0.794
20041202 0.2 0.4409 0.7457
20041203 0 0.2269 0.6884
20041204 0 0.0377 0.6413
20041205 0 0 0.6266
20041206 0 0.0706 0.5971
20041207 0 0.0701 0.5844
20041208 0 0.0087 0.5471
20041209 0 0.0199 0.533
20041210 0 0.2665 0.5205
20041211 0 0.2655 0.4842
20041212 0 0.4553 0.4626
20041213 0 0.4588 0.4633
20041214 0 0.4763 0.423
20041215 0 0.3772 0.4408
20041216 0 0.437 0.4169
20041217 15.1 0.149 1.2807
20041218 1.5 0.058 1.9812
20041219 40.8 0.0428 8.7663
20041220 0 0.0091 3.9607
20041221 0 0.0204 2.2256
20041222 0 0.1892 1.6574
20041223 0.3 0.2077 1.8075
20041224 0 0.239 4.9394
20041225 2.3 0.4317 3.0365
20041226 9 0 2.2899
20041227 3.7 0.0025 1.9645
20041228 3.8 0.068 1.8826
20041229 2.5 0.1239 1.7192
20041230 0 0.2652 1.6379
20041231 0 0.4293 1.6964
20050101 0.8 0.3357 2.7298
20050102 10 0.0255 10.0553
20050103 1.8 0.2526 5.0835
20050104 0 0.4925 3.0414
20050105 0 0.504 2.2788
20050106 13.6 0.1262 8.0438
20050107 0 0.5325 3.7908
20050108 0 0.6978 2.5856
20050109 0 0.0782 2.0509
20050110 0 0.6658 1.7418
20050111 0 0.6117 1.4681
20050112 2.9 0.6975 1.3045
20050113 1.9 0.2276 1.3512
20050114 0 0.5463 1.1222
20050115 0 0.5531 1.0031
20050116 0 0.5971 0.9119
20050117 0 0.6742 0.8371
20050118 7 0.0819 0.8635
20050119 1.2 0.2201 0.776
20050120 12.6 0.0398 4.6254
20050121 22.1 0.0033 13.157
20050122 0.4 0.3181 4.6632
20050123 0.2 0.1395 2.7156
20050124 7.3 0.2299 2.0499
20050125 11.33 0.1187 1.6557
20050126 1.12 0.0388 1.4543
20050127 7.17 0.1456 1.4581
20050128 6.03 0.2559 1.7641
20050129 2.96 0.132 1.477
20050130 1.14 0.5517 1.0182
20050131 2.7 0.2667 1.0236
20050201 6.04 0.2325 1.0022
20050202 2.8 0.0848 0.8847
20050203 0.6 0.5072 0.892
20050204 0 0.3005 0.8782
20050205 0 0.66 0.8992
20050206 0 0.6475 0.8375
20050207 0 0.8424 0.8599
20050208 0 0.9128 0.9397
20050209 0 0.893 0.8778
20050210 0.7 0.6827 0.9581
20050211 6.1 0.2067 4.2619
20050212 26 0.229 26.8935
20050213 3.8 0.1285 16.9545
20050214 2.1 0.2913 5.3409
20050215 7.3 0.1979 3.509
20050216 8.8 0.1799 2.6584
20050217 0.5 0.358 2.1949
20050218 0.2 0.415 1.9082
20050219 0.9 0.4299 1.7672
20050220 1.3 0.3228 1.5936
20050221 4.9 0.0643 1.4819
20050222 3.6 0.2728 1.3783
20050223 0.2 0.4498 1.2916
20050224 0 0.8403 1.3803
20050225 0 0.4334 1.2977
20050226 0 0.3309 1.1153
20050227 5.5 0.2862 1.0774
20050228 0 0.4564 1.1783
20050301 0 0.959 1.2931
20050302 0 1.2615 1.1814
20050303 0 0.9097 1.0159
20050304 0 1.158 0.7818
20050305 2.5 0.4906 0.7765
20050306 4.7 0.3491 0.7805
20050307 0 0.7591 0.7187
20050308 1.2 0.5722 0.7455
20050309 2.9 0.5043 0.8213
20050310 0.3 1.0177 0.8959
20050311 0 1.5776 1.1398
20050312 0.5 0.9593 1.1558
20050313 0.4 1.6169 1.3401
20050314 0 1.8241 2.079
20050315 0 1.9978 7.7583
20050316 0 2.3045 8.448
20050317 0 2.1839 8.9725
20050318 0 2.5157 7.466
20050319 0 2.0873 6.3123
20050320 0.1 0.4471 5.0689
20050321 0 1.5777 3.474
20050322 0.5 1.3215 2.5689
20050323 0.4 1.9711 2.1892
20050324 4 1.9658 1.8308
20050325 6.6 1.4291 2.5305
20050326 0.1 1.7029 1.7687
20050327 2.7 0.2915 1.5004
20050328 0 1.5761 1.3006
20050329 0.8 1.5318 1.1511
20050330 11 0.5836 2.1052
20050331 0.8 0.2947 1.5941
20050401 0.1 1.5775 1.3329
20050402 0 2.7415 1.1602
20050403 0 2.88 1.0323
20050404 0 2.7258 0.9395
20050405 0 1.7953 0.8722
20050406 0 2.7173 0.8133
20050407 8.1 0.5635 0.9863
20050408 16.8 0.5479 2.3437
20050409 27 0.1705 4.3733
20050410 0.1 1.764 6.2755
20050411 0 0.6839 4.349
20050412 0 0.4293 2.9279
20050413 0 0.8642 2.1921
20050414 0 2.2513 1.7629
20050415 9.5 2.1566 1.8507
20050416 10.5 1.831 1.6927
20050417 12.6 1.7955 5.2539
20050418 15.2 0.526 7.1981
20050419 13.4 0.7663 6.9959
20050420 19.3 0.6981 10.3924
20050421 1.4 1.5091 9.0932
20050422 0 3.0993 4.486
20050423 7.4 1.7141 3.2751
20050424 4 1.2402 3.0566
20050425 8.9 1.0594 3.3105
20050426 0 2.5501 2.8652
20050427 11.7 0.3787 3.4851
20050428 0 2.3365 3.2111
20050429 0 3.2743 2.279
20050430 0 3.6792 1.8583
20050501 0 3.7681 1.5583
20050502 0 3.7263 1.3526
20050503 22.5 0.9585 1.8315
20050504 4.1 2.0523 2.4075
20050505 9 1.2304 2.0139
20050506 9.1 0.842 2.3483
20050507 22.6 1.0485 9.6277
20050508 2.3 2.2777 9.389
20050509 4.4 1.5186 4.0529
20050510 6.1 1.1692 3.0007
20050511 0.1 3.4443 2.695
20050512 0 3.681 2.0589
20050513 0 2.724 1.683
20050514 1.7 1.5736 1.488
20050515 1 2.0066 1.2988
20050516 11.1 0.6949 1.5626
20050517 0 3.168 1.3601
20050518 1.4 0.2601 1.123
20050519 0 3.1594 1.0141
20050520 0 4.2913 0.8993
20050521 7.7 1.9489 0.9323
20050522 17.1 2.0917 2.9468
20050523 15.3 0.5678 5.8117
20050524 0 3.2207 3.0284
20050525 0 4.5155 1.8555
20050526 0 4.6899 1.4734
20050527 0 4.5755 1.247
20050528 0 4.8021 1.0669
20050529 0 4.9144 0.9545
20050530 8 1.5664 1.0217
20050531 0.2 2.995 0.915
20050601 0 3.3008 0.7877
20050602 0 4.3127 0.7128
20050603 22.9 4.7326 1.675
20050604 18.4 0.8468 9.0593
20050605 0 2.0467 2.4318
20050606 5.8 1.7065 1.645
20050607 7.7 1.4219 2.5357
20050608 0 3.4047 1.4799
20050609 0 3.4889 1.2156
20050610 0 4.0024 1.0603
20050611 0 3.8662 0.9417
20050612 0.9 2.1851 0.8846
20050613 15.9 2.7032 1.0882
20050614 2 0.9249 1.0895
20050615 2.4 2.33 0.9083
20050616 0 3.0577 0.7384
20050617 0 3.3691 0.6635
20050618 0 3.6323 0.617
20050619 0 4.8246 0.5631
20050620 0 4.9817 0.52
20050621 0 4.6165 0.4802
20050622 0 3.8504 0.4468
20050623 0 4.4285 0.4227
20050624 6.4 4.8271 0.404
20050625 1.1 3.986 0.5151
20050626 0 4.2047 0.3794
20050627 0 4.0717 0.3603
20050628 0 4.3547 0.3394
20050629 3.6 2.9531 0.3503
20050630 9.9 2.2399 0.5154
20050701 12.2 1.7732 1.0738
20050702 0 2.1354 0.4348
20050703 0 4.4673 0.3657
20050704 18.9 2.7617 0.7636
20050705 13.5 1.6838 1.5876
20050706 10.5 1.6035 1.2815
20050707 7.9 1.141 2.2062
20050708 6.4 2.4264 2.0968
20050709 0 3.2082 1.0227
20050710 8.8 1.2137 0.9255
20050711 15.4 1.2576 2.8495
20050712 0.2 3.4678 2.8716
20050713 0 4.0902 1.1905
20050714 0 4.8872 0.8574
20050715 0 4.4173 0.6972
20050716 0.5 2.0606 0.6192
20050717 0 4.364 0.5564
20050718 4 2.65 0.574
20050719 31.2 2.6138 4.0676
20050720 0 3.9889 1.2249
20050721 8.5 2.2983 1.6169
20050722 0 2.6542 0.9804
20050723 0 3.3151 0.7868
20050724 4.3 1.2276 0.7276
20050725 15.47 1.8999 1.2155
20050726 0.2 2.4391 1.787
20050727 0 4.2152 0.9288
20050728 0 4.491 0.7182
20050729 8.5 2.408 0.8276
20050730 0.3 0.7005 1.2186
20050731 0.3 1.6932 0.8183
20050801 2.8 2.616 0.7575
20050802 36 0.2602 6.624
20050803 15.3 0.6428 17.9259
20050804 0.6 2.4631 4.3546
20050805 0.6 4.0424 2.4937
20050806 8.4 1.7112 2.6205
20050807 25.6 0.9798 7.4907
20050808 0.1 2.786 6.5503
20050809 0 3.8331 2.9587
20050810 0 3.2888 2.0625
20050811 0 2.9902 1.5907
20050812 4.2 3.9751 1.3239
20050813 4.7 1.8836 1.4254
20050814 18.8 0.8559 3.7524
20050815 8 1.1174 5.1032
20050816 2.5 1.3273 3.0908
20050817 0 3.3463 2.0872
20050818 0.1 3.1238 1.6387
20050819 4.5 2.7268 1.387
20050820 14.7 0.4656 2.2063
20050821 34.3 0.0732 11.8162
20050822 61.8 0.03 45.8601
20050823 0.8 0.9092 14.3148
20050824 2.7 1.7189 5.7879
20050825 2.8 1.4152 2.5305
20050826 0.1 1.6485 1.7613
20050827 0 2.1804 1.4947
20050828 1.1 2.0681 1.159
20050829 0 3.4715 0.8356
20050830 0 3.499 0.648
20050831 0 3.5438 0.5036
20050901 0 3.1051 0.3698
20050902 0 2.5793 0.293
20050903 0 2.2382 0.2387
20050904 0 1.3487 0.2304
20050905 0 3.0476 0.2316
20050906 0 3.2409 0.2983
20050907 0 3.2628 0.3718
20050908 0 3.1937 0.462
20050909 44.29 2.0048 4.8643
20050910 0.2 1.836 3.4722
20050911 4.2 1.234 1.5493
20050912 0 1.8691 1.2468
20050913 0 2.0344 0.9625
20050914 0 0.9387 0.8506
20050915 0 2.4727 0.7989
20050916 7 2.3747 0.7785
20050917 15.9 0.258 3.4119
20050918 0 0.0855 1.5616
20050919 0 0.1658 1.1295
20050920 0 0.8875 0.9377
20050921 0 1.8534 0.8023
20050922 0 2.1982 0.7238
20050923 0 2.4828 0.6718
20050924 0 1.9413 0.6424
20050925 0 2.256 0.6222
20050926 0 1.2025 0.5883
20050927 0 0.5446 0.576
20050928 1.4 1.2178 0.5539
20050929 14.1 0.7783 0.7752
20050930 0.5 1.1762 0.9876
20051001 12.1 0.374 1.0091
20051002 21.9 0.0947 5.7437
20051003 19 0.1264 7.1519
20051004 3.1 0.7715 8.3015
20051005 0 0.6346 3.5428
20051006 0 0.7383 2.2377
20051007 0 1.2825 1.6898
20051008 0 1.81 1.4299
20051009 0 1.9404 1.233
20051010 0 1.707 1.1103
20051011 0.1 1.8168 1.0116
20051012 0 1.8187 0.9075
20051013 0 1.7227 0.8282
20051014 0 1.702 0.7624
20051015 0.1 0.9625 0.7356
20051016 0.1 0.4557 0.7091
20051017 0.2 0.2065 0.6874
20051018 0 0.2387 0.6626
20051019 0.2 0.5628 0.6336
20051020 0 1.1209 0.6068
20051021 0 1.2976 0.5788
20051022 0 0.7372 0.5456
20051023 15 0.2168 0.9968
20051024 0 1.3374 0.8024
20051025 0 0.8003 0.6173
20051026 0 1.4077 0.5497
20051027 0 1.4616 0.523
20051028 0 1.4593 0.4954
20051029 0 1.3788 0.479
20051030 0 1.3802 0.4537
20051031 0 1.2208 0.4374
20051101 0 0.2221 0.4266
20051102 0 0.6109 0.4164
20051103 0.6 1.1392 0.4114
20051104 0.2 0.4063 0.4011
20051105 10.4 0.1375 0.751
20051106 0 0.1251 0.5459
20051107 0 0.8004 0.4673
20051108 0 0.9546 0.4311
20051109 0 0.9905 0.4092
20051110 0 0.3791 0.3935
20051111 0 0.1541 0.3888
20051112 0 0.9462 0.3828
20051113 0 0.8529 0.3774
20051114 0 0.0094 0.3749
20051115 0 0.8454 0.371
20051116 5.3 0.1683 0.4225
20051117 0.9 0.5717 0.4714
20051118 0 0.2442 0.3945
20051119 0.1 0.5678 0.3811
20051120 0 0.5859 0.3575
20051121 3.7 0.0414 0.3804
20051122 0 0.1021 0.371
20051123 0.1 0.2218 0.3515
20051124 0 0.1828 0.3363
20051125 5.2 0.1165 0.3628
20051126 0 0.3158 0.3459
20051127 0.2 0.6414 0.3506
20051128 1.4 0.1866 0.3323
20051129 0 0.1761 0.3234
20051130 0 0.1941 0.3368
20051201 0 0.2403 0.3308
20051202 0 0.2998 0.3295
20051203 0.6 0.1149 0.3915
20051204 2.7 0.3575 0.8592
20051205 8.6 0.0764 2.6711
20051206 0.7 0.3418 1.5308
20051207 1 0.1036 1.0904
20051208 1.3 0.0103 0.8741
20051209 4.1 0 0.7299
20051210 0 0.1136 0.6962
20051211 0 0.1019 0.6809
20051212 0 0.1683 0.6209
20051213 0 0.2281 0.5806
20051214 0 0.0234 0.5453
20051215 0 0.4172 0.5092
20051216 23.3 0.0195 3.4475
20051217 3.5 0.0355 3.69
20051218 0.5 0.1703 1.6878
20051219 2 0.1238 1.3158
20051220 0 0.2689 1.1062
20051221 0 0.0656 0.9945
20051222 0 0.1038 0.9289
20051223 0.9 0.0776 0.9679
20051224 0 0.1448 0.9881
20051225 0.1 0.0867 0.9568
20051226 1.1 0.0554 0.9392
20051227 0.4 0.0565 0.8791
20051228 0.8 0.0599 0.7969
20051229 0.5 0.1465 0.8519
20051230 4.7 0.312 1.0438
20051231 28.3 0.409 10.9806
20060101 8.3 0.2106 14.3318
20060102 1.8 0.0162 4.579
20060103 1.5 0.0834 2.9678
20060104 0.1 0.0425 2.3385
20060105 0 0.2009 1.9263
20060106 0 0.1212 1.5797
20060107 0 0.306 1.4756
20060108 0 0.2488 1.4527
20060109 0 0.2975 1.8758
20060110 0 0.5214 2.2185
20060111 0 0.5365 2.3793
20060112 0 0.3434 2.3301
20060113 0 0.5184 2.3366
20060114 0 0.4913 3.4073
20060115 0 0.5241 3.9281
20060116 0.2 0.5722 2.4012
20060117 19.3 0.1486 2.14
20060118 22 2e-04 12.2063
20060119 0.2 0.3197 4.3172
20060120 0 0.6933 2.1105
20060121 4.7 0.4386 5.4069
20060122 0.7 0.3292 2.919
20060123 0 0.0517 2.0289
20060124 0 0.2695 1.978
20060125 0 0.3733 2.4247
20060126 0.3 0.1905 1.2292
20060127 0 0.2905 1.0811
20060128 0 0.3689 1.0919
20060129 0 0.4792 0.9898
20060130 0 0.5905 0.9266
20060131 0 0.6164 0.8917
20060201 0 0.6888 0.9675
20060202 0 0.8079 1.0895
20060203 0 0.3618 1.1672
20060204 0 0.0517 1.2232
20060205 0 0.0505 1.2924
20060206 0 0.3928 1.1884
20060207 0 0.1309 0.8474
20060208 5 0.1577 0.5915
20060209 2.1 0.2954 0.5818
20060210 0.4 0.2765 0.5506
20060211 1.4 0.4321 0.5417
20060212 0 0.4465 0.7218
20060213 0 0.7735 0.9288
20060214 0 0.882 0.5708
20060215 9.6 0.1463 1.5524
20060216 40.8 0.1732 26.7867
20060217 11.7 0.3396 18.0026
20060218 5.4 0.2377 7.3902
20060219 0 0.6322 5.0191
20060220 0 0.3981 4.1
20060221 0 1.0645 3.7594
20060222 0 0.0338 3.0074
20060223 0.1 0.0338 2.3398
20060224 0 0.0083 1.9804
20060225 2.3 0.0662 1.6803
20060226 7.2 0.0997 1.4826
20060227 0.1 0.6677 1.4086
20060228 0.3 0.4644 1.7831
20060301 1.6 0.3898 1.2622
20060302 2.9 0.4529 1.394
20060303 4.7 0.4772 1.384
20060304 24 0.0108 3.9561
20060305 7.2 0.2651 2.9688
20060306 3.9 0.5361 1.732
20060307 0.6 0.8097 1.4709
20060308 20.6 0.3324 6.1974
20060309 35.7 0.9164 50.2843
20060310 10 0.9007 20.7089
20060311 5 0.5767 8.9918
20060312 1.4 0.6453 5.9313
20060313 0 0.8097 4.358
20060314 0 1.264 3.3597
20060315 0 1.155 2.7161
20060316 0 0.3102 2.3868
20060317 0 1.0105 2.1568
20060318 0 0.7677 1.7254
20060319 0 1.5667 1.5824
20060320 0 2.0849 3.0084
20060321 0.6 1.3082 7.1743
20060322 0.4 1.1839 11.2874
20060323 8.7 0.5732 7.955
20060324 0.3 0.5208 6.077
20060325 3.5 0.9819 15.1229
20060326 1.6 1.9744 20.5734
20060327 1.9 2.1973 13.3122
20060328 22.9 0.2659 16.8261
20060329 0.9 0.9582 9.9726
20060330 11.4 0.558 6.7322
20060331 9.8 2.0771 13.3184
20060401 1.9 1.8934 5.6881
20060402 1.6 1.9025 3.9485
20060403 6.2 1.4769 3.7734
20060404 0 2.1899 2.8049
20060405 36.5 0.0343 4.2159
20060406 0.4 1.331 5.0282
20060407 0 2.2457 7.1981
20060408 0 2.8587 6.268
20060409 25.4 0.2509 14.1245
20060410 18.7 0.1931 9.2381
20060411 14.2 0.8202 7.0338
20060412 2.4 0.9522 5.7933
20060413 8.7 0.9397 14.7614
20060414 0.1 2.0485 12.0622
20060415 6.2 0.9611 6.0185
20060416 14.3 1.0987 8.5326
20060417 0.2 2.1898 5.8466
20060418 0.1 1.2541 3.7651
20060419 0 2.3978 2.8063
20060420 0 2.2908 2.2173
20060421 0 3.2454 1.8243
20060422 9.2 3.1889 1.8446
20060423 2.3 2.0343 1.726
20060424 0 3.4825 1.3615
20060425 0 1.7792 1.1803
20060426 6.7 1.0987 1.2333
20060427 7.9 0.5793 1.5542
20060428 27.5 0.0905 10.0555
20060429 7.7 0.1089 8.3038
20060430 0 2.3261 4.4141
20060501 0 2.826 2.7921
20060502 0 2.9781 2.0919
20060503 0 3.8232 1.6874
20060504 0 3.9038 1.4319
20060505 7.9 1.282 1.4892
20060506 0 2.3915 1.1958
20060507 0 3.324 1.0479
20060508 1.2 2.1787 0.957
20060509 17.4 0.6059 1.893
20060510 4.5 1.4705 1.5073
20060511 0 3.5384 1.2396
20060512 1.8 3.3265 0.9906
20060513 22.5 2.8658 1.7807
20060514 5 2.6558 5.4484
20060515 0 3.1012 1.9627
20060516 7.6 1.7762 1.6709
20060517 0 2.8808 1.3758
20060518 25.1 0.5729 5.4936
20060519 0.5 3.2563 4.6734
20060520 2.6 1.3152 2.3892
20060521 4.7 2.4344 2.053
20060522 2.7 3.9866 1.5653
20060523 3.9 0.7786 1.4618
20060524 0.4 1.9453 1.1947
20060525 0 1.9923 1.0295
20060526 0 3.0687 0.9109
20060527 5.3 1.6157 0.9434
20060528 13.7 0.6676 1.7534
20060529 23.8 0.4517 7.4772
20060530 20.5 1.4491 12.1296
20060531 9.6 1.2947 9.5818
20060601 11.6 0.6541 6.062
20060602 1.8 1.1381 5.6205
20060603 0.1 2.8823 3.4017
20060604 3.4 1.7145 2.5456
20060605 0.2 1.6654 2.0117
20060606 1.7 1.9425 1.681
20060607 0 4.1631 1.3851
20060608 0 4.1976 1.1869
20060609 0 4.3982 1.0461
20060610 0 4.4041 0.9208
20060611 0 4.7613 0.8186
20060612 0 4.7242 0.7256
20060613 0 4.1008 0.6888
20060614 0 4.5033 0.636
20060615 0 4.576 0.5817
20060616 0 2.9523 0.5452
20060617 0.1 4.0455 0.5227
20060618 6.4 4.6288 0.7927
20060619 0 3.5736 0.6086
20060620 0 3.867 0.4812
20060621 0 3.0005 0.6153
20060622 0 1.4038 0.5183
20060623 0 2.4272 0.4361
20060624 0 4.5279 0.3956
20060625 0 4.0939 0.3697
20060626 0 3.2302 0.3649
20060627 0 3.9823 0.3322
20060628 0 2.7513 0.3752
20060629 0 1.4971 0.3558
20060630 0 4.7598 0.3112
20060701 0 4.6263 0.2828
20060702 0 4.6689 0.267
20060703 0 4.2623 0.2501
20060704 0 4.7374 0.2344
20060705 11.3 4.0534 0.403
20060706 0.1 2.9104 0.3488
20060707 46.3 0.8435 4.2535
20060708 0 2.0625 0.8147
20060709 0 4.1589 0.5022
20060710 0 4.375 0.3955
20060711 0 4.8042 0.3515
20060712 0 3.3229 0.3249
20060713 0 4.1976 0.3029
20060714 0 3.9311 0.2763
20060715 0 2.6038 0.2701
20060716 0 4.6565 0.241
20060717 0 4.6309 0.2308
20060718 0 4.7707 0.2099
20060719 0 4.8851 0.1954
20060720 0 4.5121 0.1836
20060721 0 4.624 0.177
20060722 0.5 3.7531 0.1739
20060723 0 3.7465 0.1713
20060724 0 4.7333 0.1621
20060725 0 4.7084 0.1534
20060726 0 3.497 0.1459
20060727 0 4.2966 0.1414
20060728 13.2 3.2897 1.0141
20060729 2 2.2078 0.3346
20060730 3.1 3.7597 0.2208
20060731 11.6 2.3462 0.3044
20060801 14.3 1.1923 0.7642
20060802 1.8 1.9918 0.3516
20060803 17.9 0.7528 0.8347
20060804 4.8 1.5196 0.4618
20060805 6.8 0.9477 0.6767
20060806 13.9 1.0201 1.3256
20060807 3.2 2.1939 0.8772
20060808 15 3.1132 0.6062
20060809 14.5 2.3626 3.4808
20060810 5 1.2038 0.9302
20060811 20.4 0.3681 1.7932
20060812 3.2 2.0276 4.5365
20060813 21 0.6261 5.6074
20060814 4.8 0.8573 3.4659
20060815 0 3.3574 2.0144
20060816 3.1 1.777 1.3347
20060817 0 3.5052 0.9854
20060818 2.2 3.2309 0.8107
20060819 7.7 3.5866 0.7338
20060820 15.4 1.1772 1.9977
20060821 0 2.2687 1.3365
20060822 6.2 1.5084 1.1153
20060823 0 3.011 0.9378
20060824 2.7 1.0564 0.8072
20060825 0 2.9776 0.6795
20060826 10.9 2.3804 0.7144
20060827 29.7 0.468 8.4766
20060828 29.2 0.7859 9.4263
20060829 23.9 0.929 13.1223
20060830 12.7 1.342 12.7056
20060831 0 2.2923 7.1823
20060901 0 3.3135 3.4272
20060902 0 1.9751 2.2265
20060903 0.4 1.8075 1.6531
20060904 0 2.5149 1.3273
20060905 0 3.3542 1.1308
20060906 0 1.8017 1.0192
20060907 4.1 3.1767 0.9659
20060908 1.7 1.972 0.8946
20060909 0 1.8871 0.7559
20060910 0 2.2362 0.6852
20060911 0 2.3524 0.6287
20060912 0 2.9821 0.5712
20060913 0 2.9434 0.5295
20060914 0 1.8308 0.4931
20060915 4.4 1.1625 0.5656
20060916 14.1 1.9089 0.7002
20060917 81.3 0.4766 27.2017
20060918 10.1 0.2765 7.9252
20060919 0.3 1.437 3.9397
20060920 0 2.3827 2.2434
20060921 0 2.6882 1.7811
20060922 0 2.6598 1.549
20060923 0 2.1646 1.4442
20060924 0 2.3117 1.3565
20060925 17.8 0.1491 1.5119
20060926 10 0.3631 2.938
20060927 1.3 0.9158 2.0996
20060928 0 0.7948 1.5085
20060929 0 2.2111 1.1879
20060930 4.4 1.7595 1.1214
20061001 42.9 0.3624 12.4908
20061002 3.5 1.5617 10.2223
20061003 11.2 0.9148 5.2216
20061004 0.5 0.9626 3.9801
20061005 2.2 1.2938 2.6403
20061006 0 1.5537 2.0101
20061007 10.2 0.4776 2.4495
20061008 0 1.8592 1.8697
20061009 0 1.9892 1.4766
20061010 0 1.8701 1.2549
20061011 0 1.7369 1.109
20061012 0 1.7425 0.9758
20061013 0 0.4601 0.9014
20061014 0.3 0.0836 0.8538
20061015 0 0.2842 0.7926
20061016 0 0.0933 0.7356
20061017 0 1.5774 0.6882
20061018 0 1.221 0.647
20061019 0 1.2148 0.6096
20061020 0 1.3958 0.5651
20061021 0 0.8811 0.532
20061022 0 1.4507 0.5052
20061023 0 0.4027 0.4964
20061024 6.6 1.1089 0.6039
20061025 0 0.9997 0.4751
20061026 0 1.4944 0.4467
20061027 0 1.122 0.4105
20061028 0 0.9166 0.4004
20061029 12.8 0.0803 0.8115
20061030 0 1.0921 0.5678
20061031 0 0.8393 0.4698
20061101 2.2 0.0535 0.4463
20061102 0 0.931 0.4028
20061103 0 0.2699 0.3881
20061104 0 0.8609 0.3737
20061105 0 0.6526 0.3641
20061106 0 0.9422 0.3552
20061107 0 1.1265 0.3456
20061108 0 0.8924 0.3325
20061109 1.3 0.0992 0.3479
20061110 0 0.5887 0.3289
20061111 9.3 0.2637 0.4716
20061112 7 0.1838 1.0771
20061113 0.4 0.4046 0.6923
20061114 5.5 0.2764 0.9994
20061115 0 0.9341 0.709
20061116 0 0.8763 0.5477
20061117 0 0.4073 0.4703
20061118 0 0.221 0.4249
20061119 8.7 0.5815 0.4362
20061120 0.5 0.5488 0.9318
20061121 23.3 0.0977 3.4391
20061122 2.6 0.3984 4.324
20061123 0.4 0.3413 1.6262
20061124 1 0.4847 1.1215
20061125 0 0.5047 0.8972
20061126 0 0.7444 0.7502
20061127 0 0.7189 0.6813
20061128 0 0.4805 0.6369
20061129 1.9 0.0044 0.6115
20061130 0 0.0362 0.5976
20061201 0 0.1656 0.5598
20061202 0 0.528 0.5387
20061203 0.3 0.4295 0.5171
20061204 23.7 0.2608 2.521
20061205 1.7 0.3082 4.0798
20061206 10 0 2.4296
20061207 0.1 0.5665 2.8202
20061208 5.7 0.3074 1.7987
20061209 24.7 0 7.6828
20061210 1.3 0.3055 5.5982
20061211 0 0.4085 3.2682
20061212 0.1 0.191 2.2514
20061213 0 0.4196 1.7234
20061214 0 0.5525 1.4096
20061215 0 0.5549 1.2068
20061216 5.1 0.5333 1.0904
20061217 5.1 0.0073 1.8031
20061218 0.1 0.0802 1.6132
20061219 0 0 1.269
20061220 0 0.1162 1.0775
20061221 0 0.323 0.9677
20061222 0 0.1271 0.8951
20061223 0 0.0813 0.8158
20061224 0 0.0364 0.7549
20061225 0 0.0589 0.7134
20061226 0 0.0079 0.6783
20061227 0 0.4664 0.647
20061228 0 0.5349 0.6121
20061229 0 0.4914 0.58
20061230 0 0.413 0.5515
20061231 1.8 0.5382 0.6065
20070101 29.8 0 8.343
20070102 19.2 0.094 8.539
20070103 0.5 0.1184 4.348
20070104 5.4 0.1355 5.992
20070105 3.5 0.1854 8.127
20070106 0 0.3252 4.05
20070107 13.7 0.0818 7.309
20070108 0.1 0.1219 4.443
20070109 5.5 0.1725 4.173
20070110 0.1 0.5774 3.105
20070111 0.4 0.1484 2.373
20070112 6.7 0.0371 2.847
20070113 0 0.6578 2.238
20070114 0 0.3578 1.799
20070115 0 0.3347 1.593
20070116 0 0.5598 1.424
20070117 0 0.3614 1.295
20070118 3.8 0.0335 1.275
20070119 3 0.1076 1.382
20070120 0 0.5015 1.263
20070121 12.7 0.2067 4.171
20070122 1.2 0.2722 2.352
20070123 2.3 0.0039 1.863
20070124 4.4 0.065 1.552
20070125 0.4 0.0457 1.334
20070126 0.1 0.1874 1.241
20070127 0.1 0.1979 1.242
20070128 0 0.7047 1.186
20070129 0 0.6406 1.28
20070130 0 0.802 1.313
20070131 0 0.7072 1.263
20070201 0 0.3025 1.211
20070202 0 0.5152 1.324
20070203 0.4 0.0411 1.407
20070204 0 0.9049 1.292
20070205 0 0.8968 1.156
20070206 15.4 0.1015 2.576
20070207 3.1 0.3387 2.597
20070208 12.8 0.1716 4.505
20070209 0.6 1.0478 7.491
20070210 5.5 0.3893 3.528
20070211 8.7 0.1842 5.5
20070212 14 0.1167 9.344
20070213 7 0.232 8.475
20070214 9 0.2983 5.526
20070215 14.7 0.8618 14.298
20070216 0 1.3343 5.909
20070217 0 0.7479 3.903
20070218 0 1.437 2.91
20070219 0 1.0521 2.333
20070220 0 1.3096 1.951
20070221 0 1.5083 1.666
20070222 0 1.1582 1.48
20070223 0 0.9459 1.33
20070224 2.6 0.465 1.256
20070225 8.3 0.0307 1.664
20070226 16.7 0.1475 4.574
20070227 4.5 0.6171 4.147
20070228 8.3 0.2928 5.263
20070301 18 0.0896 7.343
20070302 25.2 0.4006 21.343
20070303 20.1 0.3308 18.543
20070304 0 1.7572 8.255
20070305 1.3 0.2122 4.916
20070306 0 1.4559 3.565
20070307 11.7 0.5863 5.042
20070308 1.2 0.3563 3.409
20070309 0.6 1.1504 2.689
20070310 9.9 0.9452 4.197
20070311 0 1.7334 2.989
20070312 0 2.0168 2.36
20070313 0 2.0845 1.968
20070314 0 1.9716 1.69
20070315 0 1.8407 1.491
20070316 0 1.6979 1.356
20070317 0 1.1701 1.229
20070318 15.4 1.7186 1.476
20070319 15.8 0.5614 2.871
20070320 17.3 0.3979 2.475
20070321 3.5 1.0446 2.456
20070322 1.4 0.8141 2.544
20070323 10.7 0.5252 2.731
20070324 2 0.8015 2.723
20070325 0 0.7449 2.875
20070326 0 2.0706 5.256
20070327 0 1.9438 8.367
20070328 0 1.7853 9.265
20070329 0.1 1.77 9.055
20070330 0 2.0916 8.088
20070331 1.3 1.2187 6.286
20070401 0 2.1795 5.097
20070402 0 2.6271 3.913
20070403 9.6 0.9477 3.534
20070404 7.1 0.0935 6.077
20070405 0 1.2811 3.9
20070406 0 2.7998 2.82
20070407 0 2.7646 2.28
20070408 0 1.3847 1.924
20070409 0 2.6837 1.675
20070410 0 3.1098 1.465
20070411 0 3.0618 1.307
20070412 0 3.1334 1.17
20070413 0 3.4079 1.049
20070414 0 3.5949 0.961
20070415 0 3.5536 0.902
20070416 0 3.4308 0.843
20070417 0 3.5149 0.785
20070418 0 0.7615 0.749
20070419 0 3.1176 0.69
20070420 0 3.3971 0.647
20070421 0 3.4418 0.618
20070422 0 3.6769 0.576
20070423 0 3.649 0.539
20070424 0 3.3124 0.516
20070425 0 3.8717 0.496
20070426 0 3.7341 0.465
20070427 0.9 2.7567 0.443
20070428 0 3.1801 0.435
20070429 0 3.7672 0.396
20070430 0 2.6682 0.382
20070501 0 3.5743 0.364
20070502 2.4 2.4335 0.372
20070503 3 2.3728 0.407
20070504 10.9 1.2602 0.571
20070505 43.3 0.2175 2.948
20070506 1.7 1.2482 1.381
20070507 0.4 1.57 0.722
20070508 15.5 1.4286 0.778
20070509 10.3 2.2589 3.576
20070510 0 3.6558 1.027
20070511 0 2.6046 0.737
20070512 2 3.381 0.644
20070513 0 4.0327 0.553
20070514 13.1 1.8301 0.605
20070515 8.9 1.3757 1.104
20070516 13.5 2.9119 0.912
20070517 33.1 0.656 12.194
20070518 0 2.7831 5.485
20070519 0 4.4137 2.316
20070520 0 4.3694 1.567
20070521 0 4.4162 1.205
20070522 0 2.8845 1.01
20070523 0 4.3076 0.893
20070524 0.2 4.4786 0.787
20070525 0.9 3.2136 0.724
20070526 0 2.433 0.644
20070527 9.8 3.1762 0.708
20070528 23.5 0.5207 1.855
20070529 48.4 0.2473 16.241
20070530 0 3.5293 7.624
20070531 0.3 3.0627 3.242
20070601 16 0.6594 3.498
20070602 2.6 0.4581 4.32
20070603 0 1.8701 2.695
20070604 0 2.8072 1.986
20070605 0 3.4938 1.624
20070606 0 1.4571 1.392
20070607 36.1 2.7492 8.568
20070608 0 3.4648 9.462
20070609 16.3 3.0716 6.407
20070610 0.2 3.843 4.087
20070611 0.7 2.1572 2.65
20070612 0 3.4722 2.037
20070613 0.5 2.2245 1.684
20070614 0 4.5529 1.403
20070615 23.2 1.0111 2.896
20070616 1.2 3.4854 2.093
20070617 0 4.4904 1.376
20070618 6.6 3.8885 1.34
20070619 7.1 4.8255 1.404
20070620 6.8 4.2743 1.102
20070621 8.7 2.123 1.864
20070622 9.4 1.5672 1.947
20070623 0 3.0716 1.502
20070624 0.3 4.1544 1.119
20070625 15.4 1.7497 1.531
20070626 3.6 1.7968 1.704
20070627 9.6 1.5298 1.866
20070628 0 2.3427 2
20070629 0 3.8007 1.327
20070630 0 3.2329 1.077
20070701 7.3 3.5937 1.102
20070702 16.8 0.7741 2.919
20070703 19 1.7238 4.444
20070704 14.1 2.4049 9.431
20070705 5.2 1.3145 5.729
20070706 0.8 1.4025 3.371
20070707 0.5 3.2662 2.364
20070708 2.5 1.9011 1.901
20070709 29.5 0.4653 6.309
20070710 13.2 1.9641 10.793
20070711 11.1 1.7721 8.716
20070712 0.6 2.7594 4.625
20070713 0 4.5661 3.088
20070714 0 4.7995 2.28
20070715 0 4.8883 1.818
20070716 0 4.9073 1.479
20070717 0 4.0302 1.241
20070718 9.2 3.6903 1.286
20070719 0.7 3.9608 1.118
20070720 1.3 3.8536 0.952
20070721 17.9 0.6672 1.795
20070722 8.5 2.9988 2.547
20070723 22.8 3.5067 2.023
20070724 3.2 1.9807 4.623
20070725 0 3.5261 1.731
20070726 0 4.4549 1.295
20070727 0.3 3.2966 1.076
20070728 0 3.4658 0.935
20070729 11.4 2.5681 0.953
20070730 20.4 2.0189 4.424
20070731 0 3.9673 1.499
20070801 0 4.0421 1.14
20070802 11.1 0.8013 1.201
20070803 20.6 1.6921 7.488
20070804 0 4.0533 2.381
20070805 0 4.2377 1.668
20070806 0 4.2874 1.334
20070807 27.8 0.4748 2.454
20070808 70.9 0.4516 31.998
20070809 13.6 0.7961 22.663
20070810 0 1.7513 7.665
20070811 9.1 0.942 5.547
20070812 0.1 2.8443 3.864
20070813 6 2.7969 3.262
20070814 0 2.628 2.444
20070815 0 3.8056 1.982
20070816 0.9 0.4409 1.721
20070817 1.8 1.6853 1.542
20070818 0 2.1032 1.342
20070819 4.9 1.8906 1.242
20070820 13.2 0.6355 2.979
20070821 2.3 0.9018 1.594
20070822 0 1.8981 1.259
20070823 0.4 3.0727 1.078
20070824 0 3.3025 0.947
20070825 0 3.5853 0.861
20070826 0 3.0454 0.794
20070827 0 1.8422 0.751
20070828 8.5 1.6069 0.886
20070829 41.7 0.5556 8.235
20070830 12.7 0.4107 10.176
20070831 0 2.6414 4.224
20070901 0.1 1.7734 2.512
20070902 0 2.3254 1.909
20070903 23 1.5303 3.913
20070904 11.9 1.0061 8.305
20070905 1.9 1.2802 4.051
20070906 0.7 1.8205 2.736
20070907 0 1.8095 2.14
20070908 0 1.7952 1.777
20070909 0 1.5918 1.523
20070910 0 2.1942 1.316
20070911 5.4 1.3376 1.311
20070912 0 2.3562 1.096
20070913 0 2.0867 1.008
20070914 4.2 2.5516 1.009
20070915 0 1.6432 0.92
20070916 0 2.7636 0.842
20070917 4.5 2.3097 0.794
20070918 47.2 0.3399 12.165
20070919 0 1.5332 4.185
20070920 0 2.1716 2.248
20070921 0 2.4829 1.697
20070922 0 2.4779 1.4
20070923 0 2.4618 1.231
20070924 2 2.4298 1.114
20070925 9.8 0.1892 1.433
20070926 12.3 0.3111 1.464
20070927 3.6 0.6492 3.628
20070928 3.6 0.5481 1.706
20070929 2.2 2.0592 1.564
20070930 2 0.8449 1.544
20071001 0 2.0374 1.285
20071002 0 1.7035 1.144
20071003 0 2.1011 1.032
20071004 3.9 0.8173 1.072
20071005 0.7 1.7575 0.966
20071006 0 0.1796 0.91
20071007 0 1.1017 0.891
20071008 0 1.5166 0.79
20071009 0 1.3128 0.736
20071010 0 1.4916 0.685
20071011 0 0.2711 0.666
20071012 0 1.0793 0.638
20071013 0 0.8445 0.625
20071014 0 1.2036 0.593
20071015 0 1.7523 0.56
20071016 0 1.5722 0.54
20071017 1.9 1.5776 0.513
20071018 7.2 0.3189 0.812
20071019 0.7 0.4524 0.568
20071020 2.4 0.4883 0.622
20071021 1 0.1413 0.562
20071022 0.8 0.0285 0.563
20071023 0 0.0218 0.532
20071024 0 0.1185 0.508
20071025 0 0.1259 0.484
20071026 0 0.086 0.469
20071027 0 0.1671 0.436
20071028 0 0.7343 0.431
20071029 0 1.056 0.42
20071030 11.1 0.094 0.818
20071031 0.2 0.0681 0.806
20071101 0 0.3629 0.58
20071102 0 0.7143 0.515
20071103 0 0.3461 0.489
20071104 1.3 0.0583 0.499
20071105 0 0.5926 0.462
20071106 6.7 0.2126 0.656
20071107 3.9 0.1052 0.677
20071108 0.4 0.4968 1.058
20071109 4.5 0.2558 1.217
20071110 9.6 0.062 1.793
20071111 22 0.0285 10.508
20071112 8.8 0.3911 10.97
20071113 2.8 0.5079 3.562
20071114 21.1 0.0551 2.603
20071115 9.8 0 2.391
20071116 0 0.036 2.504
20071117 0 0.1713 2.506
20071118 0 0.1979 2.385
20071119 0 0.2566 2.136
20071120 0 0.3039 2.06
20071121 0 0.2246 2.713
20071122 0 0.1694 4.905
20071123 1 0.3521 7.548
20071124 5.8 0 10.118
20071125 1.7 0.1057 5.179
20071126 0 0.1172 3.531
20071127 0 0.62 2.657
20071128 0 0.2772 2.159
20071129 0 0.5935 1.816
20071130 0.7 0.063 1.63
20071201 2.3 0.1546 1.521
20071202 9.9 0.1249 1.685
20071203 21.3 0.001 13.034
20071204 5.8 0.0491 6.695
20071205 1.6 0.5829 4.2
20071206 14.6 0.1291 6.253
20071207 23.7 0.2143 14.078
20071208 8.4 0.1679 14.57
20071209 16.1 0.1102 13.768
20071210 32.8 0.0473 18.322
20071211 13.1 0.0273 16.958
20071212 6.9 8e-04 9.078
20071213 0.4 0.0393 6.269
20071214 0 0.0206 4.766
20071215 0 0.1187 3.636
20071216 0 0.1348 2.901
20071217 0 0.1091 2.42
20071218 0 0.035 2.048
20071219 0 0.3352 1.79
20071220 0 0.3465 1.827
20071221 0 0.5109 2.095
20071222 0 0.5373 1.633
20071223 0 0.4202 1.237
20071224 0 0.503 1.188
20071225 0 0.4619 1.311
20071226 0.1 0.1455 1.445
20071227 0 0.116 0.988
20071228 0 0.219 0.908
20071229 0 0.6071 0.947
20071230 4.9 0.3651 1.037
20071231 0 0.1431 0.941
