"date" "P" "ETpot" "Q" "T"
19811101 0 0.61 3.352 2.6
19811102 0 0.6 3.059 11.1
19811103 0 0.57 2.31 3.6
19811104 0 0.56 1.914 6.3
19811105 0 0.53 1.722 3.5
19811106 9 0.51 1.6 0
19811107 1.2 0.49 1.501 -1.5
19811108 4.8 0.47 1.425 -1.6
19811109 0.2 0.45 1.388 -2.6
19811110 0 0.43 1.332 -3.6
19811111 2 0.41 1.296 -3.5
19811112 0 0.4 1.179 -1
19811113 0 0.38 1.62 0.7
19811114 10 0.36 1.701 -1.3
19811115 0 0.34 1.62 -2.4
19811116 0.3 0.33 1.521 -2.3
19811117 0 0.33 1.463 -4.3
19811118 1.1 0.32 1.406 -1.7
19811119 0.1 0.32 1.892 1.6
19811120 1 0.32 2.139 4.2
19811121 2 0.31 2.186 4.9
19811122 0 0.31 2.047 7.8
19811123 1.3 0.3 1.87 8.5
19811124 0.5 0.3 1.806 2.6
19811125 7.8 0.29 1.62 -0.9
19811126 3.6 0.29 1.54 -3.8
19811127 11 0.28 2.025 -0.1
19811128 0.3 0.28 3.116 0.7
19811129 0.1 0.27 2.671 -1
19811130 4.4 0.27 2.31 -0.8
19811201 1.2 0.27 2.069 -2
19811202 1.3 0.26 1.722 -2
19811203 4.2 0.26 1.6 -2.7
19811204 10 0.25 1.58 -1.9
19811205 4.1 0.25 1.463 -3.8
19811206 4 0.24 1.425 -2.3
19811207 1.2 0.24 1.425 -1.6
19811208 23 0.23 1.827 0.3
19811209 2 0.23 2.834 -2.9
19811210 0.7 0.22 2.36 -4.6
19811211 4.8 0.22 2.093 -3.6
19811212 1.6 0.22 1.892 -4.2
19811213 0 0.21 1.681 -9.5
19811214 5.5 0.21 1.66 -8
19811215 0 0.2 1.56 -9.8
19811216 1 0.2 1.444 -20.8
19811217 0 0.2 1.388 -12
19811218 4.2 0.2 1.406 -8.4
19811219 4.6 0.2 1.243 -12.6
19811220 0 0.21 1.226 -11.5
19811221 0 0.21 1.157 -6.3
19811222 0 0.21 1.123 -2.3
19811223 0 0.21 1.107 -2.2
19811224 0.5 0.21 1.074 -2.1
19811225 1.2 0.21 1.041 -2.9
19811226 0.1 0.21 1.01 -7.3
19811227 0 0.22 0.994 -5.2
19811228 0 0.22 1.026 0.4
19811229 0 0.22 1.058 -3.1
19811230 0.2 0.22 1.09 1.4
19811231 0.2 0.22 1.14 1
19820101 0 0.22 1.243 -0.4
19820102 2.4 0.22 1.296 -0.1
19820103 1.3 0.22 1.681 1.2
19820104 4.7 0.23 2.958 2.7
19820105 29 0.23 9.533 3.3
19820106 1.4 0.23 19.216 -3.9
19820107 1.8 0.23 8.086 -8.9
19820108 0 0.23 4.793 -13.5
19820109 0 0.23 3.39 -14.4
19820110 1 0.23 2.721 -18.5
19820111 0 0.23 2.278 -10.1
19820112 0 0.23 1.889 -12
19820113 0 0.23 1.706 -17.9
19820114 0 0.24 1.619 -9.7
19820115 0 0.24 1.371 -13.4
19820116 0 0.24 1.296 -14.2
19820117 0 0.24 1.22 -7.5
19820118 0 0.25 1.22 -11
19820119 0 0.26 1.22 -5.4
19820120 0 0.27 1.232 -9.4
19820121 0 0.28 1.203 -10.8
19820122 0 0.29 1.173 -9.2
19820123 0 0.3 1.138 -3.4
19820124 0 0.3 1.091 -2.4
19820125 0 0.31 1.044 -2.7
19820126 2.2 0.32 1.009 -4.5
19820127 1.2 0.33 0.986 -3.1
19820128 3.2 0.34 0.968 -2.5
19820129 6.9 0.35 0.956 -1.2
19820130 15.5 0.35 1.326 0.8
19820131 0 0.36 1.555 -1.5
19820201 0.1 0.37 0.997 -7.1
19820202 0.1 0.38 0.994 -5.1
19820203 0 0.38 0.963 -8.7
19820204 0 0.39 0.932 -9.6
19820205 0 0.4 0.917 -10
19820206 0 0.41 0.902 -2.9
19820207 0 0.42 0.873 -1.6
19820208 2.7 0.43 0.932 -0.1
19820209 0 0.44 1.01 -3
19820210 0 0.44 0.978 -1.4
19820211 0 0.45 0.902 -1.7
19820212 0 0.46 0.887 -3.1
19820213 0 0.47 0.963 -3.4
19820214 0 0.48 0.902 -4.3
19820215 0 0.49 0.873 -2.8
19820216 0 0.51 0.858 -4.4
19820217 0 0.53 0.902 -1.6
19820218 0 0.55 0.844 -5.3
19820219 0 0.56 0.787 -7.6
19820220 0 0.58 0.759 -9.4
19820221 0 0.6 0.759 -9.1
19820222 0 0.62 0.773 -6.6
19820223 0 0.64 0.773 -4.4
19820224 0 0.65 0.759 -5.1
19820225 0 0.67 0.746 -3.4
19820226 0 0.69 0.733 -3.8
19820227 0 0.71 0.733 -4.9
19820228 0.1 0.73 0.733 -1.1
19820301 2.5 0.75 1.208 -0.5
19820302 4.5 0.76 1.521 0.7
19820303 16.5 0.78 2.973 2.1
19820304 0 0.8 3.116 3.4
19820305 0 0.82 1.743 0
19820306 0 0.83 1.191 -3
19820307 0 0.85 1.026 -1.9
19820308 0 0.87 1.157 0.1
19820309 0 0.89 1.174 -2.5
19820310 9.2 0.91 1.243 1.2
19820311 1 0.93 2.565 1.3
19820312 1.2 0.94 1.936 1
19820313 0.8 0.96 1.243 -1.5
19820314 0 0.97 1.157 -2.8
19820315 0 1 1.123 1.3
19820316 0 1 1.157 4.5
19820317 1.8 1.03 1.191 5.2
19820318 11.8 1.06 1.444 0.4
19820319 7.9 1.09 2.591 -0.3
19820320 0 1.12 2.116 -0.9
19820321 0 1.15 1.743 0.3
19820322 0 1.18 1.56 -0.8
19820323 0 1.21 1.444 -2.4
19820324 0 1.25 1.332 -1.1
19820325 0 1.28 1.261 0.6
19820326 0 1.31 1.261 1
19820327 0 1.35 1.332 2.4
19820328 0 1.38 1.482 4.5
19820329 0 1.41 1.681 3.8
19820330 0 1.45 1.722 4.8
19820331 0.2 1.47 1.64 1
19820401 0 1.51 1.444 1.8
19820402 0 1.54 1.406 5.9
19820403 0 1.58 1.444 5.6
19820404 0 1.6 1.369 3.4
19820405 0 1.63 1.278 2.4
19820406 1.6 1.67 1.278 7.9
19820407 12.8 1.71 1.64 7.6
19820408 1.7 1.73 2.353 4
19820409 1.7 1.76 2.139 -0.4
19820410 12 1.79 2.047 -0.1
19820411 1.7 1.82 2.116 -0.5
19820412 2.2 1.85 2.186 -0.4
19820413 0.1 1.88 1.98 0.4
19820414 0 1.91 1.722 -0.1
19820415 0 1.94 1.58 -0.6
19820416 0.1 1.98 1.482 1
19820417 0.4 2.02 1.406 3.4
19820418 3.5 2.05 1.406 1.3
19820419 2 2.08 1.314 0.4
19820420 0 2.12 1.296 -1.3
19820421 0.3 2.16 1.226 1.7
19820422 0.2 2.19 1.174 0.3
19820423 0 2.22 1.123 1
19820424 0 2.26 1.09 0.2
19820425 0 2.3 1.057 4.4
19820426 3.2 2.33 1.026 3.5
19820427 0 2.36 1.09 0
19820428 0 2.4 1.01 4.6
19820429 7.2 2.44 1.041 5.6
19820430 0.6 2.46 1.058 -0.1
19820501 1.8 2.5 1.01 2.1
19820502 0.9 2.53 0.994 0.4
19820503 0 2.58 0.963 5.4
19820504 0 2.63 0.838 11.8
19820505 0.1 2.66 0.932 11.4
19820506 6.6 2.68 0.978 5
19820507 0 2.71 0.978 3.2
19820508 0.4 2.76 0.932 7
19820509 1.4 2.79 0.917 8.3
19820510 32 2.84 1.191 11.5
19820511 19.4 2.86 4.955 7.7
19820512 0 2.89 4.666 6.2
19820513 0 2.93 3.413 8.4
19820514 0 2.97 2.671 8.9
19820515 0 3 2.116 8.8
19820516 0 3.01 1.764 11.8
19820517 0.3 3.03 1.6 13.5
19820518 0 3.05 1.406 13
19820519 15.7 3.06 1.482 11.8
19820520 0 3.08 1.296 12.8
19820521 0.2 3.09 1.226 12.3
19820522 10.9 3.11 1.406 12.6
19820523 0.2 3.12 1.261 11.9
19820524 9 3.13 1.444 10.5
19820525 0 3.15 1.332 11.3
19820526 0 3.17 1.156 12.8
19820527 0 3.2 1.09 19
19820528 5.5 3.21 1.09 15.4
19820529 0 3.21 1.026 11.3
19820530 0 3.22 0.963 10.4
19820531 0 3.25 0.932 12.8
19820601 0 3.27 0.902 15.6
19820602 0 3.29 0.858 16.4
19820603 0 3.3 0.844 16.4
19820604 0 3.32 0.815 16.2
19820605 0 3.33 0.787 16
19820606 12.5 3.35 0.858 15
19820607 0 3.35 0.858 12.2
19820608 0 3.37 0.815 12
19820609 0.5 3.39 0.787 14.2
19820610 0 3.39 0.801 10.8
19820611 7 3.42 0.801 14.1
19820612 8.8 3.43 0.887 13.1
19820613 3.4 3.43 0.858 8.7
19820614 0.8 3.44 0.773 6.8
19820615 4.3 3.46 0.787 8.3
19820616 11.5 3.47 0.902 9
19820617 0 3.47 0.844 7.2
19820618 0 3.49 0.773 10
19820619 9 3.51 0.815 12.5
19820620 0 3.51 0.773 11.2
19820621 2.6 3.53 0.733 14.1
19820622 1.3 3.53 0.759 13.6
19820623 16.2 3.55 0.844 16.1
19820624 0.3 3.56 0.815 15.2
19820625 0 3.56 0.719 15
19820626 12 3.58 0.759 17.7
19820627 2.6 3.57 0.932 14.1
19820628 2.5 3.58 0.787 13.7
19820629 0 3.58 0.706 12.5
19820630 1.4 3.59 0.706 11.1
19820701 0.1 3.59 0.751 9.4
19820702 0 3.61 0.751 13
19820703 19.8 3.64 0.763 20
19820704 3.6 3.62 0.775 12.5
19820705 0 3.63 0.815 12.2
19820706 7 3.64 0.759 14.4
19820707 1.2 3.65 0.873 12.8
19820708 0 3.65 0.787 11.4
19820709 0 3.66 0.733 13.2
19820710 0 3.68 0.706 14.6
19820711 0 3.7 0.706 17.9
19820712 1.8 3.7 0.719 16.4
19820713 0 3.71 0.706 16.8
19820714 0 3.71 0.693 16.8
19820715 0 3.72 0.68 17.1
19820716 0 3.73 0.68 18.1
19820717 9 3.71 0.667 19.2
19820718 1.6 3.67 0.706 13.5
19820719 0 3.66 0.693 14.6
19820720 0 3.66 0.746 18.8
19820721 1.6 3.64 0.829 18.6
19820722 0 3.62 0.733 18.6
19820723 0 3.59 0.719 16.3
19820724 0 3.57 0.693 15.9
19820725 0 3.55 0.68 15.7
19820726 0 3.54 0.667 16
19820727 0.3 3.51 0.667 14.4
19820728 0 3.49 0.68 13.6
19820729 0 3.48 0.654 14.6
19820730 0 3.47 0.642 17.2
19820731 0 3.44 0.629 15.1
19820801 0 3.42 0.629 15.5
19820802 0 3.4 0.617 13.8
19820803 0 3.38 0.593 13.1
19820804 1.5 3.37 0.593 15.6
19820805 0 3.35 0.593 15.8
19820806 3.6 3.33 0.593 15.2
19820807 3.1 3.31 0.593 14.3
19820808 0 3.3 0.593 15.8
19820809 1.7 3.28 0.593 15.5
19820810 0 3.27 0.605 17.8
19820811 0 3.23 0.593 12.4
19820812 0 3.23 0.593 17.2
19820813 1.1 3.21 0.593 17.1
19820814 2.5 3.18 0.593 12.7
19820815 0 3.16 0.593 14.2
19820816 0 3.17 0.593 15.9
19820817 3.8 3.12 0.605 14.7
19820818 0 3.07 0.581 12.7
19820819 4.2 3.03 0.617 14.9
19820820 10.2 2.98 0.629 12.1
19820821 0 2.94 0.617 12
19820822 0 2.9 0.593 14.8
19820823 5 2.85 0.581 11.6
19820824 0 2.81 0.605 12.6
19820825 0 2.76 0.593 12.3
19820826 0 2.73 0.593 14.9
19820827 0.9 2.69 0.581 17
19820828 1.4 2.63 0.581 12.9
19820829 0 2.58 0.581 11.2
19820830 0.1 2.54 0.581 9.8
19820831 0 2.49 0.593 9.4
19820901 1 2.45 0.581 11.4
19820902 0 2.41 0.581 12.6
19820903 0 2.36 0.569 10
19820904 0 2.31 0.569 8.8
19820905 0 2.27 0.569 10.5
19820906 0.2 2.25 0.569 17.1
19820907 0.4 2.19 0.581 14.2
19820908 0 2.15 0.581 12.1
19820909 0 2.1 0.581 10.7
19820910 0 2.05 0.581 8.5
19820911 0 2.01 0.569 10.1
19820912 0.1 1.97 0.569 11.8
19820913 0 1.93 0.569 12.3
19820914 0.1 1.88 0.557 11.1
19820915 0.1 1.83 0.546 10.6
19820916 0.1 1.81 0.546 11.8
19820917 0 1.78 0.546 11.7
19820918 0 1.74 0.546 9.4
19820919 0.1 1.71 0.546 9
19820920 0 1.69 0.557 15
19820921 0 1.66 0.557 17.1
19820922 19.8 1.63 0.569 12.1
19820923 0.9 1.59 0.706 9.3
19820924 0 1.56 0.605 7.4
19820925 0 1.53 0.593 10
19820926 0.6 1.51 0.581 14.6
19820927 1.9 1.47 0.581 10.4
19820928 0 1.44 0.569 9
19820929 0 1.41 0.557 8
19820930 0.3 1.38 0.557 7.2
19821001 0.1 1.35 0.557 10.9
19821002 0.1 1.32 0.557 7.4
19821003 0.1 1.29 0.557 8.2
19821004 0 1.26 0.557 8
19821005 0.7 1.23 0.557 11.4
19821006 0.4 1.21 0.557 13.2
19821007 2.3 1.17 0.557 9.3
19821008 0.1 1.14 0.557 8.3
19821009 0 1.11 0.557 6.4
19821010 0.1 1.08 0.557 5.5
19821011 1.3 1.05 0.546 11.9
19821012 2.5 1.02 0.546 8.2
19821013 5.8 0.99 0.557 9.3
19821014 0 0.96 0.557 9.8
19821015 0.8 0.93 0.546 7.1
19821016 1.3 0.92 0.534 2.6
19821017 0 0.9 0.534 2.2
19821018 0.1 0.89 0.534 5.3
19821019 4.2 0.87 0.546 6.7
19821020 0.1 0.85 0.546 5.6
19821021 0 0.83 0.546 8
19821022 0 0.81 0.534 11.1
19821023 0 0.8 0.534 15.1
19821024 0 0.77 0.534 9.6
19821025 0 0.75 0.523 6.7
19821026 0.1 0.73 0.523 2.2
19821027 0 0.71 0.523 4.7
19821028 0 0.69 0.512 3.3
19821029 0 0.67 0.512 0.3
19821030 0 0.65 0.512 5
19821031 0.1 0.63 0.512 4.8
19821101 0 0.61 0.49 2.7
19821102 0.1 0.59 0.49 3
19821103 0.6 0.57 0.49 3.9
19821104 1.9 0.55 0.49 4.7
19821105 0 0.53 0.49 -4.2
19821106 0 0.51 0.49 -8.4
19821107 0 0.49 0.49 -2
19821108 0 0.47 0.49 1.7
19821109 0 0.46 0.49 5.4
19821110 0.1 0.44 0.49 8.2
19821111 0 0.42 0.49 2.3
19821112 0 0.4 0.49 3.8
19821113 7.7 0.38 0.501 4.1
19821114 0 0.36 0.512 0.9
19821115 0 0.34 0.49 1.3
19821116 1.9 0.33 0.479 -1.8
19821117 7.6 0.33 0.479 -0.5
19821118 0.5 0.32 0.501 2.6
19821119 1.7 0.32 0.512 5.2
19821120 0.7 0.32 0.501 1.6
19821121 0 0.31 0.49 1.5
19821122 0 0.31 0.479 1.8
19821123 0.1 0.3 0.457 2.7
19821124 0 0.3 0.457 3.9
19821125 0 0.29 0.457 5
19821126 0 0.29 0.457 5.9
19821127 1.8 0.29 0.457 5.7
19821128 2 0.28 0.446 3.3
19821129 0 0.28 0.446 1.9
19821130 0 0.27 0.446 -0.9
19821201 0 0.26 0.479 -5.8
19821202 0 0.26 0.479 -3.9
19821203 0 0.26 0.479 -5.1
19821204 0 0.25 0.49 -5
19821205 0 0.25 0.49 -3.9
19821206 1.3 0.24 0.479 -2.8
19821207 0.6 0.24 0.501 -1.4
19821208 6.4 0.24 0.523 2
19821209 0.6 0.23 0.557 3.3
19821210 7.2 0.23 0.534 4.7
19821211 3.7 0.22 0.512 0.3
19821212 2 0.22 0.512 -1
19821213 0 0.21 0.49 -5.1
19821214 0 0.21 0.501 -6.3
19821215 17 0.2 0.512 0.1
19821216 8.3 0.2 0.902 4
19821217 5.8 0.2 0.706 -0.6
19821218 0.2 0.21 0.534 -1.9
19821219 0 0.21 0.468 -5.6
19821220 9 0.21 0.557 0.1
19821221 0 0.21 0.68 -0.1
19821222 0 0.21 0.629 -2.9
19821223 0 0.21 0.617 -3.1
19821224 0 0.21 0.581 -5
19821225 0.6 0.21 0.557 -2.4
19821226 0 0.21 0.557 -1.5
19821227 1.6 0.22 0.534 0.8
19821228 6.4 0.22 0.546 -0.6
19821229 0 0.22 0.534 -2.8
19821230 0 0.22 0.512 -9.2
19821231 0 0.22 0.512 -4.6
19830101 0.2 0.22 0.512 -3.9
19830102 0.1 0.22 0.512 -6
19830103 3 0.22 0.512 -2.2
19830104 6.2 0.23 0.629 3.3
19830105 0 0.23 0.759 1.4
19830106 0 0.23 0.902 5.8
19830107 0 0.23 1.058 -0.1
19830108 0.6 0.23 0.902 -0.2
19830109 0.2 0.23 0.787 -0.5
19830110 1 0.23 0.746 1.9
19830111 0.6 0.23 0.706 2.1
19830112 0 0.24 0.68 0.8
19830113 0.2 0.24 0.68 -0.8
19830114 1.7 0.24 0.68 -1.8
19830115 11.6 0.24 0.68 -1
19830116 2.2 0.24 0.68 -1
19830117 5.2 0.25 0.902 2.9
19830118 6.7 0.26 1.332 2.8
19830119 1.1 0.26 1.191 -3.6
19830120 0 0.27 0.994 -10.5
19830121 0 0.28 0.844 -0.4
19830122 0 0.29 0.801 2.5
19830123 0 0.3 1.191 -0.3
19830124 0 0.3 1.332 -1.8
19830125 0.6 0.31 0.994 -1.3
19830126 0 0.32 0.978 2
19830127 1.8 0.33 2.025 5.9
19830128 4 0.34 3.059 4.4
19830129 5.6 0.35 3.322 3.5
19830130 11.5 0.35 3.116 1.9
19830131 4 0.36 2.779 -1.8
19830201 1.7 0.37 2.752 1.5
19830202 3.3 0.38 2.513 -2.5
19830203 5.4 0.39 2.069 -3.5
19830204 2.1 0.39 1.64 -7.2
19830205 2.8 0.4 1.406 -6
19830206 5.4 0.41 1.332 -3.9
19830207 0.5 0.42 1.226 -5.4
19830208 0 0.43 1.09 -5.3
19830209 4.5 0.43 0.978 -5.7
19830210 4.1 0.44 0.963 -7.1
19830211 5.5 0.45 0.917 -5.8
19830212 3 0.46 0.873 -4.9
19830213 1 0.47 0.858 -7.9
19830214 0.3 0.47 0.829 -6.6
19830215 0.1 0.49 0.787 -11.4
19830216 0.6 0.51 0.815 -8.7
19830217 0.2 0.53 0.759 -5.7
19830218 0 0.55 0.733 -6.2
19830219 0.3 0.57 0.733 -3.8
19830220 4.5 0.58 0.733 -2.3
19830221 4.1 0.6 0.706 -5.7
19830222 0 0.62 0.693 -8.7
19830223 0 0.64 0.693 -5.9
19830224 0 0.65 0.693 -10.1
19830225 0 0.67 0.68 -5.1
19830226 0.2 0.69 0.68 -0.3
19830227 0.2 0.71 0.68 1.7
19830228 0.6 0.73 0.68 0.9
19830301 0 0.74 0.815 -1.3
19830302 0.1 0.76 0.858 -2.1
19830303 0.1 0.78 0.829 -2
19830304 0 0.8 0.844 -4.1
19830305 6 0.82 0.873 0.9
19830306 8.5 0.84 1.722 2.6
19830307 2.5 0.86 4.248 4.7
19830308 0 0.87 4.737 4
19830309 0 0.89 4.385 5.5
19830310 0 0.91 3.916 4.5
19830311 0 0.92 3.504 0.3
19830312 2.2 0.94 2.945 -4.9
19830313 0 0.96 2.411 -2
19830314 0 0.98 1.806 1.8
19830315 0 1 1.64 3.5
19830316 0 1 1.444 2.4
19830317 0 1.03 1.332 3.2
19830318 0.6 1.06 1.369 4.9
19830319 3.6 1.1 1.482 6
19830320 0 1.13 1.521 5.4
19830321 5.1 1.16 1.482 5.6
19830322 5.1 1.19 1.521 1.1
19830323 0.2 1.22 1.54 0.7
19830324 1.3 1.25 1.444 2.7
19830325 1.8 1.28 1.425 -0.7
19830326 0.1 1.31 1.388 0.9
19830327 0.2 1.34 1.369 -1.8
19830328 4 1.38 1.261 1
19830329 2 1.41 1.191 0
19830330 0.2 1.44 1.191 3.1
19830331 0.3 1.48 1.14 6
19830401 3 1.51 1.521 5.6
19830402 0.2 1.54 1.892 5.6
19830403 0 1.57 1.87 0
19830404 0 1.6 1.827 1.1
19830405 0 1.63 1.764 0.1
19830406 0.5 1.66 1.6 0.5
19830407 5.6 1.7 1.56 2.8
19830408 2 1.74 1.444 8.5
19830409 0.3 1.77 1.444 5.4
19830410 0.4 1.8 1.369 6.2
19830411 0.2 1.84 1.226 10.7
19830412 0.2 1.86 1.191 4.7
19830413 1 1.88 1.107 0.6
19830414 6.5 1.92 1.157 1
19830415 3.1 1.95 1.191 2.7
19830416 0.5 1.99 1.226 2.3
19830417 0 2.03 1.191 7.4
19830418 0 2.07 1.09 8.2
19830419 0.1 2.1 1.09 7
19830420 0 2.13 1.026 6.9
19830421 0 2.18 0.994 13.9
19830422 0 2.21 0.978 10.2
19830423 0 2.24 0.932 9.1
19830424 9.6 2.28 0.994 11
19830425 0 2.31 1.058 8.5
19830426 0.1 2.34 1.041 8.5
19830427 0 2.37 1.01 3.7
19830428 0.1 2.41 0.978 8.7
19830429 0 2.45 0.947 10.4
19830430 0 2.48 0.932 7.4
19830501 27 2.52 1.351 11.1
19830502 8 2.55 5.867 6.2
19830503 1.4 2.58 2.945 6.6
19830504 4.7 2.62 2.281 7.3
19830505 0.6 2.65 1.892 5
19830506 0.2 2.68 1.64 4.7
19830507 0 2.72 1.482 5.4
19830508 6 2.76 1.444 7.5
19830509 2.7 2.79 1.425 7.1
19830510 0.3 2.83 1.332 7.7
19830511 0.6 2.86 1.243 7.9
19830512 0 2.91 1.157 11.2
19830513 9.6 2.95 1.261 13.5
19830514 0 2.98 1.261 14.5
19830515 0.1 3.03 1.09 17
19830516 0 3.04 0.994 22.5
19830517 0 3.04 0.963 15.4
19830518 0 3.04 0.947 11
19830519 0 3.06 0.932 12.3
19830520 0 3.07 0.887 9.4
19830521 0 3.11 0.873 18.1
19830522 0 3.11 0.858 12.3
19830523 25 3.12 1.226 13.4
19830524 5.7 3.15 1.191 15.1
19830525 0 3.14 1.01 8.6
19830526 0 3.15 0.932 7.7
19830527 0 3.17 0.887 8.8
19830528 1.2 3.18 0.858 5.9
19830529 0 3.2 0.844 8.6
19830530 0 3.23 0.801 12.2
19830531 0 3.25 0.773 15
19830601 0 3.27 0.746 15.1
19830602 2.6 3.29 0.733 17.4
19830603 0 3.3 0.733 15
19830604 0 3.32 0.719 14.9
19830605 3.5 3.33 0.706 13.3
19830606 0 3.33 0.693 8.6
19830607 0 3.34 0.68 8
19830608 0 3.37 0.693 12
19830609 0.1 3.4 0.693 17.7
19830610 0.5 3.41 0.693 14
19830611 0 3.41 0.68 11.6
19830612 0 3.44 0.667 15.5
19830613 0 3.46 0.654 15.4
19830614 4.5 3.47 0.667 13.9
19830615 10.4 3.46 0.68 8.5
19830616 0.6 3.47 0.719 8.1
19830617 0 3.48 0.693 8
19830618 0 3.49 0.68 10.6
19830619 2.3 3.51 0.667 12.4
19830620 0 3.52 0.654 12.9
19830621 0 3.53 0.642 14.1
19830622 0 3.53 0.642 11.4
19830623 0 3.55 0.642 14.5
19830624 0 3.57 0.629 18.2
19830625 0 3.57 0.629 16.7
19830626 9.4 3.58 0.759 17.3
19830627 8.3 3.56 0.733 9.4
19830628 0 3.58 0.667 12.4
19830629 0 3.58 0.617 12.2
19830630 0 3.6 0.605 14
19830701 0.6 3.61 0.605 16.6
19830702 0 3.61 0.605 14.6
19830703 0 3.62 0.593 14.8
19830704 0 3.64 0.593 17.3
19830705 0 3.65 0.593 18.1
19830706 0 3.66 0.593 18
19830707 0 3.67 0.629 20.1
19830708 0 3.67 0.581 17
19830709 0 3.67 0.546 15.3
19830710 0 3.68 0.546 16.2
19830711 0 3.69 0.546 17
19830712 2.8 3.71 0.546 19.5
19830713 0 3.71 0.546 18.6
19830714 0 3.71 0.546 15.1
19830715 0 3.72 0.546 16.6
19830716 0 3.73 0.546 18.2
19830717 0 3.71 0.534 18.3
19830718 1.7 3.7 0.557 20.8
19830719 6 3.68 0.581 19.5
19830720 5 3.63 0.654 11.6
19830721 0 3.6 0.581 8.7
19830722 0 3.6 0.581 13.9
19830723 0 3.59 0.569 14.4
19830724 3.7 3.57 0.569 16.4
19830725 0 3.55 0.569 13.7
19830726 0 3.54 0.569 17.3
19830727 0 3.54 0.569 22.1
19830728 0 3.51 0.569 19.6
19830729 0.6 3.49 0.557 17.1
19830730 0.1 3.46 0.557 14.7
19830731 0 3.44 0.557 15.9
19830801 0.7 3.44 0.534 18.9
19830802 0.1 3.36 0.569 1.4
19830803 15.1 3.37 0.593 9.9
19830804 14 3.34 0.617 8.1
19830805 1.8 3.33 0.593 10.1
19830806 0.1 3.32 0.581 12
19830807 2 3.31 0.569 12.6
19830808 0.1 3.3 0.568 17.6
19830809 0.1 3.28 0.569 16
19830810 9.5 3.26 0.569 15.2
19830811 0 3.24 0.569 14.6
19830812 9.2 3.22 0.557 15
19830813 4 3.19 0.569 11.4
19830814 0 3.16 0.557 8.4
19830815 0 3.15 0.557 10.1
19830816 0 3.17 0.557 16.5
19830817 0.1 3.12 0.557 15
19830818 0 3.08 0.546 15.9
19830819 0 3.03 0.546 14
19830820 0 2.98 0.546 12.4
19830821 0 2.94 0.534 12.1
19830822 0 2.9 0.523 14.3
19830823 0 2.86 0.512 14.3
19830824 0 2.81 0.512 14.8
19830825 0 2.77 0.512 13.6
19830826 0 2.73 0.512 14.5
19830827 0 2.68 0.512 13.3
19830828 0 2.63 0.512 13.3
19830829 0 2.59 0.501 13
19830830 0 2.54 0.501 10.3
19830831 0 2.49 0.512 10.5
19830901 0 2.47 0.501 19.8
19830902 0.2 2.42 0.501 14.4
19830903 9.2 2.37 0.523 11.6
19830904 0.2 2.32 0.512 11.6
19830905 0 2.27 0.512 10.1
19830906 0 2.23 0.512 8.4
19830907 0 2.18 0.512 9.2
19830908 0 2.14 0.512 8.4
19830909 2.1 2.1 0.512 13.1
19830910 3.7 2.07 0.512 18.7
19830911 2.2 2.01 0.523 10.7
19830912 0.4 1.96 0.523 9.8
19830913 4.6 1.92 0.534 7.5
19830914 0 1.88 0.523 11.7
19830915 0 1.84 0.512 16.5
19830916 19.6 1.81 0.569 11.6
19830917 0 1.77 0.569 7.9
19830918 0.1 1.74 0.523 7.6
19830919 0 1.71 0.512 9.7
19830920 0.4 1.68 0.512 8.6
19830921 0 1.65 0.512 9.3
19830922 0 1.63 0.512 12.5
19830923 0 1.58 0.523 4.8
19830924 0 1.56 0.512 9.7
19830925 5.4 1.53 0.512 6.2
19830926 0 1.5 0.512 5.4
19830927 0 1.47 0.512 8
19830928 0 1.44 0.512 9.4
19830929 0 1.41 0.512 7
19830930 0 1.38 0.512 9.4
19831001 0 1.35 0.512 5.6
19831002 0.6 1.32 0.512 7.5
19831003 4.2 1.29 0.512 11.9
19831004 0.2 1.27 0.523 12.2
19831005 0 1.24 0.523 15.2
19831006 4 1.2 0.523 10.6
19831007 0 1.17 0.512 9
19831008 16 1.14 0.523 7.5
19831009 2 1.11 0.569 5.1
19831010 0.3 1.08 0.523 7.9
19831011 2 1.05 0.523 7.9
19831012 0 1.02 0.523 5.7
19831013 0 0.99 0.523 8.5
19831014 0 0.96 0.523 10.6
19831015 0.8 0.93 0.523 8.3
19831016 0 0.93 0.523 11.1
19831017 0 0.91 0.546 6.7
19831018 0 0.89 0.49 6.7
19831019 0 0.87 0.523 10.4
19831020 1 0.85 0.523 6
19831021 0.4 0.83 0.523 5.9
19831022 2 0.81 0.523 1.9
19831023 0 0.79 0.523 1.3
19831024 0 0.77 0.512 -0.1
19831025 0 0.75 0.49 -1.2
19831026 0.4 0.73 0.49 5.5
19831027 0 0.71 0.49 9.4
19831028 0 0.69 0.49 3.9
19831029 0 0.67 0.49 3.9
19831030 0 0.65 0.49 1.7
19831031 1.1 0.63 0.49 3.8
19831101 0 0.61 0.49 4.7
19831102 0 0.59 0.479 4.2
19831103 0 0.57 0.468 5.7
19831104 0 0.55 0.479 3.7
19831105 0 0.53 0.457 4.2
19831106 0 0.51 0.457 2.5
19831107 0 0.49 0.479 2
19831108 0 0.48 0.468 3.9
19831109 0 0.46 0.468 1.5
19831110 0 0.44 0.468 0.8
19831111 1 0.42 0.468 0.1
19831112 0.1 0.39 0.457 -4.7
19831113 0 0.37 0.457 -8.4
19831114 0 0.35 0.446 -9.3
19831115 0.5 0.33 0.446 -7.1
19831116 0.5 0.33 0.446 -2.1
19831117 1 0.33 0.446 -3.7
19831118 0 0.32 0.437 -5.8
19831119 0 0.32 0.426 -2.4
19831120 0.2 0.31 0.446 -3.5
19831121 2.5 0.31 0.523 -2.4
19831122 0.8 0.31 0.523 -2.8
19831123 0.5 0.3 0.523 -2.4
19831124 0 0.3 0.523 -1.6
19831125 1.5 0.29 0.534 -0.8
19831126 22 0.29 0.605 7.9
19831127 22.1 0.29 0.801 5.9
19831128 0.5 0.28 0.68 2
19831129 1 0.27 0.534 0.3
19831130 5.2 0.27 0.512 -5.2
19831201 1.7 0.26 0.49 -5
19831202 0 0.26 0.479 -11.8
19831203 0 0.25 0.457 -19.6
19831204 0 0.25 0.457 -12.9
19831205 0 0.25 0.457 -5.1
19831206 2 0.24 0.457 -5.6
19831207 4.8 0.24 0.457 -2.9
19831208 0 0.23 0.457 -5.5
19831209 0.5 0.23 0.457 -4.7
19831210 2.5 0.23 0.457 -3.4
19831211 0.7 0.22 0.457 -10.1
19831212 0 0.21 0.457 -11.1
19831213 0 0.21 0.457 -7.5
19831214 0 0.21 0.457 -6.5
19831215 0 0.2 0.457 -4.5
19831216 3 0.2 0.457 1.9
19831217 0.3 0.21 0.457 1.2
19831218 0 0.21 0.457 1.8
19831219 0 0.21 0.457 2.7
19831220 0 0.21 0.467 1.3
19831221 0.4 0.21 0.478 2.4
19831222 0.2 0.21 0.51 1.1
19831223 3.1 0.21 0.534 3.1
19831224 0.2 0.21 0.58 3.5
19831225 5 0.22 0.596 6
19831226 5.3 0.22 0.557 5.4
19831227 0 0.22 0.534 2.8
19831228 2 0.22 0.523 2.5
19831229 0.4 0.22 0.523 5.3
19831230 0 0.22 0.523 2.7
19831231 1.8 0.22 0.523 1.2
19840101 0 0.22 0.512 0.3
19840102 4.8 0.22 0.512 0.5
19840103 7.9 0.22 0.569 0.5
19840104 0.8 0.23 0.617 -0.5
19840105 0.1 0.23 0.557 -3.1
19840106 0.3 0.23 0.534 -2.8
19840107 6.5 0.23 0.534 -2.2
19840108 0.7 0.23 0.523 -1.8
19840109 5 0.23 0.523 -2.1
19840110 1.9 0.23 0.512 -4.7
19840111 0.3 0.23 0.501 -5
19840112 0 0.23 0.501 -5.4
19840113 9.3 0.24 0.512 -1.7
19840114 7.8 0.24 0.759 2.4
19840115 2.8 0.24 0.932 0.2
19840116 10.2 0.24 0.815 -2.3
19840117 7.5 0.25 0.801 -0.1
19840118 3.1 0.25 0.746 -1.4
19840119 0 0.26 0.68 -3.3
19840120 0 0.27 0.629 -7.4
19840121 0 0.28 0.617 -5.5
19840122 1.6 0.29 0.593 -9.5
19840123 2.1 0.3 0.593 -4
19840124 0 0.3 0.581 -2.4
19840125 0.1 0.31 0.569 -2.6
19840126 0 0.32 0.546 -8.9
19840127 0 0.33 0.534 -6.7
19840128 0 0.34 0.523 -3.9
19840129 0 0.34 0.523 -4.8
19840130 0.2 0.35 0.523 -6.2
19840131 0.4 0.36 0.523 -2.1
19840201 0.2 0.37 0.479 -0.2
19840202 0.2 0.38 0.479 0.2
19840203 0 0.39 0.479 0.8
19840204 0.1 0.4 0.479 1
19840205 2.5 0.4 0.479 1.1
19840206 26.7 0.41 0.569 -0.4
19840207 6.4 0.42 0.932 -1.1
19840208 2.9 0.43 0.858 -1.7
19840209 0 0.44 0.759 -1.5
19840210 0 0.44 0.693 -3.6
19840211 0 0.45 0.654 -5.3
19840212 0 0.46 0.642 -4.2
19840213 0 0.47 0.629 -6.2
19840214 0 0.47 0.617 -8.4
19840215 0 0.49 0.605 -10.2
19840216 0 0.51 0.581 -12.3
19840217 0 0.52 0.593 -15.8
19840218 0 0.54 0.581 -12.5
19840219 0 0.56 0.557 -9
19840220 0.1 0.58 0.534 -3.5
19840221 0 0.6 0.523 -4.1
19840222 0.1 0.62 0.523 -3.3
19840223 5.8 0.64 0.523 -1.3
19840224 6.5 0.66 0.523 -2.5
19840225 2.8 0.67 0.535 0.5
19840226 0 0.69 0.546 0.9
19840227 0 0.71 0.557 -0.1
19840228 0 0.73 0.581 -0.3
19840229 0 0.73 0.546 -0.3
19840301 0 0.75 0.569 0.1
19840302 0.4 0.76 0.569 -1.2
19840303 0 0.78 0.569 -0.2
19840304 0.1 0.8 0.557 -2.1
19840305 0.2 0.82 0.546 -1
19840306 0.4 0.84 0.605 0.2
19840307 0 0.85 0.654 0.8
19840308 4.8 0.87 0.68 -5.2
19840309 0.3 0.89 0.667 -3.3
19840310 0 0.9 0.654 -4.3
19840311 0.1 0.92 0.642 -2.2
19840312 0.2 0.94 0.629 -2.4
19840313 0 0.96 0.642 -1.9
19840314 0 0.97 0.629 -3.6
19840315 0 0.99 0.68 -4
19840316 0 0.99 0.746 -2.9
19840317 0 1.02 0.873 -3.1
19840318 0 1.05 0.963 -4.3
19840319 0 1.08 0.963 -8.7
19840320 0 1.11 0.932 -7.4
19840321 0 1.15 0.917 -5.6
19840322 0 1.18 0.994 -4.2
19840323 0 1.21 1.123 -4.5
19840324 0 1.25 1.296 -3.1
19840325 0.2 1.28 1.849 0.4
19840326 0 1.31 2.779 0.7
19840327 2.1 1.35 3.322 1.1
19840328 2 1.38 3.597 2.5
19840329 0 1.41 3.474 3.7
19840330 8.1 1.44 3.263 -0.5
19840331 0 1.47 2.834 0
19840401 0.2 1.51 2.462 1.6
19840402 9.3 1.54 2.618 3.5
19840403 2 1.57 3.851 3.5
19840404 3.5 1.6 3.66 0.9
19840405 0 1.63 3.233 0.5
19840406 0 1.67 2.779 4.6
19840407 0 1.7 2.591 5.7
19840408 0 1.74 2.487 6.2
19840409 1.5 1.77 2.236 5
19840410 0 1.8 2.069 4.5
19840411 2 1.83 1.827 6
19840412 1 1.86 1.743 5
19840413 0 1.89 1.58 4.5
19840414 0 1.92 1.406 4
19840415 0 1.97 1.278 10.2
19840416 5.1 2 1.332 9
19840417 1.8 2.02 1.521 1.7
19840418 0 2.06 1.406 2.8
19840419 0 2.08 1.296 0
19840420 0 2.13 1.226 5.5
19840421 0 2.17 1.191 7.2
19840422 0 2.21 1.123 8.4
19840423 0 2.24 1.09 6.7
19840424 0 2.27 0.978 4.3
19840425 0 2.3 0.994 5.5
19840426 0 2.34 0.932 5.1
19840427 2.1 2.36 0.887 0.9
19840428 1.6 2.39 0.858 -0.5
19840429 1.2 2.44 0.844 3.9
19840430 5.6 2.48 0.844 6.6
19840501 0.7 2.52 0.902 8.1
19840502 0 2.56 0.815 10.8
19840503 0 2.6 0.787 12
19840504 0 2.64 0.759 14.6
19840505 6.4 2.67 0.801 13.1
19840506 5.4 2.71 0.829 14.5
19840507 8.4 2.72 0.801 6.9
19840508 0 2.75 0.815 5.4
19840509 0 2.79 0.787 5.7
19840510 0.3 2.82 0.773 6.3
19840511 2.9 2.85 0.746 4.6
19840512 3.7 2.89 0.746 4.3
19840513 1.2 2.93 0.746 7.4
19840514 1.4 2.97 0.759 8.3
19840515 0 3.01 0.759 9.9
19840516 0 3.02 0.733 15.1
19840517 0 3.03 0.706 13.4
19840518 0 3.04 0.693 11
19840519 0 3.07 0.693 14.3
19840520 0 3.08 0.719 14.6
19840521 0.7 3.09 0.759 13.3
19840522 0.1 3.1 0.733 9.8
19840523 5.8 3.12 0.759 11.2
19840524 0.4 3.13 0.746 10
19840525 1 3.14 0.719 8.7
19840526 0.7 3.17 0.719 13.8
19840527 0.4 3.2 0.706 16.3
19840528 5.9 3.2 0.719 12.5
19840529 1.6 3.21 0.746 10
19840530 0.1 3.22 0.706 10.7
19840531 0 3.25 0.693 12.8
19840601 0 3.27 0.68 14.5
19840602 0 3.29 0.667 16.1
19840603 0 3.31 0.654 18.6
19840604 4.7 3.33 0.642 19.8
19840605 0.2 3.33 0.667 15.6
19840606 0.1 3.34 0.642 12.4
19840607 0.7 3.35 0.642 12.1
19840608 22.5 3.36 0.787 9.3
19840609 2.7 3.38 0.773 9.8
19840610 0.1 3.4 0.719 12
19840611 0 3.41 0.642 9.9
19840612 0 3.43 0.642 11.2
19840613 1.6 3.45 0.642 14.7
19840614 6.1 3.47 0.68 15.1
19840615 1.8 3.47 0.667 10.8
19840616 0.3 3.48 0.654 11.3
19840617 0.1 3.49 0.642 13.2
19840618 0 3.5 0.593 11.7
19840619 0 3.51 0.581 14.2
19840620 0 3.53 0.569 16.3
19840621 0.2 3.54 0.581 17.7
19840622 0.2 3.54 0.581 14.8
19840623 2.7 3.54 0.593 13.2
19840624 1.5 3.54 0.581 10.2
19840625 5.3 3.54 0.581 9.1
19840626 1 3.55 0.593 9.2
19840627 2.5 3.57 0.581 12
19840628 2 3.58 0.617 14.2
19840629 5 3.58 0.593 10.6
19840630 2.8 3.58 0.581 9.4
19840701 0.1 3.59 0.581 9.2
19840702 4.4 3.6 0.593 9.7
19840703 6.9 3.6 0.605 8.9
19840704 0.1 3.61 0.654 8.7
19840705 2.8 3.62 0.642 9.2
19840706 9.5 3.62 0.68 8.9
19840707 2.5 3.64 0.706 10
19840708 0 3.65 0.642 12.8
19840709 0 3.66 0.557 13.7
19840710 0 3.69 0.523 17.5
19840711 0 3.7 0.512 20.2
19840712 13 3.71 0.557 21
19840713 0 3.7 0.545 15.8
19840714 0 3.71 0.545 14.8
19840715 5.7 3.71 0.581 14
19840716 8.4 3.7 0.68 11.1
19840717 3 3.68 0.557 10.5
19840718 0.1 3.66 0.545 10.6
19840719 2.2 3.65 0.523 11
19840720 0 3.63 0.534 11.7
19840721 0 3.61 0.534 11.8
19840722 0 3.6 0.512 12.4
19840723 0 3.58 0.501 12.1
19840724 0 3.56 0.512 11.4
19840725 0 3.54 0.523 12.1
19840726 0 3.52 0.512 12.2
19840727 4.8 3.5 0.512 10.8
19840728 0 3.48 0.512 11.8
19840729 2.8 3.47 0.534 12.3
19840730 0 3.46 0.545 13.9
19840731 0 3.44 0.523 14.9
19840801 18 3.45 0.719 23.1
19840802 0 3.4 0.667 12.4
19840803 0 3.38 0.557 14.5
19840804 0 3.37 0.534 16.8
19840805 2.8 3.36 0.557 17.3
19840806 0.4 3.33 0.512 14.6
19840807 12.8 3.31 0.512 13.1
19840808 0.6 3.29 0.581 13.5
19840809 0.8 3.28 0.569 16.7
19840810 1.3 3.26 0.557 16.6
19840811 0.2 3.24 0.605 16.1
19840812 19.2 3.21 0.963 10.8
19840813 0 3.19 0.759 10.9
19840814 0 3.17 0.605 10.4
19840815 12 3.15 0.759 10.9
19840816 0.7 3.15 0.719 11
19840817 0 3.11 0.667 10.7
19840818 0 3.07 0.642 12.1
19840819 0 3.02 0.629 9.9
19840820 0 2.98 0.654 12.9
19840821 0 2.94 0.629 12.7
19840822 0 2.9 0.605 13.4
19840823 0 2.85 0.593 13.6
19840824 0 2.81 0.581 14.9
19840825 1.6 2.77 0.581 15
19840826 0 2.72 0.557 13.7
19840827 0 2.67 0.534 10.4
19840828 0 2.63 0.523 10
19840829 0 2.59 0.523 12.9
19840830 0 2.54 0.523 12.3
19840831 0 2.5 0.523 13.8
19840901 2 2.46 0.512 15.3
19840902 0 2.41 0.512 13
19840903 0 2.36 0.512 9.2
19840904 1.2 2.33 0.501 15.6
19840905 20.5 2.28 0.49 13.5
19840906 1.2 2.23 0.534 10.1
19840907 0.7 2.18 0.581 9.3
19840908 6 2.14 0.512 9.1
19840909 23.8 2.1 0.642 10.1
19840910 14.9 2.05 2.002 9.8
19840911 5 2.01 1.074 9.8
19840912 1.6 1.97 0.978 10.2
19840913 0 1.92 0.887 7
19840914 13.5 1.88 0.815 11.6
19840915 10 1.84 3.233 13.5
19840916 17.5 1.81 3.865 11.4
19840917 4 1.77 3.66 9
19840918 0.2 1.74 2.889 8.6
19840919 0 1.71 2.025 9.6
19840920 0 1.68 1.58 10.4
19840921 0 1.65 1.314 10.8
19840922 5.7 1.62 1.208 8.6
19840923 3.4 1.59 1.123 9
19840924 4.5 1.56 1.09 6.8
19840925 0.5 1.53 1.074 6.7
19840926 1.9 1.5 0.947 7.3
19840927 7.2 1.47 0.947 8.2
19840928 0 1.44 0.978 8.9
19840929 0 1.41 0.963 10.2
19840930 0 1.39 0.902 12.3
19841001 0 1.36 0.844 15.6
19841002 9.3 1.33 0.932 15.1
19841003 2 1.29 0.947 9.7
19841004 0.1 1.26 0.902 8.8
19841005 0 1.23 0.873 10.6
19841006 0 1.2 0.815 7.5
19841007 0.5 1.17 0.787 9.3
19841008 0 1.14 0.773 8.9
19841009 1.8 1.11 0.759 11.2
19841010 2.4 1.08 0.773 12.2
19841011 0.2 1.05 0.759 12.2
19841012 0.5 1.02 0.746 9.8
19841013 0 0.99 0.733 4.8
19841014 1.5 0.96 0.719 10.5
19841015 0.3 0.93 0.733 9.1
19841016 0 0.93 0.733 3.8
19841017 0 0.91 0.706 4.9
19841018 0.1 0.89 0.68 8.4
19841019 0 0.87 0.68 8.8
19841020 1 0.85 0.68 6.2
19841021 0.1 0.83 0.654 5.9
19841022 0.1 0.81 0.629 7
19841023 1.3 0.79 0.617 10.6
19841024 0.1 0.77 0.617 8.2
19841025 0 0.75 0.605 9.2
19841026 1.7 0.74 0.605 10.7
19841027 0 0.71 0.593 6.8
19841028 0 0.69 0.593 1.5
19841029 0 0.67 0.593 2.8
19841030 0 0.65 0.593 5
19841031 0 0.63 0.593 5.5
19841101 0 0.61 0.593 5.6
19841102 0 0.59 0.581 5.4
19841103 0.1 0.57 0.581 4.6
19841104 0.1 0.55 0.569 1.1
19841105 0 0.53 0.569 2.4
19841106 0 0.52 0.557 5.4
19841107 0 0.5 0.546 7.9
19841108 0 0.48 0.534 8.8
19841109 0 0.46 0.546 7.7
19841110 0 0.44 0.546 6.5
19841111 0 0.42 0.546 1.5
19841112 0 0.39 0.569 -2.5
19841113 0 0.37 0.546 -3.6
19841114 0 0.36 0.557 -3.5
19841115 7 0.34 0.557 1
19841116 21.7 0.33 0.534 -2.4
19841117 0.2 0.33 0.546 -0.5
19841118 1.3 0.32 0.569 -1.9
19841119 0 0.32 0.546 0.9
19841120 0.3 0.32 0.581 1
19841121 0.5 0.31 0.63 1.2
19841122 21.5 0.31 0.947 3.4
19841123 17.7 0.3 4.489 7.2
19841124 4.3 0.3 4.08 8.5
19841125 1.1 0.29 3.413 7.6
19841126 1.1 0.29 3.204 5.6
19841127 0.8 0.28 3.116 2.7
19841128 0 0.28 2.779 2.3
19841129 0 0.27 2.07 -0.8
19841130 0 0.27 1.6 0.7
19841201 0 0.27 1.332 5.2
19841202 0 0.26 1.261 4.6
19841203 0 0.26 1.157 0
19841204 0 0.25 1.09 0.5
19841205 0 0.25 0.994 -0.6
19841206 0 0.24 0.932 -1.7
19841207 0 0.24 0.902 -0.3
19841208 0 0.23 0.873 0.3
19841209 0.5 0.23 0.815 1.5
19841210 4.8 0.23 0.801 1.8
19841211 0 0.22 0.787 3.8
19841212 0 0.22 0.759 -3.2
19841213 0 0.21 0.733 -3.7
19841214 0 0.21 0.719 -5.6
19841215 0 0.2 0.693 -3.6
19841216 0.5 0.2 0.667 -3.1
19841217 0.2 0.2 0.654 -3
19841218 0 0.21 0.642 1.4
19841219 0.5 0.21 0.629 1.1
19841220 0.1 0.21 0.629 0.3
19841221 4.4 0.21 0.629 1.2
19841222 0 0.21 0.629 2
19841223 0 0.21 0.629 -0.3
19841224 0 0.21 0.629 -7.4
19841225 0 0.21 0.629 -7.7
19841226 0.4 0.21 0.617 -5.6
19841227 1.1 0.22 0.617 -5.1
19841228 0.8 0.22 0.605 -4.4
19841229 0.4 0.22 0.605 -5.7
19841230 1.8 0.22 0.593 -5.2
19841231 1.2 0.22 0.593 -10.5
19850101 0.8 0.22 0.593 -7.6
19850102 1.6 0.22 0.593 -6.7
19850103 0 0.22 0.581 -9.3
19850104 2.3 0.22 0.557 -10.8
19850105 0.2 0.22 0.557 -12.8
19850106 0 0.22 0.557 -23.5
19850107 0 0.22 0.546 -26.3
19850108 0 0.22 0.534 -26.3
19850109 0 0.23 0.534 -24.7
19850110 0.2 0.23 0.523 -22.7
19850111 1.6 0.23 0.523 -16.3
19850112 3.4 0.23 0.512 -9.2
19850113 0 0.23 0.501 -14.4
19850114 1 0.23 0.49 -13.8
19850115 1 0.24 0.49 -9.1
19850116 0 0.24 0.49 -13.6
19850117 0 0.24 0.49 -11.9
19850118 0 0.25 0.49 -7.6
19850119 0 0.26 0.49 -16.5
19850120 0.2 0.27 0.49 -14.9
19850121 0.3 0.28 0.49 -6
19850122 3.4 0.29 0.49 -0.5
19850123 11.8 0.3 0.49 1.2
19850124 3.2 0.3 0.49 -1.8
19850125 0.2 0.31 0.49 -1.7
19850126 4.7 0.32 0.512 0.2
19850127 1 0.33 0.534 -1.9
19850128 0 0.33 0.523 -9.1
19850129 0 0.34 0.512 -3
19850130 0.5 0.35 0.512 -3
19850131 8.8 0.36 0.534 1.2
19850201 5.2 0.37 0.593 2.9
19850202 1.5 0.38 1.56 2.1
19850203 0 0.39 1.026 -4.3
19850204 0 0.39 0.873 -6.4
19850205 1.2 0.4 0.759 -1.3
19850206 1.8 0.41 0.693 0.3
19850207 1.6 0.42 0.629 -5.7
19850208 2.3 0.42 0.593 -12.1
19850209 2 0.43 0.581 -8.5
19850210 0.1 0.44 0.546 -13.8
19850211 0 0.45 0.534 -17.5
19850212 0 0.45 0.523 -23.5
19850213 0 0.46 0.512 -19.4
19850214 0.2 0.47 0.501 -10.6
19850215 1.2 0.49 0.501 -13.8
19850216 4 0.51 0.501 -9
19850217 1.2 0.53 0.501 -10.8
19850218 4.5 0.54 0.501 -9.4
19850219 1.4 0.56 0.501 -9.2
19850220 0 0.58 0.501 -10.8
19850221 1.8 0.6 0.501 -7
19850222 0.3 0.61 0.501 -10.7
19850223 4.7 0.63 0.501 -6.8
19850224 0.2 0.65 0.501 -8.6
19850225 0 0.68 0.501 1.5
19850226 0 0.69 0.501 0.4
19850227 0 0.71 0.501 1
19850228 0.3 0.73 0.501 0.2
19850301 0 0.75 0.501 -0.3
19850302 6 0.76 0.501 -0.9
19850303 2.6 0.78 0.501 1.1
19850304 0 0.8 0.501 0.5
19850305 0.6 0.82 0.523 0.7
19850306 0.1 0.84 0.534 0.6
19850307 0 0.85 0.534 0.7
19850308 0.5 0.87 0.534 0.2
19850309 0.2 0.89 0.534 -1.2
19850310 0 0.9 0.523 -5.8
19850311 0 0.92 0.512 -3
19850312 0 0.94 0.512 -2.6
19850313 0 0.96 0.523 0
19850314 0.5 0.98 0.546 0.6
19850315 0 0.99 0.534 -1.7
19850316 0.1 0.99 0.581 -2.4
19850317 4.4 1.03 0.569 -0.1
19850318 2.7 1.06 0.569 -0.9
19850319 0 1.09 0.569 -0.3
19850320 4.1 1.12 0.569 0
19850321 0 1.16 1.261 4.7
19850322 0 1.19 4.559 6.7
19850323 4.8 1.22 6.103 3
19850324 0 1.25 4.524 1.9
19850325 0.2 1.28 4.455 2
19850326 1.8 1.32 4.666 5
19850327 1.3 1.35 4.666 5.1
19850328 1.7 1.38 3.787 0.5
19850329 5.6 1.41 3.608 0.7
19850330 0 1.45 2.742 7.1
19850331 1 1.48 3.166 6.9
19850401 3.5 1.51 3.3 6.2
19850402 0 1.55 3.945 9.1
19850403 0 1.58 3.772 6.6
19850404 0 1.61 3.3 8.4
19850405 0.2 1.65 3.021 10.2
19850406 2.2 1.68 2.637 11.4
19850407 0 1.71 2.425 7.2
19850408 0 1.74 2.319 6.6
19850409 0.4 1.77 1.599 9.4
19850410 0.8 1.8 1.54 6.1
19850411 4.5 1.83 1.425 5.3
19850412 2.7 1.86 1.369 4.1
19850413 11.2 1.89 1.332 4.2
19850414 3.5 1.92 1.58 4.5
19850415 0.3 1.96 1.501 4.9
19850416 1.1 1.99 1.388 4.1
19850417 0 2.02 1.314 2
19850418 0.2 2.06 1.243 4.2
19850419 0 2.1 1.191 7.8
19850420 0 2.14 1.14 10.8
19850421 0 2.18 1.074 12.3
19850422 0 2.21 0.994 9.8
19850423 2.5 2.24 0.978 8.3
19850424 0.7 2.25 0.978 -0.8
19850425 0.7 2.3 0.932 2.2
19850426 0 2.33 0.902 1.5
19850427 8.6 2.37 0.873 4.1
19850428 0.2 2.4 0.917 2.2
19850429 9.4 2.43 0.887 1.7
19850430 13.6 2.46 0.932 1
19850501 2 2.5 1.058 3.2
19850502 16.5 2.54 1.722 2.4
19850503 1.8 2.57 2.834 2.8
19850504 0 2.61 2.644 5.1
19850505 0 2.66 2.212 9.4
19850506 0 2.7 1.806 12
19850507 6.3 2.74 1.722 13.3
19850508 0 2.77 1.64 12.5
19850509 2.6 2.79 1.482 7.6
19850510 0 2.84 1.332 12.2
19850511 0 2.88 1.226 12.6
19850512 0 2.91 1.14 13.2
19850513 0 2.95 1.074 15
19850514 48.2 2.99 1.058 17.6
19850515 0 3.02 1.936 16
19850516 0 3.02 1.09 13.3
19850517 4.7 3.03 1.026 13
19850518 0 3.05 0.994 14.8
19850519 0.4 3.07 0.978 15.2
19850520 0 3.08 0.947 13
19850521 7.5 3.09 0.917 11.3
19850522 1.6 3.1 0.902 11.1
19850523 0 3.11 0.963 9.8
19850524 0 3.13 0.932 10.8
19850525 0 3.16 0.858 13.4
19850526 0 3.17 0.815 14.6
19850527 0 3.2 0.759 16.5
19850528 0 3.21 0.733 17.4
19850529 14.4 3.23 0.759 15.9
19850530 7.1 3.23 0.932 13.6
19850531 5.5 3.25 0.873 12.8
19850601 4.2 3.25 0.815 10
19850602 0 3.27 0.759 11.5
19850603 0 3.29 0.706 12.3
19850604 0 3.31 0.706 14.2
19850605 0 3.34 0.719 18
19850606 0 3.35 0.706 17
19850607 2.9 3.36 0.706 15.6
19850608 9.2 3.37 0.706 11.6
19850609 1.8 3.37 0.719 8.4
19850610 6.4 3.39 0.719 10.4
19850611 3.5 3.4 0.719 7.9
19850612 1.1 3.42 0.706 10.3
19850613 4.1 3.43 0.706 9
19850614 0.2 3.46 0.706 11.5
19850615 10.5 3.46 0.787 7.5
19850616 0.1 3.47 0.68 9
19850617 7.3 3.48 0.654 8.4
19850618 1.4 3.48 0.68 6.7
19850619 0 3.5 0.68 11
19850620 1.9 3.51 0.68 11.3
19850621 0 3.52 0.68 11.3
19850622 4.8 3.53 0.667 13.6
19850623 13 3.53 0.733 11.1
19850624 6.8 3.54 1.191 10.8
19850625 12.3 3.55 1.332 12.3
19850626 2.3 3.56 1.157 13.4
19850627 1.2 3.56 1.09 9.3
19850628 3 3.57 0.994 9.7
19850629 1 3.58 0.902 12.5
19850630 0 3.59 0.844 12.3
19850701 11.5 3.61 0.873 14.5
19850702 0.2 3.6 0.902 12
19850703 0 3.61 0.815 12.5
19850704 0 3.63 0.746 13.5
19850705 0 3.64 0.706 14.9
19850706 0 3.65 0.693 14.7
19850707 0 3.65 0.693 13.2
19850708 9 3.65 0.667 11.7
19850709 1.4 3.65 0.719 10.9
19850710 2.5 3.66 0.693 10.3
19850711 0 3.68 0.667 13.1
19850712 0 3.7 0.642 16.2
19850713 0 3.7 0.629 15
19850714 0 3.72 0.605 19.2
19850715 0.3 3.73 0.617 20.3
19850716 7.8 3.73 0.629 20.3
19850717 0 3.7 0.642 16.4
19850718 0 3.69 0.605 18.1
19850719 0 3.67 0.581 18.1
19850720 0 3.65 0.581 18
19850721 3.5 3.61 0.605 10.5
19850722 2.9 3.6 0.593 12.5
19850723 0 3.59 0.568 14.7
19850724 0 3.56 0.557 13.6
19850725 0 3.55 0.546 14
19850726 0.2 3.54 0.546 15.9
19850727 0 3.52 0.546 15.6
19850728 2.5 3.5 0.568 15
19850729 9.7 3.49 0.593 19.5
19850730 0.5 3.46 0.568 14.9
19850731 9 3.44 0.568 13.6
19850801 0.3 3.42 0.546 13.5
19850802 2.3 3.39 0.546 12.1
19850803 0.5 3.39 0.546 14.8
19850804 0 3.35 0.534 10.2
19850805 8.1 3.36 0.534 17.8
19850806 62.2 3.32 1.722 11.6
19850807 13.6 3.3 3.382 10.1
19850808 5.6 3.28 2.752 11.7
19850809 1.4 3.28 2.335 14.6
19850810 3.8 3.26 1.701 14.3
19850811 0 3.23 1.482 11.7
19850812 0 3.23 1.191 17.3
19850813 0.2 3.21 1.296 17.3
19850814 0 3.2 1.62 18.2
19850815 0 3.18 1.157 18.1
19850816 0 3.17 0.994 17.4
19850817 5.1 3.14 0.932 19.7
19850818 6.4 3.06 0.963 10.4
19850819 2.5 3.02 0.917 11.1
19850820 0 2.98 0.844 12.6
19850821 0 2.94 0.787 14
19850822 4.5 2.9 0.746 13.2
19850823 0 2.86 0.719 13.9
19850824 0.1 2.82 0.706 17.7
19850825 14 2.77 0.719 15
19850826 16.5 2.71 1.681 9.9
19850827 0 2.67 1.261 10
19850828 0 2.62 1.058 9.7
19850829 0 2.58 0.932 10.7
19850830 0 2.54 0.873 10.8
19850831 0 2.5 0.815 11.4
19850901 0 2.46 0.787 12.6
19850902 0 2.41 0.759 10.8
19850903 8.4 2.37 0.815 12
19850904 1 2.32 0.815 11.5
19850905 2.1 2.27 0.773 10.7
19850906 3 2.23 0.759 8.1
19850907 0.1 2.18 0.733 6.7
19850908 1 2.13 0.746 6.3
19850909 0 2.09 0.693 6.6
19850910 0.2 2.04 0.663 5.9
19850911 0 2.01 0.667 10.9
19850912 0 1.97 0.654 10.2
19850913 0 1.91 0.642 6.7
19850914 0 1.87 0.629 8.9
19850915 0.5 1.84 0.617 11.6
19850916 2.1 1.8 0.605 10.1
19850917 2.5 1.77 0.617 10.8
19850918 0 1.74 0.68 9.3
19850919 0 1.72 0.629 13.9
19850920 0 1.69 0.617 12.7
19850921 0 1.66 0.605 14
19850922 0.1 1.63 0.593 15.3
19850923 0 1.59 0.593 10.1
19850924 0 1.56 0.629 9.5
19850925 0.3 1.53 0.629 10.3
19850926 0.1 1.5 0.629 6.7
19850927 0.4 1.47 0.617 7.3
19850928 2 1.44 0.605 10.5
19850929 0.1 1.41 0.593 6.3
19850930 0 1.38 0.568 8
19851001 0 1.35 0.557 8.4
19851002 5 1.32 0.557 10.7
19851003 0 1.3 0.654 12
19851004 0 1.26 0.568 11.5
19851005 0.1 1.24 0.557 12.6
19851006 0 1.21 0.557 13.7
19851007 0 1.17 0.557 10.8
19851008 0 1.14 0.557 11.5
19851009 0.3 1.1 0.557 3
19851010 2.3 1.08 0.557 7.6
19851011 0.5 1.05 0.557 10.6
19851012 0 1.02 0.557 7.2
19851013 0.8 0.99 0.557 7.9
19851014 10.5 0.96 0.581 5.6
19851015 0.1 0.93 0.605 6.3
19851016 0 0.93 0.617 3.9
19851017 0 0.91 0.557 5.7
19851018 1.8 0.89 0.557 7.3
19851019 0 0.87 0.557 3.8
19851020 0 0.85 0.557 1.1
19851021 0 0.83 0.546 1.7
19851022 0 0.81 0.546 4.5
19851023 0 0.79 0.546 2.3
19851024 0 0.77 0.546 2.3
19851025 0 0.75 0.546 1.9
19851026 0 0.73 0.546 1.2
19851027 0 0.71 0.546 1.3
19851028 0 0.69 0.546 -0.2
19851029 0 0.67 0.546 -0.4
19851030 0.2 0.65 0.546 1.7
19851031 2 0.63 0.546 1.4
19851101 2 0.61 0.546 0.3
19851102 0.6 0.59 0.546 3.8
19851103 0 0.57 0.546 0.1
19851104 0 0.55 0.534 1
19851105 15 0.54 0.581 5.9
19851106 6 0.51 0.686 2.5
19851107 10.4 0.49 0.68 2.4
19851108 0.2 0.47 0.629 1.3
19851109 12.9 0.46 0.733 5.3
19851110 9 0.44 1.521 8
19851111 0.2 0.42 1.369 0
19851112 0.3 0.4 1.026 -0.8
19851113 5.2 0.38 0.902 -1.4
19851114 7.5 0.36 0.82 -0.2
19851115 0 0.34 0.759 -3.5
19851116 0 0.33 0.68 -7.4
19851117 0.2 0.32 0.654 -13.2
19851118 5.1 0.32 0.654 -5.8
19851119 11.7 0.32 0.629 -7.1
19851120 5 0.31 0.654 -4.4
19851121 12.2 0.31 0.654 -3.8
19851122 0.2 0.31 0.654 -1.1
19851123 0 0.3 0.654 -0.1
19851124 0 0.3 0.654 -2.9
19851125 1.1 0.29 0.629 -2.7
19851126 0.2 0.29 0.629 -7
19851127 0 0.28 0.629 -5.2
19851128 3.5 0.28 0.629 -5
19851129 0 0.27 0.629 -3.6
19851130 0 0.27 0.629 -6.6
19851201 0.1 0.27 0.629 -3.2
19851202 0.1 0.26 0.654 1.6
19851203 0 0.26 2.002 3
19851204 0 0.25 3.66 2.6
19851205 0.1 0.25 3.352 5.6
19851206 1 0.24 2.861 3.7
19851207 2 0.24 2.591 3.8
19851208 0.3 0.24 2.436 4.1
19851209 0 0.23 1.849 3.7
19851210 5.4 0.23 1.849 2.1
19851211 2.9 0.22 1.66 0.2
19851212 1.3 0.22 1.482 0.7
19851213 0.8 0.21 1.406 1
19851214 3.2 0.21 1.369 0.7
19851215 4.6 0.2 1.482 6
19851216 2.2 0.2 1.849 5.6
19851217 0.5 0.21 1.764 2.7
19851218 4.3 0.21 1.743 -0.7
19851219 3.6 0.21 1.722 1
19851220 1.9 0.21 1.681 0.5
19851221 0 0.21 1.64 2.5
19851222 0 0.21 1.58 -0.7
19851223 0 0.21 1.444 0.5
19851224 0 0.21 1.369 -1.7
19851225 0 0.21 1.296 -2.2
19851226 0 0.22 1.243 0.9
19851227 2.1 0.22 1.226 2
19851228 7.5 0.22 1.208 -2.4
19851229 0.3 0.22 1.09 -2.9
19851230 0 0.22 1.026 -7.5
19851231 0 0.22 0.963 -8.7
19860101 0 0.22 0.932 -10.4
19860102 0 0.22 0.902 -5.3
19860103 0 0.22 0.932 -0.7
19860104 2.4 0.23 0.917 -3.2
19860105 0 0.23 0.902 -3.9
19860106 0 0.23 0.888 -4.8
19860107 0.9 0.23 0.873 -7.1
19860108 0.1 0.23 0.844 -7
19860109 0 0.23 0.815 -13.8
19860110 1.5 0.23 0.733 -16.8
19860111 1.7 0.23 0.706 -1.8
19860112 3.4 0.23 0.693 -0.4
19860113 5 0.24 0.68 0
19860114 1.5 0.24 0.733 1.2
19860115 8.4 0.24 0.706 0.2
19860116 4.3 0.24 0.706 -3.6
19860117 4.5 0.25 0.693 -5.5
19860118 9.5 0.25 0.693 -5
19860119 8.8 0.26 0.994 2.9
19860120 0.2 0.27 2.162 1.5
19860121 0.2 0.28 1.681 0.8
19860122 0.8 0.29 1.444 0.5
19860123 22.2 0.3 2.162 1.5
19860124 0.5 0.3 3.66 -0.2
19860125 4.5 0.31 2.779 -1.6
19860126 2.6 0.32 2.36 -3.9
19860127 0.5 0.33 1.892 -4.2
19860128 0 0.34 1.56 -5
19860129 0 0.34 1.444 -2.9
19860130 0 0.35 1.332 -2.8
19860131 0 0.36 1.261 -1.6
19860201 0.2 0.37 1.174 0.4
19860202 3.3 0.38 1.09 -4.5
19860203 0 0.38 1.026 -6.5
19860204 0 0.39 1.026 -15
19860205 0 0.4 1.01 -16.4
19860206 0.5 0.41 0.978 -11.1
19860207 0 0.41 0.963 -17.6
19860208 0.7 0.42 0.947 -16.6
19860209 4 0.43 0.932 -14.1
19860210 0.1 0.44 0.932 -6.4
19860211 0 0.45 0.787 -10.7
19860212 0 0.46 0.759 -10.8
19860213 0 0.47 0.759 -7.7
19860214 0 0.47 0.759 -7
19860215 0 0.49 0.733 -7.8
19860216 0 0.51 0.719 -6.7
19860217 0 0.53 0.719 -6.5
19860218 0.2 0.55 0.719 -6.2
19860219 1.5 0.56 0.719 -6.6
19860220 0 0.58 0.706 -12.3
19860221 0 0.6 0.706 -10
19860222 0.1 0.61 0.68 -12.4
19860223 0.4 0.63 0.654 -14.6
19860224 0.3 0.65 0.629 -13.4
19860225 0 0.67 0.629 -12.2
19860226 0 0.68 0.629 -14.6
19860227 0 0.7 0.654 -16.5
19860228 0 0.72 0.642 -15.7
19860301 0 0.74 0.629 -7.8
19860302 3.3 0.76 0.617 -5.4
19860303 1.5 0.77 0.605 -9
19860304 0.2 0.8 0.605 -2.4
19860305 1.8 0.82 0.581 0.4
19860306 1.4 0.84 0.68 3.1
19860307 2 0.85 0.68 1.3
19860308 0 0.87 0.719 0.7
19860309 0 0.89 0.787 0.9
19860310 0 0.91 0.994 1.4
19860311 0 0.92 1.463 0.5
19860312 1.3 0.94 1.681 1.8
19860313 0.3 0.96 2.779 2.6
19860314 4.7 0.98 3.66 2
19860315 0 1 3.787 1.7
19860316 0 1 3.98 1.8
19860317 0 1.03 3.293 0.2
19860318 0 1.06 2.779 -0.2
19860319 0 1.1 2.462 5.6
19860320 0 1.12 2.261 1.4
19860321 0 1.15 1.936 -0.7
19860322 0 1.19 1.722 0
19860323 7.4 1.22 1.64 0.2
19860324 3.1 1.25 2.162 2.7
19860325 0 1.28 2.779 1.5
19860326 0 1.32 2.671 1.7
19860327 0 1.35 2.513 5.8
19860328 5.2 1.39 2.671 8.4
19860329 0.5 1.42 2.889 4.9
19860330 2.5 1.44 2.779 1.6
19860331 6.3 1.48 2.889 5
19860401 0 1.51 2.834 2.7
19860402 0 1.54 2.671 2.5
19860403 0.3 1.58 2.565 5.7
19860404 0.7 1.6 2.462 2.4
19860405 0.9 1.64 2.027 3.2
19860406 0 1.67 1.806 3
19860407 0 1.71 1.764 8
19860408 0 1.74 1.849 10.4
19860409 0.1 1.78 2.022 12.4
19860410 2.2 1.79 1.722 1.4
19860411 0.3 1.81 1.521 -4.9
19860412 0 1.84 1.406 -4.5
19860413 0 1.87 1.296 -4.7
19860414 0 1.91 1.226 -1.3
19860415 0 1.95 1.026 1.9
19860416 0 1.99 0.994 7.1
19860417 0.1 2.03 0.978 8.5
19860418 9 2.06 1.09 4.9
19860419 15.5 2.09 1.521 2.9
19860420 1.4 2.13 1.444 3.2
19860421 0.1 2.16 1.332 4.9
19860422 0 2.21 1.261 10.2
19860423 0 2.24 1.157 9.5
19860424 0 2.28 1.157 10
19860425 0 2.32 1.123 11.2
19860426 0 2.35 1.09 11.5
19860427 0 2.39 1.09 12.1
19860428 0 2.42 1.058 12.5
19860429 0 2.47 0.963 15.1
19860430 0.2 2.5 0.932 15.3
19860501 0 2.52 0.887 10.5
19860502 0 2.56 0.873 10.4
19860503 0 2.6 0.858 12.2
19860504 0 2.63 0.844 12.2
19860505 0 2.67 0.787 14.6
19860506 0 2.71 0.815 15.9
19860507 0 2.74 0.759 15.2
19860508 9 2.77 0.787 11.5
19860509 0.8 2.8 0.759 10.6
19860510 0.7 2.84 0.733 11.3
19860511 1 2.87 0.733 12.4
19860512 0 2.91 0.759 12
19860513 1.1 2.96 0.759 16.7
19860514 4.8 2.99 0.787 15.2
19860515 3.6 3.02 0.787 14.6
19860516 0 3.01 0.719 11.9
19860517 0 3.03 0.706 12.7
19860518 5.4 3.05 0.693 14.2
19860519 0 3.06 0.706 14.1
19860520 0 3.08 0.706 13.8
19860521 4.6 3.1 0.693 16.3
19860522 2.8 3.11 0.654 14.7
19860523 0 3.13 0.654 15
19860524 9 3.14 0.654 14.1
19860525 0 3.15 0.629 10.3
19860526 0 3.18 0.629 16.5
19860527 1.7 3.2 0.629 18.7
19860528 7.3 3.2 0.693 13.1
19860529 8.1 3.21 0.693 11.1
19860530 8 3.21 0.759 7.2
19860531 1.5 3.23 0.787 6.9
19860601 0 3.25 0.706 8.9
19860602 6.9 3.27 0.733 9.5
19860603 0.6 3.28 0.693 10.4
19860604 12.6 3.3 0.667 9.4
19860605 19.6 3.3 1.722 5.5
19860606 0.1 3.32 1.521 8.1
19860607 0 3.35 1.157 10.1
19860608 0 3.36 0.994 10.6
19860609 0 3.39 0.887 13.1
19860610 0 3.41 0.815 15
19860611 0 3.44 0.759 18.7
19860612 25.1 3.42 0.994 10
19860613 0 3.44 1.157 12.1
19860614 0 3.48 0.902 16.8
19860615 0 3.5 0.844 20.1
19860616 0 3.51 0.815 18.6
19860617 0 3.52 0.746 20
19860618 3.3 3.53 0.733 19.8
19860619 31.5 3.52 0.994 14.8
19860620 0.1 3.54 0.994 20.6
19860621 0 3.54 0.787 16.2
19860622 0 3.54 0.759 15.4
19860623 0 3.54 0.746 13.5
19860624 0 3.55 0.733 14.5
19860625 0 3.56 0.706 14.8
19860626 0 3.58 0.693 16.8
19860627 0 3.59 0.667 19.6
19860628 1 3.6 0.629 19.2
19860629 0.3 3.59 0.629 15.2
19860630 0 3.6 0.605 14.2
19860701 0 3.61 0.581 16.7
19860702 0 3.63 0.581 19.9
19860703 0 3.65 0.581 21
19860704 0 3.65 0.569 21.2
19860705 0 3.66 0.557 21.3
19860706 26.5 3.67 0.68 20.5
19860707 11.2 3.64 0.787 12.4
19860708 0.3 3.65 0.746 11.5
19860709 3.1 3.65 0.654 11.1
19860710 5.3 3.66 0.654 10.3
19860711 6.2 3.67 0.629 10.6
19860712 0 3.68 0.605 10.4
19860713 0 3.68 0.581 9.8
19860714 0 3.69 0.581 11.2
19860715 0 3.71 0.581 14
19860716 0 3.72 0.569 16.5
19860717 0 3.71 0.68 18.2
19860718 16.5 3.68 0.605 14.3
19860719 18 3.65 0.787 11.1
19860720 0.5 3.63 0.706 10.6
19860721 0 3.62 0.654 13.3
19860722 0 3.6 0.617 14.8
19860723 10 3.59 0.593 16.6
19860724 3.4 3.56 0.654 12.8
19860725 1.5 3.54 0.68 12.3
19860726 0 3.53 0.629 13.5
19860727 0 3.52 0.629 15.4
19860728 0 3.5 0.605 15.5
19860729 0 3.48 0.581 16.3
19860730 0 3.47 0.569 17.3
19860731 0 3.46 0.581 20.7
19860801 12 3.43 0.605 16.2
19860802 0 3.41 0.557 17.6
19860803 0 3.4 0.534 19.5
19860804 0 3.38 0.534 19.9
19860805 3.8 3.35 0.523 16.2
19860806 0 3.33 0.512 14
19860807 0 3.31 0.512 15.2
19860808 4 3.3 0.512 18
19860809 0 3.29 0.512 18.4
19860810 0.4 3.27 0.512 17.7
19860811 0.2 3.24 0.512 15.5
19860812 57.6 3.23 0.902 16.6
19860813 2.9 3.2 1.722 15.2
19860814 0.6 3.18 1.026 14.9
19860815 0 3.17 0.902 15.4
19860816 2.3 3.18 0.815 17.6
19860817 32.8 3.13 0.733 16.9
19860818 4.4 3.08 1.369 16.5
19860819 17.6 3.04 1.6 15.4
19860820 1.1 2.98 1.806 12.9
19860821 0.1 2.93 1.332 10.1
19860822 2 2.9 1.191 13.2
19860823 10 2.85 1.157 13.4
19860824 6.8 2.8 1.157 11.2
19860825 1.5 2.76 1.406 9.4
19860826 0 2.72 1.226 11.4
19860827 1.7 2.68 1.123 13.2
19860828 16.2 2.63 1.6 11.4
19860829 6.3 2.58 1.98 9.4
19860830 0.2 2.54 1.521 10.1
19860831 1 2.5 1.332 11
19860901 0.1 2.45 1.521 9.9
19860902 0 2.41 1.332 10.7
19860903 16 2.37 1.444 14.7
19860904 2.8 2.32 1.722 9.8
19860905 0 2.27 1.521 9.9
19860906 2.1 2.23 1.369 9.9
19860907 0 2.19 1.261 10.6
19860908 0.2 2.14 1.14 9.6
19860909 0.8 2.09 1.058 7.5
19860910 0 2.05 1.01 6.7
19860911 0 2 0.963 6.1
19860912 16.6 1.97 1.01 12.2
19860913 1.1 1.92 1.261 9.6
19860914 0.1 1.89 1.09 15.5
19860915 0 1.85 1.01 18.8
19860916 10.7 1.81 1.157 11.4
19860917 9.6 1.77 1.388 9.5
19860918 0.7 1.74 1.6 6
19860919 0.1 1.7 1.482 5.4
19860920 0.1 1.68 1.332 5.6
19860921 0 1.65 1.243 9.9
19860922 0.6 1.63 1.074 12.9
19860923 0.1 1.6 1.01 11.4
19860924 0 1.56 0.959 8.8
19860925 0 1.52 0.917 4.5
19860926 0 1.5 0.902 5.2
19860927 0 1.47 0.858 8.6
19860928 0 1.44 0.829 6.8
19860929 0 1.42 0.787 12.5
19860930 0 1.38 0.787 7.5
19861001 0 1.35 0.773 7.3
19861002 0.2 1.32 0.759 10.3
19861003 0 1.29 0.759 8.8
19861004 0 1.25 0.746 3.8
19861005 0.3 1.22 0.733 3.5
19861006 0 1.2 0.719 8.5
19861007 4.6 1.17 0.693 9.8
19861008 1.7 1.14 0.719 9.8
19861009 0.1 1.11 0.706 9.3
19861010 0.1 1.08 0.706 5.4
19861011 0 1.05 0.68 7.5
19861012 0.2 1.02 0.667 6.4
19861013 0 0.99 0.68 9.6
19861014 0 0.96 0.629 12
19861015 0 0.93 0.617 6.9
19861016 0 0.93 0.605 6.3
19861017 0 0.91 0.605 7.1
19861018 0 0.89 0.605 5.8
19861019 6 0.87 0.617 8.8
19861020 19.7 0.85 0.844 7.4
19861021 7.7 0.83 0.829 4.4
19861022 15.7 0.81 1.191 10.4
19861023 7.4 0.79 1.849 5.1
19861024 0 0.77 1.521 1.5
19861025 0.1 0.75 1.261 4.9
19861026 0.1 0.73 1.09 5.1
19861027 0.1 0.71 0.994 2.7
19861028 0 0.69 0.932 3.7
19861029 5.1 0.67 0.917 3.6
19861030 0.1 0.65 0.902 3.4
19861031 0 0.63 0.873 6.7
19861101 0.8 0.61 0.858 7.1
19861102 4 0.59 0.844 5.3
19861103 0 0.57 0.844 0.7
19861104 0.4 0.55 0.844 1.4
19861105 5.3 0.53 0.844 2.7
19861106 1.2 0.52 0.844 3.9
19861107 0 0.49 0.787 1.3
19861108 0 0.48 0.787 3.3
19861109 0 0.45 0.773 0.6
19861110 0 0.44 0.773 2.7
19861111 0.4 0.42 0.759 3.2
19861112 0 0.4 0.733 3.9
19861113 0 0.38 0.719 2.7
19861114 0 0.36 0.719 4.6
19861115 0.1 0.34 0.706 6.2
19861116 0 0.33 0.693 5.3
19861117 0 0.33 0.68 7.9
19861118 0 0.33 0.68 5
19861119 0 0.32 0.667 5.3
19861120 0.8 0.32 0.667 4.6
19861121 0.3 0.31 0.654 2.9
19861122 0.4 0.31 0.654 2.3
19861123 12 0.3 0.733 3.9
19861124 0.1 0.3 0.746 3.1
19861125 0 0.29 0.68 5.6
19861126 0 0.29 0.68 5.2
19861127 0 0.28 0.667 4.5
19861128 0 0.28 0.667 -0.1
19861129 0 0.27 0.667 -3.2
19861130 0 0.27 0.654 -1.6
19861201 0 0.27 0.642 -2.4
19861202 0 0.26 0.629 0
19861203 0 0.26 0.629 3.5
19861204 0 0.25 0.629 3.3
19861205 0 0.25 0.617 1.5
19861206 0 0.24 0.617 1.9
19861207 0 0.24 0.605 1.3
19861208 0 0.23 0.605 0.5
19861209 0 0.23 0.605 -2.1
19861210 0.2 0.23 0.593 -1.9
19861211 0.6 0.22 0.593 -0.5
19861212 0 0.22 0.593 -1
19861213 0 0.21 0.593 -2.7
19861214 0.4 0.21 0.593 -2.6
19861215 4 0.2 0.581 0
19861216 1.7 0.2 0.593 -0.2
19861217 1.6 0.2 0.593 -0.1
19861218 24.5 0.21 1.226 1
19861219 11.4 0.21 1.261 -0.4
19861220 0.4 0.21 0.917 1.4
19861221 4.3 0.21 0.858 -3.4
19861222 5.4 0.21 0.815 -8.1
19861223 1.4 0.21 0.787 -6.6
19861224 2 0.21 0.759 -6.2
19861225 0 0.21 0.746 -6.9
19861226 1.4 0.21 0.733 -8
19861227 1 0.22 0.733 -2.7
19861228 12.8 0.22 0.733 -0.7
19861229 12.2 0.22 0.733 -2.7
19861230 0.3 0.22 1.261 -0.1
19861231 32.4 0.22 2.565 3.1
19870101 1.6 0.22 3.851 1.4
19870102 2.3 0.22 4.455 -4.8
19870103 1.7 0.22 3.293 -11.6
19870104 3 0.22 2.644 -12
19870105 12.3 0.23 2.212 -3.5
19870106 2.6 0.23 2.116 -3.1
19870107 0.6 0.23 2.022 -14.1
19870108 5.5 0.23 1.537 -15.2
19870109 0 0.23 1.537 -9.8
19870110 0.4 0.23 1.537 -14.7
19870111 4.9 0.23 1.453 -22.6
19870112 1.4 0.23 1.453 -25.1
19870113 0 0.23 1.173 -23.2
19870114 0 0.23 0.93 -23.1
19870115 2.6 0.24 0.93 -14.9
19870116 0 0.24 0.866 -12.5
19870117 0 0.24 0.803 -11.4
19870118 0 0.25 0.803 -10.9
19870119 0 0.26 0.803 -10.2
19870120 0 0.27 0.803 -7.8
19870121 0.1 0.28 0.773 -12.8
19870122 1.5 0.29 0.773 -6.2
19870123 0.4 0.3 0.773 -3.7
19870124 1.2 0.3 0.773 -4.6
19870125 4.2 0.31 0.773 -0.5
19870126 2.3 0.32 0.773 -4.3
19870127 0.2 0.33 0.773 -5.7
19870128 1.4 0.34 0.773 -6
19870129 0.4 0.34 0.773 -9
19870130 0 0.35 0.773 -16.8
19870131 0 0.36 0.773 -11.6
19870201 0 0.36 0.773 -16.6
19870202 0 0.37 0.773 -13.2
19870203 0 0.39 0.773 -4
19870204 0 0.39 0.773 -12.5
19870205 0 0.4 0.803 -2.6
19870206 2.2 0.41 0.803 -1.7
19870207 0.4 0.42 0.834 -1.7
19870208 0.2 0.43 0.834 -2.3
19870209 0 0.44 0.834 1
19870210 0.3 0.45 0.773 1.9
19870211 0 0.45 0.917 2.4
19870212 0 0.46 1.123 3
19870213 3.7 0.47 1.56 2.8
19870214 8.3 0.48 2.257 1.2
19870215 3.7 0.5 3.059 1
19870216 0.3 0.51 3.535 -0.2
19870217 0.7 0.53 2.834 -1
19870218 11.2 0.55 2.513 -1.2
19870219 0 0.57 2.236 -1
19870220 0 0.58 2.046 -0.5
19870221 0 0.6 1.87 0.6
19870222 3.9 0.62 1.764 0.9
19870223 0.1 0.64 1.701 -5.5
19870224 0 0.65 1.681 -8.3
19870225 0 0.67 1.64 -10.6
19870226 0 0.69 1.58 -7.9
19870227 2.2 0.71 1.521 -1.7
19870228 1.8 0.73 1.444 -0.8
19870301 0.1 0.74 1.351 -6.8
19870302 0 0.75 1.226 -13
19870303 0.6 0.77 1.157 -11.2
19870304 0.1 0.79 1.09 -11.9
19870305 0.1 0.81 1.01 -11
19870306 0.2 0.83 0.917 -8.8
19870307 0.3 0.85 0.858 -8.7
19870308 0 0.86 0.844 -6.9
19870309 0 0.88 0.829 -6.5
19870310 0 0.9 0.815 -4.9
19870311 0 0.92 0.815 -5.8
19870312 0 0.93 0.787 -11.4
19870313 0 0.95 0.787 -8.8
19870314 0 0.97 0.787 -8.3
19870315 0.2 0.99 0.787 -4.8
19870316 2.2 0.99 0.787 -1.2
19870317 2.1 1.02 0.787 -2.6
19870318 5.7 1.06 0.773 1.1
19870319 0.2 1.09 0.801 1.1
19870320 0.3 1.12 0.787 -2.9
19870321 0 1.15 0.787 -1.6
19870322 0 1.19 0.787 0.3
19870323 1.8 1.22 0.844 1
19870324 2.1 1.25 0.994 2.8
19870325 0.7 1.29 1.316 3.1
19870326 0.2 1.32 2.336 3.3
19870327 6.5 1.35 5.479 5.9
19870328 9.8 1.39 20.116 6.4
19870329 0.2 1.41 13.164 2.4
19870330 0 1.44 5.479 0.9
19870331 1.5 1.47 3.801 1.3
19870401 1 1.51 3.087 1.5
19870402 0.1 1.54 2.779 1.8
19870403 0 1.57 2.725 3.6
19870404 0 1.61 2.889 5.6
19870405 2.4 1.64 3.116 5.8
19870406 1 1.67 3.002 5.3
19870407 0 1.7 2.591 5.4
19870408 0.4 1.74 2.618 7.3
19870409 0.8 1.77 2.618 9.2
19870410 12.8 1.8 3.059 7.9
19870411 0 1.83 2.889 6.2
19870412 0 1.86 2.539 4.1
19870413 0.3 1.89 2.513 6.2
19870414 0 1.92 2.105 5.5
19870415 0.5 1.96 1.915 5.1
19870416 0.8 1.99 1.825 4.8
19870417 0 2.03 1.666 6.8
19870418 0 2.07 1.576 7.9
19870419 0 2.1 1.496 7.8
19870420 8.1 2.13 1.496 4.8
19870421 9.3 2.17 1.496 5.9
19870422 0.1 2.19 1.496 3
19870423 0.1 2.24 1.337 7
19870424 0.1 2.28 1.267 9.1
19870425 0 2.31 1.267 10.1
19870426 0 2.34 1.197 7.5
19870427 0 2.37 1.197 3.2
19870428 0.1 2.41 1.127 6.9
19870429 0 2.45 1.127 10.5
19870430 0 2.49 1.067 13.1
19870501 0 2.53 1.09 12.4
19870502 0.3 2.57 1.026 13.4
19870503 6 2.6 0.963 11.9
19870504 0 2.62 0.902 9.4
19870505 0 2.66 0.917 9.8
19870506 0 2.69 0.902 7
19870507 1.1 2.72 0.902 7.6
19870508 0 2.76 0.902 8.9
19870509 0 2.8 0.902 10.2
19870510 5.7 2.84 0.917 12
19870511 0.1 2.85 0.902 4.8
19870512 6.3 2.9 0.963 10.6
19870513 8 2.93 1.01 7.8
19870514 0.1 2.96 1.058 6.7
19870515 0 3.01 0.963 11.5
19870516 25.5 3 0.917 8.1
19870517 1 3.02 1.226 8.4
19870518 2.8 3.05 1.058 13
19870519 0.1 3.06 0.932 11.9
19870520 1 3.07 0.902 9.3
19870521 9.4 3.08 0.887 7.7
19870522 3 3.09 0.932 6.8
19870523 0.1 3.11 1.09 10
19870524 0.1 3.13 1.058 11.6
19870525 0.1 3.15 1.026 10.3
19870526 0 3.17 0.963 12.3
19870527 0.1 3.19 0.902 14
19870528 0 3.19 0.858 10.7
19870529 5.5 3.21 0.815 10
19870530 1 3.22 0.787 9
19870531 0 3.23 0.787 9
19870601 1 3.25 0.773 8.7
19870602 4.4 3.27 0.801 9
19870603 4.3 3.29 0.829 11.9
19870604 8.5 3.31 0.887 13.1
19870605 0 3.32 0.829 12
19870606 1 3.35 0.773 14.8
19870607 2.5 3.36 0.773 14.3
19870608 3.5 3.37 0.787 13.2
19870609 0.7 3.38 0.746 11.3
19870610 3.7 3.4 0.746 11.2
19870611 0 3.42 0.719 14.8
19870612 0 3.45 0.719 19
19870613 1.5 3.47 0.706 18.8
19870614 0 3.48 0.706 17.9
19870615 10.2 3.5 0.787 18.8
19870616 0.2 3.48 0.759 9.9
19870617 3.3 3.48 0.733 9.8
19870618 5.5 3.49 0.773 9.2
19870619 0.9 3.5 0.759 10.7
19870620 0.4 3.52 0.733 14.8
19870621 5 3.53 0.719 14.2
19870622 0.2 3.53 0.719 11.3
19870623 1.3 3.54 0.667 13.1
19870624 12 3.55 0.759 13.5
19870625 0.1 3.55 0.787 12.1
19870626 5.2 3.58 0.733 17
19870627 2 3.58 0.746 15
19870628 0 3.59 0.706 17.2
19870629 0 3.61 0.68 20.8
19870630 0 3.63 0.667 22.9
19870701 6.5 3.63 0.654 22.4
19870702 0 3.62 0.68 16.9
19870703 0 3.64 0.654 18.8
19870704 0 3.64 0.617 18.3
19870705 0 3.64 0.605 14.7
19870706 0 3.65 0.605 17.2
19870707 0 3.67 0.605 20
19870708 25.8 3.68 0.844 18.8
19870709 1.7 3.67 0.873 15
19870710 0 3.67 0.706 13.5
19870711 0 3.7 0.68 18.4
19870712 9.4 3.71 0.654 18.7
19870713 0 3.7 0.654 15.7
19870714 0 3.71 0.642 16.8
19870715 0 3.73 0.654 18.3
19870716 0.1 3.74 0.654 21
19870717 0 3.72 0.654 21.2
19870718 1.4 3.7 0.654 21.4
19870719 24.7 3.67 0.844 17.7
19870720 0 3.65 0.759 16.6
19870721 4.7 3.62 0.654 14.3
19870722 0 3.61 0.68 16.4
19870723 0.4 3.6 0.654 18
19870724 0.4 3.58 0.654 17.2
19870725 0.8 3.56 0.642 16.2
19870726 1.9 3.52 0.629 10.6
19870727 4.5 3.5 0.605 12.2
19870728 0.8 3.49 0.654 11.9
19870729 0.1 3.47 0.642 13.2
19870730 2.1 3.47 0.667 17.6
19870731 0 3.44 0.654 14.7
19870801 15.5 3.42 0.693 13.6
19870802 2.1 3.39 0.773 12.1
19870803 4.5 3.38 0.693 14.5
19870804 0.2 3.36 0.68 11.9
19870805 0.9 3.34 0.642 11.3
19870806 0.2 3.32 0.629 10.3
19870807 0.1 3.3 0.617 10.1
19870808 0 3.28 0.605 10.9
19870809 15 3.27 0.693 14.4
19870810 1.5 3.25 0.773 12.8
19870811 0.1 3.23 0.667 10.7
19870812 8 3.21 0.642 10.6
19870813 0 3.19 0.706 11.3
19870814 2.8 3.18 0.68 14.1
19870815 1.5 3.16 0.654 13.7
19870816 0.8 3.16 0.654 11.6
19870817 0 3.13 0.654 16.1
19870818 5.5 3.09 0.642 19.2
19870819 4.8 3.04 0.642 16.2
19870820 0.1 2.99 0.667 14
19870821 0 2.94 0.629 14.2
19870822 0 2.9 0.617 15.7
19870823 0 2.86 0.605 15.9
19870824 0 2.82 0.593 17.6
19870825 4 2.79 0.581 21.4
19870826 0.1 2.72 0.617 14.3
19870827 10.6 2.69 0.629 16.4
19870828 2.5 2.63 0.629 12.6
19870829 0.2 2.59 0.617 12.9
19870830 0 2.54 0.593 11.4
19870831 0 2.5 0.581 12.6
19870901 0.1 2.45 0.581 11.5
19870902 0.9 2.42 0.569 14.6
19870903 0.1 2.37 0.581 15.4
19870904 1 2.33 0.557 15.4
19870905 26 2.29 0.706 17.2
19870906 6.8 2.24 0.873 15.5
19870907 9 2.19 0.733 13.4
19870908 0.2 2.14 0.844 9
19870909 0.2 2.1 0.733 10.7
19870910 1.4 2.06 0.706 13.2
19870911 8.2 2.01 0.873 11.7
19870912 0 1.98 0.815 15.5
19870913 0 1.93 0.759 17
19870914 3.3 1.89 0.746 18.9
19870915 0.1 1.84 0.733 12.4
19870916 2.3 1.81 0.719 12.6
19870917 0 1.78 0.68 16.5
19870918 0.3 1.76 0.68 18
19870919 0 1.72 0.667 14.1
19870920 1.5 1.69 0.629 15.4
19870921 0.1 1.66 0.605 13.3
19870922 0 1.63 0.593 17.2
19870923 15.8 1.6 0.654 17.2
19870924 1.3 1.57 0.759 13.6
19870925 0 1.53 0.667 9.7
19870926 1.5 1.51 0.654 11.7
19870927 0.7 1.47 0.629 7
19870928 0.6 1.44 0.617 5.8
19870929 2.6 1.41 0.617 5.7
19870930 0.1 1.38 0.617 6.8
19871001 0 1.35 0.605 7.3
19871002 0 1.32 0.605 6.2
19871003 0 1.29 0.617 4.7
19871004 0.2 1.26 0.617 5.4
19871005 0 1.23 0.593 11.4
19871006 0 1.21 0.581 14.6
19871007 0.1 1.17 0.581 10.9
19871008 0.2 1.15 0.581 13.9
19871009 0 1.11 0.569 5
19871010 0 1.09 0.557 14.7
19871011 0 1.06 0.557 15.5
19871012 4 1.03 0.557 14.1
19871013 0 0.99 0.557 5.9
19871014 0 0.96 0.557 6
19871015 0 0.93 0.593 8.7
19871016 0 0.93 0.569 13.1
19871017 11.7 0.91 0.593 11.7
19871018 0.1 0.89 0.605 9.8
19871019 0.6 0.87 0.593 7.8
19871020 0.3 0.85 0.581 10.3
19871021 0.1 0.83 0.569 9.6
19871022 1.6 0.81 0.569 9.5
19871023 1.7 0.79 0.557 9
19871024 0 0.77 0.569 10.9
19871025 3.2 0.75 0.557 7.6
19871026 0 0.73 0.534 5.7
19871027 0 0.71 0.534 5.3
19871028 0 0.69 0.534 6.2
19871029 0 0.67 0.523 1.9
19871030 0 0.65 0.523 0.6
19871031 0 0.63 0.523 0.1
19871101 0.2 0.61 0.523 5.7
19871102 3.1 0.59 0.546 6.1
19871103 0.2 0.57 0.512 3.3
19871104 0.2 0.55 0.523 4.2
19871105 0 0.53 0.512 3.3
19871106 0 0.52 0.512 5.4
19871107 0 0.5 0.512 5.6
19871108 0 0.48 0.512 3.5
19871109 0 0.46 0.501 3
19871110 0 0.44 0.512 1.7
19871111 0.7 0.42 0.512 4.2
19871112 3.9 0.4 0.546 6.1
19871113 9 0.38 0.546 4.6
19871114 1.7 0.36 0.581 4.2
19871115 0.1 0.34 0.569 1.9
19871116 3 0.33 0.569 3.3
19871117 5.8 0.33 0.593 3.9
19871118 6.5 0.33 0.844 4.7
19871119 11.4 0.32 1.406 4.7
19871120 2.8 0.32 0.844 3
19871121 0.4 0.31 1.09 2
19871122 0.7 0.31 1.058 2.2
19871123 0.4 0.3 0.978 -0.3
19871124 3.5 0.3 0.902 2
19871125 0.8 0.29 0.873 4.5
19871126 0 0.29 0.787 0.2
19871127 0 0.28 0.759 1.8
19871128 0.5 0.28 0.733 4
19871129 0 0.27 0.706 -1.6
19871130 0 0.27 0.706 -1.1
19871201 0 0.27 0.642 -1.1
19871202 0 0.26 0.642 -1
19871203 0 0.26 0.642 -2.8
19871204 0 0.25 0.629 -1.3
19871205 0 0.25 0.629 1.9
19871206 0.5 0.24 0.629 2.3
19871207 1 0.24 0.617 -9.9
19871208 0 0.23 0.593 -15.9
19871209 0 0.23 0.581 -16.5
19871210 0.6 0.22 0.581 -6.7
19871211 0.1 0.22 0.569 -4.2
19871212 0 0.22 0.557 -9.1
19871213 0 0.21 0.557 -10.3
19871214 0 0.21 0.546 -5.7
19871215 0 0.2 0.534 -3.6
19871216 2 0.2 0.534 -0.4
19871217 3.5 0.2 0.534 0.5
19871218 7.8 0.21 0.546 3
19871219 2.8 0.21 0.706 5.6
19871220 7.2 0.21 0.759 4.4
19871221 0.3 0.21 0.844 10.7
19871222 0 0.21 1.041 8.7
19871223 0 0.21 0.994 1.7
19871224 0 0.21 0.963 -1.4
19871225 0 0.21 0.917 -4.1
19871226 0 0.22 0.787 0.6
19871227 1.2 0.22 0.787 5
19871228 5.1 0.22 0.844 5.5
19871229 0 0.22 0.858 8.9
19871230 0.3 0.22 0.858 3.1
19871231 0 0.22 0.858 0.6
19880101 5.1 0.22 1.123 5
19880102 5.3 0.22 1.123 5.6
19880103 2 0.23 1.123 4.8
19880104 2.1 0.23 1.09 3.2
19880105 0.1 0.23 1.09 5.1
19880106 0 0.23 1.058 3.9
19880107 0 0.23 1.026 2.5
19880108 0.1 0.23 0.963 2.8
19880109 0 0.23 0.932 0.4
19880110 0 0.23 0.902 -0.8
19880111 2.4 0.23 0.844 -2.9
19880112 0 0.23 0.801 -4.4
19880113 0 0.24 0.759 -3.5
19880114 0 0.24 0.759 -2.3
19880115 0 0.24 0.746 -2.8
19880116 0 0.24 0.733 -2.2
19880117 3.5 0.25 0.706 -1.3
19880118 0 0.26 0.693 -0.2
19880119 0 0.26 0.68 -0.3
19880120 0 0.27 0.667 -0.2
19880121 0.3 0.28 0.654 0.6
19880122 0.2 0.29 0.654 0.9
19880123 1.7 0.3 0.642 1
19880124 1.8 0.3 0.629 -0.6
19880125 1.2 0.31 0.629 2.9
19880126 2.3 0.32 0.642 1.6
19880127 0 0.33 0.68 1.5
19880128 0.1 0.34 0.667 0
19880129 0.6 0.35 0.68 2.5
19880130 11.4 0.35 0.994 0.8
19880131 0.3 0.36 1.09 1.7
19880201 0.3 0.37 1.176 0.3
19880202 4.3 0.38 1.214 2.1
19880203 2.7 0.39 1.291 2.1
19880204 0 0.4 1.272 2
19880205 0 0.4 1.331 2.8
19880206 2.6 0.41 1.271 3.1
19880207 0.5 0.42 1.195 0.1
19880208 14.5 0.43 1.121 0.5
19880209 2.5 0.44 1.121 1.2
19880210 1.8 0.45 1.103 2
19880211 8.5 0.45 1.067 1.3
19880212 0.6 0.46 1.015 0
19880213 0 0.47 0.997 1.7
19880214 0 0.48 0.947 2.6
19880215 0 0.5 0.947 -0.9
19880216 0 0.51 0.93 -0.6
19880217 8 0.53 0.93 -0.5
19880218 4.7 0.55 0.93 -1.6
19880219 6.9 0.57 0.914 -1.2
19880220 0.5 0.58 0.898 -6.7
19880221 1.8 0.6 0.898 -7.1
19880222 0.6 0.62 0.882 1.4
19880223 2.3 0.64 0.864 -1.9
19880224 2.5 0.65 0.864 -3.2
19880225 3.2 0.67 0.864 -1.9
19880226 0 0.69 0.854 -0.9
19880227 0.2 0.71 0.834 -1.2
19880228 5 0.73 0.834 -2
19880229 4.3 0.73 0.803 -3
19880301 1.3 0.74 0.803 -2.1
19880302 0.1 0.76 0.803 -5.3
19880303 0.1 0.78 0.788 -3.5
19880304 0 0.8 0.788 -2.1
19880305 0 0.82 0.788 -2.3
19880306 3 0.83 0.788 -2.4
19880307 1.9 0.85 0.788 0
19880308 11.8 0.87 0.773 -2.7
19880309 0 0.89 0.773 -2.5
19880310 0.1 0.9 0.773 -4.4
19880311 9.3 0.92 0.773 -0.8
19880312 1.2 0.94 0.773 -0.6
19880313 2.4 0.96 0.773 -2.3
19880314 0 0.97 0.773 -4
19880315 14 0.99 0.773 -2.1
19880316 27.7 1 2.754 1.9
19880317 0.9 1.03 4.224 -0.5
19880318 0 1.06 3.755 -2.8
19880319 0 1.09 2.873 -4.1
19880320 7.7 1.12 2.639 -1.1
19880321 2.5 1.15 2.498 -0.1
19880322 0.7 1.19 2.202 -0.5
19880323 0.8 1.22 2.415 3.2
19880324 1.5 1.25 3.638 2.3
19880325 19 1.28 7.041 2.8
19880326 3.3 1.32 13.489 2.9
19880327 8 1.35 9.843 1.4
19880328 0.2 1.38 7.213 0.3
19880329 0 1.41 6.176 0.6
19880330 0 1.44 6.388 1.6
19880331 1.3 1.48 6.8 5.3
19880401 0 1.51 6.8 3.3
19880402 0 1.54 5.975 1.5
19880403 0 1.57 5.15 1.4
19880404 0.1 1.6 4.37 2.3
19880405 0 1.64 3.5 5.5
19880406 0 1.67 3.344 4.1
19880407 0 1.71 3.177 7.1
19880408 0 1.74 3.177 6.9
19880409 1.4 1.76 2.932 1.3
19880410 0 1.79 2.464 0.4
19880411 0 1.82 2.14 2.7
19880412 0 1.86 2.049 4.4
19880413 0.7 1.89 1.902 2.4
19880414 0 1.92 1.807 1.1
19880415 0 1.95 1.686 2.2
19880416 0 1.99 1.559 4.2
19880417 0 2.03 1.516 6
19880418 0 2.07 1.453 8.2
19880419 0 2.1 1.474 8.4
19880420 1.6 2.14 1.453 10.8
19880421 0.1 2.17 1.411 7.4
19880422 0 2.2 1.35 5.4
19880423 0.8 2.22 1.271 -1.2
19880424 0 2.25 1.176 -2.7
19880425 0.2 2.3 1.085 2.3
19880426 0 2.33 1.067 2.8
19880427 0 2.37 1.049 5.4
19880428 0 2.41 1.015 6.5
19880429 0 2.45 1.015 7.5
19880430 0 2.49 0.997 9.5
19880501 0 2.53 0.964 11.9
19880502 0 2.56 0.93 12
19880503 2.9 2.59 0.882 11.3
19880504 3.3 2.63 0.882 11.3
19880505 0.5 2.66 0.866 8.2
19880506 0 2.7 0.834 10.2
19880507 0 2.72 0.803 7.7
19880508 0 2.77 0.803 11
19880509 0 2.79 0.788 6.6
19880510 0 2.83 0.788 8.8
19880511 0 2.87 0.773 10.5
19880512 0 2.9 0.773 10.6
19880513 0 2.94 0.758 11.8
19880514 0 2.98 0.744 12.5
19880515 0 3.02 0.715 13.1
19880516 0 3.02 0.7 13.3
19880517 0 3.04 0.7 14.5
19880518 2.1 3.05 0.7 14.5
19880519 5.4 3.05 0.715 9
19880520 2 3.07 0.744 9.4
19880521 0 3.07 0.715 6.5
19880522 0 3.09 0.686 8.6
19880523 0 3.1 0.686 6.6
19880524 0 3.13 0.686 10.2
19880525 0 3.16 0.686 13.3
19880526 2.6 3.17 0.686 14.1
19880527 3.1 3.19 0.686 14.6
19880528 0 3.21 0.686 15
19880529 0 3.22 0.672 15.7
19880530 3.5 3.23 0.672 14
19880531 0.2 3.24 0.672 11.9
19880601 1.4 3.26 0.659 11.8
19880602 1.3 3.28 0.659 12.2
19880603 0 3.28 0.645 9.1
19880604 12.2 3.31 0.645 13.7
19880605 11.2 3.33 0.659 15.3
19880606 10.2 3.33 0.686 11
19880607 2.3 3.35 0.773 12.8
19880608 6.9 3.37 1.067 12.3
19880609 2.4 3.39 1.103 13.4
19880610 0 3.41 1.049 15.6
19880611 8 3.42 1.139 13.1
19880612 0.1 3.43 1.537 11.4
19880613 0 3.45 0.745 12.2
19880614 0 3.47 0.773 14.7
19880615 0 3.49 0.803 15.2
19880616 0 3.49 0.773 12.9
19880617 0 3.5 0.744 13.6
19880618 0 3.51 0.729 15.6
19880619 0.5 3.51 0.7 14.5
19880620 2.4 3.51 0.659 10
19880621 0 3.52 0.645 12.4
19880622 5.7 3.54 0.672 14.8
19880623 0.8 3.53 0.659 9.8
19880624 2.7 3.54 0.645 10.6
19880625 0 3.56 0.645 13.7
19880626 10.2 3.57 0.645 13.8
19880627 0 3.58 0.672 15.4
19880628 0 3.59 0.659 15.7
19880629 0 3.6 0.645 17.4
19880630 0 3.61 0.631 17.4
19880701 2.9 3.62 0.631 17.9
19880702 7 3.6 0.631 11.4
19880703 2.4 3.62 0.631 14.9
19880704 0 3.63 0.631 14.5
19880705 4.7 3.65 0.659 18.9
19880706 0.7 3.64 0.631 14.1
19880707 0 3.65 0.631 14.6
19880708 0 3.66 0.631 14.7
19880709 5.3 3.66 0.631 13.6
19880710 0 3.67 0.631 12.3
19880711 1.7 3.69 0.605 16.2
19880712 5.7 3.69 0.58 14.4
19880713 0.4 3.7 0.631 14.8
19880714 5.7 3.7 0.605 13.4
19880715 6.4 3.71 0.605 13
19880716 1.9 3.71 0.659 13
19880717 8.5 3.68 0.715 11.6
19880718 11.9 3.67 0.672 13.3
19880719 0.3 3.65 0.773 11.8
19880720 0 3.64 0.659 14.3
19880721 0 3.63 0.618 17.3
19880722 0 3.62 0.605 19.7
19880723 0 3.61 0.605 21
19880724 52.2 3.6 0.605 23
19880725 0 3.55 1.415 14.5
19880726 0 3.54 1.003 17.5
19880727 31.3 3.52 1.193 15.6
19880728 0 3.49 1.584 14.6
19880729 12.4 3.48 1.067 17
19880730 0 3.46 1.067 15.2
19880731 0 3.44 0.845 13.3
19880801 0 3.43 0.745 16.5
19880802 0.2 3.41 0.745 17.8
19880803 13.8 3.37 0.745 11.2
19880804 0 3.36 0.834 11.2
19880805 0 3.34 0.773 13.2
19880806 0 3.33 0.729 14.9
19880807 0 3.32 0.686 16.1
19880808 0 3.3 0.659 15.9
19880809 0 3.28 0.605 14.9
19880810 0 3.26 0.579 14.3
19880811 0.5 3.26 0.579 19.8
19880812 5.6 3.23 0.579 18.4
19880813 0 3.21 0.579 17.6
19880814 0 3.19 0.579 15.5
19880815 0 3.18 0.605 18.8
19880816 1.9 3.18 0.605 18.5
19880817 0 3.11 0.659 12.4
19880818 0.1 3.07 0.631 12.7
19880819 2.2 3.03 0.631 13.9
19880820 17.6 2.99 0.605 14
19880821 1 2.94 0.715 12.7
19880822 0.6 2.89 0.744 11
19880823 0 2.84 0.686 7.4
19880824 0 2.8 0.659 10.2
19880825 3.8 2.76 0.659 11.7
19880826 7.4 2.71 0.659 9.5
19880827 0 2.67 0.659 10.6
19880828 3 2.63 0.686 10.1
19880829 18.5 2.59 0.686 15.1
19880830 0.3 2.54 0.834 12
19880831 0 2.5 0.715 12.3
19880901 0 2.46 0.686 13.5
19880902 44.6 2.41 1.95 13.3
19880903 0.2 2.36 2.81 10.9
19880904 0.2 2.32 1.703 10.8
19880905 4.9 2.28 1.371 12.2
19880906 10.3 2.23 1.291 10.2
19880907 0.1 2.19 1.411 12.2
19880908 0 2.14 1.371 8.9
19880909 0 2.09 1.176 8.4
19880910 0 2.05 1.103 8.9
19880911 0 2.01 1.032 11.6
19880912 0.8 1.97 0.997 12.8
19880913 0 1.92 0.93 10.9
19880914 0 1.87 0.866 8.6
19880915 1.6 1.83 0.803 8.9
19880916 9.1 1.8 0.773 8.4
19880917 3 1.77 0.744 8.3
19880918 0 1.74 0.729 9.4
19880919 0 1.71 0.715 10.8
19880920 0 1.68 0.715 10.3
19880921 0.1 1.65 0.715 9.1
19880922 0.1 1.62 0.715 8.6
19880923 1.7 1.6 0.715 11.8
19880924 0.9 1.57 0.7 12.4
19880925 1.8 1.54 0.686 11.4
19880926 0.1 1.51 0.659 12.7
19880927 0.1 1.47 0.645 10.4
19880928 0 1.45 0.645 14
19880929 8.6 1.42 0.645 12.5
19880930 4.7 1.38 0.715 6.9
19881001 0 1.35 0.686 5.9
19881002 0.2 1.32 0.659 8.2
19881003 0 1.29 0.631 5.5
19881004 0 1.26 0.631 9.1
19881005 1.5 1.24 0.631 12.2
19881006 5 1.2 0.631 10
19881007 1.8 1.17 0.659 8.2
19881008 0 1.14 0.631 6.3
19881009 0.1 1.11 0.631 10.2
19881010 1.5 1.08 0.631 7.2
19881011 1 1.05 0.659 6.9
19881012 0 1.02 0.645 13.3
19881013 0.1 0.99 0.631 13.6
19881014 0 0.96 0.631 13.4
19881015 0 0.93 0.618 12.5
19881016 0 0.93 0.605 9.9
19881017 0 0.91 0.605 8.6
19881018 0 0.89 0.645 7.9
19881019 0 0.87 0.618 6.4
19881020 0 0.85 0.592 5.4
19881021 0 0.83 0.579 7.8
19881022 0 0.81 0.566 8
19881023 0 0.79 0.566 7.9
19881024 1 0.77 0.554 7.3
19881025 0 0.75 0.554 0.9
19881026 0 0.73 0.554 -0.8
19881027 0 0.71 0.566 3.9
19881028 0 0.69 0.566 5
19881029 3.5 0.67 0.566 2.9
19881030 0 0.65 0.579 -1.2
19881031 1.5 0.63 0.579 -2.1
19881101 0 0.61 0.579 1.1
19881102 1.3 0.59 0.592 2.3
19881103 0.4 0.57 0.579 -2.6
19881104 0 0.55 0.579 -5.6
19881105 0 0.53 0.579 -4.6
19881106 0 0.51 0.579 -5.2
19881107 2.9 0.49 0.579 -0.7
19881108 0 0.47 0.579 -2.3
19881109 0 0.45 0.579 -5.2
19881110 0 0.43 0.554 -1.4
19881111 0 0.41 0.554 -1.9
19881112 0.2 0.4 0.554 -0.5
19881113 13 0.38 0.554 -0.8
19881114 7.3 0.36 0.579 2
19881115 0 0.34 0.659 -0.3
19881116 0.7 0.33 0.631 0.2
19881117 0 0.33 0.631 -0.7
19881118 0 0.32 0.605 2.4
19881119 1.6 0.32 0.579 -3.3
19881120 18 0.31 0.631 -2.5
19881121 3.1 0.31 0.631 -4.8
19881122 0.2 0.3 0.604 -12.8
19881123 0 0.3 0.592 -9.4
19881124 2.8 0.3 0.592 -2.5
19881125 3.1 0.29 0.605 0.2
19881126 1 0.29 0.631 0.4
19881127 0.5 0.28 0.659 1
19881128 2.7 0.28 1.032 -1.1
19881129 4.2 0.28 1.103 1.9
19881130 5.2 0.27 1.103 -4.3
19881201 1 0.26 0.997 -5.4
19881202 0.1 0.26 0.898 -5.1
19881203 0 0.26 0.834 -4.1
19881204 30.6 0.25 1.067 0.5
19881205 2.3 0.25 2.754 1.6
19881206 4 0.24 2.202 0.6
19881207 3.8 0.24 1.902 -1
19881208 7.5 0.23 1.495 -3.4
19881209 0 0.23 1.371 0.7
19881210 4.2 0.23 1.214 -0.1
19881211 0.7 0.22 2.282 4.4
19881212 0.2 0.22 4.409 2.4
19881213 4.3 0.21 3.242 -0.4
19881214 2.4 0.21 2.375 -1.5
19881215 6.2 0.2 1.807 -4.4
19881216 0 0.2 1.549 -10.1
19881217 0.3 0.2 1.466 -6.1
19881218 6.2 0.21 1.311 -2.3
19881219 3.8 0.21 1.311 0.8
19881220 8.8 0.21 1.311 -4.4
19881221 0.1 0.21 1.214 -4
19881222 0.3 0.21 1.103 1.5
19881223 19.5 0.21 1.31 2.2
19881224 21.2 0.21 7.061 3.8
19881225 0.1 0.21 6.853 -0.9
19881226 0 0.22 3.907 2
19881227 0.3 0.22 3.274 2.3
19881228 0 0.22 3.11 0.7
19881229 0 0.22 2.63 0.4
19881230 0 0.22 2.303 1.3
19881231 0 0.22 2.204 1.1
19890101 0.2 0.22 1.997 0
19890102 0 0.22 1.823 -2.4
19890103 0 0.22 1.637 -3.5
19890104 0 0.22 1.495 -4
19890105 1.7 0.23 1.411 -1.2
19890106 3.7 0.23 1.332 -0.9
19890107 1.6 0.23 1.291 -2
19890108 3.5 0.23 1.252 0.4
19890109 0.1 0.23 1.452 2.9
19890110 0 0.23 1.411 2.3
19890111 0 0.23 1.371 -0.2
19890112 0 0.23 1.291 -0.6
19890113 0 0.24 1.283 2.2
19890114 0 0.24 1.195 2.4
19890115 0 0.24 1.176 1.5
19890116 0 0.24 1.139 3.4
19890117 0 0.25 1.139 3.1
19890118 0 0.26 1.121 0.4
19890119 0 0.26 1.067 -0.8
19890120 0 0.27 1.049 0.3
19890121 0 0.28 1.049 -1.9
19890122 0.1 0.29 0.997 -2.7
19890123 0 0.3 1.081 -1.6
19890124 0 0.3 0.93 -2.2
19890125 0 0.31 0.898 -3.3
19890126 0 0.32 0.882 -2.4
19890127 0 0.33 0.85 -3.8
19890128 0 0.34 0.834 -4.3
19890129 0 0.34 0.803 -4.3
19890130 0 0.35 0.803 -1.1
19890131 0.8 0.36 0.803 0
19890201 0 0.37 0.788 2
19890202 0.1 0.38 0.788 0.8
19890203 0 0.39 0.773 -0.9
19890204 0 0.39 0.773 -2.2
19890205 0.1 0.4 0.744 -1.4
19890206 0 0.41 0.729 2.7
19890207 0 0.42 0.729 4.5
19890208 0 0.43 0.744 1.6
19890209 0 0.44 0.744 -0.5
19890210 0 0.45 0.729 0.4
19890211 0 0.45 0.715 1.2
19890212 0.6 0.46 0.7 0.6
19890213 0.1 0.47 0.686 0.3
19890214 2.4 0.48 0.7 0.1
19890215 1.3 0.5 0.715 0.3
19890216 0.8 0.51 0.744 1.6
19890217 0 0.53 0.729 -3.2
19890218 1.1 0.55 0.715 -0.6
19890219 2.7 0.57 0.729 6.1
19890220 1.2 0.59 0.898 6.5
19890221 0 0.6 0.914 -0.3
19890222 0 0.62 0.85 0.4
19890223 0 0.64 0.834 4
19890224 0 0.66 0.834 7.2
19890225 0 0.68 0.914 8.9
19890226 9.4 0.69 1.291 3.5
19890227 7.6 0.71 1.517 0.4
19890228 0.1 0.73 1.35 2.2
19890301 3.3 0.75 1.311 1.6
19890302 6.5 0.77 1.495 2.1
19890303 0.3 0.78 1.714 2.6
19890304 1.5 0.8 1.669 3.8
19890305 0 0.82 1.581 3.3
19890306 0 0.83 1.581 -0.6
19890307 0 0.85 1.411 -1
19890308 0.2 0.87 1.35 0.3
19890309 2.9 0.89 1.291 3.6
19890310 0.3 0.91 1.176 3.6
19890311 0 0.93 1.139 5.5
19890312 3 0.94 1.121 2.5
19890313 0 0.96 1.103 5.1
19890314 0 0.98 1.085 3.1
19890315 3.4 1 1.067 4.9
19890316 6.6 1 1.085 7.5
19890317 0 1.03 1.103 7.5
19890318 0 1.06 1.067 1.5
19890319 0 1.09 1.049 1.2
19890320 0 1.13 1.051 5
19890321 0 1.16 0.93 4
19890322 1.2 1.19 0.93 2.8
19890323 4 1.22 0.964 1.6
19890324 13.2 1.25 0.947 -0.4
19890325 0 1.29 1.176 5
19890326 0 1.32 1.067 4.3
19890327 0 1.35 1.051 1.7
19890328 0 1.38 0.947 5.7
19890329 0 1.41 0.93 3.7
19890330 0.1 1.45 0.93 5.1
19890331 1.6 1.49 0.93 9.2
19890401 0 1.51 0.898 4.5
19890402 0 1.54 0.866 0.5
19890403 4.3 1.57 0.85 0.7
19890404 7 1.6 0.882 -1
19890405 4.2 1.63 0.964 2.3
19890406 0.2 1.67 1.051 5.5
19890407 0 1.7 0.947 6.7
19890408 0 1.74 0.914 10.4
19890409 0 1.77 0.898 5
19890410 0 1.8 0.898 7.8
19890411 0 1.84 0.93 11.1
19890412 0 1.88 0.93 15
19890413 0 1.91 0.898 13.5
19890414 0 1.93 0.882 10.7
19890415 0.5 1.97 0.898 10.3
19890416 0.2 2 0.997 11.1
19890417 29.1 2.02 0.997 3.5
19890418 0 2.05 1.121 2.6
19890419 6.8 2.09 1.176 4.5
19890420 3.6 2.13 1.371 7.1
19890421 4.1 2.18 1.412 10.7
19890422 1 2.21 1.411 8.3
19890423 0 2.24 1.291 7.4
19890424 0.2 2.27 1.233 7.2
19890425 0 2.31 1.176 7.5
19890426 0 2.36 1.121 15
19890427 3.5 2.37 1.085 6
19890428 7.4 2.41 1.085 4.8
19890429 13.1 2.44 1.332 3.5
19890430 0.5 2.48 1.76 5.4
19890501 0 2.51 1.679 7.2
19890502 0 2.56 1.647 10.4
19890503 0.3 2.59 1.474 10.1
19890504 0 2.63 1.371 12.8
19890505 0 2.67 1.252 13.7
19890506 11.7 2.68 1.252 5.4
19890507 1.5 2.72 1.33 6.7
19890508 0 2.76 1.099 8.2
19890509 0 2.79 1.176 8.6
19890510 6.2 2.84 1.121 12.8
19890511 1.1 2.87 1.291 12
19890512 3.1 2.91 1.176 13.2
19890513 0 2.94 1.103 12.7
19890514 0 2.98 1.032 12
19890515 0 3.01 0.997 10.3
19890516 0 3.01 0.914 12.6
19890517 0 3.03 0.882 13.5
19890518 0 3.05 0.866 15.3
19890519 0 3.07 0.866 16.4
19890520 0 3.09 0.85 15.9
19890521 1.1 3.1 0.834 15.2
19890522 0 3.1 0.803 10.9
19890523 0 3.12 0.803 11
19890524 0 3.14 0.803 12.4
19890525 0 3.16 0.803 15.3
19890526 0 3.18 0.803 15.3
19890527 0 3.19 0.803 13.4
19890528 11 3.2 0.803 14.2
19890529 1.4 3.21 0.803 11.8
19890530 8 3.23 0.819 13.3
19890531 1.7 3.23 0.866 8.2
19890601 0 3.26 0.773 11.3
19890602 7.4 3.28 0.773 13.2
19890603 5.6 3.28 0.744 10.4
19890604 3.2 3.29 0.744 7.8
19890605 2.3 3.32 0.729 11.4
19890606 0 3.33 0.715 10.3
19890607 1 3.34 0.686 9.2
19890608 0.7 3.36 0.686 9.6
19890609 0 3.38 0.686 11
19890610 0 3.4 0.686 12
19890611 0 3.42 0.631 14.3
19890612 0 3.44 0.631 16.2
19890613 0 3.46 0.686 15.1
19890614 0 3.46 0.618 10.9
19890615 8 3.47 0.631 9.3
19890616 10.2 3.48 0.645 9.8
19890617 24.9 3.49 0.671 12.4
19890618 1.5 3.51 1.291 14.6
19890619 5.7 3.51 0.93 13.8
19890620 2 3.52 0.834 13.7
19890621 0.5 3.54 0.773 16
19890622 9.2 3.54 0.834 16.4
19890623 3.7 3.56 1.032 17.9
19890624 0.8 3.57 0.834 18.3
19890625 1.6 3.57 0.803 16.7
19890626 0 3.58 0.773 18.8
19890627 1.6 3.6 0.803 20.2
19890628 2.7 3.59 0.803 15.3
19890629 0 3.59 0.803 13.4
19890630 4.7 3.6 0.834 13.5
19890701 4.5 3.61 0.834 15.3
19890702 4.3 3.62 0.803 16.3
19890703 0.2 3.63 0.803 16.5
19890704 0 3.65 0.773 20.2
19890705 0 3.66 0.659 20
19890706 0 3.66 0.631 17.7
19890707 0 3.67 0.631 19.9
19890708 0 3.69 0.631 22.2
19890709 2 3.68 0.631 18.8
19890710 0.5 3.7 0.631 20
19890711 0 3.69 0.631 17.7
19890712 0 3.7 0.618 17.2
19890713 10.2 3.7 0.618 15.4
19890714 0.4 3.7 0.618 12
19890715 0 3.7 0.659 11.3
19890716 0 3.7 0.631 11.1
19890717 0 3.68 0.631 10.2
19890718 0 3.66 0.715 9.4
19890719 1.5 3.64 0.744 10.1
19890720 0 3.63 0.631 12.1
19890721 0 3.62 0.631 12.6
19890722 0 3.6 0.631 14.8
19890723 4.5 3.6 0.618 18.3
19890724 0.8 3.57 0.659 16.1
19890725 0 3.56 0.645 16.4
19890726 0 3.54 0.631 16.7
19890727 4.2 3.53 0.618 18.7
19890728 1 3.5 0.631 14.9
19890729 0.4 3.47 0.631 13
19890730 0 3.46 0.631 15.2
19890731 1.7 3.44 0.605 13.7
19890801 3.9 3.41 0.618 11.4
19890802 3 3.38 0.618 7.1
19890803 1.1 3.36 0.618 7.3
19890804 0.5 3.34 0.605 7.7
19890805 0 3.33 0.605 9.2
19890806 0 3.32 0.605 11.2
19890807 0.5 3.32 0.592 16.6
19890808 1.9 3.3 0.579 17.9
19890809 0.8 3.28 0.631 16.2
19890810 0 3.26 0.579 14.2
19890811 0 3.24 0.566 16.1
19890812 1 3.23 0.566 18.3
19890813 0 3.2 0.554 14.6
19890814 0 3.19 0.554 17.7
19890815 0 3.18 0.605 18.4
19890816 0 3.19 0.605 21.1
19890817 0 3.14 0.605 20.9
19890818 19.5 3.08 0.773 16.5
19890819 0 3.05 0.659 18.5
19890820 0 3 0.659 19.2
19890821 0 2.96 0.645 18.7
19890822 10.5 2.91 0.631 19.2
19890823 1 2.86 0.686 15.3
19890824 0 2.81 0.659 12.5
19890825 3.7 2.77 0.554 13.3
19890826 0 2.72 0.554 11.1
19890827 2.5 2.68 0.554 14.7
19890828 0.7 2.63 0.554 10.7
19890829 13 2.58 0.579 10.9
19890830 0.5 2.54 0.686 11.3
19890831 0 2.49 0.579 10.2
19890901 0 2.45 0.566 10.6
19890902 2.6 2.41 0.554 11.3
19890903 2 2.36 0.554 11.1
19890904 2.6 2.32 0.566 11.3
19890905 0 2.28 0.554 13.6
19890906 0 2.23 0.541 9.9
19890907 0 2.19 0.541 11.2
19890908 0 2.15 0.541 13.3
19890909 0 2.1 0.517 11
19890910 0 2.06 0.517 13.3
19890911 0 2.02 0.505 13.5
19890912 0 1.96 0.505 9.2
19890913 0 1.92 0.505 10.7
19890914 11.6 1.88 0.517 12.1
19890915 16.3 1.84 0.529 12
19890916 5.1 1.81 0.7 14.3
19890917 0 1.78 0.592 14.6
19890918 0 1.75 0.529 15
19890919 0 1.72 0.517 15.4
19890920 0 1.69 0.505 16.3
19890921 0 1.66 0.505 14.7
19890922 0 1.64 0.505 19.6
19890923 0 1.61 0.505 18.4
19890924 0 1.57 0.505 16.8
19890925 0 1.54 0.505 14
19890926 28.2 1.51 0.505 13.8
19890927 13.2 1.47 1.371 10.6
19890928 1.5 1.45 1.067 12.1
19890929 0 1.41 0.819 8.1
19890930 0.3 1.38 0.715 7.1
19891001 0 1.35 0.645 7.4
19891002 10.6 1.32 0.631 10.2
19891003 0 1.28 0.729 3.5
19891004 0 1.25 0.631 2.9
19891005 0 1.23 0.605 5.7
19891006 1.8 1.2 0.605 6.4
19891007 9 1.17 0.686 8.3
19891008 0 1.14 0.686 7.7
19891009 0 1.11 0.631 7
19891010 1.7 1.08 0.631 7.2
19891011 1.8 1.05 0.631 7.6
19891012 1 1.02 0.631 7.5
19891013 0 0.99 0.618 10.5
19891014 1.6 0.96 0.618 8.9
19891015 0.2 0.93 0.618 7.7
19891016 0.1 0.92 0.618 3.2
19891017 0.1 0.91 0.631 8.1
19891018 0.1 0.89 0.631 5.8
19891019 0.1 0.87 0.631 6.3
19891020 0 0.85 0.631 11
19891021 0 0.83 0.631 11.2
19891022 0 0.82 0.631 13.4
19891023 0.1 0.8 0.631 13.3
19891024 0.1 0.78 0.631 12.4
19891025 0.2 0.75 0.631 9.7
19891026 0.1 0.74 0.631 11.2
19891027 0 0.72 0.631 10.5
19891028 0.4 0.7 0.631 14.9
19891029 2 0.68 0.631 9.4
19891030 22.8 0.66 0.819 11.1
19891031 0.7 0.64 0.898 8.6
19891101 8.5 0.62 1.252 10.1
19891102 2 0.59 1.103 5.3
19891103 0 0.58 1.103 7.6
19891104 2.1 0.56 1.067 9.5
19891105 0.2 0.54 0.997 5.5
19891106 10 0.52 0.898 8.9
19891107 0.3 0.5 0.803 5.6
19891108 0 0.48 0.866 3.8
19891109 1.6 0.46 0.882 4.4
19891110 0.1 0.44 0.834 2.6
19891111 0.1 0.42 0.773 -0.5
19891112 0.1 0.4 0.788 0.6
19891113 0 0.38 0.803 0.9
19891114 1 0.36 0.819 -0.1
19891115 2.2 0.34 0.834 3.7
19891116 0 0.33 0.819 1.6
19891117 0 0.33 0.788 -3.9
19891118 0 0.32 0.803 -4.5
19891119 0 0.32 0.758 -0.8
19891120 0 0.31 0.744 0
19891121 0 0.31 0.729 -1.6
19891122 12.6 0.31 0.744 -0.7
19891123 0.3 0.3 0.744 -3
19891124 1.6 0.3 0.744 -1
19891125 0.7 0.29 0.729 -7.6
19891126 4 0.29 0.715 -2.7
19891127 3.4 0.28 0.715 -2.2
19891128 2 0.28 0.715 -6.1
19891129 0 0.27 0.7 -15
19891130 0 0.27 0.7 -16.1
19891201 0 0.26 0.686 -8.2
19891202 0 0.26 0.686 -10.4
19891203 0 0.25 0.686 -11.5
19891204 0 0.25 0.686 -7.5
19891205 0 0.25 0.686 -4.7
19891206 1.6 0.24 0.672 -1.6
19891207 0 0.24 0.672 -0.9
19891208 2.4 0.23 0.659 -7.1
19891209 2.9 0.23 0.659 -4.2
19891210 0 0.22 0.631 -10.7
19891211 0.4 0.22 0.631 -7.5
19891212 2 0.22 0.645 -2.4
19891213 12.4 0.21 0.645 2.6
19891214 11.3 0.21 1.214 4.7
19891215 16.7 0.21 2.813 7.1
19891216 1.4 0.2 5.379 6.1
19891217 0.7 0.21 3.68 6.4
19891218 0 0.21 2.469 7.3
19891219 1 0.21 1.802 7.5
19891220 9.4 0.21 1.568 5.4
19891221 0.3 0.21 1.643 9.2
19891222 2.3 0.21 1.643 8.6
19891223 0.4 0.21 1.483 4
19891224 0 0.21 1.258 2.8
19891225 0 0.21 1.127 3.1
19891226 0 0.22 1.061 0
19891227 0 0.22 1.005 -2.1
19891228 0 0.22 1.139 -1.6
19891229 0 0.22 1.067 -3.9
19891230 0 0.22 1.032 -2.7
19891231 0 0.22 0.98 -1.1
19900101 0 0.22 0.964 -2.3
19900102 0.3 0.22 0.898 -2.2
19900103 0 0.22 0.866 -4.7
19900104 0 0.22 0.85 -5.1
19900105 0 0.23 0.819 -5.1
19900106 0 0.23 0.788 -7.3
19900107 0 0.23 0.773 -10.9
19900108 0 0.23 0.773 -9.3
19900109 0 0.23 0.744 -4.9
19900110 0 0.23 0.729 -1
19900111 0 0.23 0.729 -0.7
19900112 0 0.23 0.715 -0.7
19900113 0 0.24 0.715 -3.9
19900114 0 0.24 0.715 -1.5
19900115 1.6 0.24 0.7 -0.8
19900116 0.2 0.24 0.686 3.6
19900117 0.2 0.25 0.7 5.1
19900118 2.1 0.26 0.7 0.3
19900119 0.2 0.26 0.7 0.4
19900120 0 0.27 0.7 0.5
19900121 10.1 0.28 0.729 2.5
19900122 0.2 0.29 1.049 3.9
19900123 0 0.3 1.032 1.6
19900124 4.8 0.31 0.898 1.4
19900125 14 0.31 0.914 2.1
19900126 0 0.32 1.252 3.3
19900127 0.5 0.33 1.95 -0.6
19900128 1 0.34 1.411 1.7
19900129 0 0.35 1.214 -0.9
19900130 0 0.35 1.158 2.1
19900131 0 0.36 1.121 4.1
19900201 0 0.37 1.067 3.1
19900202 0.5 0.38 1.085 3.2
19900203 3.2 0.39 1.085 4
19900204 0 0.4 1.103 3.1
19900205 0 0.4 1.103 3.1
19900206 0 0.41 1.085 2
19900207 0 0.42 1.049 3.3
19900208 0 0.43 1.015 6
19900209 0 0.44 0.947 0.2
19900210 0.2 0.44 0.914 -1.3
19900211 2 0.45 0.882 -0.1
19900212 0.3 0.46 0.882 0.8
19900213 5.3 0.47 0.882 -0.8
19900214 5.2 0.48 0.898 -0.5
19900215 4.8 0.49 0.866 -1.8
19900216 0.6 0.51 0.834 -1.2
19900217 0 0.53 0.803 -2.5
19900218 0.2 0.55 0.803 1.7
19900219 0 0.57 0.898 2.5
19900220 0 0.59 1.103 3
19900221 0 0.61 1.33 4.3
19900222 0 0.62 1.291 0.7
19900223 0 0.64 1.195 0.8
19900224 0 0.66 1.121 2.2
19900225 0.3 0.68 1.103 5.4
19900226 14.4 0.7 1.252 7.4
19900227 12.1 0.71 1.714 0.3
19900228 27.7 0.73 1.669 0.3
19900301 6.5 0.75 2.639 -0.3
19900302 1.3 0.76 2.903 -1.6
19900303 2.3 0.78 2.361 -3.3
19900304 0.2 0.8 2.049 1.1
19900305 0.2 0.82 1.95 2.6
19900306 0.1 0.84 2.04 3.4
19900307 0 0.86 3.668 5.7
19900308 0 0.87 5.362 4.1
19900309 0.6 0.89 4.18 4.9
19900310 5.1 0.91 2.932 2.2
19900311 0 0.93 2.564 7.1
19900312 0 0.95 2.352 8.6
19900313 0 0.96 2.04 1.2
19900314 0 0.98 2.254 2.7
19900315 0 1 1.854 1.7
19900316 0 1 1.647 1.5
19900317 0 1.03 1.537 2.9
19900318 0 1.06 1.432 5.6
19900319 0 1.09 1.371 3
19900320 0 1.13 1.33 7
19900321 0 1.16 1.311 9
19900322 2.7 1.2 1.291 9.7
19900323 0 1.22 1.283 2.9
19900324 0 1.26 1.233 4.7
19900325 0.2 1.28 1.195 1.9
19900326 0 1.32 1.067 2.1
19900327 0 1.35 1.049 3.5
19900328 0 1.38 1.032 4.1
19900329 0 1.42 0.997 5.5
19900330 0 1.45 0.98 5.1
19900331 0 1.48 0.98 5.8
19900401 0 1.52 0.914 8.4
19900402 0 1.55 0.898 8.4
19900403 4.8 1.58 0.882 11.7
19900404 0 1.6 0.898 2.7
19900405 1.1 1.63 0.866 1.6
19900406 1 1.66 0.85 1.5
19900407 4.5 1.69 0.834 0.9
19900408 0 1.73 0.85 0.7
19900409 0 1.76 0.834 1
19900410 0 1.79 0.819 -0.9
19900411 0.3 1.82 0.788 -1.4
19900412 0 1.86 0.788 4.1
19900413 0 1.89 0.788 2.9
19900414 0.7 1.93 0.773 7.2
19900415 0.1 1.96 0.758 5.6
19900416 0 1.99 0.758 3.6
19900417 0 2.03 0.758 6.4
19900418 0 2.06 0.758 3.2
19900419 4.4 2.1 0.729 5.4
19900420 0 2.14 0.773 8.3
19900421 4 2.17 0.729 7.8
19900422 1.1 2.2 0.729 5.9
19900423 9 2.24 0.744 7.9
19900424 5.9 2.27 0.788 6.1
19900425 7.7 2.31 0.773 6.5
19900426 2.2 2.34 0.834 7.3
19900427 2.1 2.37 0.819 3.9
19900428 0 2.4 0.773 4
19900429 0.5 2.44 0.729 4.9
19900430 0.3 2.48 0.729 7.5
19900501 0 2.53 0.715 12.4
19900502 0 2.56 0.686 10.8
19900503 0 2.59 0.686 9.7
19900504 0 2.63 0.672 12
19900505 0 2.67 0.659 11.8
19900506 0 2.7 0.659 11.4
19900507 0 2.74 0.645 13.3
19900508 0 2.77 0.645 13.8
19900509 0 2.81 0.645 15.7
19900510 12.8 2.84 0.686 13.2
19900511 5.8 2.88 0.672 14
19900512 0 2.91 0.659 12.7
19900513 3.4 2.96 0.645 16.4
19900514 0.6 2.98 0.631 11.7
19900515 0 3.01 0.631 11.7
19900516 4 3.02 0.686 14.3
19900517 1.5 3.03 0.744 11.5
19900518 0.1 3.03 0.7 7.2
19900519 0 3.05 0.631 8.4
19900520 0 3.06 0.618 6.8
19900521 0 3.09 0.618 12.5
19900522 0 3.11 0.618 13.4
19900523 8.7 3.12 0.618 12.5
19900524 14.8 3.14 0.659 14.7
19900525 0 3.15 0.659 10.2
19900526 0 3.15 0.631 7.5
19900527 0 3.17 0.618 8.9
19900528 0.1 3.18 0.592 6
19900529 2.6 3.19 0.592 4.5
19900530 0.2 3.21 0.579 7.3
19900531 2.3 3.24 0.579 10.7
19900601 9.3 3.25 0.579 9.6
19900602 0 3.28 0.566 14.1
19900603 0.9 3.28 0.566 8.9
19900604 3.1 3.29 0.554 8
19900605 0 3.3 0.554 6.8
19900606 0.2 3.34 0.554 12.1
19900607 0 3.36 0.605 14.5
19900608 25.7 3.37 0.758 13.8
19900609 4.9 3.37 0.605 8.6
19900610 0.3 3.39 0.592 9.4
19900611 0 3.41 0.579 12.3
19900612 4.4 3.43 0.579 12.3
19900613 0.6 3.45 0.566 12.7
19900614 1 3.46 0.554 13
19900615 1.6 3.48 0.541 12.2
19900616 0.4 3.48 0.529 9.8
19900617 2 3.49 0.529 10.6
19900618 1 3.51 0.529 14.9
19900619 0 3.51 0.541 14.2
19900620 0 3.53 0.529 17.4
19900621 16.2 3.53 0.554 13.2
19900622 11 3.54 0.605 14.5
19900623 6 3.53 0.566 10.3
19900624 0.5 3.55 0.579 13.6
19900625 0 3.56 0.579 14
19900626 0 3.57 0.566 15.4
19900627 0 3.59 0.554 17.7
19900628 0 3.6 0.554 18.3
19900629 4.7 3.61 0.554 20.7
19900630 0 3.61 0.554 17.4
19900701 0 3.61 0.541 15.5
19900702 0 3.61 0.529 14
19900703 0 3.62 0.529 15
19900704 0.2 3.62 0.517 12.1
19900705 4 3.64 0.517 14.7
19900706 2.3 3.64 0.517 12.6
19900707 0 3.64 0.505 11.8
19900708 0.2 3.65 0.505 12.7
19900709 7 3.67 0.505 14.4
19900710 0.2 3.67 0.505 13
19900711 0 3.66 0.505 8.3
19900712 0 3.69 0.505 13.3
19900713 0 3.7 0.505 13.7
19900714 3.2 3.69 0.505 9.3
19900715 0 3.69 0.505 9.4
19900716 0.7 3.72 0.505 16.8
19900717 0.1 3.69 0.505 13.2
19900718 0.2 3.67 0.505 12.1
19900719 0 3.65 0.493 12.9
19900720 0 3.63 0.493 12.9
19900721 0 3.63 0.493 15.9
19900722 0 3.61 0.493 15
19900723 0 3.58 0.481 13.5
19900724 0.2 3.56 0.481 13
19900725 0 3.55 0.481 15.4
19900726 0 3.52 0.481 12
19900727 0 3.51 0.481 14
19900728 0 3.49 0.481 13.8
19900729 0 3.48 0.481 16.6
19900730 0 3.47 0.481 19.3
19900731 0 3.44 0.481 15.4
19900801 0 3.43 0.47 17.7
19900802 0 3.41 0.47 15.5
19900803 0 3.39 0.47 15.1
19900804 0 3.37 0.47 16
19900805 0.8 3.36 0.47 17.1
19900806 3.8 3.33 0.47 15.3
19900807 0.1 3.3 0.47 11.8
19900808 0.9 3.28 0.47 10.2
19900809 0 3.26 0.47 10.7
19900810 8.1 3.26 0.47 15.1
19900811 0 3.23 0.47 11.7
19900812 1.5 3.22 0.47 14.5
19900813 5.3 3.22 0.47 18.8
19900814 0.4 3.19 0.47 15.7
19900815 4.5 3.17 0.47 15.9
19900816 7 3.18 0.493 19
19900817 9.6 3.11 0.47 10.9
19900818 0 3.06 0.493 10.2
19900819 0.4 3.03 0.481 11.9
19900820 14.7 2.99 0.47 13.9
19900821 6.8 2.93 0.47 10.2
19900822 9 2.89 0.47 12.1
19900823 0 2.84 0.47 10
19900824 0 2.8 0.458 10.6
19900825 0 2.77 0.458 13.9
19900826 0 2.73 0.458 14.7
19900827 0 2.68 0.458 13.1
19900828 0.1 2.64 0.458 14.9
19900829 0 2.59 0.458 14.3
19900830 0 2.55 0.458 13.8
19900831 0.6 2.5 0.458 14.5
19900901 1.9 2.45 0.458 11.2
19900902 1 2.41 0.47 10.2
19900903 0.9 2.37 0.458 12.7
19900904 15.9 2.32 0.47 11.8
19900905 1.5 2.27 0.554 10.2
19900906 0.8 2.23 0.554 10.8
19900907 6.4 2.19 0.541 10
19900908 0.1 2.14 0.541 10
19900909 3.3 2.1 0.529 9.1
19900910 5.8 2.05 0.529 9.5
19900911 12 2.01 0.529 11
19900912 2 1.96 0.566 7.5
19900913 4.4 1.92 0.529 7.2
19900914 0 1.87 0.529 8.6
19900915 0 1.83 0.529 9.8
19900916 0 1.8 0.529 9.4
19900917 0.1 1.76 0.517 2.9
19900918 1.4 1.73 0.505 4.2
19900919 0.2 1.71 0.505 6.8
19900920 0 1.67 0.505 3.1
19900921 7.9 1.64 0.505 3.9
19900922 2.5 1.62 0.505 5.9
19900923 2.4 1.59 0.505 8.5
19900924 3.7 1.56 0.505 6.3
19900925 7 1.53 0.517 5.2
19900926 0.3 1.49 0.517 4.6
19900927 1.9 1.47 0.517 5.6
19900928 0.1 1.44 0.517 7.1
19900929 0 1.41 0.517 8.7
19900930 2.5 1.38 0.517 9.9
19901001 1 1.36 0.517 12.4
19901002 0.2 1.32 0.517 8
19901003 0 1.29 0.505 11.3
19901004 4.4 1.26 0.505 10
19901005 0 1.23 0.493 8.3
19901006 0 1.2 0.493 10.7
19901007 0.8 1.18 0.481 12.7
19901008 0 1.14 0.481 7
19901009 0 1.11 0.47 4.2
19901010 0 1.08 0.47 4.7
19901011 0.1 1.05 0.458 5.4
19901012 0.1 1.02 0.458 5.2
19901013 0.1 0.99 0.458 8.6
19901014 0.1 0.96 0.458 8.6
19901015 0.1 0.93 0.458 10.5
19901016 0.1 0.93 0.458 10.8
19901017 0 0.91 0.458 11.2
19901018 1.1 0.89 0.458 11.2
19901019 0 0.87 0.447 9
19901020 0.7 0.85 0.447 6.5
19901021 0 0.83 0.447 2.5
19901022 0 0.8 0.447 -0.9
19901023 0 0.78 0.447 -1.4
19901024 0 0.77 0.447 2
19901025 0 0.75 0.447 -0.1
19901026 0 0.73 0.447 -0.1
19901027 5.8 0.71 0.447 5.5
19901028 0.1 0.69 0.436 4.4
19901029 13.8 0.67 0.47 5.7
19901030 6.5 0.65 0.481 4.1
19901031 3.8 0.63 0.447 5.1
19901101 3 0.61 0.493 5.7
19901102 1.7 0.59 0.493 3.2
19901103 0 0.57 0.493 2.9
19901104 2.3 0.55 0.493 1.1
19901105 0 0.53 0.493 1.3
19901106 1.2 0.51 0.481 -1.2
19901107 0 0.49 0.481 -0.1
19901108 0.3 0.48 0.481 3
19901109 0 0.46 0.469 1.5
19901110 0 0.44 0.458 0.6
19901111 1.7 0.42 0.446 1
19901112 1.4 0.4 0.446 3.8
19901113 0 0.38 0.446 4.5
19901114 1.2 0.36 0.446 4.1
19901115 0.3 0.34 0.446 5.2
19901116 1.2 0.33 0.446 4
19901117 21 0.33 0.528 7.4
19901118 3.5 0.32 0.946 4.1
19901119 1.7 0.32 0.743 1.7
19901120 21.8 0.32 0.833 3.1
19901121 0 0.31 1.998 2.5
19901122 7 0.31 1.432 0.3
19901123 0.8 0.3 1.565 1.7
19901124 0 0.3 1.138 0.5
19901125 1 0.29 0.98 2.8
19901126 2.1 0.29 0.913 3.9
19901127 0 0.28 0.85 1.7
19901128 0.2 0.28 0.787 0.2
19901129 2.3 0.27 0.743 0.2
19901130 4.3 0.27 0.74 -2.6
19901201 2.8 0.26 0.672 -5.7
19901202 0.4 0.26 0.658 -1.8
19901203 1.1 0.26 0.672 -1.5
19901204 3.2 0.25 0.658 -0.8
19901205 4 0.25 0.644 -1.5
19901206 0 0.24 0.631 -12
19901207 0 0.24 0.631 -13.8
19901208 0 0.23 0.617 -5.5
19901209 6 0.23 0.617 -3.2
19901210 16 0.23 1.335 0.7
19901211 0.7 0.22 2.469 0.8
19901212 1 0.22 1.998 -1.7
19901213 0.6 0.21 1.537 -1.3
19901214 2.6 0.21 1.291 -2.7
19901215 1 0.2 1.138 -3.1
19901216 1.1 0.2 0.997 -3.9
19901217 0 0.2 0.963 -3.5
19901218 1.5 0.21 0.897 -3.4
19901219 0.7 0.21 0.861 -3.1
19901220 4.2 0.21 0.833 -3.6
19901221 1.2 0.21 0.803 -1.5
19901222 0 0.21 0.743 -1.6
19901223 0 0.21 0.715 -2.5
19901224 0 0.21 0.685 -4.2
19901225 0 0.21 0.685 -5
19901226 7 0.21 0.672 -2.8
19901227 1.2 0.22 0.672 0.5
19901228 0 0.22 0.672 -1.7
19901229 3.5 0.22 0.687 0.1
19901230 10 0.22 0.833 2.6
19901231 2.2 0.22 1.138 0.6
19910101 0.8 0.22 1.411 0.6
19910102 3.3 0.22 2.098 0.1
19910103 4.7 0.23 4.694 2.1
19910104 4.7 0.23 5.281 2.5
19910105 0.1 0.23 3.52 0.7
19910106 0 0.23 2.813 0.1
19910107 4 0.23 2.525 0.7
19910108 0 0.23 2.36 3.3
19910109 3.4 0.23 2.098 3.1
19910110 5.3 0.23 2.525 6.7
19910111 5.1 0.24 4.107 5
19910112 0.1 0.24 3.168 0.8
19910113 0 0.24 2.525 -2.3
19910114 0 0.24 1.949 -7
19910115 0 0.24 1.76 -6.3
19910116 0 0.24 1.494 -8.8
19910117 0 0.24 1.33 -9.8
19910118 0 0.26 1.251 8.1
19910119 0 0.26 1.138 -8.4
19910120 0 0.27 1.049 -9.2
19910121 0.8 0.28 0.98 -3.8
19910122 0.2 0.29 0.963 -0.9
19910123 0 0.3 0.898 -1.7
19910124 1.3 0.3 0.865 -2.9
19910125 0 0.31 0.834 -4.3
19910126 0 0.32 0.834 -3.1
19910127 0 0.33 0.818 -2.1
19910128 0 0.34 0.803 -1.6
19910129 1.8 0.35 0.773 -2.5
19910130 0.6 0.35 0.743 -3.7
19910131 0 0.36 0.715 -18.3
19910201 0 0.36 0.699 -17.8
19910202 0 0.37 0.687 -17.3
19910203 0 0.38 0.672 -16.4
19910204 1 0.39 0.658 -8.2
19910205 0.5 0.4 0.658 -14.3
19910206 0.1 0.41 0.644 -16.1
19910207 0.4 0.41 0.644 -12.7
19910208 9.7 0.43 0.644 -7.2
19910209 0.6 0.43 0.631 -8
19910210 2 0.44 0.631 -6.4
19910211 0 0.45 0.617 -11.1
19910212 0 0.46 0.617 -10.4
19910213 2.6 0.47 0.604 -7.7
19910214 1 0.47 0.604 -9.6
19910215 0.9 0.49 0.604 -7.4
19910216 1.5 0.51 0.591 -6.1
19910217 0 0.53 0.591 -4.8
19910218 0 0.54 0.591 -9.5
19910219 0 0.56 0.579 -7.9
19910220 0 0.58 0.579 -2
19910221 0 0.6 0.579 -6.3
19910222 0 0.62 0.579 -3.5
19910223 0.3 0.64 0.579 -0.4
19910224 0 0.66 0.579 -0.1
19910225 0 0.68 0.644 1.1
19910226 0 0.69 1.102 0.9
19910227 0 0.71 0.929 -3.5
19910228 0 0.72 0.715 -6.6
19910301 0 0.74 0.604 -3.4
19910302 0 0.76 0.617 -1.3
19910303 0 0.78 0.617 -0.2
19910304 0 0.8 0.685 0.4
19910305 0 0.82 0.787 0.4
19910306 0.1 0.84 0.865 0.5
19910307 0 0.86 0.898 2.6
19910308 0 0.87 1.031 4.6
19910309 0 0.89 0.929 7.2
19910310 1.6 0.91 0.898 4
19910311 0.3 0.93 0.85 4.2
19910312 0.1 0.94 0.898 2.5
19910313 0 0.96 0.898 2.9
19910314 0 0.98 0.865 0
19910315 0.5 1 0.834 3.1
19910316 0 1 0.834 4.8
19910317 0 1.03 0.834 3.2
19910318 0 1.06 0.818 2.8
19910319 6.3 1.1 0.787 5.1
19910320 3.1 1.13 0.803 6.3
19910321 0.2 1.16 0.818 7.6
19910322 19.8 1.19 0.865 2.6
19910323 1.8 1.22 1.581 0.2
19910324 0 1.25 2.098 2.9
19910325 0.1 1.28 1.878 1.5
19910326 0 1.31 1.515 -1.2
19910327 0.7 1.34 1.349 -1.6
19910328 0.1 1.37 1.213 -1.7
19910329 1 1.41 1.102 -0.9
19910330 0.5 1.44 1.031 3.3
19910331 0.2 1.47 0.997 0.8
19910401 1.2 1.51 0.963 4
19910402 0.2 1.55 0.946 7.4
19910403 0 1.58 0.913 8.4
19910404 0.1 1.61 0.85 5.3
19910405 0 1.64 0.834 6.8
19910406 0 1.67 0.803 7.5
19910407 0.9 1.7 0.787 5.1
19910408 3.5 1.73 0.787 4.7
19910409 0.3 1.77 0.773 6.6
19910410 6.1 1.8 0.773 4.9
19910411 0.1 1.83 0.743 6.7
19910412 0 1.86 0.773 4.9
19910413 0.1 1.89 0.743 6.3
19910414 0 1.93 0.715 6.2
19910415 0 1.96 0.715 6
19910416 0.2 1.99 0.687 3.4
19910417 0.4 2.02 0.658 0.9
19910418 4.5 2.05 0.658 -0.1
19910419 5.9 2.08 0.687 -0.4
19910420 2.1 2.12 0.715 -1
19910421 0 2.15 0.687 -2.7
19910422 0 2.18 0.672 -1.2
19910423 0.3 2.23 0.665 2.9
19910424 0 2.26 0.715 2.3
19910425 2.8 2.3 0.715 3.1
19910426 0.3 2.33 0.715 3
19910427 0.3 2.37 0.701 4.2
19910428 3.8 2.4 0.701 3.8
19910429 3.2 2.45 0.701 8.5
19910430 0.5 2.48 0.715 5.2
19910501 12.5 2.52 0.715 9.8
19910502 19.5 2.55 0.865 6.7
19910503 13 2.57 1.33 3.7
19910504 2 2.61 3.055 5.1
19910505 0.2 2.65 2.813 4.3
19910506 0 2.68 2.36 3.3
19910507 0 2.71 1.949 3.2
19910508 0 2.75 1.581 3.4
19910509 0 2.78 1.411 4.1
19910510 2.5 2.83 1.33 7.7
19910511 10 2.87 1.31 9.4
19910512 0.2 2.9 1.368 8.7
19910513 0.2 2.92 1.102 5
19910514 2.3 2.97 1.067 9.1
19910515 0.8 2.99 1.014 3.9
19910516 0.1 2.99 0.963 3.1
19910517 0 3.01 0.929 6.5
19910518 2.8 3.02 0.929 4.1
19910519 0 3.04 0.898 5.6
19910520 0 3.07 0.85 10.9
19910521 0.1 3.09 0.773 12.5
19910522 0 3.11 0.743 12.8
19910523 0.5 3.1 0.803 4.3
19910524 2.8 3.11 0.743 2.6
19910525 2.7 3.13 0.773 3.8
19910526 5.2 3.14 0.758 4.6
19910527 0.1 3.16 0.715 6.4
19910528 0 3.18 0.701 6.3
19910529 0 3.21 0.687 9.6
19910530 0 3.23 0.674 11
19910531 0 3.25 0.658 12.4
19910601 0 3.26 0.658 11.1
19910602 0 3.26 0.658 6.2
19910603 9 3.28 0.644 10.3
19910604 0.1 3.29 0.672 7.8
19910605 1.2 3.3 0.658 4.8
19910606 2 3.33 0.644 10
19910607 0 3.35 0.658 11.2
19910608 3.6 3.37 0.658 11.7
19910609 1.1 3.39 0.658 13.2
19910610 0.4 3.4 0.672 12.4
19910611 2.2 3.4 0.685 9.4
19910612 1.1 3.43 0.685 12.5
19910613 0.1 3.46 0.658 15.7
19910614 0.1 3.46 0.644 12.5
19910615 3.5 3.49 0.644 15.7
19910616 11.5 3.49 0.715 14.9
19910617 3.4 3.48 0.699 10
19910618 0.6 3.49 0.687 9.6
19910619 0 3.51 0.687 12.4
19910620 0 3.53 0.658 15.6
19910621 4.9 3.53 0.658 13.4
19910622 0 3.54 0.658 15.9
19910623 0 3.56 0.658 17.5
19910624 3.7 3.55 0.644 14
19910625 0 3.56 0.631 15.6
19910626 6.3 3.58 0.658 17.7
19910627 33.5 3.59 0.803 17.4
19910628 2 3.56 1.251 8.6
19910629 0.8 3.57 0.881 9.1
19910630 0 3.59 0.758 10.9
19910701 0.1 3.6 0.658 12.7
19910702 0 3.62 0.631 15.2
19910703 1.4 3.63 0.591 17.8
19910704 6.8 3.64 0.604 16.4
19910705 0 3.65 0.604 17.8
19910706 0 3.65 0.591 17.2
19910707 0 3.67 0.579 19.8
19910708 0 3.67 0.579 18.1
19910709 2.4 3.68 0.566 17.4
19910710 0 3.69 0.553 17.3
19910711 0 3.7 0.553 18.6
19910712 3.4 3.71 0.541 20
19910713 20 3.71 0.772 16.4
19910714 12 3.71 0.687 14.9
19910715 0.1 3.71 0.672 14
19910716 0.1 3.72 0.631 15.6
19910717 0.2 3.7 0.617 15.7
19910718 0.1 3.67 0.604 12.9
19910719 0 3.65 0.604 13.4
19910720 0 3.64 0.579 14.3
19910721 0.2 3.62 0.553 13.2
19910722 0 3.59 0.553 11.1
19910723 0 3.58 0.553 12.7
19910724 1.9 3.58 0.631 17.2
19910725 3.5 3.55 0.658 15.8
19910726 15.5 3.52 0.644 11
19910727 3.1 3.51 0.617 12.6
19910728 0 3.5 0.591 15.8
19910729 0 3.48 0.579 16.5
19910730 0 3.46 0.579 16.3
19910731 0 3.45 0.566 16.4
19910801 6.6 3.43 0.566 17.7
19910802 25.5 3.4 0.699 14.6
19910803 13.6 3.4 1.031 17.6
19910804 2.1 3.38 1.138 18.5
19910805 0.2 3.35 0.963 15.5
19910806 0.1 3.34 0.803 16.4
19910807 0 3.32 0.743 18.1
19910808 0 3.31 0.715 18.6
19910809 0 3.28 0.672 15.2
19910810 0.5 3.25 0.672 13.4
19910811 0.1 3.24 0.672 15.5
19910812 8.8 3.21 0.658 12.3
19910813 0.2 3.2 0.631 13
19910814 0 3.18 0.631 12.3
19910815 0 3.16 0.617 12.2
19910816 0 3.16 0.617 12.3
19910817 2.2 3.12 0.604 14.5
19910818 0 3.08 0.631 15.3
19910819 0 3.02 0.591 10.9
19910820 1.4 2.98 0.579 11.2
19910821 0.3 2.94 0.553 11.3
19910822 0 2.89 0.553 10.7
19910823 0 2.85 0.553 12.8
19910824 0.4 2.81 0.553 14.1
19910825 0 2.76 0.553 11.4
19910826 0 2.71 0.553 9.9
19910827 3.6 2.67 0.579 10
19910828 0 2.63 0.566 11.6
19910829 0.1 2.57 0.553 7
19910830 0.1 2.53 0.553 7.2
19910831 0.1 2.49 0.553 7.9
19910901 0.1 2.45 0.528 9.5
19910902 0.1 2.41 0.528 10
19910903 0.1 2.36 0.528 10.4
19910904 0.1 2.32 0.528 11
19910905 0.2 2.27 0.528 9.7
19910906 0 2.23 0.528 9
19910907 0.3 2.18 0.528 8.3
19910908 0 2.13 0.528 4.7
19910909 0.1 2.09 0.516 8.9
19910910 0.1 2.05 0.516 8.2
19910911 2.2 2.02 0.516 13.3
19910912 0.1 1.96 0.516 7.4
19910913 0.1 1.91 0.516 6.6
19910914 0.1 1.88 0.516 9.3
19910915 0.1 1.84 0.516 13.8
19910916 2.2 1.81 0.516 12.5
19910917 7.2 1.78 0.528 12.7
19910918 0.5 1.74 0.528 10.4
19910919 0 1.71 0.528 10.7
19910920 5.5 1.68 0.528 11
19910921 0 1.64 0.528 5.2
19910922 2 1.63 0.528 12.1
19910923 0 1.59 0.528 9.5
19910924 0 1.56 0.528 11.1
19910925 0 1.54 0.516 13
19910926 0.7 1.51 0.516 13.5
19910927 0 1.47 0.505 10.7
19910928 0 1.44 0.505 5.9
19910929 0 1.41 0.505 11.3
19910930 5 1.39 0.505 16.3
19911001 0.9 1.36 0.505 12
19911002 2.7 1.32 0.505 7.7
19911003 0 1.28 0.505 3.8
19911004 0.1 1.25 0.539 2.8
19911005 0 1.23 0.539 6.2
19911006 0.1 1.2 0.539 6.1
19911007 0 1.17 0.505 5.8
19911008 0 1.14 0.505 7.8
19911009 0 1.11 0.505 8.1
19911010 0 1.08 0.505 6.8
19911011 0 1.05 0.505 6.2
19911012 0 1.02 0.505 3.9
19911013 3.4 0.99 0.505 9.2
19911014 0.2 0.96 0.505 8.1
19911015 0.1 0.93 0.505 8.1
19911016 0.1 0.93 0.505 6.4
19911017 5.5 0.91 0.505 6.8
19911018 2.2 0.89 0.539 6.8
19911019 0.2 0.87 0.539 2.8
19911020 0 0.85 0.539 2
19911021 0 0.82 0.505 -1.2
19911022 7.3 0.81 0.505 1.3
19911023 0.3 0.79 0.539 3.5
19911024 5 0.77 0.539 0.4
19911025 1 0.75 0.539 3.1
19911026 0 0.72 0.505 -5.5
19911027 0 0.71 0.505 2.4
19911028 0 0.69 0.505 -2.6
19911029 0 0.67 0.505 -1.2
19911030 0 0.65 0.505 0.7
19911031 0 0.63 0.505 -6.8
19911101 0 0.61 0.43 -0.4
19911102 0.5 0.59 0.43 -0.7
19911103 0 0.57 0.43 2.5
19911104 0.2 0.55 0.43 5.1
19911105 1 0.53 0.43 3.9
19911106 0.3 0.51 0.448 0.8
19911107 10.5 0.49 0.523 1.6
19911108 10 0.48 0.485 6.5
19911109 3.4 0.46 0.583 2.6
19911110 0 0.43 0.583 -0.2
19911111 3 0.42 0.583 1.5
19911112 0.8 0.4 0.476 2.5
19911113 0.1 0.38 0.476 5.6
19911114 5.6 0.36 0.476 3.6
19911115 3.3 0.34 0.513 2.1
19911116 10.1 0.33 0.494 1.9
19911117 0.1 0.33 0.485 0.7
19911118 0.1 0.32 0.485 -1.4
19911119 0 0.32 0.485 -0.1
19911120 16.8 0.31 0.485 0.3
19911121 0.2 0.31 0.485 0.9
19911122 0.1 0.31 0.485 3.9
19911123 0 0.3 0.485 -9
19911124 0 0.3 0.485 -2.1
19911125 0 0.29 0.485 0.9
19911126 0 0.29 0.513 1.1
19911127 0 0.28 0.705 2.4
19911128 0 0.28 0.684 1.6
19911129 0 0.28 0.622 1
19911130 0 0.27 0.582 0.1
19911201 0 0.27 0.552 -0.1
19911202 0 0.26 0.523 -3.9
19911203 0 0.26 0.523 -0.3
19911204 5 0.25 0.513 0
19911205 1.7 0.25 0.504 -0.1
19911206 9 0.24 0.485 0.2
19911207 2 0.24 0.485 -1.5
19911208 0 0.23 0.485 -4.5
19911209 0 0.23 0.485 -16.1
19911210 0 0.22 0.485 -8.8
19911211 0 0.22 0.485 -9.1
19911212 0 0.21 0.485 -16.5
19911213 0 0.21 0.485 -13
19911214 0 0.21 0.485 -9.3
19911215 0 0.2 0.485 -6.1
19911216 0 0.2 0.485 -7.7
19911217 0 0.2 0.485 -12.2
19911218 13 0.21 0.542 -0.3
19911219 13.3 0.21 0.562 -0.1
19911220 0 0.21 0.562 0.5
19911221 5 0.21 0.552 -1.3
19911222 4.3 0.21 0.562 -0.8
19911223 0.8 0.21 0.602 3
19911224 7.2 0.21 0.999 0.8
19911225 3 0.21 0.928 -2
19911226 6.9 0.21 0.905 -1.8
19911227 10.2 0.22 0.882 -0.3
19911228 0.2 0.22 0.814 -8.5
19911229 0 0.22 0.738 -3.1
19911230 0 0.22 0.705 0.2
19911231 0 0.22 0.705 0.3
19920101 0 0.22 0.684 -2.1
19920102 0 0.22 0.663 -1.2
19920103 0 0.22 0.663 -0.4
19920104 2 0.23 0.643 0.6
19920105 3 0.23 0.643 0.6
19920106 3.2 0.23 0.643 2.5
19920107 0 0.23 0.663 1.3
19920108 0.2 0.23 1.221 0.8
19920109 2.2 0.23 1.594 2.5
19920110 0 0.23 1.484 -0.9
19920111 0 0.23 1.511 -3.2
19920112 0 0.23 1.377 -0.6
19920113 0 0.24 1.158 -1
19920114 0 0.24 0.987 -1.3
19920115 0 0.24 0.882 -0.5
19920116 0.2 0.24 0.871 -0.1
19920117 0 0.25 0.859 1.9
19920118 0 0.26 0.814 2.4
19920119 11.6 0.26 0.837 0
19920120 0.4 0.27 0.814 -9.7
19920121 0 0.28 0.814 -12.3
19920122 0 0.28 0.814 -12.6
19920123 0 0.29 0.792 -8.7
19920124 0 0.3 0.77 -4.2
19920125 0 0.31 0.748 -5.4
19920126 0 0.32 0.727 -4.9
19920127 0 0.33 0.705 -1.5
19920128 0 0.34 0.663 -1.5
19920129 0 0.35 0.643 -2.3
19920130 0 0.35 0.622 0.4
19920131 0 0.36 0.602 0.4
19920201 0 0.37 0.602 -0.9
19920202 0 0.38 0.602 -2.6
19920203 3.2 0.39 0.602 -0.9
19920204 1 0.4 0.602 -0.5
19920205 3.6 0.4 0.592 -0.1
19920206 9.1 0.41 0.592 1.3
19920207 0.1 0.42 0.975 2.3
19920208 0 0.43 1.195 1
19920209 0.1 0.44 1.096 0.2
19920210 0.6 0.45 0.999 0.4
19920211 0.1 0.45 0.928 1.3
19920212 0.2 0.46 0.882 1.6
19920213 13 0.47 1.377 4.3
19920214 0 0.48 2.667 1
19920215 0 0.5 2.136 1.9
19920216 5 0.51 1.998 -0.3
19920217 1.5 0.53 1.909 -4.6
19920218 2.8 0.55 1.678 -5.7
19920219 1.2 0.57 1.377 -3
19920220 4.2 0.58 1.047 -3.6
19920221 8.8 0.6 0.952 -0.2
19920222 0.8 0.62 0.905 0.4
19920223 1 0.64 0.882 1.4
19920224 0 0.66 0.859 -0.2
19920225 0 0.67 0.859 -1.1
19920226 0 0.69 0.859 3.3
19920227 0 0.71 0.963 -1.5
19920228 0 0.73 1.221 -0.5
19920229 0.6 0.73 1.511 -0.6
19920301 2 0.75 1.539 0.3
19920302 1.6 0.76 1.594 1.4
19920303 0.3 0.78 1.594 2.3
19920304 0 0.8 1.594 1.5
19920305 13.3 0.82 1.566 1.2
19920306 0 0.84 1.43 2.6
19920307 0 0.85 1.363 1.2
19920308 0 0.87 1.324 0.1
19920309 0 0.89 1.145 -1.1
19920310 0 0.91 1.096 2.3
19920311 0 0.93 1.047 1.2
19920312 41.5 0.94 1.011 1.4
19920313 13.2 0.96 4.778 2.7
19920314 9.8 0.97 4.233 -3.2
19920315 5 0.99 2.629 -1.5
19920316 3.4 0.99 1.968 -2.7
19920317 0.2 1.02 1.763 -2.2
19920318 0 1.06 1.65 -0.4
19920319 0 1.09 1.594 -1.9
19920320 10.2 1.12 1.706 2.3
19920321 9.8 1.16 2.136 5
19920322 5.4 1.19 2.824 1.6
19920323 12 1.22 3.162 0.4
19920324 40 1.25 15.221 0
19920325 1.8 1.28 15.221 1
19920326 19 1.31 7.856 0.3
19920327 4 1.34 4.447 -0.5
19920328 1 1.38 3.723 -0.1
19920329 1 1.41 3.822 -1.2
19920330 6.3 1.44 3.342 -3
19920331 0 1.47 3.251 -1.3
19920401 12.5 1.51 3.251 4.2
19920402 5.2 1.54 3.251 1.3
19920403 2 1.57 2.744 3.8
19920404 0 1.6 2.591 3.8
19920405 0 1.63 2.447 2.5
19920406 0 1.66 2.379 1.9
19920407 0 1.7 2.314 2.2
19920408 0.2 1.73 2.136 1.8
19920409 0 1.76 1.968 4
19920410 6.5 1.79 1.792 1.1
19920411 6.3 1.83 1.65 3.3
19920412 0 1.86 1.65 4
19920413 0 1.89 1.622 2.7
19920414 0 1.92 1.594 2.3
19920415 0 1.96 1.511 6.5
19920416 0 1.98 1.377 2.2
19920417 0 2.01 1.298 -2.7
19920418 0 2.05 1.195 2
19920419 0 2.1 1.145 5.6
19920420 0 2.12 1.023 1.3
19920421 0 2.16 0.952 4.9
19920422 0 2.21 0.905 8.8
19920423 0 2.24 0.905 6.5
19920424 0 2.27 0.905 8.1
19920425 0 2.32 0.905 13.5
19920426 0 2.36 0.894 14.8
19920427 3.3 2.38 0.894 9.6
19920428 6 2.42 0.859 9.4
19920429 1.3 2.45 0.859 8.6
19920430 0 2.49 0.814 9.2
19920501 0 2.53 1.047 11.6
19920502 0 2.57 1.511 13.4
19920503 0.2 2.59 1.246 7.8
19920504 0 2.6 1.145 2
19920505 0 2.65 1.071 5.6
19920506 10 2.68 1.023 5
19920507 0.9 2.72 0.999 7.1
19920508 8.1 2.76 0.952 8.3
19920509 0.3 2.8 0.928 11.6
19920510 0 2.82 0.882 5.4
19920511 0.2 2.85 0.859 5.1
19920512 0 2.9 0.837 9.8
19920513 0 2.93 0.792 8.1
19920514 0 2.96 0.77 7.7
19920515 0 3 0.727 8.4
19920516 0 3 0.684 7.8
19920517 0 3.01 0.663 5.4
19920518 0 3.03 0.663 8.9
19920519 0 3.05 0.684 9.4
19920520 0 3.06 0.705 8.5
19920521 0 3.08 0.663 10
19920522 0 3.11 0.643 12.7
19920523 8 3.12 0.612 12
19920524 1.8 3.14 0.602 13.2
19920525 0 3.15 0.592 12.8
19920526 0 3.16 0.582 10.8
19920527 0 3.18 0.582 10.5
19920528 1.2 3.2 0.562 11.2
19920529 0 3.21 0.562 11.8
19920530 0 3.22 0.562 10.2
19920531 0 3.24 0.562 11.5
19920601 0 3.27 0.552 13.8
19920602 0 3.28 0.533 14.6
19920603 2.9 3.3 0.523 16
19920604 15.7 3.32 0.523 16.3
19920605 4.8 3.34 0.523 18.4
19920606 21.5 3.34 0.523 12.6
19920607 5.4 3.35 0.582 12.8
19920608 4.3 3.37 0.572 13.4
19920609 0 3.39 0.572 13.9
19920610 5.2 3.39 0.562 9.4
19920611 1 3.4 0.562 8.6
19920612 0 3.44 0.542 13.8
19920613 0 3.45 0.533 15
19920614 10.1 3.46 0.523 12.8
19920615 0 3.49 0.523 15.9
19920616 0 3.5 0.523 15.5
19920617 0 3.5 0.513 16
19920618 0.2 3.5 0.513 11.9
19920619 0 3.52 0.504 14.9
19920620 0 3.53 0.504 17.7
19920621 0 3.54 0.504 17.3
19920622 0 3.54 0.523 15.2
19920623 2.5 3.54 0.504 14.2
19920624 0 3.55 0.504 14
19920625 0 3.55 0.513 12.6
19920626 0.6 3.56 0.504 11.1
19920627 0 3.57 0.494 13.9
19920628 0 3.57 0.494 10.5
19920629 0 3.59 0.485 15.3
19920630 0 3.61 0.466 16.6
19920701 0 3.62 0.457 17.4
19920702 0 3.61 0.457 14.6
19920703 0 3.63 0.485 16.1
19920704 2.4 3.63 0.542 16
19920705 0 3.64 0.533 15.8
19920706 0 3.64 0.562 14.6
19920707 0 3.64 0.684 12.3
19920708 0 3.65 0.592 12.5
19920709 0 3.65 0.542 11.1
19920710 34.2 3.67 0.523 13.6
19920711 0 3.68 0.513 14.7
19920712 0 3.69 0.504 13.1
19920713 0 3.69 0.504 12.5
19920714 1.5 3.71 0.504 15.3
19920715 0 3.71 0.494 13.4
19920716 0 3.71 0.485 12.8
19920717 0 3.7 0.485 15.8
19920718 0 3.68 0.485 16.1
19920719 0.5 3.65 0.476 12.4
19920720 5.6 3.65 0.466 16.8
19920721 0 3.65 0.466 21.1
19920722 0 3.62 0.466 19.9
19920723 3.4 3.59 0.466 16.1
19920724 0 3.57 0.466 14.5
19920725 0.2 3.55 0.476 16
19920726 1.7 3.54 0.466 17.7
19920727 0 3.5 0.485 12
19920728 0 3.48 0.466 11
19920729 0 3.46 0.448 11
19920730 6.9 3.46 0.43 15.1
19920731 3.2 3.44 0.43 13.8
19920801 16.3 3.44 0.448 18.7
19920802 0 3.42 0.448 18.7
19920803 3 3.38 0.448 13.6
19920804 0.2 3.37 0.448 15.8
19920805 2 3.34 0.448 12.7
19920806 2.8 3.33 0.439 14.2
19920807 0.7 3.31 0.43 15.4
19920808 0.2 3.31 0.43 18.4
19920809 0 3.29 0.43 18.2
19920810 0 3.28 0.663 23.1
19920811 0 3.23 0.562 13.4
19920812 0 3.21 0.542 12.6
19920813 0 3.2 0.504 12.6
19920814 11.6 3.18 0.485 13.5
19920815 0 3.16 0.466 11.4
19920816 0 3.16 0.466 11.9
19920817 0 3.12 0.457 14.8
19920818 0 3.08 0.448 14.4
19920819 0 3.04 0.439 16.1
19920820 0 2.99 0.43 16.3
19920821 0 2.95 0.43 16.1
19920822 0 2.9 0.43 14.4
19920823 0 2.86 0.421 13.7
19920824 0.1 2.82 0.421 15.3
19920825 0.1 2.77 0.421 14.4
19920826 0.1 2.74 0.421 18.7
19920827 0 2.68 0.421 14.5
19920828 0 2.64 0.421 16.7
19920829 0 2.6 0.43 17.9
19920830 0 2.55 0.448 17
19920831 0 2.52 0.439 20.5
19920901 0 2.45 0.476 8.4
19920902 0 2.4 0.43 8.5
19920903 0.1 2.37 0.412 12.1
19920904 16 2.32 0.403 9.1
19920905 2.6 2.27 0.403 7.4
19920906 0 2.22 0.403 7.6
19920907 0 2.18 0.403 9.7
19920908 0.5 2.14 0.394 7.8
19920909 0.2 2.1 0.394 10.9
19920910 0 2.06 0.394 13.4
19920911 1.2 2.01 0.394 10.4
19920912 0 1.97 0.394 11.2
19920913 0 1.92 0.421 10.8
19920914 0 1.88 0.43 9.1
19920915 0.6 1.83 0.421 8.8
19920916 0 1.8 0.412 10.5
19920917 11.7 1.76 0.412 4.4
19920918 0.3 1.73 0.412 3
19920919 0 1.7 0.412 1.7
19920920 0 1.67 0.412 3.4
19920921 3 1.65 0.403 7.1
19920922 3.3 1.62 0.403 7.5
19920923 4.6 1.59 0.403 10.5
19920924 9.6 1.56 0.394 9.6
19920925 18.7 1.54 0.394 11.5
19920926 1.3 1.5 0.394 8
19920927 1 1.47 0.394 5.5
19920928 4 1.44 0.394 5.7
19920929 4.7 1.41 0.394 5.2
19920930 4 1.37 0.394 4
19921001 0 1.34 0.403 1.5
19921002 0 1.31 0.421 2
19921003 0 1.29 0.421 8
19921004 0 1.26 0.421 6.9
19921005 0 1.23 0.448 8.9
19921006 0 1.2 0.412 8.6
19921007 0 1.17 0.403 7.9
19921008 0 1.13 0.385 3.8
19921009 0 1.11 0.385 5.1
19921010 0 1.07 0.385 -0.8
19921011 0 1.04 0.385 2.7
19921012 0 1.01 0.385 0.3
19921013 0 0.98 0.394 -3.2
19921014 0 0.95 0.394 2.7
19921015 0 0.93 0.394 3.8
19921016 0 0.92 0.403 -1
19921017 0 0.9 0.412 -3.6
19921018 0 0.88 0.412 -1
19921019 0 0.86 0.412 -0.8
19921020 0 0.85 0.412 2.8
19921021 0 0.83 0.412 2.7
19921022 0 0.81 0.43 1.4
19921023 0 0.79 0.448 1.9
19921024 0 0.77 0.448 1.1
19921025 0 0.75 0.485 0
19921026 0 0.73 0.572 1.5
19921027 0 0.71 0.513 -1.2
19921028 0 0.69 0.466 3.6
19921029 0 0.67 0.43 1.4
19921030 0 0.65 0.43 1.1
19921031 0 0.63 0.43 -2.4
19921101 0.1 0.61 0.43 0.1
19921102 2.2 0.59 0.43 2.9
19921103 0 0.57 0.42 2.4
19921104 2 0.55 0.485 1.4
19921105 0.8 0.53 0.439 3.7
19921106 1 0.52 0.439 6.4
19921107 0.6 0.5 0.43 4.8
19921108 0.4 0.47 0.43 1.5
19921109 0 0.45 0.43 -3.1
19921110 0.3 0.43 0.43 0.4
19921111 5.7 0.42 0.448 3.1
19921112 2.6 0.4 0.43 3.8
19921113 2 0.38 0.42 0.6
19921114 2.3 0.36 0.412 0.1
19921115 0 0.34 0.412 -2.7
19921116 0.2 0.33 0.412 1.5
19921117 0.2 0.33 0.403 3
19921118 0.6 0.32 0.394 1.3
19921119 9.2 0.32 0.412 0.4
19921120 0.2 0.31 0.43 0.3
19921121 0.6 0.31 0.43 0.3
19921122 0 0.31 0.43 0.5
19921123 0 0.3 0.42 0
19921124 3 0.3 0.412 3.6
19921125 8.2 0.29 0.412 3.2
19921126 2.3 0.29 0.448 7
19921127 1.5 0.28 0.503 0.8
19921128 1 0.28 0.485 1.4
19921129 0 0.27 0.466 -0.9
19921130 0 0.27 0.457 0
19921201 0 0.27 0.439 0.7
19921202 0 0.26 0.43 0.5
19921203 10.8 0.26 0.448 4.3
19921204 0.9 0.25 0.475 3.9
19921205 12 0.25 0.523 1.7
19921206 0 0.24 0.542 0.4
19921207 0 0.24 0.523 -1.1
19921208 0 0.24 0.503 0.8
19921209 0 0.23 0.485 0.2
19921210 0 0.23 0.485 -0.9
19921211 0.2 0.22 0.448 -1.1
19921212 10 0.22 0.448 0.3
19921213 4.2 0.21 0.457 0.3
19921214 1.8 0.21 0.466 2.1
19921215 0 0.2 0.466 -0.9
19921216 0 0.2 0.466 1.1
19921217 4.5 0.2 0.475 -0.5
19921218 2 0.21 0.475 -1.4
19921219 0 0.21 0.448 -2.4
19921220 0 0.21 0.448 -2.8
19921221 0 0.21 0.43 -1.6
19921222 0 0.21 0.43 -4.8
19921223 0 0.21 0.43 -10.5
19921224 0 0.21 0.42 -10.8
19921225 0 0.21 0.42 -12
19921226 0 0.21 0.412 -11.8
19921227 0 0.22 0.403 -6.1
19921228 0 0.22 0.394 -8.3
19921229 0 0.22 0.394 -12
19921230 0 0.22 0.394 -6.8
19921231 0 0.22 0.394 -8.7
19930101 0 0.22 0.385 -11.1
19930102 0 0.22 0.385 -13.2
19930103 0 0.22 0.385 -16
19930104 0 0.22 0.377 -8.6
19930105 0 0.23 0.377 -6.8
19930106 2.2 0.23 0.377 -3
19930107 0.3 0.23 0.377 1.3
19930108 0.6 0.23 0.377 0.3
19930109 0.6 0.23 0.377 -2
19930110 4 0.23 0.377 3.2
19930111 13.5 0.23 0.394 4.5
19930112 3.7 0.24 0.999 6.3
19930113 0 0.24 0.952 2.2
19930114 0 0.24 0.905 5.9
19930115 0 0.24 0.77 0.2
19930116 0 0.24 0.643 4.5
19930117 0.1 0.25 0.622 2.7
19930118 0 0.26 0.611 -0.2
19930119 0.3 0.26 0.611 -0.8
19930120 0.5 0.27 0.611 4
19930121 1 0.28 0.611 4.2
19930122 6.5 0.29 0.611 7.1
19930123 3.8 0.3 0.611 2.7
19930124 4 0.31 0.928 6.4
19930125 3.6 0.31 0.882 0.1
19930126 8.2 0.32 0.814 -2.4
19930127 1.5 0.33 0.78 -8.9
19930128 0.2 0.34 0.77 -4.5
19930129 0 0.34 0.749 -5
19930130 0 0.35 0.684 -15.6
19930131 0 0.36 0.663 -14.7
19930201 0 0.37 0.622 -10.6
19930202 0 0.37 0.582 -12.9
19930203 0 0.38 0.562 -10.7
19930204 0 0.39 0.533 -9
19930205 0 0.4 0.503 -8.2
19930206 0 0.41 0.494 -0.7
19930207 0.2 0.42 0.485 -4.2
19930208 0 0.43 0.466 -5.8
19930209 0 0.44 0.466 -3.4
19930210 0 0.44 0.457 -2.7
19930211 0 0.45 0.448 -2.1
19930212 0 0.46 0.448 -2.6
19930213 0 0.47 0.448 -4
19930214 0 0.48 0.448 -1.3
19930215 0 0.49 0.448 -3.7
19930216 0 0.51 0.448 -5.6
19930217 5 0.53 0.448 -0.5
19930218 2.8 0.55 0.448 -0.5
19930219 1 0.57 0.448 0.6
19930220 13.6 0.58 0.448 -1.4
19930221 9 0.6 0.448 -2
19930222 0.5 0.62 0.439 -8.5
19930223 0.8 0.63 0.439 -9
19930224 8.2 0.65 0.43 -4
19930225 2.5 0.67 0.43 -2.9
19930226 1.2 0.69 0.43 -3.9
19930227 0 0.71 0.43 -7.1
19930228 0 0.72 0.43 -10.4
19930301 0 0.74 0.42 -5
19930302 0.1 0.76 0.42 -5.9
19930303 0 0.78 0.42 -6
19930304 0 0.79 0.42 -7
19930305 0.2 0.81 0.42 -7.5
19930306 1.2 0.83 0.42 -1.1
19930307 4.8 0.85 0.42 -1.8
19930308 0 0.87 0.42 -5.4
19930309 0 0.87 0.42 -16.6
19930310 2 0.9 0.466 -6.2
19930311 0.2 0.92 0.43 -2.2
19930312 0 0.94 0.43 0.4
19930313 0 0.96 0.43 0.8
19930314 0 0.98 0.448 0
19930315 0.1 1 0.485 0.2
19930316 0 1 0.622 2.4
19930317 6.8 1.03 1.246 3.3
19930318 0 1.06 10.895 4.7
19930319 0 1.09 5.121 3.7
19930320 0 1.13 3.53 2.7
19930321 0 1.16 3.074 5.6
19930322 4.1 1.19 2.448 5.7
19930323 0 1.22 2.084 3.4
19930324 0 1.25 1.851 0.8
19930325 0.2 1.28 1.734 -0.4
19930326 0.8 1.31 1.511 -0.9
19930327 8 1.34 1.403 -3.3
19930328 16.5 1.37 1.324 -2.4
19930329 5.5 1.4 1.272 -3.9
19930330 0.2 1.44 1.196 -1.3
19930331 0 1.47 1.071 -1.5
19930401 0 1.5 1.116 -1.3
19930402 0 1.53 1.121 -0.1
19930403 0 1.57 1.351 1.6
19930404 0 1.6 1.678 3.1
19930405 0 1.63 1.792 2.5
19930406 1.3 1.66 1.939 1.7
19930407 0.4 1.7 1.998 3.8
19930408 2 1.73 2.448 3.1
19930409 7 1.76 1.998 0
19930410 0 1.79 1.851 1.6
19930411 0 1.82 1.706 0.4
19930412 0 1.86 1.511 2.1
19930413 0 1.89 1.298 4.2
19930414 0 1.92 1.22 4.4
19930415 0 1.95 1.121 4
19930416 0 1.98 1.071 2
19930417 0 2.02 0.999 3.4
19930418 0.5 2.06 0.975 6.9
19930419 5 2.1 1.121 6.9
19930420 0 2.13 0.999 5.5
19930421 0 2.17 0.928 10
19930422 0 2.22 0.905 12.7
19930423 0 2.25 0.905 12.1
19930424 0 2.29 0.837 13.8
19930425 0 2.32 0.77 14.8
19930426 0 2.35 0.726 11.5
19930427 0 2.39 0.726 11.2
19930428 0 2.42 0.726 12
19930429 0 2.46 0.726 12.9
19930430 0 2.49 0.726 13.1
19930501 0 2.53 0.684 13.5
19930502 2.1 2.57 0.674 13.9
19930503 4.6 2.59 0.663 10.9
19930504 0.3 2.62 0.663 7.7
19930505 3 2.65 0.705 5.5
19930506 0 2.69 0.684 9.8
19930507 0 2.74 0.663 12.2
19930508 0.4 2.77 0.622 10.3
19930509 0 2.81 0.611 12.8
19930510 0 2.82 0.602 6.4
19930511 0 2.87 0.572 9.9
19930512 0 2.9 0.562 10.6
19930513 0 2.94 0.562 11.3
19930514 0 2.99 0.562 14.9
19930515 28 3.01 0.999 11.6
19930516 0 3.01 0.663 11.7
19930517 0 3.02 0.622 9.7
19930518 0 3.05 0.582 13.2
19930519 0 3.07 0.562 14.4
19930520 0 3.09 0.533 15.9
19930521 26 3.09 0.562 13.2
19930522 15 3.1 0.77 9.7
19930523 1 3.12 0.837 10.8
19930524 0 3.13 0.684 11.6
19930525 0 3.16 0.702 14.2
19930526 9.8 3.17 0.611 13.8
19930527 0.2 3.18 0.643 9.8
19930528 6.4 3.2 0.622 11.8
19930529 0 3.21 0.611 11.6
19930530 0 3.23 0.582 13.4
19930531 1.3 3.24 0.562 11.7
19930601 0 3.26 0.537 11.7
19930602 6 3.28 0.537 13
19930603 0.3 3.3 0.537 15.2
19930604 0 3.32 0.537 16.3
19930605 0 3.33 0.521 15.9
19930606 0 3.34 0.503 14.1
19930607 0.9 3.37 0.488 16.2
19930608 0 3.37 0.488 13.9
19930609 0 3.39 0.488 14.2
19930610 0 3.42 0.488 17.5
19930611 4 3.43 0.488 18.2
19930612 20 3.43 0.555 11.6
19930613 2 3.44 0.573 11.2
19930614 5 3.46 0.537 12.8
19930615 1.1 3.47 0.537 10.8
19930616 3 3.48 0.521 11.4
19930617 2.4 3.49 0.503 11
19930618 0.6 3.49 0.488 10.6
19930619 0.3 3.5 0.488 11.4
19930620 2.7 3.53 0.488 15.3
19930621 0.4 3.51 0.488 10.1
19930622 12.2 3.52 0.488 9
19930623 2 3.53 0.521 11.1
19930624 0 3.54 0.503 11.5
19930625 0 3.55 0.488 10.2
19930626 0 3.55 0.488 8.7
19930627 9 3.55 0.488 8.2
19930628 3.3 3.56 0.473 8.1
19930629 0 3.58 0.473 12.3
19930630 1.3 3.58 0.457 10.1
19930701 0 3.6 0.412 11.8
19930702 0 3.61 0.412 14.3
19930703 0 3.63 0.412 16.5
19930704 0 3.64 0.412 16.5
19930705 12 3.65 0.412 18.7
19930706 0.6 3.63 0.43 9.7
19930707 2.7 3.64 0.466 10
19930708 0 3.65 0.466 11
19930709 0 3.66 0.466 12.7
19930710 3.6 3.68 0.466 16.9
19930711 40 3.67 0.814 9.8
19930712 14.8 3.67 0.882 9.1
19930713 8.5 3.68 0.837 9.2
19930714 0 3.69 0.792 10
19930715 7 3.71 0.726 13.4
19930716 0.2 3.71 0.705 13.5
19930717 4.6 3.69 0.684 14.2
19930718 0.8 3.68 0.643 16
19930719 0 3.66 0.622 14.6
19930720 0 3.64 0.643 14.6
19930721 0 3.61 0.602 11.9
19930722 18.5 3.59 0.602 11
19930723 0.5 3.58 0.602 12.1
19930724 5 3.57 0.582 14
19930725 2 3.55 0.643 13.7
19930726 2.5 3.53 0.622 13.5
19930727 0 3.51 0.602 13.6
19930728 6.5 3.5 0.582 15.3
19930729 0 3.49 0.582 18.2
19930730 0.2 3.46 0.582 15.4
19930731 0 3.45 0.562 16.2
19930801 0 3.41 0.562 12.2
19930802 0 3.39 0.562 12.1
19930803 0 3.39 0.542 16.4
19930804 2.9 3.38 0.542 18.1
19930805 5.9 3.36 0.542 17.5
19930806 0.8 3.33 0.523 13.1
19930807 0 3.3 0.513 11.7
19930808 0 3.29 0.513 12.3
19930809 0.2 3.27 0.523 13.4
19930810 5.5 3.25 0.503 12.3
19930811 0 3.22 0.503 10.2
19930812 0 3.21 0.485 12.8
19930813 0 3.19 0.485 12
19930814 0 3.18 0.485 14.7
19930815 0 3.18 0.475 18
19930816 0 3.18 0.475 19
19930817 0 3.12 0.466 14.4
19930818 0.1 3.07 0.466 11.9
19930819 0.1 3.02 0.448 11.3
19930820 0 2.99 0.448 13.7
19930821 0 2.95 0.448 16
19930822 0 2.91 0.448 18.2
19930823 16 2.85 0.43 11
19930824 5 2.8 0.43 8.4
19930825 0 2.75 0.43 8.4
19930826 0 2.7 0.43 6.7
19930827 0 2.67 0.43 11
19930828 0 2.62 0.43 8.9
19930829 11.5 2.58 0.43 10.7
19930830 0 2.53 0.42 9
19930831 0 2.49 0.42 8.4
19930901 9.7 2.45 0.448 10.7
19930902 0 2.41 0.562 10.2
19930903 8 2.36 0.542 10.6
19930904 2.8 2.31 0.562 7.9
19930905 0 2.27 0.542 6.6
19930906 0 2.22 0.523 6.7
19930907 0 2.18 0.485 6.4
19930908 0.1 2.15 0.475 11.8
19930909 0.1 2.1 0.475 13.5
19930910 0 2.06 0.503 11.6
19930911 8 2.01 0.523 11.1
19930912 4 1.96 0.562 9.9
19930913 3.5 1.93 0.542 12.6
19930914 0.5 1.88 0.726 10.7
19930915 19 1.83 0.999 9.8
19930916 1.2 1.81 0.882 12.2
19930917 1.1 1.77 0.726 7.4
19930918 0 1.73 0.663 2.7
19930919 0 1.7 0.602 4.6
19930920 0 1.67 0.562 4.4
19930921 0 1.66 0.562 11.6
19930922 0 1.63 0.542 15.2
19930923 0 1.59 0.533 5.6
19930924 0 1.57 0.533 13.5
19930925 0.6 1.54 0.523 15.4
19930926 13 1.5 0.542 9.8
19930927 0 1.47 0.523 6.9
19930928 0.2 1.44 0.503 5.2
19930929 0 1.41 0.503 6.2
19930930 0 1.37 0.494 0.6
19931001 0 1.35 0.485 7.6
19931002 0 1.33 0.485 12.6
19931003 4.7 1.29 0.485 10.8
19931004 0.2 1.26 0.485 5.8
19931005 0 1.23 0.475 6.2
19931006 0 1.2 0.466 8.5
19931007 0.2 1.17 0.466 10.6
19931008 0 1.14 0.466 9.8
19931009 3.1 1.11 0.475 11.8
19931010 0 1.08 0.466 6.8
19931011 0 1.05 0.466 10.6
19931012 0.8 1.02 0.448 12.3
19931013 0.7 0.99 0.448 12.5
19931014 2.5 0.96 0.448 12.7
19931015 0 0.93 0.448 9.9
19931016 0 0.93 0.439 5.4
19931017 6.8 0.91 0.448 5.1
19931018 0 0.88 0.448 0
19931019 0 0.86 0.412 1
19931020 0 0.85 0.42 3.5
19931021 0.5 0.83 0.43 4.2
19931022 20 0.81 0.562 3.6
19931023 18.5 0.79 1.023 3.6
19931024 6 0.77 1.121 1.2
19931025 0 0.75 1.058 2.7
19931026 0 0.73 0.94 0.3
19931027 0.1 0.71 0.825 1.2
19931028 0.1 0.69 0.726 2.3
19931029 0 0.67 0.674 1.5
19931030 0 0.65 0.643 -0.2
19931031 0 0.63 0.622 -0.9
19931101 0 0.61 0.582 4.1
19931102 0 0.59 0.582 3.3
19931103 0 0.57 0.582 2.8
19931104 0 0.56 0.562 5.5
19931105 0 0.54 0.542 6.9
19931106 15 0.52 0.562 5
19931107 2.3 0.5 0.643 10.1
19931108 0 0.48 0.643 5.8
19931109 0.1 0.46 0.633 4.8
19931110 0.1 0.44 0.622 3.5
19931111 0.3 0.42 0.622 2.2
19931112 0 0.4 0.705 0.8
19931113 0.1 0.38 0.705 0.3
19931114 5 0.36 0.705 0.9
19931115 10.8 0.34 0.705 1.5
19931116 0.3 0.33 0.726 -1.8
19931117 0 0.33 0.705 -6.1
19931118 0 0.32 0.643 -8.6
19931119 0 0.32 0.643 -5.7
19931120 2 0.31 0.622 -8.3
19931121 9.8 0.31 0.622 -6
19931122 7 0.3 0.611 -4.8
19931123 0 0.3 0.591 -4
19931124 0 0.3 0.572 -1.5
19931125 0 0.29 0.582 -2.7
19931126 0 0.29 0.562 -9.5
19931127 0 0.28 0.542 -7.8
19931128 2.6 0.28 0.562 -3.8
19931129 0 0.27 0.542 -7.2
19931130 0 0.27 0.523 -9.2
19931201 0 0.26 0.503 -4.9
19931202 0.2 0.26 0.503 -2.5
19931203 0.2 0.26 0.513 2.1
19931204 0 0.25 0.643 2.7
19931205 0 0.25 0.999 2.7
19931206 0 0.24 1.047 0
19931207 3.4 0.24 0.905 -1.8
19931208 2 0.23 1.511 -0.4
19931209 20 0.23 2.825 3.5
19931210 10 0.23 2.518 2.5
19931211 0.6 0.22 2.251 1.8
19931212 0 0.22 2.136 0.1
19931213 1.5 0.21 1.939 1.2
19931214 14 0.21 3.722 3.2
19931215 0.6 0.2 3.722 0.9
19931216 0 0.2 3.625 1.2
19931217 1.5 0.2 3.53 0.4
19931218 2.5 0.21 3.435 0.4
19931219 20 0.21 3.342 4.3
19931220 10 0.21 3.342 1.1
19931221 7.7 0.21 3.342 1.5
19931222 12 0.21 3.342 -0.6
19931223 10.5 0.21 2.825 0.2
19931224 0.8 0.21 1.939 -0.1
19931225 10 0.21 1.792 -0.8
19931226 0 0.21 1.65 -2.1
19931227 2 0.22 1.567 -1.9
19931228 0 0.22 1.43 -5.6
19931229 0 0.22 1.324 -5.9
19931230 5.4 0.22 1.272 -0.5
19931231 18 0.22 1.939 1.8
19940101 3.2 0.22 3.074 -0.3
19940102 9 0.22 2.591 -1.5
19940103 5 0.22 2.448 -0.1
19940104 0.3 0.23 2.251 2.1
19940105 0 0.23 2.136 1.4
19940106 0 0.23 2.037 1.9
19940107 0 0.23 1.909 4.8
19940108 0 0.23 1.998 2
19940109 0 0.23 1.969 1.7
19940110 0 0.23 1.88 1.7
19940111 0.5 0.23 1.678 2.7
19940112 0.5 0.24 1.622 2.6
19940113 2 0.24 1.622 4.4
19940114 0.8 0.24 1.567 2.4
19940115 0 0.24 1.511 1.1
19940116 6 0.24 1.457 -0.1
19940117 1.2 0.25 1.403 -3.6
19940118 0 0.25 1.376 -7.8
19940119 0 0.26 1.351 -3.2
19940120 0 0.27 1.324 -5.5
19940121 0 0.28 1.298 -6.7
19940122 0.3 0.29 1.272 -3.6
19940123 4.3 0.3 1.246 1
19940124 12.5 0.3 1.246 -0.3
19940125 13 0.31 1.17 1.3
19940126 2.6 0.32 1.65 1.3
19940127 9.6 0.33 1.821 1.4
19940128 10 0.34 2.591 -0.3
19940129 0.2 0.35 2.379 -1
19940130 0 0.35 1.998 -0.1
19940131 0 0.36 1.939 -1
19940201 0 0.37 1.65 -0.1
19940202 0.6 0.38 1.298 -1.1
19940203 0 0.38 1.196 -5.9
19940204 0 0.39 1.096 -3.3
19940205 0 0.4 1.023 -2.9
19940206 0 0.41 0.999 1.8
19940207 0 0.42 0.975 0
19940208 0.1 0.43 0.952 0.2
19940209 0.2 0.44 0.952 -0.1
19940210 0.2 0.44 0.928 -0.7
19940211 0.2 0.45 0.905 -1.3
19940212 1.7 0.46 0.905 -8.6
19940213 1 0.46 0.882 -13.5
19940214 0 0.47 0.882 -10.9
19940215 0 0.49 0.859 -10.4
19940216 0 0.51 0.859 -9.6
19940217 0 0.53 0.837 -10.5
19940218 0 0.54 0.928 -14.1
19940219 0 0.56 0.999 -15.1
19940220 0 0.58 1.023 -10
19940221 0 0.6 0.928 -0.9
19940222 0 0.62 0.999 -0.5
19940223 14.6 0.64 1.196 -1.4
19940224 0.2 0.66 1.298 0
19940225 0.1 0.67 1.272 -0.4
19940226 0 0.69 1.121 0
19940227 0 0.71 0.999 1.5
19940228 0 0.73 0.94 2.4
19940301 0 0.75 0.952 2.9
19940302 0 0.76 0.952 0.9
19940303 7 0.78 0.952 0.1
19940304 1.7 0.8 0.952 -0.5
19940305 0 0.82 0.952 -1.5
19940306 0 0.84 0.975 0.2
19940307 5 0.86 0.999 3
19940308 0 0.87 0.975 4.2
19940309 0 0.89 1.706 6.7
19940310 0 0.91 1.88 5
19940311 0 0.92 1.678 0.6
19940312 6.5 0.95 1.538 5.6
19940313 9.6 0.96 1.734 3.7
19940314 7.3 0.98 2.379 4.7
19940315 14.6 1 2.637 3.7
19940316 7.5 1 4.583 1.1
19940317 8.5 1.03 3.319 -0.3
19940318 18 1.06 2.538 -0.4
19940319 2 1.09 4.173 1.2
19940320 0 1.12 5.241 0.7
19940321 0 1.15 2.314 -0.5
19940322 1.6 1.19 2.314 1.6
19940323 0.2 1.23 2.314 6.6
19940324 4 1.25 2.251 4.2
19940325 1 1.29 2.192 5.5
19940326 0 1.32 2.037 2
19940327 0.3 1.34 1.88 -1.6
19940328 0 1.38 1.821 0
19940329 0 1.41 1.792 3.5
19940330 3.7 1.45 1.65 4.4
19940331 0 1.48 1.567 8.3
19940401 2.2 1.51 1.43 7.5
19940402 0 1.54 1.43 3.4
19940403 0 1.57 1.246 1.9
19940404 5 1.6 1.17 4.1
19940405 0 1.63 1.121 1.7
19940406 0 1.66 1.096 1.2
19940407 0 1.69 1.047 0.6
19940408 0 1.73 1.023 1.9
19940409 3 1.76 0.999 4.2
19940410 2.3 1.79 1.047 1.4
19940411 10 1.82 0.992 0.5
19940412 23 1.86 1.246 4.2
19940413 6 1.89 2.136 2.6
19940414 1 1.92 2.136 2.3
19940415 1 1.95 1.939 1.6
19940416 2 1.99 1.88 5.8
19940417 5 2.03 1.821 5
19940418 0.6 2.05 1.734 2.6
19940419 0 2.09 1.594 0.9
19940420 0 2.12 1.43 2.4
19940421 0 2.16 1.382 5
19940422 0 2.2 1.298 3.9
19940423 0 2.24 1.246 7.5
19940424 0 2.27 1.196 7.6
19940425 0 2.31 1.145 7.4
19940426 0 2.34 1.096 8.3
19940427 0 2.38 1.071 8.5
19940428 0 2.42 0.999 9.7
19940429 0 2.45 0.975 8.1
19940430 0 2.49 0.952 11.5
19940501 0.5 2.52 0.952 8.2
19940502 0.2 2.54 0.928 2.5
19940503 0 2.58 0.905 5
19940504 0.6 2.62 0.905 8.4
19940505 0 2.66 0.905 8.2
19940506 0.5 2.69 0.905 8.5
19940507 0 2.72 0.882 4.7
19940508 0 2.76 0.882 7.2
19940509 0 2.79 0.859 7.5
19940510 0 2.83 0.814 8.5
19940511 0 2.86 0.77 8.9
19940512 16 2.9 0.859 8.6
19940513 0 2.93 0.837 9.3
19940514 0 2.98 0.77 12.1
19940515 0 3.01 0.77 12.1
19940516 0 3.01 0.749 11.6
19940517 0 3.03 0.726 12.2
19940518 0 3.05 0.726 15.1
19940519 15 3.06 0.882 12.3
19940520 0 3.06 0.975 7.3
19940521 8.3 3.08 0.814 9.8
19940522 0 3.1 0.705 10.6
19940523 0 3.12 0.749 10.6
19940524 0 3.14 0.726 12.3
19940525 0.1 3.15 0.726 10.6
19940526 17.5 3.17 0.77 12.5
19940527 10 3.17 1.376 7.6
19940528 0.3 3.18 1.298 7.6
19940529 4.3 3.21 1.096 10.3
19940530 0.1 3.22 1.071 9.1
19940531 0 3.24 0.905 10.4
19940601 0 3.26 0.839 10.9
19940602 1.2 3.3 0.816 19.2
19940603 0.2 3.3 0.792 14.3
19940604 0 3.3 0.748 10.8
19940605 2.3 3.31 0.736 9.3
19940606 0 3.32 0.682 6.8
19940607 0 3.35 0.64 10.3
19940608 0 3.37 0.618 14.1
19940609 10 3.38 0.64 9.8
19940610 0 3.39 0.64 9.1
19940611 0 3.41 0.618 9.8
19940612 0 3.43 0.597 11
19940613 0 3.44 0.597 10.3
19940614 0 3.46 0.577 11.8
19940615 0 3.47 0.577 10.2
19940616 7 3.47 0.597 9.6
19940617 1 3.48 0.618 9.1
19940618 1.5 3.5 0.577 11.5
19940619 0 3.52 0.577 16.6
19940620 0 3.52 0.577 13.3
19940621 0 3.53 0.556 14.1
19940622 0 3.55 0.536 17.2
19940623 0 3.56 0.518 18
19940624 0 3.55 0.507 12.7
19940625 0 3.56 0.498 15.2
19940626 0 3.59 0.518 19.5
19940627 0 3.6 0.498 19.9
19940628 0 3.61 0.498 21.8
19940629 0 3.62 0.518 22.4
19940630 18.5 3.61 0.597 17
19940701 0 3.61 0.536 14.8
19940702 0 3.62 0.527 16
19940703 0 3.63 0.441 17.2
19940704 0 3.65 0.536 19
19940705 5 3.65 0.536 17.8
19940706 2 3.65 0.536 15
19940707 1.8 3.65 0.536 14.5
19940708 0 3.65 0.525 12.2
19940709 0 3.67 0.518 15.2
19940710 17.6 3.68 0.618 15.8
19940711 0 3.7 0.536 18.3
19940712 0 3.71 0.498 18.6
19940713 0 3.7 0.503 14.9
19940714 0 3.72 0.479 18.6
19940715 0 3.73 0.479 20.1
19940716 0 3.73 0.479 19.3
19940717 36.3 3.7 0.618 17.1
19940718 0.2 3.69 0.536 17.6
19940719 0 3.66 0.479 14.3
19940720 0 3.64 0.479 14.6
19940721 0 3.63 0.479 15.6
19940722 0 3.61 0.479 17.3
19940723 0 3.61 0.469 20.4
19940724 0 3.59 0.46 21.2
19940725 0 3.57 0.46 19.6
19940726 0 3.54 0.441 18.1
19940727 0 3.54 0.441 21.7
19940728 0 3.52 0.441 22
19940729 0 3.5 0.441 20.2
19940730 0 3.48 0.441 21.3
19940731 0 3.45 0.441 18
19940801 0 3.44 0.441 21.2
19940802 0 3.43 0.441 22.5
19940803 0 3.4 0.597 19
19940804 0 3.38 0.441 19
19940805 0 3.37 0.441 20.5
19940806 0 3.35 0.441 21.3
19940807 30 3.33 0.536 19.8
19940808 3 3.31 0.46 20.2
19940809 10 3.29 0.577 18.7
19940810 10 3.27 0.498 19.8
19940811 6.5 3.25 0.518 18.6
19940812 0 3.22 0.498 15.7
19940813 0 3.2 0.479 15.2
19940814 0 3.19 0.46 15.1
19940815 0 3.16 0.451 13.5
19940816 0 3.17 0.441 16.2
19940817 0 3.12 0.441 13.6
19940818 5.2 3.07 0.441 13.4
19940819 4.4 3.03 0.441 14.5
19940820 0 2.98 0.451 10.7
19940821 0 2.94 0.441 14.2
19940822 0 2.9 0.441 13.8
19940823 0 2.85 0.441 12.8
19940824 0 2.81 0.441 13.5
19940825 25 2.77 0.597 13
19940826 7 2.72 0.498 12.6
19940827 0 2.68 0.479 12.8
19940828 0.8 2.63 0.46 13
19940829 0.3 2.59 0.451 13.5
19940830 0 2.54 0.441 12.9
19940831 0 2.5 0.441 14
19940901 20 2.47 0.816 17.3
19940902 0 2.43 0.618 18.5
19940903 3.7 2.37 0.64 15.3
19940904 0.1 2.33 0.577 14.1
19940905 0 2.28 0.556 13.7
19940906 7.8 2.23 0.518 12.3
19940907 2 2.2 0.498 15.6
19940908 0.5 2.15 0.479 15.7
19940909 0 2.1 0.441 12.8
19940910 0 2.06 0.441 12.3
19940911 6.4 2.01 0.46 12.1
19940912 9.5 1.98 0.46 15.9
19940913 5.5 1.93 0.498 15.3
19940914 8.7 1.89 0.469 16.2
19940915 10 1.85 0.479 17.5
19940916 0 1.8 0.518 10.2
19940917 0.1 1.77 0.597 9.6
19940918 0.2 1.74 0.518 6.9
19940919 0 1.71 0.479 9.7
19940920 1.6 1.68 0.46 9
19940921 0.3 1.65 0.46 11.2
19940922 0 1.62 0.451 8.7
19940923 0.1 1.59 0.451 9.2
19940924 0.1 1.57 0.46 14.8
19940925 0.1 1.54 0.46 15.7
19940926 12.6 1.51 0.46 14.6
19940927 12.8 1.48 0.577 13.6
19940928 0 1.44 0.587 8.9
19940929 0 1.41 0.556 9.2
19940930 0 1.39 0.518 14.2
19941001 0 1.35 0.498 11.3
19941002 0 1.32 0.498 10.2
19941003 15 1.3 0.64 13.7
19941004 0.5 1.25 0.597 3.6
19941005 0.5 1.22 0.556 3.5
19941006 0.2 1.19 0.536 1.5
19941007 3 1.17 0.518 4
19941008 0.3 1.13 0.498 2.2
19941009 0.2 1.1 0.498 0.9
19941010 0 1.07 0.498 3.4
19941011 0 1.04 0.498 3.1
19941012 0 1.02 0.498 4.9
19941013 0 0.99 0.479 5
19941014 0.1 0.96 0.498 7.5
19941015 0.1 0.93 0.498 6.6
19941016 0.1 0.93 0.498 6.1
19941017 1 0.9 0.479 1.9
19941018 0 0.88 0.46 -0.6
19941019 0 0.86 0.451 1
19941020 0 0.85 0.451 3.1
19941021 0 0.83 0.46 4.3
19941022 0 0.81 0.46 7.9
19941023 0 0.79 0.451 7.3
19941024 1.5 0.77 0.451 8.9
19941025 0.4 0.75 0.451 7
19941026 9.7 0.73 0.479 7.8
19941027 0 0.71 0.498 6.7
19941028 3 0.69 0.498 8.6
19941029 0 0.67 0.498 5.4
19941030 12 0.66 0.536 10.3
19941031 0 0.64 0.618 13
19941101 0 0.62 0.577 9.7
19941102 0 0.59 0.577 2.6
19941103 0 0.57 0.556 4
19941104 0 0.55 0.556 4.5
19941105 0 0.54 0.536 11.5
19941106 0 0.52 0.518 7.2
19941107 0 0.5 0.507 6.3
19941108 0 0.48 0.536 7
19941109 0 0.46 0.479 6
19941110 0 0.44 0.46 5.2
19941111 0.2 0.42 0.479 6
19941112 0 0.4 0.46 5
19941113 0 0.38 0.451 5
19941114 1.2 0.36 0.441 4.5
19941115 9 0.34 0.479 8.7
19941116 0 0.33 0.46 7.3
19941117 14.5 0.33 0.46 5.8
19941118 1.5 0.32 0.556 4.2
19941119 0.5 0.32 0.597 3.1
19941120 1 0.32 0.597 6.1
19941121 0 0.31 0.536 7.6
19941122 0 0.31 0.536 4.6
19941123 0 0.3 0.518 2.4
19941124 0 0.3 0.518 6.2
19941125 0 0.29 0.536 4.8
19941126 8 0.29 0.536 2.2
19941127 1.5 0.29 0.556 6.2
19941128 0 0.28 0.536 4.6
19941129 3.3 0.28 0.536 5
19941130 1 0.27 0.536 3.1
19941201 0 0.27 0.527 -2.5
19941202 0 0.26 0.518 -1.5
19941203 0 0.26 0.498 -1.7
19941204 0 0.25 0.518 2.5
19941205 5 0.25 0.536 5.7
19941206 0 0.24 0.536 3.2
19941207 0 0.24 0.536 2.4
19941208 0 0.24 0.536 3.2
19941209 1.5 0.23 0.556 2.1
19941210 10 0.23 0.556 1.9
19941211 0 0.22 0.792 9
19941212 2 0.22 0.703 10.4
19941213 1 0.21 0.725 8.7
19941214 0.5 0.21 0.748 2.5
19941215 0.5 0.2 0.682 -2.3
19941216 0 0.2 0.64 -2.2
19941217 2 0.21 0.64 2.7
19941218 0.5 0.21 0.618 1
19941219 0.5 0.21 0.597 0.7
19941220 0 0.21 0.556 1.1
19941221 3 0.21 0.518 0.7
19941222 1 0.21 0.507 0
19941223 0 0.21 0.479 -3.5
19941224 2 0.21 0.479 -3.3
19941225 0 0.21 0.479 -3.7
19941226 2.6 0.21 0.479 -2.4
19941227 23.6 0.22 0.479 3.3
19941228 0.9 0.22 2.111 7.7
19941229 0 0.22 3.164 8.7
19941230 0 0.22 2.656 5.9
19941231 0 0.22 3.074 3.4
19950101 29.2 0.22 2.43 1.4
19950102 2 0.22 1.752 -2.2
19950103 3.6 0.22 1.459 -3.3
19950104 0 0.22 1.266 -7
19950105 0 0.23 1.186 -7
19950106 0 0.23 1.007 -8.7
19950107 0 0.23 0.933 -6.2
19950108 6 0.23 0.863 -5.3
19950109 4 0.23 0.816 -5.1
19950110 1.2 0.23 0.816 -5.6
19950111 4 0.23 0.816 -4
19950112 8 0.23 0.77 -4.9
19950113 1 0.23 0.703 -5.5
19950114 0 0.23 0.725 -10.8
19950115 0.2 0.24 0.703 -5.1
19950116 0 0.24 0.682 -10.3
19950117 0 0.24 0.682 -13
19950118 0 0.25 0.661 -14.6
19950119 0 0.26 0.661 -15.8
19950120 0 0.27 0.661 -14.8
19950121 0 0.28 0.64 -13.3
19950122 26.5 0.29 0.64 -10.8
19950123 7.3 0.29 2.23 -10.7
19950124 0 0.3 3.511 -8.2
19950125 6.4 0.31 2.938 -8.9
19950126 3.6 0.32 3.032 -9.8
19950127 2.2 0.33 5.651 -4.8
19950128 11.2 0.33 4.253 -11.1
19950129 16.1 0.34 3.999 -6.7
19950130 4.7 0.35 10.668 -9.3
19950131 0 0.36 6.551 -3.8
19950201 0 0.37 3.255 0.5
19950202 0 0.38 2.43 1.2
19950203 0 0.39 1.906 0.4
19950204 0 0.4 1.662 0.7
19950205 0.6 0.4 1.603 2.3
19950206 0.3 0.41 1.603 4
19950207 0 0.42 1.662 5.2
19950208 9 0.43 1.813 2.2
19950209 2 0.44 1.874 -0.4
19950210 0 0.44 1.632 -1.1
19950211 2 0.45 1.545 -0.2
19950212 5 0.46 1.813 2
19950213 0 0.47 2.017 4.4
19950214 0 0.48 1.936 3.6
19950215 0 0.5 1.813 4.4
19950216 7.5 0.52 2.057 5
19950217 4.2 0.53 2.009 2.8
19950218 0 0.55 1.906 2.6
19950219 0 0.57 1.662 3
19950220 4 0.59 1.813 3
19950221 1.3 0.61 1.692 7.7
19950222 0 0.62 1.603 4.2
19950223 0 0.64 1.545 0.7
19950224 0 0.66 1.459 1.5
19950225 0 0.68 1.43 1
19950226 8.3 0.69 1.43 1.8
19950227 0 0.71 1.402 0.4
19950228 0 0.73 1.375 4
19950301 0 0.75 1.32 1.5
19950302 6 0.76 1.347 1.3
19950303 0 0.78 1.329 0.5
19950304 6 0.8 1.303 -0.6
19950305 0.2 0.82 1.285 0.4
19950306 0 0.83 1.267 -0.8
19950307 0 0.85 1.259 -0.4
19950308 0 0.87 1.241 -1.7
19950309 0 0.89 1.206 1.3
19950310 0 0.91 1.171 0.2
19950311 0 0.92 1.135 -1.7
19950312 0 0.94 1.091 1.3
19950313 1.6 0.96 1.047 -1.6
19950314 0.4 0.97 1.03 -5.4
19950315 0 0.99 1.012 -1.4
19950316 0.9 0.99 0.986 -2
19950317 0 1.03 0.977 2.5
19950318 5.1 1.06 1.047 5.2
19950319 10 1.09 1.162 3.5
19950320 5.3 1.12 1.197 0.3
19950321 3.3 1.15 1.197 0.5
19950322 10 1.19 1.188 0.2
19950323 0 1.22 1.25 1.4
19950324 0 1.25 1.505 3.2
19950325 0.6 1.29 2.174 4.2
19950326 0.8 1.32 2.095 4.3
19950327 2 1.35 2.306 1.1
19950328 7 1.37 2.447 -1.7
19950329 6 1.41 2.121 -1.6
19950330 3.6 1.43 1.778 -3.8
19950331 0 1.47 1.593 -1.6
19950401 2 1.51 1.637 2.5
19950402 7.6 1.55 1.989 9.3
19950403 0 1.58 2.244 10.6
19950404 0.2 1.61 2.13 7.4
19950405 0 1.63 1.927 3.1
19950406 0 1.67 1.69 6.2
19950407 2.7 1.7 1.593 6.6
19950408 3 1.73 1.505 1.6
19950409 3.3 1.76 1.417 0.9
19950410 0.9 1.79 1.355 1.1
19950411 2.1 1.83 1.364 3.7
19950412 2.1 1.86 1.311 4.1
19950413 3.9 1.88 1.267 0.8
19950414 12.2 1.92 1.303 2.5
19950415 3 1.95 1.866 1.6
19950416 4.8 1.99 3.164 3.2
19950417 4 2.02 3.074 4.2
19950418 2.3 2.07 3.074 8
19950419 1.2 2.1 3.539 7.7
19950420 0 2.13 4.258 7.2
19950421 0 2.17 4.478 10.1
19950422 0 2.22 4.152 12.7
19950423 0 2.25 2.111 13.8
19950424 0 2.28 1.936 12.4
19950425 0 2.31 1.813 10.5
19950426 17 2.35 1.603 9.8
19950427 0.3 2.38 1.459 8.7
19950428 0 2.41 1.212 5
19950429 0 2.44 1.134 4.9
19950430 0 2.49 1.031 10
19950501 0 2.51 1.006 6.8
19950502 0 2.55 0.958 6.5
19950503 0 2.59 0.933 7.6
19950504 0 2.63 0.909 11.3
19950505 0 2.67 0.886 13
19950506 0 2.71 0.816 15.4
19950507 8.8 2.73 0.839 11.7
19950508 0 2.77 1.031 12
19950509 0 2.79 0.982 7.5
19950510 0 2.83 1.007 7.6
19950511 5 2.86 1.057 8
19950512 0.5 2.9 1.057 9.5
19950513 20 2.93 1.402 8.7
19950514 2 2.95 1.32 4.3
19950515 0 2.99 1.186 5.1
19950516 0 2.99 1.134 5.1
19950517 0 3.02 1.082 9.6
19950518 3.3 3.04 1.007 12
19950519 5.5 3.06 0.933 13.4
19950520 0 3.06 0.909 7.6
19950521 0 3.08 0.886 9
19950522 0 3.1 0.863 10.4
19950523 0 3.11 0.839 9.2
19950524 0 3.13 0.816 11.7
19950525 0 3.16 0.792 13.6
19950526 0 3.19 0.77 19.5
19950527 11 3.2 0.77 17.3
19950528 0 3.22 0.748 18.2
19950529 0 3.22 0.725 15.3
19950530 5.5 3.25 1.137 17.6
19950531 3.5 3.26 4.6 17
19950601 13 3.27 1.793 16.4
19950602 0 3.29 2.084 17.5
19950603 0 3.29 1.662 11.6
19950604 0 3.3 1.446 11.7
19950605 0 3.33 1.211 13.3
19950606 10.5 3.34 1.183 14.2
19950607 12.2 3.36 2.111 14.6
19950608 0 3.37 2.057 13.9
19950609 8.2 3.39 2.009 15.5
19950610 0 3.4 1.968 12.1
19950611 9.2 3.42 1.936 15.2
19950612 14.3 3.44 1.906 14
19950613 1.8 3.45 1.906 12.8
19950614 0 3.46 1.603 11.7
19950615 0 3.48 1.347 12.3
19950616 8 3.48 1.293 12.6
19950617 0 3.49 1.186 12.6
19950618 0 3.5 1.134 12.7
19950619 0 3.51 0.933 13
19950620 0 3.54 0.863 18.5
19950621 1.7 3.54 0.839 18.2
19950622 0 3.53 0.839 12.8
19950623 0 3.53 0.933 10.7
19950624 1.5 3.56 0.982 15.2
19950625 0 3.56 1.007 15.4
19950626 39.2 3.57 1.057 15.6
19950627 0 3.58 1.186 15.6
19950628 0 3.58 0.933 14.8
19950629 0 3.6 0.816 17.5
19950630 0 3.61 0.703 17.5
19950701 0 3.62 0.661 19.5
19950702 0 3.62 0.64 15
19950703 0.8 3.65 0.597 21.3
19950704 1.1 3.63 0.577 15.3
19950705 0 3.63 0.577 13.7
19950706 0 3.64 0.597 14.2
19950707 0 3.66 0.597 16.2
19950708 0 3.68 0.618 19.3
19950709 0 3.69 0.644 21.1
19950710 0 3.71 0.661 23
19950711 0 3.69 0.661 17.3
19950712 0 3.72 0.661 22.2
19950713 1.5 3.72 0.682 19.8
19950714 5.5 3.73 0.682 21.8
19950715 3 3.73 0.682 18.6
19950716 0.9 3.73 0.661 19.7
19950717 2 3.69 0.661 13.5
19950718 0 3.68 0.64 15.2
19950719 0 3.66 0.64 15
19950720 0 3.65 0.64 16
19950721 0 3.63 0.64 17
19950722 66.5 3.62 0.64 18
19950723 0 3.6 0.64 19
19950724 0 3.59 0.64 20
19950725 0 3.57 0.64 21
19950726 0 3.56 0.64 22
19950727 0 3.54 0.64 23
19950728 0 3.52 0.64 22
19950729 0 3.5 0.64 21
19950730 0 3.48 0.64 20
19950731 0 3.46 0.597 20
19950801 0 3.45 0.556 21.7
19950802 0 3.41 0.556 18
19950803 0 3.4 0.536 18.3
19950804 0 3.37 0.536 15.6
19950805 0 3.36 0.536 17.7
19950806 0 3.34 0.536 16.2
19950807 1.8 3.33 0.536 19.6
19950808 0 3.31 0.536 20.7
19950809 0 3.27 0.536 12.6
19950810 0 3.25 0.536 12.8
19950811 0.1 3.24 0.536 14.2
19950812 0.1 3.22 0.536 15.5
19950813 0 3.2 0.536 14.2
19950814 9.5 3.2 0.536 18.2
19950815 1.5 3.17 0.536 14.5
19950816 0 3.16 0.536 13.8
19950817 0 3.12 0.536 14.4
19950818 0.1 3.08 0.536 16.8
19950819 0 3.05 0.536 18.5
19950820 0 3 0.536 19
19950821 0 2.96 0.518 18.7
19950822 0 2.91 0.518 17.2
19950823 0 2.87 0.518 18
19950824 5.8 2.83 0.536 19.4
19950825 0 2.78 0.536 17.2
19950826 0.8 2.73 0.536 16.2
19950827 7.8 2.68 0.536 12.9
19950828 9.2 2.62 0.536 9.5
19950829 14.4 2.58 0.536 9.2
19950830 1 2.53 0.556 8.5
19950831 39 2.49 0.577 10.3
19950901 16 2.45 2.43 10.2
19950902 4 2.4 2.111 9.7
19950903 4.2 2.37 1.459 11.8
19950904 0.8 2.31 0.933 8.8
19950905 0 2.28 0.816 12.3
19950906 0 2.23 0.748 11
19950907 0 2.19 0.703 10.7
19950908 10.7 2.15 0.661 12.4
19950909 0 2.1 0.642 10.4
19950910 0 2.05 0.618 10.1
19950911 0.6 2.02 0.597 14.6
19950912 0 1.97 0.577 13.1
19950913 0.6 1.93 0.536 15.9
19950914 10.9 1.89 0.536 15.1
19950915 17.9 1.84 0.816 11.6
19950916 0 1.8 0.933 10.8
19950917 0 1.77 0.839 9.5
19950918 0 1.75 0.748 11.8
19950919 2.5 1.72 0.661 11.7
19950920 8.3 1.69 0.661 11.8
19950921 4.6 1.65 0.661 10
19950922 2 1.62 0.661 8.6
19950923 0 1.59 0.661 9.1
19950924 0 1.56 0.661 10
19950925 0 1.53 0.661 10
19950926 0.6 1.51 0.661 12.1
19950927 11 1.47 0.748 11.4
19950928 0 1.44 0.748 6.6
19950929 2 1.41 0.64 5.3
19950930 10.5 1.37 0.794 4.2
19951001 0.5 1.35 0.748 4.5
19951002 0 1.32 0.703 7.5
19951003 0 1.29 0.703 11.8
19951004 0 1.27 0.725 13.2
19951005 0 1.24 0.682 13.6
19951006 0 1.21 0.618 13.2
19951007 0 1.17 0.618 11.7
19951008 0 1.15 0.597 13
19951009 0 1.12 0.577 13.3
19951010 0.1 1.08 0.577 11.2
19951011 0.1 1.05 0.577 11.2
19951012 0.1 1.02 0.577 11
19951013 0.1 0.99 0.577 11.7
19951014 0 0.96 0.577 9.7
19951015 0 0.93 0.577 10.4
19951016 0.1 0.93 0.577 10.6
19951017 0.2 0.91 0.597 10
19951018 0.1 0.89 0.577 9.8
19951019 0 0.87 0.577 10.1
19951020 0 0.85 0.577 8.1
19951021 0 0.83 0.556 3.6
19951022 0 0.81 0.556 1.1
19951023 0 0.79 0.556 5
19951024 0 0.77 0.556 5
19951025 0 0.75 0.536 3.1
19951026 0 0.73 0.536 5.7
19951027 0 0.71 0.536 6.2
19951028 0.2 0.69 0.536 9.1
19951029 0 0.68 0.536 9.4
19951030 0 0.65 0.536 8.2
19951031 0.2 0.63 0.536 5.1
19951101 0.3 0.61 0.527 5.4
19951102 0.1 0.59 0.527 2.5
19951103 12 0.57 0.536 0.8
19951104 12.2 0.55 0.556 -1
19951105 1.3 0.53 0.703 -0.9
19951106 13.2 0.51 0.771 0.3
19951107 0.2 0.49 0.792 -0.5
19951108 0 0.47 0.839 -4.5
19951109 0 0.45 0.839 -3.7
19951110 0 0.44 0.816 1.2
19951111 0 0.42 0.698 1.4
19951112 0 0.4 0.661 1.4
19951113 0 0.38 0.682 2.4
19951114 0 0.36 0.816 2.4
19951115 0 0.34 0.886 5.4
19951116 0 0.33 1.007 5.8
19951117 0.5 0.33 1.013 1.3
19951118 0.3 0.32 0.933 -4.6
19951119 19 0.32 0.909 -1.5
19951120 0.5 0.31 0.886 -1.6
19951121 0 0.31 0.863 -9.5
19951122 0 0.3 0.839 -10.1
19951123 0 0.3 0.816 -4
19951124 0 0.3 0.816 -1.2
19951125 0 0.29 0.792 -4.1
19951126 0 0.29 0.77 -4.7
19951127 0 0.28 0.77 -0.3
19951128 0.5 0.28 0.682 0.3
19951129 0 0.27 0.816 -0.5
19951130 0 0.27 0.748 -3
19951201 0 0.27 0.748 -3.5
19951202 0 0.26 0.748 -2.3
19951203 1 0.26 0.748 -3
19951204 1.5 0.25 0.748 -5
19951205 0 0.25 0.725 -8
19951206 0 0.24 0.703 -8.3
19951207 0 0.24 0.661 -1.6
19951208 0 0.23 0.661 -0.3
19951209 0 0.23 0.661 0
19951210 4.2 0.23 0.661 -1.7
19951211 0.5 0.22 0.64 -1.2
19951212 0.6 0.22 0.64 -2
19951213 0 0.21 0.64 -5.2
19951214 0 0.21 0.618 -6.5
19951215 0 0.2 0.597 -6.6
19951216 0 0.2 0.577 -5.8
19951217 0 0.2 0.602 -1.7
19951218 0.2 0.21 0.614 -2.5
19951219 0.2 0.21 0.595 -2.4
19951220 1 0.21 0.615 -1.8
19951221 4.5 0.21 0.695 -2.8
19951222 9.1 0.21 0.637 -10.7
19951223 15 0.21 0.639 -2.3
19951224 8.5 0.21 2.784 3.3
19951225 1.4 0.21 2.601 -0.5
19951226 0 0.21 1.861 -1.7
19951227 0 0.22 1.426 -3.7
19951228 0 0.21 1.22 -14.7
19951229 0 0.21 1.144 -19.2
19951230 0 0.22 1.076 -18.6
19951231 0 0.22 1.007 -7.5
19960101 0.5 0.22 0.961 -7.9
19960102 0 0.22 0.877 -8.8
19960103 0 0.22 0.793 -6.8
19960104 0 0.22 0.735 -7.1
19960105 0 0.22 0.704 -14.6
19960106 0 0.23 0.68 -8.6
19960107 0 0.23 0.651 -3.7
19960108 0 0.23 0.631 -1.4
19960109 0 0.23 0.622 -0.3
19960110 0.1 0.23 0.639 0.5
19960111 0.1 0.23 0.715 1.5
19960112 0.1 0.24 0.9 2.3
19960113 0 0.24 1.449 0.6
19960114 0 0.24 1.594 -2.1
19960115 0 0.24 1.304 -7
19960116 0 0.24 1.121 -9.6
19960117 0 0.24 0.999 -8.8
19960118 0 0.25 0.915 -5.5
19960119 0 0.26 0.877 -6.4
19960120 0.2 0.27 0.839 -8.2
19960121 0 0.28 0.816 -8.5
19960122 0 0.29 0.793 -10.8
19960123 0 0.29 0.77 -12.4
19960124 0 0.3 0.751 -13.6
19960125 0 0.31 0.728 -15.3
19960126 0 0.32 0.705 -14.2
19960127 0.2 0.33 0.683 -11.3
19960128 0 0.33 0.66 -9.5
19960129 0 0.34 0.637 -8.7
19960130 0 0.35 0.614 -9.4
19960131 0 0.36 0.591 -9.6
19960201 0 0.37 0.605 -7.1
19960202 0 0.38 0.609 -8.3
19960203 0.2 0.39 0.608 -5.5
19960204 0 0.39 0.609 -10
19960205 0 0.4 0.587 -8.6
19960206 0 0.41 0.588 -11.3
19960207 0 0.41 0.571 -15.9
19960208 0 0.42 0.542 -20.2
19960209 0 0.43 0.536 -18.1
19960210 0 0.44 0.536 -16.2
19960211 0.8 0.45 0.536 -5.6
19960212 1 0.46 0.536 -2.9
19960213 0 0.47 0.536 -1.8
19960214 0 0.48 0.518 -5.5
19960215 0.8 0.49 0.518 -5.2
19960216 18.5 0.51 0.518 -2
19960217 19.5 0.53 0.518 -0.5
19960218 5.2 0.55 0.498 -0.4
19960219 0.5 0.57 0.498 -0.5
19960220 0.5 0.58 0.498 -2.5
19960221 0 0.6 0.498 -11
19960222 0 0.61 0.498 -11.3
19960223 0 0.63 0.498 -13.6
19960224 0 0.65 0.498 -10.4
19960225 0 0.67 0.498 -5.5
19960226 0 0.69 0.498 -0.8
19960227 0 0.71 0.498 -7
19960228 0 0.72 0.498 -8
19960229 0 0.73 0.498 -2.4
19960301 0 0.74 0.498 -3.5
19960302 0 0.76 0.498 -5.1
19960303 0 0.78 0.469 -5.8
19960304 0 0.8 0.469 -5.4
19960305 0 0.81 0.469 -3.4
19960306 0 0.83 0.469 -3.2
19960307 0 0.85 0.469 -8.6
19960308 0 0.86 0.458 -9.3
19960309 0 0.88 0.458 -7.1
19960310 0 0.9 0.458 -9.3
19960311 10 0.91 0.458 -10
19960312 4 0.93 0.458 -9
19960313 0 0.95 0.458 -8
19960314 0 0.97 0.446 -7
19960315 0 0.99 0.446 -7.5
19960316 0 0.99 0.446 -6
19960317 0 1.02 0.446 -5
19960318 0 1.05 0.446 -4
19960319 0 1.08 0.446 -5.5
19960320 0 1.12 0.446 -5.8
19960321 0 1.15 0.446 -6
19960322 0 1.18 0.446 -7.2
19960323 1.2 1.21 0.702 -4
19960324 0.8 1.25 1.276 -2
19960325 0 1.28 1.782 0.2
19960326 0 1.31 1.758 0.9
19960327 0 1.34 1.99 -5.6
19960328 0 1.37 1.324 -6
19960329 0.2 1.4 1.169 -7.6
19960330 0.3 1.43 1.092 -6.9
19960331 6 1.46 0.953 -6.3
19960401 0 1.49 0.737 -6.6
19960402 0.2 1.53 0.685 -1.9
19960403 2.8 1.57 0.64 -0.5
19960404 0 1.6 0.611 -1
19960405 0 1.63 0.653 -0.4
19960406 0 1.66 2.518 -1.2
19960407 0 1.7 3.295 5.9
19960408 0 1.73 3.737 3.9
19960409 0 1.76 3.894 3.2
19960410 0 1.79 3.466 1.1
19960411 0 1.82 2.9 1.3
19960412 1.5 1.85 2.284 -0.1
19960413 14 1.88 1.807 -0.8
19960414 10 1.91 1.602 -2.8
19960415 0 1.94 1.459 -0.8
19960416 0 1.98 1.986 -0.4
19960417 0 2.02 2.839 0.8
19960418 0 2.05 3.348 2.2
19960419 0 2.09 2.992 4.4
19960420 0 2.13 3.036 5.5
19960421 0 2.17 3.063 7.8
19960422 0 2.21 3.063 9.3
19960423 0 2.24 2.699 6.8
19960424 0.2 2.27 2.431 6.7
19960425 0 2.3 2.114 5.7
19960426 0 2.34 1.936 6.5
19960427 2 2.38 1.88 7.4
19960428 7 2.41 1.901 7.5
19960429 1.7 2.45 2.07 7.5
19960430 0 2.48 1.848 8.1
19960501 0 2.52 2.934 10.8
19960502 4.8 2.56 1.813 12
19960503 7 2.6 1.906 14
19960504 12.5 2.63 1.906 10
19960505 0 2.65 2.009 6.7
19960506 4 2.7 2.009 10
19960507 0 2.73 2.009 9.5
19960508 3.7 2.77 2.009 10.7
19960509 3 2.79 2.057 6.7
19960510 0.1 2.82 2.111 6.1
19960511 0.1 2.86 2.111 7.8
19960512 0.1 2.9 2.23 9.4
19960513 23.5 2.94 2.23 9.6
19960514 0.2 2.96 3.638 7.2
19960515 0.2 3 2.656 7.7
19960516 0 3.01 2.23 12.6
19960517 0 3.04 1.968 15.1
19960518 10 3.06 1.936 16.8
19960519 2.5 3.07 1.752 16.2
19960520 0.1 3.08 1.692 12.6
19960521 0 3.09 1.603 10.6
19960522 8.2 3.09 1.516 6.9
19960523 0 3.12 1.459 10.4
19960524 0 3.14 1.402 12.8
19960525 10.8 3.16 1.347 14.2
19960526 0 3.16 1.32 9.6
19960527 10.2 3.19 1.32 14.7
19960528 1.5 3.18 1.32 6.8
19960529 0 3.21 1.266 10.6
19960530 0 3.24 1.266 14.2
19960531 0 3.25 1.266 14.6
19960601 0 3.29 1.239 21.6
19960602 0 3.29 1.186 16.6
19960603 0 3.31 0.933 16.7
19960604 0 3.31 0.816 13.3
19960605 0 3.33 0.748 14.6
19960606 0 3.35 0.703 16
19960607 0 3.37 0.703 17.2
19960608 0 3.39 0.703 19.1
19960609 0 3.41 0.703 20.5
19960610 0.4 3.43 0.703 22.5
19960611 0.1 3.44 0.703 20.2
19960612 2 3.46 0.703 19.8
19960613 0 3.45 0.661 14.6
19960614 0.1 3.46 0.64 12.3
19960615 0 3.48 0.618 14.3
19960616 0 3.49 0.597 14.3
19960617 0 3.5 0.597 13.8
19960618 1.8 3.51 0.597 16.3
19960619 0 3.51 0.597 12.8
19960620 0 3.51 0.618 12
19960621 0 3.53 0.618 13.7
19960622 0 3.52 0.661 9.6
19960623 0 3.53 0.839 9.6
19960624 0.3 3.54 0.839 10.4
19960625 0 3.55 0.682 10.6
19960626 4.6 3.56 0.661 11.3
19960627 0 3.58 0.618 14.9
19960628 0 3.58 0.597 14.3
19960629 10 3.59 0.618 13.1
19960630 2 3.59 0.618 11.3
19960701 5 3.59 0.64 11
19960702 0 3.62 0.694 14.8
19960703 0 3.62 0.618 12.8
19960704 0 3.64 0.577 17.3
19960705 0 3.64 0.597 16.7
19960706 4.8 3.65 0.597 16.1
19960707 0 3.65 0.597 15
19960708 58 3.66 3.638 13.9
19960709 5 3.65 2.656 10.5
19960710 5.3 3.67 2.111 13.6
19960711 16.2 3.67 2.057 12.3
19960712 6.3 3.69 3.164 14.6
19960713 0 3.71 2.816 17.1
19960714 0 3.72 2.23 18.6
19960715 0 3.72 1.782 15
19960716 0 3.71 1.545 13.2
19960717 0 3.69 1.459 12.3
19960718 0 3.67 1.459 11.4
19960719 0 3.64 1.402 9.8
19960720 0 3.62 1.375 9.7
19960721 0 3.61 1.347 11.7
19960722 0 3.6 1.239 13.5
19960723 0 3.59 1.057 14.8
19960724 0 3.57 0.933 16
19960725 0.6 3.54 0.816 12.9
19960726 2.2 3.53 0.661 14.8
19960727 0 3.52 0.64 15.8
19960728 2.2 3.5 0.618 17
19960729 11.5 3.48 0.933 15.7
19960730 2.9 3.46 0.703 15.2
19960731 0 3.45 0.661 17.5
19960801 0.1 3.43 0.661 15.6
19960802 0.4 3.41 0.661 15.5
19960803 3.5 3.38 0.661 13.6
19960804 0.5 3.36 0.64 11.7
19960805 2.1 3.34 0.64 11.8
19960806 0 3.32 0.618 13
19960807 0 3.31 0.597 12.6
19960808 0 3.29 0.597 13.9
19960809 0.1 3.27 0.597 12.6
19960810 0.2 3.25 0.597 13
19960811 0.8 3.24 0.577 15.9
19960812 4.6 3.23 0.64 16.2
19960813 13 3.2 0.64 15
19960814 1 3.19 0.792 15.9
19960815 0.5 3.16 0.661 13.9
19960816 6 3.17 0.64 15.3
19960817 0.6 3.12 0.661 14.6
19960818 0 3.09 0.618 17.1
19960819 0.2 3.04 0.597 15.5
19960820 0.1 2.99 0.577 14.5
19960821 0.1 2.95 0.556 15.3
19960822 0.1 2.91 0.518 17
19960823 0.1 2.86 0.518 17
19960824 0 2.82 0.56 15.3
19960825 7.2 2.77 0.556 16.4
19960826 0 2.73 0.556 14.8
19960827 24 2.68 0.536 15.4
19960828 0 2.64 0.536 17.5
19960829 0 2.59 0.536 13.5
19960830 0 2.54 0.536 12.5
19960831 0 2.5 0.536 14.6
19960901 2.3 2.45 0.597 11.1
19960902 3.5 2.41 0.618 10.9
19960903 0 2.36 0.682 11.5
19960904 13 2.31 0.661 8.6
19960905 1 2.27 1.186 8.6
19960906 2.7 2.23 1.459 9.2
19960907 32 2.18 1.408 8.5
19960908 10.5 2.14 3.737 7.7
19960909 4.2 2.09 2.169 8.6
19960910 2 2.05 1.844 7.3
19960911 0.8 2 1.662 7.2
19960912 1 1.96 1.574 8.3
19960913 1.2 1.92 1.459 7.5
19960914 2.9 1.87 1.43 6.9
19960915 10.5 1.83 1.375 7.4
19960916 1.2 1.8 1.43 8.6
19960917 1.8 1.77 1.266 7.6
19960918 3 1.74 1.239 9
19960919 0 1.71 1.239 6.6
19960920 0 1.68 1.159 9.5
19960921 2.4 1.65 1.108 8.1
19960922 0 1.62 1.082 9
19960923 1 1.59 0.863 7
19960924 2.3 1.56 0.816 5.2
19960925 4.4 1.53 0.816 6.3
19960926 2.3 1.5 0.816 7.3
19960927 0 1.47 0.792 6.9
19960928 4 1.44 0.792 8.4
19960929 0.8 1.41 0.77 7.5
19960930 0 1.39 0.863 12.6
19961001 0 1.35 0.839 11.2
19961002 0.3 1.32 0.804 7.2
19961003 0 1.28 0.77 3.6
19961004 0 1.26 0.736 7
19961005 1.6 1.23 0.748 8.9
19961006 9.6 1.2 0.792 8.6
19961007 0.2 1.17 0.77 10.2
19961008 0 1.14 0.77 10.4
19961009 0 1.11 0.748 10.6
19961010 0 1.08 0.748 8.2
19961011 0.1 1.05 0.748 4.8
19961012 0.2 1.02 0.77 4.3
19961013 0.2 0.99 0.792 7.8
19961014 0.2 0.96 0.839 12.6
19961015 0.1 0.93 1.212 9.5
19961016 0 0.93 1.134 11.6
19961017 13.5 0.91 1.057 10.6
19961018 3.2 0.89 0.982 8.7
19961019 1.3 0.87 0.909 7.8
19961020 0.6 0.85 0.863 4.7
19961021 4.5 0.83 0.863 2.6
19961022 5 0.81 0.909 6.2
19961023 2.3 0.79 0.982 4.5
19961024 0 0.77 1.134 4.4
19961025 0 0.75 1.057 2.5
19961026 0 0.73 1.031 0.8
19961027 0 0.71 1.007 3.5
19961028 0.8 0.69 0.933 7.9
19961029 7.2 0.67 0.886 7.5
19961030 0.2 0.65 0.863 5.4
19961031 0.6 0.63 0.792 3.7
19961101 0.6 0.61 0.839 5.4
19961102 0 0.6 0.85 7.8
19961103 1.2 0.58 0.85 9.8
19961104 0.8 0.55 0.839 5.2
19961105 0 0.54 0.816 7.9
19961106 1.4 0.52 0.839 7.4
19961107 20 0.5 0.909 7.8
19961108 2 0.47 1.239 1.5
19961109 1 0.46 1.186 3.1
19961110 0 0.44 1.108 4.8
19961111 0 0.42 1.057 3.7
19961112 0 0.4 1.032 8
19961113 0.2 0.38 0.982 9.2
19961114 0.1 0.36 0.909 1.2
19961115 0.1 0.34 0.909 2.3
19961116 0.1 0.33 0.886 4.5
19961117 2 0.33 0.886 5.3
19961118 0 0.33 0.862 8.2
19961119 0 0.32 0.862 1.8
19961120 0.2 0.32 0.839 3.3
19961121 1.3 0.31 0.816 0.9
19961122 0.2 0.31 0.793 -0.8
19961123 0 0.3 0.793 -2.5
19961124 0.5 0.3 0.781 -1.2
19961125 0 0.29 0.77 -2.4
19961126 1.3 0.29 0.77 -1.8
19961127 2.5 0.28 0.748 -1.1
19961128 1 0.28 0.725 -1.7
19961129 3.2 0.27 0.703 -1.6
19961130 0.6 0.27 0.703 -1.5
19961201 1.7 0.27 0.682 -1
19961202 1.5 0.26 0.682 -0.5
19961203 0.2 0.26 0.66 0.1
19961204 0 0.25 0.66 1.3
19961205 0 0.25 0.639 -0.3
19961206 0 0.24 0.639 -1.6
19961207 0 0.24 0.639 -2
19961208 0 0.23 0.618 -1
19961209 0 0.23 0.618 -2.3
19961210 0 0.23 0.597 -2.6
19961211 0 0.22 0.597 -3
19961212 0 0.22 0.577 -1.7
19961213 8 0.21 0.577 -0.7
19961214 1.5 0.21 0.577 -7.8
19961215 0 0.2 0.557 -2.7
19961216 0 0.2 0.537 -8.7
19961217 0 0.2 0.537 -1.2
19961218 0.2 0.21 0.537 -0.1
19961219 0.2 0.21 0.537 -2.2
19961220 12 0.21 0.537 -7.5
19961221 0 0.2 0.537 -22.5
19961222 0 0.21 0.537 -24.1
19961223 0 0.21 0.537 -11.8
19961224 0.5 0.21 0.517 -19.8
19961225 0 0.21 0.517 -13.2
19961226 0 0.21 0.517 -13.5
19961227 0 0.21 0.517 -25.7
19961228 0 0.21 0.517 -28.2
19961229 0 0.21 0.517 -21.6
19961230 0 0.21 0.517 -22.6
19961231 0 0.22 0.517 -23.2
19970101 0 0.22 0.517 -17.6
19970102 0 0.22 0.517 -15.9
19970103 6.7 0.22 0.517 -10.7
19970104 0 0.22 0.517 -9.7
19970105 0 0.22 0.517 -8.7
19970106 0 0.23 0.517 -8.9
19970107 0 0.23 0.517 -10.1
19970108 0 0.23 0.498 -4.3
19970109 0 0.23 0.498 -3.9
19970110 0 0.23 0.498 -4.7
19970111 0 0.23 0.498 -5.3
19970112 0 0.23 0.498 -6.3
19970113 0 0.23 0.498 -10
19970114 0 0.24 0.498 -8
19970115 0 0.24 0.498 -7
19970116 0 0.24 0.478 -6.5
19970117 0 0.24 0.478 -8.2
19970118 0 0.25 0.478 -5.5
19970119 0 0.26 0.478 -5
19970120 2.4 0.27 0.478 -5.2
19970121 0 0.28 0.478 -1.8
19970122 0 0.29 0.478 -2.1
19970123 0 0.3 0.478 -4.5
19970124 0.1 0.3 0.46 -0.8
19970125 0 0.31 0.46 -4.9
19970126 0 0.32 0.46 -2.4
19970127 0 0.33 0.46 -7.2
19970128 0.2 0.34 0.46 -2.6
19970129 0 0.35 0.46 -1.4
19970130 0 0.35 0.46 -1
19970131 0 0.36 0.46 -1.5
19970201 0 0.37 0.46 -7
19970202 0 0.37 0.46 -10.7
19970203 0 0.38 0.46 -13.1
19970204 1.3 0.39 0.46 -4.5
19970205 2.2 0.4 0.46 -0.5
19970206 0 0.41 0.46 -5.7
19970207 0 0.42 0.46 -1.2
19970208 0 0.43 0.46 -0.2
19970209 0 0.44 0.46 -0.2
19970210 0 0.45 0.46 2.8
19970211 0 0.45 0.46 2.2
19970212 8 0.46 0.537 3.6
19970213 10.6 0.47 1.32 -0.3
19970214 2.2 0.48 2.161 -2.1
19970215 5.2 0.49 1.459 -4
19970216 0 0.51 1.057 -9.3
19970217 0 0.53 0.862 -4.6
19970218 9.5 0.55 0.793 -3.9
19970219 8.8 0.57 0.748 -2.1
19970220 0.3 0.59 0.703 5.3
19970221 0.5 0.61 0.703 4.1
19970222 0 0.62 1.082 4.7
19970223 0 0.64 1.603 4.6
19970224 3.3 0.66 2.064 5.9
19970225 14.2 0.68 2.739 3.5
19970226 7 0.69 3.955 2.8
19970227 0.3 0.71 3.102 -0.2
19970228 0 0.73 2.634 0.4
19970301 0 0.75 2.326 1
19970302 0 0.77 1.813 5.5
19970303 0.7 0.78 1.662 0.1
19970304 0 0.8 1.516 1.2
19970305 0 0.82 1.347 0
19970306 0 0.84 1.266 4.2
19970307 0 0.85 1.186 -2.1
19970308 0 0.87 1.108 0.3
19970309 0.1 0.89 1.057 -0.1
19970310 0 0.91 1.007 0.7
19970311 0 0.93 0.982 2
19970312 0 0.94 0.958 1.3
19970313 0 0.96 0.933 4
19970314 0 0.98 0.933 6.4
19970315 6 1 0.886 5.2
19970316 8.5 0.99 0.862 -0.6
19970317 0.5 1.02 0.839 -3.1
19970318 0.5 1.05 0.816 -3.7
19970319 0 1.09 0.816 0.2
19970320 0 1.12 0.816 -4.5
19970321 0 1.15 0.793 -2.1
19970322 1.5 1.18 0.793 -3.9
19970323 0 1.21 0.781 -3.4
19970324 1.7 1.25 0.748 -1
19970325 0 1.28 0.748 -0.6
19970326 0 1.31 0.77 -0.5
19970327 2 1.35 0.77 7.6
19970328 1 1.39 0.77 7.3
19970329 0 1.41 0.748 0.9
19970330 0 1.45 0.77 4.9
19970331 0 1.48 0.748 3.9
19970401 0 1.51 0.725 4
19970402 0 1.54 0.725 3.5
19970403 0 1.58 0.703 7.5
19970404 3.4 1.6 0.703 0.5
19970405 3.6 1.63 0.725 -0.8
19970406 16.2 1.66 0.933 -2.9
19970407 0 1.69 0.886 -3
19970408 0 1.72 0.886 -2.8
19970409 0 1.75 0.909 -1.6
19970410 0 1.78 0.958 -2.9
19970411 0.5 1.82 0.958 -1
19970412 0 1.85 0.909 -0.6
19970413 0 1.88 0.862 -0.8
19970414 0.5 1.92 0.886 2.7
19970415 7 1.94 0.886 -0.6
19970416 0 1.98 0.909 -1.7
19970417 4.2 2.02 1.186 0.7
19970418 0 2.06 1.057 4.3
19970419 0 2.08 0.982 -1.9
19970420 0 2.12 0.946 -1.5
19970421 0 2.15 0.933 -1.1
19970422 0 2.19 0.909 0.9
19970423 0 2.22 0.886 0.3
19970424 0 2.27 0.862 4.5
19970425 0 2.31 0.862 8.3
19970426 0 2.34 0.839 4.6
19970427 0 2.38 0.839 7
19970428 5.5 2.42 0.816 9.5
19970429 4.6 2.45 0.816 8.9
19970430 2.5 2.48 0.793 7.2
19970501 1.3 2.51 0.77 6.6
19970502 0 2.56 0.77 9.4
19970503 0 2.59 0.77 8.7
19970504 0 2.61 0.77 5.7
19970505 4.5 2.67 0.77 12.3
19970506 1.5 2.71 0.77 15
19970507 6.5 2.71 0.77 4.3
19970508 13 2.75 0.804 5.8
19970509 0 2.8 0.982 11.1
19970510 2.5 2.82 0.886 6.7
19970511 0 2.88 0.793 14.5
19970512 0 2.91 0.748 12
19970513 7.5 2.94 0.725 11.5
19970514 0 2.97 0.703 10.8
19970515 0 3.01 0.66 10.6
19970516 0 3 0.639 9.2
19970517 0 3.02 0.618 8
19970518 0.1 3.04 0.597 10.2
19970519 0.4 3.05 0.618 10.5
19970520 2.8 3.07 0.618 10.8
19970521 0.2 3.09 0.597 11.5
19970522 3.2 3.1 0.618 10.7
19970523 4.1 3.11 0.618 9.5
19970524 2.6 3.13 0.618 9.8
19970525 0 3.13 0.618 6.7
19970526 14.7 3.15 0.618 5.6
19970527 8 3.16 0.618 5
19970528 4.4 3.18 0.618 5.8
19970529 1.1 3.2 0.618 8.5
19970530 7 3.22 0.618 8.2
19970531 0 3.23 0.618 8
19970601 0 3.25 0.618 10
19970602 0 3.27 0.618 10.2
19970603 0 3.28 0.618 9.1
19970604 12.2 3.3 0.618 10.4
19970605 7 3.33 0.618 13.3
19970606 0.8 3.34 0.597 12.4
19970607 0 3.36 0.597 13.5
19970608 0 3.37 0.597 13.5
19970609 0 3.39 0.577 12.8
19970610 0 3.41 0.517 16.7
19970611 0 3.43 0.498 17.1
19970612 0 3.45 0.498 18
19970613 0 3.46 1.057 16.8
19970614 3.6 3.48 1.082 16.4
19970615 2.4 3.48 0.748 13.3
19970616 0 3.48 0.748 12.2
19970617 0 3.49 0.725 11.8
19970618 1.2 3.5 0.725 11.6
19970619 0 3.51 0.725 12.3
19970620 50 3.51 0.725 10.2
19970621 0.2 3.53 0.714 13.6
19970622 1.1 3.52 0.703 10.5
19970623 4.2 3.54 0.66 12
19970624 0.5 3.56 0.618 15.4
19970625 0.6 3.55 0.577 10.5
19970626 0.2 3.57 0.557 14.3
19970627 0.8 3.58 0.557 15.2
19970628 0 3.62 0.557 25
19970629 0 3.63 0.557 25.6
19970630 8.2 3.62 0.557 20
19970701 0.2 3.61 0.639 14.3
19970702 0 3.62 0.577 15.1
19970703 24 3.63 0.933 17
19970704 24.3 3.64 1.581 16.9
19970705 25 3.64 2.458 15.5
19970706 41.6 3.64 2.593 13.5
19970707 61.5 3.65 16.806 13.8
19970708 0 3.67 24.938 17.8
19970709 0 3.68 6.352 16.7
19970710 0 3.68 3.614 15.2
19970711 0 3.69 2.638 15.2
19970712 0 3.7 2.169 15.9
19970713 0 3.7 1.834 14.9
19970714 0 3.71 1.536 16.5
19970715 1.5 3.73 1.437 17.8
19970716 0.4 3.73 1.401 20
19970717 3.8 3.72 1.364 20
19970718 38.9 3.7 1.861 19.5
19970719 28.2 3.68 6.072 19
19970720 7.5 3.66 12.288 18.8
19970721 9.8 3.64 6.993 18.2
19970722 1.4 3.62 5.738 18
19970723 2.3 3.6 4.102 17.5
19970724 3.2 3.57 3.316 15
19970725 14.2 3.55 3.542 15.2
19970726 5 3.53 3.894 14.8
19970727 0.8 3.51 3.461 14.6
19970728 0 3.49 2.837 14.5
19970729 0.5 3.48 1.984 14.7
19970730 0 3.46 1.813 15
19970731 12.5 3.44 1.692 16
19970801 19.8 3.41 2.393 12.6
19970802 0.5 3.4 2.359 14.7
19970803 0.5 3.39 2.161 16.9
19970804 0 3.36 1.813 13.6
19970805 4.2 3.35 1.752 15.3
19970806 0 3.33 1.633 14.1
19970807 0.1 3.31 1.516 15.4
19970808 0.1 3.3 1.459 15.3
19970809 0.7 3.28 1.32 16.4
19970810 0 3.26 1.186 15.7
19970811 0.1 3.24 1.057 16.4
19970812 0.1 3.23 1.032 16.7
19970813 0.1 3.21 0.982 18.4
19970814 0 3.19 0.933 16.7
19970815 0.5 3.18 0.909 18
19970816 0 3.17 0.909 15.7
19970817 0 3.12 0.862 13.7
19970818 0 3.07 0.816 12.7
19970819 0 3.04 0.816 15.6
19970820 0 2.99 0.816 15.9
19970821 0 2.95 0.793 16
19970822 0 2.91 0.793 17
19970823 0 2.87 0.793 18.5
19970824 0 2.82 0.793 17.3
19970825 0 2.78 0.77 18.5
19970826 0 2.73 0.77 17.4
19970827 0 2.69 0.77 17.7
19970828 0.2 2.65 0.77 19.5
19970829 27 2.59 0.816 12.2
19970830 6.6 2.55 1.134 13.8
19970831 0 2.5 0.933 14.4
19970901 0 2.46 0.839 13.2
19970902 0 2.41 0.793 13.7
19970903 0 2.37 0.748 15.2
19970904 3.5 2.33 0.714 14.6
19970905 0 2.28 0.703 14.1
19970906 5.8 2.24 0.725 14.6
19970907 0 2.19 0.725 12.7
19970908 0 2.15 0.703 12.6
19970909 0.5 2.1 0.682 11.6
19970910 0 2.05 0.66 9.5
19970911 0 2.02 0.66 14.5
19970912 0.5 1.97 0.66 15
19970913 3.5 1.92 0.66 10.1
19970914 0 1.87 0.66 4.2
19970915 0.5 1.83 0.66 6
19970916 0 1.8 0.65 6.9
19970917 0 1.77 0.65 9.7
19970918 5 1.74 0.65 10.8
19970919 0 1.71 0.65 9
19970920 0 1.68 0.65 7.5
19970921 0 1.65 0.65 7.3
19970922 0 1.62 0.65 9.5
19970923 0 1.59 0.65 9.5
19970924 0.5 1.56 0.65 9.3
19970925 0 1.53 0.65 6.4
19970926 0 1.5 0.65 8.6
19970927 2.5 1.47 0.639 6
19970928 0 1.44 0.639 8
19970929 0 1.41 0.618 5.6
19970930 2 1.38 0.618 8.6
19971001 12 1.35 0.639 9.3
19971002 0 1.32 0.682 8.1
19971003 1.7 1.29 0.639 5
19971004 0 1.26 0.639 7.7
19971005 0.1 1.23 0.618 10.2
19971006 0.1 1.2 0.618 9.3
19971007 0.1 1.17 0.597 9.1
19971008 2.8 1.14 0.577 10.9
19971009 1.6 1.12 0.557 15.7
19971010 0 1.09 0.577 13.5
19971011 8.8 1.05 0.608 9.7
19971012 4.8 1.02 0.597 6.4
19971013 9.9 0.99 0.597 3.9
19971014 7 0.96 0.597 4.7
19971015 0.9 0.92 0.597 2.3
19971016 0.1 0.92 0.597 1
19971017 0.1 0.9 0.577 1
19971018 0.1 0.89 0.567 4.8
19971019 0.1 0.87 0.567 4
19971020 0.1 0.85 0.567 5.7
19971021 0.1 0.83 0.567 1.9
19971022 0.1 0.8 0.567 -3
19971023 0.4 0.79 0.567 0.8
19971024 0.5 0.77 0.567 0.1
19971025 8.2 0.75 0.567 -0.5
19971026 3 0.73 0.557 -2.7
19971027 0.5 0.71 0.557 -2.6
19971028 0 0.68 0.567 -7.1
19971029 0.1 0.67 0.567 -3.9
19971030 0 0.65 0.577 -1
19971031 0.1 0.63 0.577 -0.3
19971101 0 0.61 0.546 0.1
19971102 0.1 0.59 0.535 -0.5
19971103 0 0.57 0.533 0.9
19971104 0 0.55 0.611 -3.8
19971105 0 0.53 0.528 1.8
19971106 0 0.52 0.527 10.4
19971107 0 0.5 0.511 11.3
19971108 32 0.48 0.972 9.5
19971109 0 0.46 1.266 9.1
19971110 0 0.44 1.003 3.2
19971111 0 0.42 0.826 5.2
19971112 0 0.4 0.778 9.6
19971113 0.5 0.38 0.727 5.5
19971114 8.5 0.36 0.689 3.9
19971115 0 0.34 0.657 3.1
19971116 0 0.33 0.644 2.9
19971117 0.5 0.33 0.617 2.9
19971118 0.2 0.32 0.608 -3
19971119 0.3 0.32 0.614 -3.8
19971120 0 0.31 0.601 -8.4
19971121 0.2 0.31 0.578 -4.3
19971122 0 0.3 0.561 -3.1
19971123 0 0.3 0.57 -1.8
19971124 0 0.3 0.577 -1.9
19971125 0.3 0.29 0.577 -0.9
19971126 0 0.29 0.571 -0.5
19971127 0 0.28 0.561 -1.1
19971128 2 0.28 0.543 0.1
19971129 0.7 0.28 0.543 1.8
19971130 2.1 0.27 0.547 2.4
19971201 6.2 0.27 0.585 1.7
19971202 0 0.26 0.615 -0.9
19971203 0 0.26 0.624 -0.7
19971204 2.5 0.25 0.645 -0.5
19971205 2.7 0.25 0.628 -4.1
19971206 6.8 0.24 0.612 -3.3
19971207 0 0.24 0.62 -2.6
19971208 0 0.23 0.629 -1.2
19971209 0 0.23 0.625 -0.6
19971210 8.1 0.23 0.709 1.7
19971211 8.9 0.22 1.704 5.5
19971212 10.9 0.22 2.932 3.6
19971213 4.9 0.21 3.477 0.2
19971214 0.8 0.21 2.6 -1.9
19971215 1.2 0.2 2.026 -9.1
19971216 0 0.2 1.714 -12.5
19971217 0 0.2 1.734 -7.1
19971218 0 0.2 1.636 -7
19971219 0 0.21 1.286 -4.1
19971220 0 0.21 1.217 1.3
19971221 0 0.21 2.221 -0.3
19971222 0 0.21 2.191 -1.6
19971223 0 0.21 1.792 -1.2
19971224 10.5 0.21 1.666 0.5
19971225 15 0.22 1.597 4.4
19971226 0.5 0.22 1.821 4.7
19971227 0 0.22 1.831 2.1
19971228 0 0.22 1.724 -0.5
19971229 0 0.22 1.568 -0.4
19971230 0 0.22 1.432 -1.2
19971231 0 0.22 1.325 -2.2
19980101 0 0.22 1.325 -1.6
19980102 0 0.22 1.256 -0.8
19980103 0 0.23 1.247 3
19980104 16.5 0.23 1.539 2.2
19980105 8.6 0.23 1.471 2.6
19980106 6.9 0.23 1.89 1.4
19980107 0.5 0.23 2.23 3.3
19980108 0.8 0.23 2.376 5
19980109 2 0.23 2.435 5.5
19980110 0 0.23 2.542 4.2
19980111 0 0.23 2.299 0
19980112 0 0.23 1.967 -1.5
19980113 0 0.24 1.812 -0.9
19980114 0 0.24 1.675 -1.7
19980115 0 0.24 1.549 -2.6
19980116 2.8 0.24 1.48 0.4
19980117 0 0.25 1.471 -0.4
19980118 0.2 0.25 1.412 -0.3
19980119 6.1 0.26 1.334 0.1
19980120 4.3 0.27 1.325 -1.1
19980121 1.8 0.28 1.266 -1.7
19980122 5.2 0.29 1.208 -2
19980123 0 0.3 1.188 -4.1
19980124 0 0.3 1.149 -5.5
19980125 0 0.31 1.091 -6.6
19980126 0 0.32 1.013 -7.3
19980127 0 0.33 1.149 -5.8
19980128 1.5 0.33 0.984 -8.6
19980129 0.5 0.34 0.931 -6.5
19980130 3 0.35 0.925 -4.3
19980131 0 0.36 0.908 -8.4
19980201 0 0.37 1.081 -14.4
19980202 2.6 0.37 1.266 -11.4
19980203 1.4 0.39 1.11 -5.4
19980204 0 0.39 0.968 -5.5
19980205 0 0.4 0.993 -7.4
19980206 0 0.41 0.843 -2.6
19980207 0.2 0.42 0.817 -1.2
19980208 0.2 0.43 0.85 -1
19980209 0 0.44 0.818 -1.1
19980210 0 0.45 0.791 0.5
19980211 0 0.45 0.776 0
19980212 0 0.46 0.836 4.3
19980213 1.5 0.47 1.967 5.9
19980214 1 0.48 2.299 6.6
19980215 0 0.5 1.967 5.9
19980216 1.5 0.52 1.753 7.3
19980217 0 0.53 1.588 0.2
19980218 0 0.55 1.451 1.2
19980219 0 0.57 1.364 2.8
19980220 0 0.59 1.286 1.7
19980221 0 0.61 1.256 4.4
19980222 3.5 0.62 1.188 3.7
19980223 0 0.64 1.169 4.5
19980224 5.5 0.66 1.159 1.4
19980225 0 0.68 1.149 4.6
19980226 0 0.7 1.169 5.2
19980227 2 0.71 1.14 5.9
19980228 1 0.73 1.14 2.5
19980301 0 0.75 1.101 -0.9
19980302 5 0.77 1.042 2.1
19980303 10.7 0.78 1.208 3.6
19980304 0 0.81 1.451 11.1
19980305 3.1 0.82 1.588 2.6
19980306 10 0.84 1.558 0.7
19980307 3.9 0.86 1.773 5.8
19980308 6 0.87 2.133 3.8
19980309 1.5 0.89 2.114 -3
19980310 1 0.9 1.86 -4.6
19980311 0 0.92 1.597 -4.3
19980312 0 0.94 1.51 -3.1
19980313 1.7 0.96 1.432 -1.5
19980314 2.3 0.98 1.354 0.4
19980315 0 0.99 1.334 -1.4
19980316 0.5 0.99 1.325 -1.1
19980317 19.5 1.03 1.773 1.8
19980318 1 1.06 2.63 3.9
19980319 3.4 1.09 2.571 0.2
19980320 3.5 1.12 2.289 -2
19980321 2.5 1.15 2.006 -1.7
19980322 0.8 1.18 1.812 -3.6
19980323 0 1.21 1.695 -3
19980324 0 1.25 1.627 -3
19980325 0 1.28 1.529 -2
19980326 0 1.31 1.451 0.1
19980327 1.5 1.35 1.412 2.3
19980328 0 1.38 1.461 4.2
19980329 0 1.42 1.5 5.5
19980330 0 1.45 1.48 7.1
19980331 0 1.48 1.441 7.7
19980401 0 1.52 1.441 9.6
19980402 4 1.55 1.393 7.6
19980403 0 1.58 1.412 8.4
19980404 0 1.61 1.364 8.1
19980405 0 1.64 1.295 6.8
19980406 0 1.67 1.247 5.2
19980407 0 1.71 1.247 7.3
19980408 3.8 1.73 1.237 5.5
19980409 0 1.77 1.198 5.1
19980410 0 1.8 1.14 7.5
19980411 3.3 1.83 1.14 6.8
19980412 16 1.86 1.217 3.6
19980413 2.2 1.89 1.412 2.4
19980414 0 1.92 1.393 2.4
19980415 0 1.96 1.334 5.3
19980416 0 1.99 1.266 4.4
19980417 0 2.02 1.237 3.7
19980418 0 2.06 1.208 4.9
19980419 0.1 2.09 1.149 3.2
19980420 0 2.13 1.062 5.5
19980421 0 2.17 1.013 6.3
19980422 0 2.2 1.013 5.8
19980423 0 2.24 0.984 9.5
19980424 5 2.28 0.941 10.8
19980425 0 2.31 0.908 9.9
19980426 0 2.35 0.884 12.3
19980427 0 2.39 0.911 14.9
19980428 4.2 2.42 0.872 11.7
19980429 0 2.46 0.86 12.5
19980430 1.2 2.49 0.825 12.1
19980501 0 2.53 0.866 12.3
19980502 0 2.56 0.844 9.5
19980503 0 2.59 0.822 10
19980504 5.8 2.61 0.854 5.8
19980505 0 2.65 0.835 4.6
19980506 0.3 2.69 0.801 8.1
19980507 0 2.73 0.787 10.4
19980508 0 2.78 0.774 14
19980509 0 2.82 0.762 16.3
19980510 0 2.85 0.751 16.4
19980511 0 2.89 0.735 17.3
19980512 1.6 2.92 0.716 17.7
19980513 0 2.94 0.696 10.8
19980514 0 2.97 0.678 11.1
19980515 0.2 3 0.669 8.4
19980516 0.2 3 0.675 7.6
19980517 0 3.01 0.678 7.3
19980518 0.2 3.04 0.681 10.2
19980519 0 3.06 0.681 13.2
19980520 0 3.07 0.681 11.5
19980521 6.6 3.08 0.681 7.5
19980522 1 3.08 0.667 4.7
19980523 0 3.1 0.639 5.5
19980524 1 3.12 0.614 8.2
19980525 2.3 3.14 0.61 8.8
19980526 1 3.16 0.594 10.9
19980527 0 3.19 0.598 15
19980528 0 3.22 0.6 18.4
19980529 0 3.24 0.6 18.9
19980530 0.2 3.24 0.605 15.9
19980531 0.8 3.25 0.576 13.2
19980601 0 3.26 0.57 11.8
19980602 0 3.29 0.572 15.3
19980603 0.2 3.3 0.541 16.4
19980604 0 3.32 0.513 17.6
19980605 0 3.35 0.514 20.8
19980606 0 3.37 0.474 23.1
19980607 7 3.38 0.477 20.7
19980608 2.1 3.37 0.568 12.3
19980609 0 3.39 0.544 15.5
19980610 29.6 3.41 0.524 16.9
19980611 11.8 3.41 0.925 10.5
19980612 2 3.42 0.756 10.8
19980613 0.2 3.43 0.649 6.4
19980614 0 3.45 0.594 10.2
19980615 0 3.48 0.553 12.2
19980616 0 3.48 0.504 9.8
19980617 5.7 3.48 0.488 10.2
19980618 0.3 3.49 0.494 10.3
19980619 0 3.51 0.48 12.5
19980620 0.5 3.52 0.456 14.9
19980621 0 3.54 0.433 17.1
19980622 15.1 3.54 0.628 14.6
19980623 0 3.54 0.605 13.1
19980624 15 3.54 0.574 11.4
19980625 7.2 3.56 0.632 15.6
19980626 9.8 3.58 0.594 16.6
19980627 4.8 3.59 0.756 17.7
19980628 0 3.59 0.641 15.4
19980629 0 3.6 0.569 15.6
19980630 0 3.61 0.541 16.4
19980701 7 3.6 0.542 13.7
19980702 0 3.61 0.615 12.3
19980703 0.2 3.62 0.573 14.3
19980704 2.7 3.61 0.559 10.5
19980705 9.6 3.62 0.554 10.4
19980706 2 3.63 0.571 11.5
19980707 7 3.63 0.582 8.8
19980708 5.5 3.63 0.603 7
19980709 3.4 3.65 0.595 10.6
19980710 2.7 3.67 0.554 12.8
19980711 7.7 3.67 0.536 11.8
19980712 0.2 3.68 0.526 12
19980713 0 3.71 0.512 17
19980714 0 3.7 0.574 11.7
19980715 0 3.7 0.532 12.2
19980716 3 3.7 0.516 10.9
19980717 0.8 3.69 0.525 12.8
19980718 0 3.68 0.523 15.5
19980719 0 3.67 0.495 16.6
19980720 0 3.67 0.464 21.4
19980721 0 3.65 0.438 23.5
19980722 0.3 3.62 0.484 17.7
19980723 30.5 3.6 0.918 19.6
19980724 11 3.57 0.909 16.4
19980725 9.5 3.56 0.727 16.7
19980726 0.3 3.54 0.694 15.9
19980727 55 3.52 0.689 16.6
19980728 0.7 3.5 2.844 14.8
19980729 0 3.47 1.753 14.2
19980730 8 3.46 1.441 16.2
19980731 0 3.44 1.188 15.1
19980801 0 3.43 0.936 18
19980802 0 3.42 0.93 20.3
19980803 0 3.39 0.786 15.1
19980804 0 3.37 0.716 15.8
19980805 0 3.34 0.519 13.4
19980806 0 3.33 0.453 14.9
19980807 0 3.32 0.576 16.9
19980808 0 3.31 0.57 18.8
19980809 0 3.28 0.566 16.6
19980810 0 3.26 0.558 15.9
19980811 0 3.25 0.553 18.7
19980812 10.4 3.24 0.558 20.8
19980813 2.8 3.2 0.574 14.3
19980814 0 3.18 0.56 12.8
19980815 0 3.17 0.551 15.4
19980816 1.5 3.17 0.547 17.4
19980817 0 3.13 0.545 18.5
19980818 0 3.09 0.543 18.2
19980819 0 3.04 0.539 15.3
19980820 0 2.99 0.541 16.2
19980821 8.2 2.95 0.545 15.3
19980822 4 2.89 0.566 11.4
19980823 0.3 2.84 0.553 9.9
19980824 10.5 2.8 0.568 10.2
19980825 0 2.75 0.558 8.4
19980826 5.2 2.71 0.553 9.4
19980827 0.3 2.66 0.558 8.1
19980828 1.8 2.62 0.547 7.7
19980829 2.2 2.58 0.545 8.4
19980830 1 2.53 0.543 8.5
19980831 0 2.49 0.545 8.5
19980901 0 2.45 0.539 9.5
19980902 0 2.41 0.537 11.6
19980903 0 2.37 0.537 11.6
19980904 2.5 2.32 0.537 10.3
19980905 20.6 2.28 0.541 11.2
19980906 3.6 2.23 0.625 10.4
19980907 0 2.19 0.587 11.8
19980908 2.7 2.15 0.562 12.3
19980909 0 2.11 0.547 14.5
19980910 0.5 2.06 0.543 14.9
19980911 14.8 2.02 0.539 13
19980912 20.6 1.97 0.656 10.6
19980913 13.6 1.91 1.005 6.2
19980914 18.3 1.87 1.138 5.6
19980915 8.4 1.83 3.033 6.8
19980916 4.6 1.8 2.671 7.6
19980917 4 1.77 1.964 6.6
19980918 0 1.74 1.639 8.3
19980919 0 1.71 1.356 8.6
19980920 0 1.68 1.15 7.8
19980921 0 1.65 1.007 9
19980922 0 1.62 0.921 7.8
19980923 0 1.59 0.841 8.2
19980924 0 1.56 0.795 10.1
19980925 0 1.53 0.764 10.7
19980926 0 1.5 0.743 10.5
19980927 0 1.47 0.722 11.2
19980928 8 1.44 0.697 9.6
19980929 0.5 1.41 0.754 10.4
19980930 0.2 1.38 0.703 8.1
19981001 26 1.35 0.683 5
19981002 10 1.31 1.785 1.5
19981003 0 1.28 2.862 2.6
19981004 2.6 1.26 1.785 4.1
19981005 0.2 1.23 1.408 4.2
19981006 4 1.19 1.206 3.9
19981007 0.8 1.17 1.144 9.9
19981008 0.2 1.14 1.05 9.9
19981009 6.2 1.11 1.119 9
19981010 12.6 1.08 1.097 7.6
19981011 4.2 1.05 1.507 6.5
19981012 13.2 1.02 1.905 5.5
19981013 1.2 0.99 2.342 4.8
19981014 0.3 0.96 1.909 5.4
19981015 1 0.93 1.619 9
19981016 0.5 0.93 1.408 6.8
19981017 0 0.91 1.282 9.2
19981018 0.2 0.89 1.192 5.9
19981019 0 0.87 1.086 3.5
19981020 3.2 0.85 1.069 2.6
19981021 0 0.83 1.056 3.2
19981022 0 0.81 0.952 8.3
19981023 0 0.79 0.981 9.8
19981024 14.5 0.77 0.958 6.8
19981025 7.9 0.75 1.138 6.1
19981026 3.5 0.73 1.426 2.8
19981027 6.1 0.71 1.396 4.1
19981028 22.8 0.69 2.313 6.8
19981029 12.1 0.67 5.357 4.2
19981030 18 0.65 4.561 2.1
19981031 4.9 0.63 4.822 1.9
19981101 24 0.61 7.592 2.8
19981102 0.8 0.59 8.161 1.6
19981103 8.8 0.57 5.203 3.8
19981104 5 0.55 3.394 2.9
19981105 0.5 0.53 3.044 1.3
19981106 8 0.51 2.794 2.3
19981107 0 0.49 2.607 0.4
19981108 0 0.47 2.343 -0.9
19981109 0 0.46 2.138 2.3
19981110 8 0.44 2.154 4.4
19981111 0.8 0.42 2.052 1.6
19981112 0.5 0.4 1.905 -0.4
19981113 2 0.37 1.779 -3.2
19981114 0.6 0.36 1.685 -0.5
19981115 0 0.34 1.562 -1.1
19981116 0 0.33 1.494 -2.2
19981117 1 0.33 1.429 -2.6
19981118 1.8 0.32 1.347 -4.3
19981119 5.4 0.32 1.255 -5.6
19981120 0.5 0.31 1.21 -6
19981121 0 0.31 1.163 -10.4
19981122 0 0.3 1.135 -12.2
19981123 0 0.3 1.116 -9.7
19981124 0 0.3 1.104 -6.2
19981125 0 0.29 1.074 -4.1
19981126 0 0.29 1.038 -3.5
19981127 0 0.28 1.005 -2.8
19981128 0 0.28 0.985 -2
19981129 0 0.28 0.964 1.2
19981130 0 0.27 0.944 -3.9
19981201 0 0.26 0.913 -7
19981202 0 0.26 0.885 -9.3
19981203 0 0.26 0.874 -5.9
19981204 0 0.25 0.894 -3.3
19981205 1.5 0.25 0.888 -3.2
19981206 8.7 0.24 0.88 -3.9
19981207 4.7 0.24 0.869 -5.6
19981208 0 0.23 0.842 -7
19981209 0.8 0.23 0.815 -9.3
19981210 0 0.22 0.809 -11.7
19981211 0 0.22 0.775 -15.8
19981212 0 0.22 0.778 -8
19981213 8 0.21 0.817 1.1
19981214 0.5 0.21 0.925 2.3
19981215 0.4 0.2 1.147 1.3
19981216 0 0.2 3.287 3.5
19981217 0 0.2 3.511 0
19981218 2.4 0.21 2.293 -2.4
19981219 4.8 0.21 1.953 0.9
19981220 3 0.21 1.87 0.3
19981221 0 0.21 1.526 -6
19981222 0 0.21 1.422 -5.9
19981223 0 0.21 1.294 -3.4
19981224 0 0.21 1.236 -4.7
19981225 0 0.21 1.175 -3.5
19981226 4.2 0.21 1.129 -1.4
19981227 0.2 0.22 1.153 1.1
19981228 0 0.22 1.122 0.7
19981229 0 0.22 1.056 -1.8
19981230 0 0.22 1.017 -5.5
19981231 0 0.22 0.985 -4
19990101 0 0.22 0.967 -2.3
19990102 0 0.22 0.944 -3.3
19990103 0.5 0.22 0.925 -1.2
19990104 0.5 0.23 0.913 2.2
19990105 0.2 0.23 1.047 5.7
19990106 0 0.23 1.473 2
19990107 0 0.23 1.408 1.8
19990108 0 0.23 1.317 0.7
19990109 0.5 0.23 1.233 0.4
19990110 0 0.23 1.141 -2
19990111 0 0.23 1.098 -0.1
19990112 0.2 0.23 1.086 -2.3
19990113 0 0.24 1.041 -4.1
19990114 6.3 0.24 1.017 -0.5
19990115 12 0.24 1.017 0.7
19990116 0 0.24 1.035 2
19990117 0 0.25 0.991 0.6
19990118 0 0.25 0.962 -1.2
19990119 0 0.26 0.93 -1.4
19990120 0 0.27 0.902 -3.4
19990121 0 0.28 0.894 -3.8
19990122 0 0.29 0.874 -2.9
19990123 0 0.3 0.877 -0.3
19990124 0 0.3 0.858 -1.8
19990125 0.9 0.31 0.861 1.5
19990126 7 0.32 1.381 2.3
19990127 3 0.33 1.745 0.2
19990128 0 0.34 1.53 -2.6
19990129 6 0.34 1.347 -7.6
19990130 0 0.35 1.217 -9.7
19990131 0 0.36 1.116 -15.9
19990201 1.5 0.37 1.092 -9.9
19990202 0 0.38 1.071 -3
19990203 0 0.39 1.047 0.2
19990204 0 0.4 1.331 2.1
19990205 0 0.4 2.982 1.1
19990206 0 0.41 2.566 -1.4
19990207 0 0.42 2.056 -2
19990208 0 0.43 1.756 -4.8
19990209 0 0.43 1.565 -5.2
19990210 11 0.44 1.401 -12.6
19990211 0 0.45 1.262 -10.8
19990212 0 0.46 1.194 -7.6
19990213 0 0.47 1.138 -5.4
19990214 0 0.48 1.157 -5.7
19990215 0 0.49 1.095 -5.8
19990216 0 0.51 1.086 -4
19990217 0 0.53 1.089 -3
19990218 0 0.55 1.035 -4.1
19990219 0 0.57 0.988 -2.9
19990220 3 0.59 0.988 0.9
19990221 0 0.6 0.985 0
19990222 0.2 0.62 0.991 -0.5
19990223 0 0.64 0.944 -1.6
19990224 0 0.66 0.916 -2.5
19990225 0 0.67 0.891 -2.1
19990226 0 0.69 0.861 -0.8
19990227 4.5 0.71 0.885 0.2
19990228 0.2 0.73 0.894 1.3
19990301 12.7 0.75 1.083 2.8
19990302 0 0.77 3.915 3.1
19990303 0 0.79 8.671 5
19990304 0 0.8 8.016 3.1
19990305 0 0.82 6.321 4.8
19990306 13 0.84 5.784 1.3
19990307 0 0.85 4.218 -0.5
19990308 0 0.87 3.473 -0.2
19990309 11 0.89 2.944 -0.4
19990310 0 0.91 2.508 2.7
19990311 0 0.92 3.492 0.3
19990312 7.8 0.94 2.927 -1.1
19990313 0 0.96 2.455 -1.7
19990314 0 0.98 2.098 -1.4
19990315 0 1 2.315 1.3
19990316 0 0.99 2.056 -1.8
19990317 0 1.03 1.851 -0.7
19990318 0 1.06 1.737 -1.4
19990319 0 1.09 1.681 -0.2
19990320 3.3 1.12 1.608 1.2
19990321 0 1.16 1.572 1.6
19990322 0.2 1.19 1.537 2
19990323 0 1.22 1.473 1.8
19990324 0 1.25 1.467 2.5
19990325 0 1.29 1.569 7.2
19990326 0 1.32 1.634 6.8
19990327 0 1.35 1.726 6.7
19990328 4.5 1.39 1.782 8
19990329 0.2 1.42 1.89 5.3
19990330 0 1.45 1.748 5.9
19990331 0 1.48 1.597 5.9
19990401 0 1.51 1.463 5.6
19990402 0 1.54 1.364 5.8
19990403 0 1.58 1.291 6.1
19990404 0 1.61 1.213 6.4
19990405 0.2 1.64 1.204 6.5
19990406 0.5 1.68 1.178 8.8
19990407 0.2 1.71 1.175 8.9
19990408 0.2 1.74 1.113 6
19990409 0 1.77 1.065 6.4
19990410 0 1.8 1.029 7
19990411 0 1.83 1.032 6.5
19990412 0 1.86 1.041 5.1
19990413 0.5 1.89 0.991 5.3
19990414 0.2 1.92 0.976 3.4
19990415 0 1.96 0.93 7.9
19990416 0 1.99 0.973 3.1
19990417 0 2.02 2.073 2
19990418 0.2 2.05 1.752 2.1
19990419 0 2.09 1.425 2
19990420 0 2.12 1.242 1.9
19990421 0 2.16 1.144 4.9
19990422 0.8 2.21 1.138 9.2
19990423 0 2.24 1.074 8.2
19990424 1.4 2.28 1.08 8.3
19990425 0.5 2.31 1.044 8.3
19990426 0.2 2.34 1.002 8.4
19990427 0 2.38 0.962 9.5
19990428 0.2 2.42 0.942 9.9
19990429 0.1 2.45 0.936 8.4
19990430 0 2.48 0.91 7.4
19990501 0 2.52 0.885 10.3
19990502 0 2.55 0.869 8.3
19990503 0 2.59 0.844 8.3
19990504 0 2.62 0.799 8
19990505 0 2.65 0.799 7.8
19990506 0 2.69 0.775 6.3
19990507 0 2.72 0.778 6.4
19990508 0.5 2.77 0.765 10.3
19990509 0.5 2.8 0.762 10.8
19990510 0 2.84 0.754 12.4
19990511 6.3 2.88 0.739 13.9
19990512 5.6 2.91 0.793 11.7
19990513 0 2.94 0.817 10.6
19990514 0 2.97 0.786 9.6
19990515 0 3 0.804 7.5
19990516 0 2.99 0.786 5.8
19990517 0 3.01 0.747 6.2
19990518 0 3.03 0.729 7.3
19990519 0 3.05 0.706 10.6
19990520 7.3 3.08 0.696 15.1
19990521 7 3.09 0.744 12.9
19990522 1.5 3.11 0.704 12.7
19990523 0 3.11 0.686 9.9
19990524 0 3.13 0.671 10.1
19990525 0 3.15 0.659 12.4
19990526 0 3.17 0.662 12.3
19990527 0 3.18 0.65 12.8
19990528 0 3.21 0.638 15
19990529 0 3.23 0.78 15.9
19990530 0 3.25 0.807 17.5
19990531 0 3.26 0.681 17.5
19990601 0 3.26 0.657 12.3
19990602 5.6 3.28 0.659 14.3
19990603 2 3.3 0.719 14.5
19990604 0.3 3.31 0.706 12.9
19990605 0 3.33 0.664 14.4
19990606 2 3.35 0.638 16.6
19990607 0 3.36 0.628 14.3
19990608 61 3.38 1.233 14.3
19990609 0 3.38 1.855 11.3
19990610 0 3.4 1.122 12.8
19990611 1 3.42 0.936 14.4
19990612 19 3.43 1.05 11.1
19990613 1 3.45 1.011 12.6
19990614 6.5 3.46 1.023 12.5
19990615 0.2 3.48 1.053 13.7
19990616 0 3.49 0.942 14.7
19990617 0 3.51 0.874 16.3
19990618 15 3.5 0.863 11.9
19990619 0 3.51 1.242 13.3
19990620 0 3.52 1.065 15
19990621 12.8 3.52 1.104 11.8
19990622 12 3.51 1.67 8
19990623 0 3.53 2.068 9.8
19990624 0 3.53 1.512 9.1
19990625 0 3.55 1.291 10.6
19990626 0 3.57 1.252 14.5
19990627 8.5 3.58 1.095 16.4
19990628 0 3.59 1.059 16.3
19990629 0 3.59 0.942 14.1
19990630 0 3.61 0.872 16.4
19990701 0 3.61 0.852 15.6
19990702 2 3.62 0.839 15.6
19990703 0 3.63 0.801 16.2
19990704 0 3.65 0.767 20
19990705 0 3.67 0.734 22.8
19990706 13 3.67 0.754 20.8
19990707 0 3.66 0.866 16.4
19990708 0 3.66 0.793 13.5
19990709 0 3.67 0.791 15.5
19990710 0 3.69 0.77 19.1
19990711 0 3.69 0.726 17.7
19990712 0 3.7 0.839 17.7
19990713 0 3.71 0.891 18
19990714 0 3.71 0.836 16.6
19990715 0 3.71 0.831 12.9
19990716 0 3.71 0.809 13
19990717 0 3.69 0.747 14.4
19990718 0 3.68 0.711 16.2
19990719 0 3.67 0.679 17.2
19990720 1.6 3.65 0.669 18.1
19990721 3.3 3.64 0.676 18.4
19990722 0.1 3.61 0.689 14.9
19990723 0.1 3.58 0.654 12.8
19990724 0 3.56 0.657 12.7
19990725 0.2 3.55 0.642 14.1
19990726 0.1 3.54 0.616 17.5
19990727 0 3.52 0.605 16
19990728 0 3.5 0.599 16
19990729 0.2 3.48 0.591 15
19990730 0.1 3.46 0.583 15
19990731 0.1 3.44 0.565 15
19990801 0 3.42 0.559 15
19990802 0 3.4 0.563 13.9
19990803 0 3.38 0.568 14.1
19990804 0 3.37 0.564 14.2
19990805 0 3.35 0.556 15.4
19990806 0 3.34 0.562 17.5
19990807 0 3.32 0.558 18
19990808 0 3.31 0.552 19.2
19990809 9 3.28 0.564 16.3
19990810 8.5 3.26 0.607 16
19990811 2.8 3.24 0.559 15.1
19990812 0 3.21 0.547 12.1
19990813 0 3.19 0.543 11
19990814 0 3.17 0.546 11.6
19990815 0 3.16 0.556 14.2
19990816 0 3.16 0.539 13
19990817 0 3.12 0.556 12.6
19990818 0 3.08 0.534 14.4
19990819 0 3.04 0.532 15.9
19990820 0 2.98 0.536 12.2
19990821 0 2.94 0.548 11.6
19990822 0 2.89 0.537 10.1
19990823 0 2.84 0.548 8.8
19990824 0 2.8 0.521 10.4
19990825 0 2.76 0.508 11.8
19990826 3.6 2.72 0.498 13.8
19990827 0 2.68 0.506 14.9
19990828 2.2 2.64 0.504 15.5
19990829 0 2.59 0.519 14.2
19990830 0 2.54 0.515 11.4
19990831 0.7 2.5 0.502 11.4
19990901 8 2.45 0.503 10.7
19990902 3 2.41 0.536 11.7
19990903 0 2.37 0.51 14.1
19990904 0 2.32 0.504 12.7
19990905 0 2.28 0.493 12
19990906 0 2.23 0.49 11.7
19990907 0 2.19 0.499 12.7
19990908 0 2.15 0.49 13.4
19990909 0 2.1 0.494 13.7
19990910 0.1 2.06 0.483 14
19990911 0.1 2.02 0.485 13.4
19990912 0.1 1.97 0.492 13.2
19990913 0.1 1.92 0.481 11.6
19990914 0.1 1.88 0.49 10.9
19990915 0.1 1.83 0.481 10.6
19990916 0 1.81 0.476 12.7
19990917 0 1.78 0.479 14.6
19990918 0 1.75 0.483 15
19990919 0 1.72 0.485 16.3
19990920 0 1.7 0.479 19.4
19990921 3 1.66 0.485 16.4
19990922 0 1.63 0.485 14.4
19990923 12 1.6 0.494 15.6
19990924 0 1.57 0.512 13.3
19990925 0 1.54 0.483 11.7
19990926 4 1.51 0.492 12.8
19990927 0 1.48 0.492 11.9
19990928 0 1.44 0.483 11.4
19990929 4.9 1.42 0.483 13.2
19990930 1 1.39 0.497 13.8
19991001 5 1.35 0.531 10.6
19991002 0 1.33 0.499 12.9
19991003 7 1.3 0.483 13.1
19991004 0 1.26 0.503 6.6
19991005 0 1.23 0.472 5.2
19991006 4.8 1.2 0.465 6
19991007 0.7 1.17 0.459 5.9
19991008 1.4 1.14 0.463 6.3
19991009 3.5 1.11 0.461 9.5
19991010 2.5 1.08 0.476 9.4
19991011 1.5 1.05 0.47 11.8
19991012 0 1.02 0.457 6.7
19991013 0 0.98 0.446 2.8
19991014 2.6 0.96 0.446 5.9
19991015 0.4 0.93 0.448 3.9
19991016 1.6 0.93 0.45 3.7
19991017 0.2 0.9 0.442 2.4
19991018 0 0.88 0.442 -0.1
19991019 0 0.86 0.427 -1.2
19991020 0 0.84 0.427 -0.9
19991021 0 0.83 0.431 2.3
19991022 0 0.81 0.425 7.2
19991023 3.5 0.79 0.42 7.2
19991024 0.1 0.77 0.455 8.7
19991025 0 0.76 0.45 11.5
19991026 2.7 0.74 0.427 10.3
19991027 0.5 0.71 0.437 9.1
19991028 0 0.69 0.442 8.4
19991029 0 0.67 0.442 6.2
19991030 0 0.65 0.437 4.8
19991031 0.2 0.64 0.431 7.9
