"date" "P" "ETpot" "Q" "T"
19901105 0.08 0.425 0.5809 2.206
19901106 1.325 0.886 0.73181 1.363
19901107 0.311 0.956 0.63162 1.617
19901108 0.069 1.048 0.56896 1.004
19901109 0.106 0.132 0.52126 0.608
19901110 0.888 0.004 0.48233 5.388
19901111 9.939 0.275 0.53424 7.642
19901112 0.238 0.025 0.68596 6.638
19901113 2.79 0.044 0.70178 7.008
19901114 7.267 0.092 0.73116 8
19901115 4.276 0.14 0.94052 5.096
19901116 0.624 0.056 1.10484 6.75
19901117 12.662 0.598 1.02757 9.287
19901118 3.539 0.736 1.79698 6.263
19901119 4.223 0.106 1.70791 4.362
19901120 13.215 0.334 1.74812 3.954
19901121 0.268 0.36 2.44768 1.196
19901122 0.193 0.03 2.12209 0.567
19901123 0.109 0.187 1.77885 -1.158
19901124 3.486 0.105 1.56519 0.958
19901125 1.852 0.14 1.44263 2.062
19901126 0.227 0.243 1.39752 1.667
19901127 0.095 0.153 1.15553 2.225
19901128 0.007 0.243 1.01187 0.521
19901129 2.049 0.307 0.93776 0.121
19901130 0.495 0.026 0.90504 0.467
19901201 0.157 0.132 0.78206 -3.067
19901202 2.291 0.012 0.75202 1.45
19901203 0.918 0.132 0.77537 1.2
19901204 0.762 0.188 0.80584 2.4
19901205 0.338 0.016 0.83203 0.117
19901206 0.119 0 0.7785 -2.163
19901207 0.09 0 0.70004 -2.633
19901208 0.018 0 0.69671 -2.925
19901209 0.237 0 0.70504 -1.496
19901210 0.022 0 0.65686 -2.642
19901211 1.575 0 0.6682 -1.279
19901212 13.991 0.231 0.91415 -0.312
19901213 9.916 0.021 1.9512 0.446
19901214 0.62 0 2.07513 -1.179
19901215 0.686 0 1.95034 -2.329
19901216 0.104 0 1.62434 -4.979
19901217 0.149 0 1.34642 -3.475
19901218 0.005 0 1.18951 -4.375
19901219 0.003 0 1.07647 -4.346
19901220 1.76 0.088 0.97902 -1.462
19901221 10.298 0.184 1.36739 1.292
19901222 3.604 0.148 1.91644 3.621
19901223 0.417 0.144 2.39877 2.929
19901224 0.099 0.1 2.57098 0.854
19901225 4.065 0.184 2.57335 0.692
19901226 11.592 0.39 2.65718 1.521
19901227 2.475 0.265 3.40434 1.996
19901228 1.347 0.296 3.68876 0.979
19901229 22.971 0.3 3.51603 7.471
19901230 0.287 0.256 6.04251 4.112
19901231 3.821 0.252 5.86562 2.854
19910101 4.527 0.252 5.27252 1.267
19910102 13.92 0.109 5.0357 5.967
19910103 13.735 0.338 6.87508 6.283
19910104 4.326 0.492 9.31138 3.312
19910105 6.936 0.46 9.21058 1.837
19910106 0.5 0.412 7.26244 1.629
19910107 2.583 0.584 5.6855 3.446
19910108 2.172 0.644 4.53789 4.425
19910109 7.523 0.516 4.18802 5.458
19910110 16.63 0.372 4.5007 6.567
19910111 8.166 0.162 6.33638 4.408
19910112 1.256 0.012 7.12789 1.396
19910113 0.404 0 5.7368 -0.504
19910114 0.056 0 4.48443 -1.946
19910115 0.017 0 3.66487 -0.862
19910116 0.007 0 3.07026 -3.283
19910117 0.055 0 2.59677 -0.788
19910118 0.095 0 2.25819 -0.754
19910119 2.513 0 2.02905 -0.912
19910120 0.402 0.044 1.90388 -0.675
19910121 4.912 0.004 1.80162 0.304
19910122 0.076 0 1.88127 -0.167
19910123 0.01 0 1.70372 -1.121
19910124 0.005 0 1.53805 -3.279
19910125 0.048 0 1.40713 -1.879
19910126 0.005 0 1.29589 -4.046
19910127 0 0 1.20445 -3.083
19910128 0.035 0 1.1149 -2.583
19910129 0.088 0 1.03192 -2.475
19910130 0.057 0 0.96266 -4.117
19910131 0.015 0 0.91694 -6.6
19910201 0 0 0.89564 -7.575
19910202 0.021 0 0.7535 -7.838
19910203 0.033 0 0.71273 -4.746
19910204 0.017 0 0.76761 -3.621
19910205 0.027 0 0.70677 -6.237
19910206 0.004 0 0.6293 -12.404
19910207 0.002 0 0.46654 -13.238
19910208 0 0 0.45263 -9.325
19910209 0.2 0 0.58198 -7.975
19910210 0 0 0.58019 -6.729
19910211 0.512 0 0.616 -5.392
19910212 0.469 0 0.60149 -5.55
19910213 2.197 0 0.60538 -5.392
19910214 2.431 0 0.59771 -4.392
19910215 0.015 0 0.57373 -3.567
19910216 3.702 0 0.5713 -1.038
19910217 2.358 0 0.55645 -4.279
19910218 0.508 0.462 0.5258 -3.312
19910219 0.197 0.68 0.51683 1.846
19910220 0.142 0.289 0.52835 3.092
19910221 2.445 0.571 0.56732 3.746
19910222 0.501 0.193 1.001 2.104
19910223 0.527 0.926 1.39963 4.133
19910224 0.102 1.557 1.6823 7.079
19910225 0.073 1.74 1.44178 7.421
19910226 0.188 1.84 1.26099 6.767
19910227 0.048 0.44 1.17135 6.029
19910228 1.984 0.664 1.09325 1.633
19910301 0.495 0.234 1.03257 2.513
19910302 1.796 1.347 0.99229 3.196
19910303 0.021 1.408 0.96682 4.088
19910304 0.21 1.36 0.8818 4.554
19910305 0.443 1.62 0.83558 8.146
19910306 0.325 1.644 0.85822 9.688
19910307 1.125 1.424 0.8494 10.417
19910308 0.245 0.898 0.82721 9.363
19910309 1.465 1.589 0.79157 7.083
19910310 2.784 0.776 0.73858 7.263
19910311 0.251 2.071 0.71264 6.933
19910312 0.166 2.482 0.68623 8.1
19910313 0.101 2.266 0.6435 9.642
19910314 0.032 0.693 0.61333 10.096
19910315 0.05 2.059 0.58383 8.358
19910316 0.059 1.151 0.58673 10.192
19910317 0.555 0.682 0.56801 7.404
19910318 0.416 0.23 0.55606 6.362
19910319 11.227 0.566 0.56014 7.333
19910320 1.218 0.237 0.76246 9.154
19910321 21.74 0.567 1.08695 7.362
19910322 1.84 1.425 3.0485 3.8
19910323 0.655 0.961 2.44832 4.562
19910324 0.005 0.758 2.0063 4.004
19910325 0.162 1.712 1.70462 4.142
19910326 0.065 2.449 1.50433 3.862
19910327 0.046 2.365 1.32703 4.217
19910328 0.037 2.495 1.17358 2.733
19910329 0.015 2.222 1.02566 1.35
19910330 0.027 1.602 0.9562 1.058
19910331 0.01 0.536 0.90268 4.558
19910401 0.006 2.743 0.89917 7.796
19910402 0.17 0.796 0.87307 8.017
19910403 2.201 1.887 0.83385 4.942
19910404 2.268 1.498 0.81142 3.992
19910405 0.863 1.364 0.79677 4.108
19910406 0.08 1.356 0.78113 4.85
19910407 2.551 1.169 0.72425 5.567
19910408 1.937 1.801 0.68872 6.275
19910409 0.021 3.136 0.69334 7.638
19910410 0.054 0.414 0.6354 10.217
19910411 0.044 4.149 0.5852 12.033
19910412 0.007 4.182 0.56342 12.175
19910413 0.011 3.151 0.5488 12.204
19910414 0.004 3.83 0.53212 11
19910415 0.017 2.437 0.49419 11.383
19910416 0.052 1.578 0.47088 4.383
19910417 2.017 0.126 0.46278 1.037
19910418 2.487 1.232 0.46184 -0.133
19910419 3.624 0.112 0.50913 0.683
19910420 0.049 0.506 0.50918 -0.383
19910421 0.033 0.42 0.46915 0.446
19910422 6.866 0.914 0.47513 0.683
19910423 4.392 1.455 0.56419 1.121
19910424 0.718 2.644 0.62485 2.2
19910425 0.294 3.078 0.5722 4.1
19910426 0.064 3.24 0.50533 5.8
19910427 0.003 3.439 0.47077 6.925
19910428 0.019 3.137 0.44071 6.621
19910429 0.805 0.721 0.42633 5.421
19910430 19.259 0.779 0.50085 6.662
19910501 2.045 0.199 1.3054 3.929
19910502 0.511 1.662 1.07116 3.275
19910503 3.346 0.524 0.85666 2.138
19910504 3.414 1.915 0.89811 1.967
19910505 0.344 0.864 0.92032 3.721
19910506 0.192 0.525 0.83909 3.775
19910507 1.435 1.967 0.76444 3.771
19910508 0.447 2.65 0.70168 6.217
19910509 0.066 3.481 0.6169 7.654
19910510 0.125 0.89 0.60646 8.308
19910511 0.053 1.979 0.55726 9.287
19910512 0.026 3.618 0.51838 8.221
19910513 0.236 1.413 0.49293 10.438
19910514 1.289 1.662 0.45747 8.017
19910515 6.171 2.111 0.44752 4.3
19910516 4.444 2.104 0.48645 3.692
19910517 1.116 1.924 0.52263 4.004
19910518 0.014 3.371 0.5285 5.362
19910519 0.022 2.679 0.46526 8.342
19910520 0.025 0.591 0.42478 11.358
19910521 0.002 3.059 0.40496 13.217
19910522 0.055 3.124 0.38326 12.988
19910523 0.001 4.208 0.33998 7.433
19910524 0.02 3.164 0.33604 6.938
19910525 0.007 2.004 0.33599 8.75
19910526 0.007 2.964 0.29682 8.421
19910527 0.026 3.599 0.34425 9.517
19910528 0.032 5.166 0.31419 10.908
19910529 0.03 4.886 0.2866 12.963
19910530 0.005 4.21 0.27108 14.671
19910531 0 0.94 0.25288 14.721
19910601 0.016 4.96 0.25328 9.008
19910602 0.001 1.326 0.25245 10.421
19910603 1.528 1.774 0.22617 5.642
19910604 2.785 3.465 0.24554 4.067
19910605 0.04 1.401 0.26181 7.925
19910606 3.743 1.387 0.25324 9.004
19910607 10.471 1.173 0.29259 10.125
19910608 1.635 1.152 0.43211 9.95
19910609 7.819 1.24 0.41098 10.671
19910610 8.31 0.698 0.4478 9.529
19910611 1.826 4.41 0.62102 10.679
19910612 1.067 2.277 0.54981 13.446
19910613 2.389 3.108 0.41996 9.387
19910614 0.233 2.06 0.38914 10.225
19910615 1.594 1.175 0.32042 11.262
19910616 0.66 2.105 0.32832 8.383
19910617 4.462 2.339 0.29727 8.679
19910618 5.119 1.67 0.32902 8.233
19910619 1.706 0.816 0.35221 7.946
19910620 5.996 0.711 0.39008 8.892
19910621 1.763 0.84 0.44363 12.65
19910622 2.972 3.096 0.44554 12.108
19910623 0.407 2.156 0.4192 13.713
19910624 3.842 1.37 0.46404 14.379
19910625 2.002 2.21 0.44402 16.017
19910626 4.738 1.159 0.53136 13.512
19910627 7.44 1.826 0.55649 8.975
19910628 2.131 3.139 0.67264 9.392
19910629 0.5 3.846 0.72371 10.771
19910630 0.116 0.512 0.57809 13.95
19910701 1.438 4.978 0.52292 17.512
19910702 0.066 4.763 0.49651 19.387
19910703 0.003 6.398 0.3996 19.988
19910704 0.042 5.496 0.35404 20.137
19910705 0.016 4.212 0.32139 21.65
19910706 0.944 4.83 0.30964 21.4
19910707 3.965 3.301 0.28238 21.321
19910708 3.606 4.806 0.40018 17.429
19910709 0.022 5.825 0.53543 16.146
19910710 0.022 1.13 0.36736 18.033
19910711 0.004 5.096 0.30053 23.771
19910712 0.004 2.845 0.25544 18.663
19910713 11.845 2.648 0.24892 15.183
19910714 3.052 2.058 0.36029 14.083
19910715 3.379 2.642 0.42502 13.387
19910716 0 3.844 0.37719 13.225
19910717 0.586 1.704 0.32389 13.771
19910718 4.241 1.357 0.27112 13.779
19910719 0.175 1.949 0.21215 12.113
19910720 0.055 0.354 0.29275 12.292
19910721 0.349 3.647 0.25706 13.242
19910722 0.096 5.687 0.21051 15.796
19910723 0.001 2.643 0.22388 19.488
19910724 4.496 1.758 0.24584 14.817
19910725 8.84 1.836 0.26676 11.492
19910726 1.44 3.179 0.26055 13.329
19910727 0.06 5.775 0.31419 13.871
19910728 0.046 6.407 0.25402 17.279
19910729 0.263 4.167 0.21724 19.267
19910730 5.901 2.299 0.19215 19.188
19910731 1.511 0.366 0.23537 14.408
19910801 0.078 3.548 0.23324 16.242
19910802 0.031 4.127 0.23152 17.188
19910803 0.015 3.734 0.18259 17.104
19910804 0.001 4.334 0.16812 18.175
19910805 0.014 5.371 0.16245 19.587
19910806 0.015 4.041 0.14987 21.875
19910807 0.59 1.162 0.13783 20.988
19910808 25.618 4.157 0.2353 14.929
19910809 0.057 3.946 0.4813 14.971
19910810 0 0.787 0.39136 17.767
19910811 0.015 2.748 0.28467 18.546
19910812 0.257 4.096 0.26042 16.042
19910813 0.018 3.243 0.24136 16.475
19910814 0.037 4.201 0.16778 16.512
19910815 0.001 2.745 0.12663 18.35
19910816 0.735 2.923 0.1681 15.221
19910817 0.056 2.358 0.15705 13.863
19910818 0.016 2.799 0.12139 12.821
19910819 0.001 3.449 0.13828 12.446
19910820 0.001 0.523 0.12742 15.017
19910821 0.057 3.409 0.08528 18.304
19910822 0.113 3.652 0.07441 20.483
19910823 0.166 3.285 0.08062 15.567
19910824 0 4.033 0.11727 15.196
19910825 0.013 4.104 0.12843 16
19910826 0.001 4.236 0.09142 16.05
19910827 0 3.841 0.06923 15.804
19910828 0.001 4.673 0.07556 14.983
19910829 0.062 5.214 0.07448 14.217
19910830 0 5.575 0.10064 15.346
19910831 0 0.929 0.10217 17.829
19910901 0.037 2.198 0.07708 18.458
19910902 0.287 4.684 0.06075 17.704
19910903 0.218 4.346 0.06746 19.837
19910904 0 3.757 0.06595 20.254
19910905 0 2.96 0.07695 17.533
19910906 0.143 1.891 0.10402 12.792
19910907 0.001 2.625 0.06289 10.333
19910908 0.04 3.437 0.0589 11.917
19910909 0.043 3.141 0.06028 14.725
19910910 0.001 0.578 0.06156 17.933
19910911 0.468 2.922 0.06332 16.171
19910912 0 3.519 0.06667 11.679
19910913 0.095 3.596 0.06588 13.667
19910914 0 2.599 0.06381 15.683
19910915 3.16 2.178 0.05767 15.721
19910916 1.263 2.566 0.06831 15.904
19910917 0.066 3.11 0.06568 14.067
19910918 0.001 1.638 0.06592 13.938
19910919 0.387 2.325 0.07432 13.879
19910920 0.001 0.607 0.07571 12.412
19910921 0 1.28 0.07054 15.971
19910922 1.952 1.125 0.0659 13.363
19910923 0.365 0.73 0.0727 10.625
19910924 0.899 0.696 0.07846 14.071
19910925 9.989 0.652 0.08392 14.537
19910926 5.356 0.56 0.1287 11.575
19910927 10.267 0.508 0.2164 8.171
19910928 1.739 0.922 0.196 8.479
19910929 1.24 0.586 0.18209 10.088
19910930 1.921 0.783 0.15237 8.167
19911001 0.752 0.947 0.16366 7.404
19911002 0.239 2.093 0.16362 7.842
19911003 0.217 0.733 0.14002 9.596
19911004 0.174 0.974 0.13432 10.567
19911005 1.599 0.216 0.10179 10.992
19911006 7.161 0.474 0.08091 8.467
19911007 0.091 1.142 0.08604 9.067
19911008 0.064 1.706 0.09398 10.942
19911009 0.052 2.533 0.14722 11.562
19911010 0.015 0.492 0.1438 14.262
19911011 0.005 0.201 0.12784 13.371
19911012 6.343 1.028 0.09648 10.329
19911013 0.078 1.324 0.08458 8.817
19911014 0.077 1.212 0.08482 10.15
19911015 0.12 0.881 0.11198 10.688
19911016 0.803 0.753 0.13021 10.125
19911017 6.508 0.15 0.1328 6.588
19911018 3.466 0.382 0.10672 3.996
19911019 4.543 0.21 0.11578 2.829
19911020 1.89 0.698 0.13041 3.425
19911021 0.03 0.524 0.1915 3.008
19911022 0.053 0.042 0.16623 3.867
19911023 1.342 0.132 0.16535 5.412
19911024 0.008 0.188 0.16308 6.167
19911025 0.164 1.16 0.1512 6.379
19911026 0.03 1.391 0.14609 4.771
19911027 0.115 0.755 0.10782 4.617
19911028 0.193 0.652 0.08996 5.967
19911029 0.002 0.384 0.08561 4.954
19911030 0.928 0.261 0.08192 2.554
19911031 0.043 0.659 0.08143 4.05
19911101 0.579 0.707 0.09068 6.263
19911102 7.816 0.389 0.09565 9.654
19911103 15.8 0.162 0.13399 8.008
19911104 6.623 0.056 0.2533 3.5
19911105 10.029 0.334 0.61405 3.013
19911106 1.117 0.03 0.70564 2.154
19911107 16.817 0 0.57413 5.958
19911108 11.287 0.088 1.06058 6.938
19911109 2.385 0.239 1.30905 2.942
19911110 0.199 0.021 1.23275 1.129
19911111 14.45 0.176 0.88893 2.962
19911112 6.445 0.346 1.38987 4.292
19911113 6.601 0.074 1.84626 4.646
19911114 4.016 0.136 2.13097 2.562
19911115 1.037 0.298 1.65586 2.987
19911116 0.103 0.158 1.481 0.596
19911117 0.158 0.012 1.21378 0.833
19911118 4.36 0 1.06324 3.754
19911119 5.117 0 1.04391 4.033
19911120 0.533 0 1.32941 0.679
19911121 0.977 0 1.10956 -0.142
19911122 0.123 0.374 0.98498 -0.996
19911123 0.017 0.034 0.93287 -0.129
19911124 0.1 0 0.87086 -0.021
19911125 0 0.55 0.80287 -1.375
19911126 0.105 0.556 0.76754 3.467
19911127 0.027 0.42 0.70677 5.967
19911128 0.105 0.54 0.64179 5.654
19911129 0.117 0.222 0.61128 5.058
19911130 0.158 0.302 0.5855 0.508
19911201 0.175 0.026 0.55557 1.387
19911202 0.074 0 0.53255 -2.112
19911203 0 0 0.52139 -2.938
19911204 0 0.231 0.48553 -1.542
19911205 0.261 0.021 0.4714 0.679
19911206 0.102 0 0.45002 -3.15
19911207 0.01 0.374 0.43045 -0.788
19911208 0.001 0.034 0.42059 0.312
19911209 0.028 0 0.40635 -1.104
19911210 0 0 0.38684 -5.767
19911211 0.026 0 0.2844 -4.088
19911212 0.001 0.55 0.29074 -0.954
19911213 0.041 0.776 0.28588 0.746
19911214 0.027 0.066 0.21699 1.458
19911215 0.03 0.176 0.19379 -0.167
19911216 3.967 0.104 0.3022 2.312
19911217 9.798 0.294 0.45799 4.217
19911218 10.995 0.158 0.94694 3.046
19911219 17.242 0.1 1.59354 5.487
19911220 1.174 0.096 2.92801 0.775
19911221 32.545 0.151 3.37304 4.471
19911222 13.346 0.299 10.83816 8.654
19911223 1.785 0.356 14.593 6.646
19911224 0.151 0.261 8.16615 1.575
19911225 0.863 0.065 5.10543 0.779
19911226 1.956 0.136 3.82678 1.508
19911227 0.805 0.188 3.28804 2.638
19911228 0.018 0.06 2.75501 2.158
19911229 0.27 0.004 2.41265 1.829
19911230 0.654 0 2.12548 2.171
19911231 0.032 0 1.91912 -0.2
19920101 0.007 0 1.71976 -1.117
19920102 0.026 0 1.55889 -1.167
19920103 0.027 0 1.4242 -1.871
19920104 10.898 0.044 1.35522 3.492
19920105 7.625 0.191 2.31197 6.592
19920106 0.09 0.149 2.67205 4.067
19920107 0.068 0.65 2.21704 0.308
19920108 0.714 0.245 2.06667 4.604
19920109 4.4 0.061 1.95543 6.013
19920110 0.712 0.136 2.00203 2.929
19920111 0.057 0.056 1.75277 0.917
19920112 0.033 0.004 1.56679 0.754
19920113 0.103 0 1.43872 -0.083
19920114 0.044 0.231 1.33909 -0.458
19920115 0.004 0.109 1.26326 2.188
19920116 0.012 0.184 1.19324 1.079
19920117 0.104 0.192 1.13463 1.425
19920118 0.021 0.016 1.06432 0.592
19920119 8.776 0.088 1.00973 0.875
19920120 2.952 0.008 1.46817 1.2
19920121 0.001 0 1.53077 -5.642
19920122 0 0 1.21073 -6.258
19920123 0.003 0.638 1.05851 -6.092
19920124 0.132 0.784 1.0019 0.042
19920125 0 0.066 0.94311 2.817
19920126 0.067 0 0.88922 -0.25
19920127 0.006 0 0.87363 -0.85
19920128 0.016 0.88 0.83333 -1.971
19920129 0.074 1.136 0.79949 1.971
19920130 0.015 1.02 0.76241 5.729
19920131 0.051 0.59 0.72954 5.396
19920201 0.039 0.783 0.7065 5.954
19920202 0.05 0.199 0.65914 3.771
19920203 1.217 0.144 0.6399 0.017
19920204 12.642 0.1 0.74394 2.046
19920205 7.215 0.338 1.70267 3.9
19920206 0.014 0.58 2.1465 3.696
19920207 0.001 0.919 1.87218 3.896
19920208 0.103 0.541 1.67994 3.221
19920209 4.802 0.229 1.53398 2.788
19920210 1.93 0.061 1.6522 2.479
19920211 10.121 0.323 1.88534 4.588
19920212 1.26 0.579 2.85471 8.188
19920213 4.816 0.336 2.71496 5.2
19920214 0.306 0.62 2.62222 2.554
19920215 4.104 0.054 2.35193 5.075
19920216 0.613 0 2.35287 -0.071
19920217 2.188 0 2.11315 -3.433
19920218 0.72 0 1.87011 -6.375
19920219 0.262 0 1.65335 -4.483
19920220 0.318 0 1.5313 -1.679
19920221 0.049 0 1.46158 -0.962
19920222 0.016 0.407 1.35799 -0.229
19920223 1.408 1.049 1.29942 1.125
19920224 0.004 1.005 1.28869 4.617
19920225 0 1.051 1.23507 5.092
19920226 0 1.232 1.14768 5.583
19920227 0.033 1.71 1.05741 5.871
19920228 0.072 1.983 0.98629 7.929
19920229 0.076 0.629 0.93802 8.379
19920301 0.05 1.098 0.89478 7.675
19920302 1.368 1.24 0.86731 3.775
19920303 0.722 0.885 0.8519 4.046
19920304 0.316 1.446 0.80006 6.742
19920305 1.964 1.225 0.75591 7.912
19920306 0.666 1.893 0.75492 5.896
19920307 0.081 0.988 0.73795 6.592
19920308 0.136 0.944 0.68803 6.479
19920309 0.013 1.322 0.66116 5.8
19920310 3.464 0.619 0.62415 5.696
19920311 1.765 0.046 0.60421 1.392
19920312 14.74 0.176 0.68263 4.146
19920313 22.053 0.797 2.12551 5.5
19920314 1.859 0.247 4.54473 1.792
19920315 9.949 1.072 4.02021 1.929
19920316 0.032 1.339 4.13026 2.067
19920317 0.24 1.994 3.30457 6.412
19920318 0.039 0.996 2.75976 7.75
19920319 0.907 1.769 2.31678 6.479
19920320 0.431 0.715 2.02408 8.283
19920321 2.003 0.183 1.82113 6.767
19920322 18.656 0.342 1.98754 4.225
19920323 7.878 0.624 3.6623 1.258
19920324 5.487 0.516 4.11691 1.117
19920325 1.446 0.46 3.99269 0.917
19920326 4.171 0.456 3.71572 0.412
19920327 2.04 0.72 3.47141 1.488
19920328 2.974 0.656 3.03205 0.083
19920329 1.746 1.341 2.78541 1.567
19920330 1.161 0.535 2.54392 5.029
19920331 1.835 0.5 2.41223 4.117
19920401 0.135 0.416 2.17746 3.008
19920402 3.97 1.178 1.924 2.237
19920403 0.068 1.435 1.81253 3.958
19920404 0 2.046 1.6261 2.625
19920405 0.041 1.594 1.46347 2.612
19920406 0 2.692 1.33389 4.25
19920407 0.078 3.126 1.26848 6.758
19920408 0.001 3.563 1.19115 7.013
19920409 0 3.413 1.08812 6.817
19920410 0.005 0.613 0.97146 8.058
19920411 0.007 2.78 0.94428 9.679
19920412 0.509 1.394 0.89487 9.142
19920413 4.198 3.459 0.86839 3.95
19920414 2.854 0.591 0.92858 6.925
19920415 4.971 0.994 0.91206 2.688
19920416 3.738 0.814 0.9792 0.617
19920417 6.763 0.385 0.98003 2.138
19920418 4.59 0.304 1.09591 7.596
19920419 2.739 2.918 1.29087 7.696
19920420 0.075 0.406 1.26639 5.312
19920421 0.436 1.894 1.1466 9.35
19920422 0.026 0.952 1.05842 9.108
19920423 0.403 1.864 0.98896 6.921
19920424 0.001 1.725 0.95447 10.383
19920425 1.005 3.398 0.90403 10.938
19920426 1.217 2.265 0.83756 12.525
19920427 2.4 1.411 0.81261 8.262
19920428 6.819 1.806 0.8005 6.846
19920429 1.285 2.497 0.84465 5.487
19920430 0.187 0.356 0.85824 6.033
19920501 7.295 2.268 0.77717 6.888
19920502 0.096 1.393 0.90277 5.325
19920503 0.036 3.639 0.80856 4.775
19920504 0.011 2.895 0.71852 7.396
19920505 0.002 3.259 0.6617 10.1
19920506 0.046 3.3 0.61515 8.65
19920507 0.038 1.463 0.57789 11.917
19920508 0.261 0.79 0.56822 7.004
19920509 6.108 1.899 0.56232 5.463
19920510 5.384 0.53 0.59794 7.892
19920511 11.121 3.344 0.81808 6.737
19920512 0.028 5.02 1.13285 9.075
19920513 0.062 5.841 0.83502 14.721
19920514 0.164 5.893 0.69793 20.125
19920515 0.036 4.715 0.62334 21.817
19920516 0.011 4.784 0.5875 15.613
19920517 0.002 5.482 0.54032 10.725
19920518 0.023 5.698 0.51682 14.096
19920519 0.15 5.756 0.49954 14.475
19920520 0.061 1.173 0.46937 15.054
19920521 0.007 4.551 0.43349 15.188
19920522 0.026 4.632 0.41823 15.496
19920523 0.242 5.422 0.4136 17.104
19920524 0.636 3.945 0.39125 17.292
19920525 1.443 3.804 0.41825 16.492
19920526 0.817 5.355 0.41004 16.204
19920527 0.075 5.54 0.39845 15.929
19920528 0.019 2.343 0.37418 16.904
19920529 3.984 2.734 0.31916 12.808
19920530 2.007 3.258 0.39026 14.308
19920531 0.221 0.825 0.38 15.575
19920601 2.037 1.656 0.38221 15.504
19920602 6.511 4.414 0.35858 14.375
19920603 10.98 1.444 0.4451 13.383
19920604 8.954 1.108 0.63108 10.892
19920605 10.181 0.598 0.63324 9.838
19920606 1.218 3.027 0.60548 10.363
19920607 0.049 3.032 0.60977 12.433
19920608 2.489 1.901 0.4765 12.863
19920609 7.386 2.405 0.43376 12.162
19920610 4.185 0.667 0.5531 12.775
19920611 0.208 1.923 1.06596 12.588
19920612 2.318 4.439 0.7936 10.583
19920613 0.008 4.37 0.61139 14.667
19920614 0.016 4.399 0.52108 17.083
19920615 0.002 4.547 0.43128 18.479
19920616 0 5.616 0.39326 16.671
19920617 0.012 2.632 0.36583 13.854
19920618 0.168 2.022 0.32807 9.167
19920619 0.256 0.54 0.31248 8.488
19920620 25.34 0.441 0.34286 12.171
19920621 3.138 5.031 0.57991 11.533
19920622 0.167 3.71 0.59967 14.358
19920623 0.527 1.539 0.42478 15.05
19920624 3.912 1.95 0.36655 13.804
19920625 0.572 4.061 0.3287 14.783
19920626 0.002 5.04 0.3325 16.321
19920627 0 6.025 0.3006 17.779
19920628 0.029 6.922 0.26802 19.242
19920629 0 5.489 0.25313 19.525
19920630 0.083 1.04 0.22061 19.037
19920701 0.087 3.585 0.21535 15.396
19920702 0.056 3.39 0.20507 16.229
19920703 5.308 2.435 0.20138 16.121
19920704 7.526 3.045 0.25555 13.583
19920705 4.526 1.447 0.30499 14.129
19920706 2.141 3.364 0.3269 12.796
19920707 0.036 4.234 0.27963 14.246
19920708 0.038 3.251 0.26244 15.992
19920709 0.016 2.188 0.2057 17.871
19920710 2.464 0.912 0.2034 14.417
19920711 1.129 2.179 0.22921 12.879
19920712 7.541 3.041 0.23018 13.058
19920713 0.729 0.589 0.27704 13.863
19920714 2.828 1.086 0.33379 14.121
19920715 2.565 4.089 0.27495 14.658
19920716 2.516 2.156 0.23787 18.633
19920717 4.073 2.968 0.29504 15.9
19920718 0.052 4.842 0.27144 14.625
19920719 0.017 4.817 0.26946 19.746
19920720 0.001 0.994 0.24685 22.625
19920721 2.391 4.179 0.21562 19.3
19920722 0.05 5.457 0.1804 14.733
19920723 0.001 4.136 0.18436 17.767
19920724 3.48 4.052 0.16702 18.804
19920725 0.079 5.024 0.18457 16.371
19920726 0.002 3.726 0.16587 17.55
19920727 0.137 5.074 0.14677 16.312
19920728 1.118 5.34 0.14141 14.246
19920729 0.001 5.583 0.12595 17.446
19920730 0.006 4.68 0.11313 22.579
19920731 0.005 0.845 0.10508 22.596
19920801 1.812 2.935 0.10274 21.242
19920802 0.023 2.826 0.10242 18.596
19920803 0.381 3.17 0.10359 17.746
19920804 0.05 5.217 0.09956 14.121
19920805 0.015 5.213 0.08858 17.729
19920806 0.037 5.196 0.06883 20.583
19920807 4.615 4.976 0.0677 22.383
19920808 13.004 5.407 0.11155 24.238
19920809 10.109 1.686 0.11502 23.033
19920810 4.151 0.662 0.15296 13.833
19920811 5.096 2.437 0.16412 13.838
19920812 8.91 0.679 0.18785 14.029
19920813 18.944 1.736 0.27365 11.867
19920814 11.257 3.003 0.7531 12.637
19920815 0.041 3.24 0.76788 12.483
19920816 0.004 1.327 0.45079 14.529
19920817 5.995 2.065 0.33746 13.921
19920818 1.11 3.16 0.30139 17.629
19920819 0.977 1.833 0.27909 20.258
19920820 2.952 0.835 0.25036 17.45
19920821 0.445 2.538 0.24847 15.796
19920822 6.189 2.656 0.20192 16.346
19920823 3.548 0.595 0.22018 12.713
19920824 5.053 1.64 0.30661 14.363
19920825 0.029 2.896 0.36259 16.992
19920826 0.375 1.856 0.27148 18
19920827 0.272 2.445 0.23807 17.483
19920828 6.991 1.177 0.22712 18.675
19920829 11.083 1.232 0.22898 12.521
19920830 4.093 0.786 0.28391 11.746
19920831 11.368 0.293 0.34216 9.975
19920901 4.49 0.703 0.5085 8.375
19920902 11.136 1.393 0.7312 10.4
19920903 1.921 1.001 0.88715 11.446
19920904 10.232 1.554 1.07231 7.9
19920905 0.216 2.785 1.02323 8.662
19920906 0.037 2.298 0.84852 10.525
19920907 0.098 1.837 0.66294 12.567
19920908 0.006 2.306 0.55584 9.121
19920909 0.036 2.495 0.47529 10.654
19920910 0.206 0.847 0.41422 13.363
19920911 2.796 2.445 0.38349 13.892
19920912 0.088 2.692 0.34963 10.908
19920913 0.115 1.05 0.33975 12.854
19920914 10.302 1.637 0.32978 11.204
19920915 0.342 1.286 0.40032 12.592
19920916 0.312 3.041 0.40446 12.171
19920917 0.096 1.51 0.33824 15.262
19920918 0.627 1.532 0.293 14.308
19920919 0.048 1.273 0.27882 12.904
19920920 0.024 0.335 0.26028 12.912
19920921 0.01 1.308 0.25245 14.629
19920922 0.973 1.041 0.24732 13.787
19920923 0.702 1.877 0.20576 10.446
19920924 0.067 2.462 0.22579 10.667
19920925 0.03 2.772 0.20781 13.517
19920926 0.064 2.752 0.19152 15.967
19920927 0.027 1.285 0.19303 18.017
19920928 1.17 1.614 0.18162 13.271
19920929 0.217 0.776 0.18194 11.854
19920930 0.309 0.652 0.19215 11.204
19921001 0.072 1.154 0.21481 10.592
19921002 0.005 1.244 0.19922 9.475
19921003 1.315 1.578 0.20655 10.15
19921004 0.063 0.552 0.20138 9.808
19921005 0.069 0.126 0.1786 6.671
19921006 11.201 0.096 0.19134 6.342
19921007 0.944 0.239 0.27358 8.521
19921008 0.014 0.571 0.2968 9.438
19921009 0.351 1.194 0.25205 7.967
19921010 0.049 0.742 0.21762 5.292
19921011 0.159 1.026 0.2081 6.321
19921012 0.081 1.826 0.18432 6.471
19921013 0.389 1.808 0.17458 3.358
19921014 0.057 0.656 0.17698 4.162
19921015 7.625 0.64 0.19336 3.921
19921016 0.123 0.934 0.21674 1.229
19921017 0.115 0.762 0.23103 1.421
19921018 0.117 0.986 0.21316 2.167
19921019 0.007 0.634 0.18662 4.088
19921020 2.514 0.05 0.19537 5.379
19921021 5.503 0.132 0.17872 3.358
19921022 0.327 0.012 0.20187 2.908
19921023 6.362 0.176 0.25092 4.263
19921024 12.687 0.302 0.27572 1.904
19921025 18.003 0.114 0.46339 5.742
19921026 3.268 0.096 1.48635 3.8
19921027 8.476 0.239 1.49375 4.254
19921028 8.092 0.351 1.85305 3.833
19921029 3.848 0.811 2.48591 3.112
19921030 0.078 0.753 2.10793 2.533
19921031 0.186 0.48 1.5845 1.675
19921101 0.126 0.456 1.25699 1.238
19921102 5.762 0.126 1.05793 2.404
19921103 1.258 0.382 1.09546 5.075
19921104 0.121 0.166 1.06504 5.029
19921105 0.921 0.243 0.90092 6.675
19921106 0.056 0.153 0.82438 6.433
19921107 0.429 0.056 0.77382 5.696
19921108 2.181 0.048 0.761 7.167
19921109 0.083 0.092 0.75373 5.792
19921110 9.776 0.184 0.85624 6.138
19921111 8.128 0.247 1.39748 6.042
19921112 2.305 0.252 1.6756 2.271
19921113 1.682 0.395 1.56542 1.729
19921114 0.076 0.034 1.47247 1.108
19921115 4.045 0.044 1.36395 5.021
19921116 4.379 0.092 1.41651 5.346
19921117 5.397 0.151 1.74326 1.85
19921118 3.82 0.431 2.10031 1.217
19921119 5.201 0.214 1.91617 4.321
19921120 0.257 0.104 2.02833 2.05
19921121 3.954 0.052 1.8929 4.787
19921122 11.212 0.092 2.42908 10.146
19921123 0.199 0.14 3.49299 7.338
19921124 2.461 0.43 2.99995 6.671
19921125 8.86 0.214 2.80141 7.217
19921126 4.952 0.192 2.94813 5.821
19921127 1.866 0.148 2.93139 3.875
19921128 0.894 0.012 2.6631 5.442
19921129 10.583 0.187 2.64512 6.675
19921130 0.656 0.479 3.0886 7.925
19921201 1.745 0.416 2.74817 4.958
19921202 17.143 0.364 2.56187 7.471
19921203 3.869 0.118 3.64453 4.087
19921204 14.582 0.195 4.29737 0.612
19921205 3.035 0.149 5.68181 0.421
19921206 1.531 0.188 4.88243 0.562
19921207 4.596 0.346 4.06872 3.442
19921208 0.115 0.118 3.71878 2.913
19921209 0.12 0.008 3.00026 0.625
19921210 0.038 0 2.56597 -0.392
19921211 5.706 0.275 2.25101 -0.758
19921212 8.843 0.113 2.90221 2.3
19921213 0.344 0.052 3.25125 1.708
19921214 0.162 0.29 2.66222 3.637
19921215 0.006 0.4 2.43227 2.746
19921216 0.125 0.364 2.18464 4.004
19921217 0.158 0.448 1.93579 4.742
19921218 0.846 0.269 1.71646 4
19921219 3.941 0.065 1.64696 5.558
19921220 3.977 0.092 1.64945 5.096
19921221 0.508 0.008 1.66916 2.708
19921222 4.642 0.088 1.65854 1.65
19921223 0.316 0.14 1.78632 0.429
19921224 0.015 0.012 1.60236 1.754
19921225 0.002 0 1.51537 -2.3
19921226 0.029 0 1.42614 -4.508
19921227 0.107 0 1.31353 -3.337
19921228 0.052 0 1.18915 -3.829
19921229 0 0.55 1.09316 -1.792
19921230 0 0.05 1.01282 0.638
19921231 0.189 0 0.938 -0.838
19930101 0.001 0 0.8941 -3.2
19930102 0.026 0 0.83383 -5.558
19930103 0 0 0.69734 -8.125
19930104 0.06 0 0.59618 -8.121
19930105 0.22 0.088 0.75254 -1.775
19930106 2.771 0.184 0.92394 4.217
19930107 8.984 0.302 1.10169 5.442
19930108 3.278 0.202 1.55387 3.413
19930109 5.354 0.192 1.52289 4.3
19930110 12.08 0.203 1.74215 6.596
19930111 30.713 0.16 3.41003 7.021
19930112 21.089 0.387 10.31231 3.05
19930113 5.576 0.364 13.49375 4.208
19930114 0.19 0.668 8.68788 4.204
19930115 0.176 0.421 5.93163 6.042
19930116 0.119 0.451 4.52185 7.821
19930117 2.383 0.368 3.66352 5.329
19930118 1.204 0.162 3.2324 2.996
19930119 0.996 0.243 2.82771 3.1
19930120 1.638 0.571 2.51834 5.829
19930121 0.622 0.237 2.29536 7.242
19930122 5.586 0.699 2.15633 7.4
19930123 0.247 0.843 2.35481 4.804
19930124 6.345 0.071 2.19145 6.258
19930125 1.692 0 2.37548 -0.304
19930126 0.997 0.363 2.26917 -2.467
19930127 3.455 0.264 2.29612 1.383
19930128 1.38 0.109 2.40021 3.629
19930129 7.749 0.008 2.54021 5.071
19930130 0.021 0 2.94075 0.104
19930131 0.126 0 2.58046 -2.854
19930201 0.036 1.056 2.35557 -3.992
19930202 0.148 1.02 2.11874 1.371
19930203 0.193 1.052 1.9183 2.346
19930204 0.113 0.088 1.72865 0.875
19930205 0.031 0 1.59602 -4.021
19930206 0.271 0.374 1.46754 -3.521
19930207 0.515 0.078 1.37489 2.754
19930208 0.086 0.004 1.29299 0.358
19930209 0.059 0 1.20013 -2.246
19930210 0.094 0 1.12925 -2.217
19930211 0.016 1.199 1.04333 -1.65
19930212 0.121 1.121 0.97922 3.829
19930213 0.083 0.092 0.94106 0.342
19930214 0.167 0 0.88558 -2.758
19930215 0.136 0 0.83309 -3.671
19930216 0.871 0.132 0.81025 -1.012
19930217 4.462 0.331 0.82156 1.929
19930218 0.258 0.315 0.92144 1.633
19930219 5.925 0.312 0.86305 1.392
19930220 3.493 0.026 1.04395 0.879
19930221 3.213 0 1.13103 -0.812
19930222 3.289 0 1.43444 -2.15
19930223 1.488 0 1.24085 -5.025
19930224 1.678 0 1.11357 -3.783
19930225 0.506 0 1.0334 -2.367
19930226 2.824 0 1.0507 -1.225
19930227 2.797 0 1.15418 -1.938
19930228 0.47 0 1.14093 -3.929
19930301 0.092 1.056 1.03669 -2.95
19930302 0.017 0.096 1.00078 0.238
19930303 0.012 0 0.95103 -3.083
19930304 0.031 0 0.87516 -4.642
19930305 0.323 0.506 0.82195 -1.692
19930306 3.054 0.376 0.84944 2.008
19930307 1.097 1.636 1.03968 1.825
19930308 0.138 1.708 1.28943 0.696
19930309 0.002 1.154 1.26439 0.892
19930310 0.048 0.411 1.20649 5.112
19930311 0.006 2.042 1.166 6.908
19930312 0.034 2.339 1.10959 7.621
19930313 0.039 2.297 1.04909 6.879
19930314 0.011 2.204 0.97358 7.721
19930315 0.032 1.844 0.93787 9.238
19930316 0.162 1.526 0.87466 8.996
19930317 0.78 1.181 0.84458 7.896
19930318 0.019 2.153 0.8064 7.075
19930319 0.041 2.706 0.76223 5.158
19930320 0.071 0.691 0.70427 6.529
19930321 0.337 0.416 0.68636 8.617
19930322 2.969 1.497 0.67943 7.333
19930323 0.297 1.607 0.67016 4.125
19930324 0.011 1.366 0.68116 2.388
19930325 0.42 1.08 0.59218 1.108
19930326 0.246 0.088 0.57629 0.488
19930327 0.057 0 0.55498 0.021
19930328 0.037 2.387 0.52744 -0.975
19930329 0.002 2.56 0.51203 1.096
19930330 0.017 2.512 0.50231 5.667
19930331 0 0.858 0.4871 10.346
19930401 1.082 1.203 0.47495 7.604
19930402 0.012 1.391 0.4628 3.675
19930403 0.037 0.667 0.47214 4.412
19930404 4.509 0.732 0.42917 2.292
19930405 6.021 0.755 0.47668 3.067
19930406 1.554 0.701 0.50011 4.75
19930407 0.4 1.609 0.52736 5.05
19930408 0.002 2.616 0.45418 5.112
19930409 0.576 3.349 0.44127 6.533
19930410 0.104 0.834 0.41062 8.733
19930411 2.942 1.293 0.39737 6.583
19930412 5.911 1.675 0.41121 5.933
19930413 4.324 2.199 0.42536 5.646
19930414 2.839 2.398 0.47336 6.538
19930415 0.678 1.708 0.54086 6.554
19930416 0.002 2.381 0.46735 6.642
19930417 1.057 1.392 0.44226 7.642
19930418 0.552 1.527 0.3991 8.988
19930419 0.089 4.067 0.40401 8.308
19930420 0.035 0.864 0.40597 12.804
19930421 0.002 2.389 0.38207 13.95
19930422 1.445 3.238 0.36931 11.008
19930423 0.321 4.125 0.36824 11.542
19930424 0.119 2.825 0.35674 14.238
19930425 0.01 4.119 0.33894 12.179
19930426 0 5.535 0.35359 12.533
19930427 0 5.971 0.30994 16.992
19930428 0.022 4.581 0.30298 16.779
19930429 0.001 4.507 0.29279 16.262
19930430 0.665 0.794 0.2669 15.925
19930501 0.8 0.764 0.2693 12.458
19930502 8.94 1.122 0.26633 9.454
19930503 0.52 3.495 0.33685 6.925
19930504 0.008 4.115 0.33712 7.871
19930505 0 2.777 0.25704 7.217
19930506 0.541 1.915 0.23555 6.754
19930507 1.572 2.453 0.24001 8.342
19930508 4.031 3.278 0.25495 11.604
19930509 1.333 4.679 0.28415 13.175
19930510 0.237 0.818 0.30094 15.867
19930511 9.355 2.469 0.29948 16.121
19930512 4.475 1.101 0.27666 13.396
19930513 0.584 1.18 0.26341 10.6
19930514 2.789 1.662 0.2781 9.054
19930515 1.64 3.541 0.27221 7.867
19930516 0.006 5.347 0.26086 9.054
19930517 0 3.758 0.2698 14.667
19930518 2.924 2.049 0.21118 14.708
19930519 3.375 2.172 0.24028 12.446
19930520 9.833 0.359 0.322 12.196
19930521 0.118 3.679 0.40201 7.862
19930522 0.021 5.107 0.32589 10.758
19930523 0.007 5.021 0.25528 14.417
19930524 0.002 4.817 0.22784 17.021
19930525 0.01 4.844 0.21926 19.079
19930526 6.216 3.847 0.17543 19.521
19930527 1.174 1.413 0.19814 13.579
19930528 4.509 4.181 0.21447 9.025
19930529 0.1 2.428 0.23832 12.287
19930530 5.195 2.299 0.23911 12.367
19930531 0.9 0.61 0.26885 10.529
19930601 0.647 0.819 0.23843 14.15
19930602 11.706 1.039 0.24622 12.637
19930603 0.771 1.969 0.2689 11.5
19930604 0.026 3.515 0.28964 13.492
19930605 1.03 3.516 0.26174 17.525
19930606 7.569 4.56 0.23643 19.238
19930607 0.007 6.119 0.29491 18.146
19930608 0.013 6.12 0.20974 19.317
19930609 0.012 4.183 0.17415 21.025
19930610 2.237 0.741 0.15815 18.921
19930611 0.823 0.774 0.15451 12.95
19930612 2.984 0.947 0.14047 8.271
19930613 1.74 1.268 0.14762 9.992
19930614 4.087 1.439 0.15462 9.471
19930615 1.144 1.265 0.16119 11.371
19930616 8.541 1.897 0.18151 11.433
19930617 0.374 4.937 0.30224 11.646
19930618 0.028 3.602 0.2612 14.713
19930619 0.009 4.556 0.22613 15.971
19930620 0.006 0.85 0.17615 13.325
19930621 0.744 3.848 0.15455 13.142
19930622 0.011 2.733 0.12431 14.35
19930623 0.002 2.736 0.13072 11.787
19930624 0 4.035 0.12514 10.333
19930625 0.001 3.195 0.12985 12.804
19930626 1.987 3.284 0.13842 13.554
19930627 0.453 3.432 0.13763 14.154
19930628 0.006 6.249 0.14069 10.929
19930629 0.001 6.141 0.12845 15.925
19930630 0.099 0.828 0.11977 18.462
19930701 0.002 2.592 0.12868 20.808
19930702 0.438 4.314 0.12332 18.042
19930703 0.102 5.101 0.113 17.95
19930704 0.027 2.179 0.11504 19.4
19930705 4.227 2.909 0.14312 15.679
19930706 0.105 3.275 0.11869 10.713
19930707 0.756 3.674 0.0878 12.417
19930708 0.009 5.677 0.12877 13.8
19930709 0.075 4.019 0.12366 16.608
19930710 0.041 0.64 0.09864 11.9
19930711 2.035 1.591 0.07819 10.596
19930712 5.166 2.705 0.08552 8.488
19930713 0.868 0.409 0.13379 10.871
19930714 8.182 0.709 0.11066 12.171
19930715 1.894 4.1 0.12294 14.329
19930716 3.546 3.304 0.16828 18.129
19930717 0.122 2.786 0.18641 15.35
19930718 3.003 1.703 0.29239 13.133
19930719 6.191 1.234 0.37703 12.446
19930720 4.485 0.144 0.34974 10.971
19930721 3.812 1.841 0.22288 10.704
19930722 0.224 2.18 0.17271 12.213
19930723 0.061 3.494 0.12816 13.929
19930724 0.546 3.656 0.10364 17.4
19930725 5.092 2.087 0.11599 12.7
19930726 2.895 1.086 0.11198 10.596
19930727 15.036 1.096 0.11851 11.929
19930728 4.821 3.667 0.21141 14.946
19930729 1.03 1.931 0.30652 18.308
19930730 9.206 2.159 0.35622 16.288
19930731 3.884 0.645 0.35428 12.367
19930801 0.337 3.936 0.32533 13.154
19930802 0.826 3.203 0.29333 16.95
19930803 0.009 3.471 0.21076 15.679
19930804 0.035 3.361 0.18756 16.387
19930805 1.001 3.678 0.18468 16.458
19930806 0.034 4.027 0.16031 12.921
19930807 0.024 3.869 0.15014 15.483
19930808 0.071 2.29 0.11493 16.25
19930809 3.875 2.016 0.13234 13.883
19930810 1.635 0.486 0.12602 12.95
19930811 0.044 1.954 0.10634 12.133
19930812 0.863 4.256 0.1346 14.012
19930813 0.027 2.384 0.11556 13.329
19930814 0.966 2.152 0.10555 16.271
19930815 1.525 3.391 0.11801 16.892
19930816 0.211 4.186 0.11884 16.988
19930817 0.007 4.16 0.1323 14.658
19930818 0.002 3.932 0.08266 15.817
19930819 0.004 4.264 0.08352 16.121
19930820 0.001 0.589 0.08352 17.346
19930821 0.028 2.122 0.07931 17.829
19930822 9.065 2.809 0.08343 14.825
19930823 0.047 2.394 0.11275 9.412
19930824 0.075 2.495 0.10372 10.158
19930825 0.039 2.365 0.09083 9.596
19930826 0.046 2.451 0.11522 10.792
19930827 0.002 2.548 0.08948 10.971
19930828 0.013 2.82 0.08046 10.863
19930829 0.029 1.843 0.07708 11.029
19930830 0.659 1.565 0.07562 11.308
19930831 0.114 0.217 0.07434 10.554
19930901 0.029 1.658 0.07648 11.433
19930902 0.294 0.568 0.07866 11.646
19930903 4.266 1.512 0.08402 10.125
19930904 1.26 1.597 0.09713 9.521
19930905 0.218 3.202 0.10323 9.287
19930906 0.059 2.886 0.09158 11.221
19930907 0.309 1.942 0.07668 13.471
19930908 7.94 1.398 0.07877 14.808
19930909 9.731 0.993 0.10177 13.467
19930910 7.707 0.212 0.15836 11.55
19930911 3.971 1.475 0.17174 10.858
19930912 2.22 1.013 0.21906 11.517
19930913 5.553 0.498 0.20214 10.029
19930914 15.092 0.72 0.21942 9.758
19930915 7.409 0.436 0.27135 10.304
19930916 5.081 1.497 0.45092 8.996
19930917 0.251 1.739 0.47864 9.287
19930918 0.095 2.665 0.34686 9.542
19930919 0.074 2.935 0.25524 12.321
19930920 0.053 0.708 0.21681 16.988
19930921 0.541 0.68 0.17971 15.312
19930922 7.373 0.52 0.18328 13.217
19930923 1.466 0.273 0.21922 11.383
19930924 9.62 0.164 0.21501 9.908
19930925 27.635 0.739 0.67468 8.125
19930926 2.256 0.528 1.3057 8.108
19930927 0.279 0.724 0.94889 7.042
19930928 0.021 1.481 0.66015 6.667
19930929 0.032 1.372 0.49529 8.775
19930930 0.243 0.619 0.4063 8.892
19931001 4.771 0.728 0.36875 10.058
19931002 0.052 0.656 0.3555 8.854
19931003 0.122 0.692 0.34268 9.196
19931004 2.116 0.289 0.322 10.287
19931005 33.715 1.22 1.22044 11.9
19931006 3.202 1.121 2.85246 10.817
19931007 1.297 0.972 1.7944 9.787
19931008 0.743 0.674 1.2402 10.188
19931009 3.459 1.572 0.96494 7.817
19931010 0.157 0.589 0.84638 9.967
19931011 1.143 0.635 0.73159 13.046
19931012 0.839 1.341 0.6649 11.721
19931013 2.206 0.447 0.61045 11.042
19931014 22.53 0.536 0.70886 9.617
19931015 8.749 0.552 2.94887 4.058
19931016 1.102 1.278 2.97614 4.167
19931017 0.019 1.542 1.79039 2.871
19931018 0.052 0.999 1.32383 3.092
19931019 0.102 0.079 1.07521 4.933
19931020 0.574 0.088 0.93994 3.587
19931021 8.559 0.239 0.91291 2.775
19931022 0.374 0.153 1.07647 3.371
19931023 1.933 0.056 0.98647 3.204
19931024 0.327 0.554 0.89701 2.354
19931025 0.002 0.281 0.76756 3.254
19931026 0.102 0.395 0.75573 5.183
19931027 0.077 1.365 0.71278 4.867
19931028 0.185 1.089 0.66816 4.696
19931029 0.039 0.264 0.62404 3.475
19931030 0.12 0.192 0.58279 1.317
19931031 0.004 0.39 0.57807 0.471
19931101 0.003 0.859 0.5447 0.192
19931102 0.083 0.856 0.54025 4.475
19931103 0.001 0.984 0.50863 10.629
19931104 0.04 1.051 0.50216 11.171
19931105 0.1 0.088 0.48058 5.963
19931106 0.266 0 0.45666 3.062
19931107 2.311 0 0.45342 3.908
19931108 1.179 0.176 0.45594 3.104
19931109 0.29 0.06 0.4563 3.462
19931110 4.054 0.191 0.44258 4.379
19931111 0.271 0.193 0.4763 4.521
19931112 0.504 0.192 0.47808 3.05
19931113 2.898 0.06 0.45738 2.979
19931114 15.323 0.136 0.49534 4.229
19931115 7.258 0.012 1.83332 2.667
19931116 0.027 0 2.42615 -1.058
19931117 0.023 0 1.54046 -1.721
19931118 0.051 0 1.28041 -2.771
19931119 0.054 0 1.09604 -2.971
19931120 0.001 0 0.96376 -4.521
19931121 0 0 0.87514 -6.4
19931122 0.056 0 0.82454 -6.342
19931123 0.274 0 0.73627 -5.617
19931124 0.146 0 0.69813 -4.763
19931125 0.196 0.649 0.66141 -1.05
19931126 0.138 0.059 0.6244 0.842
19931127 0 0 0.59573 -4.379
19931128 0.002 0 0.56277 -6.987
19931129 0.035 0 0.48629 -4.483
19931130 0.036 0 0.48395 -5.221
19931201 0.586 0.044 0.52378 -2.767
19931202 2.341 0.092 0.55319 2.154
19931203 0.314 0.052 0.54034 4.758
19931204 2.68 0.136 0.58068 4.967
19931205 0.081 0.188 0.63866 2.192
19931206 0.005 0.06 0.63855 2.638
19931207 6.591 0.136 0.57976 1.113
19931208 11.313 0.386 0.75679 3.763
19931209 4.046 0.166 1.67828 4.575
19931210 13.008 0.1 1.84595 4.021
19931211 2.416 0.052 3.14465 0.608
19931212 12.127 0.235 3.26122 0.821
19931213 13.492 0.109 5.00258 5.992
19931214 2.795 0.008 7.35782 0.2
19931215 3.284 0.088 5.76034 -0.462
19931216 11.956 0.096 5.28939 1.017
19931217 6.69 0.14 5.67227 2.737
19931218 1.795 0.199 6.09887 6.237
19931219 16.013 0.16 6.56444 8.537
19931220 39.91 0.101 9.18792 6.554
19931221 9.542 0.239 20.0142 2.304
19931222 13.533 0.109 17.83742 1.029
19931223 6.31 0.008 12.78801 1.404
19931224 8.648 0 10.60128 0.008
19931225 1.302 0 9.17671 -1.896
19931226 0.364 0 7.03579 -2.062
19931227 3.437 0 5.6929 -0.767
19931228 1.346 0.231 4.65887 -0.917
19931229 11.05 0.197 3.95163 1.817
19931230 14.211 0.159 4.68189 5.133
19931231 12.945 0.101 7.21737 5.042
19940101 0.053 0.338 7.34589 0.692
19940102 7.537 0.118 6.43531 3.033
19940103 8.82 0.184 5.98725 4.625
19940104 8.676 0.104 5.50735 2.987
19940105 14.538 0.14 5.65484 3.013
19940106 8.903 0.188 7.05978 4.117
19940107 0.035 0.302 8.36334 1.517
19940108 0.091 0.202 6.68101 0.329
19940109 0.322 0.302 5.23013 0.254
19940110 0.209 0.213 4.31998 1.492
19940111 0.684 0.061 3.61953 2.771
19940112 7.058 0.323 3.07564 5.792
19940113 5.732 0.315 3.3239 6.546
19940114 2.597 0.158 3.24063 3.75
19940115 0.035 0.012 2.86238 1.392
19940116 0.159 0 2.59443 -0.167
19940117 0.245 0 2.34288 -2.708
19940118 0.17 0 2.01902 -4.213
19940119 0.084 0 1.79201 -2.763
19940120 2.671 0 1.70991 -1.925
19940121 1.477 0.275 1.56463 -1.333
19940122 2.391 0.113 1.51236 1.038
19940123 8.95 0.14 1.88516 4.667
19940124 1.646 0.199 3.22168 3.075
19940125 7.267 0.193 2.88063 6.671
19940126 11.375 0.104 4.26353 2.083
19940127 12.802 0.426 4.82522 4.717
19940128 2.2 0.038 5.62691 0.529
19940129 3.113 0.088 5.75865 -1.175
19940130 5.454 0.382 4.9729 2.721
19940131 0.111 0.364 4.9914 0.654
19940201 1.042 0.217 4.19303 0.979
19940202 0.304 0.303 3.69877 1.392
19940203 7.569 0.488 3.34071 1.742
19940204 3.071 0.592 3.44331 5.504
19940205 0.006 0.325 3.23048 3.975
19940206 0.292 0.575 2.72891 2.438
19940207 0.24 0.38 2.41821 1.6
19940208 0.843 0.074 2.19969 1.054
19940209 1.055 0.29 1.95869 1.05
19940210 2.651 0.026 1.8175 1.021
19940211 0.998 0 1.72368 -0.458
19940212 0.027 0 1.61332 -1.408
19940213 0.191 0 1.42263 -5.308
19940214 0 0 1.28012 -7.263
19940215 0.031 0 1.16057 -3.708
19940216 0.001 0 1.11287 -0.05
19940217 0 0 1.05165 -2.179
19940218 0.016 0 1.01518 -0.842
19940219 0.015 0 0.9437 -2.087
19940220 0 0 0.87484 -4.45
19940221 0.03 0 0.81916 -5.004
19940222 2.887 0.913 0.80996 -0.754
19940223 3.367 0.259 0.82017 3.908
19940224 0.502 0.522 0.89798 3.267
19940225 0.284 1.234 0.93033 4.221
19940226 0.03 1.395 0.89186 6.812
19940227 0.132 0.854 0.87212 7.692
19940228 5.304 0.441 0.84521 6.467
19940301 2.094 0.122 0.82969 4.479
19940302 7.648 0.514 0.87444 2.567
19940303 3.111 1.19 1.14451 3.175
19940304 0.061 1.567 1.14305 3.283
19940305 0.988 0.782 1.06832 6.362
19940306 0.149 0.103 0.96464 4.271
19940307 2.164 0.191 0.9527 4.754
19940308 3.217 1.26 1.05273 7.862
19940309 0.019 1.125 1.18883 9.613
19940310 0.02 0.829 1.07352 5.433
19940311 0.084 0.485 0.97988 6.204
19940312 1.651 0.412 0.93812 3.837
19940313 3.399 0.496 0.95679 4.967
19940314 0.072 0.086 0.99704 4.775
19940315 11.713 0.642 0.97088 6.033
19940316 3.307 0.564 1.67629 2.946
19940317 1.684 0.222 1.75421 1.017
19940318 10.052 0.148 1.60864 2.663
19940319 14.917 0.892 3.26511 3.346
19940320 0.094 0.762 5.59346 1.262
19940321 0.959 1.305 4.35442 2.971
19940322 2.952 0.201 3.35236 4.279
19940323 1.977 0.657 2.80208 7.117
19940324 6.03 0.433 2.69428 8.842
19940325 6.07 0.584 2.74997 8.529
19940326 0.852 0.556 2.88976 2.525
19940327 0.088 1.102 2.64868 2.717
19940328 0.203 0.459 2.29849 6.446
19940329 1.954 2.233 2.07529 8.917
19940330 0.249 2.081 1.92168 11.562
19940331 10.759 0.358 1.81816 8.508
19940401 12.626 1.073 2.71557 5.996
19940402 3.145 1.064 3.41311 0.942
19940403 2.503 0.418 3.33149 1.337
19940404 14.832 0.03 3.35669 1.896
19940405 6.234 0.88 5.01541 0.129
19940406 5.914 1.455 5.1264 1.137
19940407 1.492 0.994 5.05516 2.529
19940408 5.141 0.805 4.46517 2.533
19940409 13.677 1.298 4.65415 0.279
19940410 3.192 0.244 5.49403 1.35
19940411 1.742 0.056 4.82218 2.979
19940412 0.38 0.829 4.27133 4
19940413 0.726 1.637 3.66955 4.321
19940414 0.26 2.298 3.12518 1.8
19940415 0.082 2.946 2.61639 2.667
19940416 0.001 2.043 2.22527 7.388
19940417 0.001 2.319 1.92766 4.946
19940418 0.004 2.715 1.7041 3.4
19940419 0.022 1.648 1.51074 5.079
19940420 0.018 0.404 1.37113 6.754
19940421 0.049 3.094 1.26749 8.35
19940422 0.045 3.073 1.17455 10.796
19940423 0.03 2.41 1.06391 11.917
19940424 3.103 0.977 0.98998 11.171
19940425 1.424 0.852 0.99504 7.229
19940426 0.277 1.171 0.95229 7.162
19940427 1.318 2.399 0.88535 11.242
19940428 0.112 3.74 0.85606 13.55
19940429 0.055 3.577 0.77729 15.471
19940430 0.001 0.714 0.72677 15.954
19940501 0.004 4.251 0.70823 7.483
19940502 0.036 4.783 0.66166 8.137
19940503 0.036 2.094 0.63688 12.546
19940504 4.843 1.76 0.62316 8.692
19940505 1.322 1.114 0.62188 6.121
19940506 3.38 4.532 0.6206 9.312
19940507 0.019 1.185 0.63547 14.438
19940508 5.446 2.227 0.60844 9.642
19940509 0.883 2.759 0.65554 8.463
19940510 0.198 1.069 0.61583 9.396
19940511 0.95 1.308 0.55303 11.646
19940512 0.188 2.455 0.50519 10.196
19940513 3.319 2.094 0.50299 12.067
19940514 4.745 4.197 0.51296 12.108
19940515 0.15 3.622 0.52407 14.029
19940516 1.362 3.189 0.50015 15.213
19940517 0.028 2.606 0.47079 12
19940518 2.563 1.643 0.44602 12.792
19940519 0.138 1.648 0.43614 8.354
19940520 5.581 0.743 0.43198 9.921
19940521 3.572 2.486 0.49383 10.642
19940522 0.639 2.828 0.51944 11.458
19940523 8.789 2.492 0.48697 11.858
19940524 2.263 1.492 0.50184 12.954
19940525 0.8 1.855 0.48906 10.692
19940526 11.193 1.489 0.48404 10.058
19940527 1.873 1.639 0.64613 6.225
19940528 0.056 2.151 0.79754 7.233
19940529 0.016 4.671 0.59674 7.667
19940530 0.023 5.446 0.53777 7.662
19940531 0.02 0.821 0.48141 11.842
19940601 0.003 0.858 0.45738 16.771
19940602 12.601 2.231 0.46091 14.192
19940603 7.246 1.582 0.5404 10.408
19940604 11.948 2.601 0.63081 7.842
19940605 4.744 1.237 1.33196 7.592
19940606 2.092 3.942 1.52071 8.183
19940607 0.135 3.694 1.02888 13.45
19940608 0.394 2.867 0.88976 12.325
19940609 4.56 2.07 0.76712 7.746
19940610 6.474 0.486 0.74498 7.371
19940611 0.889 4.066 0.84303 7.379
19940612 0.091 4.679 0.73874 11.146
19940613 0.083 5.342 0.63545 12.925
19940614 0.007 5.356 0.58124 14.312
19940615 0.016 3.515 0.53235 12.679
19940616 0.694 4.041 0.50335 12.567
19940617 0.034 5.798 0.47833 13.808
19940618 0.005 6.227 0.48337 16.871
19940619 0.002 4.69 0.43056 15.946
19940620 0.059 1.061 0.40505 13.308
19940621 0.031 2.075 0.39409 14.4
19940622 0.014 5.177 0.36828 14.929
19940623 0.002 6.647 0.3546 14.883
19940624 0.004 3.225 0.33003 19.133
19940625 0.006 3.641 0.34153 18.512
19940626 0.005 5.347 0.29612 18.238
19940627 0.006 4.726 0.30379 17.979
19940628 0.2 4.876 0.2974 20.833
19940629 0.237 5.171 0.28359 18.479
19940630 0.001 0.62 0.26676 15.975
19940701 0.005 5.286 0.2531 19.212
19940702 0 5.066 0.24597 22.371
19940703 0.059 5.598 0.2191 22.733
19940704 4.201 4.002 0.23841 22.2
19940705 0.28 4.028 0.26566 14.35
19940706 0.761 2.867 0.2338 14.092
19940707 3.845 1.88 0.21614 11.287
19940708 5.349 4.044 0.2322 12.108
19940709 0.014 4.754 0.27212 13.471
19940710 0.004 0.686 0.27099 17.367
19940711 0.004 5.988 0.24995 20.333
19940712 0.002 4.766 0.21386 22.113
19940713 0.126 2.947 0.20534 23.129
19940714 7.978 2.939 0.19328 19.25
19940715 0.011 4.184 0.18884 17.679
19940716 0.003 3.064 0.27623 19.137
19940717 0.412 1.621 0.21949 18.95
19940718 16.994 3.656 0.22954 17.204
19940719 1.51 3.434 0.29043 18.021
19940720 0.07 0.514 0.3359 16.767
19940721 0.002 3.277 0.2799 19.312
19940722 1.372 4.652 0.24662 21.062
19940723 0.007 4.664 0.22435 22.183
19940724 1.521 4.15 0.21035 21.742
19940725 0.437 4.698 0.19701 20.679
19940726 0.244 5.302 0.18517 22.492
19940727 0.235 4.483 0.17651 24.329
19940728 2.424 4.492 0.17318 21.308
19940729 0.003 4.687 0.16985 18.879
19940730 3.984 4.286 0.16625 21.308
19940731 2.255 0.684 0.19238 20.221
19940801 4.309 4.474 0.16625 16.4
19940802 0.048 5.761 0.16402 18.242
19940803 0.018 5.987 0.15905 22.379
19940804 0.004 4.086 0.15064 24.825
19940805 0.211 3.626 0.1393 21.821
19940806 0.45 4.062 0.13606 19.85
19940807 9.19 2.916 0.12874 18.417
19940808 0.069 4.92 0.13084 16.163
19940809 0.062 2.681 0.19764 17.654
19940810 3.857 0.799 0.16906 17.942
19940811 1.72 1.66 0.14978 13.492
19940812 9.703 1.796 0.16182 13.512
19940813 1.331 2.537 0.22892 11.042
19940814 0.053 4.199 0.23929 11.004
19940815 0.017 4.443 0.22459 11.883
19940816 0.001 1.933 0.1921 15.154
19940817 5.725 2.254 0.16927 11.967
19940818 0.749 0.566 0.16524 11.771
19940819 8.459 2.333 0.15934 12.721
19940820 0.022 1.045 0.1744 12.625
19940821 0.235 3.057 0.19089 15.429
19940822 2.755 2.977 0.17644 18.762
19940823 0.694 2.765 0.17181 19.221
19940824 0.106 3.21 0.16072 13.838
19940825 0.38 1.239 0.15631 13.662
19940826 1.23 0.55 0.15138 14.004
19940827 10.762 2.605 0.13563 14.083
19940828 0.828 2.983 0.16376 12.05
19940829 0.053 2.505 0.17741 10.979
19940830 0.444 2.724 0.1638 12.646
19940831 1.743 0.691 0.15296 14.392
19940901 0.788 0.724 0.1498 13.125
19940902 1.944 3.461 0.14413 10.838
19940903 0.133 1.64 0.13556 11.417
19940904 0.338 1.54 0.13095 13.925
19940905 1.377 1.229 0.13108 12.571
19940906 14.39 0.474 0.12751 10.412
19940907 20.142 0.716 0.18088 11.137
19940908 8.425 1.294 0.43898 10.929
19940909 6.288 2.169 0.56043 9.629
19940910 7.552 0.462 0.4423 10.917
19940911 1.536 1.73 0.40973 11.125
19940912 3.824 2.212 0.36734 13.537
19940913 1.242 0.825 0.34029 10.188
19940914 11.566 0.696 0.28897 9.879
19940915 5.925 0.333 0.30917 8.179
19940916 8.936 1.312 0.37048 6.396
19940917 5.659 0.293 0.70423 6.025
19940918 8.624 0.753 0.74513 7.662
19940919 1.168 0.749 0.82798 8.358
19940920 9.109 0.799 0.87707 7.933
19940921 0.36 2.036 0.9094 9.55
19940922 0.074 3.017 0.85356 11.075
19940923 0.118 1.171 0.69165 15.033
19940924 3.566 1.964 0.56293 14.371
19940925 0.082 2.47 0.49439 14.137
19940926 0.161 1.309 0.46278 14.183
19940927 0.151 1.332 0.42941 11.521
19940928 0.001 1.168 0.35156 10.475
19940929 0.001 2.307 0.34704 10.833
19940930 0.057 0.333 0.3065 12.046
19941001 0.502 2.025 0.30884 10.333
19941002 0.56 0.557 0.29698 12.15
19941003 5.675 0.958 0.27038 8.762
19941004 3.173 0.634 0.29646 2.8
19941005 1.196 1.425 0.2979 3.004
19941006 0.137 1.5 0.30623 4.729
19941007 0 2.061 0.29588 4.417
19941008 0.034 2.145 0.28172 6.004
19941009 0.045 2.192 0.26629 7.308
19941010 0.049 0.777 0.26089 9.021
19941011 0.036 2.21 0.24532 11.525
19941012 0.029 2.407 0.2383 12.454
19941013 0.035 2.544 0.23166 10.642
19941014 0.037 1.72 0.22925 12.529
19941015 0.09 0.819 0.22154 14.825
19941016 0.14 1.624 0.21654 8.621
19941017 0.017 2.122 0.21218 3.967
19941018 0.054 1.555 0.20707 3.558
19941019 0 1.368 0.19683 6.933
19941020 0.015 0.432 0.19899 8.438
19941021 0 0.304 0.19796 8.242
19941022 6.93 0.443 0.19553 10.354
19941023 8.068 0.412 0.19733 9.275
19941024 5.497 0.54 0.24302 7.858
19941025 4.289 0.772 0.33201 7.033
19941026 0.899 0.396 0.39285 5.621
19941027 4.62 0.536 0.35791 5.292
19941028 0.28 0.222 0.37179 5.042
19941029 5.764 0.06 0.3748 5.404
19941030 15.354 0.191 0.51332 11
19941031 5.3 0.567 1.29699 10.787
19941101 0.267 1.282 1.50219 7.496
19941102 0.066 1.355 1.3199 7.017
19941103 0 1.224 1.07377 10.396
19941104 0 1.014 0.94284 12.017
19941105 0 0.501 0.8285 11.629
19941106 0.431 0.544 0.75915 9.479
19941107 3.757 0.684 0.7002 8.938
19941108 0.078 0.652 0.63781 7.271
19941109 2.347 0.285 0.61418 7.125
19941110 3.333 0.483 0.60116 7.654
19941111 1.106 0.504 0.61144 7.521
19941112 0.826 0.218 0.59242 7.471
19941113 1.313 0.016 0.57236 7.725
19941114 8.545 0.275 0.57353 9.321
19941115 12.577 0.663 0.91181 8.938
19941116 0.596 0.19 2.01049 6.629
19941117 5.43 0.012 1.61246 5.35
19941118 2.625 0 1.5244 5.904
19941119 2.437 0.088 1.54588 8.079
19941120 0.394 0.14 1.45244 10.504
19941121 0.948 0.188 1.43323 9.983
19941122 6.105 0.39 1.31432 8.408
19941123 0.063 0.034 1.50219 7.779
19941124 0.095 0.286 1.35104 7.987
19941125 0.035 0.07 1.24193 5.804
19941126 3.744 0.092 1.14696 7.071
19941127 0.576 0.14 1.12752 7.175
19941128 0 0.144 1.10925 4.963
19941129 0.001 0.342 1.02083 3.925
19941130 0.059 0.404 0.94007 1.688
19941201 0.098 0.408 0.89154 0.671
19941202 0.119 0.584 0.84285 2.304
19941203 4.08 0.281 0.80737 7.475
19941204 2.635 0.439 0.817 8.254
19941205 4.405 0.544 0.91159 7.029
19941206 0.977 0.508 1.01016 3.763
19941207 3.053 0.504 1.00872 3.433
19941208 8.878 0.46 0.9639 5.317
19941209 6.046 0.324 1.25973 5.067
19941210 1.284 0.532 1.86415 4.933
19941211 0.043 0.64 1.62256 9.238
19941212 0.036 0.34 1.45501 8.429
19941213 2.642 0.356 1.29065 6.987
19941214 1.449 0.03 1.23725 2.108
19941215 0.193 0 1.206 -1.221
19941216 2.092 0 1.04861 -0.879
19941217 0.497 0.319 1.05827 -0.396
19941218 2.357 0.161 1.02814 1.45
19941219 1.843 0.1 0.99824 2.188
19941220 1.332 0.008 1.01174 0.996
19941221 1.557 0 1.00663 -0.279
19941222 1.431 0 0.94318 -0.854
19941223 0.088 0 0.91449 -2.692
19941224 0.086 0 0.84519 -6
19941225 0 0 0.79034 -4.629
19941226 0.321 0.286 0.76545 -2.592
19941227 28.474 0.301 1.03534 6.467
19941228 16.227 0.399 5.62108 9.604
19941229 10.759 0.716 8.31497 7.104
19941230 5.1 0.249 7.5679 3.646
19941231 7.935 0.017 6.96661 1.821
19950101 1.38 0 6.5252 -1.521
19950102 1.372 0 5.39213 -2.054
19950103 1.456 0 4.40116 -3.237
19950104 0.839 0 3.43969 -7.088
19950105 0.083 0 2.74113 -8.458
19950106 0.06 0 2.28582 -5.946
19950107 0.094 0 2.01532 -3.533
19950108 0.015 0 1.74532 -5.017
19950109 8.141 0.418 1.67976 0.417
19950110 14.274 0.269 2.74862 2.312
19950111 5.39 0.021 6.257 0.346
19950112 4.09 0 7.89745 -0.958
19950113 2.901 0.044 5.93694 -1.062
19950114 5.321 0.18 4.61795 0.617
19950115 1.413 0.346 4.29255 1.871
19950116 0.065 1.042 3.96959 0.125
19950117 0.207 0.268 3.5906 2.312
19950118 7.975 0.346 3.29506 3.271
19950119 2.604 0.492 3.43746 2.067
19950120 4.428 0.273 3.019 3.55
19950121 8.525 0.252 3.02569 1.958
19950122 41.977 0.703 4.25038 6.929
19950123 2.39 0.392 11.71768 3.617
19950124 12.076 0.261 12.04061 1.896
19950125 31.296 0.252 9.42858 6.1
19950126 18.059 0.021 14.07042 5.192
19950127 4.718 0.649 17.04681 -1.004
19950128 17.065 0.191 13.27216 4.6
19950129 25.102 0.188 13.13957 5.175
19950130 2.543 0.016 14.62111 1.546
19950131 0.097 0.594 12.93921 -0.692
19950201 2.477 0.428 8.55571 5.875
19950202 7.488 0.815 7.14584 2.288
19950203 0.077 0.203 5.9089 1.433
19950204 3.256 0.518 4.82805 3.596
19950205 0.141 0.365 4.30643 5.408
19950206 0.673 0.315 3.64613 6.433
19950207 0.067 0.158 3.18134 3.725
19950208 8.12 0.012 2.87309 5.454
19950209 0.545 0.418 3.58844 0
19950210 3.181 0.357 3.04621 1.429
19950211 5.006 0.854 2.88509 5.604
19950212 1.731 0.581 2.90398 5.767
19950213 3.077 0.64 2.74613 6.229
19950214 1.36 0.923 2.61364 4.592
19950215 15.02 0.86 2.88301 6.8
19950216 5.551 0.709 4.25428 4.475
19950217 12.017 0.564 4.66565 3.096
19950218 0.544 0.332 5.56756 1.883
19950219 11.113 0.675 5.10021 4.221
19950220 3.451 0.345 5.74706 7.029
19950221 4.617 1.038 5.18762 4.125
19950222 0.15 0.554 4.76395 0.55
19950223 5.575 0.372 4.07855 0.117
19950224 5.2 0.206 3.87882 0.433
19950225 8.703 0.346 3.92958 2.125
19950226 0.999 0.811 4.46353 0.475
19950227 0.362 0.203 3.95413 0.458
19950228 0.499 0.287 3.46419 4.008
19950301 1.451 0.949 3.10691 4.8
19950302 10.32 1.096 2.95038 0.825
19950303 3.893 0.092 3.27112 0.183
19950304 0.571 0 3.34649 -0.988
19950305 4.048 1.1 2.90106 -1.067
19950306 4.984 0.1 3.05075 0.212
19950307 1.022 0.825 2.87901 -0.4
19950308 5.266 0.493 2.59893 0.754
19950309 1.1 2.513 2.76766 0.304
19950310 0.108 0.687 2.42055 3.046
19950311 0 1.835 2.22527 6.425
19950312 0.028 2.638 2.03764 8.408
19950313 0.014 2.018 1.85447 5.558
19950314 0.053 1.307 1.67081 3.125
19950315 6.172 1.16 1.62329 1.829
19950316 5.191 0.877 1.71619 0.238
19950317 15.919 1.314 1.85058 5.179
19950318 3.878 1.356 2.99916 3.846
19950319 1.834 0.113 2.67883 2.958
19950320 1.569 0.044 2.78221 -0.142
19950321 1.247 2.017 2.48278 0.583
19950322 0.068 2.845 2.24728 2.229
19950323 0.028 3.355 2.00756 6.154
19950324 0.005 0.833 1.83413 8.096
19950325 1.843 0.38 1.68253 4.467
19950326 1.988 0.536 1.59266 5.404
19950327 10.645 0.046 1.80209 0.804
19950328 3.374 0 2.45155 -2.167
19950329 4.666 1.562 2.34068 -1.025
19950330 1.045 0.428 2.37647 0.479
19950331 8.397 0.488 2.2189 0.604
19950401 0.751 2.198 2.83183 7.508
19950402 0.007 3.32 3.10808 9.842
19950403 0.094 1.527 2.83043 11.225
19950404 0.024 2.863 2.48807 7.721
19950405 0.067 0.668 2.11291 9.054
19950406 0.252 1.556 1.82178 6.792
19950407 0.188 1.876 1.64385 8.075
19950408 0 2.127 1.47343 2.979
19950409 0 0.861 1.32001 2.242
19950410 4.41 0.744 1.2467 3.954
19950411 0.004 2.273 1.23055 7.008
19950412 0.001 1.807 1.10509 7.942
19950413 0 2.852 0.9959 5.55
19950414 0.027 1.346 0.9281 5.942
19950415 3.109 1.068 0.88056 4.971
19950416 3.434 0.264 0.88447 3.021
19950417 9.685 0.291 0.92113 4.9
19950418 18.707 0.806 1.82956 5.546
19950419 4.026 1.127 4.33168 1.746
19950420 2.916 0.558 3.63656 1.033
19950421 5.608 0.779 2.96095 3.413
19950422 0.096 2.366 2.87143 7.013
19950423 0.074 2.827 2.45941 9.158
19950424 0.062 1.987 2.04237 11.246
19950425 11.528 2.084 1.85535 11.183
19950426 3.477 0.769 2.03233 10.321
19950427 0.309 2.903 1.90786 6.854
19950428 0.012 2.734 1.72539 6.463
19950429 4.371 0.731 1.50907 9.733
19950430 1.599 0.508 1.45046 8.242
19950501 0.11 4.948 1.38038 10.646
19950502 0.095 5.671 1.25311 12.604
19950503 0.038 5.194 1.1239 13.846
19950504 0 5.467 1.04022 16.529
19950505 0 5.133 0.97056 18.396
19950506 0 4.957 0.91685 17.488
19950507 0 3.811 0.87255 17.054
19950508 0.004 1.871 0.8316 12.533
19950509 0.707 2.342 0.77546 6.721
19950510 0.154 0.607 0.75395 6.7
19950511 0.007 2.281 0.73942 6.521
19950512 0.002 1.942 0.70292 7.754
19950513 0 2.589 0.6682 5.458
19950514 0.156 2.102 0.64413 4.096
19950515 0.005 2.47 0.57789 6.425
19950516 3.309 1.496 0.58417 8.904
19950517 10.1 1.041 0.55728 8.679
19950518 3.279 2.889 0.59377 4.612
19950519 0.742 2.466 0.60086 6.121
19950520 0.741 0.707 0.51631 7.575
19950521 0.052 4.446 0.47221 8.146
19950522 0.001 4.844 0.4394 10.879
19950523 0.286 3.66 0.44037 14.504
19950524 0.558 3.926 0.41346 16.092
19950525 8.299 3.63 0.41105 14.775
19950526 1.715 4.249 0.43918 14.037
19950527 0 4.352 0.47486 15.033
19950528 8.336 2.75 0.41492 17.254
19950529 2.196 2.648 0.43326 13.508
19950530 2.953 1.739 0.4444 11.529
19950531 0.73 0.743 0.47372 11.3
19950601 1.596 1.529 0.50373 11.179
19950602 6.063 2.433 0.46798 10.1
19950603 5.583 2.178 0.45148 10.592
19950604 7.354 2.566 0.47464 10.338
19950605 5.327 1.911 0.52285 10.321
19950606 0.318 1.529 0.59371 9.875
19950607 6.041 3.656 0.5377 10.012
19950608 0.867 2.059 0.5337 7.821
19950609 4.772 1.126 0.53343 7.254
19950610 7.42 0.638 0.55883 6.754
19950611 2.493 2.437 0.67871 8.446
19950612 3.347 1.317 0.68576 8.725
19950613 24.06 1.618 2.00936 8.1
19950614 2.718 0.974 6.30335 8.646
19950615 5.231 1.132 3.35894 7.258
19950616 2.796 2.153 2.37782 9.588
19950617 4.071 1.342 1.87895 10.804
19950618 3.35 4.692 1.84396 12.338
19950619 0.018 4.674 1.78488 15.238
19950620 0.112 1.025 1.35914 19.558
19950621 0.024 3.589 1.14077 16.958
19950622 0.002 2.895 0.95308 10.475
19950623 0.01 3.402 0.85813 10.608
19950624 0.042 3.775 0.77846 12.275
19950625 0 5.498 0.70978 15.938
19950626 0.001 7.214 0.65596 18.954
19950627 0.015 6.762 0.60566 20.221
19950628 0 6.84 0.53991 20.742
19950629 0.015 6.808 0.484 20.4
19950630 0 1.304 0.45702 22.062
19950701 0.23 3.51 0.44089 22.529
19950702 20.893 3.338 0.55017 17.75
19950703 4.455 4.081 0.82289 15.242
19950704 0.079 3.833 0.65419 13.162
19950705 0.006 4.497 0.54911 13.742
19950706 0.005 4.362 0.47097 16.604
19950707 0.009 5.719 0.42415 18.854
19950708 0 5.844 0.4156 21.933
19950709 0.418 5.624 0.36572 23.8
19950710 1.726 0.929 0.3371 24.808
19950711 8.877 2.704 0.48013 20.613
19950712 0.33 4.598 1.57482 18.633
19950713 0.033 4.246 0.75553 21.242
19950714 0.754 3.65 0.54425 19.5
19950715 11.109 3.094 0.44928 16.296
19950716 0.834 2.96 0.50931 14.754
19950717 5.66 3.557 0.57373 15.387
19950718 0.14 3.689 0.6536 16.917
19950719 0.007 5.863 0.55048 19.517
19950720 0.033 1.341 0.53095 23.829
19950721 2.163 1.088 0.48204 25.867
19950722 6.344 5.042 0.38682 15.688
19950723 0.03 5.675 0.39026 13.583
19950724 0.007 6.888 0.43893 18.029
19950725 0 4.763 0.34972 19.671
19950726 0.121 2.536 0.2936 21.642
19950727 6.507 1.714 0.28976 17.288
19950728 1.027 3.438 0.30334 16.058
19950729 0.076 4.612 0.31068 18.4
19950730 0.072 5.342 0.28928 20.746
19950731 0.004 0.681 0.27122 21.808
19950801 0.001 4.564 0.24923 23.3
19950802 0 6.419 0.23526 22.692
19950803 0 4.946 0.22372 20.133
19950804 0.029 5.625 0.21807 19.592
19950805 0 4.655 0.21116 21.442
19950806 0.828 1.524 0.20711 22.358
19950807 2.887 2.436 0.21224 15.017
19950808 0.741 5.074 0.23641 13.533
19950809 0.01 6.129 0.23276 17.262
19950810 0 0.748 0.21938 18.762
19950811 0.285 3.057 0.20765 20.879
19950812 0.488 2.344 0.21661 21.992
19950813 3.261 3.444 0.22129 16.913
19950814 0.156 4.234 0.22228 15.196
19950815 0.016 4.208 0.21663 16.004
19950816 0.102 4.937 0.21373 16.929
19950817 0.004 5.323 0.2093 17.988
19950818 0.034 3.746 0.16027 19.417
19950819 0.096 2.555 0.12589 21.054
19950820 2.429 0.612 0.11934 19.671
19950821 0.032 3.711 0.12028 19.704
19950822 1.356 1.39 0.1454 21.258
19950823 8.129 2.065 0.13176 18.475
19950824 1.73 2.159 0.17204 16.062
19950825 3.014 2.105 0.26566 15.088
19950826 0.7 1.055 0.26393 14.367
19950827 3.197 1.356 0.2257 12.463
19950828 3.099 0.578 0.25218 9.562
19950829 7.233 1.923 0.27027 9.088
19950830 0.536 2.272 0.23539 10.104
19950831 0.613 0.752 0.19973 10.979
19950901 0.029 1.657 0.20657 10.971
19950902 7.717 1.521 0.20855 11.192
19950903 9.87 2.325 0.24732 10.604
19950904 1.033 1.3 0.22691 9.796
19950905 2.812 2.487 0.2489 10.738
19950906 0.45 1.636 0.23744 12.208
19950907 8.381 1.141 0.225 12.908
19950908 14.461 1.06 0.22538 13.088
19950909 2.057 2.475 0.32656 11.675
19950910 0.842 0.492 0.4419 13.942
19950911 5.459 1.312 0.41072 13.442
19950912 0.128 1.404 0.38763 11.971
19950913 0.38 2.68 0.24185 11.567
19950914 0.041 1.608 0.21366 10.996
19950915 1.44 1.181 0.20367 10.629
19950916 4.571 1.933 0.22898 10.942
19950917 0.29 1.311 0.22743 12.321
19950918 0.328 3.272 0.22957 12.954
19950919 0.017 1.168 0.23967 14.342
19950920 0.01 0.443 0.27414 9.667
19950921 0.093 1.177 0.19588 9.863
19950922 0.186 1.391 0.18788 11.9
19950923 0.037 1.129 0.19143 12.092
19950924 4.707 1.104 0.189 10.1
19950925 4.67 0.598 0.19791 9.133
19950926 1.557 0.596 0.21766 9.242
19950927 21.402 1.018 0.28406 10.037
19950928 1.297 1.32 0.52222 5.033
19950929 0.612 1.762 0.52688 5.662
19950930 0.086 0.381 0.39537 7.046
19951001 4.821 1.264 0.30215 10.117
19951002 0.076 1.169 0.29808 11.708
19951003 13.093 0.833 0.34884 14.246
19951004 16.932 0.749 0.42955 14.55
19951005 7.609 2.086 0.9191 11.525
19951006 0.328 1.889 0.86166 10.283
19951007 0.048 2.498 0.72533 13.196
19951008 0.1 2.325 0.63126 15.671
19951009 0.099 2.073 0.51471 16.85
19951010 0.106 0.633 0.37048 17.1
19951011 0.132 1.241 0.3172 16.125
19951012 0.01 1.165 0.29619 14.279
19951013 0.079 1.614 0.30177 12.992
19951014 0.092 1.381 0.32875 12.838
19951015 0.09 0.949 0.26147 13.308
19951016 0.18 1.044 0.24595 12.775
19951017 0.208 1.056 0.2344 11.3
19951018 2.261 0.913 0.22975 12.887
19951019 0.001 1.087 0.24282 8.696
19951020 0.229 0.642 0.23787 8.637
19951021 0.058 1.788 0.23278 6.088
19951022 0.095 1.665 0.2315 5.5
19951023 0.074 2.381 0.22118 10.175
19951024 0.121 1.447 0.21348 12.375
19951025 0.366 0.751 0.20822 11.504
19951026 0.045 0.245 0.20196 11.354
19951027 1.769 0.479 0.20093 12.688
19951028 2.097 0.592 0.20174 10.983
19951029 0.099 1.018 0.19872 9.808
19951030 0.007 1.012 0.23114 6.896
19951031 0.2 0.271 0.23382 4.379
19951101 12.174 0.303 0.23517 5.617
19951102 0.994 0.114 0.29187 4.583
19951103 3.803 0.008 0.33412 4.088
19951104 0.19 0 0.32224 -1.608
19951105 0.104 0 0.2983 -3.058
19951106 0.03 0.781 0.27464 -0.562
19951107 0.676 0.071 0.22482 1.688
19951108 2.989 0.044 0.29014 6.513
19951109 0.057 0.598 0.31671 6.138
19951110 0.066 0.703 0.26077 6.817
19951111 0 1.291 0.21654 11.242
19951112 0 0.398 0.23463 11.046
19951113 0.35 0.07 0.22792 5.938
19951114 0.138 0.004 0.24082 6.217
19951115 5.253 0.044 0.23004 6.354
19951116 3.695 0.136 0.24579 7.963
19951117 6.185 0.012 0.26824 1.654
19951118 1.681 0.187 0.34083 -1.562
19951119 6.229 0.567 0.3539 1.021
19951120 1.102 0.226 0.46458 2.517
19951121 1.08 0.247 0.57958 0.233
19951122 0.718 0.021 0.50936 4.775
19951123 0.066 0.132 0.45508 5.992
19951124 0.029 0.562 0.4311 5.833
19951125 0 0.776 0.40826 6.533
19951126 1.072 0.154 0.3915 6.912
19951127 1.182 0.382 0.38509 4.696
19951128 0.07 0.54 0.36695 3.913
19951129 0.172 0.222 0.34481 2.558
19951130 0.055 0.247 0.3289 0.308
19951201 0.054 0.065 0.32337 0.462
19951202 1.238 0.092 0.31342 3.979
19951203 0.607 0.008 0.31914 3.4
19951204 0.192 0 0.3114 -1.875
19951205 0.1 0 0.29862 -5.35
19951206 0 0 0.28741 -5.2
19951207 0.01 0 0.27783 -4.829
19951208 0.703 0.693 0.27004 -1.367
19951209 0.354 0.393 0.27209 2.779
19951210 0.066 0.316 0.27468 1.6
19951211 0.186 0.202 0.26944 0.958
19951212 0.176 0.016 0.28012 0.525
19951213 0 0 0.26658 -2.75
19951214 0.015 0 0.26816 -2.35
19951215 0.007 0 0.26075 -3.896
19951216 0.042 0 0.23535 -2.642
19951217 0.127 0 0.22356 -1.179
19951218 0.545 0 0.2475 1.917
19951219 0.944 0 0.27605 1.712
19951220 12.722 0 0.31108 0.371
19951221 6.319 0.088 0.51505 -0.171
19951222 10.793 0.151 1.16795 7.229
19951223 20.764 0.013 2.0439 7.875
19951224 4.437 0 4.32497 0.396
19951225 0.003 0 4.50079 -1.096
19951226 0.081 0 3.00247 -2.308
19951227 0.214 0 2.30535 -5.304
19951228 0.045 0 1.85222 -7.746
19951229 0.004 0 1.53578 -6.604
19951230 0.309 0.088 1.29388 -5.342
19951231 1.526 0.151 1.27433 0.983
19960101 0.626 0.013 1.28473 1.967
19960102 0.095 0 1.27208 0.008
19960103 0.107 0 1.17041 -1.429
19960104 0.038 0 1.05284 -1.729
19960105 0.026 0 0.95708 -2.242
19960106 0.106 0.088 0.92009 -3.358
19960107 4.384 0.151 0.90225 4.008
19960108 0.144 0.288 0.94964 4.171
19960109 0.046 0.344 0.95121 4.921
19960110 1.387 0.403 0.9103 5.783
19960111 0.321 0.496 0.89161 4.471
19960112 0.217 0.416 0.84829 6.317
19960113 0.006 0.815 0.80082 5.096
19960114 0.095 0.577 0.74817 4.654
19960115 0.082 0.596 0.70686 1.979
19960116 0.058 0.05 0.66908 3.842
19960117 0.076 0 0.62816 -1.35
19960118 0.048 0 0.58838 -3.392
19960119 0.027 0 0.57868 -5.058
19960120 0.013 0 0.56216 -4.996
19960121 0.04 0 0.53935 -3.271
19960122 0.019 0 0.54538 -2.513
19960123 0.299 0 0.50906 -3.3
19960124 0.702 0 0.49572 -2.746
19960125 0.013 0 0.47981 -7.142
19960126 0 0 0.42174 -7.963
19960127 1.725 0 0.40766 -2.946
19960128 0.082 0 0.46458 -5.342
19960129 0.104 0 0.4162 -5.167
19960130 0.384 0 0.3667 -3.087
19960131 0.444 0 0.38639 -1.417
19960201 0.16 0 0.37593 -2.388
19960202 1.432 0 0.31743 -0.088
19960203 0.365 0 0.44024 -2.604
19960204 0.327 0 0.41015 -5.458
19960205 0.249 0 0.34139 -6.033
19960206 0.028 0 0.31694 -6.079
19960207 0.001 0 0.28328 -6.008
19960208 0.041 0 0.29225 -4.987
19960209 0.351 0 0.29363 -2.438
19960210 0.506 0.044 0.3618 -0.258
19960211 0.892 0.048 0.39134 1.221
19960212 9.09 0.004 0.4277 0.262
19960213 1.763 0 0.76838 -1.538
19960214 0.309 0 0.80091 -2.871
19960215 0.607 0.088 0.55285 -3.692
19960216 7.063 0.283 0.49131 0.296
19960217 2.217 0.069 0.98525 1.417
19960218 13.032 0.004 2.35717 0.646
19960219 4.424 0 3.43199 -2.104
19960220 0.585 0 2.58912 -4.825
19960221 0.581 0 1.89898 -8.246
19960222 1.029 0 1.5124 -7.312
19960223 0.739 0 1.31247 -5.792
19960224 1.477 0.638 1.19504 -1.838
19960225 1.565 0.564 1.30282 2.75
19960226 1.683 0.233 1.85605 3.979
19960227 4.678 0.248 1.99102 2.267
19960228 1.046 0.758 2.24683 2.013
19960229 0.219 0.067 2.16245 1.988
19960301 2.153 0 2.08379 -0.204
19960302 0.048 0 2.09079 -2.337
19960303 0.386 0 1.92051 -1.696
19960304 0.411 0 1.71959 -2.25
19960305 1.602 0 1.60972 -0.033
19960306 0.335 0 1.42704 -0.188
19960307 1.164 0.913 1.33997 -0.3
19960308 0.007 1.095 1.28626 0.8
19960309 0.028 0.092 1.17549 1.642
19960310 0.024 0 1.10293 -0.458
19960311 0.064 0 1.02789 -1.992
19960312 0.001 0 0.97214 -5.713
19960313 0 0 0.91397 -4.821
19960314 0 0.968 0.87802 -0.421
19960315 0 0.407 0.84226 4.308
19960316 0 0.073 0.80973 0.55
19960317 0.003 0.279 0.78658 0.429
19960318 0.002 1.444 0.7423 1.917
19960319 0.073 1.878 0.71734 3.946
19960320 0.397 0.621 0.7029 5.792
19960321 3.176 0.823 0.6752 4.975
19960322 2.561 0.621 0.72171 5.338
19960323 1.738 1.799 0.75937 7.833
19960324 0 2.315 0.81243 8.942
19960325 1.305 0.383 0.74986 7.483
19960326 1.945 0.017 0.72146 4.725
19960327 0.015 2.431 0.69905 -1.196
19960328 0.281 0.221 0.65495 0.958
19960329 3.571 0 0.59974 -0.304
19960330 3.178 0 0.67622 -1.312
19960331 1.189 0 0.66913 -1.567
19960401 0.322 0 0.57197 -1.575
19960402 0.016 0 0.54472 -1.9
19960403 0.036 1.144 0.56104 -0.854
19960404 0.158 0.522 0.51896 0
19960405 0.054 2.513 0.52355 2.65
19960406 0.002 2.887 0.52213 7.096
19960407 0.008 1.023 0.58775 8.188
19960408 0.049 2.271 0.6003 5.258
19960409 0 1.85 0.55231 8.604
19960410 1.076 0.887 0.54605 8.762
19960411 1.882 0.243 0.54446 6.854
19960412 0.808 2.722 0.56567 2.667
19960413 0 3.315 0.54724 3.354
19960414 0.033 3.579 0.51394 4.779
19960415 0.122 4.656 0.48542 7.742
19960416 0 3.564 0.46933 9.971
19960417 0 2.95 0.43913 10.229
19960418 0 4.268 0.43564 8.512
19960419 0.003 4.766 0.41404 12.354
19960420 0 0.906 0.4041 15.429
19960421 0 4.721 0.37503 15.654
19960422 0.011 2.218 0.37505 16.804
19960423 0.486 2.407 0.37091 11.525
19960424 1.718 2.811 0.34864 7.404
19960425 0.04 4.087 0.34929 7.675
19960426 0.001 4.024 0.3433 9.992
19960427 0.004 3.678 0.34994 13.108
19960428 0.304 2.603 0.31095 11.037
19960429 0 3.564 0.3236 6.633
19960430 0 0.712 0.30294 7.654
19960501 1.159 2.6 0.34366 8.475
19960502 5.956 1.982 0.31468 9.433
19960503 2.121 1.303 0.36718 6.842
19960504 1.85 2.953 0.36734 3.513
19960505 0.024 3.108 0.34776 3.938
19960506 2.584 2.184 0.3235 6.358
19960507 1.174 1 0.30683 7.65
19960508 1.504 2.33 0.30044 6.046
19960509 0.276 0.931 0.32067 4.754
19960510 0.1 0.572 0.29304 3.158
19960511 0 0.871 0.2772 5.537
19960512 0.983 0.449 0.27729 5.867
19960513 0.62 0.903 0.2722 4.771
19960514 0.416 1.135 0.26788 6.4
19960515 0.138 2.439 0.28073 6.171
19960516 1.482 2.644 0.26415 7.825
19960517 3.873 2.014 0.26104 11.992
19960518 3.273 2.462 0.26507 11.738
19960519 1.559 3.014 0.3044 9.167
19960520 0.08 0.86 0.28804 8.387
19960521 2.447 2.761 0.27216 7.763
19960522 0.83 1.852 0.24671 7.812
19960523 1.978 3.721 0.24527 10.342
19960524 0.325 1.205 0.24354 14.183
19960525 6.642 2.555 0.24478 9.179
19960526 10.113 1.193 0.26719 9.208
19960527 7.905 3.663 0.41303 8.912
19960528 0.067 4.681 0.60455 7.517
19960529 0.047 6.259 0.5661 13.767
19960530 0.051 4.801 0.38945 18.558
19960531 2.815 0.751 0.32283 16.429
19960601 8.97 2.057 0.3199 10.892
19960602 0.003 4.364 0.35726 11.125
19960603 0 5.836 0.35024 13.713
19960604 0.007 6.777 0.29768 16.167
19960605 0 6.302 0.26334 18.613
19960606 0.001 6.34 0.24725 21.229
19960607 0.223 5.622 0.22426 23.904
19960608 5.658 5.182 0.2066 21.042
19960609 0.07 6.16 0.2376 17.038
19960610 0.036 0.664 0.23258 19.933
19960611 0.014 2.631 0.19678 20.846
19960612 0.033 5.881 0.18702 14.733
19960613 0 6.013 0.17921 11.7
19960614 0 6.506 0.17656 11.529
19960615 0 6.09 0.17019 13.588
19960616 0 6.048 0.16636 14.4
19960617 0.06 5.828 0.16279 17.592
19960618 0 2.816 0.16056 16.117
19960619 0 0.718 0.13678 9.85
19960620 6.31 0.178 0.11851 9.429
19960621 0.572 1.486 0.13455 8.192
19960622 6.989 1.927 0.15338 7.258
19960623 0.32 1.351 0.18443 8.408
19960624 0.591 2.264 0.19841 8.108
19960625 0.073 4.002 0.18639 10.554
19960626 0.024 2.403 0.1759 13.704
19960627 0.182 3.212 0.16747 14.338
19960628 0.309 1.925 0.16288 15.458
19960629 6.621 2.075 0.15977 11.129
19960630 1.928 0.549 0.16706 10.467
19960701 3.792 2.003 0.164 10.213
19960702 2.613 3.809 0.17044 9.85
19960703 0.496 3.454 0.17388 13.471
19960704 5.207 0.966 0.18459 14.508
19960705 14.386 2.713 0.1917 11.533
19960706 2.455 2.441 0.25808 10.058
19960707 2.371 2.499 0.3078 10.371
19960708 0.23 2.409 0.24552 10.262
19960709 2.744 1.256 0.20493 11.3
19960710 2.355 0.327 0.19431 11.796
19960711 0.09 3.453 0.193 15.142
19960712 0.313 2.424 0.18522 16.821
19960713 0.025 2.711 0.17597 14.154
19960714 0.032 3.353 0.17152 15.467
19960715 0.126 5.322 0.16119 15.892
19960716 0.007 5.683 0.13138 12.379
19960717 0.032 5.799 0.13072 13.579
19960718 0.435 5.016 0.13502 13.65
19960719 0.002 5.406 0.12254 14.279
19960720 0 0.685 0.11637 16.846
19960721 0 6.577 0.11378 17.775
19960722 0.094 4.402 0.10998 19.025
19960723 1.054 2.282 0.10449 18.913
19960724 6.198 0.77 0.10343 12.854
19960725 1.846 3.992 0.10868 11.287
19960726 0.023 4.582 0.11576 15.183
19960727 0.034 3.277 0.11389 18.367
19960728 0.042 3.882 0.10802 17.367
19960729 0.623 2.892 0.10598 17.762
19960730 0.098 3.951 0.11023 15.162
19960731 0.017 0.47 0.11002 16.429
19960801 0.267 3.631 0.10368 16.633
19960802 0 3.728 0.09977 14.433
19960803 0 5.083 0.0974 14.475
19960804 0 6.385 0.09664 14.838
19960805 0.228 2.697 0.09547 15.983
19960806 3.172 4.596 0.08649 16.442
19960807 0.266 4.888 0.09626 13.325
19960808 0.003 5.127 0.09436 16.312
19960809 0.022 2.948 0.09164 19.592
19960810 6.315 0.317 0.08546 17.729
19960811 6.969 2.395 0.08397 14.217
19960812 1.92 0.591 0.09236 13.129
19960813 26.281 1.64 0.15728 13.229
19960814 2 3.039 0.25598 15.004
19960815 0.325 3.475 0.26822 15.508
19960816 0.019 4.428 0.19071 15.812
19960817 0.063 4.82 0.14308 16.821
19960818 0.004 5.915 0.13509 18.55
19960819 0 4.769 0.11416 20.017
19960820 0.879 0.806 0.10564 20.262
19960821 7.105 3.063 0.10271 16.271
19960822 0.466 3.036 0.14956 16.212
19960823 2.305 1.989 0.12857 16.012
19960824 7.325 1.764 0.11538 12.692
19960825 1.631 2.533 0.11905 12.454
19960826 5.331 2.23 0.13219 13.346
19960827 6.124 0.458 0.18238 13.604
19960828 25.808 0.212 0.5971 9.854
19960829 42.539 0.248 1.39349 9.7
19960830 8.123 1.44 3.72764 10.338
19960831 1.156 0.536 2.56484 10.287
19960901 0.329 2.38 1.50158 9.5
19960902 0.086 3.931 1.00809 10.688
19960903 0.025 3.77 0.72068 12.571
19960904 0.199 3.293 0.58347 14.146
19960905 0.001 3.34 0.48323 12.312
19960906 0.038 3.491 0.39445 10.871
19960907 0.035 2.36 0.34166 9.371
19960908 0.012 2.707 0.30069 9.017
19960909 0.059 1.197 0.26791 10.308
19960910 1.237 0.495 0.25495 9.846
19960911 0.625 0.719 0.24156 9.875
19960912 9.813 1.074 0.23247 8.454
19960913 5.229 0.873 0.2731 7.421
19960914 4.122 1.171 0.3098 9.646
19960915 0.27 2.751 0.34468 9.154
19960916 0.078 3.398 0.3161 8.883
19960917 0.048 2.025 0.27583 8.083
19960918 0.011 2.765 0.24554 6.829
19960919 0.16 0.567 0.23332 10.042
19960920 1.522 0.393 0.22207 8.3
19960921 1.893 0.627 0.21483 8.496
19960922 0.033 1.154 0.21276 7.171
19960923 0.406 0.606 0.2142 7.646
19960924 1.081 1.465 0.21827 8.108
19960925 0.084 2.186 0.21697 10.3
19960926 0.056 0.968 0.21096 11.375
19960927 7.161 1.215 0.20619 11.229
19960928 0.425 1.391 0.20308 9.783
19960929 0.134 1.03 0.2056 11.554
19960930 0.402 0.314 0.20704 13.2
19961001 28.085 1.121 0.22392 8.767
19961002 3.087 1.75 0.80316 8.162
19961003 0.159 0.887 0.92972 8.554
19961004 2.529 0.485 0.64445 8.067
19961005 3.525 1.6 0.51273 5.967
19961006 0.084 1.836 0.49464 6.896
19961007 0.134 1.903 0.46692 8.192
19961008 0.029 1.633 0.41828 9.658
19961009 0.071 1.102 0.38084 9.429
19961010 0.007 0.55 0.34256 9.867
19961011 0.04 1.329 0.32663 8.6
19961012 0.007 2.174 0.31293 9.075
19961013 0.039 1.98 0.30123 11.758
19961014 0.001 0.801 0.28886 13.45
19961015 1.636 0.982 0.2547 11.154
19961016 0.066 1.096 0.24876 7.183
19961017 0.308 0.686 0.24867 6.862
19961018 1.001 0.747 0.24282 6.742
19961019 2.686 0.151 0.23904 8.567
19961020 8.433 0.371 0.24111 9.4
19961021 5.544 1.32 0.31619 10.342
19961022 0.082 1.811 0.45745 7.883
19961023 0.034 2.035 0.4196 7.796
19961024 0.017 0.996 0.32735 8.967
19961025 0.065 0.713 0.2997 9.433
19961026 0.479 0.344 0.28303 8.567
19961027 5.713 0.444 0.26658 8.146
19961028 0.403 0.324 0.27047 10.075
19961029 7.547 0.62 0.31088 6.796
19961030 0.008 0.516 0.37494 3.712
19961031 4.199 0.317 0.39193 4.954
19961101 5.605 0.069 0.42836 9.292
19961102 0.374 0.048 0.59681 9.204
19961103 0.305 0.092 0.6116 8.717
19961104 5.353 0.514 0.51507 8.412
19961105 2.12 0.277 0.55642 6.213
19961106 6.018 0.307 0.67606 6.325
19961107 4.042 0.356 0.83153 6.421
19961108 0.634 0.118 1.13717 5.037
19961109 1.879 0.239 1.07858 4.729
19961110 0.95 0.197 1.03334 4.692
19961111 17.223 0.06 1.05449 6.783
19961112 2.462 0.092 2.11626 6.854
19961113 2.918 0.382 2.04586 3.788
19961114 0.178 0.496 1.76042 0.421
19961115 0.196 0.174 1.47733 -0.392
19961116 0.043 0.298 1.31807 1.354
19961117 0.003 0.07 1.19878 -0.312
19961118 6.826 0.29 1.0953 0.483
19961119 5.662 0.026 1.37333 0.279
19961120 15.009 0 1.79721 2.183
19961121 0.388 0 2.833 -0.458
19961122 0.399 0 2.51557 -1.633
19961123 0.684 0 2.17431 -1.475
19961124 0.704 0.187 1.90469 -1.671
19961125 3.493 0.017 1.72202 0.671
19961126 3.765 0 1.74548 1.671
19961127 0.096 0 1.82497 -1.038
19961128 0.251 0 1.65256 -1.975
19961129 8.885 0 1.57518 0.008
19961130 10.499 0.231 2.76635 1.529
19961201 2.033 0.439 3.4416 1.275
19961202 2.996 0.126 3.12889 3.15
19961203 7.147 0.195 2.94439 2.862
19961204 6.231 0.105 3.02659 4.05
19961205 5.279 0.338 3.22117 4.346
19961206 0.081 0.492 3.15749 4.383
19961207 0.105 0.592 2.8206 2.392
19961208 0.121 0.05 2.52819 0.708
19961209 0 0 2.28094 -3.396
19961210 0.043 0 2.04286 -3.096
19961211 0.006 0 1.86363 -2.9
19961212 0.05 0 1.7033 -0.717
19961213 5.754 0 1.60513 0.138
19961214 0.322 0 1.81566 -3.121
19961215 0.233 0.55 1.53416 -1.108
19961216 0.189 0.05 1.38805 1.796
19961217 4.966 0.33 1.33164 0.942
19961218 0.344 0.118 1.48126 5.588
19961219 0.979 0.195 1.45078 6.246
19961220 0.187 0.017 1.39016 4.758
19961221 0.014 0 1.29418 -0.938
19961222 0.372 0 1.20195 -1.363
19961223 0.135 0 1.15182 -3.413
19961224 0.17 0 1.1383 -6.737
19961225 0.087 0 1.01234 -7.192
19961226 0.044 0 0.83574 -7.9
19961227 0 0 0.70909 -8.925
19961228 0 0 0.61738 -10.825
19961229 0.002 0 0.56466 -9.167
19961230 0.079 0 0.64701 -6.338
19961231 0.026 0 0.77182 -12.233
19970101 0.004 0 0.58574 -14.175
19970102 0 0 0.46532 -10.4
19970103 0 0 0.57537 -7.65
19970104 0 0 0.63495 -6.833
19970105 0.001 0 0.59537 -5.775
19970106 0 0 0.66186 -7.683
19970107 0.01 0 0.5386 -7.533
19970108 0.066 0 0.50663 -6.6
19970109 0.487 0 0.47504 -3.567
19970110 0.006 0 0.50191 -7.571
19970111 0.068 0 0.46631 -6.675
19970112 1.656 0.781 0.43081 -0.642
19970113 1.671 0.94 0.4541 3.604
19970114 0.424 0.541 0.36785 2.8
19970115 0.175 0.68 0.38425 2.242
19970116 0.153 0.52 0.35705 2.825
19970117 0.413 0.273 0.35406 3.308
19970118 1.405 0.065 0.38846 1.658
19970119 3.114 0.048 0.54364 2.929
19970120 0.644 0.191 0.75242 1.817
19970121 0.024 0.292 0.91676 0.317
19970122 0.823 0.256 0.75499 4.383
19970123 0.166 0.252 0.66386 5.433
19970124 1.957 0.901 0.64368 6.008
19970125 0.036 0.08 0.68659 3.621
19970126 0.374 0 0.67072 -0.725
19970127 0.028 0 0.57791 -3.271
19970128 0.404 0 0.50571 -2.904
19970129 0.07 0 0.48046 -0.571
19970130 0.096 0 0.46575 -2.417
19970131 0.432 0 0.46028 -0.654
19970201 0.072 0 0.45227 -1.1
19970202 0.029 0 0.4316 -3.413
19970203 0.323 0 0.41762 -1.654
19970204 4.153 0 0.41168 -0.208
19970205 10.001 0.418 0.78764 1.408
19970206 0.205 0.588 1.36964 0.742
19970207 0.064 0.193 1.04922 2.842
19970208 1.703 0.288 0.87833 4.242
19970209 0.065 0.762 0.83416 4.379
19970210 2.293 0.485 0.84015 4.483
19970211 3.58 0.269 0.84935 1.671
19970212 16.812 0.395 1.15893 7.354
19970213 16.359 0.265 2.92174 2.837
19970214 4.541 0.351 5.11767 0.625
19970215 0.945 0.998 4.32405 0.146
19970216 0.467 0.319 3.30617 0.579
19970217 0.904 0.571 2.78258 2.688
19970218 9.749 0.974 2.67172 4.283
19970219 1.933 1.184 2.95132 1.825
19970220 0.329 0.474 2.56225 4.671
19970221 1.993 0.628 2.33246 5.596
19970222 0.063 1.066 2.17071 6.429
19970223 1.204 0.554 1.98016 6.267
19970224 18.609 0.779 1.89623 7.346
19970225 15.911 1.299 3.51173 7.987
19970226 7.353 1.3 5.39658 4.833
19970227 0.757 2.407 4.70898 3.629
19970228 0.002 0.759 3.92206 7.263
19970301 0.15 1.205 3.28912 7.162
19970302 3.879 0.93 2.88709 8.675
19970303 6.057 1.274 2.67246 5.608
19970304 2.926 0.615 2.8566 9.521
19970305 6.077 0.376 2.7938 6.396
19970306 0.767 1.867 2.71901 5.179
19970307 0.052 2.136 2.39636 7.675
19970308 0.092 3.072 2.1532 7.133
19970309 0.063 2.65 1.96492 8.675
19970310 0.075 0.36 1.80409 10.071
19970311 0.059 2.488 1.6562 9.55
19970312 0.036 1.369 1.50752 9.787
19970313 0 0.28 1.39365 7.542
19970314 1.927 0.346 1.30747 5.362
19970315 1.079 0.261 1.2677 6.471
19970316 0.215 0.901 1.21718 7.25
19970317 0.744 0.718 1.13305 6.954
19970318 3.76 0.344 1.07105 6.05
19970319 12.296 0.664 1.14356 3.275
19970320 1.705 0.421 1.58634 1.346
19970321 0.416 2.002 1.33522 3.025
19970322 0.048 1.059 1.24387 2.646
19970323 3.242 0.542 1.15821 3.592
19970324 2.836 0.372 1.24238 4.529
19970325 1.938 2.043 1.18433 4.713
19970326 0.259 2.383 0.98363 6.658
19970327 0.967 1.168 0.95679 9.671
19970328 6.514 0.726 0.99367 4.221
19970329 1.317 1.257 1.21014 2.042
19970330 0.175 2.716 1.14433 5.312
19970331 0.051 0.963 1.05397 8.117
19970401 0.027 2.167 0.96761 10.529
19970402 0.042 1.335 0.90184 9.404
19970403 0.634 1.71 0.87185 5.971
19970404 0.291 0.608 0.85331 2.575
19970405 7.672 2.297 0.82681 4.542
19970406 1.654 3.516 0.89372 3.858
19970407 0.136 4.107 0.99423 2.533
19970408 0.014 3.47 0.7751 5.438
19970409 0 3.716 0.74016 9.7
19970410 0.088 0.774 0.68148 10.692
19970411 0.105 1.142 0.64478 5.617
19970412 0.136 2.531 0.61808 2.229
19970413 0.001 1.97 0.62028 3.954
19970414 0.36 1.622 0.57478 6.204
19970415 0.001 1.651 0.56212 3.138
19970416 0.006 3.075 0.56158 2.487
19970417 0.253 3.336 0.53158 4.713
19970418 0.208 2.336 0.50384 6.321
19970419 0 1.98 0.49496 3.317
19970420 0.115 0.306 0.46701 1.079
19970421 0.054 1.575 0.4583 2.758
19970422 0.03 3.211 0.44467 2.888
19970423 0 3.997 0.43666 5.292
19970424 0.052 2.945 0.42552 7.796
19970425 3.68 1.106 0.39483 8.958
19970426 6.76 1.41 0.40642 8.613
19970427 12.242 0.858 0.57823 8.646
19970428 2.657 0.848 0.76601 8.592
19970429 13.376 1.952 0.66438 7.396
19970430 1.387 0.677 0.8833 8.267
19970501 0.063 4.864 0.91109 10.725
19970502 0.007 5.707 0.67635 14.604
19970503 0.009 3.13 0.62467 17.075
19970504 0.742 1.759 0.59288 13.871
19970505 17.25 0.864 0.63601 10.762
19970506 15.896 1.54 1.19335 5.675
19970507 4.987 1.696 2.26642 1.6
19970508 1.696 1.979 1.87758 3.008
19970509 10.194 2.092 1.76362 5.846
19970510 3.451 0.868 1.92807 8.088
19970511 4.339 3.132 1.78765 9.283
19970512 0.019 3.26 1.79269 9.65
19970513 1.137 1.052 1.56787 12.637
19970514 7.095 4.427 1.65015 10.179
19970515 0.167 3.608 1.67549 13.979
19970516 1.526 4.516 1.46241 17
19970517 1.946 2.353 1.27483 18.712
19970518 6.411 4.667 1.20605 13.842
19970519 0.106 2.971 1.27195 14.8
19970520 6.469 0.695 1.08369 11.646
19970521 17.095 2.198 1.19873 9.271
19970522 0.087 3.408 1.89603 8.113
19970523 0.018 5.066 1.58416 9.117
19970524 0.001 5.472 1.3055 8.167
19970525 0.001 5.188 1.16386 10.071
19970526 0.007 4.148 0.99461 11.846
19970527 0.076 4.65 0.90166 9.825
19970528 0 5.298 0.83887 8.488
19970529 0.003 6.309 0.74509 12.071
19970530 0.062 6.451 0.69689 13.121
19970531 0 0.945 0.63934 10.787
19970601 0 3.48 0.60154 9.092
19970602 0.021 3.569 0.56342 11.804
19970603 0.006 5.202 0.55256 14.254
19970604 0 5.44 0.52425 16.054
19970605 0.001 4.172 0.50801 17.758
19970606 0.139 4.232 0.47833 18.608
19970607 15.808 2.961 0.4469 18.208
19970608 12.002 4.967 0.64802 15.4
19970609 0.097 5.655 1.14849 15.512
19970610 0.013 0.937 0.67448 18.771
19970611 3.364 2.891 0.52414 18.113
19970612 0.078 3.746 0.50265 15.079
19970613 7.827 1.835 0.48384 15.6
19970614 7.891 2.844 0.5798 13.304
19970615 0.035 4.195 0.73161 11.221
19970616 0.428 1.459 0.63916 13.308
19970617 17.83 4.918 0.68515 10.729
19970618 0.102 4.519 1.03685 11.533
19970619 1.796 3.308 0.78608 13.012
19970620 3.889 0.41 0.64228 11.05
19970621 10.887 2.312 0.64028 11.021
19970622 5.838 1.397 0.74882 10.083
19970623 10.231 2.165 1.1763 10.2
19970624 4.855 2.112 1.4031 10.017
19970625 4.643 1.506 1.22103 9.6
19970626 9.01 2.926 1.21786 11.262
19970627 8.369 3.28 1.60585 11.083
19970628 2.082 1.606 1.70197 12.325
19970629 7.101 1.639 1.82824 12.713
19970630 6.176 0.325 1.8761 11.504
19970701 6.935 1.579 1.96839 11.329
19970702 2.962 3.585 1.96688 12.008
19970703 1.517 4.163 1.80322 12.183
19970704 1.109 3.243 1.59988 12.683
19970705 2.998 2.188 1.41064 12.942
19970706 2.667 2.738 1.29299 11.8
19970707 0.077 4.314 1.24582 14.167
19970708 0.073 4.771 1.10318 14.683
19970709 0.029 4.03 0.99729 14.696
19970710 0.019 1.012 0.89723 16.438
19970711 0.008 4.781 0.82048 18.646
19970712 0.027 4.609 0.7794 18.946
19970713 3.062 3.141 0.72238 19.312
19970714 5.701 4.057 0.72657 17.721
19970715 0.041 3.096 0.73926 15.137
19970716 0.014 2.637 0.67133 15.787
19970717 14.068 1.603 0.60896 14.421
19970718 10.425 3.844 1.14559 12.292
19970719 4.647 3.187 1.42812 14.858
19970720 4.391 0.347 1.17299 13.025
19970721 0.815 2.813 1.0746 14.433
19970722 0.534 5.304 0.8996 15.146
19970723 0.19 3.44 0.75996 17.525
19970724 1.76 1.921 0.66215 17.696
19970725 3.673 4 0.62246 14.271
19970726 0.507 3.199 0.61747 15.113
19970727 2.72 4.703 0.59634 15.775
19970728 0.036 4.254 0.5472 15.875
19970729 0.001 4.882 0.47621 17.896
19970730 0.771 1.556 0.42887 19.079
19970731 3.831 0.236 0.42376 11.279
19970801 4.52 2.905 0.43088 12.2
19970802 5.67 1.825 0.59076 16.571
19970803 2.242 3.31 0.62017 16.988
19970804 0.065 4.27 0.51106 19.5
19970805 0.024 4.718 0.45844 20.333
19970806 0.163 5.027 0.41272 20.438
19970807 0.022 4.865 0.37249 20.108
19970808 0.006 4.298 0.35566 21.25
19970809 0.023 6.305 0.32486 21.933
19970810 0 1.091 0.30535 21.633
19970811 0.022 4.912 0.27601 21.729
19970812 0.007 4.072 0.27769 22.038
19970813 0.536 4.774 0.25819 22.188
19970814 0.04 4.21 0.25322 18.642
19970815 0.025 3.833 0.24908 17.879
19970816 0.017 4.123 0.24172 18.492
19970817 0.097 4.152 0.24046 20.379
19970818 0.455 4.878 0.23429 20.729
19970819 0.016 4.812 0.23204 20.196
19970820 0.051 0.906 0.2218 19.012
19970821 0.022 2.07 0.21078 20.783
19970822 0.63 3.814 0.21285 19.863
19970823 0.379 4.224 0.21132 21.637
19970824 0.538 4.897 0.21337 23.717
19970825 1.141 1.601 0.21118 23.129
19970826 3.815 2.682 0.19809 16.258
19970827 12.72 1.664 0.2075 17.267
19970828 8.039 2.418 0.30416 13.4
19970829 1.944 1.088 0.3758 12.421
19970830 1.161 3.71 0.33437 13.65
19970831 2.726 1.166 0.26255 18.083
19970901 21.54 1.176 0.24442 17.587
19970902 0.698 2.344 0.40734 13.6
19970903 0.171 2.635 0.48834 14.633
19970904 1.69 2.564 0.36081 16.004
19970905 0.021 2.864 0.27716 15.825
19970906 0.001 1.165 0.25474 12.758
19970907 2.009 2.889 0.2448 11.012
19970908 0.101 2.048 0.23566 13.433
19970909 0.023 3.32 0.21942 11.804
19970910 0.028 1.013 0.20516 10.154
19970911 0.024 1.584 0.20507 14.046
19970912 4.996 1.876 0.19883 13.825
19970913 2.331 2.908 0.19978 9.329
19970914 0.039 3.231 0.18389 8.863
19970915 0.049 3.758 0.21492 11.725
19970916 0.029 3.155 0.1984 13.946
19970917 0.008 3.052 0.17379 15.917
19970918 0.016 2.311 0.17341 17.621
19970919 0.002 3.542 0.19735 14.325
19970920 0.011 0.756 0.16729 9.233
19970921 0.015 3.385 0.1606 9.625
19970922 0.04 3.472 0.15885 12.054
19970923 0.001 2.763 0.15314 12.375
19970924 0.01 3.294 0.14978 10.308
19970925 0.05 3.403 0.14852 12.575
19970926 0.001 3.034 0.14872 14.925
19970927 0.003 3 0.15082 15.692
19970928 0.058 2.263 0.14744 15.946
19970929 0.061 2.482 0.15644 14.912
19970930 0.001 0.858 0.14949 15.613
19971001 0.209 1.621 0.14452 16.417
19971002 0.023 1.066 0.14314 11.925
19971003 0.001 1.921 0.1305 8.825
19971004 0.001 1.311 0.13599 9.583
19971005 0.036 2.205 0.1334 10.125
19971006 0.113 0.884 0.13502 14.342
19971007 8.066 0.899 0.13797 12.958
19971008 9.361 1.176 0.15026 12.379
19971009 7.44 1.244 0.22817 15.088
19971010 17.707 0.61 0.27896 11.967
19971011 12.584 0.882 0.4613 8.404
19971012 6.982 0.538 0.63911 7.433
19971013 7.536 0.592 0.81724 4.779
19971014 5.496 0.182 0.54097 4.717
19971015 9.8 0.386 0.54614 4.062
19971016 0.023 0.947 0.70544 6.292
19971017 0.046 1.832 0.59308 9.104
19971018 0.092 1.82 0.41733 12.096
19971019 0.09 1.075 0.37683 12.525
19971020 0.137 0.271 0.31144 9.892
19971021 0.006 1.755 0.29662 4.267
19971022 0.091 1.632 0.27479 4.875
19971023 0.11 0.772 0.26658 4.325
19971024 0.114 0.652 0.24502 4.067
19971025 0.055 0.516 0.23076 3.754
19971026 0.089 1.285 0.23067 4.7
19971027 0.149 0.113 0.22426 2.483
19971028 0 2.2 0.21728 -0.642
19971029 0 1.762 0.21096 0.867
19971030 0.011 0.967 0.20957 2.896
19971031 0.081 0.482 0.2075 1.038
19971101 0.07 1.093 0.19827 3.1
19971102 0.09 1.339 0.19701 4.837
19971103 0.065 0.707 0.20187 3.296
19971104 1.817 0.142 0.20754 3.958
19971105 1.147 0.239 0.21967 8.821
19971106 16.703 0.439 0.22471 9.8
19971107 1.032 0.632 0.39341 7.792
19971108 1.993 0.604 0.44597 6.854
19971109 9.146 0.281 0.3595 6.442
19971110 6.352 0.197 0.38086 5.575
19971111 3.78 0.016 0.54014 4.646
19971112 7.799 0.176 0.57427 4.971
19971113 0.102 0.148 0.59713 3.212
19971114 0.311 0.1 0.60446 3.396
19971115 0.965 0.151 0.51831 5.283
19971116 0.305 0.695 0.48638 7.579
19971117 0.012 0.942 0.45767 4.25
19971118 0.155 0.63 0.41071 1.917
19971119 1.372 0.094 0.38797 0.462
19971120 6.363 0.048 0.39701 3.008
19971121 0.294 0.466 0.44525 5.021
19971122 0.119 0.416 0.5314 4.246
19971123 0.129 0.034 0.35811 1.413
19971124 0.08 0.55 0.36592 0.004
19971125 0.044 1.194 0.36349 2.546
19971126 0.008 0.39 0.36245 6.838
19971127 1.952 0.026 0.3614 2.65
19971128 3.053 0.044 0.38054 5.079
19971129 5.146 0.004 0.46323 6.654
19971130 9.382 0.506 0.62413 5.179
19971201 0.549 0.046 1.01884 1.425
19971202 0.047 0 1.00537 -1.75
19971203 1.346 0 0.84085 -2.513
19971204 0.685 0 0.77036 -1.875
19971205 0.733 0 0.71156 -2.688
19971206 0.453 0 0.6577 -2.842
19971207 0.304 0.451 0.60311 -1.133
19971208 0.942 0.129 0.58878 1.35
19971209 2.967 0.239 0.5816 5.021
19971210 8.143 0.34 0.73429 7.575
19971211 7.931 0.205 1.07188 8.625
19971212 12.193 0.247 1.57482 4.525
19971213 1.201 0.197 2.20896 2.487
19971214 4.395 0.016 2.1271 2.183
19971215 0.139 0 2.0428 -0.817
19971216 0 0 1.76992 -5.888
19971217 0.794 0.605 1.52557 -2.883
19971218 3.361 0.242 1.37509 3.933
19971219 1.406 0.248 1.41633 5.021
19971220 4.078 0.021 1.42225 4.708
19971221 3.952 0 1.31958 1.508
19971222 0.639 0.132 1.51902 -0.546
19971223 2.09 0.155 1.40967 1.696
19971224 7.29 0.431 1.37858 7.45
19971225 8.646 0.5 1.77703 8.046
19971226 9.44 0.13 2.33455 4.838
19971227 2.622 0.184 3.35043 3.05
19971228 2.325 0.104 3.44144 1.738
19971229 3.927 0.47 3.20621 0.321
19971230 1.128 0.229 3.07042 1.667
19971231 5.08 0.435 2.66587 5.592
19980101 1.507 0.324 2.55818 4.15
19980102 19.234 0.532 2.44454 4.067
19980103 8.478 0.596 3.63456 4.6
19980104 5.275 0.424 4.4455 3.233
19980105 15.318 0.265 4.39339 2.642
19980106 1.186 0.659 5.25274 2.362
19980107 2.968 0.608 4.91303 6.979
19980108 1.444 0.6 4.10587 6.375
19980109 0.027 1.381 3.37923 7.192
19980110 0.115 0.352 2.87656 6.883
19980111 0.035 0.747 2.54556 6.537
19980112 0.048 0.803 2.26451 5.35
19980113 0.386 0.485 2.05394 6
19980114 2.102 0.269 1.8778 4.567
19980115 4.272 0.252 1.7334 3.142
19980116 8.754 0.351 1.67841 4.667
19980117 2.498 0.448 2.05549 1.408
19980118 6.675 0.17 1.9051 0.9
19980119 10.341 0.012 2.32704 1.417
19980120 4.186 0 3.206 -0.567
19980121 0.259 0 3.34834 -2.783
19980122 0.328 0 3.01349 -4.904
19980123 0.088 0 2.65912 -1.942
19980124 0.119 0 2.38612 -2.379
19980125 0.067 0 2.14006 -3.879
19980126 0.576 0 1.87369 -5.654
19980127 0.358 0 1.65814 -5.983
19980128 0.099 0.506 1.47989 -4.638
19980129 1.204 0.046 1.37138 0.004
19980130 0.46 0 1.32466 -0.867
19980131 0.071 0 1.2388 -1.808
19980201 0.067 0 1.13668 -8.262
19980202 0.171 0 0.95224 -5.575
19980203 0.303 0 0.93254 -2.383
19980204 0.228 0.231 0.90286 -2.321
19980205 0.506 0.296 0.82177 0.925
19980206 0.222 0.025 0.77177 0.825
19980207 0.628 0 0.75974 -0.558
19980208 0.281 0.737 0.74286 -0.196
19980209 0.028 0.848 0.72256 3.454
19980210 0.004 0.302 0.69757 5.112
19980211 0.041 0.714 0.6818 5.808
19980212 0.001 1.163 0.68132 6.5
19980213 0.016 1.805 0.68173 9.075
19980214 0.084 1.717 0.6707 10.196
19980215 0.052 1.011 0.64116 9.496
19980216 1.102 0.365 0.6019 7.025
19980217 1.228 1.72 0.61114 2.396
19980218 0.111 0.33 0.61945 4.721
19980219 0.311 1.479 0.60268 4.15
19980220 0.062 0.639 0.57596 7.362
19980221 1.335 0.376 0.55426 7.808
19980222 4.835 1.317 0.54792 4.308
19980223 0.93 0.711 0.61132 3.092
19980224 0.419 0.516 0.59139 6.046
19980225 0.041 1.098 0.54047 6.671
19980226 0 0.426 0.51428 7.25
19980227 0.541 0.866 0.51491 4.15
19980228 4.045 0.406 0.50708 2.288
19980301 1.135 0.404 0.5557 0.962
19980302 1.304 0.727 0.5461 4.362
19980303 4.022 1.482 0.52317 6.792
19980304 17.624 1.735 0.56614 9
19980305 2.331 0.432 1.28684 3.138
19980306 15.746 0.301 1.48437 4.742
19980307 12.856 0.487 2.51176 6.292
19980308 11.176 0.042 4.22089 3.325
19980309 0.164 2.156 5.02666 -1.154
19980310 0.137 0.196 3.73565 1.079
19980311 3.055 0.88 3.01837 -0.188
19980312 3.758 1.18 2.73433 0.583
19980313 1.647 0.232 2.39447 0.754
19980314 3.19 0.1 2.11012 3.729
19980315 0.956 0.195 1.99634 4.646
19980316 1.272 0.204 1.8205 5.5
19980317 0.102 0.655 1.68392 4.783
19980318 0.071 1.158 1.52734 5.821
19980319 0.22 0.331 1.40116 3.467
19980320 4.675 0.384 1.29015 2.142
19980321 1.401 1.177 1.32021 2.783
19980322 1.398 0.39 1.3034 2.163
19980323 3.73 2.226 1.17661 0.804
19980324 0.151 2.455 1.23455 0.221
19980325 0.012 2.218 1.09604 2.829
19980326 0.84 0.458 1.02121 3.633
19980327 0.933 2.225 1.00231 5.433
19980328 0.042 3.643 0.97718 9.9
19980329 0.014 3.063 0.93942 13.208
19980330 0.008 2.593 0.84105 13.588
19980331 0.022 0.763 0.92138 12.438
19980401 1.036 1.238 0.8224 10.45
19980402 4.297 0.834 0.75202 8.533
19980403 17.116 0.902 0.78833 7.763
19980404 6.322 0.857 1.81793 5.767
19980405 7.224 0.995 2.12234 5.275
19980406 4.216 0.26 2.13199 5.237
19980407 17.314 1.259 2.23807 3.571
19980408 5.504 1.125 4.29212 4.896
19980409 3.829 0.642 4.34691 4.354
19980410 2.77 0.732 3.70048 3.654
19980411 1.222 1.118 3.23649 3.237
19980412 1.444 0.096 2.77243 1.575
19980413 0.893 0 2.4543 -0.008
19980414 1.84 0.506 2.16481 0.188
19980415 7.912 1.652 2.00547 2.2
19980416 2.143 0.377 2.26431 2.833
19980417 5.206 0.89 2.09918 2.883
19980418 0.027 1.498 2.11817 2.9
19980419 0.017 0.547 1.90674 4.442
19980420 5.917 0.269 1.74823 5.729
19980421 0.139 4.058 1.79989 7.504
19980422 0.001 4.217 1.65958 12.642
19980423 0.615 2 1.4643 13.158
19980424 1.251 0.7 1.34764 8.613
19980425 3.569 0.875 1.27957 10.15
19980426 16.146 0.405 1.58026 8.929
19980427 14.602 1.361 2.62874 5.417
19980428 3.671 3.102 3.62569 6.463
19980429 0.107 3.076 3.31047 9.267
19980430 0.027 0.992 2.85048 10.129
19980501 0.41 0.705 2.47057 8.7
19980502 3.57 0.784 2.20122 7.646
19980503 1.237 3.278 2.05171 5.692
19980504 0.013 2.129 1.85571 5.904
19980505 0.636 0.761 1.54021 6.513
19980506 3.424 1.616 1.45559 7.412
19980507 0.704 4.773 1.41554 9.367
19980508 0.041 4.733 1.26794 14.6
19980509 0.001 5.991 1.13481 16.554
19980510 0.001 0.795 1.01234 19.733
19980511 0.006 5.075 0.9452 21.425
19980512 0.017 6.146 0.79945 21.721
19980513 0.003 5.203 0.80334 21.875
19980514 0.472 6.157 0.7904 18.625
19980515 0.01 5.427 0.70821 15.821
19980516 0.001 5.077 0.63988 13.887
19980517 0 4.315 0.59684 13.283
19980518 0.08 4.622 0.56131 14.471
19980519 0.003 4.92 0.53044 15.304
19980520 0.038 1.006 0.51732 14.262
19980521 0.741 1.836 0.4918 9.65
19980522 0.029 3.231 0.49658 6.246
19980523 0.42 1.61 0.48146 8.104
19980524 1.125 2.321 0.45297 8.633
19980525 6.673 2.213 0.51656 10.562
19980526 2.41 2.482 0.44352 9.804
19980527 8.734 2.596 0.45398 10.688
19980528 14.02 3.561 0.5103 12.304
19980529 1.434 4.154 0.67561 12.713
19980530 0.158 2.693 0.60991 14.246
19980531 4.777 0.895 0.50317 12.875
19980601 0.437 2.031 0.41429 12.804
19980602 15.797 3.435 0.47153 14.192
19980603 0.24 4.421 0.6304 13.417
19980604 0.047 4.819 0.57956 13.983
19980605 0.278 4.76 0.41519 18.012
19980606 13.475 1.628 0.3548 21.096
19980607 13.946 3.819 0.56306 13.667
19980608 0.126 1.811 0.95056 12.725
19980609 3.423 2.84 0.65691 14.238
19980610 3.459 0.521 0.54979 13.55
19980611 9.687 2.544 0.53654 10.267
19980612 5.128 3.54 0.60822 8.021
19980613 1.634 2.27 0.6662 9.088
19980614 8.918 2.06 0.62408 10.262
19980615 6.348 0.853 0.69437 10.75
19980616 8.865 2.405 0.79166 9.379
19980617 3.357 2.82 0.91483 10.808
19980618 0.395 3.669 0.94442 12.404
19980619 0.001 6.131 0.77476 16.854
19980620 0 1.266 0.66512 20.667
19980621 0.585 3.323 0.57323 22.396
19980622 0.108 4.553 0.51928 13.392
19980623 0.075 5.018 0.44937 13.15
19980624 0.018 2.94 0.43034 17.329
19980625 1.359 3.584 0.40394 15.471
19980626 0.032 4.21 0.38428 14.662
19980627 7.647 3.556 0.39238 14.692
19980628 0.111 3.404 0.34018 12.146
19980629 0.006 1.889 0.37354 13.15
19980630 3.221 0.883 0.34355 11.975
19980701 0.21 3.554 0.31361 13.058
19980702 0.021 3.573 0.32828 12.729
19980703 0.093 3.409 0.29826 11.608
19980704 0 1.801 0.29104 12.975
19980705 0.064 0.919 0.27549 12.821
19980706 2.477 1.952 0.23645 12.4
19980707 4.901 2.096 0.30514 10.392
19980708 0.661 0.769 0.31257 10.621
19980709 2.869 1.297 0.27045 10.867
19980710 1.456 0.718 0.27803 13.396
19980711 5.941 1.848 0.28982 13.183
19980712 6.668 1.263 0.27544 15.213
19980713 15.748 2.487 0.43661 12.346
19980714 1.289 1.911 0.66692 10.346
19980715 2.558 0.792 0.49237 10.446
19980716 9.644 1.07 0.45448 11.104
19980717 1.958 2.435 0.56434 12.525
19980718 0.184 5.163 0.52814 12.258
19980719 0.042 5.543 0.45576 16.012
19980720 0.034 0.782 0.3697 22.983
19980721 2.897 5.21 0.32191 17.008
19980722 0.133 3.122 0.30938 15.883
19980723 1.463 3.497 0.29045 16.104
19980724 0.035 4.52 0.27083 14.704
19980725 0.023 4.146 0.26325 13.792
19980726 0.01 4.06 0.23805 15.717
19980727 0.222 3.088 0.23202 16.562
19980728 0.074 0.932 0.23785 13.821
19980729 8.759 3.274 0.24181 13.238
19980730 0.33 2.998 0.2729 13.579
19980731 0.056 0.389 0.27893 12.738
19980801 1.036 1.531 0.25598 14.475
19980802 0.606 3.9 0.2257 13.412
19980803 0.219 1.354 0.24124 15.354
19980804 2.075 4.173 0.22874 13.792
19980805 0.079 5.09 0.23078 15.1
19980806 0.014 5.478 0.207 17.796
19980807 0.002 5.783 0.20002 20.575
19980808 0.033 5.709 0.17726 23.608
19980809 0.001 5.524 0.15442 21.542
19980810 0.072 0.69 0.146 24.075
19980811 0.008 3.64 0.1453 26.183
19980812 0.012 3.354 0.1458 21.421
19980813 0 4.675 0.13799 13.717
19980814 0 4.294 0.13576 15.637
19980815 0.001 4.38 0.13356 19.233
19980816 0 5.404 0.13208 17.667
19980817 0 3.989 0.13122 18.179
19980818 0.01 3.621 0.12906 15.875
19980819 0.018 4.238 0.13018 15.408
19980820 0.001 0.677 0.12537 15.579
19980821 11.449 1.217 0.12978 12.613
19980822 6.06 2.088 0.22574 11.238
19980823 6.296 1.28 0.24939 10.929
19980824 12.32 3.356 0.29104 11.713
19980825 0.205 1.814 0.313 11.058
19980826 5.391 1.612 0.27605 11.946
19980827 2.137 1.608 0.27225 8.571
19980828 0.919 1.927 0.23728 8.942
19980829 0.021 0.493 0.22408 10.1
19980830 2.261 2.043 0.20506 10.917
19980831 0.075 0.689 0.20293 12.708
19980901 0.188 1.245 0.1868 13.667
19980902 7.26 0.978 0.19368 15.95
19980903 14.482 2.092 0.27558 14.746
19980904 1.088 1.877 0.52988 13.496
19980905 9.557 1.122 0.49912 13.029
19980906 10.506 1.056 0.53244 12.729
19980907 4.067 1.188 0.68076 13.279
19980908 4.056 0.969 0.54914 13.404
19980909 5.852 2.466 0.48242 15.117
19980910 2.636 0.448 0.46548 14.667
19980911 4.686 1.451 0.53586 12.058
19980912 18.3 0.823 0.74387 8.733
19980913 14.321 0.393 1.15767 5.804
19980914 32.296 1.592 2.80469 6.963
19980915 6.659 1.473 4.9486 9.904
19980916 3.651 0.407 3.61631 10.275
19980917 4.181 1.907 2.64373 8.817
19980918 0.077 2.228 2.1186 10.338
19980919 0.065 2.893 1.6497 12.975
19980920 0.097 0.653 1.35472 13.075
19980921 0.114 2.6 1.11917 11.858
19980922 0.037 3.126 0.97594 10.871
19980923 0.072 2.925 0.84395 11.696
19980924 0.042 3.08 0.7632 13.633
19980925 0.123 2.095 0.65498 15.875
19980926 3.001 1.267 0.644 14.142
19980927 2.489 0.276 0.5841 11.904
19980928 10.241 1.028 0.63423 11.696
19980929 0.173 1.192 0.8642 12.304
19980930 2.768 0.705 0.73444 12.079
19981001 0.278 0.561 0.62422 11.463
19981002 1.507 0.277 0.59684 7.433
19981003 0.855 0.208 0.53075 2.871
19981004 1.307 0.347 0.51701 3.742
19981005 0.189 0.448 0.51822 5.175
19981006 2.41 0.214 0.49581 6.088
19981007 0.566 0.192 0.48316 4.838
19981008 9.536 1.391 0.52522 5.075
19981009 0.231 0.169 0.70535 7.225
19981010 8.286 0.048 0.65734 7.583
19981011 4.795 0.422 0.91429 8.246
19981012 4.173 0.72 1.03612 7.029
19981013 1.138 0.15 0.96714 6.708
19981014 13.655 0.965 0.98345 11.479
19981015 0.895 0.593 1.6124 9.908
19981016 0.264 0.42 1.77863 9.075
19981017 9.722 0.672 1.67425 10.392
19981018 4.362 0.696 2.29345 5.479
19981019 0.902 0.652 1.9829 3.825
19981020 0.856 0.747 1.72442 4.196
19981021 0.826 0.382 1.51274 7.463
19981022 0.448 0.634 1.33371 9.725
19981023 7.764 0.473 1.21928 11.229
19981024 17.122 0.632 1.40643 8.15
19981025 10.318 0.241 3.03028 6.879
19981026 5.872 0.248 3.70154 4.138
19981027 13.193 0.252 3.64779 6.85
19981028 16.24 0.703 4.54552 10.308
19981029 2.941 0.48 5.96761 6.067
19981030 14.202 0.082 5.41946 3.808
19981031 24.321 0.191 5.66995 4.667
19981101 12.769 0.743 9.03166 4.308
19981102 5.242 0.792 10.39662 3.55
19981103 0.933 0.154 7.2749 5.842
19981104 2.311 0.646 5.59235 2.967
19981105 0.961 0.289 4.3517 2.004
19981106 1.808 0.659 3.53119 4.504
19981107 0.177 0.388 3.00364 3.333
19981108 8.229 0.118 2.592 4.496
19981109 3.033 0.14 2.85541 9.396
19981110 3.21 0.386 2.67658 6.771
19981111 0.092 0.54 2.40345 2.525
19981112 0.433 0.046 2.1627 1.083
19981113 0.755 0.044 1.98819 3.229
19981114 11.954 0.004 2.14067 1.612
19981115 9.032 0 3.08336 2.358
19981116 4.373 0 3.56625 0.438
19981117 0.401 0 3.49803 -0.954
19981118 0.43 0 3.10919 -1.192
19981119 3.571 0 2.79421 -1.387
19981120 0.27 0 2.48094 -5.879
19981121 0.244 0 1.99703 -5.542
19981122 0.066 0 1.73378 -8.113
19981123 0.073 0 1.55563 -7.029
19981124 0.042 0 1.38634 -5.779
19981125 0.278 0 1.3034 -2.508
19981126 3.7 0.231 1.24164 -0.95
19981127 5.405 0.021 1.3426 2.104
19981128 0.547 0 1.57579 -0.171
19981129 5.173 0 1.51126 -0.475
19981130 0.081 0 1.73536 -2.038
19981201 0.125 0 1.43856 -2.875
19981202 0 0 1.30496 -6.175
19981203 0.009 0 1.21644 -4.304
19981204 0.17 0 1.1813 -2.871
19981205 0.677 0 1.17961 -1.917
19981206 0.207 0 1.16512 -2.233
19981207 1.023 0 1.08439 -1.596
19981208 0.169 0 1.04303 -3.692
19981209 3.722 0.088 1.05046 -0.375
19981210 1.609 0.096 1.61143 0.654
19981211 8.412 0.14 2.0077 1.992
19981212 17.939 0.606 3.11963 5.179
19981213 0.925 0.186 5.79568 6.233
19981214 0.99 0.331 7.13844 5.787
19981215 1.503 0.447 5.43191 5.408
19981216 1.59 1.6 4.41007 4.308
19981217 0.111 0.23 3.61566 6.062
19981218 2.138 0.14 3.03251 2.958
19981219 6.254 0.144 2.83509 3.012
19981220 0.997 0.012 2.81131 0.642
19981221 0.191 0 2.41837 -1.383
19981222 0.568 0 2.16302 -1.183
19981223 0.648 0 1.95287 -0.379
19981224 0.036 0.187 1.79674 -1.333
19981225 3.308 0.105 1.64304 1.654
19981226 3.999 0.382 1.63888 4.696
19981227 12.425 0.32 2.20711 6.179
19981228 2.253 0.488 3.24356 4.6
19981229 0.053 0.724 2.68306 2.275
19981230 0.341 0.744 2.45997 4.596
19981231 1.279 0.15 2.19956 4.15
19990101 0.002 0.426 2.01492 4.475
19990102 8.492 0.324 1.80972 4.096
19990103 10.601 0.301 2.02957 2.979
19990104 6.646 0.586 2.87683 7.438
19990105 0.041 1.063 2.85248 9.767
19990106 0.135 0.378 2.58637 7.8
19990107 7.629 0.356 2.61068 4.438
19990108 5.891 0.03 3.11011 2.733
19990109 4.992 0 3.39086 -0.629
19990110 0.117 0 3.30167 -3
19990111 0.005 0 2.82265 -4.475
19990112 0.012 0 2.43018 -4.787
19990113 2.247 0.506 2.19184 -0.646
19990114 4.684 0.332 2.46375 1.283
19990115 1.897 0.576 2.58394 2.792
19990116 5.308 0.094 2.46654 4.438
19990117 7.155 0.334 3.03876 2.967
19990118 0.195 0.767 3.28122 1.363
19990119 0.018 0.76 2.79765 3.279
19990120 0.019 0.569 2.53154 5.217
19990121 0.848 0.596 2.24215 4.912
19990122 0.11 0.424 2.00158 3
19990123 0.105 0.034 1.79818 1.525
19990124 0.618 0.143 1.64747 2.183
19990125 12.319 0.431 1.52053 6.825
19990126 7.537 0.313 2.18248 2.229
19990127 8.196 0.069 3.13742 0.679
19990128 19.538 0.004 4.34119 2.004
19990129 0.433 0 5.99607 -3.133
19990130 0.216 0 5.3159 -5.421
19990131 0.413 0 4.18534 -2.688
19990201 1.796 0.638 3.46747 -0.221
19990202 1.086 0.289 3.06153 1.858
19990203 0.159 0.164 2.72173 2.454
19990204 2.29 0.244 2.37634 5
19990205 5.733 1.077 2.3224 2.079
19990206 8.402 0.096 2.85361 0.1
19990207 5.549 0 3.96405 -1.779
19990208 3.24 0 4.10497 -3.312
19990209 0.86 0 3.52505 -4.338
19990210 1.507 0 3.05089 -3.862
19990211 1.796 0 2.64262 -4.425
19990212 1.274 0 2.28137 -6.525
19990213 0.319 0 1.91488 -6.912
19990214 1.681 0 1.76044 -3.308
19990215 1.186 1.936 1.65445 -3.042
19990216 4.078 0.176 1.73902 0.325
19990217 2.078 0.88 2.35487 -1.075
19990218 11.363 0.311 2.24404 1.308
19990219 17.408 0.989 3.6553 4.542
19990220 8.8 0.55 8.09163 3.875
19990221 12.838 0.042 10.1277 2.754
19990222 3.098 0 9.53429 -1.167
19990223 4.799 0 8.60452 -1.054
19990224 3.041 0 7.02164 -1.65
19990225 5.031 2.981 5.35293 -1.142
19990226 2.66 2.108 4.4116 2.446
19990227 1.946 1.311 4.07561 1.925
19990228 0.051 0.192 3.94236 2.85
19990301 20.146 0.151 4.3517 5.283
19990302 10.365 0.706 8.02771 8.121
19990303 7.561 0.613 10.32329 5.529
19990304 3.512 0.094 9.11248 3.079
19990305 2.436 0.29 7.21555 0.875
19990306 1.567 0.026 5.76056 -0.029
19990307 1.993 0.462 4.74131 -0.821
19990308 5.287 0.636 4.16392 0.242
19990309 2.539 0.56 3.8887 3.013
19990310 0.212 0.607 3.54328 2.775
19990311 0.18 2.207 3.03403 2.408
19990312 0.015 1.901 2.72678 8.912
19990313 0.038 1.442 2.46915 10.475
19990314 0.033 2.042 2.18673 7.112
19990315 0.116 2.144 1.94182 5.562
19990316 0.078 2.148 1.74305 5.45
19990317 0 1.972 1.58137 5.104
19990318 4.908 0.845 1.485 5.479
19990319 0.439 1.118 1.47737 2.788
19990320 0.306 0.327 1.39241 2.763
19990321 5.885 0.307 1.26583 2.521
19990322 12.31 0.202 1.70856 1.467
19990323 13.889 1.072 2.88293 3.492
19990324 0.022 1.515 3.68489 6.629
19990325 1.416 0.503 3.05359 7.992
19990326 5.041 1.508 2.67307 6.304
19990327 0 1.696 2.56394 3.85
19990328 0 2.793 2.10046 4.083
19990329 0.115 2.078 1.7953 5.938
19990330 0.013 3.148 1.61266 7.871
19990331 0.014 0.865 1.48664 9.829
19990401 0.025 2.672 1.37781 10.838
19990402 1.912 1.25 1.25867 10.796
19990403 4.636 0.873 1.73317 8.604
19990404 0.818 0.808 1.41986 8.642
19990405 0.759 2.036 1.27112 9.192
19990406 3.943 1.235 1.1722 10.892
19990407 6.622 1.471 1.15909 6.121
19990408 0.712 3.106 1.27168 5.996
19990409 0.082 1.877 1.14316 8.496
19990410 1.198 0.509 1.02335 8.317
19990411 0.77 1.045 0.97594 5.871
19990412 12.155 1.379 1.01626 4.417
19990413 7.966 0.117 1.58425 2.675
19990414 9.433 0 1.82835 -0.621
19990415 13.085 2.156 2.50153 -0.371
19990416 0.936 2.033 2.99749 1.479
19990417 0.288 1.454 2.75728 3.821
19990418 0.657 1.404 2.45072 2.4
19990419 2.263 2.229 2.12616 2.775
19990420 2.587 0.698 1.86007 5.521
19990421 6.074 1.608 1.72753 9.017
19990422 3.389 1.979 1.74334 7.517
19990423 0.558 0.717 1.70672 7.571
19990424 0.143 2.943 1.49434 5.992
19990425 0.078 3.244 1.327 8.812
19990426 1.512 2.977 1.25593 11.713
19990427 0.257 2.677 1.18089 10.842
19990428 0.02 4.346 1.11447 10.117
19990429 0.061 4.093 1.01243 11.117
19990430 0 0.756 0.97234 13.238
19990501 0.002 3.613 0.9203 13.629
19990502 0.001 5.55 0.84319 12.35
19990503 0 4.732 0.81027 13.55
19990504 0.023 2.73 0.77659 12.017
19990505 1.087 2.094 0.74045 11.058
19990506 0.75 4.109 0.7346 12.096
19990507 2.948 3.658 0.71186 14.3
19990508 0.202 4.293 0.69226 11.917
19990509 0.001 2.563 0.67046 12.546
19990510 7.779 0.574 0.63119 12.342
19990511 0.177 2.465 0.66474 10.708
19990512 0.11 2.146 0.64786 11.246
19990513 0.067 2.188 0.58869 9.662
19990514 0.902 2.339 0.56493 9.133
19990515 0.094 3.452 0.54544 8.392
19990516 0.028 3.827 0.51935 6.737
19990517 0.519 2.576 0.50279 10.333
19990518 3.177 2.361 0.48314 10.542
19990519 6.548 2.033 0.48089 11.713
19990520 0.428 0.717 0.56268 10.838
19990521 0.214 2.569 0.52708 12.408
19990522 1.651 4.079 0.47322 9.754
19990523 0.01 2.781 0.47606 9.979
19990524 0.001 2.652 0.43114 12.442
19990525 0 5.49 0.42158 10.892
19990526 0.001 6.386 0.4097 14.05
19990527 0 4.673 0.3719 18.658
19990528 0.618 6.294 0.37199 17.442
19990529 0.003 4.663 0.34805 19.858
19990530 4.055 3.774 0.35332 19.133
19990531 0.904 0.771 0.3901 14.221
19990601 0.16 3.98 0.3544 16.483
19990602 3.801 3.977 0.33723 17.038
19990603 6.957 2.265 0.32627 12.729
19990604 8.139 2.101 0.36722 10.971
19990605 8.276 2.881 0.66418 9.629
19990606 4.962 3.007 0.66042 8.975
19990607 5.807 3.1 0.66337 10.521
19990608 1.054 2.822 0.6028 9.379
19990609 0.608 3.258 0.51541 9.963
19990610 0.42 0.594 0.41256 12.079
19990611 0.551 2.966 0.32598 10.125
19990612 0.118 3.567 0.26278 11.863
19990613 5.099 3.105 0.31156 13.308
19990614 1.023 2.455 0.3463 14.5
19990615 0.079 2.95 0.32087 15.4
19990616 0 4.144 0.31682 16.846
19990617 0 4.479 0.28964 17.062
19990618 0.006 5.413 0.29126 11.258
19990619 0.001 2.108 0.25502 13.525
19990620 5.879 0.612 0.23933 11.508
19990621 6.046 3.661 0.28177 7.883
19990622 0.059 3.354 0.2988 9.821
19990623 0.017 3.993 0.2745 11.771
19990624 0.039 5.156 0.24048 13.592
19990625 0 5.3 0.31556 14.721
19990626 6.662 3.423 0.29542 16.129
19990627 8.111 3.626 0.22392 14.533
19990628 1.502 3.099 0.23652 11.608
19990629 2.472 2.553 0.22086 13.846
19990630 4.091 0.528 0.20583 14.271
19990701 0.58 4.704 0.19829 13.213
19990702 0.057 4.825 0.18857 17.35
19990703 0.001 4.206 0.17683 19.858
19990704 25.524 2.502 0.1719 19.413
19990705 3.922 2.671 0.76354 15.833
19990706 0.285 3.162 0.51032 15.825
19990707 3.461 3.886 0.40318 15.45
19990708 1.333 5.103 0.33052 15.983
19990709 0.689 4.196 0.32623 16.683
19990710 0.001 0.617 0.2858 18.775
19990711 0 3.006 0.25931 20.567
19990712 10.356 2.79 0.24046 19.221
19990713 0.17 3.122 0.27306 17.417
19990714 0.601 2.507 0.3701 14.054
19990715 2.627 3.647 0.27862 12.862
19990716 0.015 5.263 0.25556 13.542
19990717 0.013 5.301 0.23904 17.825
19990718 0.001 4.291 0.22972 21.45
19990719 1.329 4.2 0.21206 19.85
19990720 2.514 0.537 0.19663 17.496
19990721 0.385 2.217 0.21112 13.675
19990722 4.697 1.806 0.19141 10.917
19990723 0.458 3.82 0.19251 10.725
19990724 0.011 3.964 0.20408 15.071
19990725 0.013 4.004 0.2021 18.7
19990726 0.007 5.372 0.19114 17.492
19990727 0 5.276 0.18184 16.633
19990728 0.011 6.037 0.17413 18.408
19990729 0 5.646 0.15734 19.146
19990730 0.076 5.329 0.15408 20.408
19990731 0 0.992 0.14413 20.837
19990801 0.162 5.231 0.11223 20.554
19990802 0.589 2.715 0.10724 21.971
19990803 1.02 4.879 0.11194 17.633
19990804 0.09 3.912 0.12796 19.567
19990805 0.958 4.948 0.11511 19.158
19990806 3.388 3.402 0.11608 20.271
19990807 7.052 3.34 0.15374 17.183
19990808 1.667 4.272 0.19012 17.521
19990809 0.144 1.969 0.21452 16.517
19990810 19.451 0.278 0.18954 14.646
19990811 1.171 2.311 0.32872 12.404
19990812 0.355 3.74 0.27047 12.229
19990813 0.036 1.047 0.21364 13.692
19990814 23.579 1.441 0.19028 13.287
19990815 6.174 2.006 0.24995 12.029
19990816 4.576 2.69 0.45205 12.054
19990817 0.164 2.286 0.35714 11.596
19990818 8.349 2.53 0.33368 12.45
19990819 2.749 2.556 0.31912 12.154
19990820 0.298 0.301 0.2774 12.787
19990821 0.181 3.99 0.25762 11.963
19990822 0.091 4.542 0.22743 11.733
19990823 0.001 3.724 0.20632 15.05
19990824 0 3.692 0.16981 18.033
19990825 4.701 1.32 0.15433 20.854
19990826 12.047 2.611 0.21251 17.817
19990827 0.118 2.935 0.26465 15.512
19990828 0.01 3.227 0.36538 14.596
19990829 0.049 3.34 0.24745 15.025
19990830 0.017 3.029 0.20293 16.629
19990831 0.03 0.855 0.1852 15.137
19990901 0.008 3.586 0.16047 14.775
19990902 0.125 4.908 0.15152 15.046
19990903 0 3.574 0.16783 15.254
19990904 0 3.763 0.13187 16.988
19990905 2.602 2.428 0.11047 18.625
19990906 2.419 2.843 0.139 15.633
19990907 0.098 2.848 0.21969 15.9
19990908 0.07 3.768 0.16636 16.717
19990909 0.024 4.402 0.13468 19.058
19990910 0.075 0.459 0.1359 19.875
19990911 0 3.902 0.1345 20.208
19990912 0.771 3.984 0.11245 21.033
19990913 0.027 3.542 0.1044 20.854
19990914 0.27 1.304 0.10575 17.904
19990915 2.908 2.479 0.10854 13.754
19990916 0.208 0.998 0.11259 11.217
19990917 7.313 2.139 0.12769 11.517
19990918 0.047 2.157 0.1341 11.446
19990919 0.312 1.466 0.1377 14.629
19990920 0.738 0.535 0.13102 13.667
19990921 5.295 0.588 0.12564 11.717
19990922 5.563 2.569 0.13039 14.117
19990923 20.034 3.298 0.21647 15.779
19990924 0.514 1.753 0.34927 15.329
19990925 1.934 1.421 0.3064 13.95
19990926 5.603 1.217 0.23344 12.204
19990927 1.697 0.606 0.21179 12.037
19990928 12.175 0.332 0.22264 11.208
19990929 9.043 0.708 0.30258 12.75
19990930 13.874 0.15 0.42289 11.575
19991001 6.535 0.382 0.71795 10.346
19991002 29.425 1.134 0.65387 10.188
19991003 1.221 1.024 1.40335 7.1
19991004 3.479 0.964 1.45033 6.642
19991005 2.529 0.96 0.88972 6.067
19991006 0.121 1.323 0.73863 6.3
19991007 0.019 0.157 0.61616 6.708
19991008 8.248 0.048 0.52297 8.267
19991009 4.976 0.279 0.54513 10.329
19991010 0.799 0.487 0.68499 10.808
19991011 3.79 1.516 0.74045 11.354
19991012 0.077 1.74 0.64339 7.842
19991013 0.408 1.752 0.61981 6.792
19991014 0.957 1.664 0.53534 7.179
19991015 0.054 1.975 0.49581 7.287
19991016 0.1 2.279 0.473 6.767
19991017 0.069 2.436 0.44503 4.125
19991018 0.03 2.404 0.39645 2.917
19991019 0.063 1.718 0.38059 2.6
19991020 0.048 0.501 0.3751 3.688
19991021 0.237 0.77 0.36884 5.929
19991022 4.807 0.716 0.36263 9.7
19991023 0.669 0.477 0.36848 10.588
19991024 6.421 0.544 0.39931 8.625
19991025 2.007 0.222 0.43164 9.404
19991026 1.236 0.478 0.4556 9.358
19991027 0.104 0.966 0.40007 7.85
19991028 0.169 1.503 0.36596 9.65
19991029 0.252 1.372 0.35379 10.046
19991030 6.421 1.081 0.34085 13.208
19991031 0.087 0.462 0.35924 8.379
19991101 1.624 0.221 0.40842 9.942
19991102 16.006 1.029 0.45493 9.025
19991103 0.423 1.148 0.83808 5.013
19991104 0.209 0.602 0.67572 4.779
19991105 3.062 0.376 0.57555 6.025
19991106 1.17 0.162 0.57449 4.242
19991107 1.255 0.056 0.56984 3.546
19991108 5.104 0.092 0.55186 4.362
19991109 7.663 0.382 0.61101 6.754
19991110 1.685 0.408 0.8446 4.3
19991111 1.008 0.815 0.79603 3.212
19991112 0.083 0.533 0.70731 0.5
19991113 0.113 0.174 0.6516 0.371
19991114 1.432 0.012 0.62336 3.825
19991115 0.25 0 0.61517 -1.375
19991116 0.391 0 0.5782 -2.871
19991117 4.229 0 0.56693 -0.492
19991118 1.052 0 0.61744 -1.65
19991119 2.258 0 0.61326 -1.462
19991120 1.806 0 0.6264 -2.421
19991121 0.324 0 0.60077 -5.142
19991122 1.037 0.231 0.56932 -3.379
19991123 2.979 0.021 0.59591 0.154
19991124 2.613 0 0.7164 1.983
19991125 3.082 0.231 0.75332 3.413
19991126 0.117 0.021 0.80998 2.992
19991127 1.59 0.407 0.8248 3.854
19991128 0.02 0.675 0.75742 5.371
19991129 0.003 0.058 0.7258 4.567
19991130 0.074 0.088 0.66881 3.946
19991201 7.146 0.426 0.66463 5.55
19991202 0.245 0.456 0.93886 3.458
19991203 4.797 0.324 0.91598 4.225
19991204 1.782 0.026 0.91177 0.6
19991205 1.314 0.088 0.97852 -0.796
19991206 2.694 0.008 0.89134 1.042
19991207 12.447 0.187 0.99079 3.379
19991208 1.387 0.292 1.93727 4.708
19991209 8.91 0.113 1.98693 4.717
19991210 1.679 0.14 2.26696 2.333
19991211 20.202 0.199 2.03949 5.046
19991212 25.911 0.204 4.7464 5.162
19991213 13.807 0.017 7.62325 1.496
19991214 2.705 0 7.75613 -0.025
19991215 0.149 0 6.40543 -2.929
19991216 1.32 0 4.59043 -3.017
19991217 11.522 0.231 3.6333 -0.238
19991218 10.542 0.021 5.04727 0.738
19991219 1.146 0 5.38774 -2.467
19991220 0.585 0 4.29271 -2.846
19991221 0.496 0 3.50062 -3.571
19991222 0.111 0.176 2.92939 -4.692
19991223 3.558 0.192 2.72014 0.212
19991224 8.68 0.478 2.87575 3.604
19991225 15.354 0.218 4.60753 3.962
19991226 23.932 0.148 7.21726 2.054
19991227 4.87 0.012 9.8143 0.567
19991228 1.788 0 7.73894 -0.221
19991229 2.059 0 5.83675 -0.633
19991230 1.744 0 4.46884 -0.546
19991231 2.3 0.044 3.762 -0.062
20000101 2.379 0.092 3.30811 2.358
20000102 0.559 0.052 3.00667 3.042
20000103 0.015 0.048 2.63522 2.283
20000104 9.547 0.334 2.51069 4.042
20000105 0.046 0.36 2.87613 3.15
20000106 3.585 0.404 2.47111 4.5
20000107 0.044 0.122 2.38619 3.192
20000108 1.921 0.184 2.19523 2.517
20000109 0.848 0.016 2.04867 1.896
20000110 0.083 0 1.90892 -0.65
20000111 0.182 0 1.6792 -1.821
20000112 0.514 0 1.53747 -2.329
20000113 0.038 0 1.48615 -1.783
20000114 0.204 0 1.4189 -0.083
20000115 0.049 0 1.32703 -0.746
20000116 0.993 0.231 1.19925 -0.688
20000117 0.728 0.252 1.14239 2.242
20000118 3.438 0.197 1.1347 2.558
20000119 0.734 0.016 1.1545 0.246
20000120 1.222 0 1.04803 -0.167
20000121 5.295 0 1.03889 1.133
20000122 6.32 0 1.24209 0.146
20000123 3.731 0 1.67135 -1.008
20000124 0.949 0 1.70377 -6.896
20000125 1.003 0 1.46689 -5.058
20000126 0.615 0 1.3414 -3.65
20000127 0.583 0 1.23727 -3.587
20000128 0.08 0.132 1.14552 -3.146
20000129 20.657 0.243 1.3968 3.825
20000130 12.024 0.296 3.41348 6.896
20000131 0.742 0.355 4.40789 5.704
20000201 0.138 0.118 3.8047 4.642
20000202 2.133 0.47 3.23714 2.971
20000203 0.07 0.328 2.76752 2.129
20000204 1.727 1.445 2.32661 2.85
20000205 0.033 1.009 2.10445 6.496
20000206 0.023 0.63 1.90287 5.338
20000207 7.749 0.556 1.79671 4.629
20000208 11.456 0.596 2.01818 6.338
20000209 1.668 0.6 2.71787 2.138
20000210 11.436 0.094 2.39764 2.413
20000211 0.67 0.554 3.11207 0.671
20000212 2.431 0.182 2.88731 0.333
20000213 5.75 1.068 2.87611 2.279
20000214 2.047 0.283 2.84578 1.433
20000215 6.846 0.017 2.57206 4.179
20000216 8.793 0 3.30093 -0.029
20000217 2.635 0.319 3.66187 -1.117
20000218 7.983 0.315 3.40731 0.996
20000219 10.298 0.026 4.41976 1.317
20000220 1.464 0 5.33666 -0.575
20000221 0.143 0.418 4.51361 -0.229
20000222 0.24 1.094 3.74609 1
20000223 0.301 0.327 3.17668 3.246
20000224 4.464 0.252 2.78408 5.796
20000225 7.697 1.165 2.97077 3.629
20000226 0.135 1.985 3.00787 0.892
20000227 0.149 0.633 2.51991 4.562
20000228 10.153 0.592 2.46569 5.458
20000229 6.694 0.226 2.90214 3.15
20000301 8.625 0.566 3.07076 1.325
20000302 1.749 0.05 3.35662 0.433
20000303 22.409 0 3.88562 3.121
20000304 5.43 0 7.12116 -1.367
20000305 0.599 1.782 5.59136 -0.833
20000306 0.026 0.624 4.44391 1.704
20000307 1.644 0.13 3.7046 4.333
20000308 9.376 0.613 3.31209 6.65
20000309 0.617 0.748 3.47202 7.817
20000310 0.709 0.481 2.99311 6.754
20000311 1.175 0.588 2.73883 5.004
20000312 0.005 1.469 2.52925 2.962
20000313 0.36 0.404 2.25484 5.454
20000314 4.705 0.949 2.07707 5.825
20000315 0.372 0.172 2.0412 1.679
20000316 3.599 0.47 1.82714 3.913
20000317 0.513 0.273 1.79266 4.575
20000318 3.042 0.571 1.66169 2.9
20000319 0.092 1.656 1.61285 1.104
20000320 0.095 0.564 1.47386 3.175
20000321 0.115 2.557 1.40202 7.375
20000322 0.039 2.484 1.31465 8.45
20000323 0.149 0.535 1.23809 8.992
20000324 9.664 0.492 1.20258 6.904
20000325 7.042 1.01 1.41694 5.763
20000326 2.609 1.012 1.55538 2.933
20000327 6.37 0.37 1.52827 1.85
20000328 0.067 0.356 1.72485 1.333
20000329 1.602 0.118 1.59509 2.158
20000330 8.526 0.426 1.68106 3.396
20000331 3.042 0.181 1.99602 2.904
20000401 2.189 3.456 1.97507 3.175
20000402 0.197 1.457 1.91383 6.938
20000403 0.29 2.161 1.78623 7.692
20000404 2.522 0.825 1.65215 7.537
20000405 1.091 3.039 1.53835 1.8
20000406 0 2.79 1.37106 2.1
20000407 0.038 3.078 1.2013 4.425
20000408 0.021 3.372 1.12203 6.65
20000409 0 2.164 1.06744 7.633
20000410 0.604 0.534 1.00793 5.796
20000411 3.498 1.771 0.95501 5.125
20000412 3.418 1.533 0.94111 2.487
20000413 11.028 0.95 1.00109 2.688
20000414 6.754 1.912 1.09458 3.667
20000415 2.345 2.642 1.19628 5.312
20000416 1.469 2.15 1.17511 5.304
20000417 6.779 2.056 1.0517 6.817
20000418 0.014 1.227 1.11784 7.062
20000419 0.159 3.396 1.00294 7.388
20000420 0.14 0.85 0.94237 10.229
20000421 0.435 2.657 0.87928 12.192
20000422 11.62 1.7 0.86175 13.171
20000423 9.517 2.146 1.04715 9.883
20000424 0.55 3.989 1.52258 8.113
20000425 0.48 4.02 1.30291 11.425
20000426 0.014 3.271 1.1108 13.046
20000427 0.007 3.479 0.99655 13.287
20000428 0.84 1.436 0.93258 13.771
20000429 0.651 2.26 0.89791 9.746
20000430 0.066 0.427 0.83909 12.708
20000501 0.118 2.584 0.79562 12.383
20000502 0.371 2.07 0.74738 11.762
20000503 0.289 2.422 0.7106 10.371
20000504 0.874 4.693 0.69032 12.679
20000505 0.117 4.896 0.66904 15.988
20000506 1.535 3.939 0.60052 16.421
20000507 4.302 3.478 0.63441 14.904
20000508 4.053 4.918 0.58372 15.796
20000509 0.074 3.952 0.62012 17.946
20000510 1.018 0.882 0.57208 16.892
20000511 15.649 1.283 0.59447 15.25
20000512 2.616 3.049 0.9898 13.654
20000513 0.181 5.855 0.76599 15.662
20000514 0.103 6.008 0.7036 17.758
20000515 0.022 6.418 0.5751 18.979
20000516 0.149 3.332 0.50659 19.654
20000517 6.488 2.179 0.47812 12.167
20000518 3.97 1.693 0.5132 7.542
20000519 6.562 2.437 0.52722 6.108
20000520 2.043 0.847 0.57508 7.733
20000521 8.771 1.708 0.52675 7.596
20000522 2.711 3.549 0.57892 8.342
20000523 0.045 2.058 0.61931 11.4
20000524 2.598 2.04 0.53258 12.392
20000525 4.702 4.296 0.49234 10.65
20000526 0.517 3.268 0.45936 11.517
20000527 0.185 3.519 0.47016 9.4
20000528 4.043 2.595 0.45025 8.508
20000529 3.759 1.683 0.44559 6.542
20000530 10.383 3.071 0.43794 7.554
20000531 1.197 0.773 0.50933 10.342
20000601 0.002 5.271 0.58221 13.75
20000602 0.181 5.326 0.46485 18.558
20000603 3.474 3.422 0.42093 20.262
20000604 0.431 1.745 0.40779 16.542
20000605 12.154 2.158 0.41123 12.792
20000606 1.755 3.583 0.64172 10.133
20000607 0.005 6.634 0.60885 10.729
20000608 0.01 6.724 0.50121 14.496
20000609 0.002 3.309 0.40633 20.137
20000610 0.228 0.712 0.39296 15.642
20000611 0 5.036 0.3658 13.292
20000612 0.001 5.866 0.35487 13.3
20000613 0.056 4.573 0.34265 18.008
20000614 0.01 2.307 0.29149 16.004
20000615 0.38 4.301 0.30341 13.412
20000616 0.536 6.194 0.30166 12.158
20000617 0.001 7.404 0.29239 13.938
20000618 0 7.269 0.28656 19.75
20000619 0.001 7.303 0.26496 22.479
20000620 0.001 1.115 0.25335 22.988
20000621 5.794 3.951 0.21172 19.212
20000622 0.434 2.973 0.31126 14.658
20000623 2.853 1.756 0.2491 12.279
20000624 4.393 2.118 0.254 9.371
20000625 1.59 3.337 0.26145 9.167
20000626 0.791 4.918 0.25729 9.104
20000627 0.024 5.151 0.2398 10.521
20000628 0 3.642 0.20408 11.025
20000629 0.048 3.317 0.19987 10.496
20000630 2.025 1.012 0.20264 14.4
20000701 4.509 3.598 0.20869 17.558
20000702 12.686 2.796 0.25688 18.008
20000703 4.467 1.655 0.4405 15.967
20000704 11.228 2.099 0.356 13.342
20000705 6.256 4.161 0.41616 12.512
20000706 0.147 1.649 0.47925 15.3
20000707 20.056 2.449 0.40867 13.171
20000708 1.961 0.993 0.64636 9.35
20000709 15.037 1.358 0.60311 10.554
20000710 6.271 0.799 0.72554 10.35
20000711 13.774 1.756 1.07264 8.958
20000712 3.882 0.748 1.36305 8.458
20000713 11.284 1.341 1.1279 10.4
20000714 19.156 2.317 2.11795 10.029
20000715 14.078 1.949 3.46518 8.904
20000716 8.322 1.534 3.64954 9.917
20000717 0.617 4.019 3.02724 11.075
20000718 0.036 2.103 2.20514 11.692
20000719 0.875 3.547 1.5831 11.746
20000720 0.034 0.451 1.23896 14.662
20000721 0.01 3.907 0.99464 13.6
20000722 0.018 4.886 0.79715 12.633
20000723 0.081 1.336 0.73181 15.45
20000724 22.393 1.371 0.78199 14.621
20000725 8.021 1.085 1.46529 12.933
20000726 0.529 1.562 1.54829 12.571
20000727 10.252 2.565 1.14514 13.667
20000728 5.274 1.508 1.37146 13.442
20000729 11.849 3.373 1.84914 12.662
20000730 0.528 4.058 2.28989 13.787
20000731 0.209 1.079 1.78207 16.438
20000801 0.176 3.686 1.41172 19.542
20000802 4.985 2.804 1.21914 15.433
20000803 6.389 2.876 1.0962 13.292
20000804 0.096 3.816 1.02197 13.346
20000805 0.117 3.35 0.87525 14.667
20000806 0.206 2.068 0.8122 15.225
20000807 1.326 2.506 0.69041 15.746
20000808 2.982 4.063 0.69435 15.508
20000809 0.157 3.419 0.67777 16.717
20000810 0.223 0.367 0.6505 16.817
20000811 0.077 4.727 0.59443 16.971
20000812 0.05 4.642 0.55465 18.908
20000813 0.032 4.189 0.50332 20.508
20000814 0.141 2.183 0.49086 20.604
20000815 1.222 3.61 0.4646 16.304
20000816 0.844 2.92 0.42939 16.817
20000817 1.662 3.174 0.44687 16.4
20000818 12.45 2.016 0.43526 16.371
20000819 10.634 1.347 0.74606 16.85
20000820 15.617 0.471 0.76126 15.308
20000821 0.746 3.333 0.90614 13.354
20000822 0.083 3.743 0.8678 13.346
20000823 0.084 4.438 0.60511 14.883
20000824 0.019 5.193 0.53197 17.729
20000825 0.028 4.376 0.49228 17.933
20000826 0.013 2.107 0.44217 18.25
20000827 5.465 2.227 0.43371 14.542
20000828 0.945 2.993 0.4284 12.412
20000829 0.398 3.192 0.42302 13.796
20000830 0.005 3.611 0.37735 13.742
20000831 0.001 0.766 0.37786 14.075
20000901 5.148 1.318 0.35541 12.9
20000902 9.157 1.348 0.3767 10.946
20000903 4.215 0.992 0.45826 10.15
20000904 1.744 2.511 0.48326 9.579
20000905 0.04 0.859 0.43749 11.092
20000906 11.04 1.576 0.38639 11.35
20000907 0.102 1.469 0.42766 10.842
20000908 0.06 1.408 0.48843 13.613
20000909 0 3.549 0.40041 15.325
20000910 0.123 0.686 0.35276 16.929
20000911 0.077 2.839 0.35019 18.058
20000912 0.098 1.861 0.33667 18.471
20000913 0.029 1.928 0.3341 13.375
20000914 0.104 2.637 0.32078 14.408
20000915 2.341 0.5 0.29086 16.113
20000916 35.162 0.399 0.34596 10.475
20000917 9.62 1.959 1.54197 11.029
20000918 0.064 3.288 1.70077 12.629
20000919 1.926 0.789 1.00744 14.412
20000920 3.385 0.409 0.83138 11.054
20000921 0.413 1.782 0.7673 11.271
20000922 0.055 2.865 0.67043 13.471
20000923 0.158 3.051 0.5756 12.3
20000924 0.225 2.455 0.54351 13.667
20000925 0.099 2.807 0.50681 13.221
20000926 0.027 1.568 0.48447 15.379
20000927 0.511 1.089 0.46332 13.654
20000928 2.105 1.969 0.44888 13.817
20000929 0.288 0.633 0.44752 14.838
20000930 4.969 0.46 0.43834 11.929
20001001 9.817 0.819 0.50272 10.887
20001002 2.949 1.259 0.61229 9.492
20001003 0.222 1.12 0.56304 9.754
20001004 0.48 0.598 0.49133 10.142
20001005 1.722 0.827 0.45893 9.767
20001006 1.777 1.545 0.44494 5.429
20001007 0.313 0.222 0.44168 5.638
20001008 6.755 0.976 0.43621 7.025
20001009 6.365 0.726 0.50146 6.817
20001010 8.802 0.245 0.64683 5.796
20001011 12.126 1.029 0.9941 7.617
20001012 0.012 0.554 1.41624 8.492
20001013 0.141 1.417 1.10819 8.179
20001014 0.202 0.994 0.94856 8.75
20001015 0.211 0.211 0.85718 9.404
20001016 5.334 1.068 0.82908 9.183
20001017 1.213 0.778 0.84712 7.425
20001018 6.409 0.337 0.78768 7.463
20001019 7.141 0.85 1.00258 9.075
20001020 0.116 0.482 1.26517 9.642
20001021 0.025 1.698 1.02458 12.9
20001022 0.055 1.295 0.90945 13.2
20001023 2.983 0.654 0.83401 11.917
20001024 0.131 0.281 0.83596 8.233
20001025 2.542 0.758 0.81893 8.896
20001026 0.759 0.397 0.79938 7.425
20001027 3.32 0.404 0.78455 7.321
20001028 1.204 1.134 0.76203 9.054
20001029 1.398 0.518 0.72266 7.279
20001030 12.134 0.269 0.71399 6.737
20001031 3.303 0.153 1.001 5.362
20001101 10.292 0.518 1.04078 4.696
20001102 8.033 0.277 1.51112 6.529
20001103 2.479 0.109 1.92487 5.221
20001104 0.858 0.514 1.83872 3.8
20001105 0.138 0.508 1.68188 4.004
20001106 10.286 0.273 1.63055 6.075
20001107 10.687 0.197 2.07153 4.938
20001108 8 0.247 2.68623 4.671
20001109 1.554 0.615 3.27096 4.325
20001110 0.114 0.692 2.98906 2.496
20001111 0.053 0.564 2.55199 3.592
20001112 12.588 0.321 2.22691 6.25
20001113 0.885 0.399 2.62575 5.471
20001114 1.078 0.21 2.57495 4.379
20001115 2.071 0.192 2.17082 3.721
20001116 1.35 0.104 2.02457 4.037
20001117 0.312 0.052 1.85609 2.004
20001118 0.067 0.136 1.69301 2.471
20001119 2.373 0.056 1.55518 4.842
20001120 3.938 0.092 1.55383 2.367
20001121 5.896 0.14 1.56978 2.679
20001122 6.886 0.056 1.55225 5.392
20001123 13.32 0.136 1.92721 6.908
20001124 0.034 0.243 2.57733 3.658
20001125 7.896 0.197 2.7052 3.721
20001126 2.702 0.104 2.8415 4.454
20001127 0.73 0.052 2.8274 3.767
20001128 2.356 0.598 2.45826 9.033
20001129 0.119 0.384 2.34745 9.512
20001130 0.058 0.393 2.07641 8.838
20001201 6.326 0.671 1.89038 9.254
20001202 0.313 0.388 1.92157 8.775
20001203 0.632 0.58 1.80119 5.362
20001204 0.468 0.93 1.61469 4.55
20001205 0.037 0.355 1.50523 7.562
20001206 3.421 0.399 1.39959 8.233
20001207 2.861 0.672 1.41669 8.312
20001208 2.42 0.52 1.3727 8.917
20001209 1.454 0.372 1.37646 6.237
20001210 7.105 0.58 1.28812 6.029
20001211 4.553 0.688 1.42306 8.113
20001212 4.159 0.894 1.51281 8.967
20001213 8.898 0.263 1.83766 7.196
20001214 15.795 0.105 2.13235 4.696
20001215 6.694 0.008 3.85531 1.708
20001216 0.377 0 3.77505 -0.65
20001217 1.061 0.231 3.30091 -0.596
20001218 3.338 0.252 2.86076 1.579
20001219 0.713 0.307 2.64262 5.471
20001220 0.008 0.026 2.37458 0.488
20001221 0.027 0 2.04739 -2.146
20001222 0.032 0.462 1.85013 -3.354
20001223 0.071 0.317 1.65751 3.238
20001224 0.126 0.025 1.55011 2.983
20001225 0.695 0.044 1.49143 0.512
20001226 3.318 0.048 1.45948 0.137
20001227 7.919 0.004 1.4704 2.392
20001228 0.893 0 1.81406 -1.396
20001229 0.294 0 1.57691 -1.446
20001230 0.121 0 1.38294 -2.212
20001231 0.45 0.088 1.30349 -1.867
20010101 4.583 0.47 1.33868 0.667
20010102 3.483 0.273 1.92771 5.971
20010103 6.708 0.197 2.10668 3.767
20010104 7.955 0.203 2.24676 4.638
20010105 30.118 0.061 3.06999 5.513
20010106 7.584 0.136 7.31459 3.817
20010107 1.363 0.298 7.89412 2.533
20010108 0.725 0.114 5.61132 1.454
20010109 0.552 0.184 4.40255 0.958
20010110 7.536 0.247 3.65202 2.158
20010111 0.532 0.021 3.57646 4.4
20010112 0.039 0 3.0528 -0.633
20010113 0.029 0 2.5778 -1.746
20010114 0.011 0 2.25009 -1.05
20010115 0 0 2.05202 -3.229
20010116 0.073 0 1.86307 -3.708
20010117 0.033 0 1.65614 -2.112
20010118 0.353 0 1.56809 -0.508
20010119 0.022 0 1.48896 -0.688
20010120 0.078 0 1.39491 -1.462
20010121 3.301 0.187 1.30707 -3.079
20010122 7.081 0.16 1.77383 3.646
20010123 6.363 0.244 2.53415 4.921
20010124 13.192 0.153 2.82706 6.15
20010125 3.281 0.144 3.74236 3.825
20010126 3.78 0.188 3.46968 2.075
20010127 6.742 0.434 3.49787 0.492
20010128 0.954 0.126 3.57057 0.888
20010129 1.157 0.008 3.17732 0.579
20010130 0.083 0 2.8602 -0.962
20010131 0.077 0 2.53213 -0.933
20010201 0.063 0 2.27995 -3.025
20010202 0.514 0.088 2.07709 -2.796
20010203 10.293 0.294 2.4248 1.488
20010204 10.465 0.257 3.79093 4.854
20010205 13.406 0.67 4.78523 6.146
20010206 8.785 0.752 6.08888 7.6
20010207 8.127 1.482 6.13863 7.346
20010208 0.985 0.547 5.95989 7.167
20010209 0.376 0.632 4.9905 1.483
20010210 0.046 0.56 4.00153 0.875
20010211 0.026 1.058 3.35216 4.292
20010212 9.647 1.148 2.91436 7.45
20010213 5.064 1.57 3.30525 3.967
20010214 0.27 1.828 3.03167 2.679
20010215 0.025 1.254 2.54034 6.025
20010216 1.429 0.276 2.3175 4.208
20010217 1.614 0.016 2.19469 0.688
20010218 0.052 0.638 2.03083 -0.283
20010219 0.223 0.564 1.83726 0.3
20010220 0.769 0.178 1.72361 1.529
20010221 3.512 0.606 1.6322 1.812
20010222 2.026 0.054 1.67371 3.154
20010223 6.792 0 1.74969 -0.317
20010224 2.648 0 1.86224 -3.133
20010225 0.643 0 1.65017 -4.388
20010226 1.552 0 1.53884 -3.142
20010227 0.064 0.924 1.51556 -2.267
20010228 0.165 0.084 1.45928 0.162
20010301 1.786 0 1.41118 -1.304
20010302 2.105 0 1.36708 -1.788
20010303 0.119 0 1.31026 -1.692
20010304 5.36 0 1.25741 -0.371
20010305 1.364 1.881 1.47974 -0.233
20010306 0.415 0.952 1.32692 3.354
20010307 4.368 0.302 1.31472 6.204
20010308 1.69 0.34 1.46601 7.408
20010309 4.406 0.447 1.51096 6.433
20010310 5.973 0.357 1.59057 7.346
20010311 4.558 0.491 1.92656 8.867
20010312 6.192 0.724 2.13093 5.796
20010313 9.966 0.942 2.40885 3.413
20010314 5.051 0.63 3.28948 3.388
20010315 5.208 1.601 3.29479 6.992
20010316 0.051 1.285 3.3318 8.696
20010317 2.866 0.566 2.97139 8.408
20010318 8.199 0.042 2.81867 5.583
20010319 3.028 0 3.03887 0.079
20010320 0.247 0.462 2.74313 -1.958
20010321 15.588 0.405 3.1815 3.383
20010322 15.251 0.539 5.99427 6.754
20010323 14.095 1.289 7.36724 7.425
20010324 11.365 0.289 6.74658 8.642
20010325 7.027 0.654 7.70866 3.675
20010326 0.035 1.29 6.73774 0.612
20010327 0.013 1.355 5.2623 2.296
20010328 6.405 0.751 4.30398 4.779
20010329 10.346 0.982 4.17717 4.5
20010330 2.081 2.24 4.16023 4.217
20010331 0.104 0.658 3.40632 6.571
20010401 0.032 4.024 2.99279 9.279
20010402 0.028 1.737 2.70832 12.683
20010403 2.037 1.137 2.45842 9.137
20010404 11.822 1.522 2.32423 5.246
20010405 3.906 0.68 2.69388 3.688
20010406 8.42 1.513 2.4046 6.767
20010407 4.512 0.914 2.80928 5.05
20010408 0.191 0.665 2.83208 4.362
20010409 6.276 1.11 2.49912 5.638
20010410 11.643 0.14 2.76358 6.033
20010411 3.129 1.06 3.41573 5.125
20010412 0.249 1.328 3.33481 3.163
20010413 0.137 0.112 2.98093 0.646
20010414 2.287 0.924 2.65928 0.517
20010415 28.117 1.14 4.36556 3.462
20010416 7.459 1.383 5.78295 3.104
20010417 0.614 1.041 5.11031 3.079
20010418 7.427 1.228 4.39715 1.938
20010419 3.11 1.204 4.14776 0.596
20010420 2.861 0.375 3.68984 0.312
20010421 1.283 1.224 3.24536 2.087
20010422 0.059 1.528 2.83788 3.104
20010423 0 2.23 2.54572 5.621
20010424 3.102 1.148 2.27387 7.846
20010425 9.68 1.506 2.15471 7.362
20010426 5.702 1.273 2.3969 6.067
20010427 14.677 1.072 2.40388 7.142
20010428 9.666 1.694 3.39111 7.233
20010429 4.702 2.533 4.16079 8.592
20010430 0.034 0.36 3.82799 11.358
20010501 0.017 2.631 3.27368 11.933
20010502 6.189 2.207 2.84607 14.304
20010503 0.247 1.191 2.79232 12.075
20010504 0.182 1.566 2.50616 7.987
20010505 0.009 2.565 2.20538 5.208
20010506 0.001 2.608 1.99485 6
20010507 0.006 2.78 1.80279 6.812
20010508 0 4.358 1.65269 10.142
20010509 0.005 5.182 1.54123 14.363
20010510 0.001 0.844 1.39817 17.363
20010511 0.065 5.636 1.28147 17.746
20010512 0 5.646 1.18253 17.596
20010513 0 2.711 1.09472 17.05
20010514 12.4 3.141 1.13108 12.688
20010515 3.884 2.61 1.53819 11.354
20010516 8.449 3.106 1.25993 9.988
20010517 1.931 0.857 1.29654 10.046
20010518 1.371 2.661 1.1815 7.092
20010519 0.007 4.681 0.9889 10.033
20010520 0.002 0.635 0.96226 11.179
20010521 0.019 5.059 0.87392 13.375
20010522 0.005 5.782 0.79438 12.525
20010523 0 4.972 0.75602 15.55
20010524 0 5.545 0.71811 18.321
20010525 0.001 5.505 0.67828 17.658
20010526 0 4.308 0.62471 18.383
20010527 0 5.256 0.59564 16.242
20010528 0 6.221 0.58075 17.788
20010529 0 6.157 0.54655 17.829
20010530 0 4.78 0.48996 17.296
20010531 0.004 0.663 0.46764 13.45
20010601 0.341 0.905 0.46876 10.4
20010602 7.726 2.412 0.46762 8.562
20010603 4.041 2.456 0.50992 6.017
20010604 0.033 4.516 0.5231 8.646
20010605 0 3.417 0.47331 13.242
20010606 1.214 1.793 0.42152 12.579
20010607 10.138 2.206 0.43888 10.942
20010608 3 3.543 0.50047 9.567
20010609 0.025 3.198 0.53786 10.325
20010610 2.784 0.67 0.47725 10.142
20010611 3.326 3.799 0.45742 9.812
20010612 0.003 3.554 0.45335 12.833
20010613 1.556 3.46 0.40619 13.792
20010614 0.125 2.631 0.40889 14.733
20010615 4.579 2.413 0.3947 14.192
20010616 5.412 1.674 0.37357 12.387
20010617 9.422 0.596 0.4012 11.433
20010618 8.495 4.266 0.5256 9.121
20010619 0.021 5.422 0.58583 10.421
20010620 0.007 0.964 0.4628 14.833
20010621 0 2.796 0.385 15.233
20010622 0 5.519 0.33937 11.492
20010623 0.023 4.56 0.33203 14.85
20010624 0.001 6.278 0.32528 20.033
20010625 0 7.412 0.28814 21.529
20010626 0.024 2.55 0.27574 22.092
20010627 6.272 5.268 0.2677 18.133
20010628 1.695 3.818 0.26582 16.1
20010629 0.369 3.154 0.28942 17.742
20010630 3.886 0.677 0.29486 18.083
20010701 0.408 3.613 0.3019 15.783
20010702 0.002 6.606 0.2669 16.804
20010703 0.005 7.226 0.24865 18.771
20010704 0.005 4.686 0.24592 20.046
20010705 0.01 4.727 0.21733 21.692
20010706 13.05 2.376 0.21812 20.837
20010707 3.772 2.204 0.24206 15.804
20010708 0.494 3.44 0.27241 14.567
20010709 0.02 4.564 0.27598 15.033
20010710 4.965 0.531 0.25857 18.363
20010711 1.917 2.257 0.25711 12.912
20010712 2.672 2.547 0.24534 11.8
20010713 6.985 1.137 0.23897 11.308
20010714 21.47 2.427 0.3123 12.225
20010715 2.04 2.82 0.5301 12.008
20010716 0.641 3.306 0.47774 12.433
20010717 5.607 2.072 0.35577 13.792
20010718 10.726 1.956 0.30528 12.463
20010719 8.338 0.713 0.36634 12.204
20010720 7.261 0.501 0.48951 11.033
20010721 0.127 3.022 0.54142 14.075
20010722 0 4.121 0.44397 18.933
20010723 0.415 4.794 0.36281 18.754
20010724 0.014 4.254 0.29887 19.571
20010725 0.016 3.65 0.3035 20.592
20010726 0.85 4.282 0.27448 21.254
20010727 5.8 4.674 0.28935 21.413
20010728 0.015 5.474 0.3488 22.012
20010729 0.022 4.994 0.28438 19.625
20010730 0.009 5.087 0.24721 21.325
20010731 0.001 0.788 0.22547 21.204
20010801 0.009 3.652 0.20747 17.275
20010802 2.696 2.441 0.20574 20.625
20010803 9.597 2.48 0.21105 17.871
20010804 6.011 2.551 0.28726 13.967
20010805 4.581 1.401 0.27765 13.617
20010806 6.608 1.076 0.27959 14.321
20010807 11.616 1.782 0.25976 14.275
20010808 8.913 2.673 0.33435 12.971
20010809 2.243 2.242 0.41512 13.729
20010810 2.166 0.546 0.44593 11.85
20010811 0.126 4.015 0.33374 12.508
20010812 0.025 4.443 0.30638 15.5
20010813 0.013 5.134 0.26338 18.033
20010814 0.016 4.888 0.23915 21.733
20010815 0.113 2.055 0.23087 22.529
20010816 4.942 3.857 0.2279 18.708
20010817 1.282 4.187 0.2281 16.833
20010818 1.612 2.781 0.25916 18.65
20010819 2.632 2.927 0.22916 16.146
20010820 1.267 0.29 0.22646 16.504
20010821 0.053 4.041 0.2223 18.271
20010822 0.01 4.085 0.22414 20.592
20010823 0.009 4.419 0.20279 20.942
20010824 0.012 4.87 0.19879 22.2
20010825 0.009 4.633 0.19004 23.379
20010826 0 2.408 0.17953 23.404
20010827 1.538 4.353 0.17518 16.3
20010828 0.065 4.603 0.17384 12.358
20010829 0.008 1.715 0.17174 14.408
20010830 2.044 1.309 0.16123 13.217
20010831 4.164 0.746 0.15291 12.2
20010901 1.903 1.444 0.15656 12.258
20010902 2.18 0.544 0.17834 11.596
20010903 10.242 0.962 0.20135 12.892
20010904 14.808 1.316 0.22378 10.262
20010905 2.593 0.53 0.31165 9.142
20010906 18.63 1.369 0.38133 11.121
20010907 0.445 1.265 0.4833 11.037
20010908 5.734 0.984 0.43893 10.875
20010909 13.217 0.916 0.37989 6.917
20010910 6.429 0.395 0.50188 7.65
20010911 2.705 0.854 0.61686 8.1
20010912 2.562 1.175 0.51336 11.225
20010913 13.282 1.475 0.50141 10.688
20010914 0.735 0.543 0.70452 9.046
20010915 8.588 0.918 0.69059 8.554
20010916 12.989 0.861 0.74691 7.642
20010917 6.078 0.995 1.09163 7.267
20010918 0.125 0.26 1.12349 7.904
20010919 23.707 0.566 1.01333 8.371
20010920 6.393 0.688 1.98387 9.708
20010921 4.793 1.763 2.12638 8.613
20010922 0.323 1.398 1.77689 8.492
20010923 0.194 2.126 1.39257 8.554
20010924 0.173 1.514 1.15423 10.117
20010925 0.24 1.408 0.95427 8.525
20010926 7.369 0.535 0.82694 8.983
20010927 0.559 2.139 0.7931 11.417
20010928 0.191 1.016 0.8357 12.129
20010929 2.32 1.78 0.68202 11.321
20010930 1.463 0.892 0.69712 12.392
20011001 7.521 1.948 0.61535 14.242
20011002 2.505 0.677 0.72547 16.904
20011003 16.445 1.058 0.90225 12.767
20011004 0.1 2.16 1.59183 10.037
20011005 0.313 1.607 1.20357 11.454
20011006 4.81 1.46 1.03511 13.879
20011007 0.417 0.957 0.97544 12.312
20011008 1.612 0.714 0.94122 10.029
20011009 0.03 1.246 0.83473 9.938
20011010 0.173 0.658 0.75838 10.529
20011011 0.394 2.151 0.68373 10.821
20011012 0.228 2.072 0.64982 13.562
20011013 0.015 1.315 0.61376 17.017
20011014 0.901 1.567 0.5888 14.062
20011015 1.841 1.882 0.5724 14.346
20011016 0.097 1.49 0.55744 11.387
20011017 0.129 1.133 0.52736 11.892
20011018 7.046 1.599 0.51687 12.967
20011019 0.475 1.424 0.55901 14.104
20011020 0.603 0.447 0.58347 12.767
20011021 1.169 0.767 0.49671 9.875
20011022 0.107 0.353 0.4878 10.667
20011023 9.313 0.4 0.48344 9.938
20011024 6.554 0.452 0.54988 9.792
20011025 1.911 0.72 0.63126 10.192
20011026 0.084 0.48 0.73138 10.021
20011027 3.394 0.456 0.61247 10.071
20011028 0.2 0.5 0.62215 10.467
20011029 0.098 1.373 0.60937 9.708
20011030 0.011 0.539 0.54443 11.325
20011031 3.226 0.676 0.56135 9.046
20011101 0.96 1.07 0.55008 5.329
20011102 0.174 1.016 0.55915 6.129
20011103 0.195 0.865 0.5085 9.467
20011104 0.197 0.621 0.47102 5.671
20011105 0.023 0.094 0.49021 4.879
20011106 6.332 0.279 0.48443 4.517
20011107 7.655 0.311 0.52772 7.496
20011108 38.084 0.026 2.41288 4.358
20011109 4.485 0 4.99349 -1.121
20011110 0.528 0.187 3.21779 -3.046
20011111 0.292 0.017 2.34506 1.087
20011112 6.934 0.187 1.9782 5.083
20011113 2.193 0.149 2.08294 3.104
20011114 0.424 0.012 1.88035 0.4
20011115 0.197 0.374 1.5638 -1.433
20011116 0.131 0.21 1.39034 2.308
20011117 0.104 0.016 1.2971 1.242
20011118 0.028 0.176 1.17299 0.1
20011119 0.021 0.016 1.09456 1.25
20011120 0.096 0.33 0.99218 3.271
20011121 0.015 0.03 0.9162 2.917
20011122 19.916 0.044 1.01351 2.388
20011123 2.583 0.004 2.03314 0.146
20011124 7.607 0 1.72665 0.896
20011125 5.333 0.044 2.07324 5.904
20011126 11.218 0.18 2.64425 4.463
20011127 1.87 0.192 3.38917 1.9
20011128 4.243 0.016 3.12669 2.938
20011129 12.618 0 2.86913 4.188
20011130 14.368 0.319 3.93311 8.583
20011201 3.146 0.491 5.5971 8.875
20011202 0.348 0.416 4.90154 7
20011203 0.497 0.21 3.90884 6.85
20011204 8.749 0.247 3.37745 5.971
20011205 3.297 0.252 3.42524 5.108
20011206 2.555 0.483 3.04945 4.279
20011207 0.218 0.042 2.72344 0.825
20011208 0.154 0 2.40428 -0.75
20011209 0.135 0 2.18475 -1.425
20011210 0.102 0.231 1.98542 0.15
20011211 0.086 0.021 1.79068 2.05
20011212 0.152 0 1.66232 -0.404
20011213 0.043 0 1.5561 -1.238
20011214 0.003 0 1.3831 -6.521
20011215 0 0 1.21455 -3.7
20011216 0.004 0 1.10986 -3.346
20011217 0.091 0 1.033 -3.583
20011218 0.239 0 0.97088 -1.729
20011219 0.604 0 0.94354 -0.283
20011220 0.833 0 0.93085 -2.946
20011221 2.911 0 0.886 -2.579
20011222 1.137 0 1.13922 -1.875
20011223 1.656 0 1.17612 -7.45
20011224 0.526 0 0.89348 -5.483
20011225 10.992 0 2.27961 0.15
20011226 0.395 0 4.23916 -2.525
20011227 1.535 0.187 2.54783 -2.496
20011228 11.648 0.017 2.98071 2.317
20011229 2.621 0 4.90691 -0.862
20011230 0.404 0 4.02984 -3.442
20011231 0.947 0 3.06446 -5.358
20020101 0.6 0 2.45727 -5.45
20020102 0.499 0 2.0806 -4.575
20020103 0.224 0 1.81494 -4.646
20020104 0.023 0 1.62585 -5.375
20020105 0.103 0.143 1.35914 -2.513
20020106 1.089 0.013 1.20863 0.562
20020107 0.846 0 1.33067 -0.042
20020108 0.205 0.275 1.23712 -1.367
20020109 0.442 0.025 1.09026 0.121
20020110 0.134 0 0.98932 -0.404
20020111 0.366 0 0.92907 -0.492
20020112 0.319 0.363 0.91858 -0.258
20020113 0.373 0.033 0.88567 1.121
20020114 0.065 0 0.85671 -1.2
20020115 1.246 0 0.81452 -1.879
20020116 5.427 0 0.87698 -0.258
20020117 0.757 0 0.97697 -0.458
20020118 1.334 0.044 1.06803 -0.375
20020119 5.061 0.092 1.35319 1.942
20020120 6.019 0.151 2.02828 3.542
20020121 2.613 0.431 3.25764 5.521
20020122 2.2 0.412 4.46823 3.621
20020123 6.986 0.452 3.8941 3.808
20020124 8.837 0.588 3.93676 5.683
20020125 2.7 0.6 4.00225 2.733
20020126 7.033 0.325 3.61606 6.525
20020127 34.636 0.718 6.44587 9.1
20020128 4.313 0.569 11.16887 8.117
20020129 0.065 0.97 8.19439 5.621
20020130 0.03 1.008 5.74859 7.467
20020131 1.28 0.414 4.52428 6.362
20020201 1.293 1.724 3.70177 6.408
20020202 0.02 2.398 3.1597 8.517
20020203 0.185 1.535 2.70403 8.387
20020204 0.583 0.583 2.38626 5.562
20020205 6.918 0.416 2.14965 7.317
20020206 1.958 0.54 2.25261 3.804
20020207 7.42 0.332 2.05272 2.929
20020208 4.845 0.301 2.18016 5.25
20020209 13.694 0.663 2.52549 6.942
20020210 6.362 0.344 3.60265 4.037
20020211 6.823 0.488 3.81994 6.35
20020212 33.305 0.317 4.45943 8.213
20020213 23.825 1.411 13.71694 4.929
20020214 0.557 0.126 13.63529 1.612
20020215 0.044 1.562 8.57344 -0.679
20020216 0.011 1.33 5.94841 1.55
20020217 0.027 0.108 4.58816 1.354
20020218 5.654 0.231 3.83042 -0.35
20020219 16.978 0.296 3.64522 1.525
20020220 33.344 0.025 7.71469 3.875
20020221 3.18 0.231 12.40018 -1.258
20020222 4.93 0.439 8.47301 1.717
20020223 2.466 0.038 6.80778 1.008
20020224 5.655 0.462 5.58398 -0.979
20020225 19.717 1.098 5.87986 5.375
20020226 18.178 1.24 9.06048 7.471
20020227 6.757 1.028 10.40798 3.208
20020228 1.486 0.678 8.28544 2.05
20020301 0.294 0.054 6.23547 2.258
20020302 0.02 0.836 4.86081 -0.05
20020303 0.029 1.451 3.92603 0.65
20020304 0.046 1.225 3.35756 3.054
20020305 0.085 0.518 2.95418 3.417
20020306 3.335 0.643 2.61691 2.812
20020307 1.258 1.76 2.46667 6.862
20020308 0.044 0.793 2.24683 5.4
20020309 0.329 1.895 1.9881 5.046
20020310 0.036 0.398 1.81784 3.642
20020311 0.004 1.572 1.6492 6.733
20020312 1.067 1.516 1.46596 8.912
20020313 1.249 0.543 1.42875 7.8
20020314 5.671 1.138 1.3842 1.896
20020315 2.015 2.157 1.4503 4.842
20020316 0.087 1.749 1.34737 8.275
20020317 0.013 1.066 1.22051 8.704
20020318 11.43 0.766 1.14248 7.854
20020319 6.297 0.711 1.4567 6.133
20020320 29.364 0.609 2.61439 9.329
20020321 9.627 0.38 5.47335 8.438
20020322 6.901 0.954 5.45193 5.867
20020323 0.13 1.965 4.77513 1.738
20020324 0.092 2.327 3.93059 1.779
20020325 0.05 1.989 3.32507 1.913
20020326 0.023 2.825 2.85955 1.7
20020327 0.048 3.861 2.47916 2.138
20020328 0.027 3.266 2.20007 5.075
20020329 0.001 1.785 1.95867 6.171
20020330 0.034 2.294 1.77113 8.037
20020331 0.126 0.559 1.63888 8.363
20020401 0.001 3.883 1.492 10.517
20020402 0.006 4.376 1.36566 11.887
20020403 0 4.04 1.26452 11.446
20020404 0.001 4.283 1.14217 10.637
20020405 0.01 4.396 1.05919 7.825
20020406 0 4.074 0.97882 3.525
20020407 0 3.824 0.89188 4.188
20020408 0.001 2.924 0.83383 5.312
20020409 0 2.943 0.81261 4.513
20020410 0 0.708 0.76374 4.183
20020411 0 2.979 0.73249 4.304
20020412 0.057 0.553 0.71343 6.342
20020413 0.316 1.214 0.68317 3.492
20020414 0.858 1.439 0.66935 2.521
20020415 4.494 0.352 0.63835 2.821
20020416 13.585 1.77 0.71482 3.129
20020417 1.469 1.402 0.90929 6.092
20020418 2.221 1.532 0.80928 6.133
20020419 8.297 2.472 0.71415 4.546
20020420 0.148 1.049 0.81898 6.392
20020421 0.082 2.826 0.72997 9.783
20020422 0.023 2.681 0.63695 12.217
20020423 0 3.07 0.59735 10.9
20020424 0 4.065 0.57537 13.183
20020425 0.091 1.314 0.56608 11.833
20020426 6.849 1.738 0.53203 6.175
20020427 5.647 0.876 0.55017 4.517
20020428 11.342 1.309 0.65455 6.046
20020429 10.828 2.962 1.02278 5.662
20020430 0.332 0.721 1.4524 8.183
20020501 3.788 1.142 1.00728 8.142
20020502 1.019 1.794 0.8975 6.45
20020503 0 0.528 0.82634 6.35
20020504 13.852 0.584 0.73575 4.592
20020505 19.502 1.381 1.71785 3.212
20020506 0.564 3.707 3.24268 6.362
20020507 0.07 4.506 2.27875 10.167
20020508 0.004 4.098 1.74263 13.596
20020509 2.73 3 1.42058 15.004
20020510 0.081 0.748 1.31323 13.463
20020511 0.225 1.839 1.10068 11.613
20020512 2.463 4.332 0.97985 10.567
20020513 2.397 1.853 0.90268 12.633
20020514 8.224 3.115 0.78037 8.783
20020515 0.092 5.54 0.8572 11.479
20020516 0.042 5.935 0.79684 16.3
20020517 0.013 2.19 0.66478 19.004
20020518 3.592 3.311 0.62435 12.333
20020519 0.033 3.686 0.62053 11.629
20020520 0.012 0.76 0.54315 13.312
20020521 4.374 1.878 0.53312 16.104
20020522 2.362 3.148 0.52873 12.421
20020523 0.092 2.658 0.57157 10.875
20020524 4.464 3.11 0.50744 9.571
20020525 3.173 2.826 0.54484 9.542
20020526 2.032 3.346 0.52924 9.129
20020527 0.261 3.22 0.47457 9.704
20020528 0.513 3.028 0.42894 9.304
20020529 1.41 3.012 0.41623 9.646
20020530 0.035 5.289 0.40255 10.708
20020531 0.009 0.733 0.39098 12.246
20020601 0.013 5.712 0.3501 13.738
20020602 0 3.817 0.35795 15.917
20020603 0.608 4.48 0.30335 15.692
20020604 6.592 2.767 0.31993 16.133
20020605 2.33 2.879 0.3483 14.646
20020606 0.862 1.166 0.37667 12.504
20020607 1.012 2.79 0.34317 10.75
20020608 0.007 3.051 0.32195 11.808
20020609 3.106 1.861 0.31489 13.154
20020610 5.22 0.707 0.32222 9.342
20020611 3.281 1.195 0.33217 10.896
20020612 6.884 1.16 0.3674 12.929
20020613 1.585 4.133 0.40952 13.029
20020614 3.771 3.898 0.37242 17.837
20020615 0.3 4.446 0.35325 17.038
20020616 0.329 6.062 0.32861 17.546
20020617 0.034 6.072 0.29272 23.467
20020618 0.016 4.168 0.26433 23.129
20020619 2.024 2.027 0.24415 16.9
20020620 1.085 0.66 0.2344 16.038
20020621 0.061 4.182 0.24376 15.517
20020622 0.005 4.457 0.23589 18.258
20020623 0.273 4.958 0.22622 15.417
20020624 0 5.917 0.2153 14.363
20020625 0 6.33 0.20399 15.108
20020626 0 3.83 0.21744 17
20020627 0.009 3.413 0.19004 12.387
20020628 0.882 3.22 0.19174 10.113
20020629 0.047 4.854 0.19438 10.958
20020630 0.005 0.549 0.18837 12.325
20020701 6.286 1.937 0.19224 11.188
20020702 3.71 0.725 0.20925 10.35
20020703 20.618 2.019 0.24435 11.008
20020704 0.716 3.391 0.33759 11.767
20020705 1.007 2.261 0.37341 13.4
20020706 2.031 2.885 0.26406 13.358
20020707 0.227 5.746 0.23213 14.562
20020708 0.024 3.888 0.22178 17.675
20020709 2.127 1.738 0.207 18.113
20020710 22.085 0.405 0.23782 11.662
20020711 0.204 4.106 0.38707 12.425
20020712 0.152 3.715 0.36443 15.254
20020713 1.103 0.766 0.25704 14.988
20020714 3.862 1.098 0.2257 13.304
20020715 3.076 2.846 0.24044 14.767
20020716 1.07 2.406 0.23944 15.946
20020717 10.105 3.265 0.22786 15.371
20020718 0.106 4.547 0.30211 13.433
20020719 0.025 5.668 0.28318 13.433
20020720 0.03 0.986 0.2446 15.942
20020721 6.371 2.433 0.22003 13.017
20020722 0.202 3.066 0.22246 12.329
20020723 0.337 1.821 0.20966 14.025
20020724 2.741 2.991 0.1969 13.733
20020725 0.024 2.052 0.1872 13.292
20020726 0.5 4.013 0.18216 15.208
20020727 0.01 5.85 0.17874 20
20020728 0.001 6.055 0.17557 21.488
20020729 0.029 4.036 0.16866 23.417
20020730 9.835 2.202 0.17462 21.996
20020731 2.579 0.776 0.21625 16.663
20020801 8.387 3.762 0.20988 15.771
20020802 5.158 3.186 0.28064 14.846
20020803 7.47 2.646 0.24147 13.696
20020804 3.004 2.285 0.28055 13.179
20020805 1.305 1.156 0.25996 13.142
20020806 2.423 3.124 0.2302 12.4
20020807 0.158 2.795 0.21816 15.033
20020808 2.58 2.528 0.20448 15.821
20020809 0.88 1.639 0.20308 14.758
20020810 0.965 0.361 0.19744 13.425
20020811 0.128 1.583 0.19593 15.096
20020812 3.957 2.617 0.18731 13.971
20020813 0 4.163 0.18585 15.746
20020814 0.035 4.901 0.18153 18.175
20020815 0.019 4.351 0.19753 19.646
20020816 0.009 5.264 0.20588 20.425
20020817 0 5.077 0.18641 21.312
20020818 0.001 4.359 0.16216 21.212
20020819 3.998 1.876 0.15455 20.908
20020820 19.431 0.6 0.19359 17.233
20020821 17.38 1.692 0.82364 12.979
20020822 0.295 1.668 0.92223 13.238
20020823 0.728 1.381 0.51088 14.8
20020824 12.966 2.72 0.5137 14.483
20020825 0.169 2.943 0.57523 13.883
20020826 2.66 1.159 0.47342 16.792
20020827 11.319 1.546 0.39076 16.671
20020828 0.498 1.464 0.61315 17.488
20020829 0.012 2.783 0.5515 16.712
20020830 0.115 2.255 0.36335 16.762
20020831 0.716 0.502 0.30584 14.7
20020901 0.017 4.242 0.29651 11.921
20020902 0.012 4.376 0.34409 13.421
20020903 0.009 1.925 0.69228 13.329
20020904 4.418 2.661 0.45556 13.708
20020905 0.477 2.704 0.34738 14.188
20020906 0.106 2.194 0.28431 12.85
20020907 0.039 3.028 0.2356 13.758
20020908 2.465 2.316 0.2005 15.287
20020909 0.177 1.573 0.16942 14.658
20020910 0.721 0.687 0.1577 11.646
20020911 0.457 3.351 0.20113 12.542
20020912 0.034 4.018 0.20579 14.496
20020913 0.01 2.351 0.17442 13.275
20020914 0.053 2.196 0.18148 12.567
20020915 0.019 2.339 0.17255 12.054
20020916 0.057 2.451 0.1685 10.838
20020917 0.138 2.955 0.16328 11.05
20020918 0.102 2.549 0.16236 11.296
20020919 0.031 1.903 0.16538 12.267
20020920 0.037 0.385 0.16207 10.879
20020921 0.076 0.703 0.1591 9.758
20020922 8.197 1.437 0.16029 8.642
20020923 1.377 2.831 0.17073 7.633
20020924 0.002 0.752 0.1753 6.946
20020925 6.143 0.365 0.16641 6.338
20020926 9.842 0.623 0.18896 8.642
20020927 1.794 2.21 0.22446 9.733
20020928 0.157 2.957 0.20997 9.758
20020929 0.108 3.232 0.1922 10.238
20020930 0.067 0.909 0.18304 10.571
20021001 0.043 1.895 0.16567 12.308
20021002 0.084 0.948 0.16193 12.65
20021003 3.149 1.127 0.16067 12.325
20021004 0.714 1.328 0.16954 10.387
20021005 10.201 0.398 0.17586 9.458
20021006 8.36 1.126 0.26665 8.062
20021007 0.32 1.024 0.31644 5.796
20021008 0.078 2.108 0.31306 6.283
20021009 0.045 2.109 0.30514 6.525
20021010 0.01 0.901 0.22396 7.938
20021011 0.104 0.297 0.19832 4.883
20021012 2.774 0.802 0.18394 5.504
20021013 1.284 0.621 0.17658 7.567
20021014 0.168 0.688 0.17748 8.021
20021015 2.379 0.564 0.17217 9.054
20021016 6.873 0.552 0.18574 10.125
20021017 10.168 0.552 0.23751 7.071
20021018 5.836 0.684 0.33779 4.45
20021019 0.664 1.246 0.30517 3.121
20021020 0.183 0.196 0.27754 3.663
20021021 2.341 0.327 0.25162 10.312
20021022 17.162 0.579 0.24109 10.654
20021023 8.274 0.468 0.38228 7.108
20021024 0.907 0.269 0.88209 4.987
20021025 18.856 0.945 0.71298 9.446
20021026 3.414 1.239 1.45622 7.954
20021027 13.709 1.249 1.85249 9.267
20021028 0.315 1.391 1.81321 5.213
20021029 0.274 0.304 1.3237 6.812
20021030 3.945 0.336 1.08814 9.333
20021031 0.438 0.161 0.97772 10.05
20021101 5.809 0.518 0.87246 9.783
20021102 21.623 0.596 1.66342 10.8
20021103 10.687 0.325 3.42572 8.875
20021104 7.061 0.399 3.73016 6.221
20021105 0.723 0.584 2.89526 5.888
20021106 4.952 0.281 2.27588 3.821
20021107 14.637 0.153 2.77567 3.646
20021108 13.894 0.287 3.42095 2.717
20021109 7.527 0.157 4.41643 5.683
20021110 24.89 0.243 4.64497 4.375
20021111 9.296 0.527 7.31329 7.871
20021112 1.339 0.376 8.38967 7.021
20021113 4.072 0.492 5.34119 6.679
20021114 0.65 0.174 4.23466 7.112
20021115 1.426 0.144 3.37838 5.475
20021116 9.967 0.1 2.89269 6.346
20021117 4.243 0.14 3.01405 6.371
20021118 0.569 0.056 2.82589 5.617
20021119 0.066 0.51 2.58577 3.529
20021120 0.024 0.277 2.38082 5.133
20021121 2.644 0.153 2.19231 7.35
20021122 0.138 0.562 2.09878 5.325
20021123 1.984 0.281 1.86255 5.562
20021124 0.099 0.252 1.67186 5.292
20021125 7.588 0.351 1.60198 5.792
20021126 0.532 0.305 1.68361 4.925
20021127 0.221 0.157 1.47996 4.312
20021128 0.262 0.056 1.35331 4.167
20021129 1.137 0.048 1.3059 5.246
20021130 1.013 0.235 1.26824 4.4
20021201 4.911 0.197 1.1923 3.875
20021202 3.037 0.346 1.2627 3.671
20021203 0.356 0.261 1.33918 4.004
20021204 0.169 0.307 1.23901 2.196
20021205 0.121 0.026 1.12808 2.663
20021206 0.082 0 1.05516 -0.129
20021207 0 0 0.99664 -1.079
20021208 0.006 0 0.96298 -2.579
20021209 0.009 0 0.91802 -5.096
20021210 0 0 0.86594 -4.821
20021211 0.011 0 0.8073 -5.542
20021212 0.104 0.088 0.7679 -2.962
20021213 1.193 0.195 0.73568 0.454
20021214 0.209 0.105 0.75368 1.479
20021215 5.056 0.008 0.74648 2.892
20021216 5.454 0 0.87687 3.4
20021217 0.899 0 1.11523 0.262
20021218 0.064 0 0.97139 -2.792
20021219 0.097 0 0.8285 -1.767
20021220 2.083 0.132 0.74484 0.292
20021221 5.154 0.199 0.8842 5.596
20021222 19.189 0.336 1.61678 7.521
20021223 0.547 0.216 3.30516 6.463
20021224 2.516 0.292 2.73523 7.542
20021225 0.609 0.443 2.44062 7.304
20021226 6.966 0.5 2.20662 7.396
20021227 1.416 0.328 2.34956 8.358
20021228 4.001 0.257 2.15991 5.95
20021229 24.429 0.252 2.34176 5.962
20021230 11.84 0.109 5.56047 8.504
20021231 6.566 0.096 7.05589 2.229
20030101 23.321 0.371 6.39356 3.275
20030102 31.337 0.264 9.42082 7.438
20030103 9.256 0.021 16.99949 4.742
20030104 0.875 0 13.55175 -2.192
20030105 0.356 0 8.27388 -5.125
20030106 0.164 0 5.89192 -5.183
20030107 0.012 0 4.45988 -7.779
20030108 0.063 0 3.5971 -10.6
20030109 0.015 0 3.0598 -8.096
20030110 0.024 0 2.58399 -8.342
20030111 0.035 0 2.21927 -6.042
20030112 0.09 0 1.93707 -5.438
20030113 1.243 0 1.76458 -1.733
20030114 2.084 0 1.79654 1.538
20030115 2.194 0.044 1.97726 0.542
20030116 1.254 0.004 1.87636 0.642
20030117 0.009 0 1.79458 -0.592
20030118 0.158 0.143 1.67069 -0.279
20030119 3.108 0.288 1.5478 1.4
20030120 4.767 0.212 1.57406 3.946
20030121 0.357 0.149 1.8029 4.3
20030122 7.737 0.012 1.81287 3.596
20030123 6.444 0 2.08069 2.758
20030124 0.027 0 2.23263 -1.038
20030125 1.174 0.044 2.02208 -1.329
20030126 5.821 0.235 2.00196 1.087
20030127 2.323 0.153 2.42982 5.933
20030128 7.535 0.012 2.78924 2.263
20030129 9.596 0 3.76954 -0.229
20030130 2.378 0 4.657 -2.783
20030131 1.141 0 4.01494 -7.65
20030201 0.074 0.418 3.25384 -7.292
20030202 3.426 0.126 2.88848 -0.704
20030203 5.538 0.008 3.38209 0.233
20030204 0.738 0 3.98574 -1.983
20030205 3.36 0 3.54398 -1.779
20030206 2.68 0 3.16136 -1.646
20030207 1.101 0.55 2.80642 -1.504
20030208 3.207 0.556 2.69773 1.15
20030209 1.561 0.046 2.83426 1.208
20030210 0.143 0 2.74187 -3.417
20030211 0.433 0 2.51228 -2.217
20030212 0.075 0 2.2682 -6.546
20030213 0.083 0 2.03702 -6.775
20030214 0.015 0 1.82745 -5.133
20030215 0.049 0 1.6393 -3.625
20030216 0.009 0 1.4983 -5.046
20030217 0.027 0 1.37025 -6.254
20030218 0.011 0 1.25077 -4.317
20030219 0.01 0.737 1.16464 -2.133
20030220 0.03 0.298 1.11661 0.188
20030221 0.027 0.846 1.0593 0.612
20030222 0.066 0.9 0.99716 0.904
20030223 0.019 1.131 0.92999 2.804
20030224 0.02 1.196 0.90823 3.7
20030225 0.024 0.969 0.89798 4.15
20030226 0.169 1.135 0.89438 5.067
20030227 0 0.558 0.8883 7.167
20030228 2.125 0.317 0.90801 5.096
20030301 8.431 0.3 1.04234 5.688
20030302 13.702 0.85 1.66806 4.404
20030303 2.811 1.263 3.46178 2.367
20030304 0.365 1.164 3.2504 3.904
20030305 0.124 0.272 2.76111 7.771
20030306 8.401 1.292 2.68328 3.967
20030307 0.205 1.172 2.86459 2.921
20030308 0.057 1.977 2.41639 4.242
20030309 0.009 1.271 2.16279 6.958
20030310 0.028 0.562 1.93993 7.013
20030311 7.819 0.636 1.77714 9.296
20030312 1.516 2.122 1.99647 4.883
20030313 0.005 2.531 1.82327 3.408
20030314 0.029 2.457 1.5545 1.908
20030315 0.001 2.635 1.39176 1.767
20030316 0.001 2.608 1.29481 3.837
20030317 0.011 2.824 1.20958 5.5
20030318 0.043 2.58 1.13162 3.683
20030319 0.055 1.962 1.05455 6.304
20030320 0.079 0.566 0.99986 2.892
20030321 0.042 3.612 0.94363 3.688
20030322 0.003 3.174 0.89845 5.283
20030323 0.002 3.196 0.84218 7.546
20030324 0.01 2.379 0.79803 10.958
20030325 0.402 1.292 0.74554 11.358
20030326 0.801 2.707 0.7196 9.221
20030327 0.069 2.844 0.70258 10.754
20030328 2.514 2.118 0.68049 10.929
20030329 0.437 2.184 0.64604 12.05
20030330 0.354 3.252 0.61821 10.75
20030331 0.015 0.829 0.59051 5.767
20030401 10.656 0.688 0.56167 7.242
20030402 12.858 1.29 0.74398 1.492
20030403 1.847 2.543 1.16629 0.971
20030404 0.081 2.696 0.8955 3.179
20030405 0.231 1.193 0.74745 5.112
20030406 0.331 0.088 0.66418 1.492
20030407 0 0 0.61936 -1.167
20030408 0.001 0 0.55438 -0.396
20030409 0 0 0.55598 -0.638
20030410 0.68 0.088 0.57548 -2.237
20030411 0.1 2.021 0.54371 0.987
20030412 0.009 4.033 0.52778 5.25
20030413 0.037 5.531 0.51016 9.821
20030414 0.014 5.564 0.4844 12.658
20030415 0.01 5.688 0.46555 14.562
20030416 0 5.887 0.43592 14.688
20030417 0 5.266 0.40844 13.508
20030418 0 2.502 0.41834 11.15
20030419 0 2.256 0.37514 3.533
20030420 0.057 0.694 0.3787 7.046
20030421 3.47 2.521 0.3874 12.683
20030422 0.109 3.756 0.40113 9.996
20030423 0 3.995 0.40502 10.996
20030424 0.001 3.183 0.38 14.154
20030425 0.881 1.139 0.37458 15.662
20030426 14.72 1.642 0.38554 10.858
20030427 4.703 4.135 0.61484 8.621
20030428 3.164 3.212 0.60511 13.433
20030429 3.591 1.271 0.58435 12.037
20030430 15.8 0.367 0.65176 10.154
20030501 0.606 3.38 1.07417 8.683
20030502 2.024 3.517 0.83887 10.517
20030503 0.638 6.023 0.65455 8.804
20030504 0.004 3.777 0.53991 14.404
20030505 1.335 2.177 0.49088 15.658
20030506 4.073 4.703 0.48809 9.646
20030507 0.064 4.438 0.47981 12.179
20030508 0.909 1.334 0.44086 15.35
20030509 5.012 3.751 0.39357 10.696
20030510 0.005 0.795 0.44806 9.058
20030511 0.071 2.847 0.4178 11.696
20030512 0.878 2.18 0.36133 10.146
20030513 9.785 1.737 0.35746 5.5
20030514 6.455 2.243 0.45873 4.625
20030515 0.814 3.865 0.50069 6.092
20030516 0.039 1.852 0.47554 9.821
20030517 1.994 1.7 0.39454 10.171
20030518 14.188 1.022 0.40241 10.967
20030519 13.435 2.841 0.84686 9.646
20030520 2.034 0.933 1.52541 8.65
20030521 5.656 1.206 1.09017 8.287
20030522 8.919 3.954 1.1363 11.558
20030523 0.025 1.78 1.40805 13.3
20030524 16.724 2.286 1.45917 11.854
20030525 0.25 4.178 2.08411 9.463
20030526 0.108 3.937 1.61786 12.142
20030527 0.004 4.593 1.19027 14.396
20030528 0 2.456 0.96282 15.883
20030529 0.001 4.456 0.79715 17.704
20030530 1.774 5.514 0.71615 18.971
20030531 0.102 1.115 0.68429 18.171
20030601 0.017 2.446 0.6305 20.233
20030602 5.199 3.836 0.55233 17.296
20030603 3.395 5.466 0.55413 17.321
20030604 0.4 2.304 0.54367 19.583
20030605 6.003 4.523 0.4894 15.804
20030606 0.168 4.708 0.4822 17.633
20030607 0.015 3.549 0.45398 19.483
20030608 8.074 5.512 0.41234 18.354
20030609 0.024 3.181 0.44145 13.721
20030610 13.185 0.389 0.41454 18.454
20030611 0.033 3.907 0.592 17.663
20030612 0.009 6.041 0.60725 19.525
20030613 0.009 2.541 0.37663 17.854
20030614 10.504 4.771 0.37728 15.012
20030615 0.248 6.192 0.46595 16.667
20030616 0.031 4.925 0.42678 16.854
20030617 2.96 3.249 0.36238 18.133
20030618 0.017 1.953 0.3559 14.733
20030619 1.433 4.466 0.32587 14.896
20030620 0.212 0.81 0.3152 14.979
20030621 0.001 5.681 0.30254 14.154
20030622 0 4.495 0.26577 19.663
20030623 0.422 5.95 0.2732 19.492
20030624 0.008 5.744 0.25506 15.775
20030625 0.026 5.514 0.23875 16.554
20030626 0 2.339 0.229 19.342
20030627 0.01 3.79 0.22293 15.838
20030628 0 6.379 0.2236 15.854
20030629 0.002 2.937 0.21586 18.179
20030630 5.239 0.723 0.21859 17.054
20030701 9.37 2.477 0.25592 12.504
20030702 5.775 2.465 0.24764 12.558
20030703 10.52 1.722 0.33244 12.338
20030704 10.246 1.788 0.39591 12.308
20030705 0.139 4.374 0.42278 13.217
20030706 0.004 4.014 0.37433 14.058
20030707 0.03 4.862 0.29119 16.142
20030708 0.068 3.987 0.25965 16.379
20030709 0.023 5.638 0.23506 17.121
20030710 0.028 0.901 0.21825 18.321
20030711 0 4.812 0.2101 19.696
20030712 0.005 6.341 0.20194 14.954
20030713 0 7.192 0.19433 18.142
20030714 0.005 7.348 0.18144 19.729
20030715 0 6.52 0.17626 22.475
20030716 0 2.506 0.16783 22.229
20030717 0.656 4.359 0.16576 14.746
20030718 0 6.617 0.16151 17.887
20030719 0 4.648 0.1537 21.879
20030720 0.891 1.053 0.1561 21.788
20030721 1.103 4.242 0.14643 20.004
20030722 0.545 4.23 0.15208 18.492
20030723 0.57 3.144 0.13441 18.754
20030724 2.304 3.917 0.15052 16.604
20030725 0.767 2.852 0.15163 16.421
20030726 14.214 2.341 0.13885 16.087
20030727 5.199 3.954 0.19665 16.062
20030728 0.104 4.016 0.20936 13.758
20030729 0.001 1.94 0.17541 16.913
20030730 14.37 3.677 0.20907 15.583
20030731 0.232 0.596 0.27248 16.754
20030801 0.023 5.206 0.19874 20.121
20030802 0.002 5.652 0.1768 21.921
20030803 0.007 5.652 0.16151 22.683
20030804 0.008 5.608 0.14805 23.742
20030805 0 6.022 0.1246 24.812
20030806 0.004 5.312 0.12092 27.3
20030807 0.745 5.662 0.11918 27.708
20030808 0.025 5.887 0.10483 27.325
20030809 0 5.574 0.10154 24.583
20030810 0.011 0.781 0.1028 24.017
20030811 0 5.54 0.115 25.517
20030812 0 5.451 0.10809 27.779
20030813 0 3.805 0.1035 23.575
20030814 0.046 5.398 0.10008 18.429
20030815 0.009 4.907 0.09232 15.492
20030816 0.006 2.56 0.09193 17.033
20030817 1.709 0.702 0.09148 17.767
20030818 35.759 1.971 0.10094 16.496
20030819 0.09 3.794 0.36266 16.146
20030820 0.025 0.505 0.33374 15.679
20030821 0.027 2.26 0.19793 16.2
20030822 0.002 2.866 0.15046 13.946
20030823 0.002 4.51 0.14184 16.971
20030824 0.119 4.744 0.13581 15.692
20030825 0.02 4.664 0.12193 15.079
20030826 0.012 2.643 0.11734 17.483
20030827 0.053 2.724 0.11504 13.983
20030828 5.893 0.735 0.11038 15.996
20030829 18.154 1.74 0.14026 13.104
20030830 10.81 2.31 0.33656 11.142
20030831 1.064 0.57 0.36338 9.904
20030901 0.876 2.421 0.26692 9.662
20030902 0.147 3.836 0.18832 10.033
20030903 0.043 4.641 0.16949 11.738
20030904 0.024 3.56 0.16315 14.304
20030905 0.109 1.663 0.13538 15.471
20030906 3.713 2.6 0.1395 13.558
20030907 0.38 2.7 0.13442 13.467
20030908 0.478 3.162 0.13061 12.537
20030909 1.125 1.048 0.12935 12.742
20030910 6.251 0.533 0.13052 11.029
20030911 0.654 0.922 0.14134 11.133
20030912 0.934 3.105 0.13401 10.892
20030913 0.04 3.85 0.148 12.504
20030914 0.049 3.713 0.15993 12.783
20030915 0.024 3.476 0.13684 14.412
20030916 0.036 3.819 0.12155 15.662
20030917 0.055 4.127 0.11925 16.904
20030918 0.015 4.284 0.11842 17.879
20030919 0.011 4.12 0.11372 19.038
20030920 0.011 0.628 0.11009 20.075
20030921 0.01 3.469 0.10674 18.154
20030922 0.088 1.743 0.106 17.438
20030923 8.88 2.33 0.11756 8.458
20030924 0.188 3.775 0.13514 6.917
20030925 0.035 2.8 0.12539 10.529
20030926 0.023 1.93 0.12337 11.137
20030927 0.014 1.948 0.11817 11.433
20030928 0.809 1.593 0.11536 11.617
20030929 0.403 2.781 0.11632 8.383
20030930 0.08 0.835 0.11583 9.938
20031001 5.626 1.792 0.11326 10.304
20031002 0.23 1.126 0.12046 15.171
20031003 6.963 1.012 0.12706 13.442
20031004 1.64 1.14 0.15131 8.254
20031005 1.509 0.415 0.1505 5.208
20031006 5.879 0.491 0.13745 4.246
20031007 7.311 1.054 0.14699 5.079
20031008 8.521 0.51 0.16011 6.45
20031009 2.218 0.269 0.17235 10.083
20031010 2.626 0.34 0.17766 9.967
20031011 3.28 2.053 0.16767 9.304
20031012 0.141 2.065 0.16787 7.071
20031013 0.014 2.47 0.15851 7.033
20031014 0.019 2.86 0.14783 6.121
20031015 0.003 2.76 0.13797 5.175
20031016 0.048 2.792 0.13241 5.312
20031017 0.006 2.07 0.12665 5.042
20031018 0.001 1.685 0.12508 4.733
20031019 0.043 1.062 0.12148 4.033
20031020 0.016 0.546 0.12134 3.038
20031021 0.965 0.636 0.1215 2.383
20031022 0.46 0.054 0.122 2.013
20031023 0.001 0 0.12238 0.304
20031024 0.599 0.088 0.12377 -1.596
20031025 1.453 0.052 0.13716 0.942
20031026 2.762 0.598 0.12701 2.212
20031027 0.464 1.341 0.15066 2.413
20031028 0.211 0.392 0.14267 2.892
20031029 1.685 0.025 0.13581 3.138
20031030 1.829 0.044 0.12857 3.446
20031031 13.554 0.136 0.13455 5.742
20031101 2.572 0.43 0.17744 5.892
20031102 3.841 0.588 0.18452 5.975
20031103 6.547 0.512 0.17989 8.271
20031104 0.237 1.417 0.17557 7.271
20031105 0.425 1.599 0.16272 7.825
20031106 0.099 1.696 0.15014 8.25
20031107 0.014 1.198 0.14044 4.237
20031108 0.001 0.965 0.13583 3.85
20031109 0.057 0.86 0.13354 6.263
20031110 0.149 0.533 0.1316 9.146
20031111 0.112 0.273 0.12976 1.321
20031112 3.119 0.208 0.12629 2.142
20031113 0.072 0.193 0.12526 4.525
20031114 0.556 0.291 0.12454 3.858
20031115 0.039 0.113 0.12373 4.958
20031116 10.261 0.096 0.12672 3.4
20031117 6.196 0.008 0.16094 2.75
20031118 3.121 0.044 0.23238 6.733
20031119 0.111 0.235 0.30352 8.433
20031120 0.098 0.615 0.29545 5.792
20031121 0.023 0.879 0.23112 7.096
20031122 0.299 0.9 0.21204 10.167
20031123 1.146 0.581 0.193 10.396
20031124 0.507 0.134 0.17696 10.221
20031125 3.443 0.514 0.17478 8.171
20031126 1.326 0.376 0.17482 4.833
20031127 0.183 0.162 0.17228 3.771
20031128 0.037 0.012 0.16513 1.808
20031129 0.138 0.187 0.16882 -1.658
20031130 1.797 0.567 0.16371 4.729
20031201 1.224 0.512 0.14276 7.746
20031202 0 0.636 0.16371 5.713
20031203 0.028 0.56 0.1543 5.833
20031204 0.102 0.134 0.15485 2.308
20031205 0.013 0.008 0.16234 0.771
20031206 1.014 0 0.15302 0.096
20031207 0.033 0 0.14906 -3.067
20031208 0.105 1.1 0.13838 -1.125
20031209 0.01 0.1 0.11691 0.625
20031210 0.023 0 0.10274 -1.392
20031211 2.504 0.55 0.11367 -0.958
20031212 0.456 0.281 0.13241 3.971
20031213 26.818 0.395 0.19199 8.108
20031214 10.128 0.265 0.73519 3.971
20031215 2.443 0.153 1.22531 0.083
20031216 1.241 0.562 0.90864 0.987
20031217 0.2 0.776 0.65207 1.379
20031218 0.15 0.44 0.5231 2.208
20031219 0.171 0.221 0.44834 3.883
20031220 4.963 0.193 0.40408 6.062
20031221 6.576 0.016 0.39694 1.892
20031222 2.097 0 0.56862 -1.492
20031223 0.758 0 0.62935 -1.967
20031224 2.347 0.275 0.53325 -0.746
20031225 2.785 0.531 0.56954 1.433
20031226 0.351 0.277 0.64512 2.754
20031227 10.531 0.307 0.80694 3.625
20031228 13.761 0.026 1.34577 2.746
20031229 0.415 0 2.29135 -1.1
20031230 0.564 0 1.79773 -1.5
20031231 0.097 0 1.34937 -1.658
20040101 0.017 0 1.06929 -3.367
20040102 0.529 0 0.91015 -4.325
20040103 0.056 0 0.77677 -8.45
20040104 0.034 0 0.58864 -5.046
20040105 1.602 0 0.62579 -0.962
20040106 3.468 0.176 0.66501 1.179
20040107 0.543 0.192 0.8012 2.696
20040108 3.981 0.148 0.85709 1.479
20040109 6.483 0.144 0.91449 3.054
20040110 0.822 0.287 1.24736 2.4
20040111 12.602 0.113 1.34138 6.417
20040112 11.987 0.239 2.25922 2.929
20040113 10.423 0.197 3.50944 4.517
20040114 10.864 0.247 3.96441 2.225
20040115 4.541 0.307 4.21956 0.075
20040116 10.327 0.158 3.94013 2.133
20040117 0.243 0.012 4.1315 0.871
20040118 1.314 0 3.54798 -1.467
20040119 12.676 0.187 2.95634 -1.146
20040120 11.438 0.017 5.37322 2.875
20040121 0.04 0 6.45451 -2.425
20040122 0.045 0 4.29037 -3.05
20040123 0.443 0 3.36026 -1.392
20040124 1.876 0 2.79416 -0.654
20040125 3.879 0 2.5668 -0.242
20040126 0.167 0 2.44604 -2.433
20040127 0.502 0 2.11923 -3.242
20040128 0.39 0 1.85294 -2.967
20040129 0.478 0 1.70435 -3.392
20040130 0.584 0.88 1.5343 -3.754
20040131 4.068 0.542 1.42153 2.554
20040201 8.339 0.317 2.33629 6.629
20040202 2.641 1.268 3.02564 7.317
20040203 0.043 1.488 2.7308 8.463
20040204 0.002 0.994 2.39908 9.025
20040205 0.036 1.454 2.1544 8.846
20040206 4.121 1.005 1.94828 9.229
20040207 2.159 0.355 1.89338 3.858
20040208 10.928 0.025 2.06055 0.262
20040209 1.074 0 2.86533 -1.804
20040210 2.938 0.462 2.32832 -2.312
20040211 11.392 0.548 2.56259 3.108
20040212 0.115 0.508 3.39703 0.9
20040213 0.018 0.372 3.08686 3.038
20040214 0 0.536 2.7229 3.371
20040215 0.031 1.146 2.41202 3.004
20040216 0.082 0.1 2.1191 2.304
20040217 0.242 0.374 1.87322 -1.229
20040218 3.752 0.034 1.676 0.571
20040219 3.444 0 1.74611 -1.988
20040220 0.295 0 1.63701 -2.1
20040221 0.059 0 1.43359 -0.175
20040222 0.003 0 1.35754 -0.95
20040223 0.011 0 1.25059 -2.496
20040224 0.19 0 1.04634 -3.304
20040225 3.408 0 1.05721 -2.421
20040226 1.171 0 1.0696 -5.267
20040227 0.864 0 1.00739 -5.146
20040228 1.46 0 0.94131 -3.242
20040229 0.896 0 0.90513 -4.683
20040301 0.282 0 0.82346 -4.329
20040302 0.199 0 0.72745 -1.296
20040303 0.159 1.474 0.71536 -0.625
20040304 0.008 0.959 0.70873 2.642
20040305 0.523 0.075 0.7531 1.292
20040306 1.43 0.418 0.80793 -0.112
20040307 3.197 0.038 0.80806 0.317
20040308 0.09 0 0.86301 -0.4
20040309 0.798 0 0.83531 -2.325
20040310 1.105 0 0.79596 -3.621
20040311 0.619 0 0.75764 -2.225
20040312 3.361 1.056 0.75438 -0.504
20040313 0.431 1.647 0.77087 5.004
20040314 0.054 1.252 0.81349 5.7
20040315 0.03 2.213 0.77011 7.487
20040316 0.008 2.81 0.72227 10.258
20040317 0.055 2.889 0.68872 12.742
20040318 0.188 0.703 0.64246 12.5
20040319 8.811 0.372 0.63072 6.9
20040320 9.956 0.448 0.74999 7.496
20040321 13.705 0.72 1.59973 4.979
20040322 3.084 0.788 2.62742 2.083
20040323 1.671 0.792 2.3047 1.467
20040324 0.236 0.803 2.05587 1.133
20040325 0.038 0.529 1.78085 -0.158
20040326 0.443 2.253 1.56485 -0.246
20040327 0.457 2.456 1.41689 0.6
20040328 0.021 2.504 1.27874 3.883
20040329 0.052 3.377 1.11926 6.713
20040330 0.009 2.994 1.02949 8.517
20040331 0.002 0.664 0.93526 11.317
20040401 0 2.051 0.8509 11.15
20040402 0.803 1.008 0.79227 9.367
20040403 1.385 2.132 0.75694 7.029
20040404 4.674 1.243 0.70666 7.396
20040405 12.148 1.02 0.76172 3.858
20040406 5.98 0.722 0.97736 1.433
20040407 8.915 0.982 1.25194 1.363
20040408 5.499 1.096 1.53394 1.554
20040409 0.417 1.379 1.63996 1.921
20040410 0.82 0.392 1.47337 3.892
20040411 0.019 3.138 1.34584 2.242
20040412 0.08 1.02 1.20359 4.821
20040413 0.023 3.235 1.02046 4.871
20040414 0.012 3.225 0.95785 7.354
20040415 0.028 4.249 0.89269 9.096
20040416 0.01 3.431 0.79639 11.05
20040417 0.77 1.566 0.76246 10.779
20040418 2.448 1.217 0.74077 5.246
20040419 1.649 1.2 0.7268 2.983
20040420 0.869 0.749 0.72169 5.758
20040421 0.104 2.116 0.68247 9.767
20040422 13.96 2.662 0.63338 11.488
20040423 4.186 3.58 0.87685 8.971
20040424 0.04 4.43 1.14442 8.408
20040425 0.103 4.412 0.756 9.842
20040426 0.01 3.898 0.68933 10.762
20040427 3.337 2.246 0.64771 12.025
20040428 2.789 2.782 0.6462 10.325
20040429 1.847 3.042 0.67432 10.188
20040430 7.825 0.486 0.68634 12.537
20040501 0.363 3.42 0.79443 9.983
20040502 0.21 3.521 0.67174 11.192
20040503 1.856 2.085 0.59497 10.738
20040504 1.509 1.681 0.57778 6.933
20040505 1.78 2.25 0.56268 5.317
20040506 0.147 1.38 0.54603 6.354
20040507 20.136 0.438 0.51964 5.346
20040508 25.532 1.13 2.19341 5.067
20040509 0.035 1.475 3.92828 7.367
20040510 0.048 0.169 2.63133 9.65
20040511 0.038 3.403 2.04874 10.65
20040512 0 1.277 1.66761 7.408
20040513 0.183 2.794 1.37272 6.104
20040514 0.017 3.689 1.21351 9.438
20040515 0.022 4.581 1.03484 11.333
20040516 0 4.975 0.93341 12.262
20040517 0.007 4.498 0.83945 14.658
20040518 0.005 5.695 0.73861 14.971
20040519 0.009 4.246 0.70666 16.004
20040520 0.002 0.749 0.6415 15.008
20040521 0.765 2.743 0.60896 8.383
20040522 0.014 3.447 0.58005 5.879
20040523 0.608 4.823 0.53806 6.671
20040524 0.012 3.206 0.47223 9.162
20040525 0 4.016 0.46375 11.004
20040526 0 3.411 0.43353 10.429
20040527 0.014 4.679 0.39812 8.775
20040528 0.022 5.812 0.39274 10.5
20040529 0.002 3.649 0.36648 13.688
20040530 2.017 3.906 0.34776 13.575
20040531 0.503 0.747 0.34373 10.65
20040601 0.15 1.006 0.32537 12.279
20040602 12.627 2.563 0.32805 11.425
20040603 0.315 0.819 0.47943 11.225
20040604 8.384 2.661 0.48154 9.967
20040605 1.361 3.768 0.45238 11.896
20040606 0.005 5.733 0.42649 12.942
20040607 0.009 6.399 0.36011 17.475
20040608 0.009 5.531 0.32998 20.575
20040609 0.877 2.797 0.2664 21.542
20040610 9.633 0.587 0.30636 17.608
20040611 4.28 3.059 0.32621 12.896
20040612 6.531 1.837 0.41152 10.688
20040613 0.592 4.916 0.31763 9.896
20040614 0.11 4.46 0.35186 13.767
20040615 0.332 4.359 0.27907 16.671
20040616 0.005 4.532 0.26172 12.179
20040617 0.065 1.523 0.24172 14.238
20040618 4.13 3.173 0.22063 10.754
20040619 1.815 3.26 0.24124 9.304
20040620 0.732 0.92 0.23584 8.696
20040621 3.117 1.621 0.22761 9.879
20040622 1.417 3.266 0.23859 12.463
20040623 6.032 2.902 0.23857 14.287
20040624 1.824 2.35 0.25949 10.192
20040625 0.253 3.635 0.23429 10.392
20040626 0.367 3.987 0.21566 13.671
20040627 1.96 4.415 0.21251 16.725
20040628 0.01 4.496 0.20021 13.046
20040629 0 4.687 0.19386 13.062
20040630 0 0.667 0.18781 15.921
20040701 0.473 2.544 0.1687 11.908
20040702 8.981 3.166 0.16965 10.779
20040703 0.939 2.566 0.18016 11.287
20040704 2.503 3.058 0.20223 11.325
20040705 0.436 3.383 0.19008 13.438
20040706 0.01 3.133 0.16376 14.213
20040707 6.763 3.471 0.17179 14.167
20040708 4.986 0.798 0.16945 13.717
20040709 31.712 2.752 0.24674 10.479
20040710 5.701 0.752 0.77958 10.125
20040711 3.255 1.564 0.64424 8.954
20040712 2.884 1.975 0.44701 10.142
20040713 0.991 3.423 0.35462 10.333
20040714 2.709 1.165 0.32382 12.938
20040715 1.61 3.379 0.29282 14.904
20040716 0.256 4.337 0.2815 17.133
20040717 4.294 2.974 0.26208 19.271
20040718 8.259 4.725 0.24266 16.917
20040719 0.024 2.707 0.32294 15.55
20040720 11.686 0.385 0.34276 16.079
20040721 1.67 4.603 0.41792 18.725
20040722 0.717 4.223 0.39656 20.425
20040723 2.908 5.12 0.27871 19.404
20040724 0.005 3.965 0.24928 16.067
20040725 0.335 2.576 0.22617 13.887
20040726 0.659 4.473 0.20129 13.308
20040727 0.022 5.888 0.19688 14.625
20040728 0.002 6 0.19825 16.367
20040729 0 5.505 0.1818 18.383
20040730 0.001 4.217 0.16504 20.817
20040731 0 0.892 0.15957 20.158
20040801 0.004 4.45 0.15599 18.154
20040802 0.001 4.668 0.15759 19.808
20040803 0.002 3.919 0.15075 22.021
20040804 8.338 4.402 0.14832 19.621
20040805 0.11 2.659 0.16711 20.904
20040806 0.92 2.595 0.18036 18.788
20040807 35.039 5.167 1.32289 17.904
20040808 0.062 5.312 1.79233 20.683
20040809 0 2.136 0.88515 21.929
20040810 5.948 0.429 0.44307 18.421
20040811 0.192 1.301 0.39802 18.929
20040812 7.83 2.316 0.331 15.725
20040813 14.491 0.75 0.32128 13.658
20040814 19.784 3.944 0.9828 13.529
20040815 0.184 3.016 1.68106 16.329
20040816 5.93 1.991 0.91483 16.958
20040817 12.125 3.14 0.8827 15.838
20040818 18.291 3.296 0.97103 17.337
20040819 0.045 1.925 2.22626 15.825
20040820 3.289 0.612 1.63762 12.833
20040821 7.955 4.167 1.21743 11.188
20040822 0.082 2.938 1.27379 12.025
20040823 0.459 2.026 0.95094 14.996
20040824 6.31 1.406 0.80474 13.667
20040825 8.606 1.213 0.79808 11.733
20040826 5 1.981 0.96167 12.067
20040827 8.808 1.183 1.04339 12.508
20040828 21.467 2.193 1.47002 14.004
20040829 0.927 1.709 3.45614 13.725
20040830 4.71 1.7 2.85235 11.3
20040831 0.361 0.505 2.22314 11.037
20040901 0.039 3.927 1.73507 12.671
20040902 0.034 3.83 1.37783 15.396
20040903 0.027 3.572 1.13969 18.046
20040904 0.051 4.058 0.95015 19.663
20040905 0.024 4.522 0.82328 18.858
20040906 0.051 4.142 0.71611 17.992
20040907 0.027 4.148 0.67201 17.092
20040908 0.048 5.021 0.58061 16.2
20040909 0.009 4.044 0.53872 15.062
20040910 3.452 0.692 0.48161 17.379
20040911 12.718 1.815 0.54711 15.821
20040912 0.853 2.681 0.70801 11.5
20040913 2.845 2.341 0.6701 12.025
20040914 0.802 2.117 0.55121 11.125
20040915 1.777 1.605 0.49856 9.796
20040916 0.155 3.155 0.44343 9.25
20040917 0.253 3.762 0.44266 11.45
20040918 0.12 2.528 0.34952 14.517
20040919 1.679 1.983 0.40961 11.571
20040920 0.563 0.723 0.33608 10.146
20040921 0.494 1.239 0.335 9.863
20040922 10.777 0.383 0.34587 9.054
20040923 21.579 1.125 0.43988 11.542
20040924 8.754 1.288 1.2208 7.429
20040925 3.553 1.758 1.02204 8.037
20040926 1.009 0.568 0.97108 10.346
20040927 0.929 0.819 0.76869 11.179
20040928 0.095 1.27 0.73352 12.287
20040929 2.274 1.44 0.6835 11.088
20040930 0.065 0.627 0.6066 10.979
20041001 1.053 1.52 0.56041 12.662
20041002 0.024 2.246 0.53163 10.162
20041003 0.057 2.403 0.50668 10.321
20041004 0.008 1.07 0.45461 14.133
20041005 7.922 1.003 0.42149 13.817
20041006 0.717 1.734 0.51586 8.654
20041007 0.141 0.986 0.4997 7.475
20041008 0.035 1.638 0.44174 7.867
20041009 0.058 1.836 0.40473 7.55
20041010 0.011 0.616 0.38729 6.629
20041011 0.001 1.373 0.37114 5.862
20041012 0.083 0.858 0.36547 7.188
20041013 0.011 0.617 0.32872 8.717
20041014 4.043 0.556 0.33496 8.213
20041015 5.407 0.233 0.34972 5.442
20041016 3.114 0.105 0.39114 4.171
20041017 2.779 0.514 0.42973 4.85
20041018 0.473 0.728 0.40262 6.138
20041019 0.135 0.513 0.41438 6.75
20041020 13.911 0.184 0.37955 12.667
20041021 1.389 1.531 0.55179 9.804
20041022 0.109 1.689 0.74441 9.375
20041023 0.066 1.241 0.54189 12.925
20041024 2.214 0.969 0.47171 13.208
20041025 0.012 0.86 0.43306 10.3
20041026 0.093 0.709 0.45562 6.496
20041027 1.178 0.432 0.42221 6.204
20041028 3.406 0.452 0.41929 9.817
20041029 3.835 0.368 0.46852 9.05
20041030 0.845 0.316 0.48442 7.646
20041031 0.132 0.312 0.47194 6.525
20041101 1.756 0.257 0.44028 6.629
20041102 2.086 0.351 0.43517 7.592
20041103 0.375 0.492 0.43243 8.279
20041104 0.854 0.46 0.43054 9.1
20041105 0.18 0.082 0.44692 5.312
20041106 6.477 0.686 0.40061 5.525
20041107 0.266 0.568 0.44341 4.604
20041108 0.122 0.882 0.49356 3.371
20041109 0.115 0.263 0.45689 0.842
20041110 8.121 0.105 0.44244 -0.029
20041111 0.812 0.382 0.57123 0.517
20041112 4.945 0.265 0.59006 1.817
20041113 0.962 0.307 0.6104 2.033
20041114 0.055 0.4 0.64253 1.054
20041115 0.203 0.034 0.59294 1.342
20041116 0.693 0 0.56041 3.842
20041117 4.669 0 0.57341 6.612
20041118 15.762 0 0.64217 5.883
20041119 7.405 0 1.8351 -0.346
20041120 0.425 0 2.25808 -3.204
20041121 1.294 0.275 1.79777 -1.804
20041122 3.59 0.025 1.61215 6.683
20041123 5.603 0.638 1.71027 5.858
20041124 0.2 0.938 1.79818 0.425
20041125 0.147 0.256 1.64407 0.654
20041126 3.719 0.104 1.55439 0.738
20041127 0.751 0.052 1.48909 5.083
20041128 0.949 0.235 1.46795 4.183
20041129 0.381 0.527 1.25559 3.612
20041130 0.149 0.09 1.14136 1.354
20041201 4.884 0.048 1.08936 0.842
20041202 1.496 0.29 1.14615 0.667
20041203 2.07 0.444 1.09705 0.746
20041204 0.249 0.324 1.05466 0.296
20041205 0.441 0.257 0.95191 1.438
20041206 0.175 0.351 0.90356 2.683
20041207 0.088 0.206 0.87118 1.6
20041208 0.005 0.698 0.84301 1.521
20041209 0.07 0.062 0.80575 1.183
20041210 0.118 0 0.75868 -0.088
20041211 0.07 0 0.71723 -3.737
20041212 0.022 0 0.702 -4.938
20041213 0.024 0.275 0.66112 -3.983
20041214 0.101 0.399 0.60962 3.129
20041215 0.079 0.122 0.58576 1.113
20041216 2.52 0.096 0.54342 1.413
20041217 11.562 0.184 0.58734 1.792
20041218 5.869 0.016 1.18084 0.208
20041219 4.058 0 1.5505 -1.108
20041220 0.238 0 1.46736 -5.338
20041221 0.117 0 1.15479 -6.275
20041222 0.783 0.088 1.01282 -3.004
20041223 4.248 0.195 1.06886 2.85
20041224 4.842 0.061 1.54586 5.033
20041225 6.101 0.004 2.22763 1.6
20041226 0.278 0 2.43004 -0.562
20041227 0.072 0 2.14969 -2.892
20041228 1.048 0.231 1.92337 -2.308
20041229 2.984 0.197 1.8619 0.083
20041230 2.403 0.104 1.82772 0.683
20041231 3.101 0.096 1.90382 4.263
20050101 3.706 0.47 2.1055 5.117
20050102 1.565 0.273 2.26037 2.171
20050103 2.059 0.197 2.23951 1.375
20050104 0.129 0.203 2.07068 1.696
20050105 5.569 0.061 1.9769 2.513
20050106 3.952 0.136 2.09783 4.487
20050107 0.033 0.298 2.16241 6.117
20050108 2.485 0.114 1.99224 4.208
20050109 0.332 0.184 1.95208 3.817
20050110 1.515 0.247 1.78376 6.867
20050111 0.949 0.021 1.68878 5.454
20050112 6.688 0 1.66275 4.562
20050113 0.096 0 1.74157 0.446
20050114 0.184 0 1.51249 -0.65
20050115 0.174 0 1.36624 -1.292
20050116 0.1 0 1.27534 -0.108
20050117 2.717 0 1.22287 1.033
20050118 12.429 0 1.56445 1.342
20050119 2.756 0 2.30816 0.712
20050120 11.317 0 2.01463 5.833
20050121 6.893 0.187 2.98411 2.329
20050122 0.73 0.16 3.71727 -0.088
20050123 0.755 0.244 3.28662 -0.821
20050124 1.395 0.153 2.90527 -3.721
20050125 0.464 0.144 2.54495 -5.571
20050126 0.2 0.188 2.21528 -5.492
20050127 0.225 0.434 2.00043 -5.183
20050128 0.459 0.126 1.81665 -2.663
20050129 0.41 0.008 1.68989 -4.325
20050130 2.68 0 1.52692 -2.283
20050131 8.875 0 1.49299 1.5
20050201 1.3 0 2.3531 1.004
20050202 5.031 0.088 2.54365 1.342
20050203 2.442 0.294 2.45941 1.658
20050204 0 0.257 2.38423 1.358
20050205 0.075 0.67 2.19109 -1.767
20050206 0.085 0.752 2.05821 0.579
20050207 0.067 1.482 1.86534 -0.938
20050208 0.099 0.547 1.66673 0.079
20050209 0.104 0.632 1.51137 2.746
20050210 18.473 0.56 1.43008 3.296
20050211 14.172 1.058 3.43593 5.433
20050212 19.294 1.148 4.94658 6.338
20050213 3.358 1.57 6.80078 -0.521
20050214 5.705 1.828 6.31192 -0.988
20050215 1.4 1.254 5.30476 -3.038
20050216 1 0.276 4.16545 -4.775
20050217 0.682 0.016 3.46972 -4.75
20050218 0.163 0.638 3.01214 -4.708
20050219 4.646 0.564 2.77117 -1.679
20050220 4.058 0.178 2.72824 -2.1
20050221 2.339 0.606 2.5481 -3.45
20050222 0.608 0.054 2.29696 -4.75
20050223 0.373 0 2.06361 -6.271
20050224 0.234 0 1.85157 -7.467
20050225 0.564 0 1.69101 -5.842
20050226 0.249 0 1.56496 -3.871
20050227 0.955 0.924 1.46977 -7.208
20050228 0.367 0.084 1.24551 -10.179
20050301 0.014 0 1.13827 -8.579
20050302 0.111 0 1.13704 -5.037
20050303 2.123 0 1.14309 -4.117
20050304 0.014 0 1.06189 -4.717
20050305 3.231 1.881 1.00625 -3.054
20050306 0.209 0.952 0.9797 -5.417
20050307 6.089 0.302 0.92934 -0.933
20050308 4.043 0.34 1.03156 0.092
20050309 4.929 0.447 1.7127 0.325
20050310 1.067 0.357 2.30508 0.037
20050311 3.649 0.491 2.22964 0.175
20050312 7.671 0.724 2.88997 -0.808
20050313 1.553 0.942 3.34064 -0.075
20050314 0.725 0.63 2.83264 1.304
20050315 1.703 1.601 2.51755 3.617
20050316 0.087 1.285 2.5708 9.396
20050317 0 0.566 3.22016 9.137
20050318 0.033 0.042 3.5842 8.583
20050319 0.077 0 3.19259 8.933
20050320 0.03 0.462 2.77342 7.9
20050321 0.009 0.405 2.41679 8.438
20050322 2.955 0.539 2.11439 9.496
20050323 0.155 1.289 1.95219 10.221
20050324 6.885 0.289 1.71592 10.079
20050325 2.083 0.654 1.7156 8.925
20050326 1.209 1.29 1.63897 3.483
20050327 1.343 1.355 1.4675 1.862
20050328 1.421 0.751 1.3531 3.029
20050329 1.321 0.982 1.27366 3.383
20050330 6.204 2.24 1.25707 2.871
20050331 0.587 0.658 1.33731 5.812
20050401 0.073 4.024 1.15567 8.488
20050402 0.022 1.737 1.05476 8.938
20050403 0.001 1.137 0.97412 10.717
20050404 1.682 1.522 0.9317 10.275
20050405 3.384 0.68 0.9193 5.871
20050406 8.545 1.513 0.92711 6.308
20050407 4.523 0.914 1.07687 5.904
20050408 3.707 0.665 1.29168 2.408
20050409 1.682 1.11 1.13389 0.671
20050410 0.739 0.14 1.02632 3.704
20050411 0.128 1.06 0.95594 5.95
20050412 0.029 1.328 0.88911 7.342
20050413 0.006 0.112 0.86182 7.617
20050414 0.016 0.924 0.8579 9.354
20050415 3.371 1.14 0.79756 7.217
20050416 4.029 1.383 0.81486 4.3
20050417 0.713 1.041 0.88105 5.588
20050418 0.701 1.228 0.85545 6.938
20050419 6.223 1.204 0.83306 6.046
20050420 0.493 0.375 0.84596 5.471
20050421 0.084 1.224 0.78491 6.183
20050422 0.07 1.528 0.67102 7.775
20050423 0.183 2.23 0.63407 8.683
20050424 1.058 1.148 0.62372 9.325
20050425 5.221 1.506 0.60615 8.433
20050426 2.2 1.273 0.72063 8.533
20050427 1.579 1.072 0.74488 8.125
20050428 0.091 1.694 0.64577 9.954
20050429 4.346 2.533 0.63394 13.008
20050430 0.007 0.36 0.5767 15.292
20050501 0.012 2.631 0.54004 19.579
20050502 0.517 2.207 0.51422 17.029
20050503 9.287 1.191 0.43114 12.479
20050504 8.166 1.566 0.67424 8.296
20050505 2.646 2.565 0.85637 7.404
20050506 5.521 2.608 0.74891 7.371
20050507 16.869 2.78 0.94887 5.292
20050508 3.061 4.358 1.70307 3.654
20050509 2.537 5.182 1.43557 4.067
20050510 1.802 0.844 1.29672 4.275
20050511 0.026 5.636 1.19036 4.921
20050512 0.054 5.646 1.03405 7.658
20050513 0.129 2.711 0.87829 8.442
20050514 19.819 3.141 0.90461 8.229
20050515 0.04 2.61 1.69002 6.513
20050516 0.053 3.106 1.38623 9.988
20050517 0.137 0.857 1.19237 5.263
20050518 0.059 2.661 1.02458 5.304
20050519 0.038 4.681 0.93974 10.154
20050520 2.208 0.635 0.81999 14.446
20050521 0.033 5.059 0.76421 12.283
20050522 0.129 5.782 0.71363 10.783
20050523 0.409 4.972 0.63533 9.692
20050524 0.023 5.545 0.58995 11.129
20050525 0 5.505 0.53244 16.512
20050526 0 4.308 0.45936 19.8
20050527 0.001 5.256 0.48321 22.275
20050528 0.001 6.221 0.42093 21.062
20050529 4.265 6.157 0.38655 16.525
20050530 2.509 4.78 0.39771 9.092
20050531 0.155 0.663 0.44363 9.729
20050601 0.064 0.905 0.3805 11.863
20050602 0.005 2.412 0.3503 14.054
20050603 6.818 2.456 0.33559 16.325
20050604 3.447 4.516 0.37487 9.592
20050605 1.318 3.417 0.41702 9.183
20050606 0.41 1.793 0.3582 10.412
20050607 0.003 2.206 0.37044 6.904
20050608 0.014 3.543 0.32382 8.629
20050609 0.01 3.198 0.30553 10.621
20050610 0.81 0.67 0.29308 12.304
20050611 0.014 3.799 0.28757 8.642
20050612 0.024 3.554 0.29385 9.346
20050613 0.024 3.46 0.27506 11.146
20050614 0 2.631 0.26154 14.579
20050615 0 2.413 0.27382 15.483
20050616 0.091 1.674 0.23962 15.333
20050617 0.269 0.596 0.24962 16.808
20050618 0 4.266 0.2554 19.458
20050619 0 5.422 0.23022 20.967
20050620 0 0.964 0.24361 23.596
20050621 0.002 2.796 0.19876 21.821
20050622 0 5.519 0.21676 19.421
20050623 0 4.56 0.20675 21.887
20050624 0 6.278 0.20547 23.179
20050625 2.331 7.412 0.1996 19.492
20050626 0.814 2.55 0.20709 18.096
20050627 0.015 5.268 0.20648 20.729
20050628 1.396 3.818 0.22455 22.546
20050629 25.264 3.154 0.25965 18.308
20050630 9.071 0.677 0.55125 15.029
20050701 6.076 3.613 0.50726 13.025
20050702 2.799 6.606 0.34639 14.508
20050703 0.126 7.226 0.32684 18.633
20050704 12.939 4.686 0.33912 15.042
20050705 0.082 4.727 0.4403 10.946
20050706 8.596 2.376 0.35921 11.863
20050707 7.058 2.204 0.3391 10.004
20050708 5.885 3.44 0.38099 11.137
20050709 0.104 4.564 0.6487 13.5
20050710 0.082 0.531 0.50697 17.279
20050711 0.972 2.257 0.35687 19.154
20050712 0.061 2.547 0.30017 19.008
20050713 0.018 1.137 0.25384 20.129
20050714 0.012 2.427 0.2419 21.321
20050715 0.066 2.82 0.20428 21.225
20050716 0.001 3.306 0.18544 18.929
20050717 0.005 2.072 0.18981 17.458
20050718 13.622 1.956 0.18202 18.4
20050719 2.151 0.713 0.18848 13.858
20050720 3.999 0.501 0.38376 12.825
20050721 0.463 3.022 0.26599 12.338
20050722 0.549 4.121 0.21159 12.554
20050723 1.2 4.794 0.21886 13.325
20050724 8.077 4.254 0.19213 14.375
20050725 4.328 3.65 0.22172 15.304
20050726 3.047 4.282 0.24003 14.271
20050727 1.403 4.674 0.23402 19.083
20050728 5.203 5.474 0.20952 20.8
20050729 16.065 4.994 0.20432 17.804
20050730 4.303 5.087 0.58021 13.7
20050731 5.751 0.788 0.54317 12.554
20050801 2.45 3.652 0.36425 14.054
20050802 0.049 2.441 0.37688 13.887
20050803 0.904 2.48 0.30625 13.933
20050804 0.057 2.551 0.25119 13.354
20050805 6.468 1.401 0.22223 12.733
20050806 0.59 1.076 0.22324 11.179
20050807 7.558 1.782 0.24923 9.879
20050808 5.199 2.673 0.27875 10.579
20050809 0.055 2.242 0.30874 12.617
20050810 0.377 0.546 0.26293 12.25
20050811 2.39 4.015 0.21512 13.396
20050812 0.679 4.443 0.2106 13.592
20050813 0.389 5.134 0.20585 13.479
20050814 26.84 4.888 0.26847 11.792
20050815 6.457 2.055 0.87683 11.375
20050816 0.058 3.857 0.78257 13.979
20050817 0.101 4.187 0.48452 16.05
20050818 0 2.781 0.31892 17.504
20050819 2.981 2.927 0.28508 15.925
20050820 0.687 0.29 0.26797 11.771
20050821 0.087 4.041 0.26233 13.658
20050822 0.34 4.085 0.2513 13.775
20050823 2.52 4.419 0.21758 13.467
20050824 0.091 4.87 0.21917 12.838
20050825 6.797 4.633 0.20848 11.571
20050826 1.341 2.408 0.21503 10.417
20050827 0.108 4.353 0.22268 12.396
20050828 0.034 4.603 0.2115 14.754
20050829 0.049 1.715 0.18002 17.583
20050830 0.013 1.309 0.18162 19.387
20050831 0.01 0.746 0.16002 21.383
20050901 0.062 1.444 0.15428 17.167
20050902 0.048 0.544 0.15293 16.583
20050903 0.021 0.962 0.15653 17.229
20050904 0.031 1.316 0.14825 17.808
20050905 0.077 0.53 0.14607 18.892
20050906 0.513 1.369 0.13716 17.279
20050907 0.022 1.265 0.13221 18.846
20050908 0.041 0.984 0.13748 19.271
20050909 10.902 0.916 0.13833 16.821
20050910 19.764 0.395 0.17253 16.404
20050911 3.087 0.854 1.02204 14.287
20050912 1.013 1.175 0.65783 13.379
20050913 0.084 1.475 0.35042 13.979
20050914 1.469 0.543 0.2495 13.279
20050915 12.443 0.918 0.22435 15.221
20050916 11.108 0.861 0.42826 10.029
20050917 0.115 0.995 0.6791 7.15
20050918 0.136 0.26 0.4144 7.892
20050919 0.057 0.566 0.29934 8.992
20050920 0.04 0.688 0.24862 11.025
20050921 0.04 1.763 0.23182 11.921
20050922 0.02 1.398 0.20297 12.562
20050923 0.009 2.126 0.17975 13.208
20050924 0.112 1.514 0.1762 12.912
20050925 0.538 1.408 0.17685 13.471
20050926 0.111 0.535 0.18752 11.975
20050927 1.785 2.139 0.17309 12.417
20050928 1.605 1.016 0.15818 10.054
20050929 5.397 1.78 0.16009 8.05
20050930 0.585 0.892 0.16812 7.975
20051001 9.988 1.948 0.19096 9.521
20051002 1.329 0.677 0.22012 7.867
20051003 0.078 1.058 0.24332 8.383
20051004 0.029 2.16 0.19046 9.075
20051005 0.106 1.607 0.17719 11.871
20051006 0.201 1.46 0.18479 12.717
20051007 0.087 0.957 0.15988 12.883
20051008 0.145 0.714 0.15836 11.5
20051009 0.178 1.246 0.15505 13.183
20051010 0.079 0.658 0.14468 14.379
20051011 0.094 2.151 0.14247 12.325
20051012 0.09 2.072 0.14335 12.592
20051013 0.047 1.315 0.1399 12.346
20051014 0.096 1.567 0.13894 12.833
20051015 0.053 1.882 0.13111 11.792
20051016 0.02 1.49 0.15019 11.162
20051017 0.002 1.133 0.13586 7.029
20051018 0.002 1.599 0.12881 6.963
20051019 2.175 1.424 0.14553 8.537
20051020 2.196 0.447 0.15548 9.963
20051021 15.271 0.767 0.17588 11.75
20051022 11.605 0.353 0.23173 11.458
20051023 3.094 0.4 0.49568 9.5
20051024 2.873 0.452 0.44642 8.85
20051025 4.116 0.72 0.39431 10.954
20051026 0.056 0.48 0.37868 12.517
20051027 0.113 0.456 0.35471 14.333
20051028 0.016 0.5 0.30654 14.033
20051029 0.236 1.373 0.28001 13.896
20051030 0.031 0.539 0.25812 13.683
20051031 1.13 0.676 0.25153 13.525
20051101 1.633 1.07 0.24124 9.054
20051102 5.258 1.016 0.24347 9.646
20051103 0.671 0.865 0.26082 11.967
20051104 6.739 0.621 0.26343 9.258
20051105 1.449 0.094 0.28588 5.388
20051106 0.078 0.279 0.29293 7.283
20051107 2.258 0.311 0.27094 6.821
20051108 0.024 0.026 0.28228 9.196
20051109 0.773 0 0.24957 7.796
20051110 1.109 0.187 0.25618 5.583
20051111 2.432 0.017 0.25598 6.25
20051112 0.253 0.187 0.26561 4.85
20051113 0.678 0.149 0.26944 6.704
20051114 0.202 0.012 0.25234 3.867
20051115 10.269 0.374 0.26482 3.337
20051116 3.61 0.21 0.36194 2.621
20051117 3.104 0.016 0.44343 1.092
20051118 0.094 0.176 0.44118 0.558
20051119 0.178 0.016 0.4102 -1.454
20051120 0.099 0.33 0.40313 0.004
20051121 1.971 0.03 0.35678 2.337
20051122 0.155 0.044 0.35082 -1.988
20051123 0.139 0.004 0.35557 -2.525
20051124 1.626 0 0.3478 -1.654
20051125 1.122 0.044 0.34949 -2.996
20051126 0.49 0.18 0.37458 -2.788
20051127 2.039 0.192 0.37294 -1.3
20051128 2.644 0.016 0.42932 -0.65
20051129 1.457 0 0.5362 -0.775
20051130 0.229 0.319 0.50132 -1.692
20051201 0.46 0.491 0.46012 -3.096
20051202 5.599 0.416 0.45432 0.554
20051203 5.403 0.21 0.5445 3.633
20051204 8.157 0.247 1.12559 4.646
20051205 0.979 0.252 1.67726 2.825
20051206 2.428 0.483 1.5849 1.517
20051207 2.343 0.042 1.38485 1.875
20051208 1.253 0 1.26441 0.629
20051209 0.126 0 1.10594 0.042
20051210 0.063 0.231 0.9639 -1.717
20051211 0.106 0.021 0.84112 -0.412
20051212 0.486 0 0.7767 1.587
20051213 0.001 0 0.71957 1.904
20051214 2.913 0 0.68396 1.708
20051215 0.875 0 0.6889 2.562
20051216 17.451 0 1.0944 3.2
20051217 0.852 0 2.07072 -1.929
20051218 1.105 0 1.79289 -2.008
20051219 2.276 0 1.58767 -1.538
20051220 1.248 0 1.54274 -0.9
20051221 1.098 0 1.44 -0.704
20051222 5.8 0 1.37572 -0.208
20051223 0.631 0 1.52404 1.421
20051224 0.493 0 1.60778 2.5
20051225 0.551 0 1.56582 0.971
20051226 1.459 0 1.46567 -1.554
20051227 0.015 0.187 1.39102 -5.438
20051228 0.02 0.017 1.26614 -5.454
20051229 0.385 0 1.13251 -6.529
20051230 0.002 0 0.98642 -5.725
20051231 8.646 0 1.05215 1.821
20060101 0.94 0 1.68104 0.812
20060102 0.249 0 1.73655 0.617
20060103 0.076 0 1.55961 -1.462
20060104 0.17 0 1.46311 -2.854
20060105 0.006 0.143 1.37412 -3.092
20060106 0.263 0.013 1.29587 -2.954
20060107 0.029 0 1.13407 -1.783
20060108 0.046 0.275 1.05052 -1.5
20060109 0.072 0.025 1.00307 0.979
20060110 0.083 0 0.89021 0.371
20060111 4.602 0 0.80978 -0.979
20060112 0.177 0.363 0.88272 0.15
20060113 0.037 0.033 0.85201 -2.688
20060114 0.121 0 0.76858 -1.608
20060115 0.041 0 0.71066 -4.521
20060116 0.252 0 0.63562 -1.725
20060117 11.83 0 0.67408 1.758
20060118 1.195 0.044 1.19878 2.038
20060119 0.189 0.092 1.2832 2.025
20060120 4.298 0.151 1.0899 3.888
20060121 3.124 0.431 1.23469 1.458
20060122 0.081 0.412 1.29578 -1.008
20060123 0.015 0.452 1.18892 -4.358
20060124 0.001 0.588 1.0775 -2.871
20060125 0.346 0.6 1.02303 -3.688
20060126 0.217 0.325 0.99848 -5.188
20060127 0.004 0.718 0.92736 -8.596
20060128 0.04 0.569 0.79551 -3.029
20060129 0.041 0.97 0.77148 1.054
20060130 0.021 1.008 0.74167 -0.446
20060131 0.048 0.414 0.66802 1.867
20060201 0.051 1.724 0.62516 2.871
20060202 0.037 2.398 0.53523 -2.146
20060203 0.002 1.535 0.54891 -5.537
20060204 0.152 0.583 0.57929 -1.288
20060205 1.76 0.416 0.56844 -0.933
20060206 1.394 0.54 0.54763 0.908
20060207 1.977 0.332 0.53955 1.029
20060208 7.708 0.301 0.72333 0.562
20060209 1.675 0.663 1.04627 -1.592
20060210 1.526 0.344 0.91816 -1.471
20060211 0.45 0.488 0.78462 -1.671
20060212 0.332 0.317 0.71788 -2.279
20060213 2.15 1.411 0.66478 -2.321
20060214 1.199 0.126 0.7074 0.812
20060215 15.541 1.562 0.95157 3.067
20060216 12.541 1.33 2.60845 3.517
20060217 4.274 0.108 4.16968 2.108
20060218 9.472 0.231 3.70948 1.392
20060219 0.709 0.296 3.69772 2.892
20060220 1.434 0.025 3.19113 1.725
20060221 2.754 0.231 2.83268 -0.417
20060222 0.016 0.439 2.50225 -0.825
20060223 0.056 0.038 2.15829 -2.954
20060224 0.07 0.462 1.94155 -1.1
20060225 0 1.098 1.7584 -1.85
20060226 0.009 1.24 1.58008 -5.117
20060227 0.587 1.028 1.404 -3.25
20060228 3.749 0.678 1.34523 -2.263
20060301 2.869 0.054 1.36836 -4.417
20060302 0.797 0.836 1.25253 -4.1
20060303 3.017 1.451 1.16514 -3.362
20060304 1.165 1.225 1.11413 -4.821
20060305 0.744 0.518 1.02121 -3.867
20060306 2.355 0.643 0.95321 -3.342
20060307 1.636 1.76 0.92009 -1.667
20060308 14.728 0.793 0.9895 1.5
20060309 9.394 1.895 3.42088 4.246
20060310 7.71 0.398 5.98484 0.721
20060311 4.148 1.572 6.38739 -2.008
20060312 1.56 1.516 4.95545 -7.221
20060313 0.33 0.543 3.74904 -5.079
20060314 0.24 1.138 3.07629 -1.625
20060315 0.002 2.157 2.62917 0.304
20060316 0 1.749 2.28278 -2.125
20060317 0 1.066 2.00531 -0.879
20060318 0 0.766 1.79773 0.688
20060319 0.063 0.711 1.63618 3.196
20060320 0.578 0.609 1.54537 4.792
20060321 3.531 0.38 1.46327 -0.238
20060322 0.871 0.954 1.45314 -0.633
20060323 0.008 1.965 1.31706 1.579
20060324 11.045 2.327 1.20584 4.588
20060325 7.594 1.989 1.58148 8.146
20060326 3.078 2.825 2.03114 10.175
20060327 5.47 3.861 2.16976 10.688
20060328 3.006 3.266 2.20455 5.721
20060329 2.657 1.785 2.02426 4.729
20060330 15.558 2.294 2.14655 8.417
20060331 7.711 0.559 3.28457 8.283
20060401 6.375 3.883 3.64538 7.579
20060402 2.354 4.376 3.75892 6.737
20060403 10.374 4.04 3.47103 4.042
20060404 0.107 4.283 3.71371 2.892
20060405 0.04 4.396 3.26192 0.371
20060406 0.087 4.074 2.82042 2.362
20060407 0.015 3.824 2.42845 3.667
20060408 1.582 2.924 2.15341 4.4
20060409 0.037 2.943 1.95478 3.429
20060410 0.015 0.708 1.73781 2.758
20060411 0.541 2.979 1.56362 2.392
20060412 1.627 0.553 1.44925 4.179
20060413 3.635 1.214 1.36512 5.008
20060414 3.151 1.439 1.36854 7.371
20060415 3.136 0.352 1.3117 8.567
20060416 12.457 1.77 1.51666 7.717
20060417 1.567 1.402 2.03985 7.254
20060418 0.033 1.532 1.65618 5.362
20060419 0.051 2.472 1.42994 6.188
20060420 0.009 1.049 1.31465 8.117
20060421 0.035 2.826 1.20762 12.321
20060422 0.004 2.681 1.11438 7.879
20060423 0.076 3.07 1.01984 8.008
20060424 0.011 4.065 0.95836 12.5
20060425 3.596 1.314 0.92822 12.879
20060426 0.774 1.738 1.30214 9.346
20060427 0.045 0.876 0.95692 7.983
20060428 0.03 1.309 0.81414 6.213
20060429 0.086 2.962 0.75024 3.167
20060430 2.058 0.721 0.7191 0.496
20060501 3.365 1.142 0.70488 4.812
20060502 0.078 1.794 0.71935 11.042
20060503 0.018 0.528 0.69034 16.317
20060504 0 0.584 0.61715 17.208
20060505 9.414 1.381 0.653 15.367
20060506 0.124 3.707 1.19884 14.779
20060507 0.01 4.506 0.92783 14.129
20060508 4.22 4.098 0.70366 11.588
20060509 4.196 3 0.68558 9.933
20060510 2.796 0.748 0.794 11.271
20060511 0.162 1.839 0.80937 15.458
20060512 4.382 4.332 0.65732 15.767
20060513 13.386 1.853 0.72983 11.425
20060514 0.019 3.115 1.02168 9.271
20060515 0.071 5.54 0.91323 13.312
20060516 10.726 5.935 0.7407 14.037
20060517 0.26 2.19 0.89622 13.662
20060518 7.691 3.311 1.01642 13.921
20060519 9.611 3.686 1.02587 9.071
20060520 14.505 0.76 1.21595 8.408
20060521 3.636 1.878 2.04385 10.525
20060522 6.422 3.148 1.90163 11.438
20060523 4.109 2.658 1.75644 6.963
20060524 2.55 3.11 1.47586 7.121
20060525 12.75 2.826 1.50986 8.675
20060526 18.917 3.346 2.39546 11.633
20060527 11.436 3.22 3.92256 12.617
20060528 1.31 3.028 4.17145 11.496
20060529 13.371 3.012 4.00943 6.721
20060530 7.837 5.289 4.47412 4.412
20060531 2.777 0.733 3.91865 5.004
20060601 5.577 5.712 3.35761 4.967
20060602 0.044 3.817 3.08079 7.283
20060603 0.067 4.48 2.55206 11.425
20060604 0.009 2.767 2.21492 10.075
20060605 0.055 2.879 1.93354 10.892
20060606 0.003 1.166 1.68743 10.1
20060607 0.019 2.79 1.48853 12.954
20060608 0.001 3.051 1.32804 15.258
20060609 0.005 1.861 1.18438 16.837
20060610 0.001 0.707 1.06117 18.842
20060611 0 1.195 0.96048 20.108
20060612 0.001 1.16 0.86276 19.887
20060613 0.17 4.133 0.73472 22.312
20060614 6.272 3.898 0.73775 20.113
20060615 3.171 4.446 0.77672 14.933
20060616 0.012 6.062 0.83428 13.442
20060617 0.005 6.072 0.71552 15.942
20060618 5.326 4.168 0.62939 19.225
20060619 13.32 2.027 0.75501 18.746
20060620 0.045 0.66 1.18195 17.392
20060621 1.183 4.182 0.70155 15.188
20060622 0.337 4.457 0.62568 10.796
20060623 0.013 4.958 0.53066 12.983
20060624 0 5.917 0.45554 18.171
20060625 1.682 6.33 0.45176 18.75
20060626 0.469 3.83 0.4779 15.067
20060627 4.569 3.413 0.42714 14.812
20060628 0.022 3.22 0.46778 15.196
20060629 1.399 4.854 0.43625 16.996
20060630 0.006 0.549 0.39627 19.538
20060701 0.001 1.937 0.37472 21.058
20060702 0.001 0.725 0.33962 20.333
20060703 0.005 2.019 0.32078 20.613
20060704 0 3.391 0.3166 23.337
20060705 0.521 2.261 0.2986 20.8
20060706 4.394 2.885 0.29722 17.95
20060707 2.121 5.746 0.29338 17.229
20060708 0.36 3.888 0.30791 16.642
20060709 0.95 1.738 0.27171 18.167
20060710 0.006 0.405 0.26388 18.812
20060711 0.183 4.106 0.25729 21.171
20060712 0.005 3.715 0.2435 20.288
20060713 0.009 0.766 0.24322 21.2
20060714 0 1.098 0.23258 17.825
20060715 0 2.846 0.22405 18.175
20060716 0 2.406 0.21971 20.317
20060717 0.01 3.265 0.20545 21.883
20060718 0 4.547 0.19854 23.775
20060719 0.015 5.668 0.19348 25.904
20060720 0 0.986 0.19152 23.308
20060721 0.038 2.433 0.18877 24.408
20060722 11.988 3.066 0.18259 21.771
20060723 0.875 1.821 0.24878 19.771
20060724 0.02 2.991 0.25186 21.592
20060725 0 2.052 0.22376 24.387
20060726 0.002 4.013 0.20027 26.104
20060727 0.206 5.85 0.18778 21.583
20060728 9.331 6.055 0.1791 19.738
20060729 0.147 4.036 0.19915 19.975
20060730 5.97 2.202 0.24826 18.958
20060731 0.868 0.776 0.21571 16.671
20060801 1.91 3.762 0.20437 14.646
20060802 5.089 3.186 0.19557 12.704
20060803 5.996 2.646 0.22565 12.046
20060804 28.731 2.285 0.31682 13.458
20060805 4.426 1.156 0.79294 15.617
20060806 0.114 3.124 0.5497 16.3
20060807 5.362 2.795 0.3454 16.525
20060808 6.066 2.528 0.36214 14.158
20060809 2.291 1.639 0.3452 12.863
20060810 1.815 0.361 0.3019 11.154
20060811 15.648 1.583 0.31808 10.037
20060812 5.724 2.617 0.47419 10.5
20060813 3.252 4.163 0.4244 11.283
20060814 21.669 4.901 0.38318 11.117
20060815 1.722 4.351 1.18681 13.483
20060816 4.377 5.264 1.03626 15.004
20060817 2.182 5.077 0.74207 16.217
20060818 9.798 4.359 0.52353 15.133
20060819 3.477 1.876 0.48562 15.162
20060820 10.118 0.6 0.63542 13.221
20060821 10.514 1.692 0.73976 12.779
20060822 0.719 1.668 1.09125 12.796
20060823 0.154 1.381 0.8208 14.162
20060824 23.797 2.72 0.6941 12.5
20060825 24.7 2.943 3.26682 12.554
20060826 0.544 1.159 4.91225 12.963
20060827 2.223 1.546 2.76732 13.412
20060828 10.303 1.464 2.02867 10.379
20060829 8.501 2.783 1.98855 9.137
20060830 0.728 2.255 1.9478 9.933
20060831 0.035 0.502 1.56573 11.725
20060901 0.012 4.242 1.27033 15.946
20060902 0 4.376 1.0535 16.092
20060903 1.385 1.925 0.92428 16.983
20060904 0.012 2.661 0.76203 16.488
20060905 0.035 2.704 0.7054 16.762
20060906 0.099 2.194 0.55413 20.137
20060907 0.71 3.028 0.55877 14.946
20060908 0.04 2.316 0.45513 11.867
20060909 0.03 1.573 0.45761 13.567
20060910 0.004 0.687 0.43846 16.933
20060911 0.023 3.351 0.35417 19
20060912 0.091 4.018 0.35973 20.192
20060913 0.016 2.351 0.34605 19.554
20060914 0.003 2.196 0.3319 18.721
20060915 0.13 2.339 0.33561 17.371
20060916 0.027 2.451 0.3141 16.846
20060917 0.023 2.955 0.30686 15.242
20060918 4.587 2.549 0.31678 14.113
20060919 1.436 1.903 0.33394 11.363
20060920 0.165 0.385 0.31662 12.025
20060921 0.125 0.703 0.29246 16.967
20060922 0.032 1.437 0.2862 17.779
20060923 0.041 2.831 0.27081 18.229
20060924 0.807 0.752 0.26456 16.796
20060925 0.99 0.365 0.26053 13.662
20060926 0.352 0.623 0.2574 12.729
20060927 0.104 2.21 0.27371 12.771
20060928 0.017 2.957 0.25855 13.787
20060929 0.161 3.232 0.24854 14.575
20060930 1.617 0.909 0.24561 14.2
20061001 1.149 1.895 0.24262 13.983
20061002 0.185 0.948 0.25117 11.95
20061003 5.366 1.127 0.25108 10.554
20061004 4.69 1.328 0.26795 8.55
20061005 2.405 0.398 0.28472 9.208
20061006 9.917 1.126 0.29822 11.796
20061007 0.836 1.024 0.308 9.279
20061008 0.084 2.108 0.31185 9.238
20061009 0.055 2.109 0.30724 11.896
20061010 3.403 0.901 0.24874 14.767
20061011 0.129 0.297 0.2588 13.9
20061012 1.14 0.802 0.24847 13.004
20061013 0.05 0.621 0.24887 12.738
20061014 0.029 0.688 0.24014 11.942
20061015 0.215 0.564 0.23231 10.021
20061016 0.06 0.552 0.21532 11.008
20061017 0.034 0.552 0.21096 10.35
20061018 0.117 0.684 0.20878 12.042
20061019 2.556 1.246 0.20655 12.062
20061020 4.844 0.196 0.21631 11.725
20061021 1.663 0.327 0.22212 11.7
20061022 2.423 0.579 0.22518 12.429
20061023 16.56 0.468 0.245 13.717
20061024 9.152 0.269 0.38153 10.142
20061025 0.181 0.945 0.56632 10.213
20061026 0.017 1.239 0.47108 15.729
20061027 0.282 1.249 0.36252 13.354
20061028 0.627 1.391 0.31338 12.296
20061029 1.279 0.304 0.28411 11.517
20061030 0.095 0.336 0.29603 8.942
20061031 1.715 0.161 0.23722 8.308
20061101 3.921 0.518 0.26766 3.654
20061102 1.252 0.596 0.27274 1.621
20061103 0.775 0.325 0.2693 3.333
20061104 0.021 0.399 0.26906 4.592
20061105 0 0.584 0.25333 4.321
20061106 0.015 0.281 0.24962 4.725
20061107 0.123 0.153 0.24739 5.708
20061108 2.134 0.287 0.24662 5.904
20061109 2.343 0.157 0.25722 6.625
20061110 0.152 0.243 0.25362 3.487
20061111 8.148 0.527 0.25155 4.967
20061112 2.622 0.376 0.29774 4.671
20061113 5.345 0.492 0.36306 6.854
20061114 4.474 0.174 0.35874 9.942
20061115 0.12 0.144 0.42993 9.938
20061116 1.684 0.1 0.40876 11.846
20061117 6.147 0.14 0.39762 8.421
20061118 1.783 0.056 0.44737 5.912
20061119 13.582 0.51 0.6277 4.763
20061120 9.024 0.277 1.01603 4.479
20061121 6.75 0.153 1.39102 5.283
20061122 2.067 0.562 1.69067 2.779
20061123 14.2 0.281 1.46637 7.842
20061124 1.638 0.252 2.18966 8.717
20061125 1.845 0.351 2.07331 11.512
20061126 0.179 0.305 1.7759 8.05
20061127 0.844 0.157 1.48826 9.354
20061128 1.174 0.056 1.32874 9.637
20061129 0.188 0.048 1.1932 5.879
20061130 0.27 0.235 1.02688 3.367
20061201 0.024 0.197 0.95686 5.358
20061202 0.448 0.346 0.89849 6.771
20061203 7.058 0.261 0.82845 7.346
20061204 12.813 0.307 0.97852 7.129
20061205 6.182 0.026 1.75057 10.071
20061206 0.281 0 1.75626 5.9
20061207 8.237 0 1.70852 5.112
20061208 14.601 0 2.27039 6.175
20061209 0.834 0 3.16485 3.408
20061210 0.104 0 2.67824 1.625
20061211 8.001 0 2.27077 2.225
20061212 4.5 0.088 2.626 3.629
20061213 0.153 0.195 2.56284 3.933
20061214 0.016 0.105 2.1584 4.329
20061215 0.116 0.008 1.94553 4.517
20061216 8.487 0 1.78425 3.9
20061217 0.638 0 2.01969 1.3
20061218 0.256 0 1.78051 0.412
20061219 0.041 0 1.56438 -0.179
20061220 0.137 0.132 1.42081 0.271
20061221 0.048 0.199 1.32379 2.487
20061222 0.076 0.336 1.25123 1.233
20061223 0.197 0.216 1.13661 0.717
20061224 0.109 0.292 1.07206 2.879
20061225 0.1 0.443 1.0078 2.142
20061226 0.048 0.5 0.94918 -2.546
20061227 0.002 0.328 0.89388 -3.258
20061228 0.382 0.257 0.84708 -1.754
20061229 0.256 0.252 0.81382 1.55
20061230 10.64 0.109 0.80435 4.287
20061231 6.826 0.096 1.06583 6.642
20070101 6.855 0.371 1.46509 4.983
20070102 10.078 0.264 1.95388 2.058
20070103 0.39 0.021 2.07362 3.204
20070104 7.944 0 2.162 4.754
20070105 4.276 0 2.43394 5.25
20070106 8.891 0 2.50382 7.983
20070107 0.285 0 3.1235 4.737
20070108 5.722 0 2.97839 6.458
20070109 2.363 0 3.04461 9.333
20070110 5.245 0 2.81423 7.221
20070111 9.874 0 2.80631 4.2
20070112 0.712 0 3.39671 5.775
20070113 0.82 0 2.97283 7.492
20070114 0.995 0 2.64413 3.987
20070115 0.247 0.044 2.34945 1.329
20070116 0.069 0.004 2.08908 3.504
20070117 18.055 0 1.97271 7.158
20070118 26.013 0.143 5.21602 9.446
20070119 10.322 0.288 8.64009 9.154
20070120 5.284 0.212 7.4311 7.454
20070121 2.209 0.149 5.83729 3.421
20070122 0.311 0.012 4.66889 0.888
20070123 0.018 0 3.76094 -4.283
20070124 0.006 0 3.12572 -4.775
20070125 0.05 0.044 2.63489 -5.408
20070126 0.085 0.235 2.245 -4.979
20070127 2.94 0.153 2.05178 0.604
20070128 3.556 0.012 2.01591 1.246
20070129 1.822 0 2.0232 3.958
20070130 0.785 0 2.00651 4.058
20070131 0.349 0 1.80279 3.05
20070201 2.444 0.418 1.71272 5.242
20070202 0.194 0.126 1.65638 5.838
20070203 0.023 0.008 1.55675 2.525
20070204 0.178 0 1.46083 2.996
20070205 0.701 0 1.39203 0.862
20070206 1.288 0 1.36881 -0.029
20070207 2.493 0.55 1.3644 -1.9
20070208 4.699 0.556 1.32631 0.038
20070209 0.443 0.046 1.53286 2.204
20070210 2.441 0 1.438 3.858
20070211 15.117 0 1.55077 5.142
20070212 16.83 0 2.82877 5.058
20070213 6.248 0 4.45858 4
20070214 11.744 0 5.23327 3.879
20070215 0.012 0 5.66971 4.367
20070216 0.058 0 4.67345 6.208
20070217 0 0 3.81082 5.388
20070218 0.035 0 3.09555 4.371
20070219 0.047 0.737 2.60739 3.317
20070220 0.056 0.298 2.28584 5.308
20070221 1.805 0.846 2.00545 5.058
20070222 0.14 0.9 1.81174 4.779
20070223 2.059 1.131 1.63631 6.708
20070224 7.761 1.196 1.58238 6.025
20070225 15.122 0.969 1.89929 4.633
20070226 14.942 1.135 3.27627 3.833
20070227 5.03 0.558 4.23799 4.017
20070228 9.61 0.317 4.10681 6.338
20070301 14.11 0.3 5.6448 5.271
20070302 2.739 0.85 6.36529 3.696
20070303 6.515 1.263 5.36805 4.383
20070304 0.11 1.164 4.68702 6.375
20070305 4.88 0.272 3.87092 6.525
20070306 8.329 1.292 3.49956 5.433
20070307 3.179 1.172 3.53347 4.829
20070308 0.087 1.977 3.40713 4.642
20070309 7.569 1.271 2.78932 3.525
20070310 0.069 0.562 2.86364 3.779
20070311 0.005 0.636 2.45403 5.75
20070312 0.071 2.122 2.20981 7.808
20070313 0.055 2.531 2.02352 6.925
20070314 0.068 2.457 1.83782 6.175
20070315 0.052 2.635 1.67002 7.333
20070316 0.098 2.608 1.54494 5.362
20070317 0.935 2.824 1.44101 5.688
20070318 9.061 2.58 1.43316 3.904
20070319 4.016 1.962 1.75309 -0.812
20070320 4.768 0.566 1.64239 0.042
20070321 5.056 3.612 1.63944 -0.133
20070322 6.662 3.174 1.96132 0.346
20070323 3.726 3.196 2.329 0.267
20070324 2.79 2.379 2.41418 2.013
20070325 0.283 1.292 2.34896 5.442
20070326 0.024 2.707 2.19269 8.258
20070327 0.019 2.844 1.92933 7.946
20070328 1.828 2.118 1.74924 8.825
20070329 4.153 2.184 1.66325 6.912
20070330 0.916 3.252 1.7264 5.875
20070331 3.529 0.829 1.51288 6.454
20070401 0.041 0.688 1.41214 9.358
20070402 0.01 1.29 1.28329 9.654
20070403 0.284 2.543 1.14471 4.963
20070404 0.009 2.696 1.08189 4.008
20070405 0.02 1.193 0.96892 6.446
20070406 0.079 0.088 0.93087 10.642
20070407 0.006 0 0.84154 6.204
20070408 0.081 0 0.79202 7.833
20070409 0.032 0 0.75146 9.533
20070410 0.022 0.088 0.69752 9.312
20070411 0.055 2.021 0.65891 10.537
20070412 0.001 4.033 0.63126 13.517
20070413 0 5.531 0.63398 16.196
20070414 0 5.564 0.53912 18.467
20070415 0 5.688 0.5582 18.913
20070416 0 5.887 0.52803 19.113
20070417 0.001 5.266 0.50519 11.142
20070418 0.005 2.502 0.49457 6.562
20070419 0.013 2.256 0.47259 9.512
20070420 0.01 0.694 0.45464 8.279
20070421 0.022 2.521 0.44811 8.729
20070422 0.002 3.756 0.43418 13.279
20070423 0.013 3.995 0.418 15.758
20070424 0 3.183 0.4036 16.692
20070425 0 1.139 0.39514 18.921
20070426 0 1.642 0.39078 17.663
20070427 0 4.135 0.36794 17.933
20070428 0.704 3.212 0.35539 17.375
20070429 5.252 1.271 0.3611 15.308
20070430 0.031 0.367 0.36063 12.854
20070501 0 3.38 0.39717 12.367
20070502 0 3.517 0.34328 11.417
20070503 0 6.023 0.31925 12.887
20070504 0.346 3.777 0.31352 12.408
20070505 0.132 2.177 0.31212 12.342
20070506 0.019 4.703 0.3082 12.263
20070507 14.087 4.438 0.30485 10.908
20070508 3.906 1.334 0.34985 10.258
20070509 24.302 3.751 0.48652 10.096
20070510 0.031 0.795 0.86476 13.333
20070511 2.864 2.847 0.60676 10.271
20070512 5.871 2.18 0.46334 10.863
20070513 6.612 1.737 0.44566 12.3
20070514 2.503 2.243 0.55728 10.838
20070515 6.045 3.865 0.6395 8.308
20070516 10.436 1.852 0.50373 8.463
20070517 7.543 1.7 0.76597 8.933
20070518 0.443 1.022 0.82618 12.137
20070519 3.032 2.841 0.65981 12.408
20070520 2.812 0.933 0.56682 14.15
20070521 0.044 1.206 0.54493 17.367
20070522 0.662 3.954 0.45315 16.596
20070523 0.047 1.78 0.45691 14.204
20070524 5.937 2.286 0.38207 17.7
20070525 6.129 4.178 0.49738 18.508
20070526 4.245 3.937 0.57863 14.817
20070527 3.96 4.593 0.61031 11.321
20070528 1.386 2.456 0.635 8.808
20070529 1.657 4.456 0.52409 7.213
20070530 1.395 5.514 0.46116 10.067
20070531 3.345 1.115 0.42736 12.454
20070601 11.601 2.446 0.43101 11.058
20070602 0.042 3.836 0.58378 15.037
20070603 0 5.466 0.54963 16.071
20070604 0.075 2.304 0.44032 15.571
20070605 0.012 4.523 0.41967 16.892
20070606 0.005 4.708 0.367 17.762
20070607 2.344 3.549 0.35782 18.488
20070608 9.98 5.512 0.35986 18.992
20070609 10.911 3.181 0.68238 16.658
20070610 2.527 0.389 0.87608 16.275
20070611 0.452 3.907 0.67887 17.337
20070612 0.104 6.041 0.52682 15.021
20070613 0.313 2.541 0.48404 15.708
20070614 5.896 4.771 0.46357 17.104
20070615 1.576 6.192 0.47644 15.033
20070616 8.19 4.925 0.46019 12.5
20070617 4.824 3.249 0.42782 14.554
20070618 2.007 1.953 0.49284 15.379
20070619 0.455 4.466 0.41731 19.825
20070620 7.012 0.81 0.41387 17.121
20070621 1.756 5.681 0.48346 15.392
20070622 3.103 4.495 0.40995 12.879
20070623 4.555 5.95 0.41659 12.642
20070624 9.081 5.744 0.41875 14.354
20070625 7.524 5.514 0.73814 13.312
20070626 16.481 2.339 1.59865 9.167
20070627 2.523 3.79 1.65845 9.108
20070628 1.894 6.379 1.40641 10.904
20070629 6.07 2.937 1.14007 11.758
20070630 0.306 0.723 1.05412 13.829
20070701 0.21 2.477 0.97513 15.721
20070702 6.886 2.465 0.79281 13.417
20070703 13.032 1.722 0.95625 10.929
20070704 8.551 1.788 1.39288 10.946
20070705 9.243 4.374 2.08991 11.537
20070706 1.585 4.014 2.21085 12.258
20070707 0.012 4.862 1.8718 11.754
20070708 3.904 3.987 1.52726 13.05
20070709 5.269 5.638 1.39358 10.596
20070710 2.136 0.901 1.32032 10.408
20070711 2.262 4.812 1.22171 10.317
20070712 1.249 6.341 1.04513 12.15
20070713 1.566 7.192 0.96143 17.738
20070714 0.011 7.348 0.85795 20.65
20070715 0.013 6.52 0.71338 22.712
20070716 2.296 2.506 0.64478 20.783
20070717 1.817 4.359 0.60532 15.871
20070718 0.083 6.617 0.57132 16.746
20070719 0.95 4.648 0.52657 15.392
20070720 18.806 1.053 0.86519 15.554
20070721 0.417 4.242 1.19992 14.454
20070722 0.14 4.23 0.80066 12.892
20070723 1.658 3.144 0.63209 13.296
20070724 6.406 3.917 0.60235 12.45
20070725 0.038 2.852 0.58378 14.554
20070726 0.09 2.341 0.52688 16.562
20070727 0.373 3.954 0.47187 15.442
20070728 8.087 4.016 0.45567 14.642
20070729 7.271 1.94 0.49601 11.688
20070730 0.514 3.677 0.56428 10.579
20070731 0.047 0.596 0.51329 10.854
20070801 0.007 5.206 0.3949 14.504
20070802 8.585 5.652 0.41623 14.608
20070803 0.054 5.652 0.45328 13.967
20070804 0.013 5.608 0.44546 17.529
20070805 0.005 6.022 0.35188 20.421
20070806 3.088 5.312 0.33624 18.542
20070807 0.543 5.662 0.35165 14.354
20070808 1.789 5.887 0.34405 12.246
20070809 19.001 5.574 0.37532 10.942
20070810 1.822 0.781 0.56968 13.387
20070811 0.155 5.54 0.53838 14.058
20070812 1.194 5.451 0.41427 15.167
20070813 0.257 3.805 0.41105 14.054
20070814 2.567 5.398 0.3618 15.833
20070815 22.115 4.907 0.3595 16.429
20070816 5.253 2.56 0.7515 12.55
20070817 0.849 0.702 0.91656 11.125
20070818 0.042 1.971 0.59346 12.438
20070819 5.322 3.794 0.44469 13.792
20070820 4.506 0.505 0.45346 11.175
20070821 26.142 2.26 0.60437 12.083
20070822 26.659 2.866 5.27236 13.092
20070823 0.418 4.51 5.48003 13.783
20070824 1.519 4.744 2.93612 16.55
20070825 0.138 4.664 2.15935 17.613
20070826 0.182 2.643 1.65208 16.396
20070827 0.006 2.724 1.36445 12.65
20070828 0.057 0.735 1.1479 10.863
20070829 0 1.74 1.01007 10.646
20070830 0.084 2.31 1.02888 11
20070831 1.493 0.57 0.74678 12.604
20070901 0.29 2.421 0.65578 13.296
20070902 0.009 3.836 0.6343 12.504
20070903 15.745 4.641 0.82845 11.054
20070904 1.854 3.56 0.98415 8.296
20070905 1.722 1.663 0.76779 8.308
20070906 1.6 2.6 0.67169 12.588
20070907 0.917 2.7 0.61578 11.996
20070908 0.029 3.162 0.58414 12.762
20070909 0.185 1.048 0.54061 11.338
20070910 2.5 0.533 0.5243 9.637
20070911 1.489 0.922 0.51635 10.179
20070912 0.014 3.105 0.531 10.408
20070913 0.102 3.85 0.44813 11.167
20070914 0.162 3.713 0.44501 12.825
20070915 0.096 3.476 0.41998 11.833
20070916 0.055 3.819 0.39283 13.754
20070917 6.764 4.127 0.40489 12.246
20070918 5.49 4.284 0.45758 7.033
20070919 0.124 4.12 0.50983 7.033
20070920 0.01 0.628 0.43153 9.421
20070921 0.006 3.469 0.3836 11.367
20070922 0.012 1.743 0.34492 14.479
20070923 0.007 2.33 0.34945 14.792
20070924 3.026 3.775 0.35294 11.171
20070925 0.29 2.8 0.34222 8.25
20070926 3.292 1.93 0.3454 7.221
20070927 19.169 1.948 0.35129 7.458
20070928 6.699 1.593 0.77051 9.204
20070929 4.95 2.781 0.96055 9.188
20070930 0.092 0.835 0.65736 10.746
20071001 1.133 1.792 0.51505 12.667
20071002 5.217 1.126 0.57578 15.092
20071003 0.208 1.012 0.79229 14.846
20071004 0.12 1.14 0.64832 13.475
20071005 0.043 0.415 0.53543 10.558
20071006 0.17 0.491 0.47835 9.142
20071007 0.138 1.054 0.4401 9.45
20071008 0.138 0.51 0.42266 9.921
20071009 4.922 0.269 0.40122 9.021
20071010 3.537 0.34 0.43454 8.896
20071011 0.234 2.053 0.47738 9.429
20071012 0.006 2.065 0.42453 9
20071013 0.044 2.47 0.38662 9.708
20071014 0.082 2.86 0.36902 10.096
20071015 0.016 2.76 0.3537 10.992
20071016 0.024 2.792 0.36045 10.371
20071017 3.202 2.07 0.3388 9.025
20071018 0.389 1.685 0.36243 5.521
20071019 0.09 1.062 0.31939 4.671
20071020 0.125 0.546 0.33991 2.788
20071021 1.607 0.636 0.31806 3.362
20071022 0.108 0.054 0.31995 2.171
20071023 0.109 0 0.31482 1.663
20071024 0.087 0.088 0.31189 2.379
20071025 0 0.052 0.30632 5.537
20071026 0 0.598 0.30224 5.275
20071027 0 1.341 0.29682 4.817
20071028 0 0.392 0.28706 4.175
20071029 23.704 0.025 0.30029 5.463
20071030 2.891 0.044 0.92426 5.138
20071031 0.232 0.136 0.94345 4.808
20071101 0.132 0.43 0.57551 6.85
20071102 0.436 0.588 0.46116 8.558
20071103 1.816 0.512 0.45626 9.071
20071104 0.041 1.417 0.44428 6.237
20071105 0.967 1.599 0.41765 5.308
20071106 7.07 1.696 0.43427 4.733
20071107 1.321 1.198 0.49592 4.496
20071108 10.937 0.965 0.52103 6.429
20071109 13.394 0.86 1.36647 0.433
20071110 12.047 0.533 2.65799 4.354
20071111 6.362 0.273 3.42245 5.213
20071112 0.398 0.208 3.3372 1.567
20071113 11.753 0.193 2.64364 0.967
20071114 1.962 0.291 3.41374 -0.233
20071115 0.6 0.113 2.95168 -2.163
20071116 0.176 0.096 2.35805 -1.804
20071117 0.084 0.008 1.97581 0.608
20071118 0.161 0.044 1.7199 0.267
20071119 1.68 0.235 1.54449 0.375
20071120 2.201 0.615 1.45289 5.204
20071121 2.706 0.879 1.37104 6.946
20071122 0.062 0.9 1.25586 6.996
20071123 1.206 0.581 1.13373 3.621
20071124 0.479 0.134 1.01257 0.262
20071125 3.91 0.514 0.94219 2.362
20071126 4.032 0.376 1.0163 1.183
20071127 1.82 0.162 1.06997 1.654
20071128 0.034 0.012 1.08668 0.692
20071129 3.496 0.187 1.00202 0.175
20071130 1.151 0.567 1.07586 3.192
20071201 10.151 0.512 1.39423 4.671
20071202 20.215 0.636 1.94944 5.583
20071203 12.247 0.56 5.55476 3.45
20071204 2.537 0.134 5.69381 3.6
20071205 3.595 0.008 4.63376 7.017
20071206 14.761 0 4.03612 6.65
20071207 11.379 0 6.37974 6.429
20071208 3.394 1.1 6.73623 1.9
20071209 8.247 0.1 5.51468 4.142
20071210 11.176 0 5.54564 3.221
20071211 4.067 0.55 5.90674 1.729
20071212 0.099 0.281 5.3773 0.496
20071213 0.033 0.395 4.41421 1.258
20071214 0.027 0.265 3.59928 -2.446
20071215 0.005 0.153 3.00127 -2.942
20071216 0.012 0.562 2.55064 -3.3
20071217 0.048 0.776 2.21463 -4.533
20071218 0.031 0.44 1.95467 -3.133
20071219 0.019 0.221 1.75876 0.354
20071220 0.116 0.193 1.60198 1.858
20071221 0.062 0.016 1.47796 1.308
20071222 0.074 0 1.3491 4.442
20071223 0.024 0 1.24493 2.354
20071224 0.025 0.275 1.15956 0.8
20071225 0.004 0.531 1.09037 -0.55
20071226 1.184 0.277 1.03466 -0.85
20071227 0.177 0.307 0.9904 0.612
20071228 0.08 0.026 0.94597 1.717
20071229 4.269 0 0.95659 0.754
20071230 4.587 0 1.10525 1.683
20071231 1.127 0 1.27276 1.121
20080101 0.065 0 1.07442 0.392
20080102 0.03 0 0.95728 -4.45
20080103 0.087 0 0.87552 -2.908
20080104 0.64 0 0.82458 0.646
20080105 21.846 0 1.00955 3.521
20080106 0.571 0.176 2.66837 2.054
20080107 5.823 0.192 2.49253 4.117
20080108 0.149 0.148 2.26922 2.413
20080109 5.252 0.144 2.11059 1.992
20080110 1.486 0.287 2.21796 3.921
20080111 8.48 0.113 2.05925 6.275
20080112 0.368 0.239 2.64467 2.087
20080113 0.127 0.197 2.2948 0.933
20080114 3.633 0.247 2.07072 2.875
20080115 11.635 0.307 2.14983 4.254
20080116 10.308 0.158 2.80766 3.625
20080117 3.625 0.012 3.8799 3.925
20080118 2.664 0 3.57129 5.867
20080119 2.566 0.187 3.38418 8.379
20080120 1.706 0.017 3.11391 7.263
20080121 3.04 0 2.88007 5.592
20080122 8.515 0 3.2206 2.025
20080123 0.142 0 3.1133 1.229
20080124 3.422 0 2.68837 3.375
20080125 0.181 0 2.54322 0.4
20080126 0 0 2.26982 0.729
20080127 0.014 0 2.05585 2.246
20080128 0.001 0 1.89988 2.404
20080129 0.005 0 1.73302 -0.129
20080130 3.474 0.88 1.66293 -0.608
20080131 2.259 0.542 1.66577 -1.075
20080201 6.142 0.317 1.71148 0.975
20080202 0.499 1.268 2.05524 -1.15
20080203 0.079 1.488 1.65463 -0.512
20080204 8.059 0.994 1.60281 2.075
20080205 7.239 1.454 2.03204 3.462
20080206 8.089 1.005 2.41672 4.625
20080207 0.138 0.355 3.06578 1.621
20080208 0.064 0.025 2.77398 4.938
20080209 0.011 0 2.49901 6.304
20080210 0.022 0.462 2.26247 4.575
20080211 0.05 0.548 2.01424 6.213
20080212 0.077 0.508 1.83776 4.971
20080213 0.091 0.372 1.6776 2.987
20080214 0.145 0.536 1.54447 1.167
20080215 0.019 1.146 1.4251 -1.475
20080216 0.009 0.1 1.31623 -2.487
20080217 0.01 0.374 1.21361 1.35
20080218 0.014 0.034 1.12005 4.062
20080219 0.031 0 1.04002 3.542
20080220 2.773 0 1.02132 2.879
20080221 0.344 0 1.02735 4.196
20080222 0.072 0 0.97652 5.35
20080223 0 0 0.93312 5.929
20080224 0.254 0 0.8716 6.554
20080225 2.959 0 0.82978 7.046
20080226 4.808 0 0.84856 6.392
20080227 0.012 0 0.895 3.462
20080228 10.345 0 0.85592 4.271
20080229 17.94 0 1.78373 6.129
20080301 13.98 0 4.00948 6.25
20080302 5.169 0 4.93628 6.725
20080303 4.79 1.474 3.83308 2.946
20080304 8.912 0.959 3.63276 -0.6
20080305 1.248 0.075 3.55511 -2.004
20080306 0.148 0.418 2.95465 -0.467
20080307 0.035 0.038 2.76044 2.862
20080308 0.09 0 2.55753 2.704
20080309 2.042 0 2.29295 3.862
20080310 9.97 0 2.16452 2.671
20080311 22.92 0 3.91478 4.517
20080312 3.909 1.056 5.9789 4.433
20080313 4.675 1.647 5.36254 3.733
20080314 6.833 1.252 4.86612 6.588
20080315 2.448 2.213 4.64308 7.592
20080316 16.97 2.81 4.72028 6.379
20080317 0.311 2.889 6.05144 1.488
20080318 0.239 0.703 4.89229 0.404
20080319 2.926 0.372 3.96788 0.121
20080320 10.272 0.448 3.45177 0.317
20080321 15.817 0.72 5.51875 0.583
20080322 13.774 0.788 7.61503 -0.688
20080323 3.887 0.792 7.20639 -3.308
20080324 3.753 0.803 5.61672 -2.575
20080325 5.468 0.529 4.82555 -2.833
20080326 4.593 2.253 4.26139 1.008
20080327 7.312 2.456 4.31406 1.308
20080328 6.139 2.504 5.39438 2.458
20080329 0.031 3.377 6.50005 4.796
20080330 7.683 2.994 6.95936 6.567
20080331 0.507 0.664 6.51177 5.867
20080401 0.107 2.051 5.25805 5.646
20080402 0.037 1.008 4.07727 5.192
20080403 0.601 2.132 3.38967 3.846
20080404 0.612 1.243 2.86585 5.025
20080405 11.669 1.02 2.65597 3.875
20080406 6.57 0.722 3.2328 -0.092
20080407 3.645 0.982 3.07471 -0.762
20080408 0.139 1.096 2.83718 0.662
20080409 0.709 1.379 2.59465 2.721
20080410 0.003 0.392 2.40057 3.763
20080411 0.507 3.138 2.18572 4.475
20080412 0.357 1.02 1.96504 4.562
20080413 7.7 3.235 1.79676 5.213
20080414 25.489 3.225 2.67084 3.592
20080415 1.247 4.249 4.77664 2.442
20080416 0.146 3.431 4.04053 2.188
20080417 0.064 1.566 3.37178 2.671
20080418 0.049 1.217 2.87552 6.542
20080419 1.92 1.2 2.50758 6.283
20080420 0.116 0.749 2.24568 9.387
20080421 0.009 2.116 1.98126 10.633
20080422 0.002 2.662 1.7624 10.208
20080423 6.745 3.58 1.58715 8.963
20080424 2.195 4.43 1.59615 8.963
20080425 0.058 4.412 1.42801 7.912
20080426 0.001 3.898 1.29355 11.096
20080427 0 2.246 1.17446 13.704
20080428 13.963 2.782 1.23507 8.929
20080429 4.31 3.042 1.66543 6.858
20080430 2.055 0.486 1.41561 6.817
20080501 1.6 3.42 1.27413 5.888
20080502 0.478 3.521 1.13647 8.571
20080503 0.046 2.085 1.04913 11.804
20080504 0 1.681 0.94385 12.996
20080505 0.003 2.25 0.8642 12.583
20080506 0 1.38 0.80829 13.817
20080507 0 0.438 0.72808 15.071
20080508 0.001 1.13 0.71118 15.383
20080509 0.001 1.475 0.67032 16.45
20080510 0 0.169 0.60768 16.483
20080511 0.001 3.403 0.57681 15.537
20080512 0 1.277 0.54641 15.954
20080513 0 2.794 0.50378 16.538
20080514 1.288 3.689 0.51118 16.217
20080515 3.44 4.581 0.52391 13.792
20080516 5.934 4.975 0.54614 13.825
20080517 6.167 4.498 0.55359 10.729
20080518 0.097 5.695 0.70654 7.892
20080519 0 4.246 0.5967 7.983
20080520 0 0.749 0.53091 9.396
20080521 0.001 2.743 0.4653 9.929
20080522 0.009 3.447 0.4286 10.783
20080523 0.002 4.823 0.40324 12.604
20080524 1.551 3.206 0.39636 12.717
20080525 0.336 4.016 0.40223 15.229
20080526 2.121 3.411 0.40514 16.004
20080527 1.88 4.679 0.37958 15.833
20080528 0.12 5.812 0.38758 17.108
20080529 24.64 3.649 0.68245 15.554
20080530 4.492 3.906 1.45687 15.238
20080531 4.328 0.747 0.80107 13.033
20080601 0.006 1.006 0.65954 15.529
20080602 6.64 2.563 0.7483 18.033
20080603 0.118 0.819 0.63292 16.137
20080604 2.568 2.661 0.66152 13.062
20080605 3.82 3.768 0.52384 11.604
20080606 14.139 5.733 0.66814 11.296
20080607 0.899 6.399 0.90848 10.713
20080608 0.025 5.531 0.87098 14.433
20080609 0.107 2.797 0.62766 18.458
20080610 0.001 0.587 0.50139 18.05
20080611 0.001 3.059 0.4678 11.442
20080612 14.913 1.837 0.53408 7.904
20080613 2.351 4.916 0.68474 7.562
20080614 1.065 4.46 0.61837 9.104
20080615 1.36 4.359 0.53014 9.658
20080616 0.097 4.532 0.46663 10.713
20080617 0 1.523 0.42962 12.792
20080618 0 3.173 0.41936 14.433
20080619 4.309 3.26 0.35305 13.012
20080620 0.871 0.92 0.44089 12.279
20080621 1.29 1.621 0.37012 16.875
20080622 10.837 3.266 0.37262 19.008
20080623 0.031 2.902 0.56383 13.7
20080624 0.001 2.35 0.5431 17.738
20080625 3.524 3.635 0.38675 17.463
20080626 0.01 3.987 0.36765 13.729
20080627 2.707 4.415 0.35181 12.246
20080628 1.612 4.496 0.32432 14.637
20080629 0.002 4.687 0.32684 14.842
20080630 0.015 0.667 0.326 14.292
20080701 0.017 2.544 0.28609 18.917
20080702 41.438 3.166 0.6455 20.621
20080703 8.039 2.566 3.63294 13.325
20080704 0.087 3.058 1.80954 12.279
20080705 1.499 3.383 1.10997 14.838
20080706 1.616 3.133 0.81684 14.108
20080707 6.126 3.471 0.66287 11.254
20080708 5.195 0.798 0.74538 11.017
20080709 1.183 2.752 0.67896 12.483
20080710 4.585 0.752 0.62098 17.425
20080711 8.707 1.564 0.75505 13.938
20080712 1.024 1.975 0.68645 11.833
20080713 0.03 3.423 0.81428 11.583
20080714 0.034 1.165 0.6016 13.421
20080715 0.023 3.379 0.46676 15.575
20080716 5.004 4.337 0.45101 13.708
20080717 1.481 2.974 0.47405 11.871
20080718 0.509 4.725 0.45839 12.792
20080719 3.205 2.707 0.40941 14.15
20080720 3.178 0.385 0.41864 11.262
20080721 4.95 4.603 0.40892 8.713
20080722 0.873 4.223 0.44253 12.175
20080723 0 5.12 0.40412 15.062
20080724 0.055 3.965 0.36146 17.038
20080725 0.009 2.576 0.32206 19.171
20080726 2.371 4.473 0.28811 18.45
20080727 9.221 5.888 0.33302 18.842
20080728 7.037 6 0.55494 21.25
20080729 0.074 5.505 0.74398 18.417
20080730 0.067 4.217 0.45814 19.733
20080731 0.059 0.892 0.39496 21.921
20080801 1.288 4.45 0.33602 17.217
20080802 2.995 4.668 0.33914 14.975
20080803 7.271 3.919 0.32364 16.062
20080804 8.04 4.402 0.41728 14.804
20080805 0.028 2.659 0.54542 14.088
20080806 0.001 2.595 0.39467 19.554
20080807 11.261 5.167 0.3199 17.833
20080808 11.867 5.312 0.46683 13.604
20080809 0.057 2.136 0.71361 14.012
20080810 2.899 0.429 0.57274 14.417
20080811 0.049 1.301 0.45763 14.179
20080812 6.105 2.316 0.43225 15.233
20080813 2.905 0.75 0.38392 12.637
20080814 0.059 3.944 0.43157 11.821
20080815 0.011 3.016 0.36565 13.096
20080816 0.057 1.991 0.31451 14.308
20080817 0.097 3.14 0.31374 14.592
20080818 1.108 3.296 0.29214 15.804
20080819 0.389 1.925 0.2869 14.762
20080820 1.561 0.612 0.27095 12.512
20080821 0.695 4.167 0.26998 13.954
20080822 27.321 2.938 0.28438 13.067
20080823 1.572 2.026 1.16548 11.054
20080824 1.77 1.406 0.77461 11.267
20080825 1.324 1.213 0.59069 13.05
20080826 0 1.981 0.50458 14.625
20080827 0.001 1.183 0.41908 13.075
20080828 0.005 2.193 0.43902 13.25
20080829 0.07 1.709 0.3915 14.55
20080830 0.151 1.7 0.34272 17.058
20080831 0.249 0.505 0.3418 19
20080901 0.09 3.927 0.30427 14.017
20080902 10.589 3.83 0.29869 14.421
20080903 3.027 3.572 0.34466 9.433
20080904 0.066 4.058 0.45137 10.371
20080905 4.669 4.522 0.37498 13.104
20080906 0.73 4.142 0.37418 13.238
20080907 4.283 4.148 0.33984 11.2
20080908 0.116 5.021 0.35525 11.537
20080909 0.21 4.044 0.31563 15.575
20080910 0.095 0.692 0.29542 16.383
20080911 0.194 1.815 0.28433 16.746
20080912 13.106 2.681 0.30398 11.6
20080913 15.437 2.341 0.51788 9.833
20080914 0.141 2.117 0.87862 7.396
20080915 0.068 1.605 0.73377 6.929
20080916 0.007 3.155 0.55793 8.204
20080917 0.016 3.762 0.5036 7.287
20080918 0 2.528 0.46372 6.225
20080919 0.035 1.983 0.41139 8.079
20080920 0.074 0.723 0.4063 8.079
20080921 0.015 1.239 0.37647 7.733
20080922 0.079 0.383 0.36142 8.3
20080923 4.54 1.125 0.31169 8.446
20080924 0.342 1.288 0.36284 9.429
20080925 0.085 1.758 0.41526 9.312
20080926 0.083 0.568 0.32276 8.496
20080927 0.08 0.819 0.28282 10.037
20080928 0.069 1.27 0.30026 10.883
20080929 0.233 1.44 0.30024 8.092
20080930 18.884 0.627 0.29277 7.025
20081001 13.408 1.52 0.54549 8.662
20081002 5.92 2.246 1.01934 5.479
20081003 3.943 2.403 0.67257 4.121
20081004 1.673 1.07 0.62134 5.054
20081005 15.003 1.003 0.62426 7.054
20081006 4.83 1.734 1.05458 10.929
20081007 0.167 0.986 1.44196 11.833
20081008 6.625 1.638 1.29886 10.283
20081009 0.04 1.836 1.27188 8.533
20081010 0.176 0.616 1.04416 9.988
20081011 0.223 1.373 0.9209 11.046
20081012 0.216 0.858 0.82073 12.408
20081013 0.107 0.617 0.78642 14.175
20081014 0.012 0.556 0.72266 10.775
20081015 3.461 0.233 0.66778 10.325
20081016 10.454 0.105 0.72313 6.883
20081017 0.173 0.514 0.98446 4.496
20081018 0.137 0.728 0.81394 5.308
20081019 0.123 0.513 0.65887 6.396
20081020 0.094 0.184 0.61204 10.392
20081021 7.828 1.531 0.64372 8.479
20081022 0.112 1.689 0.74315 5.213
20081023 0.158 1.241 0.70981 4.2
20081024 0.462 0.969 0.59432 6.112
20081025 0.446 0.86 0.55246 8.042
20081026 4.833 0.709 0.57418 8.3
20081027 14.946 0.432 0.93647 6.246
20081028 1.339 0.452 1.55392 2.375
20081029 0.253 0.368 1.18778 1.833
20081030 1.643 0.316 1.04884 1.096
20081031 4.255 0.312 1.0474 3.129
