"date" "P" "ETpot" "Q" "T"
19600101 0 1.05 0.153 7.3
19600102 0 1.01 0.148 6.5
19600103 0 1.12 0.144 8.5
19600104 0 1.16 0.14 9
19600105 0 1.17 0.136 9.1
19600106 0.6 1.14 0.133 8.4
19600107 0 1.03 0.13 6.2
19600108 0.9 1.02 0.128 6
19600109 8.6 0.99 0.129 5.2
19600110 6.2 0.83 0.139 2.1
19600111 3.8 0.54 0.153 -3.3
19600112 0.8 0.64 0.159 -1.5
19600113 0.9 0.83 0.157 1.9
19600114 1.1 0.71 0.157 -0.3
19600115 0.4 0.64 0.156 -1.8
19600116 0.3 0.64 0.152 -1.8
19600117 1.1 0.74 0.148 -0.2
19600118 2.2 0.82 0.145 1
19600119 0.5 1.02 0.146 4.2
19600120 0.1 1.15 0.148 6.1
19600121 0.1 1.14 0.146 5.5
19600122 0.2 1.17 0.142 5.7
19600123 4.2 1.31 0.14 7.6
19600124 6.8 1.39 0.146 8.6
19600125 12.8 1.36 0.164 7.7
19600126 12.2 1.39 0.198 7.9
19600127 3 1.38 0.239 7.5
19600128 0.6 1.33 0.264 6.5
19600129 0.1 1.29 0.266 5.6
19600130 0 1.21 0.258 4.3
19600131 0 1.26 0.248 4.7
19600201 0 1.27 0.237 4.6
19600202 0 1.28 0.228 4.6
19600203 0.7 1.42 0.219 6.1
19600204 4.6 1.45 0.215 6.3
19600205 6 1.44 0.22 5.9
19600206 1.8 1.45 0.233 5.9
19600207 0.6 1.21 0.241 2.7
19600208 2 1.08 0.24 1
19600209 3.9 1.11 0.239 1.2
19600210 6.4 1.27 0.246 2.9
19600211 2.6 1.4 0.259 4.3
19600212 6.3 1.46 0.273 4.8
19600213 9 1.56 0.291 5.8
19600214 6.5 1.63 0.319 6.4
19600215 4.2 1.79 0.349 7.8
19600216 4.9 2.1 0.369 10.8
19600217 8.1 2.21 0.386 11.6
19600218 9 2.12 0.414 10.3
19600219 4.8 1.9 0.449 7.8
19600220 8.8 1.83 0.482 6.8
19600221 8.3 1.92 0.515 7.5
19600222 1.7 1.89 0.548 6.9
19600223 0.4 1.99 0.56 7.6
19600224 0 2.24 0.544 9.7
19600225 0 2.41 0.518 10.9
19600226 0 2.4 0.492 10.6
19600227 0 2.64 0.466 12.4
19600228 0 3.03 0.443 15.4
19600229 0 2.78 0.421 13.3
19600301 0 2.55 0.4 11.1
19600302 0 2.6 0.381 11.3
19600303 0 2.58 0.363 10.9
19600304 0 2.76 0.346 12.1
19600305 0.3 2.91 0.33 13
19600306 1.2 2.73 0.317 11.4
19600307 6.7 2.54 0.311 9.8
19600308 5.3 2.62 0.316 10.2
19600309 4 2.48 0.33 9
19600310 3.5 2.27 0.34 7.3
19600311 5.7 2.28 0.348 7.3
19600312 5.1 2.44 0.358 8.3
19600313 5.3 2.4 0.371 7.9
19600314 1.9 2.52 0.382 8.6
19600315 0.5 2.42 0.384 7.8
19600316 0.2 2.44 0.375 7.9
19600317 0 2.69 0.36 9.5
19600318 0 3.12 0.344 12.2
19600319 0 3.39 0.329 13.8
19600320 0.4 3.51 0.314 14.4
19600321 0.3 3.34 0.302 13.2
19600322 1 2.84 0.291 9.9
19600323 4.7 2.95 0.284 10.5
19600324 5.8 3.07 0.284 11.1
19600325 5.4 2.76 0.293 9.1
19600326 9 2.69 0.307 8.6
19600327 3.3 2.63 0.324 8.2
19600328 1.6 2.68 0.335 8.4
19600329 0.4 2.47 0.334 7.1
19600330 0.1 2.62 0.325 7.9
19600331 0 2.57 0.312 7.6
19600401 2.6 2.62 0.301 7.8
19600402 5.1 3.08 0.295 10.3
19600403 1.1 3.05 0.296 10.1
19600404 0.4 3.23 0.295 11
19600405 0.2 3.73 0.287 13.6
19600406 0 3.95 0.277 14.7
19600407 0 3.74 0.266 13.5
19600408 0 4.1 0.256 15.3
19600409 0 4.18 0.246 15.6
19600410 0 4.32 0.237 16.2
19600411 0 4.28 0.228 15.9
19600412 0 3.45 0.22 11.6
19600413 0 3.51 0.212 11.8
19600414 0 3.86 0.205 13.5
19600415 0 3.84 0.198 13.3
19600416 0 3.75 0.192 12.8
19600417 0 3.28 0.186 10.5
19600418 0 2.87 0.18 8.5
19600419 1.2 3 0.175 9.1
19600420 1 3.15 0.171 9.8
19600421 0.6 3.3 0.167 10.5
19600422 0.3 3.57 0.164 11.7
19600423 0.1 3.68 0.16 12.2
19600424 0 4.04 0.156 13.8
19600425 0 4.1 0.152 14
19600426 0.4 4.31 0.149 14.9
19600427 0.7 4.23 0.145 14.5
19600428 0.7 3.8 0.143 12.6
19600429 2.4 3.68 0.14 12.1
19600430 4.9 3.9 0.139 13
19600501 2.7 3.18 0.139 10
19600502 0.6 3.16 0.139 9.9
19600503 0 3.66 0.138 12
19600504 0 4.03 0.136 13.5
19600505 0 4.47 0.133 15.3
19600506 0 4.53 0.13 15.5
19600507 0.1 4.73 0.128 16.3
19600508 0 5.25 0.125 18.3
19600509 0 5.72 0.123 20.1
19600510 0 5.37 0.121 18.7
19600511 0.2 4.67 0.119 16
19600512 0 4.7 0.117 16.1
19600513 1.6 5 0.115 17.2
19600514 2.8 5.08 0.114 17.5
19600515 4.1 4.55 0.113 15.5
19600516 4.7 4.63 0.113 15.8
19600517 2.8 4.13 0.113 14
19600518 1.5 3.65 0.114 12.3
19600519 0.1 3.58 0.113 12.1
19600520 0 4.32 0.112 14.8
19600521 0 4.79 0.11 16.5
19600522 0 5.24 0.109 18.1
19600523 0 5.76 0.107 19.9
19600524 0 6.26 0.106 21.6
19600525 0.9 6.65 0.104 22.9
19600526 4.2 6.95 0.103 23.9
19600527 1.2 7.08 0.103 24.3
19600528 2.3 6.72 0.102 23.1
19600529 2.8 6.69 0.102 23
19600530 9.2 7 0.102 24
19600531 6.4 6.05 0.103 21
19600601 1.1 5.4 0.104 19
19600602 1.2 5.48 0.105 19.3
19600603 1.5 5.24 0.104 18.6
19600604 4.4 5.12 0.104 18.3
19600605 9.5 5.23 0.104 18.7
19600606 4.1 4.63 0.106 17
19600607 1.8 4.54 0.108 16.8
19600608 0.8 4.54 0.108 16.9
19600609 0.2 5.09 0.108 18.6
19600610 4.3 6.18 0.107 21.8
19600611 12.7 6.86 0.108 23.8
19600612 6 6.63 0.111 23.2
19600613 3 6.11 0.115 21.8
19600614 0 5.94 0.117 21.4
19600615 0 5.92 0.117 21.4
19600616 0 6.19 0.115 22.2
19600617 0 6.13 0.113 22.1
19600618 0 6.41 0.111 22.9
19600619 0 6.72 0.109 23.8
19600620 0 7.44 0.107 25.8
19600621 0 8.12 0.106 27.7
19600622 0 8.36 0.104 28.4
19600623 0.4 7.8 0.103 26.9
19600624 0 7.33 0.101 25.7
19600625 0.2 6.46 0.1 23.4
19600626 1.7 6.03 0.099 22.3
19600627 2.5 6.35 0.098 23.2
19600628 1.9 6.48 0.097 23.6
19600629 1.5 6.2 0.096 22.9
19600630 0.3 6.03 0.095 22.5
19600701 0.1 5.75 0.095 21.8
19600702 0 5.57 0.094 21.4
19600703 0 5.17 0.092 20.4
19600704 0 5.53 0.091 21.4
19600705 0 6.23 0.091 23.3
19600706 0 6.97 0.09 25.3
19600707 0 6.65 0.089 24.5
19600708 0 5.71 0.088 22.1
19600709 0 5.88 0.087 22.6
19600710 0 6.44 0.086 24.1
19600711 0 6.84 0.086 25.2
19600712 0 6.43 0.085 24.2
19600713 0 7.22 0.084 26.3
19600714 0.1 6.9 0.083 25.5
19600715 1 6.33 0.083 24.1
19600716 0 6.41 0.082 24.3
19600717 0 6.75 0.082 25.2
19600718 0 7.16 0.081 26.3
19600719 0.3 7.37 0.081 26.9
19600720 0 6.86 0.08 25.6
19600721 0 6.88 0.079 25.7
19600722 0 7.02 0.079 26.1
19600723 0.3 6.81 0.078 25.6
19600724 0.3 7.02 0.078 26.2
19600725 1.3 7.57 0.078 27.7
19600726 1.2 7.74 0.077 28.2
19600727 1.2 7.83 0.077 28.5
19600728 1.6 7.62 0.076 28
19600729 1.1 6.76 0.076 25.7
19600730 0.2 6.08 0.075 23.9
19600731 0 5.63 0.075 22.7
19600801 0 5.51 0.075 22.4
19600802 0 6.23 0.074 24.4
19600803 0.1 6.5 0.074 25.2
19600804 0 5.27 0.074 21.8
19600805 0 4.68 0.073 20.2
19600806 0 5.56 0.073 22.7
19600807 0 5.45 0.073 22.4
19600808 0 5.05 0.072 21.3
19600809 0.1 5.42 0.072 22.4
19600810 0 6.07 0.072 24.3
19600811 0 5.5 0.071 22.7
19600812 0 4.45 0.071 19.7
19600813 0 4.86 0.071 20.9
19600814 0 5.33 0.07 22.3
19600815 0 6.07 0.07 24.5
19600816 0.2 6.27 0.07 25.1
19600817 0.1 5.99 0.07 24.3
19600818 0 4.67 0.069 20.4
19600819 0 4.47 0.069 19.8
19600820 0 5.19 0.069 22
19600821 0 5.92 0.069 24.3
19600822 0 6.74 0.068 26.9
19600823 0 6.74 0.068 27
19600824 0 6.59 0.068 26.6
19600825 0 6.15 0.068 25.3
19600826 0 5.55 0.067 23.4
19600827 0 5.4 0.067 23
19600828 0 5.78 0.067 24.3
19600829 0 6.08 0.067 25.4
19600830 0 5.96 0.066 25.1
19600831 0 5.99 0.066 25.3
19600901 0 5.82 0.066 24.8
19600902 0 5.59 0.066 24.1
19600903 0 5.56 0.066 24.1
19600904 0 5.17 0.065 22.8
19600905 0 4.13 0.065 19.1
19600906 0 3.79 0.065 17.9
19600907 0 4.26 0.065 19.7
19600908 0 4.69 0.064 21.4
19600909 0 5.01 0.064 22.7
19600910 0 5 0.064 22.8
19600911 0 5.05 0.064 23.1
19600912 0.1 5.21 0.064 23.9
19600913 1.2 5.47 0.063 25.1
19600914 3.8 5.43 0.063 25.1
19600915 2.1 4.81 0.063 22.7
19600916 1.4 3.41 0.063 16.9
19600917 1.4 2.96 0.063 15
19600918 0.2 3.53 0.063 17.5
19600919 0.1 3.75 0.062 18.5
19600920 0 3.75 0.062 18.6
19600921 0.1 3.65 0.062 18.2
19600922 0 3.86 0.062 19.3
19600923 0.1 4.2 0.062 21
19600924 0.7 4.16 0.062 21
19600925 2 4.09 0.061 20.8
19600926 0.6 3.58 0.061 18.4
19600927 0.1 3.18 0.061 16.5
19600928 0.6 3.02 0.061 15.8
19600929 0.9 3.07 0.061 16.2
19600930 2 2.87 0.061 15.2
19601001 9.4 2.72 0.061 14.5
19601002 11.1 2.86 0.061 15.4
19601003 9.8 2.59 0.061 14
19601004 6.1 2.33 0.062 12.6
19601005 3.1 2.36 0.063 12.9
19601006 2.1 2.28 0.064 12.5
19601007 0.4 2.35 0.065 13.1
19601008 0.5 2.43 0.065 13.7
19601009 0.4 2.39 0.064 13.6
19601010 0.1 2.13 0.064 12.1
19601011 1.5 1.98 0.064 11.2
19601012 5.1 2 0.064 11.5
19601013 4.3 2.03 0.065 11.9
19601014 0.9 1.88 0.065 11
19601015 0.2 1.77 0.066 10.3
19601016 1 1.61 0.066 9.1
19601017 0.6 1.7 0.066 9.8
19601018 6.1 2.01 0.066 12.2
19601019 7.2 2.07 0.067 12.7
19601020 6.7 1.77 0.069 10.4
19601021 6.6 1.77 0.072 10.4
19601022 8.7 2 0.076 12.3
19601023 8.3 1.86 0.081 11.2
19601024 6.1 1.87 0.087 11.4
19601025 2 1.8 0.093 10.8
19601026 6.4 1.77 0.097 10.6
19601027 8.5 1.76 0.101 10.6
19601028 5.1 1.64 0.108 9.6
19601029 3.6 1.5 0.115 8.4
19601030 2.7 1.65 0.12 9.8
19601031 1.5 1.89 0.122 12.3
19601101 2.5 2.02 0.123 13.7
19601102 1.4 1.89 0.123 12.6
19601103 2 1.57 0.123 9.5
19601104 1.5 1.62 0.123 10.1
19601105 0.3 1.44 0.122 8.4
19601106 0.9 1.38 0.121 7.8
19601107 0.9 1.28 0.119 6.8
19601108 0.8 1.38 0.117 8.1
19601109 2.2 1.5 0.116 9.7
19601110 4 1.39 0.116 8.6
19601111 2.4 1.43 0.118 9.2
19601112 1.3 1.26 0.12 7.4
19601113 0.4 1.14 0.12 6
19601114 0.2 1.19 0.118 6.9
19601115 0.2 1.22 0.116 7.4
19601116 0.9 1.31 0.113 8.8
19601117 0.3 1.43 0.111 10.6
19601118 0.2 1.59 0.109 12.9
19601119 0.3 1.53 0.107 12.3
19601120 4.7 1.39 0.106 10.4
19601121 5.8 1.36 0.108 10.1
19601122 1.6 1.3 0.113 9.3
19601123 0.2 1.39 0.117 10.9
19601124 0 1.4 0.116 11.1
19601125 0.1 1.3 0.114 9.7
19601126 0.2 1.38 0.111 11.1
19601127 0.4 1.29 0.108 9.9
19601128 0.1 1.08 0.106 6.8
19601129 0 1.03 0.104 6
19601130 1 0.99 0.101 5.6
19601201 2.4 1.01 0.1 6
19601202 0.5 1 0.1 5.9
19601203 0.2 0.94 0.1 5.1
19601204 3.5 0.93 0.1 5.1
19601205 4.5 0.94 0.102 5.4
19601206 10 0.93 0.108 5.3
19601207 5.7 0.85 0.12 4
19601208 1.7 0.79 0.131 3.1
19601209 0.5 0.78 0.137 2.9
19601210 0.5 0.83 0.137 4.1
19601211 0.5 0.8 0.134 3.7
19601212 1.7 0.72 0.132 2.1
19601213 1.8 0.68 0.13 1.6
19601214 1.1 0.69 0.13 1.9
19601215 1.6 0.64 0.13 0.9
19601216 1.2 0.61 0.13 0.4
19601217 0.4 0.76 0.128 3.3
19601218 1.4 0.71 0.127 2.3
19601219 2.1 0.76 0.126 3.1
19601220 0.5 0.8 0.126 3.9
19601221 0.2 0.73 0.126 2.3
19601222 0.6 0.74 0.124 2.3
19601223 1.3 0.75 0.122 2.5
19601224 0.3 0.72 0.12 1.8
19601225 1.8 0.77 0.119 2.7
19601226 3.5 0.79 0.12 2.9
19601227 2.4 0.86 0.123 4.2
19601228 1.3 0.81 0.127 3.1
19601229 0.4 0.91 0.129 5
19601230 2.1 0.95 0.128 5.6
19601231 1.2 0.94 0.128 5.3
19610101 2 0.92 0.129 4.8
19610102 2.6 0.88 0.131 3.9
19610103 2.6 0.96 0.134 5.4
19610104 0.5 0.91 0.137 4.3
19610105 0.2 0.86 0.137 3.3
19610106 0.1 0.84 0.134 2.7
19610107 0.3 0.86 0.131 3
19610108 0.2 1.01 0.127 5.7
19610109 0.9 1.01 0.124 5.6
19610110 1.2 0.97 0.123 4.8
19610111 0.4 0.91 0.122 3.6
19610112 0.1 0.85 0.12 2.3
19610113 0.4 0.84 0.118 2
19610114 0 0.88 0.115 2.7
19610115 0.2 0.93 0.113 3.5
19610116 0.2 0.88 0.11 2.6
19610117 0.1 0.98 0.108 4
19610118 1.4 1.03 0.106 4.7
19610119 2 1.02 0.106 4.1
19610120 1.2 1.05 0.107 4.3
19610121 5.2 0.93 0.111 2.2
19610122 5.6 0.97 0.118 2.5
19610123 3.4 0.95 0.129 2
19610124 1.5 0.98 0.138 2.3
19610125 0.4 1.08 0.142 3.6
19610126 0.1 1.07 0.141 3.1
19610127 0.4 1.19 0.138 4.7
19610128 0.6 1.26 0.135 5.4
19610129 0.1 1.42 0.132 7.5
19610130 0.3 1.43 0.129 7.3
19610131 0 1.33 0.126 5.6
19610201 0 1.49 0.122 7.6
19610202 0 1.63 0.119 9.2
19610203 0 1.61 0.116 8.6
19610204 0.2 1.61 0.113 8.3
19610205 0 1.68 0.11 9
19610206 0 1.76 0.107 9.7
19610207 0 1.75 0.105 9.3
19610208 0.3 1.68 0.102 8.2
19610209 0 1.61 0.1 7.2
19610210 0 1.65 0.098 7.4
19610211 0 1.88 0.096 9.9
19610212 0 1.95 0.094 10.4
19610213 0.2 2.01 0.092 10.9
19610214 0 2.07 0.09 11.3
19610215 0 2.02 0.088 10.3
19610216 0 2.07 0.087 10.5
19610217 0.1 1.94 0.085 8.8
19610218 0.1 1.92 0.084 8.3
19610219 0.7 1.88 0.082 7.6
19610220 0.1 1.96 0.082 8.1
19610221 0.2 2 0.081 8.2
19610222 0 2.07 0.08 8.6
19610223 0.2 2.1 0.079 8.7
19610224 0 2.35 0.078 10.7
19610225 0 2.52 0.077 11.9
19610226 0 2.5 0.076 11.5
19610227 0.1 2.61 0.074 12.1
19610228 0 2.61 0.073 11.9
19610301 0 2.46 0.073 10.4
19610302 0 2.53 0.072 10.7
19610303 0 2.64 0.071 11.4
19610304 0 2.62 0.07 11
19610305 0 2.57 0.069 10.4
19610306 0 2.44 0.068 9.2
19610307 0 2.44 0.068 9
19610308 0 2.61 0.067 10.1
19610309 0 2.74 0.066 10.9
19610310 0 2.85 0.065 11.5
19610311 0 2.9 0.065 11.7
19610312 0 3 0.064 12.2
19610313 0 3.08 0.064 12.6
19610314 0 3.05 0.063 12.2
19610315 0 2.99 0.063 11.6
19610316 0 3.21 0.062 13.1
19610317 0.3 3.51 0.062 14.9
19610318 0.6 3.61 0.061 15.4
19610319 4.6 3.42 0.061 14
19610320 8.8 3.1 0.063 11.8
19610321 2.2 3.01 0.066 11.1
19610322 3.8 3 0.069 10.9
19610323 0.8 3.07 0.071 11.2
19610324 0.3 2.79 0.071 9.4
19610325 0 2.99 0.071 10.5
19610326 0.1 2.85 0.07 9.6
19610327 0 3.06 0.069 10.7
19610328 0 3.22 0.068 11.6
19610329 0 3.4 0.068 12.5
19610330 0 3.49 0.067 12.9
19610331 0 3.75 0.066 14.3
19610401 0 3.83 0.065 14.6
19610402 0 3.94 0.064 15.1
19610403 0 3.8 0.064 14.2
19610404 0.6 3.89 0.063 14.6
19610405 5.1 3.73 0.063 13.6
19610406 10 3.73 0.064 13.5
19610407 4.3 3.63 0.067 12.9
19610408 4.4 3.88 0.07 14.1
19610409 2.3 3.63 0.072 12.7
19610410 1.3 3.78 0.074 13.4
19610411 0 3.85 0.074 13.7
19610412 0 4.16 0.073 15.2
19610413 0 4.18 0.072 15.2
19610414 0.8 3.96 0.071 14
19610415 1.8 3.73 0.07 12.8
19610416 6.8 3.85 0.071 13.3
19610417 1.8 3.94 0.072 13.7
19610418 0.1 3.96 0.073 13.7
19610419 0 4.29 0.073 15.2
19610420 0 4.51 0.072 16.2
19610421 1.9 4.64 0.071 16.7
19610422 5.4 4.39 0.071 15.5
19610423 1.3 3.92 0.071 13.3
19610424 0 3.44 0.072 11.1
19610425 0 4.05 0.071 13.8
19610426 0 3.92 0.07 13.2
19610427 0.9 3.97 0.069 13.4
19610428 0.9 4.05 0.069 13.7
19610429 0.3 3.61 0.068 11.8
19610430 0 3.87 0.067 12.9
19610501 0.1 4.78 0.066 16.7
19610502 0 5.3 0.065 18.8
19610503 0.1 5.53 0.065 19.7
19610504 0.4 5.69 0.064 20.3
19610505 0.8 5.39 0.063 19
19610506 0 5 0.062 17.4
19610507 0 5.29 0.062 18.5
19610508 0 5.73 0.061 20.2
19610509 0 6.1 0.06 21.6
19610510 0 6.07 0.06 21.4
19610511 0 5.3 0.059 18.4
19610512 0 5.2 0.058 18
19610513 0 5.37 0.058 18.6
19610514 0 5.91 0.057 20.6
19610515 0 6.49 0.057 22.7
19610516 0 6.03 0.056 21
19610517 0.1 5.41 0.055 18.7
19610518 0 5.17 0.055 17.8
19610519 0.1 4.89 0.055 16.8
19610520 0.1 5.22 0.054 18
19610521 0 5.81 0.054 20.1
19610522 0 5.44 0.053 18.8
19610523 0.2 5.23 0.053 18.1
19610524 0.8 5.43 0.052 18.8
19610525 0.7 5.19 0.052 18
19610526 1.8 4.69 0.052 16.4
19610527 3.9 4.37 0.051 15.4
19610528 11.2 4.11 0.051 14.6
19610529 9 3.86 0.052 13.9
19610530 10.3 3.15 0.053 11.7
19610531 3.9 2.79 0.055 10.7
19610601 2.2 3.23 0.057 12.2
19610602 1.1 3.42 0.058 12.9
19610603 0 3.64 0.058 13.7
19610604 0.1 3.9 0.057 14.6
19610605 0.2 4.3 0.057 15.9
19610606 0.5 4.47 0.056 16.5
19610607 0.1 4.4 0.056 16.4
19610608 0 5.02 0.055 18.3
19610609 0 5.85 0.055 20.8
19610610 0.6 6.07 0.054 21.5
19610611 1.2 6.05 0.054 21.5
19610612 0.1 6.13 0.053 21.8
19610613 0 6.4 0.053 22.6
19610614 0 6.59 0.053 23.2
19610615 0.4 6.32 0.052 22.5
19610616 2.3 6.33 0.052 22.6
19610617 0.7 6.17 0.051 22.2
19610618 0.1 6.22 0.051 22.4
19610619 0.1 6.02 0.051 21.9
19610620 0.3 6.37 0.05 22.9
19610621 0.8 6.98 0.05 24.6
19610622 0.1 6.26 0.05 22.7
19610623 0.7 6.2 0.049 22.6
19610624 1.4 6.67 0.049 23.9
19610625 2.5 6.65 0.049 23.9
19610626 0.3 6.26 0.048 22.9
19610627 0 6.09 0.048 22.5
19610628 0 6.37 0.048 23.3
19610629 0.5 6.61 0.048 24
19610630 1.5 6.86 0.047 24.7
19610701 4.9 6.69 0.047 24.3
19610702 1.1 6.22 0.047 23.1
19610703 0.3 5.78 0.047 22
19610704 0.1 6.06 0.047 22.8
19610705 0.1 6.42 0.046 23.8
19610706 0 6.9 0.046 25.1
19610707 0 7.41 0.046 26.5
19610708 0 7.55 0.045 26.9
19610709 0 7.72 0.045 27.4
19610710 0 7.7 0.045 27.4
19610711 0 7.53 0.044 27
19610712 0 6.51 0.044 24.4
19610713 0.7 4.98 0.044 20.5
19610714 0 5.5 0.044 21.9
19610715 0 5.91 0.043 23
19610716 0.1 5.6 0.043 22.2
19610717 0.3 5.9 0.043 23
19610718 0 6.19 0.043 23.8
19610719 0 7.02 0.042 26
19610720 0 7.28 0.042 26.7
19610721 0.1 6.88 0.042 25.7
19610722 0 6.87 0.042 25.7
19610723 0 6.81 0.041 25.6
19610724 0 6.31 0.041 24.3
19610725 0.2 6.37 0.041 24.5
19610726 0.1 7.62 0.041 27.9
19610727 0 7.2 0.041 26.8
19610728 0 6.81 0.04 25.8
19610729 0.2 7.2 0.04 26.9
19610730 0.6 6.96 0.04 26.3
19610731 0.4 6.51 0.04 25.1
19610801 1 6.49 0.04 25.1
19610802 2.5 7.02 0.039 26.6
19610803 0.8 6.53 0.039 25.3
19610804 0.1 6.81 0.039 26.1
19610805 0 7.11 0.039 27
19610806 0 7.16 0.039 27.2
19610807 0 6.86 0.039 26.4
19610808 0 6.88 0.038 26.5
19610809 0.2 6.72 0.038 26.1
19610810 0 6.63 0.038 25.9
19610811 0.1 6.48 0.038 25.5
19610812 0 6.39 0.038 25.3
19610813 2 6.17 0.037 24.7
19610814 0.3 5.88 0.037 23.9
19610815 0.1 6.1 0.037 24.6
19610816 0 6.31 0.037 25.2
19610817 0 6.19 0.037 24.9
19610818 0 6.81 0.037 26.8
19610819 0 6.68 0.037 26.5
19610820 0 5.87 0.036 24.1
19610821 0 5.76 0.036 23.8
19610822 0.3 6.13 0.036 25
19610823 0 6.2 0.036 25.3
19610824 0 6.43 0.036 26.1
19610825 0 6.43 0.036 26.2
19610826 0 6.62 0.035 26.9
19610827 0 6.56 0.035 26.8
19610828 0 6.44 0.035 26.5
19610829 0 6.14 0.035 25.6
19610830 0.1 5.87 0.035 24.8
19610831 0 5.58 0.035 23.9
19610901 2.2 5.33 0.035 23.1
19610902 2.2 5.33 0.034 23.2
19610903 4.5 5 0.034 22.1
19610904 2.3 4.42 0.034 20.1
19610905 0.3 4.54 0.034 20.6
19610906 0 5.06 0.034 22.6
19610907 0.1 5.36 0.034 23.8
19610908 0.1 5.53 0.034 24.6
19610909 0.3 5.53 0.034 24.7
19610910 0.6 5.46 0.034 24.6
19610911 0 5.17 0.033 23.6
19610912 0 5.51 0.033 25.1
19610913 0 5.5 0.033 25.2
19610914 0.4 5.23 0.033 24.3
19610915 0.2 5.22 0.033 24.4
19610916 0.4 5.09 0.033 24
19610917 2.8 4.85 0.033 23.1
19610918 5.1 4.47 0.033 21.6
19610919 1.6 3.95 0.033 19.4
19610920 0.1 3.6 0.033 17.9
19610921 0 3.65 0.033 18.2
19610922 0 4.1 0.032 20.4
19610923 0.2 4.15 0.032 20.8
19610924 0.2 4.35 0.032 21.9
19610925 1.6 4.4 0.032 22.3
19610926 3.8 4.44 0.032 22.7
19610927 3.8 4.24 0.032 21.9
19610928 13.4 3.85 0.032 20.1
19610929 6.8 3.32 0.033 17.5
19610930 1.6 2.85 0.034 15.1
19611001 0.6 2.59 0.034 13.8
19611002 0 2.59 0.034 13.9
19611003 0 2.78 0.034 15.1
19611004 0.5 2.93 0.034 16.1
19611005 2.4 2.77 0.034 15.3
19611006 3.9 2.18 0.034 11.9
19611007 0.7 2.27 0.034 12.6
19611008 0.1 2.65 0.034 15.1
19611009 0 2.97 0.034 17.4
19611010 0 3.07 0.034 18.3
19611011 0 3.06 0.034 18.6
19611012 0.7 3 0.034 18.5
19611013 0 2.94 0.034 18.4
19611014 3.5 2.78 0.033 17.6
19611015 4.9 2.6 0.034 16.6
19611016 1 2.42 0.034 15.2
19611017 0 2.42 0.034 15.3
19611018 0 2.33 0.034 14.7
19611019 0 1.71 0.034 9.9
19611020 0 1.67 0.034 9.6
19611021 0 1.8 0.034 10.6
19611022 0.2 1.82 0.034 10.8
19611023 0.1 1.93 0.033 11.8
19611024 0.2 2.08 0.033 13.2
19611025 0.7 2.28 0.033 15
19611026 3 2.12 0.033 13.7
19611027 1.1 2.01 0.033 12.9
19611028 1.6 1.87 0.033 11.7
19611029 6.7 1.74 0.033 10.6
19611030 4.3 1.63 0.034 9.7
19611031 0.7 1.66 0.035 10
19611101 0.6 1.71 0.036 10.6
19611102 1.2 1.8 0.036 11.7
19611103 0.2 1.86 0.036 12.5
19611104 0.2 1.76 0.036 11.6
19611105 0.2 1.45 0.035 8.5
19611106 0.2 1.47 0.035 8.8
19611107 0.1 1.46 0.035 8.9
19611108 0.3 1.53 0.035 9.8
19611109 0.7 1.49 0.034 9.5
19611110 5.3 1.35 0.034 8.1
19611111 10 1.25 0.035 7
19611112 1.1 1.05 0.038 4.7
19611113 1.1 1.06 0.039 5
19611114 1.9 1.14 0.04 6.2
19611115 2.7 1.14 0.04 6.4
19611116 2.8 1.16 0.041 6.7
19611117 2.9 1.18 0.042 7.1
19611118 1.6 1.17 0.043 7
19611119 5.2 1.22 0.044 7.8
19611120 9.5 1.31 0.047 9.2
19611121 6.9 1.36 0.052 10.1
19611122 2.5 1.34 0.057 9.9
19611123 1.8 1.33 0.061 9.9
19611124 6.1 1.25 0.063 8.9
19611125 10.6 1.32 0.068 10.1
19611126 3.6 1.3 0.076 10
19611127 10.2 1.17 0.085 8
19611128 10.7 1.12 0.097 7.4
19611129 1.3 1.06 0.112 6.6
19611130 0 0.96 0.12 5.1
19611201 0 0.94 0.119 4.9
19611202 0.1 0.9 0.114 4.3
19611203 0.4 1.04 0.11 6.8
19611204 0.2 1.11 0.106 8.1
19611205 0.2 1.1 0.103 8.2
19611206 0.2 1.06 0.099 7.7
19611207 0.4 1 0.096 6.8
19611208 0.3 1.07 0.093 8.2
19611209 0.2 1.13 0.09 9.5
19611210 0.1 1.16 0.088 10.4
19611211 0 1.13 0.085 10.1
19611212 0 0.98 0.082 7.3
19611213 0 0.96 0.079 7.1
19611214 0 0.97 0.077 7.5
19611215 0 0.93 0.074 7.1
19611216 0 0.91 0.072 6.7
19611217 0.2 0.86 0.07 5.4
19611218 0 0.82 0.068 4.5
19611219 0 0.72 0.066 2.4
19611220 0 0.67 0.064 1.2
19611221 1 0.67 0.062 1
19611222 4 0.74 0.062 2.3
19611223 6.5 0.87 0.066 4.9
19611224 7.2 1 0.074 7.4
19611225 7.1 1 0.086 7.2
19611226 8.6 1.01 0.1 7.4
19611227 2.4 0.99 0.115 6.9
19611228 3.1 1.03 0.125 7.4
19611229 11.4 1.07 0.134 8.2
19611230 23.9 1.11 0.161 8.7
19611231 8.3 1.18 0.215 9.9
19620101 1.7 1.18 0.264 9.9
19620102 5.2 1.24 0.285 10.8
19620103 2.8 1.15 0.291 9
19620104 3 1.13 0.296 8.4
19620105 2 1.06 0.297 7.1
19620106 0.3 0.9 0.294 4
19620107 0.2 0.88 0.285 3.4
19620108 0.1 0.9 0.273 3.6
19620109 0.6 0.97 0.26 4.8
19620110 0.6 1.07 0.249 6.6
19620111 0.6 1.1 0.24 7
19620112 0.6 1.06 0.231 6.1
19620113 2.7 1.11 0.225 7
19620114 3.6 1.1 0.223 6.7
19620115 0.7 0.97 0.226 4.2
19620116 1 0.98 0.225 4.4
19620117 7 1.11 0.225 6.3
19620118 4 1.12 0.234 6.2
19620119 0.3 1.12 0.246 5.8
19620120 0 1.1 0.247 5.2
19620121 0 1.1 0.238 4.9
19620122 0 1.17 0.226 5.7
19620123 0 1.16 0.215 5.3
19620124 0 1.24 0.205 6.3
19620125 0 1.3 0.195 6.8
19620126 0 1.34 0.186 7.2
19620127 0 1.38 0.178 7.4
19620128 0 1.37 0.17 7
19620129 0 1.33 0.163 6.2
19620130 0 1.26 0.156 5
19620131 0 1.16 0.149 3.3
19620201 0 1.18 0.143 3.4
19620202 0 1.2 0.137 3.5
19620203 0 1.3 0.131 4.6
19620204 0 1.48 0.126 6.7
19620205 0.1 1.61 0.121 8.1
19620206 0.3 1.65 0.117 8.4
19620207 0.6 1.54 0.114 6.7
19620208 0.4 1.39 0.111 4.7
19620209 0 1.4 0.108 4.6
19620210 0 1.42 0.105 4.7
19620211 0 1.51 0.102 5.6
19620212 0 1.59 0.098 6.3
19620213 0 1.68 0.095 7.1
19620214 0.3 1.64 0.092 6.5
19620215 0.1 1.44 0.09 4
19620216 0.1 1.44 0.087 3.8
19620217 0 1.71 0.085 6.4
19620218 0 1.87 0.083 7.8
19620219 0 1.96 0.08 8.4
19620220 0 2.03 0.078 8.8
19620221 0 2.03 0.076 8.5
19620222 0 2.02 0.074 8.2
19620223 1.4 2.01 0.073 7.8
19620224 7.8 2.05 0.075 8
19620225 3.3 2 0.082 7.3
19620226 3.4 1.92 0.092 6.4
19620227 3.7 1.95 0.1 6.5
19620228 0.7 1.94 0.105 6.2
19620301 3.6 2.01 0.109 6.6
19620302 9 2.21 0.114 8.1
19620303 6.2 2.33 0.128 8.9
19620304 6.5 2.43 0.146 9.5
19620305 2.3 2.28 0.161 8.1
19620306 0.6 2.04 0.169 6.1
19620307 3.4 2.36 0.171 8.4
19620308 8.7 2.61 0.174 10.1
19620309 2.7 2.58 0.186 9.7
19620310 2.6 2.54 0.197 9.3
19620311 4.2 2.45 0.202 8.5
19620312 1.3 2.44 0.205 8.3
19620313 0.7 2.21 0.206 6.6
19620314 1 2.04 0.202 5.3
19620315 0.1 2.35 0.196 7.3
19620316 0.4 2.64 0.189 9.3
19620317 1.7 2.69 0.183 9.5
19620318 5.5 2.39 0.18 7.4
19620319 3.3 2.33 0.184 6.9
19620320 6.5 2.37 0.192 7.1
19620321 6.8 2.62 0.203 8.6
19620322 9.8 2.58 0.22 8.3
19620323 7.6 2.21 0.244 5.9
19620324 11 1.91 0.273 4
19620325 6.9 1.9 0.305 3.9
19620326 2.1 2.05 0.331 4.8
19620327 1.3 2.45 0.34 7.1
19620328 0.2 2.87 0.334 9.5
19620329 0.1 2.98 0.321 10.1
19620330 0.1 3.14 0.306 10.9
19620331 0.1 3.12 0.291 10.7
19620401 0.2 3.29 0.277 11.6
19620402 0.7 3.6 0.264 13.2
19620403 1.1 3.25 0.253 11.2
19620404 0.2 2.92 0.244 9.3
19620405 0 3.45 0.235 12.1
19620406 0.1 3.43 0.225 11.9
19620407 0 3.37 0.215 11.5
19620408 0.2 3.74 0.205 13.4
19620409 0.2 3.3 0.196 11
19620410 0.4 2.94 0.188 9.1
19620411 0 3.58 0.181 12.3
19620412 0.4 3.81 0.173 13.4
19620413 0.9 4.1 0.167 14.8
19620414 0.4 4.04 0.161 14.4
19620415 1.9 3.71 0.156 12.7
19620416 7.6 3.38 0.154 11
19620417 8.1 2.97 0.159 9
19620418 0.6 2.83 0.167 8.3
19620419 0.1 3 0.17 9.1
19620420 0.2 3.38 0.166 10.9
19620421 0.3 3.86 0.159 13.1
19620422 2.3 4.22 0.154 14.7
19620423 4.5 4.36 0.151 15.3
19620424 15 4.02 0.155 13.7
19620425 10.3 3.78 0.171 12.6
19620426 11.3 3.81 0.194 12.7
19620427 4.4 3.77 0.216 12.5
19620428 2.1 4.4 0.23 15.2
19620429 3 4.71 0.233 16.5
19620430 0.6 4.63 0.23 16.1
19620501 1.2 4.23 0.225 14.4
19620502 0.2 4.07 0.218 13.7
19620503 0.1 4.39 0.21 15
19620504 0 4.44 0.201 15.2
19620505 0 4.55 0.192 15.6
19620506 0 5.2 0.184 18.2
19620507 0 5.59 0.176 19.7
19620508 0.1 5.88 0.169 20.8
19620509 0 5.67 0.163 19.9
19620510 0 5.27 0.156 18.3
19620511 1.3 4.91 0.151 16.9
19620512 1.5 3.97 0.146 13.3
19620513 0.3 3.49 0.142 11.5
19620514 0.1 3.34 0.138 11
19620515 0.1 3.71 0.133 12.4
19620516 0.3 4.25 0.128 14.4
19620517 1.6 4.51 0.124 15.4
19620518 4 4.78 0.121 16.4
19620519 0.5 4.8 0.119 16.5
19620520 0 4.51 0.117 15.5
19620521 0 5.07 0.114 17.5
19620522 0.4 5.47 0.11 18.9
19620523 0.3 5.64 0.107 19.5
19620524 2.8 5.52 0.104 19.1
19620525 16.8 5.48 0.104 19
19620526 5.1 4.69 0.108 16.4
19620527 0.2 4.77 0.112 16.7
19620528 0.5 4.6 0.112 16.2
19620529 3.7 4.98 0.11 17.5
19620530 6.2 4.9 0.109 17.3
19620531 1.8 4.82 0.11 17.1
19620601 1.7 4.06 0.11 14.8
19620602 0.8 3.87 0.109 14.3
19620603 5.9 3.74 0.107 14
19620604 2.2 3.64 0.107 13.8
19620605 0.4 3.73 0.107 14.2
19620606 0 4.06 0.106 15.3
19620607 0 4.3 0.103 16.1
19620608 0.1 4.54 0.1 16.9
19620609 0 4.61 0.097 17.2
19620610 0.9 5.06 0.095 18.6
19620611 3.9 5.52 0.093 20
19620612 8.1 5.78 0.093 20.8
19620613 5 4.79 0.095 18.1
19620614 3.5 4.36 0.097 17
19620615 0.3 5.01 0.098 18.9
19620616 0 5.42 0.097 20.1
19620617 0 6.13 0.095 22.1
19620618 1.1 6.74 0.092 23.8
19620619 0 6.83 0.09 24.1
19620620 0 7.07 0.088 24.8
19620621 0 7.31 0.086 25.5
19620622 0.4 7.33 0.084 25.6
19620623 0.2 7.39 0.082 25.8
19620624 0 7.15 0.08 25.2
19620625 0 7.02 0.078 24.9
19620626 0.9 7.08 0.077 25.1
19620627 1.5 6.95 0.075 24.8
19620628 4.3 6.52 0.074 23.7
19620629 0.6 6.65 0.073 24.1
19620630 0.1 6.82 0.072 24.6
19620701 0 6.95 0.071 25
19620702 0 6.97 0.07 25.1
19620703 0 7.37 0.069 26.2
19620704 0.2 7.58 0.067 26.8
19620705 0.2 6.5 0.066 24
19620706 0 6.44 0.065 23.9
19620707 0 6.34 0.064 23.7
19620708 0 6.4 0.063 23.9
19620709 0 6.19 0.062 23.4
19620710 0 6.09 0.061 23.2
19620711 0 6.76 0.06 25
19620712 0 6.66 0.059 24.8
19620713 0 6.64 0.058 24.8
19620714 0 6.9 0.058 25.5
19620715 0 6.72 0.057 25.1
19620716 0 6.02 0.056 23.3
19620717 0 6.4 0.055 24.3
19620718 0 6.39 0.055 24.3
19620719 0 7.25 0.054 26.6
19620720 0 7.47 0.053 27.2
19620721 0 7.26 0.053 26.7
19620722 0 6.71 0.052 25.3
19620723 0 6.74 0.052 25.4
19620724 0 7.17 0.051 26.6
19620725 0 7.27 0.051 26.9
19620726 0.1 6.92 0.05 26
19620727 0 7.35 0.05 27.2
19620728 0 7.29 0.049 27.1
19620729 0.2 7.13 0.049 26.7
19620730 0 7.11 0.048 26.7
19620731 0 7.35 0.048 27.4
19620801 0.2 7.51 0.048 27.9
19620802 0 7.2 0.047 27.1
19620803 0 6.53 0.047 25.3
19620804 0 6.48 0.046 25.2
19620805 0 6.25 0.046 24.6
19620806 0 6.03 0.046 24
19620807 0 5.73 0.045 23.2
19620808 0 5.82 0.045 23.5
19620809 0 5.95 0.045 23.9
19620810 0 6.39 0.045 25.2
19620811 0 6.44 0.044 25.4
19620812 0 6.74 0.044 26.3
19620813 0 7.1 0.044 27.4
19620814 0 7.66 0.043 29.1
19620815 0 6.65 0.043 26.2
19620816 0 5.79 0.043 23.7
19620817 0 5.75 0.043 23.6
19620818 0 6.34 0.042 25.4
19620819 0 6.92 0.042 27.2
19620820 0 6.99 0.042 27.5
19620821 0 6.6 0.042 26.4
19620822 0 6.55 0.041 26.3
19620823 0 6.49 0.041 26.2
19620824 0 6.65 0.041 26.8
19620825 0.1 6.78 0.041 27.3
19620826 0 6.84 0.041 27.6
19620827 0 6.92 0.04 28
19620828 0 6.98 0.04 28.3
19620829 0 6.67 0.04 27.4
19620830 0 6.7 0.04 27.6
19620831 0 6.48 0.04 27
19620901 0 5.82 0.039 24.8
19620902 0 5.79 0.039 24.8
19620903 0 6.18 0.039 26.3
19620904 0 5.72 0.039 24.8
19620905 0 5.36 0.039 23.6
19620906 0 5.71 0.038 25
19620907 0.1 5.65 0.038 24.9
19620908 0 5.8 0.038 25.6
19620909 0 5.84 0.038 25.9
19620910 0 5.8 0.038 25.9
19620911 0 5.75 0.038 25.9
19620912 0.1 5.96 0.037 26.9
19620913 1.3 5.72 0.037 26.1
19620914 0.8 5.67 0.037 26.1
19620915 1.8 5.36 0.037 25
19620916 0.4 5 0.037 23.6
19620917 0 4.31 0.037 20.8
19620918 0.2 4.27 0.037 20.7
19620919 0.2 4.29 0.036 20.9
19620920 1 4.2 0.036 20.6
19620921 0.3 4.23 0.036 20.9
19620922 0.4 4.33 0.036 21.5
19620923 1 4.6 0.036 22.9
19620924 9.6 4.56 0.036 22.9
19620925 10 4.07 0.036 20.7
19620926 10.3 3.54 0.036 18.2
19620927 2.4 2.96 0.036 15.4
19620928 2.5 2.94 0.037 15.4
19620929 0.2 3.23 0.037 17
19620930 0 3.28 0.037 17.4
19621001 0 3.52 0.037 18.9
19621002 0 3.52 0.037 19.1
19621003 0.3 3.52 0.037 19.3
19621004 0.4 3.5 0.036 19.4
19621005 0 3.57 0.036 20.1
19621006 0 3.56 0.036 20.3
19621007 0 3.61 0.036 20.9
19621008 0.3 3.53 0.036 20.7
19621009 0.7 3.46 0.036 20.6
19621010 2.6 3.19 0.036 19.1
19621011 6.3 2.79 0.036 16.7
19621012 5.1 2.54 0.036 15.3
19621013 11.3 2.51 0.037 15.3
19621014 11.5 2.4 0.039 14.8
19621015 6.9 2.19 0.041 13.5
19621016 1.9 2.34 0.044 14.6
19621017 0.8 2.41 0.046 15.2
19621018 0.5 2.4 0.046 15.2
19621019 0 2.36 0.046 15
19621020 0.1 2.35 0.046 15
19621021 0.3 2.4 0.045 15.5
19621022 0.9 2.44 0.045 16
19621023 0.1 2.31 0.044 15
19621024 0.2 2.32 0.044 15.2
19621025 3.2 2.33 0.044 15.4
19621026 4.5 2.31 0.044 15.4
19621027 1.2 2.32 0.045 15.7
19621028 0.5 2.21 0.046 14.8
19621029 0.1 1.93 0.046 12.4
19621030 0 1.74 0.045 10.7
19621031 0 1.72 0.044 10.6
19621101 1.1 1.63 0.044 9.9
19621102 2 1.63 0.044 10
19621103 5.2 1.55 0.044 9.3
19621104 1.9 1.61 0.045 10
19621105 4.7 1.42 0.046 8.1
19621106 2.2 1.33 0.048 7.3
19621107 2.4 1.34 0.049 7.5
19621108 2.6 1.31 0.05 7.3
19621109 1.5 1.26 0.051 6.9
19621110 2.5 1.28 0.052 7.3
19621111 3.1 1.29 0.052 7.5
19621112 1.7 1.3 0.053 7.9
19621113 4.6 1.26 0.055 7.5
19621114 1.4 1.17 0.056 6.6
19621115 0.1 0.99 0.057 4.3
19621116 0.1 1.06 0.057 5.4
19621117 0.1 1.07 0.056 5.6
19621118 1.4 1.03 0.055 5.1
19621119 0.2 0.87 0.055 2.8
19621120 1.1 0.86 0.054 2.7
19621121 4.1 0.9 0.054 3.4
19621122 0.9 1.01 0.055 5
19621123 0.1 0.99 0.056 4.8
19621124 0 1 0.056 5
19621125 0 1.02 0.055 5.4
19621126 0 1.11 0.054 7
19621127 0 1.05 0.053 6.1
19621128 0 0.97 0.052 5
19621129 0 0.93 0.051 4.4
19621130 0 0.88 0.05 3.8
19621201 0 0.93 0.049 4.7
19621202 0 0.95 0.048 5.1
19621203 0 0.88 0.047 4
19621204 0 0.84 0.046 3.5
19621205 0 0.8 0.046 2.8
19621206 0 0.83 0.045 3.5
19621207 0.1 0.81 0.044 3.2
19621208 0.1 0.8 0.044 3.2
19621209 0 0.75 0.043 2.4
19621210 0 0.78 0.042 3
19621211 0.2 0.82 0.042 4
19621212 1.5 0.81 0.042 3.9
19621213 2 0.67 0.042 1.4
19621214 0.1 0.65 0.042 1
19621215 0 0.74 0.043 3.1
19621216 0 0.85 0.042 5.4
19621217 0 0.93 0.042 6.9
19621218 0 0.97 0.041 7.5
19621219 0.1 0.94 0.041 6.9
19621220 0.1 1.01 0.04 8.1
19621221 0 1 0.04 7.7
19621222 0 0.85 0.039 4.7
19621223 0 0.73 0.039 2
19621224 0 0.58 0.039 -1.1
19621225 0.6 0.42 0.038 -4.3
19621226 4.5 0.45 0.038 -3.8
19621227 22.4 0.59 0.037 -1.1
19621228 23.4 0.85 0.043 3.9
19621229 14.5 1.01 0.064 6.9
19621230 8.2 0.99 0.092 6.4
19621231 2.4 1.03 0.114 7.1
19630101 4.9 1.05 0.124 7.3
19630102 6 1.1 0.131 8.2
19630103 5.7 0.97 0.141 5.5
19630104 5.5 1 0.152 6.1
19630105 9.4 1.1 0.166 7.8
19630106 3 1.14 0.182 8.4
19630107 4 1.11 0.195 7.7
19630108 7.9 1.12 0.205 7.7
19630109 5.2 1.22 0.219 9.6
19630110 5.2 1.19 0.235 8.9
19630111 1.4 1.11 0.247 7.3
19630112 1.3 1.03 0.25 5.7
19630113 4 1.02 0.248 5.4
19630114 4.4 1.05 0.249 5.7
19630115 2.1 1.09 0.254 6.3
19630116 1.1 1.1 0.257 6.5
19630117 2.5 1.13 0.254 6.8
19630118 4 1.17 0.253 7.1
19630119 1.5 1.2 0.255 7.2
19630120 2.9 1.22 0.257 7.2
19630121 0.9 1.21 0.256 6.7
19630122 0.6 1.2 0.252 6.2
19630123 0.1 1.03 0.244 3.2
19630124 0 0.96 0.234 1.9
19630125 0 1.1 0.223 3.9
19630126 0 1.08 0.213 3.3
19630127 0 1.06 0.202 2.8
19630128 0 1.01 0.193 1.8
19630129 0 0.93 0.184 0.5
19630130 0 0.96 0.176 0.8
19630131 0.3 1.07 0.169 2.1
19630201 3.4 1.01 0.164 1.1
19630202 1 0.85 0.163 -1.1
19630203 1 0.96 0.162 0.1
19630204 3.3 0.94 0.157 -0.3
19630205 1.8 0.93 0.151 -0.5
19630206 5.6 1.13 0.15 1.9
19630207 1.9 1.33 0.161 4.2
19630208 2 1.36 0.175 4.3
19630209 9 1.43 0.185 5
19630210 5.4 1.58 0.204 6.6
19630211 3.4 1.58 0.227 6.4
19630212 1.3 1.56 0.242 6
19630213 2.4 1.52 0.245 5.3
19630214 7.2 1.48 0.249 4.7
19630215 12.1 1.6 0.27 5.7
19630216 8.2 1.73 0.312 6.9
19630217 2.3 1.66 0.355 5.9
19630218 3.5 1.78 0.377 6.8
19630219 3 1.85 0.382 7.3
19630220 0.8 1.71 0.382 5.7
19630221 0.4 1.59 0.375 4.3
19630222 0.2 1.57 0.361 3.9
19630223 0.3 1.59 0.345 3.9
19630224 0.7 1.69 0.329 4.7
19630225 0.4 1.81 0.315 5.6
19630226 0.4 1.92 0.302 6.4
19630227 0.4 1.94 0.29 6.4
19630228 2.7 1.99 0.279 6.6
19630301 3.3 1.92 0.276 5.9
19630302 1.2 2.04 0.277 6.7
19630303 0.7 2.2 0.276 7.8
19630304 0.1 2.32 0.269 8.6
19630305 0.1 2.37 0.259 8.8
19630306 0 2.58 0.247 10.3
19630307 0.2 2.69 0.236 10.9
19630308 1 2.63 0.226 10.3
19630309 0.7 2.52 0.218 9.3
19630310 1.9 2.7 0.212 10.4
19630311 5.2 2.61 0.211 9.6
19630312 2.2 2.26 0.215 7
19630313 0.2 2.34 0.219 7.5
19630314 0.2 2.68 0.216 9.7
19630315 0.7 2.84 0.208 10.6
19630316 1.1 2.94 0.201 11.3
19630317 0.2 3.17 0.195 12.7
19630318 0 3.18 0.189 12.6
19630319 0.1 3.11 0.182 12
19630320 0.1 2.63 0.174 8.8
19630321 0 2.46 0.168 7.6
19630322 0 2.39 0.161 7.1
19630323 0 1.84 0.155 3.6
19630324 0.1 1.83 0.149 3.5
19630325 0 2.25 0.143 6
19630326 0 2.72 0.138 8.8
19630327 0 2.87 0.133 9.6
19630328 0 3.17 0.128 11.3
19630329 0.5 2.81 0.124 9.1
19630330 0 2.69 0.12 8.3
19630331 0 2.98 0.117 9.9
19630401 0.1 2.96 0.113 9.7
19630402 0.4 3.13 0.11 10.6
19630403 4.2 3.29 0.108 11.4
19630404 6.6 2.99 0.109 9.7
19630405 1.2 2.56 0.114 7.3
19630406 0 2.55 0.117 7.2
19630407 2.9 2.73 0.116 8.1
19630408 15 3.17 0.12 10.4
19630409 13.2 3.36 0.136 11.3
19630410 4.5 3.12 0.16 10
19630411 3.7 2.99 0.178 9.3
19630412 5.8 3.16 0.187 10.1
19630413 2 3.53 0.193 11.9
19630414 0.4 3.68 0.196 12.6
19630415 0.1 3.88 0.193 13.5
19630416 2.7 3.93 0.187 13.7
19630417 12.6 3.51 0.187 11.6
19630418 3.4 3.48 0.199 11.4
19630419 0.2 3.57 0.21 11.8
19630420 0 3.94 0.21 13.5
19630421 0 4.21 0.202 14.7
19630422 0 4.22 0.193 14.7
19630423 0 4.12 0.185 14.2
19630424 0.1 4.22 0.178 14.6
19630425 0 4.34 0.171 15.1
19630426 0 4.22 0.164 14.5
19630427 0 4.04 0.157 13.7
19630428 0.3 3.89 0.152 13
19630429 0.1 3.85 0.146 12.8
19630430 0.1 3.99 0.141 13.4
19630501 0.2 4.38 0.136 15
19630502 0.9 4.48 0.132 15.4
19630503 1.3 3.98 0.128 13.3
19630504 0.2 3.85 0.125 12.8
19630505 0.2 4.37 0.121 14.9
19630506 2.4 4.73 0.118 16.3
19630507 0.3 4.76 0.116 16.4
19630508 0 4.84 0.113 16.7
19630509 0 5.26 0.11 18.3
19630510 0 5.32 0.107 18.5
19630511 0 5.07 0.103 17.5
19630512 0 5.02 0.101 17.3
19630513 0 5.47 0.098 19
19630514 0 5.43 0.095 18.8
19630515 0 5.09 0.093 17.5
19630516 0 4.09 0.09 13.8
19630517 0 4.1 0.088 13.9
19630518 0 4.59 0.086 15.7
19630519 0 4.94 0.084 17
19630520 0 4.94 0.082 17
19630521 0.4 5.5 0.08 19
19630522 0 4.98 0.079 17.2
19630523 0 3.98 0.077 13.8
19630524 0 4.11 0.075 14.3
19630525 0 4.5 0.074 15.7
19630526 0.1 4.39 0.073 15.4
19630527 0.4 4.25 0.071 15
19630528 0.8 4.78 0.07 16.8
19630529 3.2 5.14 0.069 18
19630530 3.9 4.78 0.068 16.9
19630531 0.2 4.72 0.068 16.8
19630601 2.9 4.48 0.067 16.1
19630602 2.8 3.81 0.067 14.1
19630603 9.1 3.25 0.067 12.5
19630604 5.2 2.98 0.067 11.8
19630605 2.2 3.24 0.069 12.7
19630606 1.9 3.76 0.069 14.4
19630607 0.2 4.44 0.069 16.5
19630608 0.1 4.95 0.068 18.1
19630609 0.5 4.78 0.067 17.7
19630610 0 4.79 0.066 17.8
19630611 0 5.03 0.065 18.6
19630612 0.1 5.57 0.064 20.2
19630613 0 6.15 0.064 21.9
19630614 0.2 6.41 0.063 22.7
19630615 0.1 6.13 0.062 22
19630616 0.1 6.08 0.061 21.9
19630617 0 6.61 0.06 23.4
19630618 0 7.18 0.059 25
19630619 0.1 7.27 0.059 25.3
19630620 1 7.18 0.058 25.1
19630621 3 7.16 0.057 25.1
19630622 2.6 7.11 0.057 25
19630623 2.8 6.87 0.057 24.4
19630624 1.9 6.74 0.057 24.1
19630625 0.7 6.57 0.056 23.7
19630626 8.1 6.97 0.056 24.8
19630627 2.2 5.75 0.056 21.6
19630628 0.5 5.32 0.056 20.5
19630629 1 4.96 0.056 19.6
19630630 0.3 5.35 0.056 20.7
19630701 0.1 5.22 0.055 20.4
19630702 0 5.57 0.055 21.4
19630703 0 5.55 0.054 21.4
19630704 0 5.8 0.053 22.1
19630705 1.6 6.16 0.053 23.1
19630706 0 6.48 0.053 24
19630707 0.1 6.88 0.052 25.1
19630708 0 7.09 0.052 25.7
19630709 0 6.8 0.051 25
19630710 0.1 6.4 0.051 24
19630711 0 6.15 0.05 23.4
19630712 0 6.16 0.05 23.5
19630713 0 5.72 0.049 22.4
19630714 0 5.77 0.049 22.6
19630715 0 6.64 0.049 24.9
19630716 0 7.46 0.048 27
19630717 0 6.82 0.048 25.4
19630718 0 6.31 0.048 24.1
19630719 0.1 6.3 0.047 24.1
19630720 0 6.63 0.047 25
19630721 0 6.58 0.046 24.9
19630722 1 6.83 0.046 25.6
19630723 0.9 7.23 0.046 26.7
19630724 0.8 7.02 0.046 26.2
19630725 5.3 6.97 0.045 26.1
19630726 5.7 6.32 0.045 24.4
19630727 1.9 5.86 0.045 23.2
19630728 0.9 6 0.045 23.6
19630729 0.4 6.21 0.045 24.2
19630730 1.1 6.41 0.045 24.8
19630731 1.6 6.33 0.044 24.6
19630801 0.4 6.06 0.044 23.9
19630802 0.2 6.04 0.044 23.9
19630803 0 5.6 0.044 22.7
19630804 0 5.55 0.044 22.6
19630805 0.1 5.51 0.043 22.5
19630806 0 5 0.043 21.1
19630807 0 5.2 0.043 21.7
19630808 0 5.72 0.043 23.2
19630809 0 6.09 0.042 24.3
19630810 0 6.74 0.042 26.2
19630811 0 7.07 0.042 27.2
19630812 0 6.01 0.042 24.2
19630813 0 6.1 0.041 24.5
19630814 0 5.74 0.041 23.5
19630815 0 5.59 0.041 23.1
19630816 0 5.45 0.041 22.7
19630817 0 4.63 0.041 20.3
19630818 0 4.27 0.04 19.2
19630819 0 4.86 0.04 21
19630820 0 5.42 0.04 22.7
19630821 0 5.63 0.04 23.4
19630822 0 5.94 0.04 24.4
19630823 0 6.39 0.04 25.9
19630824 0 6.46 0.039 26.2
19630825 0 6.43 0.039 26.2
19630826 0 6.1 0.039 25.2
19630827 0 6.01 0.039 25
19630828 0.4 5.42 0.039 23.1
19630829 0 4.89 0.038 21.4
19630830 0 4.99 0.038 21.8
19630831 0 4.92 0.038 21.6
19630901 0.3 4.47 0.038 20.1
19630902 2.9 4.31 0.038 19.6
19630903 7.3 4.21 0.038 19.3
19630904 4.5 3.98 0.038 18.5
19630905 1.3 3.97 0.038 18.5
19630906 0.2 3.9 0.038 18.3
19630907 0.1 3.7 0.038 17.6
19630908 0 3.85 0.037 18.2
19630909 0.1 4.33 0.037 20.1
19630910 0.7 4.15 0.037 19.5
19630911 2.2 3.6 0.037 17.4
19630912 5.4 3.31 0.037 16.3
19630913 6 3.01 0.037 15.1
19630914 5.5 3.22 0.037 16
19630915 4.9 3.23 0.038 16.1
19630916 8 3.34 0.038 16.6
19630917 1.3 3.38 0.039 16.8
19630918 2.5 3.35 0.04 16.7
19630919 0.4 3.36 0.04 16.8
19630920 0.5 3.62 0.04 18
19630921 0.2 3.73 0.04 18.6
19630922 0.9 3.73 0.04 18.7
19630923 0.6 3.9 0.04 19.6
19630924 0.2 3.67 0.04 18.6
19630925 0 3.74 0.039 19.1
19630926 0 3.92 0.039 20.1
19630927 0 4.06 0.039 21
19630928 0 4.14 0.039 21.6
19630929 0 4.14 0.038 21.8
19630930 0 4.11 0.038 21.9
19631001 0.1 3.98 0.038 21.4
19631002 0.1 3.22 0.038 17.4
19631003 0 2.48 0.037 13.4
19631004 0 2.79 0.037 15.3
19631005 0 2.97 0.037 16.5
19631006 0 2.95 0.037 16.6
19631007 0 3.21 0.037 18.4
19631008 0.1 3.2 0.036 18.6
19631009 0 3.05 0.036 17.9
19631010 0.1 3.11 0.036 18.6
19631011 0.1 2.93 0.036 17.7
19631012 0.1 2.83 0.036 17.3
19631013 0 2.69 0.035 16.6
19631014 0 2.65 0.035 16.6
19631015 0 2.55 0.035 16.2
19631016 0.1 2.48 0.035 15.7
19631017 0 2.55 0.035 16.3
19631018 0.1 2.54 0.035 16.3
19631019 0 2.64 0.034 17.2
19631020 0 2.56 0.034 16.7
19631021 0 2.56 0.034 16.8
19631022 0 2.48 0.034 16.3
19631023 0.1 2.4 0.034 15.8
19631024 0 2.35 0.034 15.5
19631025 0.1 2.27 0.034 14.9
19631026 0 2.26 0.033 15
19631027 0 2.32 0.033 15.7
19631028 0.3 2.2 0.033 14.7
19631029 2.4 2.1 0.033 14
19631030 6.9 2.09 0.033 14
19631031 6.1 1.86 0.033 12
19631101 9.7 1.69 0.034 10.4
19631102 15.3 1.7 0.035 10.7
19631103 3.1 1.69 0.038 10.7
19631104 5.3 1.7 0.04 11
19631105 7.4 1.65 0.042 10.6
19631106 5 1.5 0.045 9.1
19631107 0.4 1.41 0.048 8.3
19631108 1.1 1.43 0.049 8.7
19631109 3.6 1.72 0.049 12.3
19631110 1.6 1.78 0.05 13.2
19631111 3.7 1.66 0.051 12.1
19631112 11.9 1.75 0.053 13.5
19631113 6.8 1.77 0.059 14.1
19631114 7.6 1.8 0.066 14.9
19631115 11.7 1.72 0.075 14.3
19631116 1.2 1.37 0.085 9.6
19631117 0.2 1.22 0.091 7.6
19631118 0.1 1.28 0.091 8.6
19631119 0.1 1.31 0.088 9.1
19631120 0 1.28 0.086 8.8
19631121 0 1.3 0.083 9.2
19631122 0.1 1.29 0.08 9.2
19631123 0.3 1.25 0.078 8.7
19631124 1 1.27 0.076 9.2
19631125 3.1 1.22 0.075 8.6
19631126 0.8 1.11 0.075 6.9
19631127 0.3 1.1 0.076 7
19631128 0.9 1.04 0.075 6.1
19631129 0.9 1.03 0.074 6
19631130 1.3 0.92 0.073 4.3
19631201 4.9 0.87 0.073 3.6
19631202 6.7 0.99 0.076 5.8
19631203 6.1 0.98 0.083 5.8
19631204 2.5 1.04 0.092 7
19631205 3.2 1.06 0.097 7.4
19631206 5.7 1.1 0.102 8.4
19631207 1.5 1.11 0.107 8.7
19631208 0.1 1.07 0.11 8.2
19631209 0.8 1.02 0.109 7.5
19631210 4.8 0.97 0.107 6.7
19631211 5.5 0.96 0.111 6.8
19631212 3.3 0.9 0.118 5.8
19631213 5.1 0.92 0.125 6.3
19631214 12.9 0.92 0.137 6.6
19631215 6.1 0.83 0.157 4.9
19631216 4 0.64 0.179 1
19631217 6 0.73 0.194 2.8
19631218 9.2 0.83 0.208 4.6
19631219 3.5 0.82 0.228 4.3
19631220 0.9 0.79 0.243 3.7
19631221 0.3 0.78 0.244 3.3
19631222 0.1 0.68 0.236 1.1
19631223 0.3 0.67 0.225 0.9
19631224 0.1 0.75 0.215 2.3
19631225 0 0.81 0.205 3.5
19631226 0 0.84 0.196 3.9
19631227 0 0.92 0.187 5.4
19631228 0.1 0.97 0.179 6.3
19631229 0.3 0.96 0.171 5.9
19631230 0 1.02 0.164 7
19631231 0 1 0.158 6.5
19640101 0 0.89 0.151 4.2
19640102 0 0.9 0.145 4.3
19640103 0 0.89 0.139 4.1
19640104 0 0.91 0.133 4.3
19640105 0 0.91 0.128 4.2
19640106 0.1 0.81 0.123 2.2
19640107 0 0.77 0.118 1.4
19640108 0 0.77 0.114 1.2
19640109 0 0.86 0.109 2.9
19640110 0 0.88 0.105 3.2
19640111 0.5 0.89 0.102 3.2
19640112 1.2 0.93 0.099 3.9
19640113 0.5 1.11 0.098 6.9
19640114 0 1.15 0.097 7.6
19640115 0 1.19 0.095 8.1
19640116 0 1.17 0.092 7.8
19640117 0 1.12 0.089 6.6
19640118 0 1.14 0.087 6.5
19640119 0 1.12 0.084 5.9
19640120 0 1.17 0.081 6.3
19640121 0 1.14 0.079 5.6
19640122 0 1.13 0.077 5.1
19640123 0 1.09 0.075 4.2
19640124 0 1.06 0.073 3.5
19640125 0 1.02 0.071 2.6
19640126 0 1.05 0.069 2.8
19640127 0 1.05 0.068 2.7
19640128 0 1.04 0.066 2.3
19640129 0 1.06 0.064 2.3
19640130 0 1.22 0.063 4.4
19640131 0 1.26 0.062 4.7
19640201 0 1.38 0.06 6.1
19640202 0 1.48 0.059 7.2
19640203 0 1.55 0.058 7.9
19640204 0 1.61 0.057 8.3
19640205 0.2 1.65 0.056 8.6
19640206 1.8 1.53 0.056 6.8
19640207 0.5 1.38 0.056 4.8
19640208 0.3 1.13 0.057 1.6
19640209 0 1.1 0.057 1.1
19640210 0 1.17 0.056 1.7
19640211 0.4 1.27 0.056 2.8
19640212 2.3 1.35 0.055 3.5
19640213 9.3 1.41 0.059 4.1
19640214 13.5 1.52 0.072 5.1
19640215 8.9 1.55 0.096 5.2
19640216 7.6 1.72 0.123 6.8
19640217 8.9 1.95 0.148 8.9
19640218 12.1 1.97 0.175 8.8
19640219 2 2.03 0.205 9.1
19640220 0.6 2.05 0.224 9
19640221 2.8 2.09 0.225 9.1
19640222 3.1 2.2 0.223 9.9
19640223 8.5 2.22 0.228 9.8
19640224 10.3 2.1 0.247 8.4
19640225 4.8 2 0.275 7.3
19640226 5.8 2.08 0.301 7.8
19640227 3.1 2.2 0.317 8.6
19640228 1.9 2.21 0.324 8.5
19640229 0.6 2.03 0.323 7
19640301 1.5 2.03 0.314 6.8
19640302 8.9 1.95 0.311 6
19640303 0.6 2.25 0.319 8.2
19640304 0.2 2.52 0.323 10.2
19640305 0.6 2.42 0.314 9.2
19640306 3.3 1.92 0.303 5.2
19640307 7.9 1.68 0.301 3.3
19640308 0.6 1.65 0.31 3
19640309 0.5 1.55 0.314 2.2
19640310 1 1.99 0.306 5.3
19640311 2.6 2.41 0.296 8.2
19640312 2.3 2.76 0.29 10.5
19640313 1.8 2.81 0.287 10.7
19640314 2.2 2.85 0.284 10.8
19640315 0.1 2.48 0.279 8.2
19640316 0.1 2.36 0.27 7.4
19640317 0.2 2.63 0.259 9.1
19640318 0.1 2.82 0.247 10.2
19640319 1.2 2.82 0.236 10.1
19640320 2.2 2.85 0.229 10.2
19640321 0.5 2.89 0.224 10.3
19640322 0.3 3.13 0.218 11.7
19640323 0.8 3.57 0.211 14.3
19640324 1.9 3.53 0.204 13.9
19640325 0.8 2.91 0.199 10
19640326 0.3 2.57 0.194 7.9
19640327 0.7 2.62 0.188 8.1
19640328 3.5 2.83 0.183 9.3
19640329 5.1 2.67 0.182 8.3
19640330 0.7 2.67 0.185 8.2
19640331 3.3 2.71 0.186 8.4
19640401 2.5 2.57 0.186 7.5
19640402 1.2 2.48 0.186 7
19640403 2.3 2.64 0.184 7.8
19640404 2.4 2.57 0.182 7.4
19640405 0.6 2.36 0.181 6.2
19640406 1.2 2.37 0.178 6.2
19640407 0.9 2.58 0.174 7.3
19640408 0 2.81 0.169 8.5
19640409 0.1 2.78 0.164 8.3
19640410 0.7 3.35 0.158 11.2
19640411 0.7 3.72 0.152 13
19640412 1.9 3.81 0.148 13.4
19640413 0 3.79 0.145 13.2
19640414 0.5 4.08 0.142 14.6
19640415 0.6 4.16 0.138 14.9
19640416 3.7 4.03 0.134 14.2
19640417 2.7 3.39 0.134 11
19640418 1.9 3.18 0.134 10
19640419 1.2 2.89 0.134 8.6
19640420 0.1 3 0.132 9.1
19640421 0 3.37 0.128 10.8
19640422 0 3.85 0.124 13
19640423 0 4.23 0.12 14.7
19640424 0 4.49 0.116 15.8
19640425 0 4.66 0.112 16.5
19640426 0 4.76 0.109 16.9
19640427 0 4.87 0.105 17.3
19640428 0.3 4.93 0.102 17.5
19640429 0 5.36 0.099 19.3
19640430 0.2 5.57 0.097 20.1
19640501 0.1 5.57 0.094 20
19640502 0 5.63 0.092 20.2
19640503 0 5.58 0.089 19.9
19640504 0 5.59 0.087 19.9
19640505 0 5.68 0.085 20.2
19640506 0 6 0.083 21.4
19640507 0 6.17 0.081 22
19640508 0 5.88 0.079 20.8
19640509 0 6 0.077 21.2
19640510 0 5.78 0.075 20.3
19640511 0.1 6.13 0.074 21.6
19640512 0 6.15 0.072 21.6
19640513 0 6.32 0.071 22.2
19640514 0 6.53 0.069 22.9
19640515 0.1 6.7 0.068 23.5
19640516 0 6.76 0.067 23.7
19640517 0.4 6.72 0.066 23.5
19640518 0.3 6.79 0.065 23.7
19640519 0.2 6.92 0.064 24.1
19640520 1.5 6.71 0.063 23.3
19640521 1.4 5.84 0.062 20.2
19640522 0.9 5.79 0.061 20
19640523 0.2 5.38 0.06 18.6
19640524 0 4.67 0.06 16.2
19640525 0 4.62 0.059 16.1
19640526 0.3 4.91 0.058 17.1
19640527 0.3 4.98 0.057 17.4
19640528 0.1 5.4 0.057 18.8
19640529 0.7 5.48 0.056 19.1
19640530 1.9 5.37 0.055 18.8
19640531 6.7 4.6 0.055 16.4
19640601 2.3 4.03 0.055 14.7
19640602 0.5 3.93 0.054 14.5
19640603 0.4 4.88 0.054 17.5
19640604 1.3 4.82 0.054 17.4
19640605 0.1 4.46 0.053 16.4
19640606 0 5.17 0.053 18.6
19640607 0 6.16 0.052 21.6
19640608 0 6.83 0.052 23.6
19640609 0 7.44 0.051 25.4
19640610 0.4 7.64 0.051 26
19640611 0.9 7.56 0.05 25.8
19640612 0 8.05 0.05 27.2
19640613 0 6.93 0.049 24.1
19640614 0.1 5.98 0.049 21.5
19640615 0 6.39 0.048 22.7
19640616 0.1 6.37 0.048 22.7
19640617 1.8 6.61 0.048 23.4
19640618 2.8 6.88 0.047 24.2
19640619 3.4 6.21 0.047 22.4
19640620 5.4 5.93 0.047 21.7
19640621 7.2 6.17 0.047 22.4
19640622 1.5 5.89 0.047 21.7
19640623 1.4 5.72 0.047 21.3
19640624 2.9 5.63 0.047 21.1
19640625 6.6 5.2 0.047 20
19640626 4.6 4.69 0.048 18.7
19640627 5.2 4.56 0.048 18.4
19640628 0.8 4.72 0.049 18.9
19640629 0.1 5.23 0.049 20.3
19640630 0.5 5.65 0.049 21.5
19640701 0.1 5.82 0.048 22
19640702 0.3 6.06 0.048 22.7
19640703 0 6.57 0.048 24.1
19640704 0 6.71 0.047 24.5
19640705 0 6.19 0.047 23.2
19640706 0 5.79 0.046 22.2
19640707 0 5.89 0.046 22.5
19640708 0 6.4 0.046 23.9
19640709 0 6.19 0.045 23.4
19640710 0 5.74 0.045 22.3
19640711 0 5.92 0.044 22.8
19640712 0 6.47 0.044 24.3
19640713 0.1 6.88 0.044 25.4
19640714 0 7.17 0.043 26.2
19640715 0.5 7.53 0.043 27.2
19640716 0.1 7.73 0.043 27.7
19640717 0.1 7.52 0.043 27.2
19640718 0 7.81 0.042 28
19640719 1.1 7.75 0.042 27.9
19640720 0.3 7.54 0.042 27.4
19640721 1.2 7.75 0.041 28
19640722 0.7 7.02 0.041 26.1
19640723 0.2 7.27 0.041 26.8
19640724 0.4 7.47 0.041 27.4
19640725 0.1 7.53 0.04 27.6
19640726 0.1 7.29 0.04 27
19640727 0 6.98 0.04 26.2
19640728 0 6.88 0.04 26
19640729 0 7.09 0.039 26.6
19640730 0.1 6.93 0.039 26.2
19640731 0 6.98 0.039 26.4
19640801 0 6.89 0.039 26.2
19640802 0 7.13 0.039 26.9
19640803 0.2 7.33 0.038 27.5
19640804 1 7.45 0.038 27.9
19640805 2.4 7.57 0.038 28.3
19640806 1.2 6.98 0.038 26.7
19640807 0.2 7 0.038 26.8
19640808 0 6.56 0.037 25.6
19640809 0 6.26 0.037 24.8
19640810 0 6.39 0.037 25.2
19640811 0 6.51 0.037 25.6
19640812 0.3 6.18 0.037 24.7
19640813 0 5.75 0.036 23.5
19640814 0 5.47 0.036 22.7
19640815 0 5.39 0.036 22.5
19640816 0 6.03 0.036 24.4
19640817 0 5.82 0.036 23.8
19640818 0 5.2 0.036 22
19640819 0 5.26 0.035 22.2
19640820 0 5.74 0.035 23.7
19640821 0 5.82 0.035 24
19640822 0 5.39 0.035 22.7
19640823 0 5.44 0.035 22.9
19640824 0 5.3 0.035 22.5
19640825 0 5.25 0.034 22.4
19640826 0 5.05 0.034 21.8
19640827 0 5.37 0.034 22.9
19640828 0 5.78 0.034 24.3
19640829 0.2 5.87 0.034 24.7
19640830 0 5.99 0.034 25.2
19640831 0.1 5.93 0.034 25.1
19640901 0 6.25 0.033 26.3
19640902 0 6.24 0.033 26.4
19640903 0 5.67 0.033 24.5
19640904 0 4.84 0.033 21.6
19640905 0 4.62 0.033 20.9
19640906 0 4.79 0.033 21.6
19640907 0 5.01 0.033 22.5
19640908 0 5.27 0.032 23.6
19640909 1 5.55 0.032 24.8
19640910 0.5 5.49 0.032 24.7
19640911 0.2 5.27 0.032 24
19640912 0.1 5.36 0.032 24.5
19640913 0.4 5.45 0.032 25
19640914 0.2 5.33 0.032 24.7
19640915 0 5.17 0.032 24.2
19640916 0 5.26 0.031 24.7
19640917 0 5.15 0.031 24.4
19640918 0.1 5.14 0.031 24.5
19640919 0.2 5.08 0.031 24.4
19640920 1 4.57 0.031 22.3
19640921 0.1 4.43 0.031 21.8
19640922 0.1 4.49 0.031 22.2
19640923 0 4.51 0.031 22.5
19640924 0.2 4.54 0.03 22.8
19640925 0.3 4.54 0.03 23
19640926 1.1 4.52 0.03 23.1
19640927 1.1 4.1 0.03 21.2
19640928 3.1 4.02 0.03 21
19640929 5.7 3.93 0.03 20.7
19640930 5 3.54 0.03 18.8
19641001 2 3.37 0.03 18.1
19641002 0.3 3.27 0.03 17.7
19641003 0.2 3.4 0.03 18.6
19641004 0.4 3.58 0.03 19.9
19641005 0.3 3.66 0.03 20.6
19641006 0 3.63 0.03 20.7
19641007 0.1 3.55 0.03 20.5
19641008 0.1 3.04 0.03 17.6
19641009 0.3 2.66 0.029 15.4
19641010 1.2 2.58 0.029 15.1
19641011 3.1 2.33 0.029 13.6
19641012 0.9 2.14 0.029 12.5
19641013 2.2 2.1 0.029 12.4
19641014 0.8 1.99 0.029 11.8
19641015 0.2 1.94 0.029 11.6
19641016 0.2 1.92 0.029 11.5
19641017 0.1 1.99 0.029 12
19641018 0 2.22 0.029 13.8
19641019 0 2.22 0.029 13.9
19641020 0 2.22 0.029 14
19641021 0.7 2.2 0.029 13.9
19641022 2.5 2 0.029 12.3
19641023 0.3 1.74 0.029 10.2
19641024 0 1.63 0.029 9.3
19641025 0 1.42 0.029 7.5
19641026 0 1.51 0.028 8.3
19641027 0 1.56 0.028 8.8
19641028 0 1.49 0.028 8.2
19641029 0 1.49 0.028 8.3
19641030 0 1.56 0.028 9
19641031 0.1 1.68 0.028 10.2
19641101 0 1.91 0.028 12.6
19641102 1.1 1.87 0.028 12.4
19641103 8 1.69 0.028 10.7
19641104 13.6 1.73 0.028 11.3
19641105 13.4 1.68 0.03 10.9
19641106 1.1 1.53 0.032 9.5
19641107 0 1.45 0.033 8.8
19641108 0 1.48 0.034 9.2
19641109 0 1.45 0.033 9.1
19641110 0.1 1.41 0.033 8.8
19641111 0 1.37 0.033 8.5
19641112 0 1.39 0.032 9
19641113 0 1.39 0.032 9.2
19641114 0 1.41 0.032 9.7
19641115 0 1.4 0.032 9.9
19641116 0.1 1.38 0.031 9.7
19641117 0.1 1.38 0.031 9.9
19641118 0 1.37 0.031 9.8
19641119 0 1.36 0.031 9.8
19641120 0 1.35 0.03 9.8
19641121 0 1.35 0.03 9.9
19641122 0 1.32 0.03 9.6
19641123 0.2 1.28 0.03 9.2
19641124 0 1.27 0.03 9.1
19641125 0 1.28 0.029 9.4
19641126 0 1.23 0.029 8.8
19641127 0.6 1.21 0.029 8.6
19641128 0.6 1.1 0.029 7
19641129 0.1 0.99 0.029 5.4
19641130 0 0.9 0.029 4.1
19641201 0.1 0.93 0.029 4.7
19641202 0.2 0.98 0.028 5.6
19641203 0 0.92 0.028 4.8
19641204 0.2 0.97 0.028 5.7
19641205 0 0.98 0.028 6.1
19641206 0 0.97 0.028 6
19641207 0.1 0.94 0.028 5.7
19641208 0.2 0.91 0.028 5.2
19641209 0.6 0.9 0.028 5.2
19641210 3.2 0.89 0.028 5.2
19641211 1.4 0.89 0.028 5.4
19641212 0.3 0.87 0.028 5.2
19641213 0.4 0.82 0.028 4.3
19641214 3.5 0.79 0.028 3.9
19641215 4 0.8 0.029 4.3
19641216 6.2 0.81 0.03 4.5
19641217 8.4 0.74 0.031 2.9
19641218 2.2 0.79 0.034 3.9
19641219 1.7 0.82 0.036 4.4
19641220 2.6 0.75 0.037 2.8
19641221 2.4 0.79 0.038 3.5
19641222 2.7 0.88 0.039 5.3
19641223 8.2 0.9 0.04 5.5
19641224 1.5 0.88 0.043 4.9
19641225 0.1 0.88 0.046 4.9
19641226 1.3 0.72 0.046 1.6
19641227 3 0.64 0.046 0
19641228 0.7 0.76 0.045 2.1
19641229 0 0.72 0.045 1.2
19641230 0.1 0.67 0.045 0.2
19641231 0.4 0.78 0.044 2.2
19650101 5.5 0.74 0.044 1.4
19650102 0.4 0.87 0.046 3.7
19650103 0.2 0.79 0.047 2.1
19650104 0.1 0.67 0.047 -0.3
19650105 0.1 0.64 0.046 -0.8
19650106 0 0.71 0.045 0.3
19650107 0.3 0.78 0.044 1.5
19650108 0.4 0.83 0.043 2.3
19650109 0.6 0.9 0.043 3.5
19650110 2.6 0.85 0.042 2.6
19650111 2.6 0.91 0.043 3.6
19650112 0.2 0.95 0.045 4.2
19650113 0.2 0.94 0.045 3.9
19650114 0.4 0.89 0.045 2.9
19650115 0 0.79 0.044 0.9
19650116 0.1 0.85 0.043 2.1
19650117 0.6 0.89 0.042 2.5
19650118 1.3 1.04 0.042 4.8
19650119 1.2 1.15 0.042 6.4
19650120 0.7 1.19 0.042 6.7
19650121 0.4 1.11 0.043 5.1
19650122 0.1 1.17 0.042 5.7
19650123 0.1 1.08 0.042 4.1
19650124 0 1.13 0.041 4.5
19650125 0 1.16 0.04 4.7
19650126 2.5 1.19 0.04 4.9
19650127 9.1 1.17 0.041 4.4
19650128 3.5 1.28 0.046 5.7
19650129 4.4 1.42 0.052 7.5
19650130 3.8 1.52 0.056 8.6
19650131 0.4 1.51 0.06 8.1
19650201 1.3 1.52 0.061 8
19650202 0.3 1.65 0.061 9.4
19650203 0.2 1.52 0.06 7.5
19650204 0 1.44 0.059 6.2
19650205 0 1.39 0.057 5.3
19650206 0 1.28 0.056 3.7
19650207 0 1.24 0.054 3.1
19650208 0 1.28 0.053 3.4
19650209 0 1.24 0.051 2.7
19650210 0 1.05 0.05 0.4
19650211 0 1.13 0.049 1.2
19650212 0.1 1.22 0.048 2
19650213 0.1 1.34 0.046 3.3
19650214 0 1.39 0.045 3.7
19650215 0 1.39 0.044 3.4
19650216 0.2 1.33 0.043 2.6
19650217 2.2 1.42 0.043 3.3
19650218 8.3 1.4 0.044 3
19650219 1.6 1.22 0.049 1
19650220 1.7 0.78 0.052 -3.5
19650221 6.6 0.94 0.053 -2
19650222 7.8 1.36 0.054 1.9
19650223 2.9 1.65 0.06 4.5
19650224 6.1 1.76 0.069 5.3
19650225 16 1.88 0.08 6.2
19650226 5.2 1.96 0.098 6.7
19650227 1.4 1.99 0.114 6.8
19650228 4.3 2.11 0.122 7.6
19650301 6 2.16 0.126 7.9
19650302 3.4 1.76 0.134 4.4
19650303 1.2 1.51 0.14 2.3
19650304 2.3 1.64 0.141 3.2
19650305 0.3 1.8 0.14 4.4
19650306 0.1 1.7 0.137 3.5
19650307 0.9 1.54 0.132 2.2
19650308 0.1 1.52 0.128 2
19650309 2.5 1.76 0.124 3.7
19650310 12.1 1.84 0.127 4.2
19650311 10.8 2.02 0.143 5.4
19650312 9.6 2.27 0.171 7.1
19650313 4 2.48 0.198 8.4
19650314 3.9 2.51 0.216 8.5
19650315 1.5 2.78 0.222 10.2
19650316 1.9 2.87 0.223 10.8
19650317 0.2 2.93 0.219 11.1
19650318 0.4 2.72 0.212 9.6
19650319 0 2.96 0.203 11
19650320 0.3 3.17 0.194 12.2
19650321 0 3.38 0.185 13.4
19650322 0 3.38 0.176 13.3
19650323 0 3.34 0.168 12.9
19650324 0 3.36 0.16 12.9
19650325 0 3.38 0.153 12.9
19650326 0.1 3.52 0.146 13.6
19650327 0.1 3.54 0.14 13.6
19650328 0 3.53 0.134 13.4
19650329 0 3.48 0.128 13
19650330 0 3.85 0.123 15
19650331 0.7 3.91 0.118 15.2
19650401 4.4 3.81 0.114 14.5
19650402 0.9 3.49 0.113 12.6
19650403 0.1 3.25 0.112 11.2
19650404 1.2 3.49 0.109 12.4
19650405 1.6 3.19 0.106 10.7
19650406 0.8 3.05 0.104 9.9
19650407 0 3.16 0.102 10.4
19650408 0 3.17 0.099 10.4
19650409 0 3.43 0.095 11.7
19650410 0 3.82 0.091 13.6
19650411 0 3.79 0.088 13.4
19650412 0 3.4 0.085 11.3
19650413 0 3.57 0.082 12.1
19650414 0 3.82 0.079 13.3
19650415 0 3.94 0.077 13.8
19650416 0 3.93 0.074 13.7
19650417 0 4.19 0.072 14.9
19650418 0 4.12 0.069 14.5
19650419 0 3.95 0.067 13.6
19650420 0 3.47 0.065 11.3
19650421 0 2.98 0.063 9
19650422 0 2.74 0.062 7.9
19650423 0 3.37 0.06 10.8
19650424 0 3.38 0.058 10.8
19650425 0 3.47 0.057 11.2
19650426 0 3.67 0.055 12.1
19650427 0 3.91 0.054 13.1
19650428 0 3.93 0.053 13.2
19650429 0 3.99 0.052 13.4
19650430 0.1 4.27 0.05 14.6
19650501 2 4.16 0.049 14.1
19650502 0.4 3.85 0.049 12.8
19650503 0.3 4.24 0.048 14.4
19650504 0 4.74 0.047 16.4
19650505 0 4.77 0.046 16.5
19650506 0 4.93 0.045 17.1
19650507 0 5.39 0.044 18.9
19650508 0 5.65 0.044 19.9
19650509 0 5.92 0.043 20.9
19650510 0 6.12 0.042 21.6
19650511 0 6.34 0.041 22.4
19650512 0.1 6.52 0.041 23
19650513 0.2 6.4 0.04 22.5
19650514 0 6.55 0.039 23
19650515 0.1 6.65 0.039 23.3
19650516 1.3 6.41 0.038 22.4
19650517 3.4 5.66 0.038 19.6
19650518 3.7 4.37 0.037 14.9
19650519 0.3 4.22 0.037 14.4
19650520 0 4.6 0.037 15.8
19650521 0 5.07 0.037 17.5
19650522 0 5.3 0.036 18.3
19650523 0 5.15 0.036 17.8
19650524 0 5.14 0.035 17.8
19650525 0.4 5.31 0.035 18.4
19650526 1.6 5.54 0.034 19.2
19650527 0.2 5.01 0.034 17.5
19650528 0.1 5 0.034 17.5
19650529 0.4 4.86 0.033 17.1
19650530 1.3 4.46 0.033 15.9
19650531 0.3 4.37 0.033 15.7
19650601 0.1 5.37 0.032 18.9
19650602 2.8 5.26 0.032 18.6
19650603 2 5.14 0.032 18.3
19650604 0.2 4.79 0.032 17.3
19650605 0 5.06 0.032 18.2
19650606 0.1 4.7 0.031 17.2
19650607 0.6 3.96 0.031 15.1
19650608 0 4.16 0.031 15.8
19650609 0 4.58 0.03 17.1
19650610 0 5.38 0.03 19.5
19650611 0 5.73 0.03 20.6
19650612 0 6.28 0.03 22.2
19650613 0 7.04 0.029 24.4
19650614 0 7.31 0.029 25.2
19650615 0 7.26 0.029 25.1
19650616 0 7.17 0.029 24.9
19650617 0 7.01 0.028 24.5
19650618 0 7.4 0.028 25.6
19650619 0.1 7.86 0.028 26.9
19650620 0.2 8.28 0.028 28.1
19650621 0.1 8.23 0.027 28
19650622 0 7.29 0.027 25.5
19650623 0 7.28 0.027 25.5
19650624 0.1 7.93 0.027 27.3
19650625 0 8.17 0.027 28
19650626 0.1 8.19 0.026 28.1
19650627 0.3 8.4 0.026 28.7
19650628 1.5 8.01 0.026 27.7
19650629 0.2 8.04 0.026 27.8
19650630 0.1 7.49 0.026 26.4
19650701 0 6.76 0.025 24.5
19650702 0 6.52 0.025 23.9
19650703 0 6.38 0.025 23.6
19650704 0 5.3 0.025 20.8
19650705 0 5.32 0.025 20.9
19650706 0 6.1 0.025 23
19650707 0 6.23 0.024 23.4
19650708 0 5.44 0.024 21.4
19650709 0 5.96 0.024 22.8
19650710 0 6.51 0.024 24.3
19650711 0 6.92 0.024 25.4
19650712 0 7.28 0.024 26.4
19650713 0 7.22 0.023 26.3
19650714 0 6.74 0.023 25.1
19650715 0 6.68 0.023 25
19650716 0 6.72 0.023 25.1
19650717 0 6.75 0.023 25.2
19650718 0.1 6.69 0.023 25.1
19650719 0 6.64 0.023 25
19650720 0 6.09 0.022 23.6
19650721 0 6.08 0.022 23.6
19650722 0.1 6.18 0.022 23.9
19650723 0.1 6.36 0.022 24.4
19650724 0.1 6.69 0.022 25.3
19650725 0.4 6.3 0.022 24.3
19650726 1.7 5.65 0.022 22.6
19650727 4.1 6.46 0.022 24.8
19650728 0.3 6.15 0.021 24
19650729 0 6.61 0.021 25.3
19650730 0 7.11 0.021 26.7
19650731 0 7.05 0.021 26.6
19650801 0 6.2 0.021 24.3
19650802 0 6.66 0.021 25.6
19650803 0 7 0.021 26.6
19650804 0 7.41 0.021 27.8
19650805 0 7.86 0.021 29.1
19650806 0 8.19 0.02 30.1
19650807 0 6.08 0.02 24.2
19650808 0 5.93 0.02 23.8
19650809 0 6.16 0.02 24.5
19650810 0 6.25 0.02 24.8
19650811 0 6.86 0.02 26.6
19650812 0 6.8 0.02 26.5
19650813 0 6.06 0.02 24.4
19650814 0 5.91 0.019 24
19650815 0 6.61 0.019 26.1
19650816 1.7 6.61 0.019 26.1
19650817 4.3 6.42 0.019 25.6
19650818 1.8 5.64 0.019 23.3
19650819 0.2 5.86 0.019 24
19650820 0.2 6.53 0.019 26.1
19650821 0 6.6 0.019 26.4
19650822 0 5.13 0.019 21.9
19650823 0 4.42 0.019 19.7
19650824 0.1 4.2 0.018 19
19650825 0 4.79 0.018 20.9
19650826 0 5.39 0.018 22.9
19650827 0 5.62 0.018 23.7
19650828 0 6.05 0.018 25.2
19650829 0 6.17 0.018 25.7
19650830 0.6 6.34 0.018 26.4
19650831 2.6 5.29 0.018 22.9
19650901 0.4 4.24 0.018 19.3
19650902 0.1 3.35 0.018 16.2
19650903 0 3.37 0.018 16.3
19650904 0 4.06 0.017 18.8
19650905 0 3.72 0.017 17.6
19650906 0 3.77 0.017 17.8
19650907 0 4.32 0.017 19.9
19650908 0 4.38 0.017 20.2
19650909 0 3.86 0.017 18.3
19650910 0 3.41 0.017 16.6
19650911 0 3.35 0.017 16.4
19650912 0 3.61 0.017 17.5
19650913 0 3.77 0.017 18.2
19650914 0 4.21 0.017 20.1
19650915 0 4.48 0.017 21.3
19650916 0 4.52 0.017 21.6
19650917 0 4.59 0.016 22
19650918 0 4.63 0.016 22.3
19650919 0 4.6 0.016 22.3
19650920 0 4.75 0.016 23.1
19650921 0.4 4.56 0.016 22.4
19650922 0.5 4.16 0.016 20.7
19650923 3 3.86 0.016 19.4
19650924 19.3 3.71 0.016 18.8
19650925 10 3.07 0.016 15.8
19650926 10.8 2.35 0.017 12.3
19650927 3.8 2.27 0.018 11.9
19650928 4.4 2.23 0.02 11.7
19650929 12.1 2.54 0.021 13.4
19650930 2.8 2.75 0.023 14.6
19651001 0 2.48 0.025 13.2
19651002 0.5 2.81 0.026 15.1
19651003 3.7 3.01 0.026 16.4
19651004 16.3 3.12 0.027 17.2
19651005 3.7 2.82 0.031 15.6
19651006 2.2 2.61 0.036 14.5
19651007 2.2 2.82 0.038 16
19651008 13.6 2.81 0.04 16.1
19651009 3.8 2.49 0.045 14.3
19651010 1.5 2.21 0.051 12.6
19651011 0.1 2.54 0.053 15
19651012 0 2.57 0.052 15.5
19651013 0.2 2.46 0.05 15
19651014 2.6 2.45 0.049 15.2
19651015 1.6 2.42 0.049 15.2
19651016 2.4 2.44 0.049 15.4
19651017 8 2.38 0.051 15
19651018 4.5 2.24 0.054 14
19651019 1.5 2.32 0.058 14.7
19651020 0.5 2.36 0.06 15.1
19651021 0 2.32 0.06 14.9
19651022 0 2.26 0.058 14.5
19651023 0.8 2.23 0.056 14.3
19651024 2.3 2.21 0.054 14.3
19651025 0.7 2.08 0.054 13.3
19651026 0.5 2.08 0.053 13.4
19651027 0 2.17 0.052 14.3
19651028 4.3 2.14 0.051 14.2
19651029 11 2.06 0.053 13.6
19651030 1.9 2.15 0.059 14.6
19651031 0 2.13 0.064 14.6
19651101 0 2.07 0.064 14.2
19651102 0.1 2.02 0.062 13.9
19651103 2.3 1.83 0.06 12.2
19651104 11.8 1.62 0.061 10.1
19651105 23.8 1.63 0.073 10.4
19651106 5.3 1.63 0.098 10.6
19651107 0.8 1.55 0.119 9.9
19651108 0.3 1.5 0.125 9.5
19651109 0.1 1.49 0.122 9.5
19651110 0.8 1.34 0.117 8
19651111 4.7 1.34 0.114 8.1
19651112 2.8 1.37 0.115 8.7
19651113 1 1.33 0.117 8.4
19651114 0.4 1.32 0.117 8.5
19651115 0.7 1.36 0.114 9.3
19651116 4.4 1.48 0.112 11.1
19651117 2.5 1.33 0.113 9.2
19651118 2.3 1.3 0.116 8.9
19651119 2.3 1.38 0.118 10.1
19651120 3.4 1.38 0.119 10.3
19651121 0.9 1.23 0.121 8.2
19651122 0.1 1.12 0.121 6.7
19651123 0 0.89 0.117 3.3
19651124 0 0.8 0.112 2
19651125 0.4 0.85 0.108 2.9
19651126 0.3 1.09 0.103 6.6
19651127 0.7 1.19 0.1 8.4
19651128 0.4 1.16 0.097 8.1
19651129 1.5 1.08 0.094 6.9
19651130 0.2 1.02 0.093 6
19651201 0.1 0.99 0.09 5.7
19651202 2.8 1.04 0.088 6.6
19651203 4.7 1.1 0.089 7.8
19651204 0.5 1.05 0.093 7.1
19651205 0.2 1.07 0.095 7.7
19651206 1.3 1.14 0.094 9
19651207 15.7 1.05 0.098 7.6
19651208 8.6 0.82 0.118 3.6
19651209 0.6 0.82 0.143 3.8
19651210 0.2 0.93 0.155 5.9
19651211 0 0.98 0.152 7.1
19651212 0 0.98 0.145 7.4
19651213 0.1 0.92 0.138 6.4
19651214 0.1 0.87 0.132 5.5
19651215 1.1 0.86 0.126 5.5
19651216 0.2 0.87 0.122 5.8
19651217 0.2 0.87 0.119 5.7
19651218 0 0.89 0.114 5.9
19651219 0.1 0.89 0.11 5.7
19651220 0.3 0.89 0.105 5.6
19651221 0.1 0.84 0.101 4.5
19651222 0.3 0.75 0.098 2.5
19651223 0.8 0.79 0.095 3.3
19651224 1.5 0.92 0.093 5.7
19651225 1.8 0.99 0.093 7.1
19651226 4.8 1 0.095 7.1
19651227 2.1 0.96 0.101 6.2
19651228 3.1 0.89 0.108 4.7
19651229 0.4 0.81 0.112 3
19651230 0 0.86 0.112 3.9
19651231 0.1 0.94 0.109 5.3
19660101 0.3 0.93 0.105 5.1
19660102 0.5 1.02 0.101 6.7
19660103 0.1 1.08 0.098 7.7
19660104 0.1 1.1 0.095 8
19660105 0.2 1.03 0.092 6.4
19660106 0.3 1.02 0.089 6.1
19660107 1 0.98 0.086 5.3
19660108 4.7 0.98 0.086 5.1
19660109 0.5 0.96 0.09 4.7
19660110 1.1 0.98 0.094 5
19660111 1.5 1.06 0.095 6.3
19660112 2 1.14 0.095 7.6
19660113 1.1 1.18 0.097 8.3
19660114 3 1.15 0.098 7.6
19660115 1.3 1.14 0.101 7.3
19660116 4 1.14 0.105 7.2
19660117 4.5 1.15 0.111 7
19660118 14.8 1.17 0.127 7.1
19660119 9.3 1.29 0.159 8.8
19660120 4.7 1.39 0.198 10
19660121 4.7 1.38 0.225 9.5
19660122 7.6 1.49 0.243 10.9
19660123 1.7 1.51 0.261 10.8
19660124 2.4 1.55 0.272 11
19660125 2.9 1.47 0.274 9.4
19660126 0.6 1.39 0.273 7.9
19660127 0.1 1.38 0.268 7.4
19660128 1.2 1.52 0.258 9.1
19660129 4.1 1.53 0.251 9
19660130 0.4 1.65 0.25 10.4
19660131 0 1.64 0.247 9.9
19660201 0 1.71 0.238 10.5
19660202 0.4 1.76 0.227 10.9
19660203 0.2 1.67 0.216 9.4
19660204 0 1.58 0.206 8
19660205 0.9 1.63 0.197 8.4
19660206 0.3 1.68 0.19 8.7
19660207 0.1 1.69 0.183 8.6
19660208 0.4 1.9 0.175 10.9
19660209 2.3 1.91 0.169 10.7
19660210 6.1 1.84 0.17 9.6
19660211 5.7 1.68 0.18 7.5
19660212 8.6 1.65 0.199 7
19660213 2.5 1.63 0.221 6.5
19660214 1 1.8 0.236 8.3
19660215 4.3 1.88 0.238 8.8
19660216 2.7 1.75 0.24 7.1
19660217 1 1.85 0.244 7.8
19660218 3.9 2.02 0.244 9.3
19660219 6 1.96 0.248 8.4
19660220 10.1 1.94 0.264 7.9
19660221 5.3 1.91 0.293 7.4
19660222 3.2 1.94 0.32 7.4
19660223 0.3 1.93 0.33 7.1
19660224 0.1 1.89 0.325 6.5
19660225 0.4 2.19 0.311 9
19660226 0.9 2.38 0.297 10.4
19660227 5.8 2.41 0.289 10.4
19660228 1.5 2.08 0.29 7.4
19660301 0 1.97 0.292 6.3
19660302 0.1 2.19 0.284 7.9
19660303 0 2.2 0.271 7.8
19660304 0 2.08 0.257 6.7
19660305 0 2.05 0.244 6.3
19660306 0 2.06 0.232 6.3
19660307 0 2.15 0.221 6.8
19660308 0 2.27 0.21 7.6
19660309 0 2.51 0.2 9.2
19660310 0 2.64 0.191 10
19660311 0 2.69 0.182 10.2
19660312 0 2.59 0.174 9.3
19660313 0 2.33 0.166 7.4
19660314 0 2.27 0.159 6.9
19660315 0 2.47 0.152 8.1
19660316 0 2.63 0.145 9.2
19660317 0 2.65 0.139 9.2
19660318 0 2.72 0.134 9.6
19660319 0 2.46 0.128 7.8
19660320 0 2.32 0.123 6.8
19660321 0 2.48 0.118 7.7
19660322 0 2.44 0.114 7.4
19660323 0 2.52 0.11 7.8
19660324 0 2.69 0.106 8.8
19660325 0 2.72 0.102 8.9
19660326 0 2.94 0.098 10.1
19660327 0 3.24 0.095 11.8
19660328 0 3.45 0.092 12.9
19660329 0.2 3.36 0.089 12.3
19660330 1.7 3.57 0.087 13.4
19660331 7.7 3.28 0.087 11.6
19660401 3.9 3.2 0.091 11.1
19660402 3.5 3.18 0.097 10.9
19660403 0.3 3.31 0.1 11.5
19660404 0.7 3.32 0.101 11.5
19660405 1.2 3.41 0.099 11.9
19660406 0.2 3.52 0.097 12.4
19660407 0.5 3.56 0.095 12.5
19660408 4.9 3.46 0.093 11.9
19660409 4.7 3.4 0.094 11.5
19660410 8.3 3.31 0.099 11
19660411 6.9 3.17 0.107 10.2
19660412 5.6 3.04 0.117 9.5
19660413 3.6 3.19 0.125 10.2
19660414 11.4 3.44 0.133 11.4
19660415 13.8 3.51 0.149 11.7
19660416 4.8 3.38 0.172 11
19660417 0.9 3.51 0.19 11.6
19660418 0.3 3.69 0.193 12.4
19660419 2 3.8 0.188 12.9
19660420 0.5 3.36 0.183 10.8
19660421 0 3.3 0.177 10.5
19660422 0 3.81 0.171 12.8
19660423 1.8 4.43 0.164 15.6
19660424 1.4 4.24 0.159 14.7
19660425 0.3 3.96 0.155 13.4
19660426 0.3 4.1 0.151 14
19660427 1.4 4.11 0.146 14
19660428 0.2 3.59 0.141 11.7
19660429 0 3.85 0.137 12.8
19660430 0 4.27 0.132 14.6
19660501 0.1 4.4 0.127 15.1
19660502 0.1 4.53 0.122 15.6
19660503 0 4.78 0.117 16.6
19660504 0 5.03 0.113 17.6
19660505 0.5 5.04 0.109 17.6
19660506 0 4.45 0.106 15.2
19660507 0.1 3.65 0.102 12
19660508 0.1 4 0.099 13.4
19660509 0 4.16 0.096 14
19660510 0 3.97 0.093 13.3
19660511 4.7 4.21 0.09 14.2
19660512 4 3.28 0.089 10.7
19660513 1.1 3.22 0.089 10.5
19660514 0 4.17 0.089 14.1
19660515 0.4 4.68 0.087 16
19660516 2.7 5.14 0.085 17.7
19660517 1.1 5.11 0.083 17.6
19660518 1.3 5.39 0.082 18.6
19660519 0.3 5.25 0.081 18.1
19660520 0 5.28 0.079 18.2
19660521 0 5.39 0.077 18.6
19660522 0 5.5 0.075 19
19660523 0.5 5.73 0.073 19.8
19660524 0.2 5.52 0.071 19.1
19660525 0.4 5.66 0.07 19.6
19660526 0 5.48 0.068 19
19660527 0.3 6.11 0.067 21.1
19660528 1.2 6.38 0.065 22
19660529 3.5 5.69 0.064 19.8
19660530 3.7 5.47 0.063 19.1
19660531 1.5 5.23 0.063 18.4
19660601 5.2 5.4 0.063 19
19660602 2 5.52 0.063 19.4
19660603 2.2 5.6 0.063 19.7
19660604 10 5.74 0.063 20.2
19660605 2.1 5.46 0.064 19.4
19660606 0.4 5.41 0.065 19.3
19660607 8.5 5.28 0.065 19
19660608 7.7 4.64 0.066 17.2
19660609 4.7 4.37 0.069 16.5
19660610 0.6 3.5 0.071 14.1
19660611 0.1 4.16 0.071 16.1
19660612 0.1 5.11 0.07 18.9
19660613 2.3 5.47 0.068 20
19660614 2.5 5.04 0.068 18.9
19660615 0.2 5.37 0.067 19.9
19660616 0 5.97 0.066 21.6
19660617 0 5.88 0.065 21.4
19660618 0 5.57 0.064 20.6
19660619 0 5.36 0.062 20.1
19660620 0 5.67 0.061 21
19660621 0 6.09 0.06 22.2
19660622 0 6 0.058 22
19660623 0 5.87 0.057 21.7
19660624 0 5.63 0.056 21.1
19660625 0 5.91 0.055 21.9
19660626 0 6.18 0.054 22.7
19660627 0 6.28 0.053 23
19660628 0 6.86 0.052 24.6
19660629 0 7.21 0.051 25.6
19660630 0 6.86 0.05 24.7
19660701 0.2 6.8 0.05 24.6
19660702 1.1 6.56 0.049 24
19660703 0 6.42 0.048 23.7
19660704 0.1 6.29 0.048 23.4
19660705 0 5.81 0.047 22.2
19660706 0 5.94 0.046 22.6
19660707 0 6.38 0.046 23.8
19660708 0 6.55 0.045 24.3
19660709 0.1 6.57 0.044 24.4
19660710 0 7.2 0.044 26.1
19660711 0 7.95 0.043 28.1
19660712 0.1 8.63 0.043 29.9
19660713 0.5 8.61 0.042 29.9
19660714 0 7.9 0.042 28.1
19660715 0 7.11 0.041 26.1
19660716 0.7 6.72 0.041 25.1
19660717 0.1 6.36 0.04 24.2
19660718 0 5.85 0.04 22.9
19660719 0 5.68 0.04 22.5
19660720 0 5.94 0.039 23.2
19660721 0 5.85 0.039 23
19660722 0 6.56 0.039 24.9
19660723 0.1 6.89 0.038 25.8
19660724 0 6.76 0.038 25.5
19660725 0 6.86 0.038 25.8
19660726 0 6.54 0.037 25
19660727 0 5.75 0.037 22.9
19660728 0 6.22 0.037 24.2
19660729 0 6.24 0.036 24.3
19660730 0 6.01 0.036 23.7
19660731 0 6.29 0.036 24.5
19660801 0 6.31 0.036 24.6
19660802 0 6.26 0.035 24.5
19660803 0 6.57 0.035 25.4
19660804 0 6.52 0.035 25.3
19660805 0 6.4 0.035 25
19660806 0 6.49 0.034 25.3
19660807 0 6.33 0.034 24.9
19660808 0 6.24 0.034 24.7
19660809 0 6.16 0.034 24.5
19660810 0 6.95 0.033 26.8
19660811 0 7.52 0.033 28.5
19660812 0 7.6 0.033 28.8
19660813 0 7.37 0.033 28.2
19660814 0 7.21 0.033 27.8
19660815 0 7.23 0.032 27.9
19660816 0 6.48 0.032 25.7
19660817 0 5.78 0.032 23.7
19660818 0 5.84 0.032 23.9
19660819 0 6.09 0.032 24.7
19660820 0 6.23 0.031 25.2
19660821 0 5.99 0.031 24.5
19660822 0 5.71 0.031 23.7
19660823 0 6.08 0.031 24.9
19660824 0 5.86 0.031 24.3
19660825 0 5.66 0.031 23.7
19660826 1 4.96 0.03 21.5
19660827 0 4.52 0.03 20.1
19660828 0.1 4.78 0.03 21
19660829 0.1 5.22 0.03 22.5
19660830 0.2 4.84 0.03 21.3
19660831 0 4.71 0.03 20.9
19660901 0 5.01 0.03 22
19660902 0 5.19 0.029 22.7
19660903 0 5.42 0.029 23.6
19660904 0 5.72 0.029 24.8
19660905 0 5.58 0.029 24.4
19660906 0 5.77 0.029 25.2
19660907 0 5.7 0.029 25.1
19660908 0 5.61 0.029 24.9
19660909 0 6.02 0.028 26.6
19660910 0.2 5.77 0.028 25.8
19660911 1.8 5.63 0.028 25.4
19660912 6 5.39 0.028 24.6
19660913 3.2 4.85 0.028 22.6
19660914 1.5 4.46 0.028 21.1
19660915 1 4.33 0.028 20.7
19660916 0 4.19 0.028 20.2
19660917 0 3.59 0.028 17.7
19660918 0 3.9 0.028 19.1
19660919 0.2 4.22 0.027 20.6
19660920 0.2 4.24 0.027 20.8
19660921 0 4.34 0.027 21.4
19660922 0.3 4.36 0.027 21.6
19660923 0.3 4.03 0.027 20.2
19660924 0 3.96 0.027 20
19660925 0.3 4.09 0.027 20.8
19660926 1.1 4.18 0.027 21.4
19660927 14 3.57 0.027 18.5
19660928 7.6 3.19 0.027 16.7
19660929 0.9 2.98 0.027 15.7
19660930 0.5 2.92 0.027 15.5
19661001 0.2 2.95 0.028 15.8
19661002 0.6 3.02 0.027 16.3
19661003 4.1 3.2 0.027 17.5
19661004 4.2 2.84 0.028 15.6
19661005 0.6 2.7 0.028 14.9
19661006 0.6 2.92 0.028 16.4
19661007 1.9 2.98 0.028 17
19661008 4.7 2.82 0.028 16.2
19661009 1.4 2.51 0.028 14.4
19661010 0.7 2.6 0.029 15.2
19661011 0.2 2.58 0.029 15.3
19661012 0.1 2.52 0.029 15.1
19661013 10.8 2.38 0.029 14.4
19661014 12.8 2.09 0.03 12.5
19661015 8.5 1.99 0.033 12
19661016 2.2 2.07 0.037 12.6
19661017 0.4 2.12 0.039 13
19661018 2.5 2.09 0.039 12.8
19661019 1.2 1.9 0.04 11.4
19661020 0.5 1.96 0.04 11.9
19661021 0.4 2.32 0.04 14.9
19661022 0.1 2.3 0.039 14.8
19661023 1 2.33 0.039 15.2
19661024 3.5 2.42 0.038 16.1
19661025 2.8 2.1 0.039 13.4
19661026 1.3 1.6 0.04 9.1
19661027 0.4 1.5 0.04 8.3
19661028 0 1.41 0.04 7.5
19661029 0 1.25 0.04 6
19661030 0 1.17 0.039 5.3
19661031 0 1.08 0.038 4.4
19661101 0 1.15 0.038 5.1
19661102 0.2 1.15 0.037 5.1
19661103 0.1 1.14 0.036 5.1
19661104 1.3 1.12 0.036 4.9
19661105 8.4 1.33 0.036 7.2
19661106 4.4 1.46 0.039 8.7
19661107 5.2 1.55 0.042 9.9
19661108 3.4 1.49 0.045 9.4
19661109 0.9 1.46 0.047 9.2
19661110 0.2 1.38 0.048 8.5
19661111 0 1.21 0.047 6.5
19661112 0 1.18 0.047 6.4
19661113 0.5 1.17 0.045 6.4
19661114 0.4 1.23 0.045 7.4
19661115 0.2 1.22 0.044 7.5
19661116 0 1.22 0.043 7.6
19661117 0.1 1.16 0.042 6.8
19661118 0.1 0.94 0.042 3.8
19661119 0 0.96 0.041 4.2
19661120 0 0.93 0.04 3.7
19661121 0 0.9 0.039 3.4
19661122 0.1 0.98 0.039 4.6
19661123 0.1 0.97 0.038 4.6
19661124 0 0.87 0.037 3.1
19661125 0 0.89 0.037 3.5
19661126 0.2 0.85 0.036 2.9
19661127 0 0.88 0.035 3.5
19661128 0 0.94 0.035 4.5
19661129 0 0.98 0.034 5.2
19661130 0.5 1.03 0.034 6.2
19661201 1.5 1.12 0.034 7.8
19661202 1.6 1.1 0.034 7.7
19661203 0.2 0.94 0.034 5.1
19661204 0 0.93 0.034 5
19661205 0 0.81 0.034 3
19661206 0 0.83 0.034 3.5
19661207 0 0.88 0.033 4.6
19661208 0 0.84 0.033 4
19661209 0 0.86 0.032 4.4
19661210 0 0.86 0.032 4.6
19661211 0.1 0.82 0.031 4.1
19661212 0.1 0.86 0.031 4.9
19661213 0 0.9 0.031 5.9
19661214 0 0.91 0.03 6.3
19661215 0 0.87 0.03 5.7
19661216 0 0.9 0.03 6.3
19661217 0 0.9 0.029 6.3
19661218 0 0.87 0.029 5.6
19661219 0 0.87 0.029 5.3
19661220 0 0.83 0.029 4.5
19661221 0 0.84 0.028 4.5
19661222 0 0.83 0.028 4.2
19661223 0 0.81 0.028 3.8
19661224 0 0.82 0.028 3.7
19661225 0 0.8 0.027 3.3
19661226 0 0.78 0.027 2.7
19661227 0 0.86 0.027 4.3
19661228 0 0.83 0.027 3.5
19661229 0 0.87 0.026 4.2
19661230 0 0.9 0.026 4.7
19661231 0 0.95 0.026 5.5
19670101 0 0.95 0.026 5.5
19670102 0 0.94 0.026 5.1
19670103 0 0.95 0.026 5.1
19670104 0 0.98 0.025 5.6
19670105 0.1 0.97 0.025 5.3
19670106 0 0.82 0.025 2.5
19670107 0.7 0.77 0.025 1.4
19670108 4.9 0.76 0.025 1
19670109 14.8 0.84 0.027 2.5
19670110 5.3 0.94 0.032 4.2
19670111 0.9 0.89 0.038 3.1
19670112 0.1 0.82 0.04 1.9
19670113 0 0.88 0.04 2.8
19670114 0.3 0.92 0.039 3.5
19670115 0 0.97 0.039 4.3
19670116 0 0.95 0.038 3.8
19670117 0 0.95 0.037 3.6
19670118 0.1 1 0.036 4.1
19670119 4.6 1.08 0.036 5.2
19670120 1.9 1.12 0.037 5.5
19670121 9.6 1.12 0.04 5.3
19670122 0.7 1.1 0.045 4.6
19670123 0.8 1.13 0.048 4.8
19670124 0.1 1.17 0.049 5.2
19670125 0 1.21 0.048 5.5
19670126 0.1 1.32 0.047 6.9
19670127 0 1.36 0.046 7.2
19670128 0.3 1.4 0.044 7.5
19670129 0 1.47 0.044 8.1
19670130 0 1.49 0.043 8.2
19670131 0 1.47 0.042 7.6
19670201 0 1.42 0.041 6.6
19670202 0 1.37 0.04 5.7
19670203 0 1.37 0.039 5.5
19670204 0 1.47 0.038 6.5
19670205 0 1.44 0.037 5.9
19670206 0.1 1.4 0.037 5.2
19670207 0.1 1.44 0.036 5.5
19670208 0 1.46 0.035 5.6
19670209 0 1.4 0.035 4.7
19670210 0.3 1.41 0.034 4.6
19670211 2.6 1.33 0.034 3.5
19670212 1.1 1.41 0.034 4.2
19670213 6.3 1.43 0.035 4.3
19670214 2.4 1.48 0.038 4.7
19670215 7 1.57 0.041 5.4
19670216 17.9 1.69 0.048 6.4
19670217 10.7 1.57 0.063 4.9
19670218 2.4 1.72 0.08 6.2
19670219 0 1.89 0.09 7.7
19670220 0.2 2.03 0.09 8.8
19670221 0 2.14 0.087 9.6
19670222 0 2.25 0.084 10.3
19670223 0.2 2.37 0.081 11.2
19670224 0.3 2.41 0.078 11.2
19670225 2.2 2.29 0.076 9.9
19670226 7.2 2.2 0.077 8.8
19670227 2.1 2.22 0.081 8.8
19670228 0 2.21 0.085 8.5
19670301 0 2.52 0.085 10.9
19670302 0 2.75 0.082 12.5
19670303 0 2.76 0.079 12.3
19670304 0.1 2.9 0.076 13.2
19670305 1.3 2.78 0.073 12
19670306 0.6 2.78 0.072 11.8
19670307 0.3 2.78 0.07 11.6
19670308 5.5 2.7 0.07 10.8
19670309 1.1 2.45 0.071 8.8
19670310 0.1 2.42 0.072 8.4
19670311 0 2.78 0.071 10.8
19670312 0 3.01 0.069 12.3
19670313 0 3.01 0.066 12.1
19670314 0 2.79 0.064 10.4
19670315 0 2.96 0.062 11.4
19670316 0 2.99 0.06 11.6
19670317 0 2.96 0.058 11.3
19670318 0 2.97 0.056 11.2
19670319 0 3.05 0.054 11.6
19670320 0 3.06 0.053 11.5
19670321 0 3.19 0.051 12.2
19670322 0 3.32 0.05 12.9
19670323 0 3.41 0.048 13.3
19670324 0 3.51 0.047 13.8
19670325 0 3.58 0.046 14.1
19670326 0.2 3.54 0.045 13.7
19670327 1 3.36 0.044 12.5
19670328 5.5 3.21 0.043 11.5
19670329 0.2 2.95 0.044 9.9
19670330 0.1 2.62 0.044 7.9
19670331 0 2.52 0.044 7.3
19670401 0 2.62 0.043 7.8
19670402 0 2.92 0.042 9.4
19670403 0 3.09 0.041 10.3
19670404 0 3.56 0.04 12.8
19670405 0 3.91 0.039 14.6
19670406 0 4.02 0.038 15.1
19670407 2.7 3.65 0.037 13
19670408 4.7 3.12 0.037 10.1
19670409 3.3 2.67 0.038 7.7
19670410 1.3 2.71 0.039 7.9
19670411 0.3 2.58 0.04 7.2
19670412 2.1 2.84 0.039 8.5
19670413 3.4 3.05 0.039 9.5
19670414 4.8 3.16 0.04 10
19670415 3 3.09 0.042 9.6
19670416 10.8 3.09 0.044 9.6
19670417 4.1 3.22 0.048 10.2
19670418 0.8 3.46 0.052 11.3
19670419 0.1 3.72 0.053 12.5
19670420 0 3.72 0.052 12.5
19670421 0.2 3.95 0.051 13.5
19670422 0 3.57 0.049 11.7
19670423 0 3.55 0.048 11.6
19670424 0 3.73 0.047 12.4
19670425 0.2 4.07 0.045 13.9
19670426 0.4 3.61 0.044 11.8
19670427 0 3.08 0.043 9.5
19670428 0 3.36 0.042 10.7
19670429 0 3.61 0.041 11.8
19670430 0.1 3.97 0.04 13.3
19670501 0.1 3.83 0.039 12.7
19670502 0 3.93 0.039 13.1
19670503 0.2 3.81 0.038 12.6
19670504 0.3 4 0.037 13.4
19670505 5.2 3.43 0.036 11.1
19670506 0.6 3.53 0.037 11.5
19670507 0.1 4.1 0.037 13.8
19670508 2.8 4.33 0.036 14.7
19670509 9.9 3.9 0.037 13
19670510 1.6 4.03 0.039 13.5
19670511 1.9 4.1 0.04 13.8
19670512 0.5 4.2 0.04 14.2
19670513 1.4 4.63 0.04 15.8
19670514 1.2 4.63 0.04 15.8
19670515 1.9 3.98 0.04 13.4
19670516 4.6 3.55 0.04 11.8
19670517 0.7 3.37 0.04 11.2
19670518 0.2 3.57 0.04 12
19670519 0 3.83 0.04 13
19670520 0 4.4 0.039 15.1
19670521 0 5.04 0.038 17.4
19670522 0 5.12 0.037 17.7
19670523 0 4.36 0.036 15.1
19670524 0 4.75 0.036 16.5
19670525 0 5.19 0.035 18
19670526 0 5.6 0.034 19.4
19670527 0 5.83 0.033 20.2
19670528 0 4.97 0.033 17.4
19670529 0 4.36 0.032 15.5
19670530 0 4.62 0.031 16.4
19670531 0 4.82 0.031 17.1
19670601 0 4.92 0.03 17.5
19670602 1.2 4.74 0.03 17
19670603 1.7 4.36 0.029 15.9
19670604 6.6 3.54 0.029 13.5
19670605 5.1 4.13 0.03 15.4
19670606 6.2 4.37 0.03 16.2
19670607 3.9 4.44 0.031 16.5
19670608 0.2 4.64 0.032 17.2
19670609 0.1 4.89 0.032 18
19670610 0 4.58 0.032 17.2
19670611 0 4.75 0.031 17.8
19670612 0 5.04 0.031 18.7
19670613 0 5.61 0.03 20.4
19670614 0.5 5.69 0.03 20.7
19670615 3.4 4.79 0.029 18.3
19670616 2.1 4.15 0.029 16.6
19670617 3.9 4.09 0.029 16.5
19670618 6.2 3.77 0.03 15.7
19670619 0.5 4.08 0.031 16.6
19670620 0 4.46 0.031 17.7
19670621 0 5.32 0.031 20.1
19670622 0 6.15 0.03 22.4
19670623 0 6.76 0.029 24.1
19670624 0 6.7 0.029 24
19670625 0 5.68 0.028 21.3
19670626 0 4.95 0.028 19.4
19670627 0 4.97 0.027 19.5
19670628 0 5.81 0.027 21.8
19670629 0 6.61 0.026 24
19670630 0 7.42 0.026 26.2
19670701 0 7.33 0.026 26
19670702 0 6.86 0.025 24.8
19670703 0 6.84 0.025 24.8
19670704 0 6.55 0.024 24.1
19670705 0 6.84 0.024 24.9
19670706 0 7.16 0.024 25.8
19670707 0 6.88 0.023 25.1
19670708 0 7.24 0.023 26.1
19670709 0 7.68 0.023 27.3
19670710 0 8.05 0.022 28.3
19670711 0.3 7.53 0.022 27
19670712 0 7.32 0.022 26.5
19670713 0 6.72 0.021 25
19670714 0 6.08 0.021 23.4
19670715 0 6.88 0.021 25.5
19670716 0 7.42 0.021 26.9
19670717 0 7.67 0.02 27.6
19670718 0 7.31 0.02 26.7
19670719 0 8.1 0.02 28.8
19670720 0 8.8 0.02 30.7
19670721 0 8.51 0.019 30
19670722 0 7.93 0.019 28.5
19670723 0 7.6 0.019 27.7
19670724 0 7.74 0.019 28.1
19670725 0 7.57 0.019 27.7
19670726 0 7.4 0.018 27.3
19670727 0 7.2 0.018 26.8
19670728 0 7.25 0.018 27
19670729 0 7.24 0.018 27
19670730 0 7.58 0.018 28
19670731 0 7.46 0.017 27.7
19670801 0 7.11 0.017 26.8
19670802 0 6.91 0.017 26.3
19670803 0 6.5 0.017 25.2
19670804 0 5.95 0.017 23.7
19670805 0 5.33 0.017 22
19670806 0 5.88 0.016 23.6
19670807 0 6.12 0.016 24.3
19670808 0 5.75 0.016 23.3
19670809 0 5.39 0.016 22.3
19670810 0 5.13 0.016 21.6
19670811 0 5.85 0.016 23.7
19670812 0 5.77 0.016 23.5
19670813 0 5.55 0.015 22.9
19670814 0 5.98 0.015 24.2
19670815 0 6.68 0.015 26.3
19670816 0 6.78 0.015 26.6
19670817 0 6.15 0.015 24.8
19670818 0 6.41 0.015 25.6
19670819 0 6.45 0.015 25.8
19670820 0 6.56 0.015 26.2
19670821 0 6.7 0.014 26.7
19670822 0 6.77 0.014 27
19670823 0 6.42 0.014 26
19670824 0 6.4 0.014 26
19670825 0 5.88 0.014 24.4
19670826 0.5 5.48 0.014 23.2
19670827 0 5.62 0.014 23.7
19670828 0 5.81 0.014 24.4
19670829 0 6.02 0.014 25.2
19670830 0 5.9 0.013 24.9
19670831 0 5.87 0.013 24.9
19670901 0.1 6.05 0.013 25.6
19670902 0.6 5.79 0.013 24.8
19670903 0.1 4.86 0.013 21.6
19670904 0 4.84 0.013 21.6
19670905 0 4.82 0.013 21.6
19670906 0.2 4.98 0.013 22.3
19670907 1.7 4.88 0.013 22
19670908 0.3 4.56 0.013 20.9
19670909 0 4.25 0.013 19.8
19670910 0 4.36 0.012 20.3
19670911 0 4.44 0.012 20.7
19670912 0 4.26 0.012 20.1
19670913 0 4.11 0.012 19.6
19670914 0.1 3.9 0.012 18.8
19670915 0 3.88 0.012 18.8
19670916 0 3.91 0.012 19
19670917 0 3.85 0.012 18.8
19670918 0 4.02 0.012 19.6
19670919 0.1 3.93 0.012 19.3
19670920 0 3.95 0.012 19.5
19670921 0.2 3.62 0.012 18.1
19670922 0 3.56 0.012 17.9
19670923 0 3.69 0.011 18.6
19670924 0 4.19 0.011 21.1
19670925 0 4.13 0.011 21
19670926 0 4.08 0.011 20.9
19670927 0 3.9 0.011 20.2
19670928 0 3.93 0.011 20.5
19670929 0 4.04 0.011 21.3
19670930 0 3.87 0.011 20.6
19671001 0 3.81 0.011 20.5
19671002 0 3.56 0.011 19.3
19671003 0 3.4 0.011 18.6
19671004 0 3.15 0.011 17.4
19671005 0 3.09 0.011 17.2
19671006 0 3.15 0.011 17.8
19671007 0.1 3.4 0.011 19.6
19671008 0 3.31 0.011 19.3
19671009 0 3.16 0.01 18.6
19671010 0 3.14 0.01 18.8
19671011 0 3.2 0.01 19.5
19671012 0.8 3.22 0.01 20
19671013 4 2.93 0.01 18.3
19671014 0.6 2.66 0.01 16.7
19671015 0.3 2.68 0.01 17.2
19671016 0 2.72 0.01 17.5
19671017 0 2.72 0.01 17.6
19671018 0 2.73 0.01 17.8
19671019 0 2.79 0.01 18.4
19671020 0.2 2.86 0.01 19.1
19671021 1.5 2.61 0.01 17.2
19671022 3.6 2.53 0.01 16.7
19671023 5.3 2.4 0.01 15.8
19671024 0.5 2.37 0.01 15.6
19671025 0.2 2.29 0.01 15.1
19671026 0 2.29 0.01 15.2
19671027 0 2.22 0.01 14.8
19671028 0 2.05 0.01 13.4
19671029 0 1.77 0.01 10.9
19671030 0 1.55 0.01 8.9
19671031 0 1.58 0.01 9.3
19671101 0.2 1.76 0.01 11.1
19671102 1.6 1.67 0.01 10.4
19671103 0.6 1.46 0.01 8.3
19671104 6.1 1.44 0.01 8.2
19671105 1.3 1.34 0.01 7.3
19671106 0.8 1.25 0.01 6.4
19671107 8.1 1.28 0.01 6.9
19671108 3.3 1.3 0.01 7.2
19671109 0.4 1.35 0.01 7.9
19671110 0.6 1.53 0.011 10.2
19671111 0.1 1.66 0.011 12.1
19671112 0.4 1.69 0.011 12.8
19671113 1.9 1.71 0.011 13.3
19671114 8.8 1.51 0.011 11.1
19671115 18.9 1.43 0.012 10.3
19671116 13 1.34 0.016 9.2
19671117 2.9 1.33 0.021 9.1
19671118 0.4 1.3 0.024 8.9
19671119 0.1 1.29 0.025 8.8
19671120 0.3 1.28 0.025 8.8
19671121 0.7 1.29 0.024 9
19671122 0.5 1.34 0.024 9.9
19671123 1.2 1.4 0.023 11
19671124 4.7 1.35 0.024 10.4
19671125 4.8 1.35 0.025 10.6
19671126 1.9 1.3 0.027 10
19671127 0.1 1.01 0.029 5.5
19671128 0.2 1.05 0.029 6.2
19671129 0 1.12 0.028 7.5
19671130 0.3 1.04 0.027 6.4
19671201 0.1 1.01 0.027 6
19671202 0 1.09 0.026 7.5
19671203 0 1.07 0.025 7.3
19671204 0 1.05 0.024 7.2
19671205 0 1.03 0.024 6.9
19671206 0 1.01 0.023 6.8
19671207 0 0.91 0.022 5
19671208 0 0.85 0.022 4.2
19671209 0.4 0.78 0.021 3
19671210 1 0.7 0.021 1.6
19671211 0.1 0.59 0.021 -0.4
19671212 0 0.57 0.02 -0.7
19671213 0.1 0.62 0.02 0.4
19671214 0 0.67 0.019 1.4
19671215 0.1 0.7 0.019 2.3
19671216 0.1 0.68 0.019 1.8
19671217 0.2 0.69 0.018 1.8
19671218 0 0.69 0.018 1.7
19671219 0.2 0.7 0.018 1.8
19671220 0.1 0.83 0.017 4.5
19671221 0 0.85 0.017 4.7
19671222 0 0.85 0.017 4.7
19671223 0.6 0.86 0.016 4.7
19671224 4.5 0.88 0.017 4.9
19671225 0.6 0.86 0.018 4.4
19671226 0.1 0.89 0.018 5
19671227 0 0.86 0.019 4.2
19671228 0 0.84 0.018 3.8
19671229 0.5 0.81 0.018 3
19671230 0 0.77 0.018 2.1
19671231 0 0.76 0.017 1.9
19680101 0 0.84 0.017 3.4
19680102 0 0.9 0.017 4.3
19680103 0 0.95 0.016 5.2
19680104 0 0.98 0.016 5.7
19680105 0 0.98 0.016 5.6
19680106 0 0.97 0.015 5.2
19680107 0 0.97 0.015 5.1
19680108 0 1 0.015 5.6
19680109 0 0.97 0.015 4.8
19680110 0 0.94 0.014 4.3
19680111 0 0.74 0.014 0.5
19680112 0 0.88 0.014 2.9
19680113 0 0.94 0.014 3.9
19680114 0 1 0.013 4.9
19680115 0 1.03 0.013 5.3
19680116 0 1.05 0.013 5.7
19680117 0 1.09 0.013 6.1
19680118 0 1.07 0.013 5.4
19680119 0 1.1 0.012 5.6
19680120 0 1.15 0.012 6
19680121 0 1.12 0.012 5.2
19680122 0 1.07 0.012 4.2
19680123 0 1.05 0.012 3.6
19680124 0 1.08 0.012 3.7
19680125 0 1.08 0.012 3.6
19680126 0 1.12 0.011 3.9
19680127 0 1.16 0.011 4.3
19680128 0.8 1.19 0.011 4.4
19680129 0 1.24 0.011 4.9
19680130 0 1.26 0.011 4.9
19680131 0.1 1.22 0.011 4.2
19680201 0 1.31 0.011 5.1
19680202 0 1.29 0.011 4.7
19680203 0 1.3 0.011 4.6
19680204 0 1.17 0.011 2.7
19680205 1 1.32 0.011 4.4
19680206 2 1.51 0.011 6.6
19680207 3.8 1.43 0.011 5.4
19680208 1.9 1.55 0.012 6.7
19680209 0.4 1.69 0.013 8.1
19680210 0.6 1.74 0.013 8.5
19680211 5.2 1.72 0.014 8
19680212 2.5 1.74 0.015 8
19680213 17.1 1.82 0.018 8.7
19680214 4.2 1.89 0.023 9.3
19680215 3.9 1.79 0.03 7.8
19680216 2.2 1.78 0.033 7.4
19680217 1.7 1.73 0.035 6.6
19680218 7.1 1.8 0.037 7
19680219 1.4 1.93 0.04 8.1
19680220 4.5 1.97 0.043 8.2
19680221 9.3 1.93 0.047 7.6
19680222 1.7 1.93 0.053 7.3
19680223 1.2 1.81 0.058 6
19680224 3 1.86 0.059 6.2
19680225 3.9 1.96 0.061 6.9
19680226 2 1.94 0.063 6.6
19680227 1 1.84 0.065 5.5
19680228 0.2 1.8 0.065 5
19680229 3.5 1.92 0.064 6
19680301 4.4 2.1 0.064 7.4
19680302 0.7 2.08 0.067 7
19680303 0.3 2.17 0.068 7.6
19680304 2.5 2.17 0.067 7.4
19680305 2.2 1.94 0.067 5.5
19680306 0.8 2.01 0.067 5.9
19680307 2 1.91 0.067 5
19680308 5.9 1.56 0.068 2.3
19680309 1.8 1.48 0.071 1.7
19680310 0 1.7 0.073 3.2
19680311 0 1.93 0.072 4.8
19680312 0 2.04 0.07 5.5
19680313 0.3 2.3 0.066 7.2
19680314 0 2.52 0.064 8.6
19680315 0 2.48 0.061 8.2
19680316 0.2 2.47 0.059 8.1
19680317 0.1 2.44 0.056 7.8
19680318 0 2.89 0.054 10.7
19680319 5.8 2.96 0.053 11
19680320 3.9 2.82 0.055 10
19680321 0.6 2.65 0.058 8.8
19680322 0.1 2.46 0.059 7.5
19680323 0.1 2.91 0.058 10.2
19680324 0.7 3.12 0.056 11.4
19680325 6.6 2.96 0.055 10.3
19680326 0.9 3 0.057 10.5
19680327 0.3 3.12 0.058 11.1
19680328 4.2 3.17 0.058 11.3
19680329 8.9 2.93 0.06 9.8
19680330 1.5 3.09 0.066 10.6
19680331 6.9 3.17 0.071 11
19680401 0.5 3.08 0.075 10.4
19680402 0.1 3.33 0.077 11.7
19680403 0.2 3.33 0.075 11.6
19680404 3 3.12 0.073 10.4
19680405 5.9 2.91 0.073 9.2
19680406 0.9 2.2 0.075 5.3
19680407 0 2.48 0.077 6.8
19680408 0 2.68 0.075 7.8
19680409 0.1 2.9 0.072 8.9
19680410 0.3 2.98 0.069 9.3
19680411 0.6 3.23 0.066 10.5
19680412 9.6 3.24 0.066 10.5
19680413 11.8 2.99 0.071 9.2
19680414 1.7 2.7 0.082 7.7
19680415 0.2 3.17 0.089 10
19680416 0.1 3.42 0.089 11.2
19680417 0 3.55 0.085 11.8
19680418 0.1 3.96 0.081 13.7
19680419 0.2 4.52 0.078 16.3
19680420 1.4 4.56 0.075 16.4
19680421 3.5 4.62 0.073 16.6
19680422 8 4.31 0.074 15.1
19680423 1.5 4.23 0.078 14.7
19680424 0.2 4.35 0.08 15.2
19680425 0.7 4.57 0.079 16.1
19680426 0.3 4.65 0.076 16.4
19680427 0.7 4.55 0.073 15.9
19680428 0.8 3.82 0.071 12.7
19680429 0.5 3.57 0.069 11.6
19680430 0 3.45 0.066 11.1
19680501 0.1 3.95 0.064 13.2
19680502 0 4.53 0.061 15.6
19680503 0.2 4.61 0.059 15.9
19680504 3.1 4.03 0.057 13.5
19680505 8.9 3.48 0.056 11.3
19680506 1.2 2.98 0.059 9.3
19680507 0.1 3.07 0.06 9.7
19680508 3.8 3.27 0.059 10.5
19680509 1.9 3.57 0.059 11.7
19680510 0.3 3.56 0.059 11.7
19680511 0.1 4.36 0.058 14.8
19680512 0 4.2 0.056 14.2
19680513 0.2 4.55 0.053 15.5
19680514 0 5.22 0.051 18
19680515 0 5.54 0.049 19.2
19680516 0 5.81 0.048 20.2
19680517 0.1 5.99 0.046 20.8
19680518 0.5 6.05 0.044 21
19680519 6.7 5.58 0.043 19.3
19680520 1.5 4.32 0.043 14.8
19680521 0.3 3.93 0.043 13.5
19680522 0 4.23 0.043 14.6
19680523 0.4 4.8 0.041 16.6
19680524 1.1 4.81 0.04 16.7
19680525 0.3 5.22 0.039 18.1
19680526 0 5.09 0.038 17.7
19680527 0.1 4.28 0.037 15.1
19680528 0.1 4.26 0.036 15.1
19680529 0 4.67 0.034 16.5
19680530 0 5.43 0.033 19
19680531 0 5.55 0.032 19.4
19680601 0.2 5.76 0.031 20.1
19680602 1.9 6.06 0.03 21.1
19680603 2.6 5.3 0.03 18.8
19680604 0.6 4.76 0.029 17.2
19680605 0 5.63 0.029 19.9
19680606 0.1 6.41 0.028 22.3
19680607 0.1 6.84 0.027 23.6
19680608 0 6.96 0.027 24
19680609 0.6 6.85 0.026 23.7
19680610 4 6.59 0.025 23
19680611 12.7 5.77 0.025 20.7
19680612 1.5 5.5 0.026 20
19680613 1.1 5.18 0.027 19.2
19680614 2.9 5.01 0.027 18.8
19680615 0.5 5.44 0.027 20.1
19680616 0 6.01 0.026 21.7
19680617 1.7 6.35 0.026 22.7
19680618 2.7 4.5 0.025 17.7
19680619 0.8 5.03 0.025 19.2
19680620 0 5.75 0.025 21.2
19680621 0 5.95 0.024 21.8
19680622 0.1 6.3 0.024 22.8
19680623 0 5.87 0.023 21.7
19680624 0 5.78 0.023 21.5
19680625 0 6.8 0.022 24.3
19680626 0 7.45 0.022 26.1
19680627 0 7.88 0.021 27.3
19680628 0 7.98 0.021 27.6
19680629 0 8.11 0.02 28
19680630 0 7.83 0.02 27.3
19680701 0 7.93 0.019 27.6
19680702 0 7.46 0.019 26.4
19680703 0 6.69 0.018 24.4
19680704 0 7.2 0.018 25.8
19680705 0 7.1 0.017 25.6
19680706 0 7.01 0.017 25.4
19680707 0 7.22 0.017 26
19680708 1.4 7.51 0.016 26.8
19680709 1.2 7.87 0.016 27.8
19680710 0 7.86 0.016 27.8
19680711 0 6.3 0.016 23.8
19680712 0 6.47 0.015 24.3
19680713 0 6.41 0.015 24.2
19680714 0 6.04 0.015 23.3
19680715 0 5.91 0.014 23
19680716 0 6.06 0.014 23.4
19680717 0 6.01 0.014 23.3
19680718 0 5.85 0.014 22.9
19680719 0 6.14 0.013 23.7
19680720 0 6.78 0.013 25.4
19680721 0 7.11 0.013 26.3
19680722 0 7.36 0.013 27
19680723 0 7.23 0.013 26.7
19680724 0 7.62 0.012 27.8
19680725 0 7.38 0.012 27.2
19680726 0 7.66 0.012 28
19680727 0 7.98 0.012 28.9
19680728 0.2 7.73 0.012 28.3
19680729 0 6.76 0.011 25.7
19680730 0 6.08 0.011 23.9
19680731 0 6.14 0.011 24.1
19680801 0 6.24 0.011 24.4
19680802 0 5.76 0.011 23.1
19680803 0.1 6.18 0.011 24.3
19680804 2.5 6.38 0.01 24.9
19680805 0.1 5.54 0.01 22.6
19680806 0 5.42 0.01 22.3
19680807 0.1 5.76 0.01 23.3
19680808 0 5.47 0.01 22.5
19680809 0 5.67 0.01 23.1
19680810 0 5.83 0.01 23.6
19680811 0 5.78 0.01 23.5
19680812 0.2 5.7 0.009 23.3
19680813 0 6.17 0.009 24.7
19680814 0 6.43 0.009 25.5
19680815 0 6.51 0.009 25.8
19680816 0 6.65 0.009 26.2
19680817 0 6.39 0.009 25.5
19680818 0 6.47 0.009 25.8
19680819 0 6.75 0.009 26.7
19680820 0.9 6.69 0.008 26.6
19680821 0 6.51 0.008 26.1
19680822 0 6.51 0.008 26.2
19680823 0 6.49 0.008 26.2
19680824 0 6.43 0.008 26.1
19680825 0.1 6.5 0.008 26.4
19680826 0.4 6.31 0.008 25.9
19680827 0.6 5.56 0.008 23.5
19680828 2.3 4.9 0.008 21.4
19680829 0.6 4.41 0.007 19.8
19680830 0 4.76 0.007 21
19680831 0 4.71 0.007 20.9
19680901 1.1 4.55 0.007 20.4
19680902 0.3 4.48 0.007 20.2
19680903 0.1 4.3 0.007 19.6
19680904 0 4.23 0.007 19.4
19680905 0 4.6 0.007 20.8
19680906 0 4.98 0.007 22.3
19680907 0 5.14 0.007 23
19680908 0 5.32 0.007 23.8
19680909 0 5.29 0.007 23.8
19680910 0 5.08 0.007 23.1
19680911 0 4.39 0.007 20.5
19680912 1.3 4.26 0.006 20.1
19680913 2 4.29 0.006 20.3
19680914 1.5 3.85 0.006 18.6
19680915 0.4 3.3 0.006 16.4
19680916 0.6 3.18 0.006 15.9
19680917 1.5 3.1 0.006 15.6
19680918 0.1 3.12 0.006 15.7
19680919 0 3.63 0.006 18
19680920 0 4.08 0.006 20.1
19680921 0 4.28 0.006 21.1
19680922 0 4.18 0.006 20.8
19680923 0 4.26 0.006 21.3
19680924 0 4.37 0.006 22
19680925 0 4.34 0.006 22
19680926 0 4.36 0.006 22.3
19680927 0 4.16 0.006 21.5
19680928 0 3.83 0.006 20
19680929 0 3.55 0.005 18.7
19680930 0 3.52 0.005 18.7
19681001 0 3.5 0.005 18.8
19681002 0 3.54 0.005 19.2
19681003 0 3.66 0.005 20.1
19681004 0 3.7 0.005 20.6
19681005 0 3.69 0.005 20.8
19681006 0 3.61 0.005 20.6
19681007 0.1 3.48 0.005 20.1
19681008 0 3.15 0.005 18.3
19681009 0 2.99 0.005 17.5
19681010 0 3.07 0.005 18.3
19681011 0 3.06 0.005 18.6
19681012 0 3.03 0.005 18.7
19681013 0 2.98 0.005 18.7
19681014 0 2.9 0.005 18.5
19681015 0 2.65 0.005 17
19681016 0 2.67 0.005 17.1
19681017 0.1 2.68 0.005 17.3
19681018 0 2.67 0.005 17.3
19681019 0 2.7 0.005 17.7
19681020 0 2.69 0.004 17.7
19681021 0 2.64 0.004 17.5
19681022 0.1 2.6 0.004 17.3
19681023 0.4 2.54 0.004 16.9
19681024 0.8 2.31 0.004 15.1
19681025 0.4 2.19 0.004 14.2
19681026 0.4 2.13 0.004 13.8
19681027 0.2 2.25 0.004 15
19681028 0 2.36 0.004 16.2
19681029 0 2.38 0.004 16.6
19681030 1 2.43 0.004 17.3
19681031 11.2 2.28 0.004 16.1
19681101 6.1 1.91 0.004 12.6
19681102 6.8 1.61 0.004 9.8
19681103 3.6 1.32 0.005 6.9
19681104 1 1.34 0.005 7.2
19681105 4.9 1.56 0.005 9.6
19681106 2.2 1.72 0.006 11.6
19681107 12.1 1.61 0.006 10.5
19681108 2.1 1.52 0.008 9.7
19681109 0.1 1.43 0.009 8.8
19681110 1.6 1.38 0.009 8.5
19681111 0 1.34 0.009 8.2
19681112 0.1 1.33 0.009 8.2
19681113 0.9 1.45 0.009 10
19681114 0.5 1.6 0.009 12.2
19681115 4.5 1.45 0.009 10.6
19681116 1 1.35 0.009 9.4
19681117 0.2 1.13 0.01 6.4
19681118 0 1.13 0.01 6.5
19681119 0 1.22 0.01 7.8
19681120 0.1 1.3 0.009 9.1
19681121 0.3 1.27 0.009 8.8
19681122 0 1.31 0.009 9.5
19681123 0.2 1.23 0.009 8.5
19681124 0.2 1.19 0.009 7.9
19681125 0.2 1.25 0.009 9
19681126 0.7 1.27 0.008 9.5
19681127 10.4 1.22 0.009 8.8
19681128 4.2 1.23 0.01 9.1
19681129 2.6 1.14 0.013 7.8
19681130 1.1 1.1 0.014 7.4
19681201 3.1 1 0.015 5.9
19681202 2 1.06 0.015 6.9
19681203 0.1 1.06 0.016 7.1
19681204 0.1 1.03 0.016 6.7
19681205 0.3 1.02 0.016 6.7
19681206 2.9 1.04 0.015 7.2
19681207 7.3 1.04 0.016 7.4
19681208 0.9 1.05 0.019 7.8
19681209 0.4 1.04 0.02 7.8
19681210 2.7 0.95 0.021 6.3
19681211 0.3 0.86 0.021 4.7
19681212 0.4 0.84 0.021 4.5
19681213 6.7 0.79 0.022 3.8
19681214 0.9 0.79 0.023 3.9
19681215 3.9 0.78 0.025 3.8
19681216 3.8 0.9 0.027 6.4
19681217 9.9 0.96 0.031 7.5
19681218 2.5 0.89 0.037 5.9
19681219 0.3 0.85 0.041 4.9
19681220 0.4 0.84 0.042 4.7
19681221 0 0.91 0.041 5.9
19681222 0.1 0.97 0.04 7.1
19681223 0 0.97 0.038 7
19681224 0 0.93 0.036 5.9
19681225 0.1 0.96 0.035 6.5
19681226 0.5 0.96 0.034 6.4
19681227 0.9 0.9 0.033 5
19681228 0 0.74 0.032 1.8
19681229 0 0.71 0.031 1
19681230 0 0.71 0.03 1
19681231 0 0.69 0.029 0.5
19690101 0 0.68 0.028 0.3
19690102 0 0.71 0.027 0.7
19690103 0.1 0.78 0.026 1.9
19690104 0 0.8 0.025 2.2
19690105 2.7 0.82 0.024 2.6
19690106 7.3 0.92 0.026 4.3
19690107 0.5 0.94 0.03 4.6
19690108 0.2 0.83 0.032 2.3
19690109 11.2 0.89 0.035 3.4
19690110 2.9 1.02 0.041 5.6
19690111 5 1.1 0.049 7
19690112 3.5 1.13 0.055 7.4
19690113 15.5 1.12 0.064 7.2
19690114 2.6 1.03 0.079 5.5
19690115 4.8 1.1 0.093 6.5
19690116 0.7 1.12 0.101 6.9
19690117 1.1 1.17 0.102 7.4
19690118 0.2 1.26 0.1 8.6
19690119 0.1 1.31 0.097 9.1
19690120 0 1.33 0.093 9.1
19690121 0 1.28 0.088 7.9
19690122 0 1.31 0.084 8
19690123 0 1.33 0.08 7.9
19690124 0 1.34 0.076 7.8
19690125 0 1.4 0.073 8.3
19690126 0 1.41 0.069 8.2
19690127 0 1.36 0.066 7.1
19690128 0.1 1.38 0.063 7.1
19690129 1.4 1.42 0.061 7.4
19690130 4.2 1.33 0.06 5.9
19690131 0 1.26 0.062 4.7
19690201 0 1.24 0.063 4.2
19690202 15.1 1.31 0.066 4.9
19690203 4.5 1.32 0.079 4.9
19690204 0.1 1 0.094 0.5
19690205 0 0.99 0.098 0.3
19690206 0.2 1.08 0.095 1.3
19690207 0 1.38 0.091 4.8
19690208 0 1.5 0.086 6
19690209 0.1 1.42 0.082 4.9
19690210 0 1.33 0.079 3.6
19690211 0.1 1.17 0.075 1.6
19690212 0.1 1.3 0.072 3
19690213 2.1 1.33 0.069 3.2
19690214 3.7 1.25 0.069 2.1
19690215 2.7 1.13 0.073 0.6
19690216 0.4 1.17 0.076 0.9
19690217 1.9 1.34 0.077 2.5
19690218 7.9 1.67 0.08 5.7
19690219 6.1 1.92 0.089 8
19690220 1.1 1.82 0.101 6.7
19690221 7.9 1.91 0.11 7.4
19690222 10.8 1.93 0.123 7.3
19690223 4.3 2.01 0.144 7.8
19690224 0.5 1.86 0.161 6.2
19690225 0.3 1.75 0.164 5.1
19690226 1.6 1.67 0.159 4.2
19690227 11.7 1.7 0.16 4.3
19690228 11.3 1.89 0.179 5.8
19690301 2.3 2.06 0.209 7
19690302 5.2 2.14 0.23 7.5
19690303 3.7 2.13 0.24 7.3
19690304 2.3 1.82 0.246 4.7
19690305 0.2 1.8 0.247 4.4
19690306 0.4 2.06 0.24 6.3
19690307 1.5 2.05 0.23 6.1
19690308 0.1 2.3 0.221 7.8
19690309 1.3 2.49 0.213 9.1
19690310 0.2 2.61 0.205 9.8
19690311 0.7 2.65 0.197 9.9
19690312 12.6 2.61 0.196 9.5
19690313 16.9 2.69 0.219 9.9
19690314 8.6 2.77 0.268 10.3
19690315 5 2.76 0.314 10.1
19690316 8.3 2.69 0.342 9.6
19690317 3.4 2.86 0.361 10.6
19690318 1.1 2.92 0.372 10.9
19690319 0.2 2.85 0.366 10.3
19690320 0.1 2.82 0.351 10
19690321 2.7 3.01 0.334 11.1
19690322 1.5 2.89 0.322 10.2
19690323 0.4 2.7 0.312 8.9
19690324 0 2.84 0.3 9.7
19690325 0.1 2.86 0.285 9.7
19690326 1 2.75 0.271 9
19690327 1 2.4 0.259 6.8
19690328 0 2.02 0.248 4.5
19690329 0 1.85 0.237 3.5
19690330 0.2 2.02 0.225 4.5
19690331 0.2 2.49 0.214 7.1
19690401 0.5 2.87 0.203 9.2
19690402 6.7 2.84 0.197 9
19690403 0.4 2.82 0.197 8.8
19690404 0.5 2.68 0.197 8
19690405 0.6 2.77 0.191 8.4
19690406 1.2 2.72 0.184 8.1
19690407 3.6 2.77 0.178 8.3
19690408 0.8 2.91 0.176 9
19690409 0.2 3.05 0.173 9.7
19690410 0.1 3.23 0.167 10.6
19690411 0 3.58 0.159 12.3
19690412 0 3.89 0.152 13.8
19690413 0 3.47 0.144 11.6
19690414 0 2.98 0.138 9.1
19690415 0 3.49 0.131 11.6
19690416 0 3.85 0.125 13.3
19690417 0 4.15 0.12 14.7
19690418 0 4.27 0.114 15.2
19690419 0 4.12 0.109 14.4
19690420 0 3.92 0.105 13.4
19690421 0.2 3.28 0.1 10.4
19690422 0.1 3.87 0.096 13.1
19690423 0 4.47 0.092 15.8
19690424 0.5 4.75 0.089 17
19690425 9.7 4.93 0.087 17.7
19690426 3.9 4.72 0.089 16.7
19690427 35.9 4.14 0.102 14.1
19690428 9.8 3.26 0.134 10.3
19690429 1.5 3.28 0.167 10.4
19690430 0.4 3.59 0.18 11.7
19690501 1.3 3.68 0.177 12.1
19690502 1.4 3.78 0.171 12.5
19690503 2.6 3.68 0.167 12.1
19690504 1 3.66 0.163 12
19690505 0.2 3.46 0.16 11.2
19690506 1.1 3.6 0.154 11.8
19690507 0.6 3.85 0.149 12.8
19690508 4.1 3.77 0.145 12.5
19690509 0.4 4.23 0.142 14.3
19690510 0.1 5.19 0.14 18
19690511 0.3 5.77 0.135 20.2
19690512 0 5.83 0.129 20.4
19690513 0 5.85 0.124 20.4
19690514 0 5.59 0.119 19.4
19690515 0 5.3 0.113 18.3
19690516 0.3 5.52 0.109 19.1
19690517 0.5 5.39 0.104 18.6
19690518 4.8 4.64 0.101 15.9
19690519 0.4 3.97 0.099 13.5
19690520 0.1 4.37 0.097 15
19690521 0.3 4.99 0.094 17.2
19690522 0.1 4.98 0.091 17.2
19690523 0.6 4.8 0.088 16.6
19690524 1.3 4.08 0.085 14.2
19690525 0.7 3.82 0.082 13.4
19690526 0.6 3.61 0.08 12.8
19690527 2.3 3.98 0.078 14.1
19690528 5.6 3.92 0.076 14
19690529 0.2 3.71 0.076 13.4
19690530 0 3.87 0.075 14
19690531 0.1 4.15 0.073 15
19690601 0 4.83 0.07 17.2
19690602 0 4.94 0.068 17.6
19690603 0 5.14 0.066 18.3
19690604 0 5.45 0.064 19.3
19690605 0 5.2 0.062 18.6
19690606 0 4.67 0.06 17.1
19690607 0.2 5.28 0.058 19
19690608 1.5 5.09 0.057 18.5
19690609 6.1 4.3 0.056 16.3
19690610 10.6 4.09 0.056 15.8
19690611 3.1 4.19 0.058 16.2
19690612 1.9 4.36 0.059 16.8
19690613 3.7 4.43 0.059 17.1
19690614 3.7 4.43 0.06 17.2
19690615 0.7 4.64 0.06 17.9
19690616 0.4 4.88 0.059 18.6
19690617 0 5.18 0.058 19.5
19690618 0 4.61 0.057 18
19690619 0 5 0.055 19.1
19690620 0 5.49 0.054 20.5
19690621 0.1 5.47 0.052 20.5
19690622 0.9 5.08 0.051 19.5
19690623 0.9 4.21 0.05 17.2
19690624 0.2 4.41 0.049 17.8
19690625 0 5.09 0.048 19.7
19690626 0.1 6.03 0.047 22.3
19690627 0 6.91 0.046 24.7
19690628 0 7.23 0.045 25.6
19690629 0 7.62 0.044 26.7
19690630 0 7.57 0.043 26.6
19690701 0.2 6.99 0.042 25.1
19690702 6.1 6.37 0.041 23.5
19690703 0.2 6.23 0.041 23.2
19690704 2.1 6.63 0.04 24.3
19690705 2.1 6.04 0.04 22.8
19690706 0 6.1 0.039 23
19690707 0.1 6.65 0.039 24.5
19690708 0 5.9 0.038 22.6
19690709 0 6 0.037 22.9
19690710 0 5.51 0.037 21.7
19690711 0.1 5.61 0.036 22
19690712 0.4 6.36 0.036 24
19690713 0 7.11 0.035 26
19690714 0 7.05 0.034 25.9
19690715 0 6.99 0.034 25.8
19690716 0 7.19 0.033 26.3
19690717 0 7.25 0.033 26.5
19690718 0 7.27 0.032 26.6
19690719 0 7.1 0.032 26.2
19690720 0 7.28 0.031 26.7
19690721 0 7.72 0.031 27.9
19690722 0 7.85 0.031 28.3
19690723 0 7.6 0.03 27.7
19690724 0 7.4 0.03 27.2
19690725 0 7.38 0.029 27.2
19690726 0 7.36 0.029 27.2
19690727 0 7.46 0.029 27.5
19690728 0 7.33 0.028 27.2
19690729 0 7.27 0.028 27.1
19690730 0 7.07 0.028 26.6
19690731 0 7.09 0.027 26.7
19690801 0 6.75 0.027 25.8
19690802 0 6.19 0.027 24.3
19690803 0 6.18 0.026 24.3
19690804 0 6.66 0.026 25.7
19690805 0 7.18 0.026 27.2
19690806 0 7.23 0.026 27.4
19690807 0 7.36 0.025 27.8
19690808 0 7.34 0.025 27.8
19690809 1.7 7.28 0.025 27.7
19690810 0.6 6.88 0.025 26.6
19690811 0.1 6.79 0.024 26.4
19690812 0 6.98 0.024 27
19690813 0 7.16 0.024 27.6
19690814 0 6.8 0.024 26.6
19690815 0 6.03 0.024 24.4
19690816 0 6.07 0.023 24.5
19690817 0 5.92 0.023 24.1
19690818 0 5.84 0.023 23.9
19690819 0 5.66 0.023 23.4
19690820 0 5.78 0.023 23.8
19690821 0 5.95 0.022 24.4
19690822 0.1 6.06 0.022 24.8
19690823 0 5.57 0.022 23.3
19690824 0 4.8 0.022 20.9
19690825 0 4.23 0.022 19.1
19690826 0 4.81 0.022 21
19690827 0 4.86 0.022 21.2
19690828 0 4.96 0.021 21.6
19690829 0 5.1 0.021 22.1
19690830 15.7 4.84 0.021 21.3
19690831 38.2 3.78 0.022 17.7
19690901 12.6 3.66 0.025 17.3
19690902 3.8 3.91 0.029 18.2
19690903 0.5 3.91 0.032 18.2
19690904 0.4 3.62 0.033 17.2
19690905 0.6 3.75 0.033 17.7
19690906 0.1 3.79 0.033 17.9
19690907 1.3 3.76 0.032 17.8
19690908 0.4 3.74 0.032 17.8
19690909 0.8 3.86 0.032 18.3
19690910 0 3.97 0.031 18.8
19690911 2.1 4.11 0.031 19.4
19690912 9.7 3.26 0.031 16.1
19690913 12.2 2.54 0.034 13.2
19690914 3.6 2.68 0.038 13.8
19690915 1.5 2.99 0.042 15.1
19690916 0.5 2.92 0.043 14.8
19690917 0.3 3.08 0.043 15.5
19690918 0.2 2.76 0.042 14.1
19690919 0.1 2.6 0.041 13.4
19690920 0 2.66 0.04 13.7
19690921 0 2.9 0.039 14.8
19690922 0 3.17 0.038 16.1
19690923 0 3.39 0.037 17.2
19690924 0 3.63 0.036 18.4
19690925 0 3.68 0.035 18.8
19690926 0 3.46 0.035 17.8
19690927 0.1 3.39 0.034 17.6
19690928 0.4 3.37 0.033 17.6
19690929 3.1 3.13 0.033 16.5
19690930 3.7 3.09 0.033 16.4
19691001 3 3.01 0.033 16.1
19691002 1.2 2.98 0.034 16.1
19691003 0.8 2.87 0.034 15.6
19691004 4.2 2.69 0.034 14.7
19691005 6.4 2.6 0.035 14.3
19691006 1.9 2.74 0.037 15.3
19691007 0.2 2.76 0.038 15.6
19691008 0 2.74 0.038 15.7
19691009 0 2.77 0.037 16.1
19691010 0.5 2.78 0.036 16.4
19691011 2.2 2.74 0.036 16.4
19691012 0.9 2.73 0.036 16.6
19691013 7.1 2.63 0.036 16.2
19691014 1.5 2.33 0.037 14.3
19691015 0 2.23 0.039 13.8
19691016 0.5 2.22 0.038 13.7
19691017 9.9 2.33 0.039 14.6
19691018 7.8 2.2 0.042 13.7
19691019 7.8 2.07 0.047 12.7
19691020 1.7 2.02 0.052 12.4
19691021 0.1 2.08 0.055 12.9
19691022 0 2.18 0.055 13.8
19691023 0 2.29 0.054 14.8
19691024 0.1 2.2 0.052 14.2
19691025 0.1 2.05 0.05 13
19691026 0.1 1.96 0.049 12.3
19691027 0 1.89 0.047 11.8
19691028 0.1 1.9 0.046 12
19691029 0 1.88 0.045 11.9
19691030 0 1.86 0.043 11.8
19691031 0 1.84 0.042 11.8
19691101 0 1.83 0.041 11.8
19691102 0 1.75 0.04 11.2
19691103 0 1.75 0.039 11.3
19691104 0 1.64 0.038 10.3
19691105 0 1.59 0.037 10
19691106 0 1.56 0.036 9.8
19691107 1.3 1.58 0.035 10.2
19691108 1.9 1.64 0.035 11.1
19691109 0 1.53 0.035 10
19691110 0.9 1.48 0.035 9.7
19691111 6.1 1.55 0.035 10.7
19691112 19.3 1.7 0.039 12.9
19691113 3.1 1.51 0.048 10.8
19691114 0.5 1.25 0.056 7.6
19691115 0.4 1.23 0.058 7.6
19691116 0.3 1.12 0.057 6.2
19691117 0 0.97 0.056 4.2
19691118 0 0.96 0.054 4.1
19691119 0.2 0.99 0.052 4.5
19691120 2.7 1.12 0.051 6.5
19691121 2.1 1.25 0.051 8.5
19691122 11.1 1.26 0.054 8.8
19691123 3.3 1.21 0.061 8.2
19691124 10.7 1.11 0.07 6.8
19691125 2.7 1.09 0.08 6.5
19691126 0 1.01 0.087 5.4
19691127 0.2 0.82 0.088 2.5
19691128 0 0.8 0.085 2.2
19691129 2.1 0.79 0.083 2.2
19691130 0.1 0.68 0.081 0.5
19691201 0.2 0.62 0.079 -0.6
19691202 0 0.77 0.077 2.1
19691203 0.1 0.86 0.074 3.7
19691204 0 0.92 0.071 4.9
19691205 0.1 0.8 0.069 2.9
19691206 0 0.82 0.066 3.4
19691207 0.1 0.89 0.064 4.8
19691208 0.2 0.93 0.062 5.6
19691209 0 0.88 0.06 4.9
19691210 0 0.82 0.058 3.8
19691211 0 0.77 0.056 3
19691212 0 0.74 0.054 2.6
19691213 0.2 0.69 0.053 1.8
19691214 0.1 0.71 0.051 2.3
19691215 0 0.75 0.05 3.2
19691216 0.5 0.88 0.048 6
19691217 4.8 0.91 0.048 6.4
19691218 1.5 0.97 0.051 7.5
19691219 0.3 0.93 0.054 6.6
19691220 0.1 0.94 0.054 6.6
19691221 0.1 0.95 0.053 6.7
19691222 0.1 0.89 0.051 5.4
19691223 0 0.85 0.05 4.6
19691224 2.4 0.88 0.049 4.9
19691225 4.6 0.82 0.051 3.6
19691226 6.8 0.79 0.056 3
19691227 3.5 0.81 0.064 3.3
19691228 3.4 0.76 0.072 2.2
19691229 8 0.8 0.08 2.8
19691230 4.6 0.82 0.09 3.1
19691231 4.6 0.83 0.102 3.2
19700101 2.6 0.85 0.112 3.5
19700102 20.1 0.82 0.126 2.9
19700103 11.2 1 0.161 6.2
19700104 9.5 1.18 0.208 9.5
19700105 8.8 1.15 0.251 8.7
19700106 5.7 1.11 0.285 7.9
19700107 8.9 1.14 0.314 8.3
19700108 9.8 1.23 0.346 9.9
19700109 9.5 1.25 0.387 10
19700110 10.3 1.17 0.436 8.5
19700111 15.4 1.06 0.496 6.4
19700112 6.3 1.08 0.568 6.5
19700113 6.3 1.17 0.626 8
19700114 5.1 1.13 0.659 7.3
19700115 1.5 1.06 0.672 5.8
19700116 0.4 0.97 0.664 4.2
19700117 2 1.04 0.64 5.2
19700118 1 1.16 0.614 6.9
19700119 0.2 1.27 0.59 8.4
19700120 2.7 1.24 0.565 7.6
19700121 0.4 1.2 0.545 6.5
19700122 0.2 1.17 0.525 5.7
19700123 0 1.21 0.5 6
19700124 0.4 1.19 0.473 5.5
19700125 3 1.29 0.452 6.7
19700126 2.3 1.3 0.441 6.5
19700127 0.2 1.25 0.435 5.5
19700128 0.3 1.25 0.422 5.3
19700129 0.5 1.35 0.403 6.4
19700130 0.2 1.42 0.384 7.2
19700131 0.6 1.33 0.366 5.7
19700201 1.5 1.4 0.351 6.4
19700202 0.1 1.47 0.339 7
19700203 0.1 1.47 0.326 6.8
19700204 0.8 1.38 0.312 5.4
19700205 2.5 1.44 0.301 5.9
19700206 8.7 1.42 0.304 5.5
19700207 0.6 1.57 0.324 7.1
19700208 0 1.49 0.337 5.9
19700209 0.1 1.52 0.329 6.1
19700210 0 1.56 0.312 6.4
19700211 0.1 1.6 0.296 6.6
19700212 1.3 1.63 0.283 6.7
19700213 0.9 1.63 0.273 6.5
19700214 0.4 1.42 0.266 4
19700215 0.1 1.26 0.258 2
19700216 0 1.4 0.247 3.3
19700217 0 1.52 0.236 4.4
19700218 0 1.62 0.225 5.2
19700219 0 1.73 0.215 6.1
19700220 0 1.92 0.205 7.7
19700221 0 2.02 0.196 8.4
19700222 0 2.11 0.187 9
19700223 0 2.12 0.179 8.8
19700224 0 2.16 0.171 9
19700225 0 1.93 0.164 6.7
19700226 0 1.7 0.157 4.5
19700227 0 1.56 0.151 3.1
19700228 0 1.66 0.145 3.8
19700301 0 1.71 0.139 4.1
19700302 0.5 1.76 0.134 4.4
19700303 0.3 1.82 0.13 4.8
19700304 0 1.72 0.127 3.9
19700305 0 1.96 0.123 5.6
19700306 0 1.96 0.119 5.5
19700307 0 2.08 0.115 6.3
19700308 0 2.27 0.111 7.6
19700309 0.3 2.32 0.107 7.8
19700310 0.1 2.31 0.104 7.6
19700311 0 2.02 0.102 5.4
19700312 0.1 2.1 0.099 5.9
19700313 3.4 2.24 0.097 6.8
19700314 4.3 1.99 0.101 5
19700315 0.3 1.88 0.107 4.2
19700316 0 2.11 0.11 5.7
19700317 0 2.22 0.108 6.4
19700318 0 2.56 0.105 8.5
19700319 0 2.88 0.102 10.5
19700320 0.2 3.07 0.099 11.6
19700321 1.3 3.14 0.096 11.9
19700322 5.6 3.06 0.097 11.3
19700323 0.1 2.86 0.101 9.9
19700324 0 2.6 0.103 8.2
19700325 1.3 2.64 0.102 8.4
19700326 4.5 2.54 0.102 7.7
19700327 3.6 2.48 0.105 7.3
19700328 5 2.46 0.111 7.1
19700329 0.1 2.71 0.117 8.5
19700330 0.4 2.88 0.119 9.4
19700331 0.8 3.12 0.118 10.7
19700401 1.7 3.1 0.115 10.5
19700402 0.2 2.81 0.114 8.8
19700403 0.1 2.44 0.112 6.7
19700404 0 2.57 0.109 7.4
19700405 0 2.84 0.105 8.8
19700406 1.9 3.24 0.103 10.9
19700407 4.9 3.2 0.102 10.6
19700408 0.3 2.83 0.104 8.6
19700409 0.1 2.69 0.105 7.8
19700410 0.6 2.87 0.104 8.7
19700411 0.1 2.93 0.101 9
19700412 0.8 3.42 0.098 11.4
19700413 0.1 3.88 0.096 13.7
19700414 0 4 0.094 14.2
19700415 0 4.28 0.091 15.5
19700416 0.1 4.57 0.089 16.8
19700417 0 4.85 0.087 18.1
19700418 0 4.92 0.084 18.3
19700419 0 4.24 0.082 15
19700420 0 3.36 0.08 10.8
19700421 0 3.34 0.078 10.7
19700422 0 3.94 0.076 13.4
19700423 0 4.65 0.074 16.6
19700424 0 4.84 0.073 17.4
19700425 0 4.64 0.071 16.4
19700426 0 3.86 0.07 12.9
19700427 0.1 3.15 0.068 9.8
19700428 0 2.68 0.067 7.8
19700429 0 2.86 0.066 8.6
19700430 0 3.54 0.064 11.5
19700501 0 3.99 0.063 13.4
19700502 0 4.41 0.062 15.1
19700503 0.1 4.9 0.061 17.1
19700504 3.9 4.64 0.06 16
19700505 1.5 4.08 0.06 13.7
19700506 3.8 3.85 0.06 12.8
19700507 2.1 3.12 0.06 9.9
19700508 1.5 2.84 0.061 8.8
19700509 0.9 3 0.06 9.5
19700510 1.6 2.94 0.06 9.3
19700511 2 3.32 0.06 10.8
19700512 0.7 3.55 0.06 11.7
19700513 0.8 4.1 0.059 13.8
19700514 2.2 3.72 0.059 12.4
19700515 0.4 3.66 0.058 12.2
19700516 0 3.74 0.058 12.5
19700517 0 3.86 0.057 13
19700518 0 3.95 0.057 13.4
19700519 0 4.08 0.056 13.9
19700520 0 4.54 0.055 15.6
19700521 0 5.07 0.054 17.5
19700522 0 5.27 0.053 18.2
19700523 0 5.79 0.053 20
19700524 0 6.29 0.052 21.7
19700525 0 6.47 0.051 22.3
19700526 0 6.08 0.051 21
19700527 0.3 6.08 0.05 21
19700528 0.2 6.16 0.05 21.3
19700529 0 6.41 0.049 22.1
19700530 0 6.47 0.049 22.3
19700531 0 6.37 0.048 22
19700601 0 6.36 0.048 22
19700602 0 6.65 0.047 22.9
19700603 0 6.87 0.047 23.6
19700604 0.1 6.11 0.046 21.3
19700605 3.1 5.1 0.046 18.3
19700606 2.5 3.73 0.046 14.3
19700607 5.4 4.03 0.045 15.3
19700608 2.1 4.06 0.045 15.5
19700609 0.2 4.92 0.045 18.1
19700610 0.1 5.76 0.045 20.6
19700611 0.1 6.02 0.045 21.4
19700612 0.1 5.85 0.045 21
19700613 0 5.54 0.044 20.2
19700614 0.1 5.19 0.044 19.3
19700615 0 4.93 0.043 18.7
19700616 0.1 4.51 0.043 17.6
19700617 1.7 3.87 0.043 15.9
19700618 0.3 3.74 0.043 15.6
19700619 0 4.37 0.042 17.4
19700620 0 5.12 0.042 19.5
19700621 0.1 5.87 0.042 21.6
19700622 2.4 5.96 0.041 21.9
19700623 0.4 5.8 0.041 21.5
19700624 0.2 5.96 0.041 22
19700625 0 6.24 0.041 22.8
19700626 0.1 6.26 0.041 22.9
19700627 0 6.39 0.04 23.3
19700628 0 6.37 0.04 23.3
19700629 0 6.31 0.04 23.2
19700630 0 6.56 0.04 23.9
19700701 0 6.76 0.039 24.5
19700702 0 6.89 0.039 24.9
19700703 0 6.5 0.039 23.9
19700704 0 6.1 0.039 22.9
19700705 0 6.42 0.038 23.8
19700706 0 6.93 0.038 25.2
19700707 0 6.38 0.038 23.8
19700708 0 5.56 0.038 21.7
19700709 0 5.61 0.037 21.9
19700710 0 6.55 0.037 24.4
19700711 0 6.95 0.037 25.5
19700712 0 7.2 0.037 26.2
19700713 0 7.15 0.037 26.1
19700714 0 6.51 0.036 24.5
19700715 0 6.14 0.036 23.6
19700716 0 5.17 0.036 21.1
19700717 0 5.63 0.036 22.3
19700718 0.4 6.12 0.036 23.6
19700719 0.3 6.3 0.035 24.1
19700720 0 6.13 0.035 23.7
19700721 0 6.35 0.035 24.3
19700722 0 6.53 0.035 24.8
19700723 0 6.44 0.035 24.6
19700724 0 6.54 0.035 24.9
19700725 0 6.56 0.034 25
19700726 0 6.88 0.034 25.9
19700727 0.4 6.9 0.034 26
19700728 0 6.96 0.034 26.2
19700729 0.7 6.72 0.034 25.6
19700730 10.5 6.08 0.034 23.9
19700731 2.1 5.38 0.034 22
19700801 0 5.73 0.034 23
19700802 0.5 6.33 0.033 24.7
19700803 0.1 6.07 0.033 24
19700804 0 6.23 0.033 24.5
19700805 0 5.86 0.033 23.5
19700806 0 5.78 0.033 23.3
19700807 0 6.22 0.033 24.6
19700808 0 6.67 0.033 25.9
19700809 0 6.02 0.032 24.1
19700810 0 5.8 0.032 23.5
19700811 0 6.51 0.032 25.6
19700812 0 7.01 0.032 27.1
19700813 0 6.89 0.032 26.8
19700814 0 6.53 0.032 25.8
19700815 0 6.34 0.032 25.3
19700816 0 6.27 0.031 25.1
19700817 0 6.15 0.031 24.8
19700818 0 6.17 0.031 24.9
19700819 0 5.69 0.031 23.5
19700820 0 5.09 0.031 21.7
19700821 0 5.11 0.031 21.8
19700822 0 5.42 0.031 22.8
19700823 0 5.66 0.03 23.6
19700824 0 5.93 0.03 24.5
19700825 0 6.06 0.03 25
19700826 0 5.98 0.03 24.8
19700827 0.5 5.95 0.03 24.8
19700828 0 5.84 0.03 24.5
19700829 0 5.34 0.03 22.9
19700830 0 5.67 0.03 24.1
19700831 0 5.9 0.029 25
19700901 0 6.02 0.029 25.5
19700902 0 6.07 0.029 25.8
19700903 0 6.15 0.029 26.2
19700904 0 6.22 0.029 26.6
19700905 0 6.27 0.029 26.9
19700906 0 6.22 0.029 26.9
19700907 0 6.16 0.029 26.8
19700908 0 5.32 0.028 23.8
19700909 0 4.88 0.028 22.2
19700910 0 4.62 0.028 21.3
19700911 0 4.23 0.028 19.9
19700912 0 3.89 0.028 18.6
19700913 0 4.11 0.028 19.6
19700914 0 4.38 0.028 20.8
19700915 0 4.33 0.028 20.7
19700916 0 4.26 0.028 20.5
19700917 0 4.48 0.027 21.5
19700918 0 4.56 0.027 22
19700919 0 4.83 0.027 23.3
19700920 0 4.84 0.027 23.5
19700921 0 4.78 0.027 23.4
19700922 0 4.83 0.027 23.8
19700923 0 4.79 0.027 23.8
19700924 0 4.48 0.027 22.5
19700925 0 4.23 0.027 21.5
19700926 0 4.16 0.027 21.3
19700927 0 4.22 0.026 21.8
19700928 0.1 4.24 0.026 22.1
19700929 0 3.95 0.026 20.8
19700930 0 3.74 0.026 19.9
19701001 0 3.67 0.026 19.7
19701002 0 3.61 0.026 19.6
19701003 0 3.38 0.026 18.5
19701004 0 3.08 0.026 17
19701005 0 3.15 0.026 17.6
19701006 0 3.22 0.026 18.2
19701007 0.3 2.68 0.025 15.1
19701008 3.4 1.95 0.025 10.7
19701009 2.6 1.83 0.025 10
19701010 1.4 1.76 0.025 9.6
19701011 6.4 1.89 0.025 10.6
19701012 1 2.01 0.025 11.6
19701013 0.3 2.07 0.025 12.2
19701014 0 2.31 0.025 14.1
19701015 0 2.35 0.025 14.7
19701016 0 2.32 0.025 14.5
19701017 0 2.26 0.025 14.1
19701018 0 2.28 0.025 14.3
19701019 0 2.25 0.025 14.1
19701020 0 2.11 0.025 13.1
19701021 0 1.67 0.025 9.6
19701022 0 1.26 0.025 6.2
19701023 0 1.3 0.025 6.5
19701024 0 1.48 0.025 8
19701025 0 1.67 0.024 9.7
19701026 0 1.8 0.024 10.9
19701027 0 1.91 0.024 12
19701028 0 2.01 0.024 13
19701029 0 2.11 0.024 14.1
19701030 0 2.1 0.024 14.1
19701031 0 2.09 0.024 14.2
19701101 0 2.1 0.024 14.5
19701102 0.1 2.08 0.024 14.5
19701103 0 2 0.024 13.9
19701104 0 2.02 0.024 14.3
19701105 0 1.97 0.024 14
19701106 0 2.02 0.024 14.8
19701107 2.9 1.86 0.024 13.3
19701108 0.1 1.74 0.024 12.2
19701109 0 1.69 0.023 11.9
19701110 0 1.58 0.023 10.8
19701111 0.3 1.51 0.023 10.2
19701112 6.5 1.49 0.023 10.3
19701113 1.6 1.48 0.023 10.4
19701114 0.4 1.23 0.023 7.4
19701115 0 1.26 0.023 8
19701116 0 1.3 0.023 8.6
19701117 0.1 1.41 0.023 10.3
19701118 1.2 1.4 0.023 10.2
19701119 1.1 1.45 0.023 11.1
19701120 4.4 1.37 0.023 10.1
19701121 0.1 1.29 0.023 9
19701122 0 1.17 0.023 7.4
19701123 0.1 1.33 0.023 9.9
19701124 3.5 1.32 0.023 9.9
19701125 0.2 1.35 0.023 10.5
19701126 0 1.39 0.023 11.3
19701127 0 1.39 0.023 11.5
19701128 0.7 1.45 0.023 12.7
19701129 0.7 1.29 0.023 10.3
19701130 0 1.09 0.023 7.2
19701201 0 0.98 0.023 5.5
19701202 0 0.87 0.023 3.7
19701203 0 0.83 0.023 3.2
19701204 0 0.87 0.023 4
19701205 0 0.9 0.023 4.7
19701206 0.1 0.92 0.023 5.1
19701207 0 0.88 0.023 4.6
19701208 6.7 0.71 0.023 1.6
19701209 1.2 0.76 0.023 2.6
19701210 0.2 0.88 0.023 5
19701211 0 0.94 0.023 6.3
19701212 0.1 0.9 0.023 5.8
19701213 0 0.82 0.023 4.4
19701214 0 0.75 0.023 3.1
19701215 0 0.7 0.023 2.3
19701216 0 0.67 0.023 1.6
19701217 0 0.64 0.023 0.9
19701218 0 0.7 0.023 1.9
19701219 0 0.71 0.022 2.2
19701220 0 0.71 0.022 1.9
19701221 0 0.73 0.022 2.4
19701222 0 0.67 0.022 1
19701223 0 0.58 0.022 -1
19701224 0 0.51 0.022 -2.4
19701225 1 0.55 0.022 -1.8
19701226 5.4 0.61 0.022 -0.6
19701227 2.5 0.59 0.022 -1
19701228 7 0.6 0.022 -1
19701229 3.9 0.63 0.022 -0.4
19701230 5.4 0.58 0.022 -1.5
19701231 0.6 0.52 0.022 -2.8
19710101 0.2 0.32 0.022 -6.7
19710102 0.5 0.34 0.022 -6.3
19710103 3.8 0.28 0.022 -7.5
19710104 1.9 0.45 0.022 -4.5
19710105 1.4 0.6 0.021 -1.7
19710106 0.1 0.73 0.021 0.7
19710107 0 0.7 0.021 0
19710108 0.2 0.77 0.022 1.2
19710109 0 0.86 0.022 2.9
19710110 0 0.95 0.023 4.4
19710111 1.1 0.97 0.024 4.7
19710112 1 1.06 0.024 6.2
19710113 0.8 1.01 0.024 5.2
19710114 0.1 1.03 0.024 5.4
19710115 0.1 0.9 0.024 3
19710116 0.5 0.89 0.024 2.8
19710117 4.5 0.92 0.024 3
19710118 3.1 1 0.024 4.1
19710119 16 1.13 0.026 6.1
19710120 13.2 1.17 0.031 6.3
19710121 2.5 1.13 0.037 5.4
19710122 3.4 1.14 0.042 5.3
19710123 2.1 1.27 0.044 7
19710124 0.4 1.32 0.045 7.4
19710125 0.3 1.32 0.045 7.2
19710126 0.1 1.35 0.045 7.3
19710127 0 1.33 0.044 6.7
19710128 0 1.29 0.043 5.9
19710129 2 1.27 0.042 5.3
19710130 0.8 1.22 0.041 4.4
19710131 0.6 1.11 0.041 2.6
19710201 0 1.08 0.041 2.1
19710202 0 1.12 0.04 2.4
19710203 0 1.18 0.04 3
19710204 0 1.35 0.039 5
19710205 0 1.38 0.038 5.2
19710206 0 1.39 0.037 5.1
19710207 0.2 1.48 0.036 6
19710208 0.8 1.5 0.035 6.1
19710209 16.1 1.4 0.037 4.7
19710210 2.6 1.44 0.043 4.9
19710211 0.4 1.57 0.049 6.3
19710212 0 1.53 0.05 5.6
19710213 0 1.55 0.049 5.7
19710214 0.1 1.56 0.048 5.6
19710215 2.7 1.48 0.047 4.4
19710216 1.5 1.59 0.047 5.4
19710217 0 1.65 0.047 5.7
19710218 0 1.84 0.047 7.5
19710219 0 1.94 0.046 8.2
19710220 0 1.96 0.045 8.1
19710221 0 2 0.043 8.2
19710222 0 2.08 0.042 8.7
19710223 0 1.99 0.041 7.6
19710224 0 2.05 0.04 8
19710225 0 2.11 0.039 8.3
19710226 0 2.2 0.038 8.8
19710227 0 2.14 0.037 8.1
19710228 0 2.19 0.036 8.3
19710301 0 2.06 0.036 7
19710302 0 1.79 0.035 4.7
19710303 0 1.9 0.034 5.4
19710304 0 1.85 0.033 4.9
19710305 0 1.53 0.033 2.3
19710306 0 1.41 0.032 1.3
19710307 1 1.43 0.032 1.4
19710308 9.5 1.3 0.031 0.4
19710309 2.6 1.33 0.031 0.6
19710310 0.1 1.34 0.032 0.6
19710311 0.3 1.64 0.033 2.7
19710312 4.9 1.71 0.035 3.2
19710313 0.2 2.03 0.036 5.3
19710314 0.6 2.13 0.037 5.9
19710315 0.2 1.93 0.037 4.5
19710316 2.5 2.02 0.037 5.1
19710317 1.2 2.19 0.037 6.2
19710318 4.5 2.42 0.038 7.6
19710319 10.9 2.22 0.041 6.2
19710320 1.7 1.92 0.046 4.2
19710321 1 1.8 0.05 3.4
19710322 0.1 2.06 0.051 5
19710323 0 2.18 0.05 5.7
19710324 0 2.33 0.049 6.6
19710325 0 2.61 0.048 8.2
19710326 0 2.8 0.046 9.3
19710327 0 2.77 0.045 9
19710328 0 2.44 0.044 7
19710329 0.2 2.54 0.042 7.5
19710330 13.6 2.46 0.043 7
19710331 9.4 2.29 0.049 6
19710401 4 2.44 0.058 6.8
19710402 6.7 2.45 0.066 6.8
19710403 3.1 2.37 0.072 6.3
19710404 6.8 2.46 0.078 6.8
19710405 1.7 2.71 0.083 8.1
19710406 5.6 3 0.087 9.6
19710407 5.4 2.95 0.092 9.3
19710408 2.2 2.94 0.097 9.2
19710409 2.4 3.11 0.101 10
19710410 0.4 3.35 0.101 11.2
19710411 0.1 3.52 0.1 12
19710412 2.1 3.42 0.097 11.4
19710413 1.2 3.33 0.095 10.9
19710414 0 3.64 0.093 12.4
19710415 0 3.84 0.09 13.3
19710416 0.1 4.03 0.087 14.2
19710417 0.1 3.78 0.084 12.9
19710418 0.1 4.06 0.08 14.2
19710419 0 4.16 0.077 14.6
19710420 0.6 4.02 0.074 13.9
19710421 1.1 3.82 0.072 12.9
19710422 25.4 3.59 0.075 11.8
19710423 3 3.28 0.088 10.4
19710424 0.1 3 0.101 9.1
19710425 0.1 3.53 0.103 11.5
19710426 1.1 3.7 0.099 12.2
19710427 2.2 3.84 0.096 12.8
19710428 9.7 3.75 0.097 12.4
19710429 3 3.71 0.102 12.2
19710430 5.7 3.71 0.107 12.2
19710501 23.9 3.57 0.119 11.6
19710502 2.5 3.04 0.141 9.4
19710503 0 3.27 0.16 10.4
19710504 0.2 3.81 0.161 12.6
19710505 0.1 4.08 0.155 13.7
19710506 18.8 4.35 0.154 14.8
19710507 15.1 3.93 0.174 13.1
19710508 4.7 3.9 0.207 13
19710509 0.6 4.16 0.228 14
19710510 1.6 4.49 0.23 15.3
19710511 3.7 4.83 0.224 16.6
19710512 13.2 4.99 0.225 17.2
19710513 12.6 4.79 0.243 16.4
19710514 9.4 4.55 0.273 15.5
19710515 6.1 4.17 0.301 14.1
19710516 4.7 4.25 0.318 14.4
19710517 6 3.75 0.327 12.6
19710518 10.4 3.49 0.336 11.7
19710519 2.6 3.6 0.35 12.2
19710520 0.5 3.75 0.357 12.8
19710521 1.9 3.62 0.349 12.4
19710522 3.4 3.57 0.337 12.3
19710523 1.8 3.43 0.329 11.9
19710524 7 2.87 0.324 10.1
19710525 5.9 2.45 0.326 8.8
19710526 5.6 2.38 0.333 8.7
19710527 0.7 2.61 0.338 9.6
19710528 0.8 3.12 0.334 11.4
19710529 0.4 3.77 0.322 13.6
19710530 0.2 4.27 0.307 15.3
19710531 0.1 4.75 0.292 16.9
19710601 1.9 4.92 0.278 17.5
19710602 5.5 4.52 0.269 16.3
19710603 7.1 4.03 0.268 14.9
19710604 8 3.67 0.275 13.9
19710605 1.9 3.33 0.284 13
19710606 1.7 3.63 0.286 14
19710607 1 3.83 0.28 14.7
19710608 5.8 3.86 0.272 14.9
19710609 1 3.4 0.268 13.7
19710610 1 3.05 0.264 12.8
19710611 0.2 2.96 0.255 12.7
19710612 0.2 3.41 0.244 14.1
19710613 1.5 4 0.233 15.9
19710614 0.1 3.78 0.223 15.4
19710615 0 3.3 0.214 14.2
19710616 0.1 3.67 0.205 15.3
19710617 0 4.2 0.195 16.8
19710618 0 4.8 0.186 18.5
19710619 0 5.33 0.177 20
19710620 0.2 6.04 0.169 22
19710621 0 6.72 0.162 23.9
19710622 0 6.89 0.155 24.4
19710623 0.1 6.5 0.148 23.4
19710624 0.6 5.93 0.142 21.9
19710625 0 5.31 0.136 20.3
19710626 0 5.59 0.131 21.1
19710627 0.1 6.16 0.126 22.7
19710628 0 6.67 0.121 24.1
19710629 0 7.21 0.116 25.6
19710630 0 7.12 0.112 25.4
19710701 0.1 6.88 0.107 24.8
19710702 2.2 6.59 0.104 24.1
19710703 1.1 6.23 0.1 23.2
19710704 0.9 6.06 0.098 22.8
19710705 0 5.66 0.095 21.8
19710706 0 6.06 0.092 22.9
19710707 0 6.11 0.089 23.1
19710708 0 5.98 0.086 22.8
19710709 0 5.88 0.083 22.6
19710710 0.1 6.01 0.081 23
19710711 0.3 6.07 0.078 23.2
19710712 3.4 6.2 0.076 23.6
19710713 4.1 5.95 0.074 23
19710714 2.2 6.08 0.073 23.4
19710715 0.1 6.22 0.072 23.8
19710716 1.6 6.1 0.07 23.5
19710717 0 5.55 0.069 22.1
19710718 0 5.58 0.067 22.2
19710719 0 5.61 0.065 22.3
19710720 0 5.87 0.064 23
19710721 0 5.93 0.062 23.2
19710722 0 5.77 0.061 22.8
19710723 0 5.46 0.059 22
19710724 0 5.56 0.058 22.3
19710725 0 6.22 0.057 24.1
19710726 1.2 6.43 0.056 24.7
19710727 0 6.57 0.055 25.1
19710728 0.2 6.74 0.054 25.6
19710729 0 7.24 0.053 27
19710730 1 7.77 0.052 28.5
19710731 0.1 7.57 0.051 28
19710801 0 6.57 0.05 25.3
19710802 0 5.97 0.049 23.7
19710803 0 5.53 0.048 22.5
19710804 0 5.7 0.047 23
19710805 0 5.68 0.047 23
19710806 0 5.14 0.046 21.5
19710807 1 4.42 0.045 19.5
19710808 0.1 5.01 0.045 21.2
19710809 0 5.95 0.044 23.9
19710810 0 6.21 0.043 24.7
19710811 0.5 6.27 0.043 24.9
19710812 2.2 6.56 0.042 25.8
19710813 0.4 6.82 0.042 26.6
19710814 0 6.8 0.041 26.6
19710815 0.1 6.85 0.041 26.8
19710816 0.1 7.02 0.04 27.3
19710817 0 6.53 0.04 25.9
19710818 0 5.5 0.039 22.9
19710819 0 4.86 0.039 21
19710820 0 4.69 0.039 20.5
19710821 0 5.24 0.038 22.2
19710822 0 5.65 0.038 23.5
19710823 0 5.85 0.037 24.2
19710824 0.2 5.58 0.037 23.4
19710825 0.1 5.38 0.037 22.8
19710826 0 4.72 0.036 20.7
19710827 0 4.86 0.036 21.2
19710828 0.1 5.45 0.036 23.2
19710829 3.4 5.16 0.036 22.3
19710830 0 5.11 0.035 22.2
19710831 0 5.32 0.035 23
19710901 0 5.59 0.035 24
19710902 0 5.7 0.035 24.5
19710903 0 5.87 0.034 25.2
19710904 0 5.59 0.034 24.3
19710905 0 5.34 0.034 23.5
19710906 0 5.36 0.034 23.7
19710907 0.2 5.38 0.033 23.9
19710908 3.8 5.17 0.033 23.2
19710909 0.1 4.75 0.033 21.7
19710910 0 4.38 0.033 20.4
19710911 0 4.46 0.032 20.8
19710912 0 4.31 0.032 20.3
19710913 1 4.29 0.032 20.3
19710914 1.3 4.04 0.032 19.4
19710915 0.2 3.85 0.032 18.7
19710916 0 3.84 0.032 18.7
19710917 0 3.89 0.031 19
19710918 0 4.02 0.031 19.6
19710919 0 3.84 0.031 18.9
19710920 0 3.35 0.031 16.8
19710921 0 3.56 0.031 17.8
19710922 1 4.01 0.031 20
19710923 1.8 3.84 0.03 19.3
19710924 2.3 3.81 0.03 19.3
19710925 0 3.68 0.03 18.8
19710926 0.3 3.74 0.03 19.2
19710927 0.2 3.67 0.03 19
19710928 0 3.64 0.03 19
19710929 0 3.66 0.03 19.3
19710930 0 3.7 0.03 19.7
19711001 0 3.78 0.029 20.3
19711002 0 3.7 0.029 20.1
19711003 0 3.57 0.029 19.6
19711004 0 3.31 0.029 18.3
19711005 0 3.05 0.029 17
19711006 0 2.87 0.029 16.1
19711007 0.5 2.74 0.029 15.5
19711008 9.2 2.93 0.029 16.9
19711009 0 2.88 0.029 16.8
19711010 0 2.84 0.029 16.8
19711011 1.6 2.83 0.029 17
19711012 1.8 2.76 0.028 16.8
19711013 0.3 2.73 0.028 16.9
19711014 0 2.89 0.028 18.4
19711015 0 2.56 0.028 16.3
19711016 0 2.46 0.028 15.5
19711017 0 2.59 0.028 16.6
19711018 0 2.54 0.028 16.3
19711019 0 2.55 0.028 16.5
19711020 0 2.46 0.028 15.9
19711021 0 2.43 0.028 15.8
19711022 0 2.4 0.028 15.6
19711023 0 2.29 0.027 14.8
19711024 0 2.31 0.027 15.1
19711025 0.8 2.38 0.027 15.9
19711026 1.4 2.32 0.027 15.5
19711027 0 2.15 0.027 14.1
19711028 0 2.13 0.027 14.1
19711029 0 2.13 0.027 14.2
19711030 0 2.05 0.027 13.7
19711031 0 2.01 0.027 13.4
19711101 0 1.89 0.027 12.4
19711102 0 1.81 0.027 11.8
19711103 0 1.76 0.026 11.4
19711104 0.2 1.74 0.026 11.4
19711105 0.8 1.69 0.026 11
19711106 8.7 1.48 0.026 8.9
19711107 1.2 1.35 0.026 7.6
19711108 3.8 1.43 0.027 8.7
19711109 1.3 1.25 0.027 6.7
19711110 0.4 0.98 0.027 3.6
19711111 0.5 0.94 0.027 3.3
19711112 0 0.94 0.027 3.3
19711113 0 0.98 0.027 4
19711114 0.1 0.98 0.027 4.1
19711115 0 1.08 0.026 5.6
19711116 0 1.14 0.026 6.4
19711117 0 1.08 0.026 5.7
19711118 0 1.07 0.026 5.6
19711119 0 1.11 0.026 6.3
19711120 0 1.07 0.026 5.8
19711121 0 1.06 0.026 5.7
19711122 0 1.07 0.026 5.9
19711123 0.1 0.95 0.026 4.3
19711124 0.1 0.92 0.026 3.9
19711125 0 0.74 0.026 1.2
19711126 0 0.8 0.026 2.2
19711127 0 0.8 0.025 2.2
19711128 0.8 0.78 0.025 1.9
19711129 3 0.87 0.025 3.4
19711130 2.5 0.96 0.025 5
19711201 0 0.91 0.026 4.4
19711202 9.9 0.83 0.026 3
19711203 3.8 0.88 0.026 4
19711204 1.6 0.92 0.027 4.8
19711205 1.6 0.93 0.028 5.2
19711206 1.9 0.95 0.028 5.6
19711207 0.3 0.96 0.028 6
19711208 0 0.96 0.028 6.2
19711209 0 0.89 0.028 5.1
19711210 0 0.86 0.028 4.7
19711211 0 0.85 0.028 4.6
19711212 0.1 0.84 0.028 4.6
19711213 0.1 0.85 0.027 5
19711214 0.4 0.86 0.027 5.3
19711215 0.2 0.89 0.027 6.1
19711216 0.2 0.93 0.027 7
19711217 0.1 0.96 0.027 7.6
19711218 0.2 0.94 0.027 6.9
19711219 0 0.91 0.027 6.3
19711220 0 0.96 0.026 7.1
19711221 0 1.02 0.026 8.1
19711222 2.2 0.99 0.026 7.4
19711223 5.2 0.95 0.026 6.6
19711224 4.5 0.98 0.027 6.9
19711225 2.4 0.97 0.028 6.7
19711226 0.3 0.95 0.029 6.2
19711227 2.2 0.93 0.03 5.6
19711228 7.8 0.9 0.03 4.9
19711229 15 0.84 0.033 3.7
19711230 2.7 0.78 0.038 2.3
19711231 0.3 0.8 0.043 2.6
19720101 9.2 0.81 0.045 2.8
19720102 0.3 0.86 0.048 3.5
19720103 0 0.79 0.05 2.1
19720104 0.1 0.79 0.05 2
19720105 0.2 0.85 0.049 3
19720106 0.3 0.91 0.047 4.1
19720107 0.2 0.93 0.046 4.3
19720108 3.7 0.95 0.046 4.6
19720109 2.8 0.98 0.047 5.1
19720110 0.2 0.92 0.048 3.9
19720111 3.2 0.98 0.049 4.8
19720112 0.5 0.95 0.05 4.1
19720113 1.8 0.96 0.05 4.2
19720114 6.8 0.9 0.052 3.1
19720115 4.4 1 0.055 4.7
19720116 8.3 0.95 0.061 3.8
19720117 1.8 0.83 0.068 1.4
19720118 0.1 0.86 0.073 1.7
19720119 1.2 0.9 0.073 2.1
19720120 4.3 0.99 0.073 3.4
19720121 0.1 0.94 0.074 2.3
19720122 0 0.97 0.075 2.5
19720123 0 0.85 0.073 0.4
19720124 0 0.84 0.07 0.1
19720125 0 0.96 0.068 1.7
19720126 0 1.07 0.066 3.2
19720127 0 1.15 0.064 4.1
19720128 0 1.08 0.062 2.9
19720129 0 1.03 0.06 2
19720130 0 1.08 0.058 2.4
19720131 4.5 1.16 0.057 3.4
19720201 3.1 1.26 0.059 4.5
19720202 4.3 1.35 0.063 5.4
19720203 10.2 1.45 0.069 6.6
19720204 7.5 1.41 0.081 5.8
19720205 4.1 1.44 0.094 6
19720206 6.1 1.57 0.106 7.4
19720207 3.2 1.49 0.115 6.1
19720208 1 1.44 0.121 5.3
19720209 6.3 1.42 0.124 4.9
19720210 0.7 1.55 0.128 6.2
19720211 5 1.63 0.133 7
19720212 0.1 1.63 0.135 6.7
19720213 0.5 1.66 0.136 6.9
19720214 0 1.54 0.132 5.4
19720215 0 1.57 0.127 5.4
19720216 1.2 1.6 0.122 5.5
19720217 1.8 1.4 0.119 3.1
19720218 1.1 1.39 0.117 2.9
19720219 1 1.45 0.116 3.3
19720220 0.1 1.55 0.114 4.1
19720221 0 1.64 0.111 4.8
19720222 0 1.63 0.107 4.5
19720223 0.1 1.86 0.102 6.4
19720224 0.6 1.97 0.098 7.2
19720225 0.1 1.91 0.095 6.5
19720226 3.7 1.89 0.093 6.1
19720227 3 1.94 0.094 6.4
19720228 0.1 1.87 0.097 5.6
19720229 0.4 1.97 0.097 6.5
19720301 5 1.9 0.096 5.7
19720302 0.4 1.77 0.097 4.5
19720303 2.1 1.96 0.099 5.9
19720304 8.6 2.08 0.102 6.7
19720305 2.4 2.21 0.109 7.6
19720306 2.8 2.23 0.117 7.6
19720307 1.8 1.96 0.121 5.4
19720308 0.1 1.95 0.121 5.2
19720309 0.1 1.92 0.119 4.9
19720310 0.7 1.93 0.115 4.9
19720311 2.1 2 0.111 5.3
19720312 1.4 2.19 0.11 6.5
19720313 2.8 2.27 0.11 7
19720314 13.3 2.26 0.115 6.8
19720315 1.2 2.32 0.129 7.1
19720316 0.4 2.41 0.139 7.7
19720317 0 2.5 0.139 8.2
19720318 1.5 2.53 0.134 8.3
19720319 4.5 2.33 0.132 6.9
19720320 0.2 2.42 0.132 7.4
19720321 0 2.51 0.132 7.9
19720322 0 2.84 0.128 9.9
19720323 3 2.95 0.123 10.5
19720324 0.1 2.92 0.121 10.2
19720325 0 2.96 0.119 10.3
19720326 0.1 3.06 0.115 10.8
19720327 0.1 3.02 0.111 10.5
19720328 0.1 3.26 0.106 11.8
19720329 5.4 3.36 0.104 12.3
19720330 1.6 3.47 0.104 12.8
19720331 0.9 3.33 0.106 11.9
19720401 0 3.24 0.105 11.3
19720402 0 3.51 0.102 12.7
19720403 0 3.89 0.098 14.7
19720404 0 4 0.094 15.2
19720405 0 3.65 0.091 13.2
19720406 0 3.71 0.087 13.4
19720407 1.2 3.95 0.084 14.6
19720408 0.1 3.57 0.082 12.5
19720409 2.7 2.86 0.08 8.7
19720410 0 2.67 0.079 7.7
19720411 0 3.27 0.078 10.7
19720412 0 3.26 0.075 10.6
19720413 0 3.41 0.073 11.3
19720414 0 3.74 0.071 12.9
19720415 0 3.59 0.068 12.1
19720416 0 3.5 0.066 11.6
19720417 0 2.97 0.064 9
19720418 0 2.89 0.062 8.6
19720419 0 2.85 0.061 8.4
19720420 0.1 2.81 0.059 8.2
19720421 6.3 2.44 0.058 6.5
19720422 4.4 2.58 0.059 7.2
19720423 0.5 2.67 0.061 7.6
19720424 0.2 2.95 0.061 8.9
19720425 0.5 3.06 0.06 9.4
19720426 0.2 2.27 0.059 5.9
19720427 0 2.48 0.058 6.9
19720428 0 3.4 0.056 10.9
19720429 0.1 3.73 0.055 12.3
19720430 1.9 3.42 0.054 11
19720501 3.9 3.21 0.053 10.1
19720502 3.6 2.75 0.054 8.2
19720503 2.7 3.01 0.055 9.3
19720504 0.7 3.61 0.056 11.8
19720505 6.6 3.63 0.056 11.9
19720506 3.6 3.73 0.058 12.3
19720507 0.5 3.8 0.06 12.6
19720508 0.2 4.05 0.06 13.6
19720509 0 4.54 0.059 15.5
19720510 0 4.85 0.058 16.7
19720511 0.1 5.01 0.056 17.3
19720512 0.2 4.78 0.055 16.4
19720513 5.2 3.75 0.054 12.5
19720514 1.6 2.78 0.054 8.9
19720515 0.6 2.66 0.054 8.5
19720516 0 2.5 0.054 7.9
19720517 2.9 2.55 0.053 8.2
19720518 0.1 2.82 0.053 9.3
19720519 0.2 3.24 0.052 10.9
19720520 0 3.81 0.051 13
19720521 0 4.39 0.05 15.1
19720522 1.2 4.17 0.049 14.4
19720523 0 4.01 0.048 13.9
19720524 0 4.7 0.047 16.3
19720525 0 5.45 0.046 18.9
19720526 0 6.14 0.045 21.2
19720527 0 6.5 0.044 22.4
19720528 0 6.56 0.043 22.6
19720529 0 6.59 0.043 22.7
19720530 0 6.78 0.042 23.3
19720531 0.5 6.62 0.041 22.8
19720601 0 6.24 0.04 21.6
19720602 0.2 6.36 0.04 22
19720603 2 6.18 0.039 21.5
19720604 0.1 5.78 0.039 20.3
19720605 0.1 4.8 0.038 17.4
19720606 0 4.2 0.037 15.7
19720607 0 4.71 0.037 17.3
19720608 0 5.19 0.036 18.8
19720609 0 5.51 0.036 19.8
19720610 0 4.92 0.035 18.2
19720611 0 4.02 0.035 15.7
19720612 2.1 3.76 0.034 15.1
19720613 9.1 3.32 0.034 14
19720614 2.8 2.74 0.034 12.5
19720615 0 2.97 0.035 13.3
19720616 0 4.22 0.035 16.8
19720617 0 5.18 0.034 19.5
19720618 0 5.49 0.034 20.4
19720619 0.5 5.55 0.033 20.6
19720620 4.1 5.38 0.033 20.2
19720621 1 5.21 0.033 19.8
19720622 0 5.85 0.033 21.6
19720623 0 6.43 0.033 23.2
19720624 0 6.85 0.032 24.4
19720625 0.8 7.06 0.032 25
19720626 0.1 6.74 0.031 24.2
19720627 0 6.13 0.031 22.6
19720628 0 6.14 0.031 22.7
19720629 0 5.86 0.03 22
19720630 0 5.84 0.03 22
19720701 0 6.16 0.03 22.9
19720702 0 6.44 0.029 23.7
19720703 0 6.84 0.029 24.8
19720704 0 6.86 0.029 24.9
19720705 0 6.12 0.029 23
19720706 0 5.72 0.028 22
19720707 0.2 5.89 0.028 22.5
19720708 0 5.6 0.028 21.8
19720709 0 5.61 0.027 21.9
19720710 0 5.9 0.027 22.7
19720711 0 5.68 0.027 22.2
19720712 0 5.97 0.027 23
19720713 0 6.57 0.026 24.6
19720714 0 7.09 0.026 26
19720715 0 7.11 0.026 26.1
19720716 0 6.37 0.026 24.2
19720717 0 6.05 0.026 23.4
19720718 0 6.16 0.025 23.7
19720719 0 6.03 0.025 23.4
19720720 0 5.83 0.025 22.9
19720721 0 6.2 0.025 23.9
19720722 0 6.56 0.025 24.9
19720723 0 7 0.024 26.1
19720724 0 7.1 0.024 26.4
19720725 0 7.01 0.024 26.2
19720726 0.1 6.92 0.024 26
19720727 0.1 6.79 0.024 25.7
19720728 7.2 6.44 0.024 24.8
19720729 1.6 5.91 0.023 23.4
19720730 0 6.08 0.023 23.9
19720731 0 6.44 0.023 24.9
19720801 0 6.2 0.023 24.3
19720802 0.2 5.9 0.023 23.5
19720803 0 5.64 0.023 22.8
19720804 0 5.84 0.023 23.4
19720805 0 6.15 0.022 24.3
19720806 6.2 6.13 0.022 24.3
19720807 0 5.62 0.022 22.9
19720808 0 5.89 0.022 23.7
19720809 0 6.4 0.022 25.2
19720810 0 6.46 0.022 25.4
19720811 1.3 6.37 0.022 25.2
19720812 0.1 5.91 0.022 23.9
19720813 0 5.44 0.022 22.6
19720814 0 4.99 0.021 21.3
19720815 0.1 5.04 0.021 21.5
19720816 0 5.11 0.021 21.7
19720817 0 4.97 0.021 21.3
19720818 0 5.2 0.021 22
19720819 0 5.43 0.021 22.7
19720820 0 5.28 0.021 22.3
19720821 0 5.31 0.021 22.4
19720822 0 5.65 0.02 23.5
19720823 0 5.76 0.02 23.9
19720824 0.1 5.99 0.02 24.7
19720825 0 5.72 0.02 23.9
19720826 0 5.18 0.02 22.2
19720827 0 4.95 0.02 21.5
19720828 0 4.69 0.02 20.7
19720829 0 4.59 0.02 20.4
19720830 0.5 4.46 0.02 20
19720831 9.7 4.25 0.019 19.3
19720901 1.2 4.29 0.019 19.5
19720902 0.2 4.51 0.019 20.3
19720903 6.5 4.33 0.019 19.7
19720904 5.5 3.62 0.019 17.2
19720905 5.2 3.67 0.02 17.4
19720906 2.2 3.31 0.02 16.1
19720907 0.9 3.22 0.02 15.8
19720908 0.1 3.56 0.02 17.1
19720909 0.4 3.73 0.02 17.8
19720910 0.3 3.87 0.02 18.4
19720911 0 4.13 0.02 19.5
19720912 0.2 4.34 0.02 20.4
19720913 0 4.36 0.02 20.6
19720914 1 3.63 0.02 17.7
19720915 0 2.75 0.02 14.1
19720916 0 2.61 0.019 13.5
19720917 0 2.8 0.019 14.3
19720918 0 3.14 0.019 15.8
19720919 0 3.41 0.019 17
19720920 3.4 3.2 0.019 16.1
19720921 20.2 2.84 0.019 14.5
19720922 17.2 2.83 0.021 14.5
19720923 0.2 2.8 0.025 14.4
19720924 0 3 0.027 15.4
19720925 1.5 3.25 0.028 16.7
19720926 2.8 3.03 0.028 15.7
19720927 0.1 2.88 0.028 15
19720928 0 2.94 0.028 15.4
19720929 0 2.98 0.027 15.7
19720930 4 2.96 0.027 15.7
19721001 4.7 2.79 0.028 14.9
19721002 3.6 2.86 0.029 15.4
19721003 0.1 2.92 0.03 15.9
19721004 2.2 3.07 0.031 16.9
19721005 8.5 3.02 0.031 16.8
19721006 3.1 2.74 0.033 15.3
19721007 0.1 2.69 0.035 15.2
19721008 0 2.73 0.036 15.6
19721009 0.1 2.74 0.035 15.9
19721010 1.1 2.66 0.034 15.6
19721011 5.7 1.95 0.034 11
19721012 13.8 1.68 0.036 9.3
19721013 0.8 1.71 0.041 9.6
19721014 0 1.9 0.045 11.1
19721015 0 2.03 0.045 12.3
19721016 0 2.18 0.044 13.4
19721017 4.7 2.03 0.043 12.3
19721018 1.8 1.97 0.044 11.9
19721019 7.2 1.94 0.046 11.7
19721020 2 2.02 0.048 12.4
19721021 0 2.07 0.051 12.8
19721022 0 1.78 0.051 10.5
19721023 0 1.8 0.049 10.7
19721024 0.1 1.9 0.048 11.6
19721025 4.3 1.94 0.047 12
19721026 12.8 2.11 0.049 13.6
19721027 1.5 1.91 0.056 12
19721028 0 1.62 0.061 9.4
19721029 0 1.64 0.061 9.7
19721030 0.5 1.77 0.059 11
19721031 2.1 1.74 0.058 10.8
19721101 2.6 1.6 0.057 9.6
19721102 6.3 1.64 0.059 10.1
19721103 35 1.62 0.072 10
19721104 13.2 1.7 0.107 11
19721105 1.8 1.7 0.147 11.2
19721106 8.8 1.7 0.17 11.3
19721107 0 1.69 0.18 11.4
19721108 0.7 1.63 0.183 11
19721109 1.2 1.56 0.179 10.4
19721110 0.1 1.61 0.172 11.2
19721111 0 1.46 0.166 9.6
19721112 0 1.44 0.158 9.6
19721113 0 1.4 0.15 9.4
19721114 0 1.32 0.143 8.5
19721115 0 1.28 0.136 8.3
19721116 0 1.38 0.13 9.7
19721117 2.2 1.31 0.125 8.9
19721118 0 1.37 0.122 9.8
19721119 0.9 1.27 0.119 8.6
19721120 1 1.36 0.116 10
19721121 0 1.45 0.113 11.4
19721122 0 1.41 0.109 11
19721123 0 1.37 0.104 10.5
19721124 0 1.33 0.1 10.1
19721125 0 1.18 0.096 8
19721126 0.1 1.05 0.092 6.1
19721127 0.1 0.93 0.088 4.3
19721128 0.4 1.03 0.085 6
19721129 6.5 1.1 0.084 7.2
19721130 1.3 1.09 0.088 7.1
19721201 0 0.98 0.091 5.5
19721202 4.5 0.98 0.092 5.7
19721203 1.3 0.97 0.094 5.5
19721204 0.2 0.85 0.096 3.6
19721205 0.1 0.84 0.095 3.5
19721206 0.1 0.86 0.091 4
19721207 0.7 0.93 0.088 5.4
19721208 7 1.03 0.088 7.4
19721209 0.6 1.07 0.093 8.4
19721210 0.2 1.03 0.097 7.8
19721211 0 0.95 0.096 6.5
19721212 0 0.83 0.092 4.3
19721213 0 0.81 0.089 4.1
19721214 0 0.85 0.085 5.2
19721215 0 0.88 0.082 5.9
19721216 0 0.93 0.079 7.1
19721217 0 0.91 0.076 6.5
19721218 0 0.9 0.073 6.2
19721219 0 0.91 0.07 6.3
19721220 0 0.86 0.068 5
19721221 0 0.8 0.065 3.8
19721222 0 0.74 0.063 2.4
19721223 0 0.77 0.061 2.8
19721224 0 0.83 0.059 3.9
19721225 1.4 0.9 0.058 5.3
19721226 3.3 0.94 0.058 6
19721227 6.5 0.94 0.062 5.8
19721228 0.4 0.87 0.07 4.4
19721229 0 0.79 0.075 2.6
19721230 0 0.83 0.074 3.3
19721231 0 0.81 0.072 2.8
19730101 0 0.81 0.069 2.8
19730102 0 0.83 0.067 3.1
19730103 0 0.82 0.065 2.7
19730104 0 0.85 0.062 3.1
19730105 0 0.85 0.06 3
19730106 0 0.87 0.058 3.3
19730107 0 0.86 0.057 3
19730108 0 0.84 0.055 2.6
19730109 0 0.83 0.053 2.3
19730110 0 0.83 0.052 2.1
19730111 0 0.92 0.05 3.8
19730112 2.4 1.01 0.05 5.2
19730113 4.9 1.02 0.052 5.3
19730114 2 1.02 0.057 5.2
19730115 0.9 1.05 0.062 5.7
19730116 7.9 1.01 0.066 5
19730117 6 1.06 0.076 5.5
19730118 0.3 1.05 0.087 5
19730119 3.1 1.01 0.094 4
19730120 1.3 1.11 0.096 5.4
19730121 1.8 1.09 0.098 4.8
19730122 0.1 1.01 0.099 3.2
19730123 0 1.01 0.098 3
19730124 0 1.12 0.094 4.4
19730125 0 1.19 0.091 5.2
19730126 0 1.21 0.087 5.2
19730127 0 1.2 0.084 4.8
19730128 0 1.27 0.081 5.6
19730129 0 1.36 0.078 6.6
19730130 0 1.34 0.075 6
19730131 0.1 1.27 0.072 4.9
19730201 0.7 1.26 0.07 4.5
19730202 0 1.17 0.068 3.1
19730203 0 1.14 0.067 2.5
19730204 0 1.22 0.065 3.4
19730205 0 1.34 0.063 4.7
19730206 0 1.45 0.061 5.9
19730207 0 1.51 0.059 6.4
19730208 0 1.48 0.057 5.8
19730209 3 1.56 0.056 6.5
19730210 0.8 1.5 0.057 5.6
19730211 0 1.39 0.058 4.2
19730212 0 1.4 0.058 4.1
19730213 0.2 1.33 0.056 3.2
19730214 2.4 1.27 0.055 2.3
19730215 0.6 1.24 0.056 1.8
19730216 0.2 1.26 0.057 1.9
19730217 0 1.3 0.056 2.1
19730218 0 1.45 0.055 3.5
19730219 0 1.37 0.053 2.5
19730220 0 1.62 0.052 4.8
19730221 0 1.66 0.05 5
19730222 0 1.77 0.049 5.8
19730223 0 1.83 0.048 6.2
19730224 0 2.01 0.046 7.6
19730225 0 2.16 0.045 8.7
19730226 0 2.29 0.044 9.6
19730227 0 2.19 0.043 8.5
19730228 0 1.89 0.042 5.8
19730301 0 1.98 0.041 6.4
19730302 0 2.09 0.04 7.1
19730303 0 2.23 0.04 8.1
19730304 0 2.43 0.039 9.5
19730305 0 2.64 0.038 10.9
19730306 0 2.62 0.037 10.6
19730307 0 2.54 0.037 9.8
19730308 0 2.23 0.036 7.3
19730309 0 2.19 0.035 6.9
19730310 0 2.07 0.035 5.9
19730311 0.1 2.18 0.034 6.6
19730312 0 2.26 0.034 7
19730313 0 2.29 0.033 7.1
19730314 0 1.93 0.033 4.6
19730315 0 1.78 0.032 3.5
19730316 0 1.85 0.032 4
19730317 0 1.98 0.031 4.8
19730318 0 2.1 0.031 5.5
19730319 0 2.37 0.03 7.2
19730320 0 2.42 0.03 7.4
19730321 6.7 2.43 0.03 7.4
19730322 7.2 2.41 0.032 7.2
19730323 0.1 2.57 0.036 8.1
19730324 4.4 2.89 0.039 10
19730325 0.5 2.51 0.04 7.6
19730326 0.1 2.25 0.041 6
19730327 8.1 2.31 0.042 6.3
19730328 5.8 2.76 0.045 8.9
19730329 0.1 2.85 0.05 9.3
19730330 0 2.53 0.052 7.4
19730331 0 2.56 0.051 7.5
19730401 0 2.81 0.05 8.9
19730402 0 3.08 0.048 10.3
19730403 0 3.29 0.047 11.4
19730404 0 3.27 0.046 11.2
19730405 0 3.67 0.045 13.3
19730406 0 4.14 0.044 15.7
19730407 0 4.31 0.043 16.5
19730408 20.4 3.59 0.044 12.6
19730409 2.3 2.03 0.051 4.4
19730410 0 1.9 0.058 3.7
19730411 0 2.06 0.06 4.5
19730412 0 2.75 0.058 8
19730413 0 3.09 0.056 9.7
19730414 0 3.24 0.054 10.4
19730415 0 3.29 0.053 10.6
19730416 0 3.13 0.051 9.8
19730417 0 2.91 0.05 8.7
19730418 0 2.95 0.048 8.9
19730419 0 3.36 0.047 10.8
19730420 0 3.28 0.046 10.4
19730421 0 3.26 0.045 10.3
19730422 2.8 3.44 0.044 11.1
19730423 2.5 3.28 0.044 10.4
19730424 0 3.04 0.044 9.3
19730425 0.2 3.51 0.044 11.4
19730426 0 4.17 0.043 14.3
19730427 0.1 4.36 0.042 15.1
19730428 0.1 4.05 0.041 13.7
19730429 0 4.22 0.04 14.4
19730430 0.2 4.75 0.039 16.6
19730501 1.5 4.57 0.038 15.8
19730502 0.1 4.6 0.038 15.9
19730503 0.8 4.27 0.037 14.5
19730504 0.1 4.2 0.037 14.2
19730505 1.2 3.78 0.036 12.5
19730506 0 3.95 0.036 13.2
19730507 0 3.98 0.035 13.3
19730508 0 3.88 0.034 12.9
19730509 0 4.16 0.034 14
19730510 0 4.7 0.033 16.1
19730511 0 4.78 0.032 16.4
19730512 0 4.7 0.032 16.1
19730513 0 5.08 0.031 17.5
19730514 0 5.3 0.031 18.3
19730515 0.1 5.52 0.03 19.1
19730516 7.3 4.44 0.03 15.1
19730517 3.8 3.91 0.03 13.2
19730518 9 3.43 0.031 11.5
19730519 7.4 3.21 0.033 10.8
19730520 6 3.67 0.035 12.5
19730521 0.1 3.65 0.037 12.5
19730522 0.3 3.83 0.038 13.2
19730523 0 4.53 0.038 15.7
19730524 0 5.49 0.037 19
19730525 0 6.05 0.036 20.9
19730526 0 6.32 0.035 21.8
19730527 0 6.44 0.034 22.2
19730528 0 6.13 0.034 21.2
19730529 0 5.73 0.033 19.9
19730530 0 6.03 0.032 20.9
19730531 0 6.31 0.032 21.8
19730601 0 5.56 0.031 19.5
19730602 0.5 5.23 0.031 18.5
19730603 9.8 5.37 0.03 19
19730604 14.7 4.49 0.031 16.4
19730605 5.6 4.13 0.034 15.4
19730606 2.8 4.5 0.037 16.6
19730607 4 4.47 0.039 16.6
19730608 0 4.64 0.04 17.2
19730609 2.6 5.23 0.04 19
19730610 9.6 4.92 0.041 18.2
19730611 2.3 4.61 0.043 17.4
19730612 2.2 4.72 0.045 17.8
19730613 0.1 5.11 0.046 19
19730614 0 5.8 0.045 21
19730615 4.1 6.13 0.044 22
19730616 0.6 5.9 0.044 21.4
19730617 0 5.99 0.044 21.7
19730618 0 5.97 0.043 21.7
19730619 0 6.5 0.042 23.2
19730620 0 6.66 0.041 23.7
19730621 0 5.43 0.04 20.4
19730622 0 4.78 0.039 18.7
19730623 0 5.28 0.038 20.1
19730624 0 5.89 0.037 21.8
19730625 0 6.13 0.036 22.5
19730626 0 6.22 0.035 22.8
19730627 0 6.31 0.034 23.1
19730628 0 6.41 0.033 23.4
19730629 0 6.76 0.033 24.4
19730630 0 7.08 0.032 25.3
19730701 0 7.29 0.031 25.9
19730702 0 7.35 0.03 26.1
19730703 0 7.59 0.03 26.8
19730704 0 7.77 0.029 27.3
19730705 0 6.54 0.029 24.1
19730706 0 6.25 0.028 23.4
19730707 0 6.69 0.027 24.6
19730708 0.3 6.59 0.027 24.4
19730709 0 6.72 0.026 24.8
19730710 0 6.63 0.026 24.6
19730711 0 7.15 0.026 26
19730712 1.9 7.01 0.025 25.7
19730713 4.6 5.91 0.025 22.9
19730714 0.1 5.27 0.024 21.3
19730715 0.8 4.63 0.024 19.7
19730716 0.1 4.43 0.024 19.2
19730717 0 4.31 0.024 18.9
19730718 0 5 0.023 20.7
19730719 0 5.76 0.023 22.7
19730720 0 6.44 0.023 24.5
19730721 0 6.42 0.022 24.5
19730722 0 6.18 0.022 23.9
19730723 0 6.29 0.022 24.2
19730724 0 6.65 0.021 25.2
19730725 0 7.23 0.021 26.8
19730726 0 7.29 0.021 27
19730727 0 7.2 0.021 26.8
19730728 0 6.96 0.02 26.2
19730729 0 6.13 0.02 24
19730730 0 5.9 0.02 23.4
19730731 0 5.96 0.02 23.6
19730801 0 5.88 0.019 23.4
19730802 0 5.79 0.019 23.2
19730803 0 5.96 0.019 23.7
19730804 0 6.23 0.019 24.5
19730805 0 6.57 0.019 25.5
19730806 0 6.74 0.018 26
19730807 0 7.25 0.018 27.5
19730808 0.2 7.3 0.018 27.7
19730809 0.1 7.49 0.018 28.3
19730810 1.4 7.36 0.018 28
19730811 0.2 7.27 0.017 27.8
19730812 0 7.19 0.017 27.6
19730813 0 7.2 0.017 27.7
19730814 0 7.11 0.017 27.5
19730815 0 6.75 0.017 26.5
19730816 0 6.31 0.017 25.2
19730817 0 6.19 0.016 24.9
19730818 0 6.2 0.016 25
19730819 0 6.05 0.016 24.6
19730820 0 6.23 0.016 25.2
19730821 0.6 6.05 0.016 24.7
19730822 0.1 5.87 0.016 24.2
19730823 0.1 5.79 0.015 24
19730824 0 6.02 0.015 24.8
19730825 0 6.09 0.015 25.1
19730826 0 6.07 0.015 25.1
19730827 0 6.01 0.015 25
19730828 0 6.02 0.015 25.1
19730829 0 5.69 0.015 24.1
19730830 0 5.7 0.015 24.2
19730831 0 5.26 0.014 22.8
19730901 0 5.07 0.014 22.2
19730902 0 5.45 0.014 23.6
19730903 0 5.53 0.014 24
19730904 0 5.45 0.014 23.8
19730905 0 5.09 0.014 22.6
19730906 0 4.74 0.014 21.4
19730907 0 4.42 0.014 20.3
19730908 0 4.67 0.014 21.3
19730909 0 4.93 0.014 22.4
19730910 0.1 5.18 0.013 23.5
19730911 0.2 5.53 0.013 25
19730912 0 5.19 0.013 23.8
19730913 0 5.03 0.013 23.3
19730914 0 5.04 0.013 23.5
19730915 0 4.79 0.013 22.6
19730916 0.1 4.57 0.013 21.8
19730917 1.4 3.99 0.013 19.4
19730918 0 3.81 0.013 18.7
19730919 0 3.97 0.013 19.5
19730920 0 3.95 0.013 19.5
19730921 0.2 3.43 0.012 17.2
19730922 0 3.07 0.012 15.6
19730923 0 2.8 0.012 14.4
19730924 0 2.5 0.012 13
19730925 0 2.78 0.012 14.4
19730926 0 3.22 0.012 16.6
19730927 0 3.39 0.012 17.6
19730928 0 3.6 0.012 18.8
19730929 0 3.57 0.012 18.8
19730930 0.1 2.7 0.012 14.3
19731001 0 2.04 0.012 10.8
19731002 0 1.89 0.012 10
19731003 0 2.01 0.012 10.7
19731004 0 2.45 0.012 13.3
19731005 0 2.48 0.012 13.6
19731006 0 2.59 0.012 14.4
19731007 0 2.73 0.011 15.4
19731008 0 2.77 0.011 15.9
19731009 0 2.85 0.011 16.6
19731010 0 2.81 0.011 16.6
19731011 0 2.73 0.011 16.3
19731012 0.5 2.67 0.011 16.2
19731013 0.3 2.53 0.011 15.5
19731014 1 2.48 0.011 15.4
19731015 4.1 2.55 0.011 16.2
19731016 8.8 2.31 0.011 14.4
19731017 1.2 2.09 0.011 12.8
19731018 33.8 1.87 0.012 11.1
19731019 24.5 1.76 0.015 10.3
19731020 0.4 1.84 0.02 10.9
19731021 0 1.92 0.024 11.6
19731022 0 1.91 0.025 11.6
19731023 0 2.04 0.024 12.7
19731024 0 2.1 0.024 13.3
19731025 0 2.02 0.023 12.7
19731026 0 1.88 0.022 11.6
19731027 0 1.88 0.022 11.7
19731028 0 2.03 0.021 13.2
19731029 0 2.1 0.021 14
19731030 2.3 2.14 0.021 14.5
19731031 2.2 2.13 0.021 14.6
19731101 0.9 2.07 0.021 14.2
19731102 3.2 2.1 0.021 14.7
19731103 3.6 1.94 0.022 13.3
19731104 1.1 1.89 0.023 13
19731105 7.2 1.87 0.024 13
19731106 0.9 1.76 0.026 12
19731107 0 1.52 0.027 9.5
19731108 0 1.49 0.027 9.4
19731109 0 1.44 0.026 9
19731110 0 1.46 0.026 9.4
19731111 0 1.45 0.025 9.5
19731112 0 1.33 0.024 8.2
19731113 0 1.31 0.024 8.2
19731114 0 1.29 0.023 8.1
19731115 0 1.33 0.022 8.9
19731116 0 1.3 0.022 8.7
19731117 0 1.26 0.021 8.2
19731118 0 1.23 0.021 7.9
19731119 0 1.25 0.02 8.3
19731120 0 1.28 0.02 8.8
19731121 0 1.29 0.02 9
19731122 0 1.36 0.019 10.3
19731123 0 1.41 0.019 11.1
19731124 0.4 1.4 0.018 11.1
19731125 0.1 1.37 0.018 10.8
19731126 0 1.28 0.018 9.6
19731127 0 1.08 0.017 6.6
19731128 0 0.95 0.017 4.6
19731129 0 0.98 0.017 5.3
19731130 0 1.08 0.017 7
19731201 0.3 1.04 0.016 6.5
19731202 2 0.88 0.016 4
19731203 0 0.63 0.016 -0.3
19731204 0 0.71 0.016 1.1
19731205 0 0.84 0.016 3.5
19731206 0 0.87 0.016 4.2
19731207 0 0.87 0.016 4.3
19731208 0 0.84 0.015 3.9
19731209 0 0.84 0.015 4.1
19731210 0 0.83 0.015 4.1
19731211 0 0.79 0.015 3.4
19731212 0 0.72 0.015 2.2
19731213 0 0.8 0.014 4
19731214 0 0.85 0.014 5.1
19731215 0 0.88 0.014 5.9
19731216 0 0.85 0.014 5.4
19731217 0 0.83 0.014 4.9
19731218 0.6 0.83 0.013 4.6
19731219 7.4 0.9 0.014 6.1
19731220 6.8 0.91 0.015 6
19731221 2.8 0.91 0.018 6
19731222 12.7 0.86 0.021 4.9
19731223 9.6 0.85 0.026 4.5
19731224 7.3 0.8 0.034 3.3
19731225 5 0.81 0.042 3.5
19731226 0.1 0.89 0.047 5
19731227 0.4 0.85 0.049 4.1
19731228 0 0.89 0.048 4.8
19731229 0.7 0.85 0.046 3.8
19731230 0.7 0.87 0.045 4.2
19731231 1.3 0.87 0.044 4
19740101 0 0.84 0.044 3.4
19740102 0.1 0.83 0.043 3.1
19740103 3.6 0.86 0.042 3.5
19740104 0 0.92 0.043 4.5
19740105 4.9 0.99 0.044 5.8
19740106 0.6 1.1 0.046 7.6
19740107 0.2 1.21 0.047 9.6
19740108 0.3 1.2 0.047 9.3
19740109 1.5 1.21 0.045 9.3
19740110 0.3 1.23 0.045 9.5
19740111 0 1.23 0.044 9.4
19740112 0 1.15 0.043 7.9
19740113 0 1.14 0.041 7.6
19740114 0 1.13 0.04 7.2
19740115 0 1.24 0.038 9
19740116 0 1.17 0.037 7.9
19740117 0 1.15 0.036 7.1
19740118 0.1 1.06 0.035 5.2
19740119 0 1.09 0.034 5.3
19740120 0 1.13 0.032 5.7
19740121 0 1.15 0.031 5.7
19740122 0 1.14 0.03 5.3
19740123 0 1.15 0.029 5.1
19740124 0 1.13 0.029 4.6
19740125 0.4 1.14 0.028 4.5
19740126 3.3 1.15 0.028 4.4
19740127 0.2 1.34 0.028 6.9
19740128 2.8 1.42 0.029 7.7
19740129 0.2 1.35 0.03 6.5
19740130 2 1.19 0.031 3.9
19740131 2.8 1.29 0.032 5.1
19740201 4.1 1.39 0.034 6.3
19740202 4.4 1.37 0.037 5.7
19740203 1.1 1.32 0.041 4.9
19740204 0.2 1.33 0.043 4.7
19740205 0.3 1.44 0.043 6
19740206 4.3 1.53 0.042 6.9
19740207 0.7 1.62 0.044 7.7
19740208 0.2 1.53 0.045 6.4
19740209 0.3 1.6 0.044 7
19740210 0.2 1.66 0.043 7.5
19740211 9 1.62 0.044 6.8
19740212 5.6 1.57 0.049 6.1
19740213 3 1.51 0.057 5.2
19740214 0.6 1.47 0.062 4.6
19740215 2.4 1.61 0.063 5.8
19740216 0.6 1.52 0.064 4.6
19740217 1.1 1.53 0.063 4.5
19740218 0.4 1.58 0.063 4.8
19740219 9.2 1.4 0.064 2.8
19740220 1.6 1.52 0.069 3.8
19740221 0 1.69 0.074 5.2
19740222 0.1 1.65 0.074 4.7
19740223 0.1 1.76 0.071 5.5
19740224 0 1.67 0.068 4.5
19740225 0.1 1.61 0.065 3.8
19740226 0.1 1.72 0.063 4.6
19740227 0 1.78 0.06 5
19740228 0 1.88 0.058 5.7
19740301 0.2 2.13 0.056 7.6
19740302 0.8 2.21 0.054 8.1
19740303 0.3 1.87 0.053 5.2
19740304 0 1.64 0.051 3.2
19740305 0 1.66 0.05 3.3
19740306 0 1.93 0.048 5.3
19740307 0 2.23 0.046 7.4
19740308 0 2.16 0.044 6.8
19740309 3.9 2.13 0.043 6.4
19740310 6 2.15 0.045 6.5
19740311 0.9 2.1 0.049 6
19740312 0.2 2.26 0.052 7
19740313 0.6 2.37 0.051 7.7
19740314 0 2.38 0.05 7.6
19740315 0 2.58 0.048 8.9
19740316 0 2.91 0.047 11.1
19740317 0 3.16 0.045 12.6
19740318 0.2 3.03 0.043 11.6
19740319 1.6 2.74 0.042 9.6
19740320 18.4 2.09 0.045 5.3
19740321 4.6 2.29 0.055 6.5
19740322 7 2.39 0.068 7.1
19740323 0.9 2.71 0.076 9
19740324 2.3 2.74 0.08 9.1
19740325 1.3 2.84 0.081 9.6
19740326 2.6 2.85 0.081 9.6
19740327 0.6 2.94 0.081 10
19740328 3.4 3.04 0.081 10.5
19740329 0.9 3.1 0.081 10.8
19740330 0.1 3.02 0.08 10.2
19740331 1.1 3.03 0.079 10.2
19740401 1.6 3.15 0.076 10.8
19740402 5.5 2.97 0.076 9.7
19740403 4 2.46 0.079 6.8
19740404 0 2.63 0.082 7.7
19740405 0 2.86 0.082 8.9
19740406 0 3.11 0.08 10.2
19740407 0 3.39 0.076 11.6
19740408 0.2 3.23 0.073 10.7
19740409 16.4 3.01 0.074 9.5
19740410 4.3 3.04 0.083 9.6
19740411 2.2 2.99 0.093 9.3
19740412 9.2 2.9 0.1 8.8
19740413 3.5 2.87 0.107 8.6
19740414 6.1 3.06 0.115 9.5
19740415 2.4 3.05 0.121 9.4
19740416 0.1 3.07 0.124 9.5
19740417 0 3.28 0.122 10.5
19740418 0 3.43 0.117 11.2
19740419 0.9 3.53 0.112 11.6
19740420 2.1 3.62 0.108 12
19740421 6.9 3.54 0.107 11.6
19740422 2 3.39 0.11 10.9
19740423 0.3 3.31 0.112 10.5
19740424 1.2 3.31 0.111 10.5
19740425 0.3 3.33 0.107 10.6
19740426 1.6 3.33 0.104 10.6
19740427 5.1 3.31 0.102 10.5
19740428 7.1 3.03 0.104 9.3
19740429 7.2 2.56 0.111 7.3
19740430 1.9 2.55 0.119 7.3
19740501 0.5 3.07 0.122 9.5
19740502 5 3.04 0.122 9.4
19740503 2.8 2.79 0.122 8.4
19740504 0.2 2.7 0.123 8.1
19740505 2.2 3.04 0.122 9.5
19740506 0.2 3.28 0.119 10.5
19740507 0 3.48 0.115 11.3
19740508 0 3.77 0.11 12.5
19740509 0 4.31 0.105 14.6
19740510 0 4.44 0.101 15.1
19740511 0 4.57 0.096 15.6
19740512 0 4.63 0.092 15.8
19740513 0 4.97 0.088 17.1
19740514 0 5.56 0.084 19.3
19740515 1 6.11 0.081 21.3
19740516 0 5.65 0.078 19.6
19740517 0 5.52 0.075 19.1
19740518 0 5.97 0.072 20.7
19740519 0.2 6.11 0.069 21.2
19740520 0 6.12 0.066 21.2
19740521 0 6.36 0.064 22
19740522 0 6.57 0.061 22.7
19740523 0.4 6.57 0.059 22.7
19740524 1.1 5.55 0.057 19.2
19740525 0.1 5.07 0.055 17.6
19740526 0 5 0.053 17.4
19740527 0 5.56 0.052 19.3
19740528 0.2 5.67 0.05 19.7
19740529 0.1 6.19 0.048 21.4
19740530 0.1 4.96 0.047 17.5
19740531 0 5.36 0.045 18.8
19740601 0 5.53 0.044 19.4
19740602 0 5.68 0.042 19.9
19740603 0.1 5.73 0.041 20.1
19740604 3.7 5.74 0.04 20.2
19740605 0 6.13 0.039 21.4
19740606 0 6.51 0.038 22.6
19740607 0 6.43 0.037 22.4
19740608 0 6.45 0.036 22.5
19740609 0 6.09 0.035 21.5
19740610 0 5.83 0.034 20.8
19740611 0.1 5.88 0.033 21
19740612 1 6.21 0.032 22
19740613 2.4 6.18 0.032 22
19740614 9.5 5.73 0.031 20.8
19740615 2.4 4.86 0.031 18.5
19740616 1.9 5.06 0.031 19.1
19740617 0 5.37 0.031 20
19740618 1.4 5.68 0.03 20.9
19740619 24 5.03 0.031 19.2
19740620 0.8 4.86 0.033 18.8
19740621 0.1 5.06 0.036 19.4
19740622 0 4.67 0.036 18.4
19740623 0.1 4.02 0.035 16.7
19740624 1.2 4.33 0.034 17.6
19740625 6.9 3.68 0.034 15.9
19740626 0.5 3.5 0.034 15.5
19740627 0.3 3.81 0.034 16.4
19740628 0 4.54 0.034 18.4
19740629 0.1 5.19 0.033 20.2
19740630 0 6.1 0.032 22.7
19740701 0 6.95 0.032 25
19740702 0 7.2 0.031 25.7
19740703 0.3 7.44 0.03 26.4
19740704 4.3 6.86 0.029 24.9
19740705 2.5 6.42 0.029 23.8
19740706 0.1 6.29 0.029 23.5
19740707 0 6.72 0.029 24.7
19740708 0 7.05 0.028 25.6
19740709 0 7.22 0.028 26.1
19740710 0 7.24 0.027 26.2
19740711 0 7.61 0.026 27.2
19740712 0.4 7.78 0.026 27.7
19740713 4.1 7.26 0.025 26.4
19740714 2.9 6.16 0.025 23.6
19740715 2.4 5.6 0.025 22.2
19740716 0 5.79 0.025 22.7
19740717 0 5.59 0.025 22.2
19740718 0 5.35 0.024 21.6
19740719 0 4.84 0.024 20.3
19740720 0 4.53 0.023 19.5
19740721 0 5.17 0.023 21.2
19740722 0 5.65 0.022 22.5
19740723 0 6.25 0.022 24.1
19740724 0 6.76 0.022 25.5
19740725 0 6.78 0.021 25.6
19740726 0 6.92 0.021 26
19740727 0 7.12 0.02 26.6
19740728 0 7.22 0.02 26.9
19740729 0 7.49 0.02 27.7
19740730 0 7.18 0.019 26.9
19740731 0 6 0.019 23.7
19740801 0 6.46 0.019 25
19740802 0 6.73 0.018 25.8
19740803 0 6.68 0.018 25.7
19740804 0 6.16 0.018 24.3
19740805 0 6.65 0.018 25.7
19740806 0 6.98 0.017 26.7
19740807 0 6.44 0.017 25.2
19740808 0 5.75 0.017 23.3
19740809 0 6.09 0.017 24.3
19740810 0 6.39 0.016 25.2
19740811 0 6.44 0.016 25.4
19740812 0.1 6.63 0.016 26
19740813 0 6.75 0.016 26.4
19740814 0 6.87 0.016 26.8
19740815 0 7.02 0.015 27.3
19740816 0 7.12 0.015 27.6
19740817 1.1 6.9 0.015 27
19740818 0.2 6.34 0.015 25.4
19740819 9.3 5.43 0.015 22.7
19740820 2.6 4.43 0.015 19.7
19740821 0 4.33 0.015 19.4
19740822 0 4.81 0.015 20.9
19740823 0 5.38 0.014 22.7
19740824 0 5.61 0.014 23.5
19740825 0.2 5.78 0.014 24.1
19740826 0 5.42 0.014 23
19740827 0 5.25 0.014 22.5
19740828 0 5.39 0.014 23
19740829 0 5.16 0.014 22.3
19740830 0 4.26 0.013 19.3
19740831 0 3.84 0.013 17.9
19740901 0 4.18 0.013 19.1
19740902 0 4.2 0.013 19.2
19740903 0 4.3 0.013 19.6
19740904 0 4.45 0.013 20.2
19740905 0.1 4.54 0.013 20.6
19740906 0 4.39 0.013 20.1
19740907 0 4.42 0.013 20.3
19740908 0 4.67 0.012 21.3
19740909 0 4.51 0.012 20.8
19740910 0 4.51 0.012 20.9
19740911 0 4.82 0.012 22.2
19740912 0 4.89 0.012 22.6
19740913 0 4.88 0.012 22.7
19740914 0 4.75 0.012 22.3
19740915 0.7 4.55 0.012 21.6
19740916 0.3 4.36 0.012 20.9
19740917 0 4.29 0.011 20.7
19740918 0 3.92 0.011 19.2
19740919 0 3.75 0.011 18.5
19740920 0 3.64 0.011 18.1
19740921 0 3.6 0.011 18
19740922 0 3.69 0.011 18.5
19740923 0 3.65 0.011 18.4
19740924 0 3.38 0.011 17.2
19740925 0 3.46 0.011 17.7
19740926 0 3.58 0.011 18.4
19740927 0.1 3.67 0.011 19
19740928 0 3.06 0.011 16
19740929 0 2.24 0.011 11.8
19740930 0 2.4 0.01 12.7
19741001 0 2.7 0.01 14.4
19741002 0 2.64 0.01 14.2
19741003 0 2.75 0.01 14.9
19741004 0 2.9 0.01 15.9
19741005 0 2.77 0.01 15.3
19741006 0 2.31 0.01 12.7
19741007 0 2.52 0.01 14.1
19741008 0 2.46 0.01 13.9
19741009 0.2 2.4 0.01 13.7
19741010 5.1 2.3 0.01 13.2
19741011 4.3 2.26 0.01 13.1
19741012 0.3 1.93 0.01 11
19741013 3.3 1.39 0.01 7.3
19741014 0.1 1.47 0.01 8
19741015 0 1.51 0.01 8.4
19741016 3.3 1.71 0.01 9.9
19741017 4.3 1.86 0.01 11
19741018 0.1 1.77 0.01 10.3
19741019 0 1.85 0.01 11
19741020 0 2.05 0.01 12.6
19741021 0.2 1.86 0.01 11.1
19741022 5 1.74 0.01 10.2
19741023 0.5 1.26 0.01 6.2
19741024 3.6 1.27 0.01 6.2
19741025 10.2 1.38 0.01 7.2
19741026 0.8 1.62 0.011 9.3
19741027 0 1.78 0.012 10.8
19741028 0 1.75 0.012 10.6
19741029 0 1.47 0.012 8.1
19741030 0 1.21 0.011 5.7
19741031 0 1.15 0.011 5.1
19741101 0 1.36 0.011 7.2
19741102 0 1.45 0.011 8.2
19741103 0 1.49 0.011 8.7
19741104 0 1.44 0.011 8.2
19741105 0 1.28 0.011 6.6
19741106 0 1.23 0.011 6.2
19741107 0 1.2 0.011 5.9
19741108 0 1.44 0.011 8.8
19741109 0 1.51 0.01 9.8
19741110 0 1.48 0.01 9.7
19741111 0 1.45 0.01 9.5
19741112 0 1.42 0.01 9.4
19741113 0 1.4 0.01 9.4
19741114 0 1.46 0.01 10.4
19741115 6.6 1.45 0.01 10.6
19741116 0.4 1.35 0.01 9.3
19741117 4.1 1.38 0.011 9.9
19741118 0.1 1.3 0.011 8.9
19741119 0.1 1.09 0.011 6
19741120 0 1.12 0.011 6.5
19741121 0 1.22 0.011 8
19741122 0.8 1.29 0.011 9.2
19741123 8 1.21 0.011 8.1
19741124 0.5 1.14 0.012 7.2
19741125 0 1.28 0.012 9.5
19741126 0 1.26 0.013 9.3
19741127 0 1.28 0.012 9.8
19741128 0 1.28 0.012 9.9
19741129 0 1.2 0.012 8.9
19741130 0 1.13 0.012 7.8
19741201 0 1.08 0.012 7.1
19741202 0 1.07 0.012 7.2
19741203 0 1.11 0.011 7.9
19741204 0 1.07 0.011 7.4
19741205 0 0.99 0.011 6.2
19741206 0 0.94 0.011 5.4
19741207 0 0.88 0.011 4.5
19741208 0 0.84 0.011 3.9
19741209 0 0.79 0.011 3.2
19741210 0 0.81 0.011 3.6
19741211 0 0.78 0.01 3.2
19741212 0 0.79 0.01 3.5
19741213 0 0.88 0.01 5.5
19741214 0 0.87 0.01 5.5
19741215 0 0.81 0.01 4.5
19741216 0 0.76 0.01 3.5
19741217 0 0.78 0.01 3.7
19741218 0 0.82 0.01 4.4
19741219 0 0.82 0.01 4.3
19741220 0 0.8 0.01 3.9
19741221 0 0.78 0.01 3.4
19741222 0 0.75 0.009 2.6
19741223 1.1 0.78 0.009 3.1
19741224 4.4 0.96 0.01 6.5
19741225 0.1 1.07 0.01 8.6
19741226 0.1 1.04 0.01 7.9
19741227 0 1 0.01 7
19741228 0 1 0.01 6.8
19741229 0 1.04 0.01 7.5
19741230 0 1.04 0.01 7.4
19741231 0 1.01 0.01 6.8
19750101 0 0.94 0.01 5.2
19750102 0 0.93 0.01 4.9
19750103 0 0.92 0.01 4.7
19750104 0 0.91 0.009 4.3
19750105 0 0.94 0.009 4.8
19750106 0 0.93 0.009 4.5
19750107 0 0.94 0.009 4.6
19750108 0 0.96 0.009 4.8
19750109 0 0.99 0.009 5.3
19750110 0 1 0.009 5.4
19750111 0 1.02 0.009 5.5
19750112 0.1 1.09 0.009 6.7
19750113 0 1.11 0.009 7
19750114 0.4 1.18 0.009 8.1
19750115 2.6 1.22 0.009 8.7
19750116 0.7 1.15 0.009 7.4
19750117 3.4 1.17 0.009 7.4
19750118 1.5 1.21 0.009 7.7
19750119 0 1.02 0.01 4.2
19750120 0.8 1.02 0.01 3.9
19750121 1.8 1.01 0.01 3.5
19750122 0 0.95 0.01 2.3
19750123 1.8 1.09 0.01 4.2
19750124 0.6 1.19 0.01 5.5
19750125 0 1.31 0.01 7
19750126 0 1.4 0.01 8.1
19750127 0 1.36 0.01 7.2
19750128 0 1.38 0.01 7.1
19750129 0 1.54 0.01 9.2
19750130 0 1.53 0.01 8.7
19750131 0.6 1.56 0.01 8.8
19750201 0 1.57 0.01 8.7
19750202 0 1.54 0.01 8
19750203 0 1.47 0.01 6.8
19750204 0.2 1.38 0.009 5.4
19750205 5.6 1.42 0.01 5.7
19750206 9.6 1.47 0.01 6.1
19750207 0.2 1.67 0.012 8.3
19750208 4.1 1.67 0.013 8.1
19750209 7.1 1.51 0.015 5.9
19750210 0.5 1.55 0.016 6.2
19750211 8.7 1.59 0.018 6.5
19750212 0.2 1.56 0.02 6
19750213 0.6 1.64 0.022 6.7
19750214 2.7 1.64 0.022 6.5
19750215 0.1 1.68 0.022 6.6
19750216 0 1.63 0.022 5.8
19750217 0 1.69 0.022 6.2
19750218 0 1.81 0.021 7.1
19750219 0 1.9 0.02 7.8
19750220 0 1.96 0.02 8.1
19750221 0 1.92 0.019 7.5
19750222 0 1.92 0.019 7.2
19750223 0 1.95 0.018 7.3
19750224 0.1 1.91 0.018 6.7
19750225 0.5 1.91 0.017 6.5
19750226 0 2.01 0.017 7.2
19750227 0 2 0.016 6.9
19750228 1.2 2.13 0.016 7.8
19750301 5 2.25 0.016 8.6
19750302 5.9 2.09 0.017 7.1
19750303 1.3 2.08 0.019 6.9
19750304 17.9 1.96 0.023 5.8
19750305 1.6 1.97 0.029 5.7
19750306 0 2.09 0.034 6.5
19750307 0 2.41 0.035 8.8
19750308 2.3 2.32 0.034 8
19750309 1.1 1.91 0.034 4.8
19750310 15.1 1.75 0.036 3.6
19750311 12.3 1.59 0.045 2.4
19750312 0.8 1.71 0.057 3.2
19750313 0 1.9 0.064 4.4
19750314 0.9 2.01 0.064 5.1
19750315 0.2 2.14 0.062 5.9
19750316 2.6 2.08 0.06 5.5
19750317 2.1 2.59 0.06 8.8
19750318 2.1 2.57 0.06 8.6
19750319 9 2.09 0.063 5.4
19750320 0.3 1.96 0.068 4.5
19750321 0 2.14 0.071 5.6
19750322 0 2.39 0.07 7.1
19750323 0 2.6 0.066 8.3
19750324 0 2.56 0.063 8
19750325 0 2.84 0.061 9.6
19750326 1.1 2.87 0.058 9.7
19750327 0 2.89 0.056 9.7
19750328 0.5 2.97 0.054 10.1
19750329 4.3 2.73 0.053 8.6
19750330 0.1 2.18 0.053 5.4
19750331 1.6 2.01 0.054 4.4
19750401 0 1.94 0.053 4
19750402 0 2.36 0.051 6.3
19750403 0 2.75 0.05 8.4
19750404 1.4 2.66 0.048 7.9
19750405 0.9 2.45 0.046 6.7
19750406 0 2.16 0.045 5.1
19750407 0.1 2.43 0.044 6.5
19750408 0 2.66 0.043 7.7
19750409 0 2.86 0.041 8.7
19750410 0 2.31 0.039 5.8
19750411 0 2.54 0.038 7
19750412 0 3.06 0.036 9.6
19750413 0 3.29 0.035 10.7
19750414 0 3.56 0.034 12
19750415 0 4.12 0.032 14.7
19750416 0 4.34 0.031 15.7
19750417 0.3 4.56 0.03 16.7
19750418 27.7 4.5 0.032 16.3
19750419 11.6 3.57 0.044 11.8
19750420 0.7 3.6 0.058 11.9
19750421 1.1 3.78 0.066 12.7
19750422 16.1 3.81 0.069 12.8
19750423 14.3 3.28 0.081 10.4
19750424 12.3 3.13 0.104 9.7
19750425 0.3 3.71 0.125 12.3
19750426 0 4.08 0.135 13.9
19750427 0.2 4.07 0.132 13.8
19750428 0.2 3.49 0.125 11.3
19750429 0 3.26 0.119 10.3
19750430 0 3.85 0.113 12.8
19750501 0 4.14 0.108 14
19750502 0 4.17 0.103 14.1
19750503 0 4.17 0.098 14.1
19750504 0 3.63 0.093 11.9
19750505 0 2.79 0.089 8.5
19750506 0.3 2.73 0.085 8.3
19750507 3.9 3 0.081 9.4
19750508 0.1 3.55 0.08 11.6
19750509 0.4 3.98 0.079 13.3
19750510 12 3.69 0.078 12.2
19750511 0.8 3.4 0.081 11.1
19750512 0 3.68 0.085 12.2
19750513 0.8 4.04 0.083 13.6
19750514 0 4.28 0.08 14.5
19750515 1.1 4.33 0.077 14.7
19750516 0.1 4.33 0.074 14.7
19750517 1.4 4.68 0.071 16
19750518 23.1 4.34 0.073 14.8
19750519 5.5 3.88 0.085 13.2
19750520 1.1 3.98 0.097 13.6
19750521 2.7 4.25 0.101 14.6
19750522 6.5 4.37 0.102 15.1
19750523 0.2 4.45 0.104 15.4
19750524 0.7 4.08 0.104 14.2
19750525 0.2 3.58 0.101 12.6
19750526 1.1 3.94 0.097 13.9
19750527 2.8 4.25 0.094 15
19750528 0.3 3.83 0.092 13.7
19750529 0 3.8 0.089 13.7
19750530 0.8 4.21 0.086 15.1
19750531 4.9 3.96 0.083 14.4
19750601 2.4 3.74 0.083 13.8
19750602 6.2 3.64 0.084 13.6
19750603 0 4.06 0.085 15
19750604 0 4.82 0.085 17.4
19750605 0 5.79 0.082 20.4
19750606 0.1 5.47 0.079 19.5
19750607 1.8 5.52 0.075 19.7
19750608 3.6 5.67 0.073 20.2
19750609 5.9 5.37 0.073 19.4
19750610 4.1 3.95 0.074 15.4
19750611 0.2 4.19 0.076 16.2
19750612 0.3 4.58 0.075 17.4
19750613 1.8 4.58 0.072 17.5
19750614 1.8 4.61 0.07 17.7
19750615 14 4.72 0.071 18.1
19750616 0.5 4.26 0.075 16.9
19750617 0.1 4.27 0.078 17
19750618 0 4.83 0.076 18.6
19750619 0 5.58 0.073 20.7
19750620 2 5.93 0.07 21.7
19750621 0.1 5.54 0.068 20.7
19750622 0 5.67 0.066 21.1
19750623 0 6.17 0.063 22.5
19750624 0 6.48 0.061 23.4
19750625 0 6.54 0.058 23.6
19750626 0 6.15 0.056 22.6
19750627 0 6.09 0.054 22.5
19750628 0 6.41 0.051 23.4
19750629 0 6.46 0.049 23.6
19750630 0 6.37 0.048 23.4
19750701 0 6.84 0.046 24.7
19750702 0 7.35 0.044 26.1
19750703 0 6.99 0.043 25.2
19750704 0 5.83 0.041 22.2
19750705 0 6.04 0.04 22.8
19750706 0 6.36 0.038 23.7
19750707 0 6.11 0.037 23.1
19750708 0 6.06 0.036 23
19750709 0 6.26 0.035 23.6
19750710 0 6.4 0.033 24
19750711 0 6.42 0.032 24.1
19750712 0 7.01 0.031 25.7
19750713 0 7.69 0.03 27.5
19750714 0 8.06 0.03 28.5
19750715 0 8.04 0.029 28.5
19750716 0 8 0.028 28.4
19750717 0 7.29 0.027 26.6
19750718 0 6.54 0.026 24.7
19750719 0 6.53 0.026 24.7
19750720 0 6.86 0.025 25.6
19750721 0 7.37 0.024 27
19750722 0 7.36 0.024 27
19750723 0 6.93 0.023 25.9
19750724 0 7.1 0.022 26.4
19750725 0 7.31 0.022 27
19750726 0 7.48 0.021 27.5
19750727 0 7.23 0.021 26.9
19750728 0 7.18 0.02 26.8
19750729 0 7.53 0.02 27.8
19750730 0 7.84 0.019 28.7
19750731 0.1 7.93 0.019 29
19750801 0.2 7.44 0.019 27.7
19750802 5.1 7.24 0.018 27.2
19750803 2.5 6.82 0.018 26.1
19750804 0 6.95 0.018 26.5
19750805 0.2 7.07 0.017 26.9
19750806 0.1 7.34 0.017 27.7
19750807 3.2 7.53 0.017 28.3
19750808 0 7.05 0.016 27
19750809 0 6.61 0.016 25.8
19750810 0.2 6.25 0.016 24.8
19750811 0.2 6.51 0.016 25.6
19750812 0.3 6.56 0.015 25.8
19750813 0.8 6.41 0.015 25.4
19750814 4.7 5.74 0.015 23.5
19750815 0.2 5.39 0.015 22.5
19750816 0 5.76 0.014 23.6
19750817 0.1 6.09 0.014 24.6
19750818 0 6.41 0.014 25.6
19750819 0 6.72 0.014 26.6
19750820 0 6.76 0.014 26.8
19750821 0 6.31 0.013 25.5
19750822 0.8 5.2 0.013 22.1
19750823 0 4.14 0.013 18.8
19750824 0 4.61 0.013 20.3
19750825 0 4.91 0.013 21.3
19750826 0 4.72 0.013 20.7
19750827 0 4.49 0.012 20
19750828 0 4.69 0.012 20.7
19750829 0 5.01 0.012 21.8
19750830 0 5.29 0.012 22.8
19750831 0 5.47 0.012 23.5
19750901 0.1 4.98 0.012 21.9
19750902 0 4.57 0.011 20.5
19750903 1.1 4.61 0.011 20.7
19750904 0.1 4.7 0.011 21.1
19750905 0 4.54 0.011 20.6
19750906 0.6 4.39 0.011 20.1
19750907 0.1 4.16 0.011 19.3
19750908 6.1 4.24 0.011 19.7
19750909 3.6 4.04 0.011 19
19750910 0 4.05 0.011 19.1
19750911 0 4.31 0.011 20.2
19750912 0 4.19 0.011 19.8
19750913 0 4.39 0.01 20.7
19750914 0.2 3.8 0.01 18.4
19750915 3.2 2.44 0.01 12.8
19750916 1 1.88 0.01 10.4
19750917 0 2.61 0.01 13.5
19750918 0 2.71 0.01 13.9
19750919 0 3.14 0.01 15.8
19750920 0 3.51 0.01 17.5
19750921 0 3.67 0.01 18.3
19750922 0 3.65 0.01 18.3
19750923 0 3.63 0.01 18.3
19750924 0 3.69 0.01 18.7
19750925 0 3.72 0.01 19
19750926 0 3.72 0.009 19.1
19750927 0 3.51 0.009 18.2
19750928 0.5 3.81 0.009 19.9
19750929 8.4 3.74 0.009 19.7
19750930 0.2 3.13 0.009 16.6
19751001 0 3.08 0.009 16.5
19751002 0 3.52 0.009 19.1
19751003 0 3.69 0.009 20.3
19751004 0 3.69 0.009 20.5
19751005 0 3.59 0.009 20.2
19751006 0 3.45 0.009 19.6
19751007 0 3.4 0.009 19.6
19751008 0 3.36 0.009 19.6
19751009 0 3.2 0.009 18.9
19751010 0 2.96 0.009 17.6
19751011 0 2.39 0.009 14
19751012 0 1.77 0.009 9.9
19751013 0 1.6 0.008 8.8
19751014 0.5 2.03 0.008 12.1
19751015 1.4 2.04 0.008 12.4
19751016 0 1.92 0.008 11.5
19751017 0 1.86 0.008 11
19751018 0 1.92 0.008 11.5
19751019 0 2.12 0.008 13.1
19751020 0 2.2 0.008 13.8
19751021 0 2.36 0.008 15.2
19751022 0 2.43 0.008 15.9
19751023 0 2.51 0.008 16.7
19751024 0 2.38 0.008 15.7
19751025 0 2.28 0.008 15
19751026 0 2.13 0.008 13.8
19751027 0 1.99 0.008 12.7
19751028 0 2.11 0.008 13.9
19751029 0 2.23 0.008 15.2
19751030 0 2.28 0.008 15.8
19751031 0.2 2.22 0.008 15.5
19751101 0.1 1.88 0.008 12.3
19751102 0 1.69 0.007 10.6
19751103 0.1 1.73 0.007 11.1
19751104 0 1.7 0.007 11
19751105 0 1.57 0.007 9.8
19751106 0 1.5 0.007 9.2
19751107 0 1.44 0.007 8.6
19751108 0.1 1.32 0.007 7.4
19751109 0.2 1.3 0.007 7.3
19751110 0 1.26 0.007 7
19751111 0 1.47 0.007 9.8
19751112 0 1.69 0.007 12.8
19751113 0 1.64 0.007 12.4
19751114 0 1.61 0.007 12.4
19751115 0 1.58 0.007 12.4
19751116 0.1 1.57 0.007 12.3
19751117 0 1.19 0.007 7.2
19751118 0 1 0.007 4.6
19751119 0 1.06 0.007 5.6
19751120 0 1.13 0.007 6.7
19751121 0 1.24 0.007 8.4
19751122 0 1.16 0.007 7.3
19751123 0.3 1.08 0.007 6.2
19751124 8.3 1.07 0.007 6.1
19751125 8 1.11 0.007 6.8
19751126 0.2 1.12 0.007 7.2
19751127 0 1.08 0.007 6.6
19751128 0 1.1 0.007 7.1
19751129 1.9 1.08 0.007 6.8
19751130 0.1 0.95 0.007 4.9
19751201 0 0.9 0.007 4.1
19751202 3.6 0.93 0.007 4.7
19751203 2.4 0.94 0.007 5
19751204 1.6 1 0.008 6.3
19751205 7.1 1.01 0.008 6.6
19751206 0.8 1 0.008 6.6
19751207 0 0.98 0.009 6.4
19751208 0 0.98 0.009 6.6
19751209 0.1 0.98 0.009 6.8
19751210 2.1 0.99 0.009 7.2
19751211 5.5 1.03 0.009 8.1
19751212 5.3 0.99 0.01 7.6
19751213 3 0.92 0.011 6.3
19751214 1.1 0.78 0.012 3.6
19751215 8.2 0.82 0.013 4.8
19751216 1.5 0.83 0.014 4.9
19751217 0.8 0.84 0.015 5.1
19751218 0 0.82 0.016 4.5
19751219 0.3 0.74 0.015 2.7
19751220 0.2 0.68 0.015 1.4
19751221 0 0.73 0.015 2.2
19751222 0 0.72 0.015 2
19751223 0 0.69 0.014 1.2
19751224 0 0.64 0.014 0.1
19751225 0 0.73 0.014 1.8
19751226 0 0.76 0.013 2.3
19751227 0 0.78 0.013 2.7
19751228 0 0.8 0.013 2.9
19751229 0 0.87 0.012 4.2
19751230 0 0.87 0.012 4.2
19751231 0.8 0.87 0.012 4
19760101 0 0.88 0.012 4
19760102 0.1 0.9 0.012 4.4
19760103 0 0.91 0.011 4.4
19760104 0 0.96 0.011 5.2
19760105 0 0.99 0.011 5.8
19760106 0 1 0.011 5.8
19760107 0 0.99 0.011 5.5
19760108 0.1 1.01 0.01 5.7
19760109 0.1 1 0.01 5.5
19760110 0 1 0.01 5.3
19760111 0 1.02 0.01 5.6
19760112 0 1.09 0.01 6.7
19760113 0 1.09 0.01 6.6
19760114 0 1.02 0.009 5.3
19760115 0 1.02 0.009 5.1
19760116 0 1.04 0.009 5.4
19760117 0 1.05 0.009 5.3
19760118 0 1.05 0.009 5
19760119 0 1.02 0.009 4.1
19760120 0 0.96 0.009 2.9
19760121 0 1.07 0.009 4.4
19760122 0.1 1.08 0.008 4.3
19760123 0 1.17 0.008 5.4
19760124 0 1.17 0.008 5.1
19760125 0 1.02 0.008 2.6
19760126 0 0.8 0.008 -0.9
19760127 0 0.88 0.008 0.1
19760128 0.7 0.97 0.008 1.3
19760129 6.7 1.08 0.008 2.7
19760130 4.3 1.2 0.009 4.1
19760131 2.2 1.19 0.011 3.8
19760201 2.3 1.24 0.012 4.2
19760202 5.4 1.32 0.013 5.1
19760203 13.4 1.42 0.015 6.2
19760204 9.1 1.46 0.021 6.4
19760205 1 1.47 0.027 6.3
19760206 0.4 1.45 0.031 5.8
19760207 0 1.42 0.031 5.3
19760208 0 1.48 0.03 5.8
19760209 0 1.53 0.029 6.2
19760210 2.7 1.63 0.028 7.2
19760211 1.2 1.7 0.028 7.8
19760212 0 1.47 0.028 4.9
19760213 0 1.57 0.028 5.9
19760214 0 1.61 0.027 6.1
19760215 0 1.39 0.026 3.4
19760216 0 1.35 0.025 2.8
19760217 6.3 1.56 0.025 4.8
19760218 3.6 1.71 0.027 6.1
19760219 0.6 1.74 0.03 6.2
19760220 0 1.9 0.031 7.5
19760221 0 1.92 0.03 7.5
19760222 0 2 0.029 8
19760223 0 2.08 0.028 8.5
19760224 0 2.04 0.027 7.9
19760225 0 2 0.026 7.3
19760226 0 1.85 0.025 5.8
19760227 0 1.86 0.024 5.7
19760228 0 2.07 0.023 7.3
19760229 0 2.05 0.022 7.1
19760301 0.1 2.08 0.022 7.2
19760302 0 2.19 0.021 7.9
19760303 0 2.27 0.02 8.4
19760304 0 2.36 0.02 8.9
19760305 0 2.29 0.019 8.2
19760306 0 2.34 0.018 8.4
19760307 6.1 2.37 0.018 8.5
19760308 0.2 2.19 0.019 7
19760309 0 2.26 0.02 7.4
19760310 0 2.15 0.02 6.5
19760311 0 2.24 0.019 7
19760312 4.4 2.24 0.019 6.9
19760313 0.4 2.13 0.02 6
19760314 0.2 2.13 0.02 5.9
19760315 0.8 2.33 0.02 7.2
19760316 0 2.26 0.02 6.7
19760317 0 2.44 0.019 7.8
19760318 0 2.8 0.019 10.1
19760319 0 2.97 0.018 11.1
19760320 0 3.1 0.018 11.8
19760321 0.2 3.04 0.017 11.3
19760322 0.1 2.71 0.017 9.1
19760323 0.1 2.19 0.016 5.8
19760324 0.4 2.3 0.016 6.4
19760325 0 2.36 0.015 6.7
19760326 0 2.85 0.015 9.6
19760327 0 3.12 0.015 11.1
19760328 0 3.19 0.014 11.4
19760329 0 3.21 0.014 11.4
19760330 0 3.56 0.013 13.3
19760331 0.2 3.77 0.013 14.4
19760401 0 3.88 0.013 14.9
19760402 0.2 3.63 0.012 13.4
19760403 8.1 3.04 0.012 10
19760404 7 2.59 0.014 7.5
19760405 3.1 2.62 0.016 7.6
19760406 0.8 2.85 0.017 8.8
19760407 0 2.99 0.018 9.5
19760408 0.2 3.17 0.017 10.4
19760409 0.9 3.18 0.017 10.4
19760410 0.1 3.22 0.017 10.5
19760411 0.3 3.23 0.016 10.5
19760412 0.6 3.08 0.016 9.7
19760413 0 3.19 0.016 10.2
19760414 0 3.24 0.015 10.4
19760415 0.2 3.11 0.015 9.7
19760416 0.7 2.83 0.015 8.3
19760417 12 2.54 0.015 6.9
19760418 5.2 2.72 0.017 7.8
19760419 5.1 2.7 0.02 7.7
19760420 0.2 3.21 0.022 10.1
19760421 0.4 3.34 0.023 10.7
19760422 5.3 3.26 0.023 10.3
19760423 1.1 3.11 0.024 9.6
19760424 0 2.93 0.024 8.8
19760425 0 2.77 0.024 8.1
19760426 0.2 3.33 0.023 10.6
19760427 1.5 3.56 0.023 11.6
19760428 0.1 3.36 0.022 10.7
19760429 0.1 3.35 0.022 10.7
19760430 0.8 3.31 0.021 10.5
19760501 0.1 2.97 0.021 9.1
19760502 0 3.44 0.02 11.1
19760503 0 4.19 0.02 14.2
19760504 0 4.69 0.019 16.2
19760505 0 4.94 0.018 17.2
19760506 0 4.48 0.018 15.3
19760507 0 4.15 0.017 14
19760508 1.9 4.21 0.017 14.2
19760509 8.5 4.26 0.017 14.4
19760510 0.9 4.26 0.018 14.4
19760511 0 4.57 0.019 15.6
19760512 0.7 4.94 0.018 17
19760513 5.4 4.65 0.018 15.9
19760514 0.6 4.41 0.019 15
19760515 0 4.82 0.019 16.5
19760516 0 5.01 0.019 17.2
19760517 0.3 5.2 0.018 17.9
19760518 0.3 5.17 0.017 17.8
19760519 0.3 5.14 0.017 17.7
19760520 0 5.02 0.016 17.3
19760521 0 5.59 0.016 19.3
19760522 0 5.96 0.015 20.6
19760523 0.3 6.37 0.015 22
19760524 0.4 6.34 0.014 21.9
19760525 0.1 6.17 0.014 21.3
19760526 0.3 5.84 0.014 20.2
19760527 4 5.32 0.013 18.5
19760528 3.6 5.34 0.013 18.6
19760529 2.4 4.98 0.013 17.5
19760530 0.2 5.09 0.014 17.9
19760531 0.1 5.99 0.013 20.8
19760601 0 6.33 0.013 21.9
19760602 0 6.77 0.013 23.3
19760603 0.2 6.15 0.012 21.4
19760604 0 4.56 0.012 16.6
19760605 0 4.43 0.011 16.3
19760606 0 4.67 0.011 17.1
19760607 0 4.98 0.011 18.1
19760608 1.9 5.02 0.01 18.3
19760609 0.1 5.13 0.01 18.7
19760610 0 5.52 0.01 19.9
19760611 0 5.88 0.01 21
19760612 0 5.99 0.009 21.4
19760613 0 6.43 0.009 22.7
19760614 1.6 6.48 0.009 22.9
19760615 0.1 6.17 0.009 22.1
19760616 0.3 6.22 0.009 22.3
19760617 2.4 6.02 0.008 21.8
19760618 6.8 5.53 0.008 20.5
19760619 1 5.55 0.008 20.6
19760620 0.3 5.67 0.008 21
19760621 1.4 5.98 0.008 21.9
19760622 0.9 6.44 0.008 23.2
19760623 1.1 6.91 0.008 24.5
19760624 1.8 6.78 0.008 24.2
19760625 1.1 6.43 0.008 23.3
19760626 0.6 6 0.008 22.2
19760627 2.1 5.83 0.008 21.8
19760628 2.1 5.51 0.007 21
19760629 3.7 5.49 0.007 21
19760630 5 5.05 0.008 19.9
19760701 4.2 5.29 0.008 20.6
19760702 2.3 5.42 0.008 21
19760703 10.3 5.25 0.009 20.6
19760704 2.2 5.34 0.01 20.9
19760705 3.3 5.13 0.011 20.4
19760706 0.1 4.99 0.011 20.1
19760707 0 5.39 0.011 21.2
19760708 0 5.94 0.011 22.7
19760709 0 6.46 0.011 24.1
19760710 6.7 6.9 0.01 25.3
19760711 1.2 5.88 0.011 22.7
19760712 0 5.59 0.011 22
19760713 0 6.1 0.011 23.4
19760714 0 6.66 0.011 24.9
19760715 0.5 6.99 0.01 25.8
19760716 4.2 6.26 0.01 23.9
19760717 1.5 5.66 0.01 22.4
19760718 0.1 5.96 0.01 23.2
19760719 0.2 6.34 0.01 24.2
19760720 0.4 6.51 0.01 24.7
19760721 1.3 6.35 0.009 24.3
19760722 0 6.18 0.009 23.9
19760723 0.1 6.51 0.009 24.8
19760724 2.6 6.8 0.009 25.6
19760725 6.7 6.6 0.008 25.1
19760726 0.9 5.91 0.009 23.3
19760727 1.6 6.09 0.009 23.8
19760728 0 6.26 0.009 24.3
19760729 0 6.61 0.009 25.3
19760730 0 6.71 0.008 25.6
19760731 0.4 6.25 0.008 24.4
19760801 0 6.17 0.008 24.2
19760802 0 6.08 0.007 24
19760803 0 6.53 0.007 25.3
19760804 0 7.09 0.007 26.9
19760805 0 7.72 0.007 28.7
19760806 0 7.62 0.006 28.5
19760807 0 7.39 0.006 27.9
19760808 0 7.23 0.006 27.5
19760809 0 6.75 0.006 26.2
19760810 0 6.21 0.005 24.7
19760811 0 6.34 0.005 25.1
19760812 0 6.18 0.005 24.7
19760813 0.1 6.2 0.005 24.8
19760814 0.2 6.19 0.005 24.8
19760815 0 6.24 0.004 25
19760816 0 6 0.004 24.3
19760817 0 5.78 0.004 23.7
19760818 0.1 6 0.004 24.4
19760819 0.3 6.05 0.004 24.6
19760820 0.4 5.91 0.003 24.2
19760821 1.3 5.6 0.003 23.3
19760822 0.1 4.94 0.003 21.3
19760823 0.1 4.81 0.003 20.9
19760824 3.2 4.86 0.003 21.1
19760825 5.5 4.63 0.003 20.4
19760826 0.3 4.5 0.003 20
19760827 13.4 4.55 0.003 20.2
19760828 6.3 4.09 0.003 18.7
19760829 1.3 4.12 0.004 18.8
19760830 0 4.2 0.004 19.1
19760831 0.5 4.39 0.004 19.8
19760901 0 4.41 0.004 19.9
19760902 2.2 4.54 0.004 20.4
19760903 0 4.49 0.004 20.3
19760904 0 4.15 0.004 19.1
19760905 0.4 4.3 0.004 19.7
19760906 0 4.33 0.004 19.9
19760907 0 4.48 0.004 20.5
19760908 0 4.48 0.003 20.6
19760909 0 4.51 0.003 20.8
19760910 0 4.31 0.003 20.1
19760911 0 4.08 0.003 19.3
19760912 2.6 3.36 0.003 16.5
19760913 0.1 2.81 0.003 14.3
19760914 0 3.02 0.003 15.2
19760915 0 3.13 0.003 15.7
19760916 0 3.2 0.003 16
19760917 0 3.55 0.002 17.5
19760918 0 3.67 0.002 18.1
19760919 0 3.93 0.002 19.3
19760920 0 4.04 0.002 19.9
19760921 0 4.15 0.002 20.5
19760922 0 4.12 0.002 20.5
19760923 0 4.03 0.002 20.2
19760924 1.9 3.9 0.002 19.7
19760925 2.3 3.62 0.002 18.5
19760926 4 3.66 0.002 18.8
19760927 17 3.29 0.002 17.1
19760928 0.6 2.98 0.003 15.6
19760929 0.1 3 0.004 15.8
19760930 3.5 2.9 0.004 15.4
19761001 2 2.79 0.004 14.9
19761002 0 2.61 0.005 14
19761003 0.6 2.62 0.005 14.2
19761004 0.1 2.69 0.005 14.7
19761005 0 2.65 0.004 14.6
19761006 0 2.85 0.004 16
19761007 0 3.14 0.004 18
19761008 0 3.03 0.004 17.5
19761009 1.2 2.83 0.004 16.5
19761010 16 2.48 0.004 14.4
19761011 14 2.17 0.007 12.5
19761012 9.4 1.77 0.011 9.9
19761013 0.3 2.07 0.016 12.2
19761014 6.3 2.11 0.019 12.7
19761015 0 1.81 0.021 10.6
19761016 0.1 1.81 0.022 10.6
19761017 0.2 1.95 0.021 11.7
19761018 0 2.15 0.02 13.3
19761019 1.2 1.92 0.02 11.5
19761020 0.1 1.82 0.019 10.8
19761021 0 1.73 0.018 10.1
19761022 0.1 1.84 0.018 11
19761023 0.4 1.83 0.017 11
19761024 11.3 1.43 0.017 7.6
19761025 0.3 1.42 0.02 7.5
19761026 1.2 1.33 0.023 6.7
19761027 5.2 1.44 0.024 7.7
19761028 0.4 1.37 0.025 7.1
19761029 0.5 1.37 0.026 7.1
19761030 0.1 1.33 0.026 6.8
19761031 0.3 1.41 0.025 7.6
19761101 4.3 1.39 0.024 7.5
19761102 5.1 1.51 0.025 8.8
19761103 0.6 1.42 0.028 7.9
19761104 1 1.52 0.03 9.1
19761105 0 1.7 0.03 11.2
19761106 1.6 1.5 0.029 9.2
19761107 0.2 1.25 0.028 6.5
19761108 3.7 1.27 0.028 6.8
19761109 3.6 1.46 0.029 9.2
19761110 5.5 1.28 0.032 7.2
19761111 13.2 1.21 0.038 6.6
19761112 0.3 1.3 0.047 7.8
19761113 0.1 1.19 0.053 6.6
19761114 0 1.11 0.053 5.8
19761115 0.1 1.09 0.051 5.7
19761116 0 1.03 0.048 5
19761117 0 1.07 0.046 5.5
19761118 0 1.06 0.044 5.5
19761119 0 1.03 0.041 5.1
19761120 0 1 0.039 4.7
19761121 0 0.94 0.038 3.9
19761122 0 0.84 0.036 2.6
19761123 0 0.93 0.034 4
19761124 0 0.92 0.033 3.8
19761125 0 0.96 0.031 4.6
19761126 0.1 0.98 0.03 5
19761127 0 0.98 0.028 5
19761128 0 0.97 0.027 5
19761129 0 0.98 0.026 5.3
19761130 0.3 1.01 0.025 5.9
19761201 0.5 1.11 0.024 7.7
19761202 3.6 1.2 0.024 9.4
19761203 1.3 1.16 0.025 8.9
19761204 0.5 0.93 0.026 5.1
19761205 7.2 0.97 0.028 5.8
19761206 16.8 1.12 0.035 8.7
19761207 3.5 1.2 0.05 10.3
19761208 0 1.14 0.063 9.6
19761209 0 1.15 0.066 9.9
19761210 0 1.14 0.064 9.9
19761211 0 1.12 0.061 9.8
19761212 0 1.08 0.058 9.4
19761213 0 1.05 0.055 8.9
19761214 0 0.99 0.052 8
19761215 0.1 0.92 0.05 6.9
19761216 0.1 0.91 0.047 6.6
19761217 3.9 0.94 0.046 7
19761218 5.3 0.92 0.048 6.5
19761219 20.5 0.85 0.06 5
19761220 0.8 0.8 0.083 3.8
19761221 0.2 0.85 0.101 4.8
19761222 0 0.84 0.103 4.4
19761223 0.2 0.81 0.098 3.8
19761224 6.5 0.82 0.096 3.8
19761225 1.6 0.86 0.099 4.5
19761226 0 0.89 0.104 4.9
19761227 0.1 0.82 0.102 3.5
19761228 0.6 0.89 0.098 4.7
19761229 13.4 0.92 0.1 5.2
19761230 5.1 1.02 0.116 7
19761231 11.5 1.09 0.141 8.3
19770101 2.8 1.04 0.167 7.2
19770102 3.2 1.04 0.185 7
19770103 0.8 0.97 0.192 5.6
19770104 0.1 0.92 0.189 4.6
19770105 0.1 0.81 0.182 2.3
19770106 4.4 0.74 0.176 0.9
19770107 1.9 0.89 0.175 3.7
19770108 0.2 1.01 0.177 5.7
19770109 0.2 0.91 0.173 3.8
19770110 7.5 0.91 0.171 3.7
19770111 2 0.85 0.177 2.4
19770112 0.3 0.84 0.185 2.2
19770113 1.4 0.96 0.184 4.3
19770114 4.2 1.09 0.182 6.5
19770115 2 1.15 0.184 7.4
19770116 0.1 1.1 0.187 6.6
19770117 0.1 1.04 0.183 5.2
19770118 0.4 1.13 0.175 6.3
19770119 0.4 1.2 0.167 7.2
19770120 13.3 1.25 0.169 7.7
19770121 4.7 1.19 0.192 6.3
19770122 4.7 1.22 0.221 6.5
19770123 2 1.24 0.239 6.6
19770124 0.3 1.25 0.244 6.4
19770125 0.6 1.37 0.239 7.9
19770126 2.7 1.4 0.231 8.1
19770127 6.2 1.41 0.231 7.9
19770128 6.8 1.36 0.245 6.8
19770129 0.5 1.23 0.264 4.8
19770130 4.2 1.21 0.274 4.2
19770131 6.9 1.26 0.282 4.7
19770201 0.2 1.23 0.295 4.1
19770202 5 1.32 0.303 5.1
19770203 7.2 1.53 0.312 7.6
19770204 0.7 1.75 0.328 10.1
19770205 0.1 1.69 0.335 9.1
19770206 0.1 1.69 0.324 8.9
19770207 0.1 1.76 0.307 9.4
19770208 0 1.69 0.29 8.3
19770209 0.4 1.71 0.274 8.3
19770210 3.7 1.74 0.263 8.5
19770211 5.2 1.59 0.263 6.5
19770212 1.9 1.49 0.273 5.2
19770213 5.1 1.4 0.282 3.9
19770214 0.2 1.54 0.289 5.4
19770215 0 1.5 0.288 4.6
19770216 0 1.6 0.276 5.5
19770217 1 1.72 0.262 6.5
19770218 1.5 1.88 0.251 7.9
19770219 4.4 2 0.247 8.8
19770220 5.6 2.14 0.253 9.9
19770221 4.9 1.92 0.268 7.5
19770222 1.2 1.8 0.284 6.1
19770223 2.2 1.8 0.289 5.9
19770224 0.7 1.76 0.286 5.3
19770225 3.1 1.78 0.281 5.3
19770226 1.2 2.01 0.277 7.2
19770227 0.6 2.28 0.273 9.3
19770228 0.2 2.48 0.266 10.8
19770301 0 2.55 0.254 11.1
19770302 0 2.77 0.242 12.7
19770303 0 2.93 0.229 13.7
19770304 0 3.03 0.217 14.2
19770305 0 3.05 0.206 14.1
19770306 0 3.02 0.196 13.6
19770307 0 2.81 0.186 11.8
19770308 0 2.78 0.177 11.4
19770309 0 2.93 0.168 12.3
19770310 1.5 2.79 0.161 11.1
19770311 5 2.56 0.157 9.3
19770312 0.4 2.3 0.159 7.3
19770313 0 2.46 0.16 8.3
19770314 0 2.7 0.155 9.8
19770315 0 2.93 0.148 11.2
19770316 0 3.17 0.141 12.8
19770317 0 2.96 0.134 11.3
19770318 0 2.62 0.128 8.9
19770319 0.4 2.59 0.123 8.6
19770320 0 2.65 0.118 8.9
19770321 0.2 2.55 0.113 8.2
19770322 10.6 2.36 0.112 6.9
19770323 0.1 2.37 0.119 6.9
19770324 0 2.51 0.124 7.7
19770325 0 3 0.122 10.6
19770326 0 3.34 0.117 12.5
19770327 0 3.19 0.112 11.5
19770328 3.6 2.8 0.108 9.1
19770329 0 1.99 0.107 4.3
19770330 0 1.83 0.105 3.4
19770331 0.8 2.06 0.102 4.7
19770401 0 3.03 0.099 10.1
19770402 0 3.35 0.096 11.8
19770403 0 3.29 0.092 11.4
19770404 0 3.45 0.089 12.2
19770405 0 3.5 0.085 12.4
19770406 0 3.54 0.082 12.5
19770407 0.3 3.18 0.079 10.5
19770408 0 2.87 0.077 8.8
19770409 0 2.34 0.074 6
19770410 0 2.33 0.072 5.9
19770411 0 2.43 0.069 6.4
19770412 0 3.04 0.067 9.5
19770413 0 3.87 0.065 13.6
19770414 0 4.28 0.063 15.6
19770415 4.4 4.36 0.062 15.9
19770416 6.5 3.71 0.063 12.6
19770417 2.5 3.47 0.065 11.4
19770418 0.5 3.23 0.068 10.2
19770419 0.1 3.1 0.068 9.6
19770420 0 3.32 0.066 10.6
19770421 0 3.84 0.064 13
19770422 0 4.31 0.062 15.1
19770423 0 4.76 0.06 17.1
19770424 0 5 0.059 18.1
19770425 0 5.24 0.057 19.1
19770426 0 5.15 0.055 18.6
19770427 0 5.17 0.054 18.6
19770428 0.1 5.28 0.052 19
19770429 2.3 4.66 0.051 16.3
19770430 0.7 4.01 0.051 13.5
19770501 0.3 3.85 0.05 12.8
19770502 0.1 3.71 0.049 12.2
19770503 0.1 3.1 0.048 9.7
19770504 1.1 2.85 0.047 8.7
19770505 0.1 3.48 0.046 11.3
19770506 0 3.7 0.045 12.2
19770507 0.1 4.08 0.044 13.7
19770508 0 4.33 0.043 14.7
19770509 0 4.82 0.043 16.6
19770510 0 5.16 0.042 17.9
19770511 0 5.64 0.041 19.7
19770512 2.2 5.47 0.04 19
19770513 0.1 4.73 0.04 16.2
19770514 0.1 4.6 0.039 15.7
19770515 3.1 3.79 0.039 12.7
19770516 3.5 3.39 0.038 11.2
19770517 0.6 2.93 0.038 9.6
19770518 14.5 2.85 0.039 9.4
19770519 2 3.55 0.041 12
19770520 0 3.89 0.042 13.3
19770521 8.3 3.68 0.043 12.6
19770522 0.4 4.09 0.044 14.1
19770523 0 4.39 0.045 15.2
19770524 0.5 3.93 0.044 13.7
19770525 0.2 3.91 0.043 13.7
19770526 0 4.06 0.043 14.3
19770527 0.1 4.62 0.042 16.2
19770528 0.2 4.72 0.041 16.6
19770529 6 4.92 0.041 17.3
19770530 13.1 4.56 0.042 16.2
19770531 9.8 4 0.045 14.5
19770601 2.7 3.68 0.051 13.6
19770602 3.6 3.81 0.054 14.1
19770603 1.8 4 0.056 14.8
19770604 0 4.49 0.056 16.4
19770605 0.2 4.96 0.056 17.9
19770606 0.2 5.64 0.054 20
19770607 0 5.45 0.053 19.5
19770608 0 5.5 0.051 19.7
19770609 1.8 4.95 0.05 18.2
19770610 0.1 4.33 0.049 16.5
19770611 1.1 4.61 0.049 17.4
19770612 11.1 3.66 0.049 14.8
19770613 0.1 2.82 0.05 12.6
19770614 0 3.64 0.052 15
19770615 0 5.01 0.051 18.9
19770616 0 4.95 0.05 18.8
19770617 0 4.64 0.048 18
19770618 0 4.36 0.047 17.3
19770619 1.2 4.45 0.046 17.6
19770620 0.1 3.98 0.045 16.4
19770621 0 4.11 0.044 16.8
19770622 0.7 4.27 0.043 17.3
19770623 0 4.13 0.043 17
19770624 0 5 0.042 19.4
19770625 0 5.76 0.041 21.5
19770626 0.1 6.52 0.04 23.6
19770627 0 6.91 0.039 24.7
19770628 0.5 6.78 0.038 24.4
19770629 0 5.68 0.038 21.5
19770630 0.4 5.02 0.037 19.8
19770701 4.5 3.98 0.036 17.1
19770702 0.2 4.33 0.036 18.1
19770703 0 5.1 0.036 20.2
19770704 0 5.76 0.035 22
19770705 0 5.81 0.035 22.2
19770706 0 5.15 0.034 20.5
19770707 2.3 4.17 0.034 18
19770708 0.2 4.41 0.033 18.7
19770709 2.7 4.73 0.033 19.6
19770710 0 5.36 0.033 21.3
19770711 0 5.61 0.032 22
19770712 0 5.55 0.032 21.9
19770713 0 5.68 0.031 22.3
19770714 0 5.39 0.031 21.6
19770715 1.7 4.55 0.03 19.5
19770716 0 4.63 0.03 19.7
19770717 0 5.55 0.03 22.1
19770718 0 6.39 0.029 24.3
19770719 0 6.87 0.029 25.6
19770720 0 7.01 0.029 26
19770721 0 6.39 0.028 24.4
19770722 0.3 6.3 0.028 24.2
19770723 0.4 5.91 0.027 23.2
19770724 0.4 5.75 0.027 22.8
19770725 0 5.92 0.027 23.3
19770726 0 4.98 0.027 20.8
19770727 0 5.08 0.026 21.1
19770728 0.1 4.74 0.026 20.2
19770729 0 3.49 0.026 16.8
19770730 0 3.16 0.025 15.9
19770731 0 3.52 0.025 16.9
19770801 0 4.72 0.025 20.2
19770802 0.1 5.36 0.025 22
19770803 16.8 4.81 0.025 20.5
19770804 0.1 4.33 0.025 19.2
19770805 0 4.9 0.025 20.8
19770806 0 5.49 0.025 22.5
19770807 0 5.91 0.025 23.7
19770808 0 6 0.025 24
19770809 0 6.16 0.024 24.5
19770810 0 6.28 0.024 24.9
19770811 0 6.3 0.024 25
19770812 0 5.91 0.024 23.9
19770813 0 5.93 0.023 24
19770814 0 6.19 0.023 24.8
19770815 0 6.51 0.023 25.8
19770816 0 6.44 0.023 25.6
19770817 0 4.9 0.023 21.1
19770818 0.1 4.03 0.022 18.5
19770819 8.6 3.9 0.022 18.1
19770820 10.1 3.55 0.022 17
19770821 0.2 3.23 0.023 16
19770822 0 3.4 0.023 16.5
19770823 0 3.38 0.023 16.4
19770824 0 4.04 0.023 18.5
19770825 0 4.48 0.023 19.9
19770826 0 4.32 0.022 19.4
19770827 2.3 3.98 0.022 18.3
19770828 2.7 3.67 0.022 17.3
19770829 0 3.4 0.022 16.4
19770830 0 3.67 0.022 17.3
19770831 0 4.22 0.022 19.2
19770901 0 4.38 0.022 19.8
19770902 0 4.71 0.022 21
19770903 0 5 0.022 22.1
19770904 0 5.23 0.021 23
19770905 0 5.31 0.021 23.4
19770906 0 5.28 0.021 23.4
19770907 0 5.22 0.021 23.3
19770908 0 5.11 0.021 23
19770909 0 5.19 0.021 23.4
19770910 0 5.1 0.02 23.2
19770911 0 4.87 0.02 22.4
19770912 0 4.94 0.02 22.8
19770913 0.1 5 0.02 23.2
19770914 0 4.87 0.02 22.8
19770915 0 4.67 0.02 22.1
19770916 0.2 4.57 0.019 21.8
19770917 1 4.45 0.019 21.4
19770918 13.3 4.11 0.019 20
19770919 0.1 3.36 0.02 16.8
19770920 0 3.37 0.02 16.9
19770921 0.1 3.23 0.02 16.3
19770922 0 3.05 0.02 15.5
19770923 0.5 3.29 0.019 16.7
19770924 0.3 3.54 0.019 18
19770925 0 3.78 0.019 19.3
19770926 0 3.64 0.019 18.7
19770927 0 3.63 0.019 18.8
19770928 0 3.62 0.019 18.9
19770929 0 3.47 0.019 18.3
19770930 0 3.5 0.019 18.6
19771001 0 3.56 0.019 19.1
19771002 0 3.57 0.018 19.4
19771003 0 3.47 0.018 19
19771004 0 3.45 0.018 19.1
19771005 0.2 3.32 0.018 18.6
19771006 16 2.51 0.018 13.9
19771007 2.2 1.82 0.019 9.8
19771008 3.2 1.92 0.019 10.5
19771009 10.1 2.15 0.02 12.1
19771010 0.2 2.19 0.021 12.5
19771011 0 2.29 0.021 13.3
19771012 0 2.46 0.022 14.7
19771013 0 2.49 0.021 15.2
19771014 0.1 2.36 0.021 14.5
19771015 0.1 2.35 0.021 14.7
19771016 0 2.39 0.021 15
19771017 10.9 2.47 0.021 15.7
19771018 5.7 2.36 0.022 14.9
19771019 0.7 2.37 0.024 15.1
19771020 0.9 2.39 0.025 15.3
19771021 1.5 2.2 0.025 13.9
19771022 2.6 2.03 0.025 12.6
19771023 0.3 2.06 0.025 12.9
19771024 0.3 2.26 0.025 14.7
19771025 11.7 2.19 0.026 14.2
19771026 2.1 2.13 0.028 13.8
19771027 0 2.06 0.03 13.3
19771028 0 2.03 0.03 13.2
19771029 0 2.01 0.03 13.1
19771030 0 1.96 0.029 12.8
19771031 0.2 1.9 0.029 12.4
19771101 0 1.97 0.028 13.2
19771102 0 1.89 0.027 12.6
19771103 0.1 1.91 0.027 13
19771104 0.1 1.83 0.026 12.3
19771105 0.1 1.82 0.026 12.4
19771106 2.5 1.65 0.026 10.8
19771107 0.1 1.5 0.026 9.3
19771108 0 1.39 0.026 8.2
19771109 0 1.52 0.025 9.9
19771110 0 1.64 0.025 11.5
19771111 0 1.61 0.024 11.4
19771112 0 1.61 0.024 11.8
19771113 0 1.59 0.024 11.8
19771114 0 1.47 0.023 10.5
19771115 0 1.43 0.023 10.3
19771116 0 1.38 0.023 9.8
19771117 0 1.3 0.022 8.7
19771118 5.6 1.2 0.022 7.4
19771119 8.9 1.09 0.023 6
19771120 28.1 1.13 0.029 6.7
19771121 0.4 1.14 0.04 6.9
19771122 0 0.86 0.048 2.9
19771123 0 0.87 0.05 3
19771124 0 0.86 0.048 3
19771125 0 0.9 0.046 3.7
19771126 0.1 0.93 0.045 4.2
19771127 1 0.97 0.044 4.9
19771128 1.5 1.03 0.043 5.9
19771129 9 1.02 0.044 5.9
19771130 6 1.04 0.049 6.4
19771201 0.1 0.97 0.055 5.4
19771202 0.1 0.97 0.058 5.4
19771203 1 1.08 0.057 7.4
19771204 6.1 1.03 0.057 6.8
19771205 4.2 0.98 0.06 6.1
19771206 3 1.04 0.065 7.3
19771207 32.3 1.15 0.079 9.4
19771208 6.2 1 0.113 7
19771209 3.9 1.01 0.147 7.3
19771210 0.7 1.08 0.162 8.9
19771211 0.2 1.06 0.163 8.6
19771212 0.1 1.1 0.157 9.8
19771213 0 1.07 0.15 9.4
19771214 0 0.98 0.143 7.9
19771215 0.4 0.87 0.136 5.8
19771216 0.3 0.98 0.13 8
19771217 0.1 1.02 0.125 8.8
19771218 0.2 0.96 0.12 7.3
19771219 8.2 0.95 0.118 7.1
19771220 2.2 1.03 0.124 8.6
19771221 3.3 1.07 0.133 9.2
19771222 0.1 1.05 0.137 8.6
19771223 0 1.14 0.136 10.3
19771224 0 1.14 0.131 10.2
19771225 0 1.16 0.124 10.4
19771226 0 1.15 0.119 10.2
19771227 0.2 1.07 0.113 8.4
19771228 9.2 0.94 0.112 5.7
19771229 1.9 0.95 0.12 5.8
19771230 0.1 1.03 0.129 7.3
19771231 0.1 0.98 0.129 6.1
19780101 1.6 0.99 0.125 6.1
19780102 0.4 1.03 0.121 6.9
19780103 0 1.1 0.118 8
19780104 0 1.04 0.114 6.7
19780105 0 0.95 0.109 5
19780106 0 0.95 0.104 4.9
19780107 0 0.95 0.1 4.8
19780108 0 0.99 0.096 5.3
19780109 0 1.02 0.092 5.8
19780110 0 0.99 0.088 5.2
19780111 2.8 0.96 0.085 4.4
19780112 0.5 0.81 0.086 1.7
19780113 1 0.76 0.086 0.7
19780114 1.5 0.68 0.085 -0.9
19780115 6.2 0.76 0.084 0.4
19780116 1.3 0.8 0.083 1.1
19780117 0 0.82 0.087 1.3
19780118 0.1 0.82 0.089 1
19780119 3 0.99 0.089 3.7
19780120 0.1 0.96 0.089 2.9
19780121 2.6 1.02 0.09 3.6
19780122 0.1 1.09 0.091 4.4
19780123 0.1 1.03 0.09 3.2
19780124 0.3 1.22 0.088 5.9
19780125 0.5 1.4 0.085 8.4
19780126 0 1.38 0.083 7.8
19780127 0.1 1.21 0.08 5
19780128 13.3 1.24 0.083 5.2
19780129 0.1 1.14 0.097 3.5
19780130 2.2 1.24 0.11 4.6
19780131 4.2 1.44 0.116 7.1
19780201 0 1.54 0.12 8.3
19780202 0 1.53 0.121 7.9
19780203 0 1.45 0.117 6.6
19780204 0 1.48 0.112 6.7
19780205 0 1.54 0.107 7.2
19780206 0 1.52 0.103 6.7
19780207 0 1.47 0.098 5.9
19780208 3 1.47 0.096 5.7
19780209 7.1 1.5 0.098 5.8
19780210 5.3 1.34 0.11 3.7
19780211 0 1.19 0.122 1.9
19780212 0 1.07 0.126 0.3
19780213 0.1 1.15 0.123 1.1
19780214 0.2 1.28 0.118 2.5
19780215 1.1 1.61 0.113 5.8
19780216 3.8 1.87 0.112 8.4
19780217 0.7 2.13 0.114 10.8
19780218 0.2 2.32 0.115 12.4
19780219 7.2 2.26 0.116 11.4
19780220 4.2 2.13 0.123 9.8
19780221 0.4 2.06 0.133 8.8
19780222 0.6 2.11 0.136 9
19780223 4.4 2.21 0.135 9.7
19780224 5.7 2.16 0.139 9
19780225 23.8 2.18 0.16 8.9
19780226 11.4 2.1 0.211 8
19780227 6.8 2.2 0.272 8.6
19780228 11.8 2.21 0.317 8.5
19780301 2.1 2.04 0.353 6.9
19780302 16.2 2.19 0.386 7.9
19780303 3.3 2.16 0.426 7.5
19780304 0.2 2.13 0.455 7.1
19780305 0 2.35 0.452 8.7
19780306 0 2.25 0.429 7.7
19780307 0 2.2 0.405 7.2
19780308 0 2.5 0.382 9.3
19780309 0 2.75 0.361 11
19780310 0 2.97 0.341 12.4
19780311 0 3.1 0.323 13.1
19780312 2.5 2.79 0.308 10.7
19780313 0 2.46 0.297 8.3
19780314 0.2 2.58 0.286 9
19780315 0 2.5 0.273 8.3
19780316 1.9 2.32 0.261 7.1
19780317 1.6 2.06 0.252 5.3
19780318 0.2 2.02 0.245 5
19780319 0 2.23 0.237 6.3
19780320 0 2.7 0.226 9.2
19780321 0 3.01 0.215 11.1
19780322 0 2.98 0.204 10.8
19780323 0 3.16 0.194 11.8
19780324 0 2.89 0.185 10
19780325 0 3.04 0.176 10.8
19780326 0 3.21 0.168 11.7
19780327 0 3.44 0.161 13
19780328 0.1 3.65 0.154 14.1
19780329 3.2 3.29 0.148 11.9
19780330 0.3 2.48 0.145 7.1
19780331 2.2 2.47 0.143 7
19780401 2.5 2.71 0.141 8.3
19780402 0.1 2.9 0.139 9.3
19780403 0.5 2.67 0.137 8
19780404 3.9 2.74 0.133 8.3
19780405 4.3 2.77 0.133 8.4
19780406 5.4 2.79 0.137 8.5
19780407 4.4 2.86 0.143 8.8
19780408 1 2.94 0.148 9.2
19780409 0.6 3.05 0.149 9.7
19780410 1 2.96 0.146 9.2
19780411 8.7 2.58 0.144 7.2
19780412 0 2.13 0.148 4.9
19780413 0.1 2.45 0.15 6.5
19780414 0 3.06 0.146 9.5
19780415 0 2.97 0.14 9
19780416 0.5 3.24 0.135 10.3
19780417 0 3.53 0.13 11.7
19780418 0 3.94 0.125 13.6
19780419 0.1 3.8 0.12 12.9
19780420 0.1 4.11 0.116 14.3
19780421 0 3.86 0.111 13.1
19780422 0 4.07 0.107 14
19780423 2.5 4.17 0.104 14.4
19780424 0.6 3.51 0.102 11.4
19780425 5.9 3.17 0.101 9.9
19780426 14.3 3.22 0.105 10.1
19780427 0.5 3.17 0.114 9.9
19780428 5.4 3.43 0.122 11
19780429 7.4 3.5 0.126 11.3
19780430 4.1 3.16 0.133 9.9
19780501 3.6 2.73 0.139 8.1
19780502 2.5 2.92 0.142 8.9
19780503 5.3 3.44 0.145 11.1
19780504 3.3 3.44 0.148 11.1
19780505 2.8 3.06 0.151 9.6
19780506 0.2 3.43 0.152 11.1
19780507 0.1 3.73 0.149 12.3
19780508 0 4.05 0.144 13.6
19780509 0 3.95 0.138 13.2
19780510 0 3.82 0.132 12.7
19780511 0 4.15 0.127 14
19780512 0 4.63 0.122 15.8
19780513 0 4.94 0.118 17
19780514 0.3 4.95 0.113 17
19780515 0 5.25 0.109 18.1
19780516 0 5.14 0.106 17.7
19780517 0 4.73 0.102 16.2
19780518 0 4.78 0.098 16.4
19780519 0 4.61 0.095 15.8
19780520 0.5 4.8 0.092 16.5
19780521 4.1 4.02 0.089 13.8
19780522 7.5 3.48 0.089 12
19780523 12 3.4 0.092 11.8
19780524 3.2 3.25 0.098 11.4
19780525 2.9 3.49 0.103 12.3
19780526 0.7 3.58 0.104 12.7
19780527 0.4 3.86 0.103 13.7
19780528 2.5 4.32 0.101 15.3
19780529 5.5 4.14 0.1 14.8
19780530 3.2 4.18 0.101 15
19780531 2.2 4.37 0.102 15.7
19780601 0 5.05 0.102 17.9
19780602 0 5.26 0.1 18.6
19780603 0 5.34 0.097 18.9
19780604 0 5.48 0.094 19.4
19780605 0 5.53 0.091 19.6
19780606 0.1 5.34 0.088 19.1
19780607 0.7 4.84 0.085 17.7
19780608 0.1 5.33 0.083 19.2
19780609 8 5.02 0.082 18.4
19780610 6.4 4.65 0.082 17.4
19780611 0.1 4.96 0.084 18.4
19780612 0.1 5.5 0.084 20
19780613 0.3 5.22 0.083 19.3
19780614 0.4 3.89 0.08 15.7
19780615 0 3.77 0.078 15.5
19780616 0.4 3.42 0.076 14.6
19780617 0 3.07 0.074 13.7
19780618 0 3.08 0.072 13.8
19780619 2.3 3.38 0.071 14.7
19780620 3.7 3.58 0.07 15.3
19780621 0 3.85 0.069 16.1
19780622 0 4.49 0.068 17.9
19780623 0 4.39 0.067 17.7
19780624 0 4.11 0.065 17
19780625 0 4.27 0.064 17.5
19780626 0 4.02 0.062 16.9
19780627 0 3.92 0.061 16.7
19780628 0.1 4.65 0.06 18.7
19780629 2 4.63 0.058 18.7
19780630 3.3 4.04 0.058 17.2
19780701 0 4.24 0.057 17.8
19780702 0 5.05 0.057 20
19780703 0 5.55 0.056 21.4
19780704 0 5.95 0.055 22.5
19780705 0 5.13 0.054 20.4
19780706 0 4.57 0.053 19
19780707 0 4.82 0.052 19.7
19780708 0 5.44 0.051 21.4
19780709 0 6.3 0.05 23.7
19780710 0 6.59 0.049 24.5
19780711 0 6.22 0.048 23.6
19780712 0 6.24 0.048 23.7
19780713 0 7.11 0.047 26
19780714 0 7.9 0.046 28.1
19780715 0 8.27 0.046 29.1
19780716 0 8.58 0.045 29.9
19780717 0 8.72 0.044 30.3
19780718 0 7.58 0.044 27.4
19780719 0 6.07 0.043 23.5
19780720 0 6.28 0.043 24.1
19780721 0 6.58 0.042 24.9
19780722 0 6.87 0.042 25.7
19780723 0 6.66 0.041 25.2
19780724 0 6.87 0.041 25.8
19780725 0 7.34 0.04 27.1
19780726 0 7.48 0.04 27.5
19780727 0 7.27 0.039 27
19780728 0 7.48 0.039 27.6
19780729 0 7.2 0.039 26.9
19780730 0 6.89 0.038 26.1
19780731 0 5.67 0.038 22.8
19780801 0 5.33 0.038 21.9
19780802 0 5.9 0.037 23.5
19780803 0.1 6.1 0.037 24.1
19780804 0 6.16 0.037 24.3
19780805 0 6.54 0.036 25.4
19780806 0 6.42 0.036 25.1
19780807 0 5.23 0.036 21.8
19780808 0 4.34 0.035 19.3
19780809 0 5.18 0.035 21.7
19780810 0 5.62 0.035 23
19780811 0 5.99 0.035 24.1
19780812 0 6.22 0.034 24.8
19780813 0 6.44 0.034 25.5
19780814 0.3 6.6 0.034 26
19780815 0 6.58 0.034 26
19780816 0 6.24 0.033 25
19780817 0 5.92 0.033 24.1
19780818 0 6.2 0.033 25
19780819 0 6.22 0.033 25.1
19780820 0 6.43 0.033 25.8
19780821 0 6.6 0.032 26.4
19780822 0 6.67 0.032 26.7
19780823 0 6.77 0.032 27.1
19780824 0.1 6.59 0.032 26.6
19780825 0 6.43 0.032 26.2
19780826 0 6.19 0.031 25.5
19780827 0.4 6.22 0.031 25.7
19780828 0 5.99 0.031 25
19780829 0.8 5.87 0.031 24.7
19780830 0 5.9 0.031 24.9
19780831 1.9 5.9 0.031 25
19780901 0 5.39 0.03 23.3
19780902 0 4.88 0.03 21.6
19780903 9.1 4.97 0.03 22
19780904 5 4.31 0.03 19.7
19780905 0.1 4.21 0.03 19.4
19780906 0.1 4.25 0.03 19.6
19780907 0 4.53 0.03 20.7
19780908 0 4.93 0.03 22.3
19780909 0 5.14 0.03 23.2
19780910 0 5.31 0.029 24
19780911 0 5.32 0.029 24.2
19780912 0 5.26 0.029 24.1
19780913 0 5.15 0.029 23.8
19780914 0 5.14 0.029 23.9
19780915 0 5.03 0.029 23.6
19780916 0 5 0.029 23.6
19780917 0 4.96 0.028 23.6
19780918 0 4.95 0.028 23.7
19780919 0 4.87 0.028 23.5
19780920 0 4.68 0.028 22.8
19780921 0 4.56 0.028 22.4
19780922 0 4.4 0.028 21.8
19780923 0 4.34 0.028 21.7
19780924 0 4.29 0.028 21.6
19780925 0 4.25 0.027 21.6
19780926 0 4.08 0.027 20.9
19780927 0 3.82 0.027 19.8
19780928 0 3.6 0.027 18.8
19780929 0 3.55 0.027 18.7
19780930 0 3.61 0.027 19.2
19781001 0.6 2.81 0.027 15
19781002 0 2.09 0.027 11.1
19781003 0 2.03 0.027 10.8
19781004 0 2.23 0.026 12
19781005 0 2.41 0.026 13.2
19781006 0 2.59 0.026 14.4
19781007 0 2.84 0.026 16.1
19781008 0 2.96 0.026 17.1
19781009 0 3.14 0.026 18.5
19781010 0 3.02 0.026 18
19781011 0 2.87 0.026 17.3
19781012 0.4 2.74 0.026 16.7
19781013 0.1 2.65 0.026 16.3
19781014 0.1 2.6 0.026 16.3
19781015 0 2.6 0.026 16.6
19781016 0.1 2.46 0.025 15.5
19781017 0.3 2.18 0.025 13.5
19781018 0.1 1.83 0.025 10.8
19781019 0 1.8 0.025 10.6
19781020 0 1.86 0.025 11.1
19781021 0 1.83 0.025 10.9
19781022 0 2 0.025 12.3
19781023 0 2.1 0.025 13.2
19781024 0 2.18 0.025 14
19781025 0 2.19 0.025 14.2
19781026 0 2.11 0.025 13.6
19781027 0 2.04 0.025 13.1
19781028 0 2.08 0.025 13.6
19781029 0 1.99 0.024 12.9
19781030 0 1.98 0.024 13
19781031 0.3 1.95 0.024 12.9
19781101 0 1.86 0.024 12.1
19781102 0 1.78 0.024 11.5
19781103 0 1.66 0.024 10.4
19781104 0 1.64 0.024 10.3
19781105 0 1.65 0.024 10.6
19781106 0 1.69 0.024 11.2
19781107 0.3 1.67 0.024 11.2
19781108 2.7 1.64 0.024 11.1
19781109 3.1 1.66 0.024 11.5
19781110 11.5 1.59 0.024 10.9
19781111 2.1 1.48 0.024 9.9
19781112 0 1.33 0.024 8.2
19781113 0 1.33 0.024 8.4
19781114 0 1.36 0.024 9.1
19781115 0 1.34 0.024 9.1
19781116 0 1.2 0.024 7.3
19781117 0 1.18 0.024 7.1
19781118 0 1.18 0.024 7.2
19781119 0 1.15 0.024 6.9
19781120 0 1.13 0.024 6.7
19781121 0 1.13 0.023 6.7
19781122 0 1.18 0.023 7.6
19781123 0 1.22 0.023 8.3
19781124 0.1 1.2 0.023 8.1
19781125 0 1.05 0.023 6
19781126 0 0.94 0.023 4.3
19781127 0.4 0.85 0.023 3
19781128 0 0.84 0.023 2.9
19781129 0 0.92 0.023 4.2
19781130 0 0.87 0.023 3.5
19781201 0.2 0.92 0.023 4.5
19781202 14.7 1.04 0.023 6.6
19781203 6.7 1.14 0.023 8.5
19781204 1.2 1.21 0.024 9.9
19781205 0.2 0.98 0.025 6
19781206 3.2 0.97 0.025 6
19781207 5.7 1.09 0.025 8.3
19781208 1.3 1.19 0.026 10.5
19781209 0.2 1.25 0.027 11.9
19781210 0.2 1.2 0.027 11.1
19781211 7 1.11 0.027 9.7
19781212 1.1 1.13 0.027 10.4
19781213 3.2 1.16 0.028 11.2
19781214 1.9 1.06 0.029 9.5
19781215 2.6 0.95 0.03 7.5
19781216 0.2 0.91 0.03 6.7
19781217 0.1 0.79 0.03 3.9
19781218 0 0.78 0.03 3.7
19781219 1.3 0.71 0.03 2.2
19781220 1.8 0.74 0.03 2.7
19781221 0.1 0.77 0.03 3.1
19781222 0 0.69 0.03 1.4
19781223 0.5 0.82 0.03 3.9
19781224 7.2 0.99 0.03 7.2
19781225 9.7 1.06 0.032 8.5
19781226 1.5 1.12 0.035 9.6
19781227 4.7 1.14 0.039 9.7
19781228 1.2 1.05 0.041 7.8
19781229 0.7 1.09 0.042 8.5
19781230 3.6 1.1 0.042 8.6
19781231 3.7 1.14 0.043 9.3
19790101 8.8 1.11 0.046 8.5
19790102 0.6 1.08 0.051 7.8
19790103 7.4 1.04 0.055 7
19790104 0.6 1.04 0.058 6.7
19790105 0.2 0.99 0.06 5.7
19790106 0.9 0.95 0.06 4.9
19790107 3.3 1.03 0.059 6.3
19790108 0.1 1.07 0.06 6.8
19790109 0.1 1.07 0.06 6.8
19790110 0 0.98 0.059 5
19790111 0 1.11 0.057 7.2
19790112 0 1.19 0.055 8.6
19790113 0 1.14 0.053 7.6
19790114 0 1.12 0.052 7
19790115 0.1 1.11 0.05 6.8
19790116 0 1.05 0.049 5.7
19790117 5.3 1.03 0.049 5
19790118 20.1 1.15 0.054 6.7
19790119 7.1 1.27 0.07 8.4
19790120 0.1 1.15 0.086 6.1
19790121 6.4 1.16 0.094 5.9
19790122 0.4 1.32 0.098 8.1
19790123 0 1.35 0.1 8.2
19790124 2 1.28 0.098 6.8
19790125 3.2 1.34 0.097 7.5
19790126 8.5 1.45 0.1 8.8
19790127 15.6 1.5 0.114 9.2
19790128 3.8 1.39 0.137 7.3
19790129 2.9 1.19 0.157 4.2
19790130 0.1 1.29 0.163 5.4
19790131 2.1 1.21 0.162 4
19790201 9.8 1.34 0.163 5.5
19790202 16.3 1.56 0.181 8.3
19790203 1.8 1.67 0.214 9.4
19790204 4 1.73 0.239 9.9
19790205 1.5 1.87 0.246 11.4
19790206 1.5 1.93 0.244 11.9
19790207 3.4 1.92 0.241 11.4
19790208 0.3 1.99 0.238 12
19790209 10.3 2.02 0.24 12
19790210 12.5 1.88 0.257 10.1
19790211 6.3 1.78 0.293 8.7
19790212 11.6 1.74 0.331 8
19790213 4.5 1.73 0.365 7.7
19790214 3.2 1.59 0.39 5.9
19790215 0.5 1.52 0.395 4.9
19790216 0.5 1.05 0.386 -0.4
19790217 0.1 1.16 0.368 0.6
19790218 0 1.42 0.349 3.2
19790219 0.1 1.76 0.331 6.4
19790220 0 1.84 0.313 6.9
19790221 3.2 1.8 0.299 6.3
19790222 0.1 1.77 0.291 5.8
19790223 0.1 1.68 0.283 4.8
19790224 0 1.56 0.271 3.5
19790225 0.1 1.41 0.257 2
19790226 0 1.46 0.245 2.4
19790227 0.1 1.62 0.233 3.6
19790228 8.5 1.54 0.227 2.8
19790301 0 1.57 0.233 3
19790302 0 1.72 0.238 4.1
19790303 0 2.02 0.231 6.4
19790304 0 2.32 0.219 8.6
19790305 0 2.48 0.209 9.7
19790306 0.2 2.47 0.199 9.4
19790307 1 2.54 0.19 9.8
19790308 0.8 2.61 0.184 10.1
19790309 0.2 2.58 0.178 9.7
19790310 0 2.63 0.172 9.9
19790311 0 2.92 0.165 11.8
19790312 0.1 3.13 0.158 13.1
19790313 0 3.23 0.151 13.6
19790314 4.3 2.61 0.147 9.2
19790315 0.7 1.97 0.146 4.8
19790316 0.2 2.05 0.146 5.3
19790317 3.7 2.35 0.144 7.2
19790318 8.4 2.31 0.146 6.9
19790319 3 2.23 0.157 6.3
19790320 3.4 2.13 0.167 5.6
19790321 0.4 2.18 0.172 5.8
19790322 0.5 2.31 0.17 6.6
19790323 0.8 2.74 0.166 9.2
19790324 1.1 3.27 0.161 12.3
19790325 3.6 3.24 0.158 12
19790326 1.5 3.22 0.157 11.8
19790327 0.5 2.84 0.157 9.4
19790328 1.5 2.56 0.155 7.7
19790329 0 2.17 0.151 5.4
19790330 0.1 2.04 0.146 4.6
19790331 2.3 2.03 0.142 4.5
19790401 0 2.44 0.139 6.8
19790402 0 2.57 0.135 7.5
19790403 0.4 2.67 0.131 8
19790404 10.3 2.68 0.129 8
19790405 1.5 2.71 0.136 8.1
19790406 0 2.66 0.142 7.8
19790407 0 2.92 0.14 9.1
19790408 3.9 3.32 0.136 11.2
19790409 6.7 3.53 0.137 12.2
19790410 4 3.22 0.143 10.5
19790411 0.3 2.8 0.149 8.3
19790412 0.3 3.04 0.149 9.5
19790413 8.9 3.09 0.148 9.7
19790414 7.5 2.6 0.154 7.2
19790415 2.2 2.86 0.166 8.5
19790416 0.7 3.32 0.173 10.7
19790417 0 3.55 0.171 11.8
19790418 0.1 3.27 0.165 10.4
19790419 0.1 3.04 0.158 9.3
19790420 0.1 3.45 0.152 11.2
19790421 0.1 3.67 0.146 12.2
19790422 0 4.11 0.14 14.2
19790423 0 4.32 0.134 15.1
19790424 0 3.69 0.129 12.2
19790425 0 3.2 0.124 10
19790426 0 3.11 0.12 9.6
19790427 0 2.92 0.115 8.8
19790428 0 2.87 0.111 8.6
19790429 0 3.07 0.107 9.5
19790430 0.3 3.28 0.103 10.4
19790501 0 3.9 0.1 13
19790502 0 4.33 0.097 14.8
19790503 0 4.24 0.094 14.4
19790504 0.1 4.25 0.091 14.4
19790505 3.1 3.95 0.088 13.2
19790506 4.3 4 0.088 13.4
19790507 8.9 3.88 0.089 12.9
19790508 5.6 4 0.093 13.4
19790509 0.1 4.08 0.098 13.7
19790510 0 4.52 0.098 15.4
19790511 0 4.83 0.096 16.6
19790512 0 5.41 0.093 18.8
19790513 0 5.71 0.09 19.9
19790514 0 5.78 0.087 20.1
19790515 0 5.89 0.085 20.5
19790516 0 5.89 0.082 20.5
19790517 0 5.5 0.08 19
19790518 0 4.89 0.078 16.8
19790519 0.4 3.66 0.076 12.4
19790520 0 3.61 0.074 12.3
19790521 0 4.33 0.072 14.9
19790522 0 4.63 0.07 16
19790523 0 4.74 0.068 16.4
19790524 0 4.67 0.067 16.2
19790525 0 4.56 0.065 15.9
19790526 0.7 4.57 0.064 16
19790527 0.1 4.8 0.063 16.8
19790528 7.9 5.49 0.062 19.1
19790529 2.4 5.07 0.062 17.8
19790530 14.3 5.21 0.063 18.3
19790531 12 4.75 0.066 16.9
19790601 0.4 5.21 0.071 18.4
19790602 0 5.77 0.074 20.2
19790603 0 6.09 0.073 21.2
19790604 2.5 6.07 0.071 21.2
19790605 2.7 5.86 0.07 20.6
19790606 0.1 5.81 0.07 20.5
19790607 0 6.13 0.069 21.5
19790608 1.1 6.49 0.068 22.6
19790609 1.5 5.85 0.066 20.8
19790610 0 5.62 0.065 20.2
19790611 0 5.98 0.064 21.3
19790612 0 5.92 0.063 21.2
19790613 0 5.79 0.061 20.9
19790614 0 5.29 0.06 19.6
19790615 0 5.37 0.059 19.9
19790616 0 5.82 0.058 21.2
19790617 0 5.4 0.057 20.1
19790618 0 5.82 0.056 21.3
19790619 0 6.35 0.055 22.8
19790620 0 6.78 0.054 24
19790621 0 6.91 0.053 24.4
19790622 0 7.04 0.052 24.8
19790623 0 6.65 0.051 23.8
19790624 0.3 6.48 0.05 23.4
19790625 5.4 6.69 0.049 24
19790626 4.4 6.22 0.049 22.8
19790627 8 6.31 0.049 23.1
19790628 6.9 5.73 0.049 21.6
19790629 1.4 6.01 0.05 22.4
19790630 5.3 5.84 0.051 22
19790701 11.1 5.22 0.051 20.4
19790702 0.2 4.4 0.053 18.3
19790703 0.3 4.72 0.054 19.2
19790704 0.5 5.11 0.054 20.3
19790705 0 5.28 0.053 20.8
19790706 0 5.72 0.052 22
19790707 0.2 6.15 0.051 23.2
19790708 0 6.78 0.05 24.9
19790709 0.1 7.49 0.049 26.8
19790710 0.8 7.89 0.049 27.9
19790711 2 6.34 0.048 23.9
19790712 0.2 5.43 0.048 21.6
19790713 0 5.72 0.047 22.4
19790714 0 6.24 0.046 23.8
19790715 0 6.6 0.046 24.8
19790716 0.4 7.19 0.045 26.3
19790717 0 7.4 0.045 26.9
19790718 0.1 7.31 0.044 26.7
19790719 0.7 6.37 0.043 24.3
19790720 0 6.06 0.043 23.5
19790721 0 6.54 0.042 24.8
19790722 0.2 6.98 0.042 26
19790723 0 6.36 0.041 24.4
19790724 0 6.57 0.041 25
19790725 0 6.86 0.04 25.8
19790726 0 7.14 0.04 26.6
19790727 0 7.68 0.04 28.1
19790728 0 7.84 0.039 28.6
19790729 0 7.68 0.039 28.2
19790730 0 7.55 0.038 27.9
19790731 0.2 6.44 0.038 24.9
19790801 0 6.53 0.038 25.2
19790802 0 6.51 0.037 25.2
19790803 0 6.61 0.037 25.5
19790804 0 6.91 0.036 26.4
19790805 0 7.18 0.036 27.2
19790806 0 6.98 0.036 26.7
19790807 0 6.54 0.036 25.5
19790808 0 6.21 0.035 24.6
19790809 0 6.37 0.035 25.1
19790810 0 6.49 0.035 25.5
19790811 0 6.72 0.034 26.2
19790812 0 6.94 0.034 26.9
19790813 0 7.13 0.034 27.5
19790814 0 7.25 0.034 27.9
19790815 0 6.17 0.033 24.8
19790816 0 4.63 0.033 20.3
19790817 0 5.11 0.033 21.7
19790818 0 4.97 0.033 21.3
19790819 0 4.47 0.033 19.8
19790820 0 4.86 0.032 21
19790821 0 5.34 0.032 22.5
19790822 0 5.62 0.032 23.4
19790823 0 5.85 0.032 24.2
19790824 0 5.46 0.032 23
19790825 0 5.53 0.031 23.3
19790826 0 5.58 0.031 23.5
19790827 0 5.77 0.031 24.2
19790828 0 5.81 0.031 24.4
19790829 0 5.69 0.031 24.1
19790830 0 5.81 0.03 24.6
19790831 2.4 5.7 0.03 24.3
19790901 1.5 5.44 0.03 23.5
19790902 0.1 5.53 0.03 23.9
19790903 0 5.59 0.03 24.2
19790904 0 5.67 0.03 24.6
19790905 3.5 5.66 0.03 24.7
19790906 3.8 5.23 0.029 23.2
19790907 1.3 4.85 0.029 21.9
19790908 0 5.01 0.029 22.6
19790909 0 5.14 0.029 23.2
19790910 1.3 5.23 0.029 23.7
19790911 0.2 5.25 0.029 23.9
19790912 10.1 4.99 0.029 23
19790913 2.2 4.24 0.029 20.1
19790914 3.3 3.9 0.029 18.8
19790915 1 3.95 0.029 19.1
19790916 8.2 4.29 0.029 20.6
19790917 0.9 4.15 0.029 20.1
19790918 3.4 3.97 0.03 19.4
19790919 5 3.86 0.03 19
19790920 0 3.55 0.03 17.7
19790921 0.1 3.43 0.03 17.2
19790922 0.5 2.55 0.03 13.2
19790923 0 2.21 0.03 11.6
19790924 0 2.34 0.03 12.2
19790925 0 2.78 0.03 14.4
19790926 0 3.11 0.029 16.1
19790927 0 3.35 0.029 17.4
19790928 0 3.48 0.029 18.2
19790929 0.7 3.59 0.029 18.9
19790930 0.3 3.54 0.029 18.8
19791001 0 3.58 0.029 19.2
19791002 0.1 3.66 0.029 19.9
19791003 0.4 3.66 0.028 20.1
19791004 1 3.19 0.028 17.6
19791005 0.2 2.87 0.028 15.9
19791006 3.7 2.8 0.028 15.7
19791007 0.8 3.11 0.028 17.8
19791008 0.1 3.25 0.028 18.9
19791009 10.3 3.03 0.028 17.8
19791010 5.6 2.39 0.029 13.8
19791011 5 2.1 0.03 12
19791012 16.2 2.06 0.032 11.9
19791013 6.1 2.03 0.035 11.9
19791014 12.1 1.83 0.039 10.6
19791015 6.9 1.9 0.045 11.3
19791016 1.5 1.91 0.05 11.4
19791017 0 1.96 0.053 11.8
19791018 0.5 2.06 0.053 12.6
19791019 1 2.3 0.052 14.5
19791020 0.7 2.32 0.051 14.8
19791021 5.3 2.34 0.051 15
19791022 1.2 2.27 0.052 14.6
19791023 0.2 2.19 0.053 14
19791024 0.5 2.12 0.053 13.5
19791025 2.8 1.8 0.052 10.8
19791026 10.4 1.43 0.054 7.6
19791027 3.2 1.34 0.058 6.8
19791028 0.1 1.48 0.062 8.1
19791029 0 1.62 0.063 9.5
19791030 0 1.6 0.062 9.4
19791031 1.4 1.67 0.06 10.1
19791101 0 1.74 0.059 10.9
19791102 0 1.8 0.058 11.7
19791103 0 1.75 0.056 11.3
19791104 0 1.74 0.055 11.4
19791105 0 1.8 0.053 12.2
19791106 0 1.79 0.052 12.3
19791107 0 1.76 0.051 12.2
19791108 0 1.77 0.049 12.6
19791109 0.8 1.64 0.048 11.3
19791110 0 1.31 0.047 7.6
19791111 0 1.09 0.047 5.1
19791112 3.9 1.09 0.046 5.2
19791113 4.5 1.18 0.047 6.5
19791114 4 1.33 0.049 8.7
19791115 0.9 1.05 0.052 5.2
19791116 0.1 1.01 0.053 4.6
19791117 0.4 1.08 0.053 5.7
19791118 0.1 1.32 0.052 9.1
19791119 0 1.2 0.051 7.6
19791120 0 1.29 0.049 9
19791121 0 1.15 0.048 7
19791122 0 1.01 0.047 5
19791123 0 1.03 0.046 5.4
19791124 0 0.96 0.045 4.5
19791125 0 0.97 0.044 4.7
19791126 0 1.03 0.043 5.8
19791127 0 1.12 0.042 7.3
19791128 0 1.2 0.041 8.7
19791129 0 1.25 0.041 9.7
19791130 0.3 1.23 0.04 9.4
19791201 0 1.21 0.039 9.3
19791202 0 1.23 0.039 9.8
19791203 0 1.15 0.038 8.7
19791204 0 1.14 0.037 8.7
19791205 0 1.06 0.037 7.4
19791206 0 1 0.036 6.5
19791207 0 0.91 0.036 5.1
19791208 0.2 0.95 0.035 6
19791209 0.2 1.06 0.035 8.2
19791210 0.1 1.09 0.034 9.1
19791211 0 1.13 0.034 10.1
19791212 0.2 1.11 0.033 9.9
19791213 0.1 1.02 0.033 8.4
19791214 0.4 0.91 0.033 6.4
19791215 0 0.83 0.033 4.9
19791216 0 0.92 0.032 6.8
19791217 0 0.95 0.032 7.2
19791218 0 0.92 0.032 6.6
19791219 0.1 0.75 0.031 3
19791220 0 0.64 0.031 0.6
19791221 0 0.55 0.031 -1.3
19791222 1 0.56 0.03 -1.3
19791223 1.2 0.74 0.03 2.3
19791224 5 0.94 0.031 6.1
19791225 4.4 1 0.033 7.2
19791226 0.3 0.87 0.035 4.5
19791227 0.8 0.81 0.036 3.2
19791228 0.4 0.89 0.037 4.8
19791229 0.4 0.93 0.036 5.4
19791230 0.1 0.94 0.036 5.5
19791231 0.4 1.07 0.036 7.8
19800101 0 1.14 0.035 9
19800102 0 1.04 0.035 7.1
19800103 0 0.91 0.034 4.4
19800104 0 0.92 0.034 4.6
19800105 0 0.91 0.033 4.2
19800106 0 0.86 0.033 3.2
19800107 0 0.83 0.033 2.4
19800108 1.4 0.78 0.032 1.4
19800109 0.9 0.91 0.032 3.7
19800110 0.4 0.95 0.033 4.4
19800111 0 0.93 0.033 4
19800112 0.2 0.78 0.033 1.1
19800113 4.8 0.68 0.032 -0.9
19800114 3.5 0.81 0.032 1.4
19800115 0.6 0.9 0.034 3
19800116 2.7 0.82 0.036 1.5
19800117 0.1 0.87 0.037 2.1
19800118 0.1 0.87 0.037 1.9
19800119 1.5 0.86 0.037 1.5
19800120 0.1 1.03 0.037 4
19800121 0.1 1.15 0.037 5.7
19800122 0.1 1.22 0.036 6.5
19800123 0 1.39 0.036 8.9
19800124 0 1.48 0.035 9.9
19800125 0 1.56 0.035 10.8
19800126 0 1.57 0.034 10.5
19800127 0 1.58 0.034 10.4
19800128 0 1.5 0.033 8.9
19800129 0 1.43 0.033 7.6
19800130 0.4 1.47 0.032 7.8
19800131 0.5 1.5 0.032 8
19800201 0 1.35 0.032 5.7
19800202 0 1.37 0.032 5.7
19800203 0 1.48 0.031 6.9
19800204 0 1.61 0.031 8.4
19800205 0 1.72 0.03 9.5
19800206 0 1.63 0.03 8.1
19800207 0 1.63 0.03 7.9
19800208 0 1.65 0.029 7.9
19800209 1.2 1.91 0.029 10.7
19800210 0 1.65 0.029 7.4
19800211 0 1.5 0.029 5.5
19800212 0 1.62 0.029 6.6
19800213 0 1.68 0.028 7.1
19800214 0 1.65 0.028 6.6
19800215 2 1.68 0.028 6.6
19800216 0.4 1.98 0.028 9.5
19800217 0 1.89 0.028 8.3
19800218 1.6 1.85 0.028 7.6
19800219 4.9 1.84 0.029 7.2
19800220 1.9 1.88 0.03 7.3
19800221 3.5 2.01 0.031 8.3
19800222 5.3 2.12 0.033 9.1
19800223 0.1 2.15 0.035 9.1
19800224 0.8 2.21 0.036 9.4
19800225 4.1 2.21 0.037 9.2
19800226 3.3 2 0.038 7.1
19800227 2.5 1.84 0.04 5.5
19800228 0 1.83 0.041 5.3
19800229 1.8 1.93 0.041 6.1
19800301 0.1 2.21 0.041 8.3
19800302 8.4 2.37 0.042 9.4
19800303 0 2.36 0.044 9.1
19800304 1.6 2.26 0.046 8.1
19800305 0.2 2.39 0.047 9
19800306 0 2.31 0.046 8.2
19800307 0 2.44 0.045 9
19800308 0 2.22 0.044 7.2
19800309 0 2.29 0.043 7.6
19800310 0 2.38 0.042 8.1
19800311 0.1 2.49 0.041 8.8
19800312 0 2.61 0.04 9.5
19800313 0 2.58 0.039 9.1
19800314 1.6 2.04 0.038 5.3
19800315 0.3 1.97 0.038 4.8
19800316 0 2.23 0.038 6.5
19800317 0.2 2.33 0.037 7.1
19800318 4.3 2.47 0.037 7.9
19800319 2.6 2.46 0.037 7.8
19800320 3.2 2.29 0.039 6.6
19800321 10.5 2.3 0.041 6.6
19800322 2 2.19 0.045 5.8
19800323 0.2 2.31 0.049 6.5
19800324 0.1 2.38 0.049 6.9
19800325 0.2 2.58 0.048 8
19800326 0.1 3.14 0.047 11.3
19800327 0.3 3.38 0.046 12.6
19800328 0.7 3.53 0.045 13.4
19800329 0 3.54 0.044 13.3
19800330 0 3.83 0.043 14.9
19800331 0.6 4.23 0.042 17
19800401 0 4.32 0.041 17.4
19800402 0 4.26 0.04 16.9
19800403 0.1 4.18 0.04 16.3
19800404 0 3.3 0.039 11.4
19800405 0 2.97 0.038 9.5
19800406 0 2.76 0.037 8.3
19800407 0 2.82 0.036 8.6
19800408 0 2.93 0.035 9.1
19800409 0 2.95 0.035 9.2
19800410 0 3.08 0.034 9.8
19800411 0 3.11 0.033 9.9
19800412 0.1 3.34 0.033 11
19800413 2.8 3.43 0.032 11.4
19800414 9.5 3.14 0.033 9.9
19800415 0.6 2.7 0.034 7.7
19800416 0.2 2.76 0.035 8
19800417 0.5 2.97 0.035 9
19800418 0.4 3.23 0.035 10.2
19800419 0 3.44 0.034 11.2
19800420 0 3.72 0.034 12.5
19800421 0 3.21 0.033 10.1
19800422 0 3.02 0.032 9.2
19800423 0 3.37 0.032 10.8
19800424 0 3.38 0.031 10.8
19800425 0 3.62 0.031 11.9
19800426 0.4 3.92 0.03 13.2
19800427 2 4.11 0.03 14
19800428 7.3 3.87 0.03 12.9
19800429 17.1 3.52 0.032 11.4
19800430 5.2 3.26 0.036 10.3
19800501 0.1 3.33 0.041 10.6
19800502 3 3.64 0.042 11.9
19800503 5 3.51 0.043 11.4
19800504 2.2 3.71 0.044 12.2
19800505 13.5 3.61 0.047 11.8
19800506 1.2 4.05 0.052 13.6
19800507 1.3 4.03 0.056 13.5
19800508 0 4.18 0.057 14.1
19800509 0 4.21 0.056 14.2
19800510 0 4.72 0.054 16.2
19800511 1.4 4.54 0.053 15.5
19800512 18.4 3.44 0.054 11.3
19800513 3 3.35 0.06 11
19800514 0.2 3.45 0.067 11.4
19800515 0 3.98 0.068 13.4
19800516 1.8 4.39 0.066 14.9
19800517 0.1 4.24 0.065 14.4
19800518 0 4.12 0.063 14
19800519 0 4.22 0.061 14.4
19800520 0 4.23 0.059 14.5
19800521 0 4.7 0.057 16.2
19800522 0 4.17 0.055 14.4
19800523 0 4.07 0.053 14.1
19800524 2.7 4.72 0.052 16.4
19800525 16.3 4.41 0.053 15.4
19800526 2.6 4 0.058 14.1
19800527 3.3 3.67 0.063 13.1
19800528 0.6 3.95 0.064 14.1
19800529 0 3.96 0.064 14.2
19800530 0.6 3.8 0.062 13.8
19800531 0.7 4.94 0.061 17.5
19800601 0 5.6 0.059 19.6
19800602 0 5.9 0.057 20.6
19800603 0 6.28 0.055 21.8
19800604 0 6.73 0.053 23.2
19800605 0 7.25 0.052 24.8
19800606 0.2 7.18 0.05 24.6
19800607 0.2 6.3 0.049 22
19800608 1.5 5.12 0.047 18.6
19800609 0.1 4.68 0.046 17.4
19800610 0 5.13 0.045 18.8
19800611 11.5 5.52 0.044 20
19800612 4.5 4.93 0.045 18.4
19800613 3.9 3.75 0.047 15.2
19800614 0.3 3.85 0.048 15.6
19800615 0 4.5 0.048 17.5
19800616 0 4.99 0.047 18.9
19800617 0 5.48 0.045 20.3
19800618 0 6.04 0.044 21.9
19800619 0 6.61 0.043 23.5
19800620 0 7 0.041 24.6
19800621 0 6.76 0.04 24
19800622 0 6.08 0.039 22.2
19800623 0 5.61 0.038 21
19800624 0 5.48 0.037 20.7
19800625 0 5.76 0.036 21.5
19800626 0 5.59 0.035 21.1
19800627 0 5.34 0.035 20.5
19800628 0 5.47 0.034 20.9
19800629 0.1 6.05 0.033 22.5
19800630 2.2 5.8 0.032 21.9
19800701 0.1 6.24 0.032 23.1
19800702 0 6.78 0.031 24.6
19800703 0 6.84 0.031 24.8
19800704 0 7.08 0.03 25.5
19800705 0 6.8 0.029 24.8
19800706 0 6.48 0.029 24
19800707 0 6.8 0.028 24.9
19800708 0 5.67 0.028 22
19800709 0 4.04 0.027 17.8
19800710 0 3.75 0.027 17.1
19800711 0 4.11 0.026 18.1
19800712 0 4.74 0.026 19.8
19800713 0 5.83 0.025 22.7
19800714 0 6.43 0.025 24.3
19800715 0 6.6 0.025 24.8
19800716 2.1 6.18 0.024 23.7
19800717 0 5.12 0.024 21
19800718 0 5.85 0.023 22.9
19800719 0 6.91 0.023 25.7
19800720 0 7.28 0.023 26.7
19800721 0 6.54 0.023 24.8
19800722 0 7.05 0.022 26.2
19800723 0 7.91 0.022 28.5
19800724 0 7.77 0.022 28.2
19800725 0 7.01 0.021 26.2
19800726 0 5.61 0.021 22.5
19800727 0 6.01 0.021 23.6
19800728 0 6.07 0.02 23.8
19800729 0 5.25 0.02 21.6
19800730 0 5.35 0.02 21.9
19800731 0 6.18 0.02 24.2
19800801 0 6.71 0.02 25.7
19800802 0 7.53 0.019 28
19800803 0 7.33 0.019 27.5
19800804 0 7.02 0.019 26.7
19800805 0 7.36 0.019 27.7
19800806 0 7.52 0.018 28.2
19800807 0 7.39 0.018 27.9
19800808 0 6.88 0.018 26.5
19800809 0 6.82 0.018 26.4
19800810 0 6.84 0.018 26.5
19800811 0 7.07 0.018 27.2
19800812 0 7.12 0.017 27.4
19800813 0 7.13 0.017 27.5
19800814 0 6.49 0.017 25.7
19800815 0 5.59 0.017 23.1
19800816 0 5.32 0.017 22.3
19800817 0 5.65 0.016 23.3
19800818 0 6.07 0.016 24.6
19800819 0.1 5.59 0.016 23.2
19800820 0 6.04 0.016 24.6
19800821 0 7.28 0.016 28.5
19800822 0.2 7.44 0.016 29.1
19800823 1.6 7.09 0.016 28.1
19800824 1 6.62 0.016 26.7
19800825 0.2 6.12 0.015 25.2
19800826 0.5 5.24 0.015 22.4
19800827 0.1 5.43 0.015 23.1
19800828 0 5.51 0.015 23.4
19800829 0 6.08 0.015 25.4
19800830 0 6.49 0.015 26.9
19800831 0 6.31 0.015 26.4
19800901 0 6.05 0.015 25.6
19800902 0 5.84 0.014 25
19800903 0 5.76 0.014 24.8
19800904 0.1 5.72 0.014 24.8
19800905 0 5.86 0.014 25.4
19800906 0.1 5.95 0.014 25.9
19800907 1.6 5.97 0.014 26.1
19800908 1.7 5.56 0.014 24.7
19800909 0.9 5.27 0.014 23.7
19800910 0.1 5.21 0.014 23.6
19800911 0 5.45 0.013 24.7
19800912 0 5.51 0.013 25.1
19800913 0 5.4 0.013 24.8
19800914 0 5.23 0.013 24.3
19800915 0 5.24 0.013 24.5
19800916 1 5.28 0.013 24.8
19800917 0.4 4.89 0.013 23.3
19800918 1.4 4.89 0.013 23.4
19800919 0.9 4.65 0.013 22.5
19800920 1 3.82 0.013 18.9
19800921 0 3.36 0.013 16.9
19800922 0 3.52 0.013 17.7
19800923 0 3.86 0.012 19.4
19800924 0 4.06 0.012 20.5
19800925 0 4.25 0.012 21.6
19800926 0 4.3 0.012 22
19800927 7 4.28 0.012 22.1
19800928 0.9 3.93 0.012 20.5
19800929 0.1 3.85 0.012 20.3
19800930 0.1 3.91 0.012 20.8
19801001 0 3.85 0.012 20.7
19801002 0 3.79 0.012 20.6
19801003 1.3 3.66 0.012 20.1
19801004 0.8 3.57 0.012 19.8
19801005 0.4 3.44 0.012 19.3
19801006 1 3.45 0.012 19.6
19801007 0.2 3.21 0.012 18.4
19801008 1.1 2.74 0.012 15.7
19801009 0 2.23 0.012 12.6
19801010 0 2.39 0.011 13.8
19801011 0 2.55 0.011 15.1
19801012 0.1 2.03 0.011 11.7
19801013 0 2.14 0.011 12.7
19801014 0 2.29 0.011 14
19801015 10.9 2.02 0.011 12.2
19801016 8 1.75 0.011 10.2
19801017 0.7 1.47 0.012 8
19801018 0 1.37 0.012 7.2
19801019 0 1.49 0.012 8.1
19801020 0 1.77 0.012 10.4
19801021 0 1.98 0.012 12.1
19801022 0 2.14 0.012 13.5
19801023 4.1 2.19 0.012 14
19801024 7.4 2.3 0.012 15
19801025 0 2.03 0.013 12.8
19801026 0 2.08 0.013 13.4
19801027 0 2.24 0.013 14.9
19801028 0 2.37 0.013 16.3
19801029 0 2.28 0.013 15.6
19801030 0 2.17 0.013 14.8
19801031 1.3 2.1 0.013 14.3
19801101 0 2.03 0.012 13.8
19801102 2 1.84 0.012 12.1
19801103 0.3 1.74 0.013 11.2
19801104 16.6 1.39 0.013 7.7
19801105 0.8 1.04 0.014 4.1
19801106 4.3 1.2 0.016 5.9
19801107 1.7 1.47 0.017 9
19801108 20 1.52 0.019 9.7
19801109 2.4 1.52 0.023 9.9
19801110 1.2 1.38 0.028 8.5
19801111 2 1.52 0.029 10.4
19801112 0.6 1.6 0.03 11.6
19801113 0 1.3 0.03 8.1
19801114 0 1.07 0.029 5.3
19801115 0 1.08 0.028 5.6
19801116 0.1 1.12 0.027 6.2
19801117 0 1.2 0.027 7.3
19801118 0 1.34 0.026 9.4
19801119 0 1.34 0.025 9.5
19801120 0 1.34 0.024 9.7
19801121 0 1.36 0.024 10.1
19801122 0 1.29 0.023 9.2
19801123 0 1.29 0.023 9.4
19801124 0 1.3 0.022 9.6
19801125 1 1.16 0.022 7.6
19801126 0.7 1.05 0.021 6
19801127 0 0.88 0.021 3.5
19801128 0 0.9 0.021 3.9
19801129 0 0.84 0.02 3
19801130 2.6 0.7 0.02 0.7
19801201 0 0.63 0.02 -0.4
19801202 0 0.53 0.02 -2
19801203 0 0.66 0.02 0.3
19801204 0 0.71 0.02 1.1
19801205 0 0.73 0.019 1.7
19801206 0 0.73 0.019 1.7
19801207 0 0.75 0.018 2.1
19801208 0 0.75 0.018 2.2
19801209 0 0.75 0.018 2.3
19801210 0 0.82 0.017 3.9
19801211 0 0.86 0.017 4.8
19801212 0.1 0.77 0.017 3.1
19801213 0 0.79 0.016 3.7
19801214 0.1 0.86 0.016 5.4
19801215 1.6 0.8 0.016 4.2
19801216 0 0.74 0.016 3.1
19801217 0.1 0.75 0.016 3.2
19801218 0.3 0.84 0.016 4.9
19801219 0.2 0.89 0.016 5.7
19801220 0.5 1.02 0.016 8.3
19801221 0 1.08 0.016 9.4
19801222 0 0.93 0.015 6.3
19801223 0 0.95 0.015 6.6
19801224 0 0.95 0.015 6.4
19801225 0 0.95 0.015 6.3
19801226 0 0.88 0.015 4.8
19801227 0 0.82 0.014 3.4
19801228 0 0.76 0.014 2.2
19801229 0 0.78 0.014 2.5
19801230 0 0.87 0.014 4.1
19801231 0.1 0.85 0.014 3.7
19810101 0 0.84 0.013 3.4
19810102 0 0.9 0.013 4.4
19810103 0 0.88 0.013 3.8
19810104 0 0.88 0.013 3.7
19810105 0 0.9 0.013 4
19810106 0 0.92 0.013 4.3
19810107 0 0.91 0.013 4
19810108 0 0.91 0.012 3.9
19810109 0 0.9 0.012 3.6
19810110 0.4 0.86 0.012 2.7
19810111 0.2 0.73 0.012 0.2
19810112 1.5 0.62 0.012 -1.9
19810113 0.3 0.7 0.012 -0.4
19810114 0.1 0.78 0.012 0.9
19810115 0 0.9 0.012 3
19810116 0 1.05 0.012 5.7
19810117 0 0.97 0.012 3.9
19810118 0 0.95 0.012 3.3
19810119 0 1.03 0.012 4.4
19810120 0 1.15 0.012 6
19810121 0 1.33 0.012 8.7
19810122 0 1.37 0.012 8.9
19810123 0 1.3 0.011 7.5
19810124 0 1.28 0.011 6.9
19810125 0 1.18 0.011 5
19810126 0 1.15 0.011 4.4
19810127 0 1.2 0.011 4.8
19810128 0 1.27 0.011 5.6
19810129 0 1.23 0.011 4.7
19810130 0 1.27 0.011 5.1
19810131 0.2 1.3 0.011 5.2
19810201 0 1.3 0.011 5
19810202 0 1.32 0.011 5
19810203 0 1.33 0.011 5
19810204 0 1.42 0.01 5.9
19810205 0 1.51 0.01 6.8
19810206 0 1.57 0.01 7.3
19810207 0 1.7 0.01 8.7
19810208 0 1.79 0.01 9.5
19810209 3.2 1.68 0.01 8
19810210 7 1.62 0.011 7.1
19810211 1.4 1.45 0.012 4.9
19810212 3.9 1.42 0.013 4.3
19810213 0.4 1.49 0.014 5
19810214 0 1.53 0.014 5.3
19810215 0 1.57 0.014 5.4
19810216 0 1.54 0.014 4.8
19810217 0 1.49 0.014 4.1
19810218 1.4 1.55 0.014 4.5
19810219 3 1.53 0.014 4.1
19810220 0.2 1.31 0.014 1.7
19810221 0 1.41 0.015 2.6
19810222 0 1.61 0.015 4.3
19810223 0 1.65 0.014 4.5
19810224 0 1.72 0.014 5
19810225 0 1.73 0.014 4.9
19810226 2.1 2.02 0.014 7.3
19810227 2.9 2.44 0.014 10.7
19810228 5 2.48 0.015 10.8
19810301 0.2 2.32 0.016 9.2
19810302 0 2.24 0.017 8.3
19810303 0 2.31 0.016 8.7
19810304 0 2.48 0.016 9.9
19810305 0.4 2.62 0.016 10.8
19810306 0 2.75 0.016 11.6
19810307 0 2.97 0.015 13
19810308 0 3.13 0.015 14
19810309 0 3.21 0.015 14.3
19810310 0 3.42 0.014 15.6
19810311 0 3.56 0.014 16.4
19810312 0 3.43 0.014 15.2
19810313 0 3.03 0.013 12.2
19810314 0 2.7 0.013 9.8
19810315 0 2.64 0.013 9.3
19810316 0.1 2.63 0.013 9.2
19810317 0 2.42 0.013 7.7
19810318 0 2.27 0.012 6.6
19810319 1.3 2.56 0.012 8.4
19810320 2.1 2.7 0.012 9.2
19810321 0.1 2.93 0.012 10.6
19810322 0.6 3.19 0.012 12.1
19810323 0 3.39 0.012 13.2
19810324 0 3.79 0.012 15.5
19810325 0 4 0.012 16.6
19810326 0 3.62 0.012 14.2
19810327 8.4 3.43 0.012 12.9
19810328 4.8 3.24 0.012 11.7
19810329 6 2.78 0.014 8.9
19810330 2.3 2.67 0.015 8.2
19810331 0.4 3 0.016 10
19810401 2.5 2.94 0.016 9.6
19810402 6.7 2.93 0.017 9.5
19810403 1.7 2.93 0.018 9.4
19810404 0.1 3.18 0.019 10.7
19810405 0 3.47 0.019 12.2
19810406 0.2 3.52 0.019 12.4
19810407 0.1 3.8 0.018 13.8
19810408 0.6 3.97 0.018 14.6
19810409 1.9 3.91 0.018 14.2
19810410 2.2 4.09 0.018 15
19810411 0.1 4.05 0.018 14.7
19810412 2.8 4.16 0.018 15.2
19810413 2.5 3.92 0.018 13.9
19810414 0.5 3.74 0.018 12.9
19810415 3.9 3.65 0.019 12.4
19810416 7.8 3.64 0.019 12.3
19810417 2.9 3.47 0.021 11.4
19810418 1.1 3.5 0.023 11.5
19810419 0.1 3.69 0.023 12.4
19810420 4.4 3.66 0.023 12.2
19810421 17.8 2.35 0.025 6.1
19810422 11.1 2.41 0.032 6.4
19810423 9.6 2.4 0.042 6.4
19810424 1 2.97 0.051 9
19810425 2.3 3.13 0.055 9.7
19810426 0.4 2.4 0.056 6.5
19810427 5.5 2.58 0.056 7.3
19810428 3.4 3.01 0.058 9.2
19810429 0.1 3.19 0.06 10
19810430 0.3 3.45 0.06 11.1
19810501 0.1 3.71 0.058 12.2
19810502 2.3 4 0.056 13.4
19810503 0.1 3.88 0.055 12.9
19810504 0 4.17 0.054 14.1
19810505 0 4.55 0.052 15.6
19810506 0 4.95 0.049 17.2
19810507 2.5 4.28 0.048 14.5
19810508 4.4 3.85 0.047 12.8
19810509 6.5 2.93 0.049 9.2
19810510 4.5 2.79 0.052 8.7
19810511 1.6 2.75 0.055 8.6
19810512 0 3.57 0.056 11.8
19810513 0 3.88 0.055 13
19810514 0 4.25 0.052 14.4
19810515 0 4.17 0.05 14.1
19810516 0 4.22 0.048 14.3
19810517 0 4.27 0.046 14.5
19810518 0 4.97 0.044 17.1
19810519 0 5.5 0.042 19
19810520 0 5.28 0.04 18.2
19810521 0 4.53 0.039 15.6
19810522 0 4.52 0.037 15.6
19810523 0 5.23 0.036 18.1
19810524 0 5.55 0.034 19.2
19810525 3.4 4.26 0.033 14.9
19810526 0 3.64 0.033 12.9
19810527 0 3.92 0.032 13.9
19810528 0.3 4.97 0.031 17.4
19810529 0.6 5.29 0.03 18.5
19810530 1.5 5.65 0.029 19.7
19810531 0.8 5.77 0.028 20.1
19810601 0 5.56 0.028 19.5
19810602 0 5.1 0.027 18.1
19810603 0 4.46 0.026 16.2
19810604 0 4.66 0.025 16.9
19810605 0 5.53 0.024 19.6
19810606 0 6.35 0.023 22.1
19810607 0 6.84 0.023 23.6
19810608 0 7.31 0.022 25
19810609 0 7.37 0.021 25.2
19810610 0 7.43 0.021 25.4
19810611 0 8.12 0.02 27.4
19810612 0.3 8.58 0.019 28.7
19810613 0 8.65 0.019 28.9
19810614 0 8.14 0.018 27.5
19810615 0 7.77 0.017 26.5
19810616 0 7.9 0.017 26.9
19810617 0 8.25 0.016 27.9
19810618 0 7.54 0.016 26
19810619 0 7.05 0.015 24.7
19810620 0 6.89 0.015 24.3
19810621 0.5 6.98 0.015 24.6
19810622 1.3 7.07 0.014 24.9
19810623 5.8 5.83 0.014 21.6
19810624 1 5.33 0.014 20.3
19810625 2.9 5.46 0.013 20.7
19810626 0.3 5.36 0.013 20.5
19810627 2.1 4.34 0.013 17.8
19810628 0.1 4.57 0.013 18.5
19810629 0.2 4.81 0.013 19.2
19810630 0.2 5.28 0.012 20.5
19810701 0.1 5.52 0.012 21.2
19810702 6.1 4.86 0.012 19.5
19810703 0 4.68 0.012 19.1
19810704 0 5.46 0.012 21.2
19810705 0 6.23 0.011 23.3
19810706 0 6.82 0.011 24.9
19810707 0 6.92 0.011 25.2
19810708 0 6.9 0.011 25.2
19810709 0 6.34 0.01 23.8
19810710 0 5.48 0.01 21.6
19810711 0 5.53 0.01 21.8
19810712 0 5.93 0.01 22.9
19810713 0 6.61 0.01 24.7
19810714 0 7.05 0.009 25.9
19810715 0 7.22 0.009 26.4
19810716 0 7.42 0.009 26.9
19810717 0 7.67 0.009 27.6
19810718 0 5.96 0.009 23.2
19810719 0 4.99 0.008 20.7
19810720 0 5.64 0.008 22.4
19810721 0 6.35 0.008 24.3
19810722 0 6.6 0.008 25
19810723 0 6.17 0.008 23.9
19810724 0 5.48 0.007 22.1
19810725 0 5.29 0.007 21.6
19810726 0 5.84 0.007 23.1
19810727 0 6.31 0.007 24.4
19810728 0 7.44 0.007 27.5
19810729 0 8.27 0.007 29.8
19810730 0.2 8.5 0.007 30.5
19810731 0.1 7.6 0.006 28.1
19810801 0 5.95 0.006 23.6
19810802 1.9 5.58 0.006 22.6
19810803 3.4 5.46 0.006 22.3
19810804 1.1 5.48 0.006 22.4
19810805 0 6.11 0.006 24.2
19810806 0.4 6.49 0.006 25.3
19810807 0.2 6.79 0.006 26.2
19810808 0 6.6 0.006 25.7
19810809 0 6.54 0.005 25.6
19810810 0 6.74 0.005 26.2
19810811 0 6.72 0.005 26.2
19810812 0 6.7 0.005 26.2
19810813 0 6.51 0.005 25.7
19810814 0 6.39 0.005 25.4
19810815 0 6.34 0.005 25.3
19810816 0 6.51 0.005 25.8
19810817 0 6.39 0.005 25.5
19810818 0 6.57 0.004 26.1
19810819 0 6.12 0.004 24.8
19810820 0 5.64 0.004 23.4
19810821 4.3 5.37 0.004 22.6
19810822 0 4.81 0.004 20.9
19810823 0 5.09 0.004 21.8
19810824 0 5.61 0.004 23.5
19810825 0 5.69 0.004 23.8
19810826 0 5.64 0.004 23.7
19810827 0 5.71 0.004 24
19810828 0 5.87 0.004 24.6
19810829 0.5 5.9 0.004 24.8
19810830 6.2 5.55 0.003 23.7
19810831 0.4 5.06 0.003 22.1
19810901 0 4.95 0.003 21.8
19810902 0 5.28 0.003 23
19810903 0 5.47 0.003 23.8
19810904 0 5.47 0.003 23.9
19810905 0 5.61 0.003 24.5
19810906 0 5.63 0.003 24.7
19810907 0 5.89 0.003 25.8
19810908 0 5.8 0.003 25.6
19810909 4.3 5.68 0.003 25.3
19810910 0 4.85 0.003 22.2
19810911 0 4.67 0.003 21.6
19810912 0 4.76 0.003 22.1
19810913 0 4.61 0.003 21.6
19810914 0 4.89 0.003 22.9
19810915 0 5.12 0.002 24
19810916 0 5.23 0.002 24.6
19810917 0.4 5.2 0.002 24.6
19810918 0.1 4.82 0.002 23.1
19810919 0 4.47 0.002 21.7
19810920 0 4.48 0.002 21.9
19810921 3.1 4.23 0.002 20.9
19810922 2.2 3.65 0.002 18.3
19810923 0.1 3.16 0.002 16.1
19810924 0 3.13 0.002 16
19810925 2.2 3.11 0.002 16
19810926 3.4 2.85 0.002 14.8
19810927 5.1 2.41 0.002 12.6
19810928 0 2.44 0.002 12.8
19810929 0 2.79 0.002 14.7
19810930 0.1 3.37 0.002 17.9
19811001 1.6 3.1 0.002 16.6
19811002 0 2.77 0.002 14.9
19811003 0.2 2.71 0.002 14.7
19811004 0 3.1 0.002 17.1
19811005 0 3.19 0.002 17.8
19811006 0.1 3 0.002 16.9
19811007 0 2.85 0.002 16.2
19811008 1.6 3.09 0.002 17.9
19811009 0 3.09 0.002 18.2
19811010 0 2.99 0.002 17.8
19811011 0 2.96 0.002 17.9
19811012 0 3.02 0.002 18.6
19811013 0 3 0.002 18.8
19811014 0 3.03 0.002 19.4
19811015 0 2.96 0.002 19.3
19811016 0 3.05 0.002 20
19811017 0.1 2.92 0.002 19.1
19811018 0 2.76 0.001 18
19811019 0.2 2.82 0.001 18.6
19811020 0 2.76 0.001 18.3
19811021 0.8 2.51 0.001 16.4
19811022 0 1.9 0.001 11.5
19811023 0 1.73 0.001 10.1
19811024 0 1.84 0.001 11.1
19811025 0 1.73 0.001 10.2
19811026 0 1.72 0.001 10.2
19811027 0 1.57 0.001 8.9
19811028 0 1.77 0.001 10.8
19811029 0 1.87 0.001 11.8
19811030 0 1.83 0.001 11.6
19811031 0 1.93 0.001 12.7
19811101 0 2.01 0.001 13.6
19811102 0 2.01 0.001 13.8
19811103 0 1.99 0.001 13.8
19811104 0 2.01 0.001 14.2
19811105 0 1.94 0.001 13.7
19811106 0 1.86 0.001 13.1
19811107 0 1.79 0.001 12.5
19811108 0 1.67 0.001 11.4
19811109 0 1.64 0.001 11.3
19811110 0 1.63 0.001 11.4
19811111 0 1.63 0.001 11.7
19811112 0 1.63 0.001 12
19811113 0 1.58 0.001 11.7
19811114 0 1.46 0.001 10.4
19811115 0 1.31 0.001 8.7
19811116 0 1.36 0.001 9.5
19811117 0 1.32 0.001 9
19811118 0 1.42 0.001 10.6
19811119 0.1 1.41 0.001 10.6
19811120 0.2 1.43 0.001 11
19811121 0 1.42 0.001 11
19811122 0 1.45 0.001 11.5
19811123 0 1.41 0 11.2
19811124 0 1.34 0 10.3
19811125 0 1.29 0 9.6
19811126 0 1.19 0 8.2
19811127 0 1.17 0 8
19811128 0 1.22 0 9
19811129 0 1.16 0 8.1
19811130 0 1.09 0 7.2
19811201 0 1.05 0 6.7
19811202 0 1.01 0 6.1
19811203 0 0.87 0 3.9
19811204 0 0.81 0 3
19811205 0 0.89 0 4.4
19811206 0 0.86 0 4.1
19811207 0 0.84 0 3.9
19811208 0 0.86 0 4.4
19811209 1.1 0.99 0 6.9
19811210 0.6 1.14 0 10
19811211 0 1.17 0 10.8
19811212 0.2 1.16 0 11
19811213 0.6 1.18 0 11.7
19811214 0.3 1.21 0 12.5
19811215 0.1 1.07 0 10
19811216 2.5 1.1 0 10.6
19811217 6.9 1.1 0 10.4
19811218 0 0.87 0 5.6
19811219 0.1 0.73 0 2.6
19811220 9.1 0.67 0.001 1.2
19811221 15.2 0.89 0.001 5.5
19811222 4.6 1.05 0.002 8.6
19811223 6 1.11 0.004 9.7
19811224 1.1 1.03 0.005 7.9
19811225 0 0.87 0.006 4.7
19811226 10.3 0.81 0.006 3.3
19811227 5.6 0.92 0.008 5.5
19811228 32.2 1.01 0.014 7.1
19811229 6.9 1.01 0.027 6.9
19811230 10.7 1.12 0.042 8.9
19811231 3.6 1.05 0.054 7.4
19820101 0.1 1 0.061 6.3
19820102 0 0.94 0.062 5.2
19820103 0 0.99 0.06 5.9
19820104 1.1 1.08 0.057 7.6
19820105 0.3 1.12 0.055 8.2
19820106 0 1.11 0.053 7.9
19820107 0 1.16 0.051 8.7
19820108 0 1.13 0.049 8
19820109 0 1.15 0.046 8.3
19820110 2.8 1.15 0.045 8
19820111 3.5 1.1 0.045 7
19820112 1.7 1.1 0.047 7
19820113 7.2 1.1 0.05 6.8
19820114 2.6 1.17 0.055 7.9
19820115 3.7 1.17 0.061 7.9
19820116 12.1 1.12 0.067 7
19820117 2.8 1.17 0.079 7.4
19820118 0.3 1.22 0.089 8
19820119 0.7 1.22 0.09 7.5
19820120 0 1.25 0.087 7.7
19820121 0 1.27 0.083 7.6
19820122 0 1.17 0.079 5.8
19820123 0 1.19 0.075 5.7
19820124 0 1.26 0.071 6.5
19820125 0 1.32 0.068 7.1
19820126 0 1.39 0.064 7.9
19820127 0 1.35 0.061 7
19820128 0 1.17 0.058 4.1
19820129 0 1.13 0.056 3.4
19820130 0 1.27 0.053 5.1
19820131 0.1 1.4 0.05 6.6
19820201 0 1.42 0.048 6.7
19820202 0 1.29 0.046 4.7
19820203 0 1.45 0.044 6.5
19820204 0 1.47 0.042 6.6
19820205 0 1.57 0.04 7.6
19820206 0 1.6 0.038 7.7
19820207 0 1.53 0.036 6.6
19820208 0 1.61 0.035 7.4
19820209 0 1.66 0.033 7.7
19820210 0 1.6 0.032 6.8
19820211 0 1.64 0.03 7.1
19820212 0 1.77 0.029 8.3
19820213 3.4 1.69 0.028 7.2
19820214 7 1.75 0.03 7.7
19820215 9.6 1.66 0.037 6.4
19820216 1.8 1.58 0.047 5.3
19820217 0.1 1.65 0.054 5.7
19820218 0.2 1.69 0.055 5.9
19820219 0.1 1.84 0.053 7.2
19820220 0.1 1.91 0.051 7.6
19820221 7.1 1.97 0.05 7.9
19820222 0.5 1.92 0.053 7.2
19820223 0.8 1.59 0.056 3.9
19820224 4.3 1.59 0.057 3.8
19820225 2.8 1.66 0.059 4.3
19820226 0.2 1.92 0.062 6.4
19820227 0 2.34 0.062 9.8
19820228 0.8 2.46 0.06 10.6
19820301 0 2.51 0.058 10.8
19820302 0 2.54 0.056 10.8
19820303 0 2.59 0.053 11
19820304 0 2.29 0.051 8.4
19820305 0 1.98 0.048 5.8
19820306 0 2.09 0.046 6.5
19820307 0 2.15 0.044 6.8
19820308 0 2.08 0.042 6.2
19820309 0 2.26 0.04 7.4
19820310 0 2.39 0.039 8.2
19820311 0 2.71 0.037 10.3
19820312 0 2.91 0.035 11.6
19820313 0 2.9 0.034 11.3
19820314 0 2.8 0.032 10.5
19820315 0 2.78 0.031 10.2
19820316 0 2.91 0.03 11.1
19820317 0 2.92 0.029 11
19820318 0 2.85 0.027 10.4
19820319 0 3 0.026 11.3
19820320 0 3.12 0.025 11.9
19820321 0 3.22 0.024 12.4
19820322 0 3.19 0.023 12.1
19820323 0 2.82 0.023 9.7
19820324 0.2 2.32 0.022 6.5
19820325 0.1 2.23 0.021 5.9
19820326 4.2 2.17 0.021 5.5
19820327 0.1 2.52 0.021 7.5
19820328 0.1 2.66 0.021 8.3
19820329 3.3 2.85 0.021 9.3
19820330 12.5 2.93 0.023 9.7
19820331 15.6 2.7 0.029 8.3
19820401 1.5 2.67 0.039 8.1
19820402 0 2.65 0.046 7.9
19820403 0 3.04 0.047 10
19820404 3.9 3.34 0.046 11.6
19820405 0.7 3.39 0.046 11.8
19820406 0 3.32 0.046 11.3
19820407 0 3.73 0.045 13.4
19820408 0 4.07 0.043 15.1
19820409 0 4.22 0.041 15.8
19820410 0 4.3 0.039 16.1
19820411 0 4.2 0.038 15.5
19820412 0.5 3.91 0.036 13.9
19820413 3 3.65 0.035 12.5
19820414 0.1 3.36 0.035 11
19820415 0.9 2.93 0.034 8.8
19820416 5.2 3.03 0.034 9.3
19820417 8.4 3.16 0.036 9.9
19820418 6.9 3.14 0.04 9.8
19820419 3.6 3.29 0.045 10.5
19820420 0 3.34 0.048 10.7
19820421 0 3.78 0.049 12.7
19820422 0 3.91 0.047 13.3
19820423 0 3.99 0.045 13.6
19820424 0 4.02 0.043 13.7
19820425 0 3.31 0.041 10.5
19820426 0.1 3.02 0.039 9.2
19820427 0 3.17 0.038 9.9
19820428 0 3.84 0.036 12.8
19820429 0 3.99 0.035 13.4
19820430 0.4 3.9 0.033 13
19820501 0 4.02 0.032 13.5
19820502 0 4.38 0.031 15
19820503 0 4.83 0.03 16.8
19820504 0.1 4.83 0.028 16.8
19820505 0 3.98 0.027 13.3
19820506 0 3.33 0.026 10.7
19820507 0 3.3 0.025 10.6
19820508 0 3.24 0.024 10.4
19820509 0 3.64 0.023 12
19820510 0.1 3.9 0.023 13
19820511 0 4.15 0.022 14
19820512 0 4.52 0.021 15.4
19820513 0 4.87 0.02 16.7
19820514 0.1 5.48 0.02 19
19820515 2.5 5.49 0.019 19
19820516 10.3 4.98 0.019 17.1
19820517 1.5 5.14 0.02 17.7
19820518 0.1 5.42 0.021 18.7
19820519 0 5.42 0.021 18.7
19820520 0.5 5.76 0.02 19.9
19820521 0 5.87 0.019 20.3
19820522 0 6.31 0.019 21.8
19820523 0 6.52 0.018 22.5
19820524 0 6.14 0.018 21.2
19820525 2.9 6.11 0.017 21.1
19820526 1.1 5.66 0.017 19.6
19820527 0.7 5.41 0.017 18.8
19820528 15.5 4.6 0.017 16.2
19820529 2.5 4.39 0.018 15.6
19820530 5.7 4.78 0.02 16.9
19820531 0.2 4.69 0.021 16.7
19820601 1.1 4.96 0.021 17.6
19820602 22.2 5.26 0.023 18.6
19820603 8.2 4.59 0.028 16.6
19820604 0.2 4.66 0.034 16.9
19820605 0 5.53 0.037 19.6
19820606 0 6.04 0.036 21.2
19820607 0 6.43 0.035 22.4
19820608 3.6 6.93 0.034 23.9
19820609 0.2 6.95 0.033 24
19820610 0 7.01 0.033 24.2
19820611 0 6.4 0.032 22.5
19820612 0 5.39 0.03 19.7
19820613 0 5.68 0.029 20.6
19820614 0 6.16 0.028 22
19820615 0 6.72 0.027 23.6
19820616 0.1 7.28 0.026 25.2
19820617 0 6.94 0.025 24.3
19820618 0 6.15 0.024 22.2
19820619 0 6.35 0.023 22.8
19820620 0 6.59 0.022 23.5
19820621 0 6.72 0.021 23.9
19820622 0.1 6.52 0.02 23.4
19820623 0 6.32 0.02 22.9
19820624 0 6.67 0.019 23.9
19820625 0 6.2 0.018 22.7
19820626 0 5.77 0.017 21.6
19820627 0 5.46 0.017 20.8
19820628 0 6.44 0.016 23.5
19820629 0 7.32 0.016 25.9
19820630 0.1 7.76 0.015 27.1
19820701 0 7.85 0.015 27.4
19820702 1.9 7.72 0.014 27.1
19820703 16.9 5.21 0.014 20.5
19820704 0.1 5.8 0.014 22.1
19820705 0 7.22 0.015 25.9
19820706 0.4 8.23 0.014 28.6
19820707 0.7 8.63 0.014 29.7
19820708 0 8.5 0.013 29.4
19820709 0 7.76 0.013 27.5
19820710 0 8.16 0.013 28.6
19820711 0 7.57 0.012 27.1
19820712 0 7.05 0.012 25.8
19820713 0 6.03 0.011 23.2
19820714 0 5.89 0.011 22.9
19820715 0 6.37 0.011 24.2
19820716 0 6.72 0.01 25.1
19820717 0 6.67 0.01 25
19820718 0 6.85 0.01 25.5
19820719 0 6.95 0.009 25.8
19820720 0 6.32 0.009 24.2
19820721 0 6.12 0.009 23.7
19820722 0 6.18 0.008 23.9
19820723 0 6.44 0.008 24.6
19820724 0 6.46 0.008 24.7
19820725 0 6.82 0.008 25.7
19820726 0 6.99 0.007 26.2
19820727 0 6.79 0.007 25.7
19820728 0.1 6.18 0.007 24.1
19820729 0.5 5.51 0.007 22.3
19820730 0.2 4.99 0.007 20.9
19820731 0 5.2 0.006 21.5
19820801 1.5 5.11 0.006 21.3
19820802 0 4.38 0.006 19.3
19820803 0 5.13 0.006 21.4
19820804 0 5.77 0.006 23.2
19820805 0 6.22 0.006 24.5
19820806 0 6.49 0.005 25.3
19820807 0 5.87 0.005 23.6
19820808 0 5.44 0.005 22.4
19820809 0 5.6 0.005 22.9
19820810 0 5.93 0.005 23.9
19820811 0 6.27 0.005 24.9
19820812 0 6.74 0.004 26.3
19820813 0 6.89 0.004 26.8
19820814 0.1 6.84 0.004 26.7
19820815 0 6.34 0.004 25.3
19820816 0 6.44 0.004 25.6
19820817 0 6.69 0.004 26.4
19820818 0 6.87 0.004 27
19820819 0 7.21 0.004 28.1
19820820 0.5 7.12 0.003 27.9
19820821 0 6.44 0.003 25.9
19820822 0 6.35 0.003 25.7
19820823 0 6.14 0.003 25.1
19820824 0 6.02 0.003 24.8
19820825 0 6.03 0.003 24.9
19820826 0.3 5.85 0.003 24.4
19820827 2.6 5.37 0.003 22.9
19820828 0.1 4.96 0.002 21.6
19820829 0 5.28 0.002 22.7
19820830 0 5.58 0.002 23.8
19820831 0 5.44 0.002 23.4
19820901 0 4.35 0.002 19.7
19820902 0 4.37 0.002 19.8
19820903 0 4.63 0.002 20.8
19820904 0.2 4.51 0.002 20.4
19820905 0 4.62 0.002 20.9
19820906 0 4.98 0.002 22.3
19820907 0 4.69 0.002 21.3
19820908 0 4.8 0.002 21.8
19820909 0 4.98 0.002 22.6
19820910 5.5 4.92 0.001 22.5
19820911 1.3 4.56 0.001 21.2
19820912 0.2 4.56 0.001 21.3
19820913 0 4.56 0.001 21.4
19820914 0 4.46 0.001 21.1
19820915 0.1 4.21 0.001 20.2
19820916 0.6 4.07 0.001 19.7
19820917 0 4.31 0.001 20.8
19820918 0.2 4.4 0.001 21.3
19820919 2.2 4.31 0.001 21
19820920 1.5 3.95 0.001 19.5
19820921 0 3.8 0.001 18.9
19820922 0 3.67 0.001 18.4
19820923 0 3.63 0.001 18.3
19820924 0.4 3.46 0.001 17.6
19820925 8.2 3.38 0.001 17.3
19820926 0.1 2.81 0.001 14.6
19820927 0 2.7 0.001 14.1
19820928 0.2 3.1 0.001 16.2
19820929 0.9 3.21 0.001 16.9
19820930 0.1 3.01 0.001 16
19821001 0 3.05 0.001 16.3
19821002 0 3.2 0.001 17.3
19821003 0 3.17 0.001 17.3
19821004 0 3.08 0.001 17
19821005 0 3 0.001 16.7
19821006 0 2.52 0.001 14
19821007 0 2.16 0 11.9
19821008 0 2.17 0 12.1
19821009 0.1 2.37 0 13.5
19821010 0 2.49 0 14.5
19821011 0 2.37 0 13.9
19821012 0.1 2.5 0 15
19821013 3.9 2.53 0 15.5
19821014 0 2.07 0 12.4
19821015 0 1.91 0 11.4
19821016 0.1 1.99 0 12
19821017 1.3 2.2 0 13.6
19821018 20.3 2.05 0.001 12.5
19821019 18.3 1.81 0.002 10.7
19821020 49.6 1.89 0.009 11.3
19821021 2.2 2.02 0.026 12.4
19821022 2.6 1.96 0.041 12
19821023 0 1.62 0.046 9.2
19821024 0 1.52 0.045 8.4
19821025 0 1.68 0.043 9.8
19821026 0 1.88 0.041 11.6
19821027 0 2 0.039 12.8
19821028 0 2.04 0.037 13.3
19821029 0 1.92 0.035 12.3
19821030 0 1.92 0.033 12.4
19821031 0.3 1.98 0.032 13.1
19821101 0.1 1.95 0.031 13
19821102 0 1.94 0.029 13.1
19821103 0.2 1.95 0.028 13.4
19821104 0.1 1.96 0.027 13.7
19821105 0.1 1.83 0.026 12.5
19821106 26.3 1.77 0.029 12.1
19821107 30.6 1.68 0.048 11.3
19821108 5.9 1.62 0.085 10.8
19821109 0 1.51 0.115 9.8
19821110 0 1.41 0.122 8.8
19821111 0 1.33 0.117 8
19821112 0.2 1.31 0.111 8
19821113 5.6 1.39 0.107 9.2
19821114 0.2 1.32 0.107 8.6
19821115 0.5 1.16 0.108 6.7
19821116 0 1.05 0.104 5.2
19821117 0 1.2 0.099 7.4
19821118 0 1.17 0.094 7
19821119 0 1.19 0.09 7.4
19821120 0 1.19 0.085 7.5
19821121 0 1.2 0.081 7.7
19821122 0 1.24 0.077 8.5
19821123 0 1.25 0.073 8.7
19821124 0 1.23 0.069 8.5
19821125 18.8 1.26 0.072 9.1
19821126 4.6 1.04 0.089 5.9
19821127 6.8 0.88 0.11 3.5
19821128 0 1.01 0.124 5.6
19821129 0.1 0.91 0.127 4.1
19821130 0.6 0.78 0.123 2.1
19821201 0.4 0.76 0.117 1.9
19821202 0.3 0.78 0.112 2.2
19821203 0 0.87 0.108 3.9
19821204 0 0.84 0.103 3.4
19821205 0 0.88 0.097 4.3
19821206 0.1 0.99 0.093 6.3
19821207 0.5 1.05 0.088 7.7
19821208 5.1 1.05 0.086 7.9
19821209 0.4 1.06 0.089 8.2
19821210 0.9 1.11 0.091 9.5
19821211 0 0.95 0.09 6.5
19821212 3.1 0.95 0.088 6.8
19821213 1.1 0.93 0.088 6.5
19821214 0 0.79 0.089 4
19821215 0 0.79 0.086 4
19821216 0.1 0.87 0.083 5.7
19821217 2 0.85 0.079 5.3
19821218 0 0.76 0.078 3.3
19821219 0 0.74 0.076 2.7
19821220 5.5 0.79 0.076 3.7
19821221 1.2 0.84 0.079 4.6
19821222 0.5 0.73 0.083 2.2
19821223 0.5 0.72 0.083 1.8
19821224 0.2 0.8 0.08 3.4
19821225 0 0.87 0.077 4.7
19821226 0 0.9 0.074 5.1
19821227 0 0.92 0.071 5.4
19821228 0 0.91 0.067 5.1
19821229 0.2 0.86 0.064 4.1
19821230 0 0.84 0.062 3.5
19821231 0.2 0.77 0.059 2.1
19830101 0 0.75 0.057 1.5
19830102 0 0.74 0.055 1.3
19830103 0 0.81 0.052 2.5
19830104 0 0.86 0.05 3.4
19830105 0 0.93 0.048 4.6
19830106 0 0.93 0.046 4.4
19830107 0.1 0.93 0.044 4.3
19830108 0 0.98 0.042 5.1
19830109 0 0.87 0.041 3
19830110 0 0.91 0.039 3.7
19830111 0 0.86 0.038 2.6
19830112 0 0.86 0.036 2.6
19830113 0 0.91 0.035 3.4
19830114 0 0.99 0.033 4.7
19830115 0 1 0.032 4.7
19830116 0 1.06 0.031 5.9
19830117 0 1.12 0.03 6.6
19830118 0 1.11 0.029 6
19830119 0 1.1 0.028 5.6
19830120 0 1.02 0.027 3.9
19830121 0 0.99 0.026 3.2
19830122 0 1.05 0.025 3.8
19830123 0 1.1 0.025 4.4
19830124 0 1.2 0.024 5.6
19830125 0 1.28 0.023 6.5
19830126 0 1.4 0.022 8
19830127 0 1.41 0.022 7.9
19830128 0 1.45 0.021 8.2
19830129 0 1.5 0.021 8.5
19830130 0 1.55 0.02 8.9
19830131 0 1.54 0.019 8.5
19830201 0 1.54 0.019 8.2
19830202 0 1.47 0.019 7.1
19830203 0 1.43 0.018 6.3
19830204 0 1.42 0.018 5.9
19830205 0 1.54 0.017 7.2
19830206 0 1.46 0.017 6
19830207 0.1 1.29 0.016 3.7
19830208 0.8 1.14 0.016 1.7
19830209 0.1 0.97 0.016 -0.5
19830210 0.1 0.88 0.016 -1.6
19830211 1.2 0.88 0.016 -1.8
19830212 2.1 0.87 0.016 -1.9
19830213 0.2 0.7 0.016 -4
19830214 1.2 0.69 0.015 -4.1
19830215 1.1 0.85 0.015 -2.4
19830216 0.1 1.07 0.015 -0.2
19830217 0.1 1.12 0.014 0.2
19830218 0 1.49 0.015 3.9
19830219 0 1.71 0.016 5.9
19830220 0 1.74 0.017 5.9
19830221 0.1 1.93 0.017 7.6
19830222 0.1 2.14 0.017 9.3
19830223 0 2.36 0.016 11.1
19830224 0 2.37 0.016 10.9
19830225 6.3 2.47 0.017 11.5
19830226 0.1 2.44 0.019 10.9
19830227 0 2.2 0.022 8.6
19830228 0 2.28 0.022 9.1
19830301 0 2.38 0.021 9.7
19830302 0 2.58 0.021 11.1
19830303 0 2.52 0.02 10.4
19830304 0 2.56 0.02 10.5
19830305 0 2.57 0.019 10.4
19830306 0 2.42 0.018 9
19830307 0 2.4 0.018 8.7
19830308 0 2.65 0.018 10.4
19830309 0 2.95 0.017 12.4
19830310 0 2.95 0.017 12.2
19830311 0 2.93 0.016 11.9
19830312 0 3.06 0.016 12.6
19830313 0 3.26 0.016 13.8
19830314 0 3.24 0.015 13.5
19830315 0 2.67 0.015 9.5
19830316 0 2.39 0.015 7.6
19830317 0 2.8 0.014 10.2
19830318 0 3.09 0.014 12
19830319 0 3.33 0.014 13.4
19830320 0.7 3.45 0.013 14
19830321 0.8 3.66 0.013 15.2
19830322 2.1 3.62 0.013 14.8
19830323 7.5 3.47 0.014 13.7
19830324 2.9 3.17 0.016 11.7
19830325 0 2.3 0.018 6.3
19830326 0 2.62 0.018 8.2
19830327 4.5 2.67 0.019 8.4
19830328 0.1 2.37 0.019 6.6
19830329 0 2.4 0.02 6.7
19830330 0 2.39 0.019 6.6
19830331 0.5 2.87 0.019 9.3
19830401 0.8 2.78 0.018 8.7
19830402 0 2.36 0.018 6.3
19830403 0 2.35 0.018 6.2
19830404 0 2.76 0.017 8.4
19830405 0 3.08 0.017 10.1
19830406 0 3.13 0.017 10.3
19830407 0 3.22 0.016 10.7
19830408 0 3.61 0.016 12.7
19830409 0 4.03 0.015 14.8
19830410 0 4.26 0.015 15.9
19830411 0 3.97 0.015 14.3
19830412 0 3.24 0.014 10.5
19830413 0 3.39 0.014 11.2
19830414 0 3.7 0.014 12.7
19830415 0 4 0.013 14.1
19830416 0.8 3.95 0.013 13.8
19830417 2.1 3.97 0.013 13.8
19830418 2.1 3.48 0.013 11.4
19830419 0.8 3.1 0.013 9.6
19830420 5 3.21 0.013 10.1
19830421 0.3 2.87 0.014 8.5
19830422 3.2 3.09 0.014 9.5
19830423 1.8 2.87 0.014 8.5
19830424 8.9 3.02 0.015 9.2
19830425 6.3 2.93 0.017 8.8
19830426 0.3 3.02 0.019 9.2
19830427 0 3.15 0.02 9.8
19830428 0 3.49 0.02 11.3
19830429 0.1 3.57 0.02 11.6
19830430 2.4 3.52 0.019 11.4
19830501 0.1 3.28 0.019 10.4
19830502 0 3.28 0.019 10.4
19830503 0 3.81 0.018 12.6
19830504 0.9 4.2 0.018 14.2
19830505 0.2 4.55 0.018 15.6
19830506 0 4.73 0.017 16.3
19830507 0 4.99 0.017 17.3
19830508 0 4.92 0.016 17
19830509 0 4.8 0.016 16.5
19830510 0 4.62 0.015 15.8
19830511 0 3.68 0.015 12.2
19830512 0 3.99 0.015 13.4
19830513 0.9 4.07 0.014 13.7
19830514 0.5 3.91 0.014 13.1
19830515 0.5 3.23 0.014 10.6
19830516 3.1 3.06 0.014 10
19830517 0.5 3.29 0.013 10.9
19830518 0 3.93 0.013 13.3
19830519 0 4.22 0.013 14.4
19830520 0 3.98 0.013 13.6
19830521 1.2 2.82 0.013 9.6
19830522 0 3.16 0.012 10.9
19830523 0 3.72 0.012 12.9
19830524 0 3.96 0.012 13.8
19830525 0 4.32 0.012 15.1
19830526 0 4.94 0.011 17.2
19830527 0 5.16 0.011 18
19830528 0 5.18 0.011 18.1
19830529 0 5.29 0.011 18.5
19830530 0 5.28 0.01 18.5
19830531 0.1 5.26 0.01 18.5
19830601 0 4.73 0.01 16.9
19830602 0 5.26 0.01 18.6
19830603 0 6.12 0.009 21.3
19830604 0 6.99 0.009 24
19830605 0 6.69 0.009 23.1
19830606 0 7.15 0.009 24.5
19830607 0 7.18 0.009 24.6
19830608 0.1 7.14 0.008 24.5
19830609 0.1 7.4 0.008 25.3
19830610 0.4 8.12 0.008 27.4
19830611 0 8.12 0.008 27.4
19830612 0 7.98 0.008 27
19830613 0 6.97 0.007 24.2
19830614 0 6.88 0.007 24
19830615 0 7.01 0.007 24.4
19830616 0 7.35 0.007 25.4
19830617 0 7.37 0.007 25.5
19830618 0.1 6.41 0.007 22.9
19830619 0.3 5.69 0.006 21
19830620 1.6 5.12 0.006 19.5
19830621 2.3 5.51 0.006 20.6
19830622 7.3 5.34 0.006 20.2
19830623 4.7 5.06 0.006 19.5
19830624 0.2 5.18 0.006 19.9
19830625 0 5.61 0.006 21.1
19830626 0 5.89 0.006 21.9
19830627 0.5 5.87 0.006 21.9
19830628 0.1 5.96 0.006 22.2
19830629 0 6.42 0.006 23.5
19830630 0.1 6.86 0.006 24.7
19830701 0 6.88 0.006 24.8
19830702 0.5 7.12 0.006 25.5
19830703 0.1 6.42 0.005 23.7
19830704 0 5.99 0.005 22.6
19830705 0.1 6.38 0.005 23.7
19830706 0.3 6.33 0.005 23.6
19830707 0 6.19 0.005 23.3
19830708 0 6.44 0.005 24
19830709 0 7.03 0.005 25.6
19830710 0 7.39 0.005 26.6
19830711 0 7.49 0.004 26.9
19830712 0 7.63 0.004 27.3
19830713 0 7.88 0.004 28
19830714 0 7.67 0.004 27.5
19830715 0 7.15 0.004 26.2
19830716 0 6.76 0.004 25.2
19830717 0 6.44 0.004 24.4
19830718 0 6.5 0.004 24.6
19830719 0 6.87 0.004 25.6
19830720 0 6.93 0.003 25.8
19830721 0.1 7.07 0.003 26.2
19830722 0 6.83 0.003 25.6
19830723 0 6.55 0.003 24.9
19830724 0 6.8 0.003 25.6
19830725 0 6.67 0.003 25.3
19830726 0 6.25 0.003 24.2
19830727 0 5.83 0.003 23.1
19830728 0 6.22 0.003 24.2
19830729 0 6.94 0.003 26.2
19830730 0 7.36 0.002 27.4
19830731 0 6.69 0.002 25.6
19830801 0 6.31 0.002 24.6
19830802 0.4 6.88 0.002 26.2
19830803 1.5 7.04 0.002 26.7
19830804 3.7 6.84 0.002 26.2
19830805 0.2 6.68 0.002 25.8
19830806 0 6.59 0.002 25.6
19830807 0 6.58 0.002 25.6
19830808 0.2 5.79 0.002 23.4
19830809 0 5.25 0.002 21.9
19830810 0 5.38 0.002 22.3
19830811 0 5.23 0.002 21.9
19830812 0 5.11 0.001 21.6
19830813 0 5.31 0.001 22.2
19830814 0 5.43 0.001 22.6
19830815 0 5.59 0.001 23.1
19830816 0 5.01 0.001 21.4
19830817 0 5.01 0.001 21.4
19830818 0.1 5.44 0.001 22.7
19830819 0 5.46 0.001 22.8
19830820 0 5.35 0.001 22.5
19830821 0 5.53 0.001 23.1
19830822 4.8 5.39 0.001 22.7
19830823 1.4 4.49 0.001 19.9
19830824 0 4.51 0.001 20
19830825 0 5.04 0.001 21.7
19830826 2.2 4.96 0.001 21.5
19830827 6.1 4.64 0.001 20.5
19830828 0 4.72 0.001 20.8
19830829 0 5.04 0.001 21.9
19830830 0 5.31 0.001 22.9
19830831 16.5 5.58 0.001 23.9
19830901 0.4 4.41 0.001 19.9
19830902 0 4.79 0.001 21.3
19830903 0 5.14 0.001 22.6
19830904 0 5.36 0.001 23.5
19830905 0 5.64 0.001 24.6
19830906 0 5.74 0.001 25.1
19830907 0 5.76 0.001 25.3
19830908 0 5.88 0.001 25.9
19830909 0 5.81 0.001 25.8
19830910 0 4.95 0.001 22.6
19830911 0 4.34 0.001 20.3
19830912 0 4.24 0.001 20
19830913 0 4.51 0.001 21.2
19830914 0 4.75 0.001 22.3
19830915 0 4.86 0.001 22.9
19830916 0 4.36 0.001 20.9
19830917 0 4.41 0.001 21.2
19830918 0 4.54 0.001 21.9
19830919 0.1 4.83 0.001 23.3
19830920 0 4.84 0 23.5
19830921 0 4.91 0 24
19830922 0 5 0 24.6
19830923 0 4.91 0 24.4
19830924 0 4.91 0 24.6
19830925 0 4.95 0 25
19830926 0 4.8 0 24.5
19830927 0 4.44 0 22.9
19830928 0 3.99 0 20.8
19830929 1.4 3.8 0 20
19830930 0.2 3.65 0 19.4
19831001 0 3.52 0 18.9
19831002 0 3.59 0 19.5
19831003 0 3.59 0 19.7
19831004 0 3.48 0 19.3
19831005 0 3.52 0 19.8
19831006 0 3.59 0 20.5
19831007 0 3.55 0 20.5
19831008 0 3.26 0 19
19831009 0 3.25 0 19.2
19831010 0 3.23 0 19.4
19831011 0 3.02 0 18.3
19831012 0 2.96 0 18.2
19831013 0.3 2.91 0 18.2
19831014 0 2.71 0 17.1
19831015 0 2.42 0 15.2
19831016 0 2.28 0 14.2
19831017 0 2.37 0 14.9
19831018 0 2.15 0 13.3
19831019 0 2.45 0 15.7
19831020 0 2.55 0 16.6
19831021 0 2.54 0 16.7
19831022 0 2.53 0 16.7
19831023 0 2.36 0 15.4
19831024 0 2.24 0 14.5
19831025 0 2.06 0 13.1
19831026 0 2.11 0 13.6
19831027 0.1 2.2 0 14.6
19831028 0.5 2.16 0 14.4
19831029 0.6 2.02 0 13.2
19831030 0.1 1.55 0 8.9
19831031 0 1.38 0 7.3
19831101 0 1.55 0 9.1
19831102 1.2 1.65 0 10.2
19831103 6 1.67 0 10.5
19831104 2.4 1.77 0 11.7
19831105 3.3 1.77 0 11.9
19831106 1.7 1.86 0 13.1
19831107 0.6 1.84 0 13.1
19831108 0.2 1.83 0 13.2
19831109 4.2 1.76 0 12.7
19831110 0.2 1.62 0.001 11.3
19831111 0 1.57 0.001 11
19831112 0.3 1.62 0.001 11.9
19831113 0.6 1.57 0.001 11.6
19831114 6.1 1.52 0.001 11.2
19831115 9.9 1.42 0.001 10.2
19831116 8.3 1.49 0.002 11.3
19831117 6 1.45 0.003 10.8
19831118 0.5 1.41 0.004 10.4
19831119 2.6 1.39 0.005 10.3
19831120 8 1.47 0.006 11.6
19831121 5.5 1.57 0.008 13.1
19831122 13.2 1.55 0.011 13.1
19831123 0.4 1.49 0.015 12.3
19831124 0 1.46 0.017 12
19831125 0 1.35 0.018 10.6
19831126 0 1.36 0.017 10.8
19831127 0 1.36 0.016 11
19831128 0.1 1.32 0.015 10.6
19831129 0 1.27 0.015 10
19831130 0 1.29 0.014 10.4
19831201 0.5 1.21 0.014 9.3
19831202 0.3 1.1 0.013 7.6
19831203 0 1.05 0.013 6.9
19831204 0 0.89 0.012 4.3
19831205 0 0.88 0.012 4.3
19831206 0 0.88 0.011 4.4
19831207 0.3 0.89 0.011 4.8
19831208 0.2 0.84 0.01 3.9
19831209 1.7 0.83 0.01 3.9
19831210 0 0.86 0.01 4.6
19831211 0.1 0.78 0.01 3.2
19831212 0 0.84 0.01 4.6
19831213 0.1 0.79 0.009 3.7
19831214 3.6 0.75 0.009 3
19831215 7.8 0.83 0.01 4.9
19831216 2.7 0.84 0.013 5.2
19831217 2.1 0.84 0.016 5.1
19831218 17.8 0.91 0.02 6.4
19831219 3.5 0.92 0.027 6.5
19831220 25.1 0.97 0.041 7.4
19831221 1.6 0.93 0.06 6.4
19831222 0.3 0.98 0.075 7.3
19831223 0.5 1.04 0.078 8.3
19831224 0.2 0.95 0.075 6.4
19831225 0 0.96 0.072 6.4
19831226 0 1.05 0.068 8.1
19831227 0 1.07 0.065 8.3
19831228 0.2 1.1 0.062 8.8
19831229 0.3 1.07 0.059 8.1
19831230 0 1 0.056 6.7
19831231 0 0.99 0.054 6.4
19840101 0 0.97 0.051 5.8
19840102 0.1 0.83 0.049 3
19840103 1.6 0.83 0.047 2.9
19840104 0.2 0.88 0.046 3.7
19840105 0 0.84 0.045 2.9
19840106 0.1 0.9 0.043 4
19840107 2.5 1.01 0.042 5.8
19840108 9.8 1.03 0.044 6.2
19840109 0.5 0.88 0.051 3.2
19840110 0.1 0.74 0.056 0.6
19840111 0 0.77 0.056 0.9
19840112 0 0.87 0.054 2.8
19840113 0 0.96 0.051 4.2
19840114 0 0.93 0.049 3.6
19840115 0 1 0.046 4.8
19840116 0 0.98 0.044 4.4
19840117 0 0.99 0.042 4.2
19840118 0.2 1.05 0.04 5
19840119 1.1 1.17 0.039 6.7
19840120 2.3 1.28 0.038 8.2
19840121 3.4 1.3 0.04 8.1
19840122 0.8 1.34 0.042 8.4
19840123 0.6 1.33 0.044 8
19840124 0.1 1.31 0.044 7.3
19840125 0 1.2 0.042 5.3
19840126 0.4 1.2 0.04 5.1
19840127 0 1.1 0.039 3.4
19840128 0 1.08 0.037 2.8
19840129 0.4 1.12 0.036 3.2
19840130 2.6 1.2 0.035 4.1
19840131 0.5 1.33 0.036 5.7
19840201 1.6 1.42 0.037 6.7
19840202 0.4 1.32 0.037 5.1
19840203 0 1.39 0.037 5.8
19840204 0 1.48 0.036 6.7
19840205 0 1.56 0.034 7.5
19840206 0 1.6 0.033 7.7
19840207 0 1.61 0.031 7.6
19840208 0 1.76 0.03 9.2
19840209 0 1.76 0.029 9
19840210 0 1.48 0.027 5.4
19840211 0 1.49 0.026 5.3
19840212 0 1.47 0.025 4.9
19840213 0 1.41 0.024 4.1
19840214 0 1.31 0.023 2.8
19840215 0 1.33 0.022 2.8
19840216 0 1.41 0.022 3.5
19840217 0 1.54 0.021 4.6
19840218 0.4 1.62 0.02 5.2
19840219 0.3 1.78 0.019 6.6
19840220 0 1.73 0.019 5.8
19840221 0.6 1.78 0.019 6.1
19840222 0.7 1.7 0.018 5.1
19840223 1.7 1.73 0.018 5.2
19840224 0.7 1.55 0.019 3.4
19840225 0.2 1.35 0.019 1.5
19840226 1.3 1.36 0.019 1.5
19840227 19.3 1.47 0.023 2.3
19840228 8.1 1.7 0.034 4.2
19840229 1 1.67 0.049 3.9
19840301 0.2 1.63 0.056 3.5
19840302 0 1.67 0.055 3.7
19840303 0 1.86 0.053 5.1
19840304 0 1.86 0.051 5
19840305 0 1.9 0.048 5.2
19840306 0 2.05 0.046 6.2
19840307 0 2.17 0.044 7
19840308 0 2.32 0.042 8
19840309 0 2.08 0.04 6.1
19840310 0 1.7 0.039 3.2
19840311 0.1 1.61 0.037 2.5
19840312 0 1.84 0.035 4.1
19840313 5.1 1.94 0.035 4.7
19840314 4.5 1.82 0.037 3.8
19840315 8.3 1.63 0.042 2.5
19840316 4.9 1.74 0.05 3.2
19840317 1.3 1.97 0.058 4.7
19840318 0.1 2.11 0.061 5.6
19840319 3 2.17 0.061 5.9
19840320 6.2 2.45 0.062 7.6
19840321 4.3 2.63 0.067 8.7
19840322 6.5 2.62 0.074 8.5
19840323 1 2.55 0.081 8
19840324 6.5 2.73 0.087 9
19840325 2.3 2.67 0.092 8.6
19840326 0.2 2.42 0.095 7
19840327 0.3 2.63 0.094 8.2
19840328 5.9 2.71 0.093 8.6
19840329 0.8 2.66 0.094 8.2
19840330 0.5 3.16 0.095 11
19840331 8.8 3.35 0.096 12
19840401 0.5 3.03 0.1 10.1
19840402 0.3 3.17 0.104 10.8
19840403 2.1 3.54 0.102 12.8
19840404 0.2 3.45 0.099 12.2
19840405 0 3.14 0.096 10.4
19840406 0 3.3 0.092 11.2
19840407 0 3.59 0.088 12.7
19840408 0 3.91 0.083 14.3
19840409 0 4.22 0.079 15.8
19840410 0 4.18 0.075 15.5
19840411 0 4.14 0.072 15.2
19840412 4.3 3.99 0.069 14.3
19840413 7 3.77 0.07 13.1
19840414 9 3.16 0.075 10
19840415 2.4 3.23 0.082 10.3
19840416 0.1 3.5 0.087 11.6
19840417 0 3.49 0.086 11.5
19840418 0 3.77 0.082 12.8
19840419 0 4.16 0.078 14.6
19840420 0 4.41 0.074 15.7
19840421 0 4.25 0.071 14.9
19840422 0 4.37 0.068 15.4
19840423 0.9 4.69 0.065 16.8
19840424 1.2 4.53 0.062 16
19840425 0.3 4.59 0.06 16.2
19840426 0 4.42 0.058 15.4
19840427 1.1 4.43 0.056 15.4
19840428 4.3 4.51 0.055 15.7
19840429 15.4 3.66 0.056 12
19840430 5.4 3.59 0.063 11.7
19840501 7.7 3.45 0.071 11.1
19840502 4.2 3.08 0.078 9.6
19840503 1.6 3.25 0.082 10.3
19840504 0.2 3.32 0.083 10.6
19840505 3.9 3.81 0.082 12.6
19840506 1.7 3.93 0.081 13.1
19840507 7.2 3.93 0.082 13.1
19840508 4.5 3.62 0.085 11.9
19840509 2 3.52 0.089 11.5
19840510 0.9 3.43 0.09 11.2
19840511 0.3 3.22 0.089 10.4
19840512 0.5 3.18 0.086 10.3
19840513 15.4 3.33 0.086 10.9
19840514 5.5 3.05 0.094 9.9
19840515 2.8 2.55 0.105 8.1
19840516 2.1 2.77 0.11 8.9
19840517 5.5 2.77 0.111 9
19840518 2.5 2.58 0.113 8.4
19840519 1.5 2.63 0.115 8.7
19840520 6.1 2.85 0.116 9.6
19840521 5.8 2.82 0.119 9.6
19840522 2.8 2.21 0.126 7.6
19840523 0.7 2.44 0.129 8.5
19840524 4.9 2.9 0.129 10.2
19840525 0.1 3.22 0.129 11.4
19840526 0.3 3.34 0.127 11.9
19840527 0.1 3.64 0.123 13
19840528 0.1 3.92 0.117 14
19840529 1.7 3.83 0.112 13.8
19840530 0.1 3.96 0.108 14.3
19840531 0 4.15 0.104 15
19840601 0 3.93 0.099 14.4
19840602 0.9 3.58 0.095 13.4
19840603 2.1 2.34 0.091 9.7
19840604 3.4 2.95 0.09 11.7
19840605 0.5 2.94 0.089 11.8
19840606 0.1 3.03 0.088 12.2
19840607 0.2 3.52 0.085 13.8
19840608 0 4.2 0.081 15.9
19840609 0 4.78 0.078 17.7
19840610 0.1 5.27 0.074 19.2
19840611 0 5.52 0.071 20
19840612 0 5.53 0.068 20.1
19840613 0 5.47 0.065 20
19840614 0 5.58 0.062 20.4
19840615 0.2 5.92 0.059 21.4
19840616 1.8 6.15 0.057 22.1
19840617 2.5 6.06 0.056 21.9
19840618 1.3 5.27 0.055 19.8
19840619 0 5.44 0.054 20.3
19840620 0 5.86 0.052 21.5
19840621 0 5.69 0.05 21.1
19840622 0 5.93 0.048 21.8
19840623 0 6.46 0.046 23.3
19840624 0 6.78 0.045 24.2
19840625 0 6.65 0.043 23.9
19840626 0 6.71 0.041 24.1
19840627 0 6.61 0.04 23.9
19840628 0 6.29 0.038 23.1
19840629 0 6.12 0.037 22.7
19840630 0 6.44 0.036 23.6
19840701 0 6.24 0.035 23.1
19840702 0 6.22 0.033 23.1
19840703 0 6.73 0.032 24.5
19840704 0 6.86 0.031 24.9
19840705 0 6.95 0.03 25.2
19840706 0 7.09 0.029 25.6
19840707 0 7.33 0.029 26.3
19840708 0 7.39 0.028 26.5
19840709 0 7.49 0.027 26.8
19840710 0 7.43 0.026 26.7
19840711 0 6.61 0.025 24.6
19840712 0 5.89 0.025 22.8
19840713 0 6.61 0.024 24.7
19840714 0 7.32 0.023 26.6
19840715 0 7.46 0.023 27
19840716 0 7.46 0.022 27
19840717 0 7.21 0.022 26.4
19840718 0 7.16 0.021 26.3
19840719 0 7.45 0.02 27.1
19840720 0 7.62 0.02 27.6
19840721 0 7.45 0.02 27.2
19840722 0 7.7 0.019 27.9
19840723 0 8.24 0.019 29.4
19840724 0 8 0.018 28.8
19840725 0 7.46 0.018 27.4
19840726 0 6.81 0.017 25.7
19840727 0 6.83 0.017 25.8
19840728 0 7 0.017 26.3
19840729 0 7.2 0.016 26.9
19840730 0 7.15 0.016 26.8
19840731 0 6.25 0.016 24.4
19840801 0 6.2 0.015 24.3
19840802 0 6.8 0.015 26
19840803 0 7 0.015 26.6
19840804 0 6.38 0.015 24.9
19840805 0 6.08 0.014 24.1
19840806 0 6.2 0.014 24.5
19840807 0 6.4 0.014 25.1
19840808 0 5.65 0.014 23
19840809 0 4.34 0.013 19.3
19840810 0 4.57 0.013 20
19840811 1.4 5.12 0.013 21.6
19840812 0.1 5.35 0.013 22.3
19840813 0.2 5.75 0.013 23.5
19840814 0 5.84 0.012 23.8
19840815 0 5.76 0.012 23.6
19840816 0 5.66 0.012 23.3
19840817 0 5.61 0.012 23.2
19840818 0 5.84 0.012 23.9
19840819 0 5.89 0.011 24.1
19840820 0 5.91 0.011 24.2
19840821 0 5.47 0.011 22.9
19840822 3.5 4.94 0.011 21.3
19840823 0.1 4.2 0.011 19
19840824 0 4.55 0.011 20.1
19840825 0 5.1 0.011 21.9
19840826 0 5.45 0.01 23.1
19840827 0.4 5.43 0.01 23.1
19840828 0 5.02 0.01 21.8
19840829 0 5.16 0.01 22.3
19840830 0 5.31 0.01 22.9
19840831 0 5.7 0.01 24.3
19840901 0 6.07 0.01 25.7
19840902 0 6.18 0.01 26.2
19840903 0 5.84 0.009 25.1
19840904 0 5.47 0.009 23.9
19840905 1 5.12 0.009 22.7
19840906 0 4.28 0.009 19.7
19840907 5 4.16 0.009 19.3
19840908 0 4.4 0.009 20.3
19840909 0 4.62 0.009 21.2
19840910 0 4.59 0.009 21.2
19840911 0.2 4.54 0.009 21.1
19840912 0 4.49 0.009 21
19840913 0 4.58 0.009 21.5
19840914 0 4.65 0.008 21.9
19840915 0 4.62 0.008 21.9
19840916 0 4.24 0.008 20.4
19840917 0 3.92 0.008 19.1
19840918 0 3.95 0.008 19.3
19840919 0 3.59 0.008 17.8
19840920 0 3.77 0.008 18.7
19840921 0 4.02 0.008 19.9
19840922 0 3.97 0.008 19.8
19840923 0.1 3.9 0.008 19.6
19840924 0 3.48 0.008 17.7
19840925 0 2.91 0.008 15
19840926 0 3.07 0.008 15.9
19840927 0 3.41 0.007 17.7
19840928 7.9 3.48 0.007 18.2
19840929 0.5 3.02 0.007 15.9
19840930 0 2.83 0.007 15
19841001 0 2.84 0.007 15.2
19841002 3.3 2.43 0.007 13
19841003 0.5 2.36 0.007 12.7
19841004 2.1 2.41 0.007 13.1
19841005 0.1 2.06 0.007 11.1
19841006 0 1.96 0.007 10.6
19841007 0 1.92 0.007 10.4
19841008 0 2.13 0.007 11.8
19841009 0 2.42 0.007 13.8
19841010 0 2.51 0.007 14.6
19841011 0 2.58 0.007 15.3
19841012 0.2 2.66 0.007 16.1
19841013 0 2.66 0.007 16.4
19841014 0 2.59 0.007 16.2
19841015 0 2.4 0.007 15.1
19841016 0 2.43 0.007 15.3
19841017 0 2.45 0.007 15.5
19841018 0.1 2.41 0.007 15.3
19841019 10.7 2.17 0.007 13.5
19841020 0.7 2.35 0.007 15
19841021 0 2.26 0.007 14.4
19841022 0 2.2 0.007 14
19841023 0 2.23 0.007 14.3
19841024 0 2.32 0.007 15.2
19841025 0.2 2.23 0.007 14.6
19841026 5.3 2.16 0.007 14.1
19841027 7 2.1 0.007 13.7
19841028 0 2.05 0.007 13.4
19841029 0 2.03 0.008 13.3
19841030 0 1.98 0.008 13
19841031 0 2.02 0.007 13.5
19841101 0.8 1.98 0.007 13.3
19841102 1.9 1.82 0.007 11.9
19841103 1.1 1.52 0.007 9
19841104 14.1 1.47 0.008 8.6
19841105 1.2 1.45 0.009 8.5
19841106 5.6 1.4 0.01 8.1
19841107 13.7 1.54 0.012 9.7
19841108 12.3 1.58 0.015 10.4
19841109 1.3 1.54 0.02 10.1
19841110 11 1.43 0.024 9
19841111 2.1 1.56 0.028 10.9
19841112 8.4 1.49 0.033 10.3
19841113 14.9 1.37 0.039 8.9
19841114 3.1 1.19 0.049 6.9
19841115 2.5 1.22 0.058 7.4
19841116 8.3 1.37 0.063 9.6
19841117 6.3 1.49 0.069 11.4
19841118 9.1 1.42 0.079 10.5
19841119 1.2 1.35 0.09 9.7
19841120 0.1 1.28 0.095 8.8
19841121 0 1.31 0.094 9.3
19841122 0 1.4 0.09 10.8
19841123 0 1.43 0.085 11.4
19841124 0 1.31 0.081 9.7
19841125 0 1.28 0.077 9.5
19841126 0 1.34 0.074 10.6
19841127 0.1 1.14 0.07 7.5
19841128 0 1.11 0.067 7.2
19841129 0.7 1.08 0.064 6.9
19841130 7.2 1.12 0.064 7.6
19841201 1.7 1.05 0.067 6.7
19841202 1.2 1 0.071 5.9
19841203 1.3 1.06 0.072 7.2
19841204 0.1 1.19 0.071 9.6
19841205 0 1.18 0.069 9.5
19841206 0.1 1.17 0.067 9.6
19841207 0 1.1 0.064 8.6
19841208 0 1.12 0.061 9.2
19841209 0 1.08 0.058 8.6
19841210 0 1.03 0.055 7.8
19841211 0 0.97 0.053 7
19841212 1 0.97 0.051 7.1
19841213 0 0.97 0.05 7.3
19841214 0 0.87 0.048 5.5
19841215 0 0.92 0.046 6.8
19841216 0.1 0.94 0.045 7.2
19841217 0 0.97 0.043 7.7
19841218 0.2 0.89 0.041 6
19841219 0 0.85 0.04 4.9
19841220 0.5 0.8 0.038 3.8
19841221 0 0.98 0.037 7.3
19841222 0 0.93 0.036 6.2
19841223 0 0.9 0.035 5.6
19841224 0 0.86 0.034 4.5
19841225 0 0.81 0.032 3.4
19841226 0.3 0.82 0.031 3.6
19841227 0.1 0.82 0.03 3.4
19841228 0 0.84 0.03 3.8
19841229 0 0.8 0.029 2.8
19841230 0.1 0.8 0.028 2.8
19841231 0 0.86 0.027 3.8
19850101 0 0.91 0.026 4.6
19850102 0.2 0.88 0.025 4
19850103 0 0.87 0.025 3.7
19850104 0.8 0.91 0.024 4.4
19850105 9.2 0.96 0.026 5.2
19850106 3.1 0.87 0.031 3.3
19850107 0.3 0.61 0.037 -1.6
19850108 0 0.59 0.039 -2.1
19850109 0 0.57 0.038 -2.6
19850110 0 0.66 0.037 -1
19850111 0 0.71 0.036 -0.1
19850112 0.1 0.72 0.034 0
19850113 0 0.61 0.033 -2.1
19850114 0.3 0.6 0.032 -2.4
19850115 0.3 0.48 0.031 -4.6
19850116 1.3 0.65 0.03 -1.6
19850117 5 0.84 0.03 1.7
19850118 0.5 1 0.034 4.1
19850119 3.5 0.94 0.038 2.9
19850120 9.3 1.14 0.043 5.8
19850121 4.6 1.36 0.053 9.2
19850122 4.3 1.42 0.065 9.7
19850123 7.2 1.28 0.075 7.1
19850124 0.3 1.16 0.085 5
19850125 1.7 1.11 0.09 4
19850126 2.1 1.22 0.091 5.3
19850127 0 1.19 0.091 4.6
19850128 0.1 1.24 0.089 5.2
19850129 0 1.35 0.086 6.5
19850130 0 1.42 0.082 7.2
19850131 0 1.48 0.078 7.7
19850201 0 1.53 0.075 8.1
19850202 0.1 1.56 0.071 8.3
19850203 0 1.6 0.068 8.5
19850204 0 1.64 0.065 8.7
19850205 0 1.74 0.063 9.7
19850206 0 1.93 0.06 11.8
19850207 0.9 1.93 0.058 11.5
19850208 1.3 1.8 0.056 9.7
19850209 12.3 1.84 0.059 9.9
19850210 9.1 1.8 0.073 9.2
19850211 7.2 1.94 0.093 10.5
19850212 3.5 1.93 0.111 10.2
19850213 1.4 1.86 0.122 9.1
19850214 0.2 2 0.124 10.5
19850215 0.3 2.05 0.121 10.7
19850216 0.8 2.08 0.117 10.6
19850217 4.4 2.05 0.114 9.9
19850218 0.3 1.94 0.115 8.5
19850219 0 1.85 0.115 7.3
19850220 3.9 1.68 0.112 5.4
19850221 8.6 1.44 0.115 2.8
19850222 0.6 1.7 0.125 5.1
19850223 0 1.74 0.131 5.3
19850224 0.2 1.81 0.128 5.8
19850225 0.9 1.89 0.123 6.3
19850226 0.1 2.14 0.118 8.3
19850227 0.1 2.2 0.113 8.6
19850228 0.3 2.37 0.109 9.8
19850301 2.1 2.26 0.105 8.7
19850302 0 2 0.102 6.4
19850303 0.2 2.21 0.1 7.9
19850304 0.9 2.01 0.096 6.2
19850305 0 1.85 0.093 4.8
19850306 0 1.83 0.089 4.5
19850307 0 1.97 0.086 5.5
19850308 0 2.08 0.082 6.2
19850309 0 2.23 0.078 7.2
19850310 0 2.29 0.075 7.5
19850311 0 2.34 0.072 7.7
19850312 0 2.2 0.069 6.6
19850313 0 1.9 0.066 4.4
19850314 0.1 2.01 0.063 5.1
19850315 0 2.26 0.061 6.7
19850316 0 2.3 0.058 7
19850317 0 2.27 0.056 6.7
19850318 0 2.45 0.054 7.8
19850319 2.5 2.59 0.052 8.6
19850320 2.5 2.35 0.052 7
19850321 0.7 2.71 0.053 9.2
19850322 0.2 2.92 0.054 10.4
19850323 0.1 2.61 0.053 8.4
19850324 0.1 2.68 0.051 8.7
19850325 0.1 2.72 0.049 8.9
19850326 0.1 2.64 0.047 8.3
19850327 2.4 2.79 0.046 9.1
19850328 0.7 2.56 0.046 7.7
19850329 0 2.47 0.046 7.1
19850330 0 3.05 0.045 10.4
19850331 0 3.36 0.043 12.1
19850401 0 3.54 0.042 13
19850402 0 3.81 0.041 14.4
19850403 0.1 4.07 0.039 15.7
19850404 8.6 3.85 0.039 14.4
19850405 2.1 3.08 0.041 10.1
19850406 1.6 3.28 0.044 11.1
19850407 0.3 3.59 0.045 12.7
19850408 1.7 3.63 0.045 12.8
19850409 0.4 3.05 0.044 9.7
19850410 0.3 2.71 0.043 7.9
19850411 0 2.99 0.042 9.3
19850412 0 3.55 0.041 12.1
19850413 0 3.77 0.04 13.1
19850414 0 3.48 0.039 11.6
19850415 0 3.39 0.037 11.1
19850416 0 3.81 0.036 13.1
19850417 0 4.15 0.035 14.7
19850418 0 4.44 0.034 16
19850419 0 4.54 0.033 16.4
19850420 6.1 4.02 0.033 13.9
19850421 9.8 3.34 0.034 10.7
19850422 5.9 3.17 0.038 9.9
19850423 1.5 3.04 0.041 9.3
19850424 3.4 3.31 0.043 10.5
19850425 0.4 3.62 0.044 11.9
19850426 1.5 3.81 0.044 12.7
19850427 1.1 4.07 0.044 13.8
19850428 3.8 3.98 0.044 13.4
19850429 0.1 4.2 0.044 14.3
19850430 0 4.7 0.044 16.4
19850501 0.2 5.09 0.043 18
19850502 7.1 5.06 0.042 17.8
19850503 8.5 4.05 0.044 13.6
19850504 1 4.1 0.047 13.8
19850505 2 3.41 0.05 11
19850506 0.4 2.46 0.05 7.2
19850507 0 2.44 0.049 7.2
19850508 0 3.17 0.048 10.1
19850509 0 3.69 0.046 12.2
19850510 0.2 3.66 0.044 12.1
19850511 0.1 3.09 0.043 9.9
19850512 0 3.02 0.042 9.7
19850513 2.5 3.41 0.04 11.2
19850514 3.6 3.56 0.04 11.8
19850515 7.4 3.2 0.041 10.5
19850516 0.5 3.01 0.043 9.8
19850517 0.3 3.45 0.044 11.5
19850518 0.1 3.93 0.044 13.3
19850519 2 4.25 0.043 14.5
19850520 0.1 4.37 0.042 15
19850521 0 4.67 0.041 16.1
19850522 0.1 5.09 0.04 17.6
19850523 4.6 3.83 0.039 13.3
19850524 0.1 4.52 0.039 15.7
19850525 0 5.19 0.039 18
19850526 0.2 5.12 0.038 17.8
19850527 1.1 4.59 0.037 16.1
19850528 0 4.87 0.036 17.1
19850529 0 5.11 0.035 17.9
19850530 0.2 5.53 0.034 19.3
19850531 4.6 5.45 0.033 19.1
19850601 13.7 4.64 0.034 16.6
19850602 0.5 4.64 0.036 16.7
19850603 0 4.88 0.038 17.5
19850604 0 5.51 0.038 19.5
19850605 0.2 5.33 0.037 19
19850606 0 5.24 0.036 18.8
19850607 0 4.94 0.035 18
19850608 0 5.22 0.034 18.9
19850609 0 5.47 0.033 19.7
19850610 0 5.97 0.032 21.2
19850611 0 6.4 0.031 22.5
19850612 0 6.88 0.03 23.9
19850613 0 7.08 0.029 24.5
19850614 0 6.56 0.028 23.1
19850615 0 6.17 0.028 22.1
19850616 0 6.37 0.027 22.7
19850617 0 6.75 0.026 23.8
19850618 0.1 6.74 0.026 23.8
19850619 0.1 6.35 0.025 22.8
19850620 0 5.97 0.024 21.8
19850621 0 6.32 0.024 22.8
19850622 0 6.08 0.023 22.2
19850623 0.1 6.39 0.023 23.1
19850624 0 6.96 0.022 24.7
19850625 3.3 7.17 0.022 25.3
19850626 1.2 7 0.021 24.9
19850627 0.2 7.21 0.021 25.5
19850628 1.7 6.89 0.021 24.7
19850629 0.1 7.14 0.02 25.4
19850630 0 7.53 0.02 26.5
19850701 0 7.59 0.02 26.7
19850702 1.1 6.44 0.019 23.7
19850703 0.2 5.17 0.019 20.4
19850704 0 5.8 0.018 22.1
19850705 0 7.03 0.018 25.4
19850706 0 7.73 0.018 27.3
19850707 0.6 8.06 0.017 28.2
19850708 0 8.27 0.017 28.8
19850709 0 7.15 0.017 25.9
19850710 0 7.09 0.017 25.8
19850711 0 7.34 0.016 26.5
19850712 0 7.44 0.016 26.8
19850713 0 7.8 0.016 27.8
19850714 0 7.98 0.015 28.3
19850715 0 7.84 0.015 28
19850716 0 6.99 0.015 25.8
19850717 0 7.29 0.015 26.6
19850718 0 7.42 0.014 27
19850719 0 7.45 0.014 27.1
19850720 0 7.7 0.014 27.8
19850721 0 7.75 0.014 28
19850722 0 7.93 0.014 28.5
19850723 0 8.06 0.013 28.9
19850724 0 8 0.013 28.8
19850725 0 7.94 0.013 28.7
19850726 0 7.07 0.013 26.4
19850727 0 6.6 0.013 25.2
19850728 0 6.26 0.012 24.3
19850729 0 5.8 0.012 23.1
19850730 0 5.72 0.012 22.9
19850731 0 5.74 0.012 23
19850801 0.1 6.28 0.012 24.5
19850802 0 6.55 0.012 25.3
19850803 0 7.36 0.011 27.6
19850804 0 7.77 0.011 28.8
19850805 0 7.36 0.011 27.7
19850806 0 5.07 0.011 21.3
19850807 0 4.99 0.011 21.1
19850808 0 5.75 0.011 23.3
19850809 0 6.23 0.011 24.7
19850810 0 6.11 0.01 24.4
19850811 0 6.09 0.01 24.4
19850812 0 6.15 0.01 24.6
19850813 0 6.27 0.01 25
19850814 0 6.19 0.01 24.8
19850815 0 6.2 0.01 24.9
19850816 0 6.2 0.01 24.9
19850817 0 6.46 0.01 25.7
19850818 0 6.71 0.01 26.5
19850819 0 6.65 0.009 26.4
19850820 0 6.56 0.009 26.2
19850821 0 6.89 0.009 27.3
19850822 0 6.71 0.009 26.8
19850823 0 6.3 0.009 25.6
19850824 0 5.86 0.009 24.3
19850825 0 5.28 0.009 22.5
19850826 0 4.65 0.009 20.5
19850827 0 5.16 0.009 22.2
19850828 0 5.72 0.008 24.1
19850829 0 6.02 0.008 25.2
19850830 0 6.05 0.008 25.4
19850831 0 5.84 0.008 24.8
19850901 0 5.93 0.008 25.2
19850902 0 6.04 0.008 25.7
19850903 0 6.18 0.008 26.3
19850904 0 5.92 0.008 25.5
19850905 0 6.13 0.008 26.4
19850906 0 6.09 0.008 26.4
19850907 0.6 6.05 0.008 26.4
19850908 0 5.88 0.007 25.9
19850909 0 5.76 0.007 25.6
19850910 0.3 5.57 0.007 25
19850911 0.2 5.55 0.007 25.1
19850912 0 5.44 0.007 24.8
19850913 0 5.47 0.007 25.1
19850914 0 5.31 0.007 24.6
19850915 0 5.15 0.007 24.1
19850916 0 4.76 0.007 22.6
19850917 0 4.43 0.007 21.3
19850918 0 4.2 0.007 20.4
19850919 0 4.22 0.007 20.6
19850920 1.1 4.37 0.007 21.4
19850921 2.5 4.26 0.006 21
19850922 0.1 4.06 0.006 20.2
19850923 0.2 4.07 0.006 20.4
19850924 1.2 4.16 0.006 21
19850925 0 4.09 0.006 20.8
19850926 0.3 3.96 0.006 20.3
19850927 0 3.9 0.006 20.2
19850928 0 4 0.006 20.9
19850929 0 4.04 0.006 21.3
19850930 0 4.02 0.006 21.4
19851001 0 4.12 0.006 22.2
19851002 0 4.15 0.006 22.6
19851003 0 3.83 0.006 21.1
19851004 0.6 3.39 0.006 18.8
19851005 0.2 3.2 0.006 17.9
19851006 0 2.94 0.006 16.5
19851007 0 2.97 0.006 16.9
19851008 0 2.95 0.006 17
19851009 0 2.85 0.005 16.6
19851010 0 2.93 0.005 17.4
19851011 0 2.98 0.005 18
19851012 0 2.95 0.005 18.1
19851013 0 2.9 0.005 18.1
19851014 0 2.88 0.005 18.3
19851015 0 2.83 0.005 18.3
19851016 0 2.72 0.005 17.5
19851017 0 2.73 0.005 17.7
19851018 0 2.67 0.005 17.3
19851019 0 2.56 0.005 16.6
19851020 0 2.49 0.005 16.1
19851021 0 2.48 0.005 16.2
19851022 0 2.46 0.005 16.1
19851023 0 2.42 0.005 15.9
19851024 0 2.39 0.005 15.8
19851025 0 2.35 0.005 15.6
19851026 0 2.21 0.005 14.5
19851027 0 1.95 0.005 12.3
19851028 0 2.04 0.005 13.3
19851029 0.1 1.99 0.005 12.9
19851030 0 1.99 0.005 13.1
19851031 0 1.93 0.005 12.7
19851101 0.1 1.9 0.005 12.5
19851102 3.2 1.7 0.005 10.7
19851103 1.3 1.71 0.005 10.9
19851104 6.7 1.78 0.005 11.8
19851105 1.3 2.01 0.005 14.5
19851106 0.1 2.24 0.005 17.3
19851107 0 2.12 0.005 16.2
19851108 0 2.15 0.005 16.9
19851109 0 2.22 0.005 18.1
19851110 0 2.19 0.005 18.2
19851111 1.7 1.98 0.005 16
19851112 2.2 1.66 0.004 12.4
19851113 0.1 1.37 0.004 9
19851114 0.5 1.29 0.005 8.1
19851115 17.4 1.19 0.005 7.1
19851116 1.2 1.19 0.005 7.2
19851117 0 1.21 0.006 7.5
19851118 0 1.1 0.006 6
19851119 0 0.87 0.006 2.9
19851120 0 0.78 0.006 1.6
19851121 0 0.73 0.006 0.9
19851122 0.1 0.78 0.006 1.7
19851123 0 0.86 0.005 2.9
19851124 0 0.86 0.005 2.9
19851125 10.9 0.98 0.006 4.8
19851126 15.4 1.12 0.007 7.2
19851127 4.9 1.15 0.009 7.7
19851128 0.3 0.98 0.011 5.2
19851129 0 0.94 0.012 4.6
19851130 0 0.99 0.012 5.5
19851201 0 1.17 0.012 8.7
19851202 0 1.27 0.012 10.5
19851203 0 1.29 0.011 11.1
19851204 1.3 1.3 0.011 11.4
19851205 7 1.07 0.011 7.7
19851206 0.4 0.97 0.013 6.1
19851207 1.2 0.87 0.014 4.4
19851208 9.2 0.9 0.015 5.1
19851209 0.1 0.87 0.016 4.7
19851210 0.4 0.79 0.018 3.2
19851211 0.1 0.86 0.018 4.7
19851212 0 0.9 0.018 5.7
19851213 0 0.83 0.017 4.6
19851214 0 0.82 0.017 4.6
19851215 0 0.83 0.016 5
19851216 0 0.88 0.016 5.9
19851217 0 0.89 0.015 6.1
19851218 0 0.85 0.015 5.2
19851219 0 0.82 0.014 4.3
19851220 0 0.81 0.014 4
19851221 0 0.76 0.013 2.9
19851222 5.9 0.82 0.013 4
19851223 3.7 0.87 0.015 5
19851224 3.7 0.97 0.017 6.7
19851225 2.8 1.09 0.019 9.1
19851226 2.5 1.01 0.021 7.4
19851227 8.5 1.04 0.023 7.8
19851228 6.6 1.03 0.027 7.5
19851229 7.6 1.02 0.034 7.1
19851230 4.6 0.94 0.041 5.4
19851231 2.4 0.87 0.047 3.9
19860101 2.2 0.99 0.05 6.2
19860102 1.3 1.01 0.051 6.4
19860103 0.7 0.93 0.052 4.8
19860104 0.1 0.88 0.051 3.8
19860105 1.1 0.9 0.05 4.1
19860106 0.3 0.85 0.048 3
19860107 5.1 0.83 0.048 2.5
19860108 0.6 0.92 0.05 4
19860109 0.1 0.92 0.051 4
19860110 0 0.95 0.05 4.4
19860111 0 1.01 0.048 5.3
19860112 0 0.98 0.046 4.7
19860113 0 0.97 0.044 4.5
19860114 0 0.97 0.042 4.4
19860115 0 1.02 0.04 5.2
19860116 0 1.05 0.038 5.6
19860117 0 0.99 0.037 4.2
19860118 0 1.06 0.035 5.1
19860119 0 1.12 0.034 5.8
19860120 0 1.13 0.032 5.7
19860121 0.1 1.12 0.031 5.2
19860122 0 1.13 0.03 5.1
19860123 0 1.15 0.029 5.1
19860124 0 1.28 0.028 6.9
19860125 0 1.06 0.027 3.3
19860126 0 1.05 0.026 2.9
19860127 0 1.12 0.025 3.6
19860128 3.8 1.07 0.024 2.7
19860129 9.1 1.13 0.027 3.3
19860130 2.7 1.09 0.033 2.6
19860131 0.1 1.03 0.039 1.6
19860201 0.2 1.1 0.04 2.3
19860202 1.4 1.13 0.039 2.6
19860203 4 1.12 0.039 2.3
19860204 3.8 1.11 0.042 1.9
19860205 0.3 1.17 0.045 2.5
19860206 0 1.18 0.047 2.5
19860207 3.7 1.1 0.047 1.4
19860208 1.3 1.2 0.047 2.4
19860209 0.1 1.06 0.049 0.6
19860210 0 1.09 0.048 0.8
19860211 1 1.17 0.047 1.6
19860212 0.8 1.29 0.046 2.8
19860213 12.8 1.47 0.048 4.8
19860214 10 1.85 0.06 8.8
19860215 9.4 1.76 0.079 7.5
19860216 6.8 1.92 0.099 8.9
19860217 2.9 1.7 0.116 6.3
19860218 2.5 1.76 0.125 6.6
19860219 7.9 1.68 0.131 5.6
19860220 12.8 1.84 0.144 6.9
19860221 0.8 1.93 0.166 7.6
19860222 0.6 1.9 0.18 7
19860223 0.2 2.16 0.178 9.2
19860224 0.4 2.15 0.17 8.9
19860225 0 2.06 0.162 7.8
19860226 0 2.14 0.154 8.3
19860227 0 2.14 0.146 8.1
19860228 3.3 2.2 0.14 8.4
19860301 6.3 2.3 0.14 9
19860302 0.6 2.26 0.145 8.5
19860303 0.5 2.26 0.148 8.3
19860304 0.1 2.39 0.144 9.2
19860305 0 2.5 0.138 9.8
19860306 0.2 2.66 0.131 10.9
19860307 9.7 2.45 0.128 9.1
19860308 1.8 2.32 0.134 8
19860309 0.1 2.33 0.141 7.9
19860310 0 2.32 0.139 7.7
19860311 0 2.17 0.133 6.5
19860312 2.6 2.36 0.127 7.7
19860313 1 2.16 0.124 6.2
19860314 0 2.24 0.122 6.7
19860315 0 2.48 0.117 8.2
19860316 0 2.61 0.112 9.1
19860317 0 2.75 0.107 9.9
19860318 1.2 2.8 0.102 10.1
19860319 0 2.85 0.098 10.3
19860320 1.6 2.77 0.095 9.7
19860321 0.4 2.9 0.092 10.4
19860322 0 2.7 0.089 9
19860323 0 3.21 0.086 12.1
19860324 0 3.23 0.082 12.1
19860325 1.1 2.59 0.079 8.1
19860326 0 2.27 0.076 6.1
19860327 0 2.89 0.073 9.7
19860328 0 2.94 0.07 9.9
19860329 0 2.76 0.067 8.8
19860330 0.4 2.96 0.064 9.9
19860331 0.4 3.28 0.062 11.6
19860401 0 3.52 0.06 12.9
19860402 7.7 3.11 0.059 10.5
19860403 0.3 3.05 0.061 10.1
19860404 0.2 3.07 0.062 10.1
19860405 9.5 2.91 0.063 9.2
19860406 12.2 2.64 0.069 7.7
19860407 4.3 2.07 0.08 4.6
19860408 0.4 1.94 0.09 3.9
19860409 0 2.15 0.092 5
19860410 0 2.52 0.089 6.9
19860411 2.8 2.84 0.085 8.5
19860412 2.2 2.17 0.084 5.1
19860413 0 2.02 0.084 4.3
19860414 2.8 2.44 0.083 6.4
19860415 0.8 2.78 0.082 8.1
19860416 2.6 2.91 0.082 8.7
19860417 1.1 2.64 0.081 7.4
19860418 1.9 2.43 0.081 6.4
19860419 0 2.55 0.08 7
19860420 0 3.06 0.078 9.4
19860421 2 3.37 0.075 10.8
19860422 1 3.15 0.074 9.8
19860423 3.6 2.93 0.073 8.8
19860424 11.6 3.06 0.076 9.4
19860425 4.5 2.93 0.084 8.8
19860426 4.4 2.4 0.093 6.5
19860427 0.2 2.55 0.098 7.2
19860428 0.1 3.01 0.099 9.2
19860429 0 3.31 0.095 10.5
19860430 0 3.85 0.091 12.8
19860501 0.1 4.35 0.087 14.9
19860502 0.1 4.45 0.083 15.3
19860503 0.1 3.76 0.08 12.4
19860504 1.7 2.97 0.077 9.2
19860505 15.5 3.34 0.078 10.7
19860506 1.3 3.63 0.086 11.9
19860507 0.1 3.75 0.093 12.4
19860508 0 4.03 0.093 13.5
19860509 0 4.92 0.089 17
19860510 0 5.6 0.085 19.6
19860511 0 6 0.081 21.1
19860512 0 6.04 0.078 21.2
19860513 0.2 5.66 0.074 19.7
19860514 0 5.11 0.071 17.6
19860515 0 5.19 0.068 17.9
19860516 0 5.89 0.066 20.5
19860517 0 6.23 0.063 21.7
19860518 0 6.33 0.06 22
19860519 0 6.37 0.058 22.1
19860520 0 5.98 0.056 20.7
19860521 0.1 5.33 0.054 18.4
19860522 0 5.93 0.052 20.5
19860523 0 6.28 0.05 21.7
19860524 0 6.43 0.048 22.2
19860525 0.8 6.88 0.046 23.7
19860526 0 6.83 0.045 23.5
19860527 0 6.53 0.044 22.5
19860528 0.3 6.66 0.042 22.9
19860529 1.8 5.32 0.041 18.6
19860530 1.1 4.02 0.04 14.5
19860531 0 4.25 0.039 15.3
19860601 0 4.86 0.038 17.3
19860602 0 5.23 0.037 18.5
19860603 0 5.5 0.035 19.4
19860604 0 6.04 0.034 21.1
19860605 0.1 6.06 0.033 21.2
19860606 0 5.67 0.032 20.1
19860607 0.2 5.48 0.032 19.6
19860608 0 5.74 0.031 20.4
19860609 0 6.02 0.03 21.3
19860610 1.3 6.39 0.029 22.4
19860611 0.1 6.26 0.028 22.1
19860612 0 6.49 0.028 22.8
19860613 0 5.86 0.027 21.1
19860614 0 5.98 0.027 21.5
19860615 1.8 6.1 0.026 21.9
19860616 0.4 6.26 0.025 22.4
19860617 0.1 6.57 0.025 23.3
19860618 3.5 6.66 0.024 23.6
19860619 8.9 6.39 0.024 22.9
19860620 0.9 5.82 0.024 21.4
19860621 0.2 5.14 0.024 19.6
19860622 0 4.86 0.024 18.9
19860623 0 5.02 0.023 19.4
19860624 0 6 0.023 22.1
19860625 0.2 6.72 0.022 24.1
19860626 0.1 7.38 0.022 25.9
19860627 0.1 7.4 0.021 26
19860628 0 7.68 0.021 26.8
19860629 0 7.06 0.021 25.2
19860630 0 6.44 0.02 23.6
19860701 0 6.88 0.02 24.8
19860702 0 7.2 0.019 25.7
19860703 0 7.56 0.019 26.7
19860704 0 7.69 0.019 27.1
19860705 0 8.02 0.018 28
19860706 0 8.27 0.018 28.7
19860707 0 7.91 0.018 27.8
19860708 0 8.16 0.018 28.5
19860709 0 8.06 0.017 28.3
19860710 0 7.43 0.017 26.7
19860711 0 7.45 0.017 26.8
19860712 0.9 6.66 0.016 24.8
19860713 0 5.83 0.016 22.7
19860714 0 5.7 0.016 22.4
19860715 0 5.94 0.016 23.1
19860716 0 6.45 0.015 24.4
19860717 0 6.98 0.015 25.8
19860718 0 7.19 0.015 26.4
19860719 0 5.95 0.015 23.2
19860720 0 6.17 0.015 23.8
19860721 0 6.73 0.014 25.3
19860722 0 7.28 0.014 26.8
19860723 0 6.74 0.014 25.4
19860724 0 6.27 0.014 24.2
19860725 5.3 5.48 0.014 22.1
19860726 0.2 4.94 0.014 20.7
19860727 0 5.57 0.013 22.4
19860728 0 6.33 0.013 24.5
19860729 0 7.09 0.013 26.6
19860730 0 7.69 0.013 28.3
19860731 0 7.13 0.013 26.8
19860801 0 6.75 0.013 25.8
19860802 0 7.02 0.013 26.6
19860803 0 6.97 0.012 26.5
19860804 0 5.98 0.012 23.8
19860805 0 5.86 0.012 23.5
19860806 0 6.59 0.012 25.6
19860807 0 6.65 0.012 25.8
19860808 0 6.46 0.012 25.3
19860809 0 6.23 0.012 24.7
19860810 0 6.14 0.011 24.5
19860811 0 5.92 0.011 23.9
19860812 0.6 5.94 0.011 24
19860813 0 6.37 0.011 25.3
19860814 0 6.77 0.011 26.5
19860815 0 6.92 0.011 27
19860816 0 6.92 0.011 27
19860817 0 6.56 0.011 26
19860818 0 5.67 0.011 23.4
19860819 0 5.66 0.01 23.4
19860820 0 6.14 0.01 24.9
19860821 0 6.51 0.01 26.1
19860822 0 6.51 0.01 26.2
19860823 0 6.01 0.01 24.7
19860824 0 5.61 0.01 23.5
19860825 0 5.72 0.01 23.9
19860826 0 5.58 0.01 23.5
19860827 0 5.47 0.01 23.2
19860828 0 5.2 0.009 22.4
19860829 0 4.77 0.009 21
19860830 0.3 4.76 0.009 21
19860831 3.6 4.74 0.009 21
19860901 0.2 5.13 0.009 22.4
19860902 0 5.45 0.009 23.6
19860903 0 5.76 0.009 24.8
19860904 0 5.97 0.009 25.7
19860905 0.1 5.88 0.009 25.5
19860906 0 5.74 0.009 25.1
19860907 1.5 5.57 0.009 24.6
19860908 0.6 5.22 0.009 23.4
19860909 0.3 4.67 0.008 21.4
19860910 0.5 4.56 0.008 21.1
19860911 11.1 4.61 0.008 21.4
19860912 0.6 4.44 0.008 20.8
19860913 0 4.56 0.008 21.4
19860914 0 4.7 0.008 22.1
19860915 0 4.76 0.008 22.5
19860916 0.2 4.71 0.008 22.4
19860917 1 4.38 0.008 21.1
19860918 10.2 4.04 0.008 19.7
19860919 0.2 4.31 0.008 21
19860920 0.3 4.46 0.008 21.8
19860921 0 4.41 0.008 21.7
19860922 5.3 4.68 0.008 23.1
19860923 0 4.34 0.008 21.7
19860924 0 3.69 0.008 18.7
19860925 0 3.42 0.008 17.5
19860926 0 3.17 0.008 16.4
19860927 0 3.18 0.008 16.5
19860928 0 3.25 0.008 17
19860929 0.6 3.17 0.008 16.7
19860930 0 3.05 0.008 16.2
19861001 0.2 3.34 0.008 17.9
19861002 0.5 3.41 0.008 18.5
19861003 0.2 3.52 0.008 19.3
19861004 3.1 3.22 0.008 17.8
19861005 0.3 3.07 0.008 17.1
19861006 7.5 3.1 0.008 17.5
19861007 2.2 3.11 0.008 17.8
19861008 0 3.06 0.008 17.7
19861009 0 3.02 0.008 17.7
19861010 0 2.92 0.008 17.3
19861011 3.6 2.89 0.008 17.4
19861012 7.9 2.8 0.008 17.1
19861013 0.1 2.6 0.009 16
19861014 4.2 2.62 0.009 16.4
19861015 11 2.39 0.01 15
19861016 7.4 2.35 0.012 14.7
19861017 5 2.34 0.014 14.7
19861018 0.9 2.33 0.016 14.7
19861019 0 2.22 0.017 13.9
19861020 0 2.22 0.016 14
19861021 0 2.36 0.016 15.2
19861022 0 2.43 0.016 15.9
19861023 1.5 2.18 0.015 13.9
19861024 5.9 1.96 0.015 12.1
19861025 0.8 2.1 0.016 13.4
19861026 0 1.91 0.017 11.9
19861027 0 1.87 0.017 11.6
19861028 0 2.05 0.017 13.4
19861029 0 2.13 0.016 14.2
19861030 0 2.04 0.016 13.6
19861031 0 1.9 0.015 12.4
19861101 0 1.84 0.015 11.9
19861102 0 1.84 0.014 12.1
19861103 0 1.6 0.014 9.8
19861104 0 1.54 0.014 9.3
19861105 0 1.51 0.013 9.1
19861106 0 1.55 0.013 9.7
19861107 0 1.55 0.013 9.9
19861108 0 1.5 0.012 9.5
19861109 0 1.44 0.012 9
19861110 0 1.47 0.012 9.5
19861111 0.3 1.47 0.012 9.8
19861112 0.1 1.59 0.011 11.5
19861113 2 1.47 0.011 10.2
19861114 9.7 1.51 0.012 11.1
19861115 0.8 1.33 0.013 8.9
19861116 0 1.33 0.014 9.1
19861117 0 1.38 0.015 9.8
19861118 0 1.3 0.014 8.9
19861119 0 1.16 0.014 7
19861120 0 1.22 0.014 7.9
19861121 0.5 1.22 0.013 8
19861122 0.2 1.31 0.013 9.5
19861123 0.1 1.24 0.013 8.6
19861124 0 1.23 0.013 8.5
19861125 0 1.24 0.012 8.8
19861126 0 1.21 0.012 8.5
19861127 0 1.19 0.012 8.4
19861128 0 1.12 0.012 7.4
19861129 0 1.04 0.011 6.2
19861130 0 0.98 0.011 5.3
19861201 0 1.01 0.011 6
19861202 0 1.04 0.011 6.7
19861203 0 1.06 0.01 7.1
19861204 0 1.08 0.01 7.6
19861205 0 1.02 0.01 6.8
19861206 0 0.97 0.01 6
19861207 0.2 1.04 0.01 7.5
19861208 3.1 0.98 0.01 6.5
19861209 0 0.89 0.01 5.1
19861210 0 0.82 0.01 3.9
19861211 0 0.82 0.01 4.1
19861212 0.2 0.92 0.01 6.2
19861213 10.4 0.91 0.01 6.1
19861214 0.2 0.94 0.012 6.9
19861215 0.2 0.85 0.013 5.4
19861216 0 0.95 0.013 7.4
19861217 0 0.88 0.013 5.8
19861218 0 0.89 0.013 5.9
19861219 0 0.89 0.012 5.9
19861220 0 0.87 0.012 5.2
19861221 3.7 0.92 0.012 6.1
19861222 0 0.85 0.012 4.6
19861223 0 0.7 0.013 1.4
19861224 0 0.71 0.013 1.6
19861225 0 0.71 0.012 1.5
19861226 0 0.84 0.012 3.9
19861227 0 0.93 0.012 5.7
19861228 0 0.9 0.012 4.9
19861229 0 0.89 0.011 4.6
19861230 0 0.89 0.011 4.5
19861231 0 0.87 0.011 3.9
19870101 0 0.96 0.011 5.6
19870102 0.1 0.98 0.01 5.8
19870103 0 0.91 0.01 4.5
19870104 0 0.88 0.01 3.7
19870105 0 0.89 0.01 3.8
19870106 0 0.93 0.01 4.4
19870107 0 0.95 0.01 4.7
19870108 1.5 0.94 0.009 4.4
19870109 20.3 1 0.011 5.5
19870110 1.9 1 0.015 5.4
19870111 0.4 0.92 0.02 3.8
19870112 27.2 0.95 0.025 4.1
19870113 6.5 1.01 0.037 5.1
19870114 0.1 0.66 0.051 -1.3
19870115 0 0.71 0.056 -0.5
19870116 0 0.81 0.055 1.3
19870117 0 0.84 0.052 1.6
19870118 0 0.85 0.05 1.6
19870119 0 0.94 0.048 2.9
19870120 0 0.92 0.046 2.3
19870121 0.2 0.97 0.044 2.8
19870122 0.3 1.04 0.042 3.6
19870123 0 1.17 0.041 5.4
19870124 0 1.26 0.039 6.5
19870125 2.1 1.27 0.038 6.4
19870126 2.6 1.46 0.038 8.9
19870127 2.8 1.57 0.04 10.2
19870128 4.8 1.59 0.043 10.2
19870129 6.9 1.47 0.048 8.1
19870130 2 1.45 0.054 7.6
19870131 0.2 1.52 0.058 8.2
19870201 0.1 1.51 0.059 7.8
19870202 8.1 1.52 0.059 7.7
19870203 0.2 1.51 0.062 7.3
19870204 0.2 1.47 0.065 6.6
19870205 0 1.47 0.064 6.3
19870206 0 1.49 0.062 6.4
19870207 0 1.58 0.059 7.3
19870208 0 1.79 0.056 9.5
19870209 0.6 1.77 0.054 9.1
19870210 6.3 1.56 0.053 6.4
19870211 6.4 1.59 0.058 6.5
19870212 0.2 1.49 0.064 5.2
19870213 0.2 1.59 0.068 6.1
19870214 0 1.71 0.066 7.3
19870215 0 1.77 0.064 7.6
19870216 7.4 1.65 0.063 6
19870217 2.6 1.92 0.066 8.6
19870218 2.3 1.62 0.072 5.2
19870219 0 1.22 0.074 1
19870220 0.4 1.22 0.073 0.8
19870221 4.7 1.12 0.071 -0.2
19870222 0 1.22 0.068 0.6
19870223 1.7 1.34 0.067 1.6
19870224 3.8 1.83 0.068 6
19870225 4.3 2.07 0.072 7.9
19870226 0 2.06 0.077 7.6
19870227 0 2.34 0.078 9.8
19870228 0 2.66 0.076 12.3
19870301 0 2.86 0.072 13.7
19870302 0 2.98 0.069 14.4
19870303 0 3.14 0.066 15.4
19870304 0 3.1 0.063 14.8
19870305 0 3.09 0.06 14.4
19870306 0 3.04 0.057 13.8
19870307 0 3.01 0.055 13.3
19870308 0 3.05 0.052 13.4
19870309 0 3.14 0.05 13.8
19870310 0 3.18 0.048 13.9
19870311 0 2.97 0.046 12.2
19870312 5.5 2.76 0.045 10.5
19870313 0 2.68 0.046 9.8
19870314 0 2.55 0.047 8.8
19870315 0 2.54 0.046 8.6
19870316 0 2.39 0.044 7.6
19870317 0 2.53 0.042 8.4
19870318 0 2.71 0.04 9.5
19870319 0 2.83 0.039 10.2
19870320 0 2.62 0.037 8.7
19870321 0.3 2.52 0.036 8
19870322 0 2.57 0.035 8.2
19870323 0 2.71 0.034 9
19870324 1.3 2.89 0.033 10
19870325 4.2 2.87 0.032 9.8
19870326 0.1 3.32 0.033 12.4
19870327 0 3.41 0.033 12.8
19870328 0.6 3.14 0.033 11.1
19870329 0 2.35 0.032 6.4
19870330 0 2.2 0.031 5.5
19870331 0 2.31 0.03 6.1
19870401 0 2.81 0.029 8.9
19870402 8 2.68 0.029 8.1
19870403 6 2.18 0.031 5.3
19870404 5 2.3 0.035 5.9
19870405 3.3 2.75 0.038 8.3
19870406 1.2 3.33 0.041 11.4
19870407 7.3 3.56 0.043 12.5
19870408 17 3.76 0.048 13.5
19870409 1.2 3.38 0.059 11.4
19870410 0.3 3.06 0.068 9.7
19870411 0 3.13 0.068 10
19870412 0 3.45 0.066 11.6
19870413 0 3.57 0.063 12.1
19870414 0 3.58 0.06 12.1
19870415 0 3.57 0.057 12
19870416 0 3.62 0.055 12.2
19870417 0 3.92 0.053 13.6
19870418 0 4.31 0.051 15.4
19870419 0 4.41 0.049 15.8
19870420 0 4.62 0.047 16.7
19870421 0.1 4.68 0.045 16.9
19870422 0 4.81 0.043 17.4
19870423 0.4 4.76 0.041 17.1
19870424 1.9 4.35 0.04 15.2
19870425 0 4.23 0.039 14.6
19870426 0 4.83 0.038 17.2
19870427 0 5.14 0.037 18.5
19870428 0 4.84 0.035 17.1
19870429 0 4.76 0.034 16.7
19870430 0 4.75 0.033 16.6
19870501 0 5.09 0.032 18
19870502 0 5.25 0.031 18.6
19870503 0 5.14 0.03 18.1
19870504 0 3.68 0.029 12.1
19870505 0 3.11 0.028 9.8
19870506 0 3.83 0.027 12.7
19870507 0 4.48 0.026 15.3
19870508 0 4.97 0.025 17.2
19870509 0.1 5.15 0.024 17.9
19870510 0 5.06 0.024 17.5
19870511 0.1 5.01 0.023 17.3
19870512 0 4.97 0.022 17.1
19870513 0 5.05 0.022 17.4
19870514 0 4.81 0.021 16.5
19870515 0 4.87 0.02 16.7
19870516 1.5 4.55 0.02 15.5
19870517 1.5 4.1 0.02 13.9
19870518 0 4.4 0.019 15
19870519 0 4.66 0.019 16
19870520 0 4.85 0.018 16.7
19870521 0 5.36 0.018 18.5
19870522 0.4 5.41 0.017 18.7
19870523 2.3 4.82 0.017 16.7
19870524 0.1 4.72 0.017 16.4
19870525 0 5.22 0.017 18.1
19870526 0 5.21 0.016 18.1
19870527 0.4 5.07 0.016 17.7
19870528 0 5.03 0.015 17.6
19870529 0 5.07 0.015 17.8
19870530 0 5.84 0.015 20.3
19870531 0 6.43 0.015 22.2
19870601 0 6.71 0.014 23.1
19870602 0 6.84 0.014 23.5
19870603 0 6.67 0.014 23
19870604 0 6.27 0.013 21.8
19870605 0 6.46 0.013 22.4
19870606 0 6.81 0.013 23.5
19870607 0 6.64 0.013 23
19870608 0 4.92 0.012 18
19870609 0 4.44 0.012 16.7
19870610 0 4.54 0.012 17.1
19870611 0 5.1 0.012 18.8
19870612 0 5.6 0.011 20.3
19870613 0 5.36 0.011 19.7
19870614 0.3 4.72 0.011 18
19870615 0 3.92 0.011 15.9
19870616 0 4.48 0.011 17.5
19870617 0 5.18 0.01 19.5
19870618 0 5.6 0.01 20.7
19870619 0 5.8 0.01 21.3
19870620 0 6.15 0.01 22.3
19870621 0 6.28 0.01 22.7
19870622 0 6.33 0.01 22.9
19870623 0 6.39 0.01 23.1
19870624 0.2 6.41 0.009 23.2
19870625 0 6.72 0.009 24.1
19870626 0 7.04 0.009 25
19870627 0 7.47 0.009 26.2
19870628 0.7 7.6 0.009 26.6
19870629 1.1 7.29 0.009 25.8
19870630 2.1 7.27 0.008 25.8
19870701 0 7.03 0.008 25.2
19870702 0 6.86 0.008 24.8
19870703 0 7.14 0.008 25.6
19870704 3.9 7.27 0.008 26
19870705 3.4 6.95 0.008 25.2
19870706 2.4 6.63 0.008 24.4
19870707 1.3 6.8 0.008 24.9
19870708 0 6.9 0.008 25.2
19870709 0 7.18 0.008 26
19870710 0.4 7.32 0.007 26.4
19870711 7.5 7.22 0.007 26.2
19870712 3.1 6.7 0.007 24.9
19870713 7.9 6.37 0.007 24.1
19870714 9.3 6.28 0.008 23.9
19870715 0 5.63 0.008 22.3
19870716 0 5.52 0.009 22
19870717 0 5.63 0.009 22.3
19870718 0 5.62 0.009 22.3
19870719 0 5.57 0.008 22.2
19870720 0 6.21 0.008 23.9
19870721 0 6.61 0.008 25
19870722 0.1 6.45 0.008 24.6
19870723 0 6.1 0.008 23.7
19870724 0 5.63 0.008 22.5
19870725 2.8 5.55 0.007 22.3
19870726 0.1 4.94 0.007 20.7
19870727 0 5.34 0.007 21.8
19870728 0 6.15 0.007 24
19870729 0.5 6.32 0.007 24.5
19870730 0 5.97 0.007 23.6
19870731 0.1 5.49 0.007 22.3
19870801 0 5.99 0.007 23.7
19870802 0 6.44 0.007 25
19870803 0 7.04 0.006 26.7
19870804 0 7.49 0.006 28
19870805 0 7.43 0.006 27.9
19870806 0 5.96 0.006 23.8
19870807 0 5.52 0.006 22.6
19870808 0 5.79 0.006 23.4
19870809 0 6.23 0.006 24.7
19870810 0.1 6.67 0.006 26
19870811 0 7.27 0.005 27.8
19870812 0 8.01 0.005 30
19870813 0.3 7.85 0.005 29.6
19870814 0 7.52 0.005 28.7
19870815 0 7.53 0.005 28.8
19870816 0 7.29 0.005 28.1
19870817 0 6.39 0.005 25.5
19870818 0 6.81 0.005 26.8
19870819 0 7.15 0.004 27.9
19870820 0 7.41 0.004 28.8
19870821 0.1 7.35 0.004 28.7
19870822 0 6.99 0.004 27.7
19870823 0 6.11 0.004 25
19870824 0 4.86 0.004 21.1
19870825 0.1 4.91 0.004 21.3
19870826 0 5.39 0.004 22.9
19870827 0.4 5.65 0.004 23.8
19870828 1.3 5.17 0.004 22.3
19870829 3.8 4.89 0.004 21.4
19870830 1.1 4.82 0.003 21.2
19870831 0.7 5.03 0.003 22
19870901 0 5.07 0.003 22.2
19870902 0.3 5.3 0.003 23.1
19870903 0 5.45 0.003 23.7
19870904 0 5.53 0.003 24.1
19870905 0.1 5.53 0.003 24.2
19870906 0 5.52 0.003 24.3
19870907 0 5.68 0.003 25
19870908 0 5.9 0.003 26
19870909 0.1 5.89 0.003 26.1
19870910 0.3 5.57 0.003 25
19870911 0.1 5.55 0.003 25.1
19870912 0 5.69 0.003 25.8
19870913 0 5.74 0.003 26.2
19870914 0 5.58 0.002 25.7
19870915 0.1 5.41 0.002 25.2
19870916 0 5.07 0.002 23.9
19870917 0 4.87 0.002 23.2
19870918 0 4.95 0.002 23.7
19870919 0.1 4.81 0.002 23.2
19870920 2.6 4.79 0.002 23.3
19870921 0.2 4.3 0.002 21.2
19870922 0.3 4.12 0.002 20.5
19870923 0.2 4.24 0.002 21.2
19870924 0.4 4.23 0.002 21.3
19870925 7 4.15 0.002 21.1
19870926 0.6 3.82 0.002 19.6
19870927 0.3 3.75 0.002 19.4
19870928 0 3.99 0.002 20.8
19870929 0.7 3.97 0.002 20.9
19870930 0.2 3.87 0.002 20.6
19871001 9.5 3.81 0.002 20.5
19871002 1.8 3.61 0.002 19.6
19871003 0.8 3.26 0.002 17.8
19871004 6.5 3.08 0.002 17
19871005 2.5 2.77 0.002 15.3
19871006 0.5 2.64 0.003 14.7
19871007 0 2.69 0.003 15.2
19871008 0 2.85 0.003 16.4
19871009 7 2.68 0.003 15.5
19871010 8.4 2.06 0.003 11.6
19871011 1.8 1.65 0.004 9
19871012 0 1.94 0.005 11.1
19871013 0 2 0.005 11.7
19871014 0 2.07 0.005 12.4
19871015 1.1 2.16 0.005 13.3
19871016 0.2 2.2 0.004 13.6
19871017 0 2.03 0.004 12.3
19871018 0 2.19 0.004 13.6
19871019 2.2 2.37 0.004 15.1
19871020 0.5 2.27 0.004 14.4
19871021 1.3 1.77 0.004 10.4
19871022 14.7 1.88 0.005 11.3
19871023 15.4 2.16 0.007 13.7
19871024 8.9 2.13 0.012 13.6
19871025 0.1 2.26 0.018 14.8
19871026 0.2 2.38 0.02 16
19871027 2.5 2.37 0.02 16.1
19871028 0.1 1.93 0.02 12.3
19871029 0.1 1.69 0.02 10.1
19871030 0 1.79 0.019 11.2
19871031 0.1 1.87 0.018 12.1
19871101 0 1.94 0.018 12.9
19871102 2.5 1.92 0.017 12.9
19871103 5.6 1.96 0.018 13.5
19871104 4.8 1.89 0.019 13
19871105 0.2 1.83 0.022 12.5
19871106 7.6 1.77 0.024 12.1
19871107 12.9 1.73 0.028 11.9
19871108 6.5 1.72 0.035 12
19871109 0.1 1.7 0.043 12
19871110 0 1.61 0.046 11.2
19871111 0 1.59 0.045 11.2
19871112 0 1.51 0.043 10.5
19871113 2.1 1.41 0.041 9.5
19871114 0.2 1.33 0.04 8.7
19871115 0 1.21 0.039 7.3
19871116 0 1.3 0.038 8.7
19871117 0 1.38 0.036 9.9
19871118 0 1.4 0.034 10.3
19871119 0 1.39 0.033 10.3
19871120 0 1.38 0.031 10.3
19871121 0 1.24 0.03 8.3
19871122 0.1 1.06 0.029 5.8
19871123 1.6 1.01 0.028 5.1
19871124 1.6 0.86 0.027 3
19871125 0.1 0.89 0.027 3.4
19871126 0.5 0.92 0.027 4
19871127 0 0.88 0.026 3.4
19871128 0 0.86 0.025 3.3
19871129 0 0.85 0.024 3.1
19871130 0 0.85 0.023 3.3
19871201 0.3 0.89 0.022 4
19871202 7.8 0.94 0.022 5
19871203 10.1 1.11 0.027 8
19871204 6.8 1.14 0.035 8.6
19871205 1.1 1.05 0.044 7.2
19871206 0.3 1.09 0.048 8.1
19871207 0.5 1.04 0.048 7.4
19871208 7.7 1.06 0.049 8
19871209 6.4 1.04 0.053 7.9
19871210 5.8 1.07 0.063 8.7
19871211 22.9 1.11 0.079 9.7
19871212 4.4 1.13 0.107 10.3
19871213 3.3 1.08 0.134 9.6
19871214 1.7 1.04 0.144 9.1
19871215 2 1.1 0.145 10.6
19871216 0 1.14 0.144 11.4
19871217 0 1.11 0.139 10.7
19871218 0 1.11 0.133 10.5
19871219 0 1.11 0.126 10.4
19871220 0.1 1.13 0.119 10.6
19871221 0 1.08 0.113 9.4
19871222 0 1.01 0.107 7.9
19871223 0 0.98 0.102 7.1
19871224 0 0.93 0.097 5.9
19871225 0 0.94 0.092 6.1
19871226 0.1 0.96 0.088 6.3
19871227 0 0.96 0.083 6.3
19871228 0 0.92 0.079 5.3
19871229 0.1 0.82 0.075 3.3
19871230 0.3 0.76 0.072 2
19871231 11.2 0.79 0.073 2.5
19880101 0 0.91 0.082 4.6
19880102 0.7 0.94 0.091 5.1
19880103 0.1 1.02 0.091 6.5
19880104 0 1 0.087 6.1
19880105 3 0.97 0.084 5.3
19880106 0.7 1.01 0.084 5.9
19880107 0 0.93 0.084 4.4
19880108 0 0.92 0.081 4
19880109 0 1.02 0.078 5.9
19880110 0 1.07 0.074 6.6
19880111 4.2 1.09 0.072 6.9
19880112 0.6 1.06 0.074 6.2
19880113 6.6 1.01 0.078 5.2
19880114 3.5 1 0.086 4.8
19880115 4.3 1.06 0.096 5.9
19880116 1.6 1.14 0.104 7.3
19880117 13.4 1.16 0.115 7.3
19880118 1.1 1.18 0.134 7.3
19880119 2.8 1.18 0.151 6.8
19880120 0.1 1.18 0.155 6.5
19880121 0 1.14 0.152 5.6
19880122 0 1.17 0.145 5.7
19880123 0.1 1.22 0.138 6.3
19880124 0.7 1.28 0.131 6.9
19880125 4.3 1.42 0.128 8.6
19880126 1.5 1.54 0.13 10.1
19880127 3.1 1.58 0.134 10.3
19880128 1.4 1.49 0.137 8.8
19880129 3.7 1.48 0.14 8.3
19880130 0.1 1.48 0.142 8
19880131 0.1 1.39 0.141 6.5
19880201 0.8 1.4 0.137 6.4
19880202 0 1.35 0.131 5.4
19880203 0.9 1.27 0.126 4.2
19880204 1.2 1.41 0.122 5.8
19880205 0.4 1.61 0.119 8.1
19880206 2 1.56 0.117 7.2
19880207 0.1 1.34 0.115 4.3
19880208 0 1.45 0.112 5.5
19880209 0 1.63 0.108 7.4
19880210 0 1.66 0.103 7.5
19880211 0 1.56 0.098 6.1
19880212 0 1.66 0.093 7.1
19880213 0 1.66 0.089 6.9
19880214 0 1.79 0.085 8.1
19880215 0.1 1.79 0.081 7.8
19880216 6.9 1.71 0.08 6.7
19880217 0.9 1.72 0.085 6.5
19880218 0 1.75 0.09 6.5
19880219 0 1.86 0.089 7.4
19880220 0.1 2.01 0.085 8.6
19880221 0.1 2.09 0.081 9.1
19880222 0.1 2.06 0.078 8.5
19880223 0.1 2.17 0.075 9.3
19880224 0 2.03 0.072 7.8
19880225 0 1.65 0.069 4.2
19880226 0 1.41 0.066 1.9
19880227 0 1.23 0.063 0.3
19880228 0 1.34 0.06 1.1
19880229 0.4 1.57 0.058 3.1
19880301 0 1.62 0.056 3.4
19880302 0 1.73 0.054 4.2
19880303 0.3 1.91 0.052 5.5
19880304 3 1.88 0.051 5.1
19880305 0.1 1.69 0.052 3.5
19880306 0.1 2.01 0.053 5.9
19880307 0 2.16 0.051 6.9
19880308 0 2.37 0.049 8.3
19880309 0 2.34 0.048 8
19880310 0 2.43 0.046 8.5
19880311 0 2.44 0.044 8.4
19880312 0 2.57 0.043 9.2
19880313 0.5 2.65 0.041 9.6
19880314 0.7 2.9 0.04 11.2
19880315 0.1 2.79 0.04 10.3
19880316 0 2.91 0.039 11.1
19880317 0 3.11 0.038 12.3
19880318 0 3.18 0.037 12.6
19880319 0 3.36 0.035 13.6
19880320 0 3.51 0.034 14.4
19880321 2.4 3.28 0.034 12.8
19880322 0 2.78 0.034 9.5
19880323 0 3.1 0.033 11.4
19880324 0 3.33 0.033 12.7
19880325 0 3.8 0.032 15.4
19880326 0 3.84 0.031 15.5
19880327 0 3.61 0.03 14
19880328 0 3.62 0.029 13.9
19880329 0.2 3.5 0.028 13.1
19880330 0 2.81 0.028 9
19880331 0 2.94 0.027 9.7
19880401 0 3.1 0.026 10.5
19880402 12.5 3.02 0.027 10
19880403 11.5 2.38 0.031 6.4
19880404 9.5 2.15 0.039 5.1
19880405 4.3 2.38 0.049 6.3
19880406 3.2 2.68 0.055 7.9
19880407 0.8 2.97 0.059 9.4
19880408 2.4 3.13 0.06 10.2
19880409 0.4 3.32 0.06 11.1
19880410 0.2 3.43 0.059 11.6
19880411 8.6 3.64 0.059 12.6
19880412 1.4 3.69 0.062 12.8
19880413 0.2 4 0.065 14.3
19880414 0 4.32 0.065 15.8
19880415 0.1 4.6 0.063 17.1
19880416 0.9 4.54 0.06 16.7
19880417 1.1 4.28 0.058 15.3
19880418 3.5 4.29 0.058 15.3
19880419 2.8 4.2 0.058 14.8
19880420 0.1 3.87 0.058 13.2
19880421 0 4.21 0.058 14.7
19880422 0.2 4.18 0.056 14.5
19880423 0 3.55 0.054 11.6
19880424 0.3 3.38 0.052 10.8
19880425 10.2 3.06 0.051 9.4
19880426 6.4 2.81 0.054 8.3
19880427 0.7 3.24 0.059 10.2
19880428 0.1 3.38 0.061 10.8
19880429 0 3.75 0.059 12.4
19880430 0.1 3.83 0.057 12.7
19880501 3.2 3.71 0.055 12.2
19880502 1.8 3.3 0.055 10.5
19880503 0.9 3.47 0.055 11.2
19880504 2.2 3.93 0.054 13.1
19880505 3.4 4 0.054 13.4
19880506 0.8 4.28 0.054 14.5
19880507 0.3 4.23 0.054 14.3
19880508 1.9 4.56 0.053 15.6
19880509 4.1 4.64 0.052 15.9
19880510 9.3 4.34 0.054 14.7
19880511 7.3 4.23 0.058 14.3
19880512 6.1 3.94 0.064 13.2
19880513 2.3 3.78 0.069 12.6
19880514 0.2 3.99 0.071 13.4
19880515 0 4.2 0.07 14.2
19880516 2.8 4.41 0.068 15
19880517 0 4.4 0.067 15
19880518 0 4.4 0.065 15
19880519 0 4.41 0.063 15.1
19880520 0 4.85 0.06 16.7
19880521 0 5.22 0.058 18
19880522 1.4 5.41 0.056 18.7
19880523 1.1 5.35 0.054 18.5
19880524 4 4.99 0.053 17.3
19880525 1.9 4.89 0.053 17
19880526 0.1 5 0.053 17.4
19880527 0 4.65 0.052 16.3
19880528 0 4.78 0.05 16.8
19880529 0 4.89 0.048 17.2
19880530 0 5.25 0.047 18.4
19880531 0 5.55 0.045 19.4
19880601 0 5.88 0.043 20.5
19880602 0.1 6.45 0.042 22.3
19880603 6.7 6.61 0.041 22.8
19880604 1.5 5.97 0.041 20.9
19880605 0 4.8 0.04 17.4
19880606 0 4.67 0.04 17.1
19880607 5.1 4.74 0.039 17.4
19880608 10.4 4.27 0.039 16.1
19880609 7.8 3.99 0.041 15.4
19880610 1 4.05 0.044 15.7
19880611 1.1 3.8 0.045 15.1
19880612 1.2 3.94 0.045 15.6
19880613 9.4 3.75 0.045 15.2
19880614 0.6 3.74 0.046 15.3
19880615 4.8 4.13 0.048 16.5
19880616 0.8 4.15 0.048 16.6
19880617 4.2 4.09 0.049 16.5
19880618 0 4.28 0.049 17.1
19880619 0 5.22 0.049 19.7
19880620 0.5 5.64 0.047 20.9
19880621 0.4 5.95 0.046 21.8
19880622 0.4 5.71 0.045 21.2
19880623 5.1 5.65 0.044 21.1
19880624 2 4.89 0.044 19.1
19880625 3.5 4.79 0.044 18.9
19880626 12.8 4.43 0.045 18
19880627 4.2 4.41 0.049 18
19880628 1.7 4.27 0.053 17.7
19880629 3.5 4.25 0.054 17.7
19880630 5.7 3.63 0.055 16.1
19880701 0.1 4.24 0.056 17.8
19880702 0.2 4.63 0.057 18.9
19880703 0.2 4.61 0.055 18.9
19880704 0.9 4.36 0.053 18.3
19880705 1.6 3.76 0.052 16.8
19880706 0 4.23 0.051 18.1
19880707 0 4.89 0.049 19.9
19880708 0 5.37 0.048 21.2
19880709 0 6.19 0.046 23.4
19880710 0 6.7 0.044 24.8
19880711 0 7.34 0.043 26.5
19880712 0 7.78 0.041 27.7
19880713 0 7.26 0.04 26.4
19880714 0 7.09 0.039 26
19880715 0 6.84 0.037 25.4
19880716 0 6.88 0.036 25.5
19880717 0 7.05 0.035 26
19880718 0.3 7.35 0.034 26.8
19880719 0 6.76 0.033 25.3
19880720 0 6.06 0.032 23.5
19880721 0 6.8 0.031 25.5
19880722 0 7.28 0.03 26.8
19880723 2.1 7.27 0.029 26.8
19880724 0 6.91 0.028 25.9
19880725 0 7.23 0.028 26.8
19880726 0 7.74 0.027 28.2
19880727 0 7.9 0.026 28.7
19880728 0 7.92 0.026 28.8
19880729 0 7.64 0.025 28.1
19880730 0 7.29 0.024 27.2
19880731 0 7.24 0.024 27.1
19880801 0 7.58 0.023 28.1
19880802 0 7.92 0.023 29.1
19880803 0 6.57 0.022 25.4
19880804 0 5.95 0.022 23.7
19880805 0 6.65 0.021 25.7
19880806 0 6.84 0.021 26.3
19880807 0 6.29 0.02 24.8
19880808 0 6.46 0.02 25.3
19880809 0 6.86 0.019 26.5
19880810 0 6.74 0.019 26.2
19880811 0 6.51 0.019 25.6
19880812 0 6.46 0.018 25.5
19880813 0 6.68 0.018 26.2
19880814 0 6.8 0.017 26.6
19880815 0 6.85 0.017 26.8
19880816 0 6.61 0.017 26.1
19880817 0 6.46 0.017 25.7
19880818 0 6.64 0.016 26.3
19880819 0 6.72 0.016 26.6
19880820 0 6.5 0.016 26
19880821 0 5.79 0.015 23.9
19880822 0 5.1 0.015 21.8
19880823 0 4.96 0.015 21.4
19880824 0 5.46 0.015 23
19880825 0 5.84 0.015 24.3
19880826 0 6.22 0.014 25.6
19880827 0 6.47 0.014 26.5
19880828 0 6.26 0.014 25.9
19880829 0 5.28 0.014 22.7
19880830 0 5.31 0.013 22.9
19880831 0 5.06 0.013 22.1
19880901 0 4.75 0.013 21.1
19880902 0 4.71 0.013 21
19880903 0 4.8 0.013 21.4
19880904 0 5.39 0.013 23.6
19880905 0 5.86 0.012 25.4
19880906 0 6.36 0.012 27.4
19880907 0.1 6.61 0.012 28.5
19880908 0 6.4 0.012 27.9
19880909 0.5 5.86 0.012 26
19880910 0 5.36 0.012 24.2
19880911 0 5.07 0.012 23.2
19880912 0 5.11 0.011 23.5
19880913 0 5.03 0.011 23.3
19880914 0 3.68 0.011 17.9
19880915 0 2.63 0.011 13.6
19880916 0 2.7 0.011 13.9
19880917 0 2.8 0.011 14.3
19880918 0 3.08 0.011 15.5
19880919 0 3.3 0.011 16.5
19880920 0 3.55 0.011 17.7
19880921 0 3.8 0.01 18.9
19880922 0 3.84 0.01 19.2
19880923 0 3.67 0.01 18.5
19880924 0 3.87 0.01 19.6
19880925 0 4.05 0.01 20.6
19880926 0 4.18 0.01 21.4
19880927 0 4.12 0.01 21.3
19880928 0 4.16 0.01 21.7
19880929 0.2 4.04 0.01 21.3
19880930 17.9 3.48 0.01 18.5
19881001 0.5 2.83 0.01 15.1
19881002 0 3.25 0.01 17.6
19881003 0.2 3.62 0.01 19.9
19881004 0 3.7 0.01 20.6
19881005 0 3.64 0.01 20.5
19881006 0 3.41 0.01 19.4
19881007 0 3.34 0.01 19.2
19881008 0 3.37 0.009 19.7
19881009 0.8 3.34 0.009 19.8
19881010 0.6 3.11 0.009 18.6
19881011 1.3 2.71 0.009 16.2
19881012 0 2.06 0.009 11.9
19881013 0.1 2.12 0.009 12.5
19881014 11 2.06 0.009 12.3
19881015 7.5 2.28 0.009 14.2
19881016 28.3 2.23 0.011 13.8
19881017 5.6 2.17 0.014 13.4
19881018 7.5 1.97 0.018 11.9
19881019 0.4 2 0.021 12.2
19881020 0 1.86 0.023 11.1
19881021 0 2.02 0.023 12.4
19881022 0 2.12 0.022 13.3
19881023 0 2.21 0.021 14.2
19881024 0 2.21 0.021 14.3
19881025 0 2.29 0.02 15.1
19881026 0 2.44 0.02 16.6
19881027 0 2.35 0.019 15.9
19881028 0 2.31 0.019 15.7
19881029 0 2.26 0.018 15.5
19881030 1.6 2.22 0.018 15.3
19881031 0.1 2.12 0.018 14.5
19881101 1.3 2.02 0.018 13.7
19881102 0.7 2.02 0.018 13.9
19881103 0.9 1.99 0.017 13.8
19881104 0 1.97 0.017 13.8
19881105 0 1.9 0.017 13.3
19881106 0.3 1.87 0.017 13.2
19881107 7.1 1.83 0.017 13
19881108 2.9 1.81 0.018 13
19881109 0.2 1.77 0.019 12.8
19881110 2.1 1.73 0.02 12.6
19881111 23.9 1.76 0.022 13.3
19881112 12.9 1.65 0.031 12.3
19881113 0.3 1.68 0.042 12.9
19881114 0 1.62 0.049 12.5
19881115 0 1.53 0.048 11.7
19881116 0 1.48 0.046 11.1
19881117 0 1.45 0.044 10.8
19881118 0 1.32 0.043 9.2
19881119 0 1.27 0.041 8.5
19881120 2.2 1.18 0.04 7.3
19881121 1 1.18 0.039 7.5
19881122 0.4 0.92 0.039 3.8
19881123 0 0.89 0.039 3.4
19881124 0 0.94 0.037 4.2
19881125 4.1 0.96 0.037 4.5
19881126 1.7 1.02 0.037 5.6
19881127 0 1.1 0.039 6.9
19881128 0 1.03 0.038 5.9
19881129 0.2 1 0.037 5.6
19881130 12.1 0.99 0.038 5.5
19881201 2.4 1.07 0.043 7
19881202 0.1 1.03 0.049 6.5
19881203 0 1.09 0.05 7.6
19881204 0 1.01 0.048 6.5
19881205 0 0.97 0.046 5.8
19881206 0 0.95 0.044 5.7
19881207 0 0.88 0.043 4.5
19881208 0 0.83 0.041 3.7
19881209 0 0.84 0.039 4
19881210 0 0.87 0.038 4.9
19881211 0 0.91 0.037 5.7
19881212 0 0.91 0.035 5.9
19881213 0 0.88 0.034 5.5
19881214 0 0.77 0.033 3.5
19881215 0 0.75 0.032 3.2
19881216 0 0.75 0.031 3.2
19881217 0 0.75 0.03 3.1
19881218 0 0.79 0.029 3.9
19881219 0 0.77 0.028 3.3
19881220 0 0.85 0.027 4.8
19881221 0 0.93 0.026 6.3
19881222 0 0.89 0.025 5.4
19881223 0 0.87 0.024 5
19881224 0 0.86 0.024 4.6
19881225 0 0.91 0.023 5.4
19881226 0 0.92 0.022 5.6
19881227 0 0.87 0.022 4.5
19881228 0 0.9 0.021 5
19881229 0 0.95 0.021 5.7
19881230 0 0.96 0.02 5.9
19881231 0 0.91 0.02 4.8
19890101 0 0.91 0.019 4.7
19890102 0 0.9 0.019 4.3
19890103 0 0.77 0.018 1.7
19890104 0 0.75 0.018 1.2
19890105 0.3 0.81 0.018 2.3
19890106 12.9 0.87 0.019 3.4
19890107 0.7 1 0.024 5.6
19890108 0 1.06 0.029 6.7
19890109 0 0.99 0.03 5.3
19890110 0.6 1.02 0.029 5.6
19890111 0 1.11 0.028 7.2
19890112 0 1.08 0.028 6.6
19890113 0 1.07 0.027 6.3
19890114 0 1.06 0.026 6
19890115 0 1.03 0.025 5.3
19890116 0 1.05 0.024 5.7
19890117 0.1 1.07 0.024 5.6
19890118 0 1.13 0.023 6.4
19890119 0.1 1.11 0.023 5.7
19890120 0.2 1.13 0.022 5.7
19890121 0 1.07 0.022 4.4
19890122 0 1.09 0.021 4.5
19890123 0 1.12 0.021 4.7
19890124 0 1.09 0.02 4
19890125 0 1.1 0.02 3.9
19890126 0 1.22 0.019 5.3
19890127 0.1 1.18 0.019 4.5
19890128 0 1.19 0.018 4.5
19890129 0 1.23 0.018 4.7
19890130 0 1.26 0.018 5
19890131 0.1 1.3 0.017 5.2
19890201 0 1.39 0.017 6.3
19890202 0 1.38 0.016 5.9
19890203 0 1.4 0.016 5.9
19890204 0 1.43 0.016 6.1
19890205 0 1.33 0.016 4.6
19890206 0.1 1.35 0.015 4.6
19890207 2.6 1.42 0.015 5.3
19890208 8.3 1.6 0.017 7.2
19890209 1.7 1.51 0.02 6
19890210 0.2 1.61 0.023 6.9
19890211 0 1.6 0.023 6.6
19890212 0 1.65 0.023 7
19890213 0 1.63 0.022 6.5
19890214 0 1.79 0.022 8.2
19890215 0 1.78 0.021 7.7
19890216 0 1.86 0.021 8.3
19890217 0 1.95 0.02 8.9
19890218 0 2.05 0.02 9.6
19890219 0 2.06 0.019 9.4
19890220 0.2 2.12 0.019 9.7
19890221 0.2 2.16 0.018 9.8
19890222 2.1 2.11 0.018 9
19890223 4.4 1.99 0.019 7.6
19890224 7 1.81 0.021 5.8
19890225 3.4 1.98 0.024 7.1
19890226 3.1 2.02 0.028 7.3
19890227 1.6 1.93 0.03 6.3
19890228 0 2.27 0.031 9
19890301 0.1 2.5 0.031 10.7
19890302 0 2.39 0.03 9.6
19890303 0 2.56 0.029 10.7
19890304 0 2.62 0.028 11
19890305 0 2.79 0.027 12.1
19890306 0 2.78 0.026 11.8
19890307 0.5 2.81 0.026 11.8
19890308 0 2.96 0.025 12.7
19890309 0 2.86 0.024 11.8
19890310 0 3.07 0.024 13.1
19890311 0 3.23 0.023 14
19890312 0 3.34 0.022 14.6
19890313 0.3 3.17 0.022 13.2
19890314 0.1 2.88 0.021 11
19890315 0 2.91 0.021 11.1
19890316 3.1 3 0.02 11.7
19890317 1.6 2.75 0.021 9.9
19890318 10.6 2.13 0.022 5.7
19890319 0.2 2.33 0.024 6.9
19890320 0 2.79 0.026 9.8
19890321 0 2.84 0.026 10
19890322 0 3.14 0.026 11.8
19890323 0 3.18 0.025 11.9
19890324 0 3.33 0.024 12.7
19890325 0 3.65 0.023 14.5
19890326 0 3.77 0.022 15.1
19890327 0.1 3.7 0.022 14.5
19890328 12 2.59 0.022 7.9
19890329 2.8 2.48 0.024 7.2
19890330 3.3 2.86 0.027 9.3
19890331 1.6 2.87 0.029 9.3
19890401 0.1 3.26 0.03 11.4
19890402 3.9 3.15 0.03 10.7
19890403 7 2.49 0.031 7
19890404 4.8 1.99 0.034 4.2
19890405 1.1 2.19 0.037 5.3
19890406 2.4 2.55 0.039 7.2
19890407 1.7 3.12 0.039 10.2
19890408 3.8 3.34 0.04 11.3
19890409 1.3 3.24 0.041 10.7
19890410 0.6 3.18 0.042 10.3
19890411 0.6 3.36 0.041 11.2
19890412 1.5 3.24 0.04 10.5
19890413 1.4 3.17 0.04 10.1
19890414 0 3.04 0.039 9.4
19890415 0 3.39 0.039 11.1
19890416 0 3.05 0.037 9.4
19890417 0 2.85 0.036 8.4
19890418 0 3.12 0.034 9.7
19890419 2.6 3.4 0.033 11
19890420 2.5 3.45 0.033 11.2
19890421 0 3.56 0.033 11.7
19890422 4.8 3.94 0.034 13.4
19890423 2.5 3.97 0.034 13.5
19890424 5.8 3.33 0.036 10.6
19890425 8.4 3.35 0.038 10.7
19890426 3.3 2.61 0.043 7.4
19890427 0 2.58 0.046 7.3
19890428 0 3.45 0.046 11.1
19890429 0 3.5 0.045 11.3
19890430 0 3.49 0.043 11.3
19890501 0 3.8 0.041 12.6
19890502 0 4.17 0.04 14.1
19890503 0 4.51 0.038 15.5
19890504 0 4.57 0.037 15.7
19890505 0.2 4.67 0.035 16.1
19890506 0 4.98 0.034 17.3
19890507 0 5.29 0.033 18.5
19890508 0.5 5.37 0.032 18.8
19890509 0 5.33 0.031 18.6
19890510 0.1 5.16 0.03 17.9
19890511 0 5.17 0.029 17.9
19890512 3.5 5.05 0.028 17.4
19890513 4.2 4.76 0.028 16.3
19890514 0 4.73 0.028 16.2
19890515 0 5.19 0.028 17.9
19890516 0 5.44 0.027 18.8
19890517 0 5.77 0.026 20
19890518 1.1 5.97 0.025 20.7
19890519 0 5.7 0.025 19.7
19890520 0 5.87 0.024 20.3
19890521 4.1 5.53 0.023 19.1
19890522 5.7 4.89 0.023 16.9
19890523 6.8 4.53 0.024 15.7
19890524 20.6 4.37 0.027 15.2
19890525 1.7 4.44 0.032 15.5
19890526 0.7 4.85 0.036 16.9
19890527 9.7 4.71 0.038 16.5
19890528 7.5 4.63 0.04 16.3
19890529 5.5 4.45 0.045 15.8
19890530 4.6 4.4 0.05 15.7
19890531 4 4.41 0.053 15.8
19890601 3 4.38 0.056 15.8
19890602 0.7 4.13 0.057 15.1
19890603 0.6 4.1 0.057 15.1
19890604 0.2 4.23 0.055 15.6
19890605 0 4.5 0.053 16.5
19890606 0 4.74 0.051 17.3
19890607 0.1 5.01 0.049 18.2
19890608 0 5.12 0.047 18.6
19890609 0 5.16 0.045 18.8
19890610 0 5.27 0.043 19.2
19890611 0 5.95 0.042 21.2
19890612 0 6.52 0.04 22.9
19890613 1.5 7 0.038 24.3
19890614 13.5 6.74 0.038 23.6
19890615 0 6.21 0.04 22.2
19890616 0.1 6.52 0.041 23.1
19890617 0.5 6.86 0.041 24.1
19890618 9.4 6.3 0.04 22.6
19890619 5.7 5.84 0.041 21.4
19890620 0.2 5.6 0.043 20.8
19890621 0 5.98 0.043 21.9
19890622 0 6.48 0.042 23.3
19890623 0.5 6.8 0.04 24.2
19890624 0.1 7.11 0.039 25.1
19890625 0 7.21 0.037 25.4
19890626 0 7 0.036 24.9
19890627 0 6.65 0.035 24
19890628 0 6.56 0.033 23.8
19890629 0 6.99 0.032 25
19890630 0.1 7.53 0.031 26.5
19890701 0 7.67 0.03 26.9
19890702 0 7.39 0.029 26.2
19890703 0 7.48 0.028 26.5
19890704 0.6 6.9 0.027 25
19890705 0 6.5 0.026 24
19890706 0 6.44 0.025 23.9
19890707 0 6.31 0.024 23.6
19890708 0 6.71 0.023 24.7
19890709 0.1 6.88 0.022 25.2
19890710 0.1 6.93 0.022 25.4
19890711 2.1 6.8 0.021 25.1
19890712 0 6.47 0.02 24.3
19890713 0 6.84 0.02 25.3
19890714 0 7.24 0.019 26.4
19890715 0 7.22 0.019 26.4
19890716 0 7.53 0.018 27.2
19890717 0 7.67 0.018 27.6
19890718 0 8 0.017 28.5
19890719 0.1 8.29 0.017 29.3
19890720 0.4 8.46 0.016 29.8
19890721 0.2 8.17 0.016 29.1
19890722 0.2 7.81 0.015 28.2
19890723 0 7.08 0.015 26.3
19890724 0 6.76 0.014 25.5
19890725 0 7.08 0.014 26.4
19890726 0 7.4 0.014 27.3
19890727 0 7.57 0.013 27.8
19890728 0 7.81 0.013 28.5
19890729 1.7 7.82 0.013 28.6
19890730 0.8 7.26 0.012 27.1
19890731 0.2 7.67 0.012 28.3
19890801 0.3 7.94 0.012 29.1
19890802 1.7 7.89 0.011 29
19890803 0.1 6.21 0.011 24.4
19890804 0.1 5.98 0.011 23.8
19890805 0.1 5.86 0.011 23.5
19890806 0 6.24 0.01 24.6
19890807 0 6.51 0.01 25.4
19890808 0 6.67 0.01 25.9
19890809 1.2 6.58 0.01 25.7
19890810 1.1 6.67 0.01 26
19890811 0 6.72 0.009 26.2
19890812 0 6.8 0.009 26.5
19890813 0 6.79 0.009 26.5
19890814 0 6.7 0.009 26.3
19890815 0 6.44 0.009 25.6
19890816 0 6.27 0.008 25.1
19890817 0 6.29 0.008 25.2
19890818 0 6.61 0.008 26.2
19890819 1.7 6.68 0.008 26.5
19890820 0 6.66 0.008 26.5
19890821 0 6.76 0.008 26.9
19890822 0 6.96 0.007 27.6
19890823 0 6.9 0.007 27.5
19890824 0.7 6.96 0.007 27.8
19890825 0.9 6.71 0.007 27.1
19890826 0 6.38 0.007 26.1
19890827 0 6.13 0.007 25.4
19890828 0 5.66 0.007 23.9
19890829 0 5.87 0.006 24.7
19890830 0.4 5.52 0.006 23.6
19890831 0.6 4.97 0.006 21.8
19890901 0 4.67 0.006 20.8
19890902 0 4.88 0.006 21.6
19890903 3.9 4.94 0.006 21.9
19890904 18 4.7 0.006 21.1
19890905 9.6 3.45 0.006 16.6
19890906 2.1 3.31 0.007 16.1
19890907 25.8 3.36 0.008 16.3
19890908 3.1 3.48 0.011 16.8
19890909 0.4 3.78 0.014 18
19890910 0.2 3.64 0.015 17.5
19890911 0 3.73 0.015 17.9
19890912 0 4.01 0.014 19.1
19890913 0 4.19 0.014 19.9
19890914 0 4.38 0.013 20.8
19890915 0 4.6 0.013 21.8
19890916 0 4.59 0.013 21.9
19890917 0.1 4.34 0.012 20.9
19890918 0.5 4.24 0.012 20.6
19890919 0 4.06 0.012 19.9
19890920 0.1 4.15 0.011 20.4
19890921 0 4.1 0.011 20.3
19890922 0 4.12 0.011 20.5
19890923 0 3.94 0.01 19.8
19890924 0 4.1 0.01 20.7
19890925 0 4.23 0.01 21.5
19890926 0 4.2 0.01 21.5
19890927 0 4.1 0.009 21.2
19890928 0 3.85 0.009 20.1
19890929 0 3.45 0.009 18.2
19890930 0 3.26 0.008 17.3
19891001 0 3.25 0.008 17.4
19891002 0 3.31 0.008 17.9
19891003 0 3.36 0.008 18.4
19891004 0 3.41 0.008 18.9
19891005 0 3.39 0.007 19
19891006 0 3.3 0.007 18.7
19891007 0 3.26 0.007 18.7
19891008 0 2.99 0.007 17.3
19891009 0 2.66 0.007 15.4
19891010 0 2.46 0.007 14.3
19891011 0 2.45 0.006 14.4
19891012 0 2.5 0.006 15
19891013 0.1 2.55 0.006 15.6
19891014 0 2.47 0.006 15.3
19891015 2 2.28 0.006 14.2
19891016 0.3 2.35 0.006 14.7
19891017 12.8 2.51 0.006 16
19891018 3.5 2.41 0.007 15.3
19891019 0.1 2.37 0.007 15.1
19891020 0 2.25 0.007 14.2
19891021 0 2.41 0.007 15.6
19891022 0 2.55 0.007 16.9
19891023 0 2.45 0.007 16.2
19891024 0 2.46 0.007 16.4
19891025 0 2.3 0.007 15.2
19891026 0 2.2 0.007 14.4
19891027 2.2 2.27 0.006 15.2
19891028 0 2.2 0.006 14.7
19891029 0 2.18 0.006 14.7
19891030 0 2.21 0.006 15.2
19891031 0 2.25 0.006 15.8
19891101 0 2.25 0.006 16
19891102 0 2.07 0.006 14.4
19891103 0.1 1.73 0.006 11.1
19891104 0 1.46 0.006 8.5
19891105 0 1.52 0.006 9.2
19891106 0 1.49 0.005 9
19891107 0 1.67 0.005 11.2
19891108 0 1.65 0.005 11.2
19891109 0 1.7 0.005 12
19891110 0 1.72 0.005 12.5
19891111 0 1.78 0.005 13.5
19891112 0 1.8 0.005 14.1
19891113 0.1 1.71 0.005 13.4
19891114 6.1 1.63 0.005 12.6
19891115 1.7 1.64 0.005 13.2
19891116 2.5 1.52 0.005 11.6
19891117 4.2 1.49 0.006 11.4
19891118 1.8 1.32 0.006 9.1
19891119 15.2 1.35 0.007 9.7
19891120 7.2 1.44 0.009 11.1
19891121 13.5 1.32 0.013 9.5
19891122 11.8 1.3 0.019 9.3
19891123 3.2 1.35 0.026 10.3
19891124 1.8 1.31 0.031 9.8
19891125 1.8 1.31 0.033 10
19891126 9.5 1.3 0.035 9.9
19891127 8.2 1.32 0.04 10.4
19891128 0.8 1.38 0.047 11.6
19891129 1 1.32 0.052 10.8
19891130 10.3 1.29 0.054 10.5
19891201 2.6 1.27 0.059 10.3
19891202 0.1 1.2 0.065 9.4
19891203 8.2 1.06 0.068 7.2
19891204 2.5 1.1 0.072 8
19891205 4.7 1.14 0.078 8.9
19891206 4.7 1.16 0.083 9.4
19891207 1.9 1.19 0.088 10.2
19891208 2.1 1.15 0.091 9.7
19891209 2.3 1.15 0.093 10
19891210 0.2 1.16 0.093 10.4
19891211 0.5 1.07 0.091 8.8
19891212 5.6 1.07 0.09 9.2
19891213 6 1.16 0.093 11.3
19891214 1.6 1.22 0.101 12.7
19891215 1 1.21 0.106 12.8
19891216 9 1.21 0.108 12.8
19891217 12.8 1.17 0.121 11.8
19891218 11.3 1.1 0.148 10.3
19891219 0.5 1.03 0.178 8.6
19891220 0.2 1.05 0.192 9
19891221 3.9 1.08 0.189 9.4
19891222 1.1 1.04 0.187 8.4
19891223 0.2 0.95 0.184 6.6
19891224 0.1 0.89 0.178 5.2
19891225 6.8 0.87 0.173 4.7
19891226 5.8 0.96 0.179 6.3
19891227 0.3 1 0.191 7.1
19891228 0.2 1.03 0.195 7.4
19891229 0.3 1.07 0.188 8.1
19891230 0.4 1.08 0.179 8.2
19891231 0.1 1.09 0.171 8.3
19900101 5.6 1.07 0.166 7.8
19900102 3.9 1.05 0.17 7.2
19900103 1.7 1.05 0.179 7.1
19900104 1 1 0.183 6.1
19900105 0.2 1.02 0.18 6.3
19900106 0.1 0.97 0.173 5.3
19900107 0.6 1 0.165 5.7
19900108 0 0.99 0.158 5.4
19900109 0 0.97 0.15 4.9
19900110 0.4 0.93 0.143 4.1
19900111 0.1 0.96 0.136 4.5
19900112 0.1 1.03 0.13 5.6
19900113 0.1 1.06 0.124 6.1
19900114 0 1.05 0.118 5.8
19900115 0.2 1.04 0.113 5.4
19900116 0 1 0.108 4.8
19900117 0 0.95 0.103 3.6
19900118 0 0.89 0.098 2.3
19900119 0 0.99 0.093 3.7
19900120 0 1.02 0.089 3.9
19900121 0 1.08 0.085 4.6
19900122 0 1.09 0.081 4.5
19900123 0.1 1.1 0.077 4.3
19900124 0.1 1.19 0.074 5.5
19900125 0.1 1.38 0.071 8
19900126 1.3 1.42 0.069 8.3
19900127 4 1.44 0.069 8.3
19900128 3.4 1.32 0.074 6.3
19900129 2.5 1.18 0.082 4
19900130 0.4 1.34 0.088 6.1
19900131 4.2 1.32 0.091 5.5
19900201 0.2 1.31 0.094 5.2
19900202 0 1.47 0.095 7.1
19900203 0 1.47 0.093 6.8
19900204 0 1.57 0.089 7.8
19900205 0 1.64 0.085 8.5
19900206 0 1.7 0.081 9
19900207 0 1.85 0.078 10.5
19900208 0 1.8 0.074 9.7
19900209 0 1.87 0.071 10.3
19900210 0 1.8 0.068 9.2
19900211 0 1.81 0.065 9
19900212 0 1.81 0.063 8.8
19900213 0 1.93 0.06 9.9
19900214 0 1.93 0.058 9.7
19900215 0 1.96 0.056 9.7
19900216 0 2.02 0.054 10
19900217 0 2.13 0.052 10.8
19900218 0 2.14 0.05 10.5
19900219 0 2.13 0.048 10.1
19900220 0 2.32 0.046 11.6
19900221 0 2.4 0.045 12.1
19900222 0 2.44 0.043 12.1
19900223 0 2.55 0.042 12.8
19900224 0 2.62 0.04 13.1
19900225 0 2.54 0.039 12.1
19900226 0 2.44 0.038 10.9
19900227 0 2.64 0.037 12.4
19900228 0 2.71 0.036 12.7
19900301 0 2.52 0.035 10.9
19900302 2.7 2.14 0.034 7.5
19900303 1.1 1.69 0.035 3.7
19900304 0.3 1.81 0.036 4.6
19900305 0 2.06 0.036 6.4
19900306 0 2.36 0.035 8.6
19900307 0.1 2.52 0.034 9.6
19900308 2.3 2.53 0.033 9.5
19900309 0 2.69 0.034 10.5
19900310 0 2.78 0.034 11
19900311 2.1 3.14 0.033 13.4
19900312 0.9 3.21 0.033 13.7
19900313 0 3.16 0.034 13.1
19900314 0 3.08 0.033 12.4
19900315 0 3.2 0.033 13
19900316 0 3.14 0.032 12.6
19900317 0 3.01 0.031 11.6
19900318 0 3.12 0.03 12.2
19900319 0 3.11 0.029 12
19900320 0 3.37 0.029 13.5
19900321 0 3.66 0.028 15.2
19900322 0.3 3.81 0.027 16
19900323 7.9 3.55 0.027 14.2
19900324 3.7 3.23 0.029 12.1
19900325 0.1 3.19 0.032 11.7
19900326 0 2.59 0.033 8
19900327 0 2.33 0.032 6.4
19900328 0 2.41 0.031 6.8
19900329 0 2.5 0.03 7.3
19900330 0.6 2.34 0.03 6.3
19900331 0.7 2.77 0.029 8.7
19900401 6.1 3.06 0.029 10.3
19900402 0.8 2.84 0.03 9
19900403 0.2 2.93 0.031 9.4
19900404 1 3.05 0.031 10
19900405 8.7 3.1 0.032 10.2
19900406 4.9 3.13 0.034 10.3
19900407 3.6 2.97 0.038 9.4
19900408 10.3 2.94 0.042 9.2
19900409 2.5 2.8 0.047 8.4
19900410 0.1 2.33 0.051 5.9
19900411 0 2.89 0.052 8.8
19900412 0 3.49 0.05 11.8
19900413 1.1 3.59 0.049 12.2
19900414 0.1 3.6 0.047 12.2
19900415 0.2 3.69 0.046 12.6
19900416 0 3.66 0.045 12.4
19900417 0 3.59 0.043 12
19900418 0 3.16 0.042 9.9
19900419 0 3.29 0.041 10.5
19900420 0.1 3.13 0.039 9.7
19900421 0 2.57 0.038 7.1
19900422 0.1 2.61 0.037 7.3
19900423 0.1 2.78 0.036 8.1
19900424 0.5 3.2 0.035 10
19900425 5.5 3.26 0.034 10.3
19900426 0.4 3.49 0.035 11.3
19900427 0.3 3.7 0.035 12.2
19900428 3 3.87 0.035 12.9
19900429 3.2 3.64 0.035 11.9
19900430 0.9 3.45 0.036 11.1
19900501 3.1 3.45 0.036 11.1
19900502 0.2 3.49 0.036 11.3
19900503 0.1 3.68 0.036 12.1
19900504 0 3.85 0.035 12.8
19900505 0 4.13 0.034 13.9
19900506 0 4.35 0.033 14.8
19900507 0 4.58 0.032 15.7
19900508 0 4.74 0.031 16.3
19900509 0.3 4.54 0.031 15.5
19900510 0.6 4.08 0.03 13.7
19900511 1.3 4.67 0.029 16
19900512 6.3 4.52 0.029 15.4
19900513 0.1 4.47 0.029 15.2
19900514 0 4.84 0.03 16.6
19900515 0 5.33 0.029 18.4
19900516 4.9 5.73 0.029 19.9
19900517 0.1 5.52 0.029 19.1
19900518 0 5.58 0.029 19.3
19900519 0.7 5.67 0.028 19.6
19900520 0 5.47 0.027 18.9
19900521 0.1 5.22 0.027 18
19900522 0.1 5.09 0.026 17.6
19900523 0.2 4.8 0.026 16.6
19900524 0 4.67 0.025 16.2
19900525 0 5.16 0.024 17.9
19900526 0.5 5.66 0.024 19.6
19900527 4.9 5.83 0.023 20.2
19900528 0.3 5.03 0.023 17.6
19900529 0 5.54 0.023 19.3
19900530 0 6 0.023 20.8
19900531 0 5.99 0.022 20.8
19900601 0 6.01 0.022 20.9
19900602 0 6.55 0.021 22.6
19900603 0.2 6.61 0.021 22.8
19900604 2.9 6.5 0.021 22.5
19900605 0 5.73 0.02 20.2
19900606 0 5.51 0.02 19.6
19900607 0 6.16 0.02 21.6
19900608 0 6.62 0.019 23
19900609 0 6.89 0.019 23.8
19900610 0.1 6.73 0.018 23.4
19900611 0 6.09 0.018 21.6
19900612 0 5.99 0.018 21.4
19900613 2.3 6.08 0.017 21.7
19900614 0.1 5.65 0.017 20.6
19900615 0 5.88 0.017 21.3
19900616 0 6.01 0.017 21.7
19900617 0 5.66 0.016 20.8
19900618 0 5.82 0.016 21.3
19900619 0 6.06 0.016 22
19900620 0 6 0.016 21.9
19900621 0 5.8 0.015 21.4
19900622 0 6.11 0.015 22.3
19900623 0 6.83 0.015 24.3
19900624 0 7.07 0.015 25
19900625 0 6.98 0.014 24.8
19900626 0 7.34 0.014 25.8
19900627 0 7.32 0.014 25.8
19900628 0 7.19 0.014 25.5
19900629 0 6.91 0.014 24.8
19900630 0 6.78 0.013 24.5
19900701 0 6.76 0.013 24.5
19900702 0 6.86 0.013 24.8
19900703 0 6.84 0.013 24.8
19900704 0 7.24 0.013 25.9
19900705 0 7.45 0.012 26.5
19900706 0 7.05 0.012 25.5
19900707 0.2 7.14 0.012 25.8
19900708 0 7.32 0.012 26.3
19900709 0 7.72 0.012 27.4
19900710 0 7.93 0.012 28
19900711 0 7.8 0.011 27.7
19900712 0 7.47 0.011 26.9
19900713 0 7.34 0.011 26.6
19900714 0.2 6.7 0.011 25
19900715 0.1 6.29 0.011 24
19900716 0 6.57 0.011 24.7
19900717 0 7.02 0.011 25.9
19900718 0 7.54 0.01 27.3
19900719 0 7.87 0.01 28.2
19900720 0.2 8.46 0.01 29.8
19900721 1.5 8.4 0.01 29.7
19900722 0.3 8.15 0.01 29.1
19900723 0.1 7.83 0.01 28.3
19900724 0.3 7.85 0.01 28.4
19900725 0 7.75 0.009 28.2
19900726 0 6.43 0.009 24.7
19900727 1.1 6.27 0.009 24.3
19900728 5.4 5.45 0.009 22.1
19900729 0.2 5.47 0.009 22.2
19900730 0 6.41 0.009 24.8
19900731 0 7.16 0.009 26.9
19900801 0 7.51 0.009 27.9
19900802 2.4 7.16 0.009 27
19900803 0.7 6.89 0.009 26.3
19900804 0 6.77 0.008 26
19900805 0 7.36 0.008 27.7
19900806 0 7.3 0.008 27.6
19900807 1.1 6.65 0.008 25.8
19900808 1.2 6.17 0.008 24.5
19900809 0.9 6.3 0.008 24.9
19900810 1.3 6.49 0.008 25.5
19900811 1.3 6.68 0.008 26.1
19900812 0.3 7.01 0.008 27.1
19900813 0 6.86 0.008 26.7
19900814 0 6.36 0.008 25.3
19900815 0 6.27 0.007 25.1
19900816 0 6.58 0.007 26
19900817 0 6.76 0.007 26.6
19900818 0.1 6.87 0.007 27
19900819 2.9 7.08 0.007 27.7
19900820 5.2 6.2 0.007 25.1
19900821 1.9 5.95 0.007 24.4
19900822 0.4 6.06 0.007 24.8
19900823 0.1 6.11 0.007 25
19900824 0 6.08 0.007 25
19900825 0 6 0.007 24.8
19900826 0 5.85 0.007 24.4
19900827 0 5.92 0.007 24.7
19900828 0.3 6.11 0.006 25.4
19900829 0 6.08 0.006 25.4
19900830 0 5.52 0.006 23.6
19900831 0 4.92 0.006 21.6
19900901 0 5.07 0.006 22.2
19900902 0.4 5.36 0.006 23.3
19900903 0 5.45 0.006 23.7
19900904 0 5.67 0.006 24.6
19900905 0 5.77 0.006 25.1
19900906 0 5.93 0.006 25.8
19900907 0 5.76 0.006 25.3
19900908 21.9 5.27 0.006 23.6
19900909 6.4 4.77 0.006 21.8
19900910 0 4.9 0.007 22.4
19900911 0.8 5.17 0.007 23.6
19900912 0 5.11 0.007 23.5
19900913 0 4.81 0.007 22.4
19900914 0 4.58 0.007 21.6
19900915 0.2 4.62 0.007 21.9
19900916 6.5 4.33 0.007 20.8
19900917 1.4 4.27 0.007 20.6
19900918 0.4 4.45 0.007 21.5
19900919 0 4.74 0.007 22.9
19900920 0 4.68 0.007 22.8
19900921 0 4.39 0.007 21.6
19900922 0.1 4.18 0.007 20.8
19900923 0 4.03 0.007 20.2
19900924 0 3.71 0.007 18.8
19900925 1 3.66 0.006 18.7
19900926 0.1 3.86 0.006 19.8
19900927 0 4.26 0.006 22
19900928 0 4.53 0.006 23.6
19900929 3.9 4.44 0.006 23.4
19900930 0.4 3.96 0.006 21.1
19901001 0.1 3.79 0.006 20.4
19901002 3.2 3.66 0.006 19.9
19901003 2.6 3.41 0.006 18.7
19901004 0.6 3.17 0.006 17.5
19901005 0.1 3 0.006 16.7
19901006 0.1 3.05 0.006 17.2
19901007 2.6 2.82 0.006 16
19901008 0.5 2.36 0.006 13.3
19901009 0.1 2.22 0.006 12.5
19901010 0.1 2.49 0.006 14.5
19901011 0 2.7 0.006 16.1
19901012 0 2.77 0.006 16.9
19901013 0.1 2.87 0.006 17.9
19901014 2.2 2.81 0.006 17.8
19901015 1.9 2.56 0.006 16.3
19901016 3.5 2.3 0.006 14.3
19901017 0.6 2.22 0.006 13.8
19901018 14 2.11 0.007 13
19901019 1.5 2.04 0.008 12.5
19901020 1 2.01 0.009 12.3
19901021 13.8 2.05 0.01 12.7
19901022 6.2 1.88 0.012 11.3
19901023 2.6 1.91 0.015 11.6
19901024 1.9 1.98 0.017 12.3
19901025 0.2 1.82 0.017 11
19901026 0.6 1.83 0.017 11.2
19901027 1.4 1.77 0.017 10.7
19901028 4.9 1.77 0.017 10.8
19901029 0.5 1.95 0.018 12.6
19901030 0.3 2.11 0.019 14.2
19901031 3.4 2.1 0.019 14.3
19901101 0 1.65 0.019 10.1
19901102 0.1 1.53 0.019 9
19901103 0.1 1.41 0.019 7.8
19901104 0 1.38 0.018 7.6
19901105 0 1.42 0.018 8.2
19901106 0.2 1.61 0.017 10.4
19901107 12.2 1.73 0.018 11.9
19901108 6 1.81 0.021 13
19901109 1.9 1.78 0.025 12.9
19901110 0.2 1.58 0.028 10.8
19901111 0 1.5 0.028 10.1
19901112 0 1.54 0.027 10.9
19901113 0 1.57 0.026 11.5
19901114 0 1.55 0.025 11.6
19901115 0 1.51 0.024 11.4
19901116 0 1.56 0.023 12.2
19901117 0 1.61 0.022 13.1
19901118 0 1.54 0.021 12.3
19901119 0 1.48 0.02 11.6
19901120 0.1 1.4 0.02 10.6
19901121 2.1 1.22 0.019 8.1
19901122 0.1 1.01 0.019 5
19901123 4.6 0.94 0.02 4.1
19901124 19.8 1.13 0.023 7
19901125 1.8 1.07 0.032 6.2
19901126 1.9 0.98 0.04 4.9
19901127 0.1 0.89 0.042 3.6
19901128 0.1 0.88 0.042 3.6
19901129 0 0.87 0.04 3.4
19901130 0 0.84 0.038 3.1
19901201 0 0.88 0.037 3.9
19901202 0 0.93 0.035 4.7
19901203 0 0.91 0.034 4.6
19901204 0 0.97 0.032 5.7
19901205 0 1.02 0.031 6.7
19901206 0 0.98 0.03 6.2
19901207 0.1 0.94 0.029 5.7
19901208 4.6 0.94 0.028 5.8
19901209 0.9 0.75 0.029 2.3
19901210 0.4 0.71 0.031 1.8
19901211 0 0.85 0.031 4.5
19901212 0 0.85 0.03 4.7
19901213 0 0.87 0.029 5.4
19901214 0 0.74 0.028 2.9
19901215 0 0.68 0.026 1.7
19901216 0 0.69 0.025 2.1
19901217 0.1 0.75 0.024 3.1
19901218 0.2 0.79 0.024 3.9
19901219 0.1 0.8 0.023 3.9
19901220 0 0.83 0.022 4.5
19901221 0 0.79 0.021 3.5
19901222 0 0.75 0.021 2.7
19901223 0 0.75 0.02 2.4
19901224 0.1 0.8 0.019 3.3
19901225 4.3 0.81 0.019 3.4
19901226 0.3 0.94 0.02 6
19901227 0.4 1 0.022 7.1
19901228 0.2 1.06 0.022 8
19901229 0.1 1.02 0.021 7.2
19901230 0.1 1.01 0.021 6.8
19901231 0 1.05 0.02 7.5
19910101 0 1.06 0.019 7.6
19910102 0 0.95 0.019 5.3
19910103 0.2 0.89 0.018 4
19910104 0.6 0.88 0.018 3.8
19910105 0 0.85 0.018 3.1
19910106 0.3 0.92 0.017 4.2
19910107 1.2 1.03 0.017 6.3
19910108 0.9 1.13 0.017 8
19910109 0.1 1.21 0.017 9.3
19910110 0 1.24 0.017 9.7
19910111 0.2 1.16 0.017 8.2
19910112 1 1.04 0.017 5.9
19910113 0 0.89 0.017 2.9
19910114 0 0.8 0.016 1.3
19910115 0 0.78 0.016 0.8
19910116 0 0.86 0.016 2.3
19910117 0 1.05 0.015 5.4
19910118 0 1.18 0.015 7.3
19910119 0 1.16 0.014 6.6
19910120 0.2 1.15 0.014 6.1
19910121 0 1.13 0.014 5.4
19910122 0 1.01 0.013 3.2
19910123 0.1 1.1 0.013 4.3
19910124 0.2 1.11 0.013 4.2
19910125 1.1 1.11 0.013 4
19910126 1.4 1.18 0.013 4.8
19910127 0.2 1.19 0.013 4.6
19910128 0 1.16 0.013 4
19910129 1.5 1.09 0.013 2.8
19910130 0.4 1.17 0.014 3.7
19910131 0.5 1.1 0.014 2.5
19910201 7.7 1.22 0.015 3.9
19910202 3.3 1.23 0.017 3.9
19910203 0.7 1.34 0.021 5.1
19910204 0.2 1.43 0.022 6.1
19910205 0.2 1.4 0.022 5.5
19910206 3.4 1.45 0.022 5.9
19910207 0.4 1.53 0.023 6.6
19910208 0.2 1.37 0.024 4.5
19910209 2.2 1.47 0.024 5.5
19910210 0.5 1.51 0.024 5.8
19910211 0 1.25 0.024 2.6
19910212 0 1.11 0.024 0.8
19910213 0 1.24 0.023 2.2
19910214 0 1.24 0.022 2
19910215 0.2 1.17 0.021 1.1
19910216 4 1.26 0.021 1.8
19910217 4.7 1.42 0.023 3.3
19910218 5 1.59 0.026 4.9
19910219 3.7 1.77 0.03 6.5
19910220 0.5 1.92 0.034 7.7
19910221 0.2 1.86 0.035 6.9
19910222 0 2.01 0.035 8.1
19910223 0 2.08 0.033 8.5
19910224 0.1 2.23 0.032 9.6
19910225 0.2 2.3 0.031 10
19910226 0.2 2.21 0.03 8.9
19910227 2.2 2.14 0.029 8.1
19910228 10.5 2.05 0.031 7.1
19910301 1.3 2.09 0.036 7.3
19910302 0 2.17 0.04 7.8
19910303 0 2.57 0.04 10.8
19910304 0.1 2.61 0.039 10.9
19910305 3.3 2.46 0.038 9.5
19910306 6.9 2.39 0.039 8.8
19910307 4 2.34 0.043 8.3
19910308 3.5 2.23 0.048 7.3
19910309 5.1 2.37 0.053 8.2
19910310 0.4 2.71 0.056 10.5
19910311 0 2.75 0.058 10.6
19910312 2.6 2.69 0.057 10
19910313 9.8 2.52 0.058 8.7
19910314 0.3 2.89 0.063 11.1
19910315 1.1 2.85 0.068 10.7
19910316 2.9 2.82 0.068 10.5
19910317 3.1 2.66 0.068 9.3
19910318 0 2.76 0.069 9.8
19910319 0 3.19 0.069 12.5
19910320 0.1 3.45 0.066 14
19910321 0.4 3.22 0.063 12.4
19910322 0.4 2.54 0.061 8
19910323 0.3 2.4 0.058 7.1
19910324 1.4 2.04 0.056 4.8
19910325 1.2 2.36 0.055 6.7
19910326 1 2.69 0.054 8.6
19910327 0.1 2.92 0.053 9.9
19910328 0 3.05 0.051 10.6
19910329 0 3.07 0.049 10.6
19910330 0 3 0.047 10.1
19910331 0.2 3 0.045 10
19910401 0 3.04 0.043 10.2
19910402 0 3.13 0.041 10.6
19910403 1.9 2.91 0.04 9.3
19910404 3.7 2.56 0.04 7.3
19910405 0.4 2.56 0.04 7.3
19910406 0 2.85 0.04 8.8
19910407 0.1 3.42 0.039 11.8
19910408 0 3.76 0.037 13.5
19910409 0 3.91 0.036 14.2
19910410 0 3.99 0.035 14.5
19910411 0 4.03 0.033 14.6
19910412 0.5 3.91 0.032 13.9
19910413 0.5 3.29 0.031 10.7
19910414 12.4 3.3 0.031 10.7
19910415 10 3.21 0.035 10.2
19910416 1.9 3.4 0.041 11.1
19910417 0.9 3.45 0.045 11.3
19910418 0.5 3.37 0.045 10.9
19910419 0 3.44 0.044 11.2
19910420 0 3.11 0.043 9.6
19910421 0 2.96 0.041 8.9
19910422 0 3.24 0.039 10.2
19910423 0 3.39 0.038 10.9
19910424 0.3 3.51 0.036 11.4
19910425 0.3 3.08 0.035 9.5
19910426 0 2.97 0.034 9
19910427 0 3.1 0.033 9.6
19910428 0 3.73 0.031 12.3
19910429 0 3.99 0.03 13.4
19910430 0 4.49 0.029 15.5
19910501 0.7 4.09 0.028 13.8
19910502 0.1 2.84 0.027 8.6
19910503 0 2.71 0.026 8.1
19910504 0 2.7 0.026 8.1
19910505 0 3.29 0.025 10.5
19910506 0 2.91 0.024 9
19910507 0.1 3.32 0.023 10.7
19910508 2.1 2.91 0.022 9.1
19910509 0.1 2.67 0.022 8.2
19910510 0 2.97 0.022 9.4
19910511 0 3.11 0.021 10
19910512 0 3.52 0.02 11.6
19910513 0 4.04 0.02 13.6
19910514 0 4.44 0.019 15.1
19910515 0 4.98 0.019 17.1
19910516 0 4.79 0.018 16.4
19910517 0 4.57 0.017 15.6
19910518 0 4.48 0.017 15.3
19910519 0 4.41 0.016 15.1
19910520 0 4.66 0.016 16
19910521 0 4.73 0.016 16.3
19910522 0 4.84 0.015 16.7
19910523 0 5.38 0.015 18.6
19910524 0 5.9 0.014 20.4
19910525 0 5.69 0.014 19.7
19910526 0 5.57 0.014 19.3
19910527 0 5.44 0.013 18.9
19910528 0 5.73 0.013 19.9
19910529 0.3 5.88 0.013 20.4
19910530 0.5 5.53 0.012 19.3
19910531 5.5 4.69 0.012 16.7
19910601 3.7 4.54 0.012 16.3
19910602 2.2 4.61 0.012 16.6
19910603 0.4 4.85 0.012 17.4
19910604 0 5.32 0.012 18.9
19910605 0 5.2 0.012 18.6
19910606 0 5.17 0.012 18.6
19910607 0 4.84 0.011 17.7
19910608 0 5.05 0.011 18.4
19910609 0 6.16 0.011 21.7
19910610 0 6.59 0.011 23
19910611 0 6.19 0.01 21.9
19910612 0 6.91 0.01 24
19910613 0.7 7.5 0.01 25.7
19910614 0.1 7.64 0.01 26.1
19910615 0.4 7.62 0.01 26.1
19910616 0 7.14 0.009 24.8
19910617 0 5.7 0.009 20.9
19910618 0 5.42 0.009 20.2
19910619 0 5.51 0.009 20.5
19910620 0 6.11 0.009 22.2
19910621 0 6.72 0.008 23.9
19910622 0 7 0.008 24.7
19910623 0 7.31 0.008 25.6
19910624 0 7.78 0.008 26.9
19910625 0 8.02 0.008 27.6
19910626 0 8.19 0.007 28.1
19910627 0 7.88 0.007 27.3
19910628 0 7.08 0.007 25.2
19910629 0 6.69 0.007 24.2
19910630 0 6.56 0.007 23.9
19910701 6.3 6.65 0.007 24.2
19910702 4.4 6.1 0.007 22.8
19910703 0.3 5.7 0.007 21.8
19910704 0.1 5.87 0.006 22.3
19910705 0 5.32 0.006 20.9
19910706 0 4.92 0.006 19.9
19910707 0 5.5 0.006 21.5
19910708 0 6.71 0.006 24.7
19910709 0 7.26 0.006 26.2
19910710 0 7.55 0.006 27
19910711 0 8.03 0.006 28.3
19910712 0.4 8.32 0.006 29.1
19910713 0.1 8.3 0.005 29.1
19910714 0 8.06 0.005 28.5
19910715 0 8.19 0.005 28.9
19910716 0 8.47 0.005 29.6
19910717 0 8.68 0.005 30.2
19910718 0 8.54 0.005 29.9
19910719 0.4 8.37 0.005 29.5
19910720 2.2 7.66 0.004 27.7
19910721 0 7.26 0.004 26.7
19910722 0 7.28 0.004 26.8
19910723 0 7.42 0.004 27.2
19910724 0 7.55 0.004 27.6
19910725 0 7.34 0.004 27.1
19910726 0.1 7.29 0.004 27
19910727 0 7.46 0.004 27.5
19910728 0 7.48 0.004 27.6
19910729 0 5.84 0.003 23.2
19910730 0 4.8 0.003 20.4
19910731 0 5.05 0.003 21.1
19910801 0 6.06 0.003 23.9
19910802 0 6.95 0.003 26.4
19910803 0 7.58 0.003 28.2
19910804 0 7.84 0.003 29
19910805 0 7.86 0.003 29.1
19910806 0 7.94 0.003 29.4
19910807 0 7.78 0.003 29
19910808 0 6.17 0.003 24.5
19910809 0 4.97 0.002 21.1
19910810 0 5.31 0.002 22.1
19910811 0 5.36 0.002 22.3
19910812 0 6.08 0.002 24.4
19910813 0 6.79 0.002 26.5
19910814 0 7.32 0.002 28.1
19910815 0 7.6 0.002 29
19910816 0 7.81 0.002 29.6
19910817 1.3 7.77 0.002 29.6
19910818 0 7.54 0.002 29
19910819 0 7.38 0.002 28.6
19910820 0 7.31 0.002 28.5
19910821 0 7.48 0.001 29.1
19910822 0 5.97 0.001 24.5
19910823 0 5.95 0.001 24.5
19910824 0 6.56 0.001 26.5
19910825 0.2 6.84 0.001 27.5
19910826 0.8 6.9 0.001 27.8
19910827 1.2 6.62 0.001 27
19910828 1.4 6.17 0.001 25.6
19910829 0 6.08 0.001 25.4
19910830 0 5.73 0.001 24.3
19910831 0 5.38 0.001 23.2
19910901 0 5.41 0.001 23.4
19910902 0 5.59 0.001 24.1
19910903 1.8 5.62 0 24.3
19910904 5.3 5.45 0 23.8
19910905 15.4 5.12 0 22.7
19910906 6.9 4.55 0.001 20.7
19910907 0.1 4.88 0.001 22
19910908 0 5.11 0.001 23
19910909 0 5.29 0.001 23.8
19910910 1.7 5.31 0.001 24
19910911 0.7 4.97 0.001 22.8
19910912 0.1 4.46 0.001 20.9
19910913 0 4.51 0.001 21.2
19910914 0 4.72 0.001 22.2
19910915 0 4.93 0.001 23.2
19910916 0 5.04 0.001 23.8
19910917 0 5.2 0.001 24.6
19910918 0 5.3 0.001 25.2
19910919 0 5.3 0.001 25.4
19910920 1.4 5.06 0.001 24.5
19910921 4.9 4.8 0.001 23.5
19910922 0.1 4.64 0.001 22.9
19910923 0 4.66 0.001 23.2
19910924 1.7 4.52 0.001 22.7
19910925 4.8 3.76 0.001 19.2
19910926 0.1 3.07 0.001 15.9
19910927 0.6 2.72 0.001 14.2
19910928 11.2 2.52 0.001 13.2
19910929 1.1 2.39 0.002 12.6
19910930 0 2.6 0.002 13.8
19911001 0 2.86 0.002 15.3
19911002 0 2.77 0.002 14.9
19911003 0 2.98 0.002 16.2
19911004 0 2.86 0.002 15.7
19911005 0 2.98 0.002 16.6
19911006 0 2.8 0.002 15.7
19911007 0 2.71 0.002 15.3
19911008 0.6 2.62 0.002 14.9
19911009 19.1 2.29 0.002 13
19911010 15.1 2.12 0.004 12
19911011 4.1 2.01 0.008 11.4
19911012 2 1.97 0.011 11.3
19911013 1.7 1.99 0.013 11.6
19911014 4.9 1.88 0.013 11
19911015 1.5 1.82 0.015 10.7
19911016 0.2 1.86 0.016 11
19911017 0.1 1.91 0.016 11.4
19911018 0 2 0.015 12.1
19911019 0.5 1.93 0.014 11.6
19911020 0 1.49 0.014 8.1
19911021 0 1.38 0.013 7.2
19911022 0.2 1.37 0.013 7.1
19911023 2.2 1.38 0.012 7.2
19911024 1.4 1.61 0.012 9.1
19911025 10.3 1.67 0.014 9.7
19911026 2.8 1.82 0.016 11.1
19911027 0.2 1.69 0.019 10
19911028 0.2 1.67 0.02 9.9
19911029 0 1.86 0.019 11.7
19911030 0 1.73 0.019 10.6
19911031 0 1.84 0.018 11.8
19911101 0 1.92 0.017 12.7
19911102 0 1.89 0.016 12.6
19911103 0.5 2.03 0.015 14.2
19911104 1.4 1.94 0.015 13.5
19911105 0 1.47 0.015 8.7
19911106 0 1.29 0.014 6.8
19911107 0 1.31 0.014 7.2
19911108 0 1.4 0.013 8.3
19911109 0 1.4 0.013 8.5
19911110 0 1.33 0.012 7.9
19911111 0 1.3 0.012 7.6
19911112 0.1 1.26 0.011 7.3
19911113 1.8 1.27 0.011 7.7
19911114 0.4 1.26 0.011 7.8
19911115 1.8 1.37 0.011 9.5
19911116 0 1.37 0.011 9.6
19911117 0 1.3 0.011 8.8
19911118 0.9 1.29 0.01 8.7
19911119 1 1.25 0.01 8.3
19911120 0.3 1.04 0.01 5.3
19911121 0.5 0.94 0.01 3.9
19911122 0 0.95 0.01 4.1
19911123 0 0.87 0.01 3
19911124 0 0.91 0.009 3.7
19911125 0 1.11 0.009 6.8
19911126 0 1.24 0.009 9
19911127 0 1.19 0.008 8.4
19911128 5 1.23 0.008 9.2
19911129 13.1 1.23 0.01 9.3
19911130 6.2 1.18 0.015 8.6
19911201 4.4 1.11 0.021 7.7
19911202 6.9 1.01 0.026 6.2
19911203 0.2 1.05 0.03 7
19911204 0 1.01 0.032 6.5
19911205 0.1 1.05 0.032 7.3
19911206 0 1.09 0.03 8.2
19911207 0.4 1.04 0.029 7.4
19911208 2.4 0.99 0.028 6.8
19911209 0.2 0.98 0.028 6.7
19911210 0 0.91 0.028 5.5
19911211 0 0.94 0.027 6.3
19911212 0.2 0.92 0.026 6.1
19911213 0.1 0.92 0.025 6.3
19911214 5.5 0.91 0.025 6.4
19911215 3.1 0.91 0.027 6.6
19911216 0 0.95 0.029 7.5
19911217 0 0.85 0.03 5.3
19911218 0 0.84 0.029 4.9
19911219 0 0.85 0.028 5
19911220 0 0.89 0.026 5.6
19911221 0 0.86 0.025 4.9
19911222 0 0.92 0.024 6
19911223 0 1 0.023 7.5
19911224 0 0.98 0.022 7
19911225 0 0.94 0.021 6.1
19911226 0 0.9 0.02 5.1
19911227 0 0.83 0.019 3.7
19911228 0 0.87 0.018 4.4
19911229 0 0.9 0.018 4.8
19911230 0 0.87 0.017 4.1
19911231 0 0.75 0.016 1.6
19920101 0 0.81 0.015 2.8
19920102 0 0.91 0.015 4.6
19920103 0 0.9 0.014 4.3
19920104 0 0.81 0.014 2.5
19920105 0 0.82 0.013 2.5
19920106 0 0.86 0.013 3.1
19920107 0.1 0.94 0.012 4.5
19920108 0.4 1.07 0.012 6.9
19920109 0.4 0.99 0.011 5.3
19920110 0 0.87 0.011 2.9
19920111 0 0.79 0.011 1.4
19920112 0.1 0.84 0.011 2.1
19920113 0 0.84 0.01 2.1
19920114 0 0.96 0.01 4.1
19920115 0.1 0.95 0.01 3.8
19920116 0 0.9 0.009 3
19920117 0 0.9 0.009 2.6
19920118 0 0.91 0.009 2.6
19920119 0 0.93 0.008 2.6
19920120 0 0.88 0.008 1.5
19920121 0 0.88 0.008 1.4
19920122 0.5 0.9 0.008 1.5
19920123 0.4 0.8 0.008 -0.4
19920124 0.1 0.96 0.007 1.9
19920125 0 1.1 0.007 3.9
19920126 0 1.12 0.007 3.9
19920127 0 1.04 0.007 2.5
19920128 0 1.08 0.007 2.8
19920129 0 1.24 0.007 4.9
19920130 0.3 1.32 0.006 5.8
19920131 0 1.33 0.006 5.7
19920201 0 1.3 0.006 5
19920202 0 1.35 0.006 5.4
19920203 0 1.35 0.006 5.2
19920204 0 1.43 0.006 6
19920205 0 1.6 0.005 8
19920206 0 1.62 0.005 8
19920207 0 1.67 0.005 8.4
19920208 0 1.61 0.005 7.4
19920209 0 1.57 0.005 6.7
19920210 0 1.6 0.005 6.8
19920211 0 1.74 0.005 8.2
19920212 1.8 1.72 0.005 7.8
19920213 0.1 1.65 0.005 6.8
19920214 0 1.63 0.005 6.4
19920215 0 1.83 0.005 8.3
19920216 0 1.86 0.005 8.3
19920217 0.4 1.88 0.005 8.2
19920218 18.8 1.78 0.006 6.8
19920219 12.4 1.45 0.012 3.3
19920220 8.8 1.42 0.022 2.8
19920221 0.2 1.46 0.031 3
19920222 0 1.54 0.036 3.6
19920223 0.1 1.66 0.035 4.6
19920224 6.4 1.67 0.035 4.5
19920225 1.4 1.83 0.037 5.8
19920226 0 1.94 0.039 6.6
19920227 0.1 1.95 0.039 6.5
19920228 0 2.03 0.037 7
19920229 0.1 2.07 0.036 7.3
19920301 1 2.15 0.034 7.8
19920302 0.5 2.17 0.033 7.8
19920303 0.3 2.16 0.033 7.5
19920304 0.4 2.24 0.032 8
19920305 0 2.41 0.031 9.1
19920306 0 2.55 0.03 10
19920307 0 2.62 0.028 10.4
19920308 0 2.77 0.027 11.3
19920309 0.1 2.54 0.026 9.4
19920310 0 2.49 0.025 8.9
19920311 0 2.56 0.024 9.3
19920312 0 2.7 0.023 10.1
19920313 0 2.72 0.022 10.1
19920314 0 2.89 0.021 11.1
19920315 0 2.96 0.02 11.4
19920316 0 3.11 0.019 12.4
19920317 0.1 3.13 0.018 12.4
19920318 0 3.29 0.017 13.3
19920319 0 3.27 0.017 13
19920320 0 3.34 0.016 13.3
19920321 0 3.58 0.015 14.7
19920322 0 3.64 0.015 14.9
19920323 0.5 3.44 0.014 13.5
19920324 0.7 2.51 0.014 7.7
19920325 0.1 1.98 0.013 4.4
19920326 1.5 1.77 0.013 3.1
19920327 0.3 2.08 0.013 4.9
19920328 0.1 2.15 0.013 5.3
19920329 0.3 2.35 0.012 6.4
19920330 10.7 2.34 0.013 6.3
19920331 2.7 2.01 0.015 4.4
19920401 3.9 2.25 0.017 5.7
19920402 8.4 2.65 0.02 7.9
19920403 8.2 2.78 0.023 8.6
19920404 4.3 2.72 0.029 8.2
19920405 0.6 2.77 0.033 8.4
19920406 2.5 2.5 0.035 6.9
19920407 1.6 2.86 0.035 8.8
19920408 0.5 2.91 0.035 9
19920409 0 3.03 0.035 9.6
19920410 0 3 0.034 9.4
19920411 0 3.36 0.032 11.2
19920412 0 3.53 0.031 12
19920413 0.1 3.63 0.029 12.4
19920414 0 3.84 0.028 13.4
19920415 0 3.65 0.027 12.4
19920416 0 3.07 0.026 9.5
19920417 0 2.93 0.024 8.8
19920418 0 3.92 0.023 13.5
19920419 0 4.22 0.022 14.9
19920420 0 4.45 0.021 15.9
19920421 0 4.77 0.021 17.3
19920422 0 4.87 0.02 17.7
19920423 0 4.91 0.019 17.8
19920424 0 5.02 0.018 18.2
19920425 0 5.09 0.017 18.4
19920426 0 5.26 0.016 19.1
19920427 0 5.26 0.016 19
19920428 0 5.14 0.015 18.4
19920429 0 3.94 0.014 13.2
19920430 0.2 4.13 0.014 14
19920501 3.1 4.45 0.013 15.3
19920502 1.9 3.56 0.013 11.6
19920503 0.6 3.1 0.013 9.7
19920504 0 3.56 0.013 11.6
19920505 0.3 4.03 0.013 13.5
19920506 1.9 4.35 0.012 14.8
19920507 0.3 4.51 0.012 15.4
19920508 0 4.71 0.012 16.2
19920509 0 5.03 0.011 17.4
19920510 0 5.34 0.011 18.6
19920511 0 5.53 0.011 19.3
19920512 0.1 5.73 0.01 20
19920513 0.1 5.74 0.01 20
19920514 0.7 5.78 0.009 20.1
19920515 0 5.89 0.009 20.5
19920516 0 6.03 0.009 21
19920517 0 6.09 0.008 21.2
19920518 1.1 6.24 0.008 21.7
19920519 0.5 6 0.008 20.8
19920520 1.4 5.84 0.008 20.2
19920521 1.3 5.79 0.007 20
19920522 0.3 5.5 0.007 19
19920523 3.7 4.59 0.007 15.9
19920524 0.2 4.7 0.007 16.3
19920525 0 4.89 0.007 17
19920526 0 5.51 0.007 19.1
19920527 0.1 5.26 0.006 18.3
19920528 3.7 4.66 0.006 16.4
19920529 11.6 4.36 0.006 15.5
19920530 9.4 4.68 0.007 16.6
19920531 0.4 4.72 0.008 16.8
19920601 0.8 4.25 0.009 15.4
19920602 0.2 4.22 0.009 15.4
19920603 0.3 3.93 0.009 14.6
19920604 0 3.84 0.009 14.4
19920605 0.1 3.63 0.008 13.9
19920606 2.8 3.46 0.008 13.5
19920607 0.6 3.28 0.008 13.1
19920608 3 3.58 0.008 14.1
19920609 1.4 3.37 0.008 13.6
19920610 0.3 3.12 0.008 13
19920611 0.3 3.49 0.008 14.2
19920612 6.1 3.69 0.008 14.9
19920613 15.1 3.36 0.009 14.1
19920614 6.5 3.24 0.012 13.9
19920615 15.3 3.37 0.017 14.4
19920616 2.7 3.78 0.022 15.6
19920617 2.8 4.2 0.027 16.8
19920618 0.8 4.65 0.029 18.1
19920619 0.1 4.78 0.029 18.5
19920620 1.3 4.2 0.028 17
19920621 1.5 3.48 0.027 15.1
19920622 44 3.31 0.034 14.7
19920623 9.1 2.87 0.058 13.6
19920624 0.4 3.4 0.084 15.1
19920625 0 4.42 0.093 17.9
19920626 0 5.22 0.091 20.1
19920627 0 5.83 0.086 21.8
19920628 0 6.11 0.081 22.6
19920629 0 6.05 0.077 22.5
19920630 0 5.54 0.073 21.2
19920701 0 5.11 0.069 20.1
19920702 0 5.57 0.066 21.4
19920703 0 6.12 0.063 22.9
19920704 0 6.33 0.059 23.5
19920705 0 5.4 0.056 21.1
19920706 0.1 4.92 0.054 19.9
19920707 0.4 5.12 0.051 20.5
19920708 0 5.48 0.049 21.5
19920709 0 5.84 0.047 22.5
19920710 0 5.86 0.044 22.6
19920711 0.1 5.95 0.042 22.9
19920712 0 6.63 0.04 24.7
19920713 0 7.03 0.038 25.8
19920714 0 7.32 0.036 26.6
19920715 0.3 7.34 0.035 26.7
19920716 0.1 7.15 0.033 26.2
19920717 0 7.13 0.031 26.2
19920718 0 7.31 0.03 26.7
19920719 0 7.25 0.028 26.6
19920720 0.4 7.47 0.027 27.2
19920721 0 6.73 0.026 25.3
19920722 0 6.71 0.025 25.3
19920723 0.1 7.11 0.024 26.4
19920724 0.3 7.14 0.022 26.5
19920725 0 7.04 0.021 26.3
19920726 0 7.33 0.021 27.1
19920727 0.1 7.49 0.02 27.6
19920728 0.3 7.55 0.019 27.8
19920729 2 7.31 0.018 27.2
19920730 0.2 6.89 0.017 26.1
19920731 1.1 7.02 0.016 26.5
19920801 2.8 7.18 0.016 27
19920802 1.3 7.24 0.015 27.2
19920803 0.1 7.29 0.015 27.4
19920804 0.3 7.63 0.014 28.4
19920805 0.8 7.75 0.014 28.8
19920806 0.9 7.73 0.013 28.8
19920807 2.1 7.67 0.013 28.7
19920808 0 6.31 0.012 24.9
19920809 0 4.69 0.012 20.3
19920810 0 5.03 0.011 21.3
19920811 0 5.43 0.011 22.5
19920812 0 5.91 0.01 23.9
19920813 0 6.13 0.01 24.6
19920814 0.2 6.08 0.009 24.5
19920815 0 6.17 0.009 24.8
19920816 0 6.65 0.009 26.2
19920817 0 7 0.008 27.3
19920818 0 7.37 0.008 28.5
19920819 0.6 6.98 0.008 27.4
19920820 0.1 5.61 0.007 23.3
19920821 0 5.5 0.007 23
19920822 0 5.81 0.007 24
19920823 0 6.2 0.006 25.3
19920824 0.1 6.84 0.006 27.4
19920825 0.1 7.21 0.006 28.7
19920826 0 6.38 0.006 26.1
19920827 0 6.01 0.005 25
19920828 0.3 5.36 0.005 22.9
19920829 0 4.09 0.005 18.7
19920830 0 4.11 0.005 18.8
19920831 0.3 4.04 0.004 18.6
19920901 0 3.92 0.004 18.2
19920902 0 4.71 0.004 21
19920903 0 5 0.004 22.1
19920904 0 5.14 0.004 22.7
19920905 0 5.25 0.003 23.2
19920906 0 5.44 0.003 24
19920907 0 5.33 0.003 23.7
19920908 0 4.98 0.003 22.5
19920909 0 4.49 0.003 20.7
19920910 0 4.74 0.003 21.8
19920911 0 4.82 0.003 22.2
19920912 0 4.91 0.002 22.7
19920913 0 5.03 0.002 23.3
19920914 0 5.11 0.002 23.8
19920915 0 5.12 0.002 24
19920916 0.1 5.26 0.002 24.7
19920917 0 5.36 0.002 25.3
19920918 0.6 5.05 0.002 24.1
19920919 0.2 4.81 0.002 23.2
19920920 0 4.64 0.001 22.6
19920921 0.1 4.13 0.001 20.4
19920922 0 3.37 0.001 17
19920923 0 3.18 0.001 16.2
19920924 0.1 3.54 0.001 18
19920925 7.9 3.66 0.001 18.7
19920926 8.8 3.24 0.001 16.7
19920927 0.4 2.47 0.001 12.9
19920928 0.2 2.63 0.001 13.8
19920929 0 3 0.001 15.8
19920930 0 3.29 0.001 17.5
19921001 0 3.45 0.001 18.5
19921002 0 3.45 0.001 18.7
19921003 0 3.36 0.001 18.4
19921004 0 2.71 0.001 14.8
19921005 0.2 2.53 0.001 13.9
19921006 0 2.52 0.001 14
19921007 0.3 2.44 0.001 13.6
19921008 7.4 2.27 0.001 12.7
19921009 2.1 2.14 0.001 12
19921010 1.7 2.09 0.001 11.8
19921011 6.7 1.92 0.001 10.8
19921012 3.4 1.81 0.002 10.2
19921013 0.4 1.81 0.002 10.3
19921014 0.1 1.86 0.002 10.8
19921015 1.6 1.73 0.002 10
19921016 8.5 1.89 0.002 11.2
19921017 1.6 1.78 0.003 10.4
19921018 17 1.62 0.004 9.2
19921019 9.1 1.93 0.007 11.6
19921020 2 1.99 0.011 12.1
19921021 0.4 1.66 0.013 9.5
19921022 0.2 1.37 0.014 7.1
19921023 0 1.64 0.013 9.4
19921024 0 1.91 0.013 11.7
19921025 0 1.98 0.012 12.4
19921026 0.1 1.88 0.012 11.6
19921027 1 1.81 0.011 11.1
19921028 1.6 1.9 0.011 12
19921029 14.9 2.14 0.012 14.3
19921030 5.2 1.95 0.016 12.7
19921031 1 1.44 0.021 7.9
19921101 0 1.38 0.023 7.4
19921102 0 1.45 0.023 8.2
19921103 0 1.68 0.022 10.6
19921104 0 1.74 0.021 11.4
19921105 0 1.86 0.02 12.9
19921106 0 1.81 0.019 12.5
19921107 0.2 1.79 0.018 12.5
19921108 0 1.76 0.017 12.4
19921109 0.1 1.68 0.017 11.8
19921110 0 1.62 0.016 11.3
19921111 0 1.53 0.015 10.5
19921112 0 1.57 0.014 11.3
19921113 0 1.57 0.014 11.6
19921114 0.1 1.53 0.013 11.3
19921115 1.8 1.4 0.013 9.9
19921116 0 1.2 0.013 7.3
19921117 0 1.25 0.012 8.1
19921118 0 1.37 0.012 9.8
19921119 0 1.32 0.012 9.3
19921120 0 1.34 0.011 9.7
19921121 0 1.35 0.011 9.9
19921122 0 1.36 0.01 10.2
19921123 0 1.32 0.01 9.8
19921124 0 1.27 0.009 9.1
19921125 0 1.31 0.009 9.9
19921126 0 1.27 0.008 9.4
19921127 0 1.21 0.008 8.6
19921128 0 1.16 0.008 8.1
19921129 0 1.14 0.007 7.8
19921130 0 1.12 0.007 7.7
19921201 0 1.14 0.007 8.1
19921202 2.2 1.17 0.007 8.8
19921203 0.8 1.23 0.007 10.1
19921204 12.2 1.18 0.008 9.4
19921205 0.7 1.13 0.011 8.7
19921206 2.5 1.07 0.013 7.9
19921207 1.3 1.07 0.014 8
19921208 0.2 0.92 0.015 5.5
19921209 0.3 0.93 0.015 5.8
19921210 0.2 0.94 0.014 6.1
19921211 0 0.86 0.014 4.7
19921212 0.2 0.84 0.014 4.5
19921213 0.2 0.88 0.013 5.5
19921214 0.4 0.87 0.013 5.6
19921215 6.1 0.82 0.013 4.8
19921216 1.4 0.88 0.014 5.9
19921217 0.1 0.88 0.016 5.9
19921218 0.2 0.86 0.016 5.3
19921219 0 0.91 0.016 6.3
19921220 0 0.99 0.015 7.7
19921221 0.2 0.97 0.015 7.2
19921222 0.9 1 0.014 7.7
19921223 0.2 1.02 0.014 7.9
19921224 0.3 1.03 0.014 7.9
19921225 0.2 1 0.013 7.3
19921226 0.2 1 0.013 7.1
19921227 0 0.98 0.012 6.6
19921228 0 0.86 0.012 4.2
19921229 0 0.82 0.012 3.2
19921230 0 0.77 0.011 2.2
19921231 0 0.75 0.011 1.6
19930101 0 0.77 0.01 1.9
19930102 0 0.8 0.01 2.4
19930103 0 0.77 0.009 1.8
19930104 0 0.75 0.009 1.2
19930105 0 0.88 0.009 3.6
19930106 0 0.94 0.008 4.6
19930107 0 0.98 0.008 5.3
19930108 0 1.02 0.008 5.9
19930109 0 1.03 0.007 6
19930110 0 0.97 0.007 4.7
19930111 0 0.87 0.007 2.8
19930112 0 1.01 0.007 5.3
19930113 0 1.09 0.006 6.7
19930114 0 1.04 0.006 5.6
19930115 0 1 0.006 4.8
19930116 0 1.03 0.006 5.3
19930117 0 1.05 0.006 5.4
19930118 0 1.04 0.005 4.8
19930119 0 1.02 0.005 4.2
19930120 0 1.05 0.005 4.3
19930121 0 1.08 0.005 4.6
19930122 0 1.12 0.005 5
19930123 0 1.16 0.005 5.3
19930124 0 1.19 0.004 5.5
19930125 0 1.2 0.004 5.3
19930126 0 1.28 0.004 6.2
19930127 0 1.26 0.004 5.7
19930128 0 1.27 0.004 5.6
19930129 0 1.3 0.004 5.8
19930130 0.6 1.39 0.004 6.7
19930131 0.3 1.5 0.004 8
19930201 2.5 1.56 0.004 8.5
19930202 1.2 1.47 0.004 7.1
19930203 0 1.32 0.005 4.9
19930204 0.1 1.39 0.005 5.5
19930205 0 1.45 0.005 6.1
19930206 0 1.51 0.005 6.6
19930207 0 1.54 0.004 6.7
19930208 0 1.47 0.004 5.7
19930209 0.3 1.51 0.004 5.9
19930210 1.7 1.6 0.004 6.8
19930211 4 1.69 0.005 7.7
19930212 0.7 1.7 0.005 7.5
19930213 0 1.58 0.006 6
19930214 0 1.66 0.006 6.7
19930215 0 1.69 0.006 6.7
19930216 0 1.68 0.006 6.3
19930217 0 1.65 0.006 5.7
19930218 0 1.78 0.005 6.8
19930219 0 1.89 0.005 7.7
19930220 0 1.9 0.005 7.5
19930221 0 2 0.005 8.2
19930222 0 1.87 0.005 6.7
19930223 0 1.6 0.004 4
19930224 0 1.68 0.004 4.6
19930225 0.1 1.63 0.004 4
19930226 0.6 1.77 0.004 5.1
19930227 0.3 1.65 0.004 3.9
19930228 0 1.48 0.004 2.3
19930301 0.1 1.06 0.004 -1.3
19930302 0.3 1.24 0.004 0.2
19930303 0 1.7 0.004 3.8
19930304 0 1.98 0.004 5.9
19930305 0 2.19 0.003 7.4
19930306 0 2.36 0.003 8.6
19930307 0 2.4 0.003 8.7
19930308 0 2.47 0.003 9.1
19930309 0 2.55 0.003 9.5
19930310 0.1 2.54 0.003 9.3
19930311 0.2 2.48 0.003 8.7
19930312 0.8 2.61 0.003 9.5
19930313 7.3 2.55 0.003 8.9
19930314 2.1 2.52 0.004 8.6
19930315 0.2 2.66 0.005 9.4
19930316 0 2.91 0.005 11.1
19930317 0.2 3.17 0.005 12.7
19930318 0 3.24 0.005 13
19930319 0 3.42 0.005 14
19930320 0 3.51 0.004 14.4
19930321 0 3.5 0.004 14.2
19930322 0 3.42 0.004 13.5
19930323 0.1 3.55 0.004 14.2
19930324 9 3.53 0.004 13.9
19930325 1.1 2.72 0.005 8.9
19930326 0.1 2.49 0.006 7.4
19930327 0 2.75 0.006 8.9
19930328 0 3.04 0.006 10.5
19930329 0 3.17 0.005 11.2
19930330 0 3.4 0.005 12.4
19930331 0 3.59 0.005 13.4
19930401 0 3.12 0.005 10.6
19930402 0 2.68 0.004 8.1
19930403 0 3.07 0.004 10.2
19930404 0 3.41 0.004 12
19930405 0 3.71 0.004 13.5
19930406 0 3.86 0.004 14.2
19930407 0 4.2 0.004 15.9
19930408 0 4.39 0.003 16.8
19930409 0.2 4.3 0.003 16.2
19930410 0.1 3.8 0.003 13.5
19930411 0.3 3.3 0.003 10.9
19930412 1.5 3.12 0.003 9.9
19930413 1.9 2.83 0.003 8.4
19930414 4.1 2.68 0.003 7.6
19930415 0.4 2.88 0.003 8.6
19930416 0.1 2.99 0.003 9.1
19930417 0 3.18 0.003 10
19930418 0 3.56 0.003 11.8
19930419 0 3.93 0.003 13.5
19930420 0.1 4.07 0.003 14.1
19930421 1.3 3.67 0.003 12.2
19930422 0.1 3.48 0.003 11.3
19930423 0.7 3.75 0.003 12.5
19930424 8.5 2.77 0.003 8.1
19930425 6.1 2.46 0.003 6.7
19930426 3.5 2.7 0.004 7.8
19930427 1.6 3.04 0.005 9.3
19930428 3.4 2.99 0.006 9.1
19930429 3.4 3.1 0.006 9.6
19930430 2.6 3.21 0.007 10.1
19930501 1.8 3.52 0.008 11.4
19930502 0.3 3.68 0.008 12.1
19930503 0.2 4.07 0.008 13.7
19930504 1.9 3.9 0.008 13
19930505 0.4 3.9 0.008 13
19930506 0.3 4.18 0.008 14.1
19930507 0 4.48 0.008 15.3
19930508 0.2 4.84 0.007 16.7
19930509 9.1 4.8 0.007 16.5
19930510 4.9 4.36 0.008 14.8
19930511 1.3 4.15 0.01 14
19930512 8.6 3.92 0.011 13.1
19930513 6.7 3.7 0.013 12.3
19930514 0.7 3.93 0.016 13.2
19930515 0 4.2 0.017 14.2
19930516 0.2 4.57 0.017 15.6
19930517 4.8 4.6 0.016 15.7
19930518 2.5 4.15 0.017 14.1
19930519 0.1 3.72 0.018 12.6
19930520 0 3.61 0.018 12.3
19930521 0 4.13 0.017 14.2
19930522 0.2 4.72 0.016 16.3
19930523 4.1 4.48 0.016 15.5
19930524 16.6 4.84 0.017 16.8
19930525 7.5 4.5 0.022 15.7
19930526 2.3 4.27 0.027 15
19930527 1.5 4.22 0.031 14.9
19930528 0.3 4.35 0.031 15.4
19930529 0.1 4.8 0.03 16.9
19930530 0.2 5.15 0.029 18.1
19930531 0 5.39 0.028 18.9
19930601 0 5.63 0.026 19.7
19930602 0 5.45 0.025 19.2
19930603 0.2 5.99 0.024 20.9
19930604 0.4 6.07 0.023 21.2
19930605 16.7 5.49 0.023 19.5
19930606 17.2 5.1 0.028 18.4
19930607 5.8 4.47 0.037 16.6
19930608 4.3 4.68 0.045 17.3
19930609 3 4.82 0.049 17.8
19930610 0.2 4.58 0.051 17.2
19930611 0 4.09 0.05 15.9
19930612 0 4.51 0.048 17.2
19930613 0 5.08 0.045 18.9
19930614 0 5.76 0.043 20.9
19930615 0 6.28 0.041 22.4
19930616 0 6.59 0.039 23.3
19930617 0.2 7.01 0.037 24.5
19930618 2.4 6.96 0.035 24.4
19930619 0 6.61 0.034 23.5
19930620 0 6.78 0.033 24
19930621 0 5.73 0.031 21.2
19930622 0.3 4.78 0.03 18.7
19930623 0 5.09 0.028 19.6
19930624 0 5.74 0.027 21.4
19930625 0.2 5.91 0.026 21.9
19930626 0 6.37 0.024 23.2
19930627 0 7.06 0.023 25.1
19930628 0 6.29 0.022 23.1
19930629 0 5.26 0.021 20.4
19930630 0.1 5.47 0.02 21
19930701 1.1 5.41 0.019 20.9
19930702 0.3 4.97 0.018 19.8
19930703 0 5.06 0.017 20.1
19930704 0.1 5.38 0.016 21
19930705 0.1 6.31 0.016 23.5
19930706 0 6.59 0.015 24.3
19930707 0 6.84 0.014 25
19930708 0 7.01 0.013 25.5
19930709 0 7.11 0.013 25.8
19930710 0 5.78 0.012 22.4
19930711 0 5.07 0.011 20.6
19930712 0 5.62 0.011 22.1
19930713 0 6.3 0.01 23.9
19930714 0 6.9 0.01 25.5
19930715 0 7.42 0.009 26.9
19930716 0 7.84 0.009 28
19930717 0 7.79 0.008 27.9
19930718 0 7.58 0.008 27.4
19930719 0 7.18 0.007 26.4
19930720 0 6.44 0.007 24.5
19930721 0 6.08 0.007 23.6
19930722 0 6.34 0.006 24.3
19930723 0 6.93 0.006 25.9
19930724 0 7.36 0.006 27.1
19930725 0 7.31 0.005 27
19930726 0 7.14 0.005 26.6
19930727 0 7.35 0.005 27.2
19930728 0.2 7.81 0.005 28.5
19930729 0 8.08 0.004 29.3
19930730 0 7.07 0.004 26.6
19930731 0 6.73 0.004 25.7
19930801 0 6.82 0.004 26
19930802 0 6.98 0.004 26.5
19930803 0.3 7.33 0.003 27.5
19930804 1.2 7.81 0.003 28.9
19930805 2.4 7.61 0.003 28.4
19930806 1.2 7.3 0.003 27.6
19930807 0 7 0.003 26.8
19930808 0 6.46 0.003 25.3
19930809 0 6.51 0.003 25.5
19930810 0 6.84 0.003 26.5
19930811 0 7 0.002 27
19930812 0 7.01 0.002 27.1
19930813 0 6.72 0.002 26.3
19930814 0 6.15 0.002 24.7
19930815 0 5.9 0.002 24
19930816 0 6.1 0.002 24.6
19930817 0 6.22 0.002 25
19930818 0 6.54 0.002 26
19930819 0 7.08 0.002 27.7
19930820 0 7.54 0.002 29.2
19930821 0 7.06 0.002 27.8
19930822 0 6.55 0.002 26.3
19930823 0 5.79 0.001 24
19930824 0 5.71 0.001 23.8
19930825 0 4.82 0.001 21
19930826 0 3.86 0.001 17.9
19930827 0 3.73 0.001 17.5
19930828 0 3.94 0.001 18.2
19930829 0 3.94 0.001 18.2
19930830 0 4.35 0.001 19.6
19930831 0 4.71 0.001 20.9
19930901 0 5.27 0.001 22.9
19930902 0.4 5.59 0.001 24.1
19930903 3.7 5.59 0.001 24.2
19930904 1.2 5.14 0.001 22.7
19930905 0 4.9 0.001 21.9
19930906 0 4.55 0.001 20.7
19930907 0.1 4.4 0.001 20.2
19930908 1.5 4.09 0.001 19.1
19930909 0 3.76 0.001 17.9
19930910 0 3.67 0.001 17.6
19930911 0 3.68 0.001 17.7
19930912 0.1 3.71 0.001 17.9
19930913 0 3.05 0.001 15.3
19930914 0.1 2.78 0.001 14.2
19930915 0 3.32 0.001 16.5
19930916 0 3.63 0.001 17.8
19930917 0.1 3.78 0.001 18.5
19930918 0.4 3.79 0.001 18.6
19930919 0.1 3.95 0 19.4
19930920 0.2 4.04 0 19.9
19930921 1.5 4.1 0 20.3
19930922 2 3.52 0 17.7
19930923 0.8 2.57 0 13.3
19930924 0 2.59 0 13.4
19930925 0 2.68 0 13.9
19930926 0 2.85 0 14.8
19930927 0 2.82 0 14.7
19930928 0.1 2.75 0 14.4
19930929 1.3 2.79 0 14.7
19930930 0.3 2.88 0 15.3
19931001 0.7 2.55 0 13.6
19931002 0.2 2.38 0 12.7
19931003 0.1 2.5 0 13.5
19931004 1.5 2.74 0 15
19931005 4.5 2.53 0 13.9
19931006 3.4 2.28 0 12.5
19931007 8.4 1.95 0 10.6
19931008 1.9 1.97 0.001 10.8
19931009 1.3 2.25 0.001 12.7
19931010 2.5 2.6 0.001 15.2
19931011 11.4 2.65 0.001 15.8
19931012 1.6 2.24 0.002 13.2
19931013 2.9 2.09 0.003 12.3
19931014 2.1 1.84 0.003 10.7
19931015 1.5 1.86 0.004 11
19931016 3.1 1.91 0.004 11.4
19931017 2.8 1.99 0.004 12
19931018 0.1 1.98 0.005 12
19931019 0 2 0.005 12.2
19931020 0 2.01 0.005 12.3
19931021 0 1.77 0.005 10.4
19931022 0 1.48 0.004 8
19931023 0 1.36 0.004 7
19931024 0 1.43 0.004 7.6
19931025 0.1 1.51 0.004 8.3
19931026 5.1 1.5 0.004 8.2
19931027 15.6 1.57 0.005 8.9
19931028 0.8 1.5 0.008 8.3
19931029 0.1 1.5 0.01 8.4
19931030 4.4 1.56 0.011 9
19931031 3.2 1.77 0.011 11.1
19931101 2.7 1.88 0.013 12.3
19931102 1.2 1.86 0.014 12.3
19931103 12.7 1.68 0.015 10.6
19931104 6.5 1.54 0.02 9.3
19931105 2.3 1.51 0.025 9.1
19931106 1.1 1.34 0.028 7.4
19931107 0.9 1.41 0.029 8.3
19931108 0.8 1.54 0.029 9.9
19931109 0.1 1.48 0.028 9.4
19931110 0 1.48 0.027 9.6
19931111 0.7 1.47 0.026 9.7
19931112 1 1.46 0.025 9.9
19931113 0 1.47 0.025 10.2
19931114 0 1.45 0.024 10.3
19931115 0.1 1.46 0.023 10.7
19931116 0 1.24 0.022 7.8
19931117 0 1.12 0.021 6.2
19931118 0 1.08 0.02 5.7
19931119 0.1 1 0.019 4.7
19931120 0 1.04 0.018 5.4
19931121 0 0.96 0.017 4.2
19931122 0 0.97 0.017 4.5
19931123 0 1.06 0.016 5.9
19931124 0 1.13 0.015 7.1
19931125 0.1 1.11 0.014 6.9
19931126 0 1.11 0.014 6.9
19931127 0.2 1.06 0.013 6.3
19931128 3.7 1.06 0.013 6.4
19931129 0.7 1.18 0.014 8.5
19931130 5.9 1.18 0.015 8.6
19931201 0.3 1.08 0.017 7.1
19931202 0.1 1.07 0.018 7.1
19931203 0.1 1.08 0.018 7.5
19931204 0.2 1.1 0.017 7.9
19931205 0 1.06 0.017 7.5
19931206 0 1.02 0.016 6.9
19931207 0 0.95 0.015 5.8
19931208 0 0.89 0.015 4.8
19931209 0 0.89 0.014 5.1
19931210 0.1 0.9 0.013 5.4
19931211 0 0.93 0.013 6.2
19931212 0.2 0.92 0.012 6.1
19931213 1.1 0.88 0.012 5.6
19931214 4 0.85 0.012 5.2
19931215 0.1 0.81 0.013 4.5
19931216 0 0.84 0.014 5.2
19931217 0 0.81 0.014 4.4
19931218 0 0.77 0.013 3.5
19931219 0 0.81 0.013 4.2
19931220 0.1 0.86 0.012 5.1
19931221 0 0.85 0.012 4.7
19931222 0 0.83 0.011 4.2
19931223 0 0.75 0.011 2.4
19931224 0 0.8 0.011 3.3
19931225 0.2 0.84 0.01 4.1
19931226 0.1 0.97 0.01 6.5
19931227 0.5 0.96 0.01 6.3
19931228 0.1 0.91 0.009 5.1
19931229 0 0.98 0.009 6.4
19931230 0 1.04 0.009 7.4
19931231 0 1.08 0.009 8.1
19940101 0 1.11 0.008 8.5
19940102 0.1 1.06 0.008 7.5
19940103 2.9 1.09 0.008 7.9
19940104 1 1.05 0.008 7
19940105 5.3 0.9 0.01 4.1
19940106 13.6 0.89 0.013 3.8
19940107 0.4 0.86 0.019 3.1
19940108 1.6 0.87 0.024 3.2
19940109 9.2 0.99 0.027 5.3
19940110 1.5 0.99 0.031 5.2
19940111 1.5 1 0.035 5.2
19940112 0.5 1.08 0.037 6.5
19940113 0 1.17 0.036 8
19940114 0 1.1 0.035 6.7
19940115 0 1.07 0.034 6
19940116 0.2 0.96 0.032 4.1
19940117 0 0.89 0.031 2.5
19940118 0 0.82 0.029 1.1
19940119 0 0.89 0.028 1.9
19940120 0 0.87 0.027 1.4
19940121 0 0.93 0.026 2.1
19940122 0 0.95 0.025 2.3
19940123 0 0.99 0.024 2.7
19940124 0 1.15 0.023 4.9
19940125 0.1 1.24 0.022 6
19940126 0 1.28 0.021 6.3
19940127 0 1.3 0.02 6.3
19940128 0 1.37 0.019 7
19940129 0 1.41 0.018 7.3
19940130 0.1 1.42 0.017 7.2
19940131 0 1.42 0.017 6.9
19940201 0 1.42 0.016 6.6
19940202 1.6 1.42 0.016 6.4
19940203 6.1 1.43 0.016 6.3
19940204 1.3 1.17 0.019 2.7
19940205 0.5 1.11 0.021 1.8
19940206 0.1 1.16 0.022 2.3
19940207 3 1.37 0.022 4.7
19940208 0 1.36 0.022 4.4
19940209 0.2 1.37 0.023 4.3
19940210 0 1.55 0.022 6.2
19940211 0.1 1.69 0.021 7.6
19940212 0 1.73 0.021 7.9
19940213 0.5 1.7 0.02 7.4
19940214 0.9 1.62 0.019 6.2
19940215 1.4 1.6 0.019 5.7
19940216 5.9 1.62 0.02 5.7
19940217 0.4 1.79 0.023 7.2
19940218 0.1 1.88 0.024 7.9
19940219 0.5 1.74 0.024 6.2
19940220 0.1 1.93 0.024 7.8
19940221 0.1 1.99 0.023 8.1
19940222 0.4 2.15 0.022 9.4
19940223 0.2 2.22 0.022 9.8
19940224 0 2.26 0.021 9.9
19940225 0.1 2.29 0.02 9.9
19940226 2.4 2.49 0.02 11.4
19940227 4.3 2.24 0.02 9
19940228 2.2 2.15 0.022 8
19940301 0.1 2.3 0.024 9
19940302 0 2.31 0.024 8.9
19940303 0 2.62 0.023 11.2
19940304 0 2.85 0.022 12.8
19940305 0.7 2.82 0.022 12.3
19940306 0.1 2.69 0.021 11.1
19940307 0.1 2.77 0.02 11.5
19940308 0 2.93 0.02 12.5
19940309 0 3.06 0.019 13.2
19940310 0 2.97 0.018 12.4
19940311 0.7 2.9 0.017 11.7
19940312 0.2 2.91 0.017 11.6
19940313 0 2.98 0.016 11.9
19940314 0 3.04 0.016 12.1
19940315 0 3.18 0.015 12.9
19940316 0 3.24 0.015 13.3
19940317 0 3.27 0.014 13.3
19940318 0 3.35 0.013 13.7
19940319 0 3.44 0.013 14.1
19940320 0 3.31 0.012 13.1
19940321 0 3.19 0.012 12.2
19940322 0 3.03 0.012 11.1
19940323 0 3.18 0.011 11.9
19940324 0 3.62 0.011 14.5
19940325 0 3.9 0.01 16
19940326 0 3.69 0.01 14.6
19940327 0 3.38 0.01 12.6
19940328 0 3.62 0.009 13.9
19940329 0 3.59 0.009 13.6
19940330 0 3.66 0.009 13.9
19940331 0 3.61 0.008 13.5
19940401 0 3.49 0.008 12.7
19940402 0 2.83 0.008 8.9
19940403 0 2.87 0.007 9.1
19940404 0 3.34 0.007 11.6
19940405 0 3.38 0.007 11.7
19940406 0 3.32 0.007 11.3
19940407 0 3.54 0.006 12.4
19940408 0.5 3.48 0.006 12
19940409 0 3.41 0.006 11.6
19940410 0 3.35 0.006 11.2
19940411 0 2.86 0.006 8.6
19940412 0.1 2.94 0.006 9
19940413 0 3.29 0.005 10.7
19940414 0.3 3.32 0.005 10.8
19940415 10.2 2.64 0.005 7.4
19940416 3.7 2.05 0.006 4.5
19940417 0.1 2.48 0.007 6.6
19940418 5.1 2.83 0.007 8.3
19940419 4.4 2.74 0.008 7.9
19940420 1.5 3.02 0.009 9.2
19940421 0.3 3.06 0.009 9.4
19940422 0.8 3.11 0.009 9.6
19940423 2 3.44 0.009 11.1
19940424 1.9 3.2 0.009 10
19940425 0 3.4 0.009 10.9
19940426 0 4.04 0.009 13.7
19940427 0 4.75 0.009 16.8
19940428 0 5.14 0.009 18.4
19940429 0 5.18 0.008 18.5
19940430 0 5.36 0.008 19.2
19940501 0 5.38 0.008 19.2
19940502 0 5.7 0.007 20.5
19940503 0.1 5.99 0.007 21.6
19940504 2.6 5.86 0.007 21
19940505 0.1 5.56 0.007 19.7
19940506 2.2 5.72 0.007 20.3
19940507 7.5 5.11 0.007 17.8
19940508 0.3 4.23 0.007 14.3
19940509 0 4.46 0.008 15.2
19940510 0.1 4.78 0.008 16.4
19940511 0.1 4.18 0.007 14.1
19940512 0.5 3.89 0.007 13
19940513 6.4 3.75 0.007 12.5
19940514 0.4 3.72 0.007 12.4
19940515 3.5 4.06 0.008 13.7
19940516 2 3.95 0.008 13.3
19940517 3.5 3.61 0.008 12.1
19940518 0.3 3.73 0.009 12.6
19940519 2.5 3.69 0.009 12.5
19940520 0.2 3.87 0.009 13.2
19940521 0 4.33 0.009 14.9
19940522 0 4.86 0.008 16.8
19940523 2.8 5 0.008 17.3
19940524 0.8 5.02 0.008 17.4
19940525 0 5.16 0.008 17.9
19940526 0 5.33 0.008 18.5
19940527 0 5.8 0.008 20.1
19940528 0 6.01 0.007 20.8
19940529 0 6.32 0.007 21.8
19940530 0 6.66 0.007 22.9
19940531 0.1 7.03 0.006 24.1
19940601 0.2 7.26 0.006 24.8
19940602 0 5.48 0.006 19.3
19940603 0.2 5.4 0.005 19.1
19940604 0 5.97 0.005 20.9
19940605 0 6.66 0.005 23
19940606 0 7.02 0.005 24.1
19940607 2.7 6.94 0.005 23.9
19940608 1 6.55 0.004 22.8
19940609 0.1 6.13 0.004 21.6
19940610 0 5.76 0.004 20.6
19940611 0 5.49 0.004 19.9
19940612 0 4.47 0.004 17.1
19940613 0 4.97 0.004 18.6
19940614 0 5.76 0.003 20.9
19940615 0 6.39 0.003 22.7
19940616 0 6.22 0.003 22.3
19940617 0 6.5 0.003 23.1
19940618 0 6.11 0.003 22.1
19940619 0 6.02 0.002 21.9
19940620 0 6.33 0.002 22.8
19940621 0 6.61 0.002 23.6
19940622 0 6.74 0.002 24
19940623 0 6.76 0.002 24.1
19940624 0 7 0.002 24.8
19940625 0 5.53 0.002 20.9
19940626 0 5.25 0.002 20.2
19940627 0 6.28 0.002 23
19940628 0 7.12 0.002 25.3
19940629 0 7.89 0.001 27.4
19940630 0 8.47 0.001 29
19940701 0 8.68 0.001 29.6
19940702 0 8.86 0.001 30.1
19940703 0 8.73 0.001 29.8
19940704 0 8.56 0.001 29.4
19940705 0 8.28 0.001 28.7
19940706 0 7.62 0.001 27
19940707 0 7.11 0.001 25.7
19940708 0 7.24 0.001 26.1
19940709 0 7.76 0.001 27.5
19940710 0 8.01 0.001 28.2
19940711 0 7.95 0.001 28.1
19940712 0 7.94 0.001 28.1
19940713 0 7.57 0.001 27.2
19940714 0 7.9 0.001 28.1
19940715 0.1 8.27 0.001 29.1
19940716 0.2 8.12 0.001 28.7
19940717 0 7.56 0.001 27.3
19940718 0 7.5 0.001 27.2
19940719 0 7.79 0.001 28
19940720 0 7.93 0.001 28.4
19940721 0 7.53 0.001 27.4
19940722 0 7.28 0.001 26.8
19940723 0 7.11 0.001 26.4
19940724 0 7.14 0.001 26.5
19940725 0 6.9 0 25.9
19940726 0 7.25 0 26.9
19940727 0 7.72 0 28.2
19940728 0.2 7.84 0 28.6
19940729 0.6 7.68 0 28.2
19940730 0 7.15 0 26.8
19940731 0 6.29 0 24.5
19940801 0 6.17 0 24.2
19940802 0 6.73 0 25.8
19940803 0 7.25 0 27.3
19940804 0 7.34 0 27.6
19940805 0.1 7.47 0 28
19940806 0 7.62 0 28.5
19940807 0 7.5 0 28.2
19940808 0 7.02 0 26.9
19940809 0 6.37 0 25.1
19940810 0 5.27 0 22
19940811 0 5.75 0 23.4
19940812 0 6.63 0 26
19940813 0 6.82 0 26.6
19940814 0 6.84 0 26.7
19940815 0 7.02 0 27.3
19940816 0 7.33 0 28.2
19940817 0 7.3 0 28.2
19940818 0 7.07 0 27.6
19940819 0 7.28 0 28.3
19940820 1 7.45 0 28.9
19940821 0 7.35 0 28.7
19940822 0.1 7.32 0 28.7
19940823 0 6.84 0 27.3
19940824 0 6.3 0 25.7
19940825 0 5.97 0 24.7
19940826 0 6.53 0 26.6
19940827 0 6.95 0 28.1
19940828 0 7.07 0 28.6
19940829 0 6.76 0 27.7
19940830 0 6.14 0 25.7
19940831 0 5.58 0 23.9
19940901 0 5.24 0 22.8
19940902 0 5.3 0 23.1
19940903 0 5.42 0 23.6
19940904 0 5.34 0 23.4
19940905 0 5.09 0 22.6
19940906 0 5.28 0 23.4
19940907 0 5.38 0 23.9
19940908 0 4.77 0 21.7
19940909 0 4.51 0 20.8
19940910 0 4.74 0 21.8
19940911 0 4.94 0 22.7
19940912 0 4.86 0 22.5
19940913 0 4.11 0 19.6
19940914 0 3.24 0 16.1
19940915 0 3.04 0 15.3
19940916 0 3.7 0 18.1
19940917 0 3.62 0 17.8
19940918 0 3.12 0 15.7
19940919 0 3.3 0 16.5
19940920 0 3.69 0 18.3
19940921 0.4 3.21 0 16.2
19940922 2.1 2.72 0 14
19940923 3.6 2.42 0 12.6
19940924 0.2 2.61 0 13.5
19940925 0 2.83 0 14.6
19940926 0.1 3.07 0 15.9
19940927 2.4 3.1 0 16.1
19940928 1.5 3.06 0 16
19940929 2.5 3.21 0 16.9
19940930 2.1 3.2 0 17
19941001 5.2 3.16 0 16.9
19941002 1.5 3.15 0 17
19941003 0.2 3.26 0 17.8
19941004 0.7 3.19 0 17.6
19941005 0.7 3.07 0 17.1
19941006 0 2.87 0 16.1
19941007 0 2.71 0 15.3
19941008 0.7 2.74 0 15.7
19941009 5.3 2.57 0 14.8
19941010 3.7 2.78 0 16.4
19941011 0.3 2.89 0.001 17.4
19941012 0.2 2.9 0.001 17.8
19941013 0.2 2.91 0.001 18.2
19941014 6.1 2.77 0.001 17.5
19941015 6.8 2.68 0.001 17.2
19941016 3.8 2.51 0.001 15.9
19941017 0.4 2.31 0.002 14.5
19941018 0.4 2.41 0.002 15.3
19941019 3.4 2.25 0.002 14.1
19941020 0.4 2.05 0.003 12.6
19941021 0.3 2.03 0.003 12.5
19941022 1.8 2.2 0.003 14
19941023 0.3 2.12 0.003 13.4
19941024 0.1 1.92 0.003 11.8
19941025 0.2 1.94 0.003 12
19941026 0.6 2.05 0.003 13.1
19941027 6.2 2.01 0.003 12.9
19941028 0.1 2.08 0.003 13.6
19941029 0.2 1.92 0.004 12.3
19941030 0 1.95 0.004 12.7
19941031 0 1.9 0.003 12.4
19941101 0 1.95 0.003 13
19941102 0 1.98 0.003 13.5
19941103 16.2 1.93 0.004 13.2
19941104 8.1 1.64 0.006 10.3
19941105 0.3 1.46 0.008 8.6
19941106 2 1.47 0.01 8.8
19941107 1.3 1.62 0.011 10.6
19941108 1.9 1.72 0.011 12
19941109 5 1.74 0.011 12.5
19941110 0.5 1.64 0.013 11.5
19941111 0.4 1.77 0.013 13.4
19941112 2.6 1.69 0.013 12.7
19941113 0 1.5 0.013 10.7
19941114 0 1.46 0.013 10.4
19941115 0 1.45 0.013 10.6
19941116 0 1.44 0.012 10.6
19941117 0 1.43 0.012 10.6
19941118 0 1.47 0.011 11.2
19941119 0 1.53 0.011 12.3
19941120 0 1.54 0.01 12.5
19941121 0 1.53 0.01 12.6
19941122 0 1.51 0.009 12.4
19941123 0 1.38 0.009 10.7
19941124 0 1.36 0.009 10.5
19941125 0 1.34 0.008 10.4
19941126 0 1.29 0.008 9.7
19941127 0 1.21 0.008 8.7
19941128 0 1.18 0.007 8.3
19941129 0 1.27 0.007 9.9
19941130 0 1.28 0.007 10.3
19941201 0 1.26 0.006 10.1
19941202 0 1.28 0.006 10.7
19941203 0 1.3 0.006 11.2
19941204 0 1.26 0.005 10.7
19941205 0.2 1.21 0.005 10.1
19941206 0.1 1.2 0.005 10.2
19941207 3.1 1.12 0.005 8.9
19941208 0.1 1.07 0.005 8.3
19941209 0 1.02 0.005 7.4
19941210 0.1 1.1 0.005 9.2
19941211 0 1.11 0.005 9.6
19941212 0 1.15 0.005 10.8
19941213 0 1.16 0.005 11.2
19941214 0 1.09 0.005 10
19941215 0 0.94 0.004 7.3
19941216 0 0.95 0.004 7.4
19941217 0 0.94 0.004 7.1
19941218 0.8 0.94 0.004 7
19941219 0.7 0.9 0.004 6.1
19941220 0.1 0.82 0.004 4.3
19941221 0 0.79 0.004 3.6
19941222 0.1 0.84 0.004 4.5
19941223 0 0.7 0.004 1.5
19941224 0 0.64 0.003 0.2
19941225 0 0.65 0.003 0.3
19941226 0 0.64 0.003 0
19941227 0 0.69 0.003 0.9
19941228 0 0.72 0.003 1.3
19941229 0.2 0.81 0.003 3
19941230 0.4 1.04 0.003 7.5
19941231 8.8 1.19 0.003 10.1
19950101 3 1.09 0.005 8.1
19950102 0.2 0.83 0.006 3
19950103 0 0.77 0.007 1.7
19950104 0 0.82 0.007 2.7
19950105 0 0.99 0.006 5.7
19950106 0 1.03 0.006 6.3
19950107 0 0.92 0.006 4.1
19950108 0 0.86 0.006 3
19950109 0 0.97 0.005 4.9
19950110 0 0.98 0.005 5
19950111 0 0.98 0.005 4.9
19950112 0 1.08 0.005 6.6
19950113 0.1 0.91 0.005 3.3
19950114 0 0.9 0.004 3
19950115 0 1.01 0.004 4.9
19950116 0 1.07 0.004 6
19950117 5.7 1.11 0.004 6.4
19950118 4.6 1.2 0.005 7.5
19950119 0.1 1.05 0.007 4.6
19950120 0.4 1.18 0.008 6.6
19950121 0 1.11 0.008 5
19950122 0 1.15 0.007 5.4
19950123 0.2 1.22 0.007 6.3
19950124 0.5 1.43 0.007 9.2
19950125 0 1.6 0.007 11.4
19950126 0.1 1.45 0.007 8.8
19950127 0 1.46 0.006 8.6
19950128 0 1.47 0.006 8.5
19950129 0.1 1.46 0.006 8
19950130 2.2 1.55 0.006 9
19950131 0.1 1.57 0.006 8.9
19950201 0 1.39 0.006 6.2
19950202 0 1.47 0.006 7
19950203 0 1.49 0.006 7
19950204 0 1.59 0.005 8.1
19950205 0 1.74 0.005 9.7
19950206 0 1.78 0.005 10
19950207 0 1.64 0.005 8
19950208 0.4 1.74 0.005 9
19950209 0.3 1.83 0.004 9.8
19950210 1.3 1.68 0.004 7.8
19950211 0.2 1.68 0.005 7.5
19950212 4.7 1.73 0.005 7.9
19950213 4 1.95 0.006 10.2
19950214 0.8 1.97 0.007 10.2
19950215 0 2.14 0.008 11.6
19950216 0.1 2.1 0.008 10.8
19950217 2.2 2.06 0.007 10
19950218 0.2 1.99 0.008 9
19950219 0.1 1.95 0.008 8.3
19950220 0 2.16 0.007 10.1
19950221 0 2.25 0.007 10.6
19950222 0 2.03 0.007 8.3
19950223 0 1.93 0.007 7.1
19950224 0 2.18 0.006 9.1
19950225 0.2 2.32 0.006 10.1
19950226 0 1.93 0.006 6.5
19950227 0 1.71 0.006 4.4
19950228 0.1 1.73 0.005 4.4
19950301 0.1 2.22 0.005 8.4
19950302 0 2.17 0.005 7.8
19950303 1.2 2.08 0.005 6.9
19950304 0.4 1.98 0.005 5.9
19950305 0.5 2.43 0.005 9.3
19950306 2.3 2.55 0.005 10
19950307 0.1 2.07 0.005 6.2
19950308 0 2.14 0.005 6.6
19950309 0 2.41 0.005 8.5
19950310 0.2 2.56 0.005 9.4
19950311 0.1 2.71 0.004 10.3
19950312 0 2.87 0.004 11.3
19950313 0 2.66 0.004 9.7
19950314 0 2.83 0.004 10.7
19950315 0 2.73 0.004 9.9
19950316 0 2.87 0.004 10.8
19950317 0 2.78 0.003 10.1
19950318 0 3.05 0.003 11.7
19950319 0 3.21 0.003 12.6
19950320 0 3.32 0.003 13.2
19950321 0 3.28 0.003 12.8
19950322 0 3.11 0.003 11.6
19950323 0 3.05 0.002 11.1
19950324 0 3.2 0.002 11.9
19950325 0 3.47 0.002 13.4
19950326 0 3.59 0.002 14
19950327 0 3.59 0.002 13.9
19950328 0 3.57 0.002 13.6
19950329 0 3.72 0.002 14.4
19950330 0 3.4 0.002 12.4
19950331 0 3.12 0.002 10.7
19950401 0 3.26 0.002 11.4
19950402 0 3.58 0.001 13.1
19950403 0 3.74 0.001 13.9
19950404 0 3.87 0.001 14.5
19950405 0 4 0.001 15.1
19950406 0 4.12 0.001 15.6
19950407 0 4.33 0.001 16.6
19950408 0 4.35 0.001 16.6
19950409 0 4.62 0.001 17.9
19950410 0 4.65 0.001 17.9
19950411 0 4.52 0.001 17.1
19950412 0 4.56 0.001 17.2
19950413 0.1 4.64 0.001 17.5
19950414 0 4.22 0.001 15.3
19950415 0 3.88 0.001 13.5
19950416 0 3.89 0.001 13.5
19950417 0 3.88 0.001 13.4
19950418 0 4.27 0.001 15.2
19950419 0 4.35 0.001 15.5
19950420 0 3.83 0.001 13
19950421 0.2 2.78 0.001 8.1
19950422 0.8 2.54 0.001 7
19950423 0.6 2.43 0.001 6.5
19950424 0.7 2.24 0.001 5.7
19950425 0.1 2.64 0.001 7.5
19950426 1.9 2.97 0.001 9
19950427 3.8 3.08 0.001 9.5
19950428 0.8 3.68 0.001 12.1
19950429 0.1 4.38 0.001 15.1
19950430 0.1 4.86 0.001 17.1
19950501 0.1 5.33 0.001 19
19950502 1 5.46 0.001 19.5
19950503 0 5.29 0.001 18.7
19950504 0.2 5.35 0.001 18.9
19950505 0 5.34 0.001 18.8
19950506 0.5 5.48 0.001 19.3
19950507 0.9 5.49 0.001 19.3
19950508 3.5 5.65 0.001 19.9
19950509 6.3 5.44 0.001 19
19950510 2.7 5.03 0.001 17.4
19950511 1.9 4.47 0.001 15.2
19950512 0.4 3.99 0.001 13.4
19950513 0 3.78 0.001 12.6
19950514 0 4.63 0.001 15.8
19950515 0 5.46 0.001 18.9
19950516 0 5.52 0.001 19.1
19950517 0 5.77 0.001 20
19950518 0 5.8 0.001 20.1
19950519 0 5.72 0.001 19.8
19950520 0 5.7 0.001 19.7
19950521 0 5.59 0.001 19.3
19950522 0 5.47 0.001 18.9
19950523 0 5.67 0.001 19.6
19950524 0 5.73 0.001 19.8
19950525 0 5.31 0.001 18.4
19950526 0 5.39 0.001 18.7
19950527 0 5.95 0.001 20.6
19950528 0 6.59 0.001 22.7
19950529 0 6.78 0.001 23.3
19950530 0 5.43 0.001 19
19950531 0 4.91 0.001 17.4
19950601 0 4.96 0.001 17.6
19950602 0 5.68 0.001 19.9
19950603 0 5.89 0.001 20.6
19950604 0 6.4 0.001 22.2
19950605 0 6.56 0.001 22.7
19950606 0.1 6.01 0 21.1
19950607 3.6 6.13 0 21.5
19950608 3.2 5.53 0 19.8
19950609 6.7 5.58 0.001 20
19950610 3.7 5.34 0.001 19.4
19950611 0.2 5.42 0.001 19.7
19950612 0 5.57 0.001 20.2
19950613 0 5.72 0.001 20.7
19950614 0 6.01 0.001 21.6
19950615 0 6.21 0.001 22.2
19950616 0 6.19 0.001 22.2
19950617 0 6.53 0.001 23.2
19950618 0 6.85 0.001 24.1
19950619 0 7.31 0.001 25.4
19950620 0.5 6.66 0.001 23.7
19950621 0 6.39 0.001 23
19950622 0 6.92 0.001 24.5
19950623 0 7.2 0.001 25.3
19950624 1.5 6.67 0.001 23.9
19950625 3.5 5.46 0.001 20.7
19950626 1 4.58 0.001 18.4
19950627 9.3 5.19 0.001 20.1
19950628 2.2 5.55 0.001 21.1
19950629 0.5 6.24 0.001 23
19950630 0.3 6.52 0.001 23.8
19950701 0 6.42 0.001 23.6
19950702 0 5.65 0.001 21.6
19950703 0 5.21 0.001 20.5
19950704 0 5.42 0.001 21.1
19950705 0 5.81 0.001 22.2
19950706 0 6.48 0.001 24
19950707 0 6.65 0.001 24.5
19950708 0 6.21 0.001 23.4
19950709 0 6.23 0.001 23.5
19950710 0.5 6.44 0.001 24.1
19950711 0 6.38 0.001 24
19950712 0 6.59 0.001 24.6
19950713 0 6.61 0.001 24.7
19950714 0 6.31 0.001 24
19950715 0 6.57 0.001 24.7
19950716 0 7.61 0.001 27.4
19950717 0 8.17 0.001 28.9
19950718 0 8.46 0.001 29.7
19950719 0.1 8.71 0.001 30.4
19950720 0 9.07 0.001 31.4
19950721 0 9.05 0 31.4
19950722 0 8.95 0 31.2
19950723 0 8.55 0 30.2
19950724 0 9.09 0 31.7
19950725 0 8.2 0 29.4
19950726 0 6.92 0 26
19950727 0 6.94 0 26.1
19950728 0.1 7.7 0 28.2
19950729 0 8.04 0 29.2
19950730 0 7.73 0 28.4
19950731 0 7.49 0 27.8
19950801 0 7.4 0 27.6
19950802 0 7.31 0 27.4
19950803 0 7 0 26.6
19950804 0 6.3 0 24.7
19950805 0 6.29 0 24.7
19950806 0 6.52 0 25.4
19950807 0 6.58 0 25.6
19950808 0 6.46 0 25.3
19950809 0.3 6.44 0 25.3
19950810 5 6.35 0 25.1
19950811 0 6.55 0 25.7
19950812 0 7.05 0 27.2
19950813 0 7.23 0 27.8
19950814 0.6 6.94 0 27
19950815 0.1 6.82 0 26.7
19950816 0.2 7.12 0 27.6
19950817 0 6.96 0 27.2
19950818 0 6.24 0 25.1
19950819 0 6.22 0 25.1
19950820 0.1 6.33 0 25.5
19950821 13.7 5.76 0 23.8
19950822 4.3 4.81 0 20.9
19950823 6.3 4.81 0.001 20.9
19950824 0 4.86 0.001 21.1
19950825 0 5.13 0.001 22
19950826 0 5.42 0.001 23
19950827 0 5.77 0.001 24.2
19950828 0 5.93 0.001 24.8
19950829 0 5.87 0.001 24.7
19950830 0 5.93 0.001 25
19950831 0.5 6.02 0.001 25.4
19950901 2.7 5.84 0.001 24.9
19950902 0.6 5.67 0.001 24.4
19950903 0 5.28 0.001 23.1
19950904 0.7 4.84 0.001 21.6
19950905 1.6 3.86 0.001 18.1
19950906 1.4 4.04 0.001 18.8
19950907 1.1 4.16 0.001 19.3
19950908 0.1 3.88 0.001 18.3
19950909 0 4.15 0.001 19.4
19950910 0.1 4.36 0.001 20.3
19950911 0 4.44 0.001 20.7
19950912 0 4.06 0.001 19.3
19950913 0 3.72 0.001 18
19950914 0 3.8 0.001 18.4
19950915 0 3.95 0.001 19.1
19950916 0 3.72 0.001 18.2
19950917 0 3.66 0.001 18
19950918 5.4 3.08 0.001 15.5
19950919 0.4 2.85 0.001 14.5
19950920 0.3 3.04 0.001 15.4
19950921 0.1 3.16 0.001 16
19950922 0 3.3 0.001 16.7
19950923 0 3.27 0.001 16.6
19950924 0 3.15 0.001 16.1
19950925 0 3.07 0.001 15.8
19950926 0 2.63 0.001 13.7
19950927 0 2.96 0.001 15.4
19950928 0 3.39 0.001 17.7
19950929 0 3.76 0 19.8
19950930 0 3.83 0 20.4
19951001 0 3.96 0 21.3
19951002 0.1 3.81 0 20.7
19951003 0.8 3.83 0 21.1
19951004 0.8 3.58 0 19.9
19951005 0.5 3.3 0 18.5
19951006 0 3.23 0 18.3
19951007 0 3.29 0 18.9
19951008 0 3.23 0 18.8
19951009 0 3.17 0 18.7
19951010 0 3.05 0 18.2
19951011 0.1 2.92 0 17.6
19951012 0 2.74 0 16.7
19951013 0 2.69 0 16.6
19951014 0.2 2.63 0 16.5
19951015 0.2 2.59 0 16.5
19951016 0.1 2.61 0 16.7
19951017 0 2.6 0 16.7
19951018 0 2.6 0 16.8
19951019 0 2.63 0 17.1
19951020 0 2.55 0 16.6
19951021 0.1 2.37 0 15.3
19951022 0.1 2.32 0 15
19951023 0.4 2.35 0 15.3
19951024 1.6 2.27 0 14.8
19951025 0.1 2.61 0 17.9
19951026 0 2.69 0 18.8
19951027 0.2 2.6 0 18.2
19951028 0 2.59 0 18.3
19951029 0 2.33 0 16.1
19951030 0 2.2 0 15.1
19951031 0 2.22 0 15.5
19951101 0 2.28 0 16.3
19951102 0.2 2.2 0 15.7
19951103 0 2.11 0 15
19951104 0 2.05 0 14.6
19951105 0 1.84 0 12.7
19951106 0 1.84 0 12.9
19951107 0 1.72 0 11.8
19951108 0.1 1.76 0 12.5
19951109 0.8 1.82 0 13.4
19951110 9.7 1.8 0 13.5
19951111 14.9 1.67 0 12.2
19951112 3 1.43 0.001 9.5
19951113 0.3 1.37 0.002 8.9
19951114 0.6 1.36 0.002 9.1
19951115 2.3 1.46 0.002 10.7
19951116 29.3 1.53 0.003 11.8
19951117 3.6 1.63 0.008 13.4
19951118 0.2 1.73 0.012 14.9
19951119 0.1 1.72 0.013 14.9
19951120 0 1.66 0.013 14.3
19951121 0 1.68 0.012 14.8
19951122 0.1 1.43 0.012 11.3
19951123 0 1.33 0.011 10
19951124 0.2 1.24 0.011 8.7
19951125 3.1 1.19 0.011 8.1
19951126 0.2 1.12 0.011 7.1
19951127 0.6 1.02 0.011 5.7
19951128 0 1.11 0.011 7.3
19951129 0.5 1.13 0.011 7.7
19951130 2.6 1.13 0.01 7.9
19951201 0.1 1.15 0.011 8.3
19951202 0 1.03 0.011 6.4
19951203 0.2 1.08 0.01 7.5
19951204 5.6 1.04 0.01 7
19951205 1.1 1.03 0.011 7
19951206 0.7 0.97 0.012 6.1
19951207 3.3 0.97 0.013 6.2
19951208 1.3 0.97 0.013 6.3
19951209 0.3 0.99 0.014 6.9
19951210 0 1.03 0.014 7.9
19951211 0.4 1.02 0.014 7.9
19951212 0 0.98 0.013 7.3
19951213 0.1 0.88 0.013 5.5
19951214 4.6 0.73 0.013 2.7
19951215 12.9 0.79 0.015 4.1
19951216 0.8 0.9 0.02 6.3
19951217 0.1 0.94 0.024 7
19951218 0.2 0.9 0.024 6.1
19951219 0.8 0.95 0.024 7
19951220 0.7 1.02 0.023 8.4
19951221 0.2 1.1 0.022 9.8
19951222 7.5 1.12 0.023 10
19951223 3 1.15 0.026 10.6
19951224 2 1.2 0.029 11.5
19951225 8.1 1.24 0.032 12.1
19951226 3.3 1.2 0.037 11.1
19951227 11.6 1.14 0.044 9.7
19951228 4 1.14 0.054 9.6
19951229 19.5 1.12 0.068 9.2
19951230 16.4 1.2 0.094 10.6
19951231 10 1.19 0.131 10.2
19960101 0.9 1.19 0.162 10.1
19960102 0.1 1.17 0.173 9.5
19960103 0 1.16 0.169 9.2
19960104 4 1.22 0.162 10.2
19960105 7.8 1.17 0.163 9.2
19960106 15.5 1.21 0.18 9.7
19960107 0.9 1.18 0.211 9.1
19960108 5.5 1.17 0.233 8.7
19960109 9.5 1.13 0.247 7.9
19960110 1.4 1.1 0.264 7.1
19960111 7.5 1.14 0.279 7.8
19960112 0.8 1.09 0.289 6.7
19960113 0.1 1.01 0.291 5.1
19960114 0 1.07 0.281 6.2
19960115 0.1 1.17 0.266 7.8
19960116 0.1 1.2 0.251 8.4
19960117 0.1 1.22 0.237 8.3
19960118 0.4 1.2 0.224 7.6
19960119 3.1 1.22 0.215 7.5
19960120 1 1.17 0.211 6.4
19960121 5.6 1.2 0.211 6.6
19960122 4.2 1.17 0.218 5.7
19960123 14.7 1.18 0.238 5.6
19960124 1.6 1.17 0.272 5.1
19960125 0.2 1.19 0.296 5.2
19960126 2.5 1.2 0.296 5.1
19960127 2.2 1.29 0.288 6.1
19960128 4.7 1.38 0.287 7.1
19960129 1.8 1.36 0.291 6.6
19960130 0.1 1.36 0.292 6.3
19960131 4.2 1.36 0.287 6.1
19960201 10.3 1.39 0.292 6.2
19960202 1.3 1.45 0.315 6.8
19960203 0.1 1.41 0.33 6
19960204 0.5 1.39 0.323 5.5
19960205 4.9 1.38 0.312 5.2
19960206 0.9 1.58 0.309 7.5
19960207 0 1.61 0.307 7.6
19960208 0 1.52 0.296 6.3
19960209 0 1.53 0.28 6.2
19960210 0.1 1.55 0.265 6.2
19960211 0 1.51 0.251 5.6
19960212 0.1 1.52 0.237 5.5
19960213 1.6 1.71 0.226 7.5
19960214 5.8 1.62 0.222 6.3
19960215 0.5 1.46 0.228 4.2
19960216 0 1.44 0.231 3.8
19960217 0 1.65 0.224 5.8
19960218 0 1.78 0.212 6.8
19960219 1.8 1.65 0.202 5.3
19960220 0.2 1.45 0.196 3.1
19960221 0.1 1.31 0.19 1.6
19960222 0 1.28 0.182 1.2
19960223 0 1.51 0.173 3.2
19960224 0.2 1.7 0.164 4.8
19960225 0.6 1.77 0.157 5.2
19960226 4.6 1.7 0.153 4.5
19960227 0.3 1.71 0.156 4.4
19960228 0.2 1.76 0.157 4.7
19960229 0 1.99 0.153 6.6
19960301 0 2.09 0.146 7.3
19960302 0 2.03 0.139 6.6
19960303 0 2.02 0.132 6.4
19960304 0 2.05 0.126 6.5
19960305 0 2.12 0.12 6.9
19960306 0 2.17 0.115 7.1
19960307 0 2.17 0.11 7
19960308 0.2 2.3 0.105 7.8
19960309 0.9 2.23 0.101 7.2
19960310 0.1 2.38 0.098 8.1
19960311 0.2 2.37 0.095 7.9
19960312 0.1 2.27 0.092 7.1
19960313 4.2 2.13 0.09 6
19960314 5.2 2.07 0.093 5.5
19960315 1.4 2.17 0.1 6.1
19960316 0.1 2.05 0.105 5.3
19960317 0 2.13 0.104 5.8
19960318 0.1 2.3 0.1 6.8
19960319 3 2.46 0.097 7.8
19960320 0.2 2.88 0.096 10.4
19960321 0.1 3.03 0.096 11.2
19960322 0.1 3.4 0.093 13.4
19960323 0 3.7 0.089 15.1
19960324 0 3.74 0.086 15.2
19960325 0.8 3.57 0.083 14
19960326 0.4 3.41 0.08 12.9
19960327 0 3.32 0.078 12.3
19960328 0.3 3.45 0.076 12.9
19960329 6.8 3.72 0.075 14.4
19960330 2.4 3.47 0.078 12.8
19960331 2.6 3.45 0.082 12.6
19960401 9 3.2 0.086 11.1
19960402 1.2 3 0.093 9.9
19960403 0.1 2.75 0.097 8.4
19960404 0.1 3.03 0.096 9.9
19960405 0.6 3.06 0.093 10
19960406 2.7 3.22 0.09 10.8
19960407 1 3.44 0.089 11.9
19960408 0 3.67 0.088 13
19960409 0 3.76 0.086 13.4
19960410 0 3.95 0.083 14.3
19960411 0 4.13 0.08 15.1
19960412 0 4.28 0.077 15.8
19960413 0 4.42 0.074 16.4
19960414 0 4.54 0.071 16.9
19960415 0 4.56 0.069 16.9
19960416 0 4.48 0.066 16.4
19960417 0 3.92 0.064 13.6
19960418 0 3.96 0.062 13.7
19960419 0 3.99 0.06 13.8
19960420 0 4.04 0.058 14
19960421 0.2 4.29 0.056 15.1
19960422 4.6 3.76 0.055 12.6
19960423 0.2 3.37 0.055 10.8
19960424 0 3.73 0.054 12.4
19960425 0 3.92 0.053 13.2
19960426 0.1 4.01 0.051 13.6
19960427 0.6 4.02 0.05 13.6
19960428 2.7 4.07 0.049 13.8
19960429 3.6 3.96 0.049 13.3
19960430 0.3 3.73 0.049 12.3
19960501 0.4 3.42 0.048 11
19960502 3.8 3.3 0.048 10.5
19960503 5.8 3.27 0.048 10.4
19960504 2.3 4 0.049 13.4
19960505 2.1 4.3 0.05 14.6
19960506 17.9 3.9 0.052 13
19960507 7.3 3.55 0.059 11.6
19960508 2.9 3.9 0.067 13
19960509 4.8 4 0.072 13.4
19960510 8.8 3.64 0.076 12
19960511 3.6 3.01 0.081 9.6
19960512 0.2 3.23 0.086 10.5
19960513 0 3.51 0.086 11.6
19960514 0 4.23 0.084 14.3
19960515 0 4.47 0.08 15.2
19960516 0.4 4.52 0.077 15.4
19960517 0.6 4.32 0.075 14.7
19960518 4.2 4.12 0.073 14
19960519 0.6 3.52 0.073 11.9
19960520 0.3 3.7 0.072 12.6
19960521 0 4.19 0.071 14.4
19960522 0 4.69 0.068 16.2
19960523 0 5.26 0.066 18.2
19960524 0 5.64 0.064 19.5
19960525 0 5.84 0.062 20.2
19960526 0 6.14 0.06 21.2
19960527 0 6.53 0.058 22.5
19960528 0 6.75 0.056 23.2
19960529 0 6.94 0.054 23.8
19960530 0.2 7 0.052 24
19960531 2.1 6.94 0.051 23.8
19960601 0.2 6.14 0.05 21.3
19960602 0 5.32 0.049 18.8
19960603 0 4.85 0.047 17.4
19960604 0 5.25 0.046 18.7
19960605 0 5.89 0.045 20.7
19960606 0 6.31 0.044 22
19960607 0 6.57 0.043 22.8
19960608 0 6.42 0.042 22.4
19960609 0 6.57 0.04 22.9
19960610 0.2 6.87 0.04 23.8
19960611 0 6.89 0.039 23.9
19960612 0 6.95 0.038 24.1
19960613 0 6.83 0.037 23.8
19960614 0 7.13 0.036 24.7
19960615 0.5 7.26 0.035 25.1
19960616 2.9 7.24 0.035 25.1
19960617 3.1 6.83 0.034 24
19960618 1.6 6.41 0.034 22.9
19960619 0.2 6.83 0.033 24.1
19960620 0 6.74 0.033 23.9
19960621 0 5.39 0.032 20.3
19960622 0 4.97 0.032 19.2
19960623 0 4.98 0.031 19.3
19960624 0 4.63 0.03 18.4
19960625 0 4.68 0.03 18.6
19960626 0 4.95 0.029 19.4
19960627 0 5.72 0.029 21.5
19960628 0 6.56 0.029 23.8
19960629 0 7.17 0.028 25.5
19960630 0 7.53 0.028 26.5
19960701 0 7.59 0.027 26.7
19960702 0 6.89 0.027 24.9
19960703 0 6.76 0.026 24.6
19960704 0 6.78 0.026 24.7
19960705 0 6.42 0.026 23.8
19960706 0 5.87 0.025 22.4
19960707 0 4.93 0.025 20
19960708 0 4.37 0.025 18.6
19960709 0.1 5.27 0.024 21
19960710 0 5.86 0.024 22.6
19960711 0 6.26 0.024 23.7
19960712 0 6.43 0.024 24.2
19960713 2.3 6.68 0.023 24.9
19960714 0.2 5.85 0.023 22.8
19960715 0.1 5.6 0.023 22.2
19960716 0 5.94 0.023 23.1
19960717 0.1 6.24 0.022 23.9
19960718 0 6.92 0.022 25.7
19960719 0 7.64 0.022 27.6
19960720 0 7.81 0.022 28.1
19960721 0 7.75 0.021 28
19960722 0 7.85 0.021 28.3
19960723 0.1 8.17 0.021 29.2
19960724 1.7 8.15 0.021 29.2
19960725 0.2 7.53 0.021 27.6
19960726 0.4 6.1 0.02 23.8
19960727 0 5.57 0.02 22.4
19960728 0 6.11 0.02 23.9
19960729 0 6.83 0.02 25.9
19960730 0 7.33 0.02 27.3
19960731 0 7.49 0.02 27.8
19960801 0 7.29 0.019 27.3
19960802 0 7.13 0.019 26.9
19960803 0 7.04 0.019 26.7
19960804 0 6.73 0.019 25.9
19960805 0 6.08 0.019 24.1
19960806 0.4 6.17 0.019 24.4
19960807 0.5 6.12 0.018 24.3
19960808 0.1 6.14 0.018 24.4
19960809 0 6.37 0.018 25.1
19960810 0 6.25 0.018 24.8
19960811 0 6.23 0.018 24.8
19960812 0 6.42 0.018 25.4
19960813 0 6.55 0.018 25.8
19960814 0.1 6.46 0.017 25.6
19960815 11.8 5.73 0.017 23.5
19960816 0.9 5.59 0.017 23.1
19960817 0 6.15 0.017 24.8
19960818 0 6.14 0.017 24.8
19960819 0 5.49 0.017 22.9
19960820 0 5.25 0.017 22.2
19960821 0.3 5.11 0.017 21.8
19960822 0.2 5.26 0.017 22.3
19960823 0 5.28 0.017 22.4
19960824 0 4.95 0.016 21.4
19960825 0 5.07 0.016 21.8
19960826 0 5.45 0.016 23.1
19960827 0 5.53 0.016 23.4
19960828 0 5.36 0.016 22.9
19960829 0.3 5.04 0.016 21.9
19960830 0 4.67 0.016 20.7
19960831 0 4.45 0.016 20
19960901 0 4.35 0.016 19.7
19960902 0 4.62 0.015 20.7
19960903 0.1 4.58 0.015 20.6
19960904 8.5 4.31 0.015 19.7
19960905 0.1 4.19 0.015 19.3
19960906 0 4.17 0.015 19.3
19960907 0.6 4.37 0.015 20.1
19960908 6.1 4.22 0.015 19.6
19960909 2.7 3.71 0.015 17.7
19960910 6.4 3.2 0.015 15.8
19960911 10.5 2.99 0.016 15
19960912 1.4 3.21 0.016 15.9
19960913 0 3.42 0.017 16.8
19960914 0.6 3.58 0.017 17.5
19960915 0.1 3.73 0.017 18.2
19960916 0.5 3.65 0.017 17.9
19960917 2.9 3.38 0.017 16.8
19960918 1.9 3.17 0.017 15.9
19960919 1 2.91 0.017 14.8
19960920 11.8 2.89 0.017 14.7
19960921 5 2.79 0.018 14.3
19960922 0.4 2.68 0.02 13.8
19960923 0 2.8 0.02 14.4
19960924 0 3.13 0.02 16
19960925 0 3.05 0.02 15.7
19960926 0 3.15 0.02 16.3
19960927 0 3.65 0.019 18.9
19960928 0 4.02 0.019 21
19960929 0 4.14 0.019 21.8
19960930 0 4.08 0.019 21.7
19961001 0 3.23 0.018 17.3
19961002 0.1 2.64 0.018 14.2
19961003 0 2.71 0.018 14.7
19961004 0.1 2.81 0.018 15.4
19961005 0 2.6 0.017 14.3
19961006 0.1 2.08 0.017 11.3
19961007 0.2 1.97 0.017 10.7
19961008 0 2.14 0.017 11.9
19961009 0 2.26 0.017 12.8
19961010 0 2.34 0.016 13.5
19961011 0 2.45 0.016 14.4
19961012 0.3 2.44 0.016 14.6
19961013 9.9 2.21 0.016 13.2
19961014 2.5 2.14 0.017 12.9
19961015 0.2 1.96 0.017 11.8
19961016 0 2 0.018 12.1
19961017 0.9 1.98 0.018 11.9
19961018 0.3 2.34 0.017 14.8
19961019 0 2.5 0.017 16.1
19961020 0 2.56 0.017 16.7
19961021 0 2.57 0.017 16.9
19961022 0 2.55 0.017 16.9
19961023 0 2.65 0.016 17.9
19961024 0 2.63 0.016 17.9
19961025 0 2.6 0.016 17.8
19961026 0 2.38 0.016 16
19961027 0 2.36 0.016 16
19961028 0 2.28 0.016 15.5
19961029 0 2.11 0.015 14.1
19961030 0 2.07 0.015 13.8
19961031 0 1.88 0.015 12.2
19961101 0 1.88 0.015 12.3
19961102 0 1.92 0.015 12.9
19961103 0 1.97 0.015 13.6
19961104 1.5 1.87 0.015 12.8
19961105 0.3 1.77 0.015 11.9
19961106 0 1.56 0.014 9.8
19961107 0 1.62 0.014 10.7
19961108 0 1.69 0.014 11.6
19961109 0 1.67 0.014 11.7
19961110 7.3 1.53 0.014 10.3
19961111 27.2 1.42 0.016 9.1
19961112 11.4 1.38 0.02 8.8
19961113 7.8 1.37 0.027 8.9
19961114 2.6 1.32 0.033 8.5
19961115 2.1 1.18 0.036 6.9
19961116 4.4 0.99 0.038 4.4
19961117 2.5 0.89 0.04 3.1
19961118 0.4 1 0.041 4.7
19961119 1 0.97 0.041 4.3
19961120 0.6 1.16 0.041 7
19961121 0.1 1.3 0.04 9.2
19961122 0 1.35 0.039 10.1
19961123 0.9 1.32 0.038 9.8
19961124 0.1 1.38 0.037 10.8
19961125 0.1 1.3 0.037 9.7
19961126 0 1.38 0.036 11.1
19961127 0 1.34 0.035 10.8
19961128 0 1.18 0.034 8.3
19961129 0 1.05 0.033 6.4
19961130 0 1.12 0.032 7.6
19961201 0 1.2 0.031 9.1
19961202 0 1.18 0.03 9
19961203 0 1.13 0.029 8.3
19961204 15.2 1.04 0.03 7
19961205 2.8 0.93 0.036 5.1
19961206 3.9 0.84 0.042 3.7
19961207 3 0.88 0.046 4.5
19961208 4.8 0.89 0.05 4.9
19961209 0.9 0.88 0.053 4.8
19961210 3.3 0.93 0.055 5.9
19961211 9.3 0.99 0.059 7.3
19961212 37.4 1.08 0.078 9.3
19961213 9.1 1.1 0.125 9.9
19961214 1.5 1.04 0.173 9.1
19961215 0.5 1 0.19 8.4
19961216 0.9 0.89 0.187 6.1
19961217 7.9 0.99 0.185 8.2
19961218 6.2 1.08 0.192 9.9
19961219 4.3 1.03 0.207 8.6
19961220 8.5 1.01 0.223 8.1
19961221 4.1 1.06 0.24 9
19961222 3.6 1.09 0.255 9.5
19961223 6 1.03 0.266 8.1
19961224 4.2 0.96 0.277 6.6
19961225 1.9 0.96 0.287 6.5
19961226 0.2 0.84 0.288 3.9
19961227 0.6 0.79 0.279 2.9
19961228 8.8 0.73 0.274 1.6
19961229 20.9 0.81 0.299 3
19961230 7.7 0.9 0.366 4.7
19961231 5.8 0.89 0.434 4.3
19970101 10.3 0.91 0.478 4.7
19970102 8.9 0.88 0.521 4
19970103 3.5 0.78 0.565 1.9
19970104 3.3 0.77 0.59 1.7
19970105 9.1 0.71 0.601 0.5
19970106 1.4 0.7 0.618 0.1
19970107 12.9 0.72 0.639 0.5
19970108 11 0.92 0.686 4
19970109 1.4 1.08 0.753 7
19970110 0.1 1.05 0.779 6.2
19970111 0 1.18 0.753 8.6
19970112 0 1.16 0.71 8.1
19970113 0.1 1.11 0.667 6.9
19970114 0.1 1.05 0.628 5.7
19970115 0.7 1.08 0.592 6.2
19970116 6.2 1.17 0.57 7.9
19970117 1.4 1.17 0.568 7.5
19970118 11.6 1.06 0.585 5.1
19970119 15.5 1.16 0.643 6.6
19970120 8.1 1.21 0.748 7.1
19970121 1.8 1.25 0.837 7.3
19970122 6.2 1.18 0.869 5.9
19970123 7.1 1.27 0.883 7
19970124 0.5 1.33 0.903 7.7
19970125 0.3 1.4 0.897 8.4
19970126 0 1.44 0.857 8.6
19970127 0 1.38 0.807 7.5
19970128 0.1 1.37 0.758 7
19970129 0.2 1.38 0.713 6.9
19970130 0 1.54 0.672 8.8
19970131 2.1 1.6 0.637 9.4
19970201 0 1.6 0.611 9.1
19970202 0.9 1.58 0.587 8.5
19970203 1 1.62 0.562 8.7
19970204 0.1 1.47 0.538 6.6
19970205 0 1.49 0.513 6.6
19970206 0 1.6 0.486 7.7
19970207 0 1.63 0.459 7.8
19970208 0 1.56 0.434 6.8
19970209 0 1.61 0.411 7.2
19970210 0 1.61 0.389 6.9
19970211 0 1.77 0.368 8.6
19970212 0 1.91 0.349 10
19970213 0 1.79 0.331 8.4
19970214 0 1.87 0.314 9
19970215 0 1.91 0.299 9.1
19970216 0 1.86 0.284 8.3
19970217 0 1.89 0.271 8.3
19970218 0 1.91 0.258 8.2
19970219 0 2.11 0.246 9.9
19970220 0 2.3 0.235 11.4
19970221 0 2.44 0.224 12.5
19970222 0.3 2.45 0.215 12.2
19970223 0 2.34 0.206 10.9
19970224 0 2.27 0.198 10
19970225 0 2.39 0.19 10.8
19970226 0 2.38 0.183 10.4
19970227 0 2.56 0.175 11.7
19970228 0 2.65 0.169 12.2
19970301 0 2.74 0.162 12.7
19970302 0 2.86 0.156 13.4
19970303 0 2.91 0.151 13.5
19970304 0 2.96 0.145 13.7
19970305 0 2.98 0.14 13.6
19970306 0 2.99 0.135 13.4
19970307 0 2.97 0.131 13
19970308 0 2.81 0.127 11.6
19970309 0 2.69 0.123 10.5
19970310 0 2.63 0.119 9.9
19970311 0 2.85 0.116 11.3
19970312 0 2.84 0.112 11.1
19970313 0 2.98 0.109 11.9
19970314 0 3.13 0.106 12.7
19970315 0 3.14 0.104 12.6
19970316 0 3.26 0.101 13.4
19970317 0 3.46 0.098 14.6
19970318 0 3.59 0.096 15.3
19970319 0.1 3.51 0.094 14.6
19970320 0 3.45 0.092 14
19970321 0 3.44 0.09 13.8
19970322 0 3.42 0.088 13.5
19970323 0 3.44 0.086 13.5
19970324 0 3.35 0.085 12.8
19970325 0 2.84 0.083 9.6
19970326 0 2.97 0.081 10.3
19970327 0 3.04 0.08 10.6
19970328 0 3.24 0.079 11.7
19970329 0 3.47 0.077 12.9
19970330 0 3.66 0.076 13.9
19970331 0 3.7 0.075 14
19970401 0 3.86 0.074 14.8
19970402 0.1 3.94 0.073 15.1
19970403 0 4.03 0.072 15.5
19970404 0 4.05 0.071 15.5
19970405 0.1 3.95 0.07 14.8
19970406 0 3.97 0.069 14.8
19970407 1.8 3.59 0.068 12.7
19970408 0.6 3.44 0.068 11.8
19970409 0.1 3.28 0.068 10.9
19970410 0 3.16 0.067 10.2
19970411 0 3.5 0.066 11.9
19970412 0 3.81 0.066 13.4
19970413 0 4.12 0.065 14.9
19970414 0 4.3 0.064 15.7
19970415 0 4.52 0.064 16.7
19970416 0.7 4.67 0.063 17.3
19970417 7.4 4.09 0.063 14.4
19970418 2.6 3.96 0.064 13.7
19970419 8.7 3.82 0.065 13
19970420 11.8 3.92 0.068 13.4
19970421 3.8 3.71 0.073 12.4
19970422 3 3.74 0.077 12.5
19970423 0.3 3.92 0.079 13.3
19970424 0.8 4.02 0.079 13.7
19970425 1.1 4.03 0.078 13.7
19970426 0 4.26 0.077 14.7
19970427 0 4.59 0.076 16.1
19970428 0 5.02 0.075 17.9
19970429 0 5.27 0.074 18.9
19970430 0 5.34 0.073 19.1
19970501 0 5.26 0.072 18.7
19970502 0 5.13 0.07 18.1
19970503 0 5.43 0.069 19.3
19970504 0.2 5.42 0.068 19.2
19970505 0.9 4.72 0.068 16.3
19970506 0.2 3.68 0.067 12.1
19970507 0.5 3.25 0.066 10.4
19970508 0 3.09 0.065 9.8
19970509 0.1 3.87 0.065 12.9
19970510 0.1 4.39 0.064 14.9
19970511 0 4.54 0.063 15.5
19970512 1 4.73 0.062 16.2
19970513 5.6 4.73 0.062 16.2
19970514 2 4.55 0.062 15.5
19970515 2.5 4.76 0.062 16.3
19970516 1.3 4.39 0.062 14.9
19970517 1 4.21 0.062 14.3
19970518 0.2 4.42 0.062 15.1
19970519 0.1 4.72 0.061 16.2
19970520 0 4.71 0.061 16.2
19970521 0.1 4.82 0.06 16.6
19970522 0.1 5.09 0.059 17.6
19970523 1.7 5.29 0.059 18.3
19970524 19.6 5.08 0.059 17.6
19970525 6.5 4.44 0.062 15.5
19970526 0.4 5.06 0.065 17.6
19970527 0 5.35 0.066 18.6
19970528 0 5.64 0.066 19.6
19970529 0.8 6.16 0.065 21.3
19970530 6 5.59 0.064 19.5
19970531 7.1 4.69 0.065 16.7
19970601 1.4 4.38 0.067 15.8
19970602 0.3 4.52 0.068 16.3
19970603 11.1 4.85 0.068 17.4
19970604 7.1 4.1 0.07 15.2
19970605 3.4 3.83 0.074 14.5
19970606 0.2 4.77 0.076 17.4
19970607 0.5 5.04 0.077 18.3
19970608 0.3 5.29 0.076 19.1
19970609 0 6.26 0.074 22
19970610 0.3 5.93 0.073 21.1
19970611 0 5.77 0.072 20.7
19970612 0 5.85 0.071 21
19970613 0 6.04 0.069 21.6
19970614 0 6.38 0.068 22.6
19970615 0 6.42 0.067 22.8
19970616 0.4 6.08 0.066 21.9
19970617 1.9 5.22 0.065 19.6
19970618 1.5 4.83 0.064 18.6
19970619 0 5.07 0.064 19.3
19970620 0 5.6 0.063 20.8
19970621 0 5.58 0.062 20.8
19970622 0 5 0.061 19.3
19970623 0 5.21 0.06 19.9
19970624 0 6 0.06 22.1
19970625 1.2 6.31 0.059 23
19970626 0 6.07 0.058 22.4
19970627 0 4.86 0.057 19.2
19970628 0.3 3.56 0.057 15.8
19970629 0 3.2 0.056 14.9
19970630 0 3.66 0.056 16.2
19970701 3.3 4.2 0.055 17.7
19970702 2.4 3.76 0.055 16.6
19970703 0.4 4.04 0.054 17.4
19970704 0 4.09 0.054 17.6
19970705 0 4.79 0.054 19.5
19970706 0 5.3 0.053 20.9
19970707 0 5.69 0.053 22
19970708 0 6.25 0.052 23.5
19970709 0.2 6.19 0.052 23.4
19970710 0.7 5.4 0.051 21.4
19970711 0.1 5.53 0.051 21.8
19970712 0 6.43 0.05 24.2
19970713 0 6.76 0.05 25.1
19970714 0.6 6.59 0.049 24.7
19970715 2.3 6.26 0.049 23.9
19970716 0.3 5.36 0.049 21.6
19970717 0 5.43 0.048 21.8
19970718 0 6.23 0.048 23.9
19970719 0 6.64 0.048 25
19970720 0 6.86 0.047 25.6
19970721 0.2 6.88 0.047 25.7
19970722 0.2 6.6 0.047 25
19970723 6.4 6.02 0.046 23.5
19970724 0.5 5.6 0.046 22.4
19970725 0 6.33 0.046 24.4
19970726 0 7.14 0.046 26.6
19970727 0 7.49 0.046 27.6
19970728 0 7.22 0.045 26.9
19970729 0 7.2 0.045 26.9
19970730 0.1 7.4 0.045 27.5
19970731 0 7.24 0.044 27.1
19970801 0 7.69 0.044 28.4
19970802 0 7.92 0.044 29.1
19970803 2.2 7.87 0.044 29
19970804 0.7 6.84 0.043 26.2
19970805 0.2 6.11 0.043 24.2
19970806 0 5.49 0.043 22.5
19970807 0 5.23 0.043 21.8
19970808 5.9 5.26 0.042 21.9
19970809 0.7 6.02 0.042 24.1
19970810 12.9 5.62 0.042 23
19970811 0 5.02 0.042 21.3
19970812 0.1 5.7 0.043 23.3
19970813 0.1 6.48 0.043 25.6
19970814 0 6.73 0.042 26.4
19970815 2.2 6.82 0.042 26.7
19970816 0.2 6.54 0.042 25.9
19970817 0 6.56 0.042 26
19970818 0 6.57 0.042 26.1
19970819 0 6.88 0.041 27.1
19970820 0.1 6.89 0.041 27.2
19970821 0 6.67 0.041 26.6
19970822 0.1 6.58 0.041 26.4
19970823 0.6 6.23 0.04 25.4
19970824 2 5.71 0.04 23.8
19970825 9 4.79 0.04 20.9
19970826 0.1 4.78 0.04 20.9
19970827 1.6 4.71 0.04 20.7
19970828 0 4 0.04 18.4
19970829 0 4 0.04 18.4
19970830 0 4.76 0.04 21
19970831 0 5.32 0.04 23
19970901 0 5.01 0.039 22
19970902 0 4.42 0.039 20
19970903 0 4.86 0.039 21.6
19970904 0 5.25 0.039 23.1
19970905 0 5.58 0.039 24.4
19970906 0 5.41 0.038 23.9
19970907 0 5.12 0.038 22.9
19970908 0 5.19 0.038 23.3
19970909 0 5.37 0.038 24.1
19970910 0 5.41 0.038 24.4
19970911 0 5.48 0.038 24.8
19970912 0 5.26 0.037 24.1
19970913 0.1 4.76 0.037 22.2
19970914 0.9 4.65 0.037 21.9
19970915 3.1 4.4 0.037 21
19970916 0.1 4.26 0.037 20.5
19970917 0 4.27 0.037 20.6
19970918 0 4.24 0.037 20.6
19970919 0.5 4.47 0.036 21.7
19970920 0.2 4.48 0.036 21.9
19970921 0 4.39 0.036 21.6
19970922 0 4.46 0.036 22.1
19970923 0.1 4.43 0.036 22.1
19970924 1.2 4.31 0.036 21.7
19970925 1.4 3.97 0.036 20.2
19970926 2.4 3.54 0.035 18.2
19970927 6.3 3.45 0.035 17.9
19970928 2.1 3.46 0.035 18.1
19970929 2.3 3.4 0.036 17.9
19970930 7.6 3.24 0.036 17.2
19971001 0.4 3.45 0.036 18.5
19971002 0 3.7 0.036 20.1
19971003 0 3.75 0.036 20.6
19971004 0.1 3.7 0.036 20.6
19971005 0.9 3.34 0.036 18.7
19971006 1.5 3.22 0.036 18.2
19971007 0.2 3.24 0.036 18.6
19971008 0 3.23 0.035 18.8
19971009 0 3.14 0.035 18.5
19971010 0 3.2 0.035 19.2
19971011 0 3.36 0.035 20.6
19971012 0 3.13 0.035 19.4
19971013 0 2.37 0.035 14.3
19971014 0 2.06 0.035 12.3
19971015 0 2.15 0.034 13.2
19971016 0 2.39 0.034 15
19971017 0 2.55 0.034 16.3
19971018 0 2.65 0.034 17.2
19971019 0.2 2.74 0.034 18
19971020 4.7 2.7 0.034 17.8
19971021 6.4 2.64 0.034 17.5
19971022 7 2.55 0.034 16.9
19971023 0.4 2.32 0.035 15.1
19971024 0 2.24 0.035 14.5
19971025 0.8 2.27 0.035 14.9
19971026 1.3 2.31 0.035 15.4
19971027 2 2.31 0.035 15.6
19971028 1.9 2.23 0.035 15
19971029 0 1.78 0.035 11
19971030 0 1.56 0.035 9
19971031 0 1.51 0.035 8.6
19971101 0.9 1.84 0.035 11.9
19971102 12.7 1.78 0.035 11.5
19971103 6.5 1.95 0.037 13.4
19971104 2.6 1.93 0.039 13.4
19971105 5.7 1.85 0.04 12.8
19971106 2.9 1.5 0.042 9.2
19971107 4.9 1.49 0.043 9.2
19971108 2 1.62 0.045 10.9
19971109 1.1 1.66 0.046 11.5
19971110 2.6 1.51 0.047 10
19971111 10 1.39 0.048 8.8
19971112 3.8 1.24 0.051 7.1
19971113 23.5 1.31 0.058 8.2
19971114 0.9 1.43 0.071 10
19971115 0.2 1.35 0.081 9.2
19971116 0.2 1.35 0.082 9.4
19971117 0.6 1.31 0.08 8.9
19971118 3.8 1.34 0.079 9.4
19971119 0.9 1.32 0.079 9.3
19971120 2.8 1.29 0.08 8.9
19971121 6.1 1.29 0.082 9.1
19971122 0.8 1.12 0.085 6.7
19971123 0.2 1.05 0.087 5.8
19971124 1.9 1.07 0.087 6.1
19971125 7.7 1.13 0.087 7.2
19971126 1.5 1.21 0.092 8.5
19971127 0.1 1.16 0.095 7.9
19971128 1 1.11 0.095 7.3
19971129 0.1 1.18 0.093 8.5
19971130 1 1.18 0.091 8.7
19971201 0 1.13 0.089 8
19971202 0 1.1 0.086 7.6
19971203 0.3 1.05 0.084 7
19971204 19.6 0.95 0.087 5.3
19971205 0.8 0.75 0.101 2
19971206 0 0.79 0.114 2.7
19971207 0.1 0.81 0.115 3.2
19971208 2 0.93 0.112 5.6
19971209 0.3 1.03 0.109 7.7
19971210 0.2 0.96 0.108 6.5
19971211 0.3 1.03 0.105 8.1
19971212 9.8 1.02 0.105 8.2
19971213 0.2 0.86 0.111 5.1
19971214 0.2 0.82 0.117 4.6
19971215 3.2 0.77 0.117 3.6
19971216 4.7 0.89 0.118 6.1
19971217 21.6 1.05 0.131 9.3
19971218 5.7 1.05 0.165 9.3
19971219 2.9 0.99 0.199 7.8
19971220 0.6 0.94 0.212 6.7
19971221 5.3 0.95 0.213 6.8
19971222 4.9 1.03 0.217 8.3
19971223 0.2 0.99 0.225 7.4
19971224 0 0.93 0.226 6
19971225 2.5 0.97 0.219 6.6
19971226 1.3 0.98 0.214 6.8
19971227 0.2 0.91 0.21 5.2
19971228 2.3 0.85 0.206 3.9
19971229 6.9 0.96 0.206 6
19971230 2.7 1.07 0.215 7.9
19971231 11.1 1.04 0.231 7.2
19980101 0.4 0.93 0.253 5
19980102 0.9 0.99 0.265 6
19980103 0.7 1.12 0.262 8.5
19980104 0.4 1.19 0.253 9.7
19980105 0.3 1.19 0.243 9.4
19980106 0 1.03 0.233 6.4
19980107 0 0.94 0.222 4.6
19980108 0 0.99 0.212 5.3
19980109 0.1 1.03 0.202 6
19980110 0 1.11 0.193 7.4
19980111 0.3 1.17 0.185 8.3
19980112 2.2 1.19 0.178 8.6
19980113 0.7 1.13 0.176 7.4
19980114 0.2 0.99 0.173 4.6
19980115 0 0.96 0.169 4.1
19980116 0 0.99 0.162 4.6
19980117 0 1.05 0.155 5.4
19980118 0.1 1.07 0.149 5.4
19980119 0 1.2 0.143 7.2
19980120 0.2 1.29 0.137 8.4
19980121 0 1.21 0.132 6.7
19980122 0 1.22 0.127 6.6
19980123 0.6 1.14 0.123 4.9
19980124 1 1.16 0.12 5
19980125 1 1.07 0.118 3.4
19980126 3.4 1.1 0.119 3.6
19980127 0.4 1.22 0.122 5.1
19980128 2.5 1.36 0.124 6.8
19980129 2.2 1.33 0.127 6.1
19980130 2.5 1.27 0.13 5.1
19980131 11.7 1.44 0.14 7.1
19980201 2.7 1.51 0.161 7.9
19980202 6.8 1.54 0.184 8
19980203 9.9 1.62 0.206 8.7
19980204 5.4 1.61 0.236 8.3
19980205 2.4 1.69 0.262 9.1
19980206 0.1 1.59 0.272 7.6
19980207 0 1.61 0.267 7.6
19980208 1.4 1.62 0.257 7.5
19980209 1.2 1.64 0.249 7.5
19980210 0 1.74 0.242 8.5
19980211 0 1.77 0.234 8.6
19980212 0 1.83 0.224 9.1
19980213 0 1.94 0.213 10.1
19980214 0 2.02 0.204 10.7
19980215 0 2.19 0.195 12.2
19980216 0 2.27 0.186 12.6
19980217 0 2.33 0.178 12.8
19980218 0 2.29 0.17 12
19980219 0 2.19 0.163 10.7
19980220 0 2.24 0.157 10.9
19980221 2.7 2.22 0.151 10.3
19980222 0 1.95 0.149 7.5
19980223 0 1.74 0.147 5.3
19980224 0 1.85 0.142 6.1
19980225 0 2.05 0.137 7.7
19980226 0 2.2 0.131 8.8
19980227 0 2.31 0.127 9.6
19980228 0 2.29 0.122 9.2
19980301 0 2.34 0.118 9.4
19980302 0 2.39 0.114 9.6
19980303 0.1 2.63 0.11 11.3
19980304 0 2.82 0.106 12.6
19980305 0 3.05 0.103 14.1
19980306 0 3.03 0.1 13.7
19980307 0 3.05 0.097 13.6
19980308 0 3.09 0.094 13.7
19980309 0 2.89 0.091 12
19980310 0 2.64 0.089 10
19980311 0 2.54 0.086 9.1
19980312 0 2.19 0.084 6.5
19980313 0 2.14 0.082 6.1
19980314 0 2.17 0.08 6.2
19980315 0 2.54 0.078 8.6
19980316 0 2.93 0.076 11.2
19980317 0 3.2 0.074 12.9
19980318 0 3.29 0.073 13.3
19980319 0 3.36 0.071 13.6
19980320 0 3.42 0.069 13.8
19980321 0.1 3.44 0.068 13.8
19980322 0.2 3.27 0.067 12.6
19980323 0.6 3.44 0.066 13.5
19980324 0.1 3.22 0.065 12
19980325 0 3.25 0.064 12.1
19980326 0 3.44 0.063 13.1
19980327 0.1 3.7 0.062 14.5
19980328 1.9 3.87 0.061 15.4
19980329 10.3 3.35 0.062 12.2
19980330 0.6 3.42 0.065 12.5
19980331 2.6 3.17 0.067 11
19980401 0.1 3.06 0.068 10.3
19980402 0 3.22 0.068 11.1
19980403 1 3.42 0.067 12.1
19980404 0.3 3.1 0.066 10.3
19980405 1.5 2.97 0.065 9.5
19980406 0.6 3 0.065 9.6
19980407 1.3 3.29 0.064 11.1
19980408 0.1 3.04 0.064 9.7
19980409 3.5 2.53 0.064 7
19980410 2.8 2.27 0.064 5.6
19980411 2.9 2 0.065 4.2
19980412 0.1 2.21 0.066 5.3
19980413 0.2 2.41 0.066 6.3
19980414 3.7 2.66 0.065 7.5
19980415 1 2.78 0.065 8.1
19980416 4.7 2.68 0.066 7.6
19980417 0.3 2.85 0.067 8.4
19980418 0 2.79 0.068 8.1
19980419 0 3.15 0.067 9.8
19980420 0 3.7 0.065 12.4
19980421 0.3 4.16 0.064 14.5
19980422 5.9 3.67 0.064 12.2
19980423 1.4 3.97 0.064 13.5
19980424 0 4.53 0.065 16
19980425 0 4.93 0.065 17.7
19980426 2.2 4.22 0.064 14.5
19980427 0.2 3.31 0.063 10.5
19980428 5.4 3.47 0.063 11.2
19980429 5.3 3.5 0.064 11.3
19980430 2 3 0.066 9.2
19980501 3.3 3.09 0.068 9.6
19980502 3.3 3.28 0.069 10.4
19980503 0.8 3.22 0.07 10.2
19980504 0.2 3.07 0.07 9.6
19980505 0 3.29 0.069 10.5
19980506 0 3.95 0.068 13.2
19980507 0 4.53 0.066 15.5
19980508 0 4.66 0.065 16
19980509 0.2 4.95 0.064 17.1
19980510 11.6 4.65 0.063 15.9
19980511 7.1 3.97 0.066 13.3
19980512 1.4 4.26 0.07 14.4
19980513 3.4 4.12 0.073 13.9
19980514 7.7 3.83 0.074 12.8
19980515 4.4 4.68 0.078 16
19980516 0.7 5.03 0.081 17.3
19980517 0.1 5.3 0.082 18.3
19980518 2.6 5.47 0.081 18.9
19980519 6.5 5 0.08 17.2
19980520 9.5 4.74 0.083 16.3
19980521 2.4 4.62 0.088 15.9
19980522 4.2 4.86 0.092 16.8
19980523 2.5 4.91 0.094 17
19980524 8.8 4.43 0.096 15.4
19980525 1.6 4.38 0.1 15.3
19980526 4.3 4.51 0.103 15.8
19980527 5.2 4.25 0.105 15
19980528 0.6 3.92 0.107 14
19980529 4.9 3.8 0.108 13.7
19980530 0.3 3.8 0.108 13.8
19980531 0.2 4.12 0.107 14.9
19980601 0 4.99 0.104 17.7
19980602 0 5.06 0.101 18
19980603 0.5 5.43 0.098 19.2
19980604 5.6 5.74 0.096 20.2
19980605 20 4.93 0.099 17.8
19980606 0.1 4.7 0.109 17.2
19980607 0 5.32 0.116 19.1
19980608 0 5.94 0.115 21
19980609 0 6.64 0.111 23.1
19980610 0 6.28 0.107 22.1
19980611 0 4.86 0.103 18.1
19980612 0 4.36 0.1 16.8
19980613 0 5.43 0.096 19.9
19980614 0 5.91 0.093 21.3
19980615 0 5.55 0.09 20.4
19980616 0 5.64 0.088 20.7
19980617 0 6.1 0.085 22
19980618 0 6.59 0.083 23.4
19980619 0 6.94 0.08 24.4
19980620 0 7.07 0.078 24.8
19980621 0 7.49 0.076 26
19980622 0 7.77 0.074 26.8
19980623 0 7.68 0.072 26.6
19980624 0 7.22 0.07 25.4
19980625 0 7.02 0.068 24.9
19980626 0 7.08 0.067 25.1
19980627 0 7.55 0.065 26.4
19980628 0 7.75 0.064 27
19980629 0 7.74 0.062 27
19980630 0.5 7.68 0.061 26.9
19980701 0.2 6.05 0.06 22.6
19980702 0 5.42 0.059 21
19980703 0 5.33 0.058 20.8
19980704 0.1 6.21 0.057 23.2
19980705 0.2 6.99 0.056 25.3
19980706 0 7.01 0.055 25.4
19980707 0 5.85 0.054 22.4
19980708 0 5.94 0.053 22.7
19980709 0 6.49 0.052 24.2
19980710 0 7.24 0.051 26.2
19980711 0 7.68 0.05 27.4
19980712 0 7.9 0.05 28
19980713 0 8.11 0.049 28.6
19980714 0 7.36 0.048 26.7
19980715 0 6.91 0.048 25.6
19980716 0 7.53 0.047 27.2
19980717 0 8.14 0.046 28.8
19980718 0 8.08 0.046 28.7
19980719 0 7.87 0.045 28.2
19980720 0 7.39 0.045 27
19980721 0 6.39 0.044 24.4
19980722 0 6.68 0.044 25.2
19980723 0 7.38 0.043 27.1
19980724 0 7.92 0.043 28.6
19980725 0 7.9 0.042 28.6
19980726 0 7.92 0.042 28.7
19980727 0 7.42 0.041 27.4
19980728 0 7.14 0.041 26.7
19980729 0 7.57 0.04 27.9
19980730 0 7.99 0.04 29.1
19980731 0 7.16 0.04 26.9
19980801 0 6.28 0.039 24.5
19980802 0 5.5 0.039 22.4
19980803 0 4.7 0.039 20.2
19980804 0 5.48 0.038 22.4
19980805 0 6.15 0.038 24.3
19980806 0 6.59 0.038 25.6
19980807 0 6.93 0.038 26.6
19980808 0 6.95 0.037 26.7
19980809 0 7.14 0.037 27.3
19980810 0.3 7.4 0.037 28.1
19980811 0.3 7.55 0.036 28.6
19980812 0.2 7.53 0.036 28.6
19980813 2.4 6.72 0.036 26.3
19980814 0.6 6.25 0.036 25
19980815 1.5 6.41 0.035 25.5
19980816 0 6.41 0.035 25.5
19980817 0.1 6.32 0.035 25.3
19980818 0.2 6.2 0.035 25
19980819 0.7 6.32 0.035 25.4
19980820 0.1 6.3 0.034 25.4
19980821 0 6.64 0.034 26.5
19980822 0 6.8 0.034 27.1
19980823 0 7 0.034 27.8
19980824 0 7.18 0.034 28.5
19980825 0 7.24 0.033 28.8
19980826 0 7.05 0.033 28.3
19980827 0 6.29 0.033 25.9
19980828 0 5.87 0.033 24.6
19980829 0 5.84 0.033 24.6
19980830 0 6.05 0.032 25.4
19980831 0 6.05 0.032 25.5
19980901 0 6.3 0.032 26.5
19980902 0 6.15 0.032 26.1
19980903 0 5.67 0.032 24.5
19980904 0 5.23 0.032 23
19980905 0 5.17 0.031 22.9
19980906 0 5.28 0.031 23.4
19980907 0.2 4.8 0.031 21.7
19980908 0 4.59 0.031 21
19980909 0 5.19 0.031 23.4
19980910 0 5.13 0.031 23.3
19980911 0 4.46 0.031 20.8
19980912 0 4.41 0.03 20.7
19980913 0 4.48 0.03 21.1
19980914 0 4.31 0.03 20.5
19980915 0 4.28 0.03 20.5
19980916 0 4.45 0.03 21.3
19980917 0 4.62 0.03 22.1
19980918 0.1 4.27 0.03 20.7
19980919 0 4.15 0.03 20.3
19980920 0.1 4.11 0.029 20.2
19980921 0.5 3.71 0.029 18.5
19980922 5.7 3.37 0.029 17
19980923 2.3 3.52 0.029 17.8
19980924 0.4 3.52 0.029 17.9
19980925 5.7 3.42 0.029 17.5
19980926 2.6 3.07 0.029 15.9
19980927 1.5 3.16 0.029 16.4
19980928 13.8 3.04 0.029 15.9
19980929 0.8 3.17 0.029 16.7
19980930 0 2.88 0.03 15.3
19981001 0 2.53 0.03 13.5
19981002 0 2.48 0.029 13.3
19981003 1.2 2.68 0.029 14.5
19981004 10.4 2.53 0.029 13.8
19981005 7.9 2.19 0.03 11.9
19981006 1.4 2.08 0.031 11.3
19981007 0.2 2.11 0.032 11.6
19981008 0 1.95 0.032 10.7
19981009 0.1 1.83 0.032 10
19981010 0 2.06 0.032 11.6
19981011 0 2.36 0.031 13.8
19981012 0 2.62 0.031 15.8
19981013 0 2.65 0.031 16.3
19981014 0 2.6 0.031 16.3
19981015 0 2.6 0.03 16.6
19981016 0.1 2.61 0.03 16.7
19981017 0.1 2.59 0.03 16.6
19981018 0 2.33 0.03 14.7
19981019 0.1 1.9 0.03 11.4
19981020 0.1 1.87 0.03 11.2
19981021 0.1 1.97 0.029 12
19981022 0.3 2.12 0.029 13.3
19981023 0.1 2.16 0.029 13.7
19981024 0 2.24 0.029 14.5
19981025 1.1 2.3 0.029 15.2
19981026 0 2.22 0.029 14.6
19981027 0 1.97 0.029 12.5
19981028 0 2.07 0.028 13.5
19981029 0 2.13 0.028 14.2
19981030 0 2.09 0.028 14
19981031 0 2.07 0.028 14
19981101 0 1.94 0.028 12.9
19981102 0.1 1.9 0.028 12.7
19981103 1 1.93 0.028 13.2
19981104 7.1 1.78 0.028 11.8
19981105 0.4 1.54 0.028 9.4
19981106 0.5 1.53 0.028 9.5
19981107 0 1.71 0.028 11.6
19981108 0 1.7 0.028 11.8
19981109 0 1.71 0.028 12.1
19981110 0.1 1.75 0.028 12.9
19981111 0 1.71 0.028 12.7
19981112 0 1.73 0.028 13.2
19981113 0.1 1.54 0.027 11.1
19981114 0 1.53 0.027 11.3
19981115 0 1.34 0.027 9.1
19981116 0 1.36 0.027 9.5
19981117 0 1.4 0.027 10.2
19981118 0 1.29 0.027 8.7
19981119 0 1.06 0.027 5.6
19981120 0 1.04 0.027 5.4
19981121 0 0.98 0.026 4.6
19981122 0 0.92 0.026 3.7
19981123 0.1 0.94 0.026 4.1
19981124 0 0.94 0.026 4.2
19981125 0 1 0.026 5.1
19981126 0 0.99 0.026 5.1
19981127 0 1.06 0.026 6.3
19981128 0 1.15 0.026 7.9
19981129 0.1 1.03 0.026 6
19981130 0 0.92 0.026 4.4
19981201 0.1 0.78 0.025 2.2
19981202 9.7 0.83 0.026 3.1
19981203 4.8 0.83 0.026 3.2
19981204 0.9 0.85 0.027 3.6
19981205 0 0.81 0.027 3.1
19981206 0 0.8 0.027 2.9
19981207 0 0.8 0.027 3
19981208 0 0.81 0.027 3.4
19981209 0 0.84 0.027 4.1
19981210 0.3 0.86 0.027 4.7
19981211 0.4 0.97 0.027 7
19981212 0.1 1.06 0.027 8.9
19981213 0 0.95 0.026 7
19981214 0 0.96 0.026 7.3
19981215 0 0.94 0.026 7.2
19981216 0 0.93 0.026 7.1
19981217 0 0.96 0.026 7.5
19981218 0 0.92 0.026 6.6
19981219 0 0.9 0.026 6
19981220 0.5 0.89 0.026 5.6
19981221 0 0.82 0.025 4.1
19981222 0 0.73 0.025 2.1
19981223 0 0.75 0.025 2.5
19981224 0 0.82 0.025 3.7
19981225 0 0.8 0.025 3.3
19981226 0 0.84 0.025 3.9
19981227 0 0.88 0.025 4.6
19981228 0.1 0.84 0.025 3.7
19981229 3.4 0.89 0.025 4.6
19981230 4 1.02 0.025 7
19981231 4.3 0.89 0.026 4.4
19990101 0.4 0.87 0.026 3.9
19990102 0 0.87 0.027 3.7
19990103 0 0.94 0.027 5
19990104 0.1 0.97 0.026 5.5
19990105 0 1.04 0.026 6.6
19990106 0 1.12 0.026 8.1
19990107 0 1.07 0.026 6.9
19990108 0 1.03 0.026 6.2
19990109 2.7 1.08 0.026 6.9
19990110 0.3 0.9 0.026 3.5
19990111 0 0.74 0.026 0.4
19990112 0 0.84 0.026 2.2
19990113 0 0.9 0.026 3.2
19990114 0.4 0.96 0.026 4.1
19990115 0 1 0.025 4.8
19990116 2.1 1 0.025 4.7
19990117 1.3 1 0.026 4.5
19990118 0 0.93 0.026 2.9
19990119 0 0.93 0.026 2.6
19990120 0 1.02 0.026 3.8
19990121 2.5 1.07 0.026 4.5
19990122 8.9 1.19 0.026 6
19990123 0.3 1.21 0.027 6
19990124 0 1.18 0.029 5.3
19990125 0 1.22 0.029 5.6
19990126 0 1.23 0.028 5.5
19990127 0 1.33 0.028 6.7
19990128 0 1.4 0.028 7.5
19990129 0.1 1.42 0.027 7.5
19990130 0.1 1.43 0.027 7.3
19990131 0 1.16 0.027 3.4
19990201 0 0.92 0.027 -0.1
19990202 0 1.04 0.026 1.4
19990203 0 1.19 0.026 3.2
19990204 0 1.42 0.026 5.9
19990205 0 1.6 0.026 8
19990206 0 1.57 0.026 7.4
19990207 0 1.46 0.025 5.8
19990208 0 1.37 0.025 4.5
19990209 9.2 1.28 0.025 3.2
19990210 0.2 1.18 0.026 1.9
19990211 0 1.25 0.028 2.5
19990212 0 1.28 0.028 2.7
19990213 0 1.16 0.027 1.2
19990214 0 1.11 0.027 0.6
19990215 0 1.26 0.027 2
19990216 0 1.46 0.026 4
19990217 0 1.65 0.026 5.7
19990218 0 1.83 0.026 7.3
19990219 0 1.95 0.026 8.3
19990220 0 2.1 0.025 9.5
19990221 0 2.17 0.025 9.9
19990222 0 2.32 0.025 11
19990223 0.1 2.23 0.025 9.9
19990224 4 2.16 0.025 9
19990225 0.8 2.05 0.025 7.7
19990226 0.4 2.2 0.025 8.8
19990227 1.5 2.14 0.026 8.1
19990228 1.3 2.24 0.026 8.7
19990301 0 2.21 0.026 8.3
19990302 0 2.25 0.026 8.4
19990303 1.4 2.2 0.026 7.8
19990304 0.4 1.99 0.025 6
19990305 0 1.87 0.025 4.9
19990306 0 1.89 0.025 5
19990307 0 1.99 0.025 5.6
19990308 0 2.37 0.025 8.3
19990309 0.1 2.66 0.025 10.3
19990310 0.1 2.77 0.024 10.9
19990311 7.4 2.83 0.024 11.2
19990312 2.9 2.61 0.025 9.5
19990313 0.4 2.71 0.026 10
19990314 1.2 2.71 0.027 9.9
19990315 2.7 2.75 0.027 10
19990316 1.5 2.93 0.027 11.2
19990317 0 2.98 0.028 11.4
19990318 0 3 0.027 11.4
19990319 0 3.07 0.027 11.7
19990320 0 2.99 0.027 11.1
19990321 0 3.22 0.026 12.4
19990322 0 3.06 0.026 11.3
19990323 3.3 2.94 0.026 10.4
19990324 8.1 2.56 0.026 8
19990325 1.7 2.72 0.028 8.9
19990326 2.4 2.35 0.029 6.6
19990327 2.9 2.41 0.03 6.9
19990328 0.1 2.54 0.03 7.6
19990329 0 2.97 0.03 10
19990330 0 3.33 0.03 12
19990331 0 3.72 0.029 14.1
19990401 0 3.45 0.029 12.5
19990402 0 3.44 0.028 12.3
19990403 0 3.87 0.028 14.6
19990404 0 4.31 0.028 16.9
19990405 0 4.54 0.027 18
19990406 0 4.58 0.027 18.1
19990407 0 4.1 0.026 15.4
19990408 0 3.59 0.026 12.6
19990409 0 3.32 0.026 11.1
19990410 0 3.7 0.025 13
19990411 0 3.89 0.025 13.9
19990412 0 3.81 0.024 13.4
19990413 0.1 3.75 0.024 13
19990414 0.1 3.78 0.024 13.1
19990415 0.3 2.78 0.024 8.1
19990416 4.8 2.23 0.023 5.4
19990417 0.3 2.79 0.024 8.1
19990418 0 3.02 0.024 9.2
19990419 0 3.76 0.023 12.7
19990420 0.3 4.02 0.023 13.9
19990421 0.9 4.21 0.023 14.7
19990422 0.1 4 0.023 13.7
19990423 0 4.06 0.023 13.9
19990424 0.2 3.95 0.022 13.4
19990425 0.6 4.12 0.022 14.1
19990426 4.3 3.58 0.022 11.7
19990427 18.3 3.49 0.023 11.3
19990428 8.1 3.56 0.025 11.6
19990429 1.2 3.5 0.028 11.3
19990430 0.5 3.9 0.03 13
19990501 3.9 4.18 0.03 14.2
19990502 2.5 4.12 0.03 13.9
19990503 3.1 4.02 0.031 13.5
19990504 0.5 4.17 0.032 14.1
19990505 0.2 4.5 0.032 15.4
19990506 1.3 4.98 0.032 17.3
19990507 0.8 5.06 0.031 17.6
19990508 0 4.92 0.031 17
19990509 0 5.33 0.03 18.6
19990510 0 5.58 0.03 19.5
19990511 0 5.98 0.029 21
19990512 0 6.46 0.029 22.8
19990513 0 6.4 0.028 22.5
19990514 0 6.23 0.027 21.8
19990515 0 5.52 0.027 19.1
19990516 0 4.65 0.026 15.9
19990517 3.3 3.94 0.026 13.3
19990518 3 3.32 0.026 11.1
19990519 1.6 3.13 0.026 10.5
19990520 0 3.5 0.026 11.9
19990521 0 4.19 0.026 14.4
19990522 0 4.89 0.025 16.9
19990523 0 5.67 0.025 19.6
19990524 0 6.2 0.024 21.4
19990525 0 6.5 0.024 22.4
19990526 0 6.65 0.024 22.9
19990527 0 6.05 0.023 20.9
19990528 0 6.1 0.023 21.1
19990529 0 6.38 0.022 22
19990530 0.1 6.37 0.022 22
19990531 2.5 6.97 0.022 23.9
19990601 5.4 6.55 0.022 22.6
19990602 0.5 5.39 0.022 19
19990603 0 5.47 0.022 19.3
19990604 0 5.74 0.021 20.2
19990605 0 5.76 0.021 20.3
19990606 0.1 5.27 0.021 18.9
19990607 0 4.98 0.02 18.1
19990608 9.3 5.39 0.02 19.4
19990609 3.8 4.99 0.02 18.3
19990610 0.1 5.31 0.021 19.3
19990611 0.3 6.16 0.021 21.8
19990612 1.6 6.38 0.021 22.5
19990613 12.7 6.33 0.021 22.4
19990614 0.3 5.76 0.022 20.9
19990615 0 6.21 0.022 22.2
19990616 0.3 6.77 0.022 23.8
19990617 0 6.75 0.022 23.8
19990618 0 5.71 0.021 21
19990619 0 6.06 0.021 22
19990620 0 6.63 0.021 23.6
19990621 0 7.13 0.02 25
19990622 0 7.29 0.02 25.5
19990623 0.1 7.2 0.02 25.3
19990624 0.3 7.3 0.019 25.6
19990625 0 7.02 0.019 24.9
19990626 0 6.44 0.019 23.4
19990627 0 6.13 0.019 22.6
19990628 0.2 6.18 0.018 22.8
19990629 0 6.87 0.018 24.7
19990630 0 7.68 0.018 26.9
19990701 0 8.31 0.018 28.6
19990702 0 8.59 0.017 29.4
19990703 0 7.93 0.017 27.7
19990704 0 7.08 0.017 25.5
19990705 0 6.69 0.017 24.5
19990706 0 6.48 0.016 24
19990707 0 7.33 0.016 26.3
19990708 0 7.77 0.016 27.5
19990709 0 8.03 0.016 28.2
19990710 0 7.93 0.015 28
19990711 0 7.26 0.015 26.3
19990712 1.6 5.82 0.015 22.6
19990713 0.2 6.03 0.015 23.2
19990714 0 6.82 0.015 25.3
19990715 0 7.69 0.015 27.6
19990716 0 8.39 0.014 29.4
19990717 0 8.33 0.014 29.3
19990718 0 7.58 0.014 27.4
19990719 0 6.95 0.014 25.8
19990720 0 7.31 0.014 26.8
19990721 0 7.87 0.014 28.3
19990722 0 8.27 0.013 29.4
19990723 0 8.09 0.013 29
19990724 0 7.89 0.013 28.5
19990725 0.6 7.64 0.013 27.9
19990726 7.6 6.99 0.013 26.2
19990727 0.7 5.31 0.013 21.7
19990728 0 5.81 0.013 23.1
19990729 0 6.43 0.013 24.8
19990730 0 6.96 0.012 26.3
19990731 0 6.91 0.012 26.2
19990801 0 6.89 0.012 26.2
19990802 0 6.91 0.012 26.3
19990803 0 6.68 0.012 25.7
19990804 0 6.41 0.012 25
19990805 0 6.54 0.012 25.4
19990806 0 6.45 0.011 25.2
19990807 0.1 6.12 0.011 24.3
19990808 0 5.29 0.011 22
19990809 0 4.79 0.011 20.6
19990810 0 5.24 0.011 21.9
19990811 0 5.96 0.011 24
19990812 0 6.08 0.011 24.4
19990813 0 6.51 0.011 25.7
19990814 0 6.87 0.011 26.8
19990815 0 7.33 0.011 28.2
19990816 0 7.26 0.01 28
19990817 0 6.59 0.01 26.1
19990818 0 6.37 0.01 25.5
19990819 0.3 6.35 0.01 25.5
19990820 0 6.56 0.01 26.2
19990821 0 6.76 0.01 26.9
19990822 0 6.83 0.01 27.2
19990823 0 6.96 0.01 27.7
19990824 0.2 7.47 0.01 29.4
19990825 0.7 7.3 0.009 29
19990826 0.1 6.56 0.009 26.7
19990827 0 6.22 0.009 25.7
19990828 0.1 6.11 0.009 25.4
19990829 0 6.05 0.009 25.3
19990830 0 6.2 0.009 25.9
19990831 0 6.14 0.009 25.8
19990901 7 5.59 0.009 24
19990902 0.2 5.62 0.009 24.2
19990903 0 5.39 0.009 23.5
19990904 1.8 5.31 0.009 23.3
19990905 1.1 5.2 0.009 23
19990906 0.4 4.98 0.009 22.3
19990907 0.2 4.77 0.008 21.6
19990908 0 4.85 0.008 22
19990909 0 4.95 0.008 22.5
19990910 0 5.03 0.008 22.9
19990911 0 5.15 0.008 23.5
19990912 0.1 5.16 0.008 23.7
19990913 1.9 4.81 0.008 22.4
19990914 0.2 4.19 0.008 20
19990915 0 3.83 0.008 18.6
19990916 0 4.03 0.008 19.5
19990917 0.4 3.68 0.008 18.1
19990918 6.2 3.12 0.008 15.7
19990919 17.9 2.71 0.008 13.9
19990920 0.8 2.6 0.008 13.4
19990921 0 3.16 0.009 16
19990922 0.1 3.6 0.009 18.1
19990923 0 3.88 0.009 19.5
19990924 0.3 3.92 0.009 19.8
19990925 2.2 3.5 0.009 17.9
19990926 0.2 3.24 0.009 16.7
19990927 0 3.29 0.009 17.1
19990928 0 3.46 0.009 18.1
19990929 0 3.61 0.008 19
19990930 0 3.39 0.008 18
19991001 0.1 3.17 0.008 17
19991002 0 3.18 0.008 17.2
19991003 0 3.1 0.008 16.9
19991004 0 2.9 0.008 15.9
19991005 0.3 2.95 0.008 16.4
19991006 6.7 3.07 0.008 17.3
19991007 1 2.81 0.008 15.9
19991008 1 2.57 0.008 14.6
19991009 0.1 2.62 0.008 15.1
19991010 0.1 2.72 0.008 16
19991011 4.5 2.84 0.008 17.1
19991012 3.7 2.69 0.008 16.3
19991013 0.2 2.66 0.009 16.4
19991014 0 2.41 0.009 14.9
19991015 0.1 2.38 0.009 14.9
19991016 0.8 2.43 0.009 15.3
19991017 6.7 2.3 0.009 14.4
19991018 1.6 2.06 0.009 12.6
19991019 3.9 1.9 0.01 11.4
19991020 14.5 1.84 0.011 10.9
19991021 3.6 1.93 0.013 11.7
19991022 11.6 2.12 0.016 13.3
19991023 13.4 2.05 0.02 12.8
19991024 8.8 1.96 0.027 12.1
19991025 1.5 1.89 0.034 11.6
19991026 7.8 1.94 0.039 12.1
19991027 1.9 2.2 0.042 14.6
19991028 0.1 2.38 0.045 16.4
19991029 0.1 2.48 0.045 17.5
19991030 0 2.19 0.043 15
19991031 0 2.14 0.041 14.7
19991101 0 2.13 0.04 14.8
19991102 0 1.92 0.038 12.9
19991103 0 1.69 0.037 10.7
19991104 0 1.61 0.035 10
19991105 0 1.67 0.034 10.8
19991106 0 1.76 0.032 12
19991107 0 1.67 0.031 11.2
19991108 0 1.6 0.03 10.6
19991109 0 1.49 0.029 9.5
19991110 0.1 1.45 0.028 9.3
19991111 7.4 1.22 0.028 6.7
19991112 4 1.14 0.03 5.9
19991113 3.1 1.07 0.033 5.1
19991114 1.1 1.02 0.035 4.6
19991115 2.4 1.02 0.036 4.8
19991116 0 1 0.037 4.5
19991117 0 0.99 0.036 4.5
19991118 0.2 1.08 0.035 5.8
19991119 0.4 1.1 0.034 6.1
19991120 0.3 0.92 0.033 3.6
19991121 0.9 0.77 0.032 1.5
19991122 0.1 0.8 0.031 1.9
19991123 0 0.85 0.031 2.7
19991124 0 0.92 0.03 3.9
19991125 0 0.94 0.029 4.3
19991126 0 0.94 0.028 4.3
19991127 0 0.9 0.027 3.8
19991128 0 0.98 0.026 5.1
19991129 0.9 1.03 0.025 6.1
19991130 0 1.12 0.024 7.7
19991201 0 1.14 0.024 8.2
19991202 0 1.15 0.023 8.5
19991203 0 1.11 0.023 8
19991204 3.3 0.94 0.022 5.2
19991205 0.3 0.98 0.023 6.1
19991206 0 0.9 0.023 4.8
19991207 0 0.82 0.023 3.5
19991208 0.1 0.77 0.022 2.7
19991209 6.4 0.84 0.022 4
19991210 0.8 0.86 0.024 4.6
19991211 0 0.88 0.026 5.1
19991212 0.3 0.97 0.026 7.2
19991213 0.6 1.03 0.026 8.6
19991214 6 1.04 0.026 9.1
19991215 0.7 0.91 0.028 6.7
19991216 0.1 0.65 0.03 1.1
19991217 0 0.69 0.03 1.9
19991218 1.9 0.75 0.029 3
19991219 0.1 0.83 0.029 4.6
19991220 0 0.88 0.029 5.5
19991221 0.1 0.76 0.028 3
19991222 0 0.76 0.027 2.9
19991223 0 0.79 0.026 3.3
19991224 0 0.8 0.026 3.4
19991225 0.1 0.95 0.025 6.2
19991226 0.3 1.06 0.024 8.4
19991227 4.4 1.12 0.024 9.4
19991228 3.9 1.02 0.026 7.2
19991229 16.2 0.92 0.032 5.2
19991230 0.8 0.78 0.043 2.3
19991231 0 0.79 0.051 2.4
20000101 0 0.86 0.052 3.6
20000102 0.1 0.88 0.05 4
20000103 0 0.84 0.048 3.1
20000104 0 0.72 0.046 0.7
20000105 0 0.74 0.044 1
20000106 0 0.83 0.043 2.6
20000107 0 0.83 0.041 2.4
20000108 0.1 0.82 0.039 2.2
20000109 2.7 0.8 0.038 1.8
20000110 0.1 0.9 0.039 3.4
20000111 0 0.95 0.039 4.3
20000112 0 0.86 0.038 2.5
20000113 4.9 0.83 0.038 1.9
20000114 4.2 0.86 0.04 2.4
20000115 0.3 0.91 0.044 3.1
20000116 0.3 0.92 0.047 3.4
20000117 0 0.99 0.046 4.3
20000118 0 0.9 0.044 2.4
20000119 0 0.95 0.042 3
20000120 0 1 0.041 3.5
20000121 0 0.98 0.039 2.9
20000122 0 0.98 0.038 2.7
20000123 0 0.97 0.036 2.3
20000124 0 0.9 0.035 1
20000125 0.1 0.88 0.034 0.5
20000126 0.6 1.04 0.033 2.7
20000127 0 1.23 0.032 5.2
20000128 0 1.21 0.031 4.7
20000129 0 1.27 0.03 5.3
20000130 0 1.4 0.029 6.9
20000131 0 1.52 0.028 8.3
20000201 1.9 1.57 0.028 8.7
20000202 0.2 1.62 0.028 9.1
20000203 0 1.6 0.028 8.5
20000204 0 1.6 0.027 8.2
20000205 0 1.67 0.026 8.8
20000206 0 1.62 0.026 8
20000207 0 1.6 0.025 7.5
20000208 0 1.77 0.024 9.3
20000209 0 1.71 0.023 8.3
20000210 0 1.69 0.023 7.9
20000211 0 1.81 0.022 9
20000212 0 1.78 0.021 8.5
20000213 0 1.71 0.021 7.5
20000214 0 1.9 0.02 9.4
20000215 0 2.02 0.02 10.3
20000216 0 1.93 0.019 9
20000217 0 1.98 0.019 9.2
20000218 0 2.14 0.018 10.5
20000219 0 2.2 0.018 10.8
20000220 0 2.17 0.017 10.2
20000221 0 2.17 0.017 9.9
20000222 0 2.19 0.017 9.8
20000223 0 2.19 0.016 9.5
20000224 0 2.24 0.016 9.7
20000225 0 2.34 0.015 10.3
20000226 0 2.39 0.015 10.5
20000227 0 2.49 0.015 11.1
20000228 0 2.53 0.015 11.2
20000229 0 2.51 0.014 10.8
20000301 0 2.42 0.014 9.8
20000302 0 2.38 0.014 9.3
20000303 0 2.41 0.014 9.3
20000304 0 2.56 0.013 10.3
20000305 0 2.69 0.013 11.1
20000306 0 2.82 0.013 11.9
20000307 0 2.98 0.013 12.9
20000308 0 3.1 0.012 13.5
20000309 0 3.2 0.012 14
20000310 0 3.2 0.012 13.8
20000311 0 3.39 0.012 14.9
20000312 0.1 3.23 0.012 13.6
20000313 2.3 2.98 0.012 11.7
20000314 0.1 2.88 0.012 10.9
20000315 0 2.96 0.012 11.4
20000316 0 2.95 0.012 11.2
20000317 0 3.08 0.012 11.9
20000318 0 3.05 0.011 11.6
20000319 0.2 3.12 0.011 11.9
20000320 3.2 2.97 0.011 10.8
20000321 0.4 2.95 0.011 10.6
20000322 6.1 2.76 0.012 9.3
20000323 2.3 2.61 0.013 8.3
20000324 0.5 2.72 0.013 8.9
20000325 0.1 2.64 0.014 8.3
20000326 0 2.73 0.014 8.8
20000327 0 2.85 0.013 9.4
20000328 0 2.59 0.013 7.8
20000329 0 2.29 0.013 6
20000330 1.9 2.7 0.013 8.3
20000331 0.3 3.04 0.013 10.2
20000401 0.9 3.09 0.013 10.4
20000402 4.4 2.93 0.013 9.4
20000403 6.5 2.61 0.014 7.6
20000404 3.5 2.62 0.015 7.6
20000405 0.4 2.48 0.016 6.8
20000406 0 2.67 0.017 7.8
20000407 5.4 3.19 0.017 10.5
20000408 9 3.05 0.018 9.7
20000409 12.2 3.08 0.022 9.8
20000410 3.6 2.99 0.028 9.3
20000411 0.7 3 0.032 9.3
20000412 0 2.77 0.033 8.1
20000413 1.4 3.06 0.033 9.5
20000414 7.6 3.21 0.033 10.2
20000415 17.7 2.83 0.038 8.3
20000416 7.2 3.12 0.049 9.7
20000417 0.7 2.93 0.06 8.8
20000418 1.6 2.98 0.065 9
20000419 0.9 3.58 0.065 11.8
20000420 0.1 3.84 0.064 13
20000421 0.1 4.26 0.062 14.9
20000422 5.1 3.79 0.06 12.7
20000423 0.1 3.09 0.06 9.5
20000424 0 3.51 0.06 11.4
20000425 0.8 3.97 0.058 13.4
20000426 1.5 3.68 0.056 12.1
20000427 2.8 3.19 0.055 10
20000428 0.5 3.05 0.055 9.4
20000429 0.3 3.4 0.054 10.9
20000430 0.9 3.68 0.053 12.1
20000501 5.3 3.44 0.052 11.1
20000502 0.1 3.68 0.052 12.1
20000503 2.8 4.59 0.053 15.8
20000504 7.8 4.3 0.054 14.6
20000505 1.3 3.9 0.056 13
20000506 2.4 3.95 0.058 13.2
20000507 3.7 4.1 0.059 13.8
20000508 2.8 3.9 0.06 13
20000509 4.7 4.03 0.061 13.5
20000510 2.2 3.97 0.063 13.3
20000511 0.2 4.2 0.064 14.2
20000512 0 4.63 0.063 15.8
20000513 0 5.22 0.06 18
20000514 0 5.81 0.058 20.2
20000515 0 6 0.055 20.9
20000516 3.5 6.07 0.053 21.1
20000517 2.7 5.8 0.052 20.1
20000518 0.2 5.89 0.052 20.4
20000519 0 6.07 0.051 21
20000520 1.6 6.04 0.049 20.9
20000521 6.8 5.04 0.048 17.4
20000522 0.9 4.91 0.049 17
20000523 4.9 5.4 0.049 18.7
20000524 1.2 5.42 0.05 18.8
20000525 0 5.66 0.049 19.6
20000526 0.2 5.59 0.048 19.4
20000527 0 5.55 0.046 19.3
20000528 0 5.48 0.044 19.1
20000529 0 6.12 0.042 21.2
20000530 0.1 6.84 0.041 23.5
20000531 0 7.39 0.039 25.2
20000601 2.4 7.39 0.038 25.2
20000602 0.1 7.29 0.037 24.9
20000603 0.3 7.13 0.035 24.4
20000604 5.1 6.03 0.034 21.1
20000605 0.1 5.57 0.034 19.8
20000606 0 4.88 0.033 17.8
20000607 0 5.6 0.032 20
20000608 0 6.4 0.031 22.4
20000609 0.1 4.85 0.03 18
20000610 0 3.56 0.029 14.4
20000611 0 4.26 0.028 16.5
20000612 0 5.08 0.027 18.9
20000613 0 5.91 0.026 21.3
20000614 0 6.17 0.025 22.1
20000615 0 6.63 0.024 23.4
20000616 0 6.94 0.023 24.3
20000617 0 7.25 0.023 25.2
20000618 0 7.12 0.022 24.9
20000619 0 6.78 0.021 24
20000620 0 6.43 0.02 23.1
20000621 0 6.26 0.02 22.7
20000622 0 6.83 0.019 24.3
20000623 0 7.37 0.019 25.8
20000624 0 7.54 0.018 26.3
20000625 0 7.67 0.018 26.7
20000626 0.1 7.99 0.017 27.6
20000627 0.1 7.34 0.017 25.9
20000628 0 6.87 0.016 24.7
20000629 0 7.23 0.016 25.7
20000630 0 7.44 0.015 26.3
20000701 0 7.27 0.015 25.9
20000702 0 6.91 0.014 25
20000703 0 5.99 0.014 22.6
20000704 0 5.7 0.014 21.9
20000705 0 6.59 0.013 24.3
20000706 0 7.83 0.013 27.6
20000707 0 7.24 0.013 26.1
20000708 0 6.53 0.012 24.3
20000709 0 6.78 0.012 25
20000710 0.3 5.49 0.012 21.7
20000711 0 4.58 0.011 19.4
20000712 0 4.79 0.011 20
20000713 0 5.81 0.011 22.7
20000714 0 6.37 0.011 24.2
20000715 0 6.53 0.011 24.6
20000716 0 6.78 0.01 25.3
20000717 0 6.81 0.01 25.4
20000718 0 6.87 0.01 25.6
20000719 0 7.09 0.01 26.2
20000720 0 7.49 0.009 27.3
20000721 0 7.85 0.009 28.3
20000722 0.4 7.45 0.009 27.3
20000723 0 6.09 0.009 23.7
20000724 0 5.33 0.009 21.7
20000725 0 5.58 0.008 22.4
20000726 0 5.75 0.008 22.9
20000727 0 6.37 0.008 24.6
20000728 0 6.8 0.008 25.8
20000729 0 7.11 0.008 26.7
20000730 0 7.6 0.008 28.1
20000731 0 7.87 0.008 28.9
20000801 0.5 7.92 0.007 29.1
20000802 0 7.94 0.007 29.2
20000803 0.2 6.63 0.007 25.6
20000804 0 5.18 0.007 21.6
20000805 0 4.82 0.007 20.6
20000806 0 5.34 0.007 22.1
20000807 0 5.61 0.007 22.9
20000808 0 5.98 0.006 24
20000809 0 6.53 0.006 25.6
20000810 0 7.1 0.006 27.3
20000811 0.1 6.56 0.006 25.8
20000812 0 5.89 0.006 23.9
20000813 0 6.32 0.006 25.2
20000814 0 6.71 0.006 26.4
20000815 0 7.36 0.006 28.3
20000816 0 7.37 0.005 28.4
20000817 0 7.34 0.005 28.4
20000818 0 6.95 0.005 27.3
20000819 0 6.76 0.005 26.8
20000820 0 6.47 0.005 26
20000821 0 5.62 0.005 23.4
20000822 0 4.93 0.005 21.3
20000823 0 5.02 0.005 21.6
20000824 0 5.56 0.005 23.4
20000825 0 5.91 0.005 24.6
20000826 0 5.1 0.004 22
20000827 0 5.11 0.004 22.1
20000828 0 5.66 0.004 24
20000829 0.2 5.81 0.004 24.6
20000830 0 5.9 0.004 25
20000831 0 5.24 0.004 22.8
20000901 0 5.79 0.004 24.8
20000902 0 5.67 0.004 24.5
20000903 0 5.5 0.004 24
20000904 0 5.03 0.004 22.4
20000905 0 4.85 0.004 21.8
20000906 0 5.01 0.004 22.5
20000907 0 5.27 0.003 23.6
20000908 0 5.42 0.003 24.3
20000909 0 5.39 0.003 24.3
20000910 0 5.32 0.003 24.2
20000911 0 5.34 0.003 24.4
20000912 0 5.05 0.003 23.4
20000913 0 5.16 0.003 24
20000914 0 5.22 0.003 24.4
20000915 0 5.21 0.003 24.5
20000916 0 4.92 0.003 23.4
20000917 0 4.47 0.003 21.6
20000918 0.4 4.22 0.003 20.6
20000919 1.8 3.44 0.003 17.2
20000920 0.1 2.77 0.003 14.2
20000921 0 2.96 0.003 15.1
20000922 0 3.5 0.002 17.7
20000923 0 3.96 0.002 20
20000924 0.1 4.07 0.002 20.7
20000925 0 4.18 0.002 21.4
20000926 4 3.94 0.002 20.4
20000927 0.5 3.64 0.002 19
20000928 4.9 3.32 0.002 17.5
20000929 2 2.77 0.002 14.7
20000930 0.4 2.57 0.002 13.7
20001001 0 2.63 0.002 14.1
20001002 0.1 3.05 0.002 16.6
20001003 0 3.12 0.002 17.2
20001004 0 3.34 0.002 18.7
20001005 0.1 3.36 0.002 19.1
20001006 0 3.06 0.002 17.5
20001007 0 2.77 0.002 15.9
20001008 0 2.8 0.002 16.3
20001009 0 2.78 0.002 16.4
20001010 0.1 2.62 0.002 15.6
20001011 11.7 2.42 0.002 14.4
20001012 1.5 2 0.002 11.7
20001013 0.5 1.75 0.002 10
20001014 0 1.71 0.002 9.9
20001015 0.8 1.79 0.002 10.5
20001016 0.1 2.09 0.002 12.8
20001017 0 2.04 0.002 12.4
20001018 0 2.19 0.002 13.7
20001019 0.1 2.41 0.002 15.5
20001020 3.4 2.18 0.002 13.7
20001021 5.7 2.13 0.002 13.4
20001022 0.6 2.3 0.002 14.9
20001023 0.8 2.15 0.002 13.8
20001024 0.4 2.19 0.003 14.2
20001025 0.2 2.2 0.003 14.4
20001026 0.2 2.17 0.003 14.3
20001027 0.4 2.19 0.002 14.6
20001028 0 2.16 0.002 14.5
20001029 0 2.03 0.002 13.5
20001030 8.9 1.91 0.002 12.5
20001031 1 1.65 0.003 10.1
20001101 0.1 1.49 0.003 8.6
20001102 6.9 1.5 0.003 8.8
20001103 1.3 1.46 0.004 8.5
20001104 1 1.27 0.004 6.5
20001105 4.4 1.41 0.005 8.2
20001106 1.8 1.5 0.005 9.3
20001107 0.5 1.26 0.005 6.7
20001108 0.2 1.17 0.006 5.8
20001109 0.1 1.1 0.006 5.1
20001110 0 1.16 0.005 5.9
20001111 0 1.34 0.005 8.3
20001112 5.9 1.52 0.005 10.9
20001113 4 1.38 0.006 9.4
20001114 0.1 1.13 0.007 6.3
20001115 0.2 1.12 0.007 6.2
20001116 2 1.03 0.007 5
20001117 0.3 1.1 0.007 6
20001118 0.1 1.05 0.008 5.4
20001119 0.8 1.09 0.007 6
20001120 0.4 1.15 0.007 7
20001121 0.3 1.11 0.007 6.6
20001122 5.7 1.21 0.007 8.2
20001123 3 1.3 0.008 9.6
20001124 4.9 1.05 0.01 5.9
20001125 1.3 1.27 0.011 9.4
20001126 0.3 1.42 0.012 12
20001127 0 1.41 0.012 12
20001128 1.5 1.32 0.012 10.8
20001129 4.5 1.21 0.012 9.2
20001130 0.3 1.09 0.013 7.4
20001201 2.2 1.17 0.014 8.8
20001202 0.2 1.16 0.014 8.9
20001203 0.2 1.04 0.014 6.9
20001204 0 1.12 0.014 8.5
20001205 2.8 1.07 0.013 7.9
20001206 6.8 1.17 0.014 9.8
20001207 2.3 1.24 0.016 11.4
20001208 0.9 1.14 0.019 9.8
20001209 0 1.04 0.019 8.1
20001210 0 0.98 0.019 7.1
20001211 0 1.01 0.018 8
20001212 0 0.98 0.017 7.6
20001213 0 0.97 0.017 7.7
20001214 1.1 0.97 0.016 7.9
20001215 0 0.92 0.016 6.9
20001216 0 0.79 0.015 3.9
20001217 0 0.76 0.015 3.2
20001218 0 0.87 0.014 5.3
20001219 0 0.91 0.014 6
20001220 0.1 0.84 0.013 4.5
20001221 0.4 0.88 0.013 5.3
20001222 8.3 0.92 0.013 6
20001223 7 0.96 0.016 6.6
20001224 6.3 0.99 0.021 7.1
20001225 4.1 0.98 0.027 6.7
20001226 4.7 1.01 0.032 7.2
20001227 2.3 0.95 0.036 6
20001228 5.9 0.95 0.039 5.8
20001229 10.4 0.99 0.045 6.4
20001230 2 1 0.054 6.6
20001231 0.3 0.92 0.06 4.9
20010101 3.1 1.04 0.062 7
20010102 1.5 1.08 0.062 7.7
20010103 1.2 1.06 0.063 7.1
20010104 0.7 1.16 0.062 8.9
20010105 4 1.21 0.062 9.8
20010106 2 1.12 0.064 8
20010107 0.9 0.97 0.066 5
20010108 0.1 0.86 0.066 2.8
20010109 0.7 0.91 0.064 3.6
20010110 1.9 1.12 0.062 7.5
20010111 5.2 1.17 0.062 8.2
20010112 5.1 1.04 0.067 5.8
20010113 0.3 1.12 0.073 7
20010114 0.5 1.1 0.075 6.6
20010115 1 0.99 0.074 4.5
20010116 2.4 1.01 0.073 4.7
20010117 2.9 1.09 0.073 5.7
20010118 7.3 1.1 0.077 5.5
20010119 0.3 1.13 0.084 5.7
20010120 0 1.09 0.088 4.8
20010121 0 1.12 0.086 5
20010122 0.3 1.15 0.082 5.2
20010123 1.4 1.39 0.079 8.5
20010124 6.4 1.47 0.079 9.4
20010125 1.7 1.28 0.083 6.2
20010126 8.9 1.25 0.091 5.5
20010127 7.5 1.42 0.104 7.7
20010128 2.1 1.3 0.119 5.7
20010129 0.1 1.26 0.128 4.9
20010130 0 1.26 0.127 4.7
20010131 0 1.45 0.121 7
20010201 0 1.52 0.115 7.7
20010202 0.1 1.47 0.109 6.8
20010203 0 1.5 0.103 7
20010204 0.2 1.47 0.098 6.3
20010205 0.2 1.66 0.094 8.5
20010206 0.1 1.76 0.089 9.4
20010207 2.3 1.78 0.086 9.4
20010208 2.7 1.58 0.086 6.8
20010209 0.2 1.51 0.087 5.8
20010210 0 1.76 0.086 8.5
20010211 0 1.9 0.083 9.9
20010212 0.1 2 0.079 10.7
20010213 0.8 1.96 0.076 10
20010214 2.4 1.73 0.074 7.2
20010215 1.7 1.69 0.074 6.4
20010216 0.1 1.75 0.074 6.8
20010217 0.1 1.84 0.073 7.4
20010218 0.7 1.63 0.071 5.1
20010219 0 1.73 0.068 5.8
20010220 0 1.85 0.065 6.8
20010221 0 1.97 0.063 7.7
20010222 0 2.07 0.06 8.4
20010223 4.3 2.1 0.058 8.4
20010224 2.6 1.91 0.06 6.5
20010225 0.2 1.7 0.063 4.5
20010226 0.4 1.57 0.063 3.2
20010227 1.2 1.6 0.062 3.3
20010228 0.1 1.6 0.06 3.2
20010301 9.5 1.9 0.061 5.6
20010302 10.9 2.36 0.071 9.1
20010303 4.9 2.48 0.088 9.9
20010304 8.2 2.59 0.105 10.5
20010305 0.6 2.79 0.118 11.9
20010306 1.3 3.22 0.124 14.9
20010307 16.3 2.9 0.13 12.3
20010308 3.4 2.54 0.148 9.4
20010309 0.2 2.72 0.166 10.6
20010310 0.2 3.1 0.168 13.1
20010311 0 3.39 0.161 14.9
20010312 0.7 2.97 0.153 11.8
20010313 0 2.52 0.146 8.6
20010314 0.1 2.72 0.139 9.8
20010315 0.2 3.02 0.133 11.8
20010316 4.8 2.86 0.128 10.6
20010317 0.3 2.65 0.127 9.1
20010318 0 2.76 0.126 9.7
20010319 0.1 3.15 0.121 12.1
20010320 0 3.33 0.115 13.1
20010321 0 3.54 0.11 14.3
20010322 0 3.83 0.104 15.9
20010323 0 4.13 0.099 17.6
20010324 1.5 3.48 0.095 13.5
20010325 1.1 3 0.092 10.5
20010326 4.7 2.77 0.09 9
20010327 0.3 3 0.09 10.3
20010328 0 2.93 0.09 9.8
20010329 0.3 3.07 0.087 10.5
20010330 0 3.26 0.083 11.5
20010331 0 3.7 0.079 13.9
20010401 0 3.87 0.076 14.7
20010402 0 3.85 0.072 14.5
20010403 0 3.71 0.069 13.6
20010404 0 3.52 0.066 12.5
20010405 0 3.73 0.063 13.5
20010406 0 3.88 0.061 14.2
20010407 0 3.44 0.058 11.8
20010408 0 3.22 0.056 10.6
20010409 0 3.7 0.053 13
20010410 0 3.95 0.051 14.2
20010411 0.1 3.69 0.049 12.8
20010412 0 3.47 0.047 11.6
20010413 0 3.56 0.046 12
20010414 0 3.59 0.044 12.1
20010415 0 3.93 0.042 13.7
20010416 0 4.25 0.041 15.2
20010417 1.5 4.06 0.039 14.2
20010418 0.3 3.74 0.038 12.6
20010419 1.1 3.7 0.038 12.4
20010420 0.2 3.3 0.037 10.5
20010421 0 2.89 0.036 8.6
20010422 0 3.5 0.035 11.4
20010423 0 4.18 0.034 14.4
20010424 0 4.34 0.032 15.1
20010425 0 3.99 0.031 13.5
20010426 0 4.16 0.031 14.2
20010427 0 4.1 0.03 13.9
20010428 0 4.15 0.029 14.1
20010429 0.9 4.13 0.028 14
20010430 5.3 3.02 0.027 9.3
20010501 6.7 2.15 0.028 5.7
20010502 5.9 2.3 0.029 6.4
20010503 2.2 2.73 0.031 8.2
20010504 2.6 3.09 0.032 9.7
20010505 0.7 3.36 0.032 10.8
20010506 0.1 3.48 0.032 11.3
20010507 0.2 3.65 0.031 12
20010508 0.6 4.08 0.03 13.7
20010509 5.3 3.43 0.03 11.2
20010510 0.6 3.58 0.03 11.8
20010511 0 4.2 0.031 14.2
20010512 0 4.76 0.03 16.3
20010513 0.1 4.39 0.029 14.9
20010514 0.7 3.95 0.028 13.3
20010515 0.6 4.49 0.028 15.3
20010516 0 5.17 0.027 17.8
20010517 0.8 5.66 0.027 19.6
20010518 19.2 5.39 0.027 18.6
20010519 9.5 4.63 0.031 15.9
20010520 1.7 4.87 0.036 16.8
20010521 3.6 4.81 0.04 16.6
20010522 0.6 4.62 0.041 16
20010523 0.1 5.17 0.041 17.9
20010524 0 5.54 0.04 19.2
20010525 0 5.99 0.038 20.7
20010526 0 6.41 0.037 22.1
20010527 0 6.56 0.036 22.6
20010528 0 6.72 0.034 23.1
20010529 0 6.91 0.033 23.7
20010530 0 7.07 0.032 24.2
20010531 0 7.39 0.031 25.2
20010601 0.4 7.58 0.03 25.8
20010602 0 7.32 0.029 25
20010603 0 7.22 0.028 24.7
20010604 0 6.89 0.028 23.7
20010605 0 6.65 0.027 23
20010606 0 6.4 0.026 22.3
20010607 0 6.9 0.025 23.8
20010608 0.1 6.92 0.024 23.9
20010609 4.7 6 0.024 21.3
20010610 1.6 5 0.024 18.5
20010611 0.2 4.79 0.023 18
20010612 0 5.47 0.023 20
20010613 0 6.19 0.022 22.1
20010614 0 6.79 0.022 23.8
20010615 0 6.41 0.021 22.8
20010616 0 5.11 0.021 19.3
20010617 0 5.16 0.02 19.5
20010618 0 5.62 0.02 20.8
20010619 0 6.19 0.019 22.4
20010620 0 7.05 0.019 24.8
20010621 0 7.66 0.018 26.5
20010622 0 8.13 0.018 27.8
20010623 0 8.22 0.017 28.1
20010624 0 8.4 0.017 28.6
20010625 0 8.19 0.017 28.1
20010626 0 7.51 0.016 26.3
20010627 0 5.73 0.016 21.6
20010628 0 5.82 0.016 21.9
20010629 0 6.86 0.015 24.7
20010630 0 7.44 0.015 26.3
20010701 0 7.69 0.015 27
20010702 0 7.86 0.014 27.5
20010703 0.1 7.62 0.014 26.9
20010704 0 6.42 0.014 23.8
20010705 0 4.8 0.014 19.6
20010706 0.1 4.51 0.013 18.9
20010707 0 5.14 0.013 20.6
20010708 0 6 0.013 22.9
20010709 0.1 5.78 0.013 22.4
20010710 0 6.34 0.012 23.9
20010711 0 7.44 0.012 26.8
20010712 0 7.76 0.012 27.7
20010713 0.1 7.44 0.012 26.9
20010714 0.1 6.37 0.012 24.2
20010715 0 5.63 0.011 22.3
20010716 0 5.9 0.011 23
20010717 0 5.96 0.011 23.2
20010718 0 5.38 0.011 21.7
20010719 0 4.34 0.011 19
20010720 0 4.98 0.011 20.7
20010721 0 6.15 0.01 23.8
20010722 0 7.38 0.01 27.1
20010723 0 7.7 0.01 28
20010724 0 6.93 0.01 26
20010725 0 6.69 0.01 25.4
20010726 0 6.9 0.01 26
20010727 0 6.59 0.01 25.2
20010728 0 6.5 0.009 25
20010729 0 6.78 0.009 25.8
20010730 0 6.87 0.009 26.1
20010731 0 7.62 0.009 28.2
20010801 0 7.56 0.009 28.1
20010802 0 6.43 0.009 25
20010803 0 6.3 0.009 24.7
20010804 0 6.47 0.008 25.2
20010805 0 6.88 0.008 26.4
20010806 0 7.07 0.008 27
20010807 0 7.37 0.008 27.9
20010808 0 7 0.008 26.9
20010809 0 6.67 0.008 26
20010810 0.1 6.75 0.008 26.3
20010811 0 6.98 0.008 27
20010812 0.7 7.06 0.007 27.3
20010813 3.6 7.11 0.007 27.5
20010814 0 6.85 0.007 26.8
20010815 0 6.65 0.007 26.2
20010816 0 5.99 0.007 24.3
20010817 0 5.57 0.007 23.1
20010818 0 5.49 0.007 22.9
20010819 0 5.64 0.007 23.4
20010820 0 5.73 0.007 23.7
20010821 0 6.42 0.007 25.9
20010822 0 6.74 0.006 27
20010823 0 7.06 0.006 28.1
20010824 0 7.27 0.006 28.9
20010825 0 6.87 0.006 27.7
20010826 0.1 6.74 0.006 27.4
20010827 0 6.41 0.006 26.4
20010828 0 6.14 0.006 25.6
20010829 0 5.43 0.006 23.3
20010830 0 5.29 0.006 22.9
20010831 0 5.36 0.006 23.2
20010901 0.4 5.47 0.006 23.7
20010902 0.1 5.5 0.005 23.9
20010903 0.6 5.7 0.005 24.7
20010904 0.3 5.88 0.005 25.5
20010905 0.9 5.85 0.005 25.5
20010906 1.5 5.33 0.005 23.7
20010907 0 4.74 0.005 21.6
20010908 0 4.77 0.005 21.8
20010909 0 4.98 0.005 22.7
20010910 0.2 4.79 0.005 22.1
20010911 0 4.84 0.005 22.4
20010912 0 4.88 0.005 22.7
20010913 0 4.97 0.005 23.2
20010914 0 4.74 0.005 22.4
20010915 0 4.74 0.005 22.5
20010916 0 4.85 0.005 23.1
20010917 0 4.29 0.004 20.8
20010918 0.1 3.68 0.004 18.2
20010919 2 3.91 0.004 19.3
20010920 0.1 4.13 0.004 20.4
20010921 8 4.08 0.004 20.3
20010922 10.2 3.5 0.004 17.7
20010923 4.2 3.17 0.004 16.2
20010924 0.3 3.19 0.005 16.4
20010925 0 2.95 0.005 15.3
20010926 0.2 3.19 0.005 16.6
20010927 0.3 3.54 0.005 18.5
20010928 5.9 3.25 0.005 17.1
20010929 2.8 3.18 0.005 16.9
20010930 0 3.3 0.005 17.7
