"date" "P" "ETpot" "Q" "T"
19580101 0.1 0.28 0.342 -28.9
19580102 0 0.06 0.342 -28.1
19580103 0 0.14 0.312 -30.9
19580104 0.8 0.09 0.312 -30.4
19580105 0.4 0 0.312 -11
19580106 2 0.26 0.312 -9.2
19580107 0 0.26 0.312 -17.3
19580108 0.4 0.1 0.312 -24.9
19580109 0 0.07 0.284 -33.5
19580110 0 0.2 0.284 -21.2
19580111 1.7 0.43 0.284 -10.5
19580112 0.2 0.01 0.284 -4.3
19580113 0 0.31 0.284 -5.9
19580114 0 0.23 0.284 -9.3
19580115 0.6 0.3 0.284 -6
19580116 0 0.2 0.284 -0.2
19580117 0.5 0.53 0.284 -7.4
19580118 2.5 0.37 0.257 -11.4
19580119 0 0.19 0.257 -11.5
19580120 1 0.25 0.257 -6.3
19580121 0.6 0.21 0.257 -18.7
19580122 0.2 0.2 0.257 -30.3
19580123 1.6 0 0.257 -9.3
19580124 2.1 0.25 0.257 -11.8
19580125 0 0.24 0.257 -23
19580126 0 0.29 0.257 -15.2
19580127 0 0.4 0.257 -12.4
19580128 0 0.07 0.257 -2.7
19580129 0 0.3 0.232 -5.6
19580130 0 0.12 0.232 -3.7
19580131 1 0.58 0.232 -0.3
19580201 0 1.33 0.232 1.8
19580202 0 0.54 0.232 -2.7
19580203 1.2 0.51 0.232 -3.9
19580204 4.1 0.26 0.232 -8.6
19580205 0 0.33 0.232 -18.1
19580206 0 0.09 0.209 -24.4
19580207 0 0.05 0.209 -32.8
19580208 0 0.1 0.209 -37.1
19580209 0 0.04 0.209 -35.4
19580210 0 0.05 0.209 -33
19580211 0.7 0 0.209 -13.6
19580212 3 0.29 0.209 -8.5
19580213 0.1 0.39 0.209 -10.1
19580214 0 0.39 0.209 -4.8
19580215 0 0.35 0.209 -4.3
19580216 0 0.27 0.209 -6.4
19580217 0.9 0.28 0.209 -7.8
19580218 1.2 0.41 0.209 -6
19580219 0.5 0.32 0.209 -10.6
19580220 0.7 0.11 0.209 -9.6
19580221 0.3 0.18 0.209 -11.3
19580222 3.3 0.35 0.209 -20.6
19580223 0 0.16 0.209 -27
19580224 0 0.12 0.209 -27.2
19580225 0 0.08 0.209 -26.8
19580226 1 0.08 0.209 -29
19580227 0 0.17 0.187 -24.6
19580228 3 0.35 0.187 -6
19580301 1.6 0.3 0.187 -5.2
19580302 2.4 0.26 0.187 0
19580303 2 0.35 0.187 -0.4
19580304 0.3 0.36 0.187 -3.8
19580305 1 0.71 0.187 -3.7
19580306 15.7 0.69 0.187 -10.5
19580307 0 0.27 0.187 -20.6
19580308 0 0.14 0.187 -26.1
19580309 0 0.08 0.187 -26.1
19580310 0 0.14 0.187 -25.3
19580311 0 0.1 0.166 -24.2
19580312 0 0.11 0.166 -25
19580313 0 0.38 0.166 -25.7
19580314 0 0.25 0.166 -20.1
19580315 0 0.41 0.166 -9.7
19580316 0 0.56 0.166 -9.5
19580317 0 0.12 0.166 -11.5
19580318 0.6 0.42 0.166 -8.2
19580319 0 0.41 0.166 -9.4
19580320 0 0.15 0.166 -18.7
19580321 0 0.16 0.166 -19.4
19580322 0 0.68 0.166 -17.8
19580323 0 0.5 0.166 -16.1
19580324 0 0.67 0.166 -14.9
19580325 0 0.23 0.166 -14.6
19580326 0 0.23 0.166 -11.2
19580327 0 0.28 0.147 -12.9
19580328 0 0.18 0.147 -16.6
19580329 0 0.18 0.147 -14.9
19580330 0 0.33 0.147 -11.5
19580331 0 0.19 0.147 -13
19580401 0 0.45 0.147 -12.2
19580402 0 0.17 0.147 -10.9
19580403 0 0.6 0.147 -2.2
19580404 0 0.47 0.147 -2.1
19580405 0 0.42 0.147 -2
19580406 0 0.84 0.147 -3.8
19580407 0.3 0.56 0.147 -4.2
19580408 0 0.68 0.129 -2.9
19580409 0.7 0.74 0.129 -6
19580410 0 0.53 0.129 -11.5
19580411 0 0.42 0.129 -11.1
19580412 0 0.56 0.129 0.1
19580413 3 0.44 0.147 2.8
19580414 1.6 0.45 0.147 3.3
19580415 0 1.48 0.147 1.5
19580416 0 0.6 0.147 -1.1
19580417 0 0.7 0.147 0.6
19580418 0 0.92 0.147 -2.7
19580419 0.9 0.77 0.147 1.2
19580420 0 0.54 0.147 2.4
19580421 1.3 1.03 0.147 2
19580422 0 0.91 0.187 1.7
19580423 2.9 1.23 0.187 -0.5
19580424 0 1.59 0.187 0.8
19580425 0 1.13 0.209 2.1
19580426 0 0.9 0.209 -0.6
19580427 0.1 1.05 0.187 1
19580428 0.1 0.93 0.187 3.2
19580429 0 0.67 0.187 1.2
19580430 1 1.49 0.232 3.5
19580501 0 0.94 0.312 2.2
19580502 1.5 0.56 0.513 1.2
19580503 4.8 0.77 0.727 -0.6
19580504 0 1.06 0.825 0.8
19580505 0 0.9 0.825 0.6
19580506 0 1.27 0.986 0.4
19580507 1.2 1.2 1.043 0.1
19580508 2.5 0.99 1.292 1.7
19580509 0 0.7 1.498 4.8
19580510 0 2.05 1.802 3.7
19580511 0 1.54 2.229 3.7
19580512 0 0.77 2.511 0.8
19580513 0 1.22 2.812 1.8
19580514 1.1 1.11 3.024 2.2
19580515 0 1.15 3.134 2.3
19580516 8.1 0.96 3.36 3.2
19580517 0 0.88 3.716 2.4
19580518 0 0.72 3.716 1.5
19580519 0 1.07 3.965 2
19580520 2 1.11 4.769 3
19580521 1.5 2.09 6.141 4.9
19580522 2.9 2.14 7.533 4.7
19580523 0 2.08 7.533 5.1
19580524 0 1.39 8.098 6.6
19580525 0.7 1.6 12.995 6.8
19580526 0 0.22 25.191 5.1
19580527 16.3 1 55.55 7.5
19580528 0 1.28 32.544 6.4
19580529 1.6 0.79 27.997 4.7
19580530 8 0.93 19.514 6.4
19580531 0 2.64 14.568 9.8
19580601 0 2.33 14.299 10.5
19580602 0 2.1 14.299 11.3
19580603 0 1.79 12.494 10.5
19580604 0 2.4 9.724 5.3
19580605 0 1.38 8.687 4.3
19580606 0 2.37 6.473 9.7
19580607 0 2.69 5.661 9.1
19580608 0 1.83 4.911 8.4
19580609 0.1 2.32 4.093 1.9
19580610 0 1.34 3.716 2.5
19580611 0 1.96 3.716 4.7
19580612 0 1.36 3.595 3.3
19580613 0 1.16 3.595 4.4
19580614 0 1.31 3.246 5.8
19580615 0 1.67 3.024 11.9
19580616 0 1.79 2.917 12.2
19580617 0 1.38 3.134 12.4
19580618 9.9 1 3.839 6.7
19580619 11.4 0.6 4.356 4.5
19580620 2.1 0.46 4.491 4.5
19580621 5.3 0.8 5.056 7.9
19580622 3.5 1.18 4.223 8.5
19580623 0 0.59 3.839 8.1
19580624 2.4 1.12 3.476 11.3
19580625 0.7 1.13 3.024 11.8
19580626 3.9 1.59 2.709 10.7
19580627 0 2.34 2.609 14
19580628 0 2.33 2.321 15.3
19580629 0 2.48 3.024 15.7
19580630 5.1 1.27 9.301 17.6
19580701 0 3.14 7.35 20.3
19580702 0 0.74 5.353 21.6
19580703 0 2.65 4.223 18.1
19580704 0 2.23 3.36 12.7
19580705 0 2.98 2.812 12.1
19580706 0 1.71 2.511 7.7
19580707 0 0.79 2.139 8
19580708 1.3 1.14 2.052 10
19580709 1.1 1.01 1.967 10.7
19580710 0 3.63 1.967 8.8
19580711 0 2.2 1.802 7.3
19580712 0 1.02 1.571 9.6
19580713 0.4 0.84 1.427 11.7
19580714 2.9 1.19 1.427 8.6
19580715 0 2.03 1.359 7.6
19580716 0 2.35 1.227 8.7
19580717 0 2.02 1.227 8.9
19580718 0 2.13 1.227 6.8
19580719 0.5 1.12 1.164 6.8
19580720 0.3 1.06 1.164 7.9
19580721 0 0.82 1.164 9.2
19580722 10 0.95 1.164 11
19580723 5.5 1.03 1.359 11.8
19580724 12.9 0.96 1.292 9.7
19580725 4.8 1.84 1.292 6.9
19580726 0.1 2.47 1.292 8.5
19580727 0 2.54 1.498 10.6
19580728 1 2.39 1.498 11.5
19580729 1.5 1.14 1.359 11.7
19580730 0.3 2.25 1.359 14.4
19580731 4.2 1.67 1.227 11
19580801 7.6 1.03 1.571 9.2
19580802 7.6 0.76 2.511 8.5
19580803 10.3 1.13 2.709 7.1
19580804 0.6 1.29 3.839 7.7
19580805 1.5 0.21 3.476 8.6
19580806 18.8 1.22 3.246 11.2
19580807 0 0.86 3.246 8.6
19580808 0.8 1.3 3.246 7.5
19580809 1.4 0.54 3.024 7.8
19580810 0 2.08 2.812 13.1
19580811 0 1.69 2.709 13.3
19580812 0 2.81 2.415 12.8
19580813 0.9 0.98 2.321 12.5
19580814 0.4 1.09 2.415 12.9
19580815 5.4 0.94 2.709 11.3
19580816 0.3 1.05 3.024 12.5
19580817 0.5 0.76 2.812 10.7
19580818 7.1 0.74 2.511 9.9
19580819 0.1 1.49 2.415 11.7
19580820 0 2.51 2.415 14.1
19580821 0 2.22 2.321 13.1
19580822 0 1.36 2.052 10.7
19580823 0 1.27 1.883 10.2
19580824 0.8 0.94 1.802 10.1
19580825 6.5 0.76 1.802 10.8
19580826 0.7 1.02 2.052 11.4
19580827 0.5 1.2 1.967 12.6
19580828 0 2.82 1.967 14.5
19580829 0 2.52 1.883 14.2
19580830 0 0.83 1.883 13.4
19580831 0 1.66 1.723 14
19580901 0.2 1.35 1.646 14.1
19580902 0 1.9 1.646 12.3
19580903 0 1.75 1.427 12.2
19580904 0 1.27 1.359 11.4
19580905 0 1.84 1.292 10.6
19580906 0 0.88 1.164 11.1
19580907 0 0.94 1.164 10.1
19580908 1.3 1.31 1.102 12.9
19580909 0 0.89 1.102 10.6
19580910 0 1.19 0.986 8.3
19580911 1.2 1.53 0.986 7.4
19580912 0.5 0.77 0.986 7.7
19580913 0 1.13 0.931 7.6
19580914 0 0.79 0.877 9.3
19580915 0 0.61 0.877 10.1
19580916 0 0.65 0.825 9.8
19580917 5.9 0.71 0.825 10
19580918 0 0.54 0.825 7.9
19580919 0 2.25 0.825 7.4
19580920 0 2.11 0.776 7.9
19580921 6.1 0.68 0.776 7.1
19580922 0.5 0.83 0.776 8.3
19580923 1.5 0.66 0.776 7
19580924 2.3 0.93 0.776 5.7
19580925 8.2 0.65 1.043 6.6
19580926 10.6 0.93 2.609 5.3
19580927 1 0.83 2.812 3.2
19580928 0 0.44 2.511 2.6
19580929 0 0.54 2.229 4.2
19580930 0 0.57 2.052 7.2
19581001 5.1 0.5 2.321 7.1
19581002 3.7 0.54 2.511 6.7
19581003 0.9 0.41 2.609 8.3
19581004 12.5 0.69 2.709 8.5
19581005 0.2 0.77 2.709 8.4
19581006 4.6 1.36 2.609 8.8
19581007 0.8 1.2 2.511 8.1
19581008 1.5 1.61 2.321 6.4
19581009 4 1.29 2.415 5.2
19581010 0 1.14 2.415 3.1
19581011 14.6 0.92 2.511 4.7
19581012 0.1 1.2 2.415 3.8
19581013 0 0.36 2.415 -2
19581014 8.3 0.04 3.024 1.1
19581015 14.3 0.28 2.917 3.6
19581016 5.6 1.12 2.709 0
19581017 0 0.21 2.609 0.5
19581018 0 0.8 2.609 0.7
19581019 0.5 0.36 2.609 -0.6
19581020 0.5 0.38 2.511 0.2
19581021 0 0.64 2.511 0.4
19581022 0 0.58 2.415 2.3
19581023 0.6 0.62 2.415 2.9
19581024 2.9 0.87 2.415 4.8
19581025 2.8 0.72 2.321 0.2
19581026 0 0.66 2.321 1.9
19581027 0 0.9 2.321 6.7
19581028 0 0.66 2.229 6.5
19581029 0 0.68 2.229 0.6
19581030 0 0.42 2.229 2.7
19581031 0.1 0.4 2.229 1.6
19581101 0.8 0.56 2.229 -1.3
19581102 0 0.5 2.139 0.5
19581103 0.9 0.38 2.052 1
19581104 0 0.33 2.052 1.7
19581105 0 0.42 1.967 1.3
19581106 5.2 0.7 1.967 3.4
19581107 0 0.61 1.967 4.4
19581108 3.9 0.69 1.967 1.8
19581109 0.7 0.41 1.883 -0.1
19581110 14.8 0.44 1.883 0.4
19581111 1.5 0.52 1.802 -1.6
19581112 0.7 0.75 1.802 -0.1
19581113 0.7 0.75 1.723 -0.1
19581114 0 0.38 1.723 -6.2
19581115 0 0.32 1.646 -2.6
19581116 0 0.38 1.571 1
19581117 0.5 0.39 1.498 -3.8
19581118 0.6 0.51 1.427 -0.1
19581119 0 0.33 1.359 -9.9
19581120 0 0.12 1.359 -7.7
19581121 0.5 0.29 1.292 -7
19581122 1 0.45 1.292 2
19581123 0 0.64 1.227 2
19581124 0 0.13 1.227 -2.7
19581125 0 0.49 1.227 0.6
19581126 1.7 0.52 1.227 -0.3
19581127 3.4 0.29 1.227 -0.6
19581128 0 0.36 1.164 2.4
19581129 0 0.36 1.164 -1.9
19581130 1 0.69 1.102 -4.2
19581201 0.2 0.25 1.102 -9.1
19581202 0 0.11 1.102 -6.4
19581203 2.2 0.72 1.043 0.9
19581204 0.1 0.73 1.043 -2.8
19581205 9.2 0.38 1.043 -2.7
19581206 1.5 0.7 0.986 -5.6
19581207 1.5 0.32 0.986 -11
19581208 0 0.18 0.931 -14.2
19581209 0 0.21 0.931 -11.7
19581210 0 0.45 0.877 -12.3
19581211 1.5 0.11 0.877 -7.4
19581212 0.7 0.43 0.825 -16.6
19581213 0 0.21 0.825 -17.5
19581214 0.3 0.19 0.825 -14.9
19581215 0.2 0.11 0.825 -9.9
19581216 0.6 0.42 0.825 -24.8
19581217 2 0 0.825 -8.9
19581218 5.8 0.19 0.825 -14.2
19581219 0 0.21 0.776 -30.4
19581220 1 0 0.776 -8.2
19581221 6.2 0.21 0.776 -1.8
19581222 3.6 0.28 0.776 -1.4
19581223 0 0.4 0.776 -5
19581224 0.1 0.14 0.776 -7.1
19581225 0.8 0.19 0.727 -4.5
19581226 0.8 0.29 0.727 -7.1
19581227 0.4 0.35 0.681 -11.3
19581228 0 0.21 0.681 -12.9
19581229 3 0.3 0.637 -9.7
19581230 0.4 0.2 0.637 -11
19581231 0 0.24 0.637 -15.2
19590101 0.6 0.16 0.594 -13.6
19590102 0 0.09 0.594 -13.6
19590103 2.1 0.2 0.553 -8
19590104 0.6 0.28 0.553 -8.8
19590105 1.3 0.21 0.553 -9
19590106 0.1 0.2 0.553 -14.4
19590107 0.1 0 0.553 -4.4
19590108 1.5 0.46 0.553 -11.7
19590109 0.1 0.19 0.553 -13
19590110 0.1 0.13 0.513 -20.1
19590111 12 0.08 0.513 -7.9
19590112 2.6 0.31 0.513 -14.6
19590113 0 0.01 0.513 -14.5
19590114 0.1 0.17 0.513 -17.6
19590115 0 0.08 0.513 -23
19590116 1.5 0.07 0.513 -14.9
19590117 0.7 0.07 0.513 -10.8
19590118 0.8 0.3 0.513 -16.4
19590119 0 0.14 0.476 -27.6
19590120 0 0 0.476 -12.4
19590121 4.3 0.18 0.476 -10.8
19590122 0.3 0.36 0.476 -23.6
19590123 6 0.1 0.476 -15.5
19590124 3.9 0.03 0.476 -9.8
19590125 1.4 0.31 0.44 -4
19590126 0.9 0.42 0.44 -0.3
19590127 0 0.45 0.44 -3.1
19590128 0 0.23 0.44 -5.6
19590129 0 0.32 0.44 -3.3
19590130 0 0.29 0.44 -4.8
19590131 0 0 0.44 -3.3
19590201 0 0.64 0.405 -2.6
19590202 0 0.43 0.405 0.5
19590203 0 0.62 0.405 -1.3
19590204 0 0.6 0.405 2
19590205 0 0.58 0.405 0.9
19590206 0 0.5 0.405 -6.5
19590207 0 0.23 0.373 -10.6
19590208 0 0.19 0.373 -17.3
19590209 0 0.17 0.373 -9.4
19590210 0 0.37 0.342 -12.8
19590211 0 0.18 0.342 -18.4
19590212 0 0.22 0.342 -19.1
19590213 0 0.21 0.342 -22.9
19590214 0 0.09 0.312 -20.8
19590215 1.4 0.56 0.312 -5.2
19590216 0 0.67 0.312 -2.8
19590217 0.1 0.43 0.312 0.1
19590218 0 1.13 0.312 3.6
19590219 0 1 0.312 1
19590220 1.8 0.65 0.312 -4.7
19590221 1 0.55 0.312 -7.4
19590222 3.5 0.36 0.312 -6.5
19590223 0.3 0.2 0.312 -4.6
19590224 2 0.44 0.312 -3
19590225 0 0.35 0.284 0.3
19590226 2 1.51 0.284 3
19590227 0 1.14 0.284 -0.2
19590228 0 0.79 0.284 3
19590301 0 1.24 0.284 1.3
19590302 0 0.3 0.284 0.9
19590303 1.9 0.53 0.312 0.1
19590304 0 0.19 0.312 2.6
19590305 1.6 0.27 0.312 1.5
19590306 0 0.79 0.312 1.6
19590307 0 0.8 0.312 -5.5
19590308 1.7 0.59 0.312 -6.7
19590309 0.3 0.52 0.312 -3
19590310 0.3 0.4 0.312 -10
19590311 0 0.42 0.312 -8.8
19590312 0 1.77 0.312 -1.3
19590313 0 0.79 0.312 -6.2
19590314 0 0.36 0.312 -10.3
19590315 0 0.11 0.312 -3.3
19590316 0.8 0.54 0.312 -2.1
19590317 0 0.72 0.284 1.7
19590318 0 0.63 0.284 -2.3
19590319 0 0.95 0.284 -1
19590320 0 0.31 0.284 -6.2
19590321 0 0.33 0.284 -6.1
19590322 0 0.9 0.284 -6.2
19590323 0 0.38 0.284 -0.7
19590324 0 0.44 0.284 1.6
19590325 0 0.38 0.284 -1.2
19590326 0 0.33 0.284 -2.4
19590327 10 0.68 0.312 2
19590328 0 0.46 0.312 0.3
19590329 4.5 0.6 0.312 -2.8
19590330 1.4 0.56 0.312 -2.5
19590331 0 0.82 0.312 -1.3
19590401 2.6 0.43 0.312 0.4
19590402 3.6 1 0.312 1.1
19590403 0 0.66 0.312 1.1
19590404 2.6 0.79 0.312 0.8
19590405 0 0.79 0.312 0.8
19590406 0 0.5 0.312 -2.3
19590407 0.5 0.5 0.312 0
19590408 0.9 0.49 0.312 -2.5
19590409 2.5 0.63 0.312 -4.7
19590410 0.6 0.51 0.312 -4.9
19590411 0 0.35 0.312 -4.4
19590412 0 0.4 0.312 -7.6
19590413 0 0.4 0.312 -1.2
19590414 0 0.66 0.342 4.6
19590415 0 0.5 0.342 5
19590416 0 0.64 0.476 5
19590417 0 1.5 0.776 3.9
19590418 0 1.02 1.292 -1.7
19590419 0 0.46 1.802 -3
19590420 0 0.52 2.139 -3.2
19590421 0 1 2.139 -0.2
19590422 0 0.79 2.139 1
19590423 0 0.51 2.229 0.7
19590424 0 0.41 2.052 2
19590425 0 0.68 2.139 2.2
19590426 0 1.13 2.229 4.2
19590427 2 0.69 3.965 5.2
19590428 6.4 1.55 8.687 5.4
19590429 3 0.6 18.651 5.5
19590430 16.2 0.68 24.184 4.4
19590501 0 1.49 19.514 4.4
19590502 0 1.29 15.942 6.3
19590503 13.1 1.14 15.942 4
19590504 0 1.6 13.25 2.9
19590505 1.9 1.11 10.378 2.2
19590506 3.5 0.81 7.907 -0.1
19590507 0.1 1.01 6.816 0.2
19590508 0 1.47 4.911 2.8
19590509 0 0.98 4.356 5.6
19590510 0 0.73 4.629 9.7
19590511 0 0.78 8.687 10.2
19590512 0 2.18 14.032 11.3
19590513 0 1.36 16.201 12.6
19590514 0 0.8 14.568 11.1
19590515 0 1.38 14.032 9.5
19590516 0 1.56 13.25 7.2
19590517 0 1.83 9.301 2.4
19590518 0 1.57 7.719 1.4
19590519 0 1.94 5.818 3.6
19590520 0 1.25 4.491 3.4
19590521 0 0.89 4.093 4.2
19590522 0.6 2.04 3.716 6.8
19590523 0 1.28 3.716 4.8
19590524 0 1.54 3.36 5.7
19590525 0 1.18 3.36 5
19590526 0.3 1.31 3.024 2.5
19590527 0 1.19 3.024 4.1
19590528 0 1.75 2.917 4.9
19590529 0 1.38 2.709 7.4
19590530 0 0.85 2.511 4.4
19590531 5.3 2.2 2.511 6.1
19590601 0.7 1.45 2.511 8.3
19590602 10.1 2.08 2.709 5.3
19590603 1.2 0.61 2.812 8.3
19590604 0 2.12 3.024 13.5
19590605 2.4 2.2 2.812 12.8
19590606 0 3.88 2.709 14
19590607 0.8 4.21 2.709 14.9
19590608 0 3.57 2.511 10.6
19590609 0.6 4.12 2.415 10.7
19590610 0.3 1.37 2.229 8.9
19590611 0.6 1.78 2.052 8.1
19590612 0 3.31 2.052 12.5
19590613 0 3.68 1.883 7.2
19590614 0 1.79 1.802 7.5
19590615 1.5 3.17 1.571 2.7
19590616 0.1 1.3 1.571 4
19590617 2.5 2.12 1.571 8.9
19590618 0.9 3.33 1.498 7.8
19590619 0 1.9 1.498 6.2
19590620 0 1.46 1.292 4.8
19590621 0 2.13 1.227 6.8
19590622 0 1 1.164 14.6
19590623 0 1.08 1.164 16.3
19590624 0 0.69 1.043 17.5
19590625 0 1.81 0.986 16.6
19590626 0 2.11 0.931 16
19590627 0 1.79 0.931 15.6
19590628 0 3.84 0.931 12.6
19590629 0 2.22 0.931 7.5
19590630 0 1.29 0.877 10.7
19590701 1.5 1.58 0.825 9.5
19590702 9.6 0.95 0.825 8
19590703 0.1 1.46 0.825 7.6
19590704 0 0.9 0.825 10.8
19590705 0 2.43 0.825 16.7
19590706 0 0.95 0.825 14.1
19590707 14.6 1.42 0.986 11.9
19590708 4.4 1.49 1.043 13.1
19590709 0 2.17 1.043 13.4
19590710 13.2 1.37 1.043 9.1
19590711 2.4 3.36 1.043 11
19590712 18.2 2.06 1.102 14.2
19590713 0.7 3.46 1.102 13.6
19590714 0 2.11 1.043 8.2
19590715 0 1.6 0.986 8
19590716 0 3.86 0.986 13.1
19590717 0 4.68 0.986 15.7
19590718 0 5.35 0.931 17.2
19590719 0 5.01 0.931 17.6
19590720 0 2.61 0.877 18.1
19590721 0 1.59 0.825 13.4
19590722 8 2.12 0.776 11.8
19590723 0 3.46 0.776 18.1
19590724 0.9 2.06 0.776 15.4
19590725 25.1 1.28 0.776 12.7
19590726 0 1.78 0.776 15.9
19590727 4.2 0.89 0.776 16.8
19590728 3.1 1.53 0.776 13.8
19590729 28.2 1.45 0.776 9.4
19590730 0 2.08 0.825 10.5
19590731 0 1.5 0.825 12.5
19590801 0 1.07 0.825 15.2
19590802 0 1.97 0.825 13.2
19590803 0 1.6 0.825 12
19590804 0.9 1.49 0.776 10.3
19590805 1 0.92 0.776 10.8
19590806 0 1.1 0.776 8.7
19590807 0 0.98 0.727 8.2
19590808 4.4 0.93 0.727 7.1
19590809 0.4 1.17 0.727 8.6
19590810 0 1.99 0.727 11.5
19590811 0 2.73 0.727 14.2
19590812 0 4.38 0.681 17.2
19590813 3.1 1.34 0.637 16.2
19590814 3.4 1.95 0.594 16.9
19590815 0.3 2.05 0.594 17.7
19590816 0 2.09 0.553 16
19590817 0 1.29 0.513 11.4
19590818 1.9 1.55 0.513 12
19590819 1.1 1.6 0.476 17.6
19590820 0 1.84 0.476 15.7
19590821 0 2.51 0.476 14.3
19590822 0 2 0.476 13.6
19590823 0 1.76 0.44 12.8
19590824 0 1.67 0.44 12.8
19590825 1.3 1.3 0.44 10.4
19590826 0 1.33 0.44 6.9
19590827 0.3 1.09 0.405 3.5
19590828 2.1 0.66 0.405 1.9
19590829 0.8 0.73 0.405 3.4
19590830 0.5 0.61 0.44 5
19590831 0 0.76 0.44 8.9
19590901 0 0.64 0.44 8.2
19590902 0 1.19 0.44 10.7
19590903 0 1.13 0.405 10.2
19590904 0 0.78 0.405 9.8
19590905 0 1.18 0.373 11.1
19590906 0 0.73 0.373 8.6
19590907 0 0.5 0.342 7.2
19590908 0 0.85 0.342 8.2
19590909 0 2.49 0.342 11.2
19590910 0 1.45 0.312 7.5
19590911 0 1.17 0.312 11.9
19590912 0 1.33 0.312 7.2
19590913 0 0.64 0.312 5
19590914 0.3 0.89 0.312 7.2
19590915 0 0.74 0.312 3.8
19590916 3.7 0.85 0.312 1.6
19590917 0 0.69 0.312 3.6
19590918 0.1 0.5 0.312 7.9
19590919 0 0.7 0.312 7.2
19590920 1.3 0.62 0.312 8.3
19590921 0.9 0.73 0.312 3.4
19590922 0 0.59 0.312 2.4
19590923 6.1 0.68 0.312 4.6
19590924 0 1 0.312 3.9
19590925 0 0.99 0.312 1.5
19590926 0 0.55 0.312 1.2
19590927 0 0.2 0.312 1.1
19590928 3.6 0.36 0.342 2.5
19590929 0.6 0.56 0.342 6.2
19590930 0 0.37 0.44 7.2
19591001 0.9 0.52 0.44 7.9
19591002 0 0.43 0.44 4.2
19591003 0 0.79 0.405 9.4
19591004 0 0.82 0.405 6.4
19591005 0 0.78 0.405 6.7
19591006 0 0.56 0.373 5.5
19591007 0 0.55 0.373 3.6
19591008 0 0.45 0.373 2.1
19591009 0 0.42 0.373 0.6
19591010 0 0.5 0.373 3.6
19591011 0 0.85 0.342 -0.3
19591012 0 0.52 0.342 1.8
19591013 0 0.4 0.342 -0.8
19591014 0 0.71 0.342 3.1
19591015 0 0.84 0.342 0.1
19591016 0 0.52 0.342 -0.4
19591017 0 0.18 0.342 -2.6
19591018 0 0.5 0.342 0.5
19591019 0 0.4 0.342 2.9
19591020 0 0.17 0.342 3.4
19591021 6.2 0.39 0.373 3.8
19591022 10.2 0.53 0.373 -0.5
19591023 6.5 0.29 0.373 -2.5
19591024 12.3 0.37 0.373 -1.1
19591025 0.2 0.46 0.405 -2.7
19591026 0 0.27 0.405 -5.8
19591027 0 0.12 0.476 -1.6
19591028 8.1 0.41 0.594 4.1
19591029 4.2 0.68 0.637 0.7
19591030 4.4 0.21 0.877 -0.8
19591031 0.6 0.44 0.877 2.2
19591101 0 0.36 1.043 1.9
19591102 0 0.48 1.164 -1.6
19591103 0.2 0.33 1.292 3.4
19591104 15.9 0.35 1.427 -0.9
19591105 0 0.32 1.571 -3.7
19591106 0 0.27 1.571 -6.5
19591107 0 0.25 1.498 -2.8
19591108 0 0.48 1.498 -1.2
19591109 1.5 0.65 1.427 2.2
19591110 4.9 0.44 1.292 1.6
19591111 3.1 0.37 1.227 1.6
19591112 4.1 0.3 1.164 1.3
19591113 1.2 0.1 1.043 1
19591114 0 0.07 0.986 1.2
19591115 0.3 0.32 0.986 0.8
19591116 0.2 0.52 0.986 -1.5
19591117 0 0.49 0.986 -5.1
19591118 0.4 0.3 0.986 -11.4
19591119 0 0.22 1.043 -10.1
19591120 2.2 0.23 1.102 -1.6
19591121 5.5 0.47 1.164 2.2
19591122 0 0.17 1.164 1.3
19591123 2.1 0.34 1.164 0.4
19591124 1.8 0.3 1.164 0.3
19591125 0.5 0.31 1.164 0.3
19591126 0.5 0.4 1.102 2.8
19591127 0.6 0.39 1.102 0.6
19591128 5.2 0.45 1.043 -1.4
19591129 0.9 0.22 0.986 -4.3
19591130 1.6 0.17 0.986 1.9
19591201 0 0.65 0.986 0.5
19591202 0 0.4 0.931 -0.8
19591203 0.4 0.48 0.877 -2.1
19591204 1 0.41 0.825 -3
19591205 0 0.67 0.825 -7.5
19591206 0.1 0.4 0.776 -10
19591207 0 0.28 0.776 -13.3
19591208 0 0.27 0.727 -10.6
19591209 0.2 0.24 0.727 -9.8
19591210 1.2 0.05 0.681 -13.5
19591211 0 0.09 0.681 -18.1
19591212 0 0 0.637 -15.2
19591213 0 0.22 0.637 -25.1
19591214 0 0 0.594 -9.5
19591215 0.7 0.24 0.594 -3
19591216 3.6 0.41 0.553 -3.8
19591217 0 0.13 0.553 -6.5
19591218 5.2 0.46 0.553 0.7
19591219 0 0.48 0.553 0.3
19591220 0 0.39 0.553 -0.4
19591221 7.5 0.43 0.553 0
19591222 3.7 0.46 0.513 -6
19591223 0.1 0.06 0.513 -3.5
19591224 0.9 0.24 0.513 -1.6
19591225 1.6 0.34 0.513 -0.5
19591226 1.4 0.5 0.513 -3.3
19591227 8.1 0.15 0.513 -4.5
19591228 5.8 0.3 0.513 -6.3
19591229 13.9 0.4 0.513 -7.4
19591230 2.3 0.18 0.513 -4.9
19591231 2.6 0.13 0.513 -3.8
19600101 5.8 0.4 0.513 1.4
19600102 3.9 0.68 0.513 -13.7
19600103 0 0.14 0.513 -20.1
19600104 0 0 0.513 -0.6
19600105 0 0.36 0.513 0.6
19600106 1.8 0.43 0.476 -0.5
19600107 0 0.3 0.476 -2.7
19600108 0 0.68 0.476 -27.8
19600109 0 0.04 0.476 -31.2
19600110 0 0.02 0.476 -6.2
19600111 0.4 0.19 0.44 -28
19600112 0 0.09 0.44 -23.7
19600113 0 0.07 0.405 -28.8
19600114 0 0.07 0.405 -27.6
19600115 0 0 0.405 -7.9
19600116 1.6 0.27 0.405 -9.9
19600117 0 0.17 0.405 -16
19600118 0 0.12 0.405 -32.9
19600119 0 0.02 0.405 -32.9
19600120 0 0.03 0.405 -34
19600121 0 0.06 0.373 -26.4
19600122 0 0 0.373 -5.3
19600123 9 0.33 0.373 -3.8
19600124 2.6 0 0.373 1.8
19600125 3.7 0.4 0.373 1.3
19600126 4.3 0.26 0.342 0.7
19600127 0.2 0.35 0.342 -1.3
19600128 1.4 0.3 0.342 -5.7
19600129 0.7 0.32 0.342 -21.5
19600130 0 0.05 0.342 -32.2
19600131 0 0.06 0.342 -27.8
19600201 0 0.15 0.312 -12.1
19600202 0 0.22 0.312 -19.5
19600203 0.3 0.25 0.312 -7.4
19600204 2.4 0.5 0.312 -3.9
19600205 0.7 0.29 0.312 -7.1
19600206 0 0.25 0.312 -9.7
19600207 0 0 0.312 -0.6
19600208 0 0.57 0.312 2.1
19600209 0 0.36 0.312 1.6
19600210 2.9 0.32 0.312 -5.8
19600211 0.5 0.13 0.312 -13.6
19600212 0.4 0.26 0.312 -16.8
19600213 0 0.18 0.312 -27.8
19600214 0 0.06 0.312 -23.7
19600215 0.3 0.12 0.312 -8.4
19600216 0.4 0.11 0.312 -12.2
19600217 0.3 0.19 0.312 -12.1
19600218 0 0.2 0.312 -20.2
19600219 0 0.02 0.312 -20.2
19600220 0.4 0.15 0.312 -15.4
19600221 0 0.09 0.312 -11.1
19600222 0.4 0.23 0.284 -9.5
19600223 0 0.4 0.284 -10.7
19600224 0 0.41 0.284 -17.9
19600225 0 0.35 0.284 -5.4
19600226 0 0.34 0.284 -7.1
19600227 0 0.22 0.257 -13.1
19600228 5.2 0.32 0.257 -12.7
19600229 0.7 0.36 0.257 -11.7
19600301 7 0.24 0.257 -9
19600302 6.3 0.5 0.257 -2.3
19600303 0 0 0.232 -1.2
19600304 5.4 0.42 0.232 -0.3
19600305 0.8 0.26 0.232 -0.7
19600306 0 0.32 0.232 -5.3
19600307 0 0.09 0.232 -8.4
19600308 0 0.25 0.232 -12.4
19600309 0 0.65 0.209 -8
19600310 0 0.53 0.209 -6.2
19600311 0 0.42 0.209 -6.1
19600312 0 0.35 0.209 -11.6
19600313 1.3 0.31 0.209 -2.8
19600314 0 0.43 0.209 -6.6
19600315 0 0 0.209 -5
19600316 0 0.34 0.209 -2.8
19600317 0 0.46 0.209 -1.1
19600318 0 0.68 0.209 -0.3
19600319 0 0.5 0.209 -7.8
19600320 0 0.49 0.209 -8.6
19600321 0 0.51 0.209 -4.1
19600322 0 0.2 0.209 0
19600323 1.2 0.64 0.209 -1.6
19600324 0 0.32 0.209 -4.6
19600325 0 0.4 0.209 -5.5
19600326 0 0.27 0.209 -6
19600327 0 0.26 0.209 -6.8
19600328 0 0.38 0.209 -0.6
19600329 0 0.3 0.209 -4.1
19600330 0 0.63 0.187 -1.5
19600331 0 0.33 0.187 -5.6
19600401 0 0.54 0.187 -3.1
19600402 0 0.35 0.187 -3.8
19600403 0 0.41 0.187 -7
19600404 0 1.09 0.187 -3.7
19600405 0 1.7 0.187 -1.6
19600406 0 1.57 0.187 0
19600407 0 1.21 0.187 -0.2
19600408 0 1.06 0.187 1.7
19600409 0 1.17 0.187 3
19600410 0 1.35 0.187 1.3
19600411 0 0.78 0.187 -0.5
19600412 0 0.92 0.187 -0.2
19600413 0 0.19 0.187 0.4
19600414 6.7 1.56 0.187 2.3
19600415 0 0.52 0.166 0.2
19600416 4.4 0.65 0.166 1
19600417 0 0.54 0.187 0.8
19600418 0 0.61 0.187 0.8
19600419 0 0.4 0.187 0.4
19600420 0 1.47 0.187 1.8
19600421 0.7 1.21 0.187 2.4
19600422 0 1.19 0.187 -1
19600423 5.2 0.27 0.187 -1.7
19600424 7.9 0.35 0.209 -0.9
19600425 3.1 0.58 0.209 0.5
19600426 0 0.69 0.209 1
19600427 0 0.33 0.209 -3.4
19600428 0 0.92 0.209 -2.2
19600429 0 0.87 0.209 -0.3
19600430 0 1.07 0.209 -1
19600501 5.5 1.03 0.209 -3.6
19600502 0 0.58 0.209 -1.5
19600503 0 0.9 0.209 0.2
19600504 0 0.72 0.232 -0.8
19600505 0 0.57 0.232 2
19600506 0 0.78 0.257 3.6
19600507 2.9 0.77 0.312 5.9
19600508 0 1.19 0.405 6.6
19600509 0 0.84 0.637 6.6
19600510 0.8 1.31 1.292 7.7
19600511 0 1.93 3.476 7.1
19600512 0 1.58 5.353 8.3
19600513 0 1.43 8.488 7.9
19600514 0 1.47 13.25 9.4
19600515 0 2.05 16.728 9.4
19600516 0 2.5 19.514 7.7
19600517 0 1.55 18.936 8.2
19600518 0 2.35 18.651 6.9
19600519 0 1.54 17.264 6.8
19600520 0 1.26 15.942 4.2
19600521 0 1.13 12.995 3.8
19600522 0 0.59 9.939 5.5
19600523 0 2.53 10.378 9
19600524 0 1.77 12.004 7
19600525 7 1.09 17.264 2.7
19600526 9.4 1.27 13.508 9.9
19600527 0 1.71 13.25 11.4
19600528 0.7 1.72 15.116 10.6
19600529 13.3 0.94 21.31 5.5
19600530 2 0.52 15.676 7.9
19600531 0.2 0.78 12.494 9.9
19600601 2.2 0.81 13.25 6
19600602 10.6 1.94 12.247 10.2
19600603 0 1.6 11.525 11.4
19600604 0 0.99 10.157 14.6
19600605 0.1 0.86 9.724 13.3
19600606 0.7 1.04 9.301 15.5
19600607 0.6 2.93 9.094 16.1
19600608 1.7 1.33 8.488 7.8
19600609 7.6 0.42 8.098 7.7
19600610 7.8 1.04 8.488 10.8
19600611 1.7 0.77 7.719 9.7
19600612 0 1.29 7.169 9.4
19600613 7.8 1.63 6.991 9.5
19600614 1.4 1.55 6.643 10
19600615 11.4 1.17 6.473 7.8
19600616 1.4 2.18 6.473 10.5
19600617 0 0.97 5.661 11
19600618 1.1 0.83 5.353 8.8
19600619 1.4 1.27 4.769 6.4
19600620 0.1 1.32 4.356 5.9
19600621 0 0.49 3.839 8.1
19600622 0 1.97 3.595 15.4
19600623 0 1.88 3.134 14.7
19600624 4.5 2.78 3.024 18.3
19600625 0 2.16 2.917 18.7
19600626 0 0.89 2.609 15.9
19600627 2.2 1.45 2.812 9.3
19600628 11.6 0.77 3.716 8.8
19600629 13.9 0.85 5.818 7
19600630 11.1 1.04 6.991 5.4
19600701 8.2 0.62 7.35 2.9
19600702 10.9 0.32 8.098 4.6
19600703 0 0.78 8.889 4.7
19600704 0 0.68 8.098 7.4
19600705 0.5 2.35 6.473 12.6
19600706 1 1.44 6.306 10.4
19600707 10.6 1.45 6.643 11.4
19600708 2.8 0.63 6.643 10.6
19600709 1.6 3.04 7.169 13
19600710 3.1 2.17 7.719 11.7
19600711 0 2.14 7.719 11.7
19600712 7.6 2.15 7.533 12.9
19600713 0.3 1.21 7.35 11.7
19600714 6.3 2.91 7.35 12.2
19600715 0.6 3.69 7.719 13.9
19600716 0 1.67 7.719 15.5
19600717 7.6 2.09 7.35 13.6
19600718 0.3 2.8 7.169 11.9
19600719 3.7 1.3 6.991 11.5
19600720 8.4 1.15 6.473 9.4
19600721 0 2.17 6.473 10.4
19600722 0 1.48 5.661 10.8
19600723 2.4 1.14 5.204 10.5
19600724 0.8 1.58 4.911 12.6
19600725 0 3.21 4.769 13.4
19600726 0 1.41 4.223 14.5
19600727 0 1.08 3.839 12.7
19600728 0 0.72 3.36 11.1
19600729 2.7 2.24 2.812 15.8
19600730 3.1 4.98 2.511 17.7
19600731 0 2.37 2.321 15.7
19600801 0 2.3 2.321 19.2
19600802 0 1.5 2.321 19.2
19600803 0 2.09 2.139 14.7
19600804 0 4.61 2.139 12.9
19600805 0 1.9 2.139 12.3
19600806 0 2.06 2.139 14.4
19600807 0 2.89 2.139 14.4
19600808 0 2.15 2.229 12
19600809 2.1 1.54 2.321 11.8
19600810 7.8 0.98 2.229 12.4
19600811 9.9 3.01 2.052 12.6
19600812 0 1.55 2.139 10.9
19600813 1.7 0.68 1.967 9.6
19600814 8.9 1.65 1.967 10.5
19600815 0.4 0.83 1.967 5.3
19600816 18.2 1.01 2.229 8.6
19600817 18 0.65 3.024 6.7
19600818 7.4 0.72 7.169 7.6
19600819 2.1 1.42 6.816 7
19600820 0 1.24 5.353 8.1
19600821 0.5 1.22 4.223 9.2
19600822 0 1.71 3.476 9.5
19600823 0 1.08 3.024 11.5
19600824 1.7 0.83 3.024 10.5
19600825 0.8 0.88 2.812 12.1
19600826 0.2 0.77 2.609 10.8
19600827 0 0.87 3.024 12.8
19600828 0 1.3 2.511 11.8
19600829 0 1.84 2.229 6.5
19600830 0 1.67 2.052 5.3
19600831 1.1 0.63 1.883 5.5
19600901 2 0.91 1.802 5.8
19600902 0.6 1.16 1.802 5.8
19600903 0 0.47 2.052 5.1
19600904 3.5 0.46 2.139 5.4
19600905 12.6 1.61 2.139 7.3
19600906 0 1.29 2.052 5.9
19600907 0 1.75 2.052 4.5
19600908 0 0.56 2.052 5.4
19600909 0 0.63 1.967 6.7
19600910 2.9 0.5 1.883 6.7
19600911 0.1 1.82 1.802 9.5
19600912 0 0.83 1.883 10.7
19600913 0 2.43 1.967 10
19600914 0 2.24 2.052 10.3
19600915 0 2.92 2.229 11.9
19600916 0 2.21 2.415 9.3
19600917 0 2.2 2.415 9.2
19600918 0 1.17 2.415 8.7
19600919 0 0.35 2.415 4.5
19600920 12.2 0.49 2.609 10.5
19600921 5.6 0.57 2.709 10.8
19600922 0.2 0.98 2.812 10.9
19600923 2.5 1.77 2.917 11.1
19600924 8.6 1.46 2.709 9.4
19600925 5.4 1.18 2.609 3.3
19600926 1.1 0.59 2.609 3.2
19600927 0.4 0.92 2.511 2.1
19600928 0 0.97 2.609 -1.5
19600929 0 0.68 2.609 -0.3
19600930 0 0.65 2.511 -0.5
19601001 0 0.45 2.415 0.3
19601002 0 0.49 2.415 0.9
19601003 0 0.82 2.415 -0.1
19601004 1.4 0.44 2.415 5.3
19601005 0 0.76 2.609 2.3
19601006 12.1 0.43 2.609 3.6
19601007 0.1 0.3 2.321 3.4
19601008 0 0.5 2.229 3.5
19601009 0 0.5 2.052 3.4
19601010 13.5 0.59 2.052 0
19601011 9.9 0.45 2.052 -1.1
19601012 5.3 0.41 2.052 -1
19601013 0.5 0.39 2.052 0.1
19601014 0 0.22 1.883 -0.7
19601015 0 0.38 1.883 0.8
19601016 0 0.49 1.883 -2.6
19601017 0 0.32 1.723 -3
19601018 0 0.34 1.723 -0.9
19601019 0 0.8 1.646 -0.2
19601020 0 0.48 1.646 -2.7
19601021 0 0.19 1.646 -4.4
19601022 0 0.29 1.498 -3.7
19601023 0 0.72 1.292 -4.1
19601024 0 0.17 1.292 -9.9
19601025 0 0.27 1.164 -8.9
19601026 0 0.14 1.164 -3.1
19601027 0 0.27 1.164 -1.8
19601028 0 0.33 1.102 -4.9
19601029 0 0.25 1.102 -10
19601030 0 0.28 1.102 -3.6
19601031 0 0.23 1.102 -11
19601101 0 0.38 1.102 -6.8
19601102 0 0 1.102 -3.2
19601103 1.4 0.44 1.043 0.6
19601104 0 0.12 1.043 1.9
19601105 4 0.22 1.043 1.4
19601106 17.4 0.42 1.043 -2
19601107 0 0.35 1.043 -2.1
19601108 0 0.36 1.043 -10.5
19601109 2.1 0.16 0.986 -5.2
19601110 0.4 0.28 0.986 -5.3
19601111 2 0.14 0.986 -3.1
19601112 0.7 0.25 0.986 0.5
19601113 3.4 0.34 0.986 -0.3
19601114 0.1 0.42 0.986 -3
19601115 0.5 0.24 0.931 -4.3
19601116 2.8 0.26 0.931 -2.6
19601117 5.7 0.21 0.931 -0.6
19601118 1.4 0.29 0.931 -6.3
19601119 0.7 0.42 0.931 -3.6
19601120 0 0.34 0.931 -7.8
19601121 0 0.12 0.931 -12.5
19601122 0.1 0.18 0.877 -15.1
19601123 2.2 0 0.877 -4.4
19601124 0 0.35 0.825 -1.6
19601125 0.5 0.23 0.776 1.1
19601126 6.6 0.22 0.776 0.7
19601127 2.1 0.29 0.727 -0.4
19601128 5 0.35 0.727 -4.3
19601129 1.9 0.17 0.727 -6.8
19601130 0.9 0.26 0.727 -6.7
19601201 4.9 0.24 0.776 2.2
19601202 0.8 0.68 0.825 2
19601203 0 0.24 0.877 -1.8
19601204 4.2 0.34 0.931 -4
19601205 0.5 0.16 0.931 -8.3
19601206 0.4 0.31 0.877 -5.7
19601207 5.3 0.2 0.877 -9.4
19601208 0.9 0.36 0.825 -26.3
19601209 0 0.12 0.776 -29.4
19601210 0 0.03 0.776 -26.7
19601211 0 0 0.727 -15.7
19601212 4.1 0.11 0.727 -11.3
19601213 0.5 0.22 0.681 -10
19601214 3.1 0.3 0.681 -2.4
19601215 0 0.3 0.681 -8.8
19601216 0.7 0.33 0.681 -2.5
19601217 0 0.38 0.681 -2.6
19601218 0 0.44 0.681 -3.9
19601219 6.7 0.3 0.681 -3.3
19601220 3.3 0.25 0.637 -3.6
19601221 0.3 0.41 0.637 -13.6
19601222 0 0.28 0.637 -27.9
19601223 0 0 0.637 -12.6
19601224 0.2 0.12 0.637 -11.6
19601225 1.2 0.21 0.637 -15
19601226 0.1 0.03 0.637 -2.8
19601227 6.1 0.7 0.594 0.2
19601228 0.5 0.75 0.594 -0.7
19601229 0.3 0.59 0.594 -11.6
19601230 0.2 0.18 0.594 -11.2
19601231 1.1 0.33 0.594 -4.3
19610101 0.8 0.4 0.553 -4.7
19610102 0 0.34 0.553 -7.9
19610103 0.9 0.39 0.513 -4
19610104 2.4 0.25 0.513 -7.9
19610105 1 0.15 0.513 -16.8
19610106 1.2 0.22 0.513 -9.8
19610107 1.3 0.19 0.476 -13.2
19610108 0 0.17 0.476 -24.2
19610109 0 0.06 0.476 -32.1
19610110 0 0.05 0.476 -30.1
19610111 0 0.04 0.476 -12.3
19610112 0 0.14 0.476 -17.9
19610113 1.8 0.2 0.476 -11.4
19610114 0.6 0 0.476 -1.9
19610115 0 0.54 0.44 1.9
19610116 0 0.34 0.44 -3.6
19610117 0 0.45 0.44 -14.4
19610118 0 0.07 0.405 -11.5
19610119 0 0.28 0.405 -20.8
19610120 0 0.07 0.405 -27.9
19610121 0 0.09 0.373 -10.6
19610122 0 0.23 0.373 -5.4
19610123 0 0.28 0.373 -15
19610124 0 0.22 0.373 -16.7
19610125 0 0.18 0.373 -27.7
19610126 0 0.14 0.373 -17.3
19610127 0 0.2 0.373 -15.4
19610128 1.4 0.68 0.373 -1.8
19610129 1.8 0.9 0.373 -3.8
19610130 3.6 0.23 0.373 -8.3
19610131 0.8 0.18 0.373 -15.1
19610201 0.3 0.17 0.373 -12.5
19610202 0 0.18 0.373 -14
19610203 0 0.16 0.373 -15.5
19610204 0 0.11 0.373 -21.4
19610205 0 0.1 0.373 -28
19610206 4.3 0 0.373 -9.1
19610207 19.4 0.28 0.373 -2.9
19610208 1.1 0.4 0.373 -10.1
19610209 0 0 0.373 -8.5
19610210 0.7 0.32 0.342 -7.5
19610211 0.1 0.33 0.342 -3.3
19610212 0 0.49 0.342 -8.3
19610213 0 0.2 0.342 -6.8
19610214 6.7 0.54 0.342 2.9
19610215 0.3 0.71 0.342 -2.4
19610216 0 0.92 0.342 2
19610217 0 1.07 0.342 4.7
19610218 0 0.69 0.342 3
19610219 0 0.72 0.342 2.4
19610220 0.1 1.07 0.342 5.2
19610221 0.1 1.03 0.342 -1.3
19610222 0 0.46 0.342 -10.3
19610223 0 0.5 0.342 -11.1
19610224 0 0.59 0.342 -8.6
19610225 1.3 0.4 0.342 -0.9
19610226 0.6 0.82 0.342 1.8
19610227 1.4 1.58 0.342 2.5
19610228 0 1 0.342 0.7
19610301 0 0.56 0.342 0.2
19610302 0 0.31 0.342 -5
19610303 1.4 0.49 0.342 -3.2
19610304 0 0.81 0.342 0.9
19610305 0 0.79 0.342 2.8
19610306 0 1.15 0.342 3.9
19610307 0 0.8 0.342 1.3
19610308 0 0.7 0.342 3.8
19610309 0 0.91 0.342 5.5
19610310 0.2 2.21 0.342 6.2
19610311 0.4 1.7 0.342 -1.2
19610312 0.2 0.39 0.342 -1.8
19610313 0.1 0.7 0.342 -4.2
19610314 0 0.66 0.312 -1.3
19610315 2.7 0.71 0.312 -4.5
19610316 1.2 0.37 0.312 1.3
19610317 0.1 1.12 0.312 3.7
19610318 2.4 0.84 0.312 -5.3
19610319 0.2 0.48 0.312 -6.6
19610320 0.7 0.44 0.312 -5.8
19610321 0.1 0.47 0.312 -7
19610322 3.8 0.43 0.312 0
19610323 0.2 0.47 0.312 -1.2
19610324 2.4 0.54 0.312 -4.3
19610325 0.5 1.02 0.312 0.7
19610326 0.3 1.5 0.312 0.3
19610327 3.3 0.58 0.284 -4.9
19610328 6.2 0.77 0.284 -5.6
19610329 0.1 0.34 0.284 -7
19610330 1.8 0.38 0.284 -11.2
19610331 0 0.47 0.284 -5.9
19610401 0.1 0.55 0.284 -7.9
19610402 0 0.72 0.284 -8.7
19610403 0 0.48 0.284 -10.7
19610404 0 0.25 0.284 -9.1
19610405 0 0.37 0.284 -10.6
19610406 1.9 0.58 0.284 -2.6
19610407 0.1 0.54 0.284 -7.7
19610408 0 0.36 0.284 -6.2
19610409 1.1 0.62 0.284 -3.9
19610410 0.1 0.88 0.284 -2.1
19610411 0 0.58 0.284 -2.3
19610412 0 0.25 0.312 -8.8
19610413 3.4 1.02 0.312 2.2
19610414 0.1 1.16 0.342 4.7
19610415 0.9 1 0.342 2.8
19610416 0 0.72 0.373 1.4
19610417 0 1.36 0.373 3.5
19610418 0 1.66 0.373 0.6
19610419 0 0.74 0.373 -1.9
19610420 0 0.8 0.373 -2.9
19610421 0 0.98 0.405 1.4
19610422 0 0.51 0.513 2.1
19610423 0 1.09 0.637 3
19610424 0 1.75 0.877 7
19610425 0 1.9 1.164 6.3
19610426 0 0.71 1.571 7.5
19610427 0 0.79 2.511 3.8
19610428 0 0.97 3.476 2.5
19610429 0 0.78 3.839 1.8
19610430 0 1.09 4.356 2.3
19610501 0 0.93 4.491 3.6
19610502 0 1.63 5.204 5
19610503 0 1.64 6.141 5.9
19610504 1.2 0.66 7.719 4.8
19610505 2.1 0.87 9.511 5.4
19610506 6.2 0.45 12.004 3.8
19610507 1.9 0.55 12.247 5.9
19610508 9 0.79 13.25 4.6
19610509 0.1 1.03 11.763 3.1
19610510 0 0.97 9.511 2.5
19610511 0 1.02 7.907 3.1
19610512 0 0.66 6.643 3.6
19610513 1.6 1.26 7.169 3.6
19610514 0 1.1 6.991 3.4
19610515 0 0.91 6.306 3.9
19610516 0 1.33 6.141 5.1
19610517 0 1 5.818 4
19610518 0 0.88 6.991 5.6
19610519 1.8 1.07 8.292 3.7
19610520 0.1 1.13 7.533 3.5
19610521 0 1.66 6.643 6
19610522 0 0.91 6.141 6.5
19610523 0 0.92 5.818 6.3
19610524 0.9 3.64 5.661 7.4
19610525 1.4 1.46 5.353 3.1
19610526 0 0.84 5.204 2.2
19610527 12.6 0.65 4.911 1.1
19610528 0 1.03 4.629 3.9
19610529 0.8 1.35 4.911 5.3
19610530 1.7 1.32 5.204 9.8
19610531 0.1 1.77 6.473 14.5
19610601 0.7 5.05 12.743 16.8
19610602 5.8 4.08 19.223 13.2
19610603 0.1 4.98 14.032 15.6
19610604 0 2.27 12.004 17
19610605 0 3.48 12.494 15.1
19610606 0 3.36 10.602 15.7
19610607 0 3.43 10.378 16.6
19610608 0.9 0.79 9.724 12.3
19610609 6.7 2.98 7.907 14.3
19610610 0.1 2.64 6.141 12.3
19610611 0 1.57 5.056 9.6
19610612 0 1.2 4.911 10.6
19610613 0 1.24 4.223 8.6
19610614 5.4 1.71 3.965 6.6
19610615 0 1.65 3.965 9
19610616 0 1.65 3.839 12.2
19610617 0 3.72 3.595 14.4
19610618 5.6 3.61 3.716 10.3
19610619 0.1 2.57 3.716 7.7
19610620 0 2.57 3.595 8.1
19610621 0.2 3.04 3.839 7.9
19610622 0 2.21 3.839 9.5
19610623 0 2.07 4.223 9
19610624 3.6 1.66 4.491 7.7
19610625 1.7 1.83 4.093 7.1
19610626 2.4 1.92 3.839 7.4
19610627 4.5 0.73 3.595 8
19610628 11.6 1.99 3.476 7.4
19610629 0 2.22 3.595 9.9
19610630 0.2 1.45 3.716 12.3
19610701 0 1.84 4.223 14.2
19610702 0.1 1.26 4.356 12.4
19610703 29.4 1.28 4.491 7
19610704 1.1 0.95 4.223 7.8
19610705 4.5 1.41 3.716 7.4
19610706 0.1 1.14 3.595 7.4
19610707 0.6 1.49 3.476 9.5
19610708 4.1 1.07 3.246 11
19610709 3.2 1.33 3.246 12
19610710 0.4 0.9 3.134 10.6
19610711 3.1 0.7 3.024 11.2
19610712 8.1 1.18 3.024 11.3
19610713 6.3 1.66 3.024 12.5
19610714 0.1 2.54 2.917 14.2
19610715 4.3 1.28 3.134 14
19610716 2.2 1.26 3.246 11.7
19610717 0 0.98 3.36 10.4
19610718 5.1 0.74 3.36 11.9
19610719 6.6 0.59 3.595 15.5
19610720 0.3 1.16 3.716 13.8
19610721 0.1 1.38 3.595 10.6
19610722 0 1.47 3.476 8.2
19610723 0 1.59 3.36 8.9
19610724 0.1 1.26 3.595 8.4
19610725 2.5 1.42 3.595 8.8
19610726 1.2 0.76 3.716 9.2
19610727 1.7 0.86 3.476 11.3
19610728 9.1 0.82 3.36 11.2
19610729 2.1 1.63 3.024 10.1
19610730 0.2 1.79 3.024 12.6
19610731 0 1.56 3.134 13.6
19610801 0 0.69 3.839 11.4
19610802 23.4 0.73 4.629 10.3
19610803 16.8 0.72 6.816 8.7
19610804 8.7 0.83 8.889 6.4
19610805 9.8 1.2 11.058 9.6
19610806 0 0.98 7.907 9.1
19610807 1.5 1.33 6.991 7.1
19610808 0.6 1.3 5.661 9.4
19610809 0 1.16 4.769 10.6
19610810 5 1.16 4.769 11
19610811 0.6 0.87 4.629 10.1
19610812 1.7 1.22 4.629 8.1
19610813 0.8 0.97 4.491 6.2
19610814 0.5 0.53 4.223 8.2
19610815 1.3 0.83 3.839 9.2
19610816 1.2 1.22 3.839 9.7
19610817 0.5 1.5 3.716 7.5
19610818 1 0.92 3.595 10.3
19610819 0 1.64 3.595 7.8
19610820 0 1.45 3.476 7.3
19610821 0 1.11 3.36 8.2
19610822 0 0.82 3.246 5.7
19610823 0 1.12 3.024 7.6
19610824 0 1.26 2.812 7
19610825 11.9 1.17 2.812 7.8
19610826 0 1.6 2.709 8.8
19610827 0.1 1.5 2.709 10.1
19610828 4.4 1.69 2.415 8.4
19610829 1.3 1.48 2.321 12
19610830 0 3.89 2.229 13.3
19610831 0 0.57 1.967 12
19610901 0 2.81 1.967 9.4
19610902 0 0.7 1.802 8
19610903 0.3 1.47 1.646 6.2
19610904 0 0.74 1.498 5.3
19610905 0.1 1.01 1.359 8.2
19610906 0.2 1.95 1.359 7.3
19610907 2.3 0.66 1.427 9.4
19610908 0.1 1.94 1.427 6.3
19610909 0 1.4 1.427 7
19610910 0 0.66 1.498 7.9
19610911 0 0.46 1.571 8.4
19610912 2.5 0.74 1.571 8.3
19610913 3.6 1.22 1.723 7.5
19610914 2.8 0.51 2.052 7.2
19610915 21.4 0.88 2.052 7.9
19610916 2.4 0.84 2.321 7.6
19610917 0 4.31 2.415 13.8
19610918 0 1.99 2.415 7.6
19610919 1.1 0.89 2.415 8.3
19610920 0 2.04 2.321 11.3
19610921 0 2.5 1.883 11.1
19610922 0 1.05 1.646 9.3
19610923 0 0.97 1.498 8.1
19610924 0 0.93 1.359 9.8
19610925 8.3 0.97 1.359 5.1
19610926 0.6 0.79 1.427 5.1
19610927 0 1.34 1.427 6
19610928 0.5 1.14 1.646 8.7
19610929 5.5 0.89 1.723 10.1
19610930 7.1 1.1 2.321 4.9
19611001 0 0.63 2.229 9.9
19611002 0 1.05 2.052 10
19611003 0 0.49 1.967 5
19611004 0 1.26 1.802 8.2
19611005 0 0.72 1.802 6.2
19611006 0 0.88 1.723 9.2
19611007 0.3 1.07 1.723 9.9
19611008 0.2 1.42 1.646 6.7
19611009 2.3 0.87 1.646 6.6
19611010 6.2 0.93 1.571 9.8
19611011 0.1 0.66 1.498 8.3
19611012 4.3 2.37 1.498 6
19611013 0 1.07 1.427 6.7
19611014 0.5 0.85 1.427 7.9
19611015 2.1 0.96 1.498 4.2
19611016 0.2 0.4 1.802 1.3
19611017 0 0.78 2.052 0.8
19611018 0.6 0.35 2.321 -3.2
19611019 0.1 0.34 2.917 2.2
19611020 4.1 0.04 3.024 8.1
19611021 0.3 0.55 3.134 7.9
19611022 0.2 0.7 3.595 7.4
19611023 1.9 0.96 3.476 5.9
19611024 0.1 0.87 3.476 5.1
19611025 1.5 0.97 3.595 3.7
19611026 5.2 0.95 4.093 4.2
19611027 1.3 0.27 4.491 2.3
19611028 8.7 0.72 4.911 4.7
19611029 6.2 0.81 5.204 2.7
19611030 0 0.85 4.911 0.5
19611031 1.7 0.24 4.356 0.6
19611101 1.2 0.39 3.965 -1.6
19611102 1.8 0.31 3.595 -0.1
19611103 7.7 0.6 3.246 -0.6
19611104 0.2 0.76 2.917 -0.8
19611105 0 0.72 2.609 -2.8
19611106 0 0.3 2.709 -1.7
19611107 0 0.81 2.812 0.4
19611108 0.9 0.09 2.917 2.3
19611109 5.7 0.49 3.024 2.8
19611110 1.1 0.24 3.246 2.9
19611111 0.1 0.71 3.476 2
19611112 0 0.75 3.716 -0.2
19611113 0.1 0.47 3.476 -0.7
19611114 0 0.58 3.134 0.5
19611115 0.3 0.66 2.917 2.5
19611116 0 0.75 2.709 -1
19611117 1.9 0.39 2.609 -4.3
19611118 2.5 0.38 2.415 -2
19611119 0.1 0.17 2.229 -3.1
19611120 0.5 0.58 2.052 1.5
19611121 0 1.03 1.883 4.9
19611122 0 0.87 1.883 -8.3
19611123 0 0.92 1.802 -3.8
19611124 0.4 0.46 1.802 -5.4
19611125 1.3 0.62 1.723 -2.7
19611126 0 0.37 1.646 -11
19611127 0 0.14 1.571 -14
19611128 0 0.13 1.498 -15.9
19611129 0.3 0.09 1.359 -4.8
19611130 6.6 0.29 1.292 -5.2
19611201 0.9 0.28 1.292 -5.9
19611202 0.1 0.52 1.227 -12.8
19611203 0 0.17 1.227 -9.9
19611204 2 0.21 1.164 -16.9
19611205 0 0.23 1.164 -10.4
19611206 11.8 0.29 1.164 -4
19611207 3.3 0.41 1.164 -9.7
19611208 2.7 0.21 1.164 -11.3
19611209 0 0.38 1.102 -25.4
19611210 0 0.08 1.102 -28.9
19611211 0.7 0 1.102 -9.3
19611212 0.7 0.39 1.043 -9.7
19611213 0 0.35 1.043 -9.6
19611214 0.3 0.43 1.043 -17.6
19611215 0 0.18 0.986 -17.7
19611216 0 0.09 0.986 -4
19611217 0.3 0.34 0.986 -5.1
19611218 0 0.27 0.931 1.4
19611219 0 0.61 0.931 1.7
19611220 0.1 1.01 0.877 -2
19611221 0.6 0.48 0.877 -5.9
19611222 0.1 0.62 0.825 -30.8
19611223 1 0.31 0.825 -19.3
19611224 0.8 0.46 0.776 -4.6
19611225 0 0.29 0.776 -9.8
19611226 1.1 0.28 0.727 -16.9
19611227 0 0.15 0.727 -8
19611228 0 0.6 0.681 -10.7
19611229 5.9 0.34 0.681 -8.9
19611230 0.6 0.2 0.681 -16.3
19611231 2.6 0.04 0.637 -8.1
19620101 1.9 0.25 0.637 -15
19620102 0 0 0.637 -2.4
19620103 0.1 0.7 0.637 0.9
19620104 0 0.44 0.637 -1
19620105 0 0.57 0.637 -0.2
19620106 1.5 0.18 0.637 -3.2
19620107 0.1 0.36 0.594 -7.7
19620108 0 0.49 0.594 -4
19620109 0 0.62 0.594 0
19620110 1.4 0.99 0.594 -0.6
19620111 4 0.47 0.594 -2.4
19620112 1.2 0.28 0.594 -3.1
19620113 0 0.2 0.553 -9.1
19620114 0 0.14 0.553 -11.1
19620115 0 0.21 0.553 -8.4
19620116 0.1 0.18 0.553 -7.6
19620117 4.1 0.55 0.553 -8.1
19620118 2.8 0 0.553 -0.3
19620119 0.1 0.64 0.513 -7.5
19620120 0 0.26 0.513 -12.2
19620121 1.4 0.15 0.513 -16.4
19620122 7.7 0 0.513 -5.5
19620123 1.2 0.76 0.513 -7.9
19620124 0.7 0.22 0.513 -7.3
19620125 0.1 0.12 0.513 -10.9
19620126 0 0.25 0.476 -12.5
19620127 1.9 0.36 0.476 -9.9
19620128 0.1 0.35 0.476 -32.1
19620129 0 0.09 0.44 -19.1
19620130 0 0.24 0.44 -10.4
19620131 1.4 0.65 0.44 -2.8
19620201 1.3 0.37 0.44 -3.2
19620202 0 0.24 0.44 -8
19620203 0.6 0.26 0.405 -8.1
19620204 5.6 0.37 0.405 -5.6
19620205 0 0.22 0.405 -14.2
19620206 0 0.21 0.405 -15
19620207 2.9 0 0.405 0.7
19620208 1.6 0.82 0.405 -3.3
19620209 0.3 0.43 0.405 -4.6
19620210 0.8 0.66 0.405 -0.1
19620211 0.1 0.61 0.405 -8.3
19620212 4.5 0.16 0.373 -8.9
19620213 0.6 0.28 0.373 -7.3
19620214 0 0.37 0.373 -11.2
19620215 0 0.15 0.373 -8.1
19620216 5.4 0.36 0.373 -4.2
19620217 2.6 0.33 0.373 -6.1
19620218 1.2 0.38 0.373 -6.8
19620219 2.6 0.42 0.373 -0.1
19620220 0 0.59 0.373 -2.9
19620221 1.6 0.48 0.342 -10.9
19620222 0 0.4 0.342 -16.2
19620223 0 0.24 0.342 -6.2
19620224 0 0.56 0.342 -3.8
19620225 0 0.32 0.342 -12.2
19620226 0 0.25 0.342 -12.5
19620227 0 0.28 0.342 -10.2
19620228 0 0 0.342 -6.1
19620301 0.8 0.43 0.342 -5.5
19620302 0.9 0.42 0.342 -13.7
19620303 0.1 0.31 0.342 -14.9
19620304 0.4 0.15 0.312 -19
19620305 0 0.14 0.312 -19.2
19620306 0 0.13 0.312 -21.7
19620307 0 0.15 0.312 -19.4
19620308 0 0.33 0.312 -9.1
19620309 0 0.23 0.312 -12.8
19620310 1.7 0.33 0.312 -11
19620311 0.1 0.18 0.312 -16.9
19620312 0 0.31 0.312 -24.4
19620313 0.1 0.33 0.312 -18.1
19620314 0 0.21 0.312 -10.6
19620315 0 0.47 0.312 -8.4
19620316 0 0.45 0.312 -5.6
19620317 0.3 0.46 0.312 -6
19620318 0 0.45 0.312 -4.9
19620319 1.3 0.58 0.312 -5.9
19620320 0.8 0.32 0.284 -5.5
19620321 0.3 0.58 0.284 -5.5
19620322 0.5 0.47 0.284 -6.7
19620323 0.3 0.4 0.284 -6.9
19620324 0 0.6 0.284 -3.9
19620325 0 0.31 0.284 -9.2
19620326 0 0.2 0.284 -9.5
19620327 1.8 0.31 0.284 -6.6
19620328 1.2 0.45 0.284 -5.2
19620329 0.7 0.82 0.284 -5.4
19620330 0 0.47 0.284 -6
19620331 5.5 0.25 0.284 -4.8
19620401 31.4 1.05 0.284 -2.8
19620402 0.2 0.74 0.284 -2
19620403 0 0.23 0.284 -8.1
19620404 6.1 0.56 0.284 -4.2
19620405 0 0.26 0.284 -8.5
19620406 0 0.19 0.284 -12
19620407 1.8 0.41 0.257 -2.4
19620408 0 0.33 0.257 -5.3
19620409 0 0.33 0.257 -5.4
19620410 0.1 0.91 0.257 -0.9
19620411 1.4 0.59 0.257 -1.3
19620412 1.7 0.81 0.284 -0.2
19620413 0.5 0.51 0.284 -2.5
19620414 0.1 0.48 0.284 -2.6
19620415 0 0.65 0.312 0.8
19620416 0 0.4 0.312 -1.3
19620417 0 0.6 0.312 -0.7
19620418 0 0.69 0.312 1.2
19620419 0 0.97 0.373 0.8
19620420 0 0.43 0.373 2
19620421 0 0.41 0.405 1.6
19620422 1.7 0.7 0.405 3.5
19620423 4.3 0.97 0.44 4.1
19620424 0 0.92 0.553 2.2
19620425 0.6 0.73 0.637 4.9
19620426 0.1 0.73 0.727 2.7
19620427 5.7 0.87 0.931 1.9
19620428 0.8 0.88 1.164 0.5
19620429 0.1 0.73 1.227 -2
19620430 0 0.89 1.227 -1.5
19620501 0 0.93 1.164 -0.9
19620502 0.2 0.59 1.102 -0.8
19620503 0.2 1.15 0.931 -0.8
19620504 0 0.56 0.877 0.4
19620505 0 0.91 0.877 -0.4
19620506 0 0.42 0.825 1.2
19620507 0 0.93 0.825 1
19620508 0.1 0.81 0.931 3.3
19620509 4 0.52 1.102 3
19620510 8.5 0.52 1.498 3
19620511 1.6 0.8 1.967 5.3
19620512 0 1.05 2.321 1.7
19620513 0 0.89 2.321 1.1
19620514 0 1.25 2.709 3.7
19620515 0 1.35 3.246 4.6
19620516 2.6 0.75 4.093 4.1
19620517 0.4 1.81 6.141 4.8
19620518 0.3 1.71 7.719 4.6
19620519 0 1.53 9.094 5.8
19620520 1.1 1.04 9.511 4.6
19620521 1.7 1.91 10.829 6.6
19620522 0 0.81 11.29 4.7
19620523 3.2 0.7 13.508 5.4
19620524 8.3 0.69 16.201 4.9
19620525 2.1 1.21 15.676 2.5
19620526 0.1 1.23 12.995 2.5
19620527 0 1.65 10.157 5.7
19620528 0 2.01 9.511 6.3
19620529 1.6 0.94 10.602 1.5
19620530 0.7 1.27 8.687 1.1
19620531 0 1.29 7.169 1.3
19620601 0.2 1.01 5.661 1
19620602 0.1 1.61 4.491 1.9
19620603 0 1.19 3.839 3.9
19620604 0.2 0.89 3.476 4.7
19620605 0 2.15 4.223 8.2
19620606 0 2.44 6.991 10.1
19620607 0 1.53 10.829 10.9
19620608 0.2 2.37 17.536 8.4
19620609 0 1.64 15.676 5.4
19620610 2.5 1 11.763 3.8
19620611 0.8 1.65 8.687 3.7
19620612 0.3 1.71 6.643 4.7
19620613 0 1.66 5.506 7.8
19620614 1.6 1.24 5.818 8.8
19620615 1.3 1.6 8.488 10.1
19620616 0.9 1.37 7.533 7.9
19620617 1.3 2.62 7.907 9.5
19620618 0.1 1.35 8.098 10.1
19620619 0 1.38 8.488 10.3
19620620 7.5 2.57 10.829 11.4
19620621 1.9 1.37 9.301 9.8
19620622 0.8 3.99 8.098 12.1
19620623 0.9 1.31 6.816 10.8
19620624 0 1.94 5.506 8.1
19620625 0.5 1.59 4.911 7.1
19620626 0.9 1.1 4.629 6
19620627 0.2 1.08 4.093 4.5
19620628 3.5 0.37 3.839 3.3
19620629 2.3 1.23 3.595 4.6
19620630 0 1.92 3.134 5.9
19620701 0.1 2.48 3.36 11.3
19620702 0 2.62 4.093 5
19620703 12.7 0.4 4.911 7
19620704 8.3 1.19 5.506 8.8
19620705 3.2 1.09 6.141 11.1
19620706 3.6 0.83 6.141 9.4
19620707 8.1 1.07 5.978 9.4
19620708 0 1.07 5.661 9.3
19620709 0 1.53 5.506 11.7
19620710 0 2.07 4.911 13.1
19620711 0 2.07 4.911 14.6
19620712 0.8 1.75 4.911 10.6
19620713 7.5 0.88 4.629 9.6
19620714 2.2 0.58 4.491 9.2
19620715 1.6 1.27 4.223 9.8
19620716 0 1.5 3.965 6.7
19620717 0 1.72 3.839 7.8
19620718 0 1.4 3.595 8.5
19620719 2.5 2.66 3.36 12.1
19620720 0 1 3.024 10.6
19620721 4.5 1.53 3.024 11.5
19620722 11.3 1.24 3.36 11.2
19620723 1.1 0.61 3.36 7.3
19620724 8.8 1.78 3.246 5.8
19620725 0 1.51 3.246 8.2
19620726 1.3 1.19 3.024 6.9
19620727 0.8 1.32 2.709 7
19620728 0.3 1.11 2.511 7.8
19620729 0 1.51 2.415 9.8
19620730 0 0.54 2.139 10.1
19620731 0 1.46 2.229 8.8
19620801 0.1 1.17 2.229 12.8
19620802 9.1 1.12 2.229 10.3
19620803 0.4 0.93 2.321 10.4
19620804 0.6 1.26 2.415 9.5
19620805 14.1 0.65 2.321 7.9
19620806 4.3 0.92 2.229 8.8
19620807 0 0.94 2.415 10.5
19620808 0.2 1.26 2.609 10.2
19620809 7.7 1.2 2.511 7.8
19620810 0.4 0.7 2.609 6.4
19620811 13.9 0.73 2.709 9.5
19620812 2.6 3.01 2.812 11.2
19620813 0.8 1.72 2.812 8.8
19620814 0 1.73 2.917 6.1
19620815 0 1.66 2.511 6.1
19620816 0 1.12 2.229 6.7
19620817 0.6 1.29 2.052 8.3
19620818 2.6 1.45 1.967 9.8
19620819 0 1.28 1.967 11.5
19620820 0 1.09 1.802 13.1
19620821 0 1.51 1.723 10.3
19620822 3.8 1.47 1.646 12.5
19620823 1.2 0.82 1.723 8.7
19620824 2.1 0.94 1.723 8.8
19620825 6.9 0.73 1.883 8.8
19620826 3.2 1.1 1.883 8.9
19620827 0.6 0.59 2.415 6.7
19620828 6.4 0.82 2.812 8.1
19620829 1.6 0.75 2.917 7.6
19620830 0.5 0.84 3.024 6.2
19620831 1 1.29 3.246 7.6
19620901 0.2 0.7 3.595 6
19620902 4.7 0.6 3.246 6.4
19620903 0.6 0.48 3.246 6.2
19620904 5.4 0.51 3.134 9.2
19620905 3.6 0.69 2.917 9.6
19620906 2.4 0.81 2.709 8.1
19620907 8.5 0.8 3.839 6.7
19620908 0.2 1.25 3.716 6.4
19620909 0 1.48 3.246 5
19620910 1.5 0.97 3.595 6.5
19620911 2.9 1.67 3.716 6.2
19620912 0 0.84 3.839 3.2
19620913 0.2 1 3.839 4.4
19620914 0.1 0.91 3.839 3.6
19620915 0 1.28 3.839 2.5
19620916 0.1 1.27 3.595 6.6
19620917 4.9 0.69 3.36 3.7
19620918 4.7 0.66 3.36 4.8
19620919 1.8 1.01 3.024 5.7
19620920 0 0.59 2.812 3.7
19620921 0 0.8 2.709 5.1
19620922 0.4 0.62 2.709 5.3
19620923 2.5 1.26 2.609 5.3
19620924 0.5 1.05 2.511 7.2
19620925 0.2 1.17 2.415 3
19620926 0.2 1.48 2.415 7.8
19620927 0 1.76 2.321 7.4
19620928 0 1.92 2.321 6.4
19620929 0 1.42 2.321 5.2
19620930 0 1.4 2.139 7
19621001 7.3 1.58 1.967 9.1
19621002 0.3 1.85 1.802 11.6
19621003 2.4 1.12 1.723 6.2
19621004 0 0.59 1.646 3.3
19621005 0.3 0.4 1.646 2.6
19621006 0.2 0.52 1.498 3.8
19621007 0 0.6 1.427 6.7
19621008 0 0.48 1.292 3.6
19621009 0 1.29 1.292 4.6
19621010 1.1 0.47 1.227 2.9
19621011 0.1 0.72 1.227 2.5
19621012 0.3 0.68 1.227 0.9
19621013 0 0.57 1.164 2.2
19621014 0.5 0.77 1.164 -1.8
19621015 0.1 0.77 1.164 -2.1
19621016 0.6 0.17 1.164 1.2
19621017 0.1 0.62 1.164 4.9
19621018 9.7 0.53 1.102 2.1
19621019 0 0.59 1.102 1.1
19621020 0.2 0.51 1.102 5
19621021 0 0.94 1.102 6.6
19621022 0 0.88 1.102 6
19621023 0 0.72 1.043 2
19621024 0 0.8 1.043 1.2
19621025 0 0.78 1.043 6.1
19621026 1.1 0.91 0.986 -3.3
19621027 0.2 0.75 0.986 -2.5
19621028 4.5 0.4 0.986 0.6
19621029 11.4 0.47 0.986 -3.6
19621030 1.1 0 0.986 -1
19621031 5.2 1.49 0.931 2.2
19621101 0.9 0.78 0.877 -0.4
19621102 0 0.26 0.877 -0.8
19621103 0 0.56 0.877 0.1
19621104 0.6 0.46 0.877 2.7
19621105 8.1 0.34 0.931 2.7
19621106 0.2 0.4 0.986 2.6
19621107 0 0.67 1.043 -0.2
19621108 0 0.36 1.043 0.9
19621109 0 0.6 1.043 -2.1
19621110 0 0.31 1.043 -3.5
19621111 0 0.35 1.043 -0.7
19621112 0 0.48 0.986 -7.3
19621113 0.1 0.42 0.986 -5.3
19621114 0 0.29 0.986 -1.6
19621115 11.1 0.69 0.986 -3.1
19621116 9.9 0.59 0.986 -8.8
19621117 0 0.33 0.986 -7.4
19621118 0 0.14 0.986 -13.1
19621119 5.1 0.22 0.986 -9
19621120 0.2 0.21 0.986 -14.2
19621121 1.8 0.14 0.931 -10.4
19621122 0 0.33 0.931 -20.4
19621123 0 0.09 0.931 -25.9
19621124 0 0.05 0.931 -14.7
19621125 0 0.06 0.931 -8
19621126 0.1 0.4 0.931 -1.1
19621127 0 0.63 0.931 -1.6
19621128 0 0.39 0.931 -3.5
19621129 2.1 0.46 0.931 -12
19621130 0 0.06 0.931 -13.6
19621201 0.1 0.45 0.931 -6.4
19621202 0 0.39 0.877 -0.1
19621203 0 0.55 0.877 2.1
19621204 0.8 0.47 0.877 2.2
19621205 0.4 0.55 0.825 3.5
19621206 0 1.09 0.825 1.7
19621207 0 0.55 0.825 -2.6
19621208 0 0.34 0.825 -1.6
19621209 0.3 0.73 0.825 -0.9
19621210 5.4 0.54 0.825 -4.1
19621211 1.1 0.43 0.825 -13.1
19621212 2.9 0.03 0.825 -8.4
19621213 17.8 0.32 0.825 -14.4
19621214 0 0.16 0.825 -24.7
19621215 3.5 0.25 0.825 -11.1
19621216 5.5 0.36 0.776 -11.5
19621217 0.2 0.08 0.776 -13.8
19621218 0 0.18 0.727 -16.8
19621219 0.1 0.15 0.727 -17.3
19621220 0.3 0.21 0.727 -15.5
19621221 2.2 0.32 0.727 -6.8
19621222 1.1 0.25 0.727 -8.5
19621223 0 0.49 0.681 -18.8
19621224 0 0.05 0.681 -14.9
19621225 0.1 0.46 0.637 -9.6
19621226 0 0.22 0.637 -9.6
19621227 0.2 0.26 0.594 -8
19621228 0 0.27 0.553 -14.1
19621229 1.4 0.14 0.553 -21.7
19621230 0 0.15 0.513 -31.6
19621231 0 0.27 0.513 -15.7
19630101 0 0.35 0.44 -9.8
19630102 0.8 0.02 0.44 -4
19630103 0.2 0.39 0.44 -13.1
19630104 0 0.19 0.44 -27.3
19630105 0.4 0.09 0.44 -20.6
19630106 1.4 0.18 0.44 -14.7
19630107 0.4 0.08 0.44 -8.8
19630108 0 0.14 0.405 -7.7
19630109 0 0.42 0.405 -7.3
19630110 0.2 0.3 0.405 -9.5
19630111 0.1 0.24 0.405 -9.7
19630112 0.8 0.22 0.405 -4.7
19630113 3.5 0.37 0.405 -8
19630114 2.4 0.31 0.373 -20.8
19630115 0 0.12 0.373 -25.1
19630116 0 0.06 0.373 -34.5
19630117 0.8 0.03 0.342 -19.3
19630118 1.9 0 0.342 -1
19630119 0.2 0.49 0.342 -3.6
19630120 0 0.39 0.312 -6.6
19630121 0 0.28 0.312 -6.7
19630122 0 0.55 0.312 -2.4
19630123 0 0.93 0.284 -2.5
19630124 0.8 0.42 0.284 -4
19630125 0 0.43 0.284 -3
19630126 0.1 0.42 0.284 -5.2
19630127 0 0.22 0.284 1.7
19630128 0 0.47 0.284 0.4
19630129 0 0.49 0.284 -8
19630130 0.2 0.22 0.284 -5.6
19630131 0 0.31 0.284 -9.7
19630201 0.1 0.17 0.284 -27.6
19630202 0 0.07 0.284 -27.7
19630203 0.8 0.15 0.284 -13.8
19630204 1.8 0.21 0.284 -15.4
19630205 0.2 0.11 0.284 -13.8
19630206 0 0.22 0.257 -15.5
19630207 0 0.07 0.257 -30.2
19630208 0 0.08 0.257 -31.8
19630209 0 0.06 0.257 -29.5
19630210 0 0.12 0.257 -26.9
19630211 0 0.06 0.257 -15.2
19630212 0.3 0.2 0.257 -10
19630213 2.4 0.32 0.257 -9.8
19630214 0 0.27 0.257 -25.4
19630215 0 0.19 0.257 -26.7
19630216 0 0.12 0.257 -15.8
19630217 1.5 0.23 0.257 -14
19630218 0.1 0.24 0.257 -18.3
19630219 0 0.09 0.257 -19.9
19630220 0 0.25 0.257 -10
19630221 0.3 0.35 0.257 -6.2
19630222 0.1 0.53 0.232 -6.5
19630223 0 0.4 0.232 -6.4
19630224 0 0.36 0.232 -9.1
19630225 3.1 0.32 0.232 -1.3
19630226 0.2 0.34 0.232 -5.8
19630227 0 0.2 0.232 -12.8
19630228 0 0.17 0.232 -18
19630301 0 0.15 0.232 -19.9
19630302 0 0.31 0.232 -15
19630303 0 0.65 0.232 -3.8
19630304 0 0.3 0.232 -13.6
19630305 0 0.14 0.232 -20.8
19630306 4.4 0.11 0.209 -4.8
19630307 0.3 0.97 0.209 1.7
19630308 0.1 0.77 0.209 -5
19630309 0 0.64 0.209 -9.9
19630310 0 0.46 0.209 -11.9
19630311 0 0.22 0.209 -14
19630312 0.2 0.4 0.209 -7.2
19630313 0 0.4 0.209 -18
19630314 0 0.38 0.209 -22.6
19630315 0 0.16 0.209 -10.7
19630316 0.1 0.54 0.209 -8.6
19630317 0.1 0.65 0.209 -5
19630318 0 0.59 0.209 -5.5
19630319 0 0.45 0.209 -10.9
19630320 0 0.34 0.209 -11.8
19630321 0 0.15 0.209 -9.7
19630322 0.2 0.53 0.209 -5.9
19630323 0.9 0.26 0.209 -4.9
19630324 4.7 0.22 0.209 2.2
19630325 14.5 0.54 0.209 -4.4
19630326 7.5 0.34 0.209 -8.2
19630327 0.1 0.42 0.209 -5.4
19630328 0 0.74 0.232 -3.4
19630329 0 0.75 0.232 -2
19630330 0.5 0.79 0.232 -3.2
19630331 0 0.37 0.232 -3.9
19630401 0 0.46 0.232 -10.7
19630402 0 0.82 0.232 -1.3
19630403 0 1.56 0.232 -0.7
19630404 0 0.71 0.232 -0.6
19630405 0.2 0.72 0.232 -2.4
19630406 0 0.36 0.232 -6.1
19630407 0 0.72 0.232 -0.8
19630408 0 0.63 0.257 -2.5
19630409 0 0.5 0.257 -2.5
19630410 0 0.3 0.257 -2.6
19630411 0.3 0.42 0.257 0.6
19630412 3 0.52 0.257 1.7
19630413 5.3 0.99 0.284 2.8
19630414 0 1.24 0.284 -0.5
19630415 0.2 0.64 0.284 0.2
19630416 7.8 0.76 0.284 -0.3
19630417 0 0.76 0.284 -1
19630418 0 1.24 0.284 1.9
19630419 0 0.58 0.284 0.7
19630420 1.6 0.62 0.312 3.6
19630421 0 0.64 0.312 1.5
19630422 0 0.76 0.312 1
19630423 0.1 0.76 0.342 2.5
19630424 0 0.61 0.342 3.2
19630425 0 0.48 0.342 4.5
19630426 0 0.55 0.373 5
19630427 0 0.75 0.513 3.8
19630428 0 0.53 0.727 2.5
19630429 0.2 0.75 0.986 4.3
19630430 1.3 0.5 1.571 4
19630501 0.9 0.84 1.883 3.3
19630502 0 1 2.511 3
19630503 2.5 0.84 3.024 2.3
19630504 1.7 1.08 4.356 5.3
19630505 0 2.05 4.911 6.2
19630506 7.9 0.91 9.094 4
19630507 1.8 1.98 11.29 4.3
19630508 0 1.77 10.157 6.2
19630509 0 2.73 13.508 9.1
19630510 0 1.27 18.651 8.5
19630511 1 0.78 22.244 7.3
19630512 0.1 1.09 23.527 6.7
19630513 0.9 0.99 18.088 5.9
19630514 1.3 1.57 16.463 8.3
19630515 0.5 1.62 14.841 7.5
19630516 0 1.9 11.763 7.9
19630517 0 1.54 9.724 5.1
19630518 8.3 1.53 7.907 5.1
19630519 1.4 0.51 6.141 3.9
19630520 7.9 0.71 6.141 3.8
19630521 1.4 1.12 5.506 4.4
19630522 6.1 1.44 6.306 6
19630523 0 2.45 6.816 6.9
19630524 0 2.62 6.306 10.9
19630525 0.7 2.1 6.473 11.8
19630526 12.1 2.03 8.292 13.5
19630527 4.9 1 9.094 13.1
19630528 3.1 3.53 9.939 16.5
19630529 0 2.26 7.533 9.9
19630530 0 1.59 6.306 11.2
19630531 0 2.23 5.661 14
19630601 0 0.86 5.056 13.8
19630602 0.1 1.98 4.093 12.4
19630603 0 2.82 3.476 7.4
19630604 0.4 1.24 2.812 9.8
19630605 0 1.67 2.511 12.3
19630606 0 2.37 2.229 12.3
19630607 0 0.96 2.052 12.3
19630608 0 1.02 1.883 13.8
19630609 0 2.14 1.646 14.4
19630610 0 2.39 1.498 11.2
19630611 0.2 2.61 1.292 9.7
19630612 1.2 2.28 1.292 6.4
19630613 0.1 1.53 1.164 4.4
19630614 0 1.65 1.164 6.6
19630615 0.7 1.45 1.292 6.4
19630616 0 1.76 1.292 10.4
19630617 0 1.94 1.359 9.2
19630618 0.5 1.47 1.802 10
19630619 0.7 1.58 2.052 12.3
19630620 3.5 0.65 2.812 10.8
19630621 6.8 1.22 3.36 11.3
19630622 0.2 0.53 4.223 10
19630623 32.5 1.02 4.491 9.6
19630624 22.8 1.39 4.491 10.5
19630625 9.3 2.47 4.911 11.5
19630626 0.1 2.4 4.223 12.7
19630627 6.9 0.66 6.473 9.1
19630628 22.9 0.99 12.494 13.6
19630629 0 1.39 9.939 14
19630630 0.1 2.5 9.301 13.1
19630701 0 1.7 7.719 12.8
19630702 0 2.15 5.661 12.2
19630703 0 2.82 3.965 13.2
19630704 0 2.38 2.917 14
19630705 0 1.84 2.511 14
19630706 3.6 1.84 2.052 11
19630707 0 1.09 2.321 8.6
19630708 21.9 1.29 3.024 7
19630709 7.6 1.14 3.476 8.7
19630710 1.5 0.94 3.965 7.3
19630711 13.4 0.48 4.629 5.7
19630712 9.6 0.81 5.661 7
19630713 7.8 0.78 6.306 7.5
19630714 1.1 1.32 5.506 9.9
19630715 0 2.19 4.223 11.7
19630716 0.4 0.99 3.965 11.2
19630717 11.7 1.78 4.629 9.5
19630718 1.8 0.71 4.223 7.1
19630719 3.1 1.29 4.911 8.7
19630720 7.9 0.83 4.356 8.6
19630721 2.3 1.29 4.223 8.4
19630722 0 2.14 3.965 12.2
19630723 0 1.72 3.839 11.5
19630724 0 2.77 3.595 13.6
19630725 7.4 1.25 3.024 13.2
19630726 0.1 2.18 2.812 7.5
19630727 0.4 1.9 2.511 7.5
19630728 0 1.4 2.321 10.5
19630729 0 1.4 2.052 13.6
19630730 0 1.71 1.883 14.7
19630731 0 2.66 1.723 16.8
19630801 0 1.78 1.571 17.1
19630802 4.9 1.56 1.723 14.3
19630803 9.3 0.74 2.052 13.9
19630804 2.2 1.58 2.415 15.5
19630805 0 1.35 2.709 15.9
19630806 1.3 1.54 2.609 14.5
19630807 0.9 1.4 2.229 15.8
19630808 0 1.37 2.052 14.6
19630809 2.1 1.27 2.229 13.4
19630810 11.2 1.22 2.511 12.9
19630811 0 0.57 2.709 9.1
19630812 5.3 1.22 2.917 11.9
19630813 0.2 0.77 2.812 10.9
19630814 9.6 0.71 2.709 12.2
19630815 3.9 1.2 2.511 11.3
19630816 0.7 1.17 2.609 10.8
19630817 1 0.59 2.812 10.9
19630818 0.2 1.04 2.812 12
19630819 0.5 0.99 2.709 10.2
19630820 6.3 0.62 2.917 11.6
19630821 0.5 1.06 2.709 10.7
19630822 0.5 1.04 2.511 10.6
19630823 1.6 1.08 2.812 9.7
19630824 2.3 1.48 2.812 8.9
19630825 0.1 0.84 2.609 8.7
19630826 2.7 1.07 2.609 9.9
19630827 5.9 0.93 2.812 9.1
19630828 1.3 0.61 2.917 8.9
19630829 6.3 0.72 3.024 7.9
19630830 6.1 0.86 3.024 9.1
19630831 1 0.58 3.134 7.9
19630901 5.3 1.12 2.917 9.9
19630902 16 1.07 3.024 10.4
19630903 2.4 0.61 3.024 10.7
19630904 1 1.35 2.709 11.1
19630905 5.6 0.91 2.511 8.6
19630906 0.3 0.51 2.511 7.6
19630907 0 0.68 2.415 6.6
19630908 1 1.33 2.415 6.4
19630909 1.4 1.85 2.321 11.2
19630910 6.3 1.83 2.511 7.7
19630911 0.9 1.3 2.511 5.7
19630912 0 1.15 2.511 5.3
19630913 0 0.77 2.415 3.6
19630914 0.1 3.06 2.415 8.3
19630915 0.4 0.72 2.229 4.7
19630916 1 2.11 2.229 9.4
19630917 0 2.64 2.321 10.7
19630918 0 2.78 2.229 4.2
19630919 0 0.66 2.052 4.3
19630920 0 1.41 2.052 3.5
19630921 0 1.08 2.052 5.2
19630922 0 1.17 2.052 7.3
19630923 0 0.47 1.967 7.1
19630924 0 1.24 1.967 6.9
19630925 3.2 0.72 1.967 8.6
19630926 5.1 1.07 2.139 3.7
19630927 7.3 0.76 2.709 4.3
19630928 0.2 0.99 3.024 3
19630929 0 0.78 3.024 3.2
19630930 0 0.59 3.246 3.1
19631001 0.8 0.45 3.134 2.7
19631002 4.5 0.44 3.134 2.3
19631003 0.1 0.58 3.024 2.8
19631004 0 0.46 3.024 2.1
19631005 6.3 0.39 3.134 1.4
19631006 4.3 0.4 2.917 2.3
19631007 0.2 0.48 3.024 2.9
19631008 0 0.53 2.812 1
19631009 2 1.44 2.709 5.3
19631010 0.3 1.47 2.709 4.1
19631011 0 0.34 2.812 1
19631012 7.4 0.85 2.709 1.4
19631013 3.4 0.29 2.709 0.1
19631014 2.7 0.53 2.709 0.8
19631015 0.7 0.49 2.609 -0.7
19631016 0.2 0.77 2.609 3.5
19631017 0.9 0.42 2.511 -0.8
19631018 0 0.39 2.415 -0.3
19631019 0 0.42 2.415 1.7
19631020 0 0.7 2.415 6.9
19631021 0 1.33 2.415 7.1
19631022 0.3 0.9 2.229 2.6
19631023 0 0.98 2.139 3.7
19631024 0 0.54 2.139 3.7
19631025 0.4 0.8 2.052 3.3
19631026 0 0.4 2.052 1.3
19631027 0 0.45 1.967 6.5
19631028 0 0.61 1.883 4.8
19631029 0.1 0.5 1.802 4
19631030 0 0.38 1.802 -1.2
19631031 0 0.37 1.723 -2.2
19631101 0 0.2 1.646 -5.5
19631102 0 0.1 1.646 -2
19631103 1.2 0.33 1.571 -0.9
19631104 0.6 0.35 1.571 -1
19631105 0 0.29 1.571 -3.8
19631106 0.1 0.25 1.571 -0.2
19631107 5.6 0.33 1.571 1.4
19631108 3.3 0.2 1.498 1.2
19631109 8.2 0.46 1.498 -1.2
19631110 0.4 0.42 1.427 -2.9
19631111 0 0.34 1.427 -8
19631112 1.4 0.31 1.427 -2.3
19631113 3.1 0.34 1.427 -2.1
19631114 3.5 0.32 1.427 -1.2
19631115 2.7 0.3 1.427 -3.2
19631116 0.6 0.26 1.427 -5.4
19631117 0 0.32 1.427 -8.2
19631118 0 0.23 1.359 -14.7
19631119 3.9 0.31 1.359 -4.6
19631120 0 0.4 1.359 -3.9
19631121 4.2 0.31 1.359 -4.4
19631122 0.2 0.28 1.359 -6.7
19631123 0.5 0.23 1.292 -16.7
19631124 0 0.17 1.227 -12.2
19631125 0 0 1.164 -8
19631126 3.3 0.3 1.102 -3.4
19631127 2 0.48 1.043 -10.2
19631128 0 0.17 1.043 -0.5
19631129 0 0.35 0.986 -4
19631130 0 0.22 0.931 -7
19631201 0 0.31 0.825 -3.6
19631202 0 0.32 0.776 -3.9
19631203 0.5 0.28 0.776 -0.3
19631204 0 0.57 0.727 -0.4
19631205 0 0.36 0.727 0.8
19631206 0 0.68 0.681 -3
19631207 0.2 0.35 0.681 -3.5
19631208 0 0.38 0.681 -0.5
19631209 0 0.69 0.637 -13.2
19631210 0 0.03 0.637 -7.5
19631211 0 0.38 0.637 -2.7
19631212 0 0.27 0.637 -11.5
19631213 0 0 0.637 -3
19631214 0 0.41 0.637 -1
19631215 0.8 0.36 0.637 -2.5
19631216 0.2 0.56 0.594 -6.3
19631217 1.1 0.27 0.594 -7.9
19631218 0 0.44 0.594 -7.9
19631219 0.4 0.37 0.553 -13
19631220 2.1 0.22 0.553 -25.5
19631221 0 0.17 0.553 -27.7
19631222 0 0 0.553 -7.4
19631223 1.4 0.33 0.553 -4.9
19631224 0 0.81 0.553 -0.1
19631225 0 0.56 0.513 -7.2
19631226 0.2 0.35 0.513 -7.5
19631227 0 0.31 0.513 -0.6
19631228 0 0.47 0.513 -2.1
19631229 0.6 0.29 0.513 -3.6
19631230 1.2 0.59 0.513 -1.7
19631231 1.3 0.07 0.513 -4.9
19640101 3.6 0.31 0.513 -6.2
19640102 0 0.26 0.513 -7.7
19640103 0 0.24 0.513 0.9
19640104 0 0.48 0.476 0.1
19640105 0 0.36 0.476 -4.8
19640106 0 0.23 0.476 -18.3
19640107 0 0.32 0.476 -12.8
19640108 0.4 0.44 0.44 -6
19640109 0 0.15 0.44 -9.7
19640110 0.1 0.24 0.44 -14.6
19640111 0 0.25 0.405 -5.3
19640112 0 0.57 0.405 -3.8
19640113 1.5 0.45 0.405 -7.2
19640114 1.2 0.29 0.405 -5.8
19640115 0.2 0.33 0.405 -2.8
19640116 0 0.41 0.405 -0.6
19640117 0 0.4 0.405 -0.8
19640118 0 0.53 0.373 -0.8
19640119 0 0.49 0.373 -7.4
19640120 0 0.25 0.373 -11.1
19640121 0.2 0.26 0.373 -0.5
19640122 2.5 0.36 0.373 -1.2
19640123 0.5 0.73 0.373 -3.4
19640124 0 0.56 0.373 -4
19640125 2.8 0.55 0.342 -6.5
19640126 0 0.31 0.342 -7.3
19640127 3.3 0.39 0.342 -11.6
19640128 0.1 0.14 0.342 -6.9
19640129 0.5 0.5 0.342 -0.8
19640130 0.1 0.53 0.342 -1.8
19640131 0 0.22 0.342 -8.5
19640201 0 0.2 0.342 -11.8
19640202 0.9 0.25 0.342 -5.8
19640203 2.4 0.32 0.342 -1
19640204 0.3 0.32 0.342 -11.6
19640205 1.5 0.47 0.342 -10.2
19640206 2.6 0.21 0.342 -7.9
19640207 0.1 0 0.342 2.2
19640208 0.4 0.64 0.342 0.6
19640209 0.4 0.32 0.342 -0.8
19640210 1.3 0.55 0.342 -2.9
19640211 1.2 0.49 0.342 -6.5
19640212 4.8 0.73 0.342 -19.5
19640213 3.7 0 0.342 -0.8
19640214 0.1 0.48 0.342 -2
19640215 5.4 0.72 0.342 -10.7
19640216 1.6 0.27 0.342 -21.9
19640217 0.1 0.16 0.342 -25.5
19640218 0 0.13 0.342 -25.9
19640219 1.2 0 0.342 -5.5
19640220 0.2 0.36 0.312 -2
19640221 0.4 0.42 0.312 -2
19640222 0.1 0.36 0.312 -6.7
19640223 0 0.23 0.312 -12
19640224 0 0.36 0.312 -18.2
19640225 0.2 0.19 0.312 -10.9
19640226 0 0.14 0.312 -0.3
19640227 0.8 0.33 0.312 -4.5
19640228 0 0.29 0.312 -5.3
19640229 0 0.28 0.312 -2.2
19640301 0.2 0.42 0.312 -0.7
19640302 0 0.36 0.312 -4.8
19640303 0 0.37 0.312 -4.1
19640304 0 0.14 0.312 -5.3
19640305 0 0.31 0.312 -2.7
19640306 0.1 0.5 0.312 -0.8
19640307 0 0.7 0.312 -1.5
19640308 0 0.58 0.312 2.7
19640309 0 0.52 0.312 1.5
19640310 0 0.55 0.312 1.9
19640311 0 0.54 0.312 -0.8
19640312 0 0.68 0.312 -2.4
19640313 0 0.6 0.312 -2.9
19640314 0 0.52 0.312 -6.8
19640315 0 0.71 0.312 -10
19640316 0 0.74 0.312 -12.2
19640317 0 0.61 0.284 -11.7
19640318 0 0.52 0.284 -12.2
19640319 0 0.21 0.284 -13.4
19640320 0 0.19 0.284 -13.1
19640321 0 0.43 0.284 -8.1
19640322 0.1 0.35 0.284 -7.4
19640323 0 0.42 0.284 -6.4
19640324 0 0.26 0.284 -8.2
19640325 0 0.48 0.284 -4.3
19640326 0 0.41 0.284 -5.5
19640327 0 0.28 0.284 -7.8
19640328 0 0.27 0.284 -6.5
19640329 0 0.52 0.284 -7.7
19640330 0 0.32 0.257 -8
19640331 0 0.29 0.257 -7.9
19640401 0 0.42 0.257 -8.3
19640402 0 0.2 0.257 -4.7
19640403 0.1 0.31 0.257 -4.5
19640404 0.1 0.39 0.257 -1.9
19640405 0.1 0.56 0.257 -0.9
19640406 0.1 0.36 0.257 -4.3
19640407 2.6 0.42 0.257 -1.5
19640408 0 0.32 0.257 -5
19640409 0 0.31 0.232 -2.2
19640410 3.3 0.5 0.232 1.2
19640411 1.4 0.44 0.232 0.5
19640412 0.3 0.65 0.232 2.1
19640413 0.2 0.51 0.232 0.8
19640414 0 0.71 0.232 0.3
19640415 0 1.15 0.232 2.6
19640416 0 0.96 0.209 4.1
19640417 0.1 0.64 0.209 5.6
19640418 0.2 0.54 0.257 6.5
19640419 0 0.83 0.405 8.4
19640420 0 1.34 1.164 7.3
19640421 0 1.42 3.839 3.1
19640422 0 0.55 6.473 2
19640423 0 1.17 6.306 3.9
19640424 0 1.54 5.353 -2.6
19640425 0.1 0.58 4.356 -1.9
19640426 0 0.66 3.716 0.9
19640427 0 0.92 3.595 6.2
19640428 0 1.23 3.476 8.7
19640429 0 0.58 4.769 6.8
19640430 13.6 0.51 6.816 2.7
19640501 5.5 0.7 7.719 3.9
19640502 0.1 0.63 6.816 4
19640503 0 1.82 5.978 4.9
19640504 0.2 0.9 5.204 4.8
19640505 0.2 0.86 5.056 4
19640506 1.4 0.71 4.629 3.7
19640507 6.1 1.66 4.911 7.4
19640508 0 1.71 6.643 5.5
19640509 1.9 2.04 8.292 8.3
19640510 0 1.89 7.719 7.4
19640511 0.5 1.18 6.141 6
19640512 0.8 1.78 5.506 7
19640513 1.1 2.71 5.506 11.1
19640514 0 1.62 5.661 5.8
19640515 0.7 1.23 4.629 0.5
19640516 0.5 0.76 3.839 0
19640517 0.3 0.85 3.134 0.8
19640518 0.1 1.15 3.134 5.5
19640519 0 2.14 3.024 8.6
19640520 0 1.12 3.024 8.1
19640521 0 1.46 2.812 10.8
19640522 0 1.68 2.812 12.1
19640523 0 1.3 2.709 11.1
19640524 0 0.99 2.511 12.7
19640525 0 1.28 2.511 10.1
19640526 0 0.5 2.415 8.8
19640527 1.1 0.7 2.229 8.6
19640528 2.3 1.47 2.229 7.8
19640529 0 1.91 2.139 5.7
19640530 0 1.25 2.139 4.1
19640531 0.3 0.91 2.052 2.3
19640601 0.6 1.26 1.967 1.8
19640602 0 1.02 1.967 4.4
19640603 0 1.37 2.052 2.4
19640604 2.2 0.75 2.052 6.8
19640605 0 1.48 2.229 10
19640606 5 0.79 2.511 7.4
19640607 1.9 1.13 2.709 8.4
19640608 9.4 1.2 2.812 6.2
19640609 5.4 1.15 3.024 8.5
19640610 0.1 1.31 3.134 9.6
19640611 1.9 1.05 3.134 11.4
19640612 1.4 0.91 3.36 9.9
19640613 4.1 1.47 3.246 12
19640614 2.5 3.26 3.246 18.4
19640615 0 3.25 3.595 13
19640616 1.8 1.61 4.093 8
19640617 0 1.25 4.629 6.5
19640618 0 1.49 4.629 9.8
19640619 0 0.99 4.769 6.9
19640620 32.4 0.64 5.506 7.5
19640621 6.1 1.64 6.306 10.4
19640622 0 0.99 5.056 12.9
19640623 0 1.04 6.473 10.5
19640624 33.8 0.76 9.724 5.7
19640625 1.8 1.48 9.301 10.9
19640626 0 1.62 8.687 13
19640627 0 2.93 7.35 12.2
19640628 0.1 2.69 5.506 8.1
19640629 1.3 1.49 3.716 6.3
19640630 2.5 1.33 3.36 5.4
19640701 0 1.08 3.134 7.1
19640702 2.3 1.69 3.024 8.7
19640703 5.2 1.02 3.134 6.8
19640704 2.6 1.12 3.595 5.4
19640705 1.8 1.01 3.716 5
19640706 18 0.63 4.911 2.9
19640707 1.4 1.54 5.204 7.1
19640708 1.6 1.62 5.818 8.4
19640709 8.1 1.6 6.141 9.7
19640710 0.5 0.78 6.473 9.7
19640711 7.9 0.78 5.661 9.3
19640712 5.3 1.63 5.506 9.7
19640713 3.3 2.37 5.204 11.2
19640714 0 2.1 4.911 12.5
19640715 0 3.24 4.769 13.5
19640716 0.5 2.8 4.223 15.7
19640717 1.2 0.98 3.595 13
19640718 2.3 1.47 3.024 13.2
19640719 0 1.87 2.709 16.1
19640720 4.5 1.42 2.321 12.9
19640721 1.9 0.75 2.321 12.4
19640722 0.1 0.69 2.229 12.9
19640723 3.3 1.7 2.052 13.8
19640724 4.2 1.02 2.321 11.6
19640725 0.5 1.15 2.709 11.5
19640726 5.5 1.62 2.917 10.2
19640727 0 1.34 3.246 10.2
19640728 0 1.56 3.024 11
19640729 6.6 1.68 2.709 7.2
19640730 1 1.16 2.415 7.5
19640731 0.1 0.83 2.812 8.5
19640801 8.4 0.65 2.709 6.2
19640802 11.3 1.01 2.917 6.3
19640803 0.3 1.03 3.595 7.9
19640804 1 1.06 3.024 8.2
19640805 1.4 1.25 3.024 9.7
19640806 0 1.03 3.024 8.8
19640807 0 1.56 3.476 15
19640808 0 1.76 3.246 15.4
19640809 0 1.19 2.812 15
19640810 0 0.58 2.812 14.6
19640811 0.1 1.49 2.709 15.4
19640812 2.2 1.43 2.511 13
19640813 0 1.03 2.812 13.7
19640814 0 1.3 2.812 7.9
19640815 4.1 1 2.917 5.4
19640816 1.5 0.82 2.609 5.3
19640817 0.1 1.06 2.609 6.4
19640818 7.8 0.54 2.511 8.3
19640819 16.6 0.93 2.511 13.9
19640820 0.9 1.14 2.709 7.2
19640821 8.4 0.85 2.609 4.8
19640822 0 1.21 2.415 7.1
19640823 0 1.44 2.321 7.4
19640824 0 1.15 2.321 11.8
19640825 3.8 1.29 2.415 7.9
19640826 0.3 0.61 3.024 8.4
19640827 15.1 0.97 4.093 8.7
19640828 13.4 0.51 5.204 7.6
19640829 0 0.73 5.661 7.7
19640830 34.6 0.49 8.292 3.8
19640831 10 0.84 10.378 4.9
19640901 0.3 1.24 9.301 6.9
19640902 0 0.93 7.169 5.2
19640903 0 1.07 6.473 7.2
19640904 0 0.54 5.661 7.6
19640905 0 0.76 5.204 8.9
19640906 0 0.51 4.911 8.1
19640907 8.1 0.64 4.223 8.9
19640908 3.1 0.74 4.223 7.6
19640909 4.3 0.88 4.629 2.5
19640910 0 0.88 4.356 2.6
19640911 0.1 0.8 3.839 1.5
19640912 0 0.65 3.839 0.3
19640913 0 0.84 3.716 2.9
19640914 5.7 0.99 3.595 6.6
19640915 3.2 0.61 4.223 8.9
19640916 5.7 1.31 3.839 7.6
19640917 0 0.5 3.595 4.9
19640918 0 0.43 3.36 3.7
19640919 0.6 0.47 3.024 3
19640920 12.1 0.42 2.709 1.4
19640921 26.7 0.41 3.476 2.4
19640922 0.5 0.8 3.595 2.2
19640923 4.9 0.78 4.629 6.2
19640924 0.8 0.55 6.473 7
19640925 0.2 0.47 8.098 6.8
19640926 0 0.52 6.991 5.9
19640927 0 0.55 6.141 4.8
19640928 0.1 0.61 6.473 6.5
19640929 1.5 1.77 5.978 6
19640930 0.2 0.65 5.818 0.7
19641001 0.5 0.97 5.661 3.4
19641002 0 0.87 5.661 3.5
19641003 0.3 0.48 5.353 3.2
19641004 0 0.47 5.353 1.1
19641005 0 0.46 5.204 0.7
19641006 0 0.4 5.204 -2.3
19641007 0 0.12 5.056 5.8
19641008 3.6 1.1 4.911 7.8
19641009 6.6 0.59 4.223 6.6
19641010 0.8 0.48 4.223 7.5
19641011 0.5 0.52 3.965 5.2
19641012 1.9 0.72 3.965 4.6
19641013 1.2 0.45 3.965 3.2
19641014 0.1 0.4 3.839 2.7
19641015 15.8 0.42 3.716 0.8
19641016 2.6 0.53 3.595 1.7
19641017 0 0.42 3.595 -2.3
19641018 0 0.36 3.595 -1.4
19641019 0 0.34 3.595 0.7
19641020 0.1 0.41 3.595 4.6
19641021 3.6 0.64 3.476 1.7
19641022 0 0.68 3.024 0.3
19641023 0.2 0.5 3.024 2.7
19641024 12.2 0.49 2.917 0.1
19641025 17.5 0.44 2.917 -3.7
19641026 0 0.31 2.917 -6.3
19641027 0 0.42 2.812 -0.8
19641028 0 0.52 2.812 -1.4
19641029 0 0.29 2.812 -6.4
19641030 0 0.29 2.812 -6.6
19641031 0 0.3 2.709 -4.5
19641101 0 0.34 2.609 -5.7
19641102 0.6 0.31 2.609 1.1
19641103 0 0.43 2.511 1.9
19641104 0 0.49 2.511 1.9
19641105 0.9 0.51 2.511 -5.3
19641106 0.8 0.47 2.511 -3.7
19641107 2.1 0.24 2.511 -4.7
19641108 7.1 0.3 2.511 -2.9
19641109 1.3 0.31 2.511 -4.6
19641110 0 0.21 2.511 -2.7
19641111 0.1 0.37 2.511 -0.7
19641112 0 0.54 2.511 -9.3
19641113 0 0 2.511 -5.3
19641114 2.5 0.29 2.415 -0.9
19641115 4.4 0.36 2.415 0.8
19641116 0.6 0.42 2.415 -5.4
19641117 0.6 0.13 2.415 -7.6
19641118 8.4 0.27 2.415 -1.5
19641119 0.1 0.24 2.415 -5.3
19641120 6.3 0.35 2.321 -3.5
19641121 8.1 0.27 2.321 -2.8
19641122 6.4 0.33 2.321 -2.6
19641123 0.9 0.18 2.321 -3.6
19641124 0.2 0.41 2.321 -3.3
19641125 0 0.22 2.321 -3.7
19641126 0.1 0.59 2.229 -3.5
19641127 1.4 0.39 2.229 -4.5
19641128 0 0.24 2.229 -17.6
19641129 0 0.17 2.139 -16.4
19641130 0 0.09 2.139 -22.4
19641201 0.3 0.09 2.052 -24.5
19641202 0.1 0.25 1.883 -9.4
19641203 13.8 0.47 1.802 -3.3
19641204 18.1 0.27 1.646 -5.6
19641205 0 0.17 1.571 -20.4
19641206 0 0.09 1.498 -26.4
19641207 0.9 0.19 1.427 -12.6
19641208 3.9 0 1.359 0.7
19641209 10.1 0.52 1.359 2.1
19641210 0.5 0.56 1.292 -3.2
19641211 0 0.34 1.292 -14.4
19641212 0 0 1.227 -0.4
19641213 1.9 0.71 1.227 -6.7
19641214 0 0.2 1.164 -8.6
19641215 0 0.45 1.102 -11.2
19641216 0 0.24 1.043 -13.3
19641217 0 0.27 1.043 -4.1
19641218 0.6 0.16 0.986 -5.3
19641219 0 0.26 0.986 -10.8
19641220 1.6 0.2 0.931 -4
19641221 0.2 0.17 0.877 -1.5
19641222 0 0.38 0.877 2.2
19641223 0 0.95 0.825 -11.5
19641224 0 0.11 0.776 -8.9
19641225 0.7 0.14 0.727 -7.1
19641226 0.5 0.12 0.681 -8.6
19641227 0.2 0.29 0.681 -10.1
19641228 0 0.41 0.681 -29.2
19641229 0 0.37 0.637 -23.3
19641230 2.2 0.08 0.637 -4.5
19641231 9.1 0.3 0.637 -5.5
19650101 0 0.4 0.637 -2.2
19650102 2.6 0.31 0.637 -3.7
19650103 0 0.15 0.637 -5.1
19650104 1.5 0.18 0.637 -5.2
19650105 1.3 0.11 0.637 -8.5
19650106 0 0.12 0.637 -24.3
19650107 0 0 0.637 -12
19650108 0.9 0.27 0.637 -7.8
19650109 12.9 0.36 0.637 -13.3
19650110 1.2 0.12 0.637 -21
19650111 7.8 0 0.637 -7.5
19650112 9.1 0.29 0.637 -0.3
19650113 2.8 0.47 0.637 -1
19650114 1.1 0 0.637 -1
19650115 6.6 0.69 0.594 -2.8
19650116 3.2 0.34 0.594 -3.1
19650117 3.3 0.16 0.594 -4.3
19650118 0.8 0.16 0.594 -3.9
19650119 0 0.32 0.594 -15.1
19650120 0 0.08 0.594 -25.9
19650121 0.7 0.16 0.594 -12.8
19650122 1.5 0.05 0.594 -8.8
19650123 3.6 0.22 0.553 -6
19650124 0.6 0.21 0.553 -10.4
19650125 0 0.12 0.553 -19.4
19650126 0 0.08 0.553 -25.1
19650127 0 0 0.553 -12.2
19650128 0.4 0.05 0.553 -15.2
19650129 0.6 0.15 0.553 -16.8
19650130 0.5 0.1 0.553 -15.3
19650131 0.2 0 0.553 -5.4
19650201 1.2 0.16 0.553 -5.9
19650202 0.6 0 0.553 -1.7
19650203 0 0.31 0.553 -0.4
19650204 1.1 0.25 0.553 1.6
19650205 0.9 0.31 0.553 0.5
19650206 0.4 0.2 0.553 2.6
19650207 0.9 0.7 0.513 -3.5
19650208 7.7 0.23 0.513 -4.4
19650209 0 0.15 0.513 -5.5
19650210 0 0.28 0.513 -4.5
19650211 2.3 0.45 0.513 -0.4
19650212 0 0.57 0.513 -1
19650213 2.8 0.47 0.513 -3.5
19650214 6.5 0.32 0.513 -5.7
19650215 1.5 0.28 0.513 -7.2
19650216 0.2 0.18 0.513 -9.9
19650217 0 0.25 0.513 -3.6
19650218 6.3 0.25 0.513 2.2
19650219 0 0.41 0.513 -1.3
19650220 0 0.34 0.476 -7.7
19650221 0 0.35 0.476 -2
19650222 0.2 0.25 0.476 -3.9
19650223 1.9 0.46 0.476 -11.4
19650224 3.8 0.09 0.476 -7.9
19650225 1.7 0.16 0.44 -12.4
19650226 1.2 0 0.44 -11.1
19650227 2.7 0.09 0.44 -26.5
19650228 0 0.07 0.405 -27.5
19650301 0 0 0.373 -9.5
19650302 0.9 0.24 0.373 -12.1
19650303 1.2 0.2 0.373 -14.6
19650304 0 0.13 0.342 -18.4
19650305 0 0.27 0.342 -9.8
19650306 0 0.2 0.342 -15.8
19650307 0 0.21 0.342 -13.4
19650308 0.2 0.26 0.342 -5.9
19650309 0.3 0.28 0.312 -6.3
19650310 0.4 0.45 0.312 -0.5
19650311 0.1 0.31 0.312 -4.2
19650312 0 0.23 0.312 -11.8
19650313 0 0.49 0.312 -10.6
19650314 0 0.49 0.312 -4.7
19650315 0 0.46 0.312 -4.2
19650316 0 0.3 0.312 0.2
19650317 1.3 0.61 0.312 -0.2
19650318 0 0.22 0.312 -3.8
19650319 7.2 0.4 0.284 -6.1
19650320 0.9 0.08 0.284 -5.7
19650321 2.9 0.07 0.284 -4.4
19650322 0.5 0.52 0.284 -3.5
19650323 0 0.25 0.257 -11.1
19650324 0.6 0.38 0.257 -10
19650325 0 0.17 0.257 -15.1
19650326 0 0.2 0.257 -12.9
19650327 0 0.36 0.257 -9.3
19650328 0 0.27 0.257 -4.1
19650329 5.7 0.52 0.257 1.6
19650330 0 0.53 0.257 0.2
19650331 0 0.33 0.257 0.5
19650401 0 0.25 0.257 -1.1
19650402 0 0.49 0.257 -2.3
19650403 0 0.44 0.257 0.8
19650404 0 0.47 0.257 1.2
19650405 0.2 0.51 0.232 1.5
19650406 0 0.46 0.232 -1.2
19650407 0.3 0.46 0.232 -3.6
19650408 0 0.42 0.232 -4.4
19650409 0 0.83 0.232 -5.7
19650410 0.3 0.29 0.257 -3.4
19650411 1.6 0.59 0.257 -1.4
19650412 3.1 0.75 0.257 0.7
19650413 0.5 0.49 0.257 1.8
19650414 6.1 1.13 0.257 1.7
19650415 0 1.13 0.257 0.8
19650416 2.1 0.73 0.257 1.1
19650417 5.7 0.57 0.257 0.3
19650418 1.6 0.42 0.257 1.1
19650419 6.5 0.53 0.257 1.4
19650420 1.8 0.48 0.257 2.3
19650421 0 0.6 0.257 2.6
19650422 0.8 0.61 0.284 3.5
19650423 0 0.54 0.312 1.9
19650424 0 0.77 0.312 3.8
19650425 0.2 0.85 0.342 2
19650426 0.5 0.51 0.405 1.5
19650427 0.6 0.36 0.476 1.5
19650428 8.1 0.62 0.553 4.4
19650429 0 0.75 0.637 2.8
19650430 0 0.6 0.681 0.9
19650501 0 0.84 0.776 1.7
19650502 0 0.68 0.825 2.1
19650503 0 0.9 0.931 3.9
19650504 0 1.27 1.043 5.2
19650505 0 1.29 1.102 2.3
19650506 0 0.87 1.359 3.6
19650507 0 0.71 1.498 4.3
19650508 0 1 1.883 4.8
19650509 0.7 0.65 2.052 3.3
19650510 2.9 0.49 2.511 4
19650511 0.1 0.9 3.024 0.9
19650512 0 0.52 3.839 1.8
19650513 0 1.1 4.491 3.5
19650514 0.1 0.6 5.353 1.6
19650515 0 0.79 6.306 2
19650516 0.7 0.8 6.473 3.9
19650517 1.2 0.78 6.141 -0.3
19650518 0.1 0.7 5.978 0
19650519 0 0.76 5.978 -0.1
19650520 2.5 0.45 5.661 -0.1
19650521 0.3 0.68 5.661 0.5
19650522 0.1 0.9 5.661 2.4
19650523 0 0.57 5.506 5.8
19650524 0 1.06 5.353 7.3
19650525 0 1.07 8.488 9.2
19650526 0 0.84 11.525 6.4
19650527 0 0.71 13.25 4.3
19650528 1.2 0.53 12.743 2.1
19650529 0 0.86 12.247 3.7
19650530 0 0.6 10.829 4.7
19650531 0 1.08 10.378 7.9
19650601 0 0.49 11.763 7.3
19650602 0.3 1.19 14.299 4.6
19650603 0.1 0.58 14.299 6.9
19650604 0 0.78 14.032 7.3
19650605 0 1.33 15.676 11.4
19650606 0 2.08 18.368 13.8
19650607 0 1.58 20.701 14.7
19650608 0 1.92 19.514 10.8
19650609 1.1 0.95 17.264 11.2
19650610 1.7 1.2 15.395 11.2
19650611 1.4 0.68 14.032 9.7
19650612 8.9 1.12 12.743 7.4
19650613 0.5 0.94 11.29 11.8
19650614 1.8 1.24 10.829 10.5
19650615 2.1 0.72 9.939 9.6
19650616 1.6 0.14 9.724 11.2
19650617 4.3 1.61 9.939 12.2
19650618 0.8 0.83 9.939 10.9
19650619 3.9 0.84 9.511 9.4
19650620 1.6 1.21 7.533 8
19650621 0.9 1.02 6.306 9.7
19650622 8.6 0.7 6.141 9.5
19650623 3 1.16 6.473 10
19650624 0.5 1.53 6.473 11.1
19650625 0.8 1.09 6.306 10
19650626 0.1 1.01 5.978 11.3
19650627 7.1 0.85 5.506 7.1
19650628 1.2 0.79 5.204 7.6
19650629 2.9 1.19 5.056 6.9
19650630 0.5 1.3 5.056 6.7
19650701 0.2 1.01 4.629 5.1
19650702 1.7 0.89 4.911 5.4
19650703 1 0.89 5.056 5.5
19650704 0.6 1.07 5.353 6
19650705 0.2 0.98 5.506 6.3
19650706 0.1 0.93 5.661 7.7
19650707 4.8 0.83 5.661 8.7
19650708 0.2 0.43 5.818 6
19650709 0.1 0.71 5.818 5.9
19650710 0 1.13 5.978 6
19650711 0 1.15 6.141 7.4
19650712 0.6 1.2 6.141 9.9
19650713 1.4 0.67 6.306 8.2
19650714 5.2 0.8 6.306 9
19650715 6.4 0.73 6.473 7.6
19650716 0.3 0.69 6.141 8.3
19650717 0 1.47 5.818 11.8
19650718 0 1.22 5.353 13.9
19650719 0 1.49 5.056 16
19650720 0 2.05 4.629 17.6
19650721 0 1.89 5.204 16.5
19650722 0 1.83 5.818 15.1
19650723 0 1.42 6.306 13.4
19650724 0.2 0.98 6.816 14.6
19650725 1.9 1.15 7.35 11
19650726 5.1 1.1 7.35 12.8
19650727 5.3 1.56 7.169 5.2
19650728 22.2 0.43 7.169 4.7
19650729 1.3 0.63 6.991 5.9
19650730 0.1 0.89 6.991 7.9
19650731 0.5 0.41 6.816 7.9
19650801 7.1 0.66 7.35 9.2
19650802 5.7 0.65 8.098 9.8
19650803 10.1 0.73 8.889 8.4
19650804 0.5 0.92 8.488 5.5
19650805 0 1.08 8.292 7.6
19650806 0.5 1.15 7.907 11.5
19650807 0.1 0.61 7.719 8.1
19650808 4.1 0.84 7.35 6.1
19650809 0.7 1.21 7.169 7.4
19650810 0.4 0.76 6.816 6.1
19650811 0.7 0.95 6.473 7.6
19650812 0 1.35 6.141 8.2
19650813 0 1.34 5.818 8.2
19650814 0 0.77 5.506 9.8
19650815 0 1.76 5.204 11
19650816 0 1.72 5.056 10.3
19650817 0 1.21 4.911 9.9
19650818 0 2.22 4.769 11.2
19650819 0 1.4 4.629 13.6
19650820 2 0.79 4.491 10
19650821 3.7 1.39 4.356 8.2
19650822 0.2 0.76 4.223 11.1
19650823 0.1 0.98 3.965 8.7
19650824 0.4 0.55 3.839 11.9
19650825 5 1.32 3.716 12.5
19650826 2.7 0.66 3.839 8.8
19650827 11.1 1.09 3.965 9.4
19650828 0 2.06 3.965 6.5
19650829 0 0.57 4.093 8.8
19650830 5.4 0.51 4.223 6.3
19650831 8.4 0.94 4.491 6.3
19650901 0.2 0.71 4.629 10.1
19650902 0 1.21 4.911 9.3
19650903 0 1.88 4.629 9.1
19650904 0 1.6 4.356 11.8
19650905 5.2 0.98 3.965 11.7
19650906 3.6 0.8 3.716 11.1
19650907 1.3 0.5 3.36 8.6
19650908 8.7 0.77 3.024 10.1
19650909 15 0.94 3.246 8.5
19650910 5.3 1.51 3.595 8.8
19650911 0 0.6 3.839 5.5
19650912 0.4 0.51 4.093 6.7
19650913 1.9 0.97 3.965 6.9
19650914 4.1 0.53 3.965 3.2
19650915 5.2 1.99 3.839 6.7
19650916 1.8 0.48 3.716 7.8
19650917 11.6 1.97 3.839 8
19650918 0.2 0.54 3.965 2.8
19650919 17.6 0.96 4.223 4.8
19650920 0.7 0.51 4.356 4
19650921 1.3 0.67 4.491 6.2
19650922 4 0.48 4.629 5.4
19650923 1.7 0.84 4.491 6.7
19650924 0.3 1.11 4.356 9
19650925 0 1.06 4.223 6.4
19650926 0 0.72 4.093 8.6
19650927 0.2 0.51 3.839 9.3
19650928 0 0.65 3.716 9.6
19650929 1 0.53 3.595 6.3
19650930 4.5 0.68 3.36 7.4
19651001 0.3 0.68 3.134 7.5
19651002 0.2 0.44 2.917 4.1
19651003 0 0.74 2.609 3.8
19651004 0 0.44 2.415 6.3
19651005 0.3 0.47 2.139 6.1
19651006 0.1 0.9 2.139 8.4
19651007 0 1.2 2.052 5.2
19651008 0.4 0.66 1.883 1.8
19651009 0.2 0.39 1.883 3
19651010 0.3 0.81 1.802 -0.1
19651011 3.9 0.28 1.802 1.1
19651012 0.7 0.6 1.802 4.6
19651013 0 0.59 1.802 4.6
19651014 0.8 0.83 1.802 4.6
19651015 0 0.38 1.802 3.1
19651016 6.6 1.32 1.883 2.2
19651017 0 0.49 2.052 0.9
19651018 1.6 0.47 2.052 2
19651019 3.9 0.48 2.052 4.1
19651020 0 0.39 2.052 0.2
19651021 0.1 0.48 1.967 -1
19651022 0 0.66 1.967 -0.8
19651023 0 0.6 1.883 -2.6
19651024 0 0.79 1.802 -2.8
19651025 0 0.73 1.802 -4.1
19651026 0 0.29 1.723 -4.9
19651027 0 0.34 1.646 5
19651028 0.1 0.77 1.646 2.8
19651029 4.3 1.04 1.646 3.9
19651030 2.6 0.48 1.571 2.7
19651031 0.5 0.39 1.571 -0.5
19651101 0 0.3 1.498 -1
19651102 4.2 0.43 1.427 0.1
19651103 2.3 0.4 1.359 0.3
19651104 0.5 0.48 1.227 1
19651105 0 0.99 1.164 3.2
19651106 0 1.73 1.102 1.2
19651107 0 0.57 1.102 0.7
19651108 0 0.57 1.043 -7.8
19651109 0 0.28 0.986 -4.7
19651110 0 0.39 0.986 -5.6
19651111 0 0.25 0.931 -9.3
19651112 0.2 0.3 0.877 -8.3
19651113 0 0.32 0.877 -18.5
19651114 0 0.13 0.825 -12.3
19651115 0 0.2 0.825 -11.4
19651116 2 0.25 0.776 -4.8
19651117 0.1 0.23 0.727 -5.1
19651118 0.1 0.4 0.637 -6
19651119 3.1 0.47 0.594 -10.9
19651120 3.4 0.19 0.513 -12.5
19651121 2.2 0.27 0.476 -20.8
19651122 0 0.06 0.476 -29.1
19651123 0 0.07 0.476 -19.6
19651124 0 0.12 0.44 -23.3
19651125 0 0.08 0.44 -14.3
19651126 3.6 0.27 0.405 -4.4
19651127 4.6 0.14 0.405 -3
19651128 2.6 0.33 0.373 -6
19651129 0.7 0.3 0.373 -14.9
19651130 0 0.25 0.373 -22.1
19651201 0.9 0.18 0.373 -9.3
19651202 1.4 0.22 0.373 -9.7
19651203 0.5 0.15 0.405 -23
19651204 0.1 0.11 0.405 -19.8
19651205 3.2 0.07 0.405 -11.7
19651206 0.8 0.21 0.44 -11.7
19651207 0 0.12 0.44 -15.6
19651208 0 0.09 0.513 -9.5
19651209 0 0.32 0.553 -19.3
19651210 0.9 0.15 0.637 -7.5
19651211 1.2 0.44 0.681 -21.9
19651212 0 0.1 0.594 -35.6
19651213 0 0.05 0.553 -34
19651214 0 0.07 0.476 -21.3
19651215 1.2 0.21 0.476 -18.3
19651216 0.2 0.01 0.476 -10.8
19651217 1 0.24 0.476 -12.8
19651218 3.5 0.2 0.476 -11.3
19651219 2.1 0.36 0.476 -19.7
19651220 0 0 0.476 -2.6
19651221 0 0.4 0.476 -5.6
19651222 0 0.34 0.476 -16.4
19651223 0 0.06 0.476 -18.9
19651224 3 0.07 0.476 -10.3
19651225 3.8 0.2 0.476 -10.2
19651226 5.4 0.16 0.476 -5.1
19651227 14.1 0.28 0.513 -7.3
19651228 3 0.24 0.513 -8.9
19651229 0.5 0.13 0.513 -7.2
19651230 0 0.43 0.513 -18.5
19651231 0 0.17 0.476 -35.2
19660101 0 0.04 0.476 -37.7
19660102 0 0 0.476 -14.5
19660103 0 0.2 0.476 -18.4
19660104 0 0.15 0.476 -22.4
19660105 2.4 0.23 0.476 -15.6
19660106 0 0.19 0.44 -12.3
19660107 0 0.07 0.44 -14
19660108 0 0.2 0.44 -18.2
19660109 0 0.13 0.405 -23.9
19660110 0 0.1 0.405 -20.3
19660111 0 0.07 0.373 -27.7
19660112 0 0.11 0.373 -19.1
19660113 0.1 0.06 0.342 -33.2
19660114 0 0.02 0.312 -37.5
19660115 0 0.03 0.312 -35.1
19660116 0 0.08 0.284 -25.4
19660117 0.1 0.11 0.284 -12.7
19660118 0.2 0.37 0.257 -14.7
19660119 0 0.19 0.257 -15.9
19660120 0 0.09 0.232 -23.9
19660121 3.2 0 0.232 -9.9
19660122 1.6 0.04 0.232 -10.1
19660123 0.1 0.25 0.209 -15.1
19660124 0 0.13 0.209 -17.5
19660125 0 0.09 0.209 -21.4
19660126 0 0.05 0.209 -29.2
19660127 1.6 0 0.187 -15.8
19660128 0 0.13 0.187 -14
19660129 2.1 0.17 0.187 -11.1
19660130 17.1 0.11 0.187 -5.2
19660131 2.2 0.31 0.187 -5.5
19660201 0.1 0.29 0.166 -10.6
19660202 0.7 0.27 0.166 -12.4
19660203 0 0.08 0.166 -29.6
19660204 0.1 0.15 0.187 -25.5
19660205 0.6 0.02 0.187 -17.5
19660206 7.4 0.17 0.187 -18
19660207 1.9 0.08 0.187 -27.7
19660208 0.1 0.16 0.187 -28.8
19660209 0.2 0 0.187 -9.9
19660210 0.1 0.34 0.187 -9.3
19660211 0 0.4 0.209 -25.9
19660212 0 0.08 0.209 -33.1
19660213 0 0.13 0.209 -33.8
19660214 0 0.01 0.209 -19.8
19660215 1.3 0.27 0.232 -13.9
19660216 0.6 0.17 0.232 -19.1
19660217 1.9 0.12 0.232 -16.6
19660218 4.6 0.21 0.232 -12.3
19660219 0.2 0.3 0.257 -8
19660220 0 0.29 0.257 -19.4
19660221 3.1 0.16 0.257 -9.4
19660222 5.9 0.23 0.257 -10.2
19660223 2.1 0.46 0.284 -7.9
19660224 0.8 0.15 0.284 -8.2
19660225 0.2 0.32 0.284 -6.1
19660226 1.9 0.6 0.257 -5.9
19660227 1.9 0.27 0.257 -7.9
19660228 0.1 0.27 0.257 -4.1
19660301 0 0.35 0.257 -3.4
19660302 0 0.1 0.284 -8.2
19660303 5.1 0.44 0.284 -3.4
19660304 0 0.32 0.284 -5.5
19660305 0 0.27 0.284 -3.7
19660306 3.7 0.36 0.284 -3.7
19660307 0 0.37 0.284 0.3
19660308 0 1.3 0.284 0.8
19660309 0.1 0.59 0.284 -5.8
19660310 0.1 0.25 0.284 -10.1
19660311 0.6 0.47 0.284 -7
19660312 0.1 0.22 0.284 -12.9
19660313 0 0.42 0.257 -17.6
19660314 0.1 0.28 0.257 -15
19660315 6.1 0.09 0.257 -3.7
19660316 1.7 0.39 0.257 1.8
19660317 0 0.8 0.257 -1.3
19660318 0.1 0.51 0.257 -7
19660319 0 0.19 0.257 0
19660320 0 0.97 0.257 1.8
19660321 0.1 0.65 0.257 -4.7
19660322 2.2 0.46 0.257 -6.9
19660323 0 0.31 0.257 -4.6
19660324 3.2 0.51 0.257 -9.3
19660325 2.1 0.27 0.284 -11.7
19660326 2.6 0.36 0.284 -12
19660327 0.4 0 0.284 -11.6
19660328 3.4 0.17 0.284 -5.2
19660329 1.3 0.42 0.284 -5.1
19660330 0.1 0.39 0.284 -6
19660331 0.5 0.23 0.284 -8.9
19660401 1.5 0.69 0.284 -3.7
19660402 2.7 0.49 0.284 -5.3
19660403 1.2 0.18 0.284 -7.7
19660404 15.2 0.36 0.284 -3.2
19660405 10.1 0.38 0.284 -1.5
19660406 2.1 0.49 0.284 -2
19660407 0.7 0.54 0.284 -2.9
19660408 0 0.33 0.284 -4.5
19660409 0 0.34 0.284 -5.9
19660410 0 0.34 0.284 -7.5
19660411 0 0.19 0.284 -12.6
19660412 0 0.34 0.284 -14.1
19660413 0 0.23 0.284 -15.9
19660414 0.2 0.38 0.284 -11.1
19660415 0.1 0.26 0.284 -13.9
19660416 0.3 0.27 0.284 -12.8
19660417 0 0.21 0.284 -11.6
19660418 0 0.44 0.284 -7.3
19660419 0 0.39 0.284 -7.4
19660420 0 0.29 0.284 -9.1
19660421 0 0.39 0.284 -5.3
19660422 0 0.34 0.284 -5
19660423 0 0.46 0.284 -1.7
19660424 0.1 0.36 0.284 -0.9
19660425 0.2 0.41 0.284 3.7
19660426 0 1.06 0.284 3.8
19660427 0 0.54 0.284 3.7
19660428 0 0.89 0.284 5.4
19660429 0 1.21 0.312 4.6
19660430 0 1.52 0.312 6.3
19660501 0 0.67 0.342 4.7
19660502 0 0.48 0.681 4.2
19660503 0 0.83 1.043 2.9
19660504 0 0.82 1.883 2.3
19660505 0 0.81 3.024 1.3
19660506 0.1 1 3.595 1.6
19660507 0.6 0.6 3.965 2.2
19660508 3.5 0.77 4.356 0.7
19660509 0 0.85 4.769 1.3
19660510 0 1.02 4.769 4.3
19660511 0 1.51 4.769 6.1
19660512 0 1.13 4.911 5.6
19660513 0.7 1.2 5.353 7.5
19660514 2.9 0.77 12.004 6.6
19660515 1.3 1.5 22.56 7
19660516 1.4 1.66 26.222 6.1
19660517 0 2.08 27.637 7.5
19660518 2.3 0.55 30.599 9.5
19660519 1.9 0.93 48.726 8
19660520 2.9 0.92 33.342 6.6
19660521 9.7 0.94 16.728 2.6
19660522 0.8 1.2 14.032 5.1
19660523 3.9 1.74 12.743 6.1
19660524 1.4 0.95 11.525 5.1
19660525 0.1 0.86 11.058 3.7
19660526 0 1.24 11.29 5.2
19660527 0 1.41 11.058 2.7
19660528 0 1.11 10.378 3
19660529 0 0.18 7.35 3
19660530 0.4 0.63 6.816 6
19660531 0.1 1.25 6.306 6.8
19660601 0.4 0.6 5.978 6.2
19660602 3.1 0.91 5.661 5
19660603 0.2 0.77 5.353 4.7
19660604 5.6 0.62 5.204 5.3
19660605 2.6 0.5 5.056 7.4
19660606 3.5 1.37 4.911 9.6
19660607 0.5 1.21 4.911 10.7
19660608 0 1.2 4.769 12.9
19660609 0 1.43 4.769 13.3
19660610 0 1.65 4.629 14.7
19660611 0 1.75 4.356 17.4
19660612 0 0.82 3.839 16.1
19660613 0 1.47 3.595 17.7
19660614 0 1.9 3.246 17.4
19660615 0 1.78 2.812 14.6
19660616 0.1 1.25 2.609 15.7
19660617 0 1 2.321 17.8
19660618 0 3.9 2.229 19.3
19660619 0 2.73 1.883 19.1
19660620 0 3.26 1.646 18.4
19660621 0 1.49 1.498 16.4
19660622 0.5 1.48 1.359 11.4
19660623 9.6 0.86 1.427 12.1
19660624 2.7 0.83 1.498 10.9
19660625 2.1 1.31 1.498 9.5
19660626 0.9 2.02 1.498 9.2
19660627 0 0.95 1.427 10
19660628 0 1.25 1.359 11.7
19660629 0 1.66 1.227 9.5
19660630 0 1.2 1.164 9.6
19660701 0 0.8 1.102 10.8
19660702 1.9 0.77 1.043 13
19660703 0.5 0.85 1.043 8.5
19660704 4.2 1.23 1.043 10.5
19660705 6.3 0.62 0.727 10.4
19660706 5.7 1.26 0.986 9
19660707 5.5 1.09 0.931 7.9
19660708 0 0.94 0.877 8.2
19660709 0.1 0.67 1.498 11
19660710 31.6 1.06 2.415 8.6
19660711 6.6 0.7 2.609 7.8
19660712 8.2 1.04 2.812 8.8
19660713 4.3 0.59 3.134 9.3
19660714 8.9 0.61 3.36 8.9
19660715 6.4 0.71 3.36 10
19660716 2.9 1.47 3.476 10.3
19660717 0.6 0.83 3.476 10.6
19660718 2.3 1.17 3.024 11.5
19660719 0 1.76 2.709 17.7
19660720 0 1.58 2.511 15.3
19660721 0 1.55 1.967 15.5
19660722 2.2 1.16 1.802 17
19660723 0.2 2.5 1.571 17.7
19660724 1.1 3.1 1.498 14.5
19660725 2.1 3 1.571 16.7
19660726 6.2 1.53 1.723 13.5
19660727 14.4 0.91 2.052 7
19660728 1.2 0.97 2.609 8.1
19660729 0 1.05 2.812 7.5
19660730 0 0.71 2.709 8.3
19660731 0 1.07 2.609 11.3
19660801 15 0.66 2.052 9.4
19660802 10.7 1.01 2.511 9.3
19660803 19.1 0.66 2.812 10.9
19660804 5.5 1.18 3.024 12.5
19660805 3.2 0.53 3.595 11.6
19660806 3 0.46 3.965 11
19660807 16.4 0.64 4.491 11.6
19660808 1.2 0.93 6.306 11.3
19660809 3.5 0.98 6.473 11.1
19660810 3.6 1.4 6.473 11.4
19660811 3.4 0.86 6.306 8.9
19660812 0.4 0.76 5.506 8.2
19660813 4.4 1.1 4.911 7.9
19660814 4.5 0.53 4.629 7.2
19660815 5.7 1.08 4.223 6.6
19660816 0.5 1.3 3.965 9.5
19660817 0.4 1.76 3.839 12.9
19660818 0.5 0.97 3.716 8.8
19660819 0 1.24 3.36 8.8
19660820 0.8 0.89 2.917 9.4
19660821 0.2 0.84 2.511 5.9
19660822 1.4 0.94 2.321 6.4
19660823 0.5 1.38 2.139 7.9
19660824 0 1.55 2.052 9.6
19660825 0 2.13 1.967 8.5
19660826 0 1.22 1.802 10.3
19660827 0 1.11 1.646 10.6
19660828 0 1.48 1.498 11.9
19660829 0 0.82 1.359 10.2
19660830 0 1.52 1.359 13
19660831 0 1.44 1.427 10.3
19660901 2.5 0.64 1.292 9.2
19660902 2.8 0.59 1.292 9.6
19660903 4.8 0.95 1.359 11.2
19660904 0.1 1.36 1.427 11.3
19660905 1.5 1.45 1.427 11.8
19660906 1.4 0.82 1.498 5.4
19660907 7 0.35 1.427 8.5
19660908 1.8 1.14 1.292 4.9
19660909 0.5 0.76 1.292 3.2
19660910 0.1 0.56 1.164 3.8
19660911 1.5 0.7 1.164 6.9
19660912 3.5 0.85 1.102 8.1
19660913 6.2 0.8 1.102 8.2
19660914 1.6 0.47 1.102 4
19660915 7.2 0.83 1.043 3.8
19660916 3.4 1.34 1.292 4.5
19660917 0.6 0.96 1.646 2.9
19660918 0.4 0.83 2.511 3
19660919 0.5 1.52 2.511 8.4
19660920 0.3 2.05 2.415 5.5
19660921 0.1 0.57 2.229 2.6
19660922 0.1 0.75 2.139 3.4
19660923 1.6 0.97 1.883 3.4
19660924 1.7 0.53 1.802 3.7
19660925 2.2 0.77 1.646 2.3
19660926 0.1 0.57 1.646 0.9
19660927 0.7 0.72 1.427 -0.8
19660928 1.1 0.61 1.292 -0.3
19660929 0.5 0.44 1.227 0
19660930 0 0.57 1.164 5.2
19661001 0.1 0.57 1.102 5.5
19661002 3.4 0.26 1.102 8
19661003 4 0.7 1.043 4.5
19661004 0 0.83 0.986 1.6
19661005 0 0.8 0.877 -0.1
19661006 0 0.92 0.825 0.9
19661007 0.5 0.38 0.727 3.2
19661008 1.2 0.36 0.727 2.7
19661009 2.1 0.64 0.637 -0.4
19661010 0 0.38 0.594 -3.2
19661011 0 0.74 0.553 0.5
19661012 0.9 0.37 0.594 -0.5
19661013 0.1 0.69 0.637 2
19661014 0 0.38 0.637 -2.4
19661015 0.4 0.35 0.637 2.3
19661016 1.4 0.48 0.681 5.2
19661017 1.3 0.33 0.681 3
19661018 12.3 0.42 0.727 2.3
19661019 0.2 0.39 1.164 2.2
19661020 0 0.77 1.498 4.8
19661021 9.7 0.37 2.139 4.7
19661022 1.3 0.53 2.139 4.9
19661023 0.5 0.36 2.139 3.3
19661024 0 0.49 2.052 1.5
19661025 0.4 0.46 1.802 -2.3
19661026 0.2 0.3 1.498 -5.5
19661027 0.2 0.28 1.227 -7.9
19661028 0 0.29 1.043 -5.2
19661029 0.4 0.36 0.931 -1.1
19661030 0.9 0.48 0.877 -1.5
19661031 0 0.32 0.825 -3
19661101 1.1 0.35 0.825 -2.8
19661102 0.3 0.28 0.825 -10.5
19661103 0 0.32 0.825 -10.9
19661104 0.2 0.38 0.825 -6.6
19661105 1.7 0.23 0.776 -4.9
19661106 14 0.46 0.776 2
19661107 0 0.41 0.727 -3.7
19661108 2.2 0.48 0.727 3.6
19661109 0.7 0.65 0.727 2.9
19661110 0 0.38 0.727 -4
19661111 0.2 0.4 0.727 -4
19661112 0 0.43 0.727 -5.8
19661113 0 0.66 0.681 1.7
19661114 0 0.51 0.681 3.6
19661115 1.7 0.58 0.681 -1.6
19661116 0.2 0.52 0.681 -1.5
19661117 0 0.13 0.681 -4.4
19661118 0.5 0.46 0.637 -9.5
19661119 0 0.22 0.637 -17.2
19661120 0 0.12 0.637 -18.1
19661121 3 0 0.637 -5.1
19661122 0 0.32 0.637 -7.5
19661123 0 0.19 0.637 -13
19661124 0.3 0.16 0.637 -7.4
19661125 0.3 0.21 0.594 -1.6
19661126 3.4 0.19 0.594 -6.5
19661127 0 0.29 0.594 -4
19661128 3.5 0.77 0.594 -1.1
19661129 0.9 0.45 0.594 -9.6
19661130 0 0.05 0.594 -5.8
19661201 0.9 0.46 0.594 -3.3
19661202 0 0.31 0.594 -1.8
19661203 8.5 0.31 0.594 1
19661204 4.1 0.3 0.594 -9.9
19661205 0.2 0.52 0.594 -6.1
19661206 3.3 0.51 0.594 -0.5
19661207 4 0.45 0.594 -3.9
19661208 0.7 0 0.553 -1.9
19661209 2.5 0.22 0.553 -3.7
19661210 0.6 0.37 0.553 -6.5
19661211 4.2 0.33 0.553 -3.9
19661212 2.7 0.4 0.553 -6
19661213 0.2 0.39 0.553 -10.1
19661214 0.7 0.16 0.553 -15.3
19661215 1.1 0.03 0.553 -13.7
19661216 0.6 0.17 0.553 -14.1
19661217 1.2 0.16 0.553 -8
19661218 18.6 0.32 0.553 0
19661219 1.2 0.37 0.553 -2.6
19661220 0.4 0.38 0.553 -6.4
19661221 0.1 0.35 0.553 -6.1
19661222 0 0.42 0.553 -18.8
19661223 0.9 0 0.553 -8.1
19661224 14.1 0.25 0.553 -10.2
19661225 0 0.25 0.553 -11
19661226 0.8 0.23 0.553 -13.7
19661227 0 0 0.553 -13.9
19661228 0.6 0.01 0.513 -9
19661229 1.7 0.2 0.513 -5.5
19661230 9.6 0.46 0.513 -9.7
19661231 0 0.22 0.513 -19.5
19670101 2.5 0 0.513 -6.3
19670102 9.2 0.33 0.513 -5.1
19670103 1.2 0.17 0.513 -6.6
19670104 3.9 0.19 0.513 -8.2
19670105 5.1 0.12 0.513 -19.4
19670106 0.4 0.06 0.513 -29.6
19670107 0 0.06 0.513 -32.5
19670108 0 0 0.476 -10.8
19670109 0.3 0.2 0.476 -11.9
19670110 4.1 0.2 0.476 -2.2
19670111 2.5 0.4 0.476 -4.7
19670112 0.8 0.25 0.44 -6.3
19670113 2 0.26 0.44 -2.6
19670114 2.6 0.22 0.44 -3.1
19670115 3.2 0.17 0.44 -2.9
19670116 3.5 0.58 0.44 -9.7
19670117 0 0.15 0.44 -6.4
19670118 0 0.19 0.44 -10.7
19670119 0.5 0.34 0.44 -5.8
19670120 0 0.15 0.44 -22.1
19670121 0 0.14 0.44 -24.5
19670122 0.2 0.12 0.44 -18
19670123 0.3 0.09 0.405 -29.8
19670124 0 0.04 0.405 -34
19670125 0 0 0.405 -21.6
19670126 0.4 0.14 0.373 -23.2
19670127 0 0.25 0.373 -17.9
19670128 0.2 0.47 0.373 -13
19670129 5.4 0.34 0.373 -20.3
19670130 0 0.27 0.373 -19.1
19670131 0.6 0.37 0.373 -13.8
19670201 1.8 0.26 0.373 -10.9
19670202 0 0.24 0.342 -14.1
19670203 1.1 0.21 0.342 -8.7
19670204 2.3 0.23 0.342 -3.2
19670205 0 0.51 0.342 -0.9
19670206 3.5 0.97 0.342 -3.4
19670207 4.4 0.07 0.342 -5.5
19670208 2.1 0.19 0.342 -5.4
19670209 1.2 0.28 0.342 -3.7
19670210 0.9 0.43 0.342 -0.6
19670211 0 0.56 0.342 -2.4
19670212 0 0.46 0.312 -15.8
19670213 0 0.07 0.312 -15.8
19670214 0 0.38 0.312 -9.5
19670215 0 0.29 0.284 -19.4
19670216 0 0.2 0.284 -17.7
19670217 0 0.28 0.284 -8.4
19670218 0.5 0.31 0.284 -7.5
19670219 1.5 0.34 0.284 -2.8
19670220 1.6 0.45 0.284 -1.7
19670221 2.3 0.64 0.284 -0.1
19670222 0.2 0.44 0.284 -5.3
19670223 0 0.1 0.284 -10.5
19670224 2.5 0.19 0.284 -4.6
19670225 0.1 0.36 0.284 -13.3
19670226 0.2 0.37 0.284 -6.4
19670227 3.5 0.45 0.284 -2.1
19670228 4.7 0.72 0.284 -0.4
19670301 1.1 0.51 0.284 -3.1
19670302 0 0.5 0.284 -5
19670303 0 0.47 0.284 -3.4
19670304 0.1 0.34 0.284 -2.1
19670305 0.1 0.51 0.284 2.1
19670306 0 0.38 0.284 -0.1
19670307 0.2 1 0.284 2.8
19670308 0 0.51 0.284 2.1
19670309 0.4 1.03 0.257 -0.2
19670310 0.5 0 0.257 0.4
19670311 4.9 1.17 0.257 1.7
19670312 1.1 0.94 0.257 1.2
19670313 0 0.68 0.257 -4.1
19670314 0.1 0.42 0.257 -5
19670315 1.8 0.46 0.257 0.2
19670316 2.7 0.35 0.257 -2.6
19670317 1 0.21 0.257 -7.5
19670318 5.4 0.33 0.257 -4.5
19670319 0.5 0.11 0.257 -2.5
19670320 0.7 0.45 0.257 -4.1
19670321 0.5 1.18 0.257 1.6
19670322 1.5 0.99 0.257 -3.8
19670323 0.3 0.48 0.257 -6.3
19670324 0 0.47 0.257 -8.1
19670325 0 0.35 0.257 -9.1
19670326 3.9 0.39 0.257 -0.8
19670327 4.6 0.83 0.257 -0.7
19670328 4.2 0.38 0.257 -0.8
19670329 2.2 0.65 0.257 -1
19670330 2.9 0.63 0.257 -2.9
19670331 0 0.63 0.257 -2.7
19670401 0.2 0.47 0.257 -6.3
19670402 0.4 0.4 0.257 -6.7
19670403 2.3 0.41 0.257 -1.6
19670404 0.6 0.49 0.257 -2.7
19670405 2.5 0.63 0.257 -0.5
19670406 2.1 0.68 0.257 -1.4
19670407 0.4 0.35 0.257 -2.1
19670408 0 0.56 0.257 0.9
19670409 0 0.75 0.257 0
19670410 0 0.53 0.257 0.2
19670411 0 0.47 0.257 -0.5
19670412 0 0.64 0.257 2.2
19670413 0 0.56 0.257 -0.5
19670414 0.5 0.65 0.257 3
19670415 0 1.33 0.257 3.3
19670416 0.3 0.57 0.284 2.1
19670417 0.2 0.74 0.284 -2.3
19670418 1.6 0.45 0.284 -4.1
19670419 0.7 0.63 0.284 -3.9
19670420 1.4 0.47 0.284 -4
19670421 2.5 0.43 0.312 -4.5
19670422 0.1 0.43 0.312 -6.8
19670423 0 0.37 0.342 -3.4
19670424 0.2 0.53 0.342 -2.9
19670425 0 0.76 0.342 -1.2
19670426 0 0.72 0.342 2.8
19670427 0 0.57 0.373 3.2
19670428 0 1.34 0.373 4.3
19670429 1.1 0.65 0.373 -2.1
19670430 1.5 0.55 0.405 -2.5
19670501 0.2 0.84 0.405 -2
19670502 2.3 0.47 0.405 -2.7
19670503 0.5 0.51 0.405 -2.6
19670504 1.3 0.54 0.405 -0.4
19670505 0 0.69 0.405 -0.5
19670506 0 1.61 0.405 3
19670507 0 1.42 0.44 1.6
19670508 0.9 1.05 0.476 4.3
19670509 0 1.01 0.553 3.4
19670510 0 0.76 0.637 5.8
19670511 0.5 0.74 0.681 4.5
19670512 2.1 0.62 1.164 4.1
19670513 7.2 0.51 2.052 4.8
19670514 8.4 0.66 3.36 3.3
19670515 3.1 0.92 5.818 4.3
19670516 0.3 0.63 7.533 3.9
19670517 6.4 0.46 10.829 3.7
19670518 1.7 0.31 13.25 2.5
19670519 33.7 1.31 13.25 0.4
19670520 0.3 0.79 13.508 4.5
19670521 0 1.04 14.032 4.6
19670522 0 1.14 14.568 5.3
19670523 0.5 1.2 15.395 8.3
19670524 0 0.96 28.726 8
19670525 8.2 0.62 38.375 6
19670526 13.3 0.75 41.051 7.5
19670527 3.2 0.72 40.598 7.3
19670528 1.6 0.68 26.572 8.8
19670529 0 2.15 25.876 12.3
19670530 0 1.2 26.572 13.9
19670531 0 1.19 26.924 10.4
19670601 2.7 0.67 25.191 9.1
19670602 1.8 1.32 24.184 13
19670603 1.6 1.5 23.202 12.3
19670604 0 1.01 22.56 7.8
19670605 2.8 1.24 21.004 5.9
19670606 0.2 0.65 16.728 5.3
19670607 4.1 0.97 14.032 5.6
19670608 0.9 0.93 13.768 4.5
19670609 0.6 0.88 12.743 4.7
19670610 0.7 0.74 9.301 5.9
19670611 4.2 0.99 8.098 5.8
19670612 0.3 1.52 7.907 9.9
19670613 0 1.26 7.719 12.4
19670614 0 0.92 6.816 8.5
19670615 0 1.14 6.473 12
19670616 0 1.68 5.978 12.7
19670617 0 2.03 5.661 9.2
19670618 0 2.73 5.506 10.7
19670619 0 1.45 5.353 13.8
19670620 0 2.35 5.204 13.5
19670621 2.6 2.92 4.911 11.2
19670622 3.7 2.32 4.629 6.8
19670623 1.1 1.13 4.356 5.6
19670624 2.2 1.42 4.093 6.3
19670625 0.5 0.49 3.839 4.6
19670626 2.6 0.48 3.595 6.5
19670627 4.9 1.23 3.36 8.4
19670628 0.5 2.47 3.246 12.2
19670629 4.4 1.38 3.024 10.8
19670630 2.4 1.37 2.917 7.7
19670701 1.4 0.98 2.917 6.3
19670702 0.4 1.73 2.917 11.2
19670703 0 2.03 2.917 12.7
19670704 3.2 0.76 2.917 7.1
19670705 14.2 1.05 3.024 7.3
19670706 1.3 1.11 5.204 11.8
19670707 1.4 2 5.056 16
19670708 0 1.87 4.769 14.6
19670709 0 1.12 4.093 13.6
19670710 0.9 1.97 3.476 13.4
19670711 0 2.84 3.024 9.7
19670712 0.5 1.5 2.917 7.4
19670713 0.2 1.29 2.609 8
19670714 7.1 1.28 2.321 9.2
19670715 2.9 2.36 2.052 9.8
19670716 0 1.72 1.883 13.1
19670717 0 2.28 1.802 14.3
19670718 0 2.72 1.646 16.5
19670719 0 3.14 1.646 15.4
19670720 13.3 1.07 1.571 12
19670721 6.4 0.84 1.646 10.1
19670722 3.9 0.92 2.052 7.2
19670723 0.3 0.71 2.052 7.6
19670724 0 1.54 1.967 9.9
19670725 0.6 2.57 1.967 13.8
19670726 4.5 1.66 1.802 12.1
19670727 0.5 1.37 1.802 15.2
19670728 6.5 2.7 1.723 13.2
19670729 0.7 1.8 1.646 12.3
19670730 0.2 1.61 1.571 9.8
19670731 0.5 1.32 1.571 14.9
19670801 0 1.11 1.571 15.2
19670802 0 1.08 1.571 16
19670803 0.4 1.33 1.646 15.7
19670804 14.6 0.82 1.802 11.7
19670805 3.5 1.06 1.967 9.6
19670806 3.4 1.08 1.802 7.2
19670807 0.1 1.59 1.723 7.7
19670808 0 0.94 1.802 6.5
19670809 0 1.77 1.883 12.1
19670810 0 1.15 1.883 11.2
19670811 0.2 1.13 2.052 12.8
19670812 15 0.72 2.139 11.3
19670813 19.4 1.32 2.229 12.7
19670814 14.1 1.38 2.321 11.6
19670815 0.7 0.98 2.415 11.7
19670816 1 1.03 2.415 12.7
19670817 5.2 1.41 2.415 10.7
19670818 1.2 0.99 2.511 7.8
19670819 3.5 0.94 2.609 7.1
19670820 0.2 0.77 2.511 6.7
19670821 3.1 0.38 2.415 8.2
19670822 1.3 0.82 2.415 11
19670823 0 0.97 2.415 11
19670824 0 1.16 2.321 11.4
19670825 0 1.1 2.229 11
19670826 0 1.32 2.139 11
19670827 0 0.57 2.139 10.8
19670828 0 1.43 2.139 11.7
19670829 0 1.23 2.052 11.7
19670830 3.2 0.63 1.967 10.7
19670831 9.7 0.5 1.883 9.5
19670901 9.9 0.7 1.802 8.6
19670902 0.2 0.71 1.723 9.2
19670903 9.3 1.16 1.646 9.3
19670904 3.9 1.88 1.646 10.1
19670905 1.8 1.03 1.571 9.9
19670906 9.9 1.55 1.646 10.6
19670907 2.4 1.98 1.723 10.6
19670908 0.1 0.59 1.802 6.7
19670909 0.2 1.09 1.723 7.1
19670910 0 0.53 1.723 6
19670911 0 0.74 1.646 9.8
19670912 0 0.55 1.571 7.9
19670913 0 1.75 1.571 8.6
19670914 0 0.56 1.498 8.6
19670915 0 0.55 1.498 8.3
19670916 0 0.68 1.498 8.3
19670917 0 0.7 1.498 6.9
19670918 0 0.75 1.427 9.6
19670919 0.7 0.73 1.427 7.4
19670920 0.9 0.58 1.359 8.7
19670921 1.2 0.72 1.292 8.7
19670922 0.3 0.47 1.292 6.8
19670923 0.2 0.63 1.227 6.2
19670924 0 0.61 1.164 7.2
19670925 0 0.72 1.164 3.9
19670926 0.5 0.55 1.102 6.6
19670927 0 0.89 1.102 6.3
19670928 0 1.32 1.043 4.6
19670929 0 1.21 0.931 5.6
19670930 0 0.84 0.931 5.3
19671001 5.5 1.44 0.931 8
19671002 0 1.39 0.986 10.1
19671003 15.1 1.28 1.043 3.9
19671004 7.5 0.5 1.292 6.5
19671005 13.7 0.83 1.498 5.4
19671006 0.7 0.68 1.646 2
19671007 0.3 0.23 1.723 2.1
19671008 11.1 0.37 1.723 4.5
19671009 0.4 0.72 1.883 3.2
19671010 3.2 0.59 2.052 2.7
19671011 0.3 0.9 2.229 2.9
19671012 1.1 1.04 2.415 5.6
19671013 0 0.39 2.609 -0.9
19671014 17.2 0.5 2.917 2.5
19671015 8 0.78 3.36 7.5
19671016 6.8 0.64 3.36 -1.1
19671017 6.4 0.53 3.246 -5.9
19671018 0 0.68 3.134 -5.7
19671019 2.5 0.57 3.024 -1.8
19671020 0.2 0.18 2.917 -5
19671021 3.3 0.3 2.917 -0.2
19671022 0 0.47 2.709 0.1
19671023 0 0.35 2.609 -3.6
19671024 3.8 0.51 2.609 1.6
19671025 0 0.22 2.609 -3.6
19671026 12.1 0.73 2.709 5.2
19671027 1.7 1.35 2.812 4.8
19671028 0 0.11 2.812 1.5
19671029 9.2 0.35 2.917 1.7
19671030 7.4 0.52 3.024 0.8
19671031 0 0.42 2.917 -3.5
19671101 0 0.2 2.812 -4.4
19671102 5.4 0.32 2.609 -0.3
19671103 2.6 0.14 2.511 1.7
19671104 3.5 0.64 2.321 3.6
19671105 3.1 0.9 2.229 1.9
19671106 4.8 0.33 2.229 2.3
19671107 1.6 0.51 2.139 1.4
19671108 6.7 0.36 2.052 -1.9
19671109 0.2 0.45 2.052 -0.8
19671110 0.3 0.62 1.967 1.1
19671111 0.1 0.21 1.883 0.5
19671112 9.1 0.48 1.723 -2.9
19671113 1.6 0.22 1.646 -3.1
19671114 1.3 0.12 1.571 -2.9
19671115 1.9 0.38 1.427 -6.1
19671116 0 0.25 1.359 -3
19671117 0.3 0.48 1.292 -0.7
19671118 4.2 0.35 1.164 -0.4
19671119 0.7 0.25 1.102 -3.1
19671120 0 0.34 1.043 -3.6
19671121 0 0.27 0.986 0
19671122 0.4 0.59 0.931 3.7
19671123 0.2 0.39 0.877 -0.8
19671124 0 0.12 0.877 -2.4
19671125 0.2 0.36 0.825 -7.8
19671126 0.3 0.18 0.776 -1.6
19671127 0 0.44 0.776 -1.2
19671128 1.3 0.53 0.727 -1.8
19671129 5.7 0.36 0.776 -4.1
19671130 0 0.32 0.776 -4.8
19671201 1.7 1.01 0.825 -0.2
19671202 1.4 0.37 0.825 3.1
19671203 0 0.64 0.825 -0.5
19671204 3.4 0.64 0.825 -2.9
19671205 3.7 0.48 0.825 -5.8
19671206 5.1 0.34 0.825 -8
19671207 0.7 0.31 0.877 -18.1
19671208 0.1 0.08 0.877 -30.5
19671209 0 0 0.877 -20
19671210 0.2 0.17 0.877 -17.5
19671211 0.3 0.21 0.877 -23.6
19671212 0 0.14 0.877 -19.8
19671213 5.7 0.04 0.877 -7.2
19671214 1 0.23 0.877 -2.3
19671215 0.3 0.61 0.877 -3
19671216 1.4 0.16 0.877 -5.7
19671217 5.1 0.27 0.877 -11.1
19671218 0 0.18 0.877 -9.7
19671219 0.5 0.29 0.877 -9.1
19671220 0.4 0.2 0.825 -8.2
19671221 1.1 0.16 0.825 -11.1
19671222 5.1 0.27 0.825 -9.9
19671223 8.5 0.3 0.825 -10.5
19671224 3.2 0.27 0.776 -10.9
19671225 7 0.25 0.776 -11.7
19671226 0 0.12 0.776 -22.2
19671227 1.3 0.23 0.776 -12.8
19671228 7.7 0.22 0.727 -5.4
19671229 0.9 0.26 0.727 -5.9
19671230 0.3 0.43 0.727 -11.4
19671231 1.1 0.23 0.727 -11.4
19680101 0.1 0.15 0.681 -24.8
19680102 0 0.1 0.681 -31.8
19680103 0 0.04 0.681 -28.1
19680104 1.4 0 0.681 -12.1
19680105 0.2 0.17 0.681 -18.4
19680106 0 0.16 0.681 -18.4
19680107 0 0.23 0.637 -16.4
19680108 0.1 0.29 0.637 -21.5
19680109 2 0.25 0.637 -9.1
19680110 1.1 0.29 0.594 -10.7
19680111 0.1 0.27 0.594 -25.7
19680112 0 0.08 0.594 -24.6
19680113 1.1 0.05 0.594 -13.4
19680114 1.5 0 0.553 -9
19680115 4.5 0.11 0.553 -9.1
19680116 4.1 0.17 0.553 -8.4
19680117 1.2 0.33 0.513 -10.2
19680118 1.6 0.32 0.513 -17
19680119 0 0.11 0.513 -12.8
19680120 0.1 0.24 0.513 -6.9
19680121 0 0.22 0.476 -9.3
19680122 1.6 0.09 0.476 -0.8
19680123 0.1 0.47 0.476 -0.4
19680124 10.1 0.24 0.476 -3.7
19680125 0.2 0.41 0.476 -4.8
19680126 0.6 0.19 0.476 -9.2
19680127 0.1 0.16 0.476 -6.6
19680128 0 0.33 0.476 -12
19680129 0.1 0.32 0.476 -3.7
19680130 0.2 0.31 0.476 -8.9
19680131 0 0.28 0.476 -7.8
19680201 4.2 0.02 0.476 -6.3
19680202 3.6 0.26 0.476 -15.9
19680203 0 0.17 0.476 -12.6
19680204 0.5 0.29 0.476 -14
19680205 0.7 0 0.476 -6.7
19680206 0.2 0.31 0.476 -7.4
19680207 3.7 0.28 0.476 -8.2
19680208 6 0.31 0.476 -10
19680209 0.2 0.07 0.476 -12.7
19680210 0 0.23 0.476 -8.2
19680211 0 0.16 0.476 -6.2
19680212 0 0.33 0.476 -11.4
19680213 0.2 0.11 0.476 -7.9
19680214 1.5 0.38 0.44 -7.5
19680215 0.6 0.42 0.44 -12.5
19680216 0.5 0.25 0.44 -12.2
19680217 0 0.36 0.44 -12.2
19680218 0 0.32 0.405 -9
19680219 0 0.25 0.405 -8.3
19680220 0.4 0.35 0.405 -5.4
19680221 0.1 0.45 0.373 -7.9
19680222 0 0.4 0.373 -23
19680223 0 0.15 0.373 -20.8
19680224 0.1 0.16 0.373 -9.7
19680225 0 0.22 0.342 -9.1
19680226 0.2 0.14 0.342 1.8
19680227 0.3 0.62 0.342 -0.1
19680228 0 0.29 0.342 -9.2
19680229 0 0.2 0.312 -13.7
19680301 0 0.44 0.312 -10.6
19680302 0.1 0.24 0.312 -15.2
19680303 0.1 0.31 0.312 -12
19680304 0.6 0.24 0.284 -6.4
19680305 0.7 0.36 0.284 0.2
19680306 1.9 1.01 0.284 -7
19680307 0 0.15 0.284 -3.2
19680308 0 0.52 0.284 -0.4
19680309 2.2 0.57 0.312 -9
19680310 0.4 0.12 0.312 -8.5
19680311 1.7 0.24 0.342 -7.2
19680312 1.8 0.32 0.342 -4.7
19680313 0.2 0.76 0.342 0.1
19680314 0 0.61 0.312 -9.1
19680315 0.7 0.27 0.312 -15.2
19680316 0 0.39 0.312 -16.2
19680317 5.7 0.31 0.312 -5.4
19680318 2.6 0.51 0.312 -7.7
19680319 0 0.68 0.312 -10.1
19680320 2.4 0.6 0.312 -3.2
19680321 0 0.69 0.284 -7.3
19680322 0 0.1 0.284 -3.2
19680323 2.5 0.44 0.284 -3.6
19680324 1.2 0.45 0.284 2.3
19680325 0.9 0.7 0.284 1.6
19680326 1.3 0.84 0.284 0.9
19680327 0 1.43 0.312 4.4
19680328 0 1.07 0.312 2.8
19680329 0 0.77 0.312 0.9
19680330 1.7 0.48 0.284 0.8
19680331 0 0.59 0.284 -2.7
19680401 0 0.6 0.284 -6.3
19680402 0.4 0.22 0.284 -10
19680403 6.7 0.41 0.284 -2.2
19680404 5.9 0.61 0.284 -3.9
19680405 0.4 0.6 0.312 -3.1
19680406 0 0.39 0.312 -8.8
19680407 0.3 0.43 0.312 -8.2
19680408 0 0.5 0.312 -7.7
19680409 0 0.47 0.312 -7.5
19680410 0 0.42 0.312 -5.2
19680411 1.8 0.37 0.312 -0.9
19680412 0.5 0.26 0.312 1.3
19680413 0.3 0.37 0.312 1.6
19680414 0 0.56 0.312 2.2
19680415 0 0.37 0.312 -1.1
19680416 0 0.47 0.342 -0.6
19680417 0 0.7 0.342 -0.9
19680418 0 0.71 0.44 0.5
19680419 0 0.42 0.44 2.2
19680420 0.5 0.82 0.476 5.9
19680421 0.6 0.54 0.553 4
19680422 0 0.73 0.681 5.1
19680423 0 0.42 0.825 3.4
19680424 6.4 0.6 0.931 3.3
19680425 0 1.05 1.043 5.4
19680426 0 1.39 1.646 6.9
19680427 0.1 0.63 3.024 3.2
19680428 0 1.09 4.356 7.1
19680429 0 1.03 5.661 5.7
19680430 0 1.15 14.032 6.4
19680501 0 0.74 18.088 3.1
19680502 5.6 0.47 16.201 -0.6
19680503 5.9 0.37 12.995 0
19680504 4.8 0.54 10.602 0.9
19680505 1.5 0.87 8.889 1.3
19680506 4.1 1.07 7.907 3.9
19680507 0.4 1.5 6.643 4.6
19680508 5.5 1.48 5.056 -0.3
19680509 0.1 1.09 4.093 -0.8
19680510 0 0.52 4.491 0.4
19680511 5.1 0.68 4.911 4.2
19680512 5.6 0.46 5.661 3.8
19680513 11.2 0.66 6.816 3.5
19680514 3.4 0.54 6.643 2
19680515 4.1 0.86 5.661 1.9
19680516 0.2 0.68 5.056 2
19680517 0.5 1 5.204 3.5
19680518 0 1.23 5.056 2.8
19680519 0 1.25 4.769 1.3
19680520 0 0.91 4.491 1.2
19680521 0 1.15 3.965 0
19680522 0.2 1.07 3.595 1.7
19680523 0 0.64 3.476 3.6
19680524 0 1.1 3.965 4.2
19680525 0 0.86 5.204 2.9
19680526 0 1.15 6.306 3.8
19680527 0 1.64 7.169 6.9
19680528 0 1.59 8.292 8.2
19680529 0 1.16 10.157 8
19680530 0 0.97 12.743 7.1
19680531 0 1.5 14.032 10.4
19680601 0 1 15.942 11.4
19680602 0 2.63 18.936 13.7
19680603 0 2.68 18.936 14.9
19680604 0 2.96 18.368 12.5
19680605 0.3 1.26 17.811 11.5
19680606 6.3 1.43 17.536 11.4
19680607 7.6 1.46 16.728 8.7
19680608 0.1 1.81 15.395 7.6
19680609 0.4 1.63 11.29 5.5
19680610 0.1 1.08 10.157 6.3
19680611 0 1.08 9.301 8.1
19680612 0 1.49 8.687 15.1
19680613 0 2.28 7.533 16.1
19680614 0 0.93 6.643 15.4
19680615 0 2.81 6.306 11.4
19680616 0 2.61 5.818 12.8
19680617 0 1.2 5.353 13.9
19680618 0 1.43 4.911 15.3
19680619 24.9 0.82 4.491 13.3
19680620 2.3 1.1 4.356 12.6
19680621 0.8 0.86 4.223 12.1
19680622 1.5 1.71 3.965 10.9
19680623 0.4 0.66 3.716 9.9
19680624 4.7 2.12 3.595 11.7
19680625 3.2 2.27 3.476 11.7
19680626 0.2 1.42 3.476 7.8
19680627 8 1.01 3.36 8.8
19680628 10.2 1.34 3.246 8.3
19680629 2.1 1.19 3.134 6.9
19680630 0.1 1.29 3.134 8.4
19680701 0 1.16 3.024 17.1
19680702 0 3.89 2.917 22
19680703 0 6.1 2.709 23
19680704 0 3 2.511 13.3
19680705 0 0.59 2.321 9.6
19680706 2.7 1.01 2.229 10.6
19680707 5.6 1.24 2.139 12.7
19680708 5.4 1.49 2.052 8.8
19680709 0 1.18 1.967 7
19680710 0.2 1.66 1.883 7.7
19680711 2.7 0.92 1.723 6.9
19680712 2.9 1.44 1.646 7
19680713 2.4 1.1 1.571 7.3
19680714 0.1 1.27 1.498 8.8
19680715 0.2 1.77 1.359 11.8
19680716 0 1.27 1.292 12.1
19680717 0 1.82 1.292 11
19680718 0.5 1.24 1.227 11
19680719 0.7 1.07 1.164 9.1
19680720 0 1.18 1.102 9.5
19680721 0 0.89 1.043 8.1
19680722 0 1.33 0.986 11
19680723 0 1.39 0.931 9.4
19680724 0 1.28 0.825 9.9
19680725 0 1.5 0.825 10.5
19680726 0.1 1.06 0.727 10.5
19680727 0 1.32 0.727 9.5
19680728 0 0.89 0.727 10.4
19680729 0 1.62 0.681 11.7
19680730 0 0.81 0.681 14.6
19680731 0.4 1.07 0.681 12.4
19680801 3.2 1.09 0.637 9.7
19680802 0 1.41 0.637 10.3
19680803 0 1.27 0.637 10.7
19680804 0 0.89 0.637 12.1
19680805 0 1.39 0.637 12.6
19680806 0.5 1.07 0.594 15.1
19680807 1.1 1.29 0.594 10.8
19680808 0 1.55 0.594 11.4
19680809 0 1.64 0.553 11.1
19680810 0 1.33 0.553 11.1
19680811 0 1.27 0.553 7.9
19680812 0 1.03 0.513 7.5
19680813 0.1 0.84 0.513 6
19680814 1.3 0.77 0.513 6.3
19680815 1.6 1.35 0.513 7.4
19680816 0 1.09 0.513 6.8
19680817 0 1 0.513 7.6
19680818 6.7 1.18 0.513 7.8
19680819 0 1.34 0.513 7.2
19680820 0 1.62 0.513 7.2
19680821 0 1.16 0.476 10.5
19680822 0 1.17 0.476 12.1
19680823 0 1.78 0.476 15.9
19680824 0 1.43 0.476 12.5
19680825 0 1.21 0.476 14.7
19680826 0 1.61 0.476 14.4
19680827 0 1.2 0.476 14.4
19680828 0 1.29 0.476 11
19680829 0.6 1.05 0.476 9.5
19680830 0 0.69 0.476 10.4
19680831 0 1.06 0.476 11.6
19680901 3.2 0.24 0.476 10.9
19680902 15 1.17 0.476 14.8
19680903 0.2 1.86 0.476 15.8
19680904 0 1.48 0.476 15.4
19680905 0 1.66 0.476 16.6
19680906 0 2.02 0.476 15.2
19680907 9.6 1.01 0.476 12.1
19680908 0 0.55 0.476 10.6
19680909 0 0.59 0.476 11.3
19680910 0 0.56 0.44 10.4
19680911 0.7 1.04 0.476 9.5
19680912 0 1.42 0.476 7.3
19680913 0.1 0.78 0.476 0.7
19680914 0 0.81 0.476 2.1
19680915 0 0.82 0.476 5.2
19680916 0 1.11 0.476 5.3
19680917 0 0.85 0.476 3.7
19680918 0.5 1 0.476 3.6
19680919 0 0.75 0.476 3.8
19680920 0.3 0.5 0.476 4.4
19680921 0.2 0.43 0.476 4.7
19680922 4.9 0.61 0.476 5
19680923 0 0.62 0.476 4.7
19680924 0.1 0.89 0.476 0.9
19680925 0 0.54 0.476 -1.5
19680926 0 1.02 0.476 -3
19680927 0.1 0.91 0.476 4.5
19680928 0.1 1.09 0.476 6.5
19680929 2.6 1.38 0.476 8.7
19680930 9.1 1.42 0.476 7.6
19681001 2.5 0.59 0.637 4.8
19681002 2.5 0.94 0.681 3
19681003 0.1 0.99 0.825 6.1
19681004 0.1 1.27 0.825 -0.3
19681005 0.6 0.51 0.825 -2.9
19681006 0 0.5 0.825 -3.7
19681007 0 0.47 0.825 -0.9
19681008 0 0.65 0.877 0.8
19681009 0 0.76 0.877 0
19681010 0 0.75 0.877 -3.1
19681011 0.1 0.75 0.877 0.1
19681012 6 0.36 0.877 1.6
19681013 10.1 0.36 0.877 2.1
19681014 1.9 0.62 0.877 1.3
19681015 0.3 0.42 0.877 0.4
19681016 2.5 0.59 0.877 1.1
19681017 2.2 0.81 0.931 0.6
19681018 0.1 0.46 0.986 -1.3
19681019 0 0.72 0.986 -2.6
19681020 0 0.23 0.986 -0.7
19681021 2.1 0.68 0.931 4.1
19681022 0.2 0.37 0.931 4.4
19681023 0 0.56 0.931 1.5
19681024 0 0.69 0.931 -4
19681025 0 0.31 0.931 -1.5
19681026 2.8 0.35 0.931 -0.9
19681027 0 0.34 0.931 -7.3
19681028 12.3 0.53 0.931 -2.8
19681029 9.6 0.22 0.931 1.9
19681030 3.9 1.18 0.931 -3.9
19681031 0.8 0.26 0.931 -7.8
19681101 1.2 0.27 0.931 -9.3
19681102 2.4 0.24 0.931 -8.2
19681103 4.6 0.3 0.931 -8.5
19681104 4.5 0.24 0.877 -8.8
19681105 0.1 0.2 0.877 -4.3
19681106 0.2 0.32 0.877 -4.8
19681107 0 0.34 0.825 -13.9
19681108 0 0.11 0.825 -22.1
19681109 0 0.09 0.825 -25.2
19681110 0 0.09 0.776 -24.1
19681111 0 0.12 0.776 -12.9
19681112 0 0.26 0.727 -19.3
19681113 0 0.18 0.727 -21.8
19681114 0 0.1 0.681 -24.2
19681115 0 0.09 0.681 -25.8
19681116 0 0.1 0.681 -19.1
19681117 0 0.19 0.637 -12.2
19681118 0 0.29 0.637 -18.7
19681119 0.1 0 0.637 -8.9
19681120 0.1 0.19 0.637 -8.2
19681121 0 0.23 0.594 -14.7
19681122 1.2 0.09 0.594 -3
19681123 3.8 0.47 0.594 1.9
19681124 6.2 0.35 0.594 0.5
19681125 2.8 0.4 0.553 -7.6
19681126 0.9 0 0.553 1.2
19681127 0.1 0.77 0.553 -12.1
19681128 0 0.12 0.513 -10.4
19681129 0 0 0.513 -1.4
19681130 0 0.25 0.513 -11.5
19681201 0 0.01 0.476 -11.7
19681202 0 0.11 0.476 -11.8
19681203 0 0.2 0.476 -10.9
19681204 0 0.22 0.476 -13.8
19681205 0 0.17 0.476 -6.9
19681206 0 0.44 0.476 -5.6
19681207 0.5 0.44 0.44 -0.5
19681208 0 0.24 0.44 -3.3
19681209 0 0.35 0.44 -7.6
19681210 0 0.29 0.44 -12.5
19681211 0 0.14 0.405 -15.9
19681212 0.2 0.18 0.405 -5.3
19681213 0 0.19 0.405 -15.4
19681214 0 0.12 0.405 -21.5
19681215 0 0.15 0.405 -17.2
19681216 0 0.06 0.405 -15.7
19681217 0.2 0.11 0.405 -12.7
19681218 0 0.15 0.405 -9.8
19681219 4.4 0.18 0.405 -8.8
19681220 1.7 0.36 0.405 -16.7
19681221 4.1 0.38 0.405 -2.2
19681222 0.4 0.53 0.373 -5.6
19681223 0 0.7 0.373 -3.6
19681224 1.5 0.32 0.373 -2.8
19681225 2.6 0.37 0.373 -16.3
19681226 0 0.09 0.373 -19.5
19681227 0 0 0.373 -13.5
19681228 0 0.13 0.373 -9.9
19681229 7.2 0.21 0.342 -10.2
19681230 2.1 0.27 0.342 -7.5
19681231 0.2 0.28 0.342 -9.2
19690101 0 0.2 0.342 -13.7
19690102 4.6 0.27 0.342 -3.3
19690103 0 0.57 0.342 -8.3
19690104 0.2 0.08 0.342 -1.2
19690105 3 0.66 0.342 -2.5
19690106 2.8 0.45 0.342 -5.9
19690107 0 0.05 0.342 -9.1
19690108 0 0.33 0.342 -18.5
19690109 0.2 0.09 0.342 -25.5
19690110 0.3 0.08 0.342 -25.6
19690111 0.1 0.11 0.342 -19
19690112 0.5 0.11 0.312 -19.5
19690113 0.5 0.16 0.312 -18.6
19690114 3.2 0.27 0.312 -9.6
19690115 1.6 0.22 0.312 -4.5
19690116 2.3 0.29 0.312 -4.6
19690117 9.1 0.28 0.312 -1.9
19690118 3.8 0.43 0.284 -2.4
19690119 2.1 0.52 0.284 -8.2
19690120 1.2 0.33 0.284 -9
19690121 0.1 0.3 0.284 -11.4
19690122 0.5 0.36 0.284 -8.2
19690123 0 0.21 0.284 -6.1
19690124 0.3 0.23 0.284 -11.3
19690125 0.4 0.17 0.284 -14.4
19690126 1.1 0.17 0.257 -9
19690127 0.5 0.2 0.257 -7.4
19690128 0.2 0.31 0.257 -3.5
19690129 0.5 0.28 0.257 -3.4
19690130 0 0.3 0.257 -2.9
19690131 1.1 0.56 0.257 -3.4
19690201 0 0.45 0.257 -7.2
19690202 0 0.13 0.257 -23
19690203 0 0.13 0.257 -15
19690204 0.1 0.21 0.257 -16.6
19690205 0 0.24 0.257 -6.7
19690206 0 0.09 0.257 -5.5
19690207 1.8 1.1 0.257 -6
19690208 0.8 0.25 0.257 -8.8
19690209 3.6 0.22 0.257 -10
19690210 0.1 0.27 0.232 -14.3
19690211 0.5 0.3 0.232 -16.1
19690212 0.6 0.11 0.232 -23.9
19690213 0.6 0.09 0.232 -24
19690214 0.6 0.07 0.232 -21.8
19690215 2.1 0.2 0.232 -18.7
19690216 0.4 0.16 0.232 -28.7
19690217 0 0.17 0.232 -26.6
19690218 0.8 0.26 0.232 -18.7
19690219 0.2 0.16 0.232 -15.4
19690220 0.1 0.2 0.209 -16.2
19690221 0.5 0.22 0.209 -25.4
19690222 0.1 0.24 0.209 -17
19690223 0 0.12 0.209 -13.9
19690224 0 0.2 0.209 -7.1
19690225 0.2 0.53 0.209 -9.7
19690226 0.1 0.15 0.209 -20.7
19690227 0.1 0.13 0.209 -21.6
19690228 0 0.17 0.209 -17.6
19690301 0 0.25 0.209 -15.1
19690302 0 0.48 0.209 -15.5
19690303 0 0.15 0.209 -14.9
19690304 0 0.26 0.209 -8.4
19690305 0.1 0 0.209 -2.4
19690306 0.1 1.33 0.209 -3.2
19690307 0.1 0.61 0.209 -9.6
19690308 0.1 0.35 0.209 -10.2
19690309 1.9 0.19 0.187 -10.8
19690310 4.3 0.26 0.187 -8.2
19690311 0 0.19 0.187 -19.3
19690312 0 0.33 0.187 -16.1
19690313 0 0.4 0.187 -21.2
19690314 0 0.57 0.187 -21.7
19690315 0 0.49 0.187 -13.4
19690316 0 0.49 0.187 -10.8
19690317 0 0.46 0.187 -10
19690318 0 0.51 0.187 -15.7
19690319 0 0.48 0.187 -14.8
19690320 0 0.2 0.187 -13.3
19690321 0 0.32 0.187 -14.8
19690322 0 0.63 0.187 -14
19690323 0 0.64 0.187 -12.9
19690324 0 0.73 0.166 -7.4
19690325 0 0.38 0.166 -6.8
19690326 0 0.23 0.166 -11
19690327 0 0.4 0.166 -10.7
19690328 0 0.51 0.166 -9
19690329 0 0.51 0.166 -3.1
19690330 0.9 0.36 0.166 -0.3
19690331 8.7 0.67 0.166 -2.8
19690401 5.4 0.7 0.166 -3.3
19690402 0.1 0.62 0.166 -2.7
19690403 0 0.66 0.166 2.7
19690404 0 1.11 0.166 1.9
19690405 0 1.12 0.166 1.4
19690406 0 0.68 0.166 3.5
19690407 0 0.61 0.166 3.6
19690408 0.1 0.84 0.187 4.2
19690409 0 0.46 0.187 3.4
19690410 1 0.69 0.187 2.7
19690411 2.6 0.89 0.209 0.6
19690412 0 0.43 0.209 -3.1
19690413 4.8 0.5 0.209 -1.5
19690414 2.6 0.76 0.232 -1.4
19690415 0 0.62 0.232 -4
19690416 0.2 0.61 0.257 -4.9
19690417 0.1 0.45 0.257 -4
19690418 1.9 0.32 0.257 -4.1
19690419 4.6 0.74 0.257 -1.6
19690420 0.1 0.87 0.284 -1.3
19690421 10.4 0.8 0.284 2.2
19690422 0 1.2 0.284 1.2
19690423 0 1.32 0.284 1.9
19690424 0 0.84 0.312 1.7
19690425 0 1.11 0.312 2.7
19690426 0.6 0.86 0.342 3.1
19690427 0.5 0.41 0.342 2.6
19690428 4.3 1.33 0.405 4.7
19690429 0 0.88 0.44 2.3
19690430 1.5 1.27 0.476 -0.4
19690501 0.2 0.87 0.553 -0.6
19690502 0 0.89 0.637 -0.1
19690503 0 1.16 0.727 0.8
19690504 0 1.44 1.292 0.5
19690505 0 1.07 1.646 6
19690506 0 1.1 2.052 5.3
19690507 0 1.83 2.321 5.3
19690508 1.3 0.65 2.609 3.8
19690509 8 0.48 2.812 5
19690510 0.4 0.48 5.661 5.3
19690511 0 0.66 7.35 5.1
19690512 0 0.76 9.511 2.9
19690513 0 1.13 13.768 3.9
19690514 0.7 0.94 13.768 7.5
19690515 0.9 0.77 13.508 3.4
19690516 0.1 1.09 12.995 2.5
19690517 0 1.11 12.743 3.8
19690518 0.1 0.78 12.743 3.5
19690519 0.2 0.88 12.995 4.9
19690520 0.8 0.81 13.508 3.2
19690521 0 0.59 13.508 4.9
19690522 0.6 1.01 13.508 6.9
19690523 0 1.05 14.032 6.6
19690524 0 0.7 14.568 8.3
19690525 0 1.33 15.116 10.7
19690526 0 1.12 15.116 11.2
19690527 0 1.15 15.116 12.6
19690528 0 1.38 14.568 11.9
19690529 0 2.09 12.743 10.8
19690530 13.8 0.76 11.525 7.4
19690531 2.8 0.96 10.378 9.5
19690601 5.6 1.13 8.292 4.2
19690602 0.7 0.9 7.169 3.8
19690603 0.1 1.09 5.661 2
19690604 0 1.38 4.769 1.7
19690605 0 1.52 4.223 5.8
19690606 0 1.08 3.965 6.3
19690607 0 1.34 3.476 9.9
19690608 0 0.49 3.36 9.1
19690609 0.2 1.06 3.36 13
19690610 0.1 1.33 3.246 11.6
19690611 0 1.94 3.134 10.9
19690612 0 1.92 3.134 13.1
19690613 0.9 2.57 3.134 14.3
19690614 0 2.19 3.024 9.8
19690615 0 2.52 2.917 12.1
19690616 0 1.87 2.812 14
19690617 0.8 2.24 2.511 16.3
19690618 0 1.71 2.321 16.7
19690619 0 2.44 2.139 17.5
19690620 0 2.57 1.967 17.4
19690621 0 2.4 1.883 18.9
19690622 0 2.76 1.723 19.8
19690623 0 2.3 1.571 17.3
19690624 2.6 0.88 1.427 17.3
19690625 0 2.29 1.292 18
19690626 0 1.09 1.164 17.6
19690627 0 2.11 0.986 16.4
19690628 0 1.9 0.877 11.1
19690629 0 0.79 0.776 9.5
19690630 0 1.13 0.681 11.6
19690701 4 0.98 0.513 9
19690702 9.9 1.61 0.44 9.9
19690703 4.1 1.85 0.405 9.4
19690704 3.3 1.83 0.342 8.9
19690705 0.1 1.66 0.312 10.7
19690706 1.8 1.74 0.312 9.8
19690707 0.1 1.21 0.284 8.2
19690708 11 0.87 0.284 10
19690709 2.6 0.99 0.284 10.5
19690710 0.1 1.23 0.284 8.3
19690711 0.3 1.05 0.257 11.3
19690712 1.3 1.56 0.257 10.6
19690713 3.1 2 0.257 8.6
19690714 0 1.19 0.257 10
19690715 0 1.71 0.257 15
19690716 0 2.4 0.257 17.1
19690717 0 2.62 0.257 15.7
19690718 5.5 1.91 0.257 9.2
19690719 1.2 1.58 0.257 10.4
19690720 0.3 1.13 0.257 12.3
19690721 0 1.35 0.257 14.6
19690722 0.2 0.94 0.284 14.9
19690723 1.5 1.6 0.284 15.5
19690724 0.3 1.1 0.284 12.2
19690725 4 1.18 0.284 12.5
19690726 0 2.15 0.312 14.1
19690727 0 2.58 0.312 14.2
19690728 0.2 1.13 0.342 14.9
19690729 1 2.62 0.342 17.4
19690730 0 1.66 0.342 15.7
19690731 6.4 1 0.373 18.1
19690801 0 0.91 0.373 19
19690802 0 1.85 0.373 18.2
19690803 0 1.33 0.405 19.6
19690804 0 2.26 0.405 17.5
19690805 0 2.25 0.405 15.7
19690806 0 2.4 0.405 17.5
19690807 0 0.9 0.405 16.8
19690808 0 2.3 0.405 17.3
19690809 0 2.39 0.405 17
19690810 0 2.25 0.405 17.8
19690811 0 2.29 0.405 15.9
19690812 0 2.11 0.405 16.1
19690813 0 2.61 0.405 16
19690814 0 2.84 0.405 14.4
19690815 0 2.12 0.405 14.2
19690816 0 1.95 0.44 13.6
19690817 0 0.86 0.476 13.7
19690818 0 2.03 0.513 14.4
19690819 0 1.84 0.553 13.2
19690820 2.5 1 0.637 11.6
19690821 5.8 0.85 0.727 11.5
19690822 22.9 0.73 0.825 10.4
19690823 5.5 0.7 0.877 11.1
19690824 5.2 1.02 0.931 11
19690825 2.9 1.23 0.931 12.7
19690826 0.4 1.02 0.877 9.8
19690827 1.4 0.69 0.877 7.6
19690828 4.8 0.71 0.877 10.7
19690829 0.9 0.82 0.877 10.3
19690830 0 0.66 0.877 9
19690831 0 0.97 0.931 8.6
19690901 0 1.05 0.877 7
19690902 0.1 0.86 0.825 8
19690903 0.3 0.97 0.825 7.5
19690904 3.5 0.96 0.776 5.2
19690905 0.7 0.52 0.776 9
19690906 0.5 1.27 0.727 8.4
19690907 0 1.26 0.727 6.4
19690908 0 1.52 0.727 12
19690909 0 1.3 0.776 12.6
19690910 0.3 2.93 0.877 12.8
19690911 6 0.79 0.986 6
19690912 19.6 0.5 1.043 9.8
19690913 7 1.11 1.359 6.2
19690914 0 0.43 1.571 4.3
19690915 0.5 0.72 1.646 7.5
19690916 0 0.88 1.646 6
19690917 0 1.05 1.646 4.6
19690918 0 1.08 1.723 5.1
19690919 0 1.19 1.723 8
19690920 0 1.12 1.723 4.9
19690921 4.3 1.46 1.802 3.9
19690922 9.6 0.03 1.802 1.2
19690923 4.8 1.46 1.802 3
19690924 0 0.99 1.802 5.2
19690925 0.3 0.84 1.802 8.7
19690926 2.5 1.27 1.802 5.5
19690927 0.8 0.66 1.883 0.4
19690928 0.3 1 1.967 1.4
19690929 9.4 0.66 2.052 3.6
19690930 0.3 0.97 2.229 0.7
19691001 12 0.35 2.229 -0.3
19691002 9.7 0.65 2.229 -0.4
19691003 0 0.36 2.139 -2.8
19691004 0 0.92 2.052 3.4
19691005 0 0.67 2.812 3.2
19691006 0 0.76 2.917 2.4
19691007 0 0.79 3.134 8.6
19691008 0 1.63 3.595 8.4
19691009 0 1.16 4.223 7.7
19691010 0 0.71 3.965 4
19691011 0 0.56 3.716 3
19691012 0 0.64 3.024 2.3
19691013 0 0.35 2.812 -0.8
19691014 0 0.34 2.709 0.9
19691015 0 0.66 2.609 4
19691016 0 0.56 2.511 9.1
19691017 0 0.76 2.415 8.5
19691018 0.5 0.45 2.052 4.2
19691019 0 0.42 1.883 1
19691020 0 0.38 1.883 1.6
19691021 0.1 0.42 1.883 3.6
19691022 0 0.84 1.967 1.1
19691023 0 0.44 1.883 0.7
19691024 5.4 0.45 1.802 2.1
19691025 7.6 0.57 1.802 1.3
19691026 1.3 0.54 1.723 0.1
19691027 7.1 0.4 1.723 -0.7
19691028 0.1 0.54 1.646 0.2
19691029 1.6 0.6 1.571 -3
19691030 2.4 0.35 1.571 -1.6
19691031 1.1 0.34 1.498 -4.6
19691101 0.5 0.35 1.498 -4.6
19691102 13.2 0.3 1.498 -6.6
19691103 4.7 0.09 1.498 -5.4
19691104 2.6 0.29 1.427 -11.7
19691105 0.2 0.25 1.359 -7.2
19691106 0 0.37 1.359 -13.5
19691107 0.5 0.29 1.292 -8.6
19691108 0.3 0.6 1.292 -1.1
19691109 2.3 0.45 1.292 -0.5
19691110 3.1 0.29 1.292 -8
19691111 4.5 0.46 1.292 -2.5
19691112 6.6 0 1.227 -2.3
19691113 9.4 0.57 1.227 -4.3
19691114 1.3 0.38 1.227 -5.7
19691115 1.5 0.03 1.164 -4.4
19691116 1.9 0.24 1.164 0.2
19691117 0.3 0.56 1.164 -4
19691118 0 0.23 1.102 -11.7
19691119 3.9 0.39 1.043 -10.8
19691120 0 0.31 0.986 -12
19691121 0 0.28 0.986 -3.6
19691122 1.3 0.41 0.931 -5.1
19691123 2 0.2 0.931 -13.9
19691124 0.6 0.11 0.931 -14.6
19691125 0 0.14 0.931 -31.7
19691126 0 0.05 0.931 -33.2
19691127 1.5 0.05 0.931 -22.6
19691128 2.1 0 0.877 -13.3
19691129 2 0.14 0.877 -10.3
19691130 0 0.24 0.877 -14.8
19691201 0 0.2 0.877 -14.8
19691202 0.1 0.07 0.877 -8.4
19691203 0 0.25 0.825 -12.9
19691204 1 0.14 0.825 -8.4
19691205 0.1 0.21 0.825 -26.9
19691206 0 0.04 0.825 -32.5
19691207 0 0.13 0.776 -20.4
19691208 2.5 0.22 0.776 -11.1
19691209 0 0.26 0.727 -6.9
19691210 0 0.3 0.727 -3
19691211 0.1 0.6 0.727 0.7
19691212 0 0.28 0.727 -8.2
19691213 0 0.55 0.727 -3.8
19691214 1.4 0.71 0.681 -6
19691215 1.3 0.31 0.681 -8.7
19691216 0.4 0.33 0.681 -12.6
19691217 0.4 0 0.637 -12.4
19691218 0.2 0.18 0.637 -15.1
19691219 0.1 0.34 0.594 -32.1
19691220 0 0.03 0.553 -37
19691221 0 0.06 0.553 -37.1
19691222 0.6 0 0.513 -9.4
19691223 0.8 0.38 0.513 -7.5
19691224 0 0.15 0.476 -14.8
19691225 0.1 0.22 0.476 -22.9
19691226 0 0.11 0.44 -19.3
19691227 0 0 0.44 -9.9
19691228 0 0 0.44 0.1
19691229 0 0.26 0.405 -0.8
19691230 0 0.29 0.405 -1.6
19691231 0 0.47 0.373 -4
19700101 0.7 0.53 0.373 -6.2
19700102 0.9 0.38 0.342 -18.3
19700103 0.6 0.12 0.342 -17.4
19700104 0.5 0.1 0.342 -29.9
19700105 0 0.08 0.342 -18.8
19700106 0.5 0.11 0.342 -24.2
19700107 0.1 0.06 0.342 -34.5
19700108 0 0.01 0.342 -20.8
19700109 0 0.09 0.342 -27.4
19700110 0 0 0.342 -7.1
19700111 0.3 0.23 0.342 -9.7
19700112 0.5 0.15 0.342 -5
19700113 1.6 0.49 0.342 -4.7
19700114 2.2 0.5 0.342 -11.6
19700115 0.1 0.1 0.342 -30.3
19700116 0 0.02 0.342 -31.2
19700117 0.3 0.11 0.342 -28.6
19700118 0.3 0 0.342 -13.1
19700119 0.4 0.24 0.342 -9.6
19700120 0.3 0.23 0.342 -14.7
19700121 0 0.16 0.342 -15.3
19700122 0 0.26 0.342 -18.2
19700123 0 0.12 0.312 -22.8
19700124 0.7 0 0.312 -9.1
19700125 0.2 0.29 0.312 -6.7
19700126 1 0.22 0.312 -12.8
19700127 0.5 0.22 0.312 -10.5
19700128 0.6 0.14 0.312 -17.8
19700129 0.1 0.11 0.312 -18.6
19700130 2.6 0.06 0.312 -6.7
19700131 0.2 0.29 0.312 -4.9
19700201 0.1 0.27 0.312 -15.2
19700202 0.5 0.55 0.312 -7.4
19700203 0 0.24 0.312 -12.8
19700204 0.8 0.35 0.312 -10.2
19700205 0.1 0.11 0.312 -12.5
19700206 0.5 0.24 0.312 -11.1
19700207 0 0.12 0.312 -22.8
19700208 0.3 0.16 0.312 -17
19700209 1.9 0.3 0.312 -13.1
19700210 0.7 0.26 0.312 -22.5
19700211 0 0.16 0.284 -25.2
19700212 0 0.16 0.284 -22.7
19700213 0 0.14 0.284 -27.9
19700214 0.8 0.24 0.284 -18.9
19700215 1.4 0.16 0.284 -22.7
19700216 0.6 0.02 0.284 -18.9
19700217 1.4 0.26 0.284 -25.3
19700218 0 0.12 0.284 -32.1
19700219 0.2 0.18 0.284 -25
19700220 0 0.18 0.284 -16.7
19700221 0.9 0.28 0.284 -12.1
19700222 1 0.26 0.257 -9.8
19700223 1.3 0.37 0.257 -13.1
19700224 0.5 0.27 0.257 -15.9
19700225 0 0.19 0.257 -22.5
19700226 0 0.17 0.257 -14.6
19700227 0 0.16 0.257 -16.6
19700228 0.1 0.3 0.257 -3.4
19700301 3.4 0.49 0.257 -6.6
19700302 0.1 0.1 0.257 -11.9
19700303 2.3 0.25 0.257 -9.5
19700304 0.9 0.52 0.257 -6.8
19700305 0.6 0.31 0.257 -6.5
19700306 3.7 0.27 0.257 -3.8
19700307 3 0.55 0.257 -3.1
19700308 1.1 0.66 0.232 -5.5
19700309 0.4 0.25 0.232 -10.3
19700310 2.9 0.36 0.232 -6.6
19700311 1.3 0.64 0.232 -5.8
19700312 0.1 0.18 0.232 -16.7
19700313 0 0.32 0.232 -16
19700314 0.1 0.21 0.232 -4.5
19700315 0.1 0.55 0.232 -3.7
19700316 0 0.42 0.232 -2.9
19700317 2.6 0.55 0.232 0.8
19700318 0 0.53 0.232 -5.9
19700319 0 0.26 0.232 -10.4
19700320 0.8 0.6 0.232 -7.8
19700321 0 0.28 0.232 -13.1
19700322 0 0.5 0.232 -12.2
19700323 0.1 0.58 0.232 -9.5
19700324 0.1 0.5 0.232 -3.6
19700325 0 0.54 0.232 -4.2
19700326 0 0.91 0.209 -4.5
19700327 10 0.37 0.209 -5.4
19700328 5.8 0.19 0.209 -8.8
19700329 0.2 0.38 0.209 -6.2
19700330 0 0.28 0.209 -8.9
19700331 0 0.35 0.209 -11.9
19700401 0.1 0.29 0.209 -11.2
19700402 0 0.41 0.209 -10.1
19700403 0 0.21 0.232 -12.7
19700404 0 0.39 0.232 -13.9
19700405 0 0.33 0.232 -7.4
19700406 3.8 0.43 0.232 -6
19700407 1.7 0.32 0.232 -4.7
19700408 2.6 0.33 0.232 -1.2
19700409 0.1 0.39 0.232 -5.5
19700410 0 0.31 0.232 -7.5
19700411 0 0.49 0.257 -3.3
19700412 0 0.32 0.257 -5.3
19700413 0 0.43 0.232 -6
19700414 0 0.58 0.232 -1.6
19700415 0 0.38 0.232 -2.8
19700416 0 0.41 0.257 0
19700417 0 0.69 0.257 5
19700418 0.1 0.84 0.257 3.8
19700419 0 0.86 0.257 1
19700420 0.2 0.72 0.257 1
19700421 0 0.57 0.284 -1
19700422 0 0.71 0.284 -0.7
19700423 0 0.76 0.284 0.3
19700424 4.1 0.43 0.284 0.7
19700425 2.8 0.76 0.284 1.3
19700426 0.8 0.73 0.284 0.7
19700427 0.4 0.46 0.284 0.2
19700428 0 0.77 0.284 -1.3
19700429 10.1 0.63 0.284 -0.8
19700430 10.2 0.75 0.284 0.3
19700501 0.6 0.52 0.312 1.6
19700502 0.5 1.5 0.312 3.5
19700503 0 0.94 0.342 3.6
19700504 0 1.38 0.342 4.4
19700505 0 0.88 0.373 4.6
19700506 0 0.78 0.405 5
19700507 0 1.46 0.44 6.5
19700508 0 1.43 0.681 6.7
19700509 0 1.39 0.681 7
19700510 0 1.31 0.877 7.1
19700511 0 0.7 1.164 7.5
19700512 0 1.52 2.052 8.1
19700513 0 0.9 5.978 8.3
19700514 0 1.45 7.533 1.5
19700515 0 1.02 8.889 2.6
19700516 0 1.12 12.247 6.7
19700517 0 1.23 14.299 6.5
19700518 0 0.83 16.201 6
19700519 0 2.81 14.032 6.7
19700520 0 1.42 12.004 4.9
19700521 0.1 1.07 9.939 5
19700522 0 1.52 8.488 2
19700523 0.1 1.28 7.533 1.7
19700524 0 0.35 6.816 3.2
19700525 0.9 0.93 9.511 9
19700526 0 1.42 15.395 8.6
19700527 0 0.97 15.395 7.9
19700528 0 1.59 15.116 11.1
19700529 0.1 1.89 14.841 9.9
19700530 0.5 1.29 14.841 10.8
19700531 9.8 0.64 14.568 7.4
19700601 7 1.01 14.032 5.2
19700602 2.4 1.19 13.768 5.4
19700603 0 1.13 9.301 9.1
19700604 0 1.44 8.687 14.1
19700605 0 2.28 8.098 16.8
19700606 0 1.34 7.169 16.8
19700607 0 2.86 6.816 17.2
19700608 0 1.85 6.473 14.8
19700609 1 1.65 6.306 17.1
19700610 0.6 2.33 5.978 14.9
19700611 0.2 2.41 5.204 5.9
19700612 0.4 0.8 4.769 4.2
19700613 0.1 1.41 4.356 6.3
19700614 0 1.78 3.476 8.7
19700615 0 1.44 3.246 11.8
19700616 0 1.19 2.917 14.4
19700617 0 1.6 2.709 11.3
19700618 0 2.96 2.415 15.3
19700619 0 1.22 2.139 16.3
19700620 0 1.57 1.883 14.4
19700621 0 1.6 1.723 13
19700622 0 1.21 1.571 15.5
19700623 0 2.26 1.498 17.1
19700624 0 2.53 1.427 15.2
19700625 0.3 2.14 1.427 11.9
19700626 16.5 0.77 1.292 10.5
19700627 3 1.21 1.227 12
19700628 0.1 1.91 1.102 13.5
19700629 0.4 1.18 1.102 14.1
19700630 6.2 1.19 0.986 13.9
19700701 2.7 1.81 0.931 11.6
19700702 2.5 1.49 0.931 10.7
19700703 4.1 0.57 0.931 9.3
19700704 9.6 0.82 0.986 10.1
19700705 2.5 0.85 0.986 7.9
19700706 0.1 1.08 0.986 7
19700707 0 1 1.043 8.5
19700708 0 2.12 1.164 12.5
19700709 0 2.64 1.164 18.2
19700710 11.5 1.2 1.292 11.6
19700711 7.5 1.49 1.427 10.3
19700712 0.1 1.01 1.427 9.4
19700713 0.2 1.04 1.498 9.4
19700714 3.2 0.69 1.571 8.7
19700715 2 1.36 1.571 7.7
19700716 2.6 1.07 1.646 6.2
19700717 0.1 0.83 1.646 11.2
19700718 5.7 1.04 1.723 9.1
19700719 4.9 1.33 1.802 11.7
19700720 3.2 0.66 1.967 9.7
19700721 21.3 1.26 4.491 13.3
19700722 4.4 1.2 4.911 9.8
19700723 7.2 1.41 4.911 9
19700724 1.8 0.56 5.204 8.8
19700725 2 0.76 5.204 8.6
19700726 5 0.66 5.056 12.4
19700727 5.1 0.69 5.056 12.9
19700728 4.7 0.8 5.056 10.7
19700729 6.9 0.63 4.911 9.6
19700730 2.3 1.19 4.769 10.4
19700731 0 1.47 4.769 13.2
19700801 2.7 0.6 4.491 13.3
19700802 0 1.6 4.223 15
19700803 0 1.05 3.965 14.8
19700804 0 2.02 3.476 15.7
19700805 0 1.57 3.024 13.5
19700806 0 1.25 2.709 9.4
19700807 0.1 0.94 2.415 7.4
19700808 0 1.22 2.139 7.4
19700809 0 1.11 1.802 9.8
19700810 0.1 1.06 1.571 10.5
19700811 7 1.06 1.359 7.1
19700812 0.2 0.72 1.164 8.3
19700813 0 1.95 0.986 10.8
19700814 0 1.55 0.986 13.1
19700815 0 0.66 0.931 10.4
19700816 6.7 1.41 0.931 11.6
19700817 0 1.5 0.986 11.1
19700818 4.9 1.08 1.292 11.3
19700819 3.6 0.91 1.571 10.8
19700820 2.3 1.3 1.723 11.9
19700821 0.1 1.42 1.802 13.8
19700822 0 1.39 2.052 12.4
19700823 0 1.05 2.139 9.5
19700824 0 0.91 2.139 7.6
19700825 0 1.41 2.139 10
19700826 0 1.09 2.052 11.5
19700827 0 1.06 2.052 8.1
19700828 0.2 0.68 2.052 8.4
19700829 0 0.98 1.967 10.9
19700830 0.4 0.93 1.802 10.3
19700831 2.6 0.5 1.802 9.4
19700901 1.2 2.47 1.802 12.1
19700902 4.4 1.31 1.802 8.2
19700903 0 0.75 1.802 7.9
19700904 22.6 1.27 1.883 5.5
19700905 3.9 0.85 1.883 5.7
19700906 1.4 0.84 1.883 3.1
19700907 0.1 0.74 1.883 1.8
19700908 0 0.46 1.883 3
19700909 0.1 0.54 1.967 7.1
19700910 5.2 1.84 1.967 10.3
19700911 0.1 2.1 2.052 9.9
19700912 0 0.77 2.052 7.4
19700913 2.5 0.51 2.139 6.5
19700914 3.1 0.61 2.139 8
19700915 5.2 0.6 2.229 7.7
19700916 1.1 0.59 2.229 6.2
19700917 8.1 0.78 2.321 8.5
19700918 0 0.55 2.321 7.5
19700919 12.8 0.56 2.511 6.1
19700920 2.2 0.58 2.812 5.1
19700921 1.8 0.73 2.812 3.2
19700922 0.1 0.51 2.917 2.8
19700923 0 0.63 3.024 3.5
19700924 0.8 0.55 3.024 2.2
19700925 0.2 1 3.246 2.7
19700926 0 0.43 3.246 0.4
19700927 0 0.88 3.134 1.3
19700928 1.4 0.44 2.812 4.5
19700929 0.1 0.55 2.511 5.4
19700930 3 1.19 2.415 7.7
19701001 2.3 0.72 2.052 5.8
19701002 3.9 0.87 1.967 5.4
19701003 4.6 0.46 1.802 3.7
19701004 0.8 0.62 1.802 4
19701005 3.1 0.47 2.052 3.8
19701006 5.3 0.74 2.511 6.1
19701007 10.5 0.69 2.812 5
19701008 2.4 0.52 3.476 3.5
19701009 0.5 0.94 3.476 4
19701010 0 0.72 3.36 4.9
19701011 0.2 0.6 3.024 4.2
19701012 0 0.63 2.812 8.5
19701013 0 0.54 2.709 7.1
19701014 6.2 0.38 2.511 6.7
19701015 0.1 0.39 2.415 6.9
19701016 0 0.49 2.321 6.3
19701017 0 0.94 2.229 7.6
19701018 0.5 1.02 2.052 3.2
19701019 13.7 0.5 2.052 0.8
19701020 13.4 0.23 2.052 1.8
19701021 2 0.62 1.967 0.3
19701022 0.2 0.44 1.967 -1.4
19701023 0.2 0.37 1.883 -4
19701024 0.1 0.65 1.802 0.7
19701025 0 0.56 1.723 0.2
19701026 2.1 0.54 1.723 -2
19701027 0 0.33 1.646 -2.6
19701028 0.9 0.37 1.571 -5.8
19701029 0 0.27 1.571 -5.9
19701030 6.6 0.33 1.427 -3.2
19701031 0.5 0.43 1.359 -3.7
19701101 0.2 0.22 1.359 -7.3
19701102 2.5 0.27 1.359 -6.7
19701103 0.8 0.15 1.292 -10.5
19701104 5.1 0.25 1.292 -4.4
19701105 0.3 0.27 1.292 -14
19701106 1.1 0.04 1.227 -8.4
19701107 1.1 0.13 1.227 -4.2
19701108 0.4 0.51 1.227 -5.3
19701109 5.2 0.36 1.227 -8.6
19701110 0.3 0.23 1.227 -24.1
19701111 0 0.16 1.164 -17
19701112 3.9 0.17 1.164 -13.7
19701113 0 0.25 1.164 -15.8
19701114 0.1 0.18 1.164 -18.5
19701115 6.7 0 1.102 -2.6
19701116 3.8 0.36 1.102 -0.9
19701117 3.7 0.38 1.102 -1
19701118 1.6 0.4 1.102 -2.5
19701119 0.8 0.26 1.102 -0.3
19701120 10.6 0.29 1.043 2.2
19701121 0.9 0.26 1.043 1.5
19701122 0.4 0.52 1.043 1
19701123 1.2 0.28 1.043 -1.5
19701124 3.2 0.12 0.986 0
19701125 1 0.34 0.986 0.5
19701126 0.6 0.65 0.986 -9.2
19701127 0 0.36 0.986 -3.6
19701128 0 0.51 0.931 -0.4
19701129 0.1 0.64 0.931 -19.9
19701130 0 0.08 0.931 -14.5
19701201 0.6 0.17 0.877 -7
19701202 0.4 0.22 0.877 -10.2
19701203 0.1 0.13 0.877 -2.5
19701204 0.1 0.36 0.877 -3.2
19701205 1.4 0.55 0.825 0
19701206 0.1 0.45 0.825 -0.8
19701207 0 0.47 0.825 -3
19701208 0.7 0.28 0.776 3
19701209 0 0.68 0.776 4.1
19701210 0 0.73 0.776 3.6
19701211 0 0.49 0.776 0.8
19701212 0 0.38 0.727 -7.7
19701213 0.1 0.17 0.727 -5.4
19701214 2.8 0 0.727 0.1
19701215 0.1 0.57 0.681 -5.1
19701216 0 0.33 0.681 -14.5
19701217 0.1 0 0.681 0.2
19701218 0 0.39 0.637 -3.3
19701219 0 0 0.637 -1.1
19701220 0.1 0.39 0.637 -5.8
19701221 1.5 0.17 0.594 -5.3
19701222 0.9 0.28 0.594 -6.3
19701223 1.6 0 0.594 -11
19701224 0.1 0.1 0.594 -18.8
19701225 1.8 0 0.594 -1.3
19701226 0.1 0.28 0.594 -1
19701227 0.2 0.24 0.594 -3.2
19701228 0.1 0.26 0.594 -5.4
19701229 0 0.37 0.594 -10.2
19701230 0.5 0.31 0.594 -12.7
19701231 0.1 0.19 0.594 -19.3
19710101 0 0.1 0.553 -14.1
19710102 0 0.23 0.513 -10
19710103 0 0.04 0.513 -4.4
19710104 4 0.68 0.513 -15.5
19710105 0.1 0.13 0.513 -15.4
19710106 0 0.25 0.513 -24.8
19710107 1.2 0 0.513 -5.4
19710108 2.4 0.46 0.513 -0.9
19710109 0 0.76 0.476 2.3
19710110 0 1.53 0.476 6.2
19710111 0 0.63 0.476 3.8
19710112 0 0.31 0.476 -7.7
19710113 0 0.21 0.476 -14.2
19710114 0 0.14 0.476 -13
19710115 0 0.18 0.476 -7.1
19710116 3.6 0.35 0.44 -7.6
19710117 0 0.26 0.44 -7.9
19710118 0.2 0.28 0.44 -5.4
19710119 0.2 0.72 0.44 -1.3
19710120 1.2 0.54 0.44 0.2
19710121 0.3 0.31 0.44 -6.8
19710122 0 0.14 0.44 -7.2
19710123 5.1 0.13 0.44 -2.9
19710124 2.6 0.23 0.405 -1
19710125 3.7 0.39 0.405 -1.3
19710126 0.2 0.35 0.405 -8.5
19710127 2.7 0.3 0.405 -8.8
19710128 0.1 0.15 0.405 -17.5
19710129 0 0.13 0.405 -18.2
19710130 0 0.08 0.405 -26.4
19710131 0.3 0.14 0.405 -14.5
19710201 3 0.17 0.373 -7.7
19710202 0.4 0.43 0.373 -6.6
19710203 0.9 0.41 0.373 -3.5
19710204 0 0.81 0.373 2.2
19710205 0.2 0.8 0.373 1.6
19710206 0.1 0.94 0.373 -3.4
19710207 0.8 0.52 0.373 -2.3
19710208 3.6 0.51 0.342 -5
19710209 2.5 0.22 0.342 -3.3
19710210 0 0.54 0.342 -13.2
19710211 0 0.09 0.342 -12.7
19710212 0 0.19 0.342 -3.8
19710213 4.5 0.4 0.342 0.5
19710214 1.6 0.56 0.342 -4.4
19710215 0 0.36 0.342 -2.8
19710216 0.3 0.43 0.312 -1.7
19710217 0.3 0.38 0.312 -3.3
19710218 3.8 0.34 0.312 -3.1
19710219 0.7 0.36 0.312 -5.9
19710220 0 0.19 0.312 -8.8
19710221 0.5 0.16 0.312 -3.6
19710222 3.3 0.38 0.312 -3.6
19710223 1.5 0.45 0.312 -3.3
19710224 1.3 0.29 0.312 -0.8
19710225 0.1 0.74 0.312 -15.4
19710226 0.1 0.31 0.312 -15.4
19710227 0 0.16 0.312 -22.1
19710228 0 0.16 0.342 -18.5
19710301 0 0.08 0.342 -20.4
19710302 2.1 0.25 0.342 -15.6
19710303 0 0.25 0.342 -17
19710304 0 0.09 0.312 -25.3
19710305 0 0.28 0.312 -19
19710306 0 0.35 0.312 -3.5
19710307 0 0.26 0.312 1
19710308 0.3 0.47 0.312 -0.4
19710309 1.1 1.05 0.312 -8.5
19710310 1.1 0.4 0.312 -9.4
19710311 1.2 0.19 0.312 -13.9
19710312 0.1 0.21 0.312 -11.3
19710313 1.1 0.4 0.312 -4.2
19710314 0.3 0.64 0.312 -4.3
19710315 1.4 0.4 0.312 -2.2
19710316 3.1 0.39 0.312 -1.6
19710317 1.9 0.48 0.284 -3.1
19710318 1 0.28 0.284 -8
19710319 1.3 0.23 0.284 -4.6
19710320 3.1 0.3 0.284 -3.7
19710321 3.1 0.42 0.284 -3.8
19710322 0.4 0.38 0.284 -5
19710323 0.2 0.53 0.284 -11.1
19710324 0 0.25 0.284 -9.3
19710325 0.9 0.57 0.284 0.1
19710326 0.3 0.96 0.284 -5.8
19710327 0.2 0.22 0.257 -15.1
19710328 0 0.24 0.257 -10.8
19710329 0.2 0.44 0.257 -2.6
19710330 0 0.39 0.257 2.1
19710331 0 0.56 0.257 -0.7
19710401 0 0.39 0.257 -1.9
19710402 2.2 0.35 0.257 1.1
19710403 2.3 0.5 0.257 -2
19710404 0 0.33 0.257 -8.4
19710405 0 0.6 0.257 -6.8
19710406 0 0.91 0.257 -2.7
19710407 0 0.26 0.232 -1.4
19710408 0 0.43 0.232 1
19710409 0 0.48 0.232 1.3
19710410 1.8 0.94 0.209 0.1
19710411 0.1 1.16 0.209 3.1
19710412 0 0.73 0.209 -1.4
19710413 0 0.61 0.209 -1.5
19710414 0 0.66 0.209 0.9
19710415 0 0.52 0.209 2.7
19710416 0.4 0.64 0.209 2.1
19710417 7.1 0.72 0.232 1.4
19710418 0.1 0.79 0.232 1.2
19710419 2.2 1.51 0.257 2.8
19710420 0 1.01 0.257 2.7
19710421 0 0.91 0.257 1.6
19710422 0 0.67 0.257 0
19710423 0 0.53 0.257 -2.5
19710424 0.9 0.63 0.257 -0.2
19710425 0 0.58 0.257 -4
19710426 0.1 0.44 0.257 -5.8
19710427 0 0.5 0.284 -2.2
19710428 0 0.5 0.284 -2.7
19710429 0 0.42 0.284 -3
19710430 0 0.57 0.312 -1.8
19710501 0 0.45 0.405 0.4
19710502 0 0.97 0.513 4.3
19710503 0.3 0.54 2.052 3.9
19710504 0.2 0.87 3.595 6
19710505 0 0.75 4.911 5.4
19710506 0 0.88 7.35 6.1
19710507 0 1.25 12.743 5.8
19710508 0 1.62 22.56 6.3
19710509 0 1.81 11.29 10
19710510 0 1.7 11.763 7.6
19710511 0 2.05 11.525 9.3
19710512 0 1.42 11.29 7.9
19710513 0 0.92 14.299 4.8
19710514 0 1.02 9.511 5.7
19710515 0 1.72 8.098 8.4
19710516 0.9 0.98 7.169 8.9
19710517 0.4 0.36 6.473 8.8
19710518 3.9 1.01 6.473 8.5
19710519 6.7 0.64 6.816 5.6
19710520 4.3 0.61 6.473 3.2
19710521 4.3 0.72 6.306 4.8
19710522 3.3 0.94 6.643 5.2
19710523 2.6 1.37 6.816 1.7
19710524 0.9 1.1 6.643 1.4
19710525 0.3 1.31 7.719 1.2
19710526 0 2.05 10.157 4.4
19710527 1.3 0.39 11.058 4.7
19710528 5.9 1.17 9.511 11.6
19710529 0 3.41 7.907 15.6
19710530 0.5 1.53 6.991 14.3
19710531 6.4 2.08 7.533 17.3
19710601 0.4 2.47 7.35 17.8
19710602 1.5 1.8 7.169 12.3
19710603 1.1 1.07 6.473 8.3
19710604 0 1.6 6.306 9.2
19710605 0 1.14 6.991 8.1
19710606 0 1.44 6.991 7.1
19710607 0 2.02 7.169 7.4
19710608 0 1.23 6.991 3.7
19710609 0 1.23 6.816 6.8
19710610 0 1.34 6.141 8.4
19710611 0 1.69 5.661 11.1
19710612 0 1.12 5.353 8
19710613 4 0.59 8.488 5.4
19710614 13.6 0.5 9.511 4
19710615 16 0.8 8.889 5.6
19710616 0.3 0.72 7.35 6.7
19710617 15.9 0.57 8.292 3.5
19710618 13.8 1.18 9.301 6
19710619 2.8 1.18 10.378 6.7
19710620 0.7 1.09 7.35 7.2
19710621 0 1.04 5.661 9.5
19710622 0 0.82 5.353 11.4
19710623 0 1.24 5.661 8.6
19710624 0 1.09 6.473 7.5
19710625 0.2 0.71 6.141 8.7
19710626 0.4 1.53 5.818 12.1
19710627 4.6 1.78 5.204 14.1
19710628 15.9 0.81 4.629 12.5
19710629 6 0.92 4.356 8.6
19710630 2.1 0.82 4.093 8.4
19710701 0 1.13 3.716 11.1
19710702 0 1.34 3.476 15.4
19710703 0 1.46 3.246 17.8
19710704 0 0.9 2.709 17.4
19710705 0 3.21 2.229 15.2
19710706 4.7 1.74 1.883 12.3
19710707 0.3 1.25 1.802 13.8
19710708 0.1 1.26 1.723 16.5
19710709 0 1.73 1.646 10.6
19710710 0 2.32 1.646 12.9
19710711 0 2.17 1.571 14
19710712 0.1 2.99 1.571 8.3
19710713 0.2 0.98 1.571 7.1
19710714 0.3 0.7 1.571 7.1
19710715 2.8 0.84 1.498 8
19710716 17.2 1.01 1.427 7.4
19710717 6.4 0.68 1.359 6.9
19710718 0.3 0.75 1.359 5.9
19710719 0.6 1.2 1.292 6.9
19710720 0.3 1.31 1.292 8.4
19710721 1.2 0.98 1.292 9.5
19710722 3.8 0.58 1.292 7.4
19710723 14.3 0.86 1.292 6.5
19710724 1.6 0.91 1.227 9.1
19710725 19 1.21 1.227 13.8
19710726 0.3 0.82 1.227 14.1
19710727 9 0.85 1.227 11.5
19710728 1.2 1.04 1.164 12.5
19710729 1.7 1.5 1.102 14.5
19710730 0 1.3 1.043 15.7
19710731 6.5 1.42 0.877 15.8
19710801 1.4 1.42 0.776 15.3
19710802 0 1.45 0.681 14.2
19710803 0 1.74 0.986 13.9
19710804 0 1.02 1.427 11.8
19710805 4.3 2.01 1.359 14.5
19710806 0.1 1.29 1.292 14
19710807 0.1 1.16 1.292 13.1
19710808 4.2 1.19 1.227 10
19710809 0 1.58 1.227 10.7
19710810 0 0.8 1.043 9.5
19710811 0 0.52 0.931 8
19710812 0 0.71 0.825 7.9
19710813 1.8 0.99 0.727 7.1
19710814 0.1 0.73 0.681 7.6
19710815 0 0.82 0.681 7.2
19710816 3.1 0.81 0.637 6.1
19710817 4.8 1.05 0.637 10
19710818 0 1.67 0.594 8.5
19710819 0 1.93 0.553 14.2
19710820 0 0.97 0.513 12.6
19710821 0 1.26 0.476 8.3
19710822 0 1.8 0.476 7.7
19710823 0 1.56 0.476 10.4
19710824 0 1.54 0.476 13.5
19710825 0 1.69 0.476 13.6
19710826 0 2.03 0.476 11.5
19710827 0 2.17 0.476 11.5
19710828 0.8 1.58 0.513 10.4
19710829 0.1 0.71 0.476 5.7
19710830 0.4 0.53 0.476 4.6
19710831 4.1 0.84 0.476 5.6
19710901 1.9 0.1 0.476 5.7
19710902 0.5 0.97 0.513 8.6
19710903 2.5 1.01 0.553 5.9
19710904 0.9 0.87 0.513 6.3
19710905 1.8 0.81 0.513 5.4
19710906 0.2 0.81 0.513 7.9
19710907 0.4 0.75 0.476 11.8
19710908 0.1 0.55 0.476 13.3
19710909 0 0.71 0.44 13.7
19710910 0 1.01 0.405 10.3
19710911 0 0.63 0.405 4.6
19710912 0 0.67 0.373 2.6
19710913 0.3 0.57 0.342 2
19710914 0.9 0.65 0.342 2.6
19710915 0.1 0.83 0.342 2.3
19710916 0 0.39 0.342 1
19710917 0.1 0.45 0.312 6.3
19710918 1.3 0.74 0.312 6.7
19710919 0.3 0.82 0.342 8.4
19710920 0 0.52 0.342 3.3
19710921 1.5 0.58 0.373 5.9
19710922 0.8 1.12 0.373 5.6
19710923 0 0.75 0.405 3.8
19710924 8.9 0.14 0.405 7.5
19710925 40.3 0.55 0.44 5.4
19710926 3.1 0.46 0.44 3.3
19710927 0 0.51 0.476 1.4
19710928 0 0.48 0.513 5.6
19710929 0 1.05 0.513 6
19710930 2.6 0.49 0.553 5.9
19711001 1.6 0.42 0.618 3.7
19711002 3.3 0.58 0.664 3.7
19711003 0.1 0.49 0.713 1.5
19711004 2.6 0.47 0.713 0.7
19711005 0.4 0.49 0.763 0.8
19711006 1.4 0.91 0.763 9.1
19711007 1.4 1.47 0.814 6.6
19711008 0.7 0.45 0.814 1.9
19711009 1.1 0.42 0.868 0.5
19711010 0 0.53 0.924 0.2
19711011 0.1 1.18 0.924 7.5
19711012 0 0.93 0.981 -2.1
19711013 0.1 0.46 0.981 -2.5
19711014 0 0.24 1.04 -2.8
19711015 0 0.43 1.101 -5.2
19711016 0.8 0.39 1.101 2.1
19711017 0.8 0.65 1.164 3.9
19711018 1.1 0.53 1.164 2.2
19711019 0.5 0.7 1.228 3.2
19711020 15.3 0.72 1.295 2.1
19711021 0 0.45 1.295 2
19711022 6 0.32 1.295 1.1
19711023 1.2 0.55 1.295 0
19711024 0 0.78 1.295 2.3
19711025 0 0.66 1.295 0.7
19711026 0.1 0.36 1.228 2.5
19711027 0 0.48 1.228 2.5
19711028 0 0.43 1.228 -0.3
19711029 0 0.39 1.228 -5.2
19711030 0 0.32 1.228 -4.8
19711031 0 0.17 1.228 1.7
19711101 0 0.34 1.228 1.9
19711102 0.2 0.43 1.228 3.7
19711103 2 1.6 1.434 1.5
19711104 0.1 0.39 1.506 -0.6
19711105 0.2 0.46 1.506 -5.4
19711106 0 0 1.363 -7.1
19711107 2.9 0.36 1.295 -7.6
19711108 3.6 0.31 1.228 -6.6
19711109 0.9 0.31 1.164 -6.5
19711110 0.5 0.42 1.164 -4.1
19711111 1 0.85 1.101 0.6
19711112 1.6 0.61 1.101 -5.2
19711113 0.9 0.23 1.101 -4.8
19711114 1.8 0.15 1.04 -2.2
19711115 0.8 0.37 1.04 0.7
19711116 0.2 0.4 1.04 -7.1
19711117 3.4 0.28 1.04 -6.1
19711118 0 0.26 0.981 -10.5
19711119 0 0.26 0.981 -13.2
19711120 0 0.09 0.981 -20
19711121 0.2 0.08 0.924 -20.3
19711122 0.3 0.04 0.924 -17.7
19711123 3.4 0.16 0.868 -24
19711124 0.2 0 0.868 -14.9
19711125 5.4 0 0.868 -1.2
19711126 0.1 0.43 0.814 0
19711127 0 0.44 0.814 1.4
19711128 0 0.43 0.814 3.5
19711129 0.7 0.48 0.814 1.1
19711130 8.2 0.38 0.763 -0.8
19711201 3.4 0.29 0.763 -4.8
19711202 0.3 0.07 0.763 -8.7
19711203 0.5 0.18 0.763 -9.3
19711204 2.5 0.31 0.763 -6.5
19711205 0 0.25 0.763 1.7
19711206 1.8 0.43 0.713 -2
19711207 0 0.55 0.713 -2.5
19711208 4 0.48 0.713 -6.7
19711209 5.3 0.37 0.713 -2.4
19711210 0.3 0.45 0.713 -1.5
19711211 2 0.44 0.713 -4.1
19711212 0 0.43 0.664 -4.7
19711213 0.5 0.32 0.664 -4.8
19711214 1.5 0.32 0.664 -4
19711215 1.6 0.36 0.664 -1
19711216 0.3 0.17 0.664 0.4
19711217 0.2 0.39 0.664 -1.5
19711218 0.1 0.86 0.618 1.3
19711219 0 0.74 0.618 -8.1
19711220 5.3 0.19 0.618 -4.7
19711221 3.1 0.1 0.618 1.9
19711222 0.8 0.56 0.618 -6.5
19711223 0 0.47 0.618 -13.3
19711224 1.1 0.12 0.573 -1.8
19711225 0.1 0.29 0.573 -4.6
19711226 0 0.36 0.573 -0.8
19711227 1.2 0.51 0.573 -2.7
19711228 1.1 0.26 0.573 -3.8
19711229 0.3 0.3 0.573 -7.3
19711230 0 0.07 0.573 -9.9
19711231 0 0.33 0.573 -6.2
19720101 0 0.16 0.573 -8.6
19720102 0 0.2 0.573 -12.2
19720103 0 0.31 0.573 -24.4
19720104 0 0.08 0.573 -26.5
19720105 0 0.09 0.531 -18.2
19720106 0 0.2 0.531 -9.3
19720107 0 0.3 0.531 -16.5
19720108 0 0.1 0.531 -18.2
19720109 0 0.12 0.489 -20.3
19720110 0 0.06 0.489 -30.6
19720111 0 0.07 0.489 -28.1
19720112 0.1 0 0.489 -8
19720113 1.2 0.4 0.45 -10.9
19720114 0.3 0.14 0.45 -13.4
19720115 0 0.17 0.45 -25.1
19720116 0 0.08 0.45 -24.7
19720117 0 0.11 0.413 -26.9
19720118 0 0.15 0.413 -19.6
19720119 0.7 0.22 0.413 -12.7
19720120 2.2 0.2 0.413 -19.1
19720121 0 0.18 0.377 -15.5
19720122 0 0.27 0.377 -14.2
19720123 0 0.35 0.377 -7.9
19720124 0.8 0.61 0.377 -0.6
19720125 2.1 0.45 0.343 -4.4
19720126 1 0.46 0.343 -6.7
19720127 1.4 0.3 0.343 -7.9
19720128 0.2 0.22 0.343 -13.2
19720129 0.5 0.18 0.343 -14
19720130 0.1 0.13 0.31 -19.9
19720131 0 0.16 0.31 -19.3
19720201 2.7 0.02 0.31 -10.5
19720202 2.9 0.27 0.31 -10.4
19720203 0.4 0.08 0.31 -13
19720204 1.1 0.15 0.31 -5
19720205 0.7 0.4 0.31 -8.2
19720206 0.2 0.17 0.31 -16.1
19720207 0 0.16 0.31 -16.3
19720208 2 0.01 0.31 -12.9
19720209 1.9 0.2 0.31 -10.2
19720210 0.3 0.16 0.31 -7
19720211 0.6 0.54 0.31 -15
19720212 0 0 0.31 -7.2
19720213 3.6 0.24 0.31 -2.8
19720214 0.9 0.45 0.31 -8.6
19720215 0 0.29 0.31 -10.7
19720216 0 0.12 0.31 -11.1
19720217 0.3 0.26 0.31 -10.7
19720218 0 0.03 0.31 -10.6
19720219 0 0.31 0.31 -17.6
19720220 0.7 0.13 0.31 -8.5
19720221 1 0.3 0.279 -9.7
19720222 0.1 0.12 0.279 -8.3
19720223 0.1 0.64 0.279 -2.3
19720224 0 0.39 0.279 -9.6
19720225 0 0.37 0.279 -2.6
19720226 0.2 0.41 0.279 -1.2
19720227 0 0.31 0.279 -4.4
19720228 0 0.35 0.279 -4.8
19720229 0 0.26 0.279 -12.1
19720301 0 0.44 0.279 -6.3
19720302 0.1 0.24 0.279 -11.8
19720303 0.1 0.51 0.279 -8.5
19720304 1.7 0.05 0.25 -4.3
19720305 1.6 0.47 0.25 -3.9
19720306 2.9 0.5 0.25 -3.7
19720307 1 0.45 0.25 -4.4
19720308 0.7 0.31 0.25 -5.3
19720309 0 0.46 0.25 -5.4
19720310 0 0.57 0.25 -10.1
19720311 0 0.23 0.25 -11.8
19720312 0 0.41 0.223 2.9
19720313 0 1.17 0.223 5.3
19720314 0 0.67 0.223 -2.9
19720315 0 0.32 0.223 -4.5
19720316 0 0.63 0.223 -3
19720317 0 0.6 0.223 -3.2
19720318 0 0.42 0.223 2.9
19720319 0 0.55 0.223 0
19720320 0 0.38 0.223 -3.4
19720321 0 0.7 0.223 0.6
19720322 0 0.65 0.223 -1.5
19720323 2.4 0.15 0.223 -5
19720324 6.4 0.31 0.223 -4.1
19720325 0.2 0.48 0.223 -2.4
19720326 0.9 0.25 0.223 -1.8
19720327 6.9 0.29 0.223 -3.1
19720328 5.8 0.39 0.223 -2
19720329 0.1 0.38 0.223 -3.2
19720330 0.6 0.33 0.223 -3.7
19720331 0.6 0.54 0.223 -1.3
19720401 0.1 0.64 0.223 -5
19720402 1.6 0.04 0.223 -6.1
19720403 4.8 0.21 0.223 -0.9
19720404 6.2 0.37 0.223 -3
19720405 0 0.7 0.223 -0.4
19720406 1.4 0.59 0.223 0.3
19720407 0 0.38 0.223 1.7
19720408 1.5 0.43 0.223 -1.5
19720409 0 0.49 0.223 0.3
19720410 0.1 0.4 0.223 -1.8
19720411 0.3 0.38 0.223 0.9
19720412 0.1 0.57 0.223 3.5
19720413 0.2 0.49 0.223 2.6
19720414 0.2 0.61 0.223 1.7
19720415 0 0.74 0.223 2.1
19720416 0.2 0.5 0.25 2
19720417 0.1 0.5 0.25 -0.6
19720418 0.2 0.91 0.25 1.2
19720419 0 0.83 0.279 -0.1
19720420 0 0.58 0.279 -0.2
19720421 1.2 0.64 0.279 1.2
19720422 0.2 0.52 0.279 -0.4
19720423 0 0.7 0.279 -3
19720424 0.6 0.63 0.279 -3.5
19720425 0 0.44 0.279 2
19720426 0.1 0.84 0.31 -0.5
19720427 0.8 0.6 0.343 -1.7
19720428 0.5 0.54 0.343 -2.3
19720429 0.1 0.04 0.343 -5.3
19720430 3.6 0.34 0.377 1.6
19720501 4 0.76 0.377 3.1
19720502 0.8 1.02 0.45 7.4
19720503 0 0.85 0.763 6.3
19720504 0 0.84 1.58 4.7
19720505 0 0.94 3.241 5.9
19720506 0 1.24 5.691 5.4
19720507 0 1.08 9.263 6.9
19720508 0 0.88 12.837 6.4
19720509 0 0.8 13.768 6.7
19720510 0 0.83 14.247 4.4
19720511 0 1.19 13.768 5.5
19720512 0 1.27 12.609 2.1
19720513 0 0.9 10.25 4.1
19720514 0 0.92 7.619 2.3
19720515 0 0.73 6.301 3.6
19720516 0 0.54 5.256 3.1
19720517 0 1.32 4.839 5.4
19720518 0 2.45 5.841 8.1
19720519 0.9 1.68 6.944 4.6
19720520 2.5 0.66 6.618 6.1
19720521 0 0.28 6.459 5.6
19720522 4.9 0.59 6.78 6.6
19720523 0.4 0.87 6.944 6.2
19720524 0 1.04 6.78 10.9
19720525 0.9 1.32 7.794 10.1
19720526 17.9 0.75 10.048 5.8
19720527 6 0.71 10.867 5.6
19720528 0.8 0.99 9.072 5.5
19720529 0 0.94 7.97 5.4
19720530 0 0.48 7.109 6.1
19720531 11.3 0.73 7.619 5.4
19720601 1.6 0.88 7.447 7.7
19720602 1.8 0.79 7.277 8.5
19720603 2 1.08 6.618 7.7
19720604 3.3 0.94 6.459 8.5
19720605 6.3 1.65 7.109 13.1
19720606 3.3 2.09 7.109 18.6
19720607 6.6 1.71 7.277 16.5
19720608 6.9 1.41 7.109 7.4
19720609 1.6 1.28 6.944 8.6
19720610 0.2 0.62 6.301 9.2
19720611 0 0.77 5.841 7.3
19720612 6.5 1.02 5.544 9.7
19720613 17.6 0.52 8.511 8.1
19720614 19.2 0.59 9.456 7.4
19720615 0.1 1.03 8.883 8.9
19720616 0 1.95 7.447 9.7
19720617 0 1.85 8.329 12.1
19720618 0 3.78 9.263 11
19720619 5.6 0.43 10.25 8.1
19720620 10.3 0.66 7.447 7.3
19720621 2.9 1.36 5.841 9.2
19720622 0.5 0.74 5.544 8.6
19720623 18.8 0.54 5.841 5
19720624 0.9 1.22 6.618 9
19720625 0 2.9 6.301 12.4
19720626 0 1.19 5.992 14.8
19720627 0 1.73 5.399 17.6
19720628 0 1.46 4.839 18.7
19720629 5.8 0.51 4.571 15.4
19720630 4.9 0.98 4.311 17.9
19720701 5.7 1.51 3.936 19.2
19720702 4.1 2.08 3.697 17.9
19720703 9.7 1.75 3.465 15.1
19720704 0 1.09 3.241 14.4
19720705 0 1.14 3.025 16.8
19720706 0 1.51 2.716 17
19720707 0 1.84 2.425 19.6
19720708 11.7 1.58 2.425 11
19720709 4.6 1.05 2.716 9.3
19720710 5.2 0.44 3.025 10.1
19720711 11.9 1.06 3.58 14.7
19720712 0 1.41 3.58 11.6
19720713 0 1.33 3.241 12.6
19720714 0 1.35 2.92 13.6
19720715 0 1.03 2.617 15.3
19720716 0 1.54 2.332 17.7
19720717 0 1.19 2.064 16.2
19720718 0 1.09 1.813 14.4
19720719 0 1.42 1.813 15.3
19720720 4.7 1.07 2.151 14.8
19720721 0.1 1.45 2.151 10.5
19720722 0 1.58 1.978 12.2
19720723 0 1.47 1.813 14
19720724 0 0.87 1.733 14.2
19720725 7 1.02 2.064 12
19720726 0.5 1.01 2.241 9.4
19720727 0 1.23 2.064 10.7
19720728 0 1.82 1.895 12.6
19720729 0 0.91 1.733 12.2
19720730 4.9 0.54 1.656 15.5
19720731 0 0.86 1.58 15.6
19720801 3.5 1.26 1.506 16.1
19720802 0.1 0.99 1.434 14.8
19720803 0 1.35 1.363 9
19720804 5.3 1.09 1.363 7.9
19720805 3.9 0.9 1.363 8.6
19720806 5.3 1.61 1.363 10.3
19720807 6.1 0.78 1.434 15
19720808 6 0.79 1.506 14.4
19720809 9.6 1.32 1.813 15.6
19720810 2.4 2.17 2.064 13.6
19720811 0.1 1.25 1.978 10.1
19720812 0.1 1.05 1.813 10.2
19720813 0 0.98 1.656 10.5
19720814 0 1.31 1.506 8.2
19720815 6.9 1.49 1.506 12.2
19720816 0.4 0.75 1.506 11.4
19720817 18.8 0.54 1.895 8.7
19720818 12.5 0.8 3.352 6.9
19720819 2.8 1.13 4.059 8.3
19720820 0 0.99 3.697 10.6
19720821 0 1.65 3.241 8.3
19720822 0 1.37 2.817 8
19720823 0 0.99 2.52 6.7
19720824 1.4 0.81 2.332 6.7
19720825 0.7 0.93 2.151 7.4
19720826 0.1 0.93 2.064 7.6
19720827 0 0.86 1.895 8.9
19720828 0 0.74 1.733 6.3
19720829 0 0.99 1.656 10.6
19720830 0 0.92 1.506 7.4
19720831 0 0.8 1.434 9.4
19720901 0.1 1.08 1.363 11.4
19720902 0 0.81 1.295 12.4
19720903 0.4 2.05 1.228 7
19720904 0.2 1.02 1.228 3.6
19720905 0.1 0.57 1.228 7.8
19720906 0 1.34 1.228 8.3
19720907 0 2.1 1.164 10.1
19720908 1.1 1.17 1.164 5.7
19720909 0.1 0.78 1.164 2.3
19720910 21.1 1.03 1.506 5.3
19720911 0.3 0.54 1.733 2.9
19720912 0.2 0.62 1.813 2.5
19720913 4.7 0.64 1.895 3.5
19720914 5.8 0.46 1.978 3.8
19720915 0.7 0.75 2.064 3.4
19720916 0 0.47 2.064 4.3
19720917 0 0.55 1.978 4.3
19720918 0 0.67 1.813 4.5
19720919 0 0.65 1.733 5.2
19720920 0.1 0.64 1.656 6.7
19720921 0.6 0.44 1.58 5.6
19720922 1.6 0.86 1.58 3.4
19720923 0.1 0.66 1.506 4.1
19720924 0.1 0.54 1.506 3.7
19720925 0.2 0.44 1.506 2.7
19720926 0.9 0.77 1.506 3.1
19720927 2.4 0.39 1.506 0.8
19720928 0.6 0.5 1.506 1.2
19720929 0.1 0.61 1.506 3
19720930 0 0.78 1.434 2.5
19721001 0 0.41 1.434 0.3
19721002 0 0.44 1.363 1.1
19721003 0 0.52 1.363 1
19721004 0.5 0.58 1.295 6.8
19721005 1.1 0.48 1.295 5.2
19721006 0.1 0.74 1.363 7.3
19721007 0 0.55 1.363 6.1
19721008 0 0.46 1.363 5.3
19721009 0.4 0.43 1.363 2.5
19721010 0 0.35 1.295 6.3
19721011 0.3 0.88 1.295 2.4
19721012 1.4 0.58 1.295 1
19721013 0 0.66 1.295 -1.5
19721014 0 0.65 1.228 3
19721015 0.1 0.86 1.228 4.5
19721016 0 0.99 1.228 7.1
19721017 0 1.36 1.164 -0.1
19721018 0.5 0.41 1.164 -1.6
19721019 1.4 0.38 1.101 -0.7
19721020 1.2 0.37 1.101 -1.3
19721021 0.1 0.36 1.101 -4.9
19721022 0 0.02 1.04 -4.6
19721023 3.3 0.28 0.981 -2.3
19721024 2.4 0.16 0.981 -1.4
19721025 0 0.4 0.981 -1.3
19721026 0.3 0.59 0.924 0.7
19721027 0 0.3 0.924 0.8
19721028 0.1 0.48 0.924 0.2
19721029 0 0.35 0.924 0.7
19721030 0 0.45 0.924 1.6
19721031 0.1 0.6 0.981 1
19721101 0 0.2 0.981 -0.6
19721102 4.5 0.57 1.04 1.5
19721103 0.3 0.37 1.04 0.8
19721104 0.2 0.41 0.981 -1.3
19721105 0 0.36 0.981 -0.5
19721106 0.8 0.2 0.924 -1.3
19721107 4.1 0.41 0.924 -3.1
19721108 0 0.45 0.868 -2.3
19721109 0 0.42 0.868 0.6
19721110 6.6 0.89 0.868 2.1
19721111 0 0.95 0.868 0.7
19721112 0 0.49 0.814 -3.6
19721113 1 0 0.814 -1.4
19721114 10.7 0.33 0.814 -5.6
19721115 1.6 0.01 0.814 -11.5
19721116 0 0.17 0.763 -13
19721117 0 0 0.763 -5.7
19721118 2.1 0.25 0.763 -4.7
19721119 0.8 0.59 0.763 -15
19721120 0 0.03 0.713 -5.5
19721121 0.5 0.13 0.713 -3.6
19721122 2.7 0.2 0.713 -2.7
19721123 0 0.3 0.713 -4.7
19721124 0.1 0.31 0.713 -4.3
19721125 2.7 0.23 0.713 -0.7
19721126 0 0.5 0.664 -1.5
19721127 0.2 0.37 0.664 -4.9
19721128 0.2 0.22 0.664 0.2
19721129 0.8 0.33 0.664 -2.5
19721130 1 0.11 0.664 -4.8
19721201 13.7 0.22 0.664 -3.5
19721202 3.8 0.59 0.664 1.7
19721203 1.7 0.38 0.664 -0.4
19721204 2.5 0.32 0.664 -6.5
19721205 1.3 0 0.664 0.9
19721206 1.8 0.72 0.664 1.1
19721207 0 0.34 0.664 -5.5
19721208 5.4 0.18 0.664 -9.5
19721209 0 0.16 0.664 -20.1
19721210 0.3 0.16 0.664 -14
19721211 4 0.02 0.618 -6.8
19721212 2.3 0 0.618 -1.1
19721213 3.3 0.43 0.618 1
19721214 0.1 0.7 0.618 2.7
19721215 0 0.5 0.573 0.8
19721216 2 0.54 0.573 -0.6
19721217 0 0.32 0.664 0
19721218 0.7 0.19 0.713 0.4
19721219 0 0.35 0.763 -2.4
19721220 0 0.32 0.763 -7.6
19721221 0 0.17 0.814 -9.8
19721222 0 0.33 0.814 -10.8
19721223 0 0.16 0.763 -11
19721224 0.4 0.33 0.763 -4.3
19721225 4.8 0.24 0.713 -14.3
19721226 0 0.21 0.713 -9.1
19721227 2.5 0.42 0.664 -2.2
19721228 0.5 0.58 0.618 -2.9
19721229 0.1 0.51 0.618 -1.8
19721230 0.1 0.49 0.573 2.3
19721231 0 1.12 0.573 3.8
19730101 0 0.74 0.573 -0.7
19730102 0 0.27 0.531 1.7
19730103 0 0.73 0.531 -2.4
19730104 1.2 0.34 0.531 0.9
19730105 0.1 0.71 0.531 5.6
19730106 0 0.84 0.531 3.8
19730107 0 0.51 0.573 2.8
19730108 0.5 0.41 0.618 1.3
19730109 0.3 0.4 0.618 3
19730110 0.1 0.45 0.664 2.3
19730111 0.1 0.37 0.713 0
19730112 0 0.32 0.664 -1.9
19730113 0 0.29 0.664 -2.3
19730114 0 0.61 0.664 -1.7
19730115 0.8 0.69 0.664 -3.8
19730116 0.8 0.48 0.618 -2.2
19730117 0.4 0.4 0.618 -7.7
19730118 0 0.09 0.573 -6.2
19730119 0 0.26 0.573 -7.9
19730120 1.8 0.3 0.531 -7.7
19730121 1 0.25 0.531 -6.9
19730122 1.1 0.23 0.531 -3.6
19730123 0 0.05 0.489 -2.9
19730124 2 0.45 0.489 -0.9
19730125 3.4 0.33 0.489 1.6
19730126 0 0.72 0.489 -2.7
19730127 0 0.19 0.489 -9.3
19730128 0.7 0.18 0.489 -8.8
19730129 0.3 0.21 0.45 -5.8
19730130 0 0.33 0.45 -4.6
19730131 0.8 0.32 0.45 -1.9
19730201 0.2 0.35 0.45 -1.6
19730202 0.4 0.66 0.413 -1.6
19730203 2.9 0.23 0.413 -3.2
19730204 0.8 0.49 0.413 1
19730205 0.1 0.49 0.413 -1.4
19730206 0 0.42 0.413 -3.5
19730207 1.8 0.48 0.413 -3.9
19730208 0.1 0.44 0.413 -9
19730209 0 0.32 0.413 -7.3
19730210 0 0.41 0.377 -13.6
19730211 0.4 0.28 0.377 -12.9
19730212 3.1 0.43 0.377 -1.9
19730213 4.6 0.33 0.377 -5
19730214 1.9 0.53 0.343 -15.4
19730215 0 0.28 0.343 -17.2
19730216 0 0.29 0.343 -21.9
19730217 0.1 0.18 0.343 -12.5
19730218 0 0.23 0.343 -5.1
19730219 0 0.42 0.343 -3.6
19730220 0 0.28 0.343 -1
19730221 3.9 0.31 0.31 -3.2
19730222 1.2 0.61 0.31 -16.1
19730223 0.3 0.25 0.31 -13.6
19730224 0.7 0.17 0.31 -8.8
19730225 0.2 0.3 0.31 -8.3
19730226 0 0.17 0.31 -13.7
19730227 0 0.25 0.279 -8.2
19730228 0.6 0.37 0.279 -4.1
19730301 0 0.35 0.279 -0.3
19730302 0 0.16 0.279 -4.2
19730303 0.9 0.45 0.279 -1.3
19730304 0 0.29 0.279 -9.5
19730305 3.6 0.35 0.279 -3.1
19730306 0.2 0.29 0.279 -11.6
19730307 0 0.2 0.279 -7.9
19730308 0 0.34 0.279 -2.5
19730309 0.9 0.38 0.279 0.3
19730310 0 0.51 0.279 -3.7
19730311 1.9 0.34 0.279 0
19730312 0.1 0.49 0.25 1.3
19730313 0 0.56 0.25 1.9
19730314 0.2 0.54 0.25 -0.7
19730315 0 0.51 0.25 -3.7
19730316 0 0.38 0.25 1
19730317 1.1 0.41 0.25 -0.8
19730318 2.2 0.37 0.25 -3.8
19730319 1 0.24 0.25 -1.7
19730320 0.3 0.33 0.279 -1.2
19730321 0.1 0.4 0.279 0.2
19730322 0.1 0.76 0.279 4.5
19730323 0 0.81 0.25 4.7
19730324 0 0.75 0.25 2.4
19730325 0 1.39 0.279 4.2
19730326 0 0.62 0.279 1.4
19730327 0.2 0.24 0.279 1.3
19730328 0 0.84 0.279 2.8
19730329 0 0.89 0.279 2.6
19730330 0 1.4 0.279 4.1
19730331 0 0.77 0.279 0.9
19730401 0 1 0.279 0.6
19730402 0.2 0.4 0.279 -2.6
19730403 0 0.51 0.279 -4.9
19730404 0.2 0.59 0.279 -4.9
19730405 4.8 0.35 0.279 -1.5
19730406 8.5 0.38 0.279 -5.3
19730407 0.1 0.35 0.279 -1.3
19730408 0.7 0.44 0.279 -2.7
19730409 0 0.39 0.279 -4
19730410 0 0.35 0.279 -8.9
19730411 0 0.09 0.279 -6.7
19730412 0 0.22 0.25 -4.2
19730413 0.4 0.39 0.25 -1.6
19730414 0.6 0.51 0.25 1.5
19730415 0 0.46 0.25 0.1
19730416 0.6 0.45 0.25 0.2
19730417 2.9 0.54 0.25 0.2
19730418 6.8 0.45 0.279 0
19730419 8.9 0.34 0.279 0.7
19730420 2.3 0.59 0.279 0.1
19730421 0.2 0.54 0.279 -0.2
19730422 0.1 0.66 0.279 3.2
19730423 0 0.75 0.279 0.9
19730424 0 0.86 0.279 1.7
19730425 1.4 0.81 0.279 -2
19730426 0 0.56 0.279 -4
19730427 0 0.61 0.279 -4.7
19730428 0 0.55 0.25 -4.5
19730429 0 0.49 0.25 -0.2
19730430 12 0.65 0.25 0.8
19730501 0.5 1.01 0.25 1.5
19730502 1 1.4 0.25 3.9
19730503 0 1.01 0.25 0.6
19730504 0 0.82 0.25 -0.2
19730505 0.6 1.02 0.279 5.4
19730506 6 0.58 0.343 3.1
19730507 1.5 0.78 0.45 5
19730508 0 0.5 0.664 4.3
19730509 5.2 0.62 1.164 4.4
19730510 0.2 0.48 1.978 3.8
19730511 8.7 1.24 3.241 3.5
19730512 0.1 0.72 4.059 2.5
19730513 0.8 0.44 4.44 3
19730514 4.3 1.02 4.704 2.2
19730515 0.3 0.6 4.704 0.9
19730516 0 0.71 4.184 2.3
19730517 0 0.76 3.936 4.6
19730518 0 0.66 3.936 3.3
19730519 4.8 0.43 4.184 2.1
19730520 22.7 0.82 5.841 3.7
19730521 1.1 0.84 8.148 6.8
19730522 0 0.86 11.078 8.5
19730523 0.2 1.02 14.006 6.8
19730524 0 0.88 16.771 3.3
19730525 0 1.1 16.509 7.1
19730526 0 0.77 16.249 9.6
19730527 0 1.07 18.669 9.3
19730528 0 0.84 18.669 9.5
19730529 0 1.09 18.949 11.9
19730530 0 1.21 22.175 12.7
19730531 0.4 2.07 22.482 13.8
19730601 5.5 1.03 23.731 8.1
19730602 13.6 0.88 24.049 6.6
19730603 8.3 1.05 17.302 5.7
19730604 4 1.03 13.768 9
19730605 1.4 0.86 11.078 9.7
19730606 0 1.99 8.883 12.1
19730607 0.7 0.94 7.97 10.8
19730608 0 1.33 7.277 10.3
19730609 0.1 0.57 6.618 6.9
19730610 4.6 1.68 5.992 7.3
19730611 0.4 1.56 5.544 3.9
19730612 0.1 1 4.839 5.9
19730613 0 0.82 4.311 9.8
19730614 5.6 1.03 4.311 4.5
19730615 0.1 0.82 4.059 3.7
19730616 0.1 0.87 3.58 7.6
19730617 0 2.04 3.241 13.1
19730618 0 1.79 2.92 14.8
19730619 0 2.53 2.817 16.7
19730620 0 0.85 2.716 17
19730621 0 1.38 2.617 17.1
19730622 0 1.69 2.52 16.7
19730623 0 2.74 2.425 15.6
19730624 0 1.32 2.332 13
19730625 0 1.98 2.241 17.2
19730626 0 1.23 2.151 13.6
19730627 8.1 0.59 2.064 11.9
19730628 0 1.35 1.978 14.3
19730629 0 0.78 1.895 11.1
19730630 8 1.38 1.813 13.1
19730701 0 2.45 1.813 17.6
19730702 0 2.05 1.733 19.4
19730703 0 2.97 1.58 17.8
19730704 0 1.78 1.434 15.4
19730705 0 1.86 1.363 16.9
19730706 0 2.04 1.363 19.5
19730707 0.8 1.84 1.228 19.4
19730708 16 1.44 1.228 12.6
19730709 30.3 0.32 1.813 7.2
19730710 26.3 0.47 7.619 9.9
19730711 9.4 0.71 12.161 10.2
19730712 9.3 0.79 12.384 9.9
19730713 1.6 1.05 9.651 10.8
19730714 1 0.96 7.447 13.8
19730715 0 0.67 5.841 15.1
19730716 2 1 4.704 14.8
19730717 7.9 0.61 4.184 12
19730718 16.8 1.3 5.691 14.3
19730719 0 1.37 5.841 11.2
19730720 4.7 0.57 5.841 9
19730721 25.6 0.53 14.734 13.5
19730722 11.5 1.5 14.734 14.5
19730723 5.1 0.8 11.29 13.8
19730724 13.9 0.74 12.161 13
19730725 4.5 1.23 11.078 11.1
19730726 0.7 0.49 8.883 9
19730727 0 0.9 7.447 12
19730728 0 1.41 6.146 13.8
19730729 0 1.23 5.256 10
19730730 0 0.72 4.44 13.1
19730731 1.8 1.38 3.936 9.9
19730801 0 0.91 3.58 9.1
19730802 1.6 0.8 3.241 13.6
19730803 0.2 1.82 3.025 15.3
19730804 0 1.51 2.817 15.5
19730805 2.9 2.37 2.52 10
19730806 7.2 1.1 2.52 9.8
19730807 7 3.15 2.617 11.1
19730808 0.8 0.56 2.617 4.7
19730809 1.6 1.32 2.52 8.6
19730810 3 0.97 2.425 11.5
19730811 4.2 1.17 2.425 10.2
19730812 0.1 0.72 2.425 7.3
19730813 0.1 1.8 2.332 13.3
19730814 0 0.58 2.151 13.6
19730815 0 1.64 1.978 14.9
19730816 0 2.31 1.813 14.6
19730817 0 3.59 1.656 16.1
19730818 0 1.16 1.506 10.9
19730819 0.1 1.46 1.434 9.1
19730820 0 0.92 1.363 6.5
19730821 1.7 0.83 1.295 4.4
19730822 0.8 0.88 1.228 4.9
19730823 0 0.8 1.164 7.3
19730824 0.1 0.93 1.101 5.1
19730825 0.3 0.94 1.04 5.4
19730826 0 0.49 1.04 5.6
19730827 0 0.68 1.04 10.6
19730828 0 0.7 0.981 12.6
19730829 0 0.67 0.981 11.6
19730830 0 0.75 0.924 10.1
19730831 1.2 0.83 0.924 8.3
19730901 14.1 0.88 1.228 9.6
19730902 14.7 0.83 1.733 9
19730903 0.1 0.7 2.064 6.8
19730904 0.1 0.79 2.064 7.5
19730905 7.8 1.21 1.978 8.4
19730906 0.4 0.7 1.895 7.2
19730907 0.8 1.13 1.895 7.1
19730908 7.4 0.5 1.813 5.4
19730909 5.4 0.54 2.064 3.7
19730910 0.7 0.63 2.241 2.2
19730911 0.5 0.45 2.241 3
19730912 0.2 0.92 2.151 2.9
19730913 1.8 0.12 2.064 4.4
19730914 5.2 0.43 2.151 5.3
19730915 3.5 0.4 2.332 8.5
19730916 0.8 0.77 2.425 7.2
19730917 0 0.99 2.425 7.6
19730918 0 0.8 2.241 5.2
19730919 0 0.6 2.064 4.4
19730920 0 0.39 2.064 2.6
19730921 3 0.5 1.978 5.1
19730922 3.3 1.05 1.978 2.2
19730923 0 1.17 1.895 2.3
19730924 0 0.76 1.895 3.9
19730925 0 0.47 1.813 2.5
19730926 0 0.86 1.733 1.8
19730927 0 0.53 1.656 0.6
19730928 0 0.98 1.58 0.7
19730929 10.5 0.42 1.58 1.2
19730930 0 0.36 1.58 1.1
19731001 0.2 0.38 1.58 2.2
19731002 2.3 0.08 1.895 7.2
19731003 0 1.14 2.817 11.3
19731004 0 0.73 2.92 6.7
19731005 0 0.52 2.716 7
19731006 0 0.4 2.52 4.1
19731007 0.2 0.39 2.332 4.2
19731008 0 0.65 2.241 5.3
19731009 0.6 0.77 2.151 1.6
19731010 5.4 0.61 2.064 -6.3
19731011 0 0 1.978 -2.7
19731012 0 0.33 1.895 -1.5
19731013 0.1 0.35 1.656 -3.7
19731014 0 0.47 1.506 -1
19731015 0 0.46 1.434 -2.3
19731016 0 0.34 1.363 -4.9
19731017 0 0.45 1.295 -7.3
19731018 0 0.24 1.228 -8.1
19731019 0.1 0.37 1.228 -8.3
19731020 0 0.28 1.164 -3.4
19731021 0.2 0.28 1.101 -3.9
19731022 1.7 0.26 1.101 -8.8
19731023 0 0.23 1.101 -9.8
19731024 0 0.14 1.04 -4.5
19731025 3.2 0.69 1.101 2.3
19731026 0 0.66 1.228 1.7
19731027 0 0.38 1.228 -1.5
19731028 0 0.51 1.228 0.4
19731029 1.5 0.24 1.295 -1.7
19731030 8.2 0.37 1.295 -0.4
19731031 0 0.33 1.295 -4.3
19731101 0 0.25 1.228 -5.8
19731102 0 0.3 1.228 -4
19731103 0 0.27 1.164 -6.1
19731104 0 0.42 1.101 -0.7
19731105 0.8 0.69 1.295 4.2
19731106 10.3 0.81 2.064 0.3
19731107 10.4 0.36 2.332 -5.1
19731108 0.3 0.33 2.151 1.4
19731109 0.2 0.96 2.151 0.5
19731110 2.4 0.34 2.151 -4.3
19731111 0 0.24 2.064 -8.5
19731112 2.6 0.16 1.895 -8.1
19731113 4.6 0.27 1.733 -8.2
19731114 2.3 0.13 1.656 -12.5
19731115 0 0.16 1.506 -19.9
19731116 0.1 0.24 1.434 -20
19731117 0 0.02 1.363 -9.4
19731118 7.8 0.42 1.363 -6
19731119 6.4 0.21 1.363 -6.5
19731120 2.4 0.25 1.295 -7
19731121 1.1 0 1.228 -5.8
19731122 0 0.33 1.228 0
19731123 0.5 0.32 1.164 -3.8
19731124 0.3 0.48 1.164 -19.8
19731125 0 0 1.101 -12.5
19731126 0 0.15 1.101 -9.6
19731127 0 0.09 1.04 -7.7
19731128 0.7 0.29 0.981 -12.5
19731129 0.4 0.17 0.981 -20.1
19731130 0.2 0.03 0.924 -15.3
19731201 0.1 0.13 0.924 -16.6
19731202 2.4 0 0.868 -6.2
19731203 5.2 0.25 0.868 -2.6
19731204 1.5 0.15 0.868 -2.9
19731205 1.6 0.31 0.868 -6.3
19731206 2.2 0.1 0.868 -6.4
19731207 3.3 0.27 0.814 -9.1
19731208 4.8 0.18 0.814 -18.7
19731209 0.2 0 0.814 -17.2
19731210 1.1 0 0.763 1.3
19731211 0.1 0.79 0.763 -9.4
19731212 0 0.26 0.763 -8.2
19731213 1.8 0 0.763 -8.1
19731214 6.4 0.13 0.713 -7.6
19731215 1.1 0.11 0.713 -13.6
19731216 3.5 0.02 0.713 -7.1
19731217 1.8 0.03 0.713 -7.3
19731218 0.5 0.2 0.713 -9.7
19731219 0 0.14 0.713 -22.1
19731220 0 0.19 0.664 -15.2
19731221 4.3 0 0.664 -6.1
19731222 2.2 0.23 0.664 -4.8
19731223 0 0.16 0.618 -5.5
19731224 0.1 0.36 0.618 -7.4
19731225 0 0.23 0.618 -11.3
19731226 0.7 0.15 0.618 -7.1
19731227 0 0.29 0.573 -0.4
19731228 0.1 0.75 0.573 -2.3
19731229 0 0.37 0.573 0.5
19731230 0.3 0.74 0.573 0.4
19731231 0 0.07 0.531 -2.6
19740101 1.5 0.48 0.531 -4.8
19740102 0 0.48 0.531 -10.1
19740103 0.1 0.17 0.531 -15.2
19740104 0.6 0.21 0.531 -12.2
19740105 0 0 0.489 -8.5
19740106 0 0.27 0.489 -3.1
19740107 0.9 0.29 0.489 -3.2
19740108 0.3 0.37 0.489 -6.4
19740109 0.9 0.13 0.45 -5.3
19740110 1.3 0.29 0.45 -1.9
19740111 1.3 0.5 0.45 -4.7
19740112 1.6 0.33 0.45 -4.6
19740113 1.9 0.09 0.45 -1.5
19740114 5.1 0 0.45 0.9
19740115 1.8 0.54 0.45 -0.6
19740116 0 0.24 0.45 -5.8
19740117 0 0.19 0.45 -17.2
19740118 0.3 0.05 0.45 -6.3
19740119 5.1 0.35 0.45 -2.3
19740120 1.3 0.31 0.45 -5.9
19740121 0 0.26 0.45 -8.6
19740122 0 0.15 0.413 -2.2
19740123 0 0.22 0.413 -5.9
19740124 0.9 0.25 0.413 -6.8
19740125 0 0.29 0.413 -7.1
19740126 0.2 0.25 0.413 -5.1
19740127 0.2 0 0.377 0
19740128 0.4 0.42 0.377 -1
19740129 1.8 0.64 0.377 -1.5
19740130 0 0.35 0.377 -10.7
19740131 3.1 0.4 0.377 1.2
19740201 0.3 0.5 0.377 -3.9
19740202 0 0.06 0.377 -5.1
19740203 0 0.26 0.343 -11.8
19740204 0.3 0.28 0.343 -6
19740205 0 0.3 0.343 -4.1
19740206 1.9 0.38 0.343 -2.6
19740207 0.1 0.28 0.343 -6.9
19740208 1.4 0.24 0.343 -6
19740209 0.4 0.32 0.343 -11.5
19740210 0.1 0.21 0.343 -19.1
19740211 5.3 0 0.343 -3.3
19740212 8.6 0.34 0.377 2.7
19740213 0.9 0.72 0.377 0.1
19740214 0 0.46 0.377 -5.7
19740215 0 0.2 0.377 -5.4
19740216 0 0.68 0.343 -1.1
19740217 0 0.25 0.343 -5
19740218 0.2 0.46 0.343 -9.5
19740219 0 0.2 0.343 -9.5
19740220 0 0.05 0.343 -10.5
19740221 0 0.22 0.343 -3.1
19740222 0.2 0.66 0.343 2.9
19740223 0.1 0.64 0.343 -4.6
19740224 0.1 0.11 0.343 -2.5
19740225 0 0.46 0.31 -1.5
19740226 0 0.42 0.31 -0.4
19740227 0 0.28 0.31 -8.4
19740228 0 0.46 0.31 -5.5
19740301 0 0.49 0.31 -6.9
19740302 0.1 0.4 0.31 -6.3
19740303 0.3 0.28 0.279 -4.7
19740304 0.1 0.33 0.279 -5.4
19740305 0 0.28 0.279 -6.2
19740306 0.2 0.39 0.25 -3.7
19740307 0 0.81 0.25 -1
19740308 0 0.32 0.25 -7.3
19740309 0 0.39 0.25 -4.4
19740310 0 0.36 0.25 -8.4
19740311 0 0.34 0.25 -12.6
19740312 0 0.24 0.25 -11
19740313 0 0.64 0.223 -10.4
19740314 0 0.3 0.223 -10.7
19740315 0.3 0.39 0.223 -5.3
19740316 0 0.49 0.223 -13.3
19740317 0 0.08 0.223 -6.6
19740318 4.6 0.15 0.223 -2.4
19740319 5.6 0.39 0.223 -2.4
19740320 0.3 0.41 0.223 -6.7
19740321 0.3 0.22 0.223 -3.9
19740322 0 0.59 0.223 -2.7
19740323 0 0.54 0.223 -9.2
19740324 0 0.4 0.223 -5.9
19740325 0 0.38 0.223 -1.2
19740326 0 0.36 0.223 -2.7
19740327 0 0.31 0.223 -5.6
19740328 0 0.31 0.223 -5.4
19740329 0 0.38 0.223 -5.8
19740330 0 0.34 0.223 -3.5
19740331 0 0.34 0.223 -2.3
19740401 0 0.6 0.223 -1.9
19740402 0 0.67 0.223 0.1
19740403 0 0.47 0.223 2.5
19740404 0 0.55 0.223 3.9
19740405 0 0.61 0.223 5.4
19740406 0 0.53 0.223 5.1
19740407 0 0.56 0.25 3.8
19740408 0 1.02 0.343 2.1
19740409 0.2 0.4 0.45 -2.4
19740410 1.4 0.36 0.531 -2.7
19740411 1.1 0.31 0.573 -10
19740412 0 0.13 0.573 -8.1
19740413 0.1 0.54 0.573 -2.5
19740414 0.4 0.11 0.618 0.1
19740415 1 0.39 0.618 0.6
19740416 0.3 0.21 0.573 2.1
19740417 0.4 0.39 0.573 2.5
19740418 0.3 0.45 0.573 2.8
19740419 0.1 0.6 0.618 2.5
19740420 0.1 0.48 0.664 2.7
19740421 0.1 0.34 0.814 2.9
19740422 0.2 0.62 0.981 2.7
19740423 0.1 0.8 1.164 1.5
19740424 0.1 0.38 1.228 0.2
19740425 0.1 0.59 1.295 2.6
19740426 0 0.47 1.363 4.5
19740427 0 0.66 1.58 4.3
19740428 0 0.77 2.064 5.5
19740429 0 1.2 2.716 5.3
19740430 0 0.62 3.58 5.6
19740501 0 0.81 4.571 4.7
19740502 0 0.46 5.399 3.9
19740503 0 1.27 6.146 2.3
19740504 0.4 0.99 5.992 -0.3
19740505 0 0.69 5.841 -1.1
19740506 0 0.53 5.841 -0.5
19740507 0 0.85 5.691 3.1
19740508 0 1.17 5.544 4.8
19740509 0 0.89 5.544 4.8
19740510 0 1.65 5.399 6.7
19740511 0 1.33 5.399 7.9
19740512 0 1.7 5.256 10.7
19740513 0 1.98 5.115 9.6
19740514 0 1.89 5.115 9.6
19740515 0 1.27 4.976 7
19740516 0 0.89 4.976 9
19740517 0 1.6 4.839 11.1
19740518 0 1.13 4.704 12
19740519 0 0.77 4.704 12.4
19740520 0 1.95 4.571 11.8
19740521 0 1.03 4.571 10.5
19740522 2.3 0.71 4.44 8.1
19740523 0.5 0.98 4.311 9.7
19740524 0 1.2 4.311 6.2
19740525 0.2 0.72 4.184 6
19740526 4.1 0.92 4.184 4.6
19740527 0.3 0.79 4.059 2.5
19740528 5.8 0.7 3.936 2.6
19740529 2.6 0.6 3.936 3.2
19740530 1.1 0.82 3.816 3.8
19740531 0.1 1.09 3.816 4.9
19740601 0 0.89 3.465 7.2
19740602 0 1.46 3.241 7.2
19740603 3.1 1.25 3.241 6.4
19740604 0 0.64 3.241 4.8
19740605 0.3 0.78 3.241 4.9
19740606 0.5 0.43 3.025 5.4
19740607 14 0.55 3.936 4.2
19740608 2.8 1 5.992 5.8
19740609 5.7 0.48 5.841 5.2
19740610 2 1.18 6.146 6.7
19740611 0 1.55 5.691 8.2
19740612 0 1.2 4.976 11.2
19740613 0 1.53 4.311 13.3
19740614 0 1.92 3.816 15.7
19740615 0 1.1 3.697 14.1
19740616 0 1.94 3.465 15.3
19740617 0 2.2 3.241 18.1
19740618 0 3.02 3.132 15.4
19740619 0 1.73 2.817 13.3
19740620 4.3 0.82 2.817 11.2
19740621 4.4 1.39 2.92 13.6
19740622 1.2 1.49 2.716 12.4
19740623 0 1.89 2.52 10.9
19740624 0 1.83 2.241 11.6
19740625 0.2 1.76 2.064 7.6
19740626 0.8 1.14 1.895 6.3
19740627 0.3 1.02 1.813 6.6
19740628 1.5 1.14 1.733 9.4
19740629 0 1.21 1.656 12.9
19740630 0 0.93 1.58 11.1
19740701 0.8 1.13 1.58 13
19740702 0 1.81 1.506 10.6
19740703 0.1 1.12 1.363 10
19740704 0 1.01 1.295 7.3
19740705 0.1 0.93 1.228 9.9
19740706 0 1.13 1.164 10.7
19740707 0 1.1 1.101 9.4
19740708 0 0.95 1.04 9.9
19740709 0 1.43 0.981 12.5
19740710 0.1 1.47 0.924 10.1
19740711 0.1 0.62 0.924 7.8
19740712 0 0.9 0.868 11.1
19740713 8.7 0.63 0.981 11.1
19740714 11.7 0.62 1.363 10.8
19740715 7.7 0.61 1.813 9.4
19740716 1.9 1.22 1.978 10.5
19740717 8.4 0.88 2.151 11.9
19740718 6.7 1.04 2.716 10.6
19740719 0.2 2.23 2.817 12.9
19740720 0 1.61 2.617 12
19740721 2.5 1.49 2.332 11
19740722 0.7 2.63 2.151 12.9
19740723 1.9 1.38 1.978 9.6
19740724 2.9 1.24 1.895 10
19740725 3.4 1.43 1.813 9.7
19740726 0.2 1.2 1.656 7.7
19740727 7.5 0.59 1.656 5.8
19740728 0.3 0.7 1.733 7.8
19740729 0.6 0.79 1.733 8.9
19740730 0.2 0.98 1.733 8.5
19740731 1.7 1.07 1.656 9.6
19740801 1.8 0.9 1.656 10.8
19740802 0.3 1.02 1.58 9.8
19740803 13.7 0.81 1.58 8.7
19740804 1.8 0.79 1.733 9.2
19740805 8.7 0.9 1.813 8.2
19740806 0.8 1.08 1.733 8.5
19740807 0.1 0.95 1.656 8.4
19740808 0 1.29 1.58 9.3
19740809 0 1.89 1.434 7.8
19740810 0.6 0.69 1.363 9
19740811 13.2 0.49 1.58 10.7
19740812 10.4 0.83 1.895 12.3
19740813 1.2 0.88 1.978 11.3
19740814 3.3 0.69 1.978 9.9
19740815 1.9 0.5 2.064 8.1
19740816 4.3 1.36 2.064 12.9
19740817 0.6 0.93 2.064 9.7
19740818 1.7 1.07 1.978 9.1
19740819 0.2 1.06 1.895 6.4
19740820 0.1 1.23 1.813 8.2
19740821 0.1 1.25 1.733 10.3
19740822 2.8 0.98 1.58 11.7
19740823 4.1 0.83 1.506 8
19740824 1.2 1.01 1.506 10.8
19740825 4.3 1.36 1.434 11.2
19740826 0 0.85 1.363 13.5
19740827 1.5 1.42 1.295 13.9
19740828 8.1 0.71 1.434 10.4
19740829 0 0.37 1.58 9.5
19740830 5.5 1.09 1.813 12.5
19740831 0 0.64 1.895 12.6
19740901 0 0.95 1.895 12.6
19740902 0 0.97 1.733 13.7
19740903 0.1 0.92 1.656 11
19740904 2 2.14 1.58 11.4
19740905 0 1.06 1.58 9.7
19740906 2.2 1.19 1.506 8.5
19740907 0.2 1.41 1.506 10.3
19740908 4.9 0.56 1.58 9.3
19740909 12.5 1.45 2.151 9.3
19740910 0.3 0.73 2.425 6.8
19740911 0 0.79 2.425 4.9
19740912 0.2 1.03 2.241 7.5
19740913 0 1.29 2.151 7.5
19740914 0 0.74 1.895 7.8
19740915 2.2 0.91 1.895 10.2
19740916 4.5 1.62 1.813 11.7
19740917 5.3 1.4 1.813 12.1
19740918 2.4 1.15 1.733 4.7
19740919 0 1.16 1.733 3.8
19740920 0 0.92 1.58 5.4
19740921 0 0.4 1.58 2.3
19740922 6.9 1.02 1.733 6.4
19740923 0.8 0.8 1.895 5
19740924 3.7 0.82 1.895 6.4
19740925 4.7 0.53 1.978 7.3
19740926 4.4 0.93 2.332 6.5
19740927 0.5 0.37 2.425 2.3
19740928 3.2 0.28 2.52 2.7
19740929 15.1 1.64 3.352 5.1
19740930 3.1 0.39 3.936 2.4
19741001 2.4 0.5 4.059 3.1
19741002 0 0.63 3.936 2.4
19741003 0 0.72 3.58 2.8
19741004 0 0.38 3.241 0.9
19741005 4.7 0.35 3.132 2.4
19741006 2.5 0.39 3.132 3.2
19741007 4.6 0.44 3.465 2.9
19741008 1.9 0.46 3.697 3.3
19741009 0.2 0.38 3.465 0.4
19741010 0.3 0.83 3.132 0.1
19741011 2.6 0.15 2.817 -3.6
19741012 2 0.33 2.617 -2
19741013 0 0.38 2.425 -0.9
19741014 0 0.12 2.241 -3.5
19741015 0 0.21 2.151 1.9
19741016 0.7 0.43 2.241 4.8
19741017 2.8 0.38 2.425 5.1
19741018 2.9 0.46 2.817 2
19741019 0.1 0.48 2.817 -0.3
19741020 1.8 0.62 2.716 -1.9
19741021 1.6 0.35 2.52 -2.6
19741022 2 0.17 2.332 -1.8
19741023 2.4 0.37 2.241 -1.5
19741024 0 0.3 2.151 -0.7
19741025 0 0.4 2.064 0.2
19741026 1.1 0.28 1.978 1.3
19741027 2.2 0.36 1.895 -0.9
19741028 3.3 0.39 1.813 -2.9
19741029 0.1 0.18 1.733 -1.4
19741030 0.2 0.4 1.733 -3.7
19741031 0.1 0.27 1.656 -3.5
19741101 0 0.35 1.58 -1.4
19741102 0.3 0.26 1.58 -2.9
19741103 0.1 0.24 1.506 -3.8
19741104 0.1 0.29 1.434 -2.5
19741105 5.4 0.31 1.434 -3.6
19741106 0 0.22 1.363 -4.1
19741107 2.2 0.25 1.363 -6
19741108 0.3 0.11 1.295 -4.1
19741109 4.6 0.31 1.295 -1.7
19741110 11.2 0.28 1.228 0.9
19741111 2 0.59 1.228 0.1
19741112 4.6 0.79 1.228 1.8
19741113 0.5 0.53 1.164 -1.5
19741114 0.5 0.24 1.164 -5
19741115 11.7 0.42 1.164 0.7
19741116 0.2 0.53 1.164 -3.9
19741117 0 0.06 1.228 -5.9
19741118 0 0.21 1.228 -8.5
19741119 0 0.1 1.228 -9.3
19741120 0 0.26 1.228 -16.3
19741121 0 0.09 1.164 -17.6
19741122 0 0.13 1.101 -17.3
19741123 0 0.13 1.04 -20.2
19741124 0 0.06 1.04 -7.7
19741125 1.3 0.32 0.981 -1.8
19741126 1.2 0.18 0.981 -5.7
19741127 6.7 0.15 0.981 -2.2
19741128 4.6 0.29 0.981 -2.6
19741129 3 0.32 0.981 -7.3
19741130 3.7 0.18 0.981 -4.4
19741201 0.7 0.33 0.924 -6.3
19741202 0 0.09 0.924 -2.5
19741203 5 0.29 0.924 -3.8
19741204 1.3 0.04 0.868 -0.3
19741205 0.3 0.18 0.868 -4.1
19741206 1.3 0.3 0.868 -2.8
19741207 3.9 0.23 0.868 -3.5
19741208 2.8 0.23 0.814 -15.3
19741209 0 0.14 0.814 -6.9
19741210 0 0.52 0.814 -11.9
19741211 4 0 0.763 -6.2
19741212 1 0.26 0.763 -15.1
19741213 0 0.22 0.763 -20.3
19741214 2 0.24 0.713 -2.5
19741215 0 0.47 0.713 -13.4
19741216 0 0.28 0.713 -17.6
19741217 5.8 0.04 0.664 -3.6
19741218 0.4 0.23 0.664 -6
19741219 1.3 0.36 0.664 -7.1
19741220 3.7 0.03 0.664 -3.1
19741221 1.2 0.54 0.618 -3.2
19741222 0 0.5 0.618 3.1
19741223 0 0.7 0.618 -3.2
19741224 0 0.17 0.618 3.1
19741225 0 0.54 0.618 -3.4
19741226 2.2 0.02 0.618 -3
19741227 0.7 0.49 0.618 -6
19741228 0.7 0.15 0.618 -7.5
19741229 3.4 0.06 0.618 -7.3
19741230 5.8 0.35 0.573 -17.4
19741231 3.5 0.14 0.573 -10.3
19750101 6.4 0.33 0.618 -7.8
19750102 0 0.58 0.573 -1.7
19750103 0 0.71 0.573 -1.1
19750104 1.4 0.37 0.573 -5.2
19750105 3.2 0.24 0.573 -2.8
19750106 11.4 0.54 0.618 -6.4
19750107 0 0.26 0.618 -11
19750108 1.3 0.24 0.618 -19.6
19750109 4 0 0.573 -9.3
19750110 3.6 0.06 0.573 -5.1
19750111 2.7 0.22 0.573 -10.2
19750112 3.5 0.22 0.573 -8.3
19750113 9.6 0.33 0.573 -2.4
19750114 1.9 0 0.573 -0.3
19750115 0.3 1.79 0.531 1.9
19750116 0.4 0.86 0.531 1.9
19750117 0 0.76 0.573 -14.2
19750118 0 0 0.573 -5.9
19750119 3.5 0.34 0.573 -9
19750120 0.1 0.37 0.573 -6.7
19750121 2.1 1.02 0.573 -0.2
19750122 3.7 0.41 0.531 -8.2
19750123 7 0.65 0.531 -3
19750124 1.2 0.32 0.531 -7.5
19750125 0 0.33 0.531 -12.4
19750126 1.3 0 0.531 -5.8
19750127 10.6 0.3 0.489 -5.8
19750128 2.1 0.33 0.489 -3
19750129 11.9 0.65 0.489 -2.1
19750130 2.4 0.75 0.489 -4.9
19750131 5 0.49 0.489 -2.1
19750201 2.5 0.61 0.489 -0.8
19750202 0.2 0.31 0.489 -2
19750203 1.2 0.33 0.489 -5.7
19750204 0 0.2 0.45 -2.6
19750205 0 0.55 0.45 -2.2
19750206 0 0.63 0.45 0.5
19750207 0.1 0.76 0.413 -2.7
19750208 0 0.34 0.413 -12.3
19750209 0 0.35 0.413 -0.4
19750210 0 0.41 0.413 -1
19750211 0.1 0.48 0.413 -2.4
19750212 0.1 0.16 0.413 -7.4
19750213 0.3 0.14 0.413 -7.4
19750214 0.6 0.22 0.413 -11.4
19750215 1.4 0.27 0.413 -24.2
19750216 0 0.52 0.377 -10.8
19750217 0 0.23 0.377 -12.7
19750218 2.4 0.49 0.377 -6.6
19750219 0.2 0.58 0.377 -1.8
19750220 0 0.53 0.377 -8.8
19750221 0 0.62 0.343 -1.8
19750222 0 0.98 0.343 2.5
19750223 0 0.71 0.343 -7.4
19750224 0 0.51 0.343 -1.7
19750225 0 0.5 0.343 -11.5
19750226 0 0.2 0.343 -14.7
19750227 0 0.43 0.343 -10
19750228 0 0.77 0.31 1.4
19750301 0 0.7 0.31 0.7
19750302 0 0.51 0.31 -10.8
19750303 0 0.3 0.31 -4.1
19750304 1.3 0.34 0.31 -2.5
19750305 0 0.4 0.31 -1.9
19750306 0 0.31 0.31 -5.9
19750307 0.1 0.48 0.31 -0.3
19750308 0.4 0.59 0.31 0.2
19750309 0 0.38 0.31 -6.3
19750310 0 0.24 0.279 -8.3
19750311 0 0.53 0.279 -4.7
19750312 0 0.25 0.279 -9.2
19750313 0 0.89 0.279 -8.5
19750314 0 0.94 0.279 -4.7
19750315 0 0.48 0.279 -8
19750316 0.8 0.16 0.279 -5
19750317 0.1 0.39 0.279 -4.9
19750318 0.1 0.49 0.279 -2
19750319 0 0.57 0.279 -1.3
19750320 0.2 0.34 0.279 -4
19750321 0 0.39 0.279 -7.5
19750322 0 0.76 0.279 -8.5
19750323 0 0.4 0.25 -7.4
19750324 0 0.7 0.25 -1.8
19750325 2.2 0.5 0.25 -2.1
19750326 2.5 0.42 0.25 -3.3
19750327 1.1 0.31 0.25 -5.3
19750328 0.6 0.33 0.25 -5.1
19750329 0 0.29 0.25 -9.4
19750330 0 0.3 0.25 -7.8
19750331 0 0.38 0.25 -6.3
19750401 0.1 0.33 0.25 -7.2
19750402 2.1 0.22 0.25 -5.2
19750403 0.1 0.36 0.25 -8.7
19750404 0 0.32 0.25 -11.9
19750405 0 0.5 0.25 -2.5
19750406 0 0.32 0.25 -4.7
19750407 0 0.36 0.25 -3.8
19750408 1.4 0.4 0.25 -0.9
19750409 9 0.78 0.25 -3.7
19750410 0 0.28 0.25 -5.9
19750411 0 0.32 0.25 -8.9
19750412 0 0.4 0.25 -6.4
19750413 0.1 0.34 0.25 -3.8
19750414 0.2 0.55 0.25 -1.6
19750415 0 0.43 0.25 -5.1
19750416 0 0.39 0.25 -5.6
19750417 0 0.51 0.223 -5.7
19750418 0 0.6 0.223 -3
19750419 0 1.23 0.223 2.9
19750420 0 1.07 0.223 2.3
19750421 0 1.26 0.223 3.3
19750422 0 0.52 0.223 2.9
19750423 0 0.78 0.223 1.4
19750424 0.3 0.6 0.25 1
19750425 0.1 0.72 0.25 0.8
19750426 0.1 0.68 0.279 2.3
19750427 0 0.95 0.279 2.6
19750428 0 1.04 0.279 1
19750429 0 0.37 0.31 1.3
19750430 2.6 1.19 0.343 5.1
19750501 3.3 0.9 0.489 1.8
19750502 1.1 0.97 0.573 2.1
19750503 0.3 0.84 0.713 0.7
19750504 0 0.93 0.763 1.8
19750505 0 0.58 0.814 5
19750506 0 0.51 1.04 5.6
19750507 0 0.97 1.656 7
19750508 0 1.48 2.617 6.4
19750509 0 1.35 4.571 9.7
19750510 0 1.16 9.072 8.8
19750511 1.8 2.13 20.382 8.2
19750512 5.7 1.14 28.041 3.1
19750513 0 0.92 22.791 5.1
19750514 0.3 1.57 16.771 6.3
19750515 1.2 0.96 14.489 8.6
19750516 3.8 0.6 14.981 8
19750517 0.1 1.21 17.842 6.6
19750518 0 2.23 17.302 7.7
19750519 3.8 1.04 16.249 8.4
19750520 0.1 1.55 14.734 8.9
19750521 0.2 1.26 14.247 3
19750522 6.6 0.78 11.721 2.1
19750523 1.3 1.08 9.072 3.3
19750524 0.3 1.06 7.447 3.2
19750525 0 1.13 6.146 4.6
19750526 0 1.37 5.399 8.1
19750527 0 1.08 5.256 6.4
19750528 0.1 1.69 5.691 2.6
19750529 0.2 0.95 5.841 0.1
19750530 0.2 0.92 5.256 0.4
19750531 0.5 0.9 4.571 2.4
19750601 0 0.88 3.936 3
19750602 3.1 0.77 3.465 1.6
19750603 1 0.51 3.241 3.7
19750604 0.1 0.69 3.025 5.2
19750605 7.1 0.77 3.025 5.1
19750606 5.8 0.93 3.241 5.7
19750607 0.4 1.96 3.58 14.5
19750608 0 2.96 4.704 15.6
19750609 0 0.97 6.618 9.4
19750610 0 1.88 6.78 10.6
19750611 0 1.56 5.992 13.7
19750612 0 1.17 5.544 10.7
19750613 0.6 1.33 5.399 5.1
19750614 0 1.04 4.976 6.5
19750615 0.3 0.88 4.311 5.9
19750616 0.4 0.67 3.816 4.5
19750617 3.8 1.16 3.58 5.8
19750618 0 1.38 3.352 8.9
19750619 0 2.7 3.132 12.7
19750620 0.2 3.7 3.025 16.4
19750621 0 1.13 3.132 9.3
19750622 0.3 1.36 3.132 11.6
19750623 0 2.36 2.92 12.5
19750624 2.4 1.67 2.92 7.5
19750625 0.6 0.87 2.817 7.1
19750626 0.1 0.69 2.617 8.4
19750627 4.4 0.97 2.52 3.6
19750628 0.2 1.1 2.425 5.6
19750629 0.1 1.09 2.241 8.8
19750630 0 2.37 2.064 11.6
19750701 0 1.57 1.895 11.1
19750702 0 1.92 1.813 12.9
19750703 0 2.17 1.656 8.7
19750704 0 2.51 1.506 9.9
19750705 0 1.67 1.434 12
19750706 0 1.85 1.295 12.8
19750707 0 1.23 1.295 11.1
19750708 0 2.34 1.164 15.1
19750709 0 1.91 1.101 18.7
19750710 0 2.3 1.164 16.6
19750711 2.3 1.23 1.295 13.9
19750712 0 1.35 1.363 14.3
19750713 2.1 1.61 1.363 9
19750714 0 1.26 1.295 8.4
19750715 0 0.47 1.228 9.3
19750716 4.7 1.56 1.164 8.4
19750717 0 1.81 1.101 11
19750718 0 1.85 1.04 11
19750719 0 1.64 0.981 13.5
19750720 0 2.17 0.868 14.7
19750721 0 2.04 0.814 16
19750722 0 2.6 0.814 13.5
19750723 2.6 0.85 0.814 13.9
19750724 6.9 2.31 0.814 12.9
19750725 9.9 0.78 0.981 9.6
19750726 11.8 1.27 1.228 11.5
19750727 0 1.48 1.295 11.5
19750728 0 1.29 1.228 13.3
19750729 0 1.57 1.228 15.1
19750730 0 0.87 1.101 17.4
19750731 0 2 0.981 10.6
19750801 4 0.59 0.981 9.7
19750802 0.5 0.75 0.924 12.7
19750803 0 1.46 0.868 15.1
19750804 0 1.95 0.868 18.6
19750805 0.4 1.64 0.814 19.4
19750806 0 2.37 0.763 18.9
19750807 0 1.62 0.713 19.4
19750808 0 2.37 0.664 18.3
19750809 2.5 2.31 0.664 19
19750810 1 2.26 0.618 18.2
19750811 2.7 1.66 0.573 15.3
19750812 0 1.48 0.531 12.5
19750813 0 1.8 0.489 10.5
19750814 0.3 1.17 0.489 11.4
19750815 2.9 1.14 0.45 8.6
19750816 0 0.79 0.45 8.7
19750817 0 0.55 0.45 7.8
19750818 0.4 0.93 0.45 9
19750819 0 1.76 0.45 11.5
19750820 0 2.03 0.45 11.1
19750821 3.2 1.21 0.413 14.2
19750822 1.9 1.63 0.413 10.5
19750823 7.6 1.61 0.45 10.1
19750824 8.7 1.33 0.531 9.5
19750825 15.3 1.28 0.713 8.2
19750826 0.2 1.07 0.763 9
19750827 0.1 1.2 0.763 11.1
19750828 2.8 0.49 0.763 7
19750829 1 1.24 0.763 7.5
19750830 0 0.74 0.763 6.4
19750831 0.2 2.11 0.763 11.5
19750901 0 0.69 0.713 9.8
19750902 0.1 1.4 0.713 10.2
19750903 0 2.18 0.664 12
19750904 1.8 1 0.664 7.4
19750905 0 1.47 0.664 7
19750906 2 1.19 0.664 4.2
19750907 0 1.19 0.618 3.2
19750908 0 1.51 0.618 7.4
19750909 0.1 3.02 0.618 12.9
19750910 4.1 1.11 0.573 8
19750911 5.9 0.7 0.618 6.7
19750912 11.4 1.02 0.618 10.1
19750913 9.5 0.69 1.04 8.3
19750914 9.3 0.79 2.151 7.1
19750915 1.1 1.39 2.52 6.5
19750916 0.3 1.72 2.52 9.6
19750917 0.3 0.61 2.332 10.6
19750918 2 1.14 2.241 9.7
19750919 5.9 0.73 2.332 6.2
19750920 0 1.42 2.332 6.9
19750921 1 1.75 2.151 6.7
19750922 3 1.27 2.064 2.3
19750923 1.4 1.35 1.978 10.3
19750924 0.1 2.02 1.978 5
19750925 3.4 0.76 1.895 6.6
19750926 9.2 1.23 2.425 9.2
19750927 9 3.01 4.059 5.7
19750928 1.8 0.51 4.059 1.1
19750929 1.9 0.73 3.697 4.7
19750930 0 1.39 3.352 6.2
19751001 0.2 0.62 3.025 9
19751002 5.1 1.8 3.132 8.1
19751003 0 0.53 3.025 4.9
19751004 0.1 0.8 2.817 6.1
19751005 14.2 2.06 3.58 7.1
19751006 5.4 1.78 4.311 5
19751007 4.2 0.65 4.184 3.2
19751008 3 0.9 4.184 2.1
19751009 4.2 0.59 4.059 1.4
19751010 2.6 0.67 3.697 0.1
19751011 0 0.61 3.241 2.2
19751012 0 0.42 2.92 0.3
19751013 0 0.72 2.817 1.5
19751014 0 0.5 2.52 0.4
19751015 0.1 0.53 2.425 3
19751016 4.8 0.4 2.332 3.9
19751017 6.2 0.54 2.617 2.9
19751018 0.1 0.49 2.817 0.6
19751019 0 0.34 2.716 -1.7
19751020 0 0.32 2.52 -3.7
19751021 0 0.34 2.241 -3.7
19751022 0 0.71 2.064 -3.9
19751023 0 0.31 1.978 -2.7
19751024 0 0.36 1.895 0.8
19751025 0 0.67 1.895 3.1
19751026 0.1 0.5 1.978 6.2
19751027 0 1.12 2.151 6.7
19751028 0 0.41 2.151 3.6
19751029 0.1 0.67 2.064 6.1
19751030 2.2 0.49 2.064 3.9
19751031 2.2 0.4 2.064 3
19751101 2.2 0.42 2.151 3.9
19751102 0.6 0.36 2.151 4.5
19751103 0.2 1.14 2.241 6.2
19751104 0.9 0.72 2.151 0.7
19751105 0 0.75 2.151 4.7
19751106 0 0.42 1.978 3
19751107 0 0.62 1.895 -0.8
19751108 0 0.46 1.733 -3.3
19751109 0 0.37 1.656 0
19751110 0 0.35 1.58 -1.4
19751111 0 0.39 1.506 1.2
19751112 0 0.36 1.434 -2.2
19751113 0 0.34 1.363 -2.9
19751114 0 0.52 1.228 -1.9
19751115 0 0.53 1.164 -1.6
19751116 0 0.19 1.101 -2.2
19751117 13.5 0.46 1.101 -0.6
19751118 3.9 0.44 1.101 -4.2
19751119 0 0.23 1.101 -7.3
19751120 2 0.36 1.101 -7.7
19751121 2.7 0.28 1.04 -5.7
19751122 0.8 0.34 1.04 -6.2
19751123 0 0.3 1.04 -5.6
19751124 1.2 0.49 1.04 2.3
19751125 0 0.47 0.981 -0.5
19751126 0 0.51 0.981 2.5
19751127 4.4 0.87 0.981 -0.4
19751128 0.6 0.54 0.981 -1
19751129 1.3 0.5 0.981 -8.2
19751130 0 0.28 0.981 -9.4
19751201 0 0.34 0.924 -1.7
19751202 0.5 0.53 0.924 -1.6
19751203 5.6 0.31 0.924 -5
19751204 0 0.53 0.924 -2.5
19751205 0.2 0.7 0.868 -3.8
19751206 0.8 0.69 0.868 -3.2
19751207 1.7 0.57 0.814 -2.9
19751208 3.5 0.86 0.814 -5
19751209 2.9 0.3 0.814 -2.8
19751210 4.8 0.49 0.814 -7.1
19751211 0.7 0.53 0.814 -4.2
19751212 1 0.64 0.814 -5.3
19751213 0.8 0.41 0.763 -11.3
19751214 0.2 0.54 0.763 1
19751215 0.6 0.96 0.763 -3.5
19751216 0 0.76 0.713 -5.7
19751217 0.9 0.44 0.713 -9.3
19751218 1.4 0.5 0.713 -6.3
19751219 1 0.46 0.713 -4.6
19751220 0.2 0.43 0.664 -5.1
19751221 2 0.41 0.713 1.3
19751222 12.5 0.41 0.763 -1.7
19751223 0 0.73 0.763 -5.2
19751224 0 0.2 0.763 -9.8
19751225 1.8 0.36 0.763 -7.4
19751226 2.2 0.31 0.763 -4.4
19751227 3.1 0.55 0.763 4
19751228 2.1 0.79 0.763 -2.7
19751229 1.1 0.41 0.763 -6.9
19751230 0 0.91 0.713 0.6
19751231 1 0.59 0.713 -4.8
19760101 0.9 0.42 0.664 -13.3
19760102 0.4 0.26 0.664 -11.9
19760103 0 0.2 0.664 -10.6
19760104 0.1 0.33 0.618 -10.6
19760105 5.7 0.33 0.618 -11.6
19760106 3.1 0.1 0.618 -29.6
19760107 1.6 0.03 0.573 -12.6
19760108 1.3 0.35 0.573 -2.8
19760109 1 0.28 0.573 -4.2
19760110 0.5 0.38 0.573 -10.5
19760111 3.9 0.35 0.531 -9.2
19760112 0.6 0.36 0.531 -9.4
19760113 3.7 0 0.531 -4.9
19760114 1.6 0.35 0.489 -6.3
19760115 0 0.17 0.489 -18.1
19760116 0.8 0.14 0.489 -13.1
19760117 1.1 0.34 0.489 -3.5
19760118 6.6 0.22 0.45 -1.8
19760119 2.3 0.31 0.45 -6.4
19760120 3.9 0.27 0.45 -4.7
19760121 0 0.5 0.45 -7.3
19760122 0 0.33 0.45 -18.9
19760123 0 0.36 0.45 -24.1
19760124 0 0.1 0.413 -21.7
19760125 2.4 0.05 0.413 -5.6
19760126 0.3 0.28 0.413 -5.9
19760127 0.9 0.37 0.413 -10.9
19760128 0.4 0.22 0.413 -14.3
19760129 0.3 0.18 0.413 -21.5
19760130 0 0.11 0.413 -21.9
19760131 0 0.1 0.377 -8.3
19760201 0.1 0.51 0.377 -2.2
19760202 0 0.45 0.377 -2.8
19760203 0 0.37 0.377 -4.8
19760204 0 0.31 0.377 -9
19760205 0.2 0.42 0.377 -3.5
19760206 0 0.33 0.377 -18.7
19760207 0 0.16 0.343 -20.4
19760208 0 0.18 0.343 -22.5
19760209 0.1 0.15 0.343 -16
19760210 0.6 0.13 0.31 -4.5
19760211 0.8 0.31 0.31 -10.8
19760212 0.5 0.55 0.31 -3.9
19760213 0.7 0.33 0.31 -9.5
19760214 0 0.4 0.31 -10.5
19760215 0 0.35 0.31 -8.7
19760216 0 0.56 0.31 -0.4
19760217 0 0.71 0.279 -10.1
19760218 0 0.28 0.279 -12.9
19760219 0 0.32 0.279 -12.9
19760220 0 0.08 0.279 -12.2
19760221 0 0.24 0.279 -7.4
19760222 0.3 0.44 0.279 -3.7
19760223 0.6 0.64 0.279 -2.7
19760224 2.6 0.5 0.279 -2.5
19760225 4.7 0.56 0.279 0.7
19760226 0.8 1.26 0.279 -1.4
19760227 3.7 0.24 0.279 -3.8
19760228 2.3 0.31 0.279 -2
19760229 0.3 0.36 0.279 -0.5
19760301 0.9 0.59 0.279 -3.4
19760302 0.7 0.97 0.279 -5.2
19760303 0.2 0.33 0.279 -3.6
19760304 0 0.37 0.279 -7.5
19760305 0.1 0.47 0.279 -4.6
19760306 0 0.23 0.279 -11.7
19760307 0 0.31 0.279 -12.4
19760308 0.2 0.49 0.279 -8
19760309 0.7 0.18 0.279 -16
19760310 0 0.17 0.279 -14.5
19760311 0 0.28 0.279 -11.1
19760312 0.4 0.3 0.279 -11.8
19760313 0.1 0.32 0.279 -13.7
19760314 0 0.34 0.279 -17.1
19760315 0 0.34 0.25 -21.3
19760316 0 0.35 0.25 -16
19760317 0.3 0.39 0.25 -3.6
19760318 5.7 0.5 0.279 -4.8
19760319 0.2 0.37 0.279 -4.6
19760320 0.1 0.22 0.279 -10.2
19760321 0 0.37 0.25 -10.3
19760322 0 0.56 0.25 -18.1
19760323 0 0.39 0.25 -15
19760324 0 0.29 0.25 -14.8
19760325 0.3 0.28 0.25 -6.3
19760326 0.2 0.68 0.223 -3.4
19760327 0.1 0.29 0.223 -6.7
19760328 0 0.95 0.223 3.7
19760329 0 1.1 0.223 0
19760330 0 0.47 0.223 -5.2
19760331 0.1 0.67 0.223 -4.9
19760401 0 0.54 0.223 -9.9
19760402 0 0.44 0.223 -6
19760403 0 0.5 0.223 -5.2
19760404 0 0.7 0.223 -3.2
19760405 0.1 0.91 0.223 -0.5
19760406 1.8 0.49 0.223 -3.4
19760407 0.3 0.67 0.223 -2.4
19760408 0.6 0.51 0.223 -5.6
19760409 0.1 0.41 0.223 0.8
19760410 0.1 0.64 0.223 3.1
19760411 0 1.58 0.223 3.5
19760412 0.1 0.69 0.223 -0.9
19760413 1.2 0.46 0.223 -4
19760414 0.3 0.79 0.223 3.3
19760415 0 0.55 0.223 1.2
19760416 0 0.79 0.223 5.3
19760417 0 1.72 0.25 3
19760418 0.2 0.97 0.279 -2.6
19760419 0.2 0.95 0.31 -1.4
19760420 0.1 0.58 0.343 0.1
19760421 0 0.73 0.343 -1.4
19760422 0 0.52 0.343 -1.2
19760423 0 0.54 0.343 2.1
19760424 0 0.57 0.343 1.3
19760425 0.1 0.65 0.343 -1.7
19760426 2.1 0.6 0.343 -3.4
19760427 0.3 0.29 0.343 -4.8
19760428 0 0.69 0.343 -4.6
19760429 0.1 0.85 0.343 -1.4
19760430 0.1 0.75 0.343 -1.7
19760501 0.2 1.06 0.343 -2.2
19760502 1.7 1.18 0.343 1.7
19760503 1.3 0.48 0.31 2.8
19760504 0.2 0.56 0.31 4.3
19760505 3.6 0.86 0.377 1.9
19760506 1.1 0.51 0.45 0.1
19760507 0 1.48 0.489 4.8
19760508 0 1.06 0.573 7.4
19760509 0 0.81 0.814 9
19760510 0 0.83 1.656 9.3
19760511 0.2 1.57 5.115 7.3
19760512 0 1.04 12.609 4.2
19760513 0.8 0.82 15.735 5.9
19760514 12.7 0.63 17.571 4.2
19760515 1.4 1.32 17.302 6.7
19760516 0.1 1.46 16.249 8.1
19760517 0 2.04 15.481 8.4
19760518 0 1.76 14.734 11.4
19760519 0 2.24 14.981 10.5
19760520 0 2.94 16.249 12.5
19760521 0 2.62 16.509 12.1
19760522 0 2.89 14.981 11.4
19760523 0 1.89 12.384 11.4
19760524 0.1 1.08 10.659 13
19760525 0 1.71 9.849 14.3
19760526 0 2.67 9.263 7.3
19760527 0 2.55 7.794 3.9
19760528 0 1.75 6.301 6
19760529 0 2.14 4.976 8.3
19760530 0 1.52 4.44 7.7
19760531 0 1.69 4.184 5.7
19760601 0 1.86 3.936 6.7
19760602 0 1.21 3.697 5.1
19760603 0 1.25 3.352 3.8
19760604 0 1.44 3.025 5.3
19760605 0.3 0.55 2.716 5.2
19760606 3.2 0.79 2.716 7.2
19760607 1.8 1.01 2.817 5.3
19760608 0 1.4 2.817 6.2
19760609 0 1.01 2.716 9.8
19760610 0 3.1 2.617 12.3
19760611 12.6 1.7 3.241 6.2
19760612 0.3 1.8 4.184 8.8
19760613 0.5 1.04 4.059 11.4
19760614 0 1.12 3.816 9.3
19760615 25.6 0.93 5.115 6.1
19760616 8.6 2.39 7.109 12.6
19760617 0 2.05 6.618 11.2
19760618 0.1 1.15 5.399 10.2
19760619 0 1.45 4.571 10.2
19760620 12.9 0.65 4.44 8.8
19760621 7 1.16 5.256 8.4
19760622 2.6 1.88 5.115 7.7
19760623 0.1 1.66 4.44 12.1
19760624 0 0.92 3.936 13.6
19760625 0 0.78 3.465 14.1
19760626 0.1 2.22 3.132 16.5
19760627 1.6 1.83 2.92 13.7
19760628 0 3 2.716 9
19760629 0 1.48 2.425 12.4
19760630 0 3.13 2.241 9.6
19760701 0 1.06 2.064 10.7
19760702 0.2 1.09 1.978 11.8
19760703 2.1 1.56 1.813 9.9
19760704 0 1.43 1.733 10.3
19760705 0 1.55 1.58 11.9
19760706 0 1.8 1.434 12.7
19760707 0 1.56 1.363 13.8
19760708 0 2.04 1.295 13.6
19760709 0 1.17 1.228 18.1
19760710 0.1 1.51 1.164 16.4
19760711 0.6 1 1.101 11.5
19760712 0.6 0.61 1.101 12.4
19760713 0 1.29 1.101 15.1
19760714 2.6 2.17 1.101 17.1
19760715 0 2.12 1.101 14.6
19760716 0.6 1.33 1.04 16.2
19760717 8.3 1.19 1.04 13.1
19760718 8.2 1.08 1.228 14.4
19760719 0 1.91 1.295 15.9
19760720 0.2 1.88 1.164 14.6
19760721 0 1.63 1.101 11.1
19760722 0 1.35 1.04 11.4
19760723 0 1 0.981 10.1
19760724 0 1 0.868 12.7
19760725 0.2 1.49 0.868 11.8
19760726 2.7 0.85 0.814 9.2
19760727 3.3 0.63 0.814 9.7
19760728 7.8 1.83 0.868 6.7
19760729 1.2 1.52 0.924 5.9
19760730 0.3 0.92 0.981 5.7
19760731 0.8 1.5 0.924 6.9
19760801 1.5 1.23 0.924 6.8
19760802 1.2 0.62 0.868 8.2
19760803 11.6 0.85 0.924 5.9
19760804 0.6 1.23 1.04 7.5
19760805 0 0.83 1.101 7.2
19760806 0.8 0.61 1.101 8.7
19760807 0 1.7 1.04 9.9
19760808 0 1.49 1.04 10.7
19760809 0.3 1.53 0.981 14.5
19760810 0 0.61 0.924 15.6
19760811 0 1.33 0.868 16.6
19760812 0 2.34 0.763 15.3
19760813 0 1.22 0.713 15.2
19760814 0 1.62 0.713 12.5
19760815 0 1.92 0.664 13.2
19760816 0 1.38 0.618 13.8
19760817 0 0.82 0.573 13.8
19760818 0 1.22 0.573 12.9
19760819 0 1.58 0.531 11.8
19760820 0.8 1.65 0.531 9.7
19760821 0 1.9 0.531 14.6
19760822 0 2.04 0.489 13.1
19760823 0 2.2 0.489 14.7
19760824 0 2.03 0.489 11.6
19760825 0 0.75 0.45 8.6
19760826 3.5 0.76 0.45 9.1
19760827 0.8 1.05 0.489 10.1
19760828 0 0.78 0.489 9.8
19760829 0 1.77 0.489 12.8
19760830 0 3.15 0.489 11.9
19760831 5.8 1.26 0.489 5.4
19760901 0.1 1.35 0.489 5.2
19760902 0 1.07 0.489 4.1
19760903 0 0.95 0.45 2.6
19760904 3.9 0.75 0.45 3.2
19760905 0 1.12 0.45 5.2
19760906 0.1 2.59 0.45 8.9
19760907 1.4 1.06 0.45 2.9
19760908 2 1.12 0.45 2.4
19760909 0.4 0.55 0.45 0.5
19760910 9 0.53 0.531 1.5
19760911 12.5 0.71 0.618 3.4
19760912 0 0.92 0.713 3.3
19760913 0 0.44 0.814 4.4
19760914 3.6 0.5 0.924 4.9
19760915 5.6 0.49 1.295 5.6
19760916 0.1 0.93 1.506 5.5
19760917 0 0.67 1.506 4.2
19760918 0 0.49 1.506 5.2
19760919 0 0.87 1.363 6.4
19760920 0 0.49 1.295 5.9
19760921 0 0.48 1.228 3.5
19760922 0 0.49 1.164 2
19760923 0 0.62 1.101 3
19760924 0 0.67 1.04 2.1
19760925 0.8 0.68 1.04 4.2
19760926 0 0.78 0.981 2.4
19760927 0 0.7 0.924 2.3
19760928 0 0.63 0.924 0.6
19760929 0 0.64 0.868 1.2
19760930 0 0.55 0.814 -1.9
19761001 0 0.54 0.814 0.9
19761002 0 0.43 0.814 1.5
19761003 0 0.87 0.763 1.1
19761004 0 0.7 0.763 5.5
19761005 0 0.61 0.763 4.9
19761006 1 0.76 0.763 5.7
19761007 7.3 0.82 0.814 6.9
19761008 0 1.04 0.924 4.9
19761009 0 0.45 0.981 2.9
19761010 0 0.33 0.981 -0.2
19761011 0 0.4 0.981 1.9
19761012 6.2 0.61 1.04 1.2
19761013 8.2 0.51 1.164 -2.5
19761014 2.7 0.45 1.101 -2.9
19761015 6.7 0.4 1.101 -1.5
19761016 7.1 0.54 1.04 -1.1
19761017 1 0.79 1.101 -0.5
19761018 0.5 0.53 1.101 -0.7
19761019 0.2 0.44 1.101 -0.1
19761020 0.6 0.4 1.101 0.6
19761021 0.4 0.59 1.164 1.5
19761022 1.7 0.36 1.164 2.6
19761023 0.4 0.58 1.164 -0.4
19761024 0 0.47 1.164 3.3
19761025 0 0.47 1.101 1.8
19761026 0 0.43 1.101 -2.6
19761027 0.2 0.74 1.101 -1.8
19761028 0 0.51 1.04 -3.6
19761029 0 0.47 0.981 -1.3
19761030 0 0.33 0.981 -0.5
19761031 1.9 0.46 0.924 -2.4
19761101 1.2 0.59 0.924 -4.7
19761102 0 0.57 0.868 -3.4
19761103 4.1 0.38 0.868 -1.5
19761104 2.7 0.27 0.868 -0.1
19761105 5.6 0.38 0.814 -0.8
19761106 2.9 0.6 0.814 -4.1
19761107 0 0 0.814 1.6
19761108 2.3 0.37 0.814 2.1
19761109 2.7 0.37 0.814 0.6
19761110 1.4 0.41 0.814 1.2
19761111 0 0.32 0.814 -3.8
19761112 4.3 0.18 0.814 -2.8
19761113 2.3 0.3 0.814 -1.7
19761114 0 0.45 0.763 -11.4
19761115 0 0.18 0.763 -18.9
19761116 0 0 0.713 -9.1
19761117 1.4 0.24 0.713 -12.8
19761118 0 0.18 0.713 -10.3
19761119 0.3 0.41 0.713 0.4
19761120 0 0.45 0.713 -4.1
19761121 0 0.32 0.713 -2.7
19761122 0.8 0.43 0.664 -4.2
19761123 1.3 0.25 0.664 -6.1
19761124 0.6 0.23 0.664 -7.7
19761125 2.7 0.26 0.664 -5.4
19761126 4.4 0.56 0.664 -5.4
19761127 1 0.51 0.664 -3
19761128 0 0.34 0.618 -4.4
19761129 2.1 0.93 0.618 0.6
19761130 0 0.53 0.573 -9.5
19761201 0 0.29 0.573 -21.9
19761202 2 0.1 0.573 -12.7
19761203 1 0.18 0.573 -14.8
19761204 6.8 0.01 0.573 -2.6
19761205 5.7 0.44 0.573 -2.1
19761206 0.8 0.68 0.573 -3.4
19761207 0.6 0.47 0.573 -2.4
19761208 2.4 0.5 0.573 0
19761209 0.2 0.57 0.573 -1.3
19761210 1 0.29 0.531 -5.6
19761211 2 0.1 0.531 -3.7
19761212 1.3 0.5 0.531 -12.1
19761213 0.1 0.21 0.531 -16.2
19761214 0 0.2 0.531 -23.9
19761215 0 0.16 0.489 -23.7
19761216 0 0 0.489 -7.4
19761217 1 0.23 0.489 -11.6
19761218 0.3 0.15 0.45 -17.1
19761219 0.3 0.19 0.45 -15.4
19761220 1.4 0.35 0.45 -8.1
19761221 0 0.46 0.45 -10.4
19761222 0 0.19 0.45 -8.7
19761223 0.4 0.4 0.413 -12.4
19761224 2.6 0.58 0.413 -9.1
19761225 4.7 0.19 0.45 -7
19761226 4 0.27 0.45 -19.4
19761227 3.4 0.22 0.45 -19.1
19761228 0 0.15 0.45 -26.8
19761229 1.4 0.17 0.45 -15.4
19761230 0.1 0.41 0.413 -17.7
19761231 0.3 0.66 0.413 -8.4
19770101 1.5 0.24 0.413 -5.4
19770102 7.5 0.32 0.413 -4.8
19770103 1.9 0.26 0.413 -7.8
19770104 1.7 0.11 0.413 -14.3
19770105 4.9 0 0.413 1.3
19770106 0.8 0.75 0.413 -4.1
19770107 1.6 0.32 0.413 -4.4
19770108 1.2 0.35 0.413 -4.9
19770109 0.2 0.19 0.413 -22.2
19770110 0 0.08 0.413 -27.2
19770111 0.1 0.12 0.413 -22
19770112 1.7 0.16 0.413 -17.6
19770113 1 0.13 0.413 -11.8
19770114 2.8 0.16 0.377 -18.1
19770115 4.1 0.01 0.377 -10.7
19770116 4.4 0.25 0.377 -4.4
19770117 4.6 0.34 0.377 -7.7
19770118 0.5 0.02 0.377 -11.7
19770119 1 0.21 0.377 -16.1
19770120 0.9 0.11 0.377 -17.1
19770121 0.5 0.06 0.377 -31.1
19770122 0 0.08 0.343 -22.5
19770123 0 0.12 0.343 -20.4
19770124 0 0.15 0.343 -20.8
19770125 0 0.12 0.343 -17.5
19770126 2.1 0.03 0.343 -6.8
19770127 6.1 0.29 0.31 -10.4
19770128 0.1 0.4 0.31 -20.3
19770129 0 0.09 0.31 -30
19770130 0 0.06 0.31 -30.6
19770131 0 0.07 0.279 -27
19770201 0 0.13 0.279 -22.5
19770202 0 0.13 0.279 -18.8
19770203 0.5 0 0.279 -9
19770204 2.5 0.61 0.279 -6.2
19770205 0.6 0.28 0.279 -6.8
19770206 0 0.24 0.279 -10.8
19770207 0 0.13 0.279 -19.8
19770208 0.2 0 0.279 -11.8
19770209 0.8 0.32 0.279 -5.2
19770210 0 0.52 0.25 -18.7
19770211 0.1 0.22 0.25 -18.3
19770212 0 0.25 0.25 -23.4
19770213 0 0.17 0.25 -18.2
19770214 0 0.21 0.25 -24.4
19770215 0 0.19 0.25 -15.7
19770216 0 0.4 0.223 -9.4
19770217 0 0.24 0.223 -22.1
19770218 0.3 0.21 0.223 -17.8
19770219 4 0.18 0.223 -10.7
19770220 6.5 0.33 0.223 -9.6
19770221 1.8 0.23 0.223 -11.6
19770222 0 0.35 0.223 -12.7
19770223 0.1 0.25 0.223 -9.2
19770224 1.8 0.34 0.223 -9.4
19770225 0 0.3 0.223 -13.8
19770226 0.8 0.12 0.223 -9.2
19770227 1.8 0.29 0.223 -5
19770228 0.5 0.44 0.223 -2.4
19770301 0.7 0.7 0.223 -2.8
19770302 0 0.46 0.223 -5.3
19770303 0.6 0 0.223 -6.1
19770304 1.7 0.14 0.223 -4.7
19770305 1 0.58 0.223 -5.3
19770306 0.1 0.42 0.223 -7.6
19770307 0.1 0.3 0.223 0.1
19770308 0.2 0.73 0.223 1.8
19770309 0 0.37 0.197 0.1
19770310 0 0.44 0.197 2.2
19770311 0.1 0.45 0.197 -0.8
19770312 1.4 0.47 0.197 2.1
19770313 1.4 0.71 0.197 -1.9
19770314 0 0.31 0.197 -5.2
19770315 0.7 0.46 0.197 -1.2
19770316 2.6 0.43 0.223 -0.2
19770317 1.2 0.94 0.223 2.2
19770318 0 0.49 0.223 -2.5
19770319 0.1 0.9 0.223 0.1
19770320 0 0.48 0.223 -4.4
19770321 0 0.39 0.197 -5.3
19770322 0 0.51 0.197 -8.1
19770323 0 0.69 0.197 1.2
19770324 0 0.67 0.197 -2.9
19770325 8.7 0.29 0.223 -3
19770326 3.4 0.64 0.223 -4.3
19770327 0.1 0.34 0.223 -10.1
19770328 0.1 0.36 0.223 -13.8
19770329 0 0.37 0.223 -14.4
19770330 2.3 0.81 0.223 -0.8
19770331 1.2 1.38 0.223 -3
19770401 0 1.06 0.174 -5.4
19770402 2.3 0.54 0.174 -5.9
19770403 0.2 0.75 0.174 -3.7
19770404 0.2 0.47 0.174 -6.4
19770405 0.1 0.34 0.174 -4.8
19770406 2.1 0.52 0.174 -4.9
19770407 0 0.49 0.197 -10.2
19770408 0.6 0.44 0.197 -11.1
19770409 0.2 0.39 0.197 -8.8
19770410 0 0.42 0.197 -14.5
19770411 0.3 0.27 0.174 -7.1
19770412 1.1 0.81 0.174 -2.9
19770413 0 0.43 0.174 -3.5
19770414 1.9 0.53 0.174 -2.4
19770415 2.9 0.57 0.174 -2.2
19770416 0.2 0.52 0.174 -4.5
19770417 2.6 0.52 0.174 -4.1
19770418 4.4 0.84 0.197 -2.8
19770419 0.1 0.25 0.197 -4.9
19770420 0.1 0.99 0.197 1.4
19770421 0 0.65 0.197 2.4
19770422 1.1 0.75 0.197 0.8
19770423 0 0.68 0.197 -1.2
19770424 0 0.99 0.174 -1
19770425 0 0.85 0.174 -1.3
19770426 0.4 0.78 0.174 1.7
19770427 5.1 0.57 0.197 0.1
19770428 14.2 0.77 0.223 2.9
19770429 0.1 0.8 0.223 0.3
19770430 0.8 0.79 0.197 3.9
19770501 0.1 0.88 0.197 2.7
19770502 0 0.74 0.197 2
19770503 0.3 1.12 0.223 2.8
19770504 0.4 1.2 0.25 4.8
19770505 0 0.68 0.279 6.2
19770506 0 0.87 0.377 9.8
19770507 0 1.15 0.664 2.9
19770508 3.6 0.75 1.295 2
19770509 1.8 0.7 2.151 2.2
19770510 0.4 0.78 4.311 4
19770511 0.3 0.71 5.841 1.8
19770512 7.8 0.65 6.301 4.6
19770513 2.9 0.64 6.78 4.1
19770514 0.5 1.02 7.794 4.8
19770515 0.3 1.06 8.883 2
19770516 0 1.06 8.883 3.4
19770517 0 1.03 8.696 2.6
19770518 0 0.9 8.696 4.4
19770519 0 1.6 8.883 5.3
19770520 0 1.47 9.651 6
19770521 0 1.26 11.29 6.4
19770522 0 0.93 13.298 7.7
19770523 0 1.66 15.991 7.1
19770524 0 2.21 20.971 4.9
19770525 0 1.19 23.102 6.6
19770526 0 1.23 19.515 8.7
19770527 0 1.71 18.116 7.9
19770528 0.1 1.9 17.035 2.1
19770529 0.2 0.91 11.29 0.9
19770530 1.4 0.68 7.97 0.7
19770531 2.4 0.47 5.992 2.2
19770601 0.7 0.72 4.704 5.6
19770602 0 0.89 5.256 8.9
19770603 0.3 1.49 7.97 8
19770604 1.5 1.84 11.29 3.7
19770605 0 1.29 10.454 5.9
19770606 4.7 0.75 8.329 4.8
19770607 5.5 1.2 8.148 6.8
19770608 8.7 1.65 10.867 8.1
19770609 1.4 2.65 12.384 8.8
19770610 0.5 0.53 11.078 6.3
19770611 9.6 0.59 11.29 6.6
19770612 2.6 1.47 11.505 11.8
19770613 4.4 0.57 10.867 11.5
19770614 2.2 1.09 11.721 16.7
19770615 0.2 1.76 11.721 9.7
19770616 1.5 1.95 10.25 11.4
19770617 0 1.66 8.148 15.4
19770618 1.5 1.49 5.841 14.5
19770619 0 2.39 6.459 9.1
19770620 0 1.49 5.544 4.9
19770621 0 1.49 4.704 6.9
19770622 0 1.47 3.936 5.7
19770623 0 2.18 3.465 11
19770624 0 1.78 3.132 8.7
19770625 0 1.28 2.92 11.7
19770626 18.6 1.1 3.241 9.4
19770627 8.5 1.08 4.184 6.4
19770628 3.9 0.73 4.704 6.4
19770629 3.9 1.02 4.571 8.2
19770630 9.7 0.83 4.44 7.6
19770701 2.6 0.8 4.44 8
19770702 32.7 0.98 6.618 7.6
19770703 0.3 1.53 9.072 13.1
19770704 0 1.65 7.447 15.8
19770705 0 2.02 5.841 18
19770706 0 1.62 4.839 17
19770707 0 2.5 4.059 17.3
19770708 0 2.42 3.352 17.6
19770709 0 2.43 2.92 15.1
19770710 0 1.79 2.617 11
19770711 0.1 0.66 2.332 11.4
19770712 0.1 0.85 2.151 8.4
19770713 0.1 1.14 2.064 6
19770714 0.2 1.96 1.895 6.1
19770715 1.2 0.84 1.733 5.4
19770716 0.7 0.9 1.58 6.2
19770717 5.5 0.73 1.58 5.3
19770718 3 1.03 1.733 8.5
19770719 0.4 0.73 1.813 6.2
19770720 8 0.6 2.064 7.3
19770721 4.2 0.83 2.332 9.4
19770722 5.9 0.76 2.716 8.2
19770723 1.8 0.64 3.025 9.4
19770724 1.7 1.21 2.92 8.9
19770725 17.7 0.72 3.816 10
19770726 4.4 0.51 5.115 10.6
19770727 0.3 1.1 4.839 12.2
19770728 0.4 0.9 4.184 9.8
19770729 0 1.39 3.58 14.4
19770730 0 1.85 3.025 10.3
19770731 0.2 1.52 2.617 10.9
19770801 0 1.16 2.332 9.2
19770802 0 1.91 2.151 14.2
19770803 0 3.36 1.978 17.9
19770804 13.4 1.13 1.895 12.2
19770805 4.7 2.36 2.151 14.6
19770806 0.2 1.49 2.151 7.5
19770807 0.4 1.48 2.151 7.7
19770808 0 1.86 2.064 9.7
19770809 0 1.56 1.895 12.7
19770810 0 2.04 1.656 11.9
19770811 0 1.09 1.506 13.4
19770812 0 1.15 1.363 12.3
19770813 0 1.72 1.295 10.7
19770814 0 0.79 1.164 10.4
19770815 0 1.98 1.101 12.1
19770816 0 1.77 1.04 11.8
19770817 0 1.4 0.981 10
19770818 0 1.74 0.924 10.9
19770819 8.9 1.24 0.924 8.1
19770820 3.2 0.97 0.924 8.1
19770821 0.6 1.51 0.924 8.5
19770822 0 0.92 0.924 6.4
19770823 4.1 1.22 0.981 7.3
19770824 0 1.06 0.981 6.7
19770825 0.8 1.11 1.04 9.2
19770826 13.1 0.82 1.04 10.9
19770827 7.2 1.25 1.228 6.2
19770828 1.7 1.18 1.363 5.5
19770829 0 1.02 1.363 9
19770830 0.6 2.37 1.363 11.9
19770831 4.1 0.98 1.363 10.5
19770901 4.2 1.04 1.363 9.6
19770902 0 2.99 1.363 13.1
19770903 0 1.96 1.295 11
19770904 5.5 1.76 1.295 6.9
19770905 0 2.66 1.295 11.6
19770906 0.1 1.97 1.164 8.4
19770907 0.4 1.65 1.101 4.7
19770908 0 1.46 1.04 3.6
19770909 2.8 0.76 1.04 1.5
19770910 3.9 1.05 1.04 2.5
19770911 0 1.05 0.981 0.4
19770912 0 0.58 0.981 0.7
19770913 0.6 0.87 0.924 2.8
19770914 4.7 1.14 0.924 3
19770915 1 0.47 0.981 1.7
19770916 2.2 0.65 1.04 2.2
19770917 0 0.49 1.04 2.2
19770918 0 0.57 1.101 5.5
19770919 0 0.64 1.101 4.3
19770920 0 0.5 1.101 6.8
19770921 0 0.62 1.101 5.8
19770922 0 0.52 1.04 5.7
19770923 0 0.63 1.04 3.6
19770924 0 0.52 0.981 4.9
19770925 0 0.6 0.981 2.2
19770926 0 1.3 0.924 5.6
19770927 0 0.83 0.868 5.5
19770928 0 1.1 0.868 4.8
19770929 1.8 0.55 0.868 4.1
19770930 2.4 0.38 0.924 -0.4
19771001 1 0.35 0.924 1.3
19771002 0.3 0.78 0.924 1.4
19771003 6.2 0.59 0.924 -2.6
19771004 0.7 0.34 0.924 -1.7
19771005 3.7 0.41 0.924 0.1
19771006 4.9 0.38 0.981 -0.1
19771007 0 0.43 0.981 0.1
19771008 0.2 0.51 0.981 1.7
19771009 0.8 0.5 0.981 3.3
19771010 6.7 0.63 1.101 6.7
19771011 1.7 0.69 1.813 4
19771012 0.6 0.76 2.332 3.6
19771013 0.1 0.56 2.425 4.7
19771014 0 0.32 2.425 1.9
19771015 0 0.3 2.332 4.2
19771016 0.2 0.46 2.241 4.4
19771017 0 0.57 2.151 3.4
19771018 0 0.36 2.064 4.3
19771019 0 0.52 2.064 5.1
19771020 0 0.39 1.978 3.5
19771021 0 0.42 1.895 5.5
19771022 0.2 0.27 1.895 6.7
19771023 3 0.52 1.895 6.4
19771024 4.3 0.59 1.895 4.6
19771025 0.3 0.46 1.895 5.9
19771026 0 0.94 1.813 6.6
19771027 0 0.71 1.733 5.3
19771028 0 0.79 1.656 3.1
19771029 0.5 0.95 1.58 2.7
19771030 0 0.59 1.506 3.1
19771031 0.5 0.53 1.506 7
19771101 11.7 1.04 1.895 6.1
19771102 1.9 1.21 2.332 3.5
19771103 1.5 0.43 2.425 2.5
19771104 10.5 0.39 2.52 0.9
19771105 2.1 0.37 2.425 -1
19771106 1.3 0.48 2.332 3.2
19771107 4.3 0.54 2.425 3.7
19771108 0.1 0.79 2.617 0.7
19771109 0.3 0.45 2.817 -1.7
19771110 0 0.61 2.617 1.6
19771111 0 0.66 2.425 4.5
19771112 0.5 0.54 2.241 2.3
19771113 7.3 0.19 2.151 1.5
19771114 0.5 0.32 1.978 -2
19771115 2.7 0.38 1.895 -1.3
19771116 2.1 0.32 1.895 -2.5
19771117 0.5 0.26 1.733 -5.1
19771118 0 0.28 1.656 -7.3
19771119 0 0.27 1.506 -8.4
19771120 0 0.21 1.295 -12.4
19771121 0 0.1 1.228 -13.1
19771122 1.7 0.22 1.164 -14.4
19771123 0.2 0.16 1.164 -9.7
19771124 0 0.15 1.164 -7.9
19771125 1.2 0.1 1.101 -5.8
19771126 0 0.25 1.101 -6.8
19771127 0.3 0.12 1.101 -11.7
19771128 0 0.05 1.101 0.4
19771129 0.2 0.26 1.101 -1.2
19771130 2.4 0.21 1.04 0.2
19771201 0.3 0.33 1.04 -0.5
19771202 0 0.24 1.04 0.8
19771203 0 0.29 0.981 -8.1
19771204 0 0.21 0.981 -11.6
19771205 0 0.14 0.924 -13.7
19771206 0.1 0.01 0.868 -4.4
19771207 0.9 0.5 0.868 -6.7
19771208 2.7 0.13 0.814 -3.5
19771209 1.4 0.6 0.814 -3.6
19771210 0 0.4 0.763 -4.5
19771211 0 0.41 0.763 -6.5
19771212 3.3 0.54 0.763 -0.9
19771213 0.3 0.59 0.713 -0.1
19771214 1.9 0.32 0.713 -6
19771215 0 0.1 0.713 -4.3
19771216 0.7 0.68 0.713 0.1
19771217 0 0.56 0.713 -1.4
19771218 1.2 0.6 0.713 -5
19771219 0 0.25 0.664 -5.2
19771220 0 0.6 0.664 -5.4
19771221 0 0.23 0.618 -7.6
19771222 0 0.25 0.618 -4.4
19771223 0 0.37 0.618 -6.1
19771224 4.5 0.32 0.618 -2.8
19771225 0.6 0.39 0.573 0.1
19771226 0.2 0.34 0.573 -2
19771227 0 0.29 0.573 -5.5
19771228 4.7 0.29 0.573 -11.5
19771229 0 0.2 0.573 -12.9
19771230 3.8 0.32 0.573 -10.9
19771231 3.3 0.32 0.573 -6.9
19780101 0 0.23 0.531 -5.7
19780102 2.1 0.63 0.531 -3.5
19780103 0 0.5 0.531 -10.7
19780104 0.8 0.25 0.531 -14.2
19780105 1.8 0.4 0.489 -9.6
19780106 2.1 0.19 0.489 -9.7
19780107 0.2 0.25 0.489 -2.7
19780108 0 0.68 0.489 1.2
19780109 0 0.67 0.45 -2.7
19780110 2.5 0.31 0.45 -14.3
19780111 0 0.11 0.45 -20.1
19780112 0 0.15 0.45 -16.7
19780113 7.2 0.06 0.45 -4.2
19780114 0 0.46 0.413 -0.8
19780115 0 0.49 0.413 0.2
19780116 0 0.42 0.413 -9.5
19780117 1.5 0.09 0.413 -5.3
19780118 0 0.2 0.413 -11.1
19780119 0.9 0.18 0.413 -3.9
19780120 2.4 0.35 0.413 -5.2
19780121 0 0.34 0.377 -6.4
19780122 2 0.34 0.377 -9.4
19780123 0.8 0.16 0.377 -19.6
19780124 1.2 0.19 0.377 -9.8
19780125 0 0.24 0.377 -15.3
19780126 0.5 0.08 0.377 -15.3
19780127 1.4 0.18 0.377 -11.1
19780128 1.9 0.31 0.343 -14.5
19780129 1.6 0 0.343 -5.8
19780130 2.7 0.36 0.343 -6.8
19780131 7.4 0.18 0.343 -3.6
19780201 2.5 0.6 0.343 -5.3
19780202 4.2 0.28 0.343 -7
19780203 1.6 0.33 0.343 -5.9
19780204 0.4 0.25 0.343 -7.8
19780205 0.9 0.34 0.343 -7.1
19780206 1.2 0.27 0.343 -13
19780207 0 0.19 0.343 -13.4
19780208 0 0.22 0.343 -22.1
19780209 0 0.08 0.343 -27.1
19780210 0 0.18 0.343 -29.1
19780211 0 0.1 0.343 -29.9
19780212 0 0.15 0.343 -30.2
19780213 0 0.13 0.343 -20.6
19780214 0.1 0.36 0.31 -20
19780215 0 0.14 0.31 -20.7
19780216 0 0.19 0.31 -18.9
19780217 0.9 0.35 0.31 -12.6
19780218 0.9 0.24 0.31 -10.1
19780219 0.4 0.28 0.31 -10.4
19780220 1.3 0.29 0.31 -8
19780221 0.2 0.35 0.279 -8.3
19780222 0.3 0.29 0.279 -16.2
19780223 0 0.16 0.279 -18.6
19780224 0.1 0.39 0.279 -9.6
19780225 0.7 0.41 0.279 -8.5
19780226 0.2 0.05 0.25 2.1
19780227 1.3 0.41 0.25 1.4
19780228 0.7 0.5 0.25 1.7
19780301 1.9 0.48 0.25 0.2
19780302 0 0.32 0.25 -4.4
19780303 0.2 0.27 0.25 -2.5
19780304 3.7 0.37 0.25 -0.6
19780305 10.9 0.4 0.25 -2
19780306 5.1 0.39 0.25 -1.3
19780307 0.2 0.58 0.25 -2.2
19780308 0 0.94 0.25 -2.5
19780309 0 0.58 0.25 -1.5
19780310 0 0.4 0.25 -1.4
19780311 5.7 0.78 0.25 -1.8
19780312 0 0.33 0.25 -6.6
19780313 3.3 0.13 0.25 -1.6
19780314 11.7 0.74 0.25 -6.9
19780315 0.2 0.27 0.25 -14.6
19780316 0.9 0.28 0.25 -15.4
19780317 0 0.31 0.25 -20.3
19780318 0 0.54 0.25 -21.1
19780319 0.7 0.35 0.25 -16.4
19780320 1 0.68 0.223 -12.1
19780321 0.1 0.34 0.223 -15.4
19780322 0 0.28 0.223 -14.9
19780323 2.8 0.18 0.223 -9.2
19780324 3.4 0.49 0.223 -5
19780325 1.2 0.5 0.223 -4
19780326 1.8 0.36 0.223 -2.1
19780327 2.3 0.58 0.223 -2.4
19780328 0.1 0.57 0.223 0.3
19780329 1.2 1.21 0.197 2.9
19780330 0 1.41 0.197 3.1
19780331 0 0.48 0.197 0
19780401 0 0.73 0.197 0.7
19780402 0 0.7 0.197 -6.6
19780403 0 0.55 0.197 0.2
19780404 0 0.72 0.197 -0.3
19780405 0 0.41 0.174 -5.3
19780406 0 0.5 0.174 1.6
19780407 0.1 0.59 0.174 2
19780408 0.2 0.63 0.174 2.5
19780409 0 0.76 0.197 -1.3
19780410 3.6 0.3 0.197 -5.3
19780411 8.8 0.49 0.197 -1.2
19780412 3.9 0.35 0.223 -4.1
19780413 7 0.78 0.25 -2.9
19780414 0 0.76 0.25 -4.6
19780415 0 0.61 0.223 -1.3
19780416 0 0.74 0.223 -2
19780417 0.1 0.45 0.223 -1.7
19780418 0 0 0.223 -4.4
19780419 7.9 0.75 0.223 1.1
19780420 0.2 0.98 0.223 2.9
19780421 0 0.6 0.223 3.1
19780422 0 0.63 0.223 3.3
19780423 0 1.46 0.223 3.5
19780424 3.6 0.56 0.25 -1.9
19780425 1.3 0.58 0.25 -6.8
19780426 0 0.36 0.25 -6.2
19780427 0 0.42 0.25 -5.5
19780428 0 0.46 0.25 -5.6
19780429 0 0.71 0.25 -1.9
19780430 0 0.52 0.25 -2.1
19780501 0 0.63 0.25 -0.6
19780502 0 0.51 0.25 0
19780503 0 0.89 0.223 -0.7
19780504 0 0.44 0.223 1.5
19780505 0 0.42 0.25 0.8
19780506 0 0.83 0.25 3.1
19780507 0 0.79 0.25 3.9
19780508 0 1.44 0.343 4.3
19780509 0.7 1.76 0.45 1.7
19780510 0 1.4 0.573 0.2
19780511 0 0.92 0.618 0.5
19780512 0.2 1.14 0.713 1.7
19780513 0.3 0.84 0.713 1
19780514 0.6 1.37 0.713 2.6
19780515 0 0.51 0.763 2
19780516 0.7 0.64 0.814 4.6
19780517 4.1 0.69 1.101 6.3
19780518 2.3 0.95 1.656 5.8
19780519 0.4 1.22 2.92 7.6
19780520 0 1.09 5.992 7.3
19780521 0 0.88 10.25 10.2
19780522 6 0.93 16.509 9.3
19780523 6.1 2.18 29.089 12.8
19780524 0 2.58 35.815 12
19780525 0.6 1.46 29.089 7.5
19780526 0 0.84 20.091 9.9
19780527 0 1.06 15.991 10.7
19780528 0.1 1.23 14.734 11.1
19780529 0 1.78 12.837 11.1
19780530 0 1.3 11.29 12.4
19780531 0 1.59 10.048 12.5
19780601 0 1.81 8.696 12.7
19780602 0 2.66 7.794 13.7
19780603 0.2 1.43 7.277 11.3
19780604 0 1.5 6.78 13.6
19780605 0 1.54 5.841 14.5
19780606 0 0.69 5.399 11.1
19780607 5.9 1.55 5.115 14.1
19780608 0 1.66 4.839 6.6
19780609 14.9 0.68 5.115 6
19780610 7.2 0.93 5.256 6.4
19780611 2.8 0.7 5.115 7.1
19780612 8.6 0.62 5.399 5.9
19780613 1.1 0.88 5.399 6.5
19780614 0.2 1.03 4.704 10.5
19780615 0 1.06 4.059 12
19780616 0 2.47 3.465 12.8
19780617 0 2.31 3.025 11
19780618 0 1.88 2.617 9.9
19780619 0 2.25 2.332 10.6
19780620 0 2.35 2.151 10.7
19780621 0 2.54 1.978 12.2
19780622 0 1.32 1.813 12
19780623 0 2.33 1.656 13.1
19780624 0.5 2.21 1.58 11.5
19780625 4.1 2.13 1.506 11
19780626 1.8 0.63 1.434 5.8
19780627 19.3 1.31 1.656 9.8
19780628 0.5 1.01 1.978 10
19780629 4.7 1.36 2.151 12.4
19780630 1.4 1.62 2.332 13.7
19780701 1.3 1.61 2.332 13.1
19780702 4.4 2.25 2.151 13
19780703 0.2 1.58 2.064 13.3
19780704 0 1.35 1.895 12
19780705 0 1.7 1.813 12.6
19780706 1.1 1.1 1.656 11.1
19780707 14.9 0.83 2.241 11.4
19780708 0.2 1.17 3.465 10.4
19780709 0 1.27 3.465 12
19780710 0 1.65 3.025 11.1
19780711 0 1.49 2.617 11.1
19780712 0 1.22 2.332 11.8
19780713 0 1.19 2.064 9.6
19780714 1.3 1.53 1.895 7.2
19780715 0.9 1.56 1.733 5.9
19780716 0.2 1.52 1.656 6.3
19780717 0.9 1.06 1.506 7.7
19780718 1.2 1.28 1.434 7.8
19780719 0.8 0.86 1.363 5.9
19780720 2.9 1.08 1.363 8.7
19780721 1.1 1.44 1.295 10.2
19780722 0.1 1.09 1.295 11.2
19780723 0 2.53 1.295 12.9
19780724 0 1.89 1.228 12.5
19780725 4.4 1.48 1.164 12.9
19780726 0.5 1.81 1.164 10.8
19780727 1.5 1.64 1.101 13.7
19780728 0.6 2.37 1.04 16.6
19780729 0 1.18 0.981 15.9
19780730 0 2.18 0.924 17.5
19780731 0 2.29 0.924 17.7
19780801 0 1.28 0.814 18.3
19780802 0 1.56 0.763 14.6
19780803 3 1.31 0.763 14.8
19780804 4.9 0.97 0.763 14.4
19780805 1.7 1.39 0.814 12.1
19780806 0.2 0.83 0.814 10.4
19780807 0 0.97 0.814 12.1
19780808 0 1.89 0.814 11.6
19780809 0 1.3 0.763 9.4
19780810 0 1.05 0.763 8.6
19780811 0 1.12 0.713 9.2
19780812 0 1.52 0.664 8.4
19780813 0 1.17 0.618 6.2
19780814 0 1.03 0.618 7.4
19780815 9.5 0.67 0.664 9.9
19780816 23.9 1.21 1.04 13.3
19780817 5.3 1.23 1.813 11.9
19780818 2.9 0.74 2.064 10.9
19780819 0.1 1.88 2.064 13.2
19780820 0 1.44 1.895 13.5
19780821 0 1.67 1.656 11.3
19780822 3.3 1.09 1.506 11.7
19780823 7.5 0.57 1.506 6.1
19780824 2.6 0.58 1.733 6.2
19780825 4.3 0.76 1.895 6.7
19780826 0.6 0.87 1.978 6.1
19780827 2.6 1.05 1.978 4.9
19780828 1.2 1.22 1.813 4.5
19780829 0.5 0.69 1.733 4.2
19780830 4.3 0.49 1.656 6.8
19780831 2.9 0.81 1.656 7.1
19780901 0.1 0.77 1.733 5.8
19780902 0 0.52 1.656 3.4
19780903 4.6 0.36 1.978 6.4
19780904 9.8 0.63 3.132 9.8
19780905 5.8 0.69 3.58 8
19780906 3.7 0.7 3.697 6.7
19780907 1.2 0.49 3.352 6.3
19780908 0.2 1.06 2.92 5.7
19780909 3.8 0.87 2.817 8.7
19780910 5.7 0.92 2.92 8
19780911 2.5 0.55 2.92 6.5
19780912 3.3 1.06 2.92 4.3
19780913 0.3 0.97 2.817 4.4
19780914 0 0.71 2.617 5.4
19780915 0 0.59 2.425 6.2
19780916 0.9 1.74 2.332 8.3
19780917 3.3 3.06 2.151 6.7
19780918 0.6 1.32 2.151 3.5
19780919 0.2 0.7 2.064 1.1
19780920 0.2 0.54 1.978 1.7
19780921 0.4 0.65 1.813 2.5
19780922 1.1 0.47 1.813 2.7
19780923 1.5 0.53 1.733 2.5
19780924 3.6 0.43 1.733 2.5
19780925 2.3 0.6 1.895 3.2
19780926 0 0.59 1.895 2.3
19780927 0.1 0.51 1.895 4.1
19780928 0.2 0.45 1.813 1.8
19780929 0.1 0.76 1.733 -0.2
19780930 3.7 0.69 1.58 2.8
19781001 0.4 0.73 1.506 2.5
19781002 2.3 0.72 1.506 3.8
19781003 1.4 0.11 1.506 3.1
19781004 0.3 1.05 1.506 3.2
19781005 0 0.74 1.506 1.7
19781006 0.2 0.73 1.434 3
19781007 1.9 0.4 1.434 2.5
19781008 0 0.44 1.434 3
19781009 0.1 0.56 1.434 6
19781010 0 0.46 1.434 5.7
19781011 0.1 0.97 1.434 5.3
19781012 0 0.47 1.363 4.8
19781013 0 0.78 1.295 3.4
19781014 1.7 0.77 1.228 1.1
19781015 0.4 0.59 1.164 -0.4
19781016 0 0.28 1.164 1.9
19781017 5.9 0.56 1.164 2.9
19781018 0.1 0.86 1.164 2.1
19781019 0 1.29 1.164 5.5
19781020 0 1.65 1.164 1.2
19781021 1.8 0.36 1.101 -3
19781022 0.9 0.44 1.101 -3
19781023 0 0.23 1.04 -7.6
19781024 0.2 0.36 1.04 -1.4
19781025 0.2 0.34 1.04 -1.7
19781026 1.2 0.49 0.981 -0.9
19781027 1.9 0.42 0.981 2.2
19781028 0.3 0.78 1.04 1.6
19781029 0.4 0.54 1.164 -2.5
19781030 3.1 0.31 1.164 -1
19781031 0.2 0.37 1.164 1.1
19781101 5.9 0.4 1.295 1.8
19781102 0 0.75 1.434 4.4
19781103 2.5 0.68 1.506 1.2
19781104 2.6 1.14 1.58 -0.4
19781105 0.1 0.36 1.506 -1.8
19781106 7 0.36 1.434 -2.4
19781107 0 0.46 1.363 -6.6
19781108 0 0.33 1.363 0
19781109 0 1.35 1.363 4.9
19781110 0 0.77 1.363 4.4
19781111 2.3 0.53 1.363 0.5
19781112 0 0.33 1.363 -4.5
19781113 2.6 0.67 1.295 2.1
19781114 0 0.62 1.228 0.8
19781115 0 1.17 1.164 -2.3
19781116 9.4 0.9 1.101 -1.5
19781117 0.3 0.37 1.04 -6.7
19781118 0 0.36 0.981 1.8
19781119 0 0.45 0.981 1.1
19781120 0.1 0.58 0.981 -7.4
19781121 1.7 0.28 0.924 -0.4
19781122 5.6 0.6 0.924 -1.5
19781123 2.4 0.4 0.924 -3.4
19781124 0.8 0.36 0.924 -11.9
19781125 0 0.28 0.868 -11.5
19781126 0 0.09 0.868 -16.4
19781127 0 0.05 0.814 -14.2
19781128 0 0.23 0.763 -28.1
19781129 0 0.04 0.713 -25.7
19781130 0.2 0.11 0.713 -28.8
19781201 0.7 0.07 0.664 -17.4
19781202 1.2 0.05 0.664 -6.3
19781203 0.4 0.25 0.618 -4.6
19781204 0.1 0.2 0.618 -17
19781205 0 0.12 0.618 -20.4
19781206 0 0.14 0.618 -17.5
19781207 0 0.31 0.573 -22.3
19781208 0 0.07 0.573 -27.6
19781209 0 0.07 0.531 -28.2
19781210 0 0.06 0.531 -27.4
19781211 0 0.12 0.489 -21.8
19781212 0.1 0.23 0.489 -11.2
19781213 1.8 0.36 0.45 -7.9
19781214 6.6 0.37 0.45 -12.2
19781215 2.8 0.25 0.45 -13.7
19781216 1.5 0.17 0.489 -14.9
19781217 1.2 0.21 0.489 -10.6
19781218 0.2 0 0.489 -0.6
19781219 0.7 0.49 0.489 -0.7
19781220 1.4 0.32 0.489 -3
19781221 0.5 0.52 0.489 -6.7
19781222 1.2 0.24 0.45 -6.6
19781223 0.3 0.15 0.45 -8.7
19781224 0.8 0.42 0.45 -18
19781225 1.1 0.16 0.45 -18.3
19781226 0 0.11 0.45 -20.1
19781227 0 0.06 0.45 -27.6
19781228 0.2 0.09 0.413 -32.8
19781229 0.6 0.09 0.413 -31.7
19781230 0.6 0.02 0.413 -27.3
19781231 0 0.1 0.413 -43
19790101 0 0.04 0.413 -33.2
19790102 2 0.04 0.377 -15.8
19790103 0.4 0.37 0.377 -25.2
19790104 0 0.07 0.343 -34.4
19790105 0 0.03 0.343 -35.2
19790106 0 0.06 0.343 -26.5
19790107 0.9 0 0.31 -4.6
19790108 0.8 0.49 0.31 -8.1
19790109 0.5 0.17 0.31 -19.2
19790110 0 0.1 0.31 -26.9
19790111 0 0.12 0.31 -18.3
19790112 3 0.22 0.31 -9.5
19790113 2.8 0.2 0.31 -13
19790114 0.7 0.16 0.31 -15.5
19790115 0.8 0.2 0.31 -11.3
19790116 0 0.05 0.31 -9.8
19790117 1.2 0.08 0.279 -7.1
19790118 0 0.22 0.279 -11.2
19790119 0.2 0.21 0.279 -17.6
19790120 0 0.22 0.279 -18.8
19790121 0 0.33 0.279 -10.7
19790122 0 0.08 0.279 -7.6
19790123 0.9 0.23 0.279 -8.2
19790124 0.5 0.19 0.279 -9.5
19790125 0.4 0.34 0.279 -18.1
19790126 0.1 0.16 0.25 -26.9
19790127 0 0.07 0.25 -33.9
19790128 0 0.04 0.25 -27.5
19790129 0 0.08 0.25 -27.1
19790130 0 0.06 0.25 -29.5
19790131 0 0.06 0.25 -27.3
19790201 2.9 0 0.25 -13.2
19790202 1.2 0.11 0.223 -18.3
19790203 0.2 0.08 0.223 -28.1
19790204 0.1 0.1 0.223 -26.1
19790205 0 0.12 0.223 -17.3
19790206 0.2 0.18 0.223 -5.3
19790207 0.2 0.34 0.223 -4.9
19790208 0 0.22 0.223 -7.8
19790209 3.1 0.01 0.223 -5.5
19790210 4.2 0.22 0.223 -5.7
19790211 2.3 0.31 0.223 -5.1
19790212 0.1 0.46 0.223 -4
19790213 0 0.61 0.223 -23.4
19790214 0 0.04 0.223 -32.1
19790215 0 0.13 0.223 -12.1
19790216 0 0.48 0.223 -7.4
19790217 0 0.33 0.197 -18.1
19790218 0 0.32 0.197 -16.2
19790219 1.5 0.2 0.197 -10.2
19790220 0.7 0.35 0.197 -17.1
19790221 0.2 0.08 0.174 -13.7
19790222 0 0.17 0.174 -12.3
19790223 1.5 0.25 0.174 -4.9
19790224 1.2 0.46 0.174 -1.9
19790225 0.2 0.84 0.174 0.2
19790226 0.1 0.85 0.174 0.1
19790227 0.2 1.16 0.174 -4.7
19790228 1.1 0.34 0.174 -0.2
19790301 2 1.26 0.174 -3.7
19790302 0.1 0.39 0.174 -6.6
19790303 0.9 0.72 0.174 1.3
19790304 0.1 1.2 0.151 -1.2
19790305 0.1 1.18 0.151 0.2
19790306 0.3 0.89 0.151 1.9
19790307 0.1 1.08 0.151 -1
19790308 4.1 0.5 0.151 -2.4
19790309 0.2 0.35 0.174 -0.4
19790310 6.5 0.38 0.174 -2
19790311 4.7 0.24 0.174 -5.6
19790312 1.4 0.55 0.174 -4.9
19790313 1.2 0.47 0.174 -7.5
19790314 0 0.4 0.174 -14.8
19790315 0 0.38 0.174 -16.6
19790316 0.4 0.33 0.174 -17
19790317 0 0.3 0.174 -20.7
19790318 0 0.13 0.174 -21.2
19790319 0.7 0.32 0.174 -7.8
19790320 0.4 0.61 0.174 -2.9
19790321 0 0.54 0.174 -4.1
19790322 0.3 0.21 0.174 -6.2
19790323 1.9 0.5 0.174 -3.4
19790324 0 0.28 0.174 -3.1
19790325 0.7 0.48 0.174 -3.6
19790326 5.4 0.34 0.174 1.1
19790327 6.7 0.7 0.174 0.6
19790328 2.1 0.53 0.174 1.1
19790329 1.2 0.53 0.174 0.7
19790330 0 0.52 0.174 -0.8
19790331 0 0.53 0.174 -1.1
19790401 0 0.5 0.174 0.3
19790402 2.6 0.56 0.174 0.2
19790403 0.3 0.72 0.174 -0.4
19790404 0.6 0.47 0.174 -0.6
19790405 0.3 0.51 0.174 0
19790406 0 0.45 0.174 -2.1
19790407 0.1 0.37 0.174 -1.5
19790408 0 0.85 0.174 -1.1
19790409 0 0.43 0.174 -5.6
19790410 0 0.51 0.174 -0.8
19790411 0.9 0.85 0.174 4.6
19790412 0 1.11 0.174 1.9
19790413 0 1.31 0.174 -0.7
19790414 2.3 0.41 0.174 -3.6
19790415 0.2 0.48 0.174 -5.1
19790416 0 0.34 0.174 -7.5
19790417 1.5 0.71 0.174 -2.4
19790418 0 0.72 0.174 0
19790419 0.5 0.6 0.174 2.5
19790420 1.5 0.42 0.174 2.6
19790421 0.9 0.54 0.174 3.1
19790422 2.4 0.84 0.174 2.7
19790423 4.9 0.53 0.197 1.6
19790424 0.4 0.57 0.197 0.9
19790425 1.4 0.57 0.223 1
19790426 5.6 0.49 0.223 3
19790427 2.8 0.64 0.223 1.6
19790428 0.8 0.6 0.25 1.1
19790429 0.3 0.89 0.279 0.5
19790430 0.5 0.44 0.279 -3.4
19790501 0 0.66 0.279 -1.7
19790502 0.1 0.73 0.279 -1.5
19790503 1.3 0.58 0.279 -0.6
19790504 2.1 0.61 0.279 -1.8
19790505 0.9 1.22 0.279 0.8
19790506 0.1 0.65 0.279 0.5
19790507 0 0.54 0.279 0.2
19790508 0.1 0.65 0.31 0.5
19790509 0 0.52 0.31 -0.4
19790510 0 0.62 0.343 -0.9
19790511 0 0.76 0.343 0.7
19790512 0 0.97 0.377 2
19790513 0.1 0.64 0.413 3.9
19790514 0.4 2.88 0.814 10
19790515 0 1.95 3.697 7.7
19790516 0 1.39 7.794 5.8
19790517 0.4 0.73 11.505 8.1
19790518 1.4 1.98 23.102 6.3
19790519 1.1 0.61 22.791 4.1
19790520 5.2 1.32 17.571 4.7
19790521 0 2.36 13.066 6.6
19790522 0.1 1.7 10.659 8.2
19790523 0.3 2.59 10.867 9.3
19790524 2.1 2.06 14.006 9.4
19790525 12.6 0.89 19.802 6.9
19790526 9.2 1.83 26.338 7.2
19790527 2.7 1.82 20.091 6.8
19790528 3.4 1.11 15.481 9.2
19790529 0.4 1.24 11.721 6
19790530 0.2 3.84 9.849 12.4
19790531 0 3.03 10.048 12.5
19790601 0 4 9.072 19.2
19790602 3.4 2.44 10.25 10.5
19790603 0 1.68 8.883 12.4
19790604 0 2.6 6.78 14.9
19790605 0 2.44 5.544 14.4
19790606 0 1.11 4.571 16.9
19790607 0 1.93 3.816 17.5
19790608 0.6 1.21 3.465 10.6
19790609 12.7 1.53 4.184 5
19790610 0.2 2.2 4.44 7
19790611 0 2.12 3.936 10.9
19790612 0 1.59 3.241 9.5
19790613 0.6 1.03 2.716 9
19790614 2.3 0.65 2.52 9.8
19790615 10.7 0.9 2.425 11.3
19790616 0 0.66 2.332 9.4
19790617 4.3 1.48 2.332 7.3
19790618 4.5 0.55 2.332 6
19790619 3 0.51 2.241 9.2
19790620 0 0.92 2.241 15.2
19790621 0 2.61 2.151 17.5
19790622 0 4.49 1.978 15.8
19790623 0.8 1.64 1.813 14.1
19790624 0.3 1.76 1.656 14.9
19790625 1.6 2.34 1.58 13.1
19790626 12.7 2.92 1.733 10.4
19790627 6 1.39 1.813 8.1
19790628 2.1 1.71 1.978 9.2
19790629 1.4 1.02 2.064 7.1
19790630 9.9 0.79 2.241 6.6
19790701 3.8 2.07 2.716 6
19790702 0.2 1.85 2.817 6
19790703 1.2 0.52 2.716 4.4
19790704 1.5 1.05 2.716 8.1
19790705 0.1 1.65 2.617 10.1
19790706 4.8 1.98 2.52 9.6
19790707 0 2.21 2.332 13.4
19790708 3.7 1.29 2.064 10.5
19790709 7.6 0.72 1.895 12.9
19790710 5.3 1.09 1.978 7.9
19790711 9.9 1.12 2.332 7.8
19790712 0.1 1.15 2.241 10.3
19790713 0 1.59 2.064 11.6
19790714 2.1 0.6 1.895 13.7
19790715 15.4 2.19 1.978 6.9
19790716 0.8 0.78 2.151 6.9
19790717 0.3 0.58 2.151 11.9
19790718 1.5 1.82 2.151 11.8
19790719 12.4 1.09 2.064 11.9
19790720 5.2 1.22 2.617 11.3
19790721 5.5 0.78 3.132 8.9
19790722 0.3 1.37 3.58 9.5
19790723 2.1 0.68 3.58 7.3
19790724 4.9 0.77 3.58 7
19790725 5.7 0.87 3.816 9.6
19790726 6.9 0.57 4.44 12.6
19790727 8.1 1.65 4.571 12.8
19790728 0 1.31 4.184 12.3
19790729 0.6 2.07 3.816 9.9
19790730 2.6 1.83 3.58 12.3
19790731 2.2 1.63 3.241 13.1
19790801 0.3 1.01 2.92 12.1
19790802 0.7 0.73 2.817 9.7
19790803 0.2 1.78 2.817 6.6
19790804 0.1 1.35 2.617 7.3
19790805 0.3 1.21 2.332 9.1
19790806 0 2.35 2.151 9.3
19790807 0.1 1.45 1.978 10.9
19790808 0.2 1.46 1.895 12.4
19790809 6.8 0.83 1.813 11.5
19790810 17.1 0.9 2.617 8.9
19790811 7.4 0.97 3.697 7.4
19790812 11.9 0.71 5.841 10
19790813 0.5 1.08 6.944 11.2
19790814 0.1 1.84 5.992 12
19790815 0.9 1.26 5.115 12.8
19790816 2.7 1.37 4.571 10.4
19790817 2.4 0.58 4.059 9.2
19790818 0.2 2.9 3.697 17.3
19790819 1.2 1.71 3.241 15.1
19790820 0 1 2.92 14.3
19790821 0.7 1.45 2.716 12.8
19790822 3.5 1.36 2.617 7.3
19790823 9.4 1.36 2.617 7.1
19790824 0.4 0.72 2.52 6.6
19790825 2.2 1.26 2.425 9.9
19790826 0.4 1.79 2.241 7.2
19790827 0.3 1.25 2.151 6
19790828 2.6 1.08 2.151 6.1
19790829 0 0.5 2.064 7.6
19790830 0 1.61 1.978 9.4
19790831 0.5 1.2 1.895 4.3
19790901 0 0.78 1.813 6.1
19790902 1.1 0.71 1.733 8.3
19790903 3.6 0.88 1.733 9.5
19790904 15.5 0.52 2.064 7.6
19790905 5 1.05 2.425 7.7
19790906 0.1 1.53 2.425 13.9
19790907 0.1 1.63 2.332 12.8
19790908 0 0.78 2.151 11.2
19790909 4.2 0.82 2.151 8.6
19790910 0.3 1.32 2.064 8.8
19790911 0 1.17 1.978 5.8
19790912 3.1 1.65 1.813 4.6
19790913 3.6 0.79 1.813 5.9
19790914 4.7 1.5 1.813 2.6
19790915 0 0.95 1.813 1.6
19790916 1.8 1.41 1.733 3.9
19790917 0.3 0.8 1.656 6.4
19790918 0.4 1.39 1.656 8.2
19790919 0.3 1.73 1.58 6.8
19790920 0 1.89 1.58 6.4
19790921 7.6 1.29 1.58 6
19790922 1.5 0.98 1.656 3
19790923 0.3 1.07 1.656 1.7
19790924 0.2 0.68 1.58 4
19790925 0 1.26 1.506 6.1
19790926 0.4 1.85 1.434 8.5
19790927 3.3 1.21 1.434 0.7
19790928 0.3 1.17 1.434 1.9
19790929 0.9 1.18 1.363 1.1
19790930 0 0.94 1.363 1.8
19791001 0 0.42 1.295 -0.4
19791002 0 0.4 1.228 -2.3
19791003 0.2 0.4 1.228 -1.8
19791004 0.2 0.37 1.164 1.2
19791005 0 0.59 1.164 2
19791006 0 0.43 1.101 -0.7
19791007 0 0.46 1.101 1.7
19791008 0 0.44 1.04 4.7
19791009 0 0.76 1.04 7.7
19791010 5 0.76 1.164 8.8
19791011 10.4 0.6 1.434 9.2
19791012 4.7 0.48 1.895 5.7
19791013 0 0.39 1.978 1.2
19791014 0 0.53 1.978 4.3
19791015 10.7 0.35 1.978 3.8
19791016 0.4 0.41 2.064 3.3
19791017 3.9 0.87 2.241 0.7
19791018 0 0.46 2.241 1.8
19791019 0 0.93 2.151 1.1
19791020 0.9 1.2 1.978 4
19791021 0 1.23 1.813 -0.6
19791022 0.1 0.7 1.656 -0.9
19791023 0 0.65 1.506 -5.6
19791024 0 0.83 1.363 -6.4
19791025 0 0.58 1.295 -4.8
19791026 0 0.35 1.228 -6.1
19791027 0 0.3 1.101 -8.7
19791028 0 0.15 1.04 -5.6
19791029 0 0.5 0.981 -2.2
19791030 1 0.92 0.981 -3.4
19791031 0.3 0.98 0.924 -4.5
19791101 3.3 0.7 0.924 -3.8
19791102 0.9 0.79 0.924 -3.7
19791103 0.3 0.45 0.924 -4
19791104 11.2 0.7 0.924 1.9
19791105 0 0.47 0.868 -0.8
19791106 0 0.31 0.868 -4.6
19791107 0.6 0.27 0.868 -6.4
19791108 0.1 0.33 0.868 -5.2
19791109 0 0.34 0.868 -4.9
19791110 0 0.42 0.814 -7.5
19791111 0.1 0.19 0.814 -13.3
19791112 0.1 0.21 0.814 -11.1
19791113 8.9 0.39 0.763 -4.8
19791114 0.3 0.32 0.763 -16.2
19791115 0 0.11 0.763 -22.5
19791116 0.1 0.18 0.763 -18.8
19791117 2.4 0.12 0.713 -7.8
19791118 4.4 0.09 0.713 -0.2
19791119 0.7 0.44 0.713 -1.9
19791120 0 0.2 0.713 -3.4
19791121 0.1 0.25 0.713 -8.2
19791122 0.2 0.21 0.664 -3.1
19791123 0 0.74 0.664 0.3
19791124 0 0.81 0.664 -14.9
19791125 0 0.17 0.664 -14.1
19791126 0.3 0 0.664 -4.6
19791127 3.7 0.43 0.618 -2.5
19791128 0.4 0.21 0.618 -8.4
19791129 4.7 0.32 0.618 -1.5
19791130 0.2 0.54 0.618 0
19791201 0.1 0.31 0.618 -3.6
19791202 1.4 0.27 0.618 0.9
19791203 0 0.78 0.618 -3.5
19791204 0 0.67 0.573 -9
19791205 0.1 1.72 0.573 -1.2
19791206 1.8 0.61 0.573 -3.3
19791207 0 0.34 0.573 -5.5
19791208 0 0.37 0.573 -11.8
19791209 0 0.21 0.531 -14.8
19791210 0.2 0.3 0.531 -30.5
19791211 0 0.05 0.531 -32.5
19791212 0 0.09 0.489 -28.6
19791213 0 0.12 0.489 -21.4
19791214 0.1 0.3 0.45 -12.6
19791215 2.4 0.22 0.45 -17.9
19791216 0.4 0.13 0.45 -17.1
19791217 1.8 0.15 0.413 -19
19791218 0.5 0.2 0.413 -14.7
19791219 0.4 0.06 0.413 -5.8
19791220 2.9 0.35 0.413 -7.3
19791221 0 0.13 0.413 -12.1
19791222 0 0.24 0.413 -22.5
19791223 0.2 0.01 0.413 -14
19791224 4.4 0.36 0.377 -3
19791225 0.3 0.37 0.377 -5.4
19791226 0 0.29 0.377 -10.3
19791227 1 0.21 0.377 -0.4
19791228 4.4 0.61 0.377 -1.5
19791229 1.5 0.47 0.377 -8.8
19791230 2.5 0.12 0.377 -9.9
19791231 0 0.21 0.377 -14.4
19800101 1.4 0.16 0.377 -14.3
19800102 0 0.24 0.377 -18.6
19800103 0 0.12 0.377 -19.6
19800104 0 0.21 0.343 -18.8
19800105 0.6 0.47 0.343 -10.7
19800106 0.9 0.38 0.343 -7.2
19800107 0.9 0.2 0.343 -12.4
19800108 0.3 0.14 0.343 -20
19800109 0 0.11 0.343 -20.4
19800110 0 0.09 0.31 -24.7
19800111 0.2 0.09 0.31 -25.8
19800112 0 0.09 0.31 -19.5
19800113 0.1 0.44 0.31 -0.8
19800114 0 0.61 0.31 -4.9
19800115 0.3 0.66 0.279 -3.8
19800116 0.8 0.5 0.279 -2.4
19800117 0 0.39 0.279 -2.4
19800118 0.2 0.46 0.279 -2.7
19800119 0 0.37 0.279 -13.7
19800120 0 0.13 0.279 -20.8
19800121 0.4 0.09 0.279 -7.1
19800122 0 0.32 0.279 -6.4
19800123 2.5 0.34 0.279 -5
19800124 1.7 0.51 0.25 -14.9
19800125 0 0.14 0.25 -21.4
19800126 0 0.22 0.25 -14.4
19800127 0.9 0.41 0.25 -10.5
19800128 2.9 0.23 0.25 -18.6
19800129 0.8 0.17 0.25 -13.6
19800130 0.3 0.1 0.25 -23.1
19800131 0.7 0.07 0.25 -28.4
19800201 0.1 0.1 0.25 -23
19800202 0 0.23 0.223 -13
19800203 0 0.26 0.223 -12
19800204 0 0.31 0.223 -11.4
19800205 0 0.13 0.223 -25.6
19800206 0 0.06 0.223 -30.2
19800207 0.1 0.1 0.223 -28.3
19800208 0.1 0.16 0.223 -28.8
19800209 0 0.06 0.223 -31.2
19800210 0.1 0.08 0.223 -13.8
19800211 3.1 0.31 0.223 -12.8
19800212 0.8 0.35 0.223 -11.4
19800213 0 0.13 0.197 -14.1
19800214 0.2 0.41 0.197 -4.3
19800215 1.6 0.36 0.197 -1.7
19800216 2 0.5 0.197 -0.2
19800217 0.1 0.6 0.197 -12.6
19800218 0 0.2 0.197 -13.2
19800219 0 0.24 0.197 -6.9
19800220 0 0.39 0.197 -10.2
19800221 0 0.36 0.197 -15.1
19800222 0 0.73 0.174 -9.5
19800223 0 0.72 0.174 -8.3
19800224 0 0.52 0.174 -16.9
19800225 0 0.4 0.174 -16.9
19800226 0 0.19 0.174 -15.1
19800227 0 0.39 0.174 -4.6
19800228 0 1.06 0.174 -0.9
19800229 0.2 0.97 0.174 -1.8
19800301 1.2 0.5 0.174 -4
19800302 0.4 0.48 0.174 -8.1
19800303 3 0.43 0.174 -7.1
19800304 0 0.29 0.174 -6.4
19800305 0 0.37 0.174 -1.5
19800306 0.2 0.63 0.174 -3.5
19800307 0.1 1.08 0.174 -4.7
19800308 0 0.61 0.174 -4.9
19800309 0.3 0.63 0.174 -3.1
19800310 0.7 0.47 0.174 -4.1
19800311 0 0.87 0.174 -4.2
19800312 0.5 0.59 0.174 -4.8
19800313 0.4 0.62 0.174 -3.6
19800314 0.3 0.62 0.174 -3.8
19800315 0 0.55 0.174 -6.4
19800316 0 0.59 0.174 -7.8
19800317 0 0.63 0.174 -11.7
19800318 0 0.52 0.174 -12.7
19800319 0 0.29 0.174 -14.7
19800320 0.2 0.29 0.174 -9
19800321 0.4 0.43 0.151 -10.7
19800322 0.1 0.49 0.151 -12.6
19800323 0 0.69 0.151 -13.1
19800324 0 0.35 0.151 -13.7
19800325 0 0.64 0.151 -11.5
19800326 0 0.63 0.151 -5.1
19800327 0 0.77 0.151 -7.7
19800328 2 0.45 0.151 -7.4
19800329 3.5 0.45 0.151 -3
19800330 6.6 0.64 0.174 -2.8
19800331 5.8 0.65 0.174 -1.6
19800401 0.3 0.62 0.174 -5.9
19800402 0 0.92 0.174 -0.3
19800403 0 0.75 0.174 -2.6
19800404 0 0.72 0.174 -3.6
19800405 0 0.47 0.174 0.8
19800406 0 0.92 0.174 1.5
19800407 1 0.72 0.151 -1.2
19800408 2.6 0.95 0.151 -0.9
19800409 1.3 0.9 0.151 -2.2
19800410 0.5 0.98 0.151 -1.4
19800411 0.1 1.11 0.151 1
19800412 0.1 0.83 0.151 3.8
19800413 0 1.07 0.151 2.8
19800414 0 0.58 0.151 1.4
19800415 0.8 0.8 0.174 3.3
19800416 0.4 0.56 0.174 4.6
19800417 0.8 1.04 0.197 2.5
19800418 0.3 0.43 0.223 0.1
19800419 3.3 1.4 0.25 -4.3
19800420 0.4 0.64 0.279 -2.2
19800421 1 0.96 0.279 0
19800422 0 0.55 0.279 -0.6
19800423 0 0.74 0.279 2.1
19800424 0 1.57 0.279 -1.1
19800425 0 0.76 0.279 -1.2
19800426 0 1.09 0.31 2.6
19800427 0.1 1.03 0.343 4.9
19800428 0.4 1.15 0.45 4.9
19800429 0 0.68 0.664 3.5
19800430 0 1.19 1.228 3.7
19800501 0 1.26 1.813 4.5
19800502 0 0.69 2.716 4.9
19800503 0 0.93 4.184 4.3
19800504 0 0.93 5.992 4.7
19800505 0 1.3 7.619 4.6
19800506 0 1.1 8.329 3.1
19800507 0 1.53 8.883 4.4
19800508 2.7 0.94 9.263 -0.3
19800509 9.5 1.67 7.794 -0.3
19800510 0 1.17 5.992 0.5
19800511 0 1.5 4.571 0.2
19800512 0 1.13 3.816 4.8
19800513 0 1.21 3.697 7.1
19800514 0 1.33 4.311 8.6
19800515 0 2.18 6.301 8.2
19800516 0 2 7.97 9.1
19800517 0 2.21 9.456 9.5
19800518 0 2.06 10.048 7.5
19800519 0 0.97 9.651 7.7
19800520 0.6 1.96 7.97 4
19800521 0.8 1.76 6.301 4.8
19800522 0.3 1.46 5.115 3.1
19800523 0.3 1.65 4.059 3.4
19800524 6.4 0.58 3.58 3.7
19800525 14.4 0.71 4.44 3.3
19800526 4.7 1.18 5.691 5.7
19800527 3.1 0.93 5.691 5.8
19800528 0.8 2.19 5.256 8.1
19800529 9.1 0.76 5.399 9
19800530 16.3 2.75 9.651 11.9
19800531 5.1 0.75 11.505 10
19800601 5.4 0.91 11.078 9.1
19800602 0.1 0.85 9.456 6.2
19800603 12.3 1.47 9.849 11.8
19800604 1.5 1.88 8.696 15.2
19800605 0 1.52 7.109 17.5
19800606 0.1 1.39 6.301 17.1
19800607 0 1.68 7.619 18.1
19800608 0.2 4.34 6.618 16.3
19800609 0 1.33 5.256 15.3
19800610 3.8 1.06 4.704 14.6
19800611 1.3 2.11 4.184 8.9
19800612 0.1 1.76 3.697 7.2
19800613 0 0.65 3.132 8.3
19800614 1.3 1.22 2.817 13.5
19800615 0 3.45 2.52 17.8
19800616 0 2.91 2.241 16.6
19800617 0 3.69 2.064 16.2
19800618 5.3 2.86 1.895 14.2
19800619 3.9 1.65 1.813 12.3
19800620 13.7 1.06 1.978 10.7
19800621 11.7 1.18 2.716 9.9
19800622 7.2 2.81 3.697 10.7
19800623 0.7 0.77 3.816 8.9
19800624 10.6 1.08 5.399 9.8
19800625 3.1 2.41 6.944 10.9
19800626 1.1 0.95 5.841 9.2
19800627 0.1 1.89 4.976 11.2
19800628 2.3 1 4.311 9.1
19800629 17 1.52 5.115 10.2
19800630 3.5 2.11 6.146 11.8
19800701 1.5 1.24 5.544 12.3
19800702 0 1.36 4.839 12.7
19800703 0 1.67 4.059 12.5
19800704 0 1.64 3.58 12.8
19800705 10.3 1.49 3.352 12.9
19800706 0.6 1.73 3.241 13.6
19800707 0 1.76 3.025 12.5
19800708 0 1.8 2.716 12.4
19800709 0 1.21 2.425 11.6
19800710 6 1.39 2.241 13.8
19800711 14.8 1.39 2.332 11.9
19800712 5.2 1.35 2.52 13.6
19800713 0 0.94 2.716 10.3
19800714 1.2 1.11 2.92 11.7
19800715 6.5 1.11 3.241 11.8
19800716 9.1 1.28 3.465 12.7
19800717 1.6 1.53 3.816 9.3
19800718 0.1 1.32 4.184 8.6
19800719 0 1.5 4.44 11.9
19800720 4.3 1.27 4.571 11.9
19800721 3.4 0.67 4.839 10.9
19800722 10.1 1.13 4.704 9.5
19800723 2.4 1.88 4.184 12.9
19800724 0 2.99 3.58 14.4
19800725 0 2.63 3.465 12.8
19800726 0 4.1 3.352 17.9
19800727 0 3.05 2.817 17.9
19800728 0 1.31 2.151 18.6
19800729 0 1.7 1.978 17.2
19800730 0 3.05 1.733 17.1
19800731 0 2.25 1.656 16.4
19800801 0.8 1.78 1.506 15.6
19800802 0 0.98 1.506 12.9
19800803 1.1 1.78 1.506 14.3
19800804 3.5 0.86 1.506 13.6
19800805 1.5 1.15 1.434 14.4
19800806 4.1 1.36 1.434 12.1
19800807 0.6 1.35 1.434 6.5
19800808 0.5 1.24 1.363 6.5
19800809 0 1.06 1.295 7.5
19800810 0 1.47 1.295 8.7
19800811 0 2.49 1.228 10.5
19800812 1.4 1.71 1.164 13.3
19800813 0.1 1.32 1.101 12.2
19800814 1 1.83 1.101 15.9
19800815 0 2.07 1.04 16.3
19800816 0 2.73 0.981 15.6
19800817 0 2.8 0.924 14.7
19800818 0 1.26 0.924 13.7
19800819 5 2.07 0.868 12.4
19800820 4.3 1.06 0.868 10.9
19800821 4.1 0.93 0.924 9
19800822 1.3 0.89 1.04 10.8
19800823 4.9 0.92 1.164 8.1
19800824 1.6 1.08 1.228 7.8
19800825 0.1 0.89 1.295 7.5
19800826 6.8 0.68 1.434 8
19800827 3.7 1.02 1.733 8.6
19800828 6.7 0.75 1.978 9.1
19800829 4.8 1.15 2.241 8.9
19800830 0.4 1.01 2.332 7.2
19800831 0 1.3 2.151 7.9
19800901 0 1.06 2.064 6.6
19800902 1.4 0.51 1.895 9.8
19800903 7.8 0.97 1.978 10.1
19800904 2.2 1 2.064 10.6
19800905 0 0.51 1.978 8.7
19800906 0.9 0.76 1.978 10.7
19800907 4.6 1.59 1.895 12.2
19800908 0 2.34 1.895 13.3
19800909 7.3 1.33 1.895 10.1
19800910 0 0.81 1.978 6.4
19800911 7.1 0.71 2.151 4.4
19800912 0.2 0.8 2.241 4.4
19800913 7.5 0.65 2.241 8.4
19800914 9.1 0.7 2.617 8.1
19800915 0.7 1.25 2.817 5.1
19800916 0.1 1.68 2.617 4.7
19800917 1.3 1.46 2.425 8.1
19800918 10.6 0.68 2.52 7.7
19800919 2.1 0.6 3.025 6.5
19800920 2.7 0.49 3.132 7.8
19800921 0.4 0.77 3.025 9.3
19800922 0 0.72 2.817 7
19800923 0 0.77 2.617 4.7
19800924 0 0.52 2.425 7.2
19800925 2.8 0.74 2.52 6.6
19800926 21.4 1.32 2.716 4.3
19800927 0 1.39 4.059 5.1
19800928 0 1.93 3.697 8.1
19800929 0 1.27 3.241 4.6
19800930 4.2 1.22 2.92 5.6
19801001 0.6 0.73 2.716 3
19801002 1 0.66 2.52 2.7
19801003 1 0.74 2.425 3.2
19801004 0 0.91 2.332 5.3
19801005 4.4 1.78 2.332 6.1
19801006 2.9 1.1 2.332 5.5
19801007 13.6 0.96 3.241 5
19801008 17 1.19 6.78 5.1
19801009 3.5 1.56 8.329 4.7
19801010 2.1 0.88 7.447 5.1
19801011 0.8 0.56 6.459 3.2
19801012 0 0.58 5.399 3.3
19801013 0.1 0.46 4.704 1.4
19801014 4.9 0.44 4.184 1
19801015 0 0.58 3.816 0.1
19801016 0 0.64 3.465 -2.4
19801017 1 0.27 3.132 -5
19801018 17.8 0.22 3.025 -1.5
19801019 9.3 0.42 2.92 1.4
19801020 0.6 0.8 2.92 -1.4
19801021 0 0.53 2.817 -3.4
19801022 0 0.58 2.716 -3.6
19801023 0 0.47 2.617 -10.9
19801024 0 0.16 2.425 -8.8
19801025 10.8 0.37 2.332 -6.2
19801026 0.8 0.26 2.332 -13.1
19801027 0 0.23 2.151 -8.9
19801028 11.3 0.43 2.064 0.2
19801029 4.1 0.45 2.064 -2.1
19801030 1.9 0.39 2.064 -9.8
19801031 0 0.14 1.978 -20.3
19801101 0 0.15 1.813 -19.2
19801102 0 0.2 1.733 -13.5
19801103 0 0.15 1.733 -14.2
19801104 0 0.27 1.656 -2.1
19801105 0.1 0.32 1.656 0.8
19801106 0 0.32 1.58 1.5
19801107 0 0.35 1.58 -3.2
19801108 0.2 0 1.506 -1.4
19801109 0.5 0.74 1.506 -3.6
19801110 0.9 0.27 1.434 -5.7
19801111 0.6 0.22 1.434 -6.8
19801112 3.4 0.19 1.434 -12.3
19801113 1 0.16 1.363 -11.3
19801114 1.9 0.26 1.363 -6.8
19801115 0.1 0.19 1.295 -7.2
19801116 8 0.55 1.295 -2.9
19801117 0 0.47 1.228 -11.9
19801118 4.8 0.3 1.228 -7.9
19801119 0 0.37 1.164 -14.9
19801120 1 0.13 1.164 -9.2
19801121 6.8 0.35 1.101 1.4
19801122 0.1 0.37 1.101 0.4
19801123 0 0.7 1.101 -1.1
19801124 2.2 0.82 1.101 -5.8
19801125 0.3 0.41 1.101 -11
19801126 0 0.41 1.101 -26.3
19801127 0 0.07 1.04 -30.9
19801128 0 0.05 1.04 -33.4
19801129 0.4 0 0.981 -13
19801130 0.8 0.25 0.924 -5.6
19801201 2.7 0.54 0.868 0.3
19801202 2 0.7 0.868 -6.9
19801203 2.3 0.27 0.868 -8.1
19801204 0.7 0.32 0.868 -19
19801205 0.1 0.09 0.868 -25
19801206 0 0.11 0.868 -28.7
19801207 0 0.13 0.814 -19.8
19801208 1.2 0 0.814 -5.1
19801209 0 0.51 0.763 -2.2
19801210 0.3 0.34 0.763 -10.6
19801211 0.3 0.36 0.763 -6.5
19801212 0 0.19 0.713 -4.2
19801213 0.1 0.4 0.713 -0.9
19801214 0 0.21 0.713 -8.4
19801215 2.7 0.21 0.713 -6.9
19801216 1 0.29 0.713 -14.7
19801217 0.7 0.27 0.664 -6.7
19801218 2.7 0.61 0.664 -3.7
19801219 0 0.2 0.618 -16.3
19801220 0 0.17 0.618 -13.6
19801221 1.8 0.13 0.618 -6.4
19801222 0.9 0.18 0.618 -9.7
19801223 0 0.15 0.618 -15.5
19801224 0 0.31 0.618 -14.4
19801225 0 0.21 0.573 -19.3
19801226 0 0.06 0.573 -15.4
19801227 0.6 0.12 0.573 -18.1
19801228 4.2 0 0.573 -4.6
19801229 0.7 0.87 0.573 0.2
19801230 0.9 0.46 0.531 -5.3
19801231 2.6 0.32 0.531 -11
19810101 2.8 0.33 0.531 -13.4
19810102 0.5 0.52 0.531 -5.8
19810103 0.3 0.39 0.531 -10.2
19810104 0 0.42 0.531 -23.2
19810105 0 0.08 0.531 -28.7
19810106 0 0.06 0.531 -30.2
19810107 0.1 0.31 0.489 -27.4
19810108 6.2 0.21 0.489 -5.1
19810109 3.6 0.58 0.531 -7.7
19810110 2.4 0 0.531 -5.1
19810111 1.6 0.53 0.489 -3.3
19810112 1.4 0.51 0.489 -5.9
19810113 1 0.29 0.489 -8.8
19810114 1 0.17 0.489 -12
19810115 2.6 0.12 0.489 -11.7
19810116 0.5 0.31 0.489 -5.1
19810117 4.3 0.33 0.489 -9.9
19810118 0 0.37 0.489 -29.3
19810119 0 0 0.489 -18.8
19810120 0.8 0.1 0.45 -23.5
19810121 1.8 0.17 0.45 -13.2
19810122 0.4 0.31 0.45 -4.1
19810123 0 0.39 0.413 -3.7
19810124 0.2 1.01 0.413 0.5
19810125 0.3 0.73 0.413 -6.2
19810126 0.9 0.45 0.413 -5.9
19810127 0 0.38 0.413 -6
19810128 0.5 0.85 0.413 -8.4
19810129 0.3 0.35 0.413 0.8
19810130 0.1 1.19 0.377 -0.7
19810131 1.9 0.67 0.377 2.4
19810201 0.1 0.95 0.377 0.1
19810202 3.2 0.63 0.377 0
19810203 0.1 0.59 0.377 -7.7
19810204 0 0.2 0.377 -14.3
19810205 2.4 0.25 0.377 -10.2
19810206 1.5 0.15 0.377 -9.4
19810207 3.6 0.63 0.377 -6.1
19810208 4.7 0.29 0.377 -4.6
19810209 0.6 0.7 0.377 -6.2
19810210 0 0.46 0.377 -19.1
19810211 0 0.24 0.377 -24.5
19810212 0 0.21 0.377 -20.1
19810213 0 0.17 0.377 -16.2
19810214 1.5 0.44 0.377 -9.5
19810215 0 0.15 0.343 -8.9
19810216 0.5 0.46 0.343 -7.7
19810217 0.3 0.56 0.343 -11.8
19810218 0 0.39 0.343 -18.7
19810219 0.2 0.34 0.343 -18.9
19810220 0.5 0.32 0.343 -21.1
19810221 0.1 0.2 0.31 -26.1
19810222 0 0.38 0.31 -21
19810223 0 0.29 0.31 -18.2
19810224 1.3 0.37 0.31 -9.4
19810225 2.9 0.37 0.31 -17.7
19810226 0 0.17 0.31 -17.1
19810227 0.7 0.08 0.279 -14.3
19810228 2.4 0.57 0.279 -8
19810301 0.1 0.26 0.279 -15.4
19810302 0 0.39 0.279 -18.9
19810303 0 0.26 0.279 -9
19810304 1.1 0.38 0.279 -10.2
19810305 2 0.22 0.279 -13.5
19810306 0.7 0.19 0.279 -21.4
19810307 2.1 0.23 0.279 -12.6
19810308 9.5 0.29 0.279 -6.9
19810309 5.2 0.74 0.279 -3.6
19810310 1.1 0.47 0.279 -5.5
19810311 0.4 0.32 0.279 -11.4
19810312 1.1 0.37 0.279 -5.9
19810313 2.4 0.52 0.279 -4.7
19810314 0 0.49 0.279 -19.3
19810315 0 0.3 0.25 -14.7
19810316 0 0.48 0.25 -6.3
19810317 1.2 0.44 0.25 -5.1
19810318 0 0.43 0.25 -9
19810319 1.5 0.55 0.25 -6.3
19810320 0 0.33 0.25 -8.9
19810321 0 0.3 0.25 -11.7
19810322 3.6 0.46 0.25 -0.7
19810323 16.2 1.04 0.279 -2
19810324 0 0.92 0.279 -2.3
19810325 0 0.6 0.279 -3.2
19810326 0.1 0.49 0.279 -5.3
19810327 0.3 0.65 0.279 -4.2
19810328 0.9 0.47 0.279 -2.4
19810329 0 1.06 0.25 -0.4
19810330 0 0.72 0.25 -1.5
19810331 0 0.57 0.25 -2
19810401 0 0.7 0.25 -1.8
19810402 0 1.11 0.25 3.2
19810403 0.3 0.48 0.25 2.2
19810404 0 0.65 0.25 2.2
19810405 0 0.85 0.25 2
19810406 0 0.9 0.25 2.3
19810407 0 0.93 0.25 3.3
19810408 0 0.58 0.25 -0.7
19810409 0 0.39 0.25 0.6
19810410 0.3 1.38 0.279 5.9
19810411 0 0.81 0.279 3.6
19810412 0 1.61 0.343 3.1
19810413 2.6 0.55 0.413 -2.3
19810414 1.7 0.41 0.45 1.8
19810415 0.7 1.12 0.531 -1.2
19810416 0 0.92 0.573 -2.7
19810417 0 0.75 0.573 -2.5
19810418 0.2 1.2 0.573 -0.1
19810419 1.2 1.02 0.573 -0.4
19810420 0 1.46 0.573 -1
19810421 0.8 0.43 0.573 -5
19810422 1.6 0.61 0.531 -6
19810423 1.2 0.34 0.531 -7.9
19810424 0.2 0.56 0.489 -4.2
19810425 0.3 0.63 0.489 -3.2
19810426 0 0.6 0.45 -4
19810427 0 0.55 0.45 -3.1
19810428 0 0.63 0.413 -2.9
19810429 0 0.47 0.413 -6.5
19810430 4.3 0.69 0.413 -0.5
19810501 2.1 0.97 0.377 -2.7
19810502 0.1 0.72 0.377 -5
19810503 0 0.72 0.377 -5.2
19810504 0 0.54 0.377 -4.8
19810505 1.3 0.66 0.343 -2.8
19810506 0.1 0.78 0.343 2.4
19810507 2.4 0.95 0.343 3
19810508 0.1 1.42 0.377 6.8
19810509 0 2.68 0.531 9.6
19810510 0 1.41 1.164 9.1
19810511 0 1.48 3.132 9.2
19810512 0 1.25 11.721 9.3
19810513 0 2.28 25.673 9.7
19810514 0 2.6 25.343 10.7
19810515 0 1.33 20.971 10.4
19810516 0 1.56 19.231 9.8
19810517 0.2 2.71 18.391 12.9
19810518 0 1.65 17.842 11.7
19810519 0 2.89 17.035 10.4
19810520 1.6 1.6 16.771 12.3
19810521 0 1.79 15.735 11.5
19810522 0 2.44 14.734 14.3
19810523 0 3.22 14.981 16.2
19810524 0 2.45 13.532 12.8
19810525 6.5 1.24 12.837 11.2
19810526 6.5 0.55 11.94 8.8
19810527 2.1 2.09 11.078 10.5
19810528 6.2 1.28 9.456 6.9
19810529 5 1.16 9.849 7.8
19810530 0.8 1.47 9.072 7.3
19810531 0.2 0.99 7.447 9
19810601 0 1.24 6.146 8.8
19810602 4.6 1.74 5.544 9.1
19810603 0 1.72 5.115 11
19810604 0.2 1.44 4.704 12
19810605 7.6 1.84 4.44 10.3
19810606 3.3 1.33 4.44 9.4
19810607 4.4 1.06 4.184 8.3
19810608 5.2 1.5 4.184 7.9
19810609 4.5 2.07 4.184 11.2
19810610 2.9 0.77 4.311 8.3
19810611 13.5 1.52 5.256 4.6
19810612 0 1.27 5.544 1.5
19810613 0.6 0.95 4.839 5.2
19810614 0.3 0.67 4.184 7.4
19810615 1.5 0.78 3.697 9.9
19810616 8.5 1.44 3.58 9.7
19810617 0.3 1.78 3.465 4.2
19810618 0 1.61 3.132 5
19810619 0 0.71 2.817 4.2
19810620 1.3 1.39 2.617 5.7
19810621 0.1 1.26 2.52 7.1
19810622 0 1.9 2.332 8.7
19810623 0.1 2.49 2.151 13.7
19810624 0.2 1.48 2.064 13
19810625 2.1 1.3 2.064 10.6
19810626 0.2 1.35 2.064 4.5
19810627 3.5 1.99 2.064 6.9
19810628 5.3 0.98 2.064 6.8
19810629 2.6 1.02 2.151 8.1
19810630 0.3 0.5 2.151 8.1
19810701 24.7 0.76 3.241 7.7
19810702 2.6 1.18 5.691 8.5
19810703 3.5 1.99 5.992 9.8
19810704 12 0.87 5.841 8.1
19810705 2.8 0.82 5.992 8.5
19810706 0.7 1.03 5.399 11.2
19810707 0.1 1.65 4.571 14
19810708 0 1.9 3.816 15.4
19810709 0 3.13 3.352 17.3
19810710 0 4.04 3.025 19.6
19810711 0 1.34 2.617 16
19810712 0 1.41 2.332 15.1
19810713 4.6 0.69 2.241 11.8
19810714 5.3 0.96 2.241 8.9
19810715 1.1 1.02 2.425 7.1
19810716 0.2 0.95 2.425 8.4
19810717 7.7 1 2.425 9.9
19810718 1 1.91 2.332 12.2
19810719 0 1.64 2.151 11.2
19810720 4 0.85 2.064 9.8
19810721 7 1.13 2.064 11.4
19810722 4.5 0.75 2.064 9.5
19810723 0 1.4 1.978 11.9
19810724 0 1.11 1.895 11.9
19810725 7.3 2.01 1.895 12.9
19810726 17.6 0.56 2.064 13.5
19810727 24.9 1 3.352 10.6
19810728 2.6 1.11 4.44 12.9
19810729 3.1 1.29 4.184 13.3
19810730 1.9 0.91 3.936 13.7
19810731 1.8 1.32 3.58 12.1
19810801 3.7 0.85 3.241 10.4
19810802 1 0.97 3.132 7.3
19810803 1.3 1.5 2.92 10.5
19810804 1 1.67 2.52 13.8
19810805 0.1 1.68 2.425 13.4
19810806 0 1.28 2.241 12.4
19810807 0.1 1.57 2.064 12.2
19810808 0 1.59 1.978 13.6
19810809 0 1.87 1.813 12.7
19810810 0 1.3 1.656 12
19810811 0.2 1.05 1.656 13.9
19810812 0 0.6 1.58 14.2
19810813 6.3 0.59 1.58 14.2
19810814 3.6 0.88 1.656 13.1
19810815 2.2 1.23 1.813 10.7
19810816 1.1 1.12 1.813 8.4
19810817 0.1 1.7 1.733 7.3
19810818 0 0.83 1.656 9.1
19810819 2.4 1.13 1.58 9.4
19810820 6 1.02 1.733 9.5
19810821 3.1 1.34 2.064 10.1
19810822 0.2 0.94 2.151 9.7
19810823 0.5 1.19 2.064 9.3
19810824 0 1.27 1.978 7.5
19810825 0 0.98 1.895 9.4
19810826 0.3 1.25 1.733 6.1
19810827 0.6 1.1 1.656 6.5
19810828 0.4 0.91 1.58 6.7
19810829 0 1.33 1.506 8.3
19810830 0 1 1.434 6.2
19810831 1.5 0.98 1.434 8.5
19810901 0.8 0.9 1.363 7.9
19810902 0 0.53 1.363 8.1
19810903 0 0.91 1.295 7.1
19810904 0 0.97 1.228 10.4
19810905 0 0.75 1.228 10.7
19810906 0.2 2.61 1.164 6.5
19810907 0 2 1.101 4.3
19810908 0 0.92 1.04 10.1
19810909 0.2 0.54 1.04 7.8
19810910 0 1.69 0.981 11.7
19810911 0 1 0.981 11.2
19810912 0 0.7 0.981 7
19810913 0 0.84 0.924 6.9
19810914 6.8 1.16 0.924 7.3
19810915 0 0.62 0.924 6.7
19810916 1.8 1.06 0.868 7.8
19810917 1.5 1.06 0.868 7.1
19810918 3.2 1.4 0.868 8.5
19810919 0 1.99 0.814 7.4
19810920 1.1 1.29 0.814 5.7
19810921 3.4 0.4 0.868 4.3
19810922 3.1 1.88 1.101 8.8
19810923 0 0.77 1.164 6.7
19810924 0 0.7 1.164 3.2
19810925 0.2 1.06 1.164 9.6
19810926 4.1 0.5 1.228 8.5
19810927 2.1 0.44 1.295 9.5
19810928 2 2.14 1.363 12.1
19810929 0 0.58 1.434 7.1
19810930 3 1.42 1.434 7.2
19811001 1.7 1.23 1.434 11.5
19811002 0.5 1.92 1.434 11.3
19811003 0 1.45 1.363 9.1
19811004 4.5 1.31 1.363 7.3
19811005 21.8 0.46 1.656 3.8
19811006 0 1.18 2.332 2.2
19811007 0 0.06 2.52 3.7
19811008 4.3 0.46 3.025 2.3
19811009 1.4 1.03 3.241 4
19811010 7.2 0.42 3.697 5.3
19811011 2.3 0.72 4.839 3.2
19811012 0.3 0.48 4.976 1.5
19811013 0 0.58 4.44 2.3
19811014 0.6 0.46 3.816 0.4
19811015 0 0.84 3.465 -1.4
19811016 0 0.53 2.92 -3.5
19811017 0.3 0.68 2.617 -1.7
19811018 0 0.64 2.332 -3.6
19811019 0.1 0.98 2.151 1.5
19811020 4.6 0.5 1.895 -0.4
19811021 0 0.33 1.813 -3.9
19811022 0 0.38 1.733 -0.6
19811023 0.1 0.82 1.656 -1.1
19811024 0 0.35 1.58 -4.5
19811025 0 0.17 1.506 -5.8
19811026 0.3 0.28 1.434 -4.8
19811027 0 0.37 1.363 -4.4
19811028 0 0.28 1.363 1.1
19811029 3.2 0.29 1.363 -0.2
19811030 8.1 0.28 1.363 -0.5
19811031 5.4 0.32 1.363 -2.4
19811101 5.9 0.3 1.363 -4.9
19811102 0 0.26 1.363 -6.3
19811103 1.1 0.35 1.295 -6.1
19811104 5.2 0.69 1.228 1.8
19811105 0 0.59 1.164 -0.2
19811106 2.7 0.69 1.164 -1.8
19811107 0.3 0.42 1.164 -2.1
19811108 0 0.67 1.164 -13.9
19811109 0 0.2 1.164 -14.3
19811110 0.1 0.13 1.101 -2.3
19811111 3.6 0.05 1.101 -2.2
19811112 0 0.38 1.101 -4.8
19811113 0 0.39 1.101 -12.8
19811114 0 0.06 1.04 -5.5
19811115 0 0.19 1.04 -5.2
19811116 1.4 0.5 0.981 -0.1
19811117 0.4 0.34 0.981 -5.3
19811118 1.9 0.56 0.924 1.3
19811119 0.3 0.69 0.924 -6.5
19811120 0 0.27 0.924 -10.5
19811121 9.3 0.27 0.981 -2.2
19811122 3.8 0.5 0.924 -4.4
19811123 4.3 0 0.924 -5.1
19811124 20.7 0.39 1.04 -4.4
19811125 2.1 0.37 1.04 -9.4
19811126 0.1 0.25 0.981 -20.3
19811127 0.6 0.05 0.981 -8.2
19811128 9.2 0.21 0.924 -5.1
19811129 3.3 0.23 0.924 -7.6
19811130 0.5 0.17 0.924 -13.1
19811201 0 0.17 0.814 -23.5
19811202 0 0.12 0.814 -20.4
19811203 0.2 0 0.814 4
19811204 0.2 0.8 0.868 -4.8
19811205 1.9 0.25 0.924 -10.2
19811206 0.3 0.22 0.924 -15.6
19811207 2.3 0.16 0.924 -20.9
19811208 0.2 0.11 0.868 -21.6
19811209 0.3 0.15 0.868 -29.9
19811210 1 0 0.814 -15.2
19811211 2.3 0.37 0.814 -31
19811212 0 0.07 0.763 -33.2
19811213 0 0.06 0.763 -27
19811214 1.3 0.1 0.713 -23.4
19811215 0 0 0.713 -10.4
19811216 0 0.3 0.664 -24.7
19811217 0.4 0.23 0.664 -20.6
19811218 0 0.13 0.618 -17.8
19811219 0.1 0.33 0.618 -32.5
19811220 0 0.02 0.618 -38.6
19811221 0 0.07 0.618 -35.7
19811222 0.3 0 0.573 -12.7
19811223 2.8 0.25 0.573 -12.2
19811224 1.5 0.26 0.573 -13.6
19811225 0.6 0.24 0.531 -23.7
19811226 0 0.11 0.531 -23.5
19811227 1.9 0 0.531 -10.7
19811228 1.1 0.23 0.531 -13.4
19811229 0.2 0.31 0.531 -28.1
19811230 1.7 0 0.531 -7.9
19811231 1.8 0.32 0.489 -8.7
19820101 3 0.38 0.489 -12.5
19820102 6.3 0.12 0.489 -14.7
19820103 0 0.34 0.489 -30.6
19820104 0 0.1 0.489 -30.2
19820105 0.3 0.04 0.45 -34
19820106 0 0.02 0.45 -38.6
19820107 0 0.02 0.45 -40.9
19820108 0 0.1 0.45 -29.9
19820109 2.9 0 0.45 -6.8
19820110 0.4 0.43 0.413 -6
19820111 1.7 0.25 0.413 -7.4
19820112 0.6 0.32 0.413 -9.2
19820113 0 0.52 0.413 -4.6
19820114 0 1.47 0.413 0.9
19820115 0 0.69 0.377 -6.5
19820116 0 0 0.377 -13.4
19820117 0 0.2 0.377 -10.1
19820118 0 0.08 0.377 -6.5
19820119 0 0.27 0.377 -9
19820120 0 0.24 0.377 -8.6
19820121 0 0.22 0.377 -7.3
19820122 0 0.23 0.377 -8
19820123 0 0.22 0.343 -8.6
19820124 0 0.22 0.343 -13.3
19820125 0 0 0.343 -8.4
19820126 7 0.26 0.343 -10.4
19820127 0.4 0.06 0.343 -7.9
19820128 1.9 0.35 0.343 -10.6
19820129 1.1 0.13 0.343 -26
19820130 1.7 0.08 0.343 -14.7
19820131 2.6 0.24 0.343 -7.4
19820201 0 0.21 0.343 -15.2
19820202 0 0.22 0.343 -8.5
19820203 0 0.24 0.343 -5.7
19820204 0.1 0.35 0.31 -12.9
19820205 0.1 0.14 0.31 -19.2
19820206 0.3 0 0.31 -11.5
19820207 8.2 0.24 0.343 -12.1
19820208 2.6 0.26 0.343 -20
19820209 6.5 0 0.343 -3.5
19820210 0.3 0.41 0.31 -8.4
19820211 0.2 0.22 0.31 -4
19820212 2.4 0.69 0.31 -1.7
19820213 0.2 0.33 0.31 1.2
19820214 0.1 0.69 0.31 0.7
19820215 0 0.45 0.31 -5.7
19820216 0 0.26 0.279 -3.4
19820217 0 0.59 0.279 -12.4
19820218 0 0.29 0.279 -18.2
19820219 0 0.46 0.279 -18.9
19820220 0 0.5 0.279 -18.5
19820221 0 0.4 0.25 -23.2
19820222 0 0.4 0.25 -21.8
19820223 0 0.29 0.25 -19.4
19820224 0 0.44 0.25 -4.8
19820225 1.2 0.44 0.25 -2.2
19820226 0 0.72 0.223 -3.4
19820227 0 0.79 0.223 -6.3
19820228 1.2 0.54 0.223 -5.6
19820301 2.7 0.29 0.223 -5.6
19820302 2.4 0.66 0.223 -1
19820303 0.3 0.69 0.223 -5.9
19820304 7.8 0.31 0.25 -6.3
19820305 2 0.44 0.25 -4.7
19820306 0.2 0.5 0.279 -8.1
19820307 0.3 0.45 0.25 -1
19820308 0 0.64 0.25 -6.2
19820309 0 0.75 0.25 -3.5
19820310 0.4 0.6 0.25 -2.6
19820311 2 0.32 0.25 -0.9
19820312 0.5 0.46 0.25 -2.6
19820313 0.9 0.51 0.25 -4.5
19820314 0 0.46 0.25 -2.3
19820315 2.4 0.46 0.25 -2.4
19820316 1 0.52 0.25 0.9
19820317 0.4 0.66 0.25 -0.7
19820318 0.2 0.62 0.25 0
19820319 0.1 0.4 0.25 -5.3
19820320 0.3 0.47 0.25 -2.7
19820321 1.1 0.5 0.25 -2.9
19820322 2 0.62 0.223 -1
19820323 0 0.54 0.223 -1.4
19820324 0.4 0.75 0.223 3.5
19820325 0 0.67 0.223 4.5
19820326 0 1.43 0.223 5
19820327 0 1.2 0.25 2.7
19820328 0 1.21 0.279 -2.2
19820329 0 0.41 0.31 -3.6
19820330 0 0.36 0.343 -5.2
19820331 0.1 0.59 0.343 3.8
19820401 0 0.95 0.343 3.7
19820402 0 0.85 0.343 1.6
19820403 0 0.87 0.377 1.6
19820404 0 1.01 0.377 -1.2
19820405 0 0.49 0.377 -0.9
19820406 0 1.18 0.377 2.4
19820407 0 0.93 0.377 -2.7
19820408 11.6 0.71 0.413 -4
19820409 0.2 0.78 0.413 -1.5
19820410 3 0.41 0.413 -3.5
19820411 7.4 0.37 0.413 -2.5
19820412 5.1 0.26 0.413 -4.8
19820413 0.1 0.63 0.413 -2.9
19820414 0.3 0.34 0.377 -3.2
19820415 1.1 0.67 0.377 -0.2
19820416 0.5 0.87 0.377 1.6
19820417 0 0.54 0.377 0.4
19820418 0.4 0.56 0.377 2.3
19820419 0.1 0.48 0.377 2.1
19820420 0.2 0.76 0.377 3.8
19820421 0 0.79 0.377 3
19820422 0 1.64 0.413 6.1
19820423 0 0.64 0.45 1.5
19820424 4.7 1.24 0.573 3.5
19820425 0 1.21 0.618 2.6
19820426 1.6 1.45 0.664 -0.9
19820427 0.4 1.15 0.713 5
19820428 0.2 1.44 0.763 0.9
19820429 0 0.73 0.814 -1.2
19820430 1.4 0.99 0.868 -2.4
19820501 0 1.31 0.814 1.1
19820502 0.1 1.32 0.814 0.3
19820503 0.2 0.99 0.814 -0.8
19820504 2.1 1.39 0.814 2.2
19820505 1.7 1.46 0.814 3.6
19820506 2.3 1.54 0.868 3.5
19820507 0.1 1.12 0.924 3.9
19820508 0 1 1.101 2.4
19820509 7.1 0.61 1.164 3.5
19820510 0.5 0.49 1.228 2.6
19820511 3.2 0.74 1.363 2.5
19820512 0.3 0.86 1.506 3.1
19820513 0.1 1.25 1.813 1.5
19820514 0 1.04 2.064 3
19820515 0 0.67 2.332 5.2
19820516 0 0.68 2.92 7.7
19820517 0 1.36 4.059 9
19820518 0 1.64 5.691 6.7
19820519 0 1.48 7.619 4.6
19820520 0.8 1.11 8.511 5.2
19820521 0.3 1.12 9.072 5.9
19820522 0 1.53 10.048 7.6
19820523 0.4 1.14 11.505 6
19820524 0.3 0.66 12.161 6.6
19820525 3.1 1.52 14.247 8.7
19820526 0.1 2.29 18.669 8.9
19820527 0 2.55 20.382 10.5
19820528 2.5 1.03 20.091 4.9
19820529 13.7 1.21 19.515 6.4
19820530 1.4 2.46 16.771 13.5
19820531 0 2.13 23.102 13.7
19820601 0 2.1 21.569 13.5
19820602 0 1.61 20.091 14.2
19820603 0 1.63 18.949 16.2
19820604 0 1.83 14.489 17.4
19820605 0 2.23 12.384 9
19820606 2.6 1.93 11.29 4.6
19820607 0 1.25 8.696 5.4
19820608 0.2 1.67 6.944 4.5
19820609 0 1.25 6.146 2.1
19820610 0 1.68 5.399 3.6
19820611 1.5 1.32 4.704 2.9
19820612 0.2 1.59 3.465 3.6
19820613 1 0.71 3.352 3.7
19820614 2 1.1 3.241 3.4
19820615 0 1.26 3.025 4.9
19820616 0 1.11 2.817 5.1
19820617 0 1.22 2.617 3.9
19820618 0 1.67 2.425 6.4
19820619 0 1.84 2.332 6.5
19820620 0 1.78 2.332 4.5
19820621 0 1.05 2.241 4.4
19820622 0.1 1.28 2.151 5.1
19820623 0 1.28 2.064 7.2
19820624 0 1.35 1.978 6.1
19820625 0 0.68 1.895 7
19820626 0.8 1.51 1.895 11.1
19820627 0 1.97 1.978 12
19820628 0 1.87 2.151 11.6
19820629 0 2.38 2.241 12.5
19820630 0 1.67 2.241 10.8
19820701 0.1 1 2.241 10.5
19820702 1.4 1.71 2.151 11.7
19820703 1 1.08 2.151 9.8
19820704 21.6 0.78 3.025 7.4
19820705 3.4 1.25 5.399 8
19820706 0.6 1.11 5.256 9.1
19820707 0.5 1.66 4.44 10.8
19820708 0 1.13 3.816 11.7
19820709 0.1 1.26 3.241 11.7
19820710 0 4.28 2.92 18.8
19820711 0 1.79 2.52 14.7
19820712 0 2.09 2.332 11.7
19820713 0 2.58 2.151 13.4
19820714 0 2.58 1.895 16.7
19820715 0 2.76 1.813 18.4
19820716 4.6 2.79 1.656 19.7
19820717 0.7 2.77 1.58 16.6
19820718 0 1.82 1.506 12.1
19820719 0 1.49 1.363 13.7
19820720 0 1.8 1.295 12.2
19820721 0 1.3 1.164 8.3
19820722 0 1.45 1.101 11
19820723 0 1.18 1.04 10.9
19820724 0 2.07 0.981 15.8
19820725 0 1.21 0.924 12.3
19820726 2.6 1.35 0.924 8
19820727 0 1.16 0.924 10.2
19820728 0 1.2 0.868 13.9
19820729 0 1.82 0.814 16.8
19820730 0 1.71 0.814 15.7
19820731 0 2.18 0.763 17.6
19820801 0 2 0.713 19.3
19820802 2 2.12 0.664 19.3
19820803 0 1.3 0.573 18.5
19820804 0 1.97 0.531 18.9
19820805 0.8 0.89 0.531 17
19820806 4.3 0.96 0.531 15.1
19820807 1.2 0.76 0.531 15.6
19820808 0 1.64 0.489 15.1
19820809 2.8 1.49 0.489 11.6
19820810 1.3 1.13 0.531 8.5
19820811 0.5 1.32 0.531 9.5
19820812 0 2.04 0.531 11.9
19820813 4 1.63 0.489 9.8
19820814 0 0.93 0.489 8.4
19820815 2.2 1.4 0.489 8.7
19820816 0 1.21 0.489 10.4
19820817 0.1 1.56 0.45 10.2
19820818 13.5 1.19 0.489 10.7
19820819 5.9 0.96 0.573 11.2
19820820 3.7 0.68 0.713 7.5
19820821 0 1.22 0.763 9.5
19820822 0.2 0.66 0.763 7.4
19820823 0.4 0.95 0.763 8.2
19820824 1.1 0.81 0.713 9.3
19820825 2.1 0.74 0.713 9.6
19820826 6.7 1.94 0.713 9.8
19820827 0 2.33 0.763 10.2
19820828 0 1.49 0.713 8.1
19820829 0.3 1.49 0.713 7.4
19820830 1 1.31 0.713 10.4
19820831 1.2 0.67 0.713 10.9
19820901 15.2 0.79 0.814 7
19820902 2.1 0.85 1.04 4.2
19820903 2.1 1.48 1.228 4.7
19820904 0 0.81 1.228 2.4
19820905 0.1 1.9 1.164 4.4
19820906 0 1.4 1.101 4.7
19820907 0 1.24 1.101 3.2
19820908 12.8 0.52 1.164 7.3
19820909 1.2 1.31 1.434 6
19820910 0.2 1.17 1.506 9.2
19820911 1.1 2.67 1.434 8.3
19820912 0 1.33 1.363 6.6
19820913 6.3 0.89 1.363 6
19820914 4.8 0.45 1.434 7.3
19820915 0.3 1.54 1.506 13.8
19820916 0.4 0.96 1.506 6.4
19820917 0 1.56 1.434 8.8
19820918 0 1.38 1.363 11.3
19820919 0 0.88 1.295 6
19820920 2.3 0.35 1.295 7.1
19820921 5.2 2.95 1.363 10.3
19820922 0.3 1.21 1.363 4.7
19820923 0 1.53 1.363 3.3
19820924 4.3 0.28 1.295 4.3
19820925 1.8 0.72 1.295 3.9
19820926 0.3 1.48 1.228 9.5
19820927 0.1 1.96 1.228 9.9
19820928 0 1.36 1.295 8
19820929 0.3 1.26 1.295 8.6
19820930 4.3 0.89 1.295 10
19821001 12.2 0.88 1.506 7.4
19821002 0.2 0.77 1.656 9.2
19821003 0 1.29 1.733 9.2
19821004 0 1.65 1.656 9.1
19821005 0 1.01 1.58 3.2
19821006 0 0.45 1.434 2.6
19821007 0.1 0.68 1.363 2.1
19821008 2.3 0.74 1.295 0.9
19821009 0 0.77 1.228 1.2
19821010 0 0.92 1.228 3.5
19821011 0 0.49 1.164 1.6
19821012 0 0.8 1.101 0.8
19821013 0 0.6 1.101 0.5
19821014 1 0.55 1.04 0.9
19821015 4.4 0.35 1.04 -0.2
19821016 0.6 0.41 1.04 -2.3
19821017 0 0.38 0.981 -3.9
19821018 0 0.74 0.924 -2.7
19821019 0 0.9 0.924 -0.6
19821020 6.9 0.32 0.868 0.4
19821021 0 0.53 0.868 0.1
19821022 0.5 0.25 0.868 -3.3
19821023 8.3 0.27 0.924 3.9
19821024 0.6 0.67 1.101 -0.7
19821025 0 0.57 1.228 0.2
19821026 0 0.52 1.228 -3.2
19821027 3.5 0.94 1.164 2.8
19821028 0 0.62 1.101 2
19821029 0 0.9 1.101 2.2
19821030 0 0.58 1.04 3.3
19821031 0 0.49 1.04 -3
19821101 0 0.07 1.04 1.8
19821102 4.9 0.99 1.04 2.6
19821103 0 0.49 1.101 0.5
19821104 0.2 0.87 1.04 -3.5
19821105 0.1 0.32 0.981 -11.6
19821106 0 0.23 0.924 -11.4
19821107 0 0.29 0.868 -14.4
19821108 0 0.36 0.814 -7.4
19821109 4.9 0.24 0.763 1.2
19821110 1.2 0.51 0.763 3.2
19821111 1.7 1.35 0.763 4.2
19821112 0 0.3 0.763 0.9
19821113 10.3 0.68 0.924 1.8
19821114 4.2 0.58 1.101 -7.6
19821115 0 0.21 1.164 -7.2
19821116 0 0.11 1.101 -2.5
19821117 4.2 0.43 1.04 -5.2
19821118 0.5 0.47 0.981 -11.7
19821119 2.8 0 0.924 -4.4
19821120 0.5 0.3 0.924 -4.4
19821121 0 0.35 0.868 -6.6
19821122 7.2 0.62 0.868 0.2
19821123 0 1.17 0.814 1.8
19821124 0.8 0.56 0.814 -3.8
19821125 4.2 0.34 0.763 -7.7
19821126 6.4 0.15 0.763 -3.6
19821127 0 0.36 0.763 -8.3
19821128 2.1 0.12 0.713 -11.2
19821129 1.5 0.27 0.713 -4.1
19821130 0 0.13 0.713 -5.8
19821201 0 0.4 0.664 0.8
19821202 0 0.58 0.664 -10.4
19821203 0 0.2 0.664 -13.9
19821204 0 0.12 0.618 -16.2
19821205 0 0.14 0.618 -7.6
19821206 0 0.25 0.618 -4.5
19821207 2.8 0.42 0.618 -6
19821208 0.1 0.3 0.618 -18.7
19821209 0.3 0.2 0.573 -9.1
19821210 0.2 0 0.573 -3.7
19821211 1.8 0.32 0.573 -6
19821212 0 0.21 0.531 -8.3
19821213 0.6 0.35 0.531 -10.3
19821214 0 0.24 0.531 -25
19821215 5.6 0 0.531 -2.4
19821216 2.9 0.32 0.531 -4
19821217 1.4 0.34 0.531 -10.8
19821218 0 0.23 0.489 -11
19821219 0.6 0.3 0.489 -16.4
19821220 8.7 0.11 0.489 -2.3
19821221 3.6 0.33 0.489 -0.5
19821222 10.2 0.28 0.489 -1.8
19821223 0.5 0.27 0.45 -7.9
19821224 0.7 0.03 0.45 -4
19821225 0 0.43 0.45 -7.9
19821226 0.5 0.86 0.45 -0.9
19821227 0 0.59 0.45 -5.6
19821228 0 0.09 0.45 -3.4
19821229 0 0.28 0.45 -5.3
19821230 1.1 0.53 0.45 -11.6
19821231 1.1 0.05 0.45 -8.9
19830101 0.1 0.53 0.45 -5
19830102 3.9 0.48 0.413 -7.9
19830103 0 0.1 0.413 -10.9
19830104 2.2 0.51 0.413 -0.1
19830105 0.7 0.4 0.413 -7.8
19830106 0.9 0.33 0.413 -0.6
19830107 0.1 0.55 0.377 -1.2
19830108 0 0.52 0.377 -7.5
19830109 0 0.37 0.377 -3
19830110 0 0.52 0.377 -1.5
19830111 0.5 0.23 0.377 0.4
19830112 0 0.67 0.377 -0.4
19830113 0.2 0.44 0.377 -7.7
19830114 2.4 0.44 0.377 -5.5
19830115 0.1 0.4 0.343 -18.5
19830116 0.4 0.03 0.343 -16.8
19830117 0.3 0.14 0.343 -19.2
19830118 5.4 0.07 0.343 -10.4
19830119 2.3 0.07 0.343 -7.1
19830120 2.6 0.21 0.343 -6.3
19830121 4.7 0.86 0.343 -3.5
19830122 3.1 0.4 0.31 -2.2
19830123 0.2 0.36 0.31 3.1
19830124 0 0.5 0.31 -6.7
19830125 0 0.55 0.31 -1.8
19830126 0.9 0.43 0.31 -1.9
19830127 0.3 0.64 0.31 1.8
19830128 0.1 0.64 0.31 -7.1
19830129 0 0.18 0.31 -17
19830130 2.4 0.13 0.31 -10.8
19830131 0.1 0.16 0.31 -16.3
19830201 0.9 0.14 0.279 -18.1
19830202 0 0.14 0.279 -17.9
19830203 3.3 0 0.279 -5.8
19830204 4 0.25 0.279 -8.8
19830205 1.3 0 0.279 -6.8
19830206 2.6 0.31 0.279 -6.6
19830207 0.3 0.21 0.279 -15.2
19830208 0 0.16 0.279 -27.4
19830209 0.2 0.12 0.279 -14
19830210 0.1 0.23 0.279 -9.5
19830211 0.5 0.44 0.279 -9.5
19830212 1 0.14 0.279 -10.1
19830213 0.1 0.3 0.279 -3.4
19830214 0 0.25 0.279 -2.1
19830215 0 0.35 0.279 -0.5
19830216 0 0.47 0.25 -5.3
19830217 0 0.16 0.25 -7.2
19830218 0 0.46 0.25 -1.1
19830219 0 0.61 0.25 -5.1
19830220 3 0.39 0.25 -8.1
19830221 0.4 0.34 0.25 -5.4
19830222 0.2 0.57 0.25 -1
19830223 0 0.65 0.25 -14.5
19830224 0 0.29 0.25 -13.6
19830225 0 0.58 0.25 -11.1
19830226 0 0.23 0.25 -12.8
19830227 0 0.25 0.25 -6.9
19830228 0 0.59 0.25 -7.5
19830301 0 0.32 0.25 -8.4
19830302 0 0.49 0.25 -7.6
19830303 0 0.3 0.25 -7.6
19830304 0 0.56 0.25 -1.7
19830305 0.6 1.02 0.25 -6
19830306 0.2 0.28 0.25 -7.1
19830307 7.7 0.67 0.25 -6.7
19830308 1.2 0.32 0.25 -3.8
19830309 4.1 0.37 0.25 -0.3
19830310 2 0.53 0.25 -5.2
19830311 2.5 0.4 0.25 -4.6
19830312 0.3 0.25 0.25 -8.9
19830313 0.1 0.38 0.25 0
19830314 0.7 0.57 0.25 0.7
19830315 0.4 0.39 0.25 0.5
19830316 0.2 0.47 0.25 -1.3
19830317 0 0.44 0.25 0.4
19830318 1.1 0.47 0.25 0.8
19830319 0 0.46 0.25 -3.7
19830320 0.1 0.4 0.25 -3.9
19830321 4.9 0.66 0.25 -3.1
19830322 2.9 0.43 0.25 -2.8
19830323 0.2 0.43 0.25 -3.6
19830324 0.2 0.54 0.25 -2.4
19830325 0 0.4 0.25 -7.5
19830326 0.6 0.55 0.223 -4.3
19830327 0 0.51 0.223 -9.1
19830328 0.5 0.41 0.223 -7.5
19830329 0.3 0.48 0.223 -4.3
19830330 0.6 0.53 0.223 -3.3
19830331 1.5 0.55 0.223 -1.1
19830401 0.3 0.47 0.223 -4.2
19830402 0 0.45 0.223 -9.7
19830403 0 0.24 0.223 -6.9
19830404 1.6 0.34 0.223 -1.8
19830405 3.1 0.84 0.223 -1.8
19830406 3.1 0.46 0.223 0
19830407 1.1 0.48 0.223 -0.8
19830408 3.5 0.62 0.223 0.1
19830409 3.1 0.38 0.223 0
19830410 0.6 0.91 0.223 -0.8
19830411 0 0.55 0.223 -3.7
19830412 0 0.54 0.223 -1.4
19830413 0 0.62 0.223 -4.3
19830414 0.1 0.62 0.223 -2.3
19830415 0.3 0.42 0.223 1.2
19830416 0 0.63 0.223 2.6
19830417 0 1.28 0.223 4
19830418 3.2 0.46 0.25 3.5
19830419 1.1 0.59 0.31 3.1
19830420 0 0.83 0.377 2.6
19830421 0.6 1.25 0.45 3.6
19830422 1.2 0.73 0.573 4.2
19830423 9.4 0.54 0.868 2.7
19830424 0 0.46 1.101 4.6
19830425 0 0.4 1.434 3.4
19830426 0 0.45 1.895 2.6
19830427 0 0.72 2.332 5.5
19830428 0 0.75 2.817 3.9
19830429 0.2 0.86 3.465 3.3
19830430 0.1 0.47 4.44 4.8
19830501 2.9 0.56 5.841 3.8
19830502 0.3 0.62 8.329 3.3
19830503 0.8 0.69 9.849 5.1
19830504 0 0.84 10.454 4
19830505 0 0.82 10.659 4.9
19830506 0 1.35 10.867 5.2
19830507 0 2.05 11.078 7.2
19830508 0 2.24 12.161 7.6
19830509 0 2.01 13.066 6.5
19830510 1.4 0.91 14.006 5.9
19830511 1.9 1.1 14.006 6.6
19830512 3.3 0.73 13.768 6.3
19830513 4.6 0.47 14.489 4.8
19830514 4.5 1.52 14.489 7.5
19830515 0.8 1.12 13.532 8.5
19830516 0.3 0.84 12.837 4.7
19830517 8.1 0.62 12.609 8.3
19830518 4.1 0.73 14.006 9
19830519 17.5 1.81 20.971 8
19830520 2.2 1.83 26.004 8.5
19830521 10.7 1.55 18.116 7.4
19830522 5.3 1.01 14.489 7.6
19830523 2.7 2.25 14.247 6.9
19830524 0 1.36 11.721 6.5
19830525 0 1.07 9.072 8.5
19830526 4.6 0.71 7.447 7.2
19830527 3 1.1 6.944 9.8
19830528 2.2 0.69 6.618 7.7
19830529 8.5 0.57 9.072 8.3
19830530 5.5 0.92 9.456 9.8
19830531 0.5 0.98 9.072 6.8
19830601 2.5 0.57 7.97 6.8
19830602 9.3 0.34 7.794 5.5
19830603 6.1 0.91 7.447 4.7
19830604 2.7 0.71 6.944 4
19830605 1.6 1.32 6.146 4.7
19830606 0 1.38 5.256 5.7
19830607 0 1.16 4.571 8.5
19830608 0 1.5 4.184 10.4
19830609 0 2.73 3.816 11.9
19830610 0.1 1.7 3.816 8.2
19830611 0 0.86 3.697 7.3
19830612 1.8 1.78 3.465 12.6
19830613 0.1 2.52 3.352 11.8
19830614 0 2.22 3.025 10.3
19830615 0 2.39 2.817 11.7
19830616 0 1.61 2.52 6.5
19830617 0.2 1.83 2.332 6.8
19830618 0 0.73 2.151 7.5
19830619 0.7 0.9 2.064 11.4
19830620 1.5 0.95 1.978 10.6
19830621 0.2 2.11 1.978 10.1
19830622 0 1.89 1.895 13.1
19830623 0 2.15 1.733 11.2
19830624 2 1.28 1.656 8.1
19830625 0 1.81 1.58 9.5
19830626 1.4 1.42 1.58 9.5
19830627 3 0.6 1.506 6.7
19830628 0.8 0.6 1.506 6.5
19830629 0.8 1.24 1.434 9.7
19830630 0.9 1.59 1.434 10.8
19830701 0 1.14 1.363 11.2
19830702 4.7 1.97 1.363 11.6
19830703 6.7 1.15 1.363 9.1
19830704 2.7 1.54 1.434 10.4
19830705 0 1.69 1.434 11
19830706 0 2.36 1.434 16.9
19830707 0 2.15 1.295 17.8
19830708 0.6 1.73 1.228 17.4
19830709 3.6 1.93 1.164 18.8
19830710 0.5 1.52 1.101 19.2
19830711 0.4 1.26 1.04 18.8
19830712 6.7 1.69 0.981 13.5
19830713 0 1.84 0.924 8.8
19830714 0.5 1.4 0.868 12.6
19830715 0.6 1.15 0.814 10.7
19830716 3.4 1.89 0.868 8.1
19830717 1.2 1.87 0.924 12.6
19830718 0 1.15 0.924 11.1
19830719 4.4 1.25 0.924 5.4
19830720 0 0.75 0.981 4.9
19830721 0.2 0.73 0.981 5.7
19830722 0.2 0.51 0.924 11
19830723 0.9 1.39 0.924 14.6
19830724 0 0.88 0.924 16.4
19830725 0 0.62 0.868 18.5
19830726 0 1.68 0.814 18.2
19830727 0.1 1.99 0.763 16.8
19830728 1 2.71 0.763 10
19830729 0.1 0.49 0.713 8.3
19830730 7.1 1.91 0.713 9.6
19830731 0.2 1.88 0.713 12.2
19830801 0.3 0.85 0.713 12.2
19830802 21.4 0.64 0.981 11.1
19830803 6.6 2 1.656 9.6
19830804 0 1.87 1.895 13.2
19830805 0.1 0.89 1.813 11.9
19830806 0 1.59 1.656 12.6
19830807 0 0.91 1.506 12.3
19830808 0 1.92 1.363 16.3
19830809 0 1.53 1.228 15.8
19830810 0 1.33 1.101 12.7
19830811 0 0.72 0.981 10.8
19830812 2.8 1.21 0.981 7.9
19830813 0 1.02 0.924 6.1
19830814 0.4 0.7 0.924 6.8
19830815 0.5 0.96 0.868 10.6
19830816 4.3 0.91 0.868 8.1
19830817 3.4 0.81 0.868 6.9
19830818 0.2 0.87 0.868 7.1
19830819 0 1.36 0.814 11.3
19830820 0 0.62 0.814 10.4
19830821 0 1.73 0.763 14.7
19830822 0 1.61 0.713 11
19830823 5.8 1.16 0.713 9.7
19830824 0 1.34 0.713 6.5
19830825 0 1.18 0.664 8
19830826 0 0.79 0.664 12.7
19830827 0 2.54 0.618 13.2
19830828 0.1 2.9 0.618 7.9
19830829 0 1.11 0.573 9.4
19830830 0.2 1.62 0.573 9
19830831 0.5 0.64 0.573 9.5
19830901 0.5 1.32 0.573 11.4
19830902 0 1.68 0.531 14.6
19830903 0.8 1.68 0.531 14.1
19830904 1 0.74 0.531 11.8
19830905 17.5 0.79 0.573 10.2
19830906 11.8 1.18 0.713 4.9
19830907 9 0.62 1.04 6.6
19830908 11.4 0.8 1.363 3.7
19830909 4 0.6 1.656 4.8
19830910 3.3 0.18 1.813 7.7
19830911 10 0.44 2.617 8.3
19830912 11.3 0.49 4.44 9.3
19830913 2.1 0.55 5.691 8.1
19830914 10.4 0.48 6.301 8.2
19830915 2 0.67 6.301 8.6
19830916 7.5 1.09 5.841 10
19830917 0.3 0.63 6.146 8.9
19830918 0.6 2.24 5.256 11
19830919 3.6 1.36 4.571 6.9
19830920 0.2 2.9 3.936 9.9
19830921 0 1.24 3.465 5.9
19830922 0.7 0.95 3.025 2.8
19830923 1.1 0.67 2.617 5.3
19830924 8.9 0.51 2.52 2.8
19830925 1.2 0.94 2.716 3.4
19830926 2.1 0.76 2.716 6.5
19830927 1.9 1.82 2.617 5.8
19830928 1.2 0.64 2.52 -0.1
19830929 1.9 0.59 2.332 0.7
19830930 0.5 0.71 2.241 0.3
19831001 0.3 0.52 2.064 0
19831002 2.1 0.41 1.978 2.1
19831003 2.8 0.45 1.895 4.8
19831004 11.6 0.52 2.064 6.9
19831005 5 0.59 2.617 8.3
19831006 0 0.82 3.352 1.9
19831007 0 0.71 3.352 2.2
19831008 0.1 0.46 3.132 0.7
19831009 0.8 0.28 2.817 1.1
19831010 0.1 0.37 2.617 0.3
19831011 0.7 0.4 2.425 -1
19831012 0 0.47 2.241 0.5
19831013 2.5 0.28 2.151 2.5
19831014 4.9 0.76 2.241 5.1
19831015 0 0.99 2.617 4.8
19831016 2.3 0.94 2.817 6.5
19831017 8.1 0.7 3.816 4.1
19831018 1.8 0.69 4.704 1.7
19831019 4.5 0.36 4.571 1.6
19831020 0.4 0.62 4.059 0.7
19831021 1.7 0.78 3.58 1
19831022 0 0.63 3.241 3.8
19831023 0 1.14 3.025 4.7
19831024 0.5 0.98 2.817 -2.8
19831025 0.1 0.36 2.617 -1.3
19831026 6.3 0.38 2.52 3.9
19831027 0 1.14 2.617 2.9
19831028 0.8 0.71 2.716 -3
19831029 0.1 0.77 2.52 0.6
19831030 0.6 1.67 2.332 5.1
19831031 0.1 0.75 2.241 1.8
19831101 1.8 0.69 2.151 1.5
19831102 2.1 0.36 2.064 -1.7
19831103 2.7 0.37 1.895 0.1
19831104 0.7 0.42 1.813 -1.6
19831105 0 0.39 1.813 -3.2
19831106 3.2 0.41 1.733 0.3
19831107 0.1 0.36 1.733 4.3
19831108 0 0.59 1.733 2.9
19831109 1.7 0.51 1.813 -1.6
19831110 0 0.26 1.813 -1.2
19831111 0.1 0.38 1.733 -2.4
19831112 0.6 0.32 1.58 -3.3
19831113 0 0.43 1.506 -1.6
19831114 1.3 0.63 1.506 1.2
19831115 1.4 0.5 1.434 -1
19831116 2.2 0.3 1.434 -2.3
19831117 0.4 0.34 1.363 -3
19831118 0.1 0.51 1.295 -1.9
19831119 0.6 0.45 1.295 -1.2
19831120 0.1 0.33 1.228 -4.6
19831121 4.8 0.32 1.228 -6.4
19831122 3.8 0.19 1.164 -8.7
19831123 1.7 0.29 1.164 -7.2
19831124 0.3 0.53 1.164 -1.4
19831125 0 0.56 1.101 2.2
19831126 0 0.47 1.101 -3.1
19831127 0 0.41 1.101 -15.8
19831128 0.1 0.23 1.04 -24.7
19831129 1.9 0 0.981 -9.3
19831130 2.6 0.19 0.981 -14
19831201 0 0.14 0.924 -11.6
19831202 1.3 0.17 0.924 -3.2
19831203 0.7 0.44 0.868 -4
19831204 0.1 0.48 0.868 0
19831205 2.3 0.21 0.868 -4.1
19831206 1.5 0.41 0.868 -4.3
19831207 0.9 0.36 0.814 -4.8
19831208 1.3 0.19 0.814 -0.4
19831209 1.4 0.56 0.814 -11.3
19831210 0.9 0.22 0.814 -22.1
19831211 0.5 0.06 0.763 -13
19831212 0 0.15 0.763 -9.3
19831213 0 0.4 0.713 -13.2
19831214 0.6 0 0.713 2.4
19831215 0.2 0.78 0.713 1.2
19831216 0.5 0.53 0.664 -1.2
19831217 0 0.49 0.664 -7.4
19831218 0 0.23 0.664 -18.2
19831219 0.2 0.09 0.664 -15.7
19831220 0.3 0.22 0.618 -8.3
19831221 0.6 0.28 0.618 -6.4
19831222 0.6 0.22 0.618 -6.5
19831223 0.2 0.05 0.618 -1.7
19831224 2.2 0.18 0.573 -9.3
19831225 0.3 0.3 0.573 -12.8
19831226 1 0.35 0.573 -5.9
19831227 0.3 0.45 0.573 -1.6
19831228 0.2 0.51 0.573 -2.7
19831229 1.5 0.25 0.573 -1.8
19831230 1.8 0.53 0.573 -2.5
19831231 3.8 0.33 0.573 -5.7
19840101 4.7 0.51 0.573 -4.7
19840102 0.1 0.42 0.573 -5.8
19840103 3.2 0.1 0.573 -6.5
19840104 4.9 0.26 0.573 -4.5
19840105 0.6 0.42 0.573 -7.9
19840106 1.4 0.32 0.531 -17.7
19840107 0 0.12 0.531 -20.7
19840108 0.1 0.18 0.531 -19.8
19840109 0 0.1 0.531 -32.7
19840110 0 0.06 0.531 -12.1
19840111 0.7 0.26 0.531 -6.9
19840112 3.9 0 0.489 -1.2
19840113 2.7 1.07 0.489 -3.9
19840114 5 0.95 0.489 -4.3
19840115 0 0.4 0.489 -22.3
19840116 0 0.15 0.489 -20.9
19840117 0 0.15 0.45 -25.7
19840118 1.7 0 0.45 -8.8
19840119 1 0.43 0.45 -16.7
19840120 0.1 0.15 0.45 -11.6
19840121 0 0.22 0.45 -25.4
19840122 0 0.08 0.413 -28.4
19840123 0.1 0.11 0.413 -25.1
19840124 0 0.06 0.413 -32.1
19840125 0 0.06 0.413 -37
19840126 0 0.06 0.413 -37
19840127 0.2 0.08 0.377 -31.2
19840128 0.1 0 0.377 -13.8
19840129 1.3 0.22 0.377 -6.6
19840130 1.8 0.33 0.377 -6.4
19840131 3 0.25 0.377 -3.7
19840201 0.3 0.38 0.343 -3.5
19840202 1.2 0.69 0.343 -3.4
19840203 0 0.42 0.343 -4.2
19840204 2.5 0.45 0.343 -3
19840205 3.8 0.78 0.343 -1.7
19840206 0.6 0.54 0.343 -3.9
19840207 2.4 0.52 0.343 -6.2
19840208 1.1 0.34 0.343 -13.7
19840209 0.3 0 0.343 -5
19840210 1.3 0.24 0.343 -5.3
19840211 1.4 0.48 0.343 -1.8
19840212 0.1 0.31 0.343 -4.7
19840213 0 0.29 0.343 -10.9
19840214 0 0.24 0.31 -14.8
19840215 0 0.38 0.31 -8.5
19840216 1.9 0.53 0.31 -6.8
19840217 0.4 0.4 0.31 -7.6
19840218 2.2 0.24 0.31 -5.3
19840219 0 0.43 0.31 -12.1
19840220 0.6 0.13 0.31 -14.8
19840221 0.7 0.27 0.279 -7.8
19840222 0.6 0.41 0.279 -9.6
19840223 0 0.29 0.279 -21.5
19840224 0.1 0.24 0.279 -15.9
19840225 1.9 0.15 0.279 -4.9
19840226 1 0.31 0.279 -2.1
19840227 0 0.42 0.279 -6.9
19840228 0 0.39 0.279 -1.6
19840229 0 0.89 0.279 -2.9
19840301 0 0.41 0.279 -6.9
19840302 0 0.31 0.279 -9.7
19840303 0.1 0.37 0.279 -9
19840304 0.3 0.26 0.25 -6
19840305 0.2 0.38 0.25 -3.2
19840306 0.5 0.2 0.279 -3.3
19840307 0.6 0.24 0.279 -3.9
19840308 5.2 0.49 0.279 -4.1
19840309 0.6 0.15 0.279 -0.9
19840310 4.7 1.25 0.279 -5.1
19840311 1.3 0.62 0.279 -5.5
19840312 0.4 0.54 0.279 -6.5
19840313 0 0.7 0.279 -9.3
19840314 0 0.75 0.279 -11.5
19840315 0 0.48 0.279 -6.9
19840316 0 0.63 0.279 -13.9
19840317 0 0.61 0.25 -12.8
19840318 0 0.53 0.25 -13.7
19840319 0 0.2 0.25 -14.2
19840320 0 0.23 0.25 -12.1
19840321 0 0.87 0.25 -10.2
19840322 0 0.46 0.25 -7.6
19840323 2.6 0.63 0.25 -6.8
19840324 0.3 0.31 0.25 -12.2
19840325 0.1 0.72 0.25 -9
19840326 0.1 0.63 0.25 -7.9
19840327 0.2 0.41 0.25 -6.7
19840328 0 0.35 0.25 -10
19840329 1 0.15 0.25 -7.9
19840330 5 0.34 0.25 -6
19840331 1.5 0.69 0.25 -3.7
19840401 0.2 0.48 0.25 -2.1
19840402 0 0.38 0.25 -2.2
19840403 0 0.26 0.25 -9.7
19840404 0.5 0.5 0.25 -2.1
19840405 1.5 0.44 0.25 0.8
19840406 0.5 0.71 0.25 2.9
19840407 0 0.43 0.25 4
19840408 0 0.53 0.25 3.8
19840409 0 0.47 0.25 4.4
19840410 0 1.14 0.279 3.7
19840411 0.1 1.4 0.31 0.6
19840412 0.1 0.85 0.377 2.1
19840413 0.1 1.1 0.413 2.1
19840414 0.6 1.04 0.413 2.4
19840415 0.1 1.32 0.45 3.6
19840416 0.8 1.69 0.489 0.9
19840417 0.1 1.2 0.489 -1.2
19840418 0.1 0.76 0.489 -0.8
19840419 0.1 0.25 0.489 -2.2
19840420 4.2 0.71 0.489 3
19840421 0 0.55 0.489 3.9
19840422 0 1.86 0.531 3.3
19840423 0 0.88 0.618 4.1
19840424 0 0.82 0.713 5.2
19840425 0.2 0.81 0.868 4.5
19840426 0.1 0.93 1.228 3.5
19840427 0 0.51 1.733 2.8
19840428 0 1.3 2.151 7.2
19840429 0 0.99 3.132 7.8
19840430 0 1.44 4.184 8.4
19840501 0.1 1.57 7.619 8.6
19840502 0 1.43 11.94 7.4
19840503 0.5 0.93 15.735 4.7
19840504 3.8 0.47 15.23 5.3
19840505 0.2 0.66 13.066 2.3
19840506 3.1 1.39 11.078 1.9
19840507 0.4 0.77 8.883 -0.5
19840508 0.3 0.94 6.78 -1.3
19840509 0.6 0.67 5.399 -1.6
19840510 0.3 0.64 4.311 -1.4
19840511 0 1.15 3.465 2.3
19840512 0 0.99 3.025 4.6
19840513 0 1.5 2.716 5.9
19840514 0 1.69 2.817 9
19840515 0 1.78 3.936 9.2
19840516 9.4 0.76 6.618 8.2
19840517 4.4 0.99 13.768 10.3
19840518 0.1 0.79 15.481 11.4
19840519 0 3.06 15.23 9.6
19840520 0 1.32 12.609 9.9
19840521 0 1.63 9.849 12
19840522 0 1.17 8.883 13.1
19840523 0 0.87 8.329 13.4
19840524 0.8 1.27 7.447 12.4
19840525 0.7 1.32 6.944 11.6
19840526 2.9 0.55 6.618 10.6
19840527 23.7 0.38 12.384 13.3
19840528 13.4 1 16.771 14.3
19840529 3.4 2.14 14.734 13.7
19840530 0 1.2 11.29 12.9
19840531 0 1.17 8.511 14
19840601 0 1.47 6.618 14.4
19840602 0.5 1.65 5.691 12.6
19840603 23.1 2.49 7.109 11.7
19840604 0.7 0.89 8.883 14.3
19840605 0 1.27 7.277 13.9
19840606 0 1.3 5.691 14.4
19840607 0 2.22 4.704 12.7
19840608 0.1 3.49 3.936 5.1
19840609 0.9 0.85 3.352 2.8
19840610 0.8 1.14 3.025 2.3
19840611 0.7 1.56 2.716 5.9
19840612 0 0.6 2.425 7.1
19840613 4.1 0.5 2.332 8.5
19840614 5 0.8 2.52 8.6
19840615 2.6 0.83 2.617 9.3
19840616 0 0.89 2.52 9.4
19840617 0.2 0.66 2.332 10.1
19840618 0.4 1.48 2.241 13.5
19840619 0.2 1.72 2.151 10.9
19840620 3.7 1.15 2.064 9.2
19840621 0 0.62 2.151 9
19840622 23.3 1.02 3.58 6
19840623 1.4 1.22 4.44 7.6
19840624 1.8 1.56 4.311 6.1
19840625 8.6 0.48 4.059 4.5
19840626 3.3 0.74 4.184 7.2
19840627 0.9 1.2 4.184 7.1
19840628 6.4 0.94 4.184 6.6
19840629 2.9 1.05 4.44 7.2
19840630 0.2 1.1 4.184 7.1
19840701 0 0.94 3.697 4.9
19840702 0 0.67 3.241 5.4
19840703 0.5 0.62 2.92 7.3
19840704 0.3 1.22 2.332 6.7
19840705 0.2 1.09 2.425 5.9
19840706 0 1.97 2.241 11.7
19840707 0.5 1.08 2.064 11.3
19840708 0.2 1.11 1.895 15.9
19840709 0 2.01 1.813 15.7
19840710 0 2.74 1.656 16.2
19840711 0 1.25 1.506 16
19840712 1 0.99 1.506 13.9
19840713 10.6 0.62 1.733 11.9
19840714 2.5 1.04 1.978 12.5
19840715 4.4 1.88 2.064 14.1
19840716 12.9 1.97 2.241 12
19840717 0.2 1.47 2.425 11.4
19840718 0 0.96 2.332 8.6
19840719 0 0.91 2.151 9.2
19840720 0 1.23 1.978 9.5
19840721 0 0.85 1.813 9.3
19840722 0.1 0.95 1.656 9.1
19840723 1 1.05 1.58 9.1
19840724 1.2 0.51 1.506 9.3
19840725 0.2 0.63 1.506 10.5
19840726 3 1.33 1.506 8.6
19840727 1 1.41 1.434 8.3
19840728 0.1 0.86 1.363 8.6
19840729 5.3 0.86 1.434 10.2
19840730 0.8 1.1 1.434 12.6
19840731 0 1.83 1.434 14.9
19840801 1.3 0.97 1.363 16.8
19840802 8.1 0.67 1.363 12.7
19840803 2.3 1.54 1.895 15.5
19840804 0.1 1.35 2.151 15
19840805 6.3 1.86 2.064 16.3
19840806 8.5 0.58 2.425 11.8
19840807 15.3 0.63 4.44 11.3
19840808 14.4 1.42 4.976 12.6
19840809 1.3 1.35 4.839 11.4
19840810 0 1.85 4.059 11.1
19840811 0 1.55 3.58 11.2
19840812 0 1.58 3.025 13.7
19840813 0.9 1.66 2.617 11.9
19840814 0 1.15 2.332 11
19840815 0 0.92 2.151 9.8
19840816 7.4 1.19 2.241 7.9
19840817 0.3 1.51 2.241 8.6
19840818 0 1.35 2.151 10.4
19840819 0 1.72 1.978 13.5
19840820 0 1.2 1.813 13.4
19840821 0 1.36 1.733 14.5
19840822 0 2.02 1.58 16
19840823 0 2.08 1.506 11.1
19840824 0.3 1.52 1.363 7.5
19840825 0 1.43 1.295 7.8
19840826 0 1.07 1.228 6.7
19840827 0 1.22 1.164 8
19840828 0 0.77 1.101 6.8
19840829 0.5 0.82 1.101 9.2
19840830 0.8 0.58 1.101 10.4
19840831 4.2 0.81 1.04 6.7
19840901 1.4 1.44 1.04 6.4
19840902 0.8 0.96 1.04 5.3
19840903 4.7 0.53 1.04 5
19840904 4.6 0.83 1.164 2.9
19840905 0.9 0.69 1.228 4.2
19840906 0.3 0.77 1.228 4.9
19840907 0.1 0.92 1.228 11.9
19840908 0 0.75 1.164 10.4
19840909 0.3 1.35 1.164 8.2
19840910 11 0.48 1.164 6.7
19840911 11.5 0.54 1.656 1.6
19840912 35.2 0.28 2.817 3.1
19840913 5.1 0.55 3.697 3.3
19840914 0.7 0.52 4.184 6.1
19840915 0.1 0.85 5.399 8.9
19840916 0 0.6 6.301 7.3
19840917 0.3 1.07 5.841 7.8
19840918 0.2 0.73 5.115 6.2
19840919 0.5 1.34 4.44 5.5
19840920 7.2 0.69 4.184 6.2
19840921 1.1 0.56 4.184 3.5
19840922 4.9 0.17 4.059 7.4
19840923 18.7 0.59 5.841 3.3
19840924 1.3 0.44 8.148 3.9
19840925 4.9 0.52 8.148 5.8
19840926 4.1 0.62 7.794 6.1
19840927 2.2 0.65 7.447 4.6
19840928 0.1 0.47 6.459 3.8
19840929 0 0.46 5.544 4.3
19840930 0.1 1.23 4.839 3.6
19841001 5.4 2.09 4.311 6.5
19841002 7.3 0 4.311 6.1
19841003 6.7 0.87 5.115 10
19841004 4.2 0.45 6.618 2.8
19841005 2 0.52 7.447 6.2
19841006 3 0 7.794 7.1
19841007 4.5 0.45 9.651 7.1
19841008 2 0.94 8.696 5.8
19841009 6.7 0.68 7.794 3
19841010 0.1 0.95 6.78 4.4
19841011 0 1 5.691 2.7
19841012 0 0.6 4.976 1.7
19841013 0.3 0.65 4.44 0.9
19841014 8.2 0.41 4.184 1.9
19841015 0.3 0.64 3.936 2.7
19841016 1.8 0.24 3.697 1.3
19841017 0.4 0.71 3.697 5
19841018 0.3 0.82 3.936 2.5
19841019 4.8 0.71 3.936 4.7
19841020 0.4 0.4 4.571 5.3
19841021 18.2 0.53 9.263 1.4
19841022 0.1 0.69 8.511 0.4
19841023 0 0.33 6.618 -0.8
19841024 0 0.52 5.399 -0.6
19841025 0 0.14 4.44 -3
19841026 12.5 0 4.059 1
19841027 5.8 0.28 3.936 1.9
19841028 2 0.7 3.816 -0.1
19841029 0 0.35 3.58 0.8
19841030 5.1 1.2 3.936 6.3
19841031 0 0.6 5.399 2.5
19841101 0 1.02 5.256 5.6
19841102 0 1.07 5.544 8
19841103 0.1 0.46 6.618 1.2
19841104 5.8 0.04 6.78 0.7
19841105 11.5 0.19 5.992 0.4
19841106 3.4 0.46 5.115 -0.9
19841107 0 0.38 4.44 -5.4
19841108 0.7 0.07 4.059 1
19841109 0.6 0.57 3.697 -1
19841110 0.3 0.69 3.352 0.3
19841111 0.3 0.89 3.025 0.9
19841112 0.2 0.41 2.817 1.8
19841113 0 0.89 2.817 -0.4
19841114 0 0.48 2.617 -6.1
19841115 0 0.68 2.332 -7.8
19841116 0 0.62 2.151 -12.3
19841117 0 0.33 1.895 -11.3
19841118 0 0.49 1.656 -8.9
19841119 0 0.19 1.58 -10.7
19841120 0 0.2 1.506 -10.2
19841121 0 0.12 1.434 -10.5
19841122 0.8 0 1.434 -4.3
19841123 4.2 0.23 1.434 -0.1
19841124 3 0.68 1.434 -3
19841125 1 0.17 1.434 -4.7
19841126 2.1 0.38 1.434 -2.9
19841127 0 0.27 1.434 -6.8
19841128 9.9 0.37 1.434 2.6
19841129 3.1 0.9 1.363 -0.5
19841130 0 0.27 1.363 2.6
19841201 0.2 0.89 1.363 3
19841202 0 0.42 1.363 -1.1
19841203 0 0.31 1.295 -4.6
19841204 0 0.29 1.295 -3.3
19841205 0 0.3 1.228 -7.1
19841206 1.3 0 1.164 2.6
19841207 6 0.32 1.164 -0.9
19841208 0.9 0.57 1.164 1.2
19841209 0 0.38 1.164 -2.1
19841210 0.6 0.21 1.101 -1.8
19841211 0.6 0.39 1.101 -1
19841212 0.7 0.46 1.04 -4
19841213 0.1 0.29 0.981 -5.7
19841214 0.3 0.02 0.981 -2.3
19841215 0.1 0.42 0.924 -5.5
19841216 0.2 0.3 0.924 -8.5
19841217 0.7 0.34 0.924 -9
19841218 0.6 0.27 0.868 -8.9
19841219 5.3 0.21 0.868 -8.7
19841220 2 0 0.868 0.1
19841221 2.3 0.65 0.868 -11.1
19841222 0 0.15 0.814 -13.6
19841223 1 0 0.868 -1.4
19841224 15.7 0.44 0.868 2.9
19841225 1.8 0.72 0.868 1
19841226 0.9 0.57 0.868 -3.1
19841227 1.2 0.48 0.814 -4.8
19841228 0 0.29 0.814 -6.6
19841229 0.1 0.28 0.814 -11.5
19841230 0.1 0.09 0.763 -14
19841231 0.3 0.21 0.763 -11.9
19850101 0.2 0.12 0.713 -8.4
19850102 4 0.35 0.713 -11.5
19850103 0.3 0.32 0.713 -15.1
19850104 0.6 0.09 0.664 -21.2
19850105 0 0.08 0.664 -23.4
19850106 3.5 0.14 0.664 -19.5
19850107 0.1 0.1 0.618 -18
19850108 0 0.15 0.618 -16.9
19850109 0.5 0 0.618 -8.6
19850110 1 0.18 0.618 -6.4
19850111 2.2 0.13 0.573 -3.2
19850112 2.5 0.36 0.573 -6.5
19850113 7.8 0.17 0.573 -6.7
19850114 0.1 0.18 0.573 -2.3
19850115 0.4 0.23 0.573 -6.5
19850116 0.1 0.03 0.573 -11
19850117 0 0.14 0.573 -6.1
19850118 0.1 0.2 0.531 -1.6
19850119 1.4 0.39 0.531 -13.5
19850120 0.9 0 0.531 -13.5
19850121 0.6 0.25 0.531 -17.2
19850122 2.1 0.2 0.531 -16.2
19850123 4.4 0.43 0.573 -15.3
19850124 2.9 0.2 0.573 -20.5
19850125 0.8 0.08 0.573 -25.8
19850126 0 0.06 0.531 -27.4
19850127 0.2 0.06 0.531 -22.9
19850128 0.2 0.15 0.531 -16
19850129 1.8 0.09 0.489 -6.3
19850130 0.2 0.18 0.489 -17.6
19850131 1.3 0 0.489 -12.1
19850201 11.2 0.23 0.489 -11.9
19850202 2 0.2 0.489 -15.7
19850203 0.1 0.13 0.45 -18.1
19850204 0.4 0.06 0.45 -9
19850205 7.8 0.15 0.45 -5
19850206 4.5 0.27 0.45 -7.6
19850207 0.6 0.13 0.45 -25.9
19850208 0.1 0.11 0.45 -33.1
19850209 0 0.03 0.45 -36.5
19850210 0 0 0.45 -21.6
19850211 0.6 0.05 0.413 -9
19850212 0.2 0.31 0.413 -5.6
19850213 1 0.3 0.413 -14.4
19850214 0.9 0.22 0.413 -23
19850215 0.6 0.05 0.413 -18.4
19850216 1.8 0.22 0.377 -8.9
19850217 0.2 0.33 0.377 -17.4
19850218 0 0.23 0.377 -26.5
19850219 0 0.21 0.377 -25.2
19850220 0.5 0.19 0.343 -10.6
19850221 0.4 0.29 0.343 -3.9
19850222 0.1 0.2 0.343 -8.7
19850223 1.6 0.1 0.343 -8.7
19850224 6.5 0.3 0.343 -4.8
19850225 0 0.38 0.343 -5.5
19850226 0 0.3 0.343 -6.4
19850227 0.1 0.24 0.343 -5.5
19850228 1 0.28 0.343 -2.8
19850301 2 0.45 0.343 -5.8
19850302 0.3 0.13 0.343 -12.5
19850303 1.4 0.31 0.343 -9.8
19850304 2.2 0.42 0.343 -8.2
19850305 1.1 0.36 0.343 -5.1
19850306 1.4 0.52 0.343 -5
19850307 0 0.26 0.343 -7.2
19850308 0.1 0.15 0.343 -10
19850309 0.1 0.11 0.343 -7
19850310 1 0.26 0.343 -0.5
19850311 0.6 0.77 0.343 -0.2
19850312 0.5 0.59 0.343 0
19850313 0.3 0.63 0.343 -0.3
19850314 0 0.53 0.31 -0.7
19850315 2.8 0.41 0.31 -4.3
19850316 0.3 0.35 0.31 -13.3
19850317 0 0.37 0.31 -8.4
19850318 0.5 0.43 0.31 -6.6
19850319 0.4 0.58 0.31 -13.8
19850320 0 0.23 0.31 -11.7
19850321 0 0.08 0.31 -5
19850322 1.5 0.3 0.31 -2.2
19850323 3.7 0.36 0.31 -1.2
19850324 0.8 0.29 0.31 -1.8
19850325 0.4 0.61 0.31 -1.5
19850326 0.1 0.43 0.31 -1.4
19850327 1.5 0.58 0.31 -5.1
19850328 1.3 0.58 0.31 -7.7
19850329 0.3 0.49 0.31 -7.2
19850330 0.1 0.73 0.279 -2.3
19850331 0 0.72 0.279 -3
19850401 0 0.4 0.279 -7.1
19850402 0.3 0.13 0.31 -5
19850403 8.9 0.82 0.31 -1.9
19850404 0.2 0.36 0.31 -2.6
19850405 0.4 0.87 0.31 -1.7
19850406 1.4 0.66 0.279 -2.7
19850407 0.1 0.37 0.279 -3
19850408 0.1 0.4 0.279 -0.8
19850409 0 0.85 0.279 -5
19850410 0 0.47 0.279 -9.3
19850411 0 0.49 0.279 -5.1
19850412 0 0.4 0.279 -5
19850413 0 0.39 0.279 -0.1
19850414 0.2 0.41 0.279 1.2
19850415 0.8 0.64 0.279 1.2
19850416 0.1 0.81 0.279 -0.6
19850417 1.1 0.52 0.279 0.2
19850418 0.2 0.74 0.279 1
19850419 0 1.14 0.279 2
19850420 12.3 0.63 0.31 0.9
19850421 0.2 0.76 0.31 2
19850422 0 1.08 0.31 -0.8
19850423 0.3 0.82 0.31 -0.6
19850424 0.3 0.64 0.31 -3.4
19850425 0.9 0.1 0.31 -5
19850426 1.1 0.54 0.31 -4.7
19850427 0 0.67 0.31 -5.2
19850428 1.1 0.32 0.31 -2.2
19850429 2.3 0.77 0.31 0.4
19850430 0 0.57 0.31 -2.5
19850501 0 0.33 0.31 -3.2
19850502 3.4 0.53 0.31 1.6
19850503 0.3 0.64 0.31 0.5
19850504 0 0.66 0.31 0.7
19850505 0 0.89 0.31 0.4
19850506 0 1.27 0.31 3.4
19850507 0 1.02 0.31 5.8
19850508 0 0.98 0.343 7.2
19850509 0 0.96 0.45 5.6
19850510 0 1.28 0.618 5.9
19850511 0 1.04 0.868 5.3
19850512 0 1.54 1.101 6.2
19850513 0 0.72 1.506 8
19850514 0 1.2 2.151 4.8
19850515 0 0.86 3.132 5.4
19850516 0 0.72 4.571 6.9
19850517 0 0.84 5.992 7.8
19850518 0 1.1 7.619 6.1
19850519 0 1.4 10.048 6.6
19850520 0 1.22 13.066 4.7
19850521 0 1.08 15.735 6.8
19850522 1.6 1.06 20.382 3.5
19850523 3.1 0.43 20.091 0.5
19850524 8.6 0.87 14.981 3.2
19850525 3.9 1.26 11.505 7.3
19850526 0.1 1.97 11.505 8.6
19850527 0 1.77 22.175 14.1
19850528 3.2 1.2 39.044 15.9
19850529 0.1 1.97 35.031 5.9
19850530 0 1.12 20.382 7.1
19850531 0 2.17 13.066 9.5
19850601 0 1.93 10.454 11.3
19850602 0 2.73 8.883 7.2
19850603 0 1.07 8.329 9.3
19850604 0 1.46 7.109 8.5
19850605 0 1.31 6.301 6.1
19850606 0 0.75 5.544 5.2
19850607 2.9 0.78 4.976 5.6
19850608 0.2 0.86 4.571 6.9
19850609 1.3 0.91 4.311 7.4
19850610 0.1 1.12 4.059 6.2
19850611 2 0.67 3.936 5.7
19850612 1.6 1.01 3.816 10.2
19850613 1.7 1.09 3.816 9.4
19850614 0.3 0.72 3.936 9.8
19850615 2.7 0.67 3.936 8.2
19850616 0 1.1 3.816 6.2
19850617 0 1.68 3.58 9.4
19850618 0 1.4 3.352 10.6
19850619 1.1 1.23 3.025 13.9
19850620 0 0.63 2.92 10.8
19850621 2.9 0.72 2.817 12.8
19850622 0.2 1 2.817 13.2
19850623 0.1 0.85 2.617 14.6
19850624 2.9 1.17 2.617 13.2
19850625 0.4 1.01 2.52 16.1
19850626 2.7 1.79 2.52 16
19850627 2.9 0.77 2.52 11.7
19850628 3.4 1.89 2.52 13.3
19850629 0 1.98 2.425 12.5
19850630 6.9 1.13 2.425 11.3
19850701 8.4 1.12 2.52 9.3
19850702 1.1 1.07 2.425 10.4
19850703 0 0.62 2.151 10
19850704 1.5 0.72 2.064 13.6
19850705 0.7 1.55 1.895 14.7
19850706 0 2.65 1.813 18.1
19850707 0 1.55 1.656 16.2
19850708 18.7 1.1 2.617 13.4
19850709 0.2 2.16 3.241 12.2
19850710 0.7 0.64 2.92 12
19850711 2.2 0.75 2.817 13.1
19850712 9 1.88 2.817 14.2
19850713 0.2 1.03 2.617 13.2
19850714 1.6 1.43 2.425 12
19850715 3 0.64 2.332 10.1
19850716 8.1 0.95 2.617 9
19850717 0.4 1.05 2.617 11.2
19850718 0.4 1.03 2.425 12.1
19850719 6.1 0.78 2.716 12
19850720 19.8 1.13 5.691 10.6
19850721 0.8 0.75 5.992 10.2
19850722 5.3 1.3 5.992 9.2
19850723 0.6 1.04 5.399 8.6
19850724 2.6 1.26 4.571 9.2
19850725 1.4 1.32 3.936 12.2
19850726 0 1.32 3.352 10.3
19850727 0 1.08 2.817 11.9
19850728 0.8 1.01 2.617 12.7
19850729 5.2 0.96 3.025 12.6
19850730 12.6 0.68 3.465 11
19850731 3.4 0.7 3.465 10.6
19850801 7.8 0.77 3.697 11.6
19850802 1.1 0.95 3.936 10.3
19850803 5.9 1.37 4.184 11.2
19850804 0.5 0.82 4.059 10.1
19850805 9.8 0.95 4.059 9.7
19850806 5.2 0.58 4.44 10.2
19850807 8.3 0.68 6.459 12.1
19850808 9.4 0.72 7.794 11.4
19850809 1.6 1.25 7.794 12.7
19850810 0 1.08 6.459 11.1
19850811 6.1 0.55 5.544 12.3
19850812 8 1.27 6.146 11.3
19850813 1.6 1.55 5.841 11.8
19850814 0.1 0.99 4.976 10.3
19850815 1.9 0.48 4.311 10.2
19850816 1.8 1.48 3.936 13.8
19850817 0.1 0.79 3.58 12.1
19850818 0 1.17 3.241 14.2
19850819 0 1.79 2.92 12.3
19850820 6.1 0.74 2.817 13.1
19850821 5.1 0.88 2.92 12.1
19850822 5.2 0.55 3.025 10
19850823 7.2 0.61 3.465 9.1
19850824 7.1 0.78 3.936 9.4
19850825 5.8 0.67 4.059 11.5
19850826 6.7 0.82 4.976 8.2
19850827 2.7 0.57 5.399 8.7
19850828 4.7 1 4.976 13.3
19850829 0.1 2.33 4.44 8.6
19850830 0 0.59 3.936 8.8
19850831 1.2 0.87 3.465 11.2
19850901 0.3 0.46 3.132 9.4
19850902 10.7 0.64 3.352 7.5
19850903 1 0.35 5.841 6.3
19850904 15.9 0.63 7.447 6.7
19850905 9.3 0.91 9.263 4.5
19850906 2.4 0.56 8.148 1.7
19850907 44.2 0.27 7.619 2.4
19850908 8.1 0.36 7.97 4.8
19850909 2.1 0.74 11.078 6
19850910 0.6 0.55 15.481 5.6
19850911 1 1.03 13.532 5.8
19850912 0.3 1.03 11.721 5.4
19850913 0.1 0.44 9.849 6.1
19850914 2 0.79 9.849 4.8
19850915 0.7 2 8.883 8.3
19850916 2.2 1.23 7.97 5.7
19850917 0.2 0.87 6.944 4.2
19850918 0.4 0.76 5.841 3.3
19850919 0.3 0.57 5.115 1.4
19850920 4.2 1.48 4.976 4.4
19850921 0.1 0.82 4.839 4
19850922 1.1 0.98 4.44 1.9
19850923 0 0.71 3.936 3
19850924 0.4 0.87 3.58 1.9
19850925 0 0.53 3.241 2.4
19850926 2.4 0.54 3.025 1.7
19850927 0.3 0.65 2.817 4.3
19850928 0.3 0.55 2.716 2.8
19850929 1.1 0.41 2.617 1.2
19850930 2.9 0.29 2.52 3.1
19851001 6.2 0.41 2.92 9.6
19851002 2.1 0.6 3.241 9.4
19851003 0.7 0.46 3.241 8.2
19851004 4.9 1.47 3.241 10.7
19851005 0 2.43 3.132 10.4
19851006 0.1 1.25 2.817 6.9
19851007 0.5 1.04 2.716 8.9
19851008 6.7 0.57 3.025 2.6
19851009 0 0.53 3.025 2
19851010 0.1 0.57 2.817 4.6
19851011 2.2 0.21 2.617 3.2
19851012 3.6 0.93 2.617 1.3
19851013 0.1 0.32 2.52 -1.5
19851014 1.4 0.41 2.425 4.6
19851015 0.1 0.87 2.52 7.7
19851016 0 1.53 2.425 4.1
19851017 0.9 0.51 2.332 1.2
19851018 1.2 0.39 2.241 2.5
19851019 0.1 0.42 2.241 3.7
19851020 0 0.83 2.151 7
19851021 0.2 0.87 2.064 3.7
19851022 0.1 0.72 1.978 3
19851023 0 0.97 1.895 3.1
19851024 0.1 0.3 1.813 -2.5
19851025 0 0.65 1.656 0.3
19851026 0 1.23 1.58 -0.8
19851027 0.1 0.64 1.506 1
19851028 0 0.35 1.506 1
19851029 0.1 0.57 1.434 3.8
19851030 0.1 0.5 1.434 2.9
19851031 2.2 0.57 1.434 -1.4
19851101 1.4 0.53 1.434 -1.9
19851102 0.3 0.29 1.295 -7.2
19851103 0 0.35 1.228 -3
19851104 0 0.6 1.164 -2.8
19851105 0.1 0.88 1.101 1.8
19851106 8.7 0.22 1.101 0.2
19851107 3.2 0.34 1.164 -2.7
19851108 0.5 0.39 1.101 -4.7
19851109 1.8 0.21 1.101 -4.2
19851110 19.5 0.49 1.164 -1.9
19851111 0.9 0 1.164 -1.5
19851112 2.9 0.26 1.101 -1.4
19851113 0.2 0.28 1.101 -1.9
19851114 0.1 0.64 1.101 -15.5
19851115 0 0.19 1.04 -17.1
19851116 0.1 0.05 1.04 -11.1
19851117 0.7 0.3 0.981 -4.8
19851118 0.5 0.5 0.981 -7.5
19851119 0 0.35 0.924 -18
19851120 0 0.13 0.924 -19.8
19851121 0 0.17 0.868 -10.7
19851122 0 0.02 0.868 -9.4
19851123 0 0.17 0.814 -14.8
19851124 0.7 0.05 0.814 -3.3
19851125 0.6 0.3 0.814 -3.4
19851126 2.3 0.38 0.814 -12.9
19851127 1 0.23 0.763 -21.1
19851128 2.3 0.11 0.763 -28
19851129 0.7 0.07 0.763 -24.8
19851130 0.1 0.08 0.763 -26.4
19851201 0.1 0.1 0.713 -22.5
19851202 6.8 0 0.713 -10
19851203 8.3 0.16 0.713 -6.7
19851204 4.3 0.29 0.713 -3.8
19851205 3.5 0.28 0.713 -6.6
19851206 0.3 0.19 0.713 -13.8
19851207 2.3 0.34 0.664 -29.5
19851208 0.1 0.04 0.664 -13.4
19851209 0 0.21 0.664 -22.3
19851210 0 0.07 0.618 -29.7
19851211 0 0.07 0.618 -16.4
19851212 0 0.28 0.618 -10.9
19851213 7.9 0 0.618 0
19851214 5.9 0.36 0.573 -5.2
19851215 0.1 0.18 0.573 -9.3
19851216 1.4 0.15 0.573 -7.3
19851217 1 0.34 0.573 -17.7
19851218 0 0.11 0.573 -20.3
19851219 2.4 0.12 0.573 -12.7
19851220 0.1 0.14 0.573 -22.2
19851221 4.3 0.02 0.531 -10
19851222 0.7 0.26 0.531 -2.5
19851223 0 0.44 0.531 -14.1
19851224 0 0 0.531 -10.4
19851225 1.2 0.1 0.531 -13.7
19851226 0.2 0.07 0.489 -28.1
19851227 0 0.01 0.489 -23.4
19851228 0 0.23 0.489 -25.5
19851229 0 0.05 0.489 -23.6
19851230 0.4 0.01 0.489 -13.3
19851231 0 0.23 0.45 -9.3
19860101 0.6 0.34 0.45 -23.2
19860102 0.7 0.02 0.45 -18.7
19860103 3.1 0.16 0.45 -16.7
19860104 0.4 0.1 0.45 -30.2
19860105 0 0.05 0.45 -29.7
19860106 0.1 0.06 0.45 -29
19860107 0 0.04 0.45 -34.7
19860108 0.3 0 0.45 -27.8
19860109 0 0.05 0.413 -33.9
19860110 0 0.14 0.413 -21.1
19860111 2.3 0.17 0.413 -12
19860112 2.6 0 0.413 -4
19860113 2.7 0.27 0.413 -5
19860114 1.3 0 0.413 -7.1
19860115 0.8 0.23 0.413 -9.5
19860116 0.2 0.06 0.413 -9.3
19860117 0.3 0.24 0.413 -9.4
19860118 0.8 0.25 0.413 -9.9
19860119 2.1 0.17 0.413 -12.5
19860120 0.5 0.17 0.413 -13.3
19860121 1.1 0.09 0.413 -15.6
19860122 1.6 0.13 0.413 -19.4
19860123 2.7 0 0.413 -4.4
19860124 2.7 0.28 0.413 -11.6
19860125 0.5 0.25 0.413 -5.4
19860126 0.4 0.2 0.413 -11.9
19860127 0 0.09 0.413 -25.1
19860128 0.2 0.16 0.377 -18.7
19860129 0.4 0.2 0.377 -8.4
19860130 0.7 0.19 0.377 -18.3
19860131 0.1 0 0.377 -9.7
19860201 0.5 0.08 0.343 -8.1
19860202 1 0.34 0.343 -9.8
19860203 0.1 0.24 0.343 -18.2
19860204 0 0 0.343 -9.9
19860205 0.1 0.18 0.343 -22.8
19860206 0 0.09 0.343 -26.9
19860207 0 0.1 0.343 -15.9
19860208 0.1 0 0.343 -6
19860209 1.3 0.36 0.31 -4.8
19860210 0 0.52 0.31 -8.7
19860211 0 0.24 0.31 -14.7
19860212 0 0.14 0.31 -17.5
19860213 0 0.05 0.31 -4.3
19860214 0 0.27 0.31 -10.1
19860215 0 0.28 0.31 -23.1
19860216 0 0.24 0.31 -22.9
19860217 0.1 0.05 0.31 -9.3
19860218 0.1 0.28 0.279 -10.9
19860219 0.1 0.18 0.279 -21
19860220 0 0.2 0.279 -16.8
19860221 0 0.29 0.279 -22.2
19860222 0 0.13 0.279 -20.2
19860223 0.5 0.28 0.279 -7.6
19860224 2.4 0.12 0.279 -20.5
19860225 0.3 0.3 0.279 -8.2
19860226 0.1 0 0.279 -3.9
19860227 0.8 0.61 0.25 -5.3
19860228 0 0.49 0.25 -11
19860301 0 0.3 0.25 -5.6
19860302 0.2 0.46 0.25 -7
19860303 0 0.66 0.25 -0.7
19860304 0 0.88 0.25 -2.4
19860305 1.8 0.27 0.25 -6.2
19860306 3.9 0.55 0.25 -4.7
19860307 0.1 0.82 0.25 -2.7
19860308 0 0.58 0.223 -0.4
19860309 0 0.37 0.223 -4.6
19860310 0 0.31 0.223 -0.9
19860311 0.1 0.35 0.223 -5.9
19860312 0.1 0.25 0.223 -7
19860313 0 0.09 0.223 -5.8
19860314 1 0.43 0.223 -2.2
19860315 0.3 0.43 0.223 -0.9
19860316 0 0.54 0.223 -4.1
19860317 0.4 0.31 0.223 -4.3
19860318 0 0.44 0.223 -1.9
19860319 0.7 0.46 0.223 -3.1
19860320 0 0.98 0.223 -0.1
19860321 0.1 1.05 0.223 1
19860322 0 0.56 0.223 -0.7
19860323 5.5 0.51 0.223 1
19860324 0 0.48 0.223 -5.4
19860325 0.1 0.44 0.223 -3.6
19860326 1.3 0.43 0.223 -2.6
19860327 0 0.37 0.223 -5.7
19860328 2.1 0.45 0.223 -0.3
19860329 0 0.67 0.223 0.5
19860330 0 0.41 0.223 0.2
19860331 3 0.37 0.223 -1.7
19860401 1.4 0.33 0.223 -2.4
19860402 2 0.41 0.223 -0.9
19860403 1.9 0.3 0.223 -0.9
19860404 0.4 0.37 0.223 -3.1
19860405 0.4 0.59 0.223 -3.3
19860406 0 0.51 0.223 -2.1
19860407 0 0.31 0.223 -8.4
19860408 0 0.45 0.223 -0.7
19860409 0 0.62 0.223 -4
19860410 0.3 0.32 0.223 -7.4
19860411 0.1 0.32 0.223 -9.2
19860412 0.5 0.45 0.223 -4.1
19860413 1.2 0.4 0.223 -6
19860414 0.1 0.37 0.223 -6.7
19860415 0.1 0.24 0.223 -12.2
19860416 0 0.66 0.223 -6.7
19860417 2.5 0.52 0.223 -4.6
19860418 0.1 0.42 0.197 -5.9
19860419 0 0.5 0.197 -6.1
19860420 0 0.7 0.197 -4.6
19860421 2.4 0.34 0.197 -4.2
19860422 3.3 0.38 0.223 -2.5
19860423 0.4 0.64 0.223 2.9
19860424 0 0.64 0.223 5.5
19860425 0 0.63 0.223 2.4
19860426 1.8 0.51 0.223 2.9
19860427 0.7 0.52 0.223 2.8
19860428 0 0.47 0.25 3.3
19860429 0.1 0.69 0.279 5.4
19860430 0.1 0.45 0.31 2.5
19860501 2.4 0.44 0.413 4.1
19860502 0 0.89 0.531 8.2
19860503 0 1 0.868 8.2
19860504 0 1.02 3.352 10.3
19860505 0 0.84 16.249 10
19860506 0 0.98 26.004 9.2
19860507 0 1.53 24.049 8.5
19860508 0 1.07 21.269 8.5
19860509 0.2 0.86 17.571 5.3
19860510 11.3 0.62 14.981 4.2
19860511 4.3 0.22 13.768 6.5
19860512 1.9 0.92 13.532 7.7
19860513 0.5 1.47 13.298 7.5
19860514 0.1 0.72 10.25 6.2
19860515 0 1.15 8.148 5.2
19860516 0.8 0.56 6.618 3.3
19860517 6.6 1.42 5.992 4.7
19860518 0.3 1.57 5.115 5.7
19860519 0.2 1.58 4.44 9.5
19860520 0.2 0.94 4.311 11.3
19860521 0 0.96 4.571 9.4
19860522 3.7 1.07 4.704 5.2
19860523 4.8 1.6 5.115 6.7
19860524 5.5 0.64 4.704 7.6
19860525 0.7 1.53 4.311 8.3
19860526 0 1.32 3.816 6.4
19860527 5.1 2.01 3.352 6.9
19860528 3.7 1.22 3.132 7.1
19860529 3.2 0.9 3.025 6.2
19860530 1.7 0.9 2.817 6.1
19860531 0.4 0.52 2.617 7.2
19860601 0.2 0.71 2.52 12
19860602 0 0.76 2.52 12.6
19860603 0 2.2 2.425 12.9
19860604 0 1.81 2.332 9.9
19860605 10.2 0.29 2.52 9.5
19860606 1.5 0.66 2.92 12.3
19860607 0.1 1.51 3.025 12.1
19860608 48.9 1.8 8.148 10.1
19860609 4 1.59 12.609 9.3
19860610 0.5 1.05 9.072 12
19860611 0.1 2.79 6.618 14.7
19860612 0.2 2.44 5.115 11.8
19860613 0 1.46 4.059 11.5
19860614 0 2.23 3.352 14
19860615 0 1.48 2.817 13.5
19860616 0 0.87 2.52 16.5
19860617 0 3.56 2.241 19
19860618 0 1.66 1.978 17
19860619 0 1.3 1.733 12.6
19860620 19.6 1.39 1.813 5.2
19860621 0 0.89 1.895 6.8
19860622 0 0.87 1.895 7.6
19860623 0 1.09 1.733 11.5
19860624 0 1.23 1.656 16.6
19860625 0 1.18 1.506 18.4
19860626 0 2.27 1.363 14.4
19860627 0 1.51 1.295 12.7
19860628 5.9 0.66 1.228 10.9
19860629 0 1.62 1.228 14.7
19860630 0 0.7 1.228 13.6
19860701 0 1.35 1.164 16.1
19860702 0 1.22 1.04 13.8
19860703 0 1.75 0.981 14.3
19860704 4.8 1.02 0.924 11.1
19860705 6.7 1.09 0.981 11.8
19860706 6.3 1.13 1.101 9.5
19860707 1.7 0.96 1.101 10.8
19860708 10.6 0.7 1.228 7.6
19860709 0.8 0.96 1.434 8.3
19860710 0.1 1.08 1.506 8.2
19860711 3 0.97 1.434 5.7
19860712 0.6 0.41 1.363 5.3
19860713 0.8 0.35 1.295 5.3
19860714 0.1 0.6 1.295 11.1
19860715 0 1 1.228 13.6
19860716 0.3 0.98 1.164 14.3
19860717 0.1 1.65 1.101 16.7
19860718 1.5 1.95 1.04 12.7
19860719 0.8 0.96 0.981 8.4
19860720 0.4 0.98 0.981 10.1
19860721 0.2 0.76 0.924 11.1
19860722 0.1 0.93 0.868 11.5
19860723 5.9 1.4 0.868 12.5
19860724 7.1 0.96 0.924 12.5
19860725 9.5 0.97 1.101 10.5
19860726 1.1 1.65 1.363 13.9
19860727 0.1 3.34 1.363 14.2
19860728 0 2.3 1.295 14.9
19860729 0.1 1.54 1.228 14.5
19860730 29.1 1.36 1.434 14.7
19860731 1 2.14 1.978 12.6
19860801 3.1 1.71 2.064 13.2
19860802 1.9 1.22 2.064 10.9
19860803 0.6 2.83 1.895 14.2
19860804 0 1.02 1.733 10.1
19860805 5.4 1.27 1.656 12.6
19860806 2.8 1.69 1.656 8.9
19860807 4.8 1.09 1.656 9.5
19860808 0.1 1.04 1.58 10.6
19860809 4.8 0.81 1.58 10.9
19860810 2.3 0.55 1.58 10
19860811 2.3 0.86 1.656 10.7
19860812 0.1 0.72 1.656 10.4
19860813 2.3 1.25 1.58 10
19860814 0.1 0.67 1.506 10.3
19860815 0.3 0.77 1.434 10.3
19860816 5.8 0.62 1.434 10.3
19860817 11 0.87 1.895 10.3
19860818 6.8 0.69 3.241 8.9
19860819 0.9 0.51 3.697 5.2
19860820 0.9 0.83 3.352 7.5
19860821 0.3 0.76 3.025 6.7
19860822 10.7 0.48 3.352 7.3
19860823 4.6 0.71 4.839 5.6
19860824 2.8 0.8 4.839 4.9
19860825 1 0.7 4.184 6.2
19860826 2.2 0.66 3.816 6.4
19860827 0 1.34 3.352 3.6
19860828 1.5 0.68 2.92 5.1
19860829 2.1 0.74 2.716 8.1
19860830 0.8 0.58 2.617 5
19860831 1.4 0.75 2.52 6.4
19860901 0.2 0.74 2.425 7.3
19860902 1.1 0.78 2.332 6.7
19860903 2.2 0.65 2.241 5.6
19860904 1.2 0.49 2.241 6.2
19860905 4.5 1.07 2.151 6.1
19860906 0.4 0.76 2.151 3.5
19860907 0.8 0.64 2.064 3.2
19860908 0.2 0.57 1.978 3.3
19860909 0.4 0.43 1.895 2.4
19860910 2.3 0.39 1.895 2.7
19860911 9.3 0.51 2.241 3.6
19860912 3.2 0.67 2.52 2.9
19860913 0 0.86 2.617 3.9
19860914 1 0.52 2.617 4
19860915 3.6 0.44 2.617 3.3
19860916 3.2 0.63 2.716 3.4
19860917 0.2 0.76 2.716 3.5
19860918 0.1 0.84 2.52 3.5
19860919 0.3 1.11 2.425 6.3
19860920 1.8 1 2.241 3.8
19860921 1.1 0.85 2.332 4.5
19860922 2.8 0.52 2.425 3
19860923 0.7 0.52 2.52 0.6
19860924 0.1 0.51 2.52 1.4
19860925 1.2 0.53 2.425 0.2
19860926 0.6 0.54 2.241 -0.2
19860927 0.2 0.76 2.064 -0.4
19860928 1 1.88 2.064 6.6
19860929 1.6 1.6 2.064 3.8
19860930 1.8 0.38 2.332 3.5
19861001 1.5 0.92 2.617 10.8
19861002 0.2 1.68 2.92 5.4
19861003 0.1 0.6 2.817 -0.7
19861004 0.2 0.69 2.617 1
19861005 0.2 0.36 2.332 -1.8
19861006 2.2 0.75 2.332 5
19861007 0 0.51 2.332 3.4
19861008 0.1 0.75 2.332 -1.7
19861009 0 0.37 2.151 -0.4
19861010 0.8 0.37 2.064 3.4
19861011 0.1 0.61 1.978 2.6
19861012 0 0.59 1.895 4.9
19861013 0 1.56 1.813 6.5
19861014 0 0.51 1.733 6.3
19861015 0 1.04 1.656 7
19861016 0 0.92 1.58 2.8
19861017 0.7 0.96 1.58 2
19861018 0 0.89 1.506 3.7
19861019 0.3 0.57 1.434 3.7
19861020 8.2 1.13 1.656 1.2
19861021 2.1 0.69 1.733 0.7
19861022 0 0.65 1.733 -0.5
19861023 0 0.5 1.656 -2.3
19861024 0 0.87 1.506 -0.6
19861025 0 0.38 1.363 -4.6
19861026 0.3 0.68 1.295 3.2
19861027 0 0.37 1.295 1.2
19861028 9 0.49 1.295 5.9
19861029 9 0.51 1.733 4.6
19861030 3.8 0.43 2.332 0.4
19861031 5.7 0.86 2.617 3.7
19861101 0.1 0.69 2.716 0.6
19861102 0.4 0.59 2.425 -1.2
19861103 0.5 0.54 2.151 -3.3
19861104 0.1 0.3 1.978 -3.4
19861105 0 0.23 1.813 -2.2
19861106 7 0.36 1.733 -4.6
19861107 0 0.05 1.58 -3.3
19861108 2.5 0.07 1.58 3
19861109 7.7 0.69 1.656 -1.3
19861110 1 0.56 1.813 4.5
19861111 0.6 1.24 2.151 4.7
19861112 1 0.62 2.332 -2.2
19861113 0.1 0.18 2.151 -4.7
19861114 0.1 0.13 1.978 2.7
19861115 0 0.58 1.813 1.7
19861116 2.5 0.45 1.733 -1.4
19861117 0.1 0.4 1.656 2.8
19861118 0.1 0.36 1.58 0.2
19861119 4.3 0.41 1.58 -5.7
19861120 0 0.12 1.434 -10.8
19861121 0 0.19 1.295 -11
19861122 0 0.09 1.228 -7.9
19861123 3.9 0 1.164 1
19861124 4.2 0.48 1.164 0.8
19861125 1.7 0.4 1.164 1.5
19861126 0.5 0.68 1.164 1.4
19861127 0.3 0.26 1.164 0.2
19861128 1 0.71 1.164 6.1
19861129 0.1 1 1.164 -0.6
19861130 0.2 0.61 1.101 -1
19861201 0.4 0.41 1.101 0
19861202 4.8 0.88 1.101 -6.6
19861203 4.1 0.04 1.04 -3
19861204 2.1 0.34 1.04 -0.3
19861205 0.9 0.65 1.04 -7.2
19861206 16.1 0.23 1.04 -9.8
19861207 0.5 0.14 1.04 -10.6
19861208 3.9 0.11 0.981 1.2
19861209 1.4 0.2 0.981 3.7
19861210 0.9 0.56 0.981 0.1
19861211 0.3 0.54 1.04 -10.4
19861212 0.2 0.09 1.04 -1.9
19861213 0.1 0.21 1.04 -8.5
19861214 0.8 0.58 0.981 -6.7
19861215 3.2 0.29 0.981 -9.8
19861216 4.4 0.19 0.981 -6.5
19861217 3.1 0.2 0.924 -7.2
19861218 0.6 0.03 0.924 -9.3
19861219 3.6 0.32 0.868 -8.8
19861220 1 0.22 0.868 -13.9
19861221 0 0.3 0.814 -31.2
19861222 0 0.09 0.814 -26.2
19861223 0 0.09 0.763 -25.2
19861224 0 0.08 0.763 -27.2
19861225 2.5 0 0.763 -9.4
19861226 13.4 0.2 0.713 -8.5
19861227 0.7 0.21 0.713 -8.2
19861228 1.9 0.21 0.664 -15.9
19861229 7.5 0.28 0.664 -10.9
19861230 1.4 0.16 0.664 -18.6
19861231 0.1 0.1 0.664 -22
19870101 0.1 0 0.664 -15.1
19870102 0 0.06 0.618 -8.4
19870103 0.9 0.34 0.618 -15.5
19870104 0.2 0.19 0.618 -17
19870105 1.5 0.15 0.573 -16.6
19870106 2.3 0.2 0.573 -18
19870107 1.2 0.11 0.573 -16.6
19870108 5.9 0.12 0.573 -12
19870109 2.1 0.17 0.573 -29.4
19870110 0 0.03 0.573 -41.6
19870111 0 0.01 0.531 -43.2
19870112 0 0.02 0.531 -39.9
19870113 0 0.04 0.531 -31.7
19870114 0 0.04 0.531 -32.5
19870115 0 0.04 0.531 -31.6
19870116 0 0 0.531 -11.4
19870117 0 0.36 0.45 -20.2
19870118 0 0.07 0.45 -30.1
19870119 0.1 0.04 0.45 -31.1
19870120 0 0.03 0.45 -13.8
19870121 0 0.09 0.413 -6.5
19870122 0 0.36 0.413 -16.2
19870123 4.8 0.23 0.413 -7.4
19870124 1.4 0 0.413 2.4
19870125 1.9 0.7 0.413 -6.8
19870126 5.4 0.21 0.45 -10.5
19870127 1 0.04 0.45 -8.8
19870128 10.8 0.23 0.489 -16.3
19870129 0.1 0.06 0.45 -32.5
19870130 1.5 0 0.45 -3.5
19870131 1.2 0.5 0.413 -2.7
19870201 0.3 0.36 0.413 -1.8
19870202 0 0.33 0.413 -7.4
19870203 0 0.21 0.377 -13.8
19870204 0 0.27 0.377 0.7
19870205 0 0.49 0.377 2
19870206 0 0.33 0.377 -2.6
19870207 0.3 0 0.377 -7
19870208 7.5 0.18 0.377 -5.4
19870209 1.7 0.27 0.377 -10.1
19870210 0 0.25 0.377 -18.1
19870211 2.5 0.25 0.377 -9.4
19870212 0.7 0.42 0.377 -11.8
19870213 0 0.12 0.377 -9.4
19870214 8.8 0.57 0.377 -5.4
19870215 0.2 0.69 0.377 -10.1
19870216 0 0.57 0.377 -10.4
19870217 0 0.25 0.377 -20
19870218 0.3 0.43 0.343 -8.5
19870219 0.1 0.29 0.343 -4.9
19870220 1.3 0.52 0.343 -2.2
19870221 0.1 0.69 0.343 0
19870222 0.8 0.6 0.343 -8.6
19870223 1.5 0.25 0.343 -11.5
19870224 1.3 0.44 0.343 -8.9
19870225 0.3 0.38 0.31 -19.7
19870226 0.3 0.28 0.31 -8
19870227 0 0.2 0.31 -16
19870228 0 0.33 0.31 -17.8
19870301 0 0.39 0.31 -19.8
19870302 0 0.41 0.279 -16.2
19870303 0 0.08 0.279 -28.2
19870304 0 0.13 0.279 -25.3
19870305 0 0.1 0.279 -24.8
19870306 0 0.43 0.279 -17.4
19870307 0 0.4 0.25 -16.4
19870308 0 0.39 0.25 -10.9
19870309 0 0.19 0.25 -14.9
19870310 0 0.17 0.25 -18.6
19870311 0 0.18 0.25 -18
19870312 0.8 0.31 0.25 -8.1
19870313 0.3 0.77 0.25 -10.7
19870314 0 0.77 0.25 -6.1
19870315 0 0.7 0.25 -7.8
19870316 0.7 0.35 0.223 -7.4
19870317 0.3 0.37 0.223 -10.5
19870318 3.9 0.43 0.223 -6.1
19870319 5.2 0.47 0.25 -6.1
19870320 3.7 0.61 0.25 -7.2
19870321 1.4 0.45 0.25 -8.2
19870322 0.2 0.61 0.25 -8.6
19870323 0 0.61 0.25 -6.9
19870324 0 0.76 0.25 -11.4
19870325 0 0.42 0.25 -8.7
19870326 0.9 0.75 0.223 -4.3
19870327 5 0.62 0.223 -3.3
19870328 6.9 0.92 0.223 1.1
19870329 0.4 0.55 0.223 0.1
19870330 1 0.88 0.223 -1
19870331 0 0.92 0.223 -1.1
19870401 0 1.07 0.223 1.3
19870402 0.1 0.59 0.223 -0.8
19870403 0.2 0.88 0.223 -1.7
19870404 0 0.62 0.223 0.5
19870405 0 0.87 0.223 -3.9
19870406 1.8 0.62 0.223 -1
19870407 0 0.75 0.197 0.4
19870408 0 0.9 0.197 -2.1
19870409 0 1.1 0.197 -4.6
19870410 0 0.97 0.197 -1.8
19870411 0.5 0.83 0.197 -0.9
19870412 0.8 0.61 0.197 -0.6
19870413 0 1.14 0.197 2
19870414 0.2 1.03 0.197 3.5
19870415 0 1.23 0.197 4.5
19870416 0 1.17 0.197 0.8
19870417 1.6 0.95 0.197 -2
19870418 0.8 0.83 0.223 0.4
19870419 0 1.13 0.223 -0.4
19870420 3 1.32 0.223 -2.8
19870421 3.7 0.42 0.223 -0.4
19870422 1.7 0.48 0.223 4
19870423 1 1.24 0.25 5.3
19870424 0 0.6 0.31 5.1
19870425 1.3 1.08 0.413 3.8
19870426 0.2 0.96 0.618 2.8
19870427 0.3 0.54 0.868 4.6
19870428 0.1 1.41 1.164 7.7
19870429 0 1.24 2.332 8.3
19870430 0 0.79 6.301 8.4
19870501 0 2.21 14.981 7.8
19870502 10.6 0.81 26.338 1.9
19870503 3.8 1.63 22.175 2.6
19870504 0.1 1.11 14.981 2.4
19870505 0 0.84 10.867 3.2
19870506 0.1 1.7 8.883 2.9
19870507 0.3 1.01 7.277 1.9
19870508 0 0.82 5.992 3.8
19870509 0.2 0.54 5.544 4
19870510 0.1 0.72 5.691 0.9
19870511 6.5 0.85 5.691 2.2
19870512 0.7 1.07 5.399 2.8
19870513 1.5 0.66 4.704 1.3
19870514 5.7 0.42 4.184 1.1
19870515 2.7 1.02 3.697 3.9
19870516 0 1.57 3.58 4.7
19870517 6.1 0.64 4.184 5.6
19870518 19.2 1.03 7.447 3.6
19870519 4.8 0.87 10.048 4
19870520 1.4 1.02 9.651 2.7
19870521 1.2 1.67 8.148 3.4
19870522 0 0.78 7.109 5.9
19870523 0 1.84 7.97 6.3
19870524 0 1.91 11.721 6.3
19870525 0 1.44 13.532 6.6
19870526 0 1.25 14.489 4.8
19870527 0 1.41 12.384 2.8
19870528 0 1.61 9.072 3.8
19870529 0 1.28 6.944 7
19870530 0 1.57 5.992 7.5
19870531 0 2.13 5.841 6.7
19870601 1.4 0.84 5.992 7.3
19870602 0.1 0.73 6.301 7.7
19870603 2.5 1.27 6.618 7.4
19870604 4.3 0.73 7.277 6.8
19870605 0.7 1.26 8.148 9.7
19870606 0.1 1.98 8.329 9.5
19870607 0.3 1.52 8.883 9.8
19870608 3.6 0.89 9.263 8.8
19870609 9.9 0.59 11.721 7.4
19870610 9.2 0.75 16.509 8.3
19870611 4.8 0.7 13.532 7
19870612 2.6 0.6 11.721 7.7
19870613 6.2 0.72 10.867 8.4
19870614 4.6 0.79 10.25 10.1
19870615 3.9 0.99 9.263 7.7
19870616 3.9 1.49 9.456 9.6
19870617 14.7 1.15 10.454 6.9
19870618 25.3 0.87 17.571 5.3
19870619 4.9 0.87 15.735 6.6
19870620 6.9 0.95 12.384 7.5
19870621 10.5 1.64 12.837 9.9
19870622 0.1 0.66 10.454 8.7
19870623 5.6 0.52 8.511 9.7
19870624 2.4 1.23 7.619 9.1
19870625 2.4 0.71 7.109 8.5
19870626 12.1 1.19 9.072 8.8
19870627 1.9 1.25 9.651 8.3
19870628 0 1.9 8.148 9.8
19870629 0 1.68 6.618 10.1
19870630 2.4 0.63 5.544 7.6
19870701 2.6 0.78 4.976 8.9
19870702 1.4 0.99 4.571 8.6
19870703 1.4 0.87 4.184 9.5
19870704 0.6 1.48 3.58 11.9
19870705 0.9 2.47 3.132 13.6
19870706 0.6 0.68 2.716 13
19870707 5.7 1.72 2.425 12.9
19870708 4.7 1.6 2.151 8.6
19870709 0 1.72 1.978 8.4
19870710 0 1.57 1.813 7.5
19870711 0.8 1.12 1.656 7.5
19870712 0 1.46 1.506 8.4
19870713 0.1 1.56 1.363 7.7
19870714 0.3 2.86 1.228 11.9
19870715 0 2.61 1.101 13.7
19870716 0 4.47 1.04 15.3
19870717 0 4.88 0.981 16.1
19870718 0 5.44 0.924 14.9
19870719 0 3.54 0.868 15.2
19870720 0 2.23 0.814 17.6
19870721 0 2.46 0.763 16.4
19870722 0 2.58 0.664 15.6
19870723 0 1.87 0.573 15.1
19870724 9.5 1.65 0.618 9.6
19870725 4.3 1.07 0.713 7.7
19870726 3.9 1.11 0.868 7.7
19870727 9.2 0.96 1.164 9.4
19870728 3.5 1.48 1.164 8.5
19870729 0.9 0.95 1.164 8.4
19870730 3.5 0.93 1.295 8.7
19870731 0.6 0.95 1.434 7.5
19870801 2.2 1.46 1.813 11.8
19870802 0.3 0.82 2.241 8.3
19870803 19.8 0.79 2.716 8.4
19870804 2 1.06 3.241 8.8
19870805 0.2 1.37 3.132 7.3
19870806 9.4 1.14 3.132 7.4
19870807 20.5 1.57 4.184 10.6
19870808 0.7 1.16 4.44 8.8
19870809 2.6 1.36 4.184 7.6
19870810 1.6 1.41 3.816 7.5
19870811 0.1 1.41 3.352 7.5
19870812 0 1.22 2.92 6.5
19870813 0 1.88 2.617 10.8
19870814 0 1.37 2.332 7.6
19870815 11.7 0.79 2.332 7.3
19870816 3.5 1.85 2.617 10
19870817 0 1 2.617 8.6
19870818 0.4 0.8 2.425 12.7
19870819 5 1.17 2.332 10.8
19870820 0.3 1.19 2.332 12.4
19870821 1.1 1.17 2.151 12.7
19870822 0.7 1.25 1.978 9.5
19870823 4.1 1.38 1.978 8.3
19870824 0.6 1.2 1.978 5.8
19870825 0 1.23 1.895 6.9
19870826 3.4 0.61 1.813 7.1
19870827 8.8 0.42 2.064 7
19870828 6.8 1.08 2.425 6.5
19870829 0.4 0.99 2.52 6.2
19870830 0.5 1.21 2.52 5.3
19870831 0.1 1.09 2.332 5
19870901 0.1 0.69 2.151 6
19870902 0.4 1.03 1.978 9.3
19870903 0.3 0.75 1.813 6.9
19870904 0 1.5 1.733 6.6
19870905 0 1.66 1.58 9.9
19870906 4.5 1.23 1.58 10.1
19870907 14.5 0.8 1.895 8.2
19870908 2 0.51 2.241 7.7
19870909 1.4 0.71 2.332 7.3
19870910 2.7 0.63 2.332 5.5
19870911 18.6 0.79 3.132 4.8
19870912 4.4 1.05 4.311 6.1
19870913 10.3 1.19 4.976 5.7
19870914 2.6 1.2 5.399 5.7
19870915 1 0.7 4.704 3.2
19870916 0.1 1.16 4.059 2.8
19870917 0 1.64 3.465 2.8
19870918 0.1 0.86 3.241 6.4
19870919 17.3 0.83 4.059 2.7
19870920 0.3 1.19 4.059 3.9
19870921 0 0.97 3.697 2.7
19870922 15 0.62 4.839 6.8
19870923 0.6 0.57 5.256 6.9
19870924 0 0.99 4.704 7.6
19870925 1.8 0.75 4.311 6.6
19870926 9 0.77 4.571 4.2
19870927 0.3 0.61 4.44 1.5
19870928 0.1 1 3.936 2
19870929 0 0.53 3.58 1.2
19870930 0 0.52 3.241 5.6
19871001 0 0.46 3.025 2
19871002 0 0.44 2.716 2.2
19871003 0 0.57 2.52 -0.8
19871004 0 0.42 2.332 0.6
19871005 0 0.98 2.241 4.8
19871006 0 0.77 2.151 6.1
19871007 10.7 1.34 2.52 5
19871008 9.9 0.89 3.58 6.2
19871009 10.4 1.66 5.544 5.9
19871010 7.5 1.57 7.447 7.7
19871011 0 0.74 6.618 8.9
19871012 5.4 1.47 5.691 4.3
19871013 13.9 0.36 5.841 5.5
19871014 5.5 0.82 7.447 4.6
19871015 3.8 0.61 7.277 5.2
19871016 13.5 1.04 9.849 9.2
19871017 6.6 1.48 13.066 7.3
19871018 0 1.88 10.25 5.5
19871019 0 1.74 7.794 6
19871020 0 1.36 5.992 6.3
19871021 0 1.11 5.115 5.1
19871022 0 0.62 4.44 3.6
19871023 0 0.74 3.936 1.4
19871024 1.7 0.61 3.58 1.2
19871025 0 0.47 3.352 -0.6
19871026 0 0.35 3.025 -1.3
19871027 0 0.9 2.817 3.1
19871028 0 0.62 2.716 3.3
19871029 2.5 0.59 2.52 -0.2
19871030 0.6 0.34 2.425 1.3
19871031 1.8 0.33 2.332 2.1
19871101 0.3 0.71 2.241 -0.1
19871102 0 0.36 2.151 -0.9
19871103 0.1 0.73 2.064 2.3
19871104 0 1.18 1.978 4.7
19871105 0.2 1.02 1.895 5.1
19871106 0 0.72 1.978 3.2
19871107 1.2 0.37 1.978 -2.1
19871108 3.3 0.38 1.978 -6.9
19871109 0.1 0.19 1.813 -15.8
19871110 0 0.17 1.58 -16.3
19871111 0 0.17 1.434 -14.3
19871112 0.1 0 1.363 -1.6
19871113 16.1 0.34 1.506 -1.2
19871114 1.8 0.38 1.506 0.8
19871115 0.9 0.55 1.506 0.9
19871116 0.3 0.46 1.434 0.4
19871117 3 0.3 1.434 0.2
19871118 0 0.45 1.434 -1.2
19871119 7.2 0.44 1.434 -1.3
19871120 0.2 0.4 1.363 -3.4
19871121 0.2 0.27 1.363 -7.3
19871122 3.9 0.41 1.295 -2.1
19871123 6 0.3 1.295 -2.5
19871124 0.7 0.39 1.295 -6.5
19871125 0.4 0.22 1.228 -11.4
19871126 0 0.04 1.228 -8
19871127 0.1 0.38 1.164 -17.6
19871128 0 0.14 1.101 -19.2
19871129 0 0.15 1.101 -17.5
19871130 0 0.06 1.04 -10
19871201 0.6 0.42 1.04 -1.2
19871202 0 0.5 0.981 1.7
19871203 0 0.56 0.981 -4.8
19871204 0 0.19 0.981 -14.5
19871205 0.1 0.1 0.924 -2.5
19871206 0.8 1.08 0.924 -8.5
19871207 0.6 0.04 0.924 -13.2
19871208 0.6 0.21 0.868 -3.1
19871209 0.3 0.34 0.868 1.3
19871210 1.2 0.47 0.868 -0.8
19871211 11.8 0.45 0.868 -4.8
19871212 0.9 0.25 0.868 -0.4
19871213 0.2 0.44 0.868 1
19871214 0.1 0.57 0.814 -7.9
19871215 0 0.08 0.814 -8.1
19871216 0.5 0.45 0.814 -16.5
19871217 0 0.3 0.763 -22
19871218 0 0.11 0.763 -19.8
19871219 0.2 0 0.763 -5.9
19871220 0 0.26 0.713 -2.4
19871221 8.3 0.32 0.713 1.3
19871222 5.7 0.6 0.713 -2.6
19871223 0.2 0.62 0.713 -2.8
19871224 0 0.11 0.713 -5.7
19871225 0 0.49 0.713 -11.8
19871226 0 0.27 0.664 -6
19871227 0.4 0.26 0.664 -5.6
19871228 1 0.47 0.664 -5.6
19871229 2.4 0.22 0.664 -6.4
19871230 0 0.05 0.618 0
19871231 0.3 0.64 0.618 -0.6
19880101 8.3 0.44 0.618 1.9
19880102 0.2 0.58 0.618 -4
19880103 1 0.2 0.618 -3
19880104 0.1 0.3 0.573 -4.8
19880105 0.1 0.29 0.573 -8.9
19880106 0.8 0.18 0.573 -5.8
19880107 1 0.35 0.573 -7.7
19880108 0.4 0.36 0.573 -16.3
19880109 0.1 0.31 0.531 -3.8
19880110 0.4 1.51 0.531 1.5
19880111 0.1 0.66 0.531 -5.4
19880112 0 0.2 0.531 -13.1
19880113 1.2 0.42 0.531 -1.7
19880114 0.2 0.59 0.489 0.9
19880115 2.2 0.37 0.489 -1
19880116 0.7 0.3 0.489 -6.3
19880117 0 0.2 0.489 -9.4
19880118 0.1 0.11 0.489 -5.7
19880119 6 0.35 0.489 -6.1
19880120 0.8 0 0.489 -0.5
19880121 5.9 0.74 0.489 -0.7
19880122 2 0.75 0.45 -1.4
19880123 1.2 0.65 0.45 -3
19880124 0.4 0.39 0.45 -16.7
19880125 0.4 0.13 0.45 -10.2
19880126 3.9 0.16 0.45 -4.8
19880127 4.4 0.29 0.45 -6.8
19880128 4.7 0.23 0.45 -5.2
19880129 4.4 0.5 0.45 -5.3
19880130 3.4 0.59 0.45 -6.7
19880131 0.9 0.47 0.45 -7.4
19880201 2.2 0.52 0.413 -7.4
19880202 4.4 0.31 0.413 -2
19880203 1.5 0.5 0.413 -0.2
19880204 0.2 0.33 0.413 -4
19880205 2.9 0.18 0.413 -0.2
19880206 3.5 0.8 0.413 -0.6
19880207 1.8 0.34 0.413 -4.5
19880208 0.5 0.27 0.413 -8.5
19880209 0 0.16 0.413 -12
19880210 2.1 0.3 0.413 -2.6
19880211 5.4 0.35 0.413 -1.5
19880212 7.2 0.46 0.413 -3.3
19880213 0.6 0.45 0.413 -12.9
19880214 1.5 0.11 0.413 -2.8
19880215 0.4 0.34 0.413 -3.9
19880216 0.5 0.83 0.377 -1.8
19880217 0.2 0.53 0.377 -5
19880218 5.1 0.43 0.377 -7.3
19880219 6.5 0.29 0.377 -7.7
19880220 2.5 0.21 0.377 -10.5
19880221 2.6 0.41 0.377 -4.3
19880222 0.4 0.56 0.377 -6.6
19880223 3.2 0.34 0.377 -7.8
19880224 0.8 0.46 0.377 -17.9
19880225 0.2 0.26 0.377 -20.5
19880226 0.1 0.11 0.377 -24.5
19880227 0.1 0.16 0.377 -12.4
19880228 4.4 0.12 0.377 -3.1
19880229 6.4 0.48 0.377 -6.1
19880301 3.6 0.44 0.377 -7.8
19880302 0.4 0.42 0.377 -8
19880303 5.4 0.32 0.377 -5.4
19880304 18.2 0.72 0.377 -7.8
19880305 6.8 0.32 0.377 -6.1
19880306 1 0.43 0.377 -7.2
19880307 0.2 0.31 0.377 -8.2
19880308 0 0.37 0.343 -8.9
19880309 0 0.16 0.343 -15.3
19880310 0.9 0.28 0.343 -7.9
19880311 0.5 0.59 0.343 -6.1
19880312 0.4 0.47 0.343 -5.6
19880313 0.4 0.5 0.343 -6.8
19880314 0.1 0.41 0.343 -9.4
19880315 0 0.37 0.31 -15.6
19880316 0 0.34 0.31 -18.5
19880317 0.6 0.41 0.31 -17.1
19880318 0.6 0.53 0.31 -5.1
19880319 0 1.06 0.31 -7.9
19880320 0.5 1.02 0.279 -1.5
19880321 1.2 0.62 0.279 -2.1
19880322 0.2 0.6 0.279 -1.2
19880323 0.4 0.48 0.279 -3.4
19880324 1.3 0.69 0.279 -5.6
19880325 0.4 0.66 0.279 -3.4
19880326 0.5 0.49 0.279 -3.4
19880327 0.4 0.54 0.279 -1.4
19880328 0.2 0.73 0.279 -0.7
19880329 2.1 0.75 0.279 -1.1
19880330 0.7 0.74 0.279 -0.3
19880331 5.1 0.7 0.279 0.7
19880401 5.8 0.78 0.279 1.9
19880402 0 0.39 0.279 0
19880403 0 0.39 0.279 -1.3
19880404 0 0.39 0.279 -0.5
19880405 0 0.85 0.279 3
19880406 0.1 1.28 0.279 4.1
19880407 0 1.63 0.31 3.3
19880408 1.7 1.68 0.343 -4
19880409 7.5 0.6 0.377 -5.7
19880410 4.8 0.09 0.413 -8.9
19880411 9.5 1.14 0.413 -4.1
19880412 0 0.4 0.413 -7.6
19880413 0.4 0.7 0.413 -5.6
19880414 0.1 0.46 0.377 -4.8
19880415 1.8 0.53 0.377 1
19880416 3.4 1.47 0.413 4.3
19880417 4.1 0.63 0.413 -1.3
19880418 9.2 0.72 0.45 -3.2
19880419 0 0.49 0.45 -6.5
19880420 0.6 0.42 0.45 -2.7
19880421 0.2 1.27 0.45 -4.9
19880422 0 0.44 0.45 -6
19880423 0.8 0.43 0.413 -4.4
19880424 0.4 0.38 0.413 -6
19880425 1.1 0.71 0.413 -2.5
19880426 0 0.52 0.413 -5.9
19880427 0 0.77 0.413 -5.4
19880428 0 1.22 0.377 -1.9
19880429 0 1.41 0.377 -0.1
19880430 0 0.72 0.377 1.4
19880501 0.4 0.87 0.377 1.8
19880502 0.2 0.54 0.377 4.1
19880503 3.4 0.74 0.413 3.1
19880504 0.8 0.71 0.489 3.3
19880505 0.7 0.81 0.573 4.9
19880506 0 0.74 0.763 4.2
19880507 0 0.62 0.981 6.1
19880508 0 1.05 1.363 6.2
19880509 0 2.09 2.064 8.1
19880510 0 2.03 3.816 7.7
19880511 0 1.69 6.459 7.3
19880512 0 1.44 9.072 8.2
19880513 0 2.22 11.505 8
19880514 0 2.02 13.768 7.4
19880515 0 1.8 15.991 4.7
19880516 0 1.46 17.035 7.6
19880517 0.1 1.51 18.116 3.4
19880518 0.2 1.89 16.249 2.2
19880519 0.2 1.42 12.609 1.9
19880520 0 1.06 9.849 3
19880521 0 1.32 8.329 2.2
19880522 0 1.88 7.109 3.1
19880523 0.4 0.8 6.618 3.6
19880524 5.1 0.97 7.277 6.7
19880525 0 1.99 8.511 10.4
19880526 0 2.68 10.867 12.7
19880527 0 3.14 15.991 14.7
19880528 0 2.6 23.416 15.9
19880529 0 3.26 24.049 14.6
19880530 0 2.13 21.569 15.6
19880531 0 0.9 19.515 10
19880601 2.4 0.88 14.981 8.1
19880602 1.8 1.55 11.721 8.4
19880603 0.1 1.19 9.456 9
19880604 3.5 0.71 8.883 8.7
19880605 9.3 0.91 9.651 5.1
19880606 0.3 1.38 8.883 11.8
19880607 0 0.96 7.794 13.5
19880608 0 2.06 6.944 14.9
19880609 0 2.03 6.301 8.8
19880610 0 1.57 5.841 7.4
19880611 1.5 2.55 5.399 7.9
19880612 0 2.97 4.839 13.8
19880613 0 3.8 4.44 7.4
19880614 0 2.41 4.184 9.2
19880615 0 1.93 3.816 12.1
19880616 0 2.28 3.465 11.2
19880617 1.2 1.92 3.352 12.7
19880618 0 2.41 3.132 12.3
19880619 0 1.97 2.92 8.6
19880620 0 3.35 2.817 14.2
19880621 0 2.18 2.617 16.5
19880622 0.4 3.35 2.425 13.1
19880623 0 1.73 2.332 13.1
19880624 0.6 1.43 2.151 12.9
19880625 0 2.82 2.064 15.8
19880626 0 3.47 1.895 19.7
19880627 0 2.61 1.813 20.6
19880628 1.1 2.54 1.656 19.6
19880629 2.5 1.29 1.58 18.2
19880630 6.4 0.97 1.58 13.5
19880701 2.5 0.62 1.733 13.4
19880702 0 1.82 1.813 15.2
19880703 12.9 2.13 1.895 16.4
19880704 4.2 2.18 2.064 15.8
19880705 0.4 2.77 2.064 15.3
19880706 0 1.49 1.813 14.5
19880707 18.1 1.21 1.895 14.2
19880708 0 1.95 1.978 12.7
19880709 0 1.37 1.895 11.9
19880710 0.1 3.01 1.656 13.2
19880711 6.2 1.89 1.58 12.6
19880712 9.4 3.51 1.813 14.7
19880713 0.7 1.27 1.895 13.9
19880714 0 2.16 1.733 14
19880715 0.4 1.32 1.656 15.1
19880716 6.9 0.57 1.656 16
19880717 5 1.32 1.733 15.9
19880718 3.9 2.03 1.813 15.4
19880719 0.8 1.16 1.813 15.9
19880720 12.4 1.23 1.978 14.5
19880721 26.3 1.68 2.92 9.9
19880722 0.6 1.59 4.571 10.6
19880723 0.1 1.73 4.311 13.2
19880724 3.2 1.19 3.936 13.3
19880725 2.9 4.8 3.58 16.2
19880726 0.4 4.19 3.352 13.1
19880727 2.4 1.95 2.92 11.7
19880728 5 1.33 2.617 9.6
19880729 0.6 1.97 2.332 12.6
19880730 0.2 1.09 2.151 11
19880731 3.6 1.06 1.978 10.8
19880801 8.9 1.1 2.064 9.5
19880802 0.3 1.35 2.064 8.1
19880803 0 1.51 1.978 8.4
19880804 0 0.89 1.813 8.2
19880805 0.6 2.18 1.733 11
19880806 0.1 1.5 1.58 11.3
19880807 0 1.48 1.506 11.7
19880808 0 1.56 1.363 12
19880809 0 2.37 1.295 11.9
19880810 0 2.1 1.228 12.1
19880811 0 1.47 1.164 12.1
19880812 4.1 1.36 1.164 12
19880813 5 0.55 1.295 9.9
19880814 3.4 1.63 1.434 11.9
19880815 2.5 1.11 1.506 11.2
19880816 13.2 1.45 1.733 12
19880817 1.1 1.66 1.978 9.9
19880818 0.3 1.63 1.978 10.6
19880819 2.3 2.35 1.895 10.6
19880820 7.9 1.06 1.978 11.8
19880821 6.6 0.93 2.332 9.3
19880822 1.8 1.26 2.716 8.4
19880823 0 1.13 2.617 9.1
19880824 0 1.24 2.425 10.2
19880825 0.5 1.13 2.151 9.6
19880826 0 1.19 1.978 9
19880827 2.9 1.38 1.813 10.2
19880828 3.2 1.1 1.733 12.5
19880829 0.3 1.25 1.733 12.1
19880830 6.1 1.16 2.151 10.8
19880831 0 1.96 2.151 7.7
19880901 0 2.12 2.064 12
19880902 1.3 1.51 1.895 11
19880903 6.4 0.86 1.978 12.7
19880904 18 1.5 2.92 10.9
19880905 0.1 1.02 3.697 8.1
19880906 0 1.44 3.465 9
19880907 0 1.83 3.025 9.9
19880908 0 2.5 2.617 13.3
19880909 0 1.17 2.332 11.8
19880910 0.1 0.52 2.064 9.5
19880911 0.2 0.83 1.978 6.9
19880912 33.6 0.48 2.817 4.8
19880913 22.6 1.62 7.277 7.6
19880914 0.1 0.93 8.329 6.4
19880915 0 1.92 6.618 9.9
19880916 0 1.59 5.256 6.3
19880917 0.3 1.31 4.44 5.7
19880918 0.9 0.89 3.816 4.6
19880919 2.3 1.51 3.58 8.4
19880920 0.2 1.05 3.352 6.4
19880921 0.3 0.69 3.025 3.6
19880922 0.3 0.86 2.817 8.2
19880923 0.7 1.47 2.716 9
19880924 2.8 0.99 2.617 8.4
19880925 1.9 1.9 2.716 6.1
19880926 3.3 0.39 2.716 3.4
19880927 1.9 1.5 2.817 4.9
19880928 2.5 1.61 2.817 9.3
19880929 0.3 1.26 2.716 4.5
19880930 0.9 0.87 2.52 3.9
19881001 1.8 0.9 2.425 2.6
19881002 1.1 1.73 2.332 6.4
19881003 0 1.03 2.241 7
19881004 0.1 0.96 2.064 7.7
19881005 0 0.68 1.978 5.2
19881006 0.3 0.88 1.895 7
19881007 11.8 1.32 2.425 4.8
19881008 2.9 0.79 3.352 3.6
19881009 1 0.48 3.465 1.2
19881010 6.6 0.57 3.241 -0.4
19881011 0 0.47 2.92 -3.1
19881012 0 0.38 2.617 -3.7
19881013 0.1 0.19 2.425 0.5
19881014 1.7 0.44 2.241 3.5
19881015 0 0.44 2.241 0.9
19881016 0 0.66 2.241 -0.9
19881017 0 0.39 2.241 0.9
19881018 0 0.63 2.151 2.3
19881019 0 0.47 2.064 0.5
19881020 0 0.5 1.895 -1
19881021 0 0.38 1.813 -1.3
19881022 0 0.67 1.733 0.2
19881023 0.1 0.52 1.656 0.3
19881024 1.1 0.4 1.58 -5.8
19881025 0.2 0.28 1.506 -8.4
19881026 0 0.96 1.434 -0.4
19881027 2.4 0.38 1.363 -1.6
19881028 0.7 0.66 1.363 -3
19881029 0.4 0.39 1.295 -6.5
19881030 0.2 0.36 1.228 -5.5
19881031 0.7 0.34 1.228 -2.1
19881101 4 0.44 1.228 -2.3
19881102 3.7 0.35 1.228 -8.8
19881103 0.4 0.38 1.164 0.4
19881104 0 0.42 1.164 -9.8
19881105 0 0.31 1.101 -4.4
19881106 0.7 0.5 1.101 -3.7
19881107 0.1 0.48 1.101 -1.3
19881108 0.1 0.26 1.04 -10.9
19881109 0.1 0.68 1.04 -1.8
19881110 0.5 0.69 0.981 1.2
19881111 0.1 1.13 0.981 3.6
19881112 0 0.68 0.981 0.8
19881113 0 0.59 0.981 -1.3
19881114 0 0.35 0.981 -2
19881115 1.5 0.25 0.924 -1.3
19881116 0.6 0.51 0.924 -4.5
19881117 0.7 0.63 0.868 -2.5
19881118 0 0.49 0.868 -6.8
19881119 1.5 0.29 0.868 -7.6
19881120 0.9 0.3 0.868 -9.7
19881121 0.2 0.08 0.814 -7.8
19881122 0.5 0 0.814 -0.4
19881123 0.6 0.64 0.763 2.1
19881124 0.3 1.35 0.763 2.2
19881125 0.1 0.59 0.763 -2.5
19881126 0.2 0.44 0.763 -6.3
19881127 0.8 0.41 0.713 -7.6
19881128 1.5 0.31 0.713 -9.4
19881129 0.2 0.38 0.713 -18.6
19881130 3.5 0.2 0.713 -14
19881201 0.1 0.27 0.664 -22.4
19881202 0 0.17 0.664 -9.9
19881203 0 0.7 0.664 -7.6
19881204 0.8 0.28 0.664 -6.6
19881205 2.7 0.27 0.664 -8.8
19881206 0.2 0.15 0.618 -5.4
19881207 0.3 0.41 0.618 -3.1
19881208 2.2 0.09 0.618 -1.4
19881209 4.3 0.69 0.618 -6.2
19881210 2.2 0.28 0.618 -8.4
19881211 3.4 0.39 0.618 -4.9
19881212 2.9 0.36 0.618 -2.8
19881213 2.9 0.39 0.573 -1.9
19881214 3.5 0.32 0.573 -6.6
19881215 0.7 0.11 0.573 -6
19881216 0.3 0.26 0.573 -9.7
19881217 0.1 0.28 0.573 -9.5
19881218 0.1 0.39 0.573 -8.4
19881219 4.7 0.22 0.531 -11.2
19881220 0.1 0.24 0.531 -6.8
19881221 0.1 0.32 0.531 -3.6
19881222 0.4 0.54 0.531 -0.2
19881223 1.4 0.54 0.531 -4
19881224 0.7 0.29 0.531 -6.9
19881225 1.8 0.23 0.489 -11.4
19881226 2.6 0.26 0.489 -6.9
19881227 2 0.24 0.489 -8.6
19881228 0 0.23 0.489 -9.9
19881229 0 0.64 0.489 0.3
19881230 0 0.34 0.489 -2.8
19881231 2.4 0.25 0.489 -1
19890101 7.3 0.32 0.489 -1.7
19890102 1.6 0.24 0.489 -0.5
19890103 0.7 0.51 0.489 -3.7
19890104 0 0.38 0.489 -10.1
19890105 0.2 0.22 0.489 -10.5
19890106 0 0.37 0.45 -4
19890107 0 0.48 0.45 -2.9
19890108 0.1 0.25 0.45 -5.4
19890109 0 0.5 0.45 -3.2
19890110 0 0.54 0.45 -2.8
19890111 0 0.49 0.413 -4.4
19890112 0.1 0.68 0.413 0.5
19890113 0.2 0.41 0.413 -1.6
19890114 0.1 0.51 0.413 -1
19890115 0.3 0.61 0.413 -0.1
19890116 0.1 0.46 0.377 -1.2
19890117 0.1 0.85 0.413 -2.9
19890118 2.6 0.52 0.413 -4.1
19890119 0.1 0.72 0.377 1.2
19890120 0 0.5 0.377 -0.7
19890121 4.8 0.23 0.413 -0.3
19890122 0.4 0.62 0.413 -4.8
19890123 1.1 0.3 0.377 -5.7
19890124 0.8 0.32 0.377 -3.9
19890125 0 0.52 0.377 -2.9
19890126 0 0.52 0.377 -8.6
19890127 0 0.48 0.377 -2.4
19890128 0.2 0.9 0.377 2.6
19890129 0.3 1.56 0.377 1.5
19890130 4 1.06 0.45 -3.5
19890131 0.4 0.59 0.45 1
19890201 0 0.38 0.45 -2.3
19890202 0 0.97 0.45 0.6
19890203 0 1.25 0.45 -0.6
19890204 0 0.58 0.45 2.1
19890205 0.2 0.85 0.45 -3
19890206 0.5 0.38 0.413 -0.1
19890207 2.1 0.35 0.413 -4
19890208 0 0.57 0.413 -3.7
19890209 0 0.31 0.413 -10.4
19890210 0 0.62 0.413 2.1
19890211 0.5 0.55 0.413 -0.5
19890212 0 0.49 0.413 -3.7
19890213 0.5 0.52 0.413 -4.2
19890214 1.6 0.53 0.377 -4.2
19890215 1.3 0.71 0.377 -3
19890216 0 0.44 0.377 -5.9
19890217 0.6 0.43 0.377 -7.9
19890218 1.1 0.05 0.377 -7.2
19890219 5.1 0.58 0.377 -1.4
19890220 0.5 0.62 0.377 -5.3
19890221 0 0.53 0.377 -10.4
19890222 0 0.44 0.377 -6.9
19890223 0.8 0.68 0.343 -1.5
19890224 0.1 0.51 0.343 -8.2
19890225 4.2 0.17 0.343 -3.6
19890226 10.3 0.54 0.343 -3
19890227 11.4 0.19 0.343 -0.1
19890228 3.8 0.54 0.343 -1.6
19890301 0 0.28 0.31 -10.4
19890302 0.2 0.41 0.31 -3
19890303 0.7 0.28 0.31 -5.9
19890304 0.3 0.38 0.31 -5.5
19890305 1.1 1.1 0.279 0.6
19890306 0 0.41 0.25 1.8
19890307 1 1.17 0.279 4.3
19890308 0.8 0.65 0.31 1.1
19890309 2.4 0.85 0.413 0.4
19890310 1.5 0.99 0.489 1.6
19890311 0.3 0.8 0.45 -4.1
19890312 0 0.95 0.45 1.5
19890313 0.6 0.72 0.45 0.2
19890314 3.1 0.51 0.45 -1.6
19890315 0.1 0.77 0.413 -2.3
19890316 0.1 0.8 0.413 -0.9
19890317 1.5 0.73 0.377 -4.1
19890318 0 0.56 0.343 -6.6
19890319 0.4 1.1 0.31 0.8
19890320 0.4 0.07 0.31 2
19890321 0.7 0.83 0.279 -1.9
19890322 1.3 0.9 0.279 -1.7
19890323 0 0.86 0.279 -4.7
19890324 0.3 0.19 0.25 -6.2
19890325 8 0.37 0.25 -0.7
19890326 0.4 0.99 0.25 -1.2
19890327 0.1 0.67 0.25 0.5
19890328 0 0.71 0.25 2.8
19890329 5.7 0.73 0.279 -1.5
19890330 0.6 0.56 0.31 0
19890331 1.4 1.01 0.31 1.9
19890401 0 0.81 0.31 -7.7
19890402 0 0.74 0.31 -8.8
19890403 0 0.72 0.31 -7.9
19890404 0 0.39 0.31 -8.2
19890405 0 0.52 0.279 -8
19890406 0 0.81 0.279 -5.3
19890407 0.2 0.64 0.279 0.1
19890408 0 0.85 0.279 1.8
19890409 0.3 0.96 0.279 2.1
19890410 1.1 0.59 0.279 -0.1
19890411 1.7 0.54 0.279 2.2
19890412 1.6 0.48 0.279 4.7
19890413 3.7 0.75 0.413 6.3
19890414 0.1 0.85 0.713 7.9
19890415 0 1.18 1.506 7
19890416 0 0.91 3.241 5.2
19890417 0 0.75 5.544 -0.8
19890418 2.1 0.87 6.459 2.4
19890419 1.7 0.67 6.146 1.9
19890420 1.3 0.56 5.399 4.8
19890421 0 1.06 4.976 0.7
19890422 0.4 0.65 4.571 -2.2
19890423 0.1 0.96 4.059 -3
19890424 0 1.13 3.465 -1.1
19890425 0 0.56 3.025 -3.1
19890426 2.7 0.92 2.617 0.8
19890427 1.8 0.65 2.332 -0.1
19890428 2.4 0.59 2.151 0.8
19890429 0.1 1.17 1.978 2
19890430 0 1.2 1.813 1.1
19890501 0 1.75 1.733 3.8
19890502 0.1 1.08 1.813 8.6
19890503 0 0.95 2.617 5.8
19890504 0 1.26 4.571 2.6
19890505 0 1.28 6.618 1.8
19890506 1.3 0.85 7.277 2.4
19890507 0 1.13 6.78 4
19890508 2.2 1.31 6.459 3.8
19890509 1 1.08 6.301 4.6
19890510 5.6 0.99 6.78 2
19890511 3.3 1.41 6.301 2.3
19890512 0.1 1.45 5.544 4.5
19890513 3.4 0.98 5.399 2.8
19890514 4.3 1.19 5.399 4.3
19890515 0 2.28 5.256 6.1
19890516 0 2.34 6.618 8.3
19890517 1.7 1.94 10.25 6.3
19890518 0.8 0.56 11.078 4
19890519 1.1 2.02 10.454 7.1
19890520 0 1.86 10.454 5.8
19890521 0 0.6 9.651 9.6
19890522 0 2.18 8.883 10.5
19890523 0 3.36 9.456 13.3
19890524 0 2.78 11.29 13.8
19890525 0 3.21 12.609 6.9
19890526 1.7 0.94 11.721 4.6
19890527 0.7 1.78 8.883 4.4
19890528 0.1 1.79 6.944 7.6
19890529 0.3 2.33 5.841 4
19890530 0.3 1.63 5.115 3.5
19890531 0.1 1.28 4.839 3.5
19890601 0.2 1.28 4.571 3.8
19890602 0.8 1.22 4.44 4.4
19890603 0.6 0.68 4.311 6.5
19890604 1.4 1.21 4.311 8.3
19890605 1.5 0.81 4.184 6.5
19890606 5.7 0.82 4.311 8.1
19890607 0.3 1.18 4.571 10.6
19890608 9.7 1.95 4.839 8.1
19890609 6.3 1.41 5.115 7.8
19890610 0.9 0.74 4.571 7.4
19890611 3 1.43 4.184 7.8
19890612 0 2.2 3.936 10.6
19890613 0 2.08 3.697 13.6
19890614 0 3.93 3.58 14.5
19890615 0 2.42 3.465 14.7
19890616 0 2.64 3.352 15.2
19890617 0 3.07 3.241 9
19890618 0 0.85 3.132 10.3
19890619 0 1.82 3.025 16.9
19890620 0 1.78 2.92 15.3
19890621 2.8 1.27 2.92 15.5
19890622 3.2 3.18 2.817 15.9
19890623 0 2.86 2.817 11
19890624 0 1.22 2.817 7.5
19890625 1.1 1.37 2.716 8.8
19890626 2.9 4.23 2.617 13.9
19890627 6.2 2.19 2.817 14.9
19890628 9.4 1.96 3.025 13.5
19890629 6.3 3.1 2.92 9.7
19890630 1.2 2.9 2.817 8.5
19890701 0 2.16 2.716 9.1
19890702 0 1.69 2.425 11.5
19890703 0 1.99 2.151 11.2
19890704 0.1 0.92 1.978 17.7
19890705 0 3.3 1.813 12.5
19890706 0 3.23 1.656 14.2
19890707 0 2.01 1.506 13.5
19890708 0 2.22 1.434 11.9
19890709 0 1.21 1.295 8.6
19890710 0 2.62 1.228 13
19890711 0 1.63 1.101 15.2
19890712 0.6 2.19 1.101 12.7
19890713 0.8 1.82 1.04 8.4
19890714 0.6 1.05 0.981 7.1
19890715 0.4 0.86 0.981 5.8
19890716 0.7 0.95 0.981 5.2
19890717 1.2 0.81 0.981 5.2
19890718 1 0.93 0.924 5.9
19890719 0.3 0.92 0.924 7
19890720 0 1.22 0.924 9.6
19890721 0.1 2.04 0.924 11.6
19890722 0.2 1.18 0.868 13.5
19890723 0 1.11 0.814 15.1
19890724 0 0.93 0.814 16.9
19890725 0.2 2.63 0.924 17.7
19890726 0.2 3.8 0.924 17.4
19890727 0.3 2.39 0.924 12.9
19890728 14 1.29 1.164 11.5
19890729 4.5 1.29 1.363 13
19890730 10.8 1.02 1.434 13
19890731 3.6 1.06 2.425 8.2
19890801 77 0.57 27.354 8.5
19890802 13.6 1.11 29.73 10.2
19890803 7.2 2.06 18.871 10.8
19890804 5.1 0.99 12.886 9.3
19890805 13.9 0.73 14.993 11.5
19890806 8.5 0.59 15.237 10.3
19890807 8.9 0.7 14.272 13.4
19890808 0.5 1.29 12.221 12.7
19890809 6.3 1.62 9.937 14.4
19890810 3.5 1.36 8.25 12.4
19890811 3.1 1.15 6.724 13.3
19890812 8.7 0.66 6.251 10.7
19890813 9 1.71 6.565 10.6
19890814 0 2.64 6.886 13
19890815 0 1.33 6.098 12.5
19890816 0.2 1.69 5.218 12.8
19890817 0.9 2.08 4.67 13.7
19890818 1.8 2.66 4.154 9.4
19890819 0.5 1.23 3.788 8.8
19890820 0.1 1.57 3.439 10
19890821 1.2 1.01 3.216 11.8
19890822 0.1 1.27 3.001 12.6
19890823 7.2 1.16 2.793 7.7
19890824 1.9 0.75 3.001 6.5
19890825 2.8 0.97 3.107 6.5
19890826 1.8 0.72 3.216 4.4
19890827 0 0.91 3.107 7.8
19890828 0 0.73 3.001 6
19890829 0 0.67 2.793 5.1
19890830 0.7 2.34 2.593 8
19890831 0 1.71 2.496 11.1
19890901 1.3 1.49 2.401 8.8
19890902 0 0.85 2.308 8.9
19890903 0 1.07 2.225 4.1
19890904 0 1.42 2.012 6.5
19890905 0 1.67 1.91 10.3
19890906 5 3.72 1.812 12.1
19890907 0 1.79 1.812 5.4
19890908 0 0.94 1.718 4.8
19890909 0 0.59 1.626 3.4
19890910 0 1.15 1.537 6.2
19890911 0 0.62 1.537 3.5
19890912 0.1 0.56 1.452 9.4
19890913 0 1.67 1.452 7.3
19890914 0 0.91 1.37 5.3
19890915 8.3 0.83 1.37 5.3
19890916 6.8 0.98 2.012 6
19890917 1.7 0.81 2.593 1.3
19890918 0.3 1.02 2.593 5.3
19890919 0 1.08 2.496 12.1
19890920 7.7 2.02 2.401 7.5
19890921 0 3.15 2.401 13.1
19890922 0 1.07 2.225 11.7
19890923 0 0.58 2.012 8
19890924 0 1.07 1.91 11.6
19890925 0 1.31 1.91 7.9
19890926 1.8 1.32 1.812 5
19890927 0 1.35 1.718 7.1
19890928 0.1 0.99 1.626 4.1
19890929 0.4 0.93 1.537 3.9
19890930 0.4 1.51 1.452 2
19891001 0 0.88 1.452 3.9
19891002 2 0.81 1.37 0.8
19891003 8.9 0.82 1.452 2.7
19891004 0 0.77 1.452 6
19891005 0 0.8 1.537 5.8
19891006 0 1.05 1.626 5.8
19891007 8.5 0.59 1.452 1.5
19891008 0.6 0.37 1.37 -2.4
19891009 0.5 0.6 1.291 1.6
19891010 1 0.51 1.215 0.4
19891011 0.3 0.77 1.215 -0.1
19891012 0.1 0.61 1.141 0.1
19891013 0.1 1.09 1.141 2
19891014 0 0.58 1.071 -0.4
19891015 0.1 0.65 1.071 0.1
19891016 0.1 0.43 1.003 -1.2
19891017 0.2 0.26 1.071 0.6
19891018 0.2 0.39 1.141 0
19891019 0.1 0.33 1.215 2.3
19891020 0.2 0.41 1.215 2.8
19891021 0.8 1.12 1.215 5.7
19891022 0.2 1.34 1.141 5.8
19891023 0 0.97 1.141 5.3
19891024 0.5 0.79 1.141 1.3
19891025 0 0.99 1.141 3.8
19891026 0 0.7 1.071 1.4
19891027 0.2 0.71 1.071 0.3
19891028 0 0.35 1.071 -0.1
19891029 5.8 0.28 1.071 2.4
19891030 0.4 0.42 1.003 2.9
19891031 0.1 0.33 1.071 0.6
19891101 0.1 0.68 1.141 2.8
19891102 0.2 0.38 1.215 -1.4
19891103 0.2 0.32 1.215 3.2
19891104 3 0.57 1.215 4.1
19891105 1.2 0.77 1.291 3.5
19891106 0 0.36 1.37 -0.4
19891107 0.4 0.48 1.37 1.5
19891108 0.4 0.4 1.37 -1.8
19891109 0.3 0.74 1.291 1.5
19891110 2 0.69 1.291 2.6
19891111 11.3 1.66 1.37 4.8
19891112 2.6 1.31 1.452 2.5
19891113 0.2 0.79 1.537 -0.6
19891114 0 0.39 1.452 -0.9
19891115 2 1 1.452 -1.4
19891116 0 0.54 1.37 -4.4
19891117 0.3 0.31 1.215 -8.7
19891118 0.1 0.38 1.141 -7.8
19891119 0 0.24 1.071 -4.9
19891120 0.4 0.41 1.071 -4
19891121 0 0.22 1.003 -4.8
19891122 5.4 0.53 0.939 -4.5
19891123 3.4 0.28 0.939 -8.6
19891124 1.2 0.12 0.877 -15.1
19891125 0.4 0.01 0.877 -4.8
19891126 1.9 0.4 0.877 -3.2
19891127 0.5 0.48 0.877 -1.4
19891128 3 0.43 0.877 -6.5
19891129 0 0.28 0.877 1.4
19891130 0 0.5 0.817 -0.9
19891201 0 0.25 0.817 3.2
19891202 0 0.81 0.817 -9.9
19891203 0 0.2 0.817 0.9
19891204 1.1 0.87 0.761 -5.1
19891205 0.7 0.2 0.761 -3.2
19891206 1.5 0.6 0.761 -0.8
19891207 2.1 0.4 0.817 -4.1
19891208 9.5 0.29 0.761 -7.3
19891209 0.1 0.31 0.761 -17.9
19891210 0.1 0 0.761 -3.1
19891211 1.6 0.57 0.761 -9.4
19891212 0.2 0.46 0.761 -14.3
19891213 0.1 0.38 0.706 -18.7
19891214 1 0.06 0.706 -34.9
19891215 0 0.05 0.706 -32.3
19891216 0 0.09 0.706 -26.5
19891217 0.8 0 0.655 -13.2
19891218 4.7 0.49 0.655 -5.1
19891219 0.4 0.68 0.655 -5.4
19891220 1.1 0.37 0.655 -6.9
19891221 1.8 0.21 0.606 -6.7
19891222 0.1 0.39 0.606 -8.7
19891223 2.1 0.31 0.606 -6.9
19891224 0.2 0.2 0.559 -11.8
19891225 1.9 0.11 0.606 2.6
19891226 1 1.29 0.559 1.9
19891227 1.2 0.67 0.559 -9.7
19891228 0 0.33 0.559 -18.5
19891229 0 0.19 0.559 -21.7
19891230 0 0.11 0.559 -26.7
19891231 0 0.06 0.559 -17.3
19900101 0 0.23 0.559 -19.5
19900102 0 0.11 0.559 -27.1
19900103 0.1 0 0.559 -16.4
19900104 0.9 0.03 0.559 -9.9
19900105 0 0.23 0.515 -10.9
19900106 0 0.3 0.515 -11.4
19900107 0.8 0.4 0.515 -2.8
19900108 0 0.53 0.515 -4.9
19900109 0 0.4 0.515 -1.8
19900110 0 0.71 0.515 -1.9
19900111 7.9 0.27 0.473 -3.1
19900112 4.4 0 0.473 -1
19900113 0.1 0.32 0.473 -8.5
19900114 0.1 0.26 0.473 -6.5
19900115 0.2 0.45 0.473 1.4
19900116 0.3 0.6 0.473 -1.4
19900117 2.6 0.27 0.473 -0.8
19900118 2.6 0.51 0.433 -1.4
19900119 0.1 0.53 0.433 -5.4
19900120 1 0.29 0.433 -12.5
19900121 0.1 0.24 0.433 -10.3
19900122 0.2 0.02 0.433 0.8
19900123 0.3 0.59 0.433 -3.5
19900124 11.6 0.3 0.395 -7.5
19900125 0 0.35 0.395 -19.6
19900126 0.3 0 0.395 -7.4
19900127 0.7 0.44 0.395 -17.8
19900128 0.5 0.3 0.395 -13.3
19900129 7.4 0.37 0.395 -7.6
19900130 2 0 0.36 -2.2
19900131 4 0.76 0.36 1.3
19900201 7.2 0.87 0.36 2.8
19900202 0.3 1.1 0.36 1.6
19900203 0.2 1.11 0.36 1.2
19900204 0 0.76 0.395 -3
19900205 0.1 0.8 0.395 4.3
19900206 0 1.1 0.473 5.6
19900207 0.8 1.18 0.473 2.6
19900208 2.8 0.78 0.473 -1.1
19900209 0.2 0.59 0.473 -3.3
19900210 0.8 0.6 0.473 -3.1
19900211 0.4 0.25 0.473 -1
19900212 0.1 0.61 0.473 -1.6
19900213 0 0.43 0.473 -1.4
19900214 2.5 0.59 0.433 -3.3
19900215 1.5 0.39 0.433 -10.9
19900216 0 0.07 0.395 -13.6
19900217 0.1 0.31 0.395 -11.3
19900218 1.4 0.66 0.395 0.2
19900219 0 0.65 0.395 -0.4
19900220 0.1 0.97 0.395 3.6
19900221 0.7 1.2 0.36 1.6
19900222 0.7 0.96 0.36 2.4
19900223 0.4 1.48 0.395 7.2
19900224 0.1 1.05 0.395 2.5
19900225 2 0.48 0.395 -1.1
19900226 1.2 0.59 0.433 0
19900227 3.5 0.47 0.433 -1.2
19900228 0.6 0.54 0.395 -1.2
19900301 0.5 0.34 0.395 -6
19900302 1.7 0.36 0.395 -7.2
19900303 1.4 0.49 0.395 -5.6
19900304 1.5 0.95 0.395 -1.8
19900305 0.6 0.72 0.36 -0.3
19900306 2.1 0.75 0.36 -3.5
19900307 2.1 0.56 0.36 -4.9
19900308 1.3 0.89 0.36 -1.4
19900309 0.1 0.32 0.36 -7
19900310 1.1 1.1 0.36 -4.4
19900311 0.5 0.35 0.36 -7.7
19900312 4 0.46 0.36 -4.1
19900313 1.2 0.8 0.327 -4.4
19900314 0 0.52 0.327 -0.8
19900315 0.1 0.83 0.327 3.5
19900316 0.5 0.93 0.327 4.1
19900317 0 1.12 0.327 6.2
19900318 0 0.97 0.433 5.1
19900319 0 1.14 0.706 5.2
19900320 0.3 1.45 1.071 0.4
19900321 1 0.49 1.37 1.6
19900322 1.8 1.05 1.452 2.4
19900323 0.3 0.73 1.452 -2.8
19900324 2.4 0.99 1.452 2.5
19900325 0 0.49 1.37 0.9
19900326 0.8 1.13 1.291 1.7
19900327 0 0.94 1.141 -0.2
19900328 0 1.04 1.071 1.4
19900329 0.1 1.35 0.939 1.1
19900330 0.3 0.88 0.877 0
19900331 0.4 0.91 0.817 3.2
19900401 0.1 1.2 0.877 0
19900402 3.7 0.56 0.939 -4
19900403 12.6 0.45 1.003 -4.6
19900404 6.9 0.59 1.003 -6
19900405 0.2 0.37 1.003 -10.7
19900406 3.4 0.36 0.939 -8.3
19900407 0.1 0.42 0.877 -11
19900408 0 0.83 0.817 -8.6
19900409 0 1.58 0.761 2.9
19900410 0.1 1.12 0.706 1.2
19900411 2.5 0.81 0.706 2.5
19900412 0.6 1.28 0.655 3.6
19900413 0.1 0.88 0.655 3
19900414 0 0.79 0.706 2.5
19900415 4.4 1.15 0.817 2.7
19900416 7.8 0.45 1.003 1
19900417 11.3 1.33 1.141 1.1
19900418 0.9 0.83 1.141 2
19900419 0 1.49 1.141 3.2
19900420 0 1.44 1.141 1.3
19900421 0 1.52 1.141 4.8
19900422 0 1.13 1.215 6.3
19900423 0 0.48 1.537 5.2
19900424 0 0.91 2.012 5.9
19900425 0 1.99 2.692 5.9
19900426 0 3.42 3.788 5.6
19900427 0.9 1.46 4.408 0
19900428 0 1.56 4.538 1.6
19900429 0 1.42 4.538 8.9
19900430 0 0.75 5.797 6.7
19900501 0 1.66 8.979 9.3
19900502 0 1.88 14.272 10.6
19900503 0 2.52 19.423 10
19900504 0 2.41 22.307 9.9
19900505 0 2.03 20.839 9.2
19900506 0 1.83 17.792 8.8
19900507 0 1.34 16.234 5.9
19900508 0 3.51 13.802 7.3
19900509 0 2.01 12.221 8.4
19900510 0 2.27 11.152 7.7
19900511 0 1.64 10.536 6.2
19900512 0 2.19 9.356 9
19900513 0 1.53 7.897 8.9
19900514 0 2.1 6.886 8.6
19900515 0 1.65 6.251 4.1
19900516 0 1.12 5.797 2.1
19900517 0 0.84 5.218 1.1
19900518 0.1 0.99 4.538 0.9
19900519 0 1.08 3.908 1.4
19900520 0 1.45 3.439 2.9
19900521 1.6 0.95 3.216 3.1
19900522 0.6 1.23 3.001 3.9
19900523 0.2 1.56 2.896 5.6
19900524 13.7 1.01 3.326 2.9
19900525 7.6 1.36 3.788 1.9
19900526 0.4 1.31 3.788 -0.3
19900527 1.2 0.72 3.67 1.7
19900528 0.4 1.28 3.439 5.5
19900529 0 1.64 3.216 6.9
19900530 0 1.49 3.216 7.9
19900531 0.1 0.69 3.67 8.9
19900601 2.5 0.54 4.94 9.1
19900602 9.5 0.63 6.098 9.6
19900603 0.5 1.29 6.407 10.7
19900604 0.1 1.97 6.565 11.1
19900605 0 1.92 6.724 13.5
19900606 0 1.02 6.724 12.4
19900607 1.2 2.77 6.251 13.5
19900608 0 2.6 5.946 14.2
19900609 0 2.68 5.359 12.3
19900610 0 2.18 4.94 14
19900611 0 2 4.538 8.5
19900612 0 1.27 4.28 6.4
19900613 0 1.27 3.908 6.8
19900614 0 1.71 3.553 8.6
19900615 0 1.41 3.216 8.1
19900616 0 1.38 3.001 7.5
19900617 0 1.16 2.793 7.8
19900618 4.7 1.23 2.692 9.1
19900619 10.5 1.72 2.692 10.4
19900620 2.9 1.08 2.896 10.9
19900621 3.5 0.9 3.216 9.8
19900622 12.4 0.97 4.154 10.6
19900623 10.4 1.38 5.359 11.8
19900624 2.2 2.74 6.098 13.1
19900625 0 1.57 5.503 10.3
19900626 1.1 3.68 4.67 11.1
19900627 0 1.78 3.908 10.8
19900628 0 1.63 3.326 10.1
19900629 2.6 1.2 3.001 9.7
19900630 0 1.28 2.793 8.6
19900701 0 2.08 2.496 11.6
19900702 9.5 1.63 2.401 10.7
19900703 9.7 1.09 2.793 8.4
19900704 4.9 1.08 3.67 10.2
19900705 0.1 1.32 3.67 10.2
19900706 0 0.48 3.788 8
19900707 19.1 0.84 5.649 8.4
19900708 10.7 1.17 9.548 9.5
19900709 7 0.83 9.548 10.8
19900710 13.1 0.89 8.979 8.9
19900711 4 1.78 9.356 10.6
19900712 0.2 2.05 7.897 9
19900713 0.4 1.71 6.407 7.1
19900714 0.1 1.18 5.359 7.5
19900715 0 1.74 4.538 10.8
19900716 0 1.14 3.908 11.8
19900717 0 1.57 3.439 12.8
19900718 0 2.65 3.107 10.4
19900719 0 1.11 2.793 9.6
19900720 0 1.97 2.593 15.3
19900721 5.3 1.9 2.401 10.1
19900722 0.2 1.21 2.401 8.8
19900723 3 0.96 2.308 8.4
19900724 2.5 1.26 2.308 10.9
19900725 0 1.21 2.401 14.5
19900726 0 1.32 2.308 15.1
19900727 0 1.94 2.117 14.5
19900728 0 1.46 1.91 14.2
19900729 0 1.24 1.718 12.5
19900730 6.5 1.24 1.718 13.2
19900731 22 0.57 2.896 11.7
19900801 3.2 1.07 4.28 12.9
19900802 0 1.77 4.28 15.9
19900803 0 2.28 3.788 15.9
19900804 2 1.55 3.439 13.8
19900805 0 2.53 3.107 11.5
19900806 4.4 1.88 2.896 9.4
19900807 3.7 1.75 2.692 10
19900808 2.9 1.18 2.593 9.6
19900809 0.6 1.29 2.593 8.8
19900810 0 1.49 2.496 10.7
19900811 0 1.92 2.308 11.4
19900812 0 1.29 2.117 13.5
19900813 0 1.81 2.012 15.1
19900814 0.4 1.95 1.91 13
19900815 4.1 1.34 1.812 12.5
19900816 5.2 0.94 1.91 13.2
19900817 5.8 3.01 2.012 12.5
19900818 2.3 1.65 2.012 12.2
19900819 1 1.08 2.012 10.7
19900820 2.2 1.04 2.012 11.1
19900821 0.3 1.3 2.012 11.5
19900822 2 0.91 1.91 9.3
19900823 0.4 1.2 1.812 8.9
19900824 0.1 1.11 1.718 7.6
19900825 2.5 0.97 1.718 6.8
19900826 8.2 1.6 2.117 7
19900827 0.3 0.56 2.225 6.9
19900828 0.1 0.52 2.117 11.9
19900829 0.5 0.56 2.012 14.4
19900830 0.2 1.5 1.91 13.6
19900831 0.3 2.46 1.91 12.6
19900901 14.4 0.62 2.225 10.1
19900902 12.1 1.22 3.326 9.1
19900903 0.1 1.88 3.67 9.6
19900904 0 2.05 3.553 9.4
19900905 0 1.25 3.107 8.2
19900906 0 0.87 2.896 5.4
19900907 0.7 0.75 2.692 8.7
19900908 2.2 0.76 2.593 8.4
19900909 2.1 1.39 3.001 7.6
19900910 11 0.52 3.326 8.9
19900911 0 0.51 3.216 5.8
19900912 0 0.89 3.001 7.7
19900913 1.4 0.76 2.793 7.4
19900914 0 1.79 2.692 5.6
19900915 0.3 1.27 2.496 4.4
19900916 0.1 1.03 2.308 6.7
19900917 0 1.31 2.225 7.8
19900918 7.9 1.05 2.225 4.5
19900919 9.3 1.25 2.896 6.5
19900920 11.5 1.13 4.94 5.1
19900921 20 0.5 5.218 2.9
19900922 0.1 0.95 5.078 3.6
19900923 2.2 0.77 4.94 2.5
19900924 0 1.13 4.67 3.2
19900925 0.1 1.03 4.154 2.3
19900926 0.1 0.94 3.788 1.5
19900927 0 0.78 3.326 1.7
19900928 0 0.97 3.107 4.6
19900929 0.2 0.43 2.896 3.2
19900930 0.1 0.8 2.793 1.7
19901001 0.6 0.39 2.692 0.6
19901002 0.2 0.39 2.593 0.4
19901003 1.6 0.38 2.496 8.3
19901004 2.3 2.02 2.496 7.6
19901005 2.2 1.25 2.692 5.3
19901006 0 0.6 2.692 2
19901007 0 0.65 2.593 1.5
19901008 0.1 0.69 2.401 0
19901009 0 2.64 2.308 6.6
19901010 0 1.26 2.117 3
19901011 0.1 0.8 2.012 1.7
19901012 0 0.75 1.91 0.8
19901013 0 0.73 1.812 8.7
19901014 0.2 0.78 1.812 5.7
19901015 0.2 0.84 1.718 7
19901016 0 0.83 1.718 11.3
19901017 0.7 1.53 1.718 7.8
19901018 0 0.51 1.626 4.5
19901019 3.9 0.44 1.626 2.2
19901020 0.7 0.51 1.626 0.2
19901021 0 0.36 1.626 -4.2
19901022 0 0.63 1.537 -1.1
19901023 0 0.41 1.37 -5.4
19901024 0 0.28 1.291 -7.2
19901025 0 0.54 1.215 -6.9
19901026 0 0.31 1.141 -6.5
19901027 0 0.63 1.071 -2.6
19901028 1 0.37 1.071 2.1
19901029 6.9 0.44 1.141 2.4
19901030 7.4 0.46 1.141 1.4
19901031 10 0.54 1.215 0.9
19901101 0.1 0.41 1.215 -1.3
19901102 3.2 0.31 1.215 -2.9
19901103 4 0.29 1.215 0.5
19901104 0.4 0.47 1.215 -0.5
19901105 0.1 0.45 1.141 0.1
19901106 0 0.69 1.141 2.7
19901107 0 0.59 1.071 3.9
19901108 0 0.61 1.141 3.7
19901109 0 0.73 1.291 0.9
19901110 0 0.32 1.37 -2.8
19901111 0 0.3 1.291 -0.8
19901112 0 0.43 1.291 -3.4
19901113 0 0.16 1.215 -1.8
19901114 4 0.33 1.141 -1.1
19901115 6.5 0.28 1.141 -1.6
19901116 3.4 0.49 1.141 -2
19901117 4.3 0.14 1.071 -1
19901118 0 0.38 1.071 -3.5
19901119 0 0.32 1.003 -8
19901120 2 0.37 1.003 -7.6
19901121 1.5 0.32 0.939 -15.6
19901122 0 0.09 0.939 -15.2
19901123 0 0.13 0.877 -19.6
19901124 0 0.14 0.877 -7.7
19901125 2.8 0.44 0.877 -6.1
19901126 0.2 0.13 0.877 -7.9
19901127 0.5 0.36 0.877 -3.8
19901128 0 0.33 0.877 -2.1
19901129 2.7 0.41 0.877 -2.5
19901130 2 0.54 0.877 -1.7
19901201 0.5 0.59 0.817 2.7
19901202 0 1.04 0.761 5.1
19901203 1.7 1.64 0.761 -0.5
19901204 0.2 1.05 0.761 -3.2
19901205 0.2 0.45 0.706 -3.8
19901206 0 0.72 0.706 0.1
19901207 5.3 0.54 0.706 -7.7
19901208 0.1 0.12 0.706 -25.3
19901209 0 0.07 0.706 -30.7
19901210 0 0.09 0.706 -22.5
19901211 0 0.46 0.655 -14.1
19901212 2.1 0.34 0.655 -3
19901213 0.6 0.58 0.655 -4.6
19901214 1 0.17 0.655 1
19901215 1.1 0.21 0.655 1.3
19901216 0 0.33 0.655 1.6
19901217 0 0.39 0.606 -2.6
19901218 0.2 0.25 0.606 -3
19901219 0.7 0.45 0.606 -6.5
19901220 0.1 0.26 0.606 -12.5
19901221 0.1 0.31 0.606 -15.4
19901222 0 0.39 0.606 -7.7
19901223 5.5 0.44 0.559 0.7
19901224 0 0.74 0.559 2.8
19901225 0.5 0.74 0.559 0.6
19901226 0.4 1.09 0.559 -0.9
19901227 2.7 0.42 0.559 -1.3
19901228 1.7 0.46 0.559 -6.1
19901229 0.5 0.35 0.515 -1.2
19901230 1.6 0.57 0.515 -8.3
19901231 0 0.44 0.515 -19.2
19910101 0 0.12 0.515 -22.3
19910102 1.2 0 0.515 -3.3
19910103 2.1 0.34 0.515 -6.4
19910104 0 0.27 0.515 -8.5
19910105 1.5 0.4 0.515 -1.3
19910106 2.1 0.28 0.473 -1.6
19910107 0.1 0.44 0.473 -11.1
19910108 0 0.11 0.473 -13.1
19910109 0.1 0.24 0.473 -6.9
19910110 1.7 0.14 0.473 -7.7
19910111 6 0.3 0.473 -13.9
19910112 0.1 0.22 0.473 -14.1
19910113 0 0.15 0.473 -21.1
19910114 0 0.24 0.473 -8.3
19910115 0 0.14 0.473 -24.5
19910116 0 0.15 0.433 -26.9
19910117 0 0.11 0.433 -26.7
19910118 0 0.17 0.433 -19.9
19910119 0 0.06 0.433 -3.3
19910120 0.1 0.38 0.395 -0.9
19910121 0.5 0.84 0.395 -2.5
19910122 0 0.6 0.395 0.7
19910123 0 0.55 0.395 -0.7
19910124 1.2 0.75 0.395 -3.9
19910125 0 0.36 0.395 3
19910126 0 0.5 0.395 0.4
19910127 0.2 0.61 0.395 0
19910128 0 0.47 0.395 1.6
19910129 0 0.41 0.395 -0.9
19910130 0 0.38 0.395 -5.1
19910131 0 0.23 0.395 -9
19910201 0 0.25 0.395 -10.6
19910202 0.4 0.24 0.395 -8.7
19910203 0.2 0.31 0.395 -10.7
19910204 0 0.2 0.36 -22
19910205 0 0.11 0.36 -22.8
19910206 0 0.1 0.36 -23.7
19910207 0 0.09 0.36 -25.2
19910208 0 0.28 0.36 -21
19910209 0.7 0.26 0.36 -15.5
19910210 0.7 0.22 0.327 -18.8
19910211 0.1 0.22 0.327 -22.8
19910212 0.1 0.18 0.327 -24.5
19910213 0 0.25 0.327 -24.6
19910214 0 0.15 0.327 -23.7
19910215 0.2 0.29 0.327 -17.6
19910216 0 0.19 0.327 -13.7
19910217 2.2 0.31 0.327 -6.4
19910218 1.9 0.35 0.295 -4.8
19910219 0.1 0.46 0.295 -4.9
19910220 1 0.73 0.295 -2.2
19910221 0 0.6 0.295 -4.8
19910222 0 0.33 0.295 -2.4
19910223 1.8 0.72 0.295 -1.1
19910224 0.1 0.8 0.295 1.5
19910225 0 0.94 0.295 -1.6
19910226 0 0.47 0.295 -5.3
19910227 0 0.28 0.266 -11.4
19910228 0.2 0.21 0.266 -11.6
19910301 0.2 0.41 0.266 -7
19910302 0.3 0.5 0.266 -4.7
19910303 0.1 0.65 0.266 -4.5
19910304 0.3 0.32 0.266 -4.7
19910305 0 0.58 0.266 -2.2
19910306 0.1 0.74 0.266 -2.4
19910307 1.5 0.36 0.239 -1.6
19910308 0 0.46 0.239 -0.9
19910309 0 0.65 0.239 -0.4
19910310 0 0.36 0.239 -1.3
19910311 0.3 0.48 0.239 0.9
19910312 0 0.51 0.239 0.1
19910313 0 0.45 0.239 0.7
19910314 1.9 0.59 0.213 1.8
19910315 0.1 1.13 0.213 -4.8
19910316 0 0.4 0.213 -9.7
19910317 0 0.64 0.213 -2.3
19910318 1.4 0.76 0.213 2.6
19910319 0.1 0.28 0.213 2.1
19910320 4.5 0.43 0.266 2.3
19910321 2.4 0.49 0.295 0.9
19910322 4.7 0.56 0.327 0.4
19910323 0.5 0.74 0.327 -0.9
19910324 0 0.68 0.327 0.5
19910325 0 0.75 0.327 3.1
19910326 0 0.47 0.327 4.1
19910327 0 0.45 0.327 1.9
19910328 0.1 1.05 0.36 1.6
19910329 0 0.85 0.36 0.7
19910330 0.4 1.81 0.36 -4.2
19910331 0.1 0.79 0.327 -2
19910401 0.4 0.58 0.327 1.6
19910402 4.2 1.06 0.36 4.5
19910403 0 2.05 0.395 4.5
19910404 0 0.83 0.473 1.4
19910405 0.2 0.25 0.515 1.6
19910406 5.9 1.26 0.559 4.3
19910407 0.1 1.25 0.655 2.4
19910408 0.1 1.27 0.706 3.5
19910409 0 0.83 0.761 1.3
19910410 0 1.19 0.877 4.7
19910411 0 1.68 1.003 6.7
19910412 0 2.13 1.718 6.9
19910413 0 0.72 3.001 2.8
19910414 3.7 1.08 3.788 2.1
19910415 0 1.88 3.908 -0.2
19910416 0.1 0.81 3.67 -1.9
19910417 4.4 0.82 3.216 -5.8
19910418 0.2 0.38 2.692 -7.5
19910419 0 0.56 2.401 -9.4
19910420 0 0.66 2.012 -4.5
19910421 0 1.03 1.718 -5.3
19910422 0 0.64 1.452 -2.7
19910423 0 0.59 1.215 1.5
19910424 0 0.95 1.141 1.1
19910425 0 0.64 1.071 2.6
19910426 0 1.57 1.071 1.1
19910427 0.2 0.94 1.071 0.6
19910428 0 1.12 1.003 1.7
19910429 0 1.32 1.071 3
19910430 0 1.05 1.071 2
19910501 0 1.39 1.071 4.4
19910502 0 1.16 1.215 1.7
19910503 0.3 0.94 1.291 2.3
19910504 0 0.9 1.291 1.7
19910505 0 1.21 1.37 0.6
19910506 0 0.93 1.37 2.1
19910507 0 0.97 1.452 2
19910508 0.1 1.28 1.537 2.1
19910509 0 1.78 1.718 4.5
19910510 0 2.17 1.91 5.8
19910511 0.1 0.96 2.496 5.5
19910512 0.1 1.41 3.216 5
19910513 0 0.95 4.154 6
19910514 0 1.32 4.67 2.7
19910515 0.2 0.83 5.078 2.5
19910516 0.1 0.83 4.804 1.6
19910517 0.8 0.98 4.28 3.2
19910518 0.1 1.06 3.67 5.2
19910519 0 1.41 3.67 7.5
19910520 2 1.55 4.408 4.6
19910521 0.7 1.12 5.649 3.4
19910522 1.3 0.91 5.946 0.9
19910523 0.5 0.94 5.359 1
19910524 0.4 0.7 4.538 1.9
19910525 0.3 0.86 3.908 1.7
19910526 0.2 0.49 3.553 3.5
19910527 1.9 0.74 3.788 6.1
19910528 0.1 1.33 4.94 6.3
19910529 0.1 1.61 6.098 6.5
19910530 0 1.5 7.723 8
19910531 0.1 1.22 8.794 1.9
19910601 0.3 0.93 6.407 1.8
19910602 0.3 1.29 4.804 1.9
19910603 0.1 0.89 4.154 2.4
19910604 0.4 0.58 3.67 4.7
19910605 0.2 0.98 3.553 5.7
19910606 3.6 1.72 3.439 6.7
19910607 0.1 2.47 3.439 8.2
19910608 0.4 1.08 3.326 8.1
19910609 3.4 0.51 3.439 6.1
19910610 3.4 1.1 3.67 9.5
19910611 10.9 1.11 4.67 7.9
19910612 0.2 0.85 5.797 9.7
19910613 4.6 1.33 5.946 8.6
19910614 13.5 0.81 6.724 8.5
19910615 3.3 0.91 8.429 8.6
19910616 0 0.82 7.552 8.5
19910617 1.7 0.75 6.565 9.2
19910618 2.4 0.58 5.797 7.7
19910619 24.8 0.68 6.886 7.8
19910620 17.1 1.01 14.272 8.4
19910621 2.4 1.26 13.34 8.1
19910622 6.2 1.43 11.152 9.7
19910623 1.9 1.21 9.548 10.6
19910624 0.9 1.03 7.897 10.4
19910625 4.9 0.92 6.886 9
19910626 2.2 1.02 6.565 9.8
19910627 0 1.33 5.946 7.8
19910628 0 1.39 5.078 10.9
19910629 0 1.19 4.538 7.3
19910630 14.1 1.06 5.078 7.7
19910701 2.1 1.05 5.649 11.6
19910702 1.3 1.29 5.218 13.7
19910703 0 1.57 4.538 13
19910704 0 1.16 4.03 13.5
19910705 0 2.39 3.553 17.2
19910706 0 1.38 3.216 17
19910707 0 2.5 2.896 16.1
19910708 0 2.85 2.692 17.9
19910709 0 1.88 2.496 18.8
19910710 1.4 2.18 2.225 12.5
19910711 0.1 1.24 2.012 12.3
19910712 0 1.63 1.91 12.1
19910713 2.8 2.9 1.91 13.9
19910714 3.9 1.05 1.812 11.5
19910715 5.2 1.31 1.812 9.5
19910716 0 1.13 1.812 10
19910717 3.4 1.19 1.718 11.2
19910718 4.1 1.65 1.626 11.8
19910719 2.8 1.67 1.452 14.2
19910720 6.2 1.23 1.291 11.9
19910721 6 1.03 1.215 10.5
19910722 0.1 1.55 1.141 9.7
19910723 0 1.7 0.939 12
19910724 0 1.76 0.817 13.6
19910725 1.9 0.74 0.761 14
19910726 0.9 0.96 0.939 13.2
19910727 0.4 0.57 1.291 13.9
19910728 0 2.1 1.37 19
19910729 0 2.51 1.37 18.2
19910730 0 0.92 1.37 19.5
19910731 0 3.11 1.37 18.5
19910801 0 1.52 1.291 18.3
19910802 0 2.22 1.215 16.3
19910803 0 2.15 1.141 16.1
19910804 0 1.41 1.071 16.6
19910805 9.3 1.06 1.291 15.8
19910806 5.1 0.91 1.452 14.5
19910807 9.4 0.7 1.537 12.3
19910808 2.5 1.19 1.626 11.5
19910809 5.8 1.27 1.718 10.1
19910810 1.1 0.97 1.91 11.7
19910811 3.2 0.98 2.012 10
19910812 0.2 0.82 2.012 5.7
19910813 0.2 1.41 1.91 10.6
19910814 0.3 0.82 1.812 8.6
19910815 0.4 1.67 1.718 11.2
19910816 0.6 1.03 1.626 13.1
19910817 6.1 1.03 1.718 10.6
19910818 3.2 1.4 1.812 11.2
19910819 1.7 1.29 1.812 10.1
19910820 0 0.89 1.812 9.1
19910821 2 1.53 1.718 11.9
19910822 0 1.89 1.626 11.9
19910823 0 1.93 1.537 13.2
19910824 0 1.65 1.37 13.9
19910825 2.9 1.26 1.291 8.4
19910826 0.1 0.85 1.215 7.6
19910827 0 0.51 1.141 8.2
19910828 3.3 0.81 1.071 6.6
19910829 0.1 0.87 1.071 7.2
19910830 0.1 1.01 1.003 11.2
19910831 0 0.69 1.215 10.4
19910901 0 2.19 1.071 14
19910902 0 2.15 1.003 10.5
19910903 0 2.56 0.939 12.1
19910904 0.9 2.1 0.939 7.2
19910905 0.4 1.81 0.877 3.1
19910906 1.7 0.81 0.877 2.4
19910907 1.1 0.49 0.877 4.2
19910908 0.5 1.04 0.877 6.6
19910909 0 0.53 0.877 6.8
19910910 1.9 0.62 0.939 6.9
19910911 13 0.76 1.141 4
19910912 2.6 0.63 1.291 4
19910913 0.4 0.95 1.37 4.6
19910914 6.7 0.4 1.537 8.8
19910915 2.6 2.76 1.91 11.9
19910916 0.1 1.24 1.91 5.3
19910917 0 1.46 1.812 6.9
19910918 0 1.15 1.718 7.7
19910919 7.9 0.83 1.718 5.8
19910920 0.3 0.88 1.91 5.8
19910921 0.2 0.86 1.812 4.3
19910922 0.3 0.68 1.812 8.2
19910923 14.9 0.56 2.496 5.5
19910924 0.1 0.68 3.001 3.7
19910925 4.8 1.74 3.107 8
19910926 0 0.79 2.896 5.2
19910927 0 0.43 2.692 1.9
19910928 0.2 0.44 2.496 2.3
19910929 0.1 0.5 2.308 -0.2
19910930 0.4 0.25 2.117 1.5
19911001 18.4 0.42 2.012 1
19911002 0.3 0.51 1.718 1.6
19911003 0.7 0.69 1.626 1.6
19911004 0.5 0.87 1.452 3.3
19911005 1.1 1.04 1.37 5.5
19911006 1.8 1.02 1.452 4.7
19911007 0 1.61 1.537 4.6
19911008 0 1.13 1.37 6
19911009 0 0.48 1.141 6.3
19911010 0.1 0.47 0.939 3.7
19911011 0.2 0.47 0.761 2.2
19911012 0.1 0.41 0.655 3.5
19911013 0.1 0.38 1.003 4.3
19911014 0.1 0.6 2.012 -0.2
19911015 0 0.53 2.012 0.3
19911016 0 0.5 1.91 1.2
19911017 24.5 0.8 1.812 5.6
19911018 0.7 0.54 1.718 0.9
19911019 2.8 1.22 1.537 -2.5
19911020 0.8 0.31 1.452 -4.4
19911021 0.2 0.5 1.291 -1.6
19911022 0 0.73 1.215 0.2
19911023 0.3 0.63 1.071 1.1
19911024 0.2 0.48 1.215 5.5
19911025 0 0.53 1.718 3
19911026 0 0.36 1.718 -3.4
19911027 0.1 0.3 1.626 -5.1
19911028 0.2 0.2 1.537 -3.9
19911029 0 0.3 1.626 -3.1
19911030 0.1 0.44 1.812 -1.6
19911031 0 0.72 1.812 0
19911101 0 1.05 1.718 0.7
19911102 4.6 0.68 1.626 1.7
19911103 6.6 0.28 1.537 1.2
19911104 7 0.6 1.626 1.2
19911105 0.2 0.45 1.718 1.4
19911106 0.1 0.81 1.718 -1.6
19911107 3.1 0.5 1.626 -2
19911108 0.1 0.17 1.537 -4.7
19911109 0.1 0.35 1.452 -3.1
19911110 0.1 0.39 1.37 -6.9
19911111 0.5 0 1.291 -2.9
19911112 9 0.49 1.215 -2.4
19911113 0.7 0.57 1.291 -0.3
19911114 4.2 0.63 1.291 -5.5
19911115 0.1 0.2 1.215 -6.3
19911116 0 0.55 1.215 -14.2
19911117 0 0.4 1.215 -17.6
19911118 0 0.17 1.141 -21.3
19911119 0 0.21 1.071 -15
19911120 0.1 0.44 1.003 -11.6
19911121 0 0.34 1.003 -4.6
19911122 1.1 0.55 1.003 1.6
19911123 1.3 0.41 1.071 3.7
19911124 0 0.62 1.071 3.4
19911125 0 0.76 1.215 4.2
19911126 0 0.74 1.37 3.3
19911127 0 0.49 1.37 0.7
19911128 0 0.26 1.37 3.7
19911129 0 0.89 1.37 -2.4
19911130 0 0.26 1.291 -2.5
19911201 0 0.32 1.215 -1.3
19911202 0.1 0.67 1.141 -8.3
19911203 0 0.17 1.071 -2.6
19911204 1.4 0.47 1.003 -0.6
19911205 0.4 0.46 1.003 -1
19911206 0.2 0.74 0.939 0.8
19911207 0 0.53 0.939 -1.2
19911208 0 0.36 0.877 -7
19911209 0 0.25 0.877 -3.1
19911210 0 0.22 0.817 -5.1
19911211 0.1 0.36 0.817 -3.4
19911212 0 0.59 0.817 -2.1
19911213 0.1 0.27 0.761 0.1
19911214 12.8 0.3 0.817 -5
19911215 0.2 0.3 0.817 -4.3
19911216 0.4 0.31 0.761 -10.1
19911217 0 0.19 0.761 -6.9
19911218 0.7 0.45 0.761 -5.5
19911219 0 0.4 0.706 -12.2
19911220 4.5 0.27 0.706 -3.4
19911221 1.9 0.24 0.706 -5.8
19911222 0.5 0.37 0.706 -21.8
19911223 4.2 0.04 0.706 -2.8
19911224 0.5 0.32 0.655 -9.4
19911225 0.1 0.35 0.655 -5.2
19911226 4.9 0.24 0.655 -4.8
19911227 1.3 0.26 0.655 -2.6
19911228 0.8 0.43 0.655 2.3
19911229 0 0.66 0.655 -2.6
19911230 10.4 0.38 0.655 -3.7
19911231 0.6 0.58 0.655 -10.1
19920101 0 0.22 0.706 -1.7
19920102 1.8 0.5 0.761 -4.1
19920103 0.1 0.57 0.877 -1.4
19920104 0.4 0.43 0.939 -5.9
19920105 1.9 0 0.939 -4.8
19920106 1.8 0.24 0.877 -13.4
19920107 3 0.22 0.877 -5.7
19920108 0 0.35 0.877 -9
19920109 0.1 0.38 0.877 -6.8
19920110 0 0.59 0.817 -4.6
19920111 1.3 1.31 0.817 1.7
19920112 3.2 0.76 0.761 -3
19920113 0.4 0.43 0.761 -1.5
19920114 0.2 0.8 0.761 4.3
19920115 0 1.11 0.817 2.9
19920116 0 0.48 0.817 -1.7
19920117 4.8 0.33 0.817 -4.7
19920118 6.7 0.24 0.817 -3.4
19920119 7.4 0.36 0.877 -4.6
19920120 0 0.19 0.939 -4.3
19920121 0.1 0.34 0.877 -0.9
19920122 0.1 0.31 0.877 -4.3
19920123 0.1 0.2 0.877 -16.8
19920124 0 0.12 0.877 -22.2
19920125 0 0.26 0.817 -18.4
19920126 0.3 0.31 0.817 -0.9
19920127 0.4 0.6 0.817 4.3
19920128 0 1.02 0.817 3.3
19920129 0 0.77 0.817 3.4
19920130 0 0.59 0.817 2.1
19920131 0.1 0.35 0.817 -1.9
19920201 0.1 0.31 0.817 -7.6
19920202 0.1 0.36 0.817 -3.3
19920203 0.1 0.55 0.817 -2.3
19920204 1.2 0.45 0.817 -5.8
19920205 0.3 0.52 0.761 -6.3
19920206 0.4 0.29 0.761 -4.5
19920207 2.2 0.42 0.761 1.2
19920208 0 0.2 0.761 -1
19920209 0 0.09 0.761 0.8
19920210 0.6 0.63 0.706 0.2
19920211 1 0.69 0.706 -3.6
19920212 0.4 0.47 0.706 -3.6
19920213 0.3 0.05 0.706 -4.5
19920214 12.2 0.45 0.706 -10.6
19920215 0.2 0.25 0.655 -24.7
19920216 0.1 0.16 0.655 -24.4
19920217 0 0 0.655 -9.7
19920218 0 0.44 0.655 -12.6
19920219 0.8 0.19 0.655 -3.8
19920220 4.6 0.44 0.606 -0.4
19920221 0 0.6 0.606 -3.6
19920222 0 0.46 0.606 -1.2
19920223 0.9 0.45 0.559 -2.5
19920224 1.3 0.59 0.559 -4.5
19920225 0.6 0.45 0.515 -3.8
19920226 0.2 0.44 0.515 -8.9
19920227 0 0.58 0.473 -3.2
19920228 0.2 0.94 0.433 1.1
19920229 0 0.74 0.433 0.4
19920301 0.1 0.59 0.433 1.6
19920302 0.4 0.39 0.433 1.1
19920303 5.9 0.55 0.473 -0.7
19920304 0.3 0.4 0.468 -0.3
19920305 0 0.38 0.446 -2
19920306 0 0.61 0.433 0.2
19920307 1.3 0.4 0.433 0.2
19920308 0.5 0.43 0.433 2.3
19920309 0 1.19 0.418 2.4
19920310 0 0.98 0.426 1.3
19920311 0.5 0.48 0.395 -2.2
19920312 0.1 0.34 0.411 -3.6
19920313 1.3 0.75 0.395 -3.7
19920314 0.8 0.46 0.4 -8.9
19920315 0.3 0.2 0.395 -7.6
19920316 0.1 0.69 0.395 -5.8
19920317 0.2 0.77 0.395 -0.2
19920318 0 1.1 0.395 3.4
19920319 3.6 0.48 0.395 1.3
19920320 2.6 0.44 0.395 -1
19920321 0.2 0.55 0.395 0.5
19920322 2.3 0.5 0.395 1.9
19920323 4 0.51 0.395 1.2
19920324 0.7 0.8 0.395 -1.5
19920325 0 0.55 0.395 -1.7
19920326 0.7 0.4 0.395 -0.6
19920327 7.8 0.56 0.395 -2.5
19920328 0.2 0.62 0.395 -4.9
19920329 0.2 0.44 0.395 -5.6
19920330 0.1 0.33 0.395 -7.4
19920331 0.1 0.35 0.395 -8
19920401 0.5 0.39 0.395 -9.9
19920402 2.7 0.51 0.395 -7.8
19920403 3.5 0.45 0.395 -6.3
19920404 1.2 0.44 0.395 -3.1
19920405 1.3 0.7 0.395 0.3
19920406 0.4 0.75 0.395 -1.5
19920407 0 0.53 0.395 -0.1
19920408 0 0.58 0.395 -2.1
19920409 0 0.59 0.395 -2.5
19920410 0 0.42 0.395 1.9
19920411 1.5 0.59 0.395 2.9
19920412 0.7 0.35 0.433 1.5
19920413 0.8 0.83 0.515 -1.8
19920414 0.1 0.77 0.559 -3.9
19920415 0 0.6 0.606 -7.2
19920416 0 0.5 0.606 -7.8
19920417 0 0.59 0.606 -3
19920418 0 0.9 0.606 -0.4
19920419 1.7 0.34 0.655 -2.4
19920420 1.5 0.63 0.655 -2.5
19920421 0.2 1.02 0.655 -1.7
19920422 0 0.51 0.655 -5
19920423 0 0.62 0.706 -6.2
19920424 0 0.69 0.706 -6.1
19920425 2.1 0.43 0.706 0.9
19920426 5.4 0.92 0.761 1
19920427 0.5 0.61 0.761 3.7
19920428 5 0.77 0.817 3.7
19920429 0.8 0.47 0.817 2.5
19920430 5 0.7 0.877 3.8
19920501 0.8 0.59 0.939 2.8
19920502 10 0.6 1.071 2.6
19920503 5.2 1.2 1.215 2.4
19920504 0 0.68 1.626 4.3
19920505 0.3 0.61 2.496 5.6
19920506 2.1 1.1 3.788 4.1
19920507 0.3 0.79 5.503 4.1
19920508 0 1.55 6.407 2.5
19920509 0 1.16 6.724 1.3
19920510 6.2 0.68 6.251 -0.1
19920511 0 0.66 5.649 -0.3
19920512 0 0.63 4.94 0.1
19920513 6.8 0.83 4.408 2.6
19920514 0 1.36 4.408 9.3
19920515 0 0.99 8.61 12.8
19920516 0 1.91 24.764 5.1
19920517 0.2 0.7 24.764 5
19920518 0.1 0.83 19.146 8.4
19920519 0 0.59 15.731 10.6
19920520 0 1.06 14.51 12.8
19920521 0.1 1.2 15.731 11.7
19920522 0 0.75 16.489 9.2
19920523 19.4 0.6 23.827 10.6
19920524 0 1.05 22.909 11.8
19920525 0 0.96 16.489 13.1
19920526 0 1.14 12.663 15.2
19920527 0 0.92 11.152 13.5
19920528 0 0.57 9.741 12.7
19920529 0 0.95 8.429 14.2
19920530 0 1.66 7.382 16.1
19920531 0 1.26 6.724 15.1
19920601 0 1.34 5.946 15.8
19920602 0 1.3 5.359 15.7
19920603 1.9 2.66 4.94 17.6
19920604 0 2.23 4.67 17.7
19920605 0 0.99 4.408 15.8
19920606 0 1.51 4.154 16.8
19920607 0 2.08 3.788 15.8
19920608 0 1.53 3.439 18.2
19920609 0 4.19 3.107 17.2
19920610 0 2.11 2.793 15.1
19920611 0 1.91 2.496 17.5
19920612 0 1.66 2.308 13.4
19920613 0 1.78 2.117 14.8
19920614 0 1.62 1.91 13.3
19920615 0 2.84 1.718 12.9
19920616 0 2.21 1.626 5.3
19920617 0.1 0.94 1.537 6.2
19920618 1.3 0.68 1.452 6.6
19920619 0 1.28 1.37 11.8
19920620 0 1.13 1.37 9.5
19920621 5.4 1.64 1.291 2.7
19920622 1 1.16 1.291 4.1
19920623 0.1 1.09 1.291 9.5
19920624 0 1.25 1.215 12.2
19920625 0 0.59 1.141 14
19920626 0 1.6 1.071 15.5
19920627 0 0.6 1.003 13.5
19920628 0 2.11 0.939 10.1
19920629 0 2.01 0.877 8.3
19920630 0 1.24 0.817 6.2
19920701 0 1.09 0.761 7.3
19920702 0.3 1.37 0.706 6.1
19920703 0.5 1.27 0.655 6.4
19920704 0 0.71 0.655 5.9
19920705 0 1.02 0.655 8.8
19920706 0 1.56 0.655 7.8
19920707 0 2.06 0.606 11.1
19920708 0 0.9 0.606 10.7
19920709 0.2 1.09 0.606 11.1
19920710 1.5 0.74 0.606 9.1
19920711 3.1 0.98 0.606 8.8
19920712 0 3.68 0.655 13.4
19920713 2.8 1.16 0.606 12.3
19920714 3.6 1.2 0.655 9.6
19920715 5.4 1.49 0.706 7.7
19920716 1.2 1.45 0.706 7.6
19920717 0 0.59 0.706 10.5
19920718 0.1 0.52 0.706 12.6
19920719 11.9 1.26 0.877 15
19920720 0 1.19 1.003 12.1
19920721 0 1.1 1.003 11.6
19920722 16.1 1.37 1.215 12.9
19920723 10 1.2 1.718 11.2
19920724 0 1.08 1.812 11.6
19920725 0.3 1.33 1.718 14.4
19920726 0.3 1.13 1.626 14.2
19920727 11.3 1.1 1.718 10.2
19920728 13.6 1.59 2.225 10.3
19920729 0 1.58 2.401 11.4
19920730 1 1.38 2.308 12.2
19920731 0.3 2.11 2.117 6.7
19920801 1.8 1.81 2.012 9.2
19920802 0.1 1.29 1.812 10.1
19920803 1.7 1.14 1.626 12.2
19920804 10.3 1.41 1.537 12
19920805 0.7 1.18 1.626 11.1
19920806 1.3 0.85 1.626 9.6
19920807 6.2 1.59 1.718 10
19920808 0 1.45 1.718 9.6
19920809 0 1.3 1.626 8.6
19920810 5.6 0.7 1.537 13.3
19920811 1.5 1.03 1.537 10.7
19920812 9.8 1.28 1.812 9.2
19920813 0.1 0.36 1.91 7.8
19920814 12.4 0.65 2.308 10.1
19920815 10.5 0.63 3.553 8.3
19920816 1.7 0.55 4.154 9.3
19920817 7.3 0.87 4.28 8.2
19920818 10.2 0.72 5.218 8.7
19920819 1.9 0.83 5.649 10.2
19920820 0.3 1.33 5.218 9.7
19920821 1.4 1.34 4.67 9
19920822 0.7 1.14 4.154 11.1
19920823 0.2 0.83 3.553 10
19920824 13.2 1.05 3.788 9.6
19920825 6.7 1.01 5.503 8.2
19920826 1.2 0.99 5.503 8.4
19920827 0.1 0.94 4.94 8.8
19920828 1.4 0.61 4.28 10
19920829 5.7 1.08 4.154 10.2
19920830 5 0.76 4.03 8.6
19920831 0.5 1.3 3.788 9.3
19920901 3.4 1.43 3.553 10.1
19920902 0.1 0.89 3.326 6.2
19920903 1.7 0.73 3.001 6.6
19920904 0.1 1.02 2.793 6
19920905 0.2 0.85 2.593 4.1
19920906 0.1 1.08 2.496 3.2
19920907 0 1.47 2.308 7.3
19920908 0.2 1.81 2.225 9.4
19920909 0 1.05 2.012 5.9
19920910 1.2 0.72 1.91 11.5
19920911 0 1.58 1.812 9.7
19920912 0.1 1.03 1.718 8.5
19920913 1.8 0.92 1.626 6
19920914 1.7 0.68 1.626 7.3
19920915 3.1 0.92 1.626 7.6
19920916 0.1 0.61 1.626 5.6
19920917 1.6 0.99 1.626 6.1
19920918 0 0.5 1.626 5.2
19920919 0 0.63 1.537 6.8
19920920 0.7 0.52 1.537 8.1
19920921 10.3 0.47 1.718 7.2
19920922 4.9 1.1 2.012 9.3
19920923 7.7 1.09 2.308 10.1
19920924 0.5 0.92 2.496 10.4
19920925 0.2 0.79 2.496 8.5
19920926 5.1 0.72 2.496 6.5
19920927 5.8 0.62 2.793 3.9
19920928 0.3 0.63 2.793 3.4
19920929 0.1 0.66 2.692 4
19920930 0.1 0.46 2.496 2.9
19921001 0 0.55 2.308 7
19921002 0 0.5 2.117 5.7
19921003 0.1 0.41 2.012 -1.2
19921004 0.1 0.47 1.91 -0.8
19921005 0.1 0.7 1.812 2.6
19921006 0.1 0.51 1.718 2.4
19921007 0 0.99 1.626 4.7
19921008 0.2 1.38 1.537 6.3
19921009 2.3 0.43 1.626 2.5
19921010 1.7 0.6 1.626 3.1
19921011 0.4 0.91 1.626 -1.3
19921012 0.8 0.32 1.626 -5.2
19921013 0 0.21 1.537 -2.7
19921014 3.5 0.42 1.537 -3.5
19921015 1.8 1 1.537 -5
19921016 1.5 0.43 1.452 -8.3
19921017 0 0.16 1.37 -8.2
19921018 0.3 0.55 1.291 -2.2
19921019 1.2 0.36 1.291 -1.2
19921020 0.2 0.31 1.291 -7.9
19921021 0 0.25 1.215 -12.3
19921022 0 0.21 1.141 -17.2
19921023 0 0.13 1.071 -9
19921024 0.5 0.4 1.071 -7.7
19921025 0 0.28 1.003 -5
19921026 0.6 0.35 1.003 -3.8
19921027 0.4 0.23 1.003 -5.8
19921028 0.2 0.46 1.003 -5.4
19921029 1.5 0.41 0.939 -9.1
19921030 0.3 0.2 0.939 -16.6
19921031 0.1 0.17 0.939 -13.9
19921101 0 0.29 0.939 -4.5
19921102 4.2 0.43 0.939 0.8
19921103 17 0.41 1.003 -1.3
19921104 1.6 0.3 0.939 -5.8
19921105 0 0.23 0.939 -3
19921106 9.3 0.39 0.939 0.5
19921107 0 0.56 0.939 -2.4
19921108 0.1 0.36 0.939 -4.4
19921109 0.1 0.24 0.939 -8.9
19921110 0.4 0.6 0.877 -0.6
19921111 3.9 0.31 0.877 -5.6
19921112 3.9 0.03 0.877 -1.4
19921113 4 0.49 0.877 -7.5
19921114 1 0.31 0.877 -1.9
19921115 0.1 0.39 0.877 -3.7
19921116 0.1 0.27 0.877 -5.8
19921117 0.7 0.33 0.877 -5
19921118 1.7 0.38 0.877 -4.2
19921119 5.3 0.34 0.817 -1
19921120 4.6 0.49 0.817 -6.7
19921121 3.8 0.16 0.817 -6.9
19921122 0.6 0.3 0.817 -8.9
19921123 1.1 0.22 0.817 -9.1
19921124 4.6 0.35 0.761 -3.3
19921125 0.5 0.1 0.761 -2.5
19921126 10.1 0.52 0.761 -8.2
19921127 0.1 0.4 0.761 -15.8
19921128 2.9 0 0.761 -5
19921129 9.4 0.35 0.761 -16.4
19921130 0.3 0 0.761 -0.6
19921201 5.7 0.69 0.761 2.8
19921202 2.7 0.59 0.761 1.6
19921203 7.5 0.53 0.706 0.2
19921204 12.8 0.3 0.706 -5.2
19921205 2.5 0.2 0.706 -10.2
19921206 0.2 0.31 0.706 -17.8
19921207 0 0.14 0.655 -12.4
19921208 0.1 0.22 0.655 -13.5
19921209 0.1 0.16 0.606 -10.2
19921210 0 0.21 0.606 -3.7
19921211 0.3 0.56 0.559 -4.1
19921212 0 0.2 0.559 -7.9
19921213 0.3 0.28 0.606 -9.8
19921214 5.4 0.07 0.606 -4.9
19921215 0.6 0.23 0.606 -3.3
19921216 0 0.43 0.606 2.9
19921217 6 0.37 0.606 -4.9
19921218 0.1 0.13 0.606 1.1
19921219 6.3 1.05 0.559 -0.9
19921220 0.2 0.58 0.559 -5.9
19921221 0 0.43 0.515 -19.8
19921222 0 0.15 0.515 -24
19921223 0 0.09 0.473 -21.7
19921224 0.1 0.2 0.473 -14
19921225 0.1 0.26 0.433 -4.8
19921226 0.5 0.68 0.433 -1.9
19921227 0.4 0.3 0.395 -5.6
19921228 0 0.13 0.433 0.4
19921229 0 0.31 0.473 1
19921230 2.7 0.48 0.515 -3.1
19921231 0.1 0.23 0.515 -15.9
19930101 0 0.16 0.515 -14.3
19930102 0.1 0.43 0.515 -1.2
19930103 0 0.53 0.473 -2.3
19930104 0.1 1 0.473 -6.3
19930105 0.7 1.02 0.473 -5.7
19930106 2.1 0.5 0.473 0
19930107 0.1 0.51 0.473 -2.2
19930108 0.2 0.76 0.473 -1.1
19930109 0.1 0.77 0.433 -1.6
19930110 0.9 0.71 0.433 -2.7
19930111 4.8 0.82 0.433 -2.6
19930112 0 0.34 0.433 -5.9
19930113 0.4 0.34 0.433 -3.1
19930114 0 0.37 0.433 -7.3
19930115 0.1 0 0.433 -2.8
19930116 7.5 0.76 0.395 -0.1
19930117 1.6 0.43 0.395 1.3
19930118 1.6 0.8 0.395 -1.3
19930119 0.3 0.62 0.395 -9.2
19930120 0 0.23 0.395 -10.1
19930121 1.5 0.31 0.395 -0.3
19930122 0.7 0.55 0.395 -1.5
19930123 1.9 0.45 0.395 -10.3
19930124 2.4 0 0.395 -9
19930125 4 0.29 0.395 -8.3
19930126 0.5 0.27 0.395 -10.9
19930127 0.2 0.08 0.395 -5.2
19930128 1.1 0.35 0.395 -5.9
19930129 0 0.17 0.36 -22
19930130 0 0.13 0.36 -15.5
19930131 0.1 0.42 0.36 -2.5
19930201 0 1.24 0.36 0.5
19930202 0 0.91 0.36 -2.2
19930203 0.1 0 0.36 0.5
19930204 17 0.6 0.327 -1.1
19930205 2.9 0.62 0.327 -6
19930206 0.3 0.4 0.327 -5.2
19930207 0.7 0.41 0.327 -4.3
19930208 0 0.76 0.327 3.3
19930209 0 0.36 0.327 0.7
19930210 0 0.56 0.327 2.6
19930211 0 0.55 0.295 -4.7
19930212 0 0.21 0.295 -5.1
19930213 0 0.41 0.295 -3.9
19930214 0 0.49 0.295 -6.1
19930215 0.1 0.47 0.295 -1.4
19930216 1.7 0.43 0.295 -3.5
19930217 1.2 0.24 0.295 -3.9
19930218 0.5 0.34 0.295 -4.2
19930219 1.5 0.43 0.295 -5.4
19930220 1.1 0.29 0.295 -8.5
19930221 6.8 0.32 0.266 -15
19930222 0.1 0.12 0.266 -17.6
19930223 2.9 0.05 0.266 -11.1
19930224 0 0.32 0.266 -14.4
19930225 0.1 0.32 0.239 -10
19930226 0.3 0.62 0.239 -2
19930227 4.6 0.24 0.239 -6.1
19930228 0.1 0.36 0.239 -7.7
19930301 0 0.21 0.239 -15.3
19930302 0 0.49 0.327 -16.6
19930303 0 0.2 0.327 -15.8
19930304 0 0.23 0.327 -13.2
19930305 0.9 0 0.327 -2.3
19930306 0.6 0.43 0.327 -2.8
19930307 1.6 0.32 0.327 -5.7
19930308 0.1 0.29 0.327 -4.7
19930309 0 1.29 0.295 -2.3
19930310 0.8 0.48 0.295 -5.3
19930311 0.3 0.44 0.295 -6.5
19930312 0 0.37 0.295 -4.5
19930313 0 0.85 0.295 2.1
19930314 0 0.68 0.295 -1.5
19930315 0 0.83 0.295 0.3
19930316 0.3 0.81 0.295 0.5
19930317 0.2 0.72 0.295 -2.3
19930318 0.3 0.6 0.295 -2.8
19930319 2.4 0.4 0.295 -3.8
19930320 0.4 0.47 0.295 -1.7
19930321 0.1 0.93 0.295 1.1
19930322 1.3 0.59 0.295 -5
19930323 0.4 0.93 0.295 -1.6
19930324 0 0.67 0.295 -6
19930325 0.7 0.41 0.295 -3.8
19930326 0.6 0.35 0.295 -2.4
19930327 0.4 0.7 0.295 -4.3
19930328 0 0.37 0.295 -10.8
19930329 0 0.32 0.295 -9.1
19930330 0 0.29 0.266 -8.2
19930331 0 0.46 0.266 -4.3
19930401 0.1 0.45 0.266 -1.5
19930402 0.3 0.74 0.266 1.7
19930403 0.1 0.64 0.266 1.3
19930404 0 0.72 0.266 0.2
19930405 0 0.57 0.266 -0.7
19930406 0 0.47 0.266 0.6
19930407 0 0.38 0.266 -2.2
19930408 0.3 0.9 0.266 -3.7
19930409 0 0.5 0.266 -2.4
19930410 0 0.42 0.266 -3.7
19930411 0 0.62 0.266 -1.2
19930412 0 0.51 0.266 -3.8
19930413 0 0.69 0.266 -3.9
19930414 0 0.62 0.266 -3.3
19930415 0 0.71 0.239 -1.8
19930416 0 1.08 0.239 2.7
19930417 0.3 1 0.239 1.7
19930418 1.2 0.65 0.239 -0.3
19930419 2.3 0.6 0.239 -3.1
19930420 1.3 0.79 0.266 -2.6
19930421 2.5 0.65 0.239 1.6
19930422 0.4 1 0.239 3.7
19930423 0 0.63 0.266 6
19930424 0.1 0.88 0.327 5.7
19930425 0 1.13 0.515 9.8
19930426 0 0.68 1.215 8.5
19930427 0 1.28 3.326 8.2
19930428 0 1.42 9.167 5.5
19930429 0 1.47 13.112 7.1
19930430 0 1.24 14.75 9.4
19930501 0 1.97 28.699 11.2
19930502 3.7 1.2 23.519 11.1
19930503 4 0.94 25.081 2.9
19930504 21 0.51 20.552 0.2
19930505 2.7 0.71 13.57 2.6
19930506 0.2 0.74 10.739 4.6
19930507 4.3 0.52 9.741 5.4
19930508 6.8 0.77 11.574 3.8
19930509 0 0.96 12.663 8.4
19930510 0 1.26 12.441 6.9
19930511 0 0.87 11.574 6.4
19930512 0 0.99 11.362 2.9
19930513 7.3 0.38 11.152 -0.9
19930514 2 0.73 9.937 4.5
19930515 5.8 0.82 9.548 8.4
19930516 4.2 0.51 11.574 6.6
19930517 6.9 0.57 16.745 6
19930518 0.3 3.7 14.993 13.7
19930519 0 2.25 14.036 13.5
19930520 0 1.52 13.112 14.1
19930521 0 1.48 11.574 12.5
19930522 0 1.24 10.739 14.7
19930523 0 1.15 10.334 14.7
19930524 1.5 2.71 11.152 7.8
19930525 0.1 1.34 9.741 2
19930526 0 0.86 7.552 2.1
19930527 0 1.36 6.098 3.8
19930528 0 1 5.078 6.8
19930529 0.3 0.69 4.538 5.8
19930530 5.7 0.94 4.28 5.3
19930531 4.2 0.77 4.408 8.1
19930601 7.8 0.72 5.078 4.7
19930602 2 0.88 5.503 2
19930603 1.5 1.17 5.078 3.3
19930604 0 0.85 4.67 8
19930605 0 1.24 4.154 7.3
19930606 16.8 0.89 4.408 6.6
19930607 1.3 1.02 4.67 5.7
19930608 0 1.23 4.538 7.5
19930609 0 0.85 4.154 9.3
19930610 0 0.67 3.908 11.6
19930611 0 0.97 3.67 8.1
19930612 1.3 1.81 3.553 4.8
19930613 0.1 1.14 3.326 3.2
19930614 0.2 0.8 3.107 3.2
19930615 0.3 0.76 2.896 2.5
19930616 1 0.93 2.692 4.5
19930617 2.7 1 2.593 4.4
19930618 1 1.09 2.401 5.9
19930619 0.1 1.29 2.308 8.5
19930620 0 1.04 2.225 6
19930621 5.8 0.94 2.225 4.4
19930622 5.3 0.9 2.401 5.3
19930623 0.5 0.92 2.496 5.3
19930624 0.6 0.62 2.401 4.8
19930625 4.7 0.68 2.401 7
19930626 2 1.19 2.496 10.9
19930627 0.2 1.24 2.496 10.5
19930628 0 0.93 2.401 9.2
19930629 0 0.97 2.401 8.2
19930630 0 1.64 2.401 11.2
19930701 0.7 1.11 2.225 14.1
19930702 0.6 0.71 2.117 10
19930703 0.8 0.7 2.117 9.5
19930704 0.3 1.26 2.012 9.9
19930705 3.3 1.23 2.117 6.9
19930706 1.2 1.18 2.117 7.1
19930707 8.4 0.39 2.117 6
19930708 1.6 1.24 2.308 8.3
19930709 0.2 1.58 2.308 9.8
19930710 7.3 1.53 2.496 9.3
19930711 1.1 2.2 2.496 9.5
19930712 3.5 1.07 2.496 11.2
19930713 5.4 2.3 2.593 15.1
19930714 2 1.13 2.692 13.7
19930715 3 1.32 2.793 15.4
19930716 0 0.74 2.793 13.1
19930717 0.3 1.57 2.593 14
19930718 0 1.23 2.308 11.2
19930719 0 0.8 2.225 10.6
19930720 1.3 1.23 2.117 12.9
19930721 0.6 1.24 2.012 10.9
19930722 8.3 0.71 2.117 11.7
19930723 20.9 0.66 3.439 12.4
19930724 5.5 0.95 5.797 14.6
19930725 3.3 1.18 6.886 13.8
19930726 3.9 1.01 6.724 10.5
19930727 29.7 0.7 8.429 9.6
19930728 3.7 0.86 10.945 12
19930729 0.3 0.98 9.548 11.3
19930730 0.6 1.34 8.072 11.3
19930731 11.7 0.94 7.049 12.8
19930801 3.4 0.89 6.724 10.2
19930802 2.3 1.13 6.565 9.7
19930803 1.6 1.21 5.946 11.7
19930804 7.5 1.1 5.359 11.3
19930805 4 1.21 4.94 10.2
19930806 0.1 0.91 4.538 12.7
19930807 0 0.84 4.03 12.8
19930808 0.9 1.31 3.67 11.8
19930809 1.8 1.13 3.326 12
19930810 8.1 0.77 3.439 11.2
19930811 6.9 0.58 3.67 9.7
19930812 9.3 0.66 4.03 8.7
19930813 6.6 1.03 4.154 7
19930814 0.4 1.35 4.154 10
19930815 0 1.29 3.788 9
19930816 1.6 0.6 3.439 8.7
19930817 5.8 1.62 3.439 6.9
19930818 0.1 1.51 3.326 6.2
19930819 0 1.11 3.107 8
19930820 1.2 0.63 3.001 7.9
19930821 13.7 0.69 3.553 8
19930822 7.8 0.65 5.078 8.1
19930823 8.4 0.83 6.407 7.7
19930824 3.2 0.97 6.565 7.6
19930825 0.4 0.83 6.098 7.5
19930826 0.4 0.79 5.218 5.6
19930827 0.8 0.77 4.67 5.5
19930828 0.6 0.67 4.28 5.8
19930829 0.1 0.55 3.908 6.7
19930830 33.1 0.56 5.078 7.3
19930831 2.1 0.65 8.25 9
19930901 0.8 0.77 7.552 8.5
19930902 0.4 0.78 6.407 7.8
19930903 0.8 0.94 5.503 6.3
19930904 1.3 0.93 4.94 5.3
19930905 0.5 0.57 4.538 5.4
19930906 1.2 0.89 4.154 4.5
19930907 0.2 0.98 3.908 5.3
19930908 0.3 0.91 3.553 6
19930909 0 0.87 3.326 7.4
19930910 0 1.4 3.107 6.2
19930911 0 1.29 2.896 7
19930912 0.2 0.92 2.793 4.4
19930913 1.1 0.83 2.593 3.6
19930914 0.6 0.52 2.496 -0.4
19930915 0 1.03 2.308 2.8
19930916 0.1 1 2.308 1.4
19930917 0 0.41 2.117 -0.4
19930918 0 0.75 2.012 1.4
19930919 0 0.79 1.91 3.1
19930920 0 0.82 1.91 2.5
19930921 5 0.46 1.91 6
19930922 10 0.59 2.117 7.9
19930923 0.2 0.95 2.401 4.5
19930924 0.1 1.09 2.401 4
19930925 0.7 1.01 2.225 5.7
19930926 2 0.42 2.117 2.5
19930927 0.6 0.51 2.012 1
19930928 0.1 0.46 1.91 3.1
19930929 0 0.44 1.91 2.2
19930930 0.1 0.99 1.812 2
19931001 0 1.52 1.718 3
19931002 0.1 1.15 1.718 3.1
19931003 0 0.93 1.626 4
19931004 0.5 0.47 1.537 3.8
19931005 1 0.42 1.537 4.5
19931006 1 0.41 1.537 3.6
19931007 17.5 0.51 1.812 1.2
19931008 5.5 0.33 2.012 1.7
19931009 0.9 0.42 2.225 3.3
19931010 10.7 0.44 2.593 1.8
19931011 11.8 0.35 3.001 0.2
19931012 7.9 0.39 3.001 0.5
19931013 5.6 0.69 2.896 -2.6
19931014 0.2 0.57 2.593 -5.8
19931015 0 0.47 2.401 -9.1
19931016 0 0.23 2.225 -13.2
19931017 0 0.24 2.012 -4.6
19931018 0.2 0.72 1.91 0.4
19931019 0 1.49 1.812 4.5
19931020 0.5 0.6 1.812 1
19931021 2.2 0.4 1.718 -7.3
19931022 0 0.29 1.718 -11.2
19931023 0 0.22 1.626 -9
19931024 1.4 0.38 1.537 -0.2
19931025 1 0.32 1.537 1.7
19931026 1.5 0.39 1.537 5
19931027 0.8 1.08 1.91 4.8
19931028 0 0.88 2.225 1.2
19931029 0 0.45 2.308 -3.7
19931030 0 0.47 2.117 -3.5
19931031 0.1 0.43 2.012 -2
19931101 0 0.27 1.812 -3.9
19931102 0 0.35 1.718 -2.5
19931103 0.1 0.29 1.626 -4.4
19931104 0 0.33 1.537 -4.3
19931105 0 0.31 1.37 -7.9
19931106 0.1 0.23 1.215 -8.5
19931107 0.1 0.16 1.141 -9.1
19931108 0.1 0.27 1.071 -4.7
19931109 0 0 1.071 -1.4
19931110 1 0.64 1.003 1.7
19931111 1 0.79 1.003 2
19931112 3.1 0.79 1.003 -1.8
19931113 5.8 0.46 1.003 -0.2
19931114 9.7 0.31 1.003 0.2
19931115 2.1 0.34 0.939 -4.8
19931116 0 0.22 0.939 -8.5
19931117 0 0.24 0.939 -9.7
19931118 0 0.23 0.939 -13.9
19931119 0 0.18 0.877 -17.2
19931120 0.2 0.09 0.877 -11.1
19931121 0.3 0.13 0.817 -12.3
19931122 1.1 0.19 0.817 -10.5
19931123 2.3 0.29 0.817 -5
19931124 1.8 0.4 0.817 -4.8
19931125 2 0.23 0.817 -15.7
19931126 0.1 0.1 0.817 -16.3
19931127 0 0.31 0.817 -15.9
19931128 0 0.16 0.761 -21.2
19931129 0.1 0.12 0.761 -14.4
19931130 0.3 0.27 0.706 -8.9
19931201 0.6 0.4 0.706 -6.9
19931202 1.9 0.4 0.706 -3.9
19931203 1.3 0.26 0.706 -11.5
19931204 2.9 0.16 0.706 -4
19931205 1.6 0.67 0.655 -3.1
19931206 1 0.79 0.655 -2.4
19931207 0.1 0.5 0.655 -6.3
19931208 6.4 0.42 0.706 -3.2
19931209 0 0.55 0.706 -12.2
19931210 0 0.32 0.655 -20.4
19931211 0.4 0.08 0.655 -20.7
19931212 2.2 0 0.655 -8.3
19931213 1.6 0.28 0.655 -15.8
19931214 0 0.09 0.606 -24.5
19931215 0.5 0 0.606 -4.1
19931216 2 0.38 0.559 -6.3
19931217 1.1 0.23 0.559 -12.2
19931218 0.1 0.39 0.559 -12.8
19931219 3.9 0.45 0.559 1.9
19931220 7.9 1.01 0.559 -7.4
19931221 0 0.31 0.559 -9.9
19931222 0 0.28 0.559 -18.7
19931223 0.1 0.2 0.559 -27
19931224 0.3 0.06 0.515 -18
19931225 1.1 0.33 0.515 -16.7
19931226 0.3 0.08 0.515 -29
19931227 0 0.07 0.515 -31.5
19931228 0 0.21 0.473 -25.8
19931229 1.5 0.34 0.473 -8.6
19931230 3.9 0.54 0.473 -2.6
19931231 0.8 0.54 0.473 -12.5
19940101 0 0.29 0.473 -8.5
19940102 2 0.35 0.473 -11.8
19940103 0 0.17 0.473 -17.4
19940104 0 0.27 0.473 -25.5
19940105 0.2 0 0.473 -13.4
19940106 8 0.46 0.473 -6
19940107 2 0.32 0.473 -4.3
19940108 9.6 0.45 0.473 -7.8
19940109 0.1 0.16 0.473 -22.1
19940110 0 0.23 0.473 -17.9
19940111 0.2 0.43 0.473 -9.8
19940112 0.2 0.36 0.433 -7.5
19940113 6.4 0.44 0.433 -3
19940114 0.1 0.31 0.433 -7.2
19940115 0.1 0.49 0.433 -6.3
19940116 0.2 0.18 0.395 -9.7
19940117 0.6 0.29 0.36 -13.4
19940118 0 0.38 0.36 -22.6
19940119 3.8 0.03 0.36 -8.7
19940120 0.7 0.19 0.36 -15.1
19940121 0.7 0.34 0.36 0.7
19940122 0.6 0.61 0.36 -3.9
19940123 0.3 0.74 0.36 -5.6
19940124 3 0.3 0.36 -5.8
19940125 4.3 0.64 0.36 -17.5
19940126 3.1 0 0.36 -9.7
19940127 0.6 0.28 0.36 -10.2
19940128 1.5 0.33 0.36 -17.5
19940129 0.2 0.1 0.327 -18.8
19940130 2.5 0.34 0.327 -11
19940131 3.8 0.21 0.36 -8.2
19940201 0.7 0.42 0.36 -9.2
19940202 1.3 0.67 0.36 -10.9
19940203 1.3 0.32 0.36 -12.4
19940204 2.4 0.21 0.36 -14.1
19940205 0.1 0.11 0.36 -24.4
19940206 0 0.23 0.36 -15.9
19940207 0 0.55 0.327 -11.6
19940208 0 0.35 0.327 -17.3
19940209 0 0.17 0.327 -14.9
19940210 0 0.21 0.327 -10.8
19940211 0 0.32 0.327 -14.8
19940212 0.4 0.25 0.327 -20.5
19940213 0.1 0.31 0.327 -19.3
19940214 0 0.27 0.295 -21.3
19940215 0 0.34 0.295 -23.4
19940216 0 0.32 0.266 -19.5
19940217 0 0.32 0.266 -18.3
19940218 0 0.35 0.266 -20.3
19940219 0 0.34 0.266 -20.1
19940220 0 0.29 0.266 -22.6
19940221 0 0.34 0.266 -20.8
19940222 0 0.36 0.266 -20.4
19940223 0 0.2 0.266 -17.7
19940224 0.1 0.37 0.266 -6.2
19940225 0.3 0.27 0.239 -12.9
19940226 0 0.55 0.239 -8.9
19940227 0 0.25 0.239 -13.5
19940228 0.2 0.27 0.239 -15.3
19940301 0 0.11 0.239 -22.1
19940302 0 0.44 0.239 -14.3
19940303 0.1 0.55 0.239 -10.1
19940304 0.4 0.28 0.239 -8.3
19940305 0.9 0.38 0.239 -0.4
19940306 4.3 0.7 0.239 -1.6
19940307 0.3 0.48 0.239 -8.9
19940308 0.7 0.52 0.239 2
19940309 0 0.84 0.239 -3.3
19940310 0 1.11 0.239 -1.7
19940311 0 1.03 0.239 0.4
19940312 0 0.68 0.239 -2
19940313 0 0.64 0.239 -3.1
19940314 0.4 0.61 0.239 -3.9
19940315 1.6 0.78 0.239 -3.6
19940316 0 0.67 0.239 -7.9
19940317 0 0.41 0.239 -7.3
19940318 1.2 0.57 0.239 -5.8
19940319 0 0.53 0.239 -15.7
19940320 0 0.2 0.239 -14.1
19940321 0 0.37 0.239 -10
19940322 0.6 0.23 0.239 -6.4
19940323 2.4 0.26 0.213 -4.4
19940324 3.7 0.54 0.239 -2.8
19940325 0.4 0.48 0.239 -1.3
19940326 0.2 0.5 0.239 -2.8
19940327 1.1 1.14 0.239 -2.6
19940328 0 1.22 0.213 -1.8
19940329 2 1.5 0.213 1.6
19940330 0.5 1.1 0.213 -0.8
19940331 0.1 0.47 0.213 2.1
19940401 6.8 0.86 0.239 2
19940402 6.2 0.81 0.239 1.9
19940403 6.2 0.9 0.239 1.4
19940404 0 1.02 0.239 -0.4
19940405 1.8 0.7 0.239 0.4
19940406 0.1 1.07 0.239 -2.8
19940407 0.1 0.99 0.239 0.4
19940408 0 0.64 0.239 -2.9
19940409 0 0.54 0.239 -2.5
19940410 0 0.93 0.239 -1.3
19940411 0 0.51 0.239 -0.9
19940412 0 1.3 0.213 3.2
19940413 0 0.65 0.213 0.6
19940414 2 0.77 0.239 0.2
19940415 0.2 1.17 0.239 0.9
19940416 0.1 0.88 0.213 0.6
19940417 1.1 0.75 0.239 -2.6
19940418 0.4 0.84 0.239 -2
19940419 0.1 0.67 0.239 -1.9
19940420 0 0.72 0.239 -2.4
19940421 0.8 1.34 0.239 2.5
19940422 0.2 1.64 0.239 1.9
19940423 1.2 0.69 0.239 3.2
19940424 0 0.99 0.239 4.7
19940425 0 1.65 0.295 7.8
19940426 0 1.7 0.559 5.8
19940427 0.2 1.62 0.706 5.2
19940428 0.4 1.71 0.877 5.8
19940429 0.8 1.37 1.141 4.1
19940430 0.5 0.72 1.452 -0.6
19940501 1.1 0.93 1.91 -1.1
19940502 0 1.44 2.401 2.6
19940503 0 1.52 2.896 6.7
19940504 0 2.04 3.553 6.9
19940505 0 1.05 4.28 7.1
19940506 0 2.48 5.359 6.7
19940507 0.1 2.01 6.407 5.9
19940508 0 1.94 7.552 9.3
19940509 0 1.49 9.937 6.2
19940510 1.7 0.58 11.362 4.6
19940511 0 1.07 11.362 7.6
19940512 0 1.63 10.945 8.6
19940513 0 1.69 11.574 8.5
19940514 0 1.44 12.221 4.2
19940515 2.2 1.32 11.152 2.1
19940516 0.1 1.25 8.979 0.7
19940517 0 0.75 6.886 0.9
19940518 4.1 0.82 5.503 0.5
19940519 5.8 0.6 4.67 2.2
19940520 0 0.99 4.03 3.4
19940521 0 1.4 3.439 4
19940522 0 1.08 3.216 3.2
19940523 0 1.32 3.001 2.8
19940524 0 0.97 3.001 4.7
19940525 0 1.72 3.001 3.8
19940526 0 0.97 3.001 1.6
19940527 0.1 1.17 2.896 2
19940528 0.3 0.8 2.793 2.6
19940529 3.3 0.85 2.692 2.1
19940530 1.5 1.59 2.692 5.9
19940531 0.8 1.88 2.692 7.3
19940601 0.2 1.61 3.107 6.6
19940602 0.2 0.71 3.67 7.9
19940603 4.3 1.64 4.67 12.6
19940604 0.5 1.02 6.886 10.5
19940605 8.6 0.77 9.167 8.3
19940606 13.8 1.04 12.663 7.5
19940607 4.5 1.45 13.34 8.4
19940608 0.7 0.74 11.574 6.3
19940609 0.5 0.95 9.356 5.5
19940610 1 0.83 7.723 6.3
19940611 0 1.99 6.407 7.5
19940612 0.6 1.03 5.797 9.2
19940613 0.3 1.6 5.649 11.9
19940614 0 2.81 5.946 7.3
19940615 3.4 1.34 5.946 3
19940616 0.7 0.89 5.359 2.3
19940617 0.4 1.35 4.538 3.8
19940618 0.1 1.28 4.03 5.9
19940619 4.6 0.83 3.67 6.6
19940620 6.6 1.45 4.28 7.1
19940621 0.6 1.2 4.538 10
19940622 12.8 1.24 5.218 5.8
19940623 5.7 1.24 6.407 4.6
19940624 0.6 1.26 5.946 6.9
19940625 0.1 0.57 5.359 8.7
19940626 11 0.62 6.407 10.2
19940627 14.4 2.36 7.552 11.7
19940628 0 2.09 7.897 14.4
19940629 1 1.87 6.886 14.3
19940630 13.3 1.16 7.552 10
19940701 0.1 1.96 7.215 10.7
19940702 0 1.58 5.946 14
19940703 0 1.24 5.078 14.3
19940704 0 1.43 4.408 17.5
19940705 0 3.06 3.908 18.4
19940706 0 1.33 3.439 17.5
19940707 0 2.22 3.107 17.8
19940708 0 2.32 2.896 15.6
19940709 0.5 0.87 2.593 14.8
19940710 4 1.13 2.496 13.7
19940711 0.3 1.3 2.308 13.2
19940712 0 3.11 2.225 19.6
19940713 0 2.51 2.117 19
19940714 0 1.51 1.91 17.9
19940715 3 3.13 1.812 19
19940716 12.8 1.49 2.117 10.3
19940717 0 1.06 2.401 9.8
19940718 0.1 1.6 2.308 13.2
19940719 0 1.2 2.117 13.7
19940720 0 2.12 1.91 13.9
19940721 0 2.21 1.718 16.3
19940722 0 3.16 1.537 15.8
19940723 0 1.79 1.37 12.8
19940724 0 1.48 1.215 16
19940725 0 2.79 1.141 16
19940726 0 3.89 1.071 21
19940727 0 2.02 0.939 22
19940728 0.1 2 0.877 16
19940729 3.5 0.86 0.877 13.4
19940730 5.4 1.17 0.877 17.9
19940731 0 1.17 0.877 18.7
19940801 0 1.3 0.877 18.9
19940802 0 1.9 0.877 19.4
19940803 0 1.32 0.877 16.2
19940804 1.2 2.19 0.817 17.5
19940805 0 0.73 0.761 16.1
19940806 7.4 1.52 0.761 13.2
19940807 0.3 1.74 0.761 9.2
19940808 0.1 1.13 0.761 9.8
19940809 1.5 0.81 0.761 10.7
19940810 0.8 1.48 0.761 12
19940811 0.2 1.44 0.706 10.8
19940812 0 1.06 0.655 13.8
19940813 3.5 1.43 0.655 7.5
19940814 16.1 0.95 0.877 7.9
19940815 0.2 1.15 1.071 7.7
19940816 0 1.66 1.071 7.6
19940817 0 1.41 1.071 7.9
19940818 1.6 2.21 1.003 12
19940819 1.2 1.45 1.003 9.9
19940820 0.1 1.22 0.939 10
19940821 1.2 0.71 0.877 9.5
19940822 15.9 0.69 1.071 9.6
19940823 12.6 1.27 1.718 11.9
19940824 0.1 1.45 2.012 10.8
19940825 0 1.29 2.012 11.9
19940826 0 1.43 1.91 10.7
19940827 13.3 0.93 2.117 9.2
19940828 12.3 1.16 3.107 6.5
19940829 0 0.84 3.788 4.3
19940830 0.5 0.71 3.553 4.7
19940831 0.2 0.71 3.107 5.6
19940901 0 0.96 2.793 7
19940902 0.2 1.48 2.496 7.6
19940903 0 1.13 2.225 7
19940904 0 1.81 2.012 9.6
19940905 0 0.75 1.91 6.4
19940906 0.2 0.66 1.718 7.7
19940907 1.8 0.88 1.718 8.7
19940908 2.6 1.5 1.626 7.7
19940909 0 1.62 1.537 7.1
19940910 15.4 1.74 1.91 8
19940911 0.3 0.65 2.593 6.1
19940912 0.6 0.64 2.692 7.7
19940913 1.1 0.63 2.401 5.4
19940914 3.6 0.75 2.308 6.5
19940915 0.4 0.99 2.225 4.7
19940916 25.1 0.62 2.308 3.2
19940917 2.7 0.84 2.593 3.7
19940918 0.1 0.72 2.896 2.1
19940919 0 0.44 2.896 0.9
19940920 0 0.59 2.896 0.8
19940921 0 0.66 2.793 3.2
19940922 0 0.66 2.692 8.9
19940923 0.1 0.64 2.692 8.1
19940924 0 0.73 2.896 6.9
19940925 0 1.13 2.793 2.8
19940926 0.1 1.18 2.692 2.8
19940927 1 0.41 2.496 2
19940928 1.3 1.52 2.401 2.5
19940929 0.1 1.09 2.225 2.2
19940930 0 0.88 2.117 1.7
19941001 3.7 1.03 2.012 -0.5
19941002 0.1 0.69 1.91 -0.8
19941003 1.2 0.39 1.91 -3.5
19941004 1.1 0.78 1.812 -1.9
19941005 0.2 0.61 1.718 -1.1
19941006 0.1 1.07 1.626 4.6
19941007 0.8 1.99 1.812 8.5
19941008 0 0.45 1.91 3.5
19941009 0 0.41 2.012 1.4
19941010 0 0.86 1.91 2.2
19941011 0 0.65 1.812 0.4
19941012 1.1 1.19 1.812 2.4
19941013 1.7 0.83 1.812 5
19941014 0.1 1.07 1.812 5.4
19941015 0.7 0.81 1.812 -0.4
19941016 0.2 0.64 1.718 -4.1
19941017 0.4 0.63 1.537 -2.2
19941018 0.2 0.52 1.452 -4
19941019 0 0.27 1.37 -7.6
19941020 0 0.37 1.215 -4
19941021 0 0.64 1.141 -5.6
19941022 0.1 0.44 1.071 0.2
19941023 0.2 0.53 1.071 2.3
19941024 2 0.57 1.141 6.4
19941025 3.5 0.8 1.291 3.2
19941026 0.4 0.57 1.37 2.6
19941027 0 0.43 1.37 0.3
19941028 0 0.44 1.291 -0.8
19941029 0 0.36 1.215 -2.4
19941030 3.9 0.37 1.215 -1.9
19941031 0.3 0.31 1.141 -0.8
19941101 9.7 0.37 1.215 0
19941102 0.1 0.38 1.215 0.5
19941103 0.7 0.84 1.141 -1.5
19941104 0.3 1.49 1.071 1.2
19941105 0.1 0.38 1.003 2.1
19941106 2.4 0.37 1.003 1.8
19941107 1.6 0.45 1.071 2
19941108 0.8 0.34 1.141 1.1
19941109 0.2 0.47 1.215 -2
19941110 0.1 0.57 1.215 -7.6
19941111 0.4 0.51 1.141 -7.9
19941112 0.3 0.22 1.071 -11.4
19941113 0 0.43 0.939 -11.1
19941114 4.4 0.44 0.939 -3.2
19941115 2.1 0.33 0.939 -5.5
19941116 0.4 0.58 0.939 -1
19941117 0.5 0.4 0.877 -3.9
19941118 0.4 0.49 0.877 -8.8
19941119 0.1 0.47 0.817 -10.2
19941120 1 0.52 0.817 -5.2
19941121 0 0.34 0.817 -2.2
19941122 0.1 0.75 0.761 2
19941123 0 1.01 0.761 5.5
19941124 2.2 0.99 0.817 -1.6
19941125 2.4 0.6 0.817 -0.2
19941126 1.3 0.51 0.817 -0.4
19941127 0.1 0.47 0.817 -1.6
19941128 0.4 0.52 0.817 -0.5
19941129 3.9 0.37 0.817 -1.4
19941130 1.8 0.46 0.761 -5.4
19941201 0 0.26 0.761 -9.2
19941202 0 0.43 0.761 -14.4
19941203 0 0.2 0.761 -14
19941204 0.1 0.23 0.706 -7.8
19941205 0 0.24 0.706 -12.5
19941206 1.3 0 0.655 -1.2
19941207 6.2 0.4 0.655 -2.4
19941208 5.1 0.61 0.655 0
19941209 4.5 0.67 0.655 -2.1
19941210 0.1 0.3 0.655 -4.7
19941211 1.3 0.69 0.606 -6.8
19941212 0 0.38 0.606 -3.4
19941213 0 0.46 0.606 -6.4
19941214 0.4 0.48 0.606 -3.3
19941215 0.3 0.51 0.606 -8.7
19941216 1.4 0.24 0.606 -8.7
19941217 0.7 0.37 0.606 -9.4
19941218 2 0.55 0.559 0.6
19941219 5.3 0.77 0.606 -0.2
19941220 1.3 0.72 0.559 -1.1
19941221 0.3 0.38 0.559 -2.2
19941222 0.1 0.41 0.559 -9.1
19941223 0 0.45 0.559 -0.9
19941224 0 0.52 0.559 -1.6
19941225 0 0.6 0.559 -1.1
19941226 2.4 0.7 0.559 -3.4
19941227 0 0.39 0.559 -2.5
19941228 4.2 0.27 0.559 -9.1
19941229 1 0 0.559 -4.8
19941230 1.3 0.36 0.559 -6.1
19941231 0.2 0.28 0.559 -7.7
19950101 2.9 0.25 0.515 -8.7
19950102 3.4 0.28 0.515 -17.3
19950103 0.4 0.06 0.515 -8.2
19950104 0 0.34 0.515 -25.8
19950105 0 0.06 0.503 -8.4
19950106 0.2 0.93 0.483 -6.1
19950107 0 0.41 0.473 -6.1
19950108 0.9 0.56 0.473 -1.1
19950109 0 0.31 0.473 -6.5
19950110 5.4 0.25 0.473 -5.2
19950111 1.3 0.28 0.473 -6.4
19950112 0.2 0.31 0.469 -5.6
19950113 0.1 0.23 0.436 -8.8
19950114 2.6 0.2 0.433 1
19950115 1.8 0.27 0.433 -12.5
19950116 0.7 0.34 0.421 1.4
19950117 0.3 0.75 0.415 1
19950118 0.7 0.71 0.395 -1.8
19950119 1.6 0.59 0.402 -4.1
19950120 2.6 0.52 0.397 -4.1
19950121 3.2 0.57 0.395 -0.7
19950122 2.8 0.44 0.395 -2.7
19950123 3.2 0.66 0.395 -7.8
19950124 0.4 0.29 0.395 -7.1
19950125 0.1 0.45 0.395 -4.2
19950126 0.2 0.43 0.395 -4.6
19950127 0.7 0.27 0.395 -5.3
19950128 3.5 0.42 0.395 -18.5
19950129 0 0.08 0.395 -24.5
19950130 1.8 0.19 0.395 -9.7
19950131 3.4 0 0.395 -8.4
19950201 4.5 0.43 0.395 -4.7
19950202 0.3 0.93 0.395 -6
19950203 0.3 0.64 0.395 -4
19950204 0.6 0.5 0.395 -2.4
19950205 0.1 0.75 0.395 -1.6
19950206 1.7 0.99 0.395 -1.5
19950207 0.3 0.43 0.382 -6.1
19950208 0.5 0.42 0.374 -7.7
19950209 1.3 0.43 0.393 -6.7
19950210 0 0.47 0.39 -6.4
19950211 0 0.47 0.386 -13.6
19950212 0 0.02 0.382 -11.6
19950213 5 0.47 0.378 -6.7
19950214 0.7 0 0.374 0.3
19950215 2.8 0.53 0.371 -3
19950216 1.4 0.69 0.367 0.9
19950217 0.3 0.65 0.363 -4.5
19950218 0 0.57 0.343 -10.2
19950219 0 0.15 0.314 -10.9
19950220 1 0.5 0.295 -8.1
19950221 0 0.5 0.295 -11.8
19950222 0 0.43 0.295 -12.8
19950223 3.7 0.67 0.295 -1.8
19950224 2.2 0.27 0.295 -7.8
19950225 0 0.53 0.295 -5.2
19950226 0 0.38 0.295 -6.6
19950227 0 0.31 0.295 -11.7
19950228 1.9 0.91 0.297 -1.5
19950301 0 0.78 0.293 -2.7
19950302 0 0.69 0.293 -11.4
19950303 0 0.23 0.292 -16.5
19950304 0 0.16 0.291 -17.9
19950305 0.1 0.27 0.29 -12.6
19950306 0.5 0.21 0.289 -5.9
19950307 3.7 0.38 0.288 -4.9
19950308 0.2 0.93 0.287 -2.1
19950309 0.2 0.67 0.287 -3.9
19950310 0.1 0.35 0.286 -10.1
19950311 0.1 0.54 0.267 -2.2
19950312 0.1 0.83 0.257 -1.1
19950313 4.7 0.85 0.282 2.4
19950314 0.7 0.67 0.272 -1.2
19950315 1.9 0.54 0.282 -5.4
19950316 1.7 0.51 0.281 -4.9
19950317 0.5 0.43 0.28 -1.8
19950318 6.4 0.68 0.279 -1.7
19950319 0 0.69 0.278 -3.4
19950320 2 0.5 0.277 -2.1
19950321 2.8 0.79 0.277 -3.1
19950322 0.7 0.43 0.276 -0.9
19950323 1.9 0.85 0.275 3.7
19950324 1.4 0.61 0.274 -0.1
19950325 4.2 0.51 0.273 -5.3
19950326 0.5 0.53 0.272 -6.1
19950327 1.6 0.75 0.272 -8.1
19950328 0.7 0.72 0.271 -6.2
19950329 1.4 0.45 0.27 -6.3
19950330 0 0.68 0.255 -2.4
19950331 2.4 0.65 0.252 1.9
19950401 1.2 0.77 0.258 -3.6
19950402 4.2 0.49 0.267 -5.3
19950403 2.6 0.75 0.266 -5
19950404 0 0.64 0.266 -5.9
19950405 0.6 0.81 0.266 -3.8
19950406 0.8 0.49 0.266 -1.8
19950407 1.6 0.61 0.266 -2.5
19950408 1.5 0.68 0.266 -3.3
19950409 0.7 0.38 0.266 -5.6
19950410 1.1 0.27 0.266 -6.9
19950411 0.3 0.89 0.266 -0.5
19950412 0 0.48 0.266 4
19950413 0 0.9 0.266 2.7
19950414 0 1.14 0.249 1.6
19950415 0.6 1.05 0.256 -1
19950416 0.1 0.74 0.246 -1.8
19950417 0.2 0.61 0.242 -2.9
19950418 0.2 0.75 0.263 -1
19950419 1.5 0.75 0.26 -2
19950420 4.9 0.95 0.266 -0.3
19950421 0 0.78 0.266 0.6
19950422 0 0.69 0.266 -1.3
19950423 0.2 0.89 0.266 3.6
19950424 0 0.82 0.266 3.1
19950425 0 0.73 0.266 -1.6
19950426 3.5 0.73 0.266 -2.8
19950427 2.1 0.78 0.266 -4.2
19950428 1 0.75 0.277 -3.5
19950429 1.4 0.62 0.294 -2.1
19950430 0.1 0.75 0.295 -3.5
19950501 0 0.93 0.295 -3.1
19950502 3.6 1.18 0.295 6.9
19950503 0.1 0.81 0.327 6.1
19950504 0.3 0.96 0.327 5.7
19950505 0.6 0.94 0.327 6.4
19950506 0.1 0.48 0.36 3.5
19950507 1.4 1 0.36 4.5
19950508 0.4 1.32 0.395 4.7
19950509 0.1 0.98 0.395 1.2
19950510 0.1 0.87 0.433 -0.3
19950511 0.1 0.89 0.515 -0.6
19950512 0 0.5 0.559 -2.4
19950513 0.8 1.25 0.655 0.8
19950514 0.5 0.72 0.706 -1.1
19950515 8.6 0.46 0.817 -2.5
19950516 5.7 0.55 0.877 -1.4
19950517 0.7 0.64 1.003 1.4
19950518 0 0.81 1.215 0.1
19950519 1.8 0.78 1.452 1.9
19950520 1.7 1.36 1.626 4.1
19950521 4.9 1.18 1.91 0.6
19950522 1.8 0.8 2.308 2.4
19950523 0 1.24 2.547 4.9
19950524 4 1.24 2.99 7.8
19950525 0 1.8 4.551 9.4
19950526 0 1.67 8.515 12.5
19950527 0 1.85 18.177 12.7
19950528 0.8 0.88 27.741 10.2
19950529 4.3 1.21 32.107 12.2
19950530 9.1 0.74 36.994 13
19950531 2 0.71 35.163 9.3
19950601 28.8 1.02 38.335 12.1
19950602 7 1.18 39.533 12.1
19950603 6.8 0.75 31.972 7.4
19950604 2.3 1.27 23.178 11.3
19950605 0.2 0.76 17.763 9.9
19950606 2.8 0.83 14.176 9.6
19950607 10.8 1.6 13.561 10.7
19950608 2.1 0.85 13.106 10.7
19950609 8 1.47 13.093 8.1
19950610 0.1 1.45 12.679 7.7
19950611 3.8 0.63 10.664 4.4
19950612 4 1.02 9.45 7.1
19950613 0 1.44 8.141 7.8
19950614 0 1.07 7.123 10.5
19950615 10.4 0.48 6.627 10.7
19950616 1.4 1 7.32 11.2
19950617 0 1.93 7.308 12.1
19950618 0.3 1.33 6.907 10
19950619 5.6 1.93 6.484 7.5
19950620 0.1 0.81 6.254 8.8
19950621 1.2 1.76 5.845 7.9
19950622 0.7 1.27 5.332 6.2
19950623 0 0.77 4.789 7.9
19950624 0 1.06 4.432 11.7
19950625 0 0.86 4.349 16.6
19950626 0 3.96 4.308 11.6
19950627 0 2.19 3.992 10.4
19950628 0 1.8 3.531 9.9
19950629 0 2.46 3.246 5.9
19950630 0 1.38 3.025 4.5
19950701 0 1.25 2.756 5.3
19950702 0 1.06 2.529 9
19950703 2.9 1.28 2.4 7.3
19950704 7.8 1.21 2.547 5.7
19950705 3.1 1.41 2.776 5.8
19950706 0.1 1.64 2.765 9.5
19950707 0 1.65 2.581 11
19950708 0.1 1.39 2.366 7.5
19950709 0.7 0.94 2.244 8
19950710 0 1.75 2.053 10.3
19950711 0 1.68 1.9 10.2
19950712 0 1.95 1.805 11.7
19950713 0 1.55 1.654 11
19950714 0 1.72 1.534 15.7
19950715 5.1 2.1 1.464 11.6
19950716 10.2 0.79 1.501 10.3
19950717 4.6 1.67 1.626 13.3
19950718 1.8 0.57 1.732 13.5
19950719 8.8 1.55 1.89 9.7
19950720 0.1 1.66 1.91 12.3
19950721 0.5 1.2 1.91 10.6
19950722 4.7 0.8 1.872 7.4
19950723 0.8 1.69 1.791 10.4
19950724 0.4 1.16 1.711 11.6
19950725 1.7 1.61 1.628 9
19950726 0 0.59 1.574 13
19950727 0 0.92 1.476 15.7
19950728 0 0.63 1.348 16.5
19950729 0 1.27 1.204 16.1
19950730 1.9 0.87 1.153 16.4
19950731 0.5 0.6 1.141 17.8
19950801 4.5 0.75 1.141 18.4
19950802 3.1 1.26 1.141 17.4
19950803 0.5 1.46 1.117 11.4
19950804 0.1 1.4 1.015 9.2
19950805 0 1.16 0.975 14.3
19950806 0 2.71 0.932 9.9
19950807 1.1 1.27 0.879 5.9
19950808 1.1 1.15 0.877 7.5
19950809 0.1 1.34 0.862 8.5
19950810 0.9 1.01 0.817 11.2
19950811 0 1.46 0.8 13.1
19950812 0 1.39 0.761 12.5
19950813 0 2.04 0.742 12
19950814 1.6 0.92 0.68 11.2
19950815 0 1.35 0.655 12.2
19950816 0.6 1.17 0.653 15
19950817 0.1 1.37 0.614 14.8
19950818 0 1.29 0.605 14.1
19950819 0 1.57 0.567 10.3
19950820 0 1.44 0.559 10.7
19950821 0 1.96 0.557 10.2
19950822 0 1.38 0.516 14.6
19950823 2.8 1.02 0.515 10.9
19950824 5.1 1.16 0.543 9.1
19950825 0.6 0.51 0.559 6
19950826 3.7 0.85 0.573 5.1
19950827 1.7 1.26 0.606 4.9
19950828 0.5 0.95 0.606 4
19950829 0.7 0.76 0.573 3.9
19950830 0.6 1.03 0.559 4.5
19950831 0.1 1.15 0.559 7.4
19950901 0 1.21 0.559 7.9
19950902 0 1.87 0.559 12.1
19950903 0 1.54 0.525 10.2
19950904 2.4 1.62 0.514 13.1
19950905 1.7 1.23 0.511 10.7
19950906 14.5 0.99 0.508 11.8
19950907 1.3 0.95 0.505 11.4
19950908 1.7 1.2 0.502 8.7
19950909 0.5 0.94 0.466 7.3
19950910 0.1 0.97 0.454 7.8
19950911 0.1 0.48 0.438 8.2
19950912 0.6 0.62 0.449 9.9
19950913 0 0.78 0.447 7.4
19950914 0.2 0.55 0.444 5.8
19950915 2.4 1.23 0.441 6
19950916 0.6 1.11 0.455 6.4
19950917 0.1 0.94 0.474 6.8
19950918 0 0.68 0.44 2.4
19950919 0 0.45 0.433 4.2
19950920 2.5 0.49 0.433 6.4
19950921 0.3 0.83 0.418 9.2
19950922 0.2 0.49 0.395 6.7
19950923 0.7 1.05 0.395 3.5
19950924 3.7 1.72 0.371 5.4
19950925 0.9 0.86 0.36 2.9
19950926 1.1 1.97 0.342 5.2
19950927 0.1 1.09 0.327 2.9
19950928 0 0.48 0.336 0.3
19950929 3.1 0.59 0.369 -0.2
19950930 0 0.68 0.443 -2.3
19951001 0 0.43 0.473 -3.6
19951002 0.7 0.41 0.559 0
19951003 2.1 0.67 0.606 5.1
19951004 1.5 0.71 0.687 9.9
19951005 2.1 0.64 0.843 10.7
19951006 4.3 1.42 0.98 7.4
19951007 0.2 0.95 1.11 10.5
19951008 2.9 0.75 1.183 4
19951009 0.2 1.69 1.234 11.9
19951010 0 1.44 1.21 8.4
19951011 0 1.26 1.115 4.2
19951012 1.2 0.72 1.111 6.7
19951013 0.2 1.57 1.035 2.5
19951014 0 0.69 0.951 1.2
19951015 0.5 0.4 0.919 3.4
19951016 0.7 0.54 0.894 7.6
19951017 0.1 0.5 0.9 7.4
19951018 10.3 1.78 1.012 5.7
19951019 2.2 0.98 1.167 3.6
19951020 0 0.88 1.287 0.6
19951021 0.6 0.56 1.26 -2.8
19951022 0.8 0.38 1.207 0.3
19951023 1.8 0.61 1.142 0.9
19951024 0.5 0.65 1.141 5.8
19951025 0 0.58 1.212 7.5
19951026 2.2 1.07 1.324 6.1
19951027 0.4 0.87 1.383 6.7
19951028 7.8 0.68 1.555 1.8
19951029 0.1 0.75 1.624 -0.1
19951030 0 0.37 1.543 -1.1
19951031 0.9 0.36 1.499 -2.4
19951101 0.6 0.46 1.381 -1.6
19951102 0.9 0.49 1.286 -1.5
19951103 2.2 0.58 1.138 -9.6
19951104 0 0.19 0.987 -14.4
19951105 0 0.25 0.911 -7.2
19951106 0.2 1.21 0.92 -1.8
19951107 0.1 0.45 0.89 -8.6
19951108 0 0.17 0.877 -4.8
19951109 0.7 0.34 0.877 -6.8
19951110 0.1 0.22 0.844 -12.3
19951111 0 0.17 0.815 -17.2
19951112 0 0.16 0.726 -14.2
19951113 0 0.65 0.655 1.1
19951114 0 0.52 0.655 -4.5
19951115 0.8 0.55 0.655 -5.8
19951116 0.1 0.18 0.641 -9.6
19951117 0 0.44 0.606 -19.9
19951118 0 0.1 0.575 -8.1
19951119 2 0.36 0.559 -5.3
19951120 0.4 0.46 0.559 -4.2
19951121 0 0.55 0.559 -4.5
19951122 2.5 0.35 0.559 -0.4
19951123 0.3 0.44 0.559 -0.5
19951124 2.2 0.51 0.559 0.2
19951125 3.5 0.34 0.559 1.2
19951126 1.3 0.36 0.559 0.2
19951127 0.2 0.65 0.559 -7.2
19951128 0.2 0.38 0.559 -6.7
19951129 0.2 0.31 0.526 -6.7
19951130 0 0.33 0.507 -5.9
19951201 0 0.22 0.491 -12.6
19951202 0 0.19 0.473 -14.4
19951203 0.1 0.09 0.473 -7.3
19951204 0 0.26 0.467 -10.9
19951205 0.1 0.16 0.434 -17.5
19951206 0 0.14 0.433 -15.5
19951207 0.3 0.3 0.438 -12.9
19951208 0.2 0 0.434 -7.2
19951209 2.1 0.23 0.433 -10.8
19951210 1 0 0.447 0.3
19951211 1.7 0.32 0.473 3
19951212 0.3 0.41 0.509 0.2
19951213 0.5 0.73 0.503 -4.1
19951214 0.3 0.44 0.483 0.7
19951215 0 0.67 0.474 0.3
19951216 0.1 0.59 0.473 -2.4
19951217 0.1 0.59 0.445 -2
19951218 2 0.31 0.415 -6.7
19951219 0 0.36 0.395 -8.5
19951220 0.9 0.2 0.395 -14.3
19951221 0.1 0.31 0.392 -10.5
19951222 0 0.31 0.362 -21.1
19951223 0 0.14 0.36 -31.7
19951224 0.1 0.2 0.36 -18.8
19951225 0.3 0.35 0.349 -23.5
19951226 0 0.15 0.331 -18
19951227 0.4 0.29 0.327 -16.5
19951228 0 0.2 0.327 -25.9
19951229 0 0.14 0.327 -17.8
19951230 0.5 0.18 0.326 -15.5
19951231 0.3 0.24 0.311 -25.7
19960101 0 0.11 0.296 -31
19960102 0.1 0.07 0.291 -36.2
19960103 0 0.06 0.271 -35.9
19960104 0 0.05 0.263 -22.7
19960105 0.1 0.1 0.244 -20.6
19960106 0.2 0.1 0.239 -24.8
19960107 0.1 0 0.233 -6.6
19960108 1.4 0.48 0.214 -3.4
19960109 0.4 0.4 0.208 -4.7
19960110 1.4 0.86 0.191 0.1
19960111 0.3 0.58 0.188 -0.3
19960112 0.5 0.39 0.186 -1.2
19960113 3 0.38 0.185 -0.9
19960114 1 0.33 0.183 -2.5
19960115 0 0.33 0.182 -3.5
19960116 0 0.11 0.18 -5.6
19960117 0 0.35 0.179 -6.9
19960118 0 0.34 0.177 -5.1
19960119 0.4 0.49 0.176 -7.1
19960120 0.1 0.33 0.175 -9.2
19960121 0.1 0.15 0.173 -17.3
19960122 0 0.12 0.172 -19.8
19960123 0.2 0.12 0.17 -20.1
19960124 0.1 0.07 0.169 -13.5
19960125 0.4 0.48 0.164 -21
19960126 0 0.12 0.148 -27.4
19960127 0 0.15 0.147 -18.5
19960128 0 0.15 0.14 -0.9
19960129 0 0.35 0.147 -8.1
19960130 0 0.24 0.147 -10.1
19960131 0.2 0.26 0.147 -8.6
19960201 0 0 0.147 -2.5
19960202 1.5 0.31 0.147 -7.1
19960203 1 0.32 0.147 -4.4
19960204 0.9 0.4 0.147 -13.3
19960205 0 0.1 0.147 -25.8
19960206 0 0.09 0.147 -22.4
19960207 0.1 0.12 0.147 -21.8
19960208 0.3 0.24 0.147 -14.2
19960209 0.8 0.25 0.144 -16.2
19960210 0.7 0.24 0.131 -13.6
19960211 0.4 0.32 0.129 -11.8
19960212 0.3 0.35 0.129 -13.2
19960213 0.1 0.24 0.129 -11.9
19960214 0.3 0.37 0.129 -5
19960215 3.8 0.28 0.136 -1.4
19960216 2.2 0.45 0.129 -2.4
19960217 6.2 0.55 0.145 -15.5
19960218 0.1 0.18 0.137 -12
19960219 0.3 0.33 0.129 -18.7
19960220 0.2 0.28 0.129 -7.9
19960221 0 0.57 0.129 -17.9
19960222 0 0.12 0.129 -13.3
19960223 0.3 0.51 0.129 -14.2
19960224 0 0.34 0.129 -12.6
19960225 0.2 0.42 0.129 -6.1
19960226 6.3 0.61 0.129 -3.2
19960227 1.3 0.71 0.129 -4.8
19960228 0.6 0.44 0.129 -8.7
19960229 5.1 0.33 0.129 -4.6
19960301 4.6 0.3 0.129 -2.9
19960302 0.1 0.33 0.129 -3.8
19960303 0.3 0.33 0.129 -1.8
19960304 0.2 0.67 0.129 0.5
19960305 0 0.5 0.129 -1.6
19960306 0.2 0.7 0.129 -1.2
19960307 0 0.31 0.129 -4.7
19960308 0 0.41 0.129 -0.3
19960309 0 0.41 0.129 -4.3
19960310 0 0.57 0.119 -3.4
19960311 0.1 0.6 0.112 -5
19960312 0.1 0.6 0.116 -6.3
19960313 0 0.42 0.112 -8.9
19960314 0.1 0.47 0.112 -5.8
19960315 0.6 0.53 0.112 -5.2
19960316 0.1 0.33 0.112 -9.5
19960317 0 0.54 0.112 -7.5
19960318 0 0.54 0.112 -10.1
19960319 0 0.23 0.112 -10.5
19960320 0 0.24 0.112 -6.5
19960321 0.6 0.56 0.112 -4.4
19960322 0 0.53 0.112 -12.6
19960323 0.1 0.3 0.112 -12
19960324 0.1 0.43 0.112 -1.7
19960325 0 0.59 0.112 -3.7
19960326 1.5 0.7 0.112 -7
19960327 3.4 0.55 0.112 -4
19960328 0.2 0.35 0.112 -5
19960329 0.1 0.58 0.112 -6.6
19960330 0 0.28 0.112 -11.2
19960331 0 0.24 0.112 -12.4
19960401 1.2 0.56 0.112 -6.4
19960402 0 0.28 0.111 -11.2
19960403 0 1.17 0.11 1.5
19960404 0 1.11 0.11 2
19960405 0 0.9 0.109 1.7
19960406 0 0.63 0.109 2.6
19960407 0 0.56 0.108 -1.9
19960408 0 1.44 0.108 3.9
19960409 0 0.64 0.107 1.9
19960410 0 1.22 0.106 -2.1
19960411 0.1 0.94 0.106 -5.3
19960412 0 0.29 0.105 -6.3
19960413 0 0.83 0.105 -2.9
19960414 0 0.48 0.104 -2.1
19960415 0 0.79 0.104 -1.6
19960416 0 0.63 0.103 2.8
19960417 0 0.93 0.103 5.9
19960418 0 1.23 0.117 5
19960419 0 0.99 0.112 4.7
19960420 0.2 1.33 0.112 3.7
19960421 1.7 0.59 0.129 3.2
19960422 1.2 0.97 0.147 0.9
19960423 1.9 0.5 0.147 2.9
19960424 4.4 0.82 0.167 0.8
19960425 0.8 0.78 0.189 2.3
19960426 0.1 0.76 0.213 4.4
19960427 0 0.9 0.239 3.4
19960428 2.3 1.03 0.266 -1
19960429 1 0.64 0.295 -3.1
19960430 0 0.49 0.327 -1.7
19960501 1.6 0.57 0.36 -1.2
19960502 3 0.69 0.433 0.4
19960503 4.8 0.51 0.473 0.5
19960504 10.1 0.48 0.559 1.8
19960505 1.9 0.67 0.606 1.7
19960506 3 1.01 0.655 -1
19960507 0.7 0.8 0.761 -1.5
19960508 0.4 1.52 0.817 -0.4
19960509 0 0.77 0.877 0.1
19960510 0 0.95 1.141 0.2
19960511 0 1.26 1.49 4.4
19960512 0 0.95 1.811 10.5
19960513 0 1.11 4.927 8.8
19960514 1.9 1.17 13.497 2.6
19960515 7.6 0.59 14.565 -1.3
19960516 5.5 0.54 10.387 -1.2
19960517 0.1 0.63 7.389 -0.9
19960518 0.3 1.15 5.532 -1.4
19960519 0 1.09 4.224 2.3
19960520 0 1.05 3.497 5.3
19960521 0 1.28 3.668 6.6
19960522 0 1.41 4.462 7
19960523 0 0.93 5.951 7.5
19960524 0 1.04 8.138 5.7
19960525 5.8 1.26 10.278 5.9
19960526 1.3 0.51 12.638 5.3
19960527 1 1.18 10.86 3.4
19960528 0 0.87 8.375 2.7
19960529 0.1 0.78 6.388 3.6
19960530 1.5 1.23 5.199 8.2
19960531 0 1 4.935 7.7
19960601 6.7 2.34 8.342 8.9
19960602 3.3 3.26 10.119 9.8
19960603 0.1 1.27 9.17 9.4
19960604 0 1.56 7.679 7.4
19960605 1.9 1.16 6.667 7.7
19960606 0.1 2.84 6.2 11
19960607 0.9 1.97 6.019 10.9
19960608 0.5 2.07 5.439 13.7
19960609 2.1 1.2 5.415 12.1
19960610 0 1.6 4.957 13
19960611 0.1 1.3 4.31 11.7
19960612 5.9 1.1 3.941 9.3
19960613 2.1 1.84 3.887 5.8
19960614 0.2 1.81 3.555 5.1
19960615 0.3 0.9 3.118 6.6
19960616 0.5 0.75 2.785 7.9
19960617 0 1.42 2.495 9.7
19960618 10.4 0.89 2.63 8.1
19960619 15.4 0.86 4.6 5.9
19960620 6.8 0.71 5.999 6.2
19960621 3.8 1.3 6.098 9.8
19960622 0.5 1.23 5.853 8.4
19960623 0.2 1.23 4.909 7.1
19960624 0 0.85 4.213 7.5
19960625 0 1.59 3.518 10.7
19960626 0 1.61 3.019 11.3
19960627 5.8 1.48 2.725 8.7
19960628 0.1 1.2 2.565 10.9
19960629 0.6 0.55 2.33 12.1
19960630 0.6 1.25 2.208 12.9
19960701 1.6 0.89 2.117 11.8
19960702 7.1 0.67 2.419 10.3
19960703 11.6 0.69 3.762 9.3
19960704 10 1.11 5.31 10
19960705 4.1 1.36 5.442 10.6
19960706 2.5 1.06 5.357 9.2
19960707 0.9 1.2 5.167 9.3
19960708 3.8 1.08 5.054 11
19960709 3.3 1.08 5.078 11
19960710 1.6 1.81 4.948 11.9
19960711 0 0.88 4.378 11.6
19960712 0.1 1.2 3.839 9.9
19960713 0 0.82 3.327 11.3
19960714 2.7 1.24 3.045 9.8
19960715 4.3 1.91 2.846 7.6
19960716 0.3 1.36 2.655 7.2
19960717 0.4 1.12 2.471 7.2
19960718 3 1.32 2.321 8.7
19960719 0 1.61 2.215 9.9
19960720 0 1.81 2.046 11.9
19960721 0 1.02 1.914 14.2
19960722 0.8 0.78 1.804 14.8
19960723 0.2 0.79 1.695 15.2
19960724 0 1.71 1.592 15.9
19960725 7.2 1.06 1.552 11.7
19960726 0.1 0.54 1.625 10.4
19960727 12.2 0.69 1.901 10.4
19960728 11.6 1.02 2.837 8.8
19960729 1.9 0.99 3.31 7.6
19960730 1.7 1.17 3.257 8.8
19960731 0.1 1.02 3.028 9.1
19960801 0 1.16 2.751 11.4
19960802 2.8 0.54 2.45 9.1
19960803 3.1 1.17 2.418 8.8
19960804 0.5 1.2 2.39 12.1
19960805 0.2 2.86 2.27 17
19960806 0 1.63 2.08 14.4
19960807 0 1.76 1.885 15.6
19960808 0 1.55 1.733 14.3
19960809 0.1 1.39 1.586 12.9
19960810 0 2.43 1.424 14.9
19960811 0 2.24 1.361 15.2
19960812 0 1.83 1.189 14.4
19960813 0 2.24 1.113 14.4
19960814 0 2.19 1.046 13
19960815 0 1.61 0.987 10.7
19960816 0 1.46 0.933 14.5
19960817 0 1.4 0.908 13.6
19960818 0 1.69 0.883 12.5
19960819 0 1.77 0.819 15
19960820 0 2.04 0.768 15.5
19960821 0 1.93 0.725 15.2
19960822 0 1.43 0.692 12.6
19960823 5.5 1.27 0.694 15.1
19960824 1.6 1.12 0.705 14.6
19960825 11.4 0.86 0.954 14.2
19960826 29.3 1.17 1.465 14.7
19960827 7.6 0.79 2.003 13.3
19960828 8.8 1.04 2.98 13.1
19960829 0.1 1.18 3.439 11.8
19960830 4 1.86 3.908 14.1
19960831 0.6 0.6 4.28 7.3
19960901 10.7 1.1 3.67 9.9
19960902 0.1 0.93 3.216 10.4
19960903 0 2.44 2.861 9.3
19960904 0 1.3 2.516 6
19960905 0 1.26 2.284 6.3
19960906 0 1.29 2.113 3.7
19960907 0 0.66 1.917 4.3
19960908 0 1.4 1.824 5.7
19960909 0.8 0.9 1.683 4.6
19960910 2 1.18 1.592 2.3
19960911 0.7 0.51 1.537 2.2
19960912 2 0.81 1.537 2.5
19960913 0.1 0.51 1.502 3
19960914 0.1 0.74 1.452 2.8
19960915 0 0.57 1.438 5.4
19960916 0 0.53 1.373 7.2
19960917 0 0.52 1.29 5.1
19960918 0 0.91 1.22 5.8
19960919 0 0.87 1.193 5.9
19960920 0 0.48 1.13 3.7
19960921 0 0.56 1.062 3.8
19960922 0.1 1.31 1.013 5
19960923 0 0.45 0.993 3.7
19960924 0 0.99 0.943 5.1
19960925 0 0.44 0.939 0.8
19960926 0 1.07 0.904 2.1
19960927 0 1.22 0.877 5.7
19960928 7.8 0.66 0.974 5
19960929 11.2 0.15 1.523 4.2
19960930 11.5 0.49 2.153 3.1
19961001 0.1 0.54 2.508 3.9
19961002 0 0.52 2.384 0.9
19961003 0 1.14 2.214 1.6
19961004 15.6 1.09 2.558 3.5
19961005 13 0.6 3.448 2.7
19961006 0.6 1.02 3.515 6.4
19961007 1.1 0.69 3.367 10.1
19961008 0.3 1.18 3.289 6.2
19961009 0 0.59 3.139 3.6
19961010 0 0.98 2.89 0.7
19961011 0 0.87 2.557 3.3
19961012 0 1.14 2.346 3
19961013 2.4 0.81 2.222 -1.1
19961014 0 0.44 2.099 1
19961015 0 0.72 2.012 5.7
19961016 0.1 0.48 2.012 5.3
19961017 0.2 0.51 2.012 3.9
19961018 11.5 0.43 2.198 5.8
19961019 3.1 0.47 2.467 2.3
19961020 0.2 0.51 2.488 3
19961021 0.1 0.49 2.366 -0.5
19961022 0 0.63 2.227 3.2
19961023 0 0.41 2.1 0.2
19961024 0 0.44 1.986 2.7
19961025 0 1.18 1.91 3.7
19961026 0 1.42 1.821 4.3
19961027 1 0.95 1.748 4.5
19961028 4.8 0.67 1.718 3.4
19961029 6.1 0.5 1.913 1.9
19961030 10 0.52 1.985 -2
19961031 1 0.27 1.859 -7.8
19961101 7.7 0.35 1.811 -1
19961102 2.5 0.31 1.73 1
19961103 0.3 0.31 1.719 0.4
19961104 3.9 0.43 1.809 -2.4
19961105 9.1 0.51 1.91 0
19961106 2.3 0.44 1.91 -1.4
19961107 2 0.68 1.844 -1.9
19961108 0.1 0.52 1.706 -4.2
19961109 0 0.35 1.563 -12.8
19961110 0 0.2 1.412 -16.2
19961111 0 0.14 1.235 -17.1
19961112 0 0.12 1.14 -22.5
19961113 0.3 0.06 1.076 -11.9
19961114 0.1 0.29 1.071 -5.7
19961115 0 0.48 1.071 -3.6
19961116 0 0.5 1.071 -4.7
19961117 0.4 0.56 1.071 -1.7
19961118 2.2 0.43 1.071 -15.4
19961119 2.3 0.03 1.04 -6.6
19961120 7 0.35 1.065 -6.4
19961121 2.3 0.24 1.012 -6.4
19961122 4.6 0.04 1.003 -3.2
19961123 2.7 0.45 1.003 -2.3
19961124 0.6 0.34 0.998 -9.4
19961125 0 0.2 0.945 -17.3
19961126 0 0.13 0.933 -19.3
19961127 0 0.15 0.88 -28
19961128 0 0.07 0.877 -25.7
19961129 0 0 0.877 -18.1
19961130 0.9 0.13 0.856 -15.9
19961201 0 0.31 0.817 -11.4
19961202 1.1 0.27 0.817 -3.2
19961203 1.4 0.57 0.815 -1.4
19961204 1.8 0.63 0.814 -0.4
19961205 5.8 0.74 0.812 -0.3
19961206 0.9 0.4 0.81 -9
19961207 0 0.28 0.809 -19
19961208 0.1 0.06 0.807 -3.3
19961209 1.4 0.23 0.805 0.7
19961210 2.3 0.27 0.81 0.1
19961211 5.2 0.3 0.871 -0.5
19961212 1.3 0.35 0.958 -2.3
19961213 0.9 0.4 0.982 -15.4
19961214 0 0.16 0.974 -31
19961215 0 0.29 0.921 -24
19961216 4.2 0.29 0.88 -7.2
19961217 0.3 0.22 0.851 -14.4
19961218 0.6 0.26 0.842 -24.9
19961219 0.1 0.07 0.8 -26.2
19961220 0 0.1 0.787 -16.1
19961221 1.5 0.32 0.746 -5.4
19961222 1.5 0.34 0.728 -10.6
19961223 1 0.29 0.696 -8.1
19961224 1.3 0.56 0.642 -6.1
19961225 0 0.14 0.622 -24.2
19961226 0.4 0.05 0.607 -9.7
19961227 0 0.15 0.573 -11.1
19961228 0.1 0 0.571 -1.5
19961229 0.4 0.55 0.569 -10.5
19961230 0.5 0.16 0.56 -26.9
19961231 0 0.1 0.526 -24.9
19970101 0 0.05 0.521 -4.2
19970102 1 0.42 0.509 -10.1
19970103 0 0.17 0.477 -8.9
19970104 0 0.38 0.475 -3.4
19970105 0 0.58 0.474 -2.7
19970106 0.1 0.67 0.473 -3.7
19970107 0 0.52 0.473 -1.1
19970108 0.1 0.52 0.473 -6.6
19970109 0.7 0.21 0.473 -16.9
19970110 0 0.24 0.473 -10.2
19970111 0.4 0.16 0.456 -19.6
19970112 1.5 0 0.436 -7.3
19970113 2.5 0.24 0.424 0.3
19970114 0.1 0.44 0.407 -1.2
19970115 0 0.86 0.395 2.1
19970116 0 0.57 0.408 -0.5
19970117 0 0.35 0.418 -7.8
19970118 0.5 0.44 0.397 -8.5
19970119 0.4 0.33 0.395 -1.4
19970120 0 0.56 0.39 -6.1
19970121 0 0.83 0.364 2.2
19970122 0 1.14 0.36 -1.9
19970123 0.1 0.14 0.36 -4
19970124 1.1 0.22 0.36 -17.6
19970125 0 0.1 0.36 -17.5
19970126 0 0.14 0.36 -18.6
19970127 0 0.03 0.36 -4.1
19970128 2.6 0.27 0.341 -2.3
19970129 0 0.56 0.327 2.6
19970130 0 1.03 0.327 -0.8
19970131 2 0.28 0.327 -5.4
19970201 0.3 0.27 0.327 -6.2
19970202 0.1 0.2 0.327 -14.6
19970203 0 0.45 0.327 -6.6
19970204 0 0.53 0.327 -3.5
19970205 0.1 0.29 0.327 -6.2
19970206 0 0.41 0.327 -6.8
19970207 2.9 1.05 0.327 -0.6
19970208 0.9 0.52 0.327 -3.2
19970209 9.4 0.23 0.327 -3.2
19970210 8.5 0.47 0.327 -1.8
19970211 4.9 0.56 0.327 -1
19970212 6 0.6 0.327 -1.8
19970213 0.1 0.49 0.327 -9.5
19970214 0 0.26 0.327 -25.8
19970215 0 0.18 0.327 -29.7
19970216 0 0.26 0.327 -28.9
19970217 0 0.44 0.327 -11
19970218 1.5 0.32 0.327 -7.6
19970219 6.3 0.38 0.327 -6.1
19970220 2.8 0.36 0.327 -4.1
19970221 2.5 0.16 0.327 -9.1
19970222 0.9 0.37 0.327 -4.2
19970223 1.7 0.35 0.327 0.8
19970224 0.8 0.71 0.327 -1.1
19970225 3 0.58 0.327 -1.6
19970226 0 0.3 0.323 -4.4
19970227 0.3 0.79 0.299 -4.4
19970228 2 0.14 0.295 -0.4
19970301 1.5 0.72 0.295 -1
19970302 0.1 0.89 0.295 1.7
19970303 0.6 0.71 0.295 -1.7
19970304 1.4 0.41 0.266 -2
19970305 0.1 0.63 0.266 0.7
19970306 0.4 0.89 0.239 -0.8
19970307 0 0.93 0.24 1.3
19970308 0.9 0.57 0.241 0.2
19970309 0 0.67 0.242 3.4
19970310 0 0.56 0.243 1.7
19970311 0.2 0.6 0.24 -3.6
19970312 0.1 0.72 0.221 0.4
19970313 0.1 1.06 0.22 -3.7
19970314 0.6 0.69 0.221 -5.2
19970315 0.1 0.44 0.222 -7.8
19970316 0.6 0.41 0.223 -6.7
19970317 0.2 0.45 0.224 -10.6
19970318 0 0.43 0.225 -16.6
19970319 0 0.44 0.226 -13.5
19970320 0 0.22 0.227 -16.1
19970321 0 0.2 0.228 -12
19970322 0 0.57 0.221 -9.1
19970323 0 0.37 0.205 -13.6
19970324 0 0.44 0.206 -8.9
19970325 0 0.39 0.207 -7.5
19970326 2 0.52 0.202 -2.4
19970327 6.3 0.72 0.222 1
19970328 1 0.68 0.224 -1.9
19970329 0.8 0.53 0.21 -2.5
19970330 0.6 0.9 0.211 0.7
19970331 0.6 0.93 0.212 3.9
19970401 0 1.66 0.213 1.8
19970402 2.6 0.64 0.232 -1.7
19970403 3.2 1.47 0.24 -3.5
19970404 3 0.52 0.266 -4.4
19970405 1.1 0.5 0.246 -6.6
19970406 0.4 0.45 0.243 -7.3
19970407 0.2 0.48 0.243 -8.9
19970408 0.1 0.28 0.244 -5
19970409 0.4 0.74 0.245 0.9
19970410 0.1 0.39 0.246 0.9
19970411 6.3 0.73 0.26 -2.5
19970412 0.5 0.58 0.247 -2
19970413 1.3 0.59 0.248 1.3
19970414 2.3 1.06 0.253 -4.9
19970415 2.2 0.46 0.255 -1.6
19970416 0.8 0.64 0.251 2.9
19970417 0.1 1.05 0.251 -1.2
19970418 0.2 0.61 0.252 -3.9
19970419 0.3 0.66 0.253 -4.2
19970420 0.2 0.5 0.254 -1.4
19970421 0 0.54 0.255 -1.9
19970422 3.9 0.77 0.255 -4.5
19970423 0.3 0.29 0.256 -5.6
19970424 0.1 0.55 0.257 -7.4
19970425 0.2 0.51 0.256 -3
19970426 0.2 0.71 0.236 -1.7
19970427 0 0.58 0.233 -2.9
19970428 0 0.58 0.233 0.7
19970429 0 1.05 0.234 3.8
19970430 0 0.69 0.236 2.4
19970501 1.7 0.74 0.276 4.6
19970502 0.4 1.56 0.392 2.4
19970503 0.1 0.89 0.581 -1.9
19970504 0.6 0.75 0.793 -2.3
19970505 0.1 0.26 0.934 -2.5
19970506 4.8 0.49 0.974 0.6
19970507 17.1 0.26 1.303 2.9
19970508 34 0.93 2.596 4.1
19970509 0 0.57 4.237 1.4
19970510 9.3 0.51 5.222 3
19970511 14.9 0.53 5.991 3.7
19970512 0.1 0.69 7.091 5.6
19970513 2 1.12 8.934 5.9
19970514 0.6 0.93 12.054 7
19970515 2.1 0.9 16.208 6.1
19970516 0 0.87 17.996 5.3
19970517 0 1.01 17.836 6.9
19970518 0 1.96 18.045 1.9
19970519 0 0.87 16.188 1.5
19970520 0 0.8 13.149 1
19970521 0 0.77 10.367 1.2
19970522 0 0.48 8.29 1.3
19970523 0.1 0.6 6.99 2.8
19970524 0 0.99 6.232 3.4
19970525 0 1.22 5.747 4.6
19970526 0 1.17 5.624 6.9
19970527 0.5 0.83 6.69 3.9
19970528 1.9 0.9 8.229 3.5
19970529 4.1 0.54 8.856 2.6
19970530 0.7 1 8.849 5.7
19970531 0 0.75 8.884 9.4
19970601 0 1.39 10.803 8.1
19970602 0 0.67 14.855 7.7
19970603 0 1.76 17.756 5.7
19970604 0 1.42 14.887 8.9
19970605 0 1.5 11.867 10.5
19970606 0 0.86 11.683 13.1
19970607 0 2.77 12.73 14.8
19970608 0 2.8 14.512 17.9
19970609 0 1.25 14.929 13.8
19970610 1.1 0.98 12.828 8.7
19970611 0 1.37 10.515 10.5
19970612 0 2.84 8.426 14.9
19970613 0 2.19 7.354 15.5
19970614 1.1 0.53 7.24 13.2
19970615 3.4 1.37 6.932 7
19970616 0.1 0.82 6.357 5
19970617 1 0.53 5.456 4.7
19970618 0 1.04 4.665 9
19970619 0 0.62 4.164 9.4
19970620 0 1.29 3.669 10.7
19970621 0 1.75 3.36 12.9
19970622 2.8 1.16 3.262 10.9
19970623 12.6 0.55 4.541 10.7
19970624 3.2 1.08 6.37 8.2
19970625 0.2 1.12 6.231 7.6
19970626 7.8 0.52 6.009 6.8
19970627 10.2 0.63 6.834 10.1
19970628 3 2.07 6.635 14.1
19970629 4 1.29 5.973 13.4
19970630 0.5 2.23 5.536 15.3
19970701 5 0.86 5.432 18.2
19970702 7.9 0.83 5.358 16.4
19970703 4.3 1.04 5.236 14.8
19970704 0 1.24 5.244 14.8
19970705 0 1.93 5.218 14.2
19970706 0 1.14 5.218 14.4
19970707 0.3 1.81 5.214 14.8
19970708 4 1.45 5.091 8.2
19970709 0 0.35 4.988 8.1
19970710 0 1.31 4.81 12.6
19970711 0 1.72 4.643 16.2
19970712 0 1.29 4.475 15.2
19970713 0 2.13 4.233 16.9
19970714 0 1.66 4.005 16.3
19970715 0 1.16 3.687 15.2
19970716 0.5 1.99 3.467 15
19970717 0.4 1.76 3.199 15.2
19970718 0 1.66 3.021 15.9
19970719 0.1 1.29 2.783 12.5
19970720 0 1.9 2.53 16.3
19970721 0 1.73 2.179 14.9
19970722 0.1 0.79 1.75 14.8
19970723 0.1 1.62 1.294 14.2
19970724 4.5 1.88 0.906 14.5
19970725 0.2 1.64 0.803 15.6
19970726 0.4 0.67 0.798 14.1
19970727 0.3 0.86 1.087 13
19970728 4.8 1.1 1.085 10.8
19970729 1.9 1.52 1.073 10.7
19970730 0.4 1.1 1.061 14
19970731 0 1.07 1.01 13
19970801 0 1.57 0.972 14.1
19970802 2 1.15 0.901 13.9
19970803 3.1 0.84 0.888 13.3
19970804 1.4 1.81 0.889 14.1
19970805 0.1 0.73 0.891 13.2
19970806 0 0.92 0.89 16.7
19970807 0 0.77 0.842 16.7
19970808 0 2.01 0.822 17
19970809 0 1.91 0.77 17.6
19970810 0.6 1.61 0.705 12.4
19970811 0 1.27 0.676 10.3
19970812 0 0.81 0.641 12.9
19970813 1.2 1.82 0.629 13.5
19970814 0 1.29 0.603 10.7
19970815 0 2.54 0.584 13
19970816 0 1.76 0.583 14.2
19970817 0 0.79 0.545 15.7
19970818 0 1.21 0.542 14.7
19970819 0.5 1.21 0.536 15.7
19970820 11.2 1.09 0.52 15.2
19970821 0 2.12 0.546 14.9
19970822 0.3 1.54 0.547 14.7
19970823 10.1 1.7 0.548 10.5
19970824 5.8 1.11 0.586 10.4
19970825 1 1.07 0.629 11.8
19970826 19.6 1.76 0.751 15.5
19970827 1.3 0.97 0.926 13.1
19970828 4.8 1.89 1.032 16.3
19970829 0.9 2.22 1.136 17.4
19970830 8.2 0.99 1.599 15.3
19970831 51 0.71 3.001 12.9
19970901 2.1 0.98 4.67 13.4
19970902 0.8 0.98 6.715 14.8
19970903 14.5 0.89 6.729 12.7
19970904 0.1 1.28 6.461 12.8
19970905 0.6 2.1 5.449 13.8
19970906 0.3 1.39 4.534 11.9
19970907 2.8 0.87 3.885 9.9
19970908 2.4 1.04 3.427 8.3
19970909 3.9 0.87 3.224 4.9
19970910 11 1.26 3.343 5
19970911 0.6 0.48 3.448 6.6
19970912 0.5 0.47 3.355 7.3
19970913 0.7 0.78 3.196 4.7
19970914 20.5 0.67 4.151 5.5
19970915 0 1.01 5.086 4.1
19970916 2.9 1.66 5.014 8.4
19970917 4 1.2 4.726 5.1
19970918 0.1 0.98 4.317 3.2
19970919 0.7 0.83 3.81 2.3
19970920 0.4 0.79 3.503 4.2
19970921 0.1 0.79 3.321 6
19970922 0.6 0.53 3.244 5.9
19970923 0.9 0.71 3.16 3.5
19970924 0.1 0.55 3.1 9.4
19970925 0 1.27 2.941 9.5
19970926 0 2.41 2.717 6.7
19970927 0 0.81 2.584 2.5
19970928 0.1 0.72 2.487 3.7
19970929 0 0.36 2.363 5.4
19970930 2.8 0.48 2.297 5
19971001 0 0.7 2.343 1.8
19971002 19.3 0.45 2.812 2.7
19971003 0.6 0.61 3.156 2.8
19971004 1 0.63 3.353 3.2
19971005 1 1.01 3.69 1.6
19971006 0 0.37 3.62 -0.3
19971007 2.5 0.44 3.472 3.8
19971008 6.7 0.55 4.306 3.7
19971009 11.3 0.48 7.663 4.5
19971010 0.6 0.5 8.962 4.2
19971011 0.2 0.74 8.219 1.7
19971012 1.6 0.52 7.123 1.6
19971013 0.1 0.79 6.105 1.5
19971014 0.4 0.47 5.209 -0.2
19971015 0 0.57 4.454 -2.8
19971016 0 0.47 3.889 -1.4
19971017 0 0.39 3.448 0.8
19971018 4.8 0.85 3.371 5.5
19971019 0.4 0.88 3.722 0
19971020 1.6 0.71 3.764 -3.2
19971021 1.6 0.47 3.441 -0.8
19971022 1.5 0.44 3.246 -2.3
19971023 1.7 0.39 3.004 -4.4
19971024 1.5 0.28 2.641 -6.1
19971025 0.6 0.49 2.364 -5.4
19971026 0.4 0.45 2.141 -4.5
19971027 0.1 0.48 2.007 -3.2
19971028 0 0.74 1.943 -1.8
19971029 0 0.66 1.917 1.4
19971030 0 0.41 1.925 1.1
19971031 0 0.36 1.918 0.8
19971101 0 0.77 1.952 0.9
19971102 0.5 0.4 2.02 -4.4
19971103 1.8 0.34 2.005 -3.7
19971104 0 0.34 1.913 -7.5
19971105 0.1 0.46 1.769 -3.3
19971106 0.1 0.31 1.655 -4.2
19971107 0 0.3 1.585 -4.6
19971108 4.9 0.38 1.533 -1.4
19971109 1.7 0.33 1.507 -0.2
19971110 4.7 0.54 1.476 -1.9
19971111 7.5 0.21 1.477 1.2
19971112 4.3 0.54 1.484 2.3
19971113 0.9 0.45 1.46 0.9
19971114 0 0.51 1.426 -5.2
19971115 0 0.32 1.38 -3.2
19971116 0 0.44 1.344 0.7
19971117 0 0.39 1.261 1.1
19971118 1.5 0.49 1.207 -0.3
19971119 0.3 0.7 1.174 -3.2
19971120 0 0.34 1.119 -3.2
19971121 0.8 0.32 1.099 -1.5
19971122 0 0.58 1.085 -9.2
19971123 0 0.29 1.057 -6.2
19971124 0 0.13 1.022 -9.7
19971125 1.3 0.25 1.005 -5.4
19971126 2.2 0.31 1.007 -11
19971127 0 0.18 1.003 -11.2
19971128 0 0.18 0.972 -18.7
19971129 0 0.03 0.95 -14.7
19971130 2.4 0.08 0.928 -8.7
19971201 4.3 0.28 0.935 -4.6
19971202 7.1 0.43 0.941 -7.7
19971203 0.5 0.23 0.929 -10.3
19971204 0 0.16 0.913 -11.7
19971205 0 0.29 0.906 -9.8
19971206 0.9 0.23 0.876 -11
19971207 0.1 0 0.863 -7.4
19971208 0.2 0.36 0.854 -0.1
19971209 0.2 0.6 0.84 2.2
19971210 1.4 0.51 0.824 2.2
19971211 3.5 0.35 0.822 0.5
19971212 8.3 0.31 0.815 -1.4
19971213 1.3 0.44 0.813 -12.2
19971214 0 0.21 0.796 -9.6
19971215 0.1 0.14 0.777 -7.2
19971216 0 0.11 0.758 1
19971217 0 0.35 0.742 -4.3
19971218 0 0.32 0.727 -6.4
19971219 0 0.43 0.714 -17
19971220 0.1 0.14 0.702 -15.4
19971221 0.8 0.09 0.69 -12.3
19971222 0 0.18 0.679 -10
19971223 0.4 0.26 0.67 -8.7
19971224 0.1 0.26 0.661 -5.5
19971225 0.3 0.27 0.654 -4.7
19971226 1 0.37 0.651 -4.7
19971227 0.3 0.21 0.639 -9.3
19971228 1.1 0.21 0.623 -8.9
19971229 0.1 0.34 0.608 -19.1
19971230 0 0.11 0.606 -14.3
19971231 4.3 0.13 0.606 -3.6
19980101 8.2 0.45 0.606 -1.5
19980102 1.1 0.33 0.606 -0.9
19980103 0.5 0.39 0.559 -1.4
19980104 1.9 0.37 0.559 -0.2
19980105 0.9 0.29 0.559 -9.5
19980106 1.6 0.24 0.559 -7.7
19980107 0.1 0.29 0.559 -4.8
19980108 0.5 0.25 0.559 -7.5
19980109 0.1 0.13 0.559 -7.9
19980110 5.6 0.45 0.559 -2.3
19980111 0 0.26 0.559 -7.6
19980112 0.6 0.33 0.515 0.4
19980113 0.1 0.38 0.515 -3.4
19980114 2.2 0.36 0.515 1.1
19980115 2.2 0.55 0.559 1.5
19980116 1.6 0.55 0.559 -3.3
19980117 0.6 0.38 0.559 -4.6
19980118 1.8 0.6 0.606 -13.4
19980119 0.1 0.35 0.559 -15.1
19980120 0.1 0.19 0.559 -19.9
19980121 0 0.55 0.515 -15.8
19980122 0 0.57 0.473 -4
19980123 0.2 0.24 0.473 -3.6
19980124 0.5 0.59 0.473 -2.8
19980125 0.5 0.55 0.473 -0.3
19980126 0 0.7 0.433 1.5
19980127 0 0.64 0.433 -2.9
19980128 2.3 0.41 0.433 -6.7
19980129 2.2 0.28 0.473 -4.8
19980130 4.3 0.53 0.473 -14.5
19980131 0.2 0.07 0.515 -27.1
19980201 1.5 0.15 0.473 -7.3
19980202 0.5 0.23 0.473 -11.9
19980203 0.2 0.15 0.473 -22.6
19980204 1.3 0.23 0.473 -17.4
19980205 1.4 0.2 0.473 -13.2
19980206 0.1 0.22 0.433 -10.5
19980207 0.1 0.35 0.433 -3.7
19980208 0.3 0.21 0.433 -2.6
19980209 4.7 0.41 0.433 0.8
19980210 0.1 0.62 0.433 0.2
19980211 0.6 0.55 0.433 -1.2
19980212 0.5 0.37 0.395 -4.1
19980213 0.2 0.52 0.395 -6
19980214 1 0.2 0.395 -0.6
19980215 0.2 0.57 0.395 -4.8
19980216 0 0.62 0.395 -2.5
19980217 0.3 0.52 0.395 -1.7
19980218 0.4 0.62 0.395 5.5
19980219 0 0.49 0.395 2.8
19980220 0 0.59 0.395 1.5
19980221 0.7 0.92 0.395 5.1
19980222 0 1.06 0.395 -0.6
19980223 0 0.75 0.433 0.5
19980224 1.6 0.51 0.433 -2.3
19980225 8.2 0.52 0.433 3
19980226 0 0.8 0.473 2.4
19980227 1.2 0.53 0.473 -2.3
19980228 0.3 0.11 0.473 -5.2
19980301 2 0.89 0.473 -9
19980302 0 0.4 0.473 -15.1
19980303 0 0.34 0.473 -21.2
19980304 1.5 0.34 0.433 -9
19980305 0.5 0.54 0.433 -9
19980306 0.5 0.16 0.433 -17.1
19980307 1.1 0.59 0.395 -13.9
19980308 0 0.2 0.395 -14.6
19980309 0.1 0.3 0.36 -8.3
19980310 0 0.5 0.36 -8.6
19980311 0.1 0.51 0.36 -3.9
19980312 7.5 0.34 0.36 -9.2
19980313 0.5 0.42 0.36 -5.2
19980314 1.1 0.43 0.327 -3.3
19980315 1 0.34 0.327 1.8
19980316 2.3 0.76 0.327 2.3
19980317 0 0.63 0.327 -1.9
19980318 0.3 0.86 0.295 -6.1
19980319 0.1 0.39 0.295 -5.6
19980320 1.2 0.49 0.295 -3.9
19980321 1.8 0.4 0.295 -1.8
19980322 0.4 0.66 0.295 2
19980323 0.1 0.57 0.295 0
19980324 0 0.69 0.295 -3.8
19980325 0.1 0.38 0.295 -1.9
19980326 0.2 0.73 0.295 1
19980327 0.8 0.84 0.295 0
19980328 1 0.63 0.295 -0.7
19980329 0 0.58 0.295 3.4
19980330 0 0.41 0.327 2.5
19980331 16.8 0.75 0.433 1.5
19980401 0.3 0.49 0.559 -1
19980402 3.1 0.89 0.655 -4.8
19980403 0.2 0.49 0.706 -8.2
19980404 0 0.5 0.761 -7.5
19980405 0 0.87 0.706 -6.5
19980406 0 0.29 0.706 -7
19980407 0 0.4 0.655 -3.7
19980408 0.1 0.52 0.606 -5.8
19980409 0 0.42 0.606 -9
19980410 2.9 0.23 0.559 -9
19980411 6.4 0.42 0.559 -3.5
19980412 4.4 1.08 0.559 -4.9
19980413 0.5 0.67 0.515 -5.9
19980414 0.5 0.58 0.473 -4.2
19980415 1.9 0.72 0.473 -1.3
19980416 7.1 0.38 0.473 -1.1
19980417 7.1 0.55 0.515 0.4
19980418 3.1 0.65 0.473 -0.8
19980419 0 0.53 0.473 1.4
19980420 0 0.5 0.433 0.2
19980421 0 0.84 0.433 -0.2
19980422 0 0.54 0.433 2.3
19980423 0 1.02 0.473 5
19980424 0.1 0.75 0.515 4.7
19980425 1.1 0.61 0.559 4.3
19980426 5.8 0.44 0.606 2.7
19980427 12.9 1.16 0.817 5.4
19980428 0 0.66 1.003 3
19980429 7.8 0.49 1.291 4.1
19980430 11.2 0.47 1.626 3.7
19980501 3 0.64 2.117 3.9
19980502 0 0.68 2.593 1.5
19980503 0.2 0.94 3.107 1.4
19980504 0 0.78 3.67 2.5
19980505 0 0.72 4.94 4.1
19980506 0.2 0.71 6.407 3.5
19980507 0 0.78 7.897 2.1
19980508 2 1.85 9.937 6.7
19980509 0 1.33 10.536 6.4
19980510 0 3.01 11.362 9.7
19980511 0 0.94 14.75 3.9
19980512 2.2 1.36 14.993 5
19980513 0 1.38 12.441 6.5
19980514 0 1.44 10.945 10
19980515 0 1.18 12.221 11.8
19980516 0 1.6 15.483 10.5
19980517 0 1.42 17.004 9.8
19980518 0 1.07 14.993 9.1
19980519 0.1 2.67 13.112 4.1
19980520 0.1 0.99 11.362 0.9
19980521 1.6 0.7 9.167 0.8
19980522 0.7 0.67 7.049 -0.3
19980523 0.4 0.67 5.946 2.5
19980524 0 1.01 5.078 3.5
19980525 1 0.68 4.408 3
19980526 0.4 1.24 3.908 3.2
19980527 0 1 3.67 5
19980528 0 1.38 3.439 7.6
19980529 0 1.14 3.439 7.4
19980530 0 1.75 3.67 9
19980531 1.5 1.82 4.03 5.2
19980601 0.3 1.27 4.154 4.1
19980602 0.4 0.74 4.03 6
19980603 0.2 0.72 3.788 5.8
19980604 7.8 0.78 4.03 4.7
19980605 1.3 1.18 4.408 4.7
19980606 0.3 1.46 4.28 8.6
19980607 0.5 1.97 4.03 7.9
19980608 4.9 0.78 4.28 9.4
19980609 8.8 0.72 5.649 8.4
19980610 2.7 1.6 6.407 13.1
19980611 0.9 1.24 6.724 11.1
19980612 1 1.28 6.251 7
19980613 0.2 0.77 5.649 3.4
19980614 3.2 1.3 5.078 7.6
19980615 0 1.34 4.408 10.2
19980616 0.3 1.67 3.908 8.2
19980617 17 0.92 4.67 6.9
19980618 4.5 0.71 6.251 6.2
19980619 14 0.58 7.382 5
19980620 9.3 0.89 8.794 9.9
19980621 0.2 2.41 8.25 13.4
19980622 0 2.09 6.886 12.9
19980623 1.1 1.19 5.946 9.4
19980624 0.2 2.11 5.218 12.5
19980625 0 1.41 4.538 13.4
19980626 0 1.19 4.03 13.2
19980627 2.2 1.21 3.788 12.8
19980628 0 1.31 3.553 13.7
19980629 0.2 1.37 3.326 12.5
19980630 1.5 0.52 3.216 11.5
19980701 4.6 0.87 3.216 11.2
19980702 0.6 1.7 3.001 8.2
19980703 0.3 0.81 2.896 8.5
19980704 0.3 0.54 2.692 9.9
19980705 6.3 0.78 2.692 10.3
19980706 1.3 1.42 2.692 8
19980707 1.3 0.65 2.793 7.7
19980708 5.8 1.84 3.216 13.8
19980709 1.1 0.73 3.326 12
19980710 2.7 1.64 3.439 9.5
19980711 0 1.85 3.326 11.9
19980712 0 0.82 3.107 10.4
19980713 9.8 1.5 3.326 15.1
19980714 14.5 1.27 4.408 12.2
19980715 1.5 0.8 5.359 11.7
19980716 0.7 1.15 5.078 9.2
19980717 1.1 0.73 4.67 11
19980718 0.4 1.56 4.28 10.8
19980719 1.8 0.76 4.28 9.6
19980720 9.5 1.11 4.538 10.7
19980721 0.2 1.72 4.28 14.4
19980722 0.1 3.23 3.908 18.6
19980723 0 1.36 3.439 15
19980724 0 0.98 3.107 10.6
19980725 15.4 0.66 3.553 10.7
19980726 13.1 0.96 5.359 9.4
19980727 2.2 1.32 6.565 11.7
19980728 0 0.96 5.946 10.1
19980729 0.2 1.06 5.078 13.3
19980730 2.6 0.72 4.67 10.5
19980731 1.5 0.91 4.154 11.8
19980801 4.1 1.44 4.28 10.9
19980802 0.6 1.62 4.03 11.2
19980803 0 1.3 3.908 11
19980804 0.1 1.4 3.67 9.4
19980805 4.8 0.6 3.553 7.9
19980806 1.6 0.77 3.439 10.4
19980807 5.8 1.28 3.553 9.6
19980808 0.6 1 3.553 8.4
19980809 3 1.01 3.439 8.7
19980810 1 1.47 3.216 10.3
19980811 0 0.84 2.896 10.2
19980812 5.3 2.17 2.793 12.9
19980813 0.3 1.77 2.593 11.4
19980814 2.4 1.64 2.401 11.6
19980815 0.7 0.78 2.308 12.2
19980816 12 1.11 2.896 9.8
19980817 6 1.25 3.216 6.9
19980818 11.6 1.58 3.439 8.9
19980819 0.6 1.08 3.553 7.8
19980820 0.9 0.8 3.439 7.9
19980821 3.3 0.95 3.326 10
19980822 11.2 0.99 3.326 9.4
19980823 0.3 0.94 3.326 8.5
19980824 0 0.88 3.216 7.1
19980825 0.3 0.88 3.001 5.4
19980826 0.8 1.01 2.793 5.7
19980827 3.2 0.88 2.692 7.2
19980828 2.5 0.88 2.793 8.8
19980829 0.2 0.98 2.793 8.9
19980830 0 1.43 2.692 10.4
19980831 0 1.49 2.593 5.9
19980901 0.1 0.95 2.401 6.5
19980902 0 1.24 2.308 7.5
19980903 0 1.2 2.117 8.1
19980904 0 1.47 2.012 8.3
19980905 0 1.21 1.812 10.4
19980906 0 0.68 1.718 9.5
19980907 0.1 0.54 1.626 12.3
19980908 0 1.22 1.537 10.2
19980909 1.3 1.11 1.537 13
19980910 5.6 0.71 1.537 11.6
19980911 2.6 0.92 1.626 11.6
19980912 0.6 0.79 1.626 10.9
19980913 5.5 0.6 2.692 9.7
19980914 34 1.24 5.946 12.3
19980915 0.2 1.05 6.098 10.8
19980916 2.1 1.01 5.649 8.8
19980917 6 1.14 5.946 7.2
19980918 0.2 0.64 5.359 5.9
19980919 0 0.61 4.67 8.1
19980920 0 0.65 3.908 7.7
19980921 0 1.09 3.439 11.3
19980922 0.1 0.69 3.107 9.7
19980923 0 0.66 2.896 7.9
19980924 0 0.99 2.692 8.7
19980925 0.1 1.12 2.496 0.8
19980926 0.3 0.94 2.401 2.8
19980927 3.7 0.54 2.308 3
19980928 0.3 0.74 2.225 3.2
19980929 3.4 1.07 2.225 6.6
19980930 0.3 1.17 2.225 6.4
19981001 0.1 0.58 2.117 3.1
19981002 0 0.53 2.117 -0.3
19981003 0.1 0.36 2.117 -3
19981004 0.1 0.4 2.012 -0.8
19981005 0.1 0.38 2.012 -0.2
19981006 0.1 0.4 1.91 -1.1
19981007 0 0.35 1.812 -1.9
19981008 0 0.67 1.812 2.8
19981009 2.3 0.58 1.812 5.2
19981010 3 0.59 2.012 4
19981011 7.3 0.68 2.308 1.8
19981012 0 0.45 2.401 1.1
19981013 0 0.72 2.401 3.3
19981014 0.3 0.46 2.308 1.8
19981015 4.8 0.59 2.225 -0.3
19981016 0.2 0.73 2.117 -1.1
19981017 0 0.49 1.91 -3.1
19981018 13.6 0.34 1.91 -1.5
19981019 1.7 0.26 1.812 -9.1
19981020 0 0.35 1.812 -3.2
19981021 0.1 0.4 1.718 -6.1
19981022 2.9 0.53 1.626 2.4
19981023 0.4 0.61 2.012 5.2
19981024 15.3 0.96 4.154 1.7
19981025 3 0.44 4.67 2.2
19981026 9.9 0.54 5.359 2.6
19981027 18.9 0.56 6.251 0.8
19981028 7.7 0.48 5.946 -1.1
19981029 0.6 0.24 5.218 -1.7
19981030 0.3 0.37 4.67 -0.5
19981031 2 0.34 4.154 -3.1
19981101 0.8 0.35 3.67 -3.3
19981102 0.1 0.46 3.326 -5.2
19981103 0 0.29 3.001 -8.6
19981104 0.1 0.22 2.692 -10.9
19981105 0.1 0.2 2.496 -11.8
19981106 0 0.25 2.225 -10.6
19981107 0.1 0.42 2.117 -4.6
19981108 0 0.45 2.012 -9.7
19981109 0 0.43 1.812 -4.6
19981110 2.5 0.62 1.812 -1.3
19981111 1.3 0.33 1.812 -2.1
19981112 2.2 0.38 1.812 -4.6
19981113 0 0.27 1.812 -8
19981114 0 0.32 1.812 -9.4
19981115 0 0.23 1.718 -11.8
19981116 0 0.18 1.626 -12.8
19981117 0 0.22 1.537 -13.8
19981118 0.3 0.13 1.537 -7
19981119 1.5 0.26 1.452 -9.2
19981120 0.3 0.31 1.452 -22.4
19981121 2.3 0 1.452 -5.9
19981122 3.5 0.57 1.452 3.4
19981123 0.3 0.46 1.37 0.1
19981124 0 0.35 1.37 -3.2
19981125 0 0.32 1.291 -6.7
19981126 1.6 0.48 1.291 -1.3
19981127 2.1 0.52 1.215 -7.6
19981128 0 0.23 1.215 -7.5
19981129 1.1 0.27 1.141 -8.1
19981130 0.1 0.3 1.141 -3.4
19981201 0.1 0.35 1.141 -4.5
19981202 0 0.99 1.071 5.5
19981203 0.1 0.57 1.141 -1.2
19981204 0.4 0.33 1.215 -8.5
19981205 0.1 0.23 1.141 -11
19981206 0 0.22 1.141 -19.2
19981207 0 0.19 1.071 -23.8
19981208 0 0.14 1.003 -19.8
19981209 0 0.17 0.939 -16.5
19981210 0 0.15 0.877 -17.5
19981211 0 0.22 0.817 -17.1
19981212 0.1 0.11 0.817 -12.3
19981213 0.1 0.18 0.761 -8.4
19981214 0 0.23 0.761 -13
19981215 4 0.45 0.761 -1.3
19981216 0 0.56 0.706 -0.7
19981217 0.1 0.55 0.706 2.9
19981218 1.4 0.8 0.706 0.8
19981219 0.8 0.65 0.706 -2.2
19981220 2 0.86 0.761 -4.4
19981221 2.5 0.46 0.706 -11.6
19981222 0 0.25 0.706 -25.3
19981223 0 0.34 0.655 -15.6
19981224 2.5 0.24 0.655 -8.7
19981225 1.9 0.18 0.655 -4.4
19981226 0.5 0.34 0.655 -15.3
19981227 0 0 0.606 -5.9
19981228 2.9 0.34 0.606 -8.2
19981229 0 0.49 0.606 -7.5
19981230 0 0.47 0.606 -8.8
19981231 0 0.55 0.559 -1.5
19990101 0 0.46 0.559 -3
19990102 0.1 0.42 0.559 -1.7
19990103 3.8 0.6 0.556 -0.1
19990104 0.6 0.62 0.516 -0.7
19990105 3.5 0.38 0.515 -4.8
19990106 0.1 0.29 0.515 -5.7
19990107 1.9 0.44 0.515 -11.3
19990108 0 0.28 0.514 -8.6
19990109 0.6 0.3 0.478 -4.8
19990110 0.1 0.34 0.473 -7.6
19990111 0.7 0.2 0.473 -14.2
19990112 0 0.11 0.473 -21.9
19990113 0.6 0.06 0.473 -15.8
19990114 0.5 0.25 0.473 -16.9
19990115 0.3 0.21 0.451 -15.2
19990116 5.3 0.15 0.463 -3.7
19990117 6.3 0.48 0.469 -2.9
19990118 0.2 0.75 0.433 -0.1
19990119 1.8 0.33 0.433 1.5
19990120 0.9 0.45 0.426 -0.2
19990121 0.7 0.6 0.402 1
19990122 0.1 0.49 0.395 -7.3
19990123 1.1 0.29 0.395 -4.9
19990124 0.3 0.27 0.395 -1.7
19990125 2.8 0.51 0.395 -5.4
19990126 1.8 0.31 0.395 -13.8
19990127 0.1 0.19 0.395 -18.7
19990128 0.4 0.11 0.395 -23.8
19990129 0.1 0.19 0.395 -9.8
19990130 0 0.18 0.395 -13
19990131 3.2 0.15 0.433 1.8
19990201 0.1 0.64 0.433 3.8
19990202 0 0.4 0.423 0.2
19990203 1.1 0.43 0.422 -1.3
19990204 4.3 0.69 0.425 -1.4
19990205 3.9 0.35 0.443 -4.2
19990206 6.3 0.34 0.449 -6.9
19990207 1.9 0.18 0.453 -14.1
19990208 1.5 0.44 0.447 -22.6
19990209 0 0.15 0.433 -22.2
19990210 0.5 0.27 0.424 -18.6
19990211 0.6 0.15 0.412 -10.1
19990212 0.5 0.45 0.398 -5.2
19990213 0 0.31 0.388 -11.2
19990214 0 0.34 0.368 -7.4
19990215 0.4 0.51 0.366 -3.3
19990216 2.9 1.01 0.36 -6.7
19990217 0.5 0.44 0.364 -5
19990218 0.1 0.54 0.358 -5.8
19990219 0.1 0.05 0.352 -5.2
19990220 7.7 0.44 0.35 -10.8
19990221 0 0.32 0.347 -13.4
19990222 4.1 0.41 0.35 -5
19990223 1.1 0.4 0.349 -9.1
19990224 0.1 0.3 0.338 -11.6
19990225 0.1 0.44 0.33 -9.2
19990226 4.3 0.42 0.332 -3.3
19990227 2 0.35 0.341 -9
19990228 5.8 0.54 0.353 -3.2
19990301 3.7 0.3 0.36 -2.3
19990302 5 0.44 0.36 -6.4
19990303 0.5 0.68 0.359 -8.4
19990304 2.8 0.36 0.356 -7.5
19990305 4.8 0.47 0.35 -6
19990306 3.9 0.37 0.35 -5.3
19990307 2.8 0.6 0.352 -3.4
19990308 5.5 0.8 0.361 -0.1
19990309 0.2 0.91 0.354 -6.6
19990310 0.3 0.25 0.343 -13.9
19990311 0 0.15 0.334 -17.6
19990312 0 0.39 0.33 -9.5
19990313 0.1 0.57 0.32 -5.8
19990314 0.4 0.57 0.312 -3.7
19990315 0.1 0.38 0.31 -8.1
19990316 0.6 0.4 0.309 -1.7
19990317 2.9 0.55 0.311 1
19990318 0 0.53 0.311 0.2
19990319 4.7 0.64 0.316 0
19990320 0.8 0.75 0.318 -3
19990321 0 0.24 0.314 -11.1
19990322 0.6 0.59 0.309 -8.2
19990323 0 0.54 0.304 -8.5
19990324 0 0.83 0.301 -2.1
19990325 1 0.67 0.297 -0.5
19990326 0 0.29 0.294 -2.9
19990327 3.4 1.05 0.292 2.6
19990328 0.1 0.57 0.277 -1.2
19990329 0 0.72 0.268 1.3
19990330 0.1 0.89 0.273 3.8
19990331 0 0.77 0.275 3.5
19990401 0 0.54 0.276 4.1
19990402 0 0.68 0.285 2.6
19990403 0.1 0.86 0.298 1.5
19990404 0 0.85 0.309 0
19990405 0 0.52 0.316 -0.1
19990406 0.2 0.87 0.326 4.8
19990407 0 1.05 0.344 2.4
19990408 0.1 0.76 0.37 2.8
19990409 0.1 2.04 0.458 6.2
19990410 0.6 0.77 0.703 2.1
19990411 2.6 1.09 1.082 0.4
19990412 2 0.58 1.335 -3.6
19990413 2.4 0.53 1.465 -3.6
19990414 8.3 0.45 1.606 0
19990415 11.5 1.14 1.539 0.9
19990416 0.7 1.29 1.357 -0.9
19990417 0.5 0.63 1.174 0.7
19990418 0.8 1.01 1.069 -0.7
19990419 8.8 0.66 0.994 0.6
19990420 1.3 0.95 0.895 2.2
19990421 0.8 0.98 0.809 2.8
19990422 1.9 0.88 0.755 3.6
19990423 0.1 0.72 0.758 4.5
19990424 0 0.99 0.821 5
19990425 0 0.98 0.992 5
19990426 0 0.64 1.306 6.5
19990427 0 1.45 1.93 4.5
19990428 0.1 1.49 2.878 3.5
19990429 0.3 0.89 2.975 -0.3
19990430 1.4 0.63 3.106 0.2
19990501 0.4 1.05 2.713 1
19990502 0.2 1.04 2.416 1
19990503 1.1 0.78 2.118 1.7
19990504 0 1.21 1.928 2.5
19990505 0.1 1.18 1.737 2.4
19990506 0 1.11 1.773 3.3
19990507 0 0.88 1.845 2.9
19990508 0 1.33 1.904 -0.1
19990509 3.7 0.76 1.952 -1.7
19990510 1.9 1.02 1.809 -1.8
19990511 0.1 0.93 1.702 -0.5
19990512 2.1 0.93 1.749 1.2
19990513 0.8 1.38 1.845 1.3
19990514 1.6 1.15 1.714 1.7
19990515 0 0.7 1.607 2.5
19990516 0.1 0.83 1.583 2.3
19990517 0.1 1.69 1.488 4.6
19990518 0 0.75 1.523 6.8
19990519 0 0.81 2.13 8.4
19990520 0 2.48 3.201 10.9
19990521 0 4.24 6.069 12.9
19990522 4.1 3.5 11.757 8.4
19990523 0.3 2.76 14.542 8.2
19990524 0 2.78 11.103 8.4
19990525 0.4 1.51 8.056 7.6
19990526 0 1.58 6.069 7.6
19990527 1.7 1.99 5.117 7.7
19990528 1.3 0.78 5.022 7.5
19990529 9.7 0.74 6.248 6.1
19990530 0.7 1.27 8.568 3.8
19990531 0.1 1.32 7.378 7.2
19990601 0.1 2.51 9.074 11.3
19990602 0.2 2.38 9.268 10.1
19990603 0 2.21 9.735 10.5
19990604 5.1 1.05 9.965 11.1
19990605 10.5 0.65 12.815 7.5
19990606 15.3 0.99 14.739 7.5
19990607 4 1.52 14.266 8.9
19990608 0.1 1.27 11.538 12.4
19990609 0 1.72 9.911 8.9
19990610 15.3 2.24 13.662 11.9
19990611 0.1 1.89 12.9 11.8
19990612 0 2.31 10.01 14
19990613 0 2.02 8.25 13.6
19990614 10.3 2.65 8.417 15.6
19990615 0 0.78 8.037 11.5
19990616 0 2.03 6.984 11.1
19990617 0 2.63 6.107 9.8
19990618 6.2 2.21 5.975 9.1
19990619 0 2.24 5.479 12.5
19990620 11 1.7 5.67 11.1
19990621 17.5 1.47 7.133 4.7
19990622 2.3 1.11 8.688 6.3
19990623 0.1 1.16 7.419 6.8
19990624 0 1.6 6.065 7.1
19990625 0 1.27 5.041 11.5
19990626 0 0.57 4.378 10.7
19990627 4.3 2.37 4.25 11.7
19990628 5 0.83 4.402 13.2
19990629 5.7 2.35 4.905 12.9
19990630 2.3 1.41 4.961 13.1
19990701 1.2 1.3 4.819 14
19990702 0.1 0.87 4.504 11.1
19990703 31.5 1.38 6.525 8.3
19990704 1 1.52 8.29 12.4
19990705 0.2 1.06 7.125 13
19990706 6.3 1.43 6.396 8.6
19990707 2.8 1.14 5.918 8.3
19990708 0.1 1.88 5.168 11.5
19990709 0 0.78 4.401 14.9
19990710 0 1.72 3.991 15.5
19990711 0 1.31 3.625 14.6
19990712 0 2.12 3.032 15.7
19990713 0 1.81 2.615 17.8
19990714 0 1.96 2.548 15.8
19990715 26 2.17 3.757 10.8
19990716 0.7 1.55 4.604 10.7
19990717 8.2 1.11 5.335 12.3
19990718 1.7 1.63 5.83 12.4
19990719 2.2 1.51 5.403 14
19990720 0 0.95 4.758 13.7
19990721 5.5 1.28 4.163 15.6
19990722 13.9 2.05 4.536 9.9
19990723 4.6 1.2 4.933 8.8
19990724 1.5 2.48 4.526 11.8
19990725 0.5 1.12 3.99 9.5
19990726 1.6 2.04 3.881 7.9
19990727 0.3 2.06 3.626 11.5
19990728 0 2.15 3.685 13.7
19990729 0 1.98 3.326 13.8
19990730 0 1.73 3.001 12.9
19990731 0 1.83 2.692 13.7
19990801 0 1.08 2.401 15.6
19990802 0 1.99 2.117 15
19990803 0.5 0.89 1.856 15.3
19990804 0 1.98 1.734 15.6
19990805 1.7 1.47 1.675 12.3
19990806 1.5 2.04 1.613 10.8
19990807 0 1.55 1.526 8.2
19990808 0 1.25 1.442 8.7
19990809 2.8 1.16 1.492 6.7
19990810 21.1 1.35 1.963 8
19990811 0 1.34 2.145 7.2
19990812 0 1.53 2.059 7.1
19990813 0 1.75 1.9 6.3
19990814 0 2.14 1.754 8.1
19990815 0 1.86 1.619 11.3
19990816 0 1.16 1.504 10.8
19990817 0.1 1.74 1.42 9
19990818 0.1 1.72 1.354 8.8
19990819 0 1.25 1.284 5.8
19990820 0 0.93 1.21 7.2
19990821 0.1 1.29 1.151 5.8
19990822 1.1 0.97 1.105 7.2
19990823 0.3 0.79 1.08 6.3
19990824 1.6 1.53 1.051 9.3
19990825 0 1.58 1.028 11.1
19990826 0 1.57 1.003 8.8
19990827 1 1.14 0.976 12.7
19990828 0.8 1.4 0.972 11.6
19990829 1.9 1.2 0.974 12.2
19990830 0.1 1.22 0.984 11.1
19990831 5.4 0.69 1.011 7
19990901 0.6 1.21 1.047 8.9
19990902 6.3 1.12 1.071 13.5
19990903 0.8 3.78 1.167 17.7
19990904 0 1.35 1.122 13.4
19990905 0 0.83 1.074 13.3
19990906 0 1.89 1 11.3
19990907 0 2.94 0.948 14.8
19990908 3.6 1.12 0.881 8.2
19990909 0.1 1.37 0.843 12.1
19990910 3.1 1.09 0.828 9.4
19990911 0 2.11 0.805 10.2
19990912 0 2.55 0.776 14.6
19990913 0 1.77 0.751 13.9
19990914 0 1.45 0.721 11.1
19990915 0.1 0.55 0.695 10
19990916 0.1 0.98 0.678 11.3
19990917 5.9 1.15 0.705 9.8
19990918 19.2 1.33 0.886 12
19990919 2.3 1.92 1.187 10.7
19990920 0.4 1.54 1.368 10.1
19990921 0 1.17 1.378 10.6
19990922 0 1.08 1.338 9.5
19990923 3.6 0.69 1.281 10
19990924 0.3 0.78 1.259 8.2
19990925 1.5 0.76 1.233 8.7
19990926 7.4 0.7 1.24 9.1
19990927 6.8 0.5 1.352 8.9
19990928 13.8 0.78 1.77 8.8
19990929 1.8 0.58 2.367 4.9
19990930 3.7 0.67 2.665 4.9
19991001 0.2 0.68 2.688 5.4
19991002 6.4 0.81 2.62 5.8
19991003 15.6 1.22 3.08 5
19991004 2.1 0.48 4.023 3.7
19991005 0.2 0.86 4.123 2.6
19991006 0 0.45 4.166 2.1
19991007 0 0.62 4.169 -0.7
19991008 0 0.44 4.188 0.8
19991009 4 0.58 4.194 1.1
19991010 0.3 0.71 4.2 3.1
19991011 4.4 1.09 4.207 3
19991012 0.2 1.06 4.221 2.5
19991013 0.3 0.86 4.221 2.7
19991014 0.3 0.59 4.222 3.4
19991015 0.8 0.62 4.171 3.5
19991016 0.1 0.47 3.861 -1.7
19991017 0 0.34 3.504 -0.9
19991018 0.1 0.62 3.425 2.1
19991019 0 0.37 3.341 -2.9
19991020 0 0.33 3.226 -4.5
19991021 0.1 0.29 3.173 -5.7
19991022 0 0.41 3.081 -3.8
19991023 0 0.52 3.003 0.9
19991024 0.7 0.39 3.014 2.5
19991025 2.3 0.35 3.03 1.7
19991026 0.7 0.39 2.925 3.2
19991027 0.8 0.89 2.726 -0.2
19991028 6.5 0.68 2.506 2.1
19991029 0 0.96 2.189 3.7
19991030 0.1 0.61 1.826 4.9
19991031 0 1 1.557 5.4
19991101 0.1 0.6 1.605 5.9
19991102 3.5 0.84 1.776 4.3
19991103 0 0.95 2.012 2.7
19991104 0 1.01 2.077 5
19991105 0 1.69 2.028 6.1
19991106 0.1 0.67 1.997 3.2
19991107 0 0.96 1.863 4.3
19991108 0 0.57 1.707 1.5
19991109 0 0.33 1.619 -0.4
19991110 0.1 0.77 1.529 1.4
19991111 0.1 0.59 1.472 7.6
19991112 0.1 0.71 1.454 7.6
19991113 0 0.71 1.465 1.3
19991114 1 0.49 1.441 -2.9
19991115 0.1 0.26 1.39 -7.7
19991116 0.3 0.3 1.344 -4.9
19991117 1.5 0.41 1.289 -8.5
19991118 1.7 0.18 1.215 -7.7
19991119 0.5 0.25 1.175 -5.2
19991120 0.1 0.26 1.14 -4.8
19991121 2.9 0.25 1.127 0
19991122 0.2 0.4 1.172 -1
19991123 5.4 0.3 1.198 -4.7
19991124 0 0.47 1.211 3.6
19991125 6 0.6 1.334 2.6
19991126 0 0.48 1.495 0.2
19991127 0.1 1.16 1.567 2.5
19991128 0 0.44 1.589 2.2
19991129 15.9 0.85 1.614 -2.1
19991130 5.2 0.76 1.576 -2
19991201 1 1.31 1.497 -2.8
19991202 0.3 0.33 1.446 -2.8
19991203 0.1 0.43 1.412 -14.7
19991204 0.1 0.09 1.343 -13.8
19991205 0.3 0.08 1.262 -7
19991206 0.3 0.37 1.198 -7.5
19991207 5.8 0.29 1.167 -5.7
19991208 1 0.21 1.14 -18.9
19991209 1.8 0.08 1.115 -12.4
19991210 3.5 0.13 1.086 -15.7
19991211 0 0.17 1.051 -30.1
19991212 0.1 0.14 1.005 -28
19991213 0.3 0.36 0.975 -28.1
19991214 0 0.06 0.935 -27.4
19991215 0 0.08 0.886 -32.7
19991216 0 0.1 0.85 -25.3
19991217 1.3 0 0.828 -11.2
19991218 13.5 0.42 0.85 -5.6
19991219 1.3 0.34 0.843 -5
19991220 1.1 0.31 0.827 -5.9
19991221 0.4 0.39 0.808 -9.9
19991222 0 0.2 0.79 -21.3
19991223 3.4 0.08 0.784 -2.5
19991224 0.3 0.44 0.753 0.7
19991225 4.5 0.6 0.744 0.3
19991226 5.3 0.79 0.753 0.8
19991227 0.2 0.71 0.733 -4.8
19991228 1.3 0.46 0.713 -4.8
19991229 0.5 0.45 0.697 -9.9
19991230 0.1 0.45 0.706 -22.1
19991231 0 0.13 0.706 -20.6
20000101 3.1 0.14 0.706 -11.7
20000102 1.6 0.01 0.655 -6.2
20000103 0.5 0.41 0.655 -5
20000104 0.4 0.71 0.643 -0.8
20000105 0.1 0.26 0.652 -13.4
20000106 0.6 0 0.663 2.5
20000107 1.3 0.75 0.664 -1.6
20000108 1.4 0.85 0.665 2
20000109 0.9 0.61 0.659 -2.4
20000110 0.1 0.41 0.643 -5.6
20000111 0 0.55 0.638 -4.4
20000112 0.1 0.36 0.632 -4.1
20000113 3.1 0.08 0.632 -1.9
20000114 0.1 0.29 0.653 -8
20000115 0 0 0.662 1.4
20000116 0.1 0.68 0.675 2
20000117 2.3 0.74 0.681 -2.7
20000118 6.4 0.32 0.687 -3.2
20000119 8 0.39 0.688 -2.2
20000120 2.9 0.7 0.685 -4.8
20000121 5.7 0.37 0.676 -11.1
20000122 0.1 0.31 0.678 -19.4
20000123 0.6 0.04 0.669 -13.7
20000124 0.3 0.11 0.664 -2.8
20000125 0.4 0.42 0.662 0.3
20000126 0 0.45 0.659 1.4
20000127 0.9 0.63 0.656 -3.6
20000128 1.1 0.56 0.639 -9.5
20000129 3.3 0 0.604 -2.2
20000130 11.3 1.25 0.582 -7.5
20000131 1.6 0.26 0.512 -10.3
20000201 5.7 0.29 0.473 -8.9
20000202 2.1 0.24 0.473 -8.6
20000203 1.2 0.26 0.473 -7.3
20000204 1.7 0.18 0.473 -1
20000205 0.1 0.33 0.473 -4.6
20000206 2.2 0.51 0.473 -1
20000207 0.2 0.11 0.473 0.9
20000208 1.1 0.67 0.473 -1.5
20000209 0.4 0.33 0.473 -7.5
20000210 0.1 0.36 0.445 0.4
20000211 0.1 0.85 0.433 -3.2
20000212 0.1 0.29 0.433 -0.1
20000213 2.3 0.65 0.433 -5.4
20000214 5.1 0.48 0.459 -8
20000215 0.5 0.2 0.445 -6.1
20000216 0 0.41 0.433 -11.5
20000217 0 0.32 0.433 -16.5
20000218 0 0.67 0.433 -7.5
20000219 0 0.35 0.433 -15.5
20000220 0 0.12 0.43 -5.7
20000221 0.1 0.6 0.402 -16.9
20000222 0.1 0.16 0.395 -11.7
20000223 0.9 0.42 0.395 -12.2
20000224 3 0.53 0.395 -4.4
20000225 3.4 0.19 0.395 -9.4
20000226 0 0.29 0.383 -7.8
20000227 0.1 0.46 0.36 -1.2
20000228 2.4 0.79 0.359 -0.5
20000229 0.1 1.43 0.355 -0.3
20000301 0.9 0.58 0.36 -2.8
20000302 0.8 0.43 0.357 -6.8
20000303 6 0.01 0.371 -8.3
20000304 4.2 0.36 0.381 -6.7
20000305 6.3 0.52 0.384 -7.9
20000306 1.6 0.92 0.381 -0.9
20000307 1.5 0.69 0.378 -2.8
20000308 1.1 0.35 0.371 -5.5
20000309 0.7 0.18 0.372 -6.8
20000310 0.8 0.72 0.362 -6.4
20000311 0 0.22 0.353 -12.5
20000312 0 0.45 0.347 -11.8
20000313 0 0.69 0.339 -1.2
20000314 1.7 0.75 0.343 -4.3
20000315 0.4 0.4 0.344 -5.2
20000316 0 0.33 0.339 -4.1
20000317 3.7 0.32 0.339 -3.3
20000318 1.5 0.82 0.342 -1.5
20000319 0 1.13 0.336 1.7
20000320 0 1.31 0.334 1.7
20000321 0.5 0.74 0.33 -1.6
20000322 0.2 0.48 0.326 -5.6
20000323 0.1 0.43 0.324 -6
20000324 0.1 0.73 0.319 -2.3
20000325 0 0.47 0.315 -7.2
20000326 0.1 0.32 0.313 -4.9
20000327 3.3 0.61 0.314 -4.7
20000328 0 0.52 0.313 -4.7
20000329 1.1 0.48 0.308 2.1
20000330 0 0.5 0.295 2.5
20000331 0 0.58 0.308 -0.5
20000401 0.2 0.9 0.304 -4.5
20000402 0.3 0.47 0.299 -6.4
20000403 6.5 0.49 0.297 -7.1
20000404 8.3 0.33 0.318 -6.2
20000405 4.5 0 0.327 -6.6
20000406 1 0.66 0.319 -2.8
20000407 0 0.47 0.295 -2.8
20000408 0 1.25 0.295 2.5
20000409 0 0.7 0.295 -1.7
20000410 0 0.64 0.295 0.5
20000411 0 0.6 0.295 2.3
20000412 0 0.58 0.277 0
20000413 0.6 0.54 0.295 -0.6
20000414 3.3 0.58 0.295 0.7
20000415 0.7 0.8 0.295 1.3
20000416 1.6 1.02 0.295 1.8
20000417 9.7 0.92 0.297 2
20000418 4.9 1.19 0.322 3.7
20000419 0.4 1.2 0.327 4.9
20000420 0 1.2 0.355 6.6
20000421 0.6 0.47 0.451 5.7
20000422 1.1 1.54 0.722 7.1
20000423 0 1.21 1.376 6.5
20000424 1.8 0.62 2.533 2.8
20000425 1 0.91 3.63 4
20000426 0 0.78 4.724 1.2
20000427 6.5 0.57 4.877 1.5
20000428 1.3 0.76 4.952 5.3
20000429 0.1 1.1 5.521 10.3
20000430 0.1 1.44 9.512 5.7
20000501 1.6 0.81 19.146 6.1
20000502 0.1 0.77 24.751 7.7
20000503 0.3 1.86 22.809 3.3
20000504 0 1 17.697 5.2
20000505 0 2.09 14.221 4.1
20000506 0 1.54 12.143 8.6
20000507 0 1.29 11.37 6.8
20000508 0 1.67 11.595 8.3
20000509 0 1.84 12.296 11.1
20000510 0 2.21 13.508 5.6
20000511 0.1 0.96 11.746 0.8
20000512 0.1 1.66 9.057 3.4
20000513 0 2.37 7.56 9.9
20000514 0 1.87 7.673 9
20000515 0 1.07 8.191 8.8
20000516 0 1.75 8.76 13.9
20000517 0 3.42 10.45 15.5
20000518 1.6 3.35 12.657 9.8
20000519 0.1 1.14 10.82 7.4
20000520 2.1 1.24 8.558 8
20000521 0 1.01 7.047 7.4
20000522 0 0.97 6.014 7.6
20000523 0.1 0.94 5.379 6.4
20000524 1 1.14 4.969 7.3
20000525 13.9 0.89 5.329 6.6
20000526 0 1.67 5.175 6.2
20000527 0 1.42 4.67 6
20000528 10 2.08 5.087 8.8
20000529 0.3 0.62 5.514 5.1
20000530 29 0.78 8.088 3.6
20000531 3 0.81 8.072 5.3
20000601 0.8 1.25 8.393 6.9
20000602 2.1 0.82 7.141 8.1
20000603 4.2 2.97 6.658 2.2
20000604 0.9 1.49 5.993 2.2
20000605 0 1.25 5.118 4.1
20000606 0.2 1.7 4.44 6
20000607 0 1.27 3.937 6.6
20000608 0.3 1.44 3.614 6.3
20000609 0 1.47 3.385 10.1
20000610 0 3.27 3.212 15
20000611 0.1 3.14 3.173 11.7
20000612 0 2.01 3.164 9.1
20000613 1 1.94 3.107 9.6
20000614 1.1 2.97 3.016 8.1
20000615 1.8 1.63 2.922 5.3
20000616 1.6 1.18 2.745 4.4
20000617 0.2 1.32 2.561 5.5
20000618 0.4 0.61 2.423 7.9
20000619 2.9 1.99 2.376 12.2
20000620 0.3 2.19 2.308 11.7
20000621 0 0.7 2.265 14
20000622 0.7 2.67 2.232 15.9
20000623 0 0.64 2.232 11.6
20000624 0.9 1.1 2.225 7.7
20000625 1.8 0.72 2.225 7.2
20000626 5.8 1.08 2.254 5.6
20000627 7.5 0.72 2.559 3.1
20000628 17 0.77 3.318 6.6
20000629 1.2 0.93 3.907 8.8
20000630 1 1.43 4.129 12
20000701 0.3 1.79 3.965 14.7
20000702 1.8 1.94 3.709 17.1
20000703 0 1.5 3.409 12
20000704 0.1 1.57 3.088 9.8
20000705 0.2 0.84 2.802 10.6
20000706 3.8 1.25 2.666 9.5
20000707 17.8 0.92 3.538 5.2
20000708 0.7 1.26 4.272 5.6
20000709 1.8 1.12 4.06 8.3
20000710 0 1.72 3.637 9.8
20000711 1.3 1.32 3.246 11.3
20000712 8 1.04 3.207 11.9
20000713 4.8 1.49 3.362 7.5
20000714 17.5 0.86 4.284 7.5
20000715 1.5 0.71 5.393 9.7
20000716 0.1 1.25 5.028 9.5
20000717 4.7 0.83 4.574 10.1
20000718 0.6 0.99 4.2 10.9
20000719 0.4 0.77 3.811 9.7
20000720 10.1 0.8 3.874 8.5
20000721 0.2 1.45 4.147 12.5
20000722 0 1.67 3.866 11
20000723 0 1.07 3.475 10.2
20000724 2.7 1.02 3.221 11.1
20000725 3 0.97 3.023 14.1
20000726 0.1 3.49 2.896 15.1
20000727 0 2.76 2.896 14
20000728 0 1.63 2.798 14.4
20000729 0 2.62 2.531 13.4
20000730 0 2.14 2.315 13.9
20000731 0 1.49 2.109 10.1
20000801 0 1.47 1.959 12.6
20000802 0.1 0.97 1.818 12
20000803 1.5 0.56 1.719 11.7
20000804 4.5 0.8 1.727 13.7
20000805 3.5 0.94 1.812 13.3
20000806 0.3 1.28 1.843 11.4
20000807 13.5 0.85 2.137 7.3
20000808 0.3 0.8 2.309 7.2
20000809 0 0.98 2.294 7.2
20000810 0 1.01 2.182 9.3
20000811 0.3 0.8 2.069 8.7
20000812 11 0.86 2.257 9
20000813 0.1 0.78 2.307 11.2
20000814 0 1.24 2.225 13
20000815 3.1 1.15 2.117 12.7
20000816 6 0.98 2.187 8.5
20000817 12.5 0.69 2.3 9.8
20000818 6.1 0.92 2.582 8.6
20000819 11.4 0.85 2.859 8.9
20000820 0.4 0.68 2.898 6.9
20000821 10.3 0.87 3.302 8.8
20000822 0.9 1.06 3.711 7.7
20000823 0.2 0.64 3.607 6.8
20000824 1 0.91 3.381 8.4
20000825 0.8 0.64 3.18 10.4
20000826 0.1 0.58 2.959 12.3
20000827 0 2.83 2.722 13.4
20000828 0 1.85 2.473 15.4
20000829 0 0.81 2.302 8.9
20000830 4.8 0.97 2.225 11.5
20000831 1.5 0.73 2.225 9.3
20000901 0 0.64 2.202 8.1
20000902 7.1 1.34 2.244 6.5
20000903 0.4 0.87 2.308 4.7
20000904 0.1 0.82 2.261 4.8
20000905 0.2 0.59 2.173 6.6
20000906 0 0.88 2.058 6.8
20000907 1.3 1.26 2.023 10.4
20000908 8.1 2.54 2.15 11.2
20000909 0.1 1.48 2.209 9
20000910 0.1 0.83 2.089 6.9
20000911 0 1.33 1.963 5.8
20000912 0 1.13 1.839 5.7
20000913 0.3 1.01 1.739 3.3
20000914 0 1.14 1.639 4
20000915 0 1.51 1.598 6.1
20000916 0 0.45 1.514 7.5
20000917 0.1 1.32 1.452 8.7
20000918 0 1.59 1.42 8.6
20000919 0 2 1.364 8.2
20000920 0 1.05 1.292 4.3
20000921 0 1.29 1.279 4.5
20000922 0 1.75 1.214 4
20000923 0.1 0.8 1.152 9.6
20000924 0.1 1.11 1.141 7.9
20000925 0 0.73 1.141 9.7
20000926 0 0.94 1.141 8.2
20000927 0 1.19 1.099 5.5
20000928 1.2 0.95 1.071 9.2
20000929 0.1 0.87 1.071 12.4
20000930 1.1 1.4 1.071 15.4
20001001 0 1.98 1.071 9.2
20001002 0.1 1.14 1.071 9.4
20001003 1.9 0.73 1.071 8.7
20001004 0.2 0.76 1.07 7.4
20001005 0.1 0.85 1.015 9.2
20001006 0.1 0.63 1.003 8
20001007 1.9 0.64 1.003 10.7
20001008 0.5 1.36 1.039 8.7
20001009 8.1 1.09 1.119 6.2
20001010 5.7 0.72 1.303 5
20001011 9.5 0.56 1.734 4.1
20001012 15.9 0.48 2.865 7.1
20001013 8 0.7 4.332 5.2
20001014 0 0.54 4.663 2.8
20001015 0 0.8 4.177 6
20001016 0.1 0.24 3.656 7.1
20001017 0.6 0.77 3.27 9.2
20001018 1.3 1.77 3.01 8.3
20001019 0.5 1.41 2.808 6.7
20001020 1.7 0.58 2.643 4.4
20001021 0.7 0.35 2.593 6.6
20001022 13.5 0.9 2.899 4
20001023 0 0.54 3.294 2.3
20001024 2.1 0.57 3.221 6.6
20001025 1.5 0.47 3.177 4
20001026 0.6 0.52 3.056 1.6
20001027 3.2 0.51 2.935 -2.3
20001028 2.5 0.63 2.73 -0.4
20001029 2.8 0.53 2.592 -1.4
20001030 8.6 0.7 2.469 -2.2
20001031 12.2 0.29 2.545 3.2
20001101 4.3 1.15 2.617 3.4
20001102 3.6 0.68 2.879 2.1
20001103 1.1 0 3.001 0.9
20001104 2.5 0.87 2.941 3.9
20001105 0.1 0.56 2.842 1.6
20001106 0.8 0.55 2.722 -0.3
20001107 0 0.21 2.53 -1.3
20001108 7.3 0.36 2.654 1.7
20001109 11.6 0.45 2.793 3.9
20001110 1.2 0.32 2.793 2.8
20001111 2.3 0.37 2.74 1.5
20001112 0.4 0.39 2.676 2.6
20001113 5.3 0.5 2.692 1.5
20001114 3.7 0.35 2.653 -1.9
20001115 0.1 0.4 2.501 -5.6
20001116 0 0.41 2.356 -4
20001117 0.1 0.31 2.268 0.9
20001118 6.1 0.38 2.247 0.4
20001119 12 0.22 2.226 -1
20001120 13 0.35 2.225 1.9
20001121 5.6 0.59 2.225 -0.8
20001122 7 0.47 2.133 -3.1
20001123 5.6 0.28 2.117 1.9
20001124 3.4 0.14 2.117 2
20001125 3.3 0.75 2.036 1.9
20001126 0.2 0.7 2.115 0.4
20001127 1.3 0.46 2.117 2.2
20001128 0.3 0.62 2.054 -3.8
20001129 0 0.31 1.951 -4.9
20001130 3.3 0.23 1.955 2.3
20001201 1.7 0.68 1.955 -3.7
20001202 2.5 0.1 1.938 3
20001203 1.2 0.46 2.012 1.9
20001204 0 0.35 2.073 -4.5
20001205 0.6 0.21 2.03 4.4
20001206 1.4 0.55 2.567 5.8
20001207 0 0.43 3.882 -0.3
20001208 2.3 0.13 4.652 -1.9
20001209 3.3 0.32 4.676 0.1
20001210 1.4 0.64 4.337 -2.7
20001211 0.3 0.41 3.934 0.5
20001212 0 0.24 3.547 -5.4
20001213 1.4 0 3.327 1
20001214 11.5 0.5 3.207 -2.1
20001215 0.5 0.15 3.056 -3.5
20001216 0.9 0.37 2.892 -1.4
20001217 0.1 0.3 2.71 -3.2
20001218 0 0.47 2.489 -12.6
20001219 0.1 0.17 2.252 -11.8
20001220 0 0.23 2.009 -14.6
20001221 0.1 0.07 1.769 -10.8
20001222 0.2 0.16 1.717 -4.7
20001223 0.7 0.48 1.717 -5.6
20001224 0.5 0.41 1.717 -4.8
20001225 0.3 0.34 1.631 -6.5
20001226 0.1 0.45 1.626 -16.8
20001227 0.8 0.2 1.626 -15.2
20001228 1.2 0.05 1.55 -14.1
20001229 0.2 0.29 1.538 -21.9
20001230 2.1 0.18 1.508 -22.8
20001231 0 0.05 1.445 -30.6
20010101 0 0.04 1.384 -12.9
20010102 3.4 0.31 1.335 -5.9
20010103 0.4 0.15 1.291 -4.9
20010104 4.3 0.4 1.291 -4.4
20010105 0.1 0 1.264 -1.8
20010106 3.8 0.45 1.214 -0.7
20010107 3.6 0.31 1.214 -1.4
20010108 0.4 0.43 1.214 -3.6
20010109 0.9 0.45 1.214 -5
20010110 0.9 0.24 1.155 -4.9
20010111 3.8 0.4 1.141 -3.8
20010112 3 0.27 1.144 0.7
20010113 0.6 0.4 1.141 -5.1
20010114 0 0.17 1.11 -15.2
20010115 0 0.18 1.071 -18.8
20010116 0 0.12 1.071 -26.4
20010117 0 0.18 1.003 -22.9
20010118 0.1 0.15 1.003 -23.6
20010119 0 0.14 0.939 -23.6
20010120 0 0.12 0.939 -20.1
20010121 0.1 0 0.889 -6.2
20010122 0.4 0.41 0.877 -5.8
20010123 2.4 0.43 0.877 -6.5
20010124 2.7 0.48 0.877 -2.7
20010125 3.3 0.53 0.877 -1.2
20010126 0.4 0.47 0.836 0.1
20010127 0.1 0.61 0.817 -1.9
20010128 0.1 0.47 0.817 -12.9
20010129 0.2 0.24 0.807 -7.7
20010130 0.3 0.28 0.76 -4.7
20010131 0.2 0.52 0.76 -5.1
20010201 0.6 0.16 0.76 -26.3
20010202 0 0.12 0.76 -23.1
20010203 0.2 0.06 0.76 -31.9
20010204 0.1 0.07 0.732 -32.9
20010205 0.1 0.1 0.706 -26.4
20010206 0.6 0.1 0.675 -22.6
20010207 2.1 0.41 0.664 -9.1
20010208 4.5 0.59 0.655 -8.2
20010209 0 0.24 0.65 -14.2
20010210 0 0.42 0.606 -15.3
20010211 0.8 0 0.606 -4.5
20010212 3 0.22 0.606 -2.2
20010213 0.4 0.64 0.587 -0.4
20010214 0.1 0.87 0.559 0.6
20010215 0 0.48 0.559 -4.3
20010216 0.1 0.69 0.559 -5.7
20010217 0.2 0.02 0.587 -3.5
20010218 11.9 0.35 0.606 0.3
20010219 0.3 0.52 0.606 -0.3
20010220 1.6 0.74 0.59 -0.9
20010221 1.9 0.62 0.595 -4.6
20010222 0.5 0.35 0.559 -8.7
20010223 2.3 0.47 0.559 -13.5
20010224 1.7 0.26 0.559 -12.7
20010225 2.5 0.28 0.559 -14.6
20010226 1 0.23 0.559 -17
20010227 0.1 0.08 0.559 -26.7
20010228 0.1 0.11 0.559 -25.8
20010301 0.1 0.17 0.541 -22.3
20010302 0.5 0.2 0.515 -18.6
20010303 0.1 0.24 0.515 -20
20010304 0 0.44 0.515 -11.4
20010305 0.5 0.42 0.515 -4.7
20010306 0.8 0.34 0.491 -1.6
20010307 0.2 0.44 0.473 -2.4
20010308 0 0.52 0.473 -1
20010309 0 0.29 0.473 -2.6
20010310 1.2 0.45 0.473 0.2
20010311 0.4 0.45 0.473 -3.4
20010312 0 0.38 0.473 0.6
20010313 0.3 0.67 0.473 -1.6
20010314 1.5 0.52 0.473 -3.1
20010315 5.5 0.46 0.473 -4.4
20010316 4.4 0.44 0.473 -6.5
20010317 1.4 0.49 0.473 -13.9
20010318 0 0.4 0.473 -18
20010319 0 0.38 0.473 -17.9
20010320 0 0.42 0.473 -13.3
20010321 0.4 0.51 0.455 -6.5
20010322 0 0.79 0.433 -10.6
20010323 0 0.64 0.433 -12.8
20010324 0 0.69 0.433 -11.7
20010325 0 0.31 0.433 -7.7
20010326 0.2 0.29 0.433 -13.3
20010327 0 0.3 0.433 -12.2
20010328 0 0.26 0.424 -9.2
20010329 0 0.78 0.395 -5.8
20010330 0 0.44 0.395 -3
20010331 0.7 0.7 0.395 -1.8
20010401 0.4 1.4 0.395 2.6
20010402 0 1.06 0.395 2.2
20010403 0.8 0.6 0.395 2.2
20010404 3.9 0.91 0.395 1.7
20010405 0.5 0.6 0.413 1.9
20010406 5.6 0.83 0.433 1.7
20010407 0.7 0.39 0.433 -0.2
20010408 0.3 0.44 0.433 -2
20010409 7 0.74 0.433 -0.2
20010410 0.4 0.57 0.433 -2.2
20010411 0 0.49 0.433 -6
20010412 0.6 0.72 0.433 -5.2
20010413 0.4 0.56 0.416 -5.2
20010414 0 0.67 0.395 -7.6
20010415 0.5 0.82 0.395 -1.8
20010416 0 1 0.395 -0.3
20010417 0.2 0.47 0.395 -2.1
20010418 0.1 0.79 0.395 -4.6
20010419 0 0.62 0.395 -6.6
20010420 0 0.34 0.395 -5.4
20010421 0 0.82 0.395 -0.2
20010422 0 0.96 0.395 2
20010423 0 0.7 0.378 1.4
20010424 0.2 0.47 0.384 2.5
20010425 2.4 1.5 0.395 4.4
20010426 0.7 0.58 0.416 2.9
20010427 6.8 0.7 0.499 4.6
20010428 0.6 0.82 0.645 4.5
20010429 0.5 0.51 0.806 3.9
20010430 0.9 1.06 0.968 4
20010501 3 1.02 1.232 2.8
20010502 1.8 1.25 1.458 5.5
20010503 0 2.34 1.822 5.2
20010504 0 0.6 2.37 -0.2
20010505 0.1 0.65 2.593 1.2
20010506 0 0.76 2.593 2.8
20010507 0 1.11 2.635 7.1
20010508 0 1.29 3.082 8.8
20010509 0 1.1 4.197 6.6
20010510 0 1.46 5.684 6.5
20010511 0 0.81 7.416 8.4
20010512 0 1.8 10.754 7.6
20010513 0 1.79 14.36 5.4
20010514 0 1.07 14.918 3.6
20010515 0 1.28 13.703 5.6
20010516 0 1.32 13.221 6.1
20010517 0.3 0.76 13.239 5.9
20010518 3.1 0.62 13.57 5.8
20010519 4.3 1.26 15.295 4.6
20010520 0.4 1.45 17.239 2.1
20010521 0.2 0.95 14.797 2
20010522 0 0.44 11.532 3.6
20010523 1.2 0.67 10.185 5.4
20010524 0.1 1.11 10.804 2.4
20010525 0.8 1.31 10.335 4
20010526 0 1.15 9.041 7.1
20010527 0.3 0.71 9.246 6.7
20010528 0.5 0.97 11.799 4.7
20010529 0.1 1.25 12.336 4.6
20010530 5.2 0.69 11.256 8.5
20010531 0.8 1.04 10.79 9.2
20010601 0.3 0.99 10.775 4.2
20010602 0.4 0.85 10.494 4.9
20010603 1.5 1.28 9.286 4.8
20010604 0 1.37 8 6.6
20010605 0 1.61 7.051 7.4
20010606 0 1.14 6.749 11.4
20010607 5.7 0.74 8.82 6.9
20010608 6.4 1.23 11.273 7.2
20010609 7.1 1.23 11.55 5.7
20010610 0.2 1.32 9.701 5.2
20010611 0 1.2 7.741 3.4
20010612 0.4 0.84 6.395 4.2
20010613 0.3 1.35 5.532 5.9
20010614 0 0.87 4.918 4.9
20010615 23.8 0.71 5.316 5.8
20010616 0.4 1.17 6.153 9
20010617 0 1.77 6.111 9.7
20010618 0 1.27 5.972 6.4
20010619 14.3 0.78 7.006 13.1
20010620 0 2.94 7.905 15.7
20010621 1.5 1.6 8.443 11.4
20010622 5.7 1.13 9.12 11
20010623 0.1 2.21 7.963 15.7
20010624 0 1.34 6.902 14.7
20010625 0 1.64 6.081 14.9
20010626 0.3 1.38 5.569 13.3
20010627 3.1 0.81 5.105 14.5
20010628 0.5 1.96 4.653 14.8
20010629 1.9 0.66 5.343 13.5
20010630 1.8 1.63 4.843 14.3
20010701 5.1 1.38 5.795 10.6
20010702 11.9 1.9 5.546 10.4
20010703 0.3 0.55 4.748 15
20010704 5.5 0.94 4.855 16.9
20010705 0.5 0.87 5.95 14.8
20010706 0 1.09 6.712 16.9
20010707 3.8 1.69 6.26 17.2
20010708 0.3 2.2 4.939 18.7
20010709 1.5 2.51 4.427 18.8
20010710 26.6 1.16 7.699 11.6
20010711 18.7 1.05 7.125 14.5
20010712 1.8 1.77 6.683 11.6
20010713 6 2.05 5.984 11.5
20010714 2.2 0.66 5.689 9.3
20010715 4.5 0.6 5.42 8.7
20010716 15.8 0.77 6.476 9.5
20010717 0.8 1.6 6.354 11.2
20010718 0.1 0.66 5.556 9.7
20010719 5.6 0.98 5.163 9.2
20010720 16.8 0.85 6.474 8.2
20010721 2.2 1.27 7.948 11.4
20010722 1.7 1.91 7.003 14.2
20010723 6.9 1.02 6.339 13.5
20010724 0.1 2.22 5.863 13.8
20010725 0 1.8 5.034 13.3
20010726 0 1.5 4.538 12
20010727 0 0.6 4.155 9.5
20010728 0.2 1.63 3.669 13.2
20010729 0 1.16 3.327 14.5
20010730 0.5 3.44 2.936 11.9
20010731 0.8 1.75 2.789 8.7
20010801 0.4 1.18 2.619 7.8
20010802 0 1.26 2.451 8.4
20010803 0 0.51 2.302 11.1
20010804 9.3 1.1 2.256 13.5
20010805 23.8 1.36 4.038 9.2
20010806 25.8 0.83 9.978 9.4
20010807 6 0.81 9.578 9.1
20010808 5.9 1.6 7.995 10.5
20010809 7 0.98 6.677 11.2
20010810 6.3 1.33 6.407 11.5
20010811 1.5 1.47 6.157 8.9
20010812 1.6 1.42 5.519 9.1
20010813 5.3 1.28 5.289 10.7
20010814 1.3 0.68 4.913 13.4
20010815 0.1 1.77 4.498 14.9
20010816 0 1.51 4.049 17.7
20010817 4.3 1.97 3.763 15.6
20010818 1 0.9 3.545 11.6
20010819 0 1.82 3.256 11
20010820 0 1.81 2.979 11.2
20010821 8.1 1.43 2.896 11.9
20010822 0.1 1.34 2.863 13.6
20010823 0 1.76 2.722 12.4
20010824 0 1.26 2.556 14.4
20010825 0 1.12 2.431 11.1
20010826 5.8 1.21 2.411 13.8
20010827 7.5 1.22 2.553 8.6
20010828 1.1 0.94 2.684 6.5
20010829 4 0.76 2.86 10.1
20010830 0.5 0.64 2.968 10
20010831 0.3 0.92 2.841 11.1
20010901 6.5 0.76 2.725 8.6
20010902 8.4 0.76 3.111 6.4
20010903 0.2 0.86 3.214 7.6
20010904 1.6 0.75 3.054 7.1
20010905 0 1.04 2.84 7.5
20010906 0.1 0.59 2.637 7.8
20010907 2.7 0.82 2.53 7.2
20010908 0.9 0.75 2.496 5.3
20010909 2.5 0.59 2.502 8
20010910 26.4 1.04 2.941 9.2
20010911 12.9 1.37 3.899 9.5
20010912 0.5 0.67 4.408 7
20010913 2.7 0.68 4.223 7.9
20010914 10.8 0.64 4.578 8.3
20010915 1.4 0.75 5.48 8.6
20010916 1.7 1.05 5.316 9.3
20010917 2.9 0.75 4.831 8.7
20010918 0.1 0.92 4.361 10
20010919 0 0.59 3.937 11.1
20010920 1.2 1.4 3.645 11.8
20010921 1.8 0.49 3.484 9.2
20010922 0.6 0.5 3.385 7.3
20010923 0.1 0.48 3.207 5.1
20010924 0.2 0.67 3.038 6.7
20010925 0 1.1 2.862 6.8
20010926 0.1 0.64 2.745 6.2
20010927 0.3 0.84 2.628 4.3
20010928 0.3 0.93 2.534 0.5
20010929 0.2 0.65 2.419 -0.3
20010930 0 0.75 2.329 1.8
20011001 1.2 0.1 2.256 4.3
20011002 11.9 0.74 2.581 7.3
20011003 0.1 1.04 2.876 9.1
20011004 0 0.96 2.785 8.5
20011005 0 0.47 2.632 4.3
20011006 0 0.47 2.472 7.4
20011007 2.6 0.77 2.437 7.6
20011008 18.5 0.41 3.211 6.3
20011009 1.8 0.69 3.757 7.5
20011010 3.8 0.78 3.788 8.5
20011011 15.6 1.11 4.167 4.7
20011012 3.7 0.68 4.693 7.2
20011013 0.3 0.47 4.785 3.3
20011014 0 0.6 4.488 2.2
20011015 0.1 0.77 4.031 4.1
20011016 0.1 0.48 3.67 9.7
20011017 2.4 1.01 3.397 5.2
20011018 0.1 0.38 3.193 -1.8
20011019 0 0.37 2.961 -2.9
20011020 0 0.35 2.772 -3.7
20011021 0 0.46 2.61 -1.9
20011022 0.1 0.8 2.47 -1.5
20011023 0 0.44 2.331 -6.4
20011024 0 0.6 2.177 -3.5
20011025 0 0.45 2.067 0.2
20011026 6.8 0.39 2.084 5.5
20011027 20.3 0.41 2.64 2.9
20011028 2 0.4 3.711 1.5
20011029 0.2 0.56 3.655 0.1
20011030 2.1 0.66 3.372 1.5
20011031 5.2 0.34 3.19 0
20011101 3.8 0.47 2.893 -2.7
20011102 1.4 0.29 2.711 -0.1
20011103 2.1 0.92 2.947 1.2
20011104 0.8 0.58 3.101 -1.2
20011105 0.4 0.82 2.909 -1.5
20011106 0 0.43 2.66 -5.8
20011107 0 0.37 2.441 -6.9
20011108 7.5 0.42 2.302 -6.3
20011109 0.2 0.32 2.155 -6
20011110 1.8 0.58 2.062 1.7
20011111 1.5 1.31 2.018 -1.9
20011112 8.5 0.73 2.102 -3.4
20011113 1.7 0.43 2.012 -3.8
20011114 0.8 0.4 1.917 -3.5
20011115 1.4 0.73 1.89 0.2
20011116 1.1 0.45 1.831 -0.9
20011117 0.1 0.59 1.821 2.3
20011118 0 0.51 1.825 1.2
20011119 0.2 0.41 1.812 1.4
20011120 0.2 0.68 1.751 -5.9
20011121 0 0.4 1.704 -4.1
20011122 0.9 0.65 1.63 -3.9
20011123 0.9 0.37 1.584 -5.5
20011124 1 0.12 1.538 -5.4
20011125 0.3 0.6 1.479 -1.5
20011126 1.2 0.64 1.452 -1
20011127 0 0.5 1.409 -3.6
20011128 0.9 0.34 1.37 -1.9
20011129 3 0.38 1.35 -1.1
20011130 3.8 0.55 1.312 -0.4
20011201 4.8 0.86 1.291 -0.5
20011202 3.9 0.4 1.291 -1.9
20011203 0.1 0.27 1.291 -0.6
20011204 0.2 0.74 1.243 -1.7
20011205 0.4 0.39 1.216 -3.3
20011206 5.1 0.28 1.214 -4.1
20011207 0.2 0.67 1.214 -17.4
20011208 0 0.14 1.141 -6.6
20011209 0.7 0.3 1.141 -8.1
20011210 0.9 0.56 1.121 -1.5
20011211 0 0.55 1.141 -2.4
20011212 0 0.54 1.14 -15
20011213 0 0 1.071 -0.6
20011214 0 0.42 1.071 2.9
20011215 0 0.42 1.071 -0.3
20011216 0.1 0.26 1.08 2.1
20011217 0.1 0.56 1.074 1.8
20011218 0.7 0.61 1.071 1.1
20011219 3.2 0.73 1.094 -8.4
20011220 0.9 0.16 1.071 -9.3
20011221 5.2 0.38 1.071 -13.9
20011222 1.7 0.13 1.07 -18.4
20011223 1.6 0.17 1.003 -12
20011224 0.5 0.22 1.003 -13
20011225 2 0.32 1.003 -19.1
20011226 0.3 0.1 0.945 -24.1
20011227 0 0.14 0.935 -28.4
20011228 0.1 0.07 0.877 -24.3
20011229 1.3 0.19 0.877 -20.6
20011230 0.1 0.14 0.833 -35
20011231 0 0.07 0.817 -35
20020101 5 0 0.817 -8.4
20020102 5.8 0.57 0.809 -21.2
20020103 0 0.19 0.76 -23.9
20020104 0 0.08 0.76 -13.3
20020105 0 0.28 0.755 -22
20020106 0.2 0 0.709 0
20020107 0 0.48 0.706 -5.1
20020108 0 0.45 0.684 -4.7
20020109 0 0.36 0.655 -10.4
20020110 0 0.18 0.655 -14.6
20020111 0 0.29 0.655 -3.7
20020112 0.1 0.21 0.655 -6.1
20020113 1.1 0.39 0.655 1.8
20020114 0 0.57 0.655 -1.2
20020115 0 0.34 0.655 -1.9
20020116 0.1 0.62 0.638 -0.9
20020117 0 0.58 0.606 -8.7
20020118 3.8 0.12 0.606 0.2
20020119 0.3 0.57 0.606 -6.4
20020120 1 0.26 0.606 -5
20020121 5.5 0.26 0.606 -6.6
20020122 0.8 0 0.606 -10.3
20020123 7.1 0.24 0.606 -12.4
20020124 0 0.12 0.606 -18.1
20020125 3.1 0.19 0.606 -12.9
20020126 0.7 0.35 0.606 -12
20020127 1.4 0.44 0.595 -25.1
20020128 0.1 0.13 0.559 -12.6
20020129 8.6 0.43 0.571 -5.3
20020130 1.1 0.27 0.559 -7.2
20020131 5.2 0.33 0.559 -8.6
20020201 2.4 0.25 0.559 -8.5
20020202 3.1 0.48 0.553 1.3
20020203 0.3 1.25 0.521 2.4
20020204 0.9 0.61 0.525 0.9
20020205 1.8 0.37 0.528 -6.2
20020206 4.3 0.35 0.515 -2.7
20020207 0 0.31 0.515 -7.2
20020208 0.5 0.11 0.515 -3.7
20020209 0.5 0.15 0.515 -3.2
20020210 4.3 0.55 0.515 -4
20020211 0 0.54 0.515 -7
20020212 4 0.28 0.515 -4.9
20020213 1.6 0.39 0.515 -3.9
20020214 0.5 0.56 0.482 -5.9
20020215 0.1 0.45 0.473 -1.5
20020216 0 0.86 0.473 4.9
20020217 1.1 1.1 0.473 -1.3
20020218 0 0.55 0.473 -8.7
20020219 0 0.34 0.468 -7.5
20020220 0 0.29 0.433 -16.3
20020221 0.4 0.25 0.434 -8
20020222 1.6 0.32 0.443 -1.6
20020223 2 0.61 0.433 -6
20020224 0.5 0.36 0.433 -6.1
20020225 0.1 0.36 0.433 -4.3
20020226 0 0.3 0.433 -10.8
20020227 1.1 0.41 0.433 -5.8
20020228 1 0.46 0.424 -7.4
20020301 0.1 0.03 0.395 -5.7
20020302 0.5 0.41 0.395 -6.5
20020303 0.3 0.57 0.395 -5.4
20020304 0.1 0.45 0.395 0
20020305 1.3 1.03 0.395 -3.2
20020306 1.5 0.37 0.395 -9.3
20020307 0 0.15 0.395 -12.7
20020308 2 0.61 0.395 -2.6
20020309 2 0.5 0.395 -3.4
20020310 3 0.64 0.395 -5.7
20020311 0.8 0.29 0.395 -2.8
20020312 0 0.32 0.392 -3.5
20020313 4.5 0.75 0.395 -8.1
20020314 0 0.7 0.395 -14.9
20020315 0 0.61 0.378 -10.3
20020316 0 0.61 0.36 -8.2
20020317 0 0.59 0.36 -5
20020318 0 0.57 0.36 0.7
20020319 3.7 0.52 0.368 -1
20020320 11.7 0.64 0.395 -2
20020321 0.6 0.58 0.395 -1.5
20020322 1.2 0.6 0.395 -2.2
20020323 0 0.85 0.374 -2.9
20020324 0 0.66 0.36 -9.4
20020325 0.2 0.73 0.36 0.5
20020326 0.1 0.65 0.36 -0.7
20020327 0.4 0.78 0.36 3.6
20020328 0 1.12 0.36 6.5
20020329 0 0.97 0.36 2.2
20020330 0 0.54 0.36 1.7
20020331 0 0.42 0.36 -1.2
20020401 0 0.17 0.36 -0.8
20020402 0.8 0.41 0.36 4.4
20020403 1.7 0.14 0.384 4.8
20020404 0 0.69 0.453 3.4
20020405 0.1 0.47 0.572 4.6
20020406 0 0.47 0.729 1.8
20020407 2.1 0.66 0.877 2.1
20020408 0 0.8 1.003 0.1
20020409 0 0.3 1.119 1.2
20020410 0 0.49 1.141 2.2
20020411 0 0.95 1.141 3.2
20020412 0 0.42 1.141 1.5
20020413 1.3 0.56 1.141 0.8
20020414 0.3 0 1.131 0.7
20020415 0 0.15 1.071 1.8
20020416 0 0.72 1.071 0.2
20020417 0 0.75 1.071 1.9
20020418 0 0 1.084 1.7
20020419 0 1 1.173 2.2
20020420 0.1 0.72 1.285 3.1
20020421 0 1.61 1.435 6.6
20020422 0.1 0.6 1.843 6.1
20020423 0 1.32 2.984 5.8
20020424 0.2 0.48 4.88 4.4
20020425 0.6 0.56 7.137 9.1
20020426 3.4 1.08 11.429 5.3
20020427 3.3 0.19 13.117 3.9
20020428 6.3 0.73 12.13 0.6
20020429 7.4 0.32 10.108 1.9
20020430 5.8 0.45 8.333 2.9
20020501 4.9 0.19 7.716 3.7
20020502 11.6 1.7 10.084 6.3
20020503 0 0.85 10.765 4.7
20020504 0 1.03 9.777 3.8
20020505 0 0.99 8.584 2.8
20020506 0 1.18 7.54 3.8
20020507 0 1.59 7.723 8.8
20020508 0 0.97 7.723 5
20020509 0 2.39 7.935 7.8
20020510 0 1.42 8.466 9.6
20020511 0 2.27 10.117 12.5
20020512 0 0.82 13.387 13.5
20020513 4.9 0 18.567 6.8
20020514 0 3.29 14.939 12.4
20020515 0 1.67 11.896 10.6
20020516 0.6 0.14 10.485 6.2
20020517 2.2 1.55 9.106 4
20020518 0.1 1.66 7.562 4
20020519 0 2.83 6.328 10
20020520 0 0 5.341 11.3
20020521 0 0.83 5.078 12.7
20020522 0 3.23 5.309 14.6
20020523 0 2.86 5.711 16
20020524 0.1 1.5 5.918 11.1
20020525 16.8 0 6.776 9.2
20020526 6.9 1.95 7.599 11.8
20020527 0 0 6.882 9.3
20020528 8.2 0 6.358 9.9
20020529 2.2 2.62 6.668 12.5
20020530 0 1.01 6.068 9.7
20020531 7.1 0.75 5.742 10
20020601 0.1 0.66 5.32 9.6
20020602 0.3 2.48 4.789 12.9
20020603 0 1.89 4.266 15.1
20020604 0 2.57 3.824 16.6
20020605 0 0.87 3.439 16.4
20020606 0 1.99 3.146 18.2
20020607 0 3.24 2.887 18.4
20020608 0 0.15 2.676 18.6
20020609 0 0.11 2.469 18.4
20020610 3.6 3.01 2.321 14.2
20020611 2.3 1.24 2.226 14.6
20020612 5.4 0.89 2.275 10.4
20020613 1.4 0.91 2.308 8.3
20020614 2.4 1.1 2.282 9.4
20020615 0 1.15 2.205 9.4
20020616 0.2 1.75 2.036 11.4
20020617 0.5 1.51 1.919 9.8
20020618 0.2 0.63 1.789 12.9
20020619 30.4 1.27 1.911 12.5
20020620 0.1 2.14 2.012 13.1
20020621 0.2 1.78 2.117 9.6
20020622 0.1 0.59 2.225 9.4
20020623 7 1.41 2.308 10.8
20020624 4.7 1.41 2.401 9.6
20020625 0.3 0.85 2.504 8.9
20020626 2 1.07 2.401 9.7
20020627 1.6 1.27 2.299 10.8
20020628 2.9 1.09 2.284 9.9
20020629 3.7 1.39 2.377 8.1
20020630 1.9 0.83 2.308 9.1
20020701 1.8 0.61 2.308 10.4
20020702 0.3 0.91 2.237 9.8
20020703 5.1 2.02 2.128 12.4
20020704 2 0.87 2.089 12.3
20020705 1.9 1.16 2.012 11.2
20020706 3 0.79 2.012 9.8
20020707 3 0 2.115 7.7
20020708 1.4 1.55 2.106 11.8
20020709 0.2 1.08 1.989 15.3
20020710 4.9 0.87 2.308 16.8
20020711 52.3 3.34 2.593 16.9
20020712 2.4 1.71 2.896 12.7
20020713 1.2 0.92 3.107 11.5
20020714 0 1.48 3.439 13.5
20020715 0.4 1.29 3.788 14.4
20020716 1.3 1.63 4.104 15.3
20020717 1.8 1.68 3.612 11.9
20020718 4.6 0.32 3.246 12.5
20020719 2.9 1.08 3.001 15.1
20020720 11.4 0.55 3.069 12.9
20020721 0.5 1.53 3.327 16.6
20020722 0.9 0.88 3.166 13.4
20020723 6.3 1.15 3.377 10.6
20020724 0.8 1.18 3.669 10.8
20020725 0.1 0.84 3.466 10.3
20020726 0.3 0.89 3.191 10.3
20020727 0.6 1.34 2.922 14.2
20020728 0 1.2 2.668 15.9
20020729 0.1 1.3 2.411 14.9
20020730 0.1 0.54 2.256 18.9
20020731 0 0.62 2.076 17.4
20020801 2.7 1.5 1.942 16.7
20020802 0 1.11 1.868 15.7
20020803 0 1.62 1.767 16.3
20020804 0 2.13 1.647 13.5
20020805 0 0.9 1.531 15.2
20020806 0 1.67 1.426 14.9
20020807 0 1.12 1.348 14.7
20020808 0 1.98 1.279 16.1
20020809 0.1 2.36 1.194 16.8
20020810 0 1.85 1.125 16.2
20020811 0 1.64 1.061 16.6
20020812 0 0.5 1.003 13.7
20020813 14.7 0.99 1.059 14.5
20020814 2.3 1.31 1.128 14.5
20020815 0 1.76 1.141 14.5
20020816 0 1.21 1.08 14
20020817 0.9 1.44 1.071 16.9
20020818 0 1.97 1.025 18.1
20020819 0 2.27 0.978 17.1
20020820 0 1.37 0.919 16.3
20020821 0 1.55 0.866 16.7
20020822 0 2.75 0.817 17.5
20020823 0 2.36 0.771 15.6
20020824 0 2.18 0.755 15.3
20020825 0 1.16 0.706 14
20020826 0.3 0.76 0.706 14.8
20020827 0 0.58 0.671 13.1
20020828 2 1.65 0.655 10.9
20020829 0.1 1.2 0.655 12.7
20020830 2.3 2.04 0.631 13.1
20020831 4.1 1.39 0.641 9.1
20020901 3.2 0.79 0.683 9.1
20020902 1.2 0.94 0.706 11.3
20020903 0.1 0.85 0.706 12.5
20020904 0 2.08 0.706 15.2
20020905 0.3 1.96 0.679 13.6
20020906 1.5 0.57 0.655 8.6
20020907 4.6 0 0.684 10.2
20020908 4.1 0.38 0.737 10.9
20020909 0.5 0.92 0.76 12.8
20020910 0 0.74 0.76 11.7
20020911 0 0.94 0.728 11.8
20020912 0 0.75 0.706 11
20020913 0.3 1.37 0.675 11.5
20020914 0.4 1.33 0.655 6.6
20020915 0.1 0.28 0.629 6.8
20020916 3.1 0.49 0.652 9.3
20020917 0.9 1.21 0.655 7.9
20020918 0.3 1.29 0.655 5.9
20020919 0.1 0.59 0.655 4.3
20020920 0.2 0.51 0.655 4.9
20020921 0.6 0.43 0.623 3
20020922 3.3 0.58 0.655 3.5
20020923 2 0.39 0.664 0.6
20020924 0.9 1.35 0.7 5.6
20020925 1.1 0.84 0.75 1.4
20020926 0 0.85 0.76 1
20020927 0 0.46 0.746 1.3
20020928 0.1 1.18 0.709 8
20020929 0 1.04 0.706 6.7
20020930 1.4 0.55 0.706 6.2
20021001 1.2 1.03 0.706 3
20021002 0 0.35 0.706 2.3
20021003 0 0.69 0.706 8.1
20021004 1.8 0.71 0.706 5.3
20021005 1.3 0.96 0.721 0.9
20021006 7.5 0.51 0.76 -0.8
20021007 1 0.5 0.76 -4
20021008 0 0.56 0.76 -1.7
20021009 0 0.71 0.712 -0.8
20021010 0.1 0.66 0.706 -1.9
20021011 0 0.62 0.664 -2
20021012 0 0.43 0.655 -0.1
20021013 0.1 0.77 0.655 -0.8
20021014 0.5 0.67 0.617 -0.4
20021015 0.1 0.52 0.606 -1.5
20021016 0 0.28 0.591 -4.1
20021017 0 0.41 0.559 -2.6
20021018 0.8 0.31 0.559 -7.3
20021019 0 0.73 0.528 -10.8
20021020 0 0.28 0.507 -5.1
20021021 0 0.3 0.474 -6.4
20021022 0.1 0.49 0.473 -3.3
20021023 4.8 0.2 0.521 -2.8
20021024 13.3 0.88 0.561 0.9
20021025 0.6 0.5 0.559 0.4
20021026 10.1 0.5 0.597 2.6
20021027 6.7 0.52 0.646 -0.1
20021028 0 0.5 0.654 -0.7
20021029 0.1 0.55 0.655 -0.8
20021030 0.2 0.7 0.636 -1.8
20021031 0.3 0.23 0.655 -3.3
20021101 2 0.57 0.655 -2.1
20021102 0 0.86 0.655 -12
20021103 0 0.61 0.606 -16.1
20021104 0 0.5 0.559 -18
20021105 0 0.14 0.559 -14.8
20021106 0 0.08 0.559 -2.4
20021107 5.1 0.48 0.515 -0.7
20021108 2.5 0.55 0.559 -2.2
20021109 2.8 0.58 0.559 -8.6
20021110 0 0.1 0.559 -17.3
20021111 0.6 0.22 0.515 -13.6
20021112 0.8 0.07 0.515 -17.6
20021113 0.8 0.22 0.515 -10.4
20021114 1.7 0.28 0.473 -6.6
20021115 2.5 0.27 0.473 -3.3
20021116 3.3 0.39 0.473 -5.4
20021117 0 0.29 0.473 -1.9
20021118 1.3 0.68 0.473 -3.1
20021119 0 0.59 0.473 -10.4
20021120 0 0.09 0.433 -11.5
20021121 0 0.33 0.433 -18.1
20021122 0.3 0.25 0.433 -7.6
20021123 0.3 0.25 0.433 -5.5
20021124 0 0.41 0.433 -4.7
20021125 2.3 0.21 0.433 -2.1
20021126 0.1 0.35 0.433 -3.9
20021127 0.8 0.46 0.433 -3.7
20021128 0 0 0.395 -5.8
20021129 1.4 0.4 0.395 -4.4
20021130 0.7 0.58 0.395 -7.9
20021201 0.3 0.29 0.395 -6.8
20021202 0.6 0.31 0.395 -5.8
20021203 0.2 0.3 0.395 -10.2
20021204 0.1 0.68 0.395 -1.4
20021205 0.5 0.91 0.395 -4.4
20021206 0 0.46 0.395 -6.2
20021207 0.1 0.69 0.36 -16.9
20021208 0.2 0.04 0.36 -25
20021209 0 0.21 0.36 -11.6
20021210 0 0 0.36 -10.9
20021211 0 0 0.36 -8.6
20021212 0 0.49 0.36 -1
20021213 0.1 0.65 0.395 -8.3
20021214 0.1 0.3 0.395 -14.7
20021215 0.1 0.4 0.395 -17.6
20021216 0 0.03 0.395 -21.1
20021217 0.3 0 0.395 -14.5
20021218 2.2 0.31 0.395 -3.9
20021219 0.2 0.53 0.394 0.9
20021220 0.1 0.77 0.391 -3
20021221 0.9 0.43 0.395 -7.5
20021222 1.4 0.57 0.395 -23.3
20021223 0 0.24 0.393 -17.2
20021224 0.3 0.27 0.363 -10.2
20021225 0.2 0.36 0.36 -14.9
20021226 0 0.06 0.36 -10.7
20021227 0.1 0.17 0.36 -6.4
20021228 0.2 0.4 0.36 -5.7
20021229 3.5 0.55 0.36 -10.7
20021230 1.6 0.49 0.36 -22.8
20021231 0.4 0.08 0.36 -27.8
20030101 1.4 0.23 0.36 -11.6
20030102 1.5 0.53 0.36 -29
20030103 0 0.05 0.36 -31.2
20030104 0 0 0.329 -31.7
20030105 0.8 0.12 0.327 -18
20030106 0.3 0 0.327 -15.6
20030107 1.4 0.42 0.327 -0.8
20030108 0.1 0.38 0.327 -0.4
20030109 1.1 0.72 0.327 -3.7
20030110 1.2 0.33 0.327 -8.9
20030111 0.5 0 0.327 -1.7
20030112 1.3 0.47 0.327 -2.2
20030113 0.1 0.59 0.327 -4.4
20030114 2.9 0.46 0.327 -0.4
20030115 1.2 0.62 0.327 0
20030116 0.3 0.62 0.327 -4.6
20030117 0.1 0.23 0.327 1.5
20030118 0.4 1.13 0.327 0.8
20030119 0.2 0.76 0.327 -5.8
20030120 5.6 0 0.36 -7.7
20030121 7.9 0.28 0.36 0.7
20030122 1.2 0.58 0.354 -1.6
20030123 1.2 0.37 0.349 -6.7
20030124 0.1 0 0.331 -5.2
20030125 0.4 0.11 0.327 -1.7
20030126 9.3 0.14 0.329 -2.8
20030127 2.7 0.51 0.327 -2.4
20030128 0.5 0.33 0.327 -7.3
20030129 1.8 0.51 0.327 -8.4
20030130 0.2 0.14 0.327 -25.3
20030131 0 0.06 0.327 -29
20030201 0 0.14 0.327 -17.6
20030202 0.3 0.04 0.327 -3.8
20030203 2.3 0.51 0.327 -3.7
20030204 12.5 0.47 0.327 -6.2
20030205 2.7 0.37 0.327 -13.2
20030206 0.3 0.19 0.327 -15.6
20030207 1.4 0.17 0.327 -12.3
20030208 0.3 0 0.327 -1.1
20030209 0.2 1.25 0.327 2.4
20030210 0.4 0.88 0.297 -1.6
20030211 1 0.07 0.295 -4.9
20030212 0 0.75 0.295 -4.3
20030213 0 0.28 0.295 -11.3
20030214 0 0.14 0.295 -6
20030215 0 0.62 0.295 -8
20030216 0 0.28 0.279 -11
20030217 0 0.07 0.266 -17.5
20030218 0 0.33 0.266 -12.8
20030219 0 0.42 0.266 -13.8
20030220 0 0.46 0.266 -15.9
20030221 0 0.52 0.266 -12.9
20030222 0 0.41 0.266 -14
20030223 0 0.3 0.266 -14.9
20030224 0 0.26 0.266 -14.3
20030225 0 0.04 0.252 -12
20030226 0 0.23 0.239 -9.4
20030227 0 0.21 0.239 -12.8
20030228 0 0.32 0.239 -15.5
20030301 0 0.17 0.239 -15.6
20030302 0.1 0.4 0.239 -12.4
20030303 0.1 0.1 0.239 -10.4
20030304 0 0.29 0.239 -10.3
20030305 0.2 0.26 0.232 -6.4
20030306 0.1 0.73 0.226 -2.3
20030307 1.8 0.45 0.215 -2.2
20030308 0.1 0.7 0.217 0.1
20030309 0.8 0.78 0.213 -0.8
20030310 1.2 0.68 0.213 3
20030311 0.2 0.47 0.213 0.4
20030312 0.2 1.03 0.224 -2.9
20030313 0.4 1.16 0.213 0.8
20030314 0 0.05 0.213 -6.3
20030315 0 0.83 0.213 0
20030316 0 0 0.214 -3.5
20030317 0 0.45 0.221 2.4
20030318 0 0.83 0.215 2.6
20030319 0 0.89 0.213 0.1
20030320 0.1 0.75 0.213 -3.7
20030321 0 0.29 0.213 -5
20030322 0 1.2 0.213 4.3
20030323 0 0.74 0.213 4
20030324 0 1.27 0.213 1.5
20030325 0 0.64 0.213 2.5
20030326 0 0.53 0.213 1.5
20030327 0 1 0.213 3.1
20030328 0 1.11 0.213 1.3
20030329 0 1.07 0.214 4.1
20030330 0.1 1.08 0.235 -0.4
20030331 0.2 0.83 0.239 -1.9
20030401 1.2 0.56 0.239 0.4
20030402 3 0.58 0.239 -0.3
20030403 0.2 0.65 0.239 -3.2
20030404 1.3 1.56 0.239 -0.9
20030405 3.3 0.67 0.239 -4.9
20030406 0.9 0.75 0.239 -4.4
20030407 0.1 0.28 0.239 -7
20030408 0 0.45 0.239 -6.5
20030409 0 0.38 0.239 -2.5
20030410 0 0.54 0.235 -4.6
20030411 1 0.45 0.238 -3.2
20030412 0.7 1 0.239 -1.6
20030413 0 0.44 0.239 -1.4
20030414 0 1.33 0.231 -0.8
20030415 0 1.19 0.213 3.5
20030416 0 0.5 0.219 6.4
20030417 0 1.22 0.239 6.3
20030418 0 1.64 0.266 6.6
20030419 0 1.58 0.327 7.4
20030420 0 1.69 0.36 6.7
20030421 0 1.88 0.433 7.9
20030422 0 1.04 0.485 5
20030423 0 0.88 0.655 0.6
20030424 0 0.87 0.877 1.4
20030425 0 0.69 1.141 1.1
20030426 0 0.48 1.439 0
20030427 2.9 0.62 1.643 0.7
20030428 2.4 0.33 1.717 1.8
20030429 2.4 0.37 1.743 1.8
20030430 5.9 0.48 1.812 2
20030501 0.5 0.73 1.812 1.1
20030502 1 1.01 1.911 -0.6
20030503 0.3 0.63 1.847 -2.1
20030504 0 0.46 1.763 2.3
20030505 3.5 0.23 1.758 5.8
20030506 2.8 1.27 2.511 6.3
20030507 0.7 1.12 3.956 3.6
20030508 0 0.76 4.771 2.5
20030509 0.4 1.83 5.226 6
20030510 0 0.79 5.754 3.4
20030511 0 1.66 5.954 5.3
20030512 0.9 1.87 6.069 7.1
20030513 4.5 1.83 7.956 7.7
20030514 6.5 2.22 10.515 5.8
20030515 0.5 1.33 11.146 2.4
20030516 0.1 0.43 9.402 1.9
20030517 0.1 3.45 7.544 8.2
20030518 0 1.49 6.444 8.6
20030519 0 1.58 6.319 9.7
20030520 1.1 0.95 7.016 8.8
20030521 0.4 0.88 7.894 7.6
20030522 2.1 0.52 8.961 6
20030523 0.8 1.74 9.175 9.6
20030524 1.3 1.2 8.941 8.1
20030525 3.6 0.68 8.915 9.8
20030526 9.2 1.49 10.979 8.4
20030527 1.5 2.1 12.685 7.1
20030528 0.2 1.31 10.073 7.7
20030529 0 1.03 8.813 10.1
20030530 1.7 2.01 7.66 8.8
20030531 0 1.12 6.901 4.4
20030601 0 3 6.123 10.3
20030602 0 1.04 5.346 14.3
20030603 0 3.64 5.086 16.9
20030604 0 0.96 5.226 16
20030605 0 1.12 5.664 11.4
20030606 9.9 1.53 6.581 10.4
20030607 0.1 0.72 9.761 9.6
20030608 0.2 2.02 11.174 11.2
20030609 7.1 1.01 10.155 9.4
20030610 2.5 2.43 7.741 7.5
20030611 0 0.64 5.718 10
20030612 1.2 1.35 5.208 10.5
20030613 11 1.32 5.905 7
20030614 0.1 1.43 5.934 5.6
20030615 0 1.43 5.205 5.5
20030616 0 1.25 4.502 5.7
20030617 0 1.44 3.942 9
20030618 0 0.81 3.541 14
20030619 3.1 1.28 3.367 10.6
20030620 12.1 0.98 3.92 8.3
20030621 3.4 0.68 4.818 10.2
20030622 1.4 1.27 5.664 10.8
20030623 1.8 1.43 6.581 10.2
20030624 12.2 1.55 6.113 9.8
20030625 6.4 0.6 5.518 10.2
20030626 0.5 0.79 5.27 14.2
20030627 0 1.52 4.293 15.3
20030628 0 1.82 3.681 16
20030629 0 2 3.338 12.4
20030630 0.1 1.43 3.118 11.2
20030701 0.7 1.11 3.118 12.6
20030702 2.3 0.46 3.118 12.1
20030703 7.9 0.98 3.184 15.4
20030704 0.6 1.51 3.313 14
20030705 2 1.66 3.18 8.8
20030706 0 1.56 2.953 10.6
20030707 0 0.79 2.702 11.1
20030708 6.3 0.84 2.702 12.8
20030709 17.3 0.89 3.011 10.8
20030710 2.1 0.98 3.338 13.2
20030711 0 1.77 3.565 13.7
20030712 6.4 1.11 4.043 10.6
20030713 1.9 1.4 4.421 12.3
20030714 0 1.99 3.92 17.3
20030715 0 0.64 3.437 17.7
20030716 0 0.85 3.03 19.9
20030717 0 1 2.711 19.5
20030718 0 2.6 2.461 18.7
20030719 1.2 1.14 2.242 18.5
20030720 0 2.01 2.017 19.1
20030721 0 1.97 1.872 18.4
20030722 2.9 2.53 1.798 16.5
20030723 0 1.94 1.673 15.3
20030724 0.6 1.77 1.602 16.2
20030725 0.3 1.29 1.511 15
20030726 3 1.96 1.484 16.4
20030727 0 2.22 1.452 17.1
20030728 1.6 1.21 1.427 13.7
20030729 1.7 2.52 1.537 14.8
20030730 0 3.54 1.717 16.5
20030731 0 2.34 1.626 17.8
20030801 0 3.3 1.452 16
20030802 2 1.42 1.291 15.3
20030803 3.5 2.14 1.141 14.3
20030804 0 1.77 1.141 10
20030805 0.8 1.12 1.071 11
20030806 0.2 1.4 1.019 10.2
20030807 0.1 0.64 1.004 12.5
20030808 0 1.56 0.956 13
20030809 0 2.19 0.919 11.9
20030810 0 1.94 0.877 18
20030811 7.8 0.78 0.891 13.8
20030812 46.5 1.6 2.645 13.7
20030813 2.2 0.63 4.466 10.2
20030814 28.5 0.97 9.185 11.3
20030815 11.8 1.03 13.898 12.4
20030816 5.3 0.92 10.966 12.7
20030817 0.6 1.22 8.813 12.7
20030818 0.5 1.35 6.727 13.8
20030819 0.7 1.5 5.479 13
20030820 7.3 0.59 4.997 10.4
20030821 2.9 1.39 4.72 11.2
20030822 0 0.34 4.329 11.2
20030823 9 0.81 4.288 12.2
20030824 5.7 1.42 4.698 11.3
20030825 0.4 0.83 4.776 9.6
20030826 1 1.41 4.514 6.5
20030827 7.4 0.64 4.421 6.6
20030828 1.4 0.85 4.421 7
20030829 0.9 0.73 4.246 7.7
20030830 0.2 1.12 4.017 6.5
20030831 0.2 1.08 3.756 5.1
20030901 0.3 0.79 3.455 4.1
20030902 0.2 0.27 3.2 5.1
20030903 0.1 0.47 2.99 9.9
20030904 0.1 0.63 2.837 9.8
20030905 0 1.37 2.603 12.8
20030906 0 1.14 2.53 8.8
20030907 0 1.37 2.381 12.4
20030908 2 0.73 2.28 10.6
20030909 0.8 1.75 2.225 11.3
20030910 0 1.81 2.178 12
20030911 0 1.29 2.067 6.3
20030912 0 0.94 1.963 7.5
20030913 0.5 1.44 1.911 8.5
20030914 0 1.18 1.812 13.2
20030915 1.3 1.5 1.724 9.7
20030916 0.8 1.63 1.635 8.1
20030917 0.1 0.51 1.626 5.3
20030918 1.9 1.69 1.626 11.9
20030919 0.7 1.73 1.626 4.8
20030920 0.3 1.08 1.626 2
20030921 6.2 0.89 1.626 8.3
20030922 2.3 0.8 1.717 7.7
20030923 30.8 1.63 1.717 1.7
20030924 2.8 0.81 1.717 2
20030925 0.1 0.49 1.812 4.7
20030926 1.5 0.55 2.012 6.9
20030927 14.8 1.43 2.317 2.6
20030928 0.1 0.7 2.702 0.6
20030929 0 0.61 3.118 1.7
20030930 0.1 0.3 3.681 1.9
20031001 0.3 0.55 4.212 3.1
20031002 0.3 0.68 3.843 2.7
20031003 2.9 0.94 3.591 6.5
20031004 2.1 1.1 3.519 2.1
20031005 0.1 0.64 3.324 1.7
20031006 0.6 1.03 3.114 2.4
20031007 0 0.76 2.898 2.6
20031008 0 0.61 2.738 0.8
20031009 0.5 0.97 2.607 2.3
20031010 0.1 0.67 2.48 2.2
20031011 0.6 0.6 2.385 3.3
20031012 0.2 0.9 2.307 2.1
20031013 0.3 0.75 2.229 -0.3
20031014 0 0.35 2.109 -2.7
20031015 0 0.97 2.012 0.1
20031016 0 0.63 1.934 -0.1
20031017 0 0.52 1.884 2.3
20031018 0 1.37 1.812 -0.4
20031019 0 0.84 1.767 -1.6
20031020 0.4 0.6 1.717 -3.7
20031021 7.5 0.51 1.662 -7.4
20031022 1.9 0.21 1.602 -11.5
20031023 0 0.18 1.489 -8.1
20031024 0 0.23 1.452 0.4
20031025 1.6 0.71 1.452 -3
20031026 0.2 0.44 1.452 -4.7
20031027 2 0.2 1.452 0.8
20031028 1 1.09 1.489 2.4
20031029 0.3 0.67 1.452 -4.5
20031030 0.6 0.44 1.537 -2.1
20031031 0 0.01 1.537 -2.9
20031101 3.7 0.24 1.47 0.1
20031102 15.5 0.18 1.527 0.1
20031103 1.8 0.74 1.467 2.5
20031104 3.4 0.43 1.452 -1.8
20031105 0 0.39 1.452 1.7
20031106 0 0.95 1.435 3.4
20031107 0 0.52 1.489 -1.2
20031108 0 0.76 1.537 -7.1
20031109 0 0.38 1.457 -6.6
20031110 0 0.19 1.403 -3.6
20031111 0.1 0.39 1.348 -1.9
20031112 0 0.75 1.291 -3.9
20031113 0 0.32 1.209 -7.2
20031114 0 0.34 1.141 -3.4
20031115 0.1 0.36 1.141 -1.2
20031116 0.3 0.25 1.081 -5.7
20031117 0.2 0.33 1.071 -1.4
20031118 0.1 0.09 1.055 -4
20031119 1.6 0.37 1.004 -2.7
20031120 1.9 0.67 1.004 -2.3
20031121 0.2 0.07 1.004 -2.1
20031122 0.3 0.26 0.991 -4.2
20031123 0.2 0.35 0.939 -3.4
20031124 2.6 0.53 0.939 -7.7
20031125 0 0.29 0.906 -5.5
20031126 0.7 0.36 0.877 -0.3
20031127 2.7 0.38 0.877 0.9
20031128 4.4 0.54 0.877 -5
20031129 0 0.01 0.877 -3.7
20031130 1.7 0.62 0.877 1.6
20031201 6.7 0.52 0.877 0.4
20031202 0.4 0.5 0.877 -3.6
20031203 0.5 0.27 0.877 -4.4
20031204 1.1 0.7 0.877 2.3
20031205 0.7 1.14 0.877 -2.5
20031206 6.5 0.33 0.876 -4.2
20031207 0.2 0.39 0.866 2.2
20031208 0.1 0.52 0.877 0.3
20031209 0.4 0.65 0.853 -5.5
20031210 0 0.21 0.817 -3.9
20031211 2.5 0.96 0.849 -5.8
20031212 0.6 0.25 0.817 -6
20031213 1.6 0.2 0.817 -3.4
20031214 4.8 0.57 0.831 -3.7
20031215 6.4 0.33 0.867 -2.6
20031216 8.5 0.32 0.877 -7
20031217 1.6 0.28 0.877 2
20031218 0 0.82 0.862 4.2
20031219 0 0.33 0.877 -1.4
20031220 0.3 0.6 0.877 -11.9
20031221 0.1 0.23 0.877 -10.4
20031222 0.1 0 0.817 -16.9
20031223 0.7 0.53 0.817 -11.3
20031224 2.8 0 0.764 -1
20031225 0.1 0.92 0.76 -9.4
20031226 0.4 0.41 0.76 -13.8
20031227 7.8 0.37 0.75 -1.5
20031228 4.2 0.68 0.722 -7.8
20031229 0.3 0.37 0.706 -28.2
20031230 0.3 0 0.706 -17.8
20031231 0 0.59 0.706 -15.4
20040101 0 0.11 0.706 -11.4
20040102 0.7 0.17 0.706 -20.6
20040103 0.2 0.04 0.655 -8.6
20040104 2.9 0.35 0.655 -9.6
20040105 0.3 0.26 0.655 -10.7
20040106 1.3 0 0.655 -3.7
20040107 1.7 0.6 0.606 -8.9
20040108 0 0.25 0.597 -16.7
20040109 0.8 0 0.606 -4.9
20040110 0.2 0.32 0.559 -9.7
20040111 1.3 0.14 0.559 -3.2
20040112 4 0.49 0.559 -4.2
20040113 0.4 0.06 0.559 -6.5
20040114 1.5 0.35 0.559 -9.4
20040115 0 0.14 0.541 -12.2
20040116 0 0.47 0.515 -15.7
20040117 0 0 0.515 -19.9
20040118 0.2 0.49 0.515 -8.8
20040119 0.3 0.55 0.515 -14
20040120 0.2 0.1 0.507 -13.1
20040121 0.4 0.15 0.473 -30.9
20040122 0 0 0.473 -17.4
20040123 0.2 0.18 0.473 -17.6
20040124 0 0 0.473 -5
20040125 0.8 0.82 0.473 -6.5
20040126 0.3 0.02 0.433 -10.2
20040127 0.1 0.48 0.433 -12.8
20040128 4.2 0.06 0.433 -12.6
20040129 4.7 0.38 0.433 -10.7
20040130 2.4 0.08 0.433 -8.7
20040131 2.8 0.4 0.433 -14
20040201 0.5 0.27 0.433 -13.6
20040202 0.2 0 0.433 -7.5
20040203 1 0 0.433 -2.6
20040204 1.7 0.55 0.433 2.8
20040205 0.1 0.62 0.433 -1.4
20040206 0 0.77 0.433 -5.9
20040207 0.3 0.17 0.433 -7.2
20040208 1.5 0.24 0.433 -7.7
20040209 2 0.51 0.433 -6.7
20040210 3.3 0.47 0.433 -6.5
20040211 2.4 0.14 0.433 -21.6
20040212 4.5 0 0.433 -0.6
20040213 0.3 0.15 0.433 -0.6
20040214 0.1 0.95 0.433 0.1
20040215 0 0.45 0.433 2.7
20040216 0.1 0.62 0.433 1.2
20040217 1.7 0.49 0.433 -0.2
20040218 2.8 0.54 0.433 -1.3
20040219 0.1 0.6 0.433 1
20040220 0 0.98 0.405 0.8
20040221 0 0.37 0.395 -4.9
20040222 0.3 0.53 0.405 -6
20040223 0.1 0.59 0.395 -5.4
20040224 0.2 0.56 0.395 -4.5
20040225 0.1 0.6 0.395 -4.4
20040226 2.1 0.5 0.395 -6.1
20040227 0.3 0.33 0.395 -14.2
20040228 0.1 0.4 0.395 -15.3
20040229 0.1 0 0.395 -14.5
20040301 0.1 0.38 0.395 1.3
20040302 0 1.53 0.383 -3.6
20040303 0.1 0.32 0.36 -15.7
20040304 0 0.54 0.36 -14.1
20040305 0 0.17 0.36 -17.2
20040306 0 0.45 0.36 -6.1
20040307 0 0.63 0.36 -2.9
20040308 1 0.55 0.36 -0.9
20040309 0.8 0.77 0.36 -0.2
20040310 0 0.62 0.36 -0.3
20040311 0.1 0.92 0.36 -4.8
20040312 0 0.31 0.36 -8.4
20040313 0.1 0.54 0.36 -5
20040314 1.1 0.36 0.36 -1.1
20040315 1.8 0.7 0.36 2.8
20040316 0 0.76 0.36 2.2
20040317 2.6 1.24 0.36 4.8
20040318 0 0.93 0.36 2.7
20040319 0 1.03 0.36 1.3
20040320 3.1 0.7 0.36 -0.7
20040321 1.3 0.43 0.36 -2
20040322 0.7 0.55 0.36 -2.8
20040323 1.4 0.65 0.36 -3.9
20040324 0.3 0.75 0.36 -4.4
20040325 0.1 0.57 0.36 -5.3
20040326 0.1 0 0.36 -7.1
20040327 1.4 1.75 0.36 0.1
20040328 0.1 1.15 0.36 -0.8
20040329 0 1.61 0.36 1.5
20040330 0 0.84 0.36 3.8
20040331 0 1.29 0.36 3.2
20040401 0 0.86 0.36 1.1
20040402 0 1.98 0.36 0.7
20040403 0 1.32 0.36 0.1
20040404 0.1 0.85 0.36 2.1
20040405 2.4 1.16 0.36 2.7
20040406 0.5 0.93 0.36 0.3
20040407 0 0.56 0.36 0
20040408 0.3 0.81 0.36 -0.8
20040409 0 1.82 0.36 0.1
20040410 0.7 0.89 0.36 -0.3
20040411 0.2 1.26 0.395 -2.1
20040412 0.1 0.65 0.395 -1.5
20040413 0 0.81 0.395 2.1
20040414 0 1.4 0.433 5
20040415 0.1 0.87 0.433 4.8
20040416 0 0.9 0.473 4
20040417 0 1.92 0.706 6.9
20040418 0.3 1.5 1.214 6.9
20040419 0 2.05 1.812 7.6
20040420 0 1.55 2.96 7
20040421 1.1 0.98 4.818 4.8
20040422 1.9 1.35 5.773 5.3
20040423 1.5 0.7 7.047 4.1
20040424 0 1.08 8.353 4.8
20040425 1.1 0.47 9.221 4.1
20040426 5.7 0.8 9.734 5
20040427 0.4 1.08 10.155 4.3
20040428 0.5 1.06 9.957 5.7
20040429 0.1 1.24 9.669 7
20040430 0 1.3 9.397 5.9
20040501 0 2.21 8.999 5.8
20040502 0 2.04 8.164 8.4
20040503 0 2.56 8.833 10.7
20040504 0 1.15 10.67 6
20040505 1 1.24 11.391 10.2
20040506 3.2 2.71 15.229 15
20040507 0 2.37 17.879 13.8
20040508 1.7 2.57 15.364 13.5
20040509 0.8 1.98 13.363 12.3
20040510 2.2 1.99 11.594 5.3
20040511 0 1.32 10.042 2.7
20040512 0 1.93 7.876 2.3
20040513 0 0.99 6.291 2.5
20040514 1.5 0.83 5.357 4
20040515 7.3 1.44 4.997 4.1
20040516 1 0.38 4.912 4
20040517 2.6 1.48 4.731 8.9
20040518 1.8 1.96 4.776 7
20040519 1 1.37 4.81 3.6
20040520 2.8 1.11 4.574 1.4
20040521 0.3 0.62 4.168 0.4
20040522 1 1.19 3.778 1.6
20040523 0.8 1.89 3.439 3.2
20040524 0.1 1.37 3.156 5.6
20040525 3 1.07 3.075 4.4
20040526 0 1.53 2.974 5.7
20040527 0 1.3 2.857 5.9
20040528 0.5 2.41 2.755 6.4
20040529 0.1 1.98 2.676 4.5
20040530 0 1.78 2.573 7.6
20040531 0 2.39 2.453 10
20040601 0 3.43 2.317 10.3
20040602 0 2.51 2.225 12
20040603 0 1.82 2.159 12.8
20040604 0 1.12 2.117 11.3
20040605 5.1 1.06 2.205 8.9
20040606 0.1 1.7 2.225 6.9
20040607 4.1 0.37 2.329 5.3
20040608 5.9 2.37 2.539 8.7
20040609 0 2.03 2.597 10.3
20040610 0.3 1.88 2.508 8.5
20040611 4.4 1.21 2.655 7
20040612 0 1.62 2.647 7.5
20040613 0 1.09 2.54 8.1
20040614 1.8 2.52 2.375 9
20040615 0.2 1.43 2.261 4.1
20040616 1 1.43 2.117 4.9
20040617 0.9 1.45 2.117 6
20040618 0.1 0.71 2.012 5.2
20040619 4.7 1.78 2.117 9.1
20040620 1.8 0.81 2.225 7.9
20040621 8.4 1.17 2.41 8.2
20040622 5.2 0.5 2.702 8.2
20040623 2.6 1.31 2.803 9.2
20040624 1.5 1.65 3.227 9.5
20040625 9.2 0.8 3.955 10.5
20040626 5.8 1.21 4.379 10.5
20040627 0.3 1.76 4.162 13.6
20040628 6.7 1.55 3.92 12
20040629 13.6 0.99 3.681 7.5
20040630 3.9 1.16 3.45 10
20040701 0.1 1.34 3.8 10.4
20040702 1.4 1.55 4.167 11.8
20040703 3.5 1.18 3.92 11.7
20040704 0.2 1.25 3.681 10.8
20040705 0.2 0.74 3.45 8.9
20040706 6.4 1.09 3.227 7.8
20040707 0.2 1.37 3.118 8.4
20040708 0 0.95 3.011 8.7
20040709 0 1.08 2.803 12.9
20040710 0 1.82 2.668 14.6
20040711 0 2.15 2.427 11.6
20040712 0.2 1.95 2.251 9
20040713 0.3 1.56 2.062 8.1
20040714 0.5 1 1.959 7.4
20040715 1.6 0.96 1.963 8.5
20040716 3.2 1.15 2.012 9.8
20040717 0.5 0.96 1.955 11.9
20040718 1.2 1.45 1.859 12.1
20040719 10.4 1.62 1.882 12.6
20040720 4.1 1.3 2.012 11.5
20040721 0.4 1.93 2.012 13.8
20040722 0 1.27 1.903 11.9
20040723 0.1 2.72 1.802 15.9
20040724 0.4 1.33 1.743 12.8
20040725 14.6 2.48 2 11.8
20040726 1.6 1.03 2.223 10.6
20040727 0.1 1.07 2.225 12.2
20040728 0.8 1.51 2.153 13.8
20040729 0 1.4 1.968 15.3
20040730 0 1.02 1.911 16.1
20040731 0 1.09 1.717 16.1
20040801 0 1.56 1.5 17.6
20040802 0 1.76 1.399 16.8
20040803 0 1.14 1.291 14.3
20040804 0.1 1.22 1.229 17.4
20040805 19.4 2.3 1.4 18.2
20040806 0.3 1.87 1.587 18.7
20040807 0 1.97 1.539 18.6
20040808 0 1.52 1.482 17.7
20040809 0 2.34 1.399 19.3
20040810 0 2.3 1.278 18.7
20040811 0 2.03 1.179 15.5
20040812 0 1.61 1.099 11.5
20040813 0 1.56 1.005 12
20040814 0 1.44 0.953 9.8
20040815 0 1.58 0.883 10.7
20040816 0.2 0.67 0.854 6.8
20040817 10.3 0.77 0.877 9.5
20040818 3.2 0.76 0.983 11.3
20040819 8.7 0.57 1.278 11.9
20040820 31.1 1.43 2.787 14.3
20040821 0.3 1.63 3.336 10.5
20040822 6.6 0.93 3.565 5.9
20040823 1 1.01 3.118 6.9
20040824 0.2 0.95 2.879 7.7
20040825 0.2 1.24 2.616 7.8
20040826 0 2.28 2.374 10.7
20040827 0.6 0.72 2.178 9.1
20040828 4.7 1.76 2.117 11.3
20040829 1.9 1.27 2.187 9.5
20040830 0 1.39 2.906 11.5
20040831 6.5 0.51 4.293 9.8
20040901 15.6 1.09 4.043 10.7
20040902 5.7 0.67 3.8 9.3
20040903 0 2.28 3.565 10.1
20040904 0 1.03 3.253 12.1
20040905 0 1.5 2.913 12.7
20040906 0 1.68 2.651 7.2
20040907 0 1.22 2.472 5.6
20040908 3.6 0.87 2.317 7.5
20040909 0.2 1.47 2.225 8.2
20040910 0 0.49 2.117 6.2
20040911 0 1.49 2.045 10.4
20040912 0.4 0.92 1.921 9.2
20040913 2.5 0.16 1.941 5.7
20040914 14.5 0.92 2.409 6.4
20040915 2.7 0.83 2.732 3
20040916 3.5 1.52 2.803 4.1
20040917 0.7 0.32 2.872 6.5
20040918 4.2 0.32 3.098 7.6
20040919 3.6 1.19 3.118 6.8
20040920 0.5 0.3 3.018 7.8
20040921 9.1 0.93 3.159 8.5
20040922 14.8 1.16 4.421 6.4
20040923 5.7 1.15 5.374 7.6
20040924 1.5 0.79 6.506 7.1
20040925 2.6 1.06 5.956 5.2
20040926 1.2 0.98 5.664 6.4
20040927 6.6 1.36 5.232 7.1
20040928 2 1.18 4.946 6.6
20040929 0.4 1 4.665 6.7
20040930 0.2 0.77 4.258 3.6
20041001 0.1 0.98 3.92 4
20041002 0 1.5 3.543 6.2
20041003 2.2 0.99 3.28 6.8
20041004 2.4 0.78 3.357 7
20041005 8.5 1 3.776 4.6
20041006 1.2 1.3 4.159 6
20041007 2.1 0.46 4.012 3.2
20041008 0.3 0.87 3.771 1.6
20041009 0.1 0.64 3.491 2
20041010 0.5 0.93 3.25 0.6
20041011 0 0.13 3.056 -2.6
20041012 0.1 0.76 2.857 -0.4
20041013 0.1 0.75 2.678 -0.5
20041014 0 0.53 2.491 2.2
20041015 0 1.02 2.41 3
20041016 0.1 0.54 2.317 3.7
20041017 0.2 0.74 2.258 3.7
20041018 0.6 0.43 2.225 1.8
20041019 2.4 0.45 2.225 3
20041020 1.2 0.9 2.225 3.3
20041021 2.3 0.5 2.242 2.2
20041022 4.7 0.94 2.255 3.4
20041023 0 0.19 2.225 -1.5
20041024 0.3 0.45 2.213 -1.3
20041025 0.1 0.06 2.076 -0.6
20041026 4.8 0.83 2.005 0.9
20041027 0 0.53 1.851 -2.6
20041028 0.1 0.59 1.747 -4.2
20041029 0 0.35 1.647 -0.7
20041030 0 0.76 1.617 0.5
20041031 0 0.55 1.626 0.1
20041101 0.6 0.7 1.626 1.5
20041102 0 0.67 1.626 -0.3
20041103 0.1 0.06 1.626 -4.5
20041104 0.1 0.68 1.626 4.5
20041105 12.6 1.57 1.626 1.6
20041106 5.6 0.46 1.537 2.6
20041107 0.1 0.13 1.537 -2.2
20041108 1.5 0.23 1.537 0.3
20041109 0 0.28 1.537 1.3
20041110 0 0.56 1.537 -0.5
20041111 0.3 0.57 1.537 2.3
20041112 6.9 1.01 1.55 -0.8
20041113 6.3 0.46 1.641 -0.9
20041114 3.1 0.31 1.626 -1.6
20041115 5.1 0.82 1.537 -0.9
20041116 1.3 0.56 1.537 -4.1
20041117 0.6 0.23 1.479 -8
20041118 8.5 0.42 1.452 -8.6
20041119 0.8 0.03 1.423 -6.9
20041120 0.3 0.32 1.37 -5.4
20041121 1.4 0.42 1.37 -10.8
20041122 0.1 0 1.297 -15.4
20041123 5.8 0 1.305 -7.7
20041124 0.1 0 1.291 -6.6
20041125 6.7 0.88 1.291 -3.1
20041126 3.2 0.37 1.291 -9.5
20041127 3.7 0.27 1.232 -7.8
20041128 3.2 0.35 1.214 -7.1
20041129 0.2 0.02 1.201 -14.5
20041130 0 0 1.141 -2.8
20041201 0 0.74 1.141 -6.1
20041202 0 0.19 1.075 -14.9
20041203 0 0.19 1.039 -10
20041204 0.1 0.28 1.004 -4.2
20041205 1 0.19 1.036 1
20041206 3.3 0.23 1.119 -1.3
20041207 0.1 0.68 1.136 1.2
20041208 0.1 0.7 1.113 -0.1
20041209 0.1 0.33 1.088 -3.4
20041210 0 0.43 1.029 -7.1
20041211 0 0 1.004 -6.5
20041212 0 0.2 1.004 1.6
20041213 0.8 1.09 0.967 -4.3
20041214 0.4 0.03 0.96 1.5
20041215 2.6 0.84 0.939 -3.2
20041216 0 0 0.939 0.7
20041217 2.6 1.09 0.939 -1.5
20041218 1.9 0.4 0.922 -4.8
20041219 0.1 0.34 0.877 -8.2
20041220 0.9 0.5 0.877 -8.2
20041221 0 0.33 0.836 -26
20041222 1.6 0.2 0.822 -1.2
20041223 1.1 0.34 0.817 -4.2
20041224 4 0.59 0.817 -14.8
20041225 0 0.34 0.79 -22
20041226 0 0.13 0.76 -27.7
20041227 0 0 0.725 -19.8
20041228 0 0.17 0.711 0.4
20041229 2 0.3 0.706 -8.3
20041230 0.1 0.71 0.68 0.1
20041231 0 0.81 0.66 -2.3
20050101 0 0.55 0.655 -7.9
20050102 8.4 0.86 0.676 -3.7
20050103 6.5 0.24 0.694 -3.1
20050104 2.2 0 0.676 -6.8
20050105 2 0.65 0.685 -15.8
20050106 0.1 0.58 0.66 -8.8
20050107 0.3 0.39 0.655 1.1
20050108 0.2 0.18 0.665 -2.5
20050109 11 0.93 0.671 -7.5
20050110 4.4 0.19 0.661 1.6
20050111 1.1 0.94 0.655 -4.1
20050112 1.4 0.25 0.655 1.1
20050113 1.6 1.03 0.655 0.1
20050114 0.6 0.71 0.648 -4.4
20050115 0.3 0.14 0.621 -8.4
20050116 3 0.24 0.621 -0.8
20050117 0.1 0.48 0.612 3.2
20050118 0.9 0.61 0.606 0.8
20050119 12.4 0.96 0.654 -9
20050120 1.5 0 0.645 -4.3
20050121 2.8 0.28 0.655 -5.4
20050122 1.9 0.43 0.655 -3.9
20050123 0.4 0.35 0.606 -6.7
20050124 0.3 0.24 0.603 -4.5
20050125 0.1 0.41 0.559 -17.4
20050126 1.8 0.06 0.559 -2.2
20050127 2.7 0.37 0.559 0.5
20050128 1.5 0.43 0.606 0.7
20050129 4.4 0.72 0.606 -1.3
20050130 0.1 1.28 0.606 2.8
20050131 3.5 0.47 0.606 -2.3
20050201 9.5 0.4 0.627 -2.2
20050202 3 0.53 0.616 0.9
20050203 0.3 1.04 0.58 -1.7
20050204 0 0.28 0.559 -2.6
20050205 7 0.49 0.559 0.6
20050206 1.2 0.45 0.559 -2.4
20050207 0 0.6 0.559 -10.9
20050208 0.3 0.35 0.527 -5.1
20050209 1 0.61 0.538 -3.6
20050210 6.3 0.75 0.607 -2
20050211 2.7 0.52 0.636 -3.8
20050212 0 0.63 0.606 -9.4
20050213 0 0 0.564 -9.9
20050214 0.3 0.46 0.558 -9.8
20050215 0.1 0.5 0.515 -19.2
20050216 0 0.01 0.515 -16.8
20050217 0 0.47 0.493 -9.4
20050218 0.5 0.31 0.474 -5
20050219 0.6 0.3 0.473 -2.5
20050220 0.5 0.43 0.473 -3.4
20050221 0.5 0.85 0.473 -7.3
20050222 0.1 0.52 0.473 -16
20050223 0.2 0.44 0.473 -22.9
20050224 0 0.42 0.433 -23.2
20050225 0.2 0.07 0.433 -6.2
20050226 0.3 0.77 0.433 -10.7
20050227 0.2 0 0.433 -9.9
20050228 3.8 0.8 0.433 -7.7
20050301 3.7 0.43 0.433 -17
20050302 0 0.48 0.433 -27.3
20050303 0.1 0.19 0.402 -14.1
20050304 0.1 0 0.395 -6.6
20050305 0.1 0.68 0.395 -11
20050306 0 0 0.395 -2
20050307 0.1 0.81 0.395 0.9
20050308 0.2 0.91 0.395 -2.9
20050309 0.3 0.38 0.389 -2.7
20050310 0.7 0.76 0.363 0
20050311 3 0.9 0.384 -2.7
20050312 7 0.3 0.395 -16.3
20050313 0 0.09 0.395 -17.6
20050314 0.4 0.39 0.395 -10.8
20050315 1 0.84 0.39 -9.8
20050316 0.5 0.02 0.362 -8.8
20050317 4.5 0.63 0.395 -4.4
20050318 0.2 0.68 0.395 -8.6
20050319 0.1 0.29 0.369 -15
20050320 0.1 0.16 0.36 -8.9
20050321 0.3 0.41 0.36 -1.6
20050322 0 1.15 0.36 3.4
20050323 0 1.11 0.36 1.7
20050324 0 1.26 0.36 3.8
20050325 0 1.02 0.36 3
20050326 0 0.82 0.36 0.2
20050327 0 0.77 0.36 -0.9
20050328 0 0.38 0.36 1.4
20050329 0.1 1.09 0.36 1.7
20050330 0 0.68 0.36 -2
20050331 0 0.7 0.36 -2.7
20050401 0 0.89 0.36 -1.5
20050402 0 0.9 0.36 5.6
20050403 0 1.61 0.36 4.7
20050404 0 0.9 0.378 4.5
20050405 1.3 1.43 0.451 2.7
20050406 0.7 0.92 0.544 0.7
20050407 2.7 1.14 0.606 2.8
20050408 1.2 1 0.65 0
20050409 3.3 0.95 0.655 -1.5
20050410 0 1.2 0.655 0.3
20050411 0.3 0.88 0.655 2.8
20050412 0.1 2.15 0.655 5.2
20050413 0 1.82 0.704 3.1
20050414 0 1.39 0.76 2.9
20050415 0 0.65 0.761 -0.1
20050416 0.3 0.75 0.817 1.9
20050417 0.1 0.53 0.817 1.3
20050418 0.6 1.43 0.853 1.3
20050419 0.1 0.88 0.877 -1
20050420 0 0.28 0.884 -2.6
20050421 0 0.71 0.939 0.7
20050422 1.1 0.99 0.939 0.8
20050423 0 0.53 0.939 -0.5
20050424 0 0.63 0.939 -0.5
20050425 0 1.18 1.004 1.9
20050426 0 1.3 1.004 3.4
20050427 0 1 1.071 5.7
20050428 0 0.95 1.141 4.9
20050429 0 0.52 1.291 3.6
20050430 5.7 0.95 1.656 5.7
20050501 0.3 0.73 2.236 0
20050502 1.1 0.92 2.931 0
20050503 2.6 0.82 4.316 0
20050504 2.4 1.01 5.878 0
20050505 4.1 0.87 6.446 0
20050506 0.3 0.74 6.581 0
20050507 1.2 0.75 6.423 0
20050508 0 0.8 6.113 0
20050509 3 0.84 5.961 0
20050510 0.1 0.84 5.744 0
20050511 0 0.85 5.658 0
20050512 0 0.73 5.563 0
20050513 0 0.79 5.473 0
20050514 0 0.81 5.312 0
20050515 0 0.76 5.232 0
20050516 5.2 0.79 5.194 0
20050517 0.8 0.89 4.867 0
20050518 0.1 0.74 4.479 0
20050519 1 0.81 4.141 0
20050520 0 0.74 3.934 0
20050521 2 0.82 4.271 6.4
20050522 4.3 1.39 6.408 8
20050523 8 2.99 12.181 11.8
20050524 6.6 1.53 21.423 8.2
20050525 0.3 1.45 23.582 8.7
20050526 0 1.16 19.185 7.6
20050527 1.4 3.09 17.467 4.8
20050528 0 1.78 14.297 5.3
20050529 0.4 1.04 11.641 7.4
20050530 4.2 1.59 10.435 3.9
20050531 1.5 0.57 9.715 2.6
20050601 4.4 1.35 8.689 3.9
20050602 0 0.77 7.632 3.9
20050603 2.7 1.12 6.91 6.7
20050604 1.6 1.31 6.708 10.3
20050605 0.2 2.97 7.618 4.9
20050606 0 1.29 7.948 3.4
20050607 0.4 1.79 7.019 3.7
20050608 0.2 1.2 6.038 7.7
20050609 0 2.74 5.508 12.6
20050610 1.5 2.1 6.246 5.9
20050611 0 1.24 6.621 6.5
20050612 3.9 1.95 6.643 10.3
20050613 7.2 2.09 8.631 8.8
20050614 1.7 1.05 9.211 8.9
20050615 0 2.49 8.418 12
20050616 0 2.86 7.958 15.2
20050617 0 2.44 7.896 9.9
20050618 18.1 1.54 9.008 8.5
20050619 0 2.03 8.316 13.3
20050620 0 1.67 7.055 17
20050621 0 1.6 6.691 13.9
20050622 0 1.7 6.3 11.1
20050623 0 2.12 5.684 14.6
20050624 0 3.14 5.024 9.8
20050625 0.1 1.87 4.498 7
20050626 0.8 1.36 4.049 9.8
20050627 0.1 2.19 3.655 8.4
20050628 0.8 1.68 3.371 6.8
20050629 1.4 1.82 3.188 8.7
20050630 0 2.76 3.007 12.9
20050701 0 2.59 2.78 15.5
20050702 0 1.86 2.579 13.9
20050703 0.9 2.79 2.538 14.6
20050704 0 2.6 2.444 17.5
20050705 0 4.57 2.329 17.9
20050706 0 3.57 2.225 17.1
20050707 0 1.95 2.117 17.5
20050708 0 2.44 2.012 16.5
20050709 5.2 2.04 1.812 17.4
20050710 1.5 1.39 1.717 13.4
20050711 0.2 1.65 1.626 17.4
20050712 0 2.59 1.557 18
20050713 0 2.87 1.435 10.7
20050714 0.1 1.79 1.345 13
20050715 0 1.04 1.261 13.3
20050716 8.1 1.81 1.214 11.3
20050717 6.4 1.25 1.319 12.1
20050718 0.7 2.15 1.452 15.7
20050719 0 1.55 1.626 15.3
20050720 0.5 0.66 1.911 11.2
20050721 25.2 1.03 2.41 14
20050722 9 1.2 3.118 11.7
20050723 0.4 1.52 3.227 8.6
20050724 0 1.02 3.011 9.3
20050725 0 1.39 2.803 11.3
20050726 0.3 0.83 2.62 11.3
20050727 0.1 1.91 2.403 12.3
20050728 0 1.32 2.164 11.7
20050729 0.2 1.71 1.955 11.7
20050730 3.7 0.99 1.814 9.8
20050731 0.9 0.9 1.706 11.6
20050801 2.8 2.05 1.717 9.1
20050802 0.1 1.35 1.626 9.8
20050803 1 1.11 1.541 12.7
20050804 0.4 1.29 1.452 11.5
20050805 3.9 1.51 1.452 7.3
20050806 4 0.43 2.906 7.1
20050807 19.1 0.98 5.961 10.4
20050808 26.5 1.59 9.761 13.1
20050809 0.6 0.37 8.855 9.7
20050810 7.7 0.88 7.951 13
20050811 16 1.52 8.954 12
20050812 3 1.87 9.348 10.6
20050813 0 1 7.733 9.4
20050814 0.2 1.07 6.278 9.4
20050815 1 0.92 5.252 9.6
20050816 1.3 1.1 4.559 9.4
20050817 0 0.38 4.014 10.2
20050818 0.2 1.05 3.587 15.1
20050819 0 1.3 3.244 14
20050820 0 1.03 2.959 10
20050821 2.5 1.68 2.778 13
20050822 0 0.86 2.645 15.2
20050823 4.9 1.16 2.588 13.3
20050824 13.7 1.24 3.113 11.8
20050825 0 1.05 3.292 10.8
20050826 15.5 1.31 3.831 8.8
20050827 0.2 1.35 4.336 7.7
20050828 0.7 1.54 4.045 6.7
20050829 4.1 3.55 3.79 12.3
20050830 1.9 1.37 3.565 8.8
20050831 0 1.77 3.338 9.8
20050901 0 2.75 2.965 13.1
20050902 0 1.69 2.67 11.5
20050903 5.1 1.06 2.659 9.1
20050904 0 1.01 2.607 10.7
20050905 0.2 0.61 2.468 9.6
20050906 0.2 0.74 2.37 11.9
20050907 0.3 1.14 2.307 12.8
20050908 1.4 2.3 2.229 10.2
20050909 2.4 1.73 2.091 5.9
20050910 0.5 0.97 1.993 3.7
20050911 0 1.09 1.884 6.4
20050912 0 1.69 1.763 6
20050913 0.1 0.44 1.713 5.5
20050914 7.1 1.54 1.912 9.9
20050915 3.7 1.51 2.219 2.7
20050916 0.7 0.82 2.269 1.5
20050917 1.1 1.5 2.225 4.8
20050918 0.1 1.88 2.133 8.2
20050919 0.1 1.66 2.023 10.4
20050920 0 1.27 1.903 10.2
20050921 3.5 1.23 1.812 4.9
20050922 0 0.93 1.763 5.7
20050923 0.1 1.49 1.717 11.1
20050924 0.1 2 1.649 10.3
20050925 0 1.3 1.537 4.5
20050926 1.5 2.07 1.484 11.4
20050927 0.1 2 1.468 11.2
20050928 1 1.71 1.337 9.2
20050929 0.7 0.85 1.231 2.3
20050930 2.9 1.07 1.241 6.5
20051001 4.8 1.11 1.452 8.6
20051002 10.6 0.94 1.814 6.6
20051003 0.1 1.31 2.012 7.1
20051004 0 1.18 1.993 6.8
20051005 0 1.04 1.88 4.2
20051006 0 0.86 1.779 3
20051007 0 1.06 1.666 3
20051008 0 1.31 1.624 9.7
20051009 0.8 0.76 1.557 8.3
20051010 7.9 1.35 1.752 6
20051011 0 1.23 1.798 11.2
20051012 0 2.03 1.676 10.5
20051013 0 1.9 1.62 9.8
20051014 3 0.87 1.537 3.9
20051015 0 0.61 1.477 1.7
20051016 0 0.61 1.452 -2.4
20051017 0 1.25 1.327 -1.5
20051018 0 0.76 1.242 -2.2
20051019 0 0.52 1.195 -4
20051020 0 0.7 1.141 -3.2
20051021 0.6 0.43 1.141 0.7
20051022 4.6 0.39 1.141 -1.1
20051023 0.1 0.51 1.138 -6.4
20051024 0 0.56 1.039 -6.1
20051025 0 0.3 1.071 -7.7
20051026 10 0.39 1.004 -0.2
20051027 0.5 0.61 1.004 0.3
20051028 0 0.75 1.092 4.6
20051029 0 0.58 1.214 8.6
20051030 0 1.03 1.626 6.1
20051031 0 1.25 2.225 11.1
20051101 0 0.93 2.803 8.2
20051102 0 0.75 2.569 6.7
20051103 0 0.36 2.432 2.3
20051104 0 0.8 2.325 8.9
20051105 2.9 0.66 2.317 5.9
20051106 0.7 0.45 2.284 3.1
20051107 0.8 0.58 2.225 5.4
20051108 0 0.7 2.225 4.1
20051109 1.3 1.49 2.126 9.2
20051110 0.9 0.85 2.098 1.3
20051111 0 0.69 1.993 0.9
20051112 2.1 0.96 1.911 4.7
20051113 1.5 0.69 1.812 1.8
20051114 3.8 0.66 1.755 1.9
20051115 13.9 0.49 1.717 -0.8
20051116 1.9 0.37 1.724 -3.2
20051117 0.1 0.3 1.685 -2.5
20051118 0.2 0.38 1.626 -2.2
20051119 0.4 0.36 1.537 -0.8
20051120 1.8 0.34 1.543 -2.7
20051121 0.1 0.32 1.49 -3.3
20051122 1 0.24 1.452 -2.2
20051123 0 0.39 1.396 -2.8
20051124 0 0.36 1.37 -1.9
20051125 8 0.27 1.37 0.2
20051126 2.9 0.27 1.37 -3.1
20051127 0.4 0.26 1.366 -7.4
20051128 0 0.24 1.297 -9.5
20051129 0 0.25 1.214 -9
20051130 1.7 0.13 1.172 -11.4
20051201 0 0.16 1.107 -18.3
20051202 0 0.27 1.072 -8.2
20051203 0 0.23 1.071 -16.2
20051204 0 0 1.004 -4.6
20051205 2.5 0.43 1.004 -2
20051206 1.5 0.4 1.004 -2.4
20051207 0.6 0.35 1.004 -3.7
20051208 4.3 0.41 1.004 -5
20051209 0 0.39 0.978 -11.2
20051210 0 0.47 0.943 -11.6
20051211 3.4 0.63 1.029 0.9
20051212 2.7 0.64 1.242 0
20051213 0 0.48 1.32 0.6
20051214 1 0.53 1.37 0.5
20051215 1.8 0.47 1.355 -1.5
20051216 0.4 0.31 1.291 -4.4
20051217 0 0.35 1.219 -4.9
20051218 2.2 0.32 1.164 -5.9
20051219 0.1 0.28 1.125 -11.6
20051220 2.3 0.19 1.064 -9.1
20051221 0.2 0.13 1.004 -12.5
20051222 0 0.45 0.975 -8.4
20051223 0.2 0.34 0.939 -4
20051224 2 0.59 0.939 -1.5
20051225 8.3 0.38 0.939 -1.9
20051226 1.3 0.33 0.88 -9.1
20051227 0 0.11 0.877 -24.5
20051228 0 0.12 0.856 -30.9
20051229 0.9 0.15 0.817 -26.7
20051230 6.9 0.13 0.851 -10.8
20051231 1.7 0.21 0.817 -8.1
20060101 1.1 0.27 0.817 -8.8
20060102 1.3 0.23 0.783 -7.6
20060103 0 0.13 0.76 -10.2
20060104 0 0.16 0.753 -14.5
20060105 0 0.19 0.706 -9.7
20060106 0 0.26 0.706 -17.1
20060107 0 0.14 0.69 -24.2
20060108 0 0.18 0.674 -23.5
20060109 0 0.13 0.657 -22.9
20060110 1.2 0.09 0.639 -4.2
20060111 1.4 0.26 0.622 1.3
20060112 0.2 0.73 0.606 -1.7
20060113 0 0.82 0.6 1
20060114 0 0.74 0.566 -0.4
20060115 0.5 0.53 0.561 -4.2
20060116 0.3 0.51 0.56 -7.1
20060117 0.8 0.28 0.56 -6
20060118 2.5 0.38 0.56 -5.3
20060119 4.1 0.39 0.56 -10.6
20060120 10.3 0.34 0.559 -11.7
20060121 3.5 0.47 0.559 -11.9
20060122 0.8 0.22 0.559 -11.8
20060123 0.4 0.31 0.559 -6.7
20060124 1.3 0.41 0.559 -1.6
20060125 0.5 0.47 0.556 -1.5
20060126 0 0.43 0.544 -1.1
20060127 0.1 0.47 0.532 0.9
20060128 0.1 0.64 0.52 1.2
20060129 0 0.99 0.508 2.9
20060130 0 1.06 0.496 3
20060131 0.1 1.33 0.484 4.3
20060201 0 1.12 0.473 3.4
20060202 0 0.57 0.48 1.4
20060203 0.8 0.51 0.473 -2.2
20060204 0.1 0.47 0.473 -13.2
20060205 6.5 0.27 0.51 -10.9
20060206 7.5 0.29 0.541 -9
20060207 3.7 0.58 0.538 -3.5
20060208 0.1 0.22 0.515 -4.8
20060209 7.3 0.4 0.518 -5.3
20060210 1.4 0.38 0.515 -4.9
20060211 0.1 0.41 0.495 -7.6
20060212 0 0.32 0.473 -16
20060213 0 0.55 0.473 -9.8
20060214 0 0.61 0.467 -8.8
20060215 0.1 0.61 0.433 -3.4
20060216 1.8 0.47 0.433 -4.3
20060217 1.3 0.44 0.433 -7.1
20060218 1.3 0.35 0.433 -10.2
20060219 0.4 0.51 0.433 -10.2
20060220 0 0.55 0.396 -6.2
20060221 0 0.47 0.395 -4.6
20060222 0 0.5 0.395 -3.7
20060223 0.1 0.5 0.395 2.8
20060224 0 0.44 0.395 0.9
20060225 0.2 0.54 0.395 -3.6
20060226 1.5 0.29 0.405 -6.3
20060227 1 0.33 0.395 -8.8
20060228 1.9 0.19 0.395 -16.1
20060301 0 0.21 0.395 -20.1
20060302 2.2 0.35 0.395 -11.3
20060303 1.2 0.34 0.389 -13.5
20060304 0.3 0.27 0.383 -15.8
20060305 0.3 0.25 0.376 -23.8
20060306 0 0.33 0.37 -21.6
20060307 0.1 0.42 0.364 -9.4
20060308 0 0.33 0.36 -15
20060309 0.2 0.28 0.36 -10.7
20060310 0.1 0.34 0.36 -20.7
20060311 0 0.46 0.345 -18.7
20060312 0 0.56 0.327 -15.3
20060313 0 0.58 0.345 -8.4
20060314 0 0.51 0.386 -8.5
20060315 0 0.59 0.36 -13.8
20060316 0 0.84 0.36 -13.7
20060317 0 0.83 0.36 -10.7
20060318 0 0.61 0.36 1.1
20060319 0.6 0.55 0.363 -3
20060320 2.5 0.34 0.36 -7
20060321 1.9 0.46 0.36 -7.7
20060322 0 0.64 0.36 -15.5
20060323 0 0.78 0.36 -18
20060324 0.1 0.45 0.36 -16.2
20060325 0.1 0.45 0.36 -13.7
20060326 0 0.79 0.334 -14.3
20060327 0.9 0.87 0.327 -3.7
20060328 1.1 0.63 0.327 -2.2
20060329 4.3 0.67 0.351 -3.8
20060330 7.4 0.64 0.36 -5
20060331 2.5 0.47 0.36 -3.8
20060401 1.8 0.77 0.36 -4.1
20060402 0 0.52 0.36 -8.5
20060403 0.9 0.72 0.36 -1.2
20060404 5.7 0.64 0.36 -1.5
20060405 4.7 0.65 0.36 -8.5
20060406 0 0.94 0.36 -8.7
20060407 0.4 0.99 0.36 -0.2
20060408 0 0.6 0.354 -4.6
20060409 1.9 0.44 0.347 -4.1
20060410 6 0.79 0.36 -1.1
20060411 1.5 0.91 0.36 -6.4
20060412 0.1 1.32 0.348 1
20060413 0.6 1.15 0.345 1.7
20060414 3.1 0.98 0.341 2.1
20060415 0.4 1.05 0.327 1.1
20060416 0 0.91 0.327 0.4
20060417 0.7 0.91 0.327 1.1
20060418 0.1 0.87 0.327 -1.2
20060419 0 1.2 0.327 0.6
20060420 0 0.74 0.327 -0.8
20060421 0 0.8 0.327 -0.1
20060422 0 1.33 0.327 -1
20060423 0 1.56 0.319 4.5
20060424 0.4 0.8 0.327 3.1
20060425 0 1.25 0.358 4.7
20060426 0.5 1.12 0.444 4.3
20060427 4 0.97 0.629 2
20060428 0.2 0.98 0.825 1.3
20060429 0.9 1.22 0.95 4.1
20060430 0 1.73 1.058 4.9
20060501 0 1.8 1.273 4.4
20060502 7 1.03 1.685 3.4
20060503 2.8 1.27 2.209 4.9
20060504 0 1.88 3.249 10.3
20060505 0 1.85 5.875 8.3
20060506 0 1.89 10.672 9
20060507 0 1.83 16.765 9.5
20060508 0 1.75 20.636 8.8
20060509 0 1.61 20.943 9.2
20060510 0 1.86 20.057 8.2
20060511 0 1.21 18.269 6
20060512 0.4 0.93 15.496 3.2
20060513 5.6 1.07 12.494 2.6
20060514 0.1 1.33 10.104 1
20060515 0.1 1.4 8.076 1.4
20060516 0 1.14 6.608 2.3
20060517 0.1 0.99 5.711 2.9
20060518 0.1 0.89 5.142 2.1
20060519 6.3 1.22 5.05 6.8
20060520 4.2 1.07 6.539 7.6
20060521 2.6 1.65 9.565 9
20060522 1.7 1.15 11.976 6.6
20060523 4.3 1.41 12.825 8.9
20060524 23.9 0.91 13.457 2.2
20060525 12.4 0.81 11.848 2.5
20060526 0 1.13 10.23 3.7
20060527 0 2.1 9.041 5
20060528 0 1.72 7.979 6.9
20060529 0 1.86 7.299 5.5
20060530 0.1 1.45 6.993 4.5
20060531 0.3 1.43 6.749 3.4
20060601 1 1.47 6.195 4.5
20060602 0.1 1.43 5.738 8.2
20060603 1 1.67 5.815 6.9
20060604 0.1 1.81 5.89 5.1
20060605 0 1.48 5.725 5
20060606 0 1.88 5.131 7.5
20060607 1.1 1.38 4.804 9.2
20060608 0.8 1.53 4.818 9.4
20060609 0 1.92 4.866 11.8
20060610 0 2.56 5.054 13.4
20060611 0 2.67 5.026 17.4
20060612 0 3.6 4.901 19.6
20060613 0 3.9 4.888 20
20060614 0.4 5 4.875 9.8
20060615 0.3 2.94 4.943 9.7
20060616 0 1.82 4.603 14.3
20060617 0.1 1.96 3.814 15.5
20060618 0.4 1.4 3.347 15.2
20060619 2 1.42 3.255 13.6
20060620 1.6 2.6 3.206 17.1
20060621 0.9 1.77 3.143 13.4
20060622 2.5 1.99 3.094 11.9
20060623 2.4 1.55 3.014 11
20060624 10.1 1.57 3.277 11.1
20060625 0.8 1.15 3.18 10.9
20060626 1.7 1.65 3.072 11.3
20060627 0 1.6 2.857 12
20060628 0.5 1.94 2.644 9.7
20060629 0 1.66 2.438 12
20060630 0 2.58 2.227 16.9
20060701 0 2.24 1.994 16.9
20060702 0 2.31 1.787 17
20060703 0 2.27 1.622 18.1
20060704 0.1 1.62 1.486 14.1
20060705 0 1.95 1.391 15.3
20060706 0 1.94 1.278 17.5
20060707 0 1.93 1.201 19.1
20060708 0.4 1.79 1.141 14.6
20060709 1.1 1.92 1.138 14
20060710 7.3 2.07 1.091 13.8
20060711 2.6 1.23 1.141 10
20060712 0.4 1.84 1.141 12.9
20060713 6.6 2.48 1.173 13.6
20060714 0.8 1.93 1.154 8.8
20060715 0 2.16 1.125 12.6
20060716 0 2.25 1.06 14.9
20060717 0.2 2.83 1.004 15.9
20060718 1.8 1.9 0.942 9.5
20060719 0 1.54 0.893 8.3
20060720 0 2.17 0.86 14.2
20060721 2.2 1.85 0.817 18.1
20060722 0 2.06 0.768 16.5
20060723 0 2.01 0.735 16.2
20060724 4.1 1.99 0.706 16
20060725 0 1.51 0.664 14.2
20060726 0 1.41 0.655 16.3
20060727 0 1.45 0.61 16.8
20060728 15.5 1.21 0.732 16.3
20060729 3.7 1.43 0.702 16.7
20060730 0.8 1.31 0.692 16.6
20060731 0.4 1.1 0.794 16.1
20060801 20 0.9 0.902 15.4
20060802 3.5 1.34 1.174 16.6
20060803 5.3 1.56 1.281 14.6
20060804 0 2.36 1.214 15.8
20060805 0 1.82 1.141 15.9
20060806 0 2.44 1.044 18.2
20060807 0 2.26 0.941 13.3
20060808 5.1 1.16 0.922 11.6
20060809 0.1 1.37 0.977 10.6
20060810 2 1.29 1.296 14.6
20060811 2.2 1.54 1.265 13.7
20060812 1.3 1.68 1.129 16.3
20060813 0 2.03 1.098 15.1
20060814 0 0.77 0.977 11.7
20060815 14.5 1.1 1.597 14.3
20060816 21.9 1.38 1.898 14.6
20060817 0 1.23 1.687 11.5
20060818 0 1.02 1.747 12.9
20060819 1.5 1.76 1.687 15.3
20060820 0.7 0.88 1.657 12.1
20060821 1.1 1.3 1.747 14.2
20060822 7 1.16 1.839 13.6
20060823 3.8 0.94 1.855 14.5
20060824 1.7 0.82 1.911 12.6
20060825 1.4 1.29 1.827 14.2
20060826 0.1 0.93 1.745 10.8
20060827 0.1 1.32 1.613 13.2
20060828 2.3 1.34 1.537 10.5
20060829 12.3 1.24 1.747 11.6
20060830 1.8 1.9 2.107 12.9
20060831 0 1.08 2.117 8.5
20060901 0.6 1.1 2.012 11.6
20060902 1.1 1.07 1.997 9.3
20060903 2.3 0.9 2.12 11.6
20060904 32.6 1.29 2.609 10.3
20060905 5.2 1.44 3.098 10.9
20060906 0.6 1.16 3.586 9.2
20060907 2.8 1.13 4.076 7.6
20060908 0.5 1.47 4.565 7.4
20060909 1.2 1.5 4.059 10.8
20060910 0 1.28 3.616 10.7
20060911 0 0.56 3.265 7.6
20060912 0 1.21 2.937 10.3
20060913 0.6 0.9 2.707 12.3
20060914 1.9 0.65 2.557 11.4
20060915 0.1 1.35 2.423 13.1
20060916 0 1.23 2.269 8.6
20060917 0 0.68 2.137 6.2
20060918 0 0.88 2.01 7.6
20060919 0 1.08 1.911 11.3
20060920 0.2 1.27 1.818 9.9
20060921 2.2 0.98 1.812 10
20060922 0.3 1.85 1.812 15.1
20060923 0.6 1.11 1.747 9.5
20060924 0.1 1.26 1.654 11.5
20060925 0.5 0.74 1.616 9.6
20060926 1 1.12 1.537 13.4
20060927 1.6 0.59 1.537 12
20060928 2.6 0.68 1.541 11
20060929 8.3 0.74 1.805 10.4
20060930 2 0.75 2.346 9.4
20061001 0.9 0.85 2.41 10.9
20061002 0.3 0.66 2.373 7.9
20061003 8 0.54 2.423 8.6
20061004 4.8 0.77 2.645 8.4
20061005 0.7 1.01 2.68 8.6
20061006 2.2 1.06 2.603 7.9
20061007 5.1 1.53 2.759 9.5
20061008 3.4 1.06 3.257 7.9
20061009 0.1 0.77 3.3 6.1
20061010 3.9 0.6 3.111 7.9
20061011 0 0.82 2.974 2.2
20061012 0 1.09 2.799 6.7
20061013 0.1 0.62 2.642 4.8
20061014 0 0.94 2.514 6.1
20061015 0 0.35 2.385 1.5
20061016 0.1 0.58 2.282 3.4
20061017 0.1 0.55 2.183 2.7
20061018 0.3 0.33 2.117 -0.9
20061019 10.9 0.36 2.32 1.5
20061020 6.9 0.4 2.927 3.5
20061021 8.5 0.49 4.093 3.2
20061022 1.7 0.48 4.665 4.8
20061023 0.4 0.43 4.593 4.8
20061024 4.1 0.42 4.26 3.7
20061025 0 0.68 3.82 0.9
20061026 0.1 0.43 3.368 -3.6
20061027 17.6 0.51 2.963 -0.1
20061028 3 0.62 2.996 -0.6
20061029 0 0.3 2.808 -9.4
20061030 0.8 0.28 2.728 -3.1
20061031 14.1 0.4 2.723 -4
20061101 5.8 0.34 2.624 -7.4
20061102 1.1 0.35 2.591 -4.3
20061103 1.3 0.55 2.506 -1.3
20061104 0.4 0.6 2.446 0.2
20061105 0.1 0.3 2.41 -1
20061106 2.5 0.25 2.385 1.4
20061107 0.3 0.69 2.317 1.6
20061108 0 0.65 2.231 -1.1
20061109 0 0.57 2.124 -4.6
20061110 0.1 0.74 2.032 -1.1
20061111 3 0.29 1.942 -1.6
20061112 0 0.43 1.877 -5.9
20061113 0.1 0.37 1.812 -2.3
20061114 2.2 0.47 1.797 -0.8
20061115 0.2 0.23 1.717 -8.4
20061116 0 0.54 1.651 -6.5
20061117 9.2 0.36 1.878 3.3
20061118 0.8 0.29 2.359 1.8
20061119 2.8 0.55 2.657 -1.3
20061120 0.2 0.31 2.702 -0.5
20061121 6.1 0.5 2.622 2.6
20061122 5.4 0.47 2.52 1.8
20061123 5.5 0.66 2.41 1.9
20061124 5.1 0.77 2.303 2.1
20061125 0.4 0.42 2.23 2.4
20061126 12.3 0.86 2.878 5.7
20061127 0.1 0.81 3.855 0.9
20061128 0.1 0.57 4.043 0.8
20061129 0.7 0.47 4.181 3.8
20061130 0.1 0.47 4.421 0.4
20061201 0.5 1.02 4.421 5.1
20061202 0 0.85 4.387 0.1
20061203 1.7 0.39 4.066 -1.7
20061204 4 1.07 3.746 3.9
20061205 3.7 0.71 3.496 3.3
20061206 0.8 0.42 3.278 -0.4
20061207 0 0.27 3.031 -1.9
20061208 6.9 0.69 2.847 3.4
20061209 2.8 0.73 2.686 -3
20061210 0 0.38 2.564 -0.7
20061211 0.1 0.59 2.47 3.3
20061212 4.5 0.72 2.657 1.1
20061213 0.2 0.63 2.663 -0.9
20061214 0.5 0.42 2.57 -0.7
20061215 1.7 0.72 2.418 0.3
20061216 0 0.58 2.267 -5.2
20061217 0.5 0.5 2.116 -3.6
20061218 0.6 0.46 1.965 -2.7
20061219 0.8 0.64 1.814 -0.1
20061220 0.5 0.72 1.812 2.8
20061221 0 0.41 1.793 -5.7
20061222 0 0.43 1.717 2.1
20061223 0 0.67 1.636 4.2
20061224 0 0.87 1.626 3.7
20061225 0 0.57 1.626 0.7
20061226 0 0.35 1.626 2.2
20061227 0 0.66 1.616 4
20061228 0.1 0.58 1.541 3
20061229 0 0.67 1.521 -4.7
20061230 0.2 0.33 1.452 0.7
20061231 4.8 0.59 1.409 -2.5
20070101 2.6 0.15 1.37 -0.9
20070102 2.5 0.32 1.37 -1.6
20070103 1.1 0.46 1.305 -1.5
20070104 2.3 0.38 1.291 1.1
20070105 7.7 0.85 1.291 -1.5
20070106 0.2 0.38 1.286 -8.9
20070107 0 0.43 1.214 -7.5
20070108 1 0.41 1.214 -1.9
20070109 10.5 0.31 1.26 -0.3
20070110 5.6 0.94 1.227 -5.4
20070111 0.4 0.26 1.214 -9
20070112 2.3 0.29 1.211 -5.1
20070113 4.3 0.36 1.165 -5.4
20070114 11.8 0.02 1.198 -5
20070115 4 0.28 1.19 -1.9
20070116 0 0.89 1.149 -0.9
20070117 0 0.47 1.141 -7.1
20070118 5.6 0.31 1.134 -5.9
20070119 2.9 0.27 1.071 -6.9
20070120 0.3 0.42 1.071 -12.8
20070121 2.8 0.22 1.044 -10.1
20070122 0.2 0.29 1.004 -13.4
20070123 1.2 0.38 1.004 -8
20070124 0.1 0.31 0.946 -18.7
20070125 0.1 0.29 0.934 -13.7
20070126 2.3 0.48 0.929 -4.9
20070127 6.3 0.35 0.939 -7.7
20070128 4.7 0.23 0.939 -9.8
20070129 0.8 0 0.912 -4.6
20070130 8.7 0.6 0.935 -2
20070131 0.5 0.38 0.887 -3.7
20070201 1.3 0.42 0.877 -2.4
20070202 0.1 0.39 0.877 -1.2
20070203 3.7 1.09 0.858 1.1
20070204 2.5 0.7 0.817 -1.5
20070205 0.2 0.27 0.817 -10
20070206 6.6 0.3 0.817 -15.1
20070207 0 0.22 0.817 -25.4
20070208 0.1 0.26 0.802 -29.2
20070209 0.7 0.15 0.76 -28.5
20070210 0 0.06 0.76 -16.4
20070211 0.1 0.48 0.748 -12.7
20070212 0 0.24 0.708 -18.8
20070213 0.1 0.42 0.706 -19.7
20070214 0 0.16 0.692 -11.7
20070215 0 0.66 0.657 -10.3
20070216 0.1 0.43 0.655 -4.4
20070217 0.3 0.67 0.655 -0.1
20070218 1.1 0.22 0.655 -1.6
20070219 0.9 0.6 0.655 -1.3
20070220 0.5 0.78 0.65 -17
20070221 0 0.18 0.606 -17.2
20070222 3.2 0.31 0.606 -13.6
20070223 0.7 0.34 0.606 -10.1
20070224 0.9 0.51 0.606 -6.3
20070225 0.2 0.37 0.581 -5
20070226 0.2 0.39 0.559 -4.7
20070227 0.8 0.29 0.564 -5.4
20070228 8.3 0.58 0.604 -3.7
20070301 1.6 0.71 0.564 -2.1
20070302 0 0.53 0.559 -1.3
20070303 0.6 0.63 0.559 -2.7
20070304 0.3 0.71 0.559 -4
20070305 0.1 0.02 0.557 -2.1
20070306 1.3 0.82 0.533 0
20070307 3.8 1.2 0.523 -0.2
20070308 0 0.64 0.515 -7.7
20070309 0 0.38 0.515 -5.2
20070310 2.9 0.66 0.516 -3.1
20070311 0.5 1 0.515 2.7
20070312 0.6 0.83 0.515 3.8
20070313 0.7 1.1 0.516 2.9
20070314 0 0.83 0.53 3
20070315 0 0.96 0.549 5.2
20070316 0.1 0.92 0.569 1
20070317 0.3 0.8 0.573 -2.7
20070318 2.8 0.34 0.585 -4.2
20070319 10.1 0.51 0.619 -3.1
20070320 0.3 0.68 0.606 -1
20070321 1.2 0.95 0.601 -0.8
20070322 0 0.82 0.559 -1.1
20070323 0 0.67 0.559 0
20070324 0 0.94 0.559 3.2
20070325 0 0.92 0.544 -0.5
20070326 0 0.8 0.515 -3
20070327 0 0.93 0.515 -2.3
20070328 0 1.73 0.515 -0.4
20070329 0 1.14 0.515 -0.2
20070330 0 0.75 0.515 -1.4
20070331 0 0.71 0.515 -2.6
20070401 0 1 0.515 0.6
20070402 0 0.87 0.515 1.8
20070403 0.4 0.83 0.509 -0.6
20070404 0.2 1.73 0.498 4.4
20070405 0.1 1.84 0.515 -3
20070406 0.2 0.92 0.515 -3.6
20070407 0.5 0.83 0.515 -4.2
20070408 0.3 1.08 0.515 -3.4
20070409 0.2 0.62 0.515 -3
20070410 2.8 0.97 0.515 2.3
20070411 0.8 1.94 0.512 0.2
20070412 0 1.13 0.474 2.9
20070413 0 1 0.487 4.3
20070414 0 1.22 0.528 4.8
20070415 0 1.38 0.607 5.6
20070416 0 1.37 0.779 4.2
20070417 0.1 1 1.04 1.3
20070418 0.2 0.93 1.305 0
20070419 1.6 1.12 1.497 -0.3
20070420 2.4 0.98 1.554 -3.1
20070421 0.9 1.19 1.537 -1
20070422 0 0.84 1.454 2.7
20070423 0.8 0.79 1.437 5.6
20070424 0 0.83 1.698 6.9
20070425 1.3 0.89 4.043 7.3
20070426 0 1.33 7.399 7.3
20070427 0 0.77 9.567 3.3
20070428 0 1.2 9.185 3.3
20070429 0 0.52 10.155 2.9
20070430 0.1 1.04 9.567 4.5
20070501 0 1.33 9.375 4.8
20070502 0 1.4 8.717 4.8
20070503 0 1.5 8.679 5.4
20070504 0 1.21 8.717 4.8
20070505 0 1.14 8.377 5.2
20070506 0 1.29 7.951 6
20070507 1.6 1.35 8.076 6.4
20070508 0.2 1.24 8.895 4
20070509 3.7 1.3 9.294 1.8
20070510 0.4 1.04 8.15 1.5
20070511 0.8 0.79 6.973 3.3
20070512 7.3 0.68 6.374 4.3
20070513 5.1 1.05 6.531 4.9
20070514 1.4 0.69 6.842 3.9
20070515 17.3 1.09 7.966 2.2
20070516 4 1.83 8.109 3.7
20070517 0.7 1.43 7.592 4.6
20070518 0 1.68 6.954 6
20070519 4.8 1.97 6.944 9.8
20070520 5.8 3.12 9.314 10.3
20070521 0 1.97 11.876 8.8
20070522 0 2.42 11.119 8.1
20070523 0 1.73 9.844 7.2
20070524 1 1.78 8.267 8
20070525 0.1 1.78 6.741 7.3
20070526 0.8 1.74 6.267 7.1
20070527 0.2 1.69 6.113 6.5
20070528 8.1 1.59 5.961 7.8
20070529 0.1 1.72 6.267 10.7
20070530 0.9 1.87 7.003 13
20070531 10.9 0.82 8.74 10
20070601 7.6 2.97 11.54 11.9
20070602 0 3.54 10.782 14.2
20070603 0 3.01 9.225 15.6
20070604 0 3.23 8.314 16.8
20070605 0 3.02 7.577 18.3
20070606 0 2.26 7.028 18.3
20070607 0 2.39 6.538 18.7
20070608 0 2.61 6.114 19.6
20070609 0 2.38 5.759 17.2
20070610 0 2.74 5.381 15.5
20070611 0 2.42 5.031 12.8
20070612 0 1.42 4.662 7.6
20070613 4.1 1.43 4.467 5
20070614 16 1.12 4.473 3.5
20070615 7.2 1.61 4.693 7.7
20070616 0 2.29 5.118 10.7
20070617 0 1.51 4.989 12.5
20070618 0 2.04 4.553 7.9
20070619 0 1.9 4.098 10
20070620 0 1.87 3.682 12
20070621 0 1.4 3.347 13.1
20070622 6.8 1.83 3.125 13.7
20070623 7.3 1.06 3.139 11.4
20070624 14.8 1.1 3.729 11.4
20070625 4.2 1.37 4.818 12.7
20070626 1.1 1.21 5.664 11.5
20070627 0 2.02 6.267 13.6
20070628 0 1.94 4.954 9.7
20070629 0 1.23 4.293 10.7
20070630 0.3 1.48 3.565 12.9
20070701 0 1.64 3.011 14.4
20070702 1.9 1.94 2.702 14.8
20070703 3.6 3.08 2.524 16.8
20070704 0 2.49 2.41 15.7
20070705 1.4 1.9 2.41 16
20070706 3 2.04 2.496 15.3
20070707 0.7 1.25 2.432 14.8
20070708 0.8 1.23 2.373 13.7
20070709 0.9 1.07 2.338 12.8
20070710 10.8 1.05 2.647 12.5
20070711 7.8 1.69 3.284 14.2
20070712 0.1 1.98 4.293 12.9
20070713 0 1.41 4.043 11.5
20070714 2 1.52 3.338 13.2
20070715 0.7 1.53 2.906 13.8
20070716 1.8 1.2 2.702 13.7
20070717 0.2 1.25 2.452 14.6
20070718 9.3 1.81 2.482 10.6
20070719 2.2 1.73 2.684 8.2
20070720 0.4 1.03 2.647 8.2
20070721 0 2.13 2.474 11.5
20070722 0 1.6 2.298 13.4
20070723 1 1.38 2.087 14.1
20070724 0 1.22 1.932 13.3
20070725 0 1.38 1.812 13.7
20070726 0.6 1.42 1.727 13.8
20070727 1.6 0.89 1.704 12
20070728 1.5 0.93 1.662 11.9
20070729 2.6 0.83 1.779 9.7
20070730 2.5 1.09 1.866 11.6
20070731 3.8 1.72 2.14 11.2
20070801 0.3 1.32 2.225 11.9
20070802 4.7 1.58 2.269 12.6
20070803 0 1.39 2.317 10.4
20070804 0.2 1.06 2.224 13.7
20070805 0 1.22 2.012 15.1
20070806 0 2.22 1.839 18.7
20070807 0 2.63 1.702 19.7
20070808 0 1.46 1.569 17.1
20070809 2.3 1.18 1.461 12.6
20070810 0.8 1.34 1.452 15.1
20070811 1.1 0.78 1.487 14.3
20070812 16.3 1.21 2.131 16.6
20070813 3.5 1.18 2.681 16
20070814 6 1.79 2.972 13.4
20070815 0 0.91 2.989 13.4
20070816 29 1.62 4.128 14.5
20070817 5.7 2.07 6.083 11.9
20070818 1.1 1.46 5.672 11.3
20070819 0.5 1.25 4.936 11.5
20070820 0 1.37 4.256 13.7
20070821 0 1.33 3.712 14.1
20070822 0 1.57 3.29 13.7
20070823 0 1.94 2.953 14.1
20070824 0 1.59 2.674 13.7
20070825 0 1.55 2.425 11
20070826 0.8 1.3 2.226 7.9
20070827 2.4 1.08 2.062 5.4
20070828 0.7 1.32 1.942 5.3
20070829 0.1 0.93 1.843 4.2
20070830 0.3 1.27 1.795 4.4
20070831 0.1 1.23 1.717 4.6
20070901 0 0.91 1.627 4.4
20070902 0.8 1.27 1.626 7.1
20070903 0.8 1.44 1.537 5.2
20070904 3.6 1.41 1.537 5.1
20070905 0.6 0.78 1.602 8.4
20070906 0 0.97 1.537 6.1
20070907 2.5 0.53 1.537 8.6
20070908 1.9 1.45 1.602 9.5
20070909 0.2 1.1 1.626 7.8
20070910 5.5 1.01 1.741 7.4
20070911 0.7 1.16 1.812 8.8
20070912 0.3 1.83 1.779 6.7
20070913 0.7 1.28 1.692 7.6
20070914 0 1.5 1.626 7.5
20070915 6.5 1.08 1.626 3.4
20070916 0.1 0.81 1.649 2.6
20070917 4.3 0.94 1.626 4.3
20070918 0 1.07 1.626 2.1
20070919 0 0.53 1.626 0
20070920 0.6 0.75 1.613 3
20070921 1.3 1.68 1.572 7.3
20070922 0 2.05 1.498 6.7
20070923 0 0.61 1.452 6.5
20070924 0 1.58 1.446 13.3
20070925 2.6 1.52 1.43 11
20070926 0.3 0.93 1.332 4.4
20070927 0.4 0.94 1.291 2.1
20070928 0.1 0.83 1.291 -0.3
20070929 0.1 0.67 1.291 2.3
20070930 4.5 0.64 1.32 8.5
20071001 8.6 0.86 1.596 6.8
20071002 0.6 0.82 1.811 6.3
20071003 0 0.66 1.812 4.9
20071004 0 0.78 1.811 4.8
20071005 0 0.73 1.712 2.2
20071006 0 0.52 1.626 3.4
20071007 0.8 1.15 1.557 5.6
20071008 0.3 1.13 1.497 2.5
20071009 0.1 1.12 1.452 2.3
20071010 0 0.79 1.375 0
20071011 0.7 0.21 1.364 -0.9
20071012 8.3 0.86 1.326 -2.5
20071013 0 0.23 1.291 -2.2
20071014 2.3 0.61 1.374 2.6
20071015 0.1 0.28 1.592 2.4
20071016 0.1 1.04 1.782 8.6
20071017 0.1 0.85 1.812 3.3
20071018 0.1 0.94 1.767 -0.1
20071019 0.5 0.69 1.647 0
20071020 0.8 0.29 1.613 1.2
20071021 2.2 0.41 1.609 3.9
20071022 0.9 0.81 1.626 5.5
20071023 0 0.84 1.626 1.8
20071024 0 0.32 1.626 2
20071025 0 0.4 1.55 -0.2
20071026 0 1.55 1.514 2.8
20071027 0 0.28 1.449 4.7
20071028 1.7 0.81 1.499 8.7
20071029 4.6 0.99 1.517 3.7
20071030 1.3 0.85 1.607 0.9
20071031 1.8 0.38 1.611 -1.3
20071101 3 0.92 1.5 0.4
20071102 0.1 0.57 1.452 -0.9
20071103 5.7 0.37 1.452 1.1
20071104 0.4 0.84 1.433 -1.2
20071105 0 0.23 1.37 -4.7
20071106 4.5 0.57 1.355 -2.8
20071107 1.4 0.28 1.291 -2.1
20071108 0 0.37 1.291 -0.7
20071109 10.4 0.86 1.291 -2.5
20071110 2 0.43 1.216 -3.4
20071111 1.9 0.52 1.214 -2.2
20071112 2.5 0.35 1.214 -2.1
20071113 0.3 0.27 1.214 -7.3
20071114 0.1 0.36 1.214 -6.9
20071115 0 0.28 1.158 -2
20071116 0.5 0.4 1.201 3.4
20071117 0.8 0.5 1.214 -0.1
20071118 0 0.25 1.214 -4.4
20071119 0 0.28 1.167 -3.4
20071120 0 0.42 1.141 -7.4
20071121 0 0.22 1.113 -5.1
20071122 1.3 0.31 1.071 -1.7
20071123 2.5 0.59 1.071 -3.5
20071124 0.1 0.36 1.05 -4.1
20071125 1.4 0.45 1.004 -4.2
20071126 5 0.35 1.004 -4
20071127 0.4 0.34 0.999 -4.7
20071128 0.3 0.22 0.939 -4.9
20071129 5.3 0.39 0.975 -3.9
20071130 11.1 0.4 1.004 -3.6
20071201 5.3 0.41 1.016 -1.7
20071202 19.1 0.29 1.061 -2.9
20071203 0.6 0.23 1.004 -5.7
20071204 1.5 0.29 1.004 -9.5
20071205 2.8 0.11 1.004 -0.1
20071206 5.1 0.56 1.004 2.1
20071207 1.1 0.37 1.004 -0.6
20071208 0.4 0.51 1.046 -1.4
20071209 0.2 0.51 1.004 -7.9
20071210 0.3 0.23 1.004 -8.1
20071211 0.1 0.27 0.986 -5.6
20071212 0.1 0.4 0.939 -15
20071213 0 0.23 0.917 -20.2
20071214 0 0.19 0.877 -18.5
20071215 0 0.19 0.867 -16
20071216 0 0.24 0.817 -16.7
20071217 0 0.19 0.817 -15
20071218 0 0.19 0.762 -8.7
20071219 0 0.63 0.76 -11
20071220 0 1.1 0.76 2.7
20071221 0 0.7 0.733 -7.7
20071222 0 0.31 0.706 -10.5
20071223 0 0.22 0.706 -16.5
20071224 0 0.25 0.694 -8.3
20071225 0 0.56 0.659 -12.1
20071226 4.6 0.01 0.666 -2.3
20071227 0.2 0.55 0.68 3.8
20071228 2 0.89 0.659 -2.3
20071229 0.5 0.22 0.705 -5.4
20071230 8.2 0.39 0.706 -0.8
20071231 0.8 0.51 0.706 -5.7
