"date" "P" "Q" "ET" "GWL"
2002010100 0 0.0851357631 0 NA
2002010101 0 0.0840296077 0 NA
2002010102 0 0.0832174754 0 NA
2002010103 0 0.0822870554 0 NA
2002010104 0 0.0816086769 0 NA
2002010105 0 0.0809327769 0 NA
2002010106 0 0.0801390877 0 NA
2002010107 0 0.0794092985 0 NA
2002010108 0 0.0794092985 0 NA
2002010109 0 0.0782023015 0.0167979003 NA
2002010110 0 0.0775439585 0.0640419948 NA
2002010111 0 0.0766497046 0.1007874016 NA
2002010112 0 0.0757019908 0.1154855643 NA
2002010113 0 0.0751135985 0.0598425197 NA
2002010114 0 0.07487856 0.0262467192 NA
2002010115 0 0.07487856 0.0146981627 NA
2002010116 0 0.07487856 0.0020997375 NA
2002010117 0 0.07487856 0 NA
2002010118 0 0.07487856 0 NA
2002010119 0 0.07487856 0 NA
2002010120 0 0.07487856 0 NA
2002010121 0 0.07487856 0 NA
2002010122 0 0.07487856 0 NA
2002010123 0 0.0746447815 0 NA
2002010200 0 0.0744110031 0 NA
2002010201 0 0.0744110031 0 NA
2002010202 0 0.0743525862 0 NA
2002010203 0 0.0741773354 0 NA
2002010204 0 0.0741773354 0 NA
2002010205 0 0.0740607231 0 NA
2002010206 0 0.0737695246 0 NA
2002010207 0 0.0737113292 0 NA
2002010208 0 0.0735523615 0 NA
2002010209 0 0.0731322 0.0048780488 NA
2002010210 0 0.0729876185 0.0165853659 NA
2002010211 0 0.0722101985 0.0204878049 NA
2002010212 0 0.0717511015 0.0292682927 NA
2002010213 0 0.0709527323 0.036097561 NA
2002010214 0 0.0709527323 0.0604878049 NA
2002010215 0 0.0709527323 0.0292682927 NA
2002010216 0 0.0709527323 0.0029268293 NA
2002010217 0 0.0709527323 0 NA
2002010218 0 0.0709527323 0 NA
2002010219 0 0.0709527323 0 NA
2002010220 0 0.0709527323 0 NA
2002010221 0 0.0703858708 0 NA
2002010222 0 0.0698770662 0 NA
2002010223 0 0.0694835723 0 NA
2002010300 0 0.0693150923 0 NA
2002010301 0 0.0686439969 0 NA
2002010302 0 0.0678089908 0 NA
2002010303 0 0.0672566123 0 NA
2002010304 0 0.0671460923 0 NA
2002010305 0 0.0668164015 0 NA
2002010306 0 0.0667065046 0 NA
2002010307 0 0.0667065046 0 NA
2002010308 0 0.0658313723 0 NA
2002010309 0 0.0652881877 0.0175097276 NA
2002010310 0 0.0640996615 0.0554474708 NA
2002010311 0 0.0636718154 0.0992217899 NA
2002010312 0 0.0627659446 0.1177042802 NA
2002010313 0 0.0621844338 0.1011673152 NA
2002010314 0 0.0617622646 0.0719844358 NA
2002010315 0 0.0615006 0.0321011673 NA
2002010316 0 0.0607156062 0.0048638132 NA
2002010317 0 0.0602485062 0 NA
2002010318 0 0.0600928062 0 NA
2002010319 0 0.0592676862 0 NA
2002010320 0 0.0587050062 0 NA
2002010321 0 0.0581941662 0 NA
2002010322 0 0.0577516708 0 NA
2002010323 0 0.0568306523 0 NA
2002010400 0 0.0559325077 0 NA
2002010401 0 0.0556331262 0 NA
2002010402 0 0.0545993418 0 NA
2002010403 0 0.0542547471 0 NA
2002010404 0 0.0542547471 0 NA
2002010405 0 0.0521266542 0 NA
2002010406 0 0.0521266542 0 NA
2002010407 0 0.0513678794 0 NA
2002010408 0 0.0506091046 0 NA
2002010409 0 0.0496286848 0.0235294118 NA
2002010410 0 0.0486100385 0.0537815126 NA
2002010411 0 0.0479220715 0.074789916 NA
2002010412 0 0.0475121229 0.0840336134 NA
2002010413 0 0.0474666425 0.0781512605 NA
2002010414 0 0.0474666425 0.0571428571 NA
2002010415 0 0.0472965078 0.025210084 NA
2002010416 0 0.0472850806 0.0033613445 NA
2002010417 0 0.0472850806 0 NA
2002010418 0 0.0471496805 0 NA
2002010419 0 0.0465192166 0 NA
2002010420 0 0.0457593037 0 NA
2002010421 0 0.0450945678 0 NA
2002010422 0 0.0445348385 0 NA
2002010423 0 0.0437383662 0 NA
2002010500 0 0.0429618489 0 NA
2002010501 0 0.042107616 0 NA
2002010502 0 0.0416830375 0 NA
2002010503 0 0.0405429674 0 NA
2002010504 0 0.040177152 0 NA
2002010505 0 0.040177152 0 NA
2002010506 0 0.0394366874 0 NA
2002010507 0 0.0391898658 0 NA
2002010508 0 0.0387836972 0 NA
2002010509 0 0.0383775286 0.0188585608 NA
2002010510 0 0.0374155034 0.0496277916 NA
2002010511 0 0.0374155034 0.0754342432 NA
2002010512 0 0.0374155034 0.0873449132 NA
2002010513 0 0.0374155034 0.0803970223 NA
2002010514 0 0.0374155034 0.058560794 NA
2002010515 0 0.0374155034 0.0267990074 NA
2002010516 0 0.0374155034 0.0029776675 NA
2002010517 0 0.0374155034 0 NA
2002010518 0 0.0374155034 0 NA
2002010519 0 0.0374155034 0 NA
2002010520 0 0.0374155034 0 NA
2002010521 0 0.0372252378 0 NA
2002010522 0 0.0366544412 0 NA
2002010523 0 0.0366544412 0 NA
2002010600 0 0.0366544412 0 NA
2002010601 0 0.035872488 0 NA
2002010602 0 0.035872488 0 NA
2002010603 0 0.0350987815 0 NA
2002010604 0 0.0350987815 0 NA
2002010605 0 0.0350987815 0 NA
2002010606 0 0.0350987815 0 NA
2002010607 0 0.0350987815 0 NA
2002010608 0 0.0350987815 0 NA
2002010609 0.2 0.0356345238 0.0019230769 NA
2002010610 0 0.0350993395 0.0115384615 NA
2002010611 0 0.0347919674 0.0221153846 NA
2002010612 0 0.0347153566 0.0201923077 NA
2002010613 0 0.0346387458 0.0201923077 NA
2002010614 0 0.0346387458 0.0153846154 NA
2002010615 0 0.0346387458 0.0076923077 NA
2002010616 0 0.0346387458 0.0009615385 NA
2002010617 0 0.0346387458 0 NA
2002010618 0 0.0346387458 0 NA
2002010619 0 0.0346387458 0 NA
2002010620 0 0.0346387458 0 NA
2002010621 0 0.0347153566 0 NA
2002010622 0 0.0348687443 0 NA
2002010623 0 0.0350987815 0 NA
2002010700 0 0.0353688978 0 NA
2002010701 0 0.0359119495 0 NA
2002010702 0 0.0364974992 0 NA
2002010703 0 0.0373772825 0 NA
2002010704 0 0.0385407734 0 NA
2002010705 0 0.0395997729 0 NA
2002010706 0 0.0404259715 0 NA
2002010707 0 0.0412617143 0 NA
2002010708 0 0.0419373886 0 NA
2002010709 0 0.0427034437 0.0047244094 NA
2002010710 0 0.0430902831 0.0149606299 NA
2002010711 0 0.0436948837 0.0220472441 NA
2002010712 0 0.0441733375 0.0204724409 NA
2002010713 0 0.0455832955 0.0204724409 NA
2002010714 0 0.0465637431 0.011023622 NA
2002010715 0 0.0478314845 0.005511811 NA
2002010716 0 0.0492103288 0.0007874016 NA
2002010717 0 0.0512244415 0 NA
2002010718 0 0.0527512625 0 NA
2002010719 0 0.0540599538 0 NA
2002010720 0 0.0552377825 0 NA
2002010721 0 0.0564301385 0 NA
2002010722 0 0.0575863338 0 NA
2002010723 0 0.0587551846 0 NA
2002010800 0 0.0595765108 0 NA
2002010801 0 0.0604040123 0 NA
2002010802 0 0.0612379385 0 NA
2002010803 0 0.0618017538 0 NA
2002010804 0 0.0622893738 0 NA
2002010805 0 0.0630846415 0 NA
2002010806 0 0.0638856415 0 NA
2002010807 0 0.06469218 0 NA
2002010808 0 0.0655047415 0 NA
2002010809 0 0.0662677477 0.0037037037 NA
2002010810 0 0.0670363062 0.012345679 NA
2002010811 0 0.0677955462 0.0197530864 NA
2002010812 0 0.0682536462 0.0419753086 28.212
2002010813 0 0.0690910892 0.0444444444 28.215
2002010814 0 0.0705141 0.0530864198 28.22
2002010815 0 0.0724411938 0.0234567901 28.226
2002010816 0 0.0747638862 0.0012345679 28.231
2002010817 0 0.0771855092 0 28.234
2002010818 0 0.0784433492 0 28.238
2002010819 0 0.0792880892 0 28.241
2002010820 0 0.0796522154 0 28.243
2002010821 0 0.0796522154 0 28.245
2002010822 0 0.0796522154 0 28.247
2002010823 0 0.0793488185 0 28.248
2002010900 0 0.0785636169 0 28.248
2002010901 0 0.0776329754 0 28.247
2002010902 0 0.0760573523 0 28.246
2002010903 0 0.0747617954 0 28.244
2002010904 0 0.0735090508 0 28.243
2002010905 0 0.0716950246 0 28.241
2002010906 0 0.0699909092 0 28.24
2002010907 0 0.0685884738 0 28.237
2002010908 0 0.0669271015 0 28.235
2002010909 0 0.0652337862 0.0163461538 28.232
2002010910 0 0.063459 0.0413461538 28.228
2002010911 0 0.0615529523 0.0653846154 28.225
2002010912 0 0.05988672 0.0923076923 28.222
2002010913 0 0.0585514938 0.0932692308 28.219
2002010914 0 0.0573840554 0.0596153846 28.216
2002010915 0 0.0565799538 0.0278846154 28.215
2002010916 0 0.0560803985 0.0038461538 28.212
2002010917 0 0.0557325138 0 28.211
2002010918 0 0.0555339877 0 28.209
2002010919 0 0.0550892354 0 28.208
2002010920 0 0.0546463565 0 28.206
2002010921 0 0.0539617791 0 28.204
2002010922 0 0.0532815148 0 28.203
2002010923 0 0.0525102452 0 28.201
2002011000 0 0.0515075192 0 28.199
2002011001 0 0.0506096017 0 28.198
2002011002 0 0.0496736834 0 28.196
2002011003 0 0.0488394969 0 28.194
2002011004 0 0.0479218805 0 28.193
2002011005 0 0.0470140837 0 28.191
2002011006 0 0.0461607978 0 28.189
2002011007 0 0.0452492889 0 28.187
2002011008 0 0.0445230609 0.0008982036 28.185
2002011009 0 0.0436949917 0.0107784431 28.183
2002011010 0 0.0427894477 0.024251497 28.181
2002011011 0 0.04240458 0.0467065868 28.179
2002011012 0 0.0433484945 0.0637724551 28.177
2002011013 0 0.0422362606 0.0691616766 28.176
2002011014 0 0.0408845631 0.0520958084 28.175
2002011015 0 0.040508784 0.0278443114 28.173
2002011016 0 0.040508784 0.004491018 28.172
2002011017 0 0.0406755028 0 28.171
2002011018 0 0.0406755028 0 28.17
2002011019 0 0.0406755028 0 28.169
2002011020 0 0.0406755028 0 28.168
2002011021 0 0.0401360663 0 28.167
2002011022 0 0.0393231295 0 28.165
2002011023 0 0.0387017017 0 28.165
2002011100 0 0.0381359963 0 28.164
2002011101 0 0.0375349915 0 28.163
2002011102 0 0.0371371652 0 28.162
2002011103 0 0.0367812637 0 28.161
2002011104 0 0.0364974992 0 28.16
2002011105 0 0.0361846246 0 28.159
2002011106 0 0.035794728 0 28.158
2002011107 0 0.0355236923 0 28.157
2002011108 0 0.0350993395 0 28.156
2002011109 0 0.0347920505 0.0074074074 28.155
2002011110 0 0.0342957545 0.0185185185 28.154
2002011111 0.3 0.0341816455 0.0111111111 28.153
2002011112 0 0.0345364491 0.0222222222 28.153
2002011113 0.1 0.0378397468 0.0148148148 28.152
2002011114 0 0.0390265255 0.0148148148 28.151
2002011115 0 0.0373896208 0.0092592593 28.151
2002011116 0 0.0351768614 0.0018518519 28.15
2002011117 0 0.0345622929 0 28.149
2002011118 0 0.03448584 0 28.149
2002011119 0 0.03448584 0 28.149
2002011120 0 0.03448584 0 28.15
2002011121 0 0.0347537451 0 28.15
2002011122 0 0.0349838363 0 28.151
2002011123 0 0.0350987815 0 28.151
2002011200 0 0.0352529889 0 28.152
2002011201 0 0.0355236923 0 28.153
2002011202 0 0.0356396898 0 28.155
2002011203 0.3 0.0359115425 0 28.156
2002011204 0.1 0.0364193225 0 28.158
2002011205 0 0.0368999917 0 28.16
2002011206 0 0.0378152169 0 28.162
2002011207 0 0.0387424689 0 28.164
2002011208 0 0.0396822905 0 28.167
2002011209 0 0.0405094278 0.0042857143 28.17
2002011210 0 0.0414303286 0.0128571429 28.172
2002011211 0 0.0425222945 0.0171428571 28.175
2002011212 0.1 0.0435219231 0.02 28.177
2002011213 0.1 0.0445672246 0.0185714286 28.181
2002011214 0 0.0461164722 0.0171428571 28.185
2002011215 0 0.0477866769 0.0085714286 28.19
2002011216 0 0.0500959177 0.0014285714 28.193
2002011217 0 0.0524162728 0 28.197
2002011218 0 0.0546984955 0 28.201
2002011219 0 0.0565803554 0 28.204
2002011220 0 0.0580933523 0 28.208
2002011221 0 0.0594736615 0 28.212
2002011222 0 0.06082056 0 28.214
2002011223 0 0.0618675923 0 28.216
2002011300 0 0.0626067277 0 28.218
2002011301 0 0.0631378246 0 28.22
2002011302 0 0.0635644523 0 28.222
2002011303 0 0.0641005892 0 28.224
2002011304 0 0.0648001523 0 28.225
2002011305 0 0.0650159723 0 28.225
2002011306 0 0.0651785538 0 28.225
2002011307 0 0.0651785538 0 28.227
2002011308 0 0.0651785538 0 28.227
2002011309 0 0.0650159723 0.0217889908 28.226
2002011310 0 0.0645306369 0.0573394495 28.225
2002011311 0 0.0636180369 0.0894495413 28.224
2002011312 0 0.0627129969 0.1043577982 28.224
2002011313 0 0.0618675923 0.1009174312 28.223
2002011314 0 0.0611333031 0.0779816514 28.222
2002011315 0 0.0608199508 0.0424311927 28.222
2002011316 0 0.0607156062 0.005733945 28.222
2002011317 0 0.0607156062 0 28.222
2002011318 0 0.0610679631 0 28.22
2002011319 0 0.0611334277 0 28.22
2002011320 0 0.0611334277 0 28.219
2002011321 0 0.0610811446 0 28.218
2002011322 0 0.0609242954 0 28.217
2002011323 0 0.0605207631 0 28.216
2002011400 0 0.0597827908 0 28.214
2002011401 0 0.0589598585 0 28.213
2002011402 0 0.0580927569 0 28.211
2002011403 0 0.0571320969 0 28.21
2002011404 0 0.0563298785 0 28.208
2002011405 0 0.0554355194 0 28.207
2002011406 0 0.0544507934 0 28.205
2002011407 0 0.0534271085 0 28.203
2002011408 0 0.0525104322 0.0007633588 28.202
2002011409 0 0.0516026631 0.0160305344 28.2
2002011410 0 0.0506096017 0.0221374046 28.198
2002011411 0 0.0496271409 0.013740458 28.196
2002011412 0 0.0488394969 0.013740458 28.194
2002011413 0 0.0482876834 0.0152671756 28.192
2002011414 0 0.0481959415 0.0106870229 28.192
2002011415 0 0.047921508 0.0061068702 28.191
2002011416 0 0.0475575189 0.0015267176 28.19
2002011417 0 0.047421252 0 28.189
2002011418 0 0.0472850806 0 28.189
2002011419 0 0.0472850806 0 28.189
2002011420 0 0.0472850806 0 28.189
2002011421 0 0.0472850806 0 28.189
2002011422 0 0.047421252 0 28.19
2002011423 0 0.0474666425 0 28.19
2002011500 0 0.0474666425 0 28.191
2002011501 0 0.0474666425 0 28.191
2002011502 0 0.0476030838 0 28.192
2002011503 0 0.0478304322 0 28.192
2002011504 0 0.0480586362 0 28.193
2002011505 0 0.0481959415 0 28.193
2002011506 0 0.0483449206 0 28.193
2002011507 0 0.0486550357 0 28.193
2002011508 0 0.0487467858 0.0011299435 28.193
2002011509 0 0.0487467858 0.006779661 28.193
2002011510 0 0.0487467858 0.0146892655 28.192
2002011511 0 0.0487467858 0.0361581921 28.192
2002011512 0 0.0486091606 0.0610169492 28.192
2002011513 0 0.0484713554 0.0497175141 28.191
2002011514 0 0.0483794252 0.0237288136 28.192
2002011515 0 0.0483794252 0.006779661 28.192
2002011516 0 0.0483794252 0 28.191
2002011517 0 0.0483794252 0 28.19
2002011518 0 0.0483335543 0 28.188
2002011519 0 0.0481959415 0 28.187
2002011520 0.2 0.0481501731 0 28.186
2002011521 0.4 0.0480128677 0 28.185
2002011522 0.1 0.0480128677 0 28.184
2002011523 0.1 0.0480128677 0 28.183
2002011600 0.3 0.0481044046 0 28.182
2002011601 0.6 0.0481959415 0 28.182
2002011602 0.2 0.0487017858 0 28.182
2002011603 0.1 0.0505653882 0 28.182
2002011604 0.3 0.0527033492 0 28.185
2002011605 0.2 0.0546972258 0 28.188
2002011606 0 0.0571350738 0 28.192
2002011607 0 0.0597847846 0 28.196
2002011608 0 0.0621853615 0 28.202
2002011609 0 0.0641010877 0.0097902098 28.206
2002011610 0 0.0653962569 0.0195804196 28.21
2002011611 0 0.0662677477 0.027972028 28.212
2002011612 0 0.0665966769 0.0461538462 28.216
2002011613 0 0.0667612938 0.0307692308 28.219
2002011614 0 0.0670359877 0.0251748252 28.223
2002011615 0 0.0680876169 0.0321678322 28.224
2002011616 0 0.0690346246 0.0083916084 28.226
2002011617 0 0.0691466954 0 28.227
2002011618 0 0.0688111477 0 28.227
2002011619 0 0.0682674785 0 28.227
2002011620 0 0.0675880754 0 28.228
2002011621 0 0.0669815169 0 28.228
2002011622 0 0.0663225508 0 28.227
2002011623 0 0.0655047415 0 28.227
2002011700 0 0.0648407908 0 28.227
2002011701 0 0.0643687892 0 28.227
2002011702 0 0.0636717323 0 28.226
2002011703 0 0.0628722277 0 28.225
2002011704 0 0.0622889723 0 28.225
2002011705 0 0.0617097877 0 28.224
2002011706 0.2 0.0611854615 0 28.224
2002011707 0 0.0608721231 0 28.223
2002011708 0 0.0605594215 0 28.222
2002011709 0 0.0601965415 0.0056338028 28.221
2002011710 0 0.0599892646 0.014084507 28.22
2002011711 0.4 0.0596018769 0.0225352113 28.22
2002011712 0 0.0592676862 0.0338028169 28.219
2002011713 0 0.0592676862 0.0478873239 28.219
2002011714 0 0.0595249615 0.0366197183 28.221
2002011715 0 0.0597307015 0.0309859155 28.222
2002011716 0 0.0600410354 0.0084507042 28.223
2002011717 0 0.0603002769 0 28.224
2002011718 0 0.0604555892 0 28.224
2002011719 0 0.06050736 0 28.224
2002011720 0 0.0604555892 0 28.224
2002011721 0 0.0601965415 0 28.223
2002011722 0 0.0596793462 0 28.222
2002011723 0 0.0591651554 0 28.222
2002011800 0 0.05844906 0 28.221
2002011801 0 0.0577377692 0 28.22
2002011802 0.3 0.0570813092 0 28.219
2002011803 0.5 0.0570309231 0 28.219
2002011804 0.7 0.0569056431 0 28.218
2002011805 0.1 0.0578907831 0 28.218
2002011806 0 0.0600938031 0 28.219
2002011807 0 0.0616052354 0 28.222
2002011808 0 0.0632453815 0 28.225
2002011809 0 0.0647463738 0.0081818182 28.228
2002011810 0 0.0659403 0.0245454545 28.23
2002011811 0 0.06670638 0.0313636364 28.232
2002011812 0 0.0671462031 0.0613636364 28.234
2002011813 0 0.0674775692 0.075 28.236
2002011814 0 0.0675881723 0.0504545455 28.239
2002011815 0 0.0675881723 0.0354545455 28.24
2002011816 0 0.0675881723 0.0136363636 28.241
2002011817 0 0.0674775692 0 28.241
2002011818 0 0.0672013108 0 28.241
2002011819 0 0.06670638 0 28.241
2002011820 0 0.0662130554 0 28.241
2002011821 0 0.0657223477 0 28.241
2002011822 0 0.0652871354 0 28.24
2002011823 0 0.0645304431 0 28.24
2002011900 0 0.06409998 0 28.241
2002011901 0 0.06385896 0 28.24
2002011902 0 0.0636714277 0 28.24
2002011903 0 0.0636714277 0 28.24
2002011904 0.7 0.0633507231 0 28.24
2002011905 0.2 0.0632439692 0 28.239
2002011906 0.3 0.0636715108 0 28.239
2002011907 0 0.0651252877 0 28.24
2002011908 0 0.0664871677 0 28.24
2002011909 0 0.0677544231 0.0027906977 28.241
2002011910 0 0.0688113554 0.0251162791 28.243
2002011911 0 0.0695960585 0.0306976744 28.244
2002011912 0 0.0699335169 0.0558139535 28.246
2002011913 0 0.0701595138 0.0753488372 28.248
2002011914 0 0.0702726092 0.0669767442 28.25
2002011915 0 0.0702726092 0.0306976744 28.25
2002011916 0 0.0702020492 0.0125581395 28.25
2002011917 0 0.0694836831 0 28.25
2002011918 0 0.0685880723 0 28.249
2002011919 0 0.0676435708 0 28.248
2002011920 0 0.0665417492 0 28.247
2002011921 0 0.0654505477 0 28.246
2002011922 0 0.0642080492 0 28.244
2002011923 0 0.0630317492 0 28.242
2002012000 0 0.0618154338 0 28.241
2002012001 0 0.06071634 0 28.239
2002012002 0 0.0595769123 0 28.237
2002012003 0 0.0583978846 0 28.236
2002012004 0 0.05763672 0 28.235
2002012005 0 0.0567302815 0 28.233
2002012006 0 0.0561799523 0 28.232
2002012007 0 0.0556332508 0 28.231
2002012008 0 0.0552371982 0 28.229
2002012009 0 0.0547200678 0.0077777778 28.228
2002012010 0 0.054352332 0.0166666667 28.227
2002012011 0 0.0540592685 0.0222222222 28.227
2002012012 0 0.0538639809 0.0144444444 28.225
2002012013 0 0.0538639809 0.0222222222 28.225
2002012014 0 0.0536692154 0.0088888889 28.225
2002012015 0 0.0536692154 0.0066666667 28.227
2002012016 0.2 0.0538884208 0.0011111111 28.227
2002012017 0.3 0.0543036295 0 28.228
2002012018 1.6 0.0551387243 0 28.229
2002012019 1.1 0.0568838908 0 28.229
2002012020 1.2 0.0612495969 0 28.231
2002012021 0.3 0.0677168031 0 28.24
2002012022 0 0.0762617354 0 28.26
2002012023 0 0.0862649723 0 28.28
2002012100 0 0.0957508062 0 28.293
2002012101 0 0.1033206231 0 28.301
2002012102 0 0.1067302108 0 28.306
2002012103 0 0.1080079338 0 28.309
2002012104 0 0.1078811723 0 28.31
2002012105 0 0.1074487292 0 28.311
2002012106 0.1 0.1062273462 0 28.312
2002012107 0.4 0.1048719185 0 28.312
2002012108 0 0.1040915631 0 28.311
2002012109 0.1 0.1038083262 0.0028985507 28.311
2002012110 0 0.1033148354 0.0086956522 28.311
2002012111 0 0.1031036677 0.0188405797 28.311
2002012112 0 0.1027517538 0.0115942029 28.311
2002012113 0 0.1024008923 0.0130434783 28.311
2002012114 0 0.1018412308 0.0289855072 28.312
2002012115 0 0.1012134185 0.0144927536 28.312
2002012116 0 0.1005008262 0.0014492754 28.312
2002012117 0 0.0995500108 0 28.311
2002012118 0 0.0980396585 0 28.31
2002012119 0 0.09674496 0 28.309
2002012120 0 0.0954610615 0 28.307
2002012121 0 0.0943201523 0 28.306
2002012122 0 0.0931875231 0 28.305
2002012123 0 0.0919303477 0 28.304
2002012200 0 0.0907487723 0 28.303
2002012201 0 0.0897869631 0 28.301
2002012202 0 0.0886056508 0 28.299
2002012203 0 0.08738442 0 28.298
2002012204 0 0.0863635985 0 28.297
2002012205 0 0.0856655169 0 28.295
2002012206 0 0.0847192569 0 28.293
2002012207 0 0.0836542938 0 28.291
2002012208 0 0.0827207169 0.0031746032 28.289
2002012209 0 0.0812398154 0.0126984127 28.286
2002012210 0 0.0794103923 0.0174603175 28.283
2002012211 0 0.0779627354 0.026984127 28.28
2002012212 0 0.0763090615 0.0301587302 28.277
2002012213 0.5 0.0745281831 0.0365079365 28.274
2002012214 0.2 0.0733638462 0.0253968254 28.271
2002012215 0 0.07272774 0.0301587302 28.269
2002012216 0 0.0722677846 0.0174603175 28.267
2002012217 0 0.07095348 0 28.265
2002012218 0 0.06993396 0 28.263
2002012219 0 0.0693149677 0 28.262
2002012220 0 0.0685880723 0 28.26
2002012221 0 0.0677817415 0 28.259
2002012222 0 0.0668162769 0 28.259
2002012223 0 0.0663225508 0 28.257
2002012300 0 0.0656679462 0 28.256
2002012301 0 0.0650162908 0 28.255
2002012302 0 0.0642619246 0 28.254
2002012303 0 0.0621831877 0 28.253
2002012304 0 0.06155226 0 28.252
2002012305 0 0.0611333031 0 28.251
2002012306 0 0.0606114831 0 28.25
2002012307 0 0.0600929031 0 28.25
2002012308 0 0.0597823754 0.0014492754 28.249
2002012309 0 0.0594221262 0.0289855072 28.248
2002012310 0 0.0588833585 0.068115942 28.247
2002012311 0 0.0581433231 0.0710144928 28.246
2002012312 0 0.0578384862 0.0594202899 28.245
2002012313 0 0.0576366646 0.0376811594 28.246
2002012314 0.6 0.0576366646 0.0173913043 28.246
2002012315 0.3 0.05768712 0.0130434783 28.246
2002012316 0.4 0.0583981892 0.0028985507 28.246
2002012317 0.2 0.0600420323 0 28.247
2002012318 0 0.0616058446 0 28.249
2002012319 0 0.0632448831 0 28.251
2002012320 0 0.0646925815 0 28.254
2002012321 0 0.0659951031 0 28.258
2002012322 0 0.0674779569 0 28.262
2002012323 0 0.0683651908 0 28.264
2002012400 0 0.0689228862 0 28.266
2002012401 0 0.0693150923 0 28.267
2002012402 0 0.0695961969 0 28.269
2002012403 0 0.0694837108 0 28.269
2002012404 0 0.06925896 0 28.269
2002012405 0 0.0688671831 0 28.269
2002012406 0 0.06846246 0 28.27
2002012407 0 0.0682535631 0 28.27
2002012408 0 0.0678648046 0 28.269
2002012409 0.2 0.0672567231 0.0055045872 28.267
2002012410 1.7 0.0662683985 0.0091743119 28.265
2002012411 1.3 0.0654502292 0.0275229358 28.262
2002012412 0 0.0683187785 0.0440366972 28.26
2002012413 0.1 0.0723277523 0.0201834862 28.267
2002012414 0 0.0760031446 0.0532110092 28.278
2002012415 0 0.0806319831 0.0385321101 28.285
2002012416 0 0.0848484554 0.0018348624 28.287
2002012417 0 0.0877695923 0 28.287
2002012418 0.1 0.0893165815 0 28.286
2002012419 0.2 0.08938134 0 28.283
2002012420 0 0.0876581308 0 28.28
2002012421 0 0.0852242677 0 28.277
2002012422 0 0.0828465646 0 28.273
2002012423 0.2 0.0803833892 0 28.27
2002012500 0 0.0785038569 0 28.267
2002012501 0 0.07682832 0 28.263
2002012502 0 0.07523154 0 28.26
2002012503 0 0.0737266846 0 28.257
2002012504 0 0.0723828185 0 28.254
2002012505 0 0.07088238 0 28.251
2002012506 0 0.0696524815 0 28.248
2002012507 0 0.0688113554 0 28.245
2002012508 0 0.0676992046 0.0023866348 28.241
2002012509 0 0.0663097431 0.0346062053 28.238
2002012510 0 0.06496272 0.0680190931 28.235
2002012511 0 0.0635652692 0.0668257757 28.233
2002012512 0 0.0625008738 0.1145584726 28.23
2002012513 0 0.0617097877 0.0966587112 28.228
2002012514 0 0.0612377446 0.0680190931 28.227
2002012515 0 0.0610288615 0.0393794749 28.225
2002012516 0 0.0609242954 0.0095465394 28.224
2002012517 0 0.0607677785 0 28.222
2002012518 0 0.0607156062 0 28.221
2002012519 0.5 0.06050736 0 28.22
2002012520 0.2 0.06050736 0 28.22
2002012521 0.3 0.0610813246 0 28.22
2002012522 0.3 0.0629268231 0 28.22
2002012523 0.8 0.0648019938 0 28.223
2002012600 0.1 0.0678135185 0 28.225
2002012601 0.1 0.0717579831 0 28.229
2002012602 0 0.0760031446 0 28.234
2002012603 0 0.0800808092 0 28.239
2002012604 0.8 0.0837811246 0 28.242
2002012605 1 0.08617392 0 28.246
2002012606 0.5 0.0887363169 0 28.249
2002012607 0 0.0960175385 0 28.255
2002012608 0 0.1031177492 0.0012345679 28.269
2002012609 0 0.1094114769 0.0160493827 28.281
2002012610 0 0.1136788062 0.0320987654 28.289
2002012611 0 0.1157538462 0.0395061728 28.293
2002012612 0 0.11637504 0.0333333333 28.296
2002012613 0 0.1157916323 0.0469135802 28.299
2002012614 0 0.1144226631 0.024691358 28.301
2002012615 0 0.1131560031 0.0049382716 28.302
2002012616 0.3 0.1118422523 0.0012345679 28.301
2002012617 1.1 0.1105007123 0 28.301
2002012618 0.2 0.1097698015 0 28.3
2002012619 0 0.1118255123 0 28.299
2002012620 0.2 0.1137517615 0 28.299
2002012621 1.1 0.1150224646 0 28.299
2002012622 2.3 0.1167540646 0 28.304
2002012623 2.6 0.1228224738 0 28.311
2002012700 2.3 0.1476003185 0 28.339
2002012701 0.7 0.2016070062 0 28.38
2002012702 0.6 0.2710175538 0 28.423
2002012703 1.6 0.3339462323 0 28.454
2002012704 0.4 0.3656906862 0 28.475
2002012705 0.5 0.3682269138 0 28.496
2002012706 0 0.3645061615 0 28.511
2002012707 0 0.36080082 0 28.523
2002012708 0 0.3621295246 0.0013513514 28.529
2002012709 0 0.3613904585 0.0202702703 28.531
2002012710 0 0.3313340031 0.0391891892 28.531
2002012711 0 0.2915011938 0.0540540541 28.529
2002012712 0 0.2644916954 0.0675675676 28.527
2002012713 0 0.24439554 0.1162162162 28.523
2002012714 0 0.2314035831 0.0594594595 28.518
2002012715 0 0.2185040908 0.0324324324 28.512
2002012716 0 0.2094308446 0.0094594595 28.505
2002012717 0 0.1999766908 0 28.496
2002012718 0.3 0.1933985215 0 28.486
2002012719 0.8 0.1878810231 0 28.475
2002012720 0 0.1833903277 0 28.466
2002012721 0.2 0.1810343077 0 28.46
2002012722 0.2 0.1823084308 0 28.456
2002012723 0.2 0.1856886231 0 28.452
2002012800 0 0.1879532585 0 28.448
2002012801 0.2 0.1880531723 0 28.444
2002012802 0.3 0.1905666923 0 28.442
2002012803 0.1 0.1946178831 0 28.439
2002012804 0.1 0.1937003538 0 28.437
2002012805 0.2 0.1919816446 0 28.435
2002012806 0 0.1919767154 0 28.434
2002012807 0 0.1910664 0 28.433
2002012808 0 0.1895562 0.0014545455 28.432
2002012809 0 0.1879547815 0.0043636364 28.429
2002012810 0.7 0.1850694646 0.0116363636 28.426
2002012811 0 0.1773837415 0.0189090909 28.421
2002012812 0 0.1727505 0.1221818182 28.417
2002012813 0 0.1728415938 0.1163636364 28.414
2002012814 0.1 0.16747506 0.0552727273 28.411
2002012815 0.5 0.1599239908 0.0421818182 28.406
2002012816 0 0.1511234862 0.0261818182 28.401
2002012817 0 0.1375013631 0.0014545455 28.396
2002012818 0 0.1280276585 0 28.39
2002012819 0 0.1219665046 0 28.385
2002012820 0 0.11698434 0 28.38
2002012821 0 0.1123443138 0 28.376
2002012822 0 0.10781334 0 28.369
2002012823 0 0.1033183108 0 28.363
2002012900 0 0.0992776015 0 28.358
2002012901 0 0.0956650846 0 28.352
2002012902 0 0.0927904292 0 28.347
2002012903 0 0.0904880215 0 28.343
2002012904 0 0.0878985831 0 28.337
2002012905 0 0.0852868246 0 28.333
2002012906 0 0.0829083323 0 28.33
2002012907 0 0.0806735908 0 28.326
2002012908 0 0.0785646692 0 28.322
2002012909 0 0.0766505769 0.0056737589 28.318
2002012910 0 0.0749233246 0.0241134752 28.314
2002012911 0 0.0729590815 0.0439716312 28.311
2002012912 0 0.07180902 0.1205673759 28.306
2002012913 0 0.0699910477 0.065248227 28.303
2002012914 0 0.0684774277 0.0695035461 28.3
2002012915 0 0.0670918985 0.0468085106 28.297
2002012916 0 0.0656141262 0.0241134752 28.295
2002012917 0 0.0643154262 0 28.292
2002012918 0 0.0630319708 0 28.289
2002012919 0 0.0620784 0 28.287
2002012920 0 0.0613420615 0 28.283
2002012921 0 0.0607159385 0 28.281
2002012922 0 0.0598340492 0 28.278
2002012923 0 0.0590112277 0 28.275
2002013000 0 0.0581942908 0 28.272
2002013001 0 0.0570820292 0 28.269
2002013002 0 0.0565307862 0 28.267
2002013003 0 0.0553364612 0 28.265
2002013004 0 0.0541328414 0 28.262
2002013005 0 0.0530400988 0 28.26
2002013006 0 0.0518895415 0 28.259
2002013007 0 0.0507989963 0 28.257
2002013008 0 0.0502332369 0.0014880952 28.256
2002013009 0 0.0495823375 0.037202381 28.254
2002013010 0 0.0489314382 0.0476190476 28.252
2002013011 0 0.0489314382 0.119047619 28.251
2002013012 0 0.0476735802 0.1071428571 28.25
2002013013 0 0.0472850806 0.0863095238 28.249
2002013014 0 0.0472850806 0.056547619 28.248
2002013015 0 0.0472850806 0.0327380952 28.247
2002013016 0 0.0462072365 0.0119047619 28.246
2002013017 0 0.0458479551 0 28.244
2002013018 0 0.0458479551 0 28.243
2002013019 0 0.0458479551 0 28.242
2002013020 0 0.0458479551 0 28.241
2002013021 0 0.0458479551 0 28.239
2002013022 0 0.0458479551 0 28.238
2002013023 0 0.0458479551 0 28.236
2002013100 0 0.0458479551 0 28.235
2002013101 0 0.0458479551 0 28.233
2002013102 0 0.0458479551 0 28.231
2002013103 0.5 0.0458479551 0 28.23
2002013104 0.3 0.0458479551 0 28.228
2002013105 0 0.0458479551 0 28.227
2002013106 0 0.0458479551 0 28.226
2002013107 1 0.0464415688 0 28.225
2002013108 0 0.0481962351 0.0044117647 28.224
2002013109 0 0.0483794252 0.0220588235 28.223
2002013110 0 0.0483794252 0.0323529412 28.222
2002013111 0 0.0483794252 0.0529411765 28.22
2002013112 0 0.0483794252 0.0808823529 28.219
2002013113 0 0.0483794252 0.0632352941 28.218
2002013114 0 0.0479681238 0.125 28.217
2002013115 0 0.0474666425 0.0867647059 28.216
2002013116 0 0.047103912 0.0308823529 28.216
2002013117 0 0.047103912 0.0014705882 28.215
2002013118 0 0.0456698658 0 28.214
2002013119 0 0.0456698658 0 28.213
2002013120 0 0.0450068622 0 28.212
2002013121 0 0.0447858609 0 28.212
2002013122 0 0.0435646578 0 28.211
2002013123 0 0.0435646578 0 28.21
2002020100 0 0.0425321945 0 28.209
2002020101 0 0.0423620723 0 28.208
2002020102 0 0.0418517058 0 28.207
2002020103 0 0.0417673717 0 28.206
2002020104 0 0.0410527163 0 28.205
2002020105 0 0.0406762449 0 28.203
2002020106 0 0.040094352 0 28.2
2002020107 0 0.0397641766 0 28.2
2002020108 0 0.0394356351 0.0014705882 28.198
2002020109 0 0.0390677095 0.0367647059 28.196
2002020110 0 0.0387017862 0.1102941176 28.195
2002020111 0 0.0383776172 0.1058823529 28.194
2002020112 0 0.0378547532 0.0735294118 28.193
2002020113 0 0.0375747369 0.0264705882 28.191
2002020114 0 0.0371767957 0.0191176471 28.191
2002020115 0 0.0368206366 0.0176470588 28.19
2002020116 0 0.0365681257 0.0088235294 28.19
2002020117 0 0.0361164268 0 28.189
2002020118 0 0.0357560889 0 28.187
2002020119 0 0.0353689809 0 28.187
2002020120 0 0.0349454478 0 28.186
2002020121 0 0.0346005983 0 28.185
2002020122 0 0.03410586 0 28.184
2002020123 0 0.0336519152 0 28.183
2002020200 0 0.0332010762 0 28.182
2002020201 0 0.0327531988 0 28.181
2002020202 0 0.0322713443 0 28.18
2002020203 0 0.0319026545 0 28.179
2002020204 0 0.0314635431 0 28.178
2002020205 0 0.0311449251 0 28.177
2002020206 0 0.03079197 0 28.176
2002020207 0 0.0305577775 0 28.176
2002020208 0 0.0303065252 0.0045248869 28.175
2002020209 0 0.0301632411 0.0678733032 28.174
2002020210 0 0.030055968 0.1236802413 28.172
2002020211 0 0.030055968 0.1583710407 28.171
2002020212 0 0.030055968 0.1794871795 28.17
2002020213 0 0.0298426583 0.1764705882 28.169
2002020214 0 0.0294523989 0.1478129713 28.169
2002020215 0 0.0291354009 0.0980392157 28.168
2002020216 0 0.0288195646 0.0422322775 28.168
2002020217 0 0.0286452997 0.0015082956 28.167
2002020218 0 0.0284016018 0 28.165
2002020219 0 0.0282627471 0 28.164
2002020220 0 0.0281591169 0 28.163
2002020221 0 0.0279521543 0 28.162
2002020222 0 0.0277455628 0 28.161
2002020223 0 0.0275399266 0 28.16
2002020300 0 0.0273352237 0 28.16
2002020301 0 0.027130932 0 28.159
2002020302 0 0.0268938374 0 28.159
2002020303 0 0.0266575292 0 28.158
2002020304 0 0.0264222138 0 28.157
2002020305 0 0.0263219982 0 28.157
2002020306 0 0.0261547712 0 28.156
2002020307 0 0.0259880455 0 28.156
2002020308 0 0.0261216706 0.0058394161 28.156
2002020309 0 0.0267588166 0.0510948905 28.155
2002020310 0 0.0269782297 0.1167883212 28.155
2002020311 0 0.0268854314 0.1605839416 28.155
2002020312 0 0.026860104 0.1897810219 28.155
2002020313 0 0.026860104 0.1445255474 28.154
2002020314 0 0.0269615243 0.0700729927 28.154
2002020315 0 0.0273692852 0.0408759124 28.154
2002020316 0 0.0277799275 0.0189781022 28.154
2002020317 0 0.0279176275 0.001459854 28.153
2002020318 0 0.0280901215 0 28.153
2002020319 0 0.0286803374 0 28.152
2002020320 0 0.029065032 0 28.152
2002020321 0 0.029065032 0 28.151
2002020322 0 0.0289948237 0 28.151
2002020323 0 0.0286452997 0 28.15
2002020400 0.1 0.028332216 0 28.149
2002020401 0 0.0281246483 0 28.149
2002020402 0 0.0280901797 0 28.149
2002020403 0.3 0.0280556529 0 28.148
2002020404 0.4 0.0276428548 0 28.147
2002020405 0 0.0271990842 0 28.145
2002020406 0 0.0267587294 0 28.142
2002020407 0 0.0265901995 0 28.139
2002020408 0 0.0262551005 0.0077669903 28.138
2002020409 0 0.0258883228 0.0427184466 28.136
2002020410 0 0.0254915211 0.0699029126 28.136
2002020411 0 0.0251302528 0.0582524272 28.135
2002020412 0 0.0247714006 0.0867313916 28.135
2002020413 0 0.024520104 0.0466019417 28.135
2002020414 0 0.0243584432 0.0466019417 28.135
2002020415 0 0.0241574926 0.0349514563 28.137
2002020416 0 0.0239972691 0.0064724919 28.139
2002020417 0 0.0238292806 0 28.139
2002020418 0 0.0236142166 0 28.139
2002020419 0 0.0235823982 0 28.139
2002020420 0.7 0.0235191822 0 28.14
2002020421 0.2 0.0234243125 0 28.14
2002020422 0.6 0.0235193469 0 28.141
2002020423 0.8 0.0242866052 0 28.143
2002020500 0.2 0.0251961383 0 28.144
2002020501 0.1 0.0261888383 0 28.146
2002020502 0 0.0272678123 0 28.151
2002020503 0.2 0.028193976 0 28.154
2002020504 1.6 0.0283668258 0 28.157
2002020505 2.6 0.028960794 0 28.16
2002020506 1.3 0.030741768 0 28.165
2002020507 0.4 0.0352266231 0 28.183
2002020508 0.5 0.0420964048 0 28.21
2002020509 0 0.0507287022 0.0050847458 28.235
2002020510 0 0.0612398215 0.0186440678 28.256
2002020511 1.6 0.0736394123 0.0220338983 28.27
2002020512 6.3 0.0845508046 0.0152542373 28.28
2002020513 1.1 0.0932206985 0.0372881356 28.292
2002020514 0 0.1137844523 0.0389830508 28.328
2002020515 0 0.1373533477 0.0508474576 28.377
2002020516 0.5 0.1488007385 0.0101694915 28.417
2002020517 0.6 0.1546068185 0.0016949153 28.445
2002020518 6 0.1581933877 0 28.463
2002020519 1 0.1608241015 0 28.475
2002020520 2.3 0.1637577138 0 28.503
2002020521 1.3 0.1675617785 0 28.542
2002020522 0.1 0.2157197677 0 28.583
2002020523 0.4 0.2744498769 0 28.613
2002020600 0 0.2979982108 0 28.634
2002020601 0.5 0.3002396815 0 28.651
2002020602 0.8 0.3016960754 0 28.661
2002020603 0 0.3026241692 0 28.67
2002020604 0 0.3035544923 0 28.678
2002020605 0 0.3044855077 0 28.684
2002020606 0 0.3044855077 0 28.688
2002020607 0 0.3046189985 0 28.689
2002020608 0 0.3050194708 0.0013937282 28.689
2002020609 0 0.3059552631 0.0236933798 28.688
2002020610 0 0.3110625 0.0543554007 28.687
2002020611 0 0.3139043123 0.087804878 28.684
2002020612 0 0.3013218277 0.0682926829 28.683
2002020613 0 0.2864093954 0.0710801394 NA
2002020614 0 0.2741363446 0.037630662 NA
2002020615 0.1 0.2636241231 0.0334494774 NA
2002020616 0.2 0.2535931662 0.0209059233 NA
2002020617 0 0.2447304508 0.0013937282 NA
2002020618 0 0.2381164892 0 NA
2002020619 0 0.2318410108 0 NA
2002020620 0 0.2255546769 0 NA
2002020621 0 0.2188221508 0 NA
2002020622 0 0.2127483969 0 NA
2002020623 0 0.2062472262 0 NA
2002020700 0 0.2003838369 0 NA
2002020701 0 0.1947228231 0 NA
2002020702 0.3 0.1892582723 0 NA
2002020703 0.4 0.1844765585 0 NA
2002020704 0 0.1809123231 0 NA
2002020705 0 0.1786009431 0 NA
2002020706 0 0.17599428 0 NA
2002020707 0 0.1725537462 0 NA
2002020708 0 0.16952832 0.0067934783 NA
2002020709 0 0.1661643554 0.0625 NA
2002020710 0 0.1626547015 0.1005434783 NA
2002020711 0 0.1588261985 0.1127717391 NA
2002020712 0 0.1557668215 0.0923913043 NA
2002020713 0 0.1533608723 0.0502717391 NA
2002020714 0 0.1511545015 0.0394021739 NA
2002020715 0 0.1488782354 0.0244565217 NA
2002020716 0 0.1471425231 0.0108695652 NA
2002020717 0 0.1440468277 0 NA
2002020718 0 0.1413267369 0 NA
2002020719 0 0.1393912938 0 NA
2002020720 0 0.1364743385 0 NA
2002020721 0 0.13478256 0 NA
2002020722 0 0.1324520723 0 NA
2002020723 0.3 0.1305072 0 NA
2002020800 0.1 0.1287385477 0 NA
2002020801 0 0.1273821646 0 NA
2002020802 0 0.1264297015 0 NA
2002020803 0 0.1253235323 0 NA
2002020804 0 0.1239883754 0 NA
2002020805 0 0.1222724769 0 NA
2002020806 0 0.1204165523 0 NA
2002020807 0 0.1185771046 0 NA
2002020808 0 0.1165272646 0.0101941748 NA
2002020809 0 0.1144230923 0.0436893204 NA
2002020810 0 0.1122674538 0.1077669903 NA
2002020811 0 0.1103548015 0.0917475728 NA
2002020812 0 0.1088230154 0.113592233 NA
2002020813 0 0.1075927985 0.0932038835 NA
2002020814 0 0.1062273462 0.0669902913 NA
2002020815 0 0.1052273631 0.0553398058 NA
2002020816 0 0.1047297046 0.0160194175 NA
2002020817 0.1 0.1038793292 0.0014563107 NA
2002020818 0 0.1033148354 0 NA
2002020819 0.1 0.1031036677 0 NA
2002020820 0.1 0.1027517538 0 NA
2002020821 0.3 0.1026814154 0 NA
2002020822 0 0.1026814154 0 NA
2002020823 0 0.1026814154 0 NA
2002020900 0 0.1026814154 0 NA
2002020901 0 0.1026814154 0 NA
2002020902 0 0.1026814154 0 NA
2002020903 0 0.1026814154 0 NA
2002020904 0.2 0.1026814154 0 NA
2002020905 0.1 0.1023310523 0 NA
2002020906 0.1 0.1016314338 0 NA
2002020907 0 0.1013521846 0 NA
2002020908 0 0.1012824 0.0013824885 NA
2002020909 0 0.1012824 0.0207373272 NA
2002020910 0 0.1011436338 0.031797235 NA
2002020911 0 0.1005877108 0.0470046083 NA
2002020912 0 0.1000334354 0.034562212 NA
2002020913 0 0.09913644 0.069124424 NA
2002020914 0 0.0981759046 0.0594470046 NA
2002020915 0.8 0.0974931646 0.0207373272 NA
2002020916 0 0.0969487062 0.0152073733 NA
2002020917 0.9 0.0978337662 0 NA
2002020918 0 0.0994137508 0 NA
2002020919 0 0.1015623831 0 NA
2002020920 0 0.1031743108 0 NA
2002020921 0 0.10430424 0 NA
2002020922 0 0.1048715446 0 NA
2002020923 0 0.1042334585 0 NA
2002021000 0 0.1026119077 0 NA
2002021001 0 0.1007966492 0 NA
2002021002 0 0.0987255554 0 NA
2002021003 0 0.09708498 0 NA
2002021004 0 0.0952598908 0 NA
2002021005 0.2 0.0933873923 0 NA
2002021006 0 0.0919303477 0 NA
2002021007 0 0.0908140846 0 NA
2002021008 1.1 0.0898357431 0.0040358744 NA
2002021009 1.8 0.0890572154 0.0080717489 NA
2002021010 2.3 0.0917434662 0.0228699552 NA
2002021011 0.7 0.1018195062 0.0376681614 NA
2002021012 0 0.1217489262 0.0659192825 NA
2002021013 0 0.1481847923 0.0686098655 NA
2002021014 0 0.1711771892 0.0457399103 NA
2002021015 0 0.1841828677 0.0295964126 NA
2002021016 0 0.1860600877 0.0147982063 NA
2002021017 0 0.1823120723 0.002690583 NA
2002021018 0 0.1759021754 0 NA
2002021019 0 0.1693443462 0 NA
2002021020 0 0.1632084092 0 NA
2002021021 0 0.1573858246 0 NA
2002021022 0 0.1524788031 0 NA
2002021023 0 0.1483585062 0 NA
2002021100 0.1 0.1445617662 0 NA
2002021101 0 0.1411587138 0 NA
2002021102 0 0.1383033738 0 NA
2002021103 0.1 0.1355658231 0 NA
2002021104 0.3 0.1325335708 0 NA
2002021105 0.5 0.1307489815 0 NA
2002021106 0.4 0.1295397138 0 NA
2002021107 0.5 0.1306697123 0 NA
2002021108 0.2 0.1348268123 0.00125 NA
2002021109 0 0.1409957862 0.015 NA
2002021110 0 0.1472345723 0.01375 NA
2002021111 0 0.1526333123 0.0175 NA
2002021112 0.1 0.1553190369 0.01 NA
2002021113 0 0.1554977908 0.015 NA
2002021114 0.7 0.1546054754 0.015 NA
2002021115 1.3 0.1528069015 0.00875 NA
2002021116 2.2 0.1533636415 0.00375 NA
2002021117 0.2 0.1650757846 0 NA
2002021118 0.5 0.1977911862 0 NA
2002021119 0.4 0.2356037308 0 NA
2002021120 2.2 0.2636489215 0 NA
2002021121 0.7 0.2790329123 0 NA
2002021122 2.5 0.3147585369 0 NA
2002021123 2 0.3757118262 0 NA
2002021200 0.5 0.4628718277 0 NA
2002021201 1.4 0.5205586292 0 NA
2002021202 1.4 0.5375098108 0 NA
2002021203 0 0.5481154662 0 NA
2002021204 0 0.5563473231 0 NA
2002021205 0 0.5654322 0 NA
2002021206 0 0.5829000923 0 NA
2002021207 0 0.5394342046 0 NA
2002021208 0 0.4820614754 0.0097447796 NA
2002021209 0 0.4375448723 0.0519721578 NA
2002021210 0 0.4025458385 0.0990719258 NA
2002021211 0 0.3733792338 0.1445475638 NA
2002021212 0 0.3468127708 0.092575406 NA
2002021213 0 0.3264353308 0.1315545244 NA
2002021214 0 0.3093266492 0.1071925754 NA
2002021215 0 0.2927844692 0.0422273782 NA
2002021216 0 0.27828828 0.0194895592 NA
2002021217 0 0.2652213738 0.0016241299 NA
2002021218 0 0.2531191154 0 NA
2002021219 0 0.2434187215 0 NA
2002021220 0 0.2334916246 0 NA
2002021221 0 0.2245550262 0 NA
2002021222 0 0.2169683308 0 NA
2002021223 0 0.2100708 0 NA
2002021300 0 0.20372292 0 NA
2002021301 0.4 0.1971814569 0 NA
2002021302 0.1 0.1915746092 0 NA
2002021303 0 0.1880535185 0 NA
2002021304 0 0.1840814862 0 NA
2002021305 0 0.1801566692 0 NA
2002021306 0 0.1765723431 0 NA
2002021307 0 0.1729336569 0 NA
2002021308 0 0.1693174708 0.0082901554 NA
2002021309 0 0.1654211769 0.0359240069 NA
2002021310 0 0.1616243538 0.0511226252 NA
2002021311 0 0.1576523077 0.1851468048 NA
2002021312 0 0.1540724815 0.1768566494 NA
2002021313 0 0.1508920892 0.1354058722 NA
2002021314 0 0.1479006138 0.1050086356 NA
2002021315 0 0.1453319723 0.0718480138 NA
2002021316 0 0.1429379862 0.0303972366 NA
2002021317 0.8 0.1407359077 0 NA
2002021318 0 0.1393058354 0 NA
2002021319 0 0.1384693754 0 NA
2002021320 0 0.1377190108 0 NA
2002021321 0 0.1364738677 0 NA
2002021322 0 0.1349882585 0 NA
2002021323 0 0.1328799323 0 NA
2002021400 0 0.1305072 0 NA
2002021401 0 0.1280401062 0 NA
2002021402 0 0.1255605923 0 NA
2002021403 0 0.1234416877 0 NA
2002021404 0 0.1209564277 0 NA
2002021405 0 0.1183492246 0 NA
2002021406 0 0.1157732862 0 NA
2002021407 0 0.11323098 0 NA
2002021408 0 0.1112167108 0.0164654226 NA
2002021409 0 0.1087335 0.0669593853 NA
2002021410 0 0.10658664 0.1141602634 NA
2002021411 0 0.1045882385 0.1503841932 NA
2002021412 0 0.10261224 0.1690450055 NA
2002021413 0 0.1009351246 0.1690450055 NA
2002021414 0 0.0988627431 0.1470911087 NA
2002021415 0 0.0974933862 0.1075740944 NA
2002021416 0 0.0963376615 0.0559824369 NA
2002021417 0 0.0948560123 0.0032930845 NA
2002021418 0 0.0933872262 0 NA
2002021419 0 0.0923260431 0 NA
2002021420 0 0.0910760123 0 NA
2002021421 0 0.0898363938 0 NA
2002021422 0 0.0885090462 0 NA
2002021423 0 0.0868738015 0 NA
2002021500 0 0.0853497692 0 NA
2002021501 0 0.0843112662 0 NA
2002021502 0 0.0829693523 0 NA
2002021503 0 0.0818545846 0 NA
2002021504 0 0.0805660062 0 NA
2002021505 0 0.0791069262 0 NA
2002021506 0 0.0781425415 0 NA
2002021507 0 0.0768576877 0 NA
2002021508 0 0.0754667031 0.0207877462 NA
2002021509 0 0.0738868846 0.0689277899 NA
2002021510 0 0.0725554246 0.1203501094 NA
2002021511 0 0.0710668662 0.1498905908 NA
2002021512 0 0.0699345 0.1608315098 NA
2002021513 0 0.069147 0.158643326 NA
2002021514 0 0.0685880862 0.1466083151 NA
2002021515 0 0.0682814077 0.1072210066 NA
2002021516 0 0.0682535631 0.056892779 NA
2002021517 0 0.0682535631 0.0098468271 NA
2002021518 0 0.0682535631 0 NA
2002021519 0 0.0682535631 0 NA
2002021520 0 0.0682535631 0 NA
2002021521 0 0.0678648046 0 NA
2002021522 0 0.0673119415 0 NA
2002021523 0 0.0665418738 0 NA
2002021600 0 0.0659403 0 NA
2002021601 0 0.0651247754 0 NA
2002021602 0 0.0644227754 0 NA
2002021603 0 0.0637785831 0 NA
2002021604 0 0.0630846415 0 NA
2002021605 0 0.0623948262 0 NA
2002021606 0 0.0616573108 0 NA
2002021607 0 0.0608724554 0 NA
2002021608 0 0.0601965415 0.0243157895 NA
2002021609 0 0.0593706323 0.0752631579 NA
2002021610 0 0.0585508985 0.1250526316 NA
2002021611 0 0.0579400338 0.1632631579 NA
2002021612 0 0.0573839862 0.1829473684 NA
2002021613 0 0.0571316954 0.1794736842 NA
2002021614 0 0.0569307877 0.1574736842 NA
2002021615 0 0.0568306523 0.1181052632 NA
2002021616 0 0.0569056431 0.0625263158 NA
2002021617 0 0.0570309231 0.0115789474 NA
2002021618 0 0.0571821646 0 NA
2002021619 0 0.0578895785 0 NA
2002021620 0 0.0580415815 0 NA
2002021621 0 0.0580415815 0 NA
2002021622 0 0.0579400338 0 NA
2002021623 0 0.0577375754 0 NA
2002021700 0 0.0573334062 0 NA
2002021701 0 0.0570813092 0 NA
2002021702 0 0.0565801615 0 NA
2002021703 0 0.0562297292 0 NA
2002021704 0 0.0560183262 0 NA
2002021705 0 0.0553731798 0 NA
2002021706 0 0.0546463565 0 NA
2002021707 0 0.0539617791 0 NA
2002021708 0 0.0530399035 0.0270481144 NA
2002021709 0 0.0523664142 0.0863459038 NA
2002021710 0 0.0514600048 0.1102730819 NA
2002021711 0 0.0510336748 0.1289986996 NA
2002021712 0 0.0506092098 0.1435630689 NA
2002021713 0 0.0501865948 0.1258777633 NA
2002021714 0 0.0500466683 0.0697009103 NA
2002021715 0 0.0500466683 0.0572171651 NA
2002021716 0 0.0500933105 0.0416124837 NA
2002021717 0 0.0503271111 0.0093628088 NA
2002021718 0 0.0504680151 0 NA
2002021719 0 0.0506091046 0 NA
2002021720 0 0.0507505098 0 NA
2002021721 0 0.0507976449 0 NA
2002021722 0 0.0507976449 0 NA
2002021723 0 0.0507033748 0 NA
2002021800 0 0.0503271111 0 NA
2002021801 0 0.0499998102 0 NA
2002021802 0 0.0496614337 0 NA
2002021803 0 0.0493944009 0 NA
2002021804 0 0.0492555282 0 NA
2002021805 0 0.0491164782 0 NA
2002021806 0 0.0490239582 0 NA
2002021807 0 0.0488852751 0 NA
2002021808 0.5 0.0487009108 0.0022421525 NA
2002021809 0.4 0.0485632855 0.0089686099 NA
2002021810 0 0.0485632855 0.0213004484 NA
2002021811 0 0.0487240338 0.0392376682 NA
2002021812 0 0.0489314382 0.1334080717 NA
2002021813 0 0.0491164782 0.1031390135 NA
2002021814 0 0.0489314382 0.0795964126 NA
2002021815 0 0.0490239582 0.0639013453 NA
2002021816 0 0.0493944009 0.0381165919 NA
2002021817 0 0.0494869237 0.0100896861 NA
2002021818 0 0.0494869237 0 NA
2002021819 0 0.0494753954 0 NA
2002021820 0 0.0491165682 0 NA
2002021821 0 0.0485631955 0 NA
2002021822 0 0.0481044046 0 NA
2002021823 0 0.0478758282 0 NA
2002021900 0 0.0478301483 0 NA
2002021901 0 0.0477393563 0 NA
2002021902 0 0.0476485643 0 NA
2002021903 0 0.0476598558 0 NA
2002021904 0 0.0478758282 0 NA
2002021905 0.1 0.0483337509 0 NA
2002021906 0.3 0.0488394969 0 NA
2002021907 0.8 0.0497200458 0 NA
2002021908 0 0.0510347603 0.0012145749 NA
2002021909 0.4 0.052318404 0.0085020243 NA
2002021910 0.2 0.0533909631 0.0582995951 NA
2002021911 1.7 0.0540108582 0.0534412955 NA
2002021912 0 0.0560936188 0.1178137652 NA
2002021913 0 0.0591659585 0.1360323887 NA
2002021914 0 0.0596790277 0.1178137652 NA
2002021915 0.9 0.05973102 0.0619433198 NA
2002021916 0 0.0593063585 0.0412955466 NA
2002021917 0 0.0603522415 0.0036437247 NA
2002021918 0 0.0610811446 0 NA
2002021919 0 0.0617494015 0 NA
2002021920 0 0.0622889723 0 NA
2002021921 0.2 0.0627129969 0 NA
2002021922 0.8 0.0636717185 0 NA
2002021923 0.2 0.0656564954 0 NA
2002022000 1.1 0.0688577538 0 NA
2002022001 1.3 0.0730826169 0 NA
2002022002 1.9 0.0805866646 0 NA
2002022003 3.1 0.0920469877 0 NA
2002022004 2.9 0.11123586 0 NA
2002022005 1.7 0.1567859954 0 NA
2002022006 1 0.2452657154 0 NA
2002022007 0 0.3523385631 0 NA
2002022008 0 0.4236224815 0.0141630901 NA
2002022009 0 0.4399567062 0.0656652361 NA
2002022010 0 0.4126036431 0.1107296137 NA
2002022011 0 0.3719974569 0.1532188841 NA
2002022012 0 0.3378438554 0.1802575107 NA
2002022013 0 0.3105648415 0.1094420601 NA
2002022014 0 0.2886453138 0.1107296137 NA
2002022015 0 0.2706678138 0.117167382 NA
2002022016 0.1 0.2539658769 0.0270386266 NA
2002022017 0 0.24066666 0.0115879828 NA
2002022018 0 0.22914342 0 NA
2002022019 0 0.2181744554 0 NA
2002022020 0 0.2085838754 0 NA
2002022021 0 0.1994565738 0 NA
2002022022 2.7 0.1911747462 0 NA
2002022023 0.4 0.1867305738 0 NA
2002022100 0 0.1913747815 0 NA
2002022101 0 0.1974919431 0 NA
2002022102 0 0.2045603077 0 NA
2002022103 0 0.2068245138 0 NA
2002022104 0 0.2029903615 0 NA
2002022105 0 0.1955441769 0 NA
2002022106 0 0.1875609277 0 NA
2002022107 0 0.1793832231 0 NA
2002022108 0 0.1721075677 0.030952381 NA
2002022109 0 0.1654263277 0.0869047619 NA
2002022110 0 0.1589207262 0.1380952381 NA
2002022111 0 0.1532098246 0.1511904762 NA
2002022112 0 0.1485116723 0.1535714286 NA
2002022113 0 0.1442191292 0.1892857143 NA
2002022114 0 0.1409054677 0.1654761905 NA
2002022115 0 0.1380532708 0.1166666667 NA
2002022116 0 0.1358137662 0.0583333333 NA
2002022117 0 0.1326962077 0.0095238095 NA
2002022118 0 0.1308297738 0 NA
2002022119 0 0.1288793908 0 NA
2002022120 0 0.1265888631 0 NA
2002022121 0 0.1244589231 0 NA
2002022122 0 0.1225061862 0 NA
2002022123 0 0.1207822985 0 NA
2002022200 0 0.1195709538 0 NA
2002022201 0 0.1183478538 0 NA
2002022202 0.3 0.1172835831 0 NA
2002022203 0.4 0.1161495 0 NA
2002022204 0.2 0.1157727323 0 NA
2002022205 0.1 0.11584782 0 NA
2002022206 0 0.1171319262 0 NA
2002022207 0.4 0.1180429754 0 NA
2002022208 2.4 0.1183479231 0.000877193 NA
2002022209 1.6 0.1215068677 0.0043859649 NA
2002022210 1 0.1337185523 0.0078947368 NA
2002022211 0.3 0.1547475508 0.0192982456 NA
2002022212 0.3 0.1854779677 0.0096491228 NA
2002022213 0.1 0.2181471508 0.0201754386 NA
2002022214 0.3 0.2397419308 0.0070175439 NA
2002022215 0.7 0.2463634108 0.0175438596 NA
2002022216 0.5 0.2478923031 0.0052631579 NA
2002022217 0 0.2503750846 0.0078947368 NA
2002022218 0 0.2551428415 0 NA
2002022219 0 0.2567020569 0 NA
2002022220 0 0.2514493662 0 NA
2002022221 0 0.2411281662 0 NA
2002022222 0 0.2300421185 0 NA
2002022223 0 0.2205801415 0 NA
2002022300 0.4 0.2113578138 0 NA
2002022301 0 0.2041404231 0 NA
2002022302 0.2 0.1992443123 0 NA
2002022303 0 0.1949268323 0 NA
2002022304 0 0.1917245215 0 NA
2002022305 0 0.1865717031 0 NA
2002022306 0.2 0.1833677585 0 NA
2002022307 0 0.17821296 0 NA
2002022308 0 0.17532216 0.0137667304 NA
2002022309 0.3 0.1718895046 0.0504780115 NA
2002022310 0 0.1681220769 0.0722753346 NA
2002022311 0 0.1654213015 0.1193116635 NA
2002022312 0 0.1641269631 0.1365200765 NA
2002022313 0.6 0.1615560646 0.0126195029 NA
2002022314 0.4 0.1592341477 0.0780114723 NA
2002022315 0.1 0.1593694662 0.0458891013 NA
2002022316 0.1 0.1602562015 0.051625239 NA
2002022317 0 0.1621948015 0.0195028681 NA
2002022318 0.1 0.1643097185 0 NA
2002022319 0 0.1650493385 0 NA
2002022320 1.1 0.1632964846 0 NA
2002022321 2 0.1608236169 0 NA
2002022322 0.4 0.1616462031 0 NA
2002022323 0 0.1667277138 0 NA
2002022400 0 0.1768299785 0 NA
2002022401 0 0.1886672492 0 NA
2002022402 0.2 0.1959473769 0 NA
2002022403 0.7 0.1980016338 0 NA
2002022404 0.3 0.1967673185 0 NA
2002022405 0.7 0.1958437108 0 NA
2002022406 0 0.1967165308 0 NA
2002022407 0 0.20100744 0.0036101083 NA
2002022408 0 0.2051893938 0.0336943442 NA
2002022409 0 0.2063220785 0.0866425993 NA
2002022410 0 0.2042451692 0.1432009627 NA
2002022411 0 0.1984178769 0.1456077016 NA
2002022412 0 0.19238544 0.1973525872 NA
2002022413 0 0.1871569385 0.1432009627 NA
2002022414 0 0.18211428 0.1395908544 NA
2002022415 0 0.1766699723 0.0625752106 NA
2002022416 0 0.1721522769 0.0348977136 NA
2002022417 0 0.1669794369 0.0096269555 NA
2002022418 0 0.1618319908 0 NA
2002022419 0 0.1568440108 0 NA
2002022420 0.1 0.1528087154 0 NA
2002022421 0.8 0.1494025754 0 NA
2002022422 0.2 0.1469688231 0 NA
2002022423 0.1 0.1461918185 0 NA
2002022500 0.1 0.1461055015 0 NA
2002022501 0 0.1461055015 0 NA
2002022502 0 0.1461055015 0 NA
2002022503 0 0.1461055015 0 NA
2002022504 0 0.1461055015 0 NA
2002022505 0 0.1446453554 0 NA
2002022506 0 0.1423435985 0 NA
2002022507 0 0.1395590815 0.0014705882 NA
2002022508 0 0.1365580385 0.0147058824 NA
2002022509 0 0.1333499538 0.0294117647 NA
2002022510 0.1 0.1301854154 0.0397058824 NA
2002022511 0.3 0.1276214123 0.0632352941 NA
2002022512 0.2 0.1263505015 0.05 NA
2002022513 0.2 0.1260337431 0.0397058824 NA
2002022514 0.1 0.1260533631 0.0264705882 NA
2002022515 0.2 0.12722382 0.0205882353 NA
2002022516 0.7 0.1302671492 0.0117647059 NA
2002022517 0.9 0.1343552538 0.0029411765 NA
2002022518 0.6 0.1422754754 0 NA
2002022519 0.5 0.1552630015 0 NA
2002022520 0.7 0.1719578492 0 NA
2002022521 0.5 0.1917279 0 NA
2002022522 0.2 0.2143068092 0 NA
2002022523 0.3 0.2348304092 0 NA
2002022600 0.2 0.2502975877 0 NA
2002022601 0.3 0.2588754738 0 NA
2002022602 0.6 0.2621499231 0 NA
2002022603 0.9 0.2641662 0 NA
2002022604 1.5 0.2717060677 0 NA
2002022605 1.3 0.2921851523 0 NA
2002022606 1.4 0.3337820031 0 NA
2002022607 1 0.3963485354 0 NA
2002022608 1.1 0.4660789431 0.0014084507 NA
2002022609 0.4 0.5254563462 0.0154929577 NA
2002022610 0.2 0.5626945108 0.0549295775 NA
2002022611 0 0.5718184615 0.1112676056 NA
2002022612 0 0.5461133677 0.1366197183 NA
2002022613 0 0.4980252877 0.123943662 NA
2002022614 0.7 0.4518423831 0.0633802817 NA
2002022615 0 0.4077230123 0.0563380282 NA
2002022616 0 0.3747889246 0.0281690141 NA
2002022617 0 0.3561155585 0.0084507042 NA
2002022618 0 0.3340549108 0 NA
2002022619 0 0.3116921677 0 NA
2002022620 0 0.2996989338 0 NA
2002022621 0 0.2840031554 0 NA
2002022622 0 0.2697868246 0 NA
2002022623 0 0.2556090138 0 NA
2002022700 0 0.2440018938 0 NA
2002022701 0 0.2346854815 0 NA
2002022702 0.1 0.2265607938 0 NA
2002022703 1.5 0.2191538077 0 NA
2002022704 0 0.2136064431 0 NA
2002022705 0 0.2133895708 0 NA
2002022706 0 0.2123140015 0 NA
2002022707 0 0.2117773108 0.0025200458 NA
2002022708 0 0.2095327523 0.0365406644 NA
2002022709 0 0.20498202 0.0819014891 NA
2002022710 0 0.1991406185 0.110882016 NA
2002022711 0 0.1933995323 0.1486827033 NA
2002022712 0 0.18775584 0.1940435281 NA
2002022713 0 0.1826063723 0.2053837342 NA
2002022714 0 0.1765771615 0.2003436426 NA
2002022715 0 0.1713222277 0.0567010309 NA
2002022716 0 0.1663512369 0.0516609393 NA
2002022717 0.1 0.1619219077 0.0113402062 NA
2002022718 0.8 0.1580142738 0 NA
2002022719 0.4 0.1553190369 0 NA
2002022720 0 0.1545154338 0 NA
2002022721 1 0.1535382831 0 NA
2002022722 0.2 0.1542497815 0 NA
2002022723 0 0.1569322523 0 NA
2002022800 0 0.16027794 0 NA
2002022801 0 0.1622859092 0 NA
2002022802 0 0.1628363631 0 NA
2002022803 0 0.1615543338 0 NA
2002022804 0.6 0.1590079708 0 NA
2002022805 0 0.1561239692 0 NA
2002022806 0 0.1547831354 0 NA
2002022807 0 0.1532722846 0.0039473684 NA
2002022808 0 0.1519463077 0.0421052632 NA
2002022809 0 0.1495773554 0.0828947368 NA
2002022810 0 0.1468401092 0.1342105263 NA
2002022811 0 0.1441324385 0.1302631579 NA
2002022812 0.1 0.1410740585 0.0736842105 NA
2002022813 0.4 0.1378034308 0.0171052632 NA
2002022814 0 0.1357299692 0.0513157895 NA
2002022815 0 0.1335120231 0.0855263158 NA
2002022816 0 0.1311742938 0.0552631579 NA
2002022817 0 0.1296207277 0.0236842105 NA
2002022818 0 0.1279401508 0 NA
2002022819 0 0.1263506538 0 NA
2002022820 0 0.1243804154 0 NA
2002022821 0 0.1222728369 0 NA
2002022822 0 0.1202628185 0 NA
2002022823 0 0.1182721292 0 NA
2002030100 0 0.1163006585 0 NA
2002030101 0 0.1146471508 0 NA
2002030102 0 0.1130076138 0 NA
2002030103 0 0.1115288446 0 NA
2002030104 0 0.1101350769 0 NA
2002030105 0.7 0.1087502262 0 NA
2002030106 1.3 0.1077369231 0 NA
2002030107 0.1 0.1078092138 0.0012244898 NA
2002030108 0 0.11083338 0.0208163265 NA
2002030109 0 0.1137523431 0.0465306122 NA
2002030110 0 0.1164521492 0.0673469388 NA
2002030111 0 0.1187868877 0.0710204082 NA
2002030112 0 0.1194175385 0.126122449 NA
2002030113 0 0.1193409 0.1628571429 NA
2002030114 0 0.1181199738 0.1604081633 NA
2002030115 0 0.1162250446 0.1248979592 NA
2002030116 0 0.1142742185 0.0918367347 NA
2002030117 0 0.1118981215 0.0269387755 NA
2002030118 0 0.1097698015 0 NA
2002030119 0 0.1083160938 0 NA
2002030120 0 0.1059428908 0 NA
2002030121 0 0.1031044846 0 NA
2002030122 0 0.1011442985 0 NA
2002030123 0 0.0991371046 0 NA
2002030200 0 0.0974251938 0 NA
2002030201 0 0.0962030492 0 NA
2002030202 0 0.0948559431 0 NA
2002030203 0 0.0937861062 0 NA
2002030204 0 0.09282258 0 NA
2002030205 0 0.0917990308 0 NA
2002030206 0 0.0903409338 0 NA
2002030207 0 0.0885408508 0.0108191654 NA
2002030208 0 0.0868730123 0.0638330757 NA
2002030209 0 0.0852235754 0.1309119011 NA
2002030210 0 0.0839041062 0.1666151468 NA
2002030211 0 0.0830313138 0.1914992272 NA
2002030212 0 0.0822248585 0.2066460587 NA
2002030213 0 0.0815466462 0.201236476 NA
2002030214 0 0.0813621046 0.1795981453 NA
2002030215 0 0.0813621046 0.1374034003 NA
2002030216 0 0.0813621046 0.0887171561 NA
2002030217 0 0.0813621046 0.0227202473 NA
2002030218 0 0.0813621046 0 NA
2002030219 0 0.0813621046 0 NA
2002030220 0 0.08117784 0 NA
2002030221 0 0.0801386169 0 NA
2002030222 0 0.0791070508 0 NA
2002030223 0 0.0782775415 0 NA
2002030300 0 0.0770661831 0 NA
2002030301 0 0.0758200708 0 NA
2002030302 0 0.0745281831 0 NA
2002030303 0 0.0736534662 0 NA
2002030304 0 0.0730169723 0 NA
2002030305 0 0.0716944846 0 NA
2002030306 0 0.0706831754 0 NA
2002030307 0 0.06993396 0.0082706767 NA
2002030308 0 0.0690350538 0.0472610097 NA
2002030309 0 0.0679761554 0.1087003222 NA
2002030310 0 0.0668162769 0.1571428571 NA
2002030311 0 0.0662130554 0.1831364125 NA
2002030312 0 0.0657222092 0.1394199785 NA
2002030313 0 0.0653414262 0.1134264232 NA
2002030314 0 0.0646383046 0.176047261 NA
2002030315 0 0.0642072462 0.1110633727 NA
2002030316 0 0.06393924 0.0448979592 NA
2002030317 0 0.0637250123 0.0106337272 NA
2002030318 0 0.0634574769 0 NA
2002030319 0 0.0634574769 0 NA
2002030320 0 0.0632973462 0 NA
2002030321 0 0.0628190446 0 NA
2002030322 0 0.0624477185 0 NA
2002030323 0 0.0621306277 0 NA
2002030400 0 0.0617097877 0 NA
2002030401 0 0.06134238 0 NA
2002030402 0 0.0608722338 0 NA
2002030403 0 0.0605594215 0 NA
2002030404 0 0.06020946 0 NA
2002030405 0 0.0597823754 0 NA
2002030406 0 0.0595763169 0 NA
2002030407 0 0.0593191662 0.0012345679 NA
2002030408 0 0.0590623062 0.0135802469 NA
2002030409 0 0.0585508985 0.0283950617 NA
2002030410 0 0.05778864 0.0567901235 NA
2002030411 0 0.0572452615 0.0839506173 NA
2002030412 0 0.0570309231 0.112345679 NA
2002030413 0 0.0566301323 0.0333333333 NA
2002030414 0 0.0564296123 0.0333333333 NA
2002030415 0 0.0564296123 0.0234567901 NA
2002030416 0 0.0562297292 0.0111111111 NA
2002030417 0 0.0562797 0.0024691358 NA
2002030418 0 0.0562297292 0 NA
2002030419 0 0.0562297292 0 NA
2002030420 0 0.0562297292 0 NA
2002030421 0 0.0562297292 0 NA
2002030422 0 0.0560302338 0 NA
2002030423 0 0.0557325138 0 NA
2002030500 0 0.0554844185 0 NA
2002030501 0 0.0554348492 0 NA
2002030502 0 0.0554348492 0 NA
2002030503 0 0.0553853603 0 NA
2002030504 0 0.0552368935 0 NA
2002030505 0 0.0550401563 0 NA
2002030506 0 0.0550401563 0 NA
2002030507 0 0.0549908668 0.0014044944 NA
2002030508 0 0.0547938125 0.0084269663 NA
2002030509 0 0.0544014166 0.0168539326 NA
2002030510 0 0.0538033334 0.0266853933 NA
2002030511 0 0.0534265255 0.058988764 NA
2002030512 0 0.0529431992 0.0744382022 NA
2002030513 0 0.0524623375 0.0912921348 NA
2002030514 0 0.0521745674 0.0786516854 NA
2002030515 0 0.0520788378 0.0603932584 NA
2002030516 0 0.0519353889 0.0617977528 NA
2002030517 0 0.0519353889 0.0196629213 NA
2002030518 0 0.0519353889 0.0014044944 NA
2002030519 0 0.0517928455 0 NA
2002030520 0 0.0517453311 0 NA
2002030521 0 0.0513308783 0 NA
2002030522 0 0.0504209852 0 NA
2002030523 0 0.0503975035 0 NA
2002030600 0 0.0500466586 0 NA
2002030601 0 0.0494869237 0 NA
2002030602 0 0.0494869237 0 NA
2002030603 0 0.0494869237 0 NA
2002030604 0 0.0494869237 0 NA
2002030605 0 0.0494869237 0 NA
2002030606 0 0.0494869237 0 NA
2002030607 0 0.0494869237 0.004 NA
2002030608 0 0.0494869237 0.02 NA
2002030609 0 0.0494869237 0.0506666667 NA
2002030610 0 0.0494869237 0.0546666667 NA
2002030611 0 0.0494869237 0.0466666667 NA
2002030612 0 0.0494869237 0.0373333333 NA
2002030613 0 0.0494869237 0.04 NA
2002030614 0.2 0.0494869237 0.0186666667 NA
2002030615 0.5 0.0494869237 0.0173333333 NA
2002030616 0 0.0494869237 0.008 NA
2002030617 0 0.0494869237 0.0026666667 NA
2002030618 0 0.0494869237 0 NA
2002030619 0 0.0494869237 0 NA
2002030620 0 0.0494869237 0 NA
2002030621 0 0.0494869237 0 NA
2002030622 0 0.0494869237 0 NA
2002030623 0 0.0494869237 0 NA
2002030700 0 0.0494869237 0 NA
2002030701 0 0.0494869237 0 NA
2002030702 0 0.0494869237 0 NA
2002030703 0 0.0494869237 0 NA
2002030704 0 0.0494869237 0 NA
2002030705 0 0.0494753954 0 NA
2002030706 0.4 0.0494869237 0 NA
2002030707 0.9 0.0487498957 0.0013546798 NA
2002030708 0 0.0478301483 0.0230295567 NA
2002030709 0 0.0478301483 0.0541871921 NA
2002030710 0 0.0478301483 0.0839901478 NA
2002030711 0 0.0463838289 0.1869458128 NA
2002030712 0 0.0458945072 0.192364532 NA
2002030713 0 0.0448850423 0.1476600985 NA
2002030714 0 0.0444372715 0.1977832512 NA
2002030715 0 0.0433377748 0.1016009852 NA
2002030716 0 0.0420214375 0.0650246305 NA
2002030717 0 0.0410323015 0.0433497537 NA
2002030718 0 0.0400635429 0.0027093596 NA
2002030719 0 0.0398463397 0 NA
2002030720 0 0.0398463397 0 NA
2002030721 0 0.0398463397 0 NA
2002030722 0 0.0384989082 0 NA
2002030723 0 0.0381359963 0 NA
2002030800 0 0.0376945726 0 NA
2002030801 0 0.0372961495 0 NA
2002030802 0 0.0369787126 0 NA
2002030803 0 0.0367813329 0 NA
2002030804 0 0.0367024486 0 NA
2002030805 0 0.0366235643 0 NA
2002030806 0 0.03648978 0 NA
2002030807 0 0.0363019292 0.0148023549 NA
2002030808 0 0.0361454954 0.0672834315 NA
2002030809 0 0.03584349 0.1345668629 NA
2002030810 0 0.0354849729 0.1789739277 NA
2002030811 0 0.0354075342 0.2193439865 NA
2002030812 0 0.0353302615 0.2516400336 NA
2002030813 0 0.0350987815 0.2220353238 NA
2002030814 0 0.0349838363 0.1937762826 NA
2002030815 0 0.0349455212 0.1587888982 NA
2002030816 0 0.0349455212 0.1157275021 NA
2002030817 0 0.0349455212 0.0417157275 NA
2002030818 0 0.0349455212 0.0013456686 NA
2002030819 0 0.0352147583 0 NA
2002030820 0 0.0356009705 0 NA
2002030821 0 0.035794728 0 NA
2002030822 0 0.035872488 0 NA
2002030823 0 0.035872488 0 NA
2002030900 0 0.035872488 0 NA
2002030901 0 0.0361064492 0 NA
2002030902 0 0.0363019292 0 NA
2002030903 0 0.0364972486 0 NA
2002030904 0 0.0365604065 0 NA
2002030905 0 0.0366630065 0 NA
2002030906 0 0.0367813329 0 NA
2002030907 0 0.0368994517 0 NA
2002030908 0.1 0.0369388246 0.0014240506 NA
2002030909 0 0.0368207058 0.0242088608 NA
2002030910 0 0.0366707257 0.0825949367 NA
2002030911 0 0.0364092826 0.1694620253 NA
2002030912 0 0.0360674031 0.2278481013 NA
2002030913 0 0.035755848 0.1438291139 NA
2002030914 0 0.0356010508 0.1210443038 NA
2002030915 1.4 0.0355624117 0.0455696203 NA
2002030916 0 0.0362177432 0.0612341772 NA
2002030917 0 0.0374951769 0.0227848101 NA
2002030918 1.6 0.0380153866 0 NA
2002030919 0.2 0.0377505872 0 NA
2002030920 0 0.0409947452 0 NA
2002030921 0 0.0411795734 0 NA
2002030922 0.1 0.0418523289 0 NA
2002030923 0.1 0.0429623945 0 NA
2002031000 0.3 0.0430903717 0 NA
2002031001 0 0.0432195674 0 NA
2002031002 0 0.0418118995 0 NA
2002031003 0 0.0407591446 0 NA
2002031004 0 0.0402599838 0 NA
2002031005 0 0.0393948194 0 NA
2002031006 0 0.0386206795 0 NA
2002031007 0 0.0381360572 0.0157779401 NA
2002031008 0 0.0375747369 0.0762600438 NA
2002031009 0 0.0370578102 0.1446311176 NA
2002031010 0 0.0367418908 0.199853908 NA
2002031011 0 0.0365758449 0.249817385 NA
2002031012 0 0.036380106 0.2708546384 NA
2002031013 0 0.0361066112 0.2445580716 NA
2002031014 0 0.0356785698 0.2366691015 NA
2002031015 0 0.0354075342 0.1880204529 NA
2002031016 0 0.0354075342 0.1222790358 NA
2002031017 0 0.0352529889 0.0486486486 NA
2002031018 0 0.0352529889 0.0026296567 NA
2002031019 0 0.0352529889 0 NA
2002031020 0 0.0354075342 0 NA
2002031021 0 0.0354075342 0 NA
2002031022 0 0.0353688978 0 NA
2002031023 0 0.0350223148 0 NA
2002031100 0 0.0345622929 0 NA
2002031101 0 0.0342197903 0 NA
2002031102 0 0.0339161386 0 NA
2002031103 0 0.0335388725 0 NA
2002031104 0 0.0331260231 0 NA
2002031105 0 0.0327530382 0 NA
2002031106 0 0.0324190911 0 NA
2002031107 0 0.0321604505 0.0125874126 NA
2002031108 0 0.0318293114 0.0643356643 NA
2002031109 0 0.0313542111 0.1146853147 NA
2002031110 0 0.0308101902 0.1986013986 NA
2002031111 0 0.0304501348 0.2601398601 NA
2002031112 0 0.0302169489 0.2895104895 NA
2002031113 0 0.0298071457 0.2811188811 NA
2002031114 0 0.0292761845 0.241958042 NA
2002031115 0 0.0289246154 0.172027972 NA
2002031116 0 0.0287847678 0.1174825175 NA
2002031117 0 0.0285756452 0.0447552448 NA
2002031118 0 0.0285059298 0.0027972028 NA
2002031119 0 0.0285059298 0 NA
2002031120 0 0.0285059298 0 NA
2002031121 0 0.0285059298 0 NA
2002031122 0 0.0285059298 0 NA
2002031123 0 0.0285059298 0 NA
2002031200 0 0.0284623823 0 NA
2002031201 0 0.0283408712 0 NA
2002031202 0 0.0282280542 0 NA
2002031203 0 0.0280901797 0 NA
2002031204 0 0.0279176275 0 NA
2002031205 0 0.0277799275 0 NA
2002031206 0 0.0276768332 0 NA
2002031207 0 0.0275397065 0.0064377682 NA
2002031208 0 0.0273352237 0.0115879828 NA
2002031209 0 0.0271308517 0.0231759657 NA
2002031210 0 0.0269275708 0.0360515021 NA
2002031211 0.2 0.026860104 0.0296137339 NA
2002031212 1.1 0.0267249378 0.0283261803 NA
2002031213 0.7 0.0269617666 0.0399141631 NA
2002031214 0.2 0.0279527511 0.047639485 NA
2002031215 0.1 0.0289603025 0.0321888412 NA
2002031216 0 0.0297005829 0.0309012876 NA
2002031217 0 0.0302349254 0.0128755365 NA
2002031218 0 0.0306658177 0.0012875536 NA
2002031219 0.8 0.031281444 0 NA
2002031220 1.5 0.0321239631 0 NA
2002031221 0.6 0.033806124 0 NA
2002031222 0.4 0.0367615094 0 NA
2002031223 0.1 0.0392747234 0 NA
2002031300 0 0.0417282397 0 NA
2002031301 0 0.0438696554 0 NA
2002031302 0 0.0453602672 0 NA
2002031303 0 0.0473207275 0 NA
2002031304 0 0.0491174238 0 NA
2002031305 0 0.0501871694 0 NA
2002031306 0 0.0510810051 0 NA
2002031307 0 0.0516025675 0.0022222222 NA
2002031308 0.1 0.05184036 0.0111111111 NA
2002031309 0.6 0.0520310215 0.0166666667 NA
2002031310 0.2 0.0523664142 0.0144444444 NA
2002031311 0.3 0.0529915971 0.0277777778 NA
2002031312 0.1 0.0541082631 0.0411111111 NA
2002031313 0 0.0545972718 0.0288888889 NA
2002031314 0.1 0.055287072 0.0222222222 NA
2002031315 0.3 0.0560310923 0.0177777778 NA
2002031316 0.2 0.0570069831 0.0133333333 NA
2002031317 0.1 0.0585388938 0.0044444444 NA
2002031318 0 0.0598346585 0 NA
2002031319 0 0.0609248077 0 NA
2002031320 0 0.0620782892 0 NA
2002031321 0 0.0624477185 0 NA
2002031322 0 0.0628189477 0 NA
2002031323 0 0.0628189477 0 NA
2002031400 0 0.0628189477 0 NA
2002031401 0 0.0628189477 0 NA
2002031402 0 0.0623948262 0 NA
2002031403 0 0.0621306277 0 NA
2002031404 0 0.0616573108 0 NA
2002031405 0 0.0609766754 0 NA
2002031406 0 0.0602483123 0 NA
2002031407 0 0.0596665523 0.0326963907 NA
2002031408 0 0.0588065538 0.0805732484 NA
2002031409 0 0.057915 0.0805732484 NA
2002031410 0 0.0572327446 0.117940552 NA
2002031411 0 0.0567178615 0.1973460722 NA
2002031412 0 0.05568282 0.1985138004 NA
2002031413 0 0.0548925895 0.1553078556 NA
2002031414 0 0.0543035395 0.1074309979 NA
2002031415 0 0.0538640875 0.0794055202 NA
2002031416 0 0.0529915971 0.0373673036 NA
2002031417 0 0.0523189911 0.0105095541 NA
2002031418 0 0.0519367722 0.0023354565 NA
2002031419 0 0.0512233726 0 NA
2002031420 0 0.0507976449 0 NA
2002031421 0 0.0506092098 0 NA
2002031422 0 0.0498603752 0 NA
2002031423 0.1 0.0485637868 0 NA
2002031500 0.6 0.0479672765 0 NA
2002031501 0.9 0.047421252 0 NA
2002031502 0.8 0.0477853242 0 NA
2002031503 0.2 0.0490714588 0 NA
2002031504 0 0.0507511855 0 NA
2002031505 0 0.052032204 0 NA
2002031506 0 0.0538166686 0 NA
2002031507 0 0.0553375537 0.0037037037 NA
2002031508 0 0.0567810554 0.024691358 NA
2002031509 0 0.0581945123 0.0530864198 NA
2002031510 0 0.0590115323 0.0641975309 NA
2002031511 0 0.0596927215 0.1333333333 NA
2002031512 0 0.0602611892 0.1271604938 NA
2002031513 0 0.0603522415 0.0728395062 NA
2002031514 0 0.0597958892 0.1222222222 NA
2002031515 0 0.0599636631 0.0765432099 NA
2002031516 0 0.0593320154 0.0814814815 NA
2002031517 0 0.0588572169 0.0382716049 NA
2002031518 0 0.0579409754 0.0024691358 NA
2002031519 0 0.0571323877 0 NA
2002031520 0 0.0562797969 0 NA
2002031521 0 0.05568282 0 NA
2002031522 0 0.0552374778 0 NA
2002031523 0 0.0542060391 0 NA
2002031600 0 0.0531852037 0 NA
2002031601 0 0.05217516 0 NA
2002031602 0 0.051222888 0 NA
2002031603 0 0.0502808566 0 NA
2002031604 0 0.0495338483 0 NA
2002031605 0 0.0488394969 0 NA
2002031606 0 0.0482303437 0 NA
2002031607 0 0.0477395557 0.0172661871 NA
2002031608 0 0.0470140837 0.0460431655 NA
2002031609 0 0.0461607978 0.1669064748 NA
2002031610 0 0.0452712282 0.2287769784 NA
2002031611 0 0.0447754638 0.2776978417 NA
2002031612 0 0.0441298606 0.2446043165 NA
2002031613 0 0.0434784462 0.2 NA
2002031614 0 0.0430471731 0.2460431655 NA
2002031615 0 0.0424899305 0.1755395683 NA
2002031616 0 0.0420640532 0.1366906475 NA
2002031617 0 0.0417673717 0.0561151079 NA
2002031618 0 0.0416830375 0.0043165468 NA
2002031619 0 0.0418519717 0 NA
2002031620 0 0.0420214375 0 NA
2002031621 0 0.0420214375 0 NA
2002031622 0 0.0420214375 0 NA
2002031623 0 0.0419790046 0 NA
2002031700 0 0.0417673717 0 NA
2002031701 0 0.0416830375 0 NA
2002031702 0 0.0412199197 0 NA
2002031703 0 0.0410100702 0 NA
2002031704 0 0.0410100702 0 NA
2002031705 0 0.0409263397 0 NA
2002031706 0 0.04063392 0 NA
2002031707 0 0.0404256157 0.0245862884 NA
2002031708 0 0.0400530489 0.0537825059 NA
2002031709 0 0.0395997729 0.1690307329 NA
2002031710 0 0.0390673606 0.2120567376 NA
2002031711 0 0.0388642043 0.1705673759 NA
2002031712 0 0.0387829108 0.2612293144 NA
2002031713 0 0.0386204926 0.1505910165 NA
2002031714 0 0.0382974674 0.1275413712 NA
2002031715 0 0.0380555668 0.0799054374 NA
2002031716 0 0.0378548405 0.0368794326 NA
2002031717 0.1 0.0376544797 0.0122931442 NA
2002031718 0 0.0375744849 0.001536643 NA
2002031719 0 0.0374155034 0 NA
2002031720 0 0.0374155034 0 NA
2002031721 0.4 0.0372564249 0 NA
2002031722 0.6 0.0370973465 0 NA
2002031723 0 0.0370973465 0 NA
2002031800 0 0.0370973465 0 NA
2002031801 0 0.0370973465 0 NA
2002031802 0 0.0371171935 0 NA
2002031803 0 0.0373358742 0 NA
2002031804 0 0.0374949942 0 NA
2002031805 0 0.0376944771 0 NA
2002031806 0 0.0379350263 0 NA
2002031807 0 0.0381759245 0.0259927798 NA
2002031808 0 0.0382160437 0.0216606498 NA
2002031809 0 0.0382262068 0.1559566787 NA
2002031810 0.5 0.0382160437 0.0274368231 NA
2002031811 1 0.0383778083 0.0490974729 NA
2002031812 0 0.0394773563 0.1371841155 NA
2002031813 0 0.0405928772 0.1429602888 NA
2002031814 0 0.0414299562 0.1342960289 NA
2002031815 0 0.0421918449 0.0722021661 NA
2002031816 0.1 0.0430473738 0.0259927798 NA
2002031817 2.1 0.0438254169 0.0057761733 NA
2002031818 1 0.0461686777 0.0014440433 NA
2002031819 0.4 0.0507121435 0 NA
2002031820 0 0.0549973842 0 NA
2002031821 0 0.0595326185 0 NA
2002031822 0 0.0637292354 0 NA
2002031823 0 0.0669846877 0 NA
2002031900 0 0.0701617708 0 NA
2002031901 0 0.0720380769 0 NA
2002031902 1.2 0.07272774 0 NA
2002031903 0.1 0.0735964062 0 NA
2002031904 0.2 0.0754674785 0 NA
2002031905 0 0.0766493308 0 NA
2002031906 0 0.0771849831 0 NA
2002031907 0.1 0.0772444246 0.0042502952 NA
2002031908 0 0.0768867785 0.025501771 NA
2002031909 0 0.0759978138 0.0680047226 NA
2002031910 0 0.0742949862 0.1445100354 NA
2002031911 0 0.0729011908 0.1289256198 NA
2002031912 0 0.0717515446 0.2025974026 NA
2002031913 0 0.0708394569 0.2210153483 NA
2002031914 0 0.06976548 0.1615112161 NA
2002031915 0 0.0682548785 0.1289256198 NA
2002031916 0 0.0663786969 0.0779220779 NA
2002031917 0 0.0645313569 0.0297520661 NA
2002031918 0 0.0629257154 0.0070838253 NA
2002031919 0 0.0617103831 0 NA
2002031920 0 0.0603007754 0 NA
2002031921 0 0.0588583246 0 NA
2002031922 0 0.0572836015 0 NA
2002031923 0 0.0561303692 0 NA
2002032000 0 0.0553854406 0 NA
2002032001 0.1 0.0547448317 0 NA
2002032002 0.9 0.0539130877 0 NA
2002032003 1.1 0.0538153962 0 NA
2002032004 0.8 0.0551894995 0 NA
2002032005 0.8 0.0574870846 0 NA
2002032006 0 0.0607740369 0 NA
2002032007 0 0.0650219954 0.0060606061 NA
2002032008 0 0.0691944923 0.046969697 NA
2002032009 0 0.0731932892 0.0712121212 NA
2002032010 0 0.0763549062 0.153030303 NA
2002032011 0 0.0786844938 0.2727272727 NA
2002032012 0 0.0796520631 0.2454545455 NA
2002032013 0 0.0795307569 0.1136363636 NA
2002032014 0 0.0788656846 0.1303030303 NA
2002032015 0 0.0771257354 0.0848484848 NA
2002032016 0 0.0754670631 0.0393939394 NA
2002032017 0 0.0740031646 0.0318181818 NA
2002032018 0 0.0725554246 0.0045454545 NA
2002032019 0 0.0715087662 0 NA
2002032020 0 0.0703297385 0 NA
2002032021 0 0.0687559431 0 NA
2002032022 0.1 0.0673119277 0 NA
2002032023 0.3 0.0662677477 0 NA
2002032100 1.3 0.0656678354 0 NA
2002032101 0.7 0.0658314138 0 NA
2002032102 0.5 0.0673135615 0 NA
2002032103 0.2 0.06954156 0 NA
2002032104 0 0.0725583185 0 NA
2002032105 0 0.0757042062 0 NA
2002032106 0 0.0790494923 0 NA
2002032107 0 0.0822271985 0.0132352941 NA
2002032108 0 0.0847824785 0.0485294118 NA
2002032109 0 0.0861093 0.0588235294 NA
2002032110 0 0.08668134 0.0661764706 NA
2002032111 0 0.0870644492 0.0911764706 NA
2002032112 0 0.0871283631 0.225 NA
2002032113 0 0.0864906231 0.3014705882 NA
2002032114 0 0.0853812969 0.2426470588 NA
2002032115 0 0.0838419092 0.1235294118 NA
2002032116 0 0.0825968492 0.0867647059 NA
2002032117 0 0.0811172631 0.0352941176 NA
2002032118 0 0.0793500923 0.0073529412 NA
2002032119 0 0.0775433354 0 NA
2002032120 0 0.0758212615 0 NA
2002032121 0 0.0739451631 0 NA
2002032122 0 0.0719530892 0 NA
2002032123 0 0.0699913108 0 NA
2002032200 0 0.0682266738 0 NA
2002032201 0 0.06670656 0 NA
2002032202 0 0.06528798 0 NA
2002032203 0 0.0638193738 0 NA
2002032204 0 0.0625016908 0 NA
2002032205 0 0.0611857662 0 NA
2002032206 0.3 0.0602483123 0.0013175231 NA
2002032207 2.1 0.0596276723 0.0039525692 NA
2002032208 0.2 0.0599384908 0.0079051383 NA
2002032209 0 0.0622383231 0.0368906456 NA
2002032210 0 0.0634047231 0.046113307 NA
2002032211 0.2 0.0650714123 0.1040843215 NA
2002032212 0 0.0667070862 0.1712779974 NA
2002032213 0 0.0683653846 0.1449275362 NA
2002032214 0 0.0699343615 0.1791831357 NA
2002032215 0 0.0712378246 0.1238471673 NA
2002032216 0 0.0718657477 0.0790513834 NA
2002032217 0 0.0722675769 0.0869565217 NA
2002032218 0 0.0721526262 0.0144927536 NA
2002032219 0 0.0717511015 0 NA
2002032220 0 0.0710668662 0 NA
2002032221 0 0.06976548 0 NA
2002032222 0 0.0681431262 0 NA
2002032223 0 0.0664193077 0 NA
2002032300 0 0.0650171215 0 NA
2002032301 0 0.0635116846 0 NA
2002032302 0 0.0620393262 0 NA
2002032303 0 0.0606903923 0 NA
2002032304 0 0.0595251415 0 NA
2002032305 0 0.0583981892 0 NA
2002032306 0 0.0572330631 0.0024908425 NA
2002032307 0 0.0561307569 0.0448351648 NA
2002032308 0 0.054844002 0.1033699634 NA
2002032309 0 0.0534273978 0.1382417582 NA
2002032310 0 0.0524143218 0.2216849817 NA
2002032311 0 0.0514721105 0.2827106227 NA
2002032312 0 0.0504688874 0.2702564103 NA
2002032313 0 0.0492674718 0.2017582418 NA
2002032314 0 0.0484253945 0.0996336996 NA
2002032315 0 0.0478758282 0.1706227106 NA
2002032316 0 0.0475122129 0.0958974359 NA
2002032317 0 0.0470140837 0.0523076923 NA
2002032318 0 0.0464736406 0.0161904762 NA
2002032319 0 0.0462499546 0 NA
2002032320 0 0.0460264542 0 NA
2002032321 0 0.04566996 0 NA
2002032322 0 0.0450505122 0 NA
2002032323 0 0.0445230609 0 NA
2002032400 0 0.0439990394 0 NA
2002032401 0 0.0433917831 0 NA
2002032402 0 0.0426189323 0 NA
2002032403 0 0.0421490105 0 NA
2002032404 0 0.0418308383 0 NA
2002032405 0 0.0412617143 0 NA
2002032406 0 0.0407173763 0.0023474178 NA
2002032407 0 0.0402597997 0.0422535211 NA
2002032408 0 0.0396817477 0.0950704225 NA
2002032409 0 0.0389455532 0.1643192488 NA
2002032410 0 0.0384180771 0.2018779343 NA
2002032411 0 0.0380153866 0.1654929577 NA
2002032412 0 0.0374951769 0.1525821596 NA
2002032413 0 0.0370180855 0.1631455399 NA
2002032414 0 0.0366390028 0.1666666667 NA
2002032415 0 0.0364193225 0.1654929577 NA
2002032416 0 0.0361454954 0.1150234742 NA
2002032417 0 0.0357948152 0.0575117371 NA
2002032418 0 0.0355624117 0.0082159624 NA
2002032419 0 0.0355624117 0 NA
2002032420 0 0.0357172089 0 NA
2002032421 0 0.035872488 0 NA
2002032422 0 0.035872488 0 NA
2002032423 0 0.0357363983 0 NA
2002032500 0 0.0355236923 0 NA
2002032501 0 0.0352530734 0 NA
2002032502 0 0.0349454478 0 NA
2002032503 0 0.0346770512 0 NA
2002032504 0 0.0344480898 0 NA
2002032505 0 0.03418173 0 NA
2002032506 0 0.0339539538 0.0056369786 NA
2002032507 0 0.0336235209 0.0597519729 NA
2002032508 0 0.0332758122 0.122886133 NA
2002032509 0 0.0328554997 0.1657271702 NA
2002032510 0 0.0324560825 0.2119503946 NA
2002032511 0 0.0321236225 0.2593010147 NA
2002032512 0 0.0316096505 0.2728297632 NA
2002032513 0 0.0310273131 0.2649379932 NA
2002032514 0 0.0305938052 0.2390078918 NA
2002032515 0 0.0300476174 0.1972942503 NA
2002032516 0 0.0294876665 0.1386696731 NA
2002032517 0 0.0294876665 0.0552423901 NA
2002032518 0 0.0294876665 0.0067643743 NA
2002032519 0 0.0294876665 0 NA
2002032520 0 0.0295939592 0 NA
2002032521 0 0.0297715265 0 NA
2002032522 0 0.030306708 0 NA
2002032523 0 0.0310996703 0 NA
2002032600 0 0.0313539674 0 NA
2002032601 0 0.0310272286 0 NA
2002032602 0 0.0304503203 0 NA
2002032603 0 0.0299137694 0 NA
2002032604 0 0.0295231791 0 NA
2002032605 0 0.0292057103 0 NA
2002032606 0 0.0288895985 0.0080769231 NA
2002032607 0 0.0285756452 0.0657692308 NA
2002032608 0 0.0281592831 0.1396153846 NA
2002032609 0 0.0276769163 0.1834615385 NA
2002032610 0 0.027369342 0.1996153846 NA
2002032611 0 0.027130932 0.2226923077 NA
2002032612 0 0.0267588166 0.2111538462 NA
2002032613 0 0.0262884794 0.1788461538 NA
2002032614 0 0.0258882425 0.2019230769 NA
2002032615 0 0.0254586337 0.1615384615 NA
2002032616 0 0.0252609895 0.1373076923 NA
2002032617 0 0.0251629754 0.0738461538 NA
2002032618 0 0.0249994135 0.0161538462 NA
2002032619 0 0.0249994135 0 NA
2002032620 0 0.0249994135 0 NA
2002032621 0 0.0249994135 0 NA
2002032622 0 0.0249994135 0 NA
2002032623 0 0.0249994135 0 NA
2002032700 0 0.0249667754 0 NA
2002032701 0 0.0248688609 0 NA
2002032702 0 0.0247390103 0 NA
2002032703 0 0.0244796898 0 NA
2002032704 0 0.0244796898 0 NA
2002032705 0 0.0244796898 0 NA
2002032706 0 0.0242859822 0.004929972 NA
2002032707 0 0.0241574926 0.0480672269 NA
2002032708 0 0.0239972691 0.1158543417 NA
2002032709 0 0.0237734668 0.1811764706 NA
2002032710 0 0.0235191822 0.2391036415 NA
2002032711 0 0.0232347198 0.2834733894 NA
2002032712 0 0.0227643563 0.3007282913 NA
2002032713 0 0.0223603809 0.2982633053 NA
2002032714 0 0.0218676392 0.2674509804 NA
2002032715 0 0.0216537397 0.2181512605 NA
2002032716 0 0.0214710425 0.1491316527 NA
2002032717 0 0.0214710425 0.0764145658 NA
2002032718 0 0.0214710425 0.017254902 NA
2002032719 0 0.0216233183 0 NA
2002032720 0 0.021837096 0 NA
2002032721 0 0.0219592689 0 NA
2002032722 0 0.022020768 0 NA
2002032723 0 0.0220822671 0 NA
2002032800 0 0.0220822671 0 NA
2002032801 0 0.0220822671 0 NA
2002032802 0 0.0220822671 0 NA
2002032803 0 0.0220822671 0 NA
2002032804 0 0.0220515175 0 NA
2002032805 0 0.0219592689 0 NA
2002032806 0 0.0219592689 0.0102838779 NA
2002032807 0 0.0218981825 0.0771290841 NA
2002032808 0 0.0217759237 0.1606855919 NA
2002032809 0 0.0215928125 0.194108195 NA
2002032810 0 0.0211993449 0.2506695233 NA
2002032811 0 0.0207489655 0.2930905196 NA
2002032812 0 0.0204511971 0.3123727906 NA
2002032813 0 0.0199503194 0.3098018211 NA
2002032814 0 0.0195998774 0.2828066417 NA
2002032815 0 0.0194764292 0.2339582217 NA
2002032816 0 0.0193897537 0.1658275308 NA
2002032817 0 0.0193681135 0.0899839314 NA
2002032818 0 0.0193392886 0.019282271 NA
2002032819 0 0.0193969385 0 NA
2002032820 0 0.0196871982 0 NA
2002032821 0 0.0199206845 0 NA
2002032822 0 0.0200378991 0 NA
2002032823 0 0.0200673332 0 NA
2002032900 0 0.0201556357 0 NA
2002032901 0 0.0201556357 0 NA
2002032902 0 0.0201556357 0 NA
2002032903 0 0.0202367465 0 NA
2002032904 0 0.0202515078 0 NA
2002032905 0 0.0201556357 0 NA
2002032906 0 0.0201556357 0.0068418172 NA
2002032907 0 0.0201556357 0.0643130816 NA
2002032908 0 0.0200378991 0.1423097975 NA
2002032909 0 0.0198330245 0.2162014231 NA
2002032910 0 0.0198621775 0.2777777778 NA
2002032911 0 0.0196581725 0.3174603175 28.095
2002032912 0 0.0192815695 0.337985769 28.095
2002032913 0 0.0188516506 0.3311439518 28.096
2002032914 0 0.0185953126 0.2983032293 28.096
2002032915 0 0.0183975522 0.2394636015 28.096
2002032916 0 0.0182006142 0.162835249 28.096
2002032917 0 0.0182849705 0.0862068966 28.096
2002032918 0 0.0183130892 0.0191570881 28.095
2002032919 0 0.0185599883 0 28.094
2002032920 0 0.0188086292 0 28.093
2002032921 0 0.0189369665 0 28.092
2002032922 0 0.01899396 0 28.092
2002032923 0 0.01899396 0 28.091
2002033000 0 0.0189084697 0 28.091
2002033001 0 0.0188799729 0 28.09
2002033002 0 0.0188799729 0 28.09
2002033003 0 0.0188229074 0 28.089
2002033004 0 0.0187373922 0 28.089
2002033005 0 0.0186520431 0 28.088
2002033006 0 0.0185953126 0.0085020243 28.088
2002033007 0 0.0184820151 0.0736842105 28.088
2002033008 0 0.0182849705 0.1218623482 28.087
2002033009 0 0.0180325523 0.1331983806 28.087
2002033010 0 0.0178656092 0.1303643725 28.086
2002033011 0 0.0177822332 0.1190283401 28.085
2002033012 0 0.0176713145 0.1346153846 28.085
2002033013 0 0.0176436055 0.175708502 28.085
2002033014 0 0.0175883566 0.175708502 28.085
2002033015 0 0.0174782437 0.1728744939 28.085
2002033016 0 0.0172313972 0.0906882591 28.085
2002033017 0 0.0170404006 0.0524291498 28.085
2002033018 0 0.0169859742 0.0113360324 28.086
2002033019 0 0.0170676138 0 28.086
2002033020 0 0.0172313972 0 28.086
2002033021 0 0.0173409965 0 28.086
2002033022 0 0.0174508117 0 28.085
2002033023 0 0.0175331077 0 28.085
2002033100 0 0.0175331077 0 28.086
2002033101 0 0.0175331077 0 28.086
2002033102 0 0.0175331077 0 28.086
2002033103 0 0.0175331077 0 28.086
2002033104 0 0.0175331077 0 28.086
2002033105 0 0.0176159811 0 28.086
2002033106 0 0.0177267323 0.0044635865 28.086
2002033107 0 0.0177544412 0.0490994518 28.086
2002033108 0 0.0177544412 0.1279561472 28.085
2002033109 0 0.0177267323 0.2083007048 28.085
2002033110 0 0.0176436055 0.244009397 28.084
2002033111 0 0.0175883566 0.2291307753 28.084
2002033112 0 0.0174508117 0.3541111981 28.084
2002033113 0 0.0172314789 0.2960845732 28.084
2002033114 0 0.01690488 0.1279561472 28.084
2002033115 0 0.0166618191 0.1368833203 28.084
2002033116 0 0.0165542843 0.0446358653 28.083
2002033117 0 0.0165542843 0.0624902114 28.083
2002033118 0 0.0165542843 0.0148786218 28.083
2002033119 0 0.0165542843 0 28.083
2002033120 0 0.0165542843 0 28.082
2002033121 0 0.0165542843 0 28.081
2002033122 0 0.0166618191 0 28.08
2002033123 0 0.0166618191 0 28.08
2002040100 0 0.0166618191 0 28.08
2002040101 0 0.0166618191 0 28.08
2002040102 0 0.0166618191 0 28.08
2002040103 0 0.0166618191 0 28.08
2002040104 0 0.0166618191 0 28.079
2002040105 0 0.0166349354 0 28.079
2002040106 0 0.0165542843 0.0060952381 28.079
2002040107 0 0.0164742065 0.0426666667 28.079
2002040108 0 0.0164475138 0.0853333333 28.078
2002040109 0 0.0162607985 0.2057142857 28.077
2002040110 0 0.0161014915 0.2407619048 28.077
2002040111 0 0.0160223982 0.284952381 28.076
2002040112 0 0.0159169182 0.3428571429 28.076
2002040113 0 0.0156284612 0.348952381 28.076
2002040114 0 0.0152911717 0.3154285714 28.076
2002040115 0 0.0149569878 0.2514285714 28.076
2002040116 0 0.0148037594 0.1721904762 28.076
2002040117 0 0.0147212612 0.0883809524 28.076
2002040118 0 0.0147782769 0.0152380952 28.076
2002040119 0 0.0148802068 0 28.076
2002040120 0 0.0149313406 0 28.076
2002040121 0 0.0151106885 0 28.075
2002040122 0 0.0151875637 0 28.075
2002040123 0 0.0151875637 0 28.075
2002040200 0 0.0151875637 0 28.075
2002040201 0 0.0151875637 0 28.075
2002040202 0 0.0151875637 0 28.075
2002040203 0 0.0151875637 0 28.074
2002040204 0 0.0151875637 0 28.074
2002040205 0 0.0151875637 0 28.074
2002040206 0 0.0151875637 0.0127635328 28.074
2002040207 0 0.0151875637 0.0733903134 28.073
2002040208 0 0.0150979195 0.1643304843 28.073
2002040209 0 0.0149889046 0.2425071225 28.072
2002040210 0 0.0147784625 0.3127065527 28.072
2002040211 0 0.0146770892 0.3621652422 28.072
2002040212 0 0.0145506642 0.3717378917 28.072
2002040213 0 0.0142492832 0.3685470085 28.072
2002040214 0 0.0139263189 0.3270655271 28.072
2002040215 0 0.0135576762 0.2664387464 28.072
2002040216 0 0.013387536 0.1786894587 28.073
2002040217 0 0.013435992 0.0989173789 28.073
2002040218 0 0.013484448 0.0207407407 28.073
2002040219 0 0.0135821672 0 28.072
2002040220 0 0.0136800498 0 28.072
2002040221 0 0.0137537723 0 28.071
2002040222 0 0.013802904 0 28.071
2002040223 0 0.0138828032 0 28.07
2002040300 0 0.0139012948 0 28.07
2002040301 0 0.0139755323 0 28.07
2002040302 0 0.0139260545 0 28.07
2002040303 0 0.0138765766 0 28.07
2002040304 0 0.013802904 0 28.07
2002040305 0 0.0138274615 0 28.07
2002040306 0 0.0140251763 0.0143846564 28.07
2002040307 0 0.0140748203 0.0799147576 28.07
2002040308 0 0.0140748203 0.1646244006 28.07
2002040309 0 0.0141246305 0.2509323388 28.07
2002040310 0 0.0140997254 0.326052211 28.069
2002040311 0 0.014087304 0.3803942461 28.069
2002040312 0 0.0140687848 0.4027703783 28.069
2002040313 0 0.0137541517 0.3915823122 28.069
2002040314 0 0.0133212849 0.3548215237 28.069
2002040315 0 0.0131045898 0.2876931273 28.069
2002040316 0 0.0128588663 0.2045817794 28.069
2002040317 0 0.0129066106 0.1118806606 28.069
2002040318 0 0.0126689871 0.0303676079 28.068
2002040319 0 0.0125979148 0 28.067
2002040320 0 0.0127397991 0 28.067
2002040321 0 0.0127872914 0 28.066
2002040322 0 0.0129481518 0 28.065
2002040323 0 0.0128586988 0 28.064
2002040400 0 0.0128467745 0 28.064
2002040401 0 0.0128825294 0 28.064
2002040402 0 0.01290636 0 28.063
2002040403 0 0.0128348682 0 28.063
2002040404 0 0.0128110375 0 28.063
2002040405 0 0.0128586988 0 28.063
2002040406 0 0.01290636 0.0118413262 28.063
2002040407 0 0.0128110375 0.0754884547 28.063
2002040408 0 0.0128110375 0.1598579041 28.063
2002040409 0 0.0127397991 0.2279455299 28.062
2002040410 0 0.0125979148 0.2827116637 28.062
2002040411 0 0.0125039575 0.3493191237 28.062
2002040412 0 0.0124570412 0.3433984606 28.062
2002040413 0 0.0123282817 0.3389579633 28.062
2002040414 0 0.0119230878 0.2649496744 28.062
2002040415 0 0.0117170197 0.1968620485 28.062
2002040416 0 0.0115579177 0.0947306098 28.062
2002040417 0 0.0116031711 0.1154529307 28.062
2002040418 0 0.0116259245 0.0370041445 28.062
2002040419 0 0.0116486778 0.0014801658 28.061
2002040420 0 0.0116941846 0 28.06
2002040421 0 0.0118770023 0 28.06
2002040422 0 0.012015 0 28.059
2002040423 0 0.0121538437 0 28.059
2002040500 0 0.0120843374 0 28.059
2002040501 0 0.0119228289 0 28.058
2002040502 0 0.0117170197 0 28.058
2002040503 0 0.0117855249 0 28.058
2002040504 0 0.0117398548 0 28.057
2002040505 0 0.0116486778 0 28.056
2002040506 0 0.0116031711 0.0147651007 28.056
2002040507 0 0.0116031711 0.0765100671 28.056
2002040508 0 0.0116031711 0.1516778523 28.055
2002040509 0 0.0115125785 0.2201342282 28.055
2002040510 0 0.0113549137 0.2805369128 28.054
2002040511 0 0.0113773265 0.3234899329 28.054
2002040512 0 0.0113101463 0.3422818792 28.054
2002040513 0 0.0110427812 0.332885906 28.054
2002040514 0 0.010866006 0.2979865772 28.053
2002040515 0 0.0106036228 0.2456375839 28.053
2002040516 0 0.0102845838 0.1798657718 28.053
2002040517 0 0.0103383942 0.1033557047 28.052
2002040518 0 0.0102577985 0.0308724832 28.051
2002040519 0 0.0102367122 0 28.051
2002040520 0 0.0102362885 0 28.05
2002040521 0 0.0102149571 0 28.049
2002040522 0 0.0103650702 0 28.048
2002040523 0 0.0104513428 0 28.047
2002040600 0 0.010279134 0 28.046
2002040601 0 0.0102149571 0 28.045
2002040602 0 0.0101722818 0 28.044
2002040603 0 0.0101083472 0 28.044
2002040604 0 0.0100232418 0 28.043
2002040605 0 0.0099385477 0 28.043
2002040606 0 0.0098545292 0.015970516 28.043
2002040607 0 0.0098545292 0.0737100737 28.042
2002040608 0 0.0098755338 0.1461916462 28.042
2002040609 0 0.0098965385 0.2125307125 28.041
2002040610 0 0.0097915112 0.2678132678 28.041
2002040611 0 0.0098545278 0.3071253071 28.04
2002040612 0 0.0096244629 0.3243243243 28.041
2002040613 0 0.0095000968 0.316953317 28.041
2002040614 0 0.009253944 0.2874692875 28.041
2002040615 0 0.0090103029 0.2395577396 28.041
2002040616 0 0.0087494871 0.1732186732 28.042
2002040617 0 0.0086698855 0.1031941032 28.042
2002040618 0 0.0085120228 0.0319410319 28.042
2002040619 0 0.0085316123 0 28.041
2002040620 0 0.0086105437 0 28.041
2002040621 0 0.0088091668 0 28.04
2002040622 0 0.0089896292 0 28.04
2002040623 0 0.0091109852 0 28.039
2002040700 0 0.0091109852 0 28.039
2002040701 0 0.0091109852 0 28.039
2002040702 0 0.0091109852 0 28.039
2002040703 0 0.0091109852 0 28.039
2002040704 0 0.0090704769 0 28.039
2002040705 0 0.0090299686 0 28.039
2002040706 0 0.0090299686 0.0222110553 28.039
2002040707 0 0.0090299686 0.0875376884 28.039
2002040708 0 0.0090299686 0.1515577889 28.039
2002040709 0 0.0090299686 0.2221105528 28.039
2002040710 0 0.0089492898 0.2822110553 28.039
2002040711 0 0.0089694595 0.3227135678 28.039
2002040712 0 0.0089492898 0.3383919598 28.039
2002040713 0 0.008849178 0.3214070352 28.039
2002040714 0 0.0086303797 0.3031155779 28.039
2002040715 0 0.0084140834 0.2351758794 28.04
2002040716 0 0.0083164929 0.1776884422 28.04
2002040717 0 0.0083164929 0.1045226131 28.04
2002040718 0 0.0083749957 0.0313567839 28.04
2002040719 0 0.0084924332 0 28.04
2002040720 0 0.0085512018 0 28.04
2002040721 0 0.0086501326 0 28.039
2002040722 0 0.0088290886 0 28.039
2002040723 0 0.0089492898 0 28.039
2002040800 0 0.0089492898 0 28.038
2002040801 0 0.0089492898 0 28.038
2002040802 0 0.0089492898 0 28.038
2002040803 0 0.0089492898 0 28.037
2002040804 0 0.0089492898 0 28.037
2002040805 0 0.0088890217 0 28.037
2002040806 0 0.0088689323 0.0181455633 28.037
2002040807 0 0.0088689323 0.0790628116 28.036
2002040808 0 0.0088689323 0.1529411765 28.036
2002040809 0 0.0088091668 0.2229312064 28.036
2002040810 0 0.0087294794 0.2799601196 28.035
2002040811 0 0.0086500495 0.3201395813 28.035
2002040812 0 0.0086502185 0.3343968096 28.035
2002040813 0 0.0084728465 0.3305084746 28.035
2002040814 0 0.0082778192 0.2968095713 28.035
2002040815 0 0.0080850517 0.247557328 28.035
2002040816 0 0.0078748131 0.1801595214 28.035
2002040817 0 0.0077851468 0.1036889332 28.035
2002040818 0 0.0078369771 0.0324027916 28.035
2002040819 0 0.0078748131 0.0012961117 28.035
2002040820 0 0.0079699708 0 28.034
2002040821 0 0.0080704011 0 28.034
2002040822 0 0.0082003126 0 28.033
2002040823 0 0.00827766 0 28.033
2002040900 0 0.0083164929 0 28.033
2002040901 0 0.0083164929 0 28.033
2002040902 0 0.0083164929 0 28.033
2002040903 0 0.0083164929 0 28.033
2002040904 0 0.0083164929 0 28.033
2002040905 0 0.0083164929 0 28.034
2002040906 0 0.00827766 0.0134560907 28.034
2002040907 0 0.0082388271 0.0645892351 28.034
2002040908 0 0.0082388271 0.1399433428 28.033
2002040909 0 0.0082388271 0.1399433428 28.033
2002040910 0 0.0081233003 0.1870396601 28.033
2002040911 0 0.0080273008 0.2327903683 28.033
2002040912 0 0.0080081335 0.3175637394 28.034
2002040913 0 0.0080081335 0.2866147309 28.034
2002040914 0 0.0079699708 0.2126062323 28.035
2002040915 0 0.0078369771 0.1372521246 28.035
2002040916 0 0.0077616332 0.0955382436 28.036
2002040917 0 0.0077192183 0.0538243626 28.036
2002040918 0 0.007780464 0.0174929178 28.036
2002040919 0 0.0078369771 0.0013456091 28.035
2002040920 0 0.0079701397 0 28.035
2002040921 0 0.0081425575 0 28.034
2002040922 0 0.0082971609 0 28.033
2002040923 0 0.0083944966 0 28.032
2002041000 0 0.0084728437 0 28.032
2002041001 0 0.0084336702 0 28.032
2002041002 0 0.0084140834 0 28.031
2002041003 0 0.0083944966 0 28.031
2002041004 0 0.0082970765 0 28.031
2002041005 0 0.0081618065 0 28.03
2002041006 0 0.0080848025 0.0167912984 28.03
2002041007 0 0.0081183489 0.0684568321 28.03
2002041008 0 0.0081569395 0.1420802175 28.03
2002041009 0 0.0081376906 0.1847042828 28.03
2002041010 0 0.0080320458 0.2363698165 28.03
2002041011 0 0.0079128097 0.3009517335 28.03
2002041012 0 0.0079699708 0.2609109449 28.03
2002041013 0 0.0078702549 0.1898708362 28.031
2002041014 0 0.0077618922 0.1989123046 28.031
2002041015 0 0.007785252 0.1110808973 28.031
2002041016 0 0.007668324 0.0826648538 28.032
2002041017 0 0.0075371691 0.0787899388 28.032
2002041018 0 0.0075556717 0.0271244052 28.032
2002041019 0 0.0075186748 0.0012916383 28.031
2002041020 0 0.0075556717 0 28.031
2002041021 0 0.0076302415 0 28.03
2002041022 0 0.0076301557 0 28.03
2002041023 0 0.0076676483 0 28.03
2002041100 0 0.0077051409 0 28.03
2002041101 0 0.0077051409 0 28.03
2002041102 0 0.0077051409 0 28.03
2002041103 0 0.0077051409 0 28.031
2002041104 0 0.0077051409 0 28.032
2002041105 0 0.0077051409 0 28.032
2002041106 0 0.0077616332 0.0162266581 28.032
2002041107 0 0.007780464 0.0770766259 28.032
2002041108 0 0.0078558148 0.1419832582 28.032
2002041109 0 0.0078795942 0.2136509981 28.032
2002041110 0 0.0079128097 0.2717965229 28.032
2002041111 0 0.0078558148 0.2731487444 28.032
2002041112 0 0.0079128928 0.2379909852 28.033
2002041113 0 0.0078181394 0.2880231809 28.033
2002041114 0 0.0077804709 0.2731487444 28.033
2002041115 0 0.0076676483 0.1311654862 28.034
2002041116 0 0.0075371691 0.1271088216 28.034
2002041117 0 0.0074815034 0.0365099807 28.034
2002041118 0 0.007500006 0.0108177721 28.033
2002041119 0 0.0076115811 0.0013522215 28.033
2002041120 0 0.0077051409 0 28.032
2002041121 0 0.0077428025 0 28.031
2002041122 0 0.0079318911 0 28.031
2002041123 0 0.0080081335 0 28.03
2002041200 0 0.0080320348 0 28.03
2002041201 0 0.008075124 0 28.03
2002041202 0 0.0080848025 0 28.03
2002041203 0 0.0080702848 0 28.03
2002041204 0 0.0080702848 0 28.03
2002041205 0 0.0080654455 0 28.03
2002041206 0 0.0080367798 0.0208728653 28.03
2002041207 0 0.0080367702 0.0737507906 28.03
2002041208 0 0.0080128786 0.154459203 28.03
2002041209 0 0.0080081335 0.2282099937 28.029
2002041210 0 0.0079699708 0.2963946869 28.029
2002041211 0 0.0078558148 0.304743833 28.029
2002041212 0 0.007780464 0.2741302973 28.029
2002041213 0 0.007780464 0.2449082859 28.028
2002041214 0 0.0077052254 0.229601518 28.028
2002041215 0 0.0076301557 0.1989879823 28.028
2002041216 0 0.0076114952 0.0932321316 28.028
2002041217 0 0.0075555138 0.0640101202 28.027
2002041218 0 0.0075462895 0.0153067679 28.027
2002041219 0 0.0075555138 0.0013915244 28.026
2002041220 0 0.0075555138 0 28.025
2002041221 0 0.0075928348 0 28.024
2002041222 0 0.0076301557 0 28.024
2002041223 0 0.0076301557 0 28.023
2002041300 0 0.0076301557 0 28.023
2002041301 0 0.0076301557 0 28.023
2002041302 0 0.0076301557 0 28.023
2002041303 0 0.0075928348 0 28.023
2002041304 0 0.0075555138 0 28.023
2002041305 0 0.0074815034 0 28.023
2002041306 0 0.0074815034 0.0038817006 28.023
2002041307 0 0.0074305994 0.0116451017 28.023
2002041308 0 0.0074075262 0.0155268022 28.022
2002041309 0 0.0074075262 0.0181146026 28.022
2002041310 0 0.0073338923 0.0426987061 28.021
2002041311 0 0.0072789162 0.0659889094 28.02
2002041312 0 0.0072605908 0.1009242144 28.02
2002041313 0 0.0072605908 0.0866913124 28.02
2002041314 0 0.0072605908 0.0685767098 28.02
2002041315 0 0.0072605908 0.084103512 28.02
2002041316 0 0.0072605908 0.084103512 28.02
2002041317 0 0.0072424232 0.0750462107 28.02
2002041318 0 0.0071879206 0.0375231054 28.02
2002041319 0 0.0071879206 0.0051756007 28.02
2002041320 0 0.0071879206 0 28.019
2002041321 0 0.0071879206 0 28.019
2002041322 0 0.0071879206 0 28.018
2002041323 0 0.0071879206 0 28.018
2002041400 0 0.0072605908 0 28.017
2002041401 0 0.0072560589 0 28.017
2002041402 0 0.0072332917 0 28.017
2002041403 0 0.0071879206 0 28.017
2002041404 0 0.0071879206 0 28.017
2002041405 0 0.0071879206 0 28.017
2002041406 0 0.0071879206 0.015130674 28.017
2002041407 0 0.0071334512 0.0481430536 28.016
2002041408 0 0.0071152948 0.1100412655 28.016
2002041409 0 0.0070791508 0.1733149931 28.016
2002041410 0 0.0069935691 0.1224209078 28.016
2002041411 0 0.0069173432 0.1086657497 28.016
2002041412 0 0.0068284523 0.0949105915 28.016
2002041413 0 0.0068284523 0.0508940853 28.016
2002041414 0 0.0068284523 0.0770288858 28.015
2002041415 0 0.0068284523 0.0935350757 28.015
2002041416 0.2 0.0068284523 0.0481430536 28.015
2002041417 0 0.0068284523 0.0426409904 28.015
2002041418 0 0.0068284523 0.015130674 28.015
2002041419 0.1 0.0068284523 0 28.014
2002041420 0 0.0068284523 0 28.014
2002041421 0 0.0068284523 0 28.013
2002041422 0 0.0068994388 0 28.013
2002041423 0 0.0068994388 0 28.013
2002041500 0 0.0068994388 0 28.013
2002041501 0.2 0.0068994388 0 28.013
2002041502 0.2 0.0068994388 0 28.014
2002041503 0 0.0069173432 0 28.015
2002041504 0.1 0.0069800386 0 28.015
2002041505 0.1 0.0070791508 0 28.016
2002041506 0 0.0071334512 0.0013888889 28.016
2002041507 0 0.0071879206 0.0055555556 28.016
2002041508 0 0.0071879206 0.0138888889 28.016
2002041509 0.1 0.0071879206 0.0194444444 28.016
2002041510 0.3 0.0071879206 0.0375 28.016
2002041511 0.3 0.0071879206 0.0263888889 28.016
2002041512 0.9 0.0071879206 0.0388888889 28.016
2002041513 0.5 0.0072060882 0.0458333333 28.016
2002041514 0.4 0.0074446089 0.0375 28.016
2002041515 0.3 0.0077428938 0.0277777778 28.016
2002041516 0.5 0.008162064 0.0236111111 28.017
2002041517 0.7 0.0084532597 0.0180555556 28.018
2002041518 0.5 0.0086501326 0.0041666667 28.019
2002041519 0.7 0.0089093589 0 28.019
2002041520 0.7 0.0092537778 0 28.02
2002041521 1.2 0.0097291592 0 28.022
2002041522 0.9 0.0102580477 0 28.023
2002041523 0.8 0.0107564898 0 28.024
2002041600 0.5 0.0114686654 0 28.025
2002041601 0.2 0.0123874546 0 28.027
2002041602 0.4 0.0130022308 0 28.03
2002041603 0.2 0.0135335298 0 28.032
2002041604 0 0.0140501645 0 28.035
2002041605 0 0.0145508095 0 28.039
2002041606 0 0.0150338271 0.0023622047 28.041
2002041607 0 0.0154464162 0.0118110236 28.043
2002041608 0 0.0157067003 0.0318897638 28.045
2002041609 0 0.0158116043 0.0236220472 28.047
2002041610 0 0.0158116043 0.0271653543 28.049
2002041611 0 0.0158116043 0.0377952756 28.05
2002041612 0 0.0158116043 0.0330708661 28.051
2002041613 0 0.0158116043 0.0330708661 28.052
2002041614 0 0.0157329263 0.0354330709 28.053
2002041615 0 0.0157067003 0.0271653543 28.054
2002041616 0 0.0157067003 0.0153543307 28.056
2002041617 0 0.0157067003 0.0118110236 28.056
2002041618 0 0.0156282715 0.0082677165 28.056
2002041619 0 0.0156021286 0.0011811024 28.057
2002041620 0 0.0156021286 0 28.057
2002041621 0 0.0156021286 0 28.058
2002041622 0 0.0156544145 0 28.058
2002041623 0 0.0158906105 0 28.058
2002041700 0 0.0161280485 0 28.058
2002041701 0 0.0163406271 0 28.059
2002041702 0 0.0164475138 0 28.059
2002041703 0 0.0164475138 0 28.06
2002041704 0 0.0164475138 0 28.06
2002041705 0 0.0164475138 0 28.06
2002041706 0 0.0164475138 0.0193370166 28.06
2002041707 0 0.0164475138 0.0400552486 28.06
2002041708 0 0.0164475138 0.1035911602 28.06
2002041709 0 0.0164407694 0.1698895028 28.06
2002041710 0 0.0163406271 0.1312154696 28.06
2002041711 0 0.0162873554 0.2237569061 28.06
2002041712 0 0.0162340837 0.1726519337 28.06
2002041713 0 0.0162340837 0.2140883978 28.06
2002041714 0 0.0162340837 0.1671270718 28.06
2002041715 0 0.0161809698 0.1104972376 28.06
2002041716 0 0.0152766568 0.0897790055 28.06
2002041717 0 0.0094785245 0.044198895 28.061
2002041718 0 0.0058601995 0.0138121547 28.061
2002041719 0 0.0050185512 0 28.06
2002041720 0 0.0055616122 0 28.06
2002041721 0 0.0091276477 0 28.06
2002041722 0 0.0125834428 0 28.059
2002041723 0 0.0143007452 0 28.059
2002041800 0 0.0149315054 0 28.059
2002041801 0 0.0151363135 0 28.059
2002041802 0 0.0151875637 0 28.059
2002041803 0 0.0151875637 0 28.059
2002041804 0 0.0151875637 0 28.059
2002041805 0 0.0151427825 0.0014044944 28.059
2002041806 0 0.0150850634 0.0196629213 28.06
2002041807 0 0.0150594162 0.0575842697 28.059
2002041808 0 0.0149313406 0.1530898876 28.059
2002041809 0 0.0147784625 0.2219101124 28.059
2002041810 0 0.0144752898 0.1334269663 28.059
2002041811 0 0.0141744406 0.2654494382 28.058
2002041812 0 0.0141744406 0.1573033708 28.058
2002041813 0 0.0141744406 0.1151685393 28.057
2002041814 0 0.0141744406 0.2162921348 28.056
2002041815 0 0.0141744406 0.0983146067 28.056
2002041816 0 0.0141495355 0.0435393258 28.056
2002041817 0.1 0.0140748203 0.0154494382 28.056
2002041818 1.4 0.0140499983 0.0014044944 28.055
2002041819 1.6 0.013895172 0 28.054
2002041820 0.7 0.0138889357 0 28.054
2002041821 1.1 0.0142059697 0 28.053
2002041822 0 0.0152163928 0 28.053
2002041823 0 0.0165017188 0 28.053
2002041900 0 0.0170133785 0 28.054
2002041901 0 0.0170948271 0 28.056
2002041902 0 0.0169859742 0 28.058
2002041903 0 0.0169859742 0 28.059
2002041904 0 0.0172040995 0 28.06
2002041905 0 0.0173959186 0 28.062
2002041906 0 0.0175607322 0.0197056942 28.063
2002041907 0 0.0176436055 0.0365962892 28.064
2002041908 0 0.0176436055 0.1013435701 28.064
2002041909 0 0.0176436055 0.2378758797 28.064
2002041910 0 0.0176436055 0.3251439539 28.065
2002041911 0 0.0176436055 0.3293666027 28.065
2002041912 0 0.0176159811 0.3054382598 28.066
2002041913 0 0.0175331077 0.2181701855 28.067
2002041914 0 0.0173684575 0.2646193218 28.067
2002041915 0 0.0173135354 0.0872680742 28.067
2002041916 2 0.0172040178 0.0689699296 28.067
2002041917 0.1 0.0172040178 0.1309021113 28.067
2002041918 0 0.0172040178 0.0619321817 28.067
2002041919 0 0.0172040178 0.0126679463 28.067
2002041920 0 0.0172040178 0 28.067
2002041921 0 0.0172040178 0 28.066
2002041922 0 0.0172587766 0 28.066
2002041923 0 0.0173135354 0 28.067
2002042000 0 0.0173959186 0 28.067
2002042001 0 0.0174233797 0 28.067
2002042002 0 0.0174233797 0 28.067
2002042003 0 0.0174233797 0 28.068
2002042004 0 0.0174233797 0 28.068
2002042005 0 0.0173203352 0 28.068
2002042006 0 0.0172040995 0.0065502183 28.068
2002042007 0 0.0169861652 0.023580786 28.067
2002042008 0 0.0168237858 0.0471615721 28.067
2002042009 0 0.0165544754 0.1467248908 28.067
2002042010 0 0.0162609632 0.0930131004 28.066
2002042011 0 0.0159696997 0.0668122271 28.065
2002042012 0 0.0158116043 0.2462882096 28.065
2002042013 0 0.0158116043 0.1558951965 28.065
2002042014 0 0.0156805574 0.0484716157 28.064
2002042015 0 0.0155112688 0.1257641921 28.064
2002042016 0 0.0153426102 0.1401746725 28.064
2002042017 0 0.0151363135 0.0759825328 28.064
2002042018 0 0.0149313406 0.0209606987 28.064
2002042019 0 0.0147846918 0.0026200873 28.063
2002042020 0 0.0147782769 0 28.063
2002042021 0 0.0147782769 0 28.063
2002042022 0 0.0147782769 0 28.062
2002042023 0 0.0147276831 0 28.062
2002042100 0 0.0146011362 0 28.061
2002042101 0 0.0145253465 0 28.061
2002042102 0 0.0144497229 0 28.061
2002042103 0 0.0142739834 0 28.06
2002042104 0 0.0141246305 0 28.06
2002042105 0 0.0140748203 0.001467803 28.06
2002042106 0 0.0140251763 0.0366950758 28.06
2002042107 0 0.0139013155 0.1174242424 28.06
2002042108 0 0.0136801329 0.1966856061 28.06
2002042109 0 0.0134361582 0.2744791667 28.059
2002042110 0 0.0131699243 0.3434659091 28.059
2002042111 0 0.0130259132 0.3199810606 28.059
2002042112 0 0.0129541874 0.4227272727 28.059
2002042113 0 0.0127873758 0.3845643939 28.059
2002042114 0 0.0125274434 0.3273200758 28.059
2002042115 0 0.012339792 0.2715435606 28.059
2002042116 0 0.0122233043 0.2157670455 28.059
2002042117 0 0.0121538437 0.1321022727 28.059
2002042118 0 0.0121538437 0.049905303 28.059
2002042119 0 0.0122001508 0.0058712121 28.059
2002042120 0 0.0122931249 0 28.059
2002042121 0 0.0124100418 0 28.059
2002042122 0 0.0125274572 0 28.058
2002042123 0 0.0125274572 0 28.058
2002042200 0 0.0125274572 0 28.058
2002042201 0 0.0125274572 0 28.058
2002042202 0 0.0125274572 0 28.058
2002042203 0 0.0125274572 0 28.058
2002042204 0 0.0125274572 0 28.058
2002042205 0 0.0125274572 0.003133515 28.058
2002042206 0 0.0125274572 0.0282016349 28.058
2002042207 0 0.0125274572 0.0861716621 28.058
2002042208 0 0.0124100418 0.1707765668 28.057
2002042209 0 0.0122931249 0.1754768392 28.057
2002042210 0 0.0121769972 0.1566757493 28.056
2002042211 0 0.0120611686 0.1848773842 28.056
2002042212 0 0.0120611686 0.1974114441 28.056
2002042213 0 0.0119746412 0.2898501362 28.056
2002042214 0 0.0119688314 0.346253406 28.056
2002042215 0 0.0119228289 0.3086512262 28.056
2002042216 0 0.0117626898 0.2209128065 28.056
2002042217 0 0.0116031711 0.1002724796 28.056
2002042218 0 0.0116031711 0.0297683924 28.056
2002042219 0 0.0116031711 0.0015667575 28.056
2002042220 0 0.0116259245 0 28.056
2002042221 0 0.0117398548 0 28.055
2002042222 0 0.0117855249 0 28.055
2002042223 0 0.0117855249 0 28.054
2002042300 0 0.0117855249 0 28.054
2002042301 0 0.0117855249 0 28.054
2002042302 0 0.0117855249 0 28.054
2002042303 0 0.0117855249 0 28.054
2002042304 0 0.0117855249 0 28.053
2002042305 0 0.0117855249 0.0015672092 28.053
2002042306 0 0.0116941846 0.0172393008 28.053
2002042307 0 0.0116941846 0.0783604581 28.052
2002042308 0 0.0115805022 0.1864978903 28.051
2002042309 0 0.0114673237 0.2335141652 28.05
2002042310 0 0.0112428997 0.2664255576 28.05
2002042311 0 0.0110646222 0.2695599759 28.049
2002042312 0 0.0108657623 0.2852320675 28.049
2002042313 0 0.010777824 0.3259795057 28.048
2002042314 0 0.0106468075 0.2977697408 28.047
2002042315 0 0.0105380308 0.2100060277 28.047
2002042316 0 0.0104946868 0.1959011453 28.047
2002042317 0 0.0103649871 0.1488848704 28.046
2002042318 0 0.0103219754 0.0736588306 28.045
2002042319 0 0.0102362926 0.009403255 28.044
2002042320 0 0.0101936215 0 28.043
2002042321 0 0.0101936215 0 28.043
2002042322 0 0.0101936215 0 28.042
2002042323 0 0.0101936215 0 28.041
2002042400 0 0.0101936215 0 28.041
2002042401 0 0.0101936215 0 28.041
2002042402 0 0.0101936215 0 28.041
2002042403 0 0.0101296025 0 28.041
2002042404 0 0.0100444971 0 28.042
2002042405 0 0.0099385477 0.0016015375 28.042
2002042406 0 0.0099385477 0.0176169122 28.042
2002042407 0 0.0099385477 0.0464445868 28.042
2002042408 0 0.0099175431 0.0784753363 28.042
2002042409 0 0.0098545292 0.134529148 28.041
2002042410 0 0.0097915112 0.1521460602 28.041
2002042411 0 0.0097024569 0.2226137092 28.04
2002042412 0 0.0096868135 0.4019859065 28.04
2002042413 0 0.0096451338 0.2978859705 28.04
2002042414 0 0.0095207705 0.363549007 28.04
2002042415 0 0.0094587535 0.299487508 28.04
2002042416 0 0.009417492 0.2562459962 28.04
2002042417 0 0.0092942058 0.1553491352 28.041
2002042418 0 0.0092736997 0.0624599616 28.04
2002042419 0 0.0092533611 0.0096092249 28.04
2002042420 0 0.0092736997 0 28.04
2002042421 0 0.0093763135 0 28.039
2002042422 0 0.0094794258 0 28.039
2002042423 0 0.0095207705 0 28.038
2002042500 0 0.0095207705 0 28.038
2002042501 0 0.0095207705 0 28.038
2002042502 0 0.0095207705 0 28.038
2002042503 0 0.0095207705 0 28.038
2002042504 0 0.0095207705 0 28.038
2002042505 0 0.0095207705 0.0046179219 28.038
2002042506 0 0.0095207705 0.0461792194 28.038
2002042507 0 0.0095207705 0.1077515118 28.038
2002042508 0 0.0094380812 0.2201209456 28.037
2002042509 0 0.0093969028 0.2940076965 28.037
2002042510 0 0.0092942058 0.3432655305 28.036
2002042511 0 0.0092736997 0.2986256185 28.036
2002042512 0 0.0092533611 0.3401869159 28.036
2002042513 0 0.0091516652 0.330951072 28.036
2002042514 0 0.0090502228 0.2447498626 28.036
2002042515 0 0.0090299686 0.2262781748 28.035
2002042516 0 0.0090299686 0.2047278725 28.035
2002042517 0 0.0089694595 0.118526663 28.034
2002042518 0 0.0089492898 0.0153930731 28.034
2002042519 0 0.0089492898 0.0046179219 28.033
2002042520 0 0.0089091111 0 28.033
2002042521 0 0.0088689323 0 28.032
2002042522 0 0.0088689323 0 28.032
2002042523 0 0.0088689323 0 28.031
2002042600 0 0.0088689323 0 28.031
2002042601 0 0.0088689323 0 28.032
2002042602 0 0.0088689323 0 28.032
2002042603 0 0.0088689323 0 28.033
2002042604 0 0.0088689323 0 28.034
2002042605 0 0.0088689323 0.0026954178 28.035
2002042606 0 0.0088689323 0.0188679245 28.036
2002042607 0 0.0088689323 0.0471698113 28.037
2002042608 0 0.0088689323 0.0714285714 28.037
2002042609 0 0.0088490105 0.1037735849 28.038
2002042610 0 0.0087892449 0.2277628032 28.039
2002042611 0 0.0087892449 0.2237196765 28.04
2002042612 0 0.0089497828 0.076819407 28.042
2002042613 1 0.0092738672 0.039083558 28.043
2002042614 0.7 0.0093969028 0.0876010782 28.043
2002042615 0 0.0095622798 0.0404312668 28.043
2002042616 0 0.0098755325 0.0134770889 28.043
2002042617 0 0.0101510225 0.0336927224 28.044
2002042618 0.5 0.0103866591 0.0134770889 28.044
2002042619 0.8 0.0104946868 0 28.045
2002042620 0.4 0.0106903094 0 28.046
2002042621 0.3 0.0109761923 0 28.047
2002042622 0.2 0.011422746 0 28.048
2002042623 0.1 0.0119000866 0 28.047
2002042700 0.2 0.0123401382 0 28.044
2002042701 0 0.0124920969 0 28.043
2002042702 0.9 0.0125039575 0 28.04
2002042703 1.6 0.0124334585 0 28.039
2002042704 1.1 0.0123632917 0 28.037
2002042705 0 0.0126823791 0.0070812808 28.035
2002042706 0 0.0141152178 0.0212438424 28.035
2002042707 0 0.0150850994 0.1331280788 28.033
2002042708 0 0.0149574808 0.1784482759 28.033
2002042709 0 0.0141998026 0.2039408867 28.032
2002042710 0 0.0136312325 0.2676724138 28.033
2002042711 2.1 0.0132424062 0.1911945813 28.033
2002042712 0 0.0129780858 0.2761699507 28.034
2002042713 0.5 0.0129544075 0.1430418719 28.034
2002042714 0 0.0137056805 0.3299876847 28.035
2002042715 0 0.014224212 0.26908867 28.035
2002042716 0.1 0.014224212 0.1317118227 28.036
2002042717 0 0.0139756985 0.1005541872 28.037
2002042718 0 0.0136066583 0.0410714286 28.038
2002042719 0 0.013387536 0.0056650246 28.039
2002042720 0 0.013387536 0 28.04
2002042721 0 0.013387536 0 28.041
2002042722 0.2 0.013387536 0 28.042
2002042723 1.2 0.0133571742 0 28.044
2002042800 0 0.0132905631 0 28.047
2002042801 0 0.0132905631 0 28.048
2002042802 0 0.0133390495 0 28.051
2002042803 0 0.0135332668 0 28.052
2002042804 0.2 0.0135820855 0 28.054
2002042805 0.1 0.0135820855 0.0014409222 28.055
2002042806 0.4 0.0135332668 0.0100864553 28.057
2002042807 1.4 0.013484448 0.0129682997 28.058
2002042808 1.3 0.0135150009 0.0389048991 28.059
2002042809 0.5 0.0137110237 0.0778097983 28.06
2002042810 1.2 0.0144512072 0.0634005764 28.062
2002042811 0.2 0.0156822882 0.0432276657 28.063
2002042812 0 0.0165280278 0.1181556196 28.065
2002042813 0 0.0171228143 0.1700288184 28.067
2002042814 0 0.0177824492 0.1988472622 28.068
2002042815 0 0.0180605894 0.0634005764 28.07
2002042816 0.5 0.0182568517 0.0749279539 28.072
2002042817 0 0.0185954788 0.0734870317 28.074
2002042818 0 0.0193398785 0.0446685879 28.075
2002042819 0.1 0.0201853662 0.0086455331 28.077
2002042820 0 0.020689272 0 28.079
2002042821 0 0.0211689651 0 28.08
2002042822 0 0.0215928125 0 28.081
2002042823 0 0.0218065098 0 28.082
2002042900 0 0.021837096 0 28.085
2002042901 1 0.021837096 0 28.086
2002042902 0 0.021837096 0 28.087
2002042903 0 0.0218676392 0 28.087
2002042904 0 0.0221747732 0 28.087
2002042905 0 0.0222056086 0.0057478772 28.088
2002042906 0 0.0222056086 0.0488569562 28.088
2002042907 0 0.0222056086 0.1422599608 28.088
2002042908 0 0.0220822671 0.2141084259 28.088
2002042909 0 0.0220285094 0.2600914435 28.088
2002042910 0 0.0218065098 0.2256041803 28.09
2002042911 0.4 0.0216232338 0.1034617897 28.09
2002042912 2.6 0.0214712488 0.076159373 28.09
2002042913 0 0.0212896662 0.3089483997 28.09
2002042914 0 0.0221151974 0.3132593076 28.088
2002042915 0 0.0236154932 0.2069235794 28.088
2002042916 0 0.0238693362 0.1235793599 28.088
2002042917 0 0.0232664912 0.1250163292 28.088
2002042918 0 0.0229519371 0.0402351404 28.089
2002042919 0.4 0.0228188465 0.0057478772 28.088
2002042920 0 0.0229519828 0 28.088
2002042921 0 0.0228269257 0 28.088
2002042922 0 0.0229519828 0 28.088
2002042923 0 0.0228266751 0 28.087
2002043000 0 0.0226082229 0 28.087
2002043001 0 0.0223912523 0 28.087
2002043002 0 0.0220823529 0 28.087
2002043003 0 0.0217148317 0 28.088
2002043004 0 0.0214410337 0 28.088
2002043005 1.9 0.0211688003 0.0015069968 28.088
2002043006 0 0.0208684758 0.033153929 28.088
2002043007 0 0.0209284975 0.0904198062 28.089
2002043008 0 0.0214408274 0.1883745963 28.09
2002043009 0 0.0214408274 0.2019375673 28.092
2002043010 0 0.0210485478 0.1160387513 28.094
2002043011 0 0.0206891086 0.14467169 28.096
2002043012 0 0.0204213115 0.1311087191 28.097
2002043013 0 0.0203031942 0.1416576964 28.099
2002043014 0 0.0201556357 0.0693218515 28.099
2002043015 0 0.0199791914 0.0768568353 28.1
2002043016 0 0.0199204837 0.105489774 28.1
2002043017 0 0.0199204837 0.052744887 28.1
2002043018 0 0.0198038714 0.0406889128 28.1
2002043019 0 0.0198038714 0.0060279871 28.101
2002043020 0 0.0198038714 0 28.101
2002043021 0 0.0198038714 0 28.101
2002043022 0 0.0199204837 0 28.101
2002043023 0 0.0199204837 0 28.101
2002050100 0 0.0200085452 0 28.101
2002050101 0 0.0200378991 0 28.101
2002050102 0.3 0.0200673332 0 28.1
2002050103 1.8 0.0200085452 0 28.1
2002050104 0.3 0.0198621775 0 28.098
2002050105 0 0.0202669034 0.0030320045 28.097
2002050106 0 0.0210335746 0.0242560359 28.096
2002050107 0 0.0212291502 0.1379562044 28.095
2002050108 0 0.0210183729 0.2213363279 28.095
2002050109 0 0.0205997331 0.295620438 28.095
2002050110 0 0.0202736742 0.2410443571 28.096
2002050111 0 0.0200673332 0.3608085345 28.096
2002050112 0 0.0199204837 0.271364402 28.096
2002050113 1.7 0.0196290665 0.2622683885 28.097
2002050114 0.4 0.0192527931 0.2016282987 28.097
2002050115 0 0.0192238505 0.2061763054 28.096
2002050116 0 0.0193969038 0.265300393 28.096
2002050117 0 0.0194545883 0.1394722066 28.096
2002050118 0 0.0194545883 0.0560920831 28.095
2002050119 0 0.0194545883 0.0136440202 28.095
2002050120 0 0.0194545883 0 28.096
2002050121 0 0.0194545883 0 28.096
2002050122 0 0.0194545883 0 28.096
2002050123 0 0.0194545883 0 28.096
2002050200 0 0.0194257634 0 28.096
2002050201 0 0.0192815695 0 28.096
2002050202 0 0.0191662975 0 28.097
2002050203 0 0.0190513523 0 28.098
2002050204 0 0.0188799729 0 28.098
2002050205 0 0.0188229074 0.0015319149 28.098
2002050206 0.5 0.0187089425 0.0091914894 28.098
2002050207 0.1 0.0185669474 0.0536170213 28.098
2002050208 0 0.018425448 0.1332765957 28.097
2002050209 0 0.018425448 0.2267234043 28.097
2002050210 0.1 0.018425448 0.072 28.097
2002050211 0 0.0183130602 0.245106383 28.097
2002050212 0 0.0182006142 0.2497021277 28.097
2002050213 0 0.0182006142 0.2343829787 28.097
2002050214 0 0.0180047949 0.1424680851 28.097
2002050215 0.5 0.0177822332 0.1271489362 28.096
2002050216 0 0.0176436055 0.144 28.096
2002050217 0.9 0.0177267323 0.0398297872 28.095
2002050218 0 0.017921124 0.1072340426 28.094
2002050219 0 0.0182852405 0.013787234 28.093
2002050220 0 0.0188229545 0 28.092
2002050221 0 0.0191662975 0 28.091
2002050222 0 0.0192238505 0 28.091
2002050223 0 0.0192238505 0 28.091
2002050300 0 0.0189941594 0 28.091
2002050301 0 0.0187659249 0 28.091
2002050302 0 0.0185103803 0 28.091
2002050303 0 0.0182288146 0 28.091
2002050304 0 0.0179768382 0 28.091
2002050305 0 0.0177822332 0.0013761468 28.091
2002050306 0 0.0175883566 0.0123853211 28.091
2002050307 0 0.0173958895 0.0082568807 28.091
2002050308 0 0.0172040995 0.0399082569 28.09
2002050309 0 0.0170404006 0.0233944954 28.09
2002050310 0 0.0168237858 0.1899082569 28.089
2002050311 0 0.0166349354 0.1073394495 28.089
2002050312 0 0.0163940705 0.1431192661 28.089
2002050313 0 0.0163406271 0.1389908257 28.089
2002050314 0 0.0162075268 0.0509174312 28.088
2002050315 0 0.0160223718 0.0646788991 28.088
2002050316 0 0.0159168351 0.045412844 28.088
2002050317 0 0.0158642197 0.0426605505 28.087
2002050318 0 0.0157198029 0.0247706422 28.087
2002050319 0 0.0157067003 0.0068807339 28.086
2002050320 0 0.0156805574 0 28.085
2002050321 0 0.0156674755 0 28.084
2002050322 0 0.0156021286 0 28.084
2002050323 0 0.0156021286 0 28.083
2002050400 0 0.0154723375 0 28.083
2002050401 0 0.0153685066 0 28.083
2002050402 0 0.0152391905 0 28.083
2002050403 0 0.0151106885 0 28.083
2002050404 0 0.0149824745 0 28.083
2002050405 0.2 0.0149057737 0 28.083
2002050406 1.2 0.0148037594 0.0052631579 28.083
2002050407 1.1 0.0147276831 0.0289473684 28.083
2002050408 0.9 0.0146770892 0.0592105263 28.082
2002050409 0.1 0.0148997174 0.075 28.082
2002050410 0.1 0.0154989249 0.0881578947 28.082
2002050411 0 0.0161812412 0.0513157895 28.083
2002050412 0 0.0163406271 0.0328947368 28.085
2002050413 0 0.0163406271 0.0473684211 28.088
2002050414 0 0.0163406271 0.0342105263 28.091
2002050415 0 0.0163406271 0.0210526316 28.094
2002050416 0 0.0163406271 0.0157894737 28.096
2002050417 0 0.0163940705 0.0184210526 28.097
2002050418 0 0.0166080517 0.0144736842 28.098
2002050419 0 0.0167157526 0.0078947368 28.099
2002050420 0 0.0169319298 0 28.099
2002050421 0 0.0172040995 0 28.099
2002050422 0.7 0.0173684575 0 28.099
2002050423 1.2 0.0175056757 0 28.1
2002050500 1.5 0.0175607322 0 28.101
2002050501 3.3 0.0179212888 0 28.103
2002050502 2.8 0.0187953286 0 28.105
2002050503 2.3 0.0204264817 0 28.11
2002050504 2.4 0.0232427575 0 28.123
2002050505 1 0.0268023946 0.0014457831 28.144
2002050506 0.3 0.0312500478 0.0057831325 28.17
2002050507 1.4 0.0360670777 0.0187951807 28.199
2002050508 0.9 0.0419042478 0.0390361446 28.224
2002050509 0.2 0.0482155297 0.0592771084 28.247
2002050510 0.1 0.0556108338 0.0693975904 28.269
2002050511 0 0.0664204292 0.0563855422 28.287
2002050512 0 0.0763144892 0.0506024096 28.298
2002050513 0 0.0836660077 0.0607228916 28.306
2002050514 0 0.0901068646 0.0838554217 28.309
2002050515 0 0.0961923462 0.0708433735 28.31
2002050516 0 0.1011480508 0.033253012 28.311
2002050517 0 0.1045534569 0.0289156627 28.31
2002050518 0 0.1069454215 0.0173493976 28.309
2002050519 0 0.1087508492 0.0043373494 28.307
2002050520 0 0.1095507277 0 28.306
2002050521 0 0.10984176 0 28.303
2002050522 0 0.1091148369 0 28.3
2002050523 0 0.1063720662 0 28.297
2002050600 0 0.1036691169 0 28.294
2002050601 0 0.10100538 0 28.291
2002050602 0 0.0986569754 0 28.287
2002050603 0 0.0962719477 0 28.283
2002050604 0 0.09398664 0 28.279
2002050605 0 0.0919312754 0.0146596859 28.274
2002050606 0 0.0897714692 0.0806282723 28.269
2002050607 0 0.0877698 0.1671204188 28.265
2002050608 0 0.0854136415 0.2448167539 28.26
2002050609 0 0.0829085538 0.2843979058 28.256
2002050610 0 0.0804448523 0.1627225131 28.252
2002050611 0 0.0785939815 0.1671204188 28.249
2002050612 0 0.0771257354 0.1055497382 28.245
2002050613 0 0.07579116 0.0498429319 28.241
2002050614 0 0.0747617954 0.0307853403 28.239
2002050615 0 0.0735962123 0.0439790576 28.235
2002050616 0 0.0723828185 0.0337172775 28.233
2002050617 0 0.0711243277 0.0073298429 28.229
2002050618 0.2 0.0698216123 0.0029319372 28.226
2002050619 0 0.0689228862 0.0043979058 28.223
2002050620 0 0.0681980123 0 28.221
2002050621 0.2 0.0673119277 0 28.218
2002050622 0.1 0.0663774646 0 28.215
2002050623 0 0.0653960354 0 28.212
2002050700 0 0.0645844292 0 28.209
2002050701 0 0.0635914938 0 28.207
2002050702 0 0.0625008738 0 28.205
2002050703 0 0.0616573108 0 28.202
2002050704 0 0.0608201723 0 28.2
2002050705 0 0.0599894585 0.0060428032 28.198
2002050706 0 0.0592679908 0.0287033151 28.196
2002050707 0 0.0583470138 0.0619387327 28.193
2002050708 0 0.0575354908 0.1843054973 28.191
2002050709 0 0.0565800508 0.3368862778 28.189
2002050710 0 0.0557700231 0.4109106169 28.187
2002050711 0 0.0549415758 0.4365925304 28.186
2002050712 0 0.0538641942 0.4381032312 28.184
2002050713 0 0.0532815148 0.4486781368 28.182
2002050714 0 0.052510626 0.4078892153 28.18
2002050715 0 0.0513179266 0.3535039866 28.179
2002050716 0 0.0504683058 0.2341586236 28.177
2002050717 0 0.0497665883 0.1571128829 28.175
2002050718 0 0.0491165682 0.0679815359 28.173
2002050719 0 0.0486550357 0.0271926144 28.171
2002050720 0 0.0485632855 0 28.169
2002050721 0 0.0483794252 0 28.167
2002050722 0 0.0483335543 0 28.165
2002050723 0 0.0480129563 0 28.163
2002050800 0 0.0475576089 0 28.162
2002050801 0 0.0469689882 0 28.16
2002050802 0 0.0462947663 0 28.159
2002050803 0 0.0455371463 0 28.158
2002050804 0 0.0450061823 0 28.156
2002050805 0 0.0447204129 0.0061313869 28.155
2002050806 0 0.0441733375 0.0229927007 28.154
2002050807 0 0.0437382582 0.0444525547 28.152
2002050808 0 0.0432623866 0.1195620438 28.151
2002050809 0 0.0426181902 0.1931386861 28.15
2002050810 0 0.0419369289 0.2881751825 28.148
2002050811 0 0.0414299562 0.42 28.147
2002050812 0 0.0409262691 0.3295620438 28.146
2002050813 0 0.0404259715 0.2054014599 28.145
2002050814 0 0.0399290428 0.1609489051 28.144
2002050815 0 0.0395587468 0.0889051095 28.143
2002050816 0 0.0389862 0.0858394161 28.141
2002050817 0 0.0384584483 0.064379562 28.14
2002050818 0 0.0382162957 0.0490510949 28.139
2002050819 0 0.0378547532 0.021459854 28.138
2002050820 0 0.0375349915 0 28.136
2002050821 0 0.0371767957 0 28.135
2002050822 0 0.0369390822 0 28.134
2002050823 0 0.0367024486 0 28.133
2002050900 0 0.0365758449 0 28.131
2002050901 0 0.0362237538 0 28.131
2002050902 0 0.0358725752 0 28.129
2002050903 0 0.0355623314 0 28.129
2002050904 0 0.0353302615 0 28.128
2002050905 0 0.0350604665 0.0050930997 28.127
2002050906 0 0.0347153566 0.0288608981 28.126
2002050907 0 0.0344480898 0.0526286966 28.125
2002050908 0 0.0341056938 0.0645125958 28.124
2002050909 0 0.033764958 0.1833515882 28.123
2002050910 0 0.0334260803 0.278422782 28.123
2002050911 0 0.0330887755 0.3972617744 28.122
2002050912 0 0.0325301635 0.4295180723 28.121
2002050913 0 0.0321236225 0.3242606791 28.12
2002050914 0 0.0317194726 0.3242606791 28.12
2002050915 0 0.0312811338 0.3633077766 28.119
2002050916 0 0.030918618 0.2970974808 28.117
2002050917 0 0.0304500725 0.2088170865 28.116
2002050918 0 0.0300206589 0.108652793 28.115
2002050919 0 0.0297715265 0.0339539978 28.114
2002050920 0 0.0294876665 0 28.113
2002050921 0 0.0293462695 0 28.112
2002050922 0 0.0293462695 0 28.111
2002050923 0 0.0291705854 0 28.109
2002051000 0 0.0288896857 0 28.108
2002051001 0 0.0285408692 0 28.107
2002051002 0 0.0282282785 0 28.107
2002051003 0 0.0278831825 0 28.106
2002051004 0 0.0276254003 0 28.106
2002051005 0 0.0274034035 0.0172413793 28.105
2002051006 0 0.0271648855 0.0344827586 28.104
2002051007 0 0.0268769714 0.0407523511 28.103
2002051008 0 0.0265565742 0.0689655172 28.102
2002051009 0 0.0263219414 0.092476489 28.101
2002051010 0 0.0260547189 0.0971786834 28.1
2002051011 0 0.0257556018 0.1347962382 28.099
2002051012 0 0.025524486 0.1222570533 28.099
2002051013 0 0.0252940929 0.1112852665 28.098
2002051014 2.8 0.0250648588 0.0438871473 28.097
2002051015 0.2 0.0248037452 0.0736677116 28.096
2002051016 0 0.0248044168 0.0485893417 28.096
2002051017 0 0.0260560315 0.0768025078 28.096
2002051018 0 0.0270378277 0.0313479624 28.096
2002051019 0 0.0274034603 0.0062695925 28.096
2002051020 0 0.0272330377 0 28.096
2002051021 0 0.0271308517 0 28.097
2002051022 0.1 0.0271308517 0 28.097
2002051023 0 0.0272329532 0 28.097
2002051100 0 0.0274715834 0 28.099
2002051101 0 0.0277455628 0 28.099
2002051102 0 0.0279176275 0 28.099
2002051103 0 0.0281591169 0 28.1
2002051104 0 0.02829744 0 28.1
2002051105 0 0.0284363778 0.0046814044 28.1
2002051106 0 0.0285059298 0.0436931079 28.1
2002051107 0 0.0285059298 0.1014304291 28.1
2002051108 0 0.0285059298 0.0717815345 28.1
2002051109 0 0.0283668258 0.0920676203 28.099
2002051110 0 0.0283668258 0.1388816645 28.099
2002051111 0 0.0283321329 0.1310793238 28.099
2002051112 0 0.0281591169 0.1700910273 28.099
2002051113 0 0.0280556529 0.1529258778 28.098
2002051114 0 0.0279520726 0.1045513654 28.098
2002051115 0 0.0278142923 0.1076723017 28.097
2002051116 0 0.0278142923 0.0390117035 28.097
2002051117 0 0.0276082698 0.0234070221 28.096
2002051118 0 0.0274715834 0.0171651495 28.096
2002051119 0 0.0274034603 0.0015604681 28.096
2002051120 0 0.0273011054 0 28.095
2002051121 0 0.0271648855 0 28.094
2002051122 0 0.0270289911 0 28.093
2002051123 0 0.0267925209 0 28.093
2002051200 0 0.0266238249 0 28.092
2002051201 0 0.0263888086 0 28.092
2002051202 0 0.0261213923 0 28.091
2002051203 0 0.0258553246 0 28.091
2002051204 0 0.0255574509 0 28.091
2002051205 0 0.0254914338 0.0030201342 28.09
2002051206 0 0.0252203691 0.0090604027 28.09
2002051207 0 0.0249015794 0.0256711409 28.089
2002051208 0 0.0245444705 0.0604026846 28.088
2002051209 0 0.0241897209 0.0755033557 28.088
2002051210 0 0.0238373502 0.0951342282 28.087
2002051211 0 0.0236144271 0.1011744966 28.087
2002051212 0 0.0233294345 0.092114094 28.086
2002051213 0 0.0230145452 0.0845637584 28.085
2002051214 0 0.0227641902 0.1434563758 28.085
2002051215 0 0.0224841572 0.0936241611 28.085
2002051216 0 0.0222056862 0.0573825503 28.084
2002051217 0 0.0219902248 0.0377516779 28.084
2002051218 0 0.0217453375 0.0181208054 28.083
2002051219 0 0.0216232338 0.0030201342 28.083
2002051220 0 0.0214712488 0 28.082
2002051221 0 0.0213199242 0 28.081
2002051222 0 0.0211688003 0 28.081
2002051223 0 0.0210181708 0 28.08
2002051300 0 0.0208086563 0 28.08
2002051301 0 0.0205698877 0 28.08
2002051302 0 0.0203918331 0 28.08
2002051303 0 0.0202146757 0 28.08
2002051304 0 0.0200085452 0 28.08
2002051305 0 0.0198621775 0.0183250788 28.08
2002051306 0 0.0197163042 0.0899594777 28.079
2002051307 0 0.0195126397 0.1832507879 28.079
2002051308 0 0.0193104291 0.2682125169 28.079
2002051309 0 0.0191376014 0.308194507 28.079
2002051310 0 0.0188514042 0.3498424133 28.079
2002051311 0 0.0186450868 0.419810896 28.079
2002051312 0 0.0183692686 0.4547951373 28.079
2002051313 0 0.0181655031 0.4497973886 28.079
2002051314 0 0.0179488814 0.3698334084 28.079
2002051315 0 0.0176991065 0.2981990095 28.079
2002051316 0 0.0175883566 0.209905448 28.079
2002051317 0 0.0175331077 0.1999099505 28.079
2002051318 0 0.0175056757 0.0616389014 28.079
2002051319 0 0.0174233797 0.0183250788 28.079
2002051320 0 0.0174233797 0 28.078
2002051321 0 0.0174782437 0 28.077
2002051322 0 0.0175331077 0 28.076
2002051323 0 0.0175331077 0 28.076
2002051400 0 0.0175331077 0 28.076
2002051401 0 0.0175331077 0 28.076
2002051402 0 0.0175331077 0 28.076
2002051403 0.4 0.0175331077 0 28.076
2002051404 0 0.0175331077 0 28.075
2002051405 0 0.0175331077 0.0094151213 28.073
2002051406 0 0.0175331077 0.0486447932 28.072
2002051407 0 0.0174095682 0.152211127 28.07
2002051408 0 0.0171631869 0.1883024251 28.068
2002051409 0 0.0169319298 0.227532097 28.067
2002051410 0 0.0166888689 0.2761768902 28.066
2002051411 0 0.0165008991 0.3577746077 28.065
2002051412 0.1 0.0162875202 0.1443651926 28.064
2002051413 0 0.0160223718 0.2479315264 28.064
2002051414 0 0.0158642197 0.1412268188 28.063
2002051415 1.3 0.0157067834 0.1286733238 28.062
2002051416 0 0.0154204629 0.177318117 28.062
2002051417 6.2 0.0152391905 0.0156918688 28.06
2002051418 2 0.0150850412 0.0470756063 28.059
2002051419 0.4 0.0150854566 0.0360912981 28.06
2002051420 0 0.0166635651 0.0015691869 28.063
2002051421 0 0.0192563418 0 28.07
2002051422 0 0.0206899311 0 28.075
2002051423 0 0.0210783572 0 28.081
2002051500 0 0.020689272 0 28.086
2002051501 0 0.0204509935 0 28.09
2002051502 0 0.0203916295 0 28.093
2002051503 0 0.0205103575 0 28.095
2002051504 0 0.0205698877 0 28.097
2002051505 0 0.0209284602 0.0157200811 28.099
2002051506 0 0.0213198812 0.097464503 28.099
2002051507 0 0.0216843258 0.1320486815 28.1
2002051508 0 0.0219594752 0.1807809331 28.1
2002051509 0 0.0222056862 0.2829614604 28.1
2002051510 0 0.0223912523 0.3552738337 28.1
2002051511 0 0.0226472497 0.1886409736 28.101
2002051512 0 0.0228344358 0.2530933063 28.101
2002051513 0 0.0228266751 0.3254056795 28.101
2002051514 0 0.0228421966 0.359989858 28.101
2002051515 0 0.0228266751 0.3206896552 28.101
2002051516 0 0.0227641902 0.2829614604 28.1
2002051517 0 0.0226393837 0.1807809331 28.1
2002051518 0 0.0223912523 0.0943204868 28.099
2002051519 0 0.0222674345 0.0298681542 28.099
2002051520 0 0.0221439378 0 28.099
2002051521 0 0.0220822671 0 28.097
2002051522 0 0.0220822671 0 28.097
2002051523 0 0.0219900185 0 28.096
2002051600 0 0.0217759237 0 28.096
2002051601 0 0.0215623066 0 28.095
2002051602 0 0.0214408274 0 28.094
2002051603 0 0.0212594082 0 28.094
2002051604 0 0.0211084505 0 28.094
2002051605 0 0.0209581865 0.0309616888 28.094
2002051606 0 0.0208086563 0.0842845973 28.093
2002051607 0 0.0205997331 0.2029710711 28.092
2002051608 0 0.0202441542 0.2975762314 28.092
2002051609 0 0.0200379794 0.3835809226 28.091
2002051610 0 0.0197454932 0.4489444879 28.091
2002051611 0 0.0196289031 0.4695856138 28.091
2002051612 0 0.0194259642 0.5091477717 28.091
2002051613 0 0.0191376014 0.4988272088 28.09
2002051614 0 0.0187374752 0.4592650508 28.09
2002051615 0 0.0184256418 0.3921813917 28.089
2002051616 0 0.0181165832 0.2752150117 28.088
2002051617 0 0.0178933666 0.2081313526 28.088
2002051618 0 0.0177822332 0.1032056294 28.087
2002051619 0 0.0176436055 0.0344018765 28.086
2002051620 0 0.0176436055 0.0017200938 28.085
2002051621 0 0.0176436055 0 28.084
2002051622 0 0.0176436055 0 28.083
2002051623 0 0.0176436055 0 28.082
2002051700 0 0.0175607322 0 28.081
2002051701 0 0.0173959186 0 28.121
2002051702 0 0.0172313972 0 28.12
2002051703 0 0.0170676138 0 28.12
2002051704 0 0.0169319298 0 28.12
2002051705 0 0.0168778855 0.0271936759 28.119
2002051706 0 0.0167696862 0.1053754941 28.118
2002051707 0 0.016682112 0.2005533597 28.117
2002051708 0 0.0165275917 0.2770355731 28.116
2002051709 0 0.0163940705 0.3059288538 28.115
2002051710 0 0.0162341626 0.4316996047 28.115
2002051711 0 0.0160223982 0.4316996047 28.115
2002051712 0 0.0158643845 0.5098814229 28.113
2002051713 0 0.0156023183 0.5047826087 28.113
2002051714 0 0.0153167968 0.4690909091 28.112
2002051715 0 0.0150338271 0.4028063241 28.111
2002051716 0 0.0148292418 0.3263241107 28.11
2002051717 0 0.0146264538 0.185256917 28.109
2002051718 0 0.0145253465 0.0900790514 28.108
2002051719 0 0.0144748745 0.0305928854 28.107
2002051720 0 0.0144748745 0.0016996047 28.106
2002051721 0 0.0144748745 0 28.104
2002051722 0 0.0143994198 0 28.103
2002051723 0 0.0143491971 0 28.101
2002051800 0 0.014224212 0 28.1
2002051801 0 0.0140997254 0 28.099
2002051802 0 0.0139755323 0 28.099
2002051803 0 0.0138274615 0 28.099
2002051804 0 0.0136555588 0.0015873016 28.098
2002051805 0 0.0135576762 0.0063492063 28.097
2002051806 0 0.013484448 0.0444444444 28.096
2002051807 0 0.0133390495 0.0650793651 28.095
2002051808 0 0.0131457628 0.0952380952 28.094
2002051809 0 0.0130438523 0.2126984127 28.093
2002051810 0.4 0.0128825294 0.0746031746 28.092
2002051811 0.1 0.0127160529 0.253968254 28.091
2002051812 0 0.0126214006 0.3301587302 28.091
2002051813 0 0.0126214006 0.2174603175 28.09
2002051814 0 0.0125509431 0.1222222222 28.089
2002051815 0 0.0123632086 0.0650793651 28.088
2002051816 0 0.0122233043 0.0761904762 28.087
2002051817 0 0.0121538437 0.0206349206 28.086
2002051818 0.7 0.0120784902 0.0126984127 28.085
2002051819 0.2 0.0119688314 0.0015873016 28.083
2002051820 0 0.0119688314 0 28.082
2002051821 0 0.0119688314 0 28.081
2002051822 0 0.0119688314 0 28.08
2002051823 0 0.0118998277 0 28.079
2002051900 0 0.0117855152 0 28.078
2002051901 0 0.0116486778 0 28.077
2002051902 0 0.0115578332 0 28.076
2002051903 0 0.0114899095 0 28.076
2002051904 0 0.0113156238 0 28.075
2002051905 0 0.0112428166 0.0264126984 28.075
2002051906 0 0.0112428166 0.0841904762 28.075
2002051907 0 0.0110644505 0.1617777778 28.074
2002051908 0 0.0110202868 0.245968254 28.074
2002051909 0 0.0108878511 0.3384126984 28.074
2002051910 0 0.0107122306 0.2987936508 28.073
2002051911 0 0.0105381152 0.2013968254 28.072
2002051912 0 0.0104081649 0.274031746 28.072
2002051913 0 0.0102789637 0.3565714286 28.071
2002051914 0 0.0101669275 0.3153015873 28.071
2002051915 0 0.0100233235 0.1287619048 28.07
2002051916 0 0.0098125172 0.0858412698 28.069
2002051917 0 0.0097286594 0.0643809524 28.068
2002051918 0 0.009624294 0.0132063492 28.068
2002051919 0 0.0095207705 0.004952381 28.067
2002051920 0 0.0095207705 0 28.067
2002051921 0 0.0095207705 0 28.066
2002051922 0 0.0095207705 0 28.065
2002051923 0 0.0095207705 0 28.065
2002052000 0 0.0095207705 0 28.065
2002052001 0 0.0095207705 0 28.065
2002052002 0 0.0095207705 0 28.065
2002052003 0 0.0095207705 0 28.065
2002052004 0 0.0095207705 0.0017002237 28.065
2002052005 0 0.0095207705 0.0425055928 28.065
2002052006 0 0.0094380812 0.0816107383 28.067
2002052007 0 0.0093969028 0.1972259508 28.07
2002052008 0 0.0093557243 0.2448322148 28.074
2002052009 0 0.0093250329 0.3655480984 28.077
2002052010 0 0.0092330225 0.3536465324 28.081
2002052011 0 0.0091313252 0.3536465324 28.083
2002052012 0 0.0090098834 0.4029530201 28.085
2002052013 0 0.0089292005 0.4301565996 28.087
2002052014 0 0.0087892449 0.3672483221 28.088
2002052015 0 0.0086698855 0.3247427293 28.089
2002052016 0 0.0086104606 0.2567337808 28.091
2002052017 0 0.0084924332 0.2057270694 28.091
2002052018 0 0.0084336702 0.1224161074 28.092
2002052019 0 0.0083359938 0.047606264 28.092
2002052020 0 0.0082582435 0.0017002237 28.092
2002052021 0 0.0082388271 0 28.092
2002052022 0 0.0082388271 0 28.092
2002052023 0 0.0082388271 0 28.092
2002052100 0 0.0082388271 0 28.093
2002052101 0 0.0082631285 0 28.093
2002052102 0 0.0083164929 0 28.093
2002052103 0 0.0083164929 0 28.093
2002052104 0 0.0083164929 0.00358116 28.093
2002052105 0 0.0083164929 0.0537173998 28.092
2002052106 0 0.0083164929 0.1360840794 28.092
2002052107 0 0.0083164929 0.222031919 28.091
2002052108 0 0.0083164929 0.3133514986 28.09
2002052109 0 0.0083164929 0.4100428182 28.089
2002052110 0 0.0082970765 0.449435578 28.089
2002052111 0 0.0082388271 0.4995718178 28.088
2002052112 0 0.0082195698 0.4315297781 28.088
2002052113 0 0.0081233003 0.5013623978 28.088
2002052114 0 0.0080848025 0.4995718178 28.088
2002052115 0 0.008046468 0.4207862982 28.088
2002052116 0 0.0079699708 0.3294667186 28.087
2002052117 0 0.0078748131 0.1844297392 28.087
2002052118 0 0.0078181394 0.1074347995 28.086
2002052119 0 0.0077616332 0.0358115998 28.084
2002052120 0 0.0077051409 0.00179058 28.083
2002052121 0 0.0077051409 0 28.083
2002052122 0 0.0077051409 0 28.082
2002052123 0 0.0077051409 0 28.081
2002052200 0 0.0077051409 0 28.081
2002052201 0 0.0077051409 0 28.08
2002052202 0 0.0077051409 0 28.08
2002052203 0 0.0077051409 0 28.08
2002052204 0 0.0077051409 0.001754386 28.079
2002052205 0 0.0077051409 0.0385964912 28.078
2002052206 0 0.0077051409 0.0947368421 28.077
2002052207 0 0.0077051409 0.1280701754 28.076
2002052208 0 0.0077051409 0.1929824561 28.075
2002052209 0 0.0077051409 0.2087719298 28.074
2002052210 0 0.0077051409 0.1578947368 28.073
2002052211 0 0.0076676483 0.2192982456 28.072
2002052212 0 0.0076301557 0.2052631579 28.071
2002052213 0 0.0076301557 0.2 28.071
2002052214 0 0.0075648337 0.149122807 28.07
2002052215 0.2 0.0075370112 0.0736842105 28.069
2002052216 0.9 0.0074445148 0.0403508772 28.068
2002052217 0.3 0.0073523008 0.0456140351 28.067
2002052218 0 0.0073338923 0.0333333333 28.065
2002052219 0 0.0073338923 0.0105263158 28.064
2002052220 0 0.0073338923 0 28.063
2002052221 0.1 0.0073338923 0 28.062
2002052222 0 0.0073338923 0 28.061
2002052223 0.2 0.0073338923 0 28.06
2002052300 0 0.0073338923 0 28.059
2002052301 0 0.0073338923 0 28.059
2002052302 0 0.0073338923 0 28.059
2002052303 0 0.0073338923 0 28.059
2002052304 0 0.0073338923 0 28.059
2002052305 0 0.0073338923 0.0243183493 28.059
2002052306 0 0.0073338923 0.0729550479 28.058
2002052307 0 0.0072605908 0.0778187178 28.058
2002052308 0 0.0072605908 0.1329403095 28.057
2002052309 0 0.0072605908 0.1621223287 28.056
2002052310 0 0.0072605908 0.2188651437 28.055
2002052311 0 0.0072242557 0.1572586588 28.055
2002052312 0 0.0071879206 0.2302137067 28.055
2002052313 0 0.0071334512 0.254532056 28.054
2002052314 0 0.0071152948 0.2496683861 28.054
2002052315 0 0.0070430068 0.2496683861 28.053
2002052316 0 0.0069891272 0.1167280766 28.053
2002052317 0 0.0066870831 0.1183492999 28.052
2002052318 0 0.0065818302 0.1070007369 28.052
2002052319 0 0.0064601183 0.0243183493 28.051
2002052320 0 0.0063909554 0.0032424466 28.05
2002052321 0 0.0063392732 0 28.049
2002052322 0 0.0063392732 0 28.049
2002052323 0 0.0063392732 0 28.048
2002052400 0 0.0063392732 0 28.048
2002052401 0 0.0063392732 0 28.048
2002052402 0 0.0063392732 0 28.048
2002052403 0 0.0063392732 0 28.048
2002052404 0 0.0063392732 0 28.048
2002052405 0 0.0063392732 0.0363876071 28.048
2002052406 0 0.0063392732 0.1123269611 28.048
2002052407 0 0.0062880563 0.2040870138 28.048
2002052408 0 0.0062539269 0.2816084377 28.048
2002052409 0 0.0062027557 0.3132498352 28.048
2002052410 0 0.0062027557 0.278444298 28.047
2002052411 0 0.0062027557 0.2673698088 28.047
2002052412 0 0.0061348652 0.2863546473 28.047
2002052413 0 0.0060842008 0.2104152933 28.046
2002052414 0 0.0060003748 0.1692814766 28.046
2002052415 0 0.0059836583 0.0870138431 28.046
2002052416 0.1 0.0059002422 0.0854317732 28.046
2002052417 0.5 0.0058338831 0.0411338167 28.046
2002052418 0.1 0.0057514015 0.0205669084 28.046
2002052419 0.5 0.0057186277 0.0063282795 28.046
2002052420 0.6 0.0056696954 0 28.045
2002052421 0 0.0056696954 0 28.045
2002052422 0 0.0056696954 0 28.044
2002052423 0 0.0056696954 0 28.044
2002052500 0 0.0056696954 0 28.044
2002052501 0 0.0056860062 0 28.044
2002052502 0 0.0057349385 0 28.044
2002052503 0 0.0057349385 0 28.044
2002052504 0 0.0057063697 0.0015195369 28.044
2002052505 0 0.0056696954 0.0136758321 28.044
2002052506 0 0.0056696954 0.0243125904 28.043
2002052507 0 0.0056696954 0.0501447178 28.042
2002052508 0 0.0056696954 0.0638205499 28.041
2002052509 1.1 0.0056696954 0.0486251809 28.04
2002052510 1 0.0056696954 0.1489146165 28.04
2002052511 0 0.0056696954 0.4163531114 28.039
2002052512 0 0.0056696954 0.3206222865 28.039
2002052513 0 0.00571878 0.3191027496 28.039
2002052514 0 0.0059670429 0.2476845152 28.038
2002052515 0 0.0061857831 0.0774963821 28.037
2002052516 0 0.0062027557 0.1306801737 28.036
2002052517 0 0.0061349497 0.0729377713 28.035
2002052518 0 0.0060045522 0.1124457308 28.035
2002052519 0 0.0058836088 0.0501447178 28.034
2002052520 0 0.0057843277 0.0015195369 28.033
2002052521 0 0.0057349385 0 28.032
2002052522 0 0.0057349385 0 28.031
2002052523 0 0.0057349385 0 28.03
2002052600 0 0.0057349385 0 28.03
2002052601 0 0.0057349385 0 28.03
2002052602 0 0.0057349385 0 28.029
2002052603 0 0.0057349385 0 28.029
2002052604 0 0.0057349385 0.0031306442 28.029
2002052605 0 0.0057349385 0.0453943408 28.029
2002052606 0 0.0057349385 0.1080072246 28.028
2002052607 0 0.0057349385 0.148705599 28.028
2002052608 0 0.0057349385 0.2191450933 28.027
2002052609 0 0.0057349385 0.3255869958 28.027
2002052610 0 0.0057186277 0.3381095725 28.027
2002052611 0 0.0056696954 0.16435882 28.027
2002052612 0.1 0.0056208212 0.1612281758 28.027
2002052613 0 0.0055883229 0.1471402769 28.026
2002052614 0 0.0055397022 0.2394942806 28.026
2002052615 0 0.0055397022 0.2003612282 28.025
2002052616 0 0.0054432728 0.2457555689 28.025
2002052617 0 0.0053554944 0.1800120409 28.024
2002052618 0 0.0052525094 0.0532209512 28.024
2002052619 2.1 0.0051896874 0.0140878989 28.023
2002052620 0 0.005138877 0.0062612884 28.022
2002052621 0 0.0050959938 0 28.02
2002052622 0 0.0051584489 0 28.019
2002052623 0 0.0053635654 0 28.019
2002052700 0 0.0055235804 0 28.017
2002052701 0 0.0055397022 0 28.017
2002052702 0 0.0055397022 0 28.017
2002052703 0 0.0055397022 0 28.016
2002052704 0 0.0055397022 0.0016594232 28.016
2002052705 0 0.0055397022 0.0497826946 28.016
2002052706 0 0.0055397022 0.1211378902 28.016
2002052707 0 0.0055397022 0.2223627025 28.016
2002052708 0 0.0055397022 0.3169498222 28.015
2002052709 0 0.0055397022 0.4115369419 28.014
2002052710 0 0.0055397022 0.4679573291 28.014
2002052711 0 0.0054873314 0.4364282892 28.014
2002052712 0 0.0054432728 0.3435005927 28.014
2002052713 0 0.0053475297 0.4696167523 28.014
2002052714 0 0.0052840706 0.3302252074 28.013
2002052715 0 0.0052053178 0.3567759779 28.013
2002052716 0 0.0051116021 0.303674437 28.013
2002052717 0 0.0050030277 0.1742394311 28.012
2002052718 0 0.004926101 0.1128407744 28.012
2002052719 0 0.0048651369 0.064717503 28.011
2002052720 0 0.0048499327 0.0165942315 28.011
2002052721 0 0.0048347538 0 28.01
2002052722 0 0.0047892168 0 28.009
2002052723 0 0.0047892168 0 28.008
2002052800 0 0.0047892168 0 28.008
2002052801 0 0.0047892168 0 28.007
2002052802 0 0.0047892168 0 28.007
2002052803 0 0.0047892168 0 28.006
2002052804 0.1 0.0047892168 0 28.006
2002052805 0.1 0.0047892168 0.0099203919 28.006
2002052806 0.1 0.0047892168 0.0214941825 28.005
2002052807 0 0.0047892168 0.0793631353 28.003
2002052808 0 0.0047892168 0.1405388855 28.003
2002052809 0 0.0047892168 0.2248622168 28.001
2002052810 0 0.0047892168 0.2347826087 28
2002052811 0 0.0047892168 0.3174525413 28
2002052812 0 0.0047892168 0.2893447642 27.999
2002052813 0 0.0046988261 0.4249234538 27.998
2002052814 0 0.0045945594 0.3025719535 27.998
2002052815 0 0.0044617899 0.1785670545 27.998
2002052816 0 0.004432377 0.2298224127 27.997
2002052817 0 0.004403343 0.1107777097 27.997
2002052818 0 0.004374309 0.0744029394 27.996
2002052819 0 0.004374309 0.0578689528 27.996
2002052820 0 0.0043163496 0.0033067973 27.995
2002052821 0 0.0043163496 0 27.995
2002052822 0 0.0043163496 0 27.994
2002052823 0 0.0043163496 0 27.994
2002052900 0 0.0043163496 0 27.993
2002052901 0.1 0.0043163496 0 27.993
2002052902 0 0.0043163496 0 27.993
2002052903 0 0.0043163496 0 27.993
2002052904 0 0.0043163496 0.0015373864 27.993
2002052905 0 0.0043163496 0.0153738644 27.993
2002052906 0 0.0043163496 0.0368972746 27.993
2002052907 0 0.0043163496 0.1291404612 27.992
2002052908 0 0.0043163496 0.2628930818 27.992
2002052909 0 0.0043163496 0.1721872816 27.992
2002052910 0 0.0043163496 0.2244584207 27.992
2002052911 0 0.0042731384 0.2075471698 27.992
2002052912 0 0.0042587346 0.3213137666 27.992
2002052913 0 0.0042444172 0.256743536 27.992
2002052914 0 0.0041730042 0.1537386443 27.992
2002052915 0 0.0041023126 0.0891684137 27.992
2002052916 0.2 0.0040040266 0.0599580713 27.993
2002052917 0 0.003976087 0.1798742138 27.993
2002052918 0.4 0.0039205551 0.0338225017 27.993
2002052919 0.1 0.0039068146 0.0491963662 27.993
2002052920 0 0.0038381743 0.0061495458 27.992
2002052921 0.3 0.0038107556 0 27.992
2002052922 0 0.0038107556 0 27.991
2002052923 0 0.0038107556 0 27.991
2002053000 0 0.0038107556 0 27.993
2002053001 0 0.0038107556 0 27.996
2002053002 0 0.0038107556 0 27.998
2002053003 0 0.0038107556 0 27.999
2002053004 0 0.0038107556 0.0031654676 28
2002053005 0 0.0038107556 0.0427338129 28.001
2002053006 0 0.0038107556 0.0965467626 28.001
2002053007 0 0.0038107556 0.1535251799 28
2002053008 0 0.0038107556 0.22 28
2002053009 0 0.0038107556 0.2469064748 28
2002053010 0 0.0038107556 0.2658992806 27.999
2002053011 0 0.0038107556 0.3814388489 27.999
2002053012 0 0.0037835111 0.4574100719 27.999
2002053013 0 0.0037291951 0.4764028777 27.999
2002053014 0 0.0036753386 0.3292086331 28
2002053015 0 0.0036084714 0.0743884892 28
2002053016 0 0.0035024601 0.2168345324 27.999
2002053017 0 0.0034892745 0.2120863309 28
2002053018 0 0.0034762295 0.0807194245 28.002
2002053019 0 0.0034110742 0.0395683453 28.001
2002053020 0 0.0033333635 0.0031654676 28
2002053021 0 0.0033333635 0 28
2002053022 0 0.0033333635 0 28
2002053023 0 0.0033333635 0 28
2002053100 0 0.0033333635 0 27.999
2002053101 0 0.0033333635 0 27.999
2002053102 0 0.0033333635 0 27.998
2002053103 0 0.0033333635 0 27.998
2002053104 0 0.0033333635 0.0015488867 28.001
2002053105 0 0.0033333635 0.0387221684 28.008
2002053106 0 0.0033333635 0.0913843175 28.016
2002053107 0 0.0033333635 0.1982575024 28.023
2002053108 0 0.0033333635 0.2338818974 28.03
2002053109 0 0.0033333635 0.1920619555 28.035
2002053110 0 0.0033333635 0.254017425 28.041
2002053111 0 0.0033333635 0.3066795741 28.046
2002053112 0 0.0033333635 0.3035818006 28.05
2002053113 0 0.0033333635 0.2338818974 28.053
2002053114 0 0.0033333635 0.2911907067 28.056
2002053115 0 0.0033076952 0.3825750242 28.059
2002053116 0 0.003231041 0.2633107454 28.061
2002053117 0 0.0031429 0.2152952565 28.063
2002053118 0 0.0030804004 0.130106486 28.064
2002053119 0 0.0030804004 0.0557599226 28.064
2002053120 0 0.0030432193 0.0077444337 28.064
2002053121 0 0.0030308256 0 28.064
2002053122 0 0.0030308256 0 28.064
2002053123 0 0.0030308256 0 28.064
2002060100 0 0.0030308256 0 28.065
2002060101 0 0.0030308256 0 28.066
2002060102 0 0.0030308256 0 28.067
2002060103 0 0.0030308256 0 28.067
2002060104 0 0.0030308256 0.0031413613 28.067
2002060105 0 0.0030308256 0.0518324607 28.067
2002060106 0 0.0030308256 0.1178010471 28.067
2002060107 0 0.0030308256 0.1979057592 28.067
2002060108 0 0.0030308256 0.2952879581 28.067
2002060109 0 0.0030308256 0.3219895288 28.067
2002060110 0 0.0030124073 0.4319371728 28.066
2002060111 0 0.0029818047 0.4837696335 28.066
2002060112 0 0.0029818047 0.5183246073 28.066
2002060113 0 0.0029329388 0.4916230366 28.066
2002060114 0 0.0028965545 0.4539267016 28.065
2002060115 0 0.0028483082 0.3942408377 28.065
2002060116 0 0.0027887008 0.3219895288 28.064
2002060117 0 0.0027176682 0.2120418848 28.064
2002060118 0 0.0026590735 0.1397905759 28.064
2002060119 0 0.0026126096 0.0581151832 28.063
2002060120 0 0.0026010161 0.0062827225 28.063
2002060121 0 0.0026010161 0 28.062
2002060122 0 0.0026010161 0 28.061
2002060123 0 0.0026010161 0 28.06
2002060200 0 0.0026010161 0 28.06
2002060201 0 0.0026010161 0 28.059
2002060202 0 0.0026010161 0 28.059
2002060203 0 0.0026010161 0 28.059
2002060204 0 0.0026126096 0.0034653465 28.06
2002060205 0 0.0026473902 0.0537128713 28.06
2002060206 0 0.0026473902 0.1455445545 28.06
2002060207 0 0.0026473902 0.2443069307 28.06
2002060208 0 0.0026473902 0.3378712871 28.06
2002060209 0 0.0026941237 0.427970297 28.06
2002060210 0 0.0026941237 0.4903465347 28.061
2002060211 0 0.0026941237 0.5353960396 28.062
2002060212 0 0.0026941237 0.5353960396 28.062
2002060213 0 0.0026707569 0.5405940594 28.062
2002060214 0 0.0026242031 0.4816831683 28.061
2002060215 0 0.0025781432 0.4071782178 28.06
2002060216 0 0.0024671383 0.2858910891 28.059
2002060217 0 0.0024081836 0.226980198 28.058
2002060218 0 0.0023748834 0.1351485149 28.056
2002060219 0 0.0023527728 0.0433168317 28.055
2002060220 0 0.0023306622 0.0051980198 28.054
2002060221 0 0.0023306622 0 28.052
2002060222 0 0.0023306622 0 28.05
2002060223 0 0.0023306622 0 28.049
2002060300 0 0.0023306622 0 28.047
2002060301 0 0.0023306622 0 28.045
2002060302 0 0.0023638281 0 28.043
2002060303 0 0.0023748834 0 28.043
2002060304 0 0.0023970835 0.0035748792 28.043
2002060305 0 0.0024192836 0.0268115942 28.042
2002060306 0 0.0024192836 0.0947342995 28.042
2002060307 0 0.0024192836 0.2484541063 28.041
2002060308 0 0.0024529904 0.2180676329 28.04
2002060309 0 0.002464226 0.3914492754 28.04
2002060310 0 0.002464226 0.4826086957 28.039
2002060311 0 0.002464226 0.5558937198 28.039
2002060312 0 0.002464226 0.5112077295 28.038
2002060313 0 0.0024529904 0.4593719807 28.038
2002060314 0 0.0023970835 0.2877777778 28.037
2002060315 0 0.0023307526 0.1858937198 28.037
2002060316 0 0.0022868025 0.1251207729 28.036
2002060317 0 0.0022868025 0.0679227053 28.036
2002060318 0 0.0022786597 0.0196618357 28.036
2002060319 0 0.0022433023 0.0125120773 28.035
2002060320 0.1 0.0022433023 0.0089371981 28.035
2002060321 0 0.0022433023 0 28.034
2002060322 0 0.0022433023 0 28.034
2002060323 0 0.0022433023 0 28.033
2002060400 0 0.0022433023 0 28.033
2002060401 0.1 0.0022868025 0 28.032
2002060402 0 0.0022949953 0 28.032
2002060403 0 0.0023555055 0 28.031
2002060404 0 0.0024081836 0.0036226415 28.03
2002060405 0 0.0024192836 0.0344150943 28.03
2002060406 0 0.0024192836 0.1068679245 28.029
2002060407 0 0.0024192836 0.1485283019 28.028
2002060408 0 0.0024192836 0.2680754717 28.028
2002060409 0 0.0024192836 0.4057358491 28.027
2002060410 0 0.0024192836 0.4981132075 28.027
2002060411 0 0.0024081836 0.5397735849 28.026
2002060412 0 0.0023748834 0.5596981132 28.026
2002060413 0 0.0023748834 0.5506415094 28.025
2002060414 0 0.0023142036 0.5053584906 28.025
2002060415 0 0.0022650524 0.4383396226 28.025
2002060416 0 0.0021896474 0.3296603774 28.025
2002060417 0 0.0021046431 0.2246037736 28.025
2002060418 0 0.0020522661 0.1231698113 28.026
2002060419 0 0.0020314252 0.0561509434 28.027
2002060420 0 0.0020288549 0.007245283 28.027
2002060421 0 0.0020314252 0 28.027
2002060422 0 0.0020314252 0 28.027
2002060423 0 0.0020314252 0 28.027
2002060500 0 0.0020418456 0 28.028
2002060501 0 0.0020731071 0 28.029
2002060502 0 0.0021151551 0 28.03
2002060503 0 0.0021469636 0 28.032
2002060504 0 0.0021789537 0.0017841213 28.032
2002060505 0 0.0022218217 0.0356824264 28.034
2002060506 0 0.0022433023 0.0517395183 28.034
2002060507 0 0.0022433023 0.1320249777 28.034
2002060508 0 0.0022541774 0.1891168599 28.038
2002060509 0 0.0022868025 0.2408563782 28.052
2002060510 0 0.0022868025 0.2408563782 28.074
2002060511 0 0.0022868025 0.1427297056 28.097
2002060512 0 0.0023417175 0.267618198 28.119
2002060513 0 0.0023061175 0.2694023194 28.138
2002060514 0 0.0022650524 0.1677074041 28.151
2002060515 0 0.0021789537 0.1320249777 28.159
2002060516 0 0.0021257579 0.0570918822 28.168
2002060517 0 0.002081004 0.044603033 28.172
2002060518 0.5 0.0020496738 0.0249776985 28.174
2002060519 2.4 0.0020314252 0.0017841213 28.175
2002060520 0.1 0.0020418456 0 28.176
2002060521 0 0.0021046431 0 28.178
2002060522 0 0.0021842907 0 28.179
2002060523 0 0.0023862989 0 28.179
2002060600 0 0.0025552275 0 28.18
2002060601 0 0.0026010161 0 28.18
2002060602 0 0.0026010161 0 28.18
2002060603 0 0.0026010161 0 28.18
2002060604 0 0.0025838418 0 28.18
2002060605 0 0.0025551847 0.0084865629 28.18
2002060606 0.3 0.0025551847 0.0203677511 28.179
2002060607 0.1 0.0025095246 0.0492220651 28.179
2002060608 0 0.0024755507 0.095049505 28.177
2002060609 0 0.002464226 0.0882602546 28.176
2002060610 0 0.002464226 0.1120226308 28.176
2002060611 0 0.002464226 0.1714285714 28.174
2002060612 0 0.002464226 0.3038189533 28.173
2002060613 0 0.002464226 0.3717114569 28.171
2002060614 0 0.002464226 0.3869872702 28.168
2002060615 0 0.0024192836 0.1833097595 28.166
2002060616 0 0.0023859835 0.3496463932 28.164
2002060617 0 0.0023748834 0.1561527581 28.16
2002060618 0 0.0023417175 0.0797736917 28.158
2002060619 0 0.0022868025 0.0220650636 28.155
2002060620 0 0.0022868025 0.0016973126 28.152
2002060621 0 0.0022868025 0 28.149
2002060622 0 0.0022868025 0 28.147
2002060623 0.4 0.0022868025 0 28.144
2002060700 0 0.0022868025 0 28.142
2002060701 0 0.0022868025 0 28.14
2002060702 0 0.0022868025 0 28.139
2002060703 0 0.0022868025 0 28.138
2002060704 0 0.0022868025 0 28.136
2002060705 0 0.0022868025 0.0069329314 28.135
2002060706 0 0.0022868025 0.0138658628 28.134
2002060707 0 0.0022868025 0.0467972871 28.132
2002060708 0 0.0022868025 0.1299924642 28.131
2002060709 0 0.0022868025 0.1334589299 28.13
2002060710 0 0.0022868025 0.2686510927 28.128
2002060711 0 0.0022868025 0.2010550113 28.128
2002060712 0 0.0022868025 0.3449133384 28.127
2002060713 0 0.0022868025 0.253051997 28.126
2002060714 0 0.0022868025 0.2374529013 28.125
2002060715 0 0.0022868025 0.3085154484 28.125
2002060716 0 0.0022868025 0.1975885456 28.124
2002060717 0 0.0022541774 0.0745290128 28.123
2002060718 0 0.0022110814 0.0519969857 28.122
2002060719 0 0.002200341 0.0294649586 28.121
2002060720 0 0.0021735955 0.0017332329 28.121
2002060721 0 0.002130999 0 28.122
2002060722 0 0.0021495725 0 28.123
2002060723 0 0.0021575664 0 28.125
2002060800 0 0.0021548855 0 28.127
2002060801 0 0.0021548855 0 28.129
2002060802 0 0.0021575664 0 28.13
2002060803 0 0.0021522046 0 28.131
2002060804 0 0.0021575664 0.0017262639 28.132
2002060805 0 0.0021575664 0.0345252774 28.134
2002060806 0 0.0021575664 0.0517879162 28.135
2002060807 0 0.0021548855 0.0828606658 28.136
2002060808 0 0.0021336078 0.2503082614 28.136
2002060809 0 0.0021389464 0.322811344 28.136
2002060810 0 0.0021204449 0.2900123305 28.136
2002060811 0 0.0021151551 0.3003699137 28.136
2002060812 0 0.0021151551 0.3711467324 28.136
2002060813 0 0.0021046431 0.2503082614 28.136
2002060814 0 0.0020731071 0.2485819975 28.136
2002060815 0 0.0020314252 0.1760789149 28.135
2002060816 0 0.0019903241 0.0914919852 28.135
2002060817 0 0.0019493225 0.1691738594 28.133
2002060818 0 0.0019493225 0.0983970407 28.132
2002060819 0 0.0019088273 0.05351418 28.131
2002060820 0 0.0018685158 0.0069050555 28.13
2002060821 0 0.0018685158 0 28.128
2002060822 0 0.0018685158 0 28.127
2002060823 0 0.0018685158 0 28.125
2002060900 0 0.0018685158 0 28.124
2002060901 0 0.0018685158 0 28.123
2002060902 0 0.0018685158 0 28.122
2002060903 0 0.0018685158 0 28.121
2002060904 0 0.0018685158 0.0017857143 28.12
2002060905 0 0.0018785707 0.025 28.119
2002060906 0 0.0019087355 0.0785714286 28.117
2002060907 0 0.0019087355 0.2375 28.116
2002060908 0 0.0019062335 0.3267857143 28.115
2002060909 0 0.0019087355 0.4178571429 28.113
2002060910 0 0.0019087355 0.3553571429 28.112
2002060911 0 0.0019087355 0.4571428571 28.112
2002060912 0 0.0019087355 0.3946428571 28.111
2002060913 0 0.0018986806 0.4803571429 28.109
2002060914 0 0.0018685158 0.3857142857 28.108
2002060915 0 0.0018486709 0.4196428571 28.107
2002060916 0 0.001789434 0.3375 28.107
2002060917 0 0.0017211693 0.3017857143 28.106
2002060918 0 0.0016733185 0.0589285714 28.106
2002060919 0 0.0016070385 0.0196428571 28.105
2002060920 0 0.0015976307 0.0017857143 28.104
2002060921 0 0.0015976307 0 28.103
2002060922 0 0.0015976307 0 28.101
2002060923 0 0.0015976307 0 28.1
2002061000 0.9 0.001628178 0 28.099
2002061001 0 0.0016352618 0 27.916
2002061002 0 0.0016732645 0 27.915
2002061003 0.2 0.0016828192 0 27.915
2002061004 0.1 0.0017114832 0.0032128514 27.914
2002061005 0 0.0017405414 0.0289156627 27.914
2002061006 0 0.0017795628 0.0385542169 27.913
2002061007 0 0.0017893412 0.1285140562 27.913
2002061008 0 0.0017893412 0.253815261 27.912
2002061009 0 0.0017893412 0.2666666667 27.912
2002061010 0 0.001828826 0.2409638554 27.912
2002061011 0 0.001828826 0.1220883534 27.911
2002061012 0 0.001828826 0.1220883534 27.911
2002061013 0 0.001828826 0.1847389558 27.91
2002061014 0 0.001828826 0.2859437751 27.909
2002061015 0 0.0017893412 0.1510040161 27.909
2002061016 2 0.0017893412 0.0771084337 27.909
2002061017 0.5 0.0017893412 0.0337349398 27.908
2002061018 0.8 0.0017893412 0.0289156627 27.908
2002061019 0 0.0017893412 0.0337349398 27.908
2002061020 0.4 0.0018090836 0 27.907
2002061021 0.7 0.0018686483 0 27.907
2002061022 0 0.0020110323 0 27.907
2002061023 0 0.0021683509 0 27.907
2002061100 0 0.0022541774 0 27.907
2002061101 0 0.0022868025 0 27.907
2002061102 0 0.0022868025 0 27.907
2002061103 0 0.0022868025 0 27.907
2002061104 0 0.0022868025 0.0031419285 27.907
2002061105 0 0.0022759275 0.0298483207 27.907
2002061106 0 0.002232562 0.108396533 27.907
2002061107 0 0.0021682601 0.2183640303 27.907
2002061108 0 0.0021257579 0.2969122427 27.907
2002061109 0 0.0021151551 0.3251895991 27.907
2002061110 0 0.0021151551 0.2717768147 27.907
2002061111 0 0.0020888637 0.2764897075 27.907
2002061112 0 0.0020731071 0.267063922 27.907
2002061113 0.1 0.0020626866 0.2026543879 27.907
2002061114 0.2 0.0020314252 0.2325027086 27.907
2002061115 0 0.0020185672 0.3660346696 27.907
2002061116 1.4 0.0019902744 0.0895449621 27.907
2002061117 0.2 0.0019088273 0.0785482124 27.907
2002061118 0 0.0018685158 0.1021126761 27.907
2002061119 0 0.0019087355 0.0282773564 27.906
2002061120 0 0.0019087355 0.0031419285 27.905
2002061121 0 0.0019087355 0 27.905
2002061122 0 0.0019697984 0 27.904
2002061123 0 0.0019902744 0 27.904
2002061200 0 0.0020314252 0 27.904
2002061201 0 0.0020288549 0 27.904
2002061202 0.2 0.0020005448 0 27.904
2002061203 0.7 0.0019902744 0 27.905
2002061204 1.4 0.0019902744 0 27.906
2002061205 2.2 0.0019902744 0.0033626902 27.907
2002061206 1.3 0.0019902744 0.0151321057 27.907
2002061207 2.8 0.0020626866 0.0369895917 27.908
2002061208 0.3 0.0021790912 0.0739791833 27.909
2002061209 0 0.0024767151 0.1883106485 27.91
2002061210 0 0.0028853115 0.1630904724 27.911
2002061211 1.5 0.0033221102 0.2152121697 27.912
2002061212 0 0.0039360567 0.2353883106 27.913
2002061213 0 0.0043309256 0.2622898319 27.915
2002061214 0 0.004432377 0.242113691 27.917
2002061215 0.3 0.004432377 0.1849479584 27.92
2002061216 0 0.004374309 0.243795036 27.923
2002061217 0 0.0042302732 0.1361889512 27.925
2002061218 0 0.004032054 0.067253803 27.927
2002061219 0 0.0038930741 0.0269015212 27.929
2002061220 0 0.0038107556 0.0050440352 27.931
2002061221 0 0.0037562666 0 27.931
2002061222 0 0.0037291951 0 27.933
2002061223 0 0.0036753386 0 27.935
2002061300 0 0.0036218321 0 27.936
2002061301 0 0.0035420167 0 27.937
2002061302 0 0.0034892745 0 27.939
2002061303 0 0.0034631845 0 27.941
2002061304 0.1 0.0034370945 0 27.943
2002061305 0.2 0.0034370945 0.0047619048 27.944
2002061306 0 0.0034110742 0.0222222222 27.944
2002061307 0 0.0033721314 0.0492063492 27.945
2002061308 0 0.0033141012 0.0587301587 27.946
2002061309 0 0.003282027 0.1079365079 27.947
2002061310 0 0.003282027 0.046031746 27.947
2002061311 0 0.003282027 0.0571428571 27.947
2002061312 0 0.003282027 0.073015873 27.947
2002061313 0 0.003282027 0.0873015873 27.947
2002061314 0 0.003282027 0.0777777778 27.947
2002061315 0 0.003282027 0.0587301587 27.948
2002061316 0 0.003282027 0.0936507937 27.948
2002061317 0 0.0032692805 0.1507936508 27.949
2002061318 0 0.003231041 0.0793650794 27.949
2002061319 0 0.0032058269 0.0301587302 27.95
2002061320 0 0.0031806127 0.0031746032 27.95
2002061321 0 0.0031806127 0 27.951
2002061322 0 0.0031806127 0 27.95
2002061323 0 0.003130329 0 27.95
2002061400 0 0.003130329 0 27.95
2002061401 0 0.003130329 0 27.95
2002061402 0 0.003130329 0 27.951
2002061403 0 0.0030804004 0 27.952
2002061404 0 0.0030804004 0 27.952
2002061405 0 0.0030804004 0.0087006961 27.953
2002061406 0 0.0030804004 0.0382830626 27.954
2002061407 0 0.0030308256 0.0835266821 27.954
2002061408 0 0.0030308256 0.0817865429 27.954
2002061409 0 0.0030308256 0.1931554524 27.954
2002061410 0 0.0029940599 0.2714617169 27.953
2002061411 0 0.0029818047 0.337587007 27.953
2002061412 0 0.0029818047 0.3619489559 27.953
2002061413 0 0.0029695882 0.4750580046 27.953
2002061414 0 0.0029329388 0.3776102088 27.953
2002061415 0 0.0028844263 0.2906032483 27.953
2002061416 0 0.0028603476 0.2697215777 27.954
2002061417 0 0.0028362689 0.1357308585 27.954
2002061418 0 0.0027886608 0.0556844548 27.954
2002061419 0.1 0.0027886608 0.0121809745 27.954
2002061420 0 0.0027886608 0.0069605568 27.954
2002061421 0 0.0027530748 0 27.955
2002061422 0 0.0027412128 0 27.955
2002061423 1.4 0.0027412128 0 27.955
2002061500 5.6 0.0027412128 0 27.955
2002061501 0.2 0.0027412128 0 27.956
2002061502 0.8 0.0028124648 0 27.956
2002061503 0.6 0.0029574989 0 27.959
2002061504 1.1 0.0033737112 0 27.96
2002061505 0.1 0.0040344288 0.0141718335 27.96
2002061506 0 0.0046551298 0.0814880425 27.961
2002061507 0 0.0050031997 0.1222320638 27.962
2002061508 0 0.0052210984 0.1328609389 27.964
2002061509 0 0.0052840706 0.1576616475 27.964
2002061510 0 0.0052840706 0.4127546501 27.966
2002061511 0 0.0052840706 0.4800708592 27.966
2002061512 0 0.0052840706 0.5810451727 27.967
2002061513 0 0.0052367288 0.4641275465 27.968
2002061514 0 0.0052053178 0.4676705049 27.969
2002061515 0 0.0051584267 0.4038972542 27.971
2002061516 0 0.0051272103 0.2480070859 27.971
2002061517 0 0.0050959938 0.2285208149 27.972
2002061518 0 0.0050959938 0.1505757307 27.973
2002061519 0 0.0050959938 0.047829938 27.973
2002061520 0 0.0050959938 0.0070859167 27.974
2002061521 0 0.0050959938 0 27.974
2002061522 0 0.0050959938 0 27.974
2002061523 0 0.0050959938 0 27.974
2002061600 0 0.0050959938 0 27.974
2002061601 0 0.0050959938 0 27.975
2002061602 0 0.0050959938 0 27.975
2002061603 0 0.0050959938 0 27.975
2002061604 0 0.0050687885 0.0086493679 27.976
2002061605 0 0.0050338999 0.0484364604 27.976
2002061606 0 0.0049875916 0.070924817 27.976
2002061607 0 0.0048803411 0.100332668 27.976
2002061608 0 0.0047892168 0.1037924152 27.976
2002061609 0.8 0.0047590286 0.0916833001 27.976
2002061610 0.3 0.0047288404 0.2785096474 27.976
2002061611 0 0.0046800792 0.2525615436 27.976
2002061612 0 0.0046390904 0.3650033267 27.976
2002061613 0 0.0046093691 0.3528942116 27.976
2002061614 0 0.0045648636 0.2335329341 27.976
2002061615 0 0.0045500284 0.3355954757 27.976
2002061616 0 0.0045352786 0.2248835662 27.976
2002061617 0 0.0044470401 0.0588157019 27.976
2002061618 0 0.0043598192 0.0311377246 27.976
2002061619 0 0.0043163496 0.0259481038 27.976
2002061620 0 0.0043163496 0.0172987359 27.976
2002061621 0 0.0042588209 0 27.976
2002061622 0 0.0042014647 0 27.976
2002061623 0 0.00418015 0 27.975
2002061700 0 0.004172961 0 27.975
2002061701 0 0.004169498 0 27.975
2002061702 0 0.0041588154 0 27.975
2002061703 0 0.0041517003 0 27.975
2002061704 0 0.0041445438 0.0057960644 27.975
2002061705 0 0.0041445438 0.0521645796 27.975
2002061706 0 0.0041445438 0.1352415027 27.975
2002061707 0 0.0041163702 0.2472987478 27.975
2002061708 0 0.0040319662 0.3496958855 27.975
2002061709 0 0.0040319662 0.4559570662 27.975
2002061710 0 0.0040040266 0.5216457961 27.975
2002061711 0 0.0038930741 0.5757423971 27.975
2002061712 0 0.003824465 0.5989266547 27.974
2002061713 0 0.0037427309 0.5815384615 27.974
2002061714 0 0.0036485853 0.5428980322 27.973
2002061715 0 0.0035685637 0.4714132379 27.973
2002061716 0 0.0034371294 0.376744186 27.972
2002061717 0 0.0033462861 0.2492307692 27.971
2002061718 0 0.0032821146 0.1622898032 27.971
2002061719 0 0.0031806489 0.0637567084 27.969
2002061720 0 0.003130329 0.0096601073 27.968
2002061721 0 0.003130329 0 27.968
2002061722 0 0.003130329 0 27.967
2002061723 0 0.003130329 0 27.966
2002061800 0 0.003130329 0 27.965
2002061801 0 0.003130329 0 27.964
2002061802 0 0.003130329 0 27.964
2002061803 0 0.003130329 0 27.964
2002061804 0 0.0030835382 0.0058695652 27.964
2002061805 0 0.0030804004 0.0391304348 27.964
2002061806 0 0.003055613 0.1252173913 27.964
2002061807 0 0.0030308256 0.1780434783 27.964
2002061808 0 0.0030308256 0.2895652174 27.964
2002061809 0 0.0030185704 0.3932608696 27.964
2002061810 0 0.0029818047 0.5047826087 27.963
2002061811 0 0.0029208107 0.5517391304 27.963
2002061812 0 0.002872387 0.5204347826 27.963
2002061813 0 0.0028124648 0.532173913 27.963
2002061814 0 0.0027413025 0.5263043478 27.962
2002061815 0 0.0026357966 0.4480434783 27.961
2002061816 0 0.0025323546 0.1623913043 27.96
2002061817 0 0.0024755507 0.1115217391 27.959
2002061818 0 0.0024192836 0.0763043478 27.957
2002061819 0 0.0024192836 0.0293478261 27.955
2002061820 0 0.0024192836 0.0058695652 27.952
2002061821 0 0.0024192836 0 27.949
2002061822 0 0.0024192836 0 27.947
2002061823 0 0.0024081836 0 27.944
2002061900 0 0.0023748834 0 27.943
2002061901 0 0.0023417175 0 27.941
2002061902 0 0.0023306622 0 27.939
2002061903 0 0.0022868025 0 27.938
2002061904 0 0.0022868025 0.0070881226 27.937
2002061905 0 0.0022868025 0.0372126437 27.936
2002061906 0 0.0022759275 0.0903735632 27.936
2002061907 0 0.0022433023 0.1701149425 27.935
2002061908 0 0.0022218217 0.269348659 27.934
2002061909 0 0.002200341 0.3898467433 27.934
2002061910 0 0.0021469636 0.3898467433 27.932
2002061911 0 0.0021151551 0.193151341 27.932
2002061912 0 0.0020836191 0.233908046 27.931
2002061913 0 0.0020731071 0.5014846743 27.931
2002061914 0 0.0020626866 0.4430076628 27.93
2002061915 0 0.0019903241 0.3951628352 27.93
2002061916 0 0.0019188822 0.2427681992 27.929
2002061917 0 0.0018785707 0.1966954023 27.928
2002061918 0 0.0018387485 0.0886015326 27.928
2002061919 0 0.0017942655 0.0443007663 27.927
2002061920 0 0.0017893412 0.0070881226 27.926
2002061921 0 0.0017893412 0 27.925
2002061922 0 0.0017893412 0 27.924
2002061923 0 0.0017893412 0 27.923
2002062000 0 0.0017893412 0 27.922
2002062001 0 0.0017893412 0 27.922
2002062002 0 0.0017893412 0 27.921
2002062003 0 0.0017893412 0 27.921
2002062004 0.1 0.0017893412 0 27.921
2002062005 0.9 0.0017893412 0 27.921
2002062006 4.1 0.0017893412 0.001759134 27.921
2002062007 0.2 0.0018189548 0.051014885 27.921
2002062008 0 0.0018887581 0.1372124493 27.92
2002062009 1.3 0.001929029 0.1108254398 27.921
2002062010 0 0.0020842989 0.1618403248 27.921
2002062011 0 0.0024768073 0.1389715832 27.921
2002062012 0 0.0027650665 0.0879566982 27.921
2002062013 0 0.002920899 0.0897158322 27.922
2002062014 0 0.0029818047 0.0738836265 27.921
2002062015 0 0.0029818047 0.10202977 27.921
2002062016 0 0.0029695882 0.1548037889 27.921
2002062017 0 0.0028603476 0.1248985115 27.92
2002062018 0 0.0027413025 0.0422192152 27.92
2002062019 0 0.0026590735 0.0193504736 27.919
2002062020 0 0.0026126096 0.0035182679 27.919
2002062021 0 0.0025781004 0 27.917
2002062022 0 0.0025095246 0 27.917
2002062023 0 0.0025095246 0 27.916
2002062100 0 0.0024755507 0 27.916
2002062101 0 0.002464226 0 27.915
2002062102 0 0.0024529904 0 27.915
2002062103 0 0.0024192836 0 27.915
2002062104 0 0.0024081836 0.0050533408 27.914
2002062105 0 0.0023748834 0.0117911286 27.914
2002062106 0 0.0023638281 0.0471645143 27.916
2002062107 0 0.0023306622 0.1869736103 27.916
2002062108 0 0.0022868025 0.1549691185 27.916
2002062109 0 0.0022868025 0.2223469961 27.916
2002062110 0 0.0022868025 0.281302639 27.916
2002062111 0 0.0022868025 0.3469960696 27.916
2002062112 0 0.0022868025 0.3267827063 27.916
2002062113 0 0.0022541774 0.2762492981 27.916
2002062114 0 0.002232562 0.3032004492 27.916
2002062115 0 0.002200341 0.2745648512 27.916
2002062116 0 0.002200341 0.2088714206 27.916
2002062117 0 0.002200341 0.1566535654 27.916
2002062118 0 0.002200341 0.1162268389 27.916
2002062119 0 0.0021575664 0.0623245368 27.915
2002062120 0 0.0021575664 0.0185289163 27.915
2002062121 0 0.0021257579 0 27.914
2002062122 0 0.0021151551 0 27.913
2002062123 0 0.0021151551 0 27.912
2002062200 0 0.0021151551 0 27.912
2002062201 0 0.0021151551 0 27.911
2002062202 0 0.0021151551 0 27.911
2002062203 0 0.0021151551 0 27.911
2002062204 0 0.0020836191 0 27.911
2002062205 0 0.0020731071 0.0089192025 27.911
2002062206 0 0.0020626866 0.0392444911 27.911
2002062207 0 0.0020108498 0.1480587618 27.911
2002062208 0 0.0019902744 0.262224554 27.911
2002062209 0 0.0019493225 0.237250787 27.911
2002062210 0 0.0019493225 0.4245540399 27.91
2002062211 0 0.0019493225 0.485204617 27.909
2002062212 0 0.0019493225 0.4209863589 27.909
2002062213 0 0.0019188822 0.3960125918 27.908
2002062214 0 0.0018685158 0.2693599161 27.908
2002062215 0 0.0018387485 0.24795383 27.907
2002062216 0 0.0017893412 0.2497376705 27.907
2002062217 0 0.0017503199 0.1213011542 27.906
2002062218 0 0.0017114832 0.0588667366 27.905
2002062219 0 0.0016732645 0.0267576076 27.905
2002062220 0 0.0016732645 0.003567681 27.904
2002062221 0 0.0016732645 0 27.904
2002062222 0.4 0.0016732645 0 27.904
2002062223 1.2 0.0016732645 0 27.903
2002062300 0 0.0016732645 0 27.903
2002062301 0.1 0.0016732645 0 27.902
2002062302 0 0.0016732645 0 27.902
2002062303 0.4 0.0016732645 0 27.901
2002062304 0.1 0.0017019285 0.0016861219 27.901
2002062305 0 0.0017697844 0.020233463 27.901
2002062306 0 0.0017893412 0.0977950713 27.9
2002062307 0 0.0017893412 0.1601815824 27.9
2002062308 0 0.0018189548 0.313618677 27.899
2002062309 0 0.001828826 0.4012970169 27.898
2002062310 0 0.001828826 0.4451361868 27.898
2002062311 0 0.001828826 0.4957198444 27.897
2002062312 0 0.0017893412 0.4181582361 27.896
2002062313 0 0.0017893412 0.3625162127 27.896
2002062314 0 0.0017795628 0.273151751 27.896
2002062315 0 0.0017502275 0.293385214 27.896
2002062316 0 0.0017116146 0.2360570687 27.895
2002062317 0 0.0016447625 0.2293125811 27.895
2002062318 0 0.0016070385 0.1011673152 27.895
2002062319 0 0.0015605032 0.0455252918 27.895
2002062320 0 0.0015236374 0.0050583658 27.894
2002062321 0 0.0015236374 0 27.894
2002062322 0 0.0015236374 0 27.893
2002062323 0 0.0015236374 0 27.892
2002062400 0 0.0015236374 0 27.892
2002062401 0 0.0015236374 0 27.892
2002062402 0 0.0015236374 0 27.891
2002062403 0 0.0015236374 0 27.891
2002062404 0 0.0015236374 0.0032687191 27.891
2002062405 0 0.0015236374 0.0572025846 27.891
2002062406 0 0.0015236374 0.1258456861 27.89
2002062407 0 0.0015236374 0.2271759787 27.889
2002062408 0 0.0015236374 0.2533257317 27.889
2002062409 0 0.0015236374 0.3154313949 27.888
2002062410 0 0.0015236374 0.4036868111 27.888
2002062411 0 0.0015236374 0.2745724059 27.887
2002062412 0 0.0015145098 0.4641581148 27.887
2002062413 0 0.0014871268 0.5344355758 27.886
2002062414 0 0.0014871268 0.4347396427 27.885
2002062415 0 0.0014871268 0.4265678449 27.885
2002062416 0 0.0014690598 0.3023565184 27.884
2002062417 0 0.0014331135 0.2255416192 27.884
2002062418 0 0.0013975444 0.1568985177 27.883
2002062419 0 0.0013711393 0.0784492588 27.883
2002062420 0 0.0013449938 0.0163435956 27.882
2002062421 0 0.0013449938 0 27.881
2002062422 0 0.0013449938 0 27.881
2002062423 0 0.0013449938 0 27.88
2002062500 0 0.0013449938 0 27.88
2002062501 0 0.0013449938 0 27.879
2002062502 0 0.0013449938 0 27.879
2002062503 0 0.0013449938 0 27.878
2002062504 0 0.0013449938 0.0049910072 27.878
2002062505 0 0.0013449938 0.0598920863 27.878
2002062506 0 0.0013449938 0.1048111511 27.878
2002062507 0 0.0013449938 0.206294964 27.877
2002062508 0 0.0013449938 0.2345773381 27.877
2002062509 0 0.0013449938 0.3892985612 27.877
2002062510 0 0.0013449938 0.410926259 27.876
2002062511 0 0.0013449938 0.4758093525 27.876
2002062512 0 0.0013449938 0.3526978417 27.876
2002062513 0 0.0013711393 0.2977967626 27.875
2002062514 0 0.001373318 0.309442446 27.875
2002062515 0 0.0013645915 0.2878147482 27.875
2002062516 0 0.0013624482 0.206294964 27.874
2002062517 0 0.0013449938 0.1580485612 27.874
2002062518 0 0.0013449938 0.1347571942 27.873
2002062519 0 0.0013449938 0.0549010791 27.873
2002062520 0 0.0013449938 0.0116456835 27.873
2002062521 0 0.0013449938 0 27.872
2002062522 0 0.0013449938 0 27.872
2002062523 0 0.0013449938 0 27.871
2002062600 0 0.0013449938 0 27.87
2002062601 0 0.0013449938 0 27.87
2002062602 0 0.0013449938 0 27.87
2002062603 0 0.0013449938 0 27.869
2002062604 0 0.0013449938 0.0017303823 27.869
2002062605 0 0.0013449938 0.0346076459 27.869
2002062606 0 0.0013624242 0.0969014085 27.869
2002062607 0 0.0013449938 0.1747686117 27.868
2002062608 0 0.0012846876 0.2941649899 27.868
2002062609 0 0.0012761269 0.3910663984 27.868
2002062610 0 0.0012676614 0.4308651911 27.868
2002062611 0 0.0012422647 0.4377867203 27.868
2002062612 0 0.0012422647 0.5294969819 27.868
2002062613 0 0.0012422647 0.4793158954 27.868
2002062614 0 0.0012422647 0.3633802817 27.867
2002062615 0 0.0012172569 0.3824144869 27.867
2002062616 0 0.001208921 0.3235814889 27.867
2002062617 0 0.001184098 0.1730382294 27.867
2002062618 0 0.0011758237 0.1193963783 27.867
2002062619 0 0.0011758237 0.0553722334 27.867
2002062620 0 0.0011512898 0.0121126761 27.866
2002062621 0 0.0011431119 0 27.866
2002062622 0 0.0011431119 0 27.865
2002062623 0 0.0011431119 0 27.865
2002062700 0 0.0011431119 0 27.864
2002062701 0 0.0011431119 0 27.864
2002062702 0 0.0011431119 0 27.864
2002062703 0 0.0011451642 0 27.864
2002062704 0 0.0011676457 0.001635514 27.864
2002062705 0 0.0011758237 0.0114485981 27.864
2002062706 0 0.0011758237 0.0785046729 27.863
2002062707 0 0.0011923723 0.1373831776 27.863
2002062708 0 0.001208921 0.2142523364 27.862
2002062709 0.1 0.001208921 0.266588785 27.861
2002062710 0.1 0.001208921 0.3712616822 27.86
2002062711 0 0.0012109878 0.4186915888 27.86
2002062712 0 0.0012422647 0.4693925234 27.859
2002062713 0 0.0012422647 0.3385514019 27.859
2002062714 0 0.0012255929 0.433411215 27.858
2002062715 0 0.001208921 0.2289719626 27.857
2002062716 0 0.001208921 0.2207943925 27.857
2002062717 0 0.0012006467 0.1521028037 27.856
2002062718 0 0.0011758237 0.1079439252 27.856
2002062719 0 0.0011758237 0.0310747664 27.856
2002062720 0 0.0011758237 0.0179906542 27.855
2002062721 0 0.0011594678 0 27.854
2002062722 0 0.0011431119 0 27.853
2002062723 0 0.0011431119 0 27.852
2002062800 0 0.0011431119 0 27.852
2002062801 0 0.0011431119 0 27.851
2002062802 0 0.0011431119 0 27.851
2002062803 0 0.0011431119 0 27.851
2002062804 0.1 0.0011431119 0.0015432099 27.85
2002062805 0 0.0011431119 0.0432098765 27.85
2002062806 0 0.0011431119 0.1188271605 27.85
2002062807 0 0.0011431119 0.2160493827 27.849
2002062808 0 0.0011431119 0.2330246914 27.848
2002062809 0 0.0011431119 0.2021604938 27.848
2002062810 0 0.0011431119 0.3657407407 27.848
2002062811 0.2 0.0011431119 0.174382716 27.847
2002062812 2.5 0.0011431119 0.2191358025 27.847
2002062813 0.6 0.001184098 0.1666666667 27.846
2002062814 0.4 0.001192434 0.2098765432 27.846
2002062815 0.1 0.0012422647 0.1851851852 27.845
2002062816 0.8 0.0012422647 0.1388888889 27.845
2002062817 0 0.0012847827 0.1203703704 27.844
2002062818 0 0.0014336204 0.0848765432 27.843
2002062819 0.3 0.0015884093 0.0169753086 27.843
2002062820 1 0.0016638178 0.0030864198 27.842
2002062821 0.4 0.0017600059 0 27.841
2002062822 0 0.0018687808 0 27.841
2002062823 0 0.0019087355 0 27.84
2002062900 0 0.0019087355 0 27.84
2002062901 0 0.0019699394 0 27.839
2002062902 0 0.0020837106 0 27.839
2002062903 0 0.0021336566 0 27.839
2002062904 0 0.0021177756 0.0016008004 27.839
2002062905 0 0.0021046431 0.0496248124 27.839
2002062906 0 0.0020006118 0.1312656328 27.839
2002062907 0 0.0018888499 0.224112056 27.839
2002062908 0 0.0017795628 0.3025512756 27.839
2002062909 0 0.0017308554 0.344172086 27.838
2002062910 0 0.0016542631 0.3905952976 27.838
2002062911 0 0.0015976307 0.28014007 27.838
2002062912 0 0.0015603724 0.2785392696 27.838
2002062913 0 0.0015236374 0.2257128564 27.837
2002062914 0 0.0015145098 0.3457728864 27.837
2002062915 0 0.0014690598 0.2673336668 27.837
2002062916 0 0.0014331135 0.2225112556 27.837
2002062917 0 0.0014063893 0.0768384192 27.837
2002062918 0 0.0013624242 0.0368184092 27.837
2002062919 0 0.0013449938 0.0208104052 27.837
2002062920 0 0.0013449938 0.0016008004 27.837
2002062921 0 0.0013449938 0 27.837
2002062922 0 0.0013449938 0 27.836
2002062923 0 0.0013449938 0 27.836
2002063000 0 0.0013449938 0 27.836
2002063001 0 0.0013103695 0 27.836
2002063002 0 0.0013103695 0 27.835
2002063003 0 0.0013103695 0 27.835
2002063004 0 0.0013103695 0.0016452074 27.836
2002063005 0 0.0013103695 0.014806867 27.836
2002063006 0 0.0013103695 0.093776824 27.836
2002063007 0 0.0013103695 0.1924892704 27.835
2002063008 0 0.0013103695 0.2796852647 27.835
2002063009 0 0.0013103695 0.3849785408 27.835
2002063010 0 0.0013103695 0.4080114449 27.835
2002063011 0 0.0012761269 0.2451359084 27.834
2002063012 0 0.0012761269 0.1908440629 27.834
2002063013 0 0.0012761269 0.0921316166 27.834
2002063014 0 0.0012761269 0.1020028612 27.834
2002063015 0 0.0012761269 0.1052932761 27.833
2002063016 0 0.0012761269 0.0312589413 27.833
2002063017 0 0.0012761269 0.0526466381 27.832
2002063018 0 0.0012591958 0.082260372 27.832
2002063019 0 0.0012422647 0.0197424893 27.832
2002063020 0 0.0012422647 0.0032904149 27.832
2002063021 0 0.0012422647 0 27.832
2002063022 0 0.0012422647 0 27.832
2002063023 0 0.0012422647 0 27.832
2002070100 0 0.0012422647 0 27.832
2002070101 0 0.0012422647 0 27.832
2002070102 0 0.0012422647 0 27.832
2002070103 0.9 0.0012422647 0 27.832
2002070104 0.6 0.0012422647 0 27.832
2002070105 0.2 0.0012422647 0.0030237581 27.832
2002070106 0 0.0012422647 0.0166306695 27.832
2002070107 0 0.0012676614 0.0453563715 27.831
2002070108 0.1 0.0012761269 0.0408207343 27.831
2002070109 0.5 0.0012761269 0.0710583153 27.831
2002070110 0.5 0.0012932482 0.0846652268 27.83
2002070111 0.7 0.0013363377 0.0846652268 27.83
2002070112 0 0.0013624242 0.0831533477 27.829
2002070113 0.5 0.0013975444 0.0483801296 27.829
2002070114 2.3 0.0014152342 0.0650107991 27.829
2002070115 1.1 0.0014331135 0.0680345572 27.829
2002070116 0.9 0.0014872209 0.03174946 27.829
2002070117 1.3 0.0015674993 0.0272138229 27.829
2002070118 0.2 0.0016353547 0.0181425486 27.829
2002070119 0.1 0.0018092276 0.0090712743 27.83
2002070120 0.1 0.0019699394 0.0030237581 27.83
2002070121 0 0.0021790912 0 27.83
2002070122 2.1 0.0023529079 0 27.83
2002070123 0.1 0.0024529904 0 27.83
2002070200 0 0.0025437697 0 27.83
2002070201 0 0.0025551847 0 27.83
2002070202 0 0.0025551847 0 27.83
2002070203 0 0.0025551847 0 27.83
2002070204 0 0.0025551847 0.0015950069 27.83
2002070205 0 0.0025551847 0.0223300971 27.83
2002070206 0 0.0025551847 0.0430651872 27.83
2002070207 0 0.0025209396 0.1116504854 27.83
2002070208 0 0.0024529904 0.1610957004 27.83
2002070209 0 0.0023638281 0.2248959778 27.83
2002070210 0 0.0022977674 0.2839112344 27.83
2002070211 0 0.0022434371 0.4067267684 27.83
2002070212 0 0.0021896474 0.2121359223 27.831
2002070213 2 0.0021469636 0.1307905687 27.831
2002070214 0.1 0.0021151551 0.1914008322 27.831
2002070215 0 0.0020836191 0.146740638 27.83
2002070216 0 0.0020731071 0.2248959778 27.83
2002070217 2.6 0.0020314252 0.0590152566 27.829
2002070218 0 0.0020314252 0.0574202497 27.829
2002070219 0 0.0020522661 0.0191400832 27.829
2002070220 0 0.0020731071 0.0031900139 27.829
2002070221 0 0.0021047339 0 27.829
2002070222 0 0.002265277 0 27.829
2002070223 0 0.0024194192 0 27.829
2002070300 0 0.0024868753 0 27.829
2002070301 0.4 0.0025095246 0 27.829
2002070302 0.5 0.0025095246 0 27.83
2002070303 1.2 0.0025095246 0 27.831
2002070304 1.8 0.0024755507 0 27.832
2002070305 0.8 0.002464226 0.0076335878 27.834
2002070306 3 0.002464226 0.013740458 27.835
2002070307 0.8 0.002464226 0.0290076336 27.836
2002070308 0.5 0.0025440814 0.0564885496 27.837
2002070309 0.2 0.0026473902 0.0549618321 27.838
2002070310 0.1 0.0026942126 0.0564885496 27.84
2002070311 0.8 0.0027887008 0.0732824427 27.841
2002070312 1.4 0.0028845151 0.1083969466 27.843
2002070313 0.8 0.0029818434 0.0977099237 27.845
2002070314 1.4 0.0030804888 0.0610687023 27.848
2002070315 0.7 0.0031932559 0.0702290076 27.851
2002070316 1.1 0.0032821146 0.0351145038 27.854
2002070317 0.2 0.0034110742 0.0427480916 27.859
2002070318 0.1 0.0035289191 0.0671755725 27.863
2002070319 0 0.0036619779 0.0244274809 27.867
2002070320 1.6 0.0038108427 0.0015267176 27.872
2002070321 0 0.0039622908 0 27.876
2002070322 0.5 0.0041306004 0 27.88
2002070323 0 0.004302032 0 27.885
2002070400 0 0.004520701 0 27.889
2002070401 0 0.0047289273 0 27.893
2002070402 0.1 0.0049416844 0 27.897
2002070403 0 0.0051898598 0 27.901
2002070404 0.4 0.0054837154 0.0016802444 27.904
2002070405 0.1 0.0057681 0.0184826884 27.908
2002070406 0 0.0061013271 0.0218431772 27.912
2002070407 0.2 0.0063913625 0.0302443992 27.916
2002070408 0 0.0066520218 0.1495417515 27.92
2002070409 0 0.0068284648 0.2755600815 27.923
2002070410 0 0.0069891272 0.4452647658 27.927
2002070411 0 0.0071879317 0.2806008147 27.931
2002070412 0 0.007407612 0.3797352342 27.935
2002070413 0 0.0076678186 0.2486761711 27.939
2002070414 0 0.0078559754 0.4603869654 27.943
2002070415 0 0.0080848842 0.332688391 27.945
2002070416 0 0.0083165774 0.2453156823 27.948
2002070417 0 0.0084728465 0.1915478615 27.95
2002070418 0 0.0086302966 0.1411405295 27.952
2002070419 0 0.0088690998 0.067209776 27.955
2002070420 0 0.0091059591 0.0100814664 27.956
2002070421 0 0.0093970689 0 27.959
2002070422 0 0.0097288255 0 27.96
2002070423 0 0.0100659185 0 27.961
2002070500 0 0.0103650702 0 27.963
2002070501 0 0.0106250511 0 27.965
2002070502 0 0.0108218354 0 27.967
2002070503 0 0.0110202868 0 27.968
2002070504 0 0.0111312955 0.0017232376 27.969
2002070505 0 0.0112876588 0.017232376 27.971
2002070506 0 0.0113773265 0.0792689295 27.972
2002070507 0 0.011422152 0.1481984334 27.973
2002070508 0 0.0114899095 0.2291906005 27.974
2002070509 0 0.0115124954 0.2602088773 27.975
2002070510 0 0.0115124954 0.3894516971 27.976
2002070511 0 0.0114673237 0.4049608355 27.976
2002070512 0 0.011422152 0.4187467363 27.976
2002070513 0 0.011422152 0.3756657963 27.977
2002070514 0 0.0115124954 0.3274151436 27.978
2002070515 0 0.0116031711 0.2826109661 27.978
2002070516 0 0.0115805022 0.1706005222 27.979
2002070517 0 0.0114449109 0.1120104439 27.979
2002070518 0 0.0109984458 0.0620365535 27.979
2002070519 0 0.0105816226 0.0189556136 27.979
2002070520 0 0.0102364588 0.0017232376 27.978
2002070521 0 0.0099598902 0 27.978
2002070522 0 0.0096868966 0 27.977
2002070523 0.1 0.0093970689 0 27.976
2002070600 0.1 0.0091364663 0 27.976
2002070601 0 0.0089093589 0 27.976
2002070602 0 0.0087096434 0 27.976
2002070603 0 0.008492436 0 27.976
2002070604 0 0.0083165774 0 27.976
2002070605 0 0.0081041331 0.0168 27.976
2002070606 0 0.0079318911 0.04368 27.976
2002070607 0 0.0077240562 0.07056 27.976
2002070608 0 0.0075417674 0.09744 27.976
2002070609 0 0.0073707092 0.14784 27.975
2002070610 0 0.0072242557 0.21504 27.975
2002070611 0 0.0070791508 0.19488 27.974
2002070612 0 0.0069352477 0.2016 27.974
2002070613 0 0.006792984 0.2856 27.974
2002070614 0 0.0066869972 0.26544 27.973
2002070615 0 0.0065818302 0.22344 27.973
2002070616 0 0.0064775132 0.1176 27.973
2002070617 0 0.0063866755 0.12768 27.973
2002070618 0 0.0063392732 0.0588 27.972
2002070619 0 0.0062539269 0.02688 27.972
2002070620 0 0.0061688105 0.00672 27.972
2002070621 0 0.0060842008 0 27.972
2002070622 0 0.0060171092 0 27.971
2002070623 0 0.0059168755 0 27.971
2002070700 0 0.0058173369 0 27.97
2002070701 0 0.0057514015 0 27.97
2002070702 0 0.005653404 0 27.97
2002070703 0 0.0055559091 0 27.97
2002070704 0 0.0054752151 0.0017059301 27.97
2002070705 0 0.0053953804 0.0204711617 27.97
2002070706 0 0.0053158002 0.0801787165 27.97
2002070707 0 0.0052210984 0.0631194151 27.97
2002070708 0 0.0051116021 0.1262388302 27.97
2002070709 0 0.0050184638 0.2354183591 27.97
2002070710 0 0.0049414525 0.1688870837 27.97
2002070711 0 0.0048803411 0.1569455727 27.97
2002070712 0 0.0048499327 0.2405361495 27.97
2002070713 0 0.0047892168 0.1825345248 27.97
2002070714 0 0.0047892168 0.2081234768 27.97
2002070715 0 0.0047892168 0.1876523152 27.97
2002070716 0 0.0047590286 0.2507717303 27.97
2002070717 0 0.0047138332 0.0955320877 27.97
2002070718 0 0.0046539511 0.0511779041 27.97
2002070719 0 0.0046093691 0.0272948822 27.969
2002070720 0 0.0045796987 0.0034118603 27.969
2002070721 0 0.0045352786 0 27.969
2002070722 0 0.0044763663 0 27.969
2002070723 0 0.0044105619 0 27.969
2002070800 0 0.0043308395 0 27.969
2002070801 0 0.0042911053 0 27.969
2002070802 0 0.0042480174 0 27.97
2002070803 0 0.0042014647 0 27.97
2002070804 0 0.0041730042 0.0018018018 27.97
2002070805 0 0.004130457 0.0396396396 27.971
2002070806 0 0.0040881966 0.1189189189 27.971
2002070807 0 0.0040179964 0.2162162162 27.971
2002070808 0 0.003948321 0.3153153153 27.971
2002070809 0 0.0038930741 0.4 27.971
2002070810 0 0.0038518837 0.4738738739 27.971
2002070811 0 0.0038107556 0.4558558559 27.971
2002070812 0 0.0037698888 0.5225225225 27.971
2002070813 0 0.0037021237 0.4990990991 27.971
2002070814 0 0.0036351928 0.5027027027 27.97
2002070815 0 0.0039628684 0.445045045 27.97
2002070816 0 0.0041022834 0.3567567568 27.969
2002070817 0 0.004130457 0.2234234234 27.969
2002070818 0 0.0039730272 0.1441441441 27.968
2002070819 0 0.0036621529 0.0738738739 27.968
2002070820 0 0.0034633599 0.0108108108 27.968
2002070821 0 0.0033462861 0 27.967
2002070822 0 0.0032693681 0 27.967
2002070823 0 0.0031932198 0 27.966
2002070900 0 0.0031806127 0 27.966
2002070901 0 0.0031429 0 27.966
2002070902 0 0.0030928825 0 27.965
2002070903 0 0.0030804004 0 27.966
2002070904 0 0.0030680067 0.0036452005 27.966
2002070905 0 0.0030308256 0.0309842041 27.966
2002070906 0 0.0030308256 0.1166464156 27.966
2002070907 0 0.0030185704 0.0838396112 27.966
2002070908 0 0.0029818047 0.2897934386 27.966
2002070909 0 0.0029818047 0.3353584447 27.966
2002070910 0 0.0029329388 0.1403402187 27.966
2002070911 0 0.0029329388 0.1002430134 27.966
2002070912 0 0.0029695882 0.2496962333 27.965
2002070913 0 0.0029818047 0.4939246659 27.965
2002070914 0 0.0029695882 0.4191980559 27.964
2002070915 0 0.0029086826 0.1603888214 27.964
2002070916 0 0.0028243668 0.2496962333 27.964
2002070917 0 0.0027886608 0.1931956258 27.964
2002070918 0 0.0027886608 0.0929526124 27.964
2002070919 0 0.0027412128 0.0328068044 27.963
2002070920 0 0.0027412128 0.007290401 27.963
2002070921 0 0.0026593422 0 27.962
2002070922 0 0.0025551847 0 27.961
2002070923 0 0.0025323546 0 27.96
2002071000 0 0.0025095246 0 27.96
2002071001 0 0.0025095246 0 27.959
2002071002 0 0.0025095246 0 27.958
2002071003 0 0.0024868753 0 27.958
2002071004 0 0.002464226 0 27.958
2002071005 0 0.002464226 0.0084210526 27.958
2002071006 0 0.0024192836 0.0303157895 27.957
2002071007 0 0.0024192836 0.0993684211 27.956
2002071008 0 0.0023887389 0.0673684211 27.956
2002071009 0 0.0023748834 0.0454736842 27.955
2002071010 0.1 0.0023748834 0.0690526316 27.955
2002071011 2.2 0.0023417175 0.0370526316 27.955
2002071012 2.5 0.0023087323 0.0437894737 27.954
2002071013 3.4 0.0022433023 0.0421052632 27.954
2002071014 4.3 0.0023060279 0.0269473684 27.953
2002071015 1 0.0024874125 0.0606315789 27.953
2002071016 0.2 0.0028731834 0.1010526316 27.953
2002071017 0 0.0034009386 0.1094736842 27.953
2002071018 0 0.0042328692 0.0421052632 27.953
2002071019 0 0.004989133 0.0151578947 27.955
2002071020 0 0.0054917442 0.0016842105 27.957
2002071021 0 0.0058340534 0 27.96
2002071022 0 0.0060338437 0 27.963
2002071023 0 0.0061688105 0 27.965
2002071100 0 0.0063051286 0 27.968
2002071101 0 0.0063909554 0 27.97
2002071102 0 0.00651222 0 27.972
2002071103 0 0.0065992403 0 27.974
2002071104 0 0.0066693462 0.0032854209 27.976
2002071105 0 0.0066869114 0.0476386037 27.978
2002071106 0 0.0067575157 0.0673511294 27.979
2002071107 0 0.0066346269 0.2217659138 27.98
2002071108 0 0.0063052989 0.2907597536 27.981
2002071109 0 0.0060674663 0.3794661191 27.981
2002071110 0.2 0.005883696 0.2299794661 27.982
2002071111 6.4 0.0057023169 0.20862423 27.983
2002071112 9.8 0.0055236655 0.2283367556 27.984
2002071113 0 0.0054113306 0.4550308008 27.984
2002071114 0 0.0054756015 0.4501026694 27.988
2002071115 0 0.0061885966 0.3482546201 27.999
2002071116 0 0.0071717137 0.090349076 28.021
2002071117 0.2 0.0079327218 0.0607802875 28.047
2002071118 0 0.0084731012 0.0476386037 28.065
2002071119 0 0.0088091668 0.0574948665 28.077
2002071120 0 0.0090097989 0.0131416838 28.087
2002071121 0 0.0091313252 0 28.094
2002071122 0 0.0092330225 0 28.099
2002071123 0 0.009314712 0 28.103
2002071200 0 0.0093557243 0 28.106
2002071201 0 0.009417492 0 28.108
2002071202 0 0.0094380812 0 28.109
2002071203 0 0.0094742072 0 28.111
2002071204 0 0.0095207705 0.0017120281 28.112
2002071205 0 0.0095414414 0.0410886743 28.112
2002071206 0 0.0096034542 0.1095697981 28.112
2002071207 0 0.0096034542 0.1660667252 28.112
2002071208 0 0.0096712186 0.2876207199 28.112
2002071209 0 0.0096868135 0.3869183494 28.112
2002071210 0 0.0096868135 0.4536874451 28.112
2002071211 0 0.0097286594 0.4930640913 28.112
2002071212 0 0.0097705052 0.4896400351 28.111
2002071213 0 0.0097705052 0.361237928 28.111
2002071214 0 0.0097705052 0.2961808604 28.11
2002071215 0 0.0097705052 0.2482440737 28.109
2002071216 0 0.0098335232 0.2088674276 28.108
2002071217 0 0.0098545292 0.1540825285 28.107
2002071218 0 0.0098545292 0.1540825285 28.106
2002071219 0 0.0097705883 0.0410886743 28.104
2002071220 0 0.0095622798 0.0068481124 28.104
2002071221 0 0.0092331886 0 28.102
2002071222 0 0.0089896292 0 28.101
2002071223 0 0.0088290886 0 28.099
2002071300 0 0.0086897215 0 28.099
2002071301 1.5 0.0085317757 0 28.097
2002071302 0.9 0.0083749957 0 28.096
2002071303 0 0.0082485651 0 28.096
2002071304 0 0.0081617982 0 28.095
2002071305 0 0.0081617982 0.0087920489 28.094
2002071306 0.4 0.0081617982 0.0123088685 28.094
2002071307 0.6 0.0081617982 0.0211009174 28.093
2002071308 0.2 0.0081617982 0.0791284404 28.093
2002071309 0 0.0081617982 0.1582568807 28.092
2002071310 0 0.0081617982 0.1107798165 28.091
2002071311 0 0.0081617982 0.0896788991 28.091
2002071312 0 0.0081617982 0.1213302752 28.091
2002071313 0 0.0081617982 0.2760703364 28.092
2002071314 0 0.0081617982 0.2883792049 28.092
2002071315 0 0.0081617982 0.4220183486 28.092
2002071316 0 0.0081617982 0.2971712538 28.092
2002071317 0 0.0081617982 0.2233180428 28.092
2002071318 0 0.0081617982 0.1055045872 28.092
2002071319 0 0.008046468 0.0703363914 28.091
2002071320 0 0.0079128097 0.0158256881 28.091
2002071321 0 0.0078181394 0 28.09
2002071322 0 0.007780464 0 28.088
2002071323 0 0.0077239717 0 28.087
2002071400 0 0.0076302415 0 28.087
2002071401 0 0.0075185086 0 28.086
2002071402 0 0.0074445148 0 28.085
2002071403 0 0.0073339754 0 28.084
2002071404 0 0.0072242557 0 28.084
2002071405 0 0.0071334512 0.021 28.083
2002071406 0 0.0070520317 0.0315 28.083
2002071407 0 0.0069532352 0.056 28.083
2002071408 0 0.006792984 0.12425 28.082
2002071409 0 0.0067222135 0.2835 28.081
2002071410 0 0.0066342157 0.29575 28.08
2002071411 0 0.0065687483 0.2905 28.08
2002071412 0 0.0064601183 0.37275 28.079
2002071413 0 0.0063394283 0.15225 28.079
2002071414 0 0.0061688105 0.126 28.078
2002071415 0 0.0060505782 0.07525 28.077
2002071416 0 0.0059836583 0.11375 28.076
2002071417 0 0.0059002422 0.098 28.076
2002071418 0 0.0058173369 0.04025 28.075
2002071419 0 0.0057514015 0.01575 28.074
2002071420 0 0.0057186277 0.0035 28.074
2002071421 0 0.0056696954 0 28.072
2002071422 0 0.0056371126 0 28.072
2002071423 0 0.0055883229 0 28.071
2002071500 0 0.0055397022 0 28.07
2002071501 0 0.0055074586 0 28.07
2002071502 0 0.005459244 0 28.069
2002071503 0 0.0054113306 0 28.069
2002071504 0 0.0053475297 0 28.069
2002071505 0 0.0053475297 0.0018461538 28.068
2002071506 0 0.0053158002 0.0203076923 28.068
2002071507 0 0.0052840706 0.0590769231 28.067
2002071508 0 0.0052209482 0.1236923077 28.067
2002071509 0 0.0052209482 0.1993846154 28.067
2002071510 0 0.0052209482 0.3747692308 28.066
2002071511 0 0.0052053178 0.5206153846 28.065
2002071512 0 0.0051584267 0.5575384615 28.065
2002071513 0 0.0050804704 0.5483076923 28.065
2002071514 0 0.0050030277 0.5132307692 28.065
2002071515 0 0.0048956926 0.4449230769 28.064
2002071516 0 0.0047590286 0.3618461538 28.063
2002071517 0 0.0046390904 0.2603076923 28.063
2002071518 0 0.004491116 0.1366153846 28.062
2002071519 0 0.0043598463 0.0683076923 28.062
2002071520 0 0.0042300997 0.0092307692 28.06
2002071521 0 0.0041730042 0 28.059
2002071522 0 0.0041445438 0 28.059
2002071523 0 0.0041163702 0 28.058
2002071600 0 0.0040881966 0 28.057
2002071601 0 0.004074139 0 28.056
2002071602 0 0.0040319662 0 28.056
2002071603 0 0.0040319662 0 28.056
2002071604 0 0.003976087 0 28.056
2002071605 0 0.003962204 0.0283544304 28.056
2002071606 0 0.0039205551 0.0620253165 28.055
2002071607 0 0.0038930741 0.2073417722 28.055
2002071608 0 0.003865593 0.2339240506 28.055
2002071609 0 0.003865593 0.1807594937 28.054
2002071610 0 0.0038107556 0.1435443038 28.054
2002071611 0 0.0037971334 0.1648101266 28.053
2002071612 0 0.0037562666 0.1293670886 28.052
2002071613 0 0.0037562666 0.1098734177 28.052
2002071614 0 0.0036887311 0.2729113924 28.051
2002071615 0 0.0036485535 0.2498734177 28.051
2002071616 0 0.0036485535 0.104556962 28.051
2002071617 0 0.0036485535 0.1063291139 28.05
2002071618 0 0.0036084714 0.0939240506 28.049
2002071619 0 0.0035156456 0.0106329114 28.048
2002071620 0 0.0034370945 0.0017721519 28.047
2002071621 0 0.0034370945 0 28.046
2002071622 0 0.0034370945 0 28.044
2002071623 0 0.0034370945 0 28.043
2002071700 0 0.0034370945 0 28.043
2002071701 0 0.0034370945 0 28.042
2002071702 0 0.0034240843 0 28.042
2002071703 0 0.003385054 0 28.041
2002071704 0 0.003385054 0 28.04
2002071705 0 0.0033721314 0.0155321189 28.04
2002071706 0 0.0033333635 0.0534995206 28.04
2002071707 0 0.0033333635 0.0862895494 28.039
2002071708 0 0.003282027 0.1639501438 28.039
2002071709 0 0.003282027 0.1915627996 28.038
2002071710 0 0.003282027 0.1950143816 28.037
2002071711 0 0.003282027 0.1915627996 28.037
2002071712 0 0.0032437875 0.2053691275 28.036
2002071713 0 0.003231041 0.1587727709 28.036
2002071714 0 0.003231041 0.144966443 28.035
2002071715 0 0.003231041 0.1277085331 28.034
2002071716 0 0.0032058269 0.1208053691 28.033
2002071717 0 0.003130329 0.0811121764 28.032
2002071718 0 0.0031178469 0.0414189837 28.031
2002071719 0 0.0030804004 0.0189837009 28.031
2002071720 0 0.0030804004 0.003451582 28.03
2002071721 0 0.0030804004 0 28.029
2002071722 0 0.0030308256 0 28.027
2002071723 0 0.0030308256 0 28.027
2002071800 0 0.0030185445 0 28.027
2002071801 0 0.0030185895 0 28.026
2002071802 0 0.0030154404 0 28.026
2002071803 0 0.0029818047 0 28.026
2002071804 0 0.0029818047 0 28.026
2002071805 0 0.0029818047 0.0131651125 28.026
2002071806 0 0.0029818047 0.0394953374 28.025
2002071807 0 0.0029329388 0.0789906747 28.025
2002071808 0 0.0028724757 0.1250685683 28.024
2002071809 0 0.0028362689 0.1777290181 28.024
2002071810 0 0.0028362689 0.1678551838 28.023
2002071811 0 0.0028362689 0.2814042787 28.022
2002071812 0 0.0028362689 0.2649478881 28.022
2002071813 0 0.0028362689 0.3357103675 28.02
2002071814 0 0.0027768388 0.43609435 28.02
2002071815 0 0.002705896 0.4344487109 28.019
2002071816 0 0.0026242031 0.3060888645 28.018
2002071817 0 0.0025895582 0.204059243 28.017
2002071818 0 0.0025323546 0.1020296215 28.016
2002071819 0 0.0024981999 0.027975864 28.016
2002071820 0 0.002464226 0.0049369172 28.015
2002071821 0 0.002464226 0 28.013
2002071822 0 0.002464226 0 28.012
2002071823 0 0.0024192836 0 28.011
2002071900 0 0.0024192836 0 28.011
2002071901 0 0.0024192836 0 28.01
2002071902 0 0.0024192836 0 28.01
2002071903 0 0.0024192836 0 28.01
2002071904 0 0.0024192836 0 28.009
2002071905 0 0.0024192836 0.0262008734 28.008
2002071906 0 0.0024192836 0.0622270742 28.008
2002071907 0 0.0024192836 0.0835152838 28.008
2002071908 0 0.0023748834 0.1621179039 28.007
2002071909 0 0.0023638281 0.1391921397 28.007
2002071910 0 0.0023306622 0.1768558952 28.006
2002071911 0 0.0023306622 0.1653930131 28.006
2002071912 0 0.0023306622 0.0982532751 28.005
2002071913 0 0.0023306622 0.1359170306 28.004
2002071914 0 0.0023306622 0.114628821 28.003
2002071915 0 0.0023306622 0.134279476 28.003
2002071916 0 0.0023306622 0.106441048 28.002
2002071917 0 0.0023306622 0.0540393013 28.001
2002071918 0 0.0023306622 0.0278384279 28.001
2002071919 0 0.0023306622 0.0114628821 28
2002071920 0 0.0022977674 0.0016375546 28
2002071921 0 0.0022868025 0 28
2002071922 0 0.0022868025 0 27.999
2002071923 0 0.0022868025 0 27.998
2002072000 0 0.0022923125 0 27.998
2002072001 0 0.0022977838 0 27.998
2002072002 0 0.0023114143 0 27.998
2002072003 0 0.0023086878 0 27.997
2002072004 0 0.0023168521 0 27.997
2002072005 0 0.0023195736 0.0102239533 27.997
2002072006 0 0.0023086929 0.0306718598 27.997
2002072007 0 0.0023114092 0.097127556 27.997
2002072008 0 0.0023086929 0.3135345667 27.996
2002072009 0 0.0023059765 0.1635832522 27.996
2002072010 0 0.0022922738 0.3510223953 27.996
2002072011 0 0.0022868025 0.3663583252 27.995
2002072012 0 0.0022868025 0.4379259981 27.995
2002072013 0 0.0022868025 0.4532619279 27.995
2002072014 0 0.0022868025 0.332278481 27.995
2002072015 0 0.0022434371 0.3425024343 27.995
2002072016 0 0.0021789537 0.2930866602 27.994
2002072017 0 0.0021469636 0.2010710808 27.994
2002072018 0 0.0021151551 0.0869036027 27.993
2002072019 0 0.0021151551 0.0187439143 27.992
2002072020 0.8 0.0021151551 0.0017039922 27.992
2002072021 3.7 0.0021151551 0 27.992
2002072022 3.2 0.0021151551 0 27.991
2002072023 3 0.0021151551 0 27.989
2002072100 1 0.0021151551 0 27.989
2002072101 0 0.0021469636 0 27.99
2002072102 0 0.0022218217 0 27.992
2002072103 0 0.002419824 0 27.994
2002072104 0 0.0026011518 0 27.995
2002072105 0 0.0027176682 0.0016830295 27.996
2002072106 0.3 0.0028124648 0.0538569425 27.998
2002072107 0 0.002872387 0.1531556802 28
2002072108 0 0.0029329388 0.1161290323 28.001
2002072109 0.7 0.0029818047 0.2272089762 28.003
2002072110 0 0.0030063151 0.304628331 28.004
2002072111 0.3 0.0030308256 0.341654979 28.004
2002072112 0 0.003055613 0.4106591865 28.004
2002072113 0.1 0.0030804004 0.2070126227 28.004
2002072114 0.1 0.0031053647 0.159887798 28.004
2002072115 0 0.003130329 0.1497896213 28.005
2002072116 0 0.0031680418 0.0942496494 28.005
2002072117 0 0.0031806127 0.0841514727 28.004
2002072118 0.2 0.0032058269 0.0403927069 28.004
2002072119 0 0.003231041 0.0454417952 28.003
2002072120 0 0.003231041 0.0100981767 28.003
2002072121 0 0.003231041 0 28.002
2002072122 0.1 0.003231041 0 28.002
2002072123 0.2 0.003231041 0 28.002
2002072200 0 0.003231041 0 28.002
2002072201 0 0.0031932198 0 28.002
2002072202 0 0.0031429 0 28.003
2002072203 0 0.0030680067 0 28.003
2002072204 0 0.0030216136 0 28.004
2002072205 0 0.0029818047 0.0133333333 28.004
2002072206 0 0.0029329388 0.0266666667 28.004
2002072207 0 0.0028844263 0.0483333333 28.004
2002072208 0 0.0028243668 0.065 28.004
2002072209 0 0.0027767988 0.1216666667 28.004
2002072210 0 0.0027294405 0.0633333333 28.004
2002072211 0 0.0026882709 0.1966666667 28.004
2002072212 0 0.0026473902 0.33 28.004
2002072213 0 0.0026299889 0.1383333333 28.004
2002072214 0 0.0026010161 0.21 28.004
2002072215 0 0.0026010161 0.23 28.005
2002072216 0 0.0025781004 0.3516666667 28.005
2002072217 0 0.0025551847 0.18 28.005
2002072218 0 0.0025209396 0.0883333333 28.005
2002072219 0 0.0025095246 0.035 28.004
2002072220 0 0.0025095246 0.0016666667 28.004
2002072221 0 0.002464226 0 28.003
2002072222 0 0.002464226 0 28.003
2002072223 0 0.002464226 0 28.003
2002072300 0 0.0024305192 0 28.003
2002072301 0 0.0024192836 0 28.003
2002072302 0 0.0024081836 0 28.003
2002072303 0 0.0023748834 0 28.003
2002072304 0 0.0023748834 0 28.003
2002072305 0 0.0023665608 0.0102517986 28.003
2002072306 0 0.0023306622 0.0273381295 28.003
2002072307 0 0.0023306622 0.073471223 28.003
2002072308 0 0.0023306622 0.1008093525 28.003
2002072309 0 0.0023306622 0.1213129496 28.003
2002072310 0 0.0023306622 0.2597122302 28.003
2002072311 0 0.0023306622 0.2340827338 28.002
2002072312 0 0.0022868025 0.182823741 28.002
2002072313 0 0.0022868025 0.2221223022 28.002
2002072314 0 0.0022868025 0.2033273381 28.001
2002072315 0 0.0022868025 0.2033273381 28.001
2002072316 0 0.0022868025 0.1691546763 28
2002072317 0 0.0022868025 0.0785971223 28
2002072318 0 0.0022868025 0.0102517986 28
2002072319 1.3 0.0022868025 0.0034172662 28
2002072320 0.8 0.0022868025 0 27.999
2002072321 0.5 0.0022868025 0 27.999
2002072322 0.1 0.0022840973 0 27.998
2002072323 0.3 0.0022868025 0 27.998
2002072400 0 0.0022868025 0 27.997
2002072401 0 0.0022868025 0 27.996
2002072402 0.6 0.0022868025 0 27.996
2002072403 0 0.0023087323 0 27.996
2002072404 0 0.0023306622 0 27.996
2002072405 0 0.0023638281 0.0017375674 27.996
2002072406 0.1 0.0023748834 0.0139005392 27.996
2002072407 0.3 0.0023748834 0.0486518874 27.996
2002072408 0 0.0023748834 0.1251048532 27.995
2002072409 0 0.0023748834 0.2449970042 27.995
2002072410 0 0.0023748834 0.3110245656 27.994
2002072411 0 0.0023748834 0.4083283403 27.993
2002072412 0 0.0023748834 0.3718394248 27.992
2002072413 0 0.0023748834 0.3492510485 27.992
2002072414 0 0.0023748834 0.2693229479 27.991
2002072415 0 0.0023748834 0.2432594368 27.99
2002072416 0 0.0023748834 0.2102456561 27.99
2002072417 0 0.0023748834 0.1911324146 27.989
2002072418 0 0.0023748834 0.0799281007 27.988
2002072419 0 0.0023748834 0.0278010785 27.988
2002072420 0 0.0023748834 0.0034751348 27.987
2002072421 0 0.0023748834 0 27.987
2002072422 0 0.0023527728 0 27.986
2002072423 0 0.0023306622 0 27.985
2002072500 0 0.0023306622 0 27.985
2002072501 0 0.0022868025 0 27.985
2002072502 0 0.0022868025 0 27.985
2002072503 0 0.0022541774 0 27.985
2002072504 0 0.0022433023 0 27.985
2002072505 0 0.0022433023 0.009978308 27.985
2002072506 0 0.0022433023 0.0282718727 27.986
2002072507 0 0.0022218217 0.0465654375 27.986
2002072508 0.6 0.002200341 0.0515545915 27.985
2002072509 0.2 0.002200341 0.0715112075 27.985
2002072510 0 0.002200341 0.256109906 27.985
2002072511 0 0.002200341 0.3874909617 27.985
2002072512 0 0.0021842892 0.3608821403 27.984
2002072513 0 0.0021575664 0.3558929863 27.984
2002072514 0 0.0021575664 0.2960231381 27.984
2002072515 0 0.0021575664 0.1646420824 27.984
2002072516 0 0.0021575664 0.1496746204 27.984
2002072517 0 0.0021575664 0.0715112075 27.984
2002072518 0 0.0021575664 0.0365871294 27.984
2002072519 0 0.0021575664 0.0116413594 27.984
2002072520 0 0.0021575664 0.0016630513 27.983
2002072521 0 0.0021575664 0 27.983
2002072522 0 0.0021575664 0 27.982
2002072523 0 0.0021575664 0 27.982
2002072600 0.1 0.0021575664 0 27.981
2002072601 0 0.0021575664 0 27.981
2002072602 0.4 0.0021575664 0 27.981
2002072603 0.5 0.0021363375 0 27.981
2002072604 1.7 0.0021177756 0 27.981
2002072605 0.4 0.0021151551 0.0017764619 27.981
2002072606 0.4 0.0021151551 0.0035529238 27.981
2002072607 0 0.0021151551 0.0106587713 27.981
2002072608 0 0.0021151551 0.030199852 27.981
2002072609 0 0.0021151551 0.0675055514 27.981
2002072610 0 0.0021151551 0.1936343449 27.981
2002072611 0 0.0021575664 0.147446336 27.98
2002072612 0 0.0021575664 0.1563286454 27.98
2002072613 0 0.0021575664 0.2700222058 27.98
2002072614 0 0.002200341 0.3908216136 27.98
2002072615 0 0.002200341 0.4014803849 27.98
2002072616 0 0.002200341 0.310880829 27.98
2002072617 0 0.002200341 0.2415988157 27.98
2002072618 0 0.002200341 0.1207994078 27.98
2002072619 0 0.002200341 0.0497409326 27.979
2002072620 0 0.002200341 0.0035529238 27.979
2002072621 0 0.002200341 0 27.978
2002072622 0 0.002200341 0 27.978
2002072623 0 0.002200341 0 27.977
2002072700 0 0.002200341 0 27.976
2002072701 0 0.002200341 0 27.976
2002072702 0 0.002200341 0 27.976
2002072703 0 0.002200341 0 27.976
2002072704 0 0.002200341 0 27.976
2002072705 0 0.002200341 0.0148272957 27.976
2002072706 0 0.002200341 0.0852569503 27.976
2002072707 0 0.002200341 0.1834877843 27.976
2002072708 0 0.002200341 0.2835720303 27.976
2002072709 0 0.002200341 0.3725358045 27.976
2002072710 0 0.0021682601 0.4411120472 27.976
2002072711 0 0.0021575664 0.5337826453 27.976
2002072712 0 0.0021575664 0.4855939343 27.976
2002072713 0 0.0021575664 0.4855939343 27.976
2002072714 0 0.0021575664 0.4670598147 27.976
2002072715 0 0.0021575664 0.402190396 27.975
2002072716 0 0.0021575664 0.2835720303 27.975
2002072717 0 0.0021363607 0.2094355518 27.974
2002072718 0 0.0020419784 0.1093513058 27.973
2002072719 0 0.0019494137 0.0407750632 27.972
2002072720 0 0.0018785707 0.001853412 27.972
2002072721 0 0.001828826 0 27.972
2002072722 0 0.0017893412 0 27.972
2002072723 0 0.0017893412 0 27.971
2002072800 0 0.0017502275 0 27.971
2002072801 0 0.0017502275 0 27.971
2002072802 0 0.0017211693 0 27.971
2002072803 0 0.0017114832 0 27.971
2002072804 0 0.0017019285 0 27.971
2002072805 0 0.0016732645 0.0210274791 27.971
2002072806 0 0.0016732645 0.0955794504 27.971
2002072807 0 0.0016732645 0.2007168459 27.971
2002072808 0 0.0016732645 0.3058542413 27.971
2002072809 0 0.0016447625 0.3995221027 27.97
2002072810 0 0.0016234741 0.4759856631 27.97
2002072811 0 0.0015976307 0.5275985663 27.97
2002072812 0 0.0015976307 0.5428912784 27.97
2002072813 0 0.001569687 0.5352449223 27.97
2002072814 0 0.0015511886 0.5027479092 27.969
2002072815 0 0.0015236374 0.4339307049 27.969
2002072816 0 0.0014962544 0.3459976105 27.968
2002072817 0 0.0014871268 0.2446833931 27.968
2002072818 0 0.0014509927 0.1204301075 27.968
2002072819 0 0.0014331135 0.0458781362 27.968
2002072820 0 0.0014152342 0.001911589 27.968
2002072821 0 0.0014152342 0 27.967
2002072822 0 0.0014152342 0 27.966
2002072823 0 0.0014152342 0 27.966
2002072900 0 0.0014152342 0 27.965
2002072901 0 0.0014152342 0 27.965
2002072902 0 0.0014152342 0 27.965
2002072903 0 0.0014152342 0 27.965
2002072904 0 0.0014152342 0 27.965
2002072905 0 0.0014152342 0.0233481962 27.965
2002072906 0 0.0014152342 0.0992298338 27.965
2002072907 0 0.0014152342 0.2004053506 27.965
2002072908 0 0.0014152342 0.3035265505 27.965
2002072909 0 0.0014152342 0.3949736522 27.964
2002072910 0 0.0014152342 0.4766923389 27.964
2002072911 0 0.0013909195 0.5292257803 27.964
2002072912 0 0.0013886994 0.5545196595 27.964
2002072913 0 0.0013798545 0.5253344143 27.963
2002072914 0 0.0013711393 0.5078232671 27.963
2002072915 0 0.0013449938 0.4358329955 27.963
2002072916 0 0.0013276817 0.3482772598 27.963
2002072917 0 0.0013103695 0.2373733279 27.963
2002072918 0 0.0012996425 0.1167409809 27.963
2002072919 0 0.0012761269 0.0447507094 27.962
2002072920 0 0.0012761269 0.001945683 27.962
2002072921 0 0.0012761269 0 27.961
2002072922 0 0.0012761269 0 27.961
2002072923 0 0.0012761269 0 27.96
2002073000 0 0.0012761269 0 27.96
2002073001 0 0.0012761269 0 27.96
2002073002 0 0.0012761269 0 27.96
2002073003 0 0.0012761269 0 27.96
2002073004 0 0.0012761269 0 27.96
2002073005 0 0.0012761269 0.0235514019 27.96
2002073006 0 0.0012761269 0.1099065421 27.96
2002073007 0 0.0012761269 0.188411215 27.96
2002073008 0 0.0012761269 0.2806542056 27.96
2002073009 0 0.0012761269 0.3728971963 27.96
2002073010 0 0.0012761269 0.4514018692 27.96
2002073011 0 0.0012740187 0.5043925234 27.96
2002073012 0 0.0012761269 0.5259813084 27.96
2002073013 0 0.0012507303 0.5161682243 27.96
2002073014 0 0.0012422647 0.5043925234 27.96
2002073015 0 0.0012422647 0.3473831776 27.96
2002073016 0 0.0012422647 0.3061682243 27.959
2002073017 0 0.0012422647 0.0451401869 27.959
2002073018 0 0.0012422647 0.0176635514 27.958
2002073019 0 0.0012422647 0.0058878505 27.956
2002073020 0 0.0012422647 0 27.956
2002073021 0 0.0012422647 0 27.955
2002073022 0 0.0012422647 0 27.953
2002073023 0 0.0012422647 0 27.952
2002073100 0 0.0012422647 0 27.952
2002073101 0 0.0012422647 0 27.951
2002073102 0.4 0.0012422647 0 27.951
2002073103 0 0.0012422647 0 27.952
2002073104 0 0.0012422647 0 27.952
2002073105 0 0.0012422647 0.0036297641 27.952
2002073106 0 0.0012422647 0.0326678766 27.952
2002073107 0 0.0012422647 0.0925589837 27.952
2002073108 0 0.0012422647 0.168784029 27.951
2002073109 0 0.0012422647 0.3430127042 27.951
2002073110 0 0.0012422647 0.4283121597 27.95
2002073111 0 0.0012422647 0.4718693285 27.949
2002073112 0 0.0012422647 0.4882032668 27.949
2002073113 0 0.0012422647 0.4900181488 27.948
2002073114 0 0.0012422647 0.3956442831 27.947
2002073115 23 0.0012422647 0.0344827586 27.947
2002073116 6 0.0012422647 0 27.947
2002073117 1.1 0.0012507303 0.0072595281 27.945
2002073118 0 0.0015544025 0.0272232305 28.012
2002073119 0 0.0021986092 0.0163339383 28.196
2002073120 0 0.0029515364 0 28.318
2002073121 0 0.0034504373 0 28.362
2002073122 5.6 0.0037024419 0 28.372
2002073123 14 0.0038793647 0 28.369
2002080100 0.1 0.0039652658 0 28.36
2002080101 0 0.0038769231 0 28.41
2002080102 0 0.0038769231 0 28.505
2002080103 0 0.0038769231 0 28.55
2002080104 0 0.0044307692 0 28.562
2002080105 0 0.0044307692 0.0048128342 28.561
2002080106 0 0.0044307692 0.0128342246 28.555
2002080107 0 0.0044307692 0.0385026738 28.547
2002080108 0 0.0044307692 0.0657754011 28.536
2002080109 0 0.0044307692 0.0176470588 28.522
2002080110 2.4 0.0044307692 0.0144385027 28.507
2002080111 1.9 0.0044307692 0.0256684492 28.491
2002080112 4.2 0.0044307692 0.0385026738 28.475
2002080113 1 0.0044307692 0.1058823529 28.472
2002080114 0 0.0044307692 0.086631016 28.498
2002080115 0 0.0044307692 0.0994652406 28.548
2002080116 0 0.0044307692 0.0401069519 28.571
2002080117 0 0.0044307692 0.0240641711 28.573
2002080118 0 0.0044307692 0.0128342246 28.566
2002080119 0 0.0044307692 0.0128342246 28.554
2002080120 0 0.0044307692 0 28.539
2002080121 0 0.0044307692 0 28.525
2002080122 0 0.0044307692 0 28.51
2002080123 0 0.0044307692 0 28.493
2002080200 0 0.0044307692 0 28.476
2002080201 0 0.0044307692 0 28.462
2002080202 0 0.0044307692 0 28.448
2002080203 0 0.0044307692 0 28.433
2002080204 0 0.0044307692 0 28.419
2002080205 0 0.0044307692 0.0071705426 28.405
2002080206 0 0.0044307692 0.0394379845 28.392
2002080207 0 0.0044307692 0.0878391473 28.378
2002080208 0 0.0044307692 0.2294573643 28.366
2002080209 0 0.0044307692 0.3621124031 28.355
2002080210 0 0.0044307692 0.4302325581 28.347
2002080211 0 0.0044307692 0.4983527132 28.34
2002080212 0 0.0044307692 0.3172965116 28.333
2002080213 0 0.0044307692 0.3710755814 28.326
2002080214 0 0.0044307692 0.3854166667 28.32
2002080215 0 0.0044307692 0.3226744186 28.313
2002080216 0 0.0044307692 0.3316375969 28.307
2002080217 0 0.0044307692 0.2187015504 28.301
2002080218 0 0.0044307692 0.073498062 28.296
2002080219 0 0.0044307692 0.0250968992 28.29
2002080220 0 0.0044307692 0 28.284
2002080221 0 0.0044307692 0 28.278
2002080222 0 0.0044307692 0 28.273
2002080223 0 0.0044307692 0 28.268
2002080300 0 0.0044307692 0 28.264
2002080301 0 0.0044307692 0 28.26
2002080302 0 0.0044307692 0 28.257
2002080303 0 0.0044307692 0 28.254
2002080304 0 0.0044307692 0 28.251
2002080305 0 0.0044307692 0.0138089758 28.248
2002080306 0 0.0044307692 0.0397008055 28.245
2002080307 0 0.0044307692 0.1708860759 28.241
2002080308 0 0.0044307692 0.0310701956 28.239
2002080309 0.3 0.0044307692 0.0362485616 28.236
2002080310 0.6 0.0044307692 0.0621403913 28.232
2002080311 0 0.0044307692 0.1846950518 28.228
2002080312 0 0.0044307692 0.1536248562 28.227
2002080313 0.6 0.0044307692 0.0673187572 28.227
2002080314 0.4 0.0044307692 0.1104718067 28.225
2002080315 0 0.0044307692 0.2571921749 28.224
2002080316 0 0.0044307692 0.1518987342 28.222
2002080317 0 0.0044307692 0.1121979287 28.223
2002080318 0 0.0044307692 0.0983889528 28.223
2002080319 0 0.0044307692 0.0086306099 28.223
2002080320 0 0.0044307692 0.001726122 28.221
2002080321 0 0.0044307692 0 28.219
2002080322 0 0.0044307692 0 28.217
2002080323 0 0.0044307692 0 28.215
2002080400 0 0.0044307692 0 28.212
2002080401 0 0.0044307692 0 28.21
2002080402 0 0.0044307692 0 28.208
2002080403 0 0.0044307692 0 28.205
2002080404 0 0.0044307692 0 28.203
2002080405 0 0.0044307692 0.0104779412 28.201
2002080406 0 0.0044307692 0.0733455882 28.199
2002080407 0 0.0044307692 0.1501838235 28.196
2002080408 0 0.0044307692 0.2147977941 28.194
2002080409 0 0.0044307692 0.1938419118 28.192
2002080410 0 0.0044307692 0.3911764706 28.19
2002080411 0 0.0044307692 0.4802389706 28.188
2002080412 0 0.0044307692 0.4942095588 28.186
2002080413 0 0.0044307692 0.4348345588 28.184
2002080414 0 0.0044307692 0.5273897059 28.182
2002080415 0 0.0044307692 0.3719669118 28.18
2002080416 0 0.0044307692 0.2619485294 28.178
2002080417 0 0.0044307692 0.0995404412 28.175
2002080418 0 0.0044307692 0.0715992647 28.173
2002080419 0 0.0044307692 0.0244485294 28.17
2002080420 0 0.0044307692 0 28.168
2002080421 0 0.0044307692 0 28.166
2002080422 0 0.0044307692 0 28.163
2002080423 0 0.0044307692 0 28.161
2002080500 0 0.0044307692 0 28.16
2002080501 0 0.0044307692 0 28.158
2002080502 0 0.0044307692 0 28.157
2002080503 0 0.0044307692 0 28.155
2002080504 0 0.0044307692 0 28.154
2002080505 0 0.0044307692 0.0017626322 28.153
2002080506 4.2 0.0044307692 0.0052878966 28.152
2002080507 0.4 0.0044307692 0.0229142186 28.15
2002080508 2.8 0.0044307692 0.0564042303 28.148
2002080509 0 0.0044307692 0.16039953 28.15
2002080510 0 0.0044307692 0.1039952996 28.158
2002080511 0 0.0044307692 0.2044653349 28.173
2002080512 0 0.0044307692 0.3119858989 28.186
2002080513 0 0.0044307692 0.2079905993 28.195
2002080514 0 0.0044307692 0.1956521739 28.202
2002080515 0 0.0044307692 0.0916568743 28.206
2002080516 0.5 0.0044307692 0.0405405405 28.208
2002080517 0.1 0.0044307692 0.0458284371 28.208
2002080518 0 0.0048461538 0.0370152761 28.206
2002080519 0 0.0049846154 0.0141010576 28.206
2002080520 0 0.0049846154 0 28.204
2002080521 0 0.0049846154 0 28.203
2002080522 0 0.0049846154 0 28.201
2002080523 0 0.0049846154 0 28.2
2002080600 0 0.0049846154 0 28.198
2002080601 0 0.0049846154 0 28.195
2002080602 0.1 0.0049846154 0 28.193
2002080603 0 0.0049846154 0 28.192
2002080604 0 0.0049846154 0 28.19
2002080605 1 0.0049846154 0.0017100372 28.188
2002080606 1.1 0.0049846154 0.0119702602 28.186
2002080607 1.3 0.0049846154 0.0222304833 28.184
2002080608 0.4 0.0049846154 0.0752416357 28.182
2002080609 0 0.0049846154 0.107732342 28.184
2002080610 0 0.0049846154 0.1111524164 28.191
2002080611 0 0.0049846154 0.2394052045 28.2
2002080612 0 0.0049846154 0.3539776952 28.206
2002080613 0 0.0049846154 0.3659479554 28.212
2002080614 0 0.0049846154 0.3146468401 28.215
2002080615 0 0.0049846154 0.2257249071 28.216
2002080616 0 0.0049846154 0.2342750929 28.215
2002080617 0 0.0049846154 0.1436431227 28.213
2002080618 0 0.0049846154 0.0666914498 28.21
2002080619 0 0.0049846154 0.0239405204 28.207
2002080620 0 0.0049846154 0.0017100372 28.203
2002080621 0 0.0049846154 0 28.199
2002080622 0 0.0049846154 0 28.195
2002080623 0 0.0049846154 0 28.192
2002080700 0 0.0049846154 0 28.188
2002080701 0 0.0049846154 0 28.186
2002080702 0 0.0049846154 0 28.183
2002080703 0 0.0049846154 0 28.18
2002080704 0 0.0049846154 0 28.177
2002080705 0 0.0049846154 0.0017241379 28.175
2002080706 0 0.0049846154 0.0379310345 28.172
2002080707 0 0.0049846154 0.0810344828 28.17
2002080708 0 0.0049846154 0.1189655172 28.167
2002080709 0 0.0049846154 0.1603448276 28.165
2002080710 0 0.0049846154 0.3448275862 28.162
2002080711 0 0.0049846154 0.4655172414 28.16
2002080712 0 0.0049846154 0.4413793103 28.159
2002080713 0 0.0049846154 0.4 28.157
2002080714 0.1 0.0049846154 0.2775862069 28.156
2002080715 0 0.0049846154 0.3482758621 28.155
2002080716 0 0.0049846154 0.2396551724 28.153
2002080717 0 0.0049846154 0.1775862069 28.152
2002080718 0 0.0049846154 0.0724137931 28.15
2002080719 0 0.0049846154 0.0310344828 28.148
2002080720 0 0.0049846154 0.0017241379 28.146
2002080721 0 0.0049846154 0 28.144
2002080722 0 0.0049846154 0 28.143
2002080723 0 0.0049846154 0 28.141
2002080800 0 0.0049846154 0 28.14
2002080801 0 0.0049846154 0 28.139
2002080802 0 0.0049846154 0 28.139
2002080803 0 0.0049846154 0 28.138
2002080804 0 0.0049846154 0 28.137
2002080805 0 0.0049846154 0.0035383319 28.136
2002080806 0 0.0049846154 0.0283066554 28.135
2002080807 0 0.0049846154 0.0636899747 28.134
2002080808 0 0.0049846154 0.1061499579 28.133
2002080809 0 0.0049846154 0.1096882898 28.132
2002080810 0 0.0049846154 0.1149957877 28.131
2002080811 0 0.0049846154 0.1468407751 28.129
2002080812 0 0.0049846154 0.2176074136 28.128
2002080813 0 0.0049846154 0.2972198821 28.128
2002080814 0 0.0049846154 0.3556023589 28.128
2002080815 0 0.0049846154 0.2423757372 28.127
2002080816 0 0.0049846154 0.1539174389 28.127
2002080817 0 0.0049846154 0.1716090986 28.126
2002080818 0 0.0049846154 0.0743049705 28.126
2002080819 0 0.0049846154 0.0141533277 28.125
2002080820 0 0.0049846154 0 28.123
2002080821 0 0.0049846154 0 28.122
2002080822 0 0.0049846154 0 28.122
2002080823 0 0.0049846154 0 28.12
2002080900 0 0.0049846154 0 28.12
2002080901 0 0.0049846154 0 28.119
2002080902 0 0.0049846154 0 28.119
2002080903 0 0.0049846154 0 28.119
2002080904 0 0.0049846154 0 28.119
2002080905 0 0.0049846154 0.0035408338 28.118
2002080906 0 0.0049846154 0.0460308395 28.118
2002080907 0 0.0049846154 0.1416333524 28.117
2002080908 0 0.0049846154 0.2460879497 28.116
2002080909 0 0.0049846154 0.3098229583 28.115
2002080910 0 0.0049846154 0.3841804683 28.113
2002080911 0 0.0049846154 0.4620788121 28.113
2002080912 0 0.0049846154 0.4125071388 28.112
2002080913 0 0.0049846154 0.3841804683 28.112
2002080914 0 0.0049846154 0.3133637921 28.111
2002080915 0 0.0047076923 0.1434037693 28.11
2002080916 0 0.0044307692 0.1150770988 28.109
2002080917 0.3 0.0044307692 0.0424900057 28.108
2002080918 0 0.0044307692 0.0814391776 28.107
2002080919 0 0.0044307692 0.0141633352 28.107
2002080920 0 0.0044307692 0 28.106
2002080921 0 0.0044307692 0 28.104
2002080922 0 0.0044307692 0 28.104
2002080923 0 0.0044307692 0 28.103
2002081000 0 0.0044307692 0 28.103
2002081001 0 0.0049846154 0 28.102
2002081002 0 0.0048461538 0 28.101
2002081003 0 0.0044307692 0 28.101
2002081004 0 0.0044307692 0 28.1
2002081005 0 0.0044307692 0.0016863406 28.1
2002081006 0.1 0.0044307692 0.0118043845 28.099
2002081007 0.1 0.0044307692 0.0354131535 28.099
2002081008 0.2 0.0044307692 0.0489038786 28.098
2002081009 0 0.0044307692 0.0623946037 28.097
2002081010 0.8 0.0044307692 0.0539629005 28.096
2002081011 2.2 0.0044307692 0.0775716695 28.096
2002081012 0.3 0.0044307692 0.0927487352 28.095
2002081013 1 0.0044307692 0.1112984823 28.095
2002081014 0.1 0.0044307692 0.197301855 28.095
2002081015 0.1 0.0044307692 0.1062394604 28.097
2002081016 0 0.0044307692 0.0961214165 28.101
2002081017 0 0.0044307692 0.0590219224 28.105
2002081018 0 0.0044307692 0.042158516 28.109
2002081019 0 0.0044307692 0.0033726813 28.113
2002081020 0 0.0044307692 0 28.115
2002081021 0 0.0044307692 0 28.116
2002081022 0 0.0044307692 0 28.117
2002081023 0 0.0044307692 0 28.118
2002081100 0 0.0044307692 0 28.118
2002081101 0 0.0044307692 0 28.119
2002081102 0 0.0044307692 0 28.119
2002081103 0 0.0044307692 0 28.119
2002081104 0 0.0044307692 0 28.12
2002081105 0 0.0044307692 0.0017258883 28.12
2002081106 0 0.0044307692 0.0224365482 28.12
2002081107 0 0.0044307692 0.0241624365 28.119
2002081108 0 0.0044307692 0.0724873096 28.118
2002081109 0 0.0044307692 0.0862944162 28.117
2002081110 0 0.0044307692 0.1070050761 28.116
2002081111 0 0.0044307692 0.3503553299 28.115
2002081112 0 0.0044307692 0.2105583756 28.115
2002081113 0 0.0044307692 0.1760406091 28.115
2002081114 0 0.0044307692 0.1829441624 28.114
2002081115 0 0.0044307692 0.2502538071 28.113
2002081116 0 0.0044307692 0.1139086294 28.112
2002081117 0 0.0044307692 0.0724873096 28.112
2002081118 0 0.0044307692 0.0258883249 28.111
2002081119 0 0.0044307692 0.0034517766 28.109
2002081120 0 0.0044307692 0 28.108
2002081121 0 0.0044307692 0 28.107
2002081122 0 0.0044307692 0 28.105
2002081123 0 0.0044307692 0 28.104
2002081200 0 0.0044307692 0 28.103
2002081201 0 0.0044307692 0 28.102
2002081202 0 0.0044307692 0 28.101
2002081203 0 0.0044307692 0 28.1
2002081204 0 0.0044307692 0 28.1
2002081205 0 0.0044307692 0.0051451187 28.099
2002081206 0 0.0044307692 0.0480211082 28.099
2002081207 0 0.0044307692 0.0565963061 28.097
2002081208 0 0.0044307692 0.0943271768 28.096
2002081209 0 0.0044307692 0.1715039578 28.096
2002081210 0 0.0044307692 0.2675461741 28.095
2002081211 0 0.0044307692 0.2006596306 28.094
2002081212 0 0.0044307692 0.430474934 28.092
2002081213 0 0.0044307692 0.353298153 28.091
2002081214 0 0.0044307692 0.341292876 28.09
2002081215 0 0.0044307692 0.2709762533 28.089
2002081216 0 0.0044307692 0.2401055409 28.088
2002081217 0 0.0044307692 0.0960422164 28.087
2002081218 0 0.0044307692 0.0188654354 28.086
2002081219 0 0.0044307692 0.0051451187 28.084
2002081220 0 0.0044307692 0 28.083
2002081221 0 0.0044307692 0 28.082
2002081222 0 0.0044307692 0 28.081
2002081223 0 0.0044307692 0 28.08
2002081300 0 0.0044307692 0 28.079
2002081301 0 0.0044307692 0 28.079
2002081302 0 0.0044307692 0 28.079
2002081303 0 0.0044307692 0 28.079
2002081304 0 0.0044307692 0 28.079
2002081305 0 0.0044307692 0.0069364162 28.079
2002081306 0 0.0044307692 0.0537572254 28.078
2002081307 0 0.0044307692 0.1526011561 28.078
2002081308 0 0.0044307692 0.2271676301 28.077
2002081309 0 0.0044307692 0.2843930636 28.076
2002081310 0 0.0044307692 0.4023121387 28.076
2002081311 0 0.0044307692 0.4404624277 28.076
2002081312 0 0.0044307692 0.2757225434 28.075
2002081313 0 0.0044307692 0.3260115607 28.075
2002081314 0 0.0044307692 0.3641618497 28.075
2002081315 0 0.0044307692 0.2601156069 28.075
2002081316 0 0.0041538462 0.2046242775 28.074
2002081317 0 0.0038769231 0.1907514451 28.074
2002081318 0 0.0038769231 0.0867052023 28.073
2002081319 0 0.0038769231 0.0242774566 28.072
2002081320 0 0.0038769231 0 28.072
2002081321 0 0.0038769231 0 28.071
2002081322 0 0.0038769231 0 28.07
2002081323 0 0.0038769231 0 28.069
2002081400 0 0.0038769231 0 28.068
2002081401 0 0.0038769231 0 28.068
2002081402 0 0.0038769231 0 28.068
2002081403 0 0.0038769231 0 28.067
2002081404 0 0.0038769231 0 28.067
2002081405 0 0.0038769231 0.0069857697 28.067
2002081406 0 0.0038769231 0.0541397154 28.067
2002081407 0 0.0038769231 0.1222509702 28.067
2002081408 0 0.0038769231 0.1047865459 28.066
2002081409 0 0.0038769231 0.2078266494 28.066
2002081410 0 0.0038769231 0.2811772316 28.065
2002081411 0 0.0038769231 0.3248382924 28.065
2002081412 0 0.0038769231 0.4226390686 28.064
2002081413 0 0.0038769231 0.2340232859 28.064
2002081414 0 0.0038769231 0.335316947 28.064
2002081415 0 0.0038769231 0.1746442432 28.064
2002081416 0 0.0038769231 0.1956015524 28.064
2002081417 0 0.0038769231 0.1379689521 28.063
2002081418 0 0.0038769231 0.0820827943 28.063
2002081419 0 0.0038769231 0.0157179819 28.062
2002081420 0 0.0038769231 0 28.062
2002081421 0 0.0038769231 0 28.062
2002081422 0 0.0038769231 0 28.061
2002081423 0 0.0038769231 0 28.061
2002081500 0 0.0038769231 0 28.061
2002081501 0 0.0038769231 0 28.061
2002081502 0 0.0038769231 0 28.061
2002081503 0 0.0038769231 0 28.061
2002081504 0 0.0038769231 0 28.061
2002081505 0 0.0038769231 0.0054878049 28.061
2002081506 0 0.0038769231 0.0512195122 28.061
2002081507 0 0.0038769231 0.1445121951 28.061
2002081508 0 0.0038769231 0.2469512195 28.06
2002081509 0 0.0038769231 0.3384146341 28.059
2002081510 0 0.0038769231 0.4097560976 28.059
2002081511 0 0.0038769231 0.4664634146 28.059
2002081512 0 0.0036 0.3969512195 28.059
2002081513 0 0.0033230769 0.4573170732 28.059
2002081514 0 0.0033230769 0.4445121951 28.058
2002081515 0 0.0033230769 0.3731707317 28.058
2002081516 0 0.0033230769 0.3 28.057
2002081517 0 0.0033230769 0.1847560976 28.056
2002081518 0 0.0033230769 0.0731707317 28.056
2002081519 0 0.0033230769 0.0073170732 28.056
2002081520 0 0.0033230769 0 28.055
2002081521 0 0.0033230769 0 28.054
2002081522 0 0.0033230769 0 28.054
2002081523 0 0.0033230769 0 28.053
2002081600 0 0.0033230769 0 28.053
2002081601 0 0.0033230769 0 28.052
2002081602 0 0.0033230769 0 28.052
2002081603 0 0.0033230769 0 28.052
2002081604 0 0.0033230769 0 28.052
2002081605 0 0.0033230769 0.0037416481 28.052
2002081606 0 0.0033230769 0.0598663697 28.052
2002081607 0 0.0033230769 0.1496659243 28.051
2002081608 0 0.0033230769 0.2525612472 28.051
2002081609 0 0.0033230769 0.3479732739 28.051
2002081610 0 0.0033230769 0.4265478842 28.05
2002081611 0 0.0033230769 0.4826726058 28.05
2002081612 0 0.0033230769 0.5126057906 28.049
2002081613 0 0.0033230769 0.5013808463 28.049
2002081614 0 0.0033230769 0.4658351893 28.048
2002081615 0 0.0033230769 0.3872605791 28.048
2002081616 0 0.0033230769 0.2993318486 28.048
2002081617 0 0.0033230769 0.1964365256 28.047
2002081618 0 0.0033230769 0.0991536748 28.047
2002081619 0 0.0033230769 0.0149665924 28.046
2002081620 0 0.0033230769 0 28.045
2002081621 0 0.0033230769 0 28.045
2002081622 0 0.0033230769 0 28.044
2002081623 0 0.0033230769 0 28.044
2002081700 0 0.0033230769 0 28.043
2002081701 0 0.0033230769 0 28.043
2002081702 0 0.0033230769 0 28.043
2002081703 0 0.0033230769 0 28.043
2002081704 0 0.0033230769 0 28.043
2002081705 0 0.0033230769 0.0055934516 28.043
2002081706 0 0.0033230769 0.0596634834 28.043
2002081707 0 0.0033230769 0.1547521601 28.043
2002081708 0 0.0033230769 0.2535698045 28.043
2002081709 0 0.0033230769 0.3467939973 28.043
2002081710 0 0.0033230769 0.4232378354 28.043
2002081711 0 0.0033230769 0.4773078672 28.042
2002081712 0 0.0033230769 0.5071396089 28.042
2002081713 0 0.0033230769 0.4866302865 28.041
2002081714 0 0.0033230769 0.4195088677 28.04
2002081715 0 0.0033230769 0.3859481583 28.04
2002081716 0 0.0033230769 0.2945884493 28.039
2002081717 0 0.0033230769 0.1901773533 28.039
2002081718 0 0.0033230769 0.0801728058 28.039
2002081719 0 0.0033230769 0.0149158709 28.037
2002081720 0 0.0033230769 0 28.037
2002081721 0 0.0033230769 0 28.036
2002081722 0 0.0033230769 0 28.035
2002081723 0 0.0033230769 0 28.035
2002081800 0 0.0033230769 0 28.035
2002081801 0 0.0033230769 0 28.035
2002081802 0 0.0033230769 0 28.035
2002081803 0 0.0033230769 0 28.035
2002081804 0 0.0033230769 0 28.035
2002081805 0 0.0033230769 0.0037530864 28.035
2002081806 0 0.0033230769 0.0544197531 28.035
2002081807 0 0.0033230769 0.1444938272 28.035
2002081808 0 0.0033230769 0.2458271605 28.034
2002081809 0 0.0033230769 0.3377777778 28.033
2002081810 0 0.0030461538 0.410962963 28.033
2002081811 0 0.0027692308 0.4616296296 28.033
2002081812 0 0.0027692308 0.4841481481 28.032
2002081813 0 0.0027692308 0.4578765432 28.032
2002081814 0 0.0027692308 0.3640493827 28.032
2002081815 0 0.0027692308 0.3415308642 28.031
2002081816 0 0.0027692308 0.2570864198 28.031
2002081817 0 0.0027692308 0.1538765432 28.03
2002081818 0 0.0027692308 0.0731851852 28.029
2002081819 0 0.0027692308 0.009382716 28.027
2002081820 0 0.0027692308 0 28.027
2002081821 0 0.0027692308 0 28.026
2002081822 0 0.0027692308 0 28.025
2002081823 0 0.0027692308 0 28.024
2002081900 0 0.0027692308 0 28.023
2002081901 0 0.0027692308 0 28.023
2002081902 0 0.0027692308 0 28.023
2002081903 0 0.0027692308 0 28.023
2002081904 0 0.0027692308 0 28.023
2002081905 0 0.0027692308 0.0147295742 28.023
2002081906 0 0.0027692308 0.0589182969 28.022
2002081907 0 0.0027692308 0.0754890679 28.022
2002081908 0 0.0027692308 0.0902186421 28.021
2002081909 0 0.0027692308 0.0791714614 28.02
2002081910 0 0.0027692308 0.198849252 28.02
2002081911 0 0.0027692308 0.1123130035 28.019
2002081912 0 0.0027692308 0.1307249712 28.018
2002081913 0 0.0027692308 0.2338319908 28.018
2002081914 0 0.0027692308 0.3332566168 28.017
2002081915 0 0.0027692308 0.1141542002 28.018
2002081916 0 0.0027692308 0.1123130035 28.018
2002081917 0 0.0027692308 0.0294591484 28.018
2002081918 0 0.0027692308 0.0092059839 28.018
2002081919 0 0.0027692308 0.0073647871 28.017
2002081920 0 0.0027692308 0 28.016
2002081921 0 0.0027692308 0 28.016
2002081922 0 0.0027692308 0 28.015
2002081923 0 0.0027692308 0 28.013
2002082000 0 0.0027692308 0 28.013
2002082001 0 0.0027692308 0 28.013
2002082002 0 0.0027692308 0 28.014
2002082003 0 0.0027692308 0 28.014
2002082004 0 0.0027692308 0 28.014
2002082005 0 0.0027692308 0.0037304452 28.014
2002082006 0 0.0027692308 0.0708784597 28.014
2002082007 0 0.0027692308 0.143622142 28.015
2002082008 0 0.0027692308 0.1977135981 28.014
2002082009 0 0.0027692308 0.1827918171 28.014
2002082010 0 0.0027692308 0.3954271961 28.014
2002082011 0 0.0027692308 0.371179302 28.014
2002082012 0 0.0027692308 0.4719013237 28.013
2002082013 0 0.0027692308 0.4215403129 28.013
2002082014 0 0.0027692308 0.3282791817 28.012
2002082015 0 0.0027692308 0.2760529483 28.012
2002082016 0 0.0027692308 0.1716004813 28.011
2002082017 0 0.0027692308 0.0429001203 28.011
2002082018 0 0.0027692308 0.0186522262 28.011
2002082019 0 0.0027692308 0.0037304452 28.011
2002082020 13.1 0.0027692308 0 28.01
2002082021 0.6 0.0027692308 0 28.009
2002082022 1.2 0.0027692308 0 28.01
2002082023 4.9 0.0027692308 0 28.04
2002082100 1.5 0.0027692308 0 28.087
2002082101 0.1 0.0027692308 0 28.119
2002082102 0.3 0.0027692308 0 28.146
2002082103 0 0.0027692308 0 28.172
2002082104 0 0.0027692308 0 28.188
2002082105 0 0.0027692308 0 28.193
2002082106 0 0.0027692308 0.0034129693 28.195
2002082107 0.5 0.0027692308 0.0102389078 28.194
2002082108 2.4 0.0027692308 0.023890785 28.193
2002082109 1.1 0.0027692308 0.0170648464 28.191
2002082110 1.2 0.0027692308 0.0255972696 28.188
2002082111 1 0.0027692308 0.0563139932 28.187
2002082112 1.2 0.0027692308 0.0802047782 28.188
2002082113 0 0.0027692308 0.0460750853 28.194
2002082114 0.2 0.0027692308 0.0494880546 28.202
2002082115 0 0.0027692308 0.0750853242 28.211
2002082116 0 0.0027692308 0.0546075085 28.218
2002082117 0 0.0027692308 0.0375426621 28.223
2002082118 0 0.0027692308 0.0187713311 28.224
2002082119 0 0.0027692308 0.0017064846 28.224
2002082120 0 0.0027692308 0 28.224
2002082121 0 0.0027692308 0 28.222
2002082122 0 0.0027692308 0 28.219
2002082123 0 0.0027692308 0 28.217
2002082200 0.2 0.0027692308 0 28.214
2002082201 0 0.0027692308 0 28.211
2002082202 0 0.0027692308 0 28.208
2002082203 0 0.0027692308 0 28.205
2002082204 0 0.0027692308 0 28.203
2002082205 0 0.0027692308 0 28.199
2002082206 0 0.0027692308 0.011627907 28.196
2002082207 0 0.0027692308 0.0531561462 28.193
2002082208 0 0.0027692308 0.0631229236 28.19
2002082209 0 0.0027692308 0.0764119601 28.187
2002082210 0 0.0027692308 0.0863787375 28.184
2002082211 0 0.0027692308 0.1079734219 28.18
2002082212 0 0.0027692308 0.1511627907 28.178
2002082213 0 0.0027692308 0.1129568106 28.175
2002082214 0 0.0027692308 0.1212624585 28.172
2002082215 0 0.0027692308 0.061461794 28.17
2002082216 0 0.0027692308 0.061461794 28.168
2002082217 0 0.0027692308 0.0581395349 28.166
2002082218 0 0.0027692308 0.0299003322 28.164
2002082219 0 0.0027692308 0.0049833887 28.162
2002082220 0 0.0027692308 0 28.16
2002082221 0 0.0027692308 0 28.158
2002082222 0 0.0027692308 0 28.156
2002082223 0 0.0027692308 0 28.154
2002082300 0 0.0027692308 0 28.152
2002082301 0 0.0027692308 0 28.15
2002082302 0 0.0027692308 0 28.148
2002082303 0 0.0027692308 0 28.147
2002082304 0 0.0027692308 0 28.145
2002082305 0 0.0027692308 0 28.144
2002082306 0 0.0027692308 0.0156769596 28.143
2002082307 0 0.0027692308 0.0400633413 28.14
2002082308 0 0.0027692308 0.1637371338 28.139
2002082309 0 0.0027692308 0.1898653998 28.137
2002082310 0 0.0027692308 0.2281868567 28.136
2002082311 0 0.0027692308 0.2560570071 28.134
2002082312 0 0.0027692308 0.294378464 28.132
2002082313 0 0.0027692308 0.2577988915 28.131
2002082314 0 0.0027692308 0.2473475851 28.129
2002082315 0 0.0027692308 0.1898653998 28.128
2002082316 0 0.0027692308 0.1445764054 28.127
2002082317 0 0.0027692308 0.125415677 28.125
2002082318 0 0.0027692308 0.0365795724 28.123
2002082319 0 0.0027692308 0.0104513064 28.122
2002082320 0 0.0027692308 0 28.121
2002082321 0 0.0027692308 0 28.12
2002082322 0 0.0027692308 0 28.118
2002082323 0 0.0027692308 0 28.117
2002082400 0 0.0027692308 0 28.115
2002082401 0 0.0027692308 0 28.114
2002082402 0 0.0027692308 0 28.113
2002082403 0 0.0027692308 0 28.112
2002082404 0 0.0027692308 0 28.111
2002082405 0 0.0027692308 0 28.11
2002082406 0 0.0027692308 0.0123893805 28.109
2002082407 0 0.0027692308 0.0424778761 28.108
2002082408 0 0.0027692308 0.0672566372 28.107
2002082409 0.1 0.0027692308 0.0566371681 28.106
2002082410 0.2 0.0027692308 0.1168141593 28.105
2002082411 0 0.0027692308 0.1433628319 28.104
2002082412 0.1 0.0027692308 0.0513274336 28.103
2002082413 1.4 0.0027692308 0.0336283186 28.103
2002082414 1.5 0.0027692308 0.0690265487 28.101
2002082415 0.1 0.0027692308 0.1185840708 28.101
2002082416 0 0.0027692308 0.0707964602 28.101
2002082417 0.2 0.0027692308 0.0123893805 28.101
2002082418 0 0.0027692308 0.0053097345 28.102
2002082419 0 0.0027692308 0 28.104
2002082420 0 0.0027692308 0 28.106
2002082421 0 0.0027692308 0 28.107
2002082422 0 0.0027692308 0 28.108
2002082423 0 0.0027692308 0 28.109
2002082500 0 0.0027692308 0 28.109
2002082501 0 0.0027692308 0 28.11
2002082502 0 0.0027692308 0 28.11
2002082503 0 0.0027692308 0 28.111
2002082504 0 0.0027692308 0 28.111
2002082505 0 0.0027692308 0 28.111
2002082506 0 0.0027692308 0.0102345416 28.111
2002082507 0 0.0027692308 0.0511727079 28.11
2002082508 0 0.0027692308 0.1347547974 28.11
2002082509 0.1 0.0027692308 0.0358208955 28.109
2002082510 0 0.0027692308 0.0989339019 28.108
2002082511 0 0.0027692308 0.1842217484 28.107
2002082512 0 0.0027692308 0.1620469083 28.107
2002082513 0 0.0022153846 0.1671641791 28.107
2002082514 0 0.0022153846 0.2149253731 28.106
2002082515 0 0.0022153846 0.1859275053 28.106
2002082516 0 0.0022153846 0.2166311301 28.106
2002082517 0 0.0022153846 0.1040511727 28.106
2002082518 0 0.0022153846 0.0324093817 28.105
2002082519 0 0.0022153846 0.0017057569 28.105
2002082520 0 0.0022153846 0 28.105
2002082521 0 0.0022153846 0 28.104
2002082522 0 0.0022153846 0 28.104
2002082523 0 0.0022153846 0 28.103
2002082600 0 0.0022153846 0 28.102
2002082601 0 0.0022153846 0 28.102
2002082602 0 0.0022153846 0 28.102
2002082603 0 0.0022153846 0 28.101
2002082604 0 0.0022153846 0 28.101
2002082605 0 0.0022153846 0.0018007878 28.1
2002082606 0 0.0022153846 0.0306133934 28.1
2002082607 0 0.0022153846 0.1062464828 28.1
2002082608 0 0.0022153846 0.2034890264 28.099
2002082609 0 0.0022153846 0.3043331458 28.099
2002082610 0 0.0022153846 0.3511536297 28.099
2002082611 0 0.0022153846 0.3853685988 28.098
2002082612 0 0.0022153846 0.4015756894 28.098
2002082613 0 0.0022153846 0.4213843557 28.098
2002082614 0 0.0022153846 0.3835678109 28.097
2002082615 0 0.0022153846 0.3115362971 28.097
2002082616 0 0.0022153846 0.1890827237 28.096
2002082617 0 0.0022153846 0.0756330895 28.096
2002082618 0 0.0022153846 0.0288126055 28.096
2002082619 0 0.0022153846 0.0054023635 28.095
2002082620 0 0.0022153846 0 28.094
2002082621 0 0.0022153846 0 28.094
2002082622 0 0.0022153846 0 28.093
2002082623 0 0.0022153846 0 28.092
2002082700 0 0.0022153846 0 28.091
2002082701 0 0.0022153846 0 28.091
2002082702 0 0.0022153846 0 28.091
2002082703 0 0.0022153846 0 28.091
2002082704 0 0.0022153846 0 28.091
2002082705 0 0.0022153846 0.0018659295 28.091
2002082706 0 0.0022153846 0.0354526607 28.091
2002082707 0 0.0022153846 0.0970283345 28.09
2002082708 0 0.0022153846 0.1119557706 28.089
2002082709 0 0.0022153846 0.2313752592 28.089
2002082710 0 0.0022153846 0.3246717346 28.088
2002082711 0 0.0022153846 0.395577056 28.087
2002082712 0 0.0022153846 0.3321354527 28.087
2002082713 0 0.0022153846 0.2948168625 28.086
2002082714 0 0.0022153846 0.2724257084 28.086
2002082715 0 0.0022153846 0.2724257084 28.085
2002082716 0 0.0022153846 0.1828610919 28.084
2002082717 0 0.0022153846 0.0970283345 28.083
2002082718 0 0.0022153846 0.0466482377 28.083
2002082719 0 0.0022153846 0.003731859 28.082
2002082720 0 0.0022153846 0 28.081
2002082721 0 0.0022153846 0 28.08
2002082722 0 0.0022153846 0 28.079
2002082723 0 0.0022153846 0 28.078
2002082800 0 0.0022153846 0 28.077
2002082801 0 0.0022153846 0 28.076
2002082802 0 0.0022153846 0 28.076
2002082803 0 0.0022153846 0 28.076
2002082804 0 0.0022153846 0 28.076
2002082805 0 0.0022153846 0 28.075
2002082806 0 0.0022153846 0.0204460967 28.075
2002082807 0 0.0022153846 0.0817843866 28.074
2002082808 0 0.0022153846 0.1710037175 28.074
2002082809 0 0.0022153846 0.2657992565 28.073
2002082810 0 0.0022153846 0.3494423792 28.072
2002082811 0 0.0022153846 0.3773234201 28.072
2002082812 0 0.0022153846 0.3996282528 28.071
2002082813 0 0.0018 0.4163568773 28.071
2002082814 0 0.0016615385 0.3587360595 28.07
2002082815 0 0.0016615385 0.2713754647 28.07
2002082816 0 0.0016615385 0.1505576208 28.069
2002082817 0 0.0016615385 0.0985130112 28.068
2002082818 0 0.0016615385 0.0353159851 28.068
2002082819 0 0.0016615385 0.0037174721 28.067
2002082820 0 0.0016615385 0 28.066
2002082821 0 0.0016615385 0 28.065
2002082822 0 0.0016615385 0 28.064
2002082823 0 0.0016615385 0 28.064
2002082900 0 0.0016615385 0 28.063
2002082901 0 0.0016615385 0 28.063
2002082902 0 0.0016615385 0 28.063
2002082903 0 0.0016615385 0 28.063
2002082904 0 0.0016615385 0 28.063
2002082905 0 0.0016615385 0 28.063
2002082906 0 0.0016615385 0.0302222222 28.063
2002082907 0 0.0016615385 0.0533333333 28.062
2002082908 0 0.0016615385 0.0622222222 28.062
2002082909 0 0.0016615385 0.1333333333 28.061
2002082910 0 0.0016615385 0.2204444444 28.06
2002082911 0 0.0016615385 0.2808888889 28.059
2002082912 0 0.0016615385 0.3093333333 28.059
2002082913 0 0.0016615385 0.304 28.059
2002082914 0 0.0016615385 0.4213333333 28.059
2002082915 0 0.0016615385 0.2186666667 28.058
2002082916 0 0.0016615385 0.2044444444 28.058
2002082917 0 0.0016615385 0.1084444444 28.058
2002082918 0 0.0016615385 0.0497777778 28.057
2002082919 0 0.0016615385 0.0035555556 28.056
2002082920 0 0.0016615385 0 28.056
2002082921 0 0.0016615385 0 28.056
2002082922 0 0.0016615385 0 28.055
2002082923 0 0.0016615385 0 28.055
2002083000 0 0.0016615385 0 28.054
2002083001 0 0.0016615385 0 28.054
2002083002 0 0.0016615385 0 28.054
2002083003 0 0.0016615385 0 28.054
2002083004 0 0.0016615385 0 28.054
2002083005 0 0.0016615385 0 28.054
2002083006 0 0.0016615385 0.0306818182 28.054
2002083007 0 0.0016615385 0.0920454545 28.054
2002083008 0 0.0016615385 0.1909090909 28.053
2002083009 0 0.0016615385 0.2369318182 28.052
2002083010 0 0.0016615385 0.3255681818 28.051
2002083011 0 0.0016615385 0.3801136364 28.051
2002083012 0 0.0016615385 0.3698863636 28.051
2002083013 0 0.0016615385 0.39375 28.051
2002083014 0 0.0016615385 0.3528409091 28.051
2002083015 0 0.0016615385 0.2778409091 28.05
2002083016 0 0.0016615385 0.225 28.05
2002083017 0 0.0016615385 0.09375 28.05
2002083018 0 0.0016615385 0.0272727273 28.05
2002083019 0 0.0016615385 0.0034090909 28.049
2002083020 0 0.0016615385 0 28.048
2002083021 0 0.0016615385 0 28.048
2002083022 0 0.0016615385 0 28.047
2002083023 0 0.0016615385 0 28.047
2002083100 0 0.0016615385 0 28.047
2002083101 0 0.0016615385 0 NA
2002083102 0 0.0016615385 0 NA
2002083103 0 0.0016615385 0 NA
2002083104 0 0.0016615385 0 NA
2002083105 0 0.0016615385 0 NA
2002083106 0 0.0016615385 0.0238442822 NA
2002083107 0 0.0016615385 0.0919708029 NA
2002083108 0 0.0016615385 0.1141119221 NA
2002083109 0 0.0016615385 0.100486618 NA
2002083110 0 0.0016615385 0.0391727494 NA
2002083111 0 0.0016615385 0.0783454988 NA
2002083112 0 0.0016615385 0.1618004866 NA
2002083113 0 0.0016615385 0.2060827251 NA
2002083114 0 0.0016615385 0.1720194647 NA
2002083115 0 0.0016615385 0.1686131387 NA
2002083116 0 0.0016615385 0.1362530414 NA
2002083117 0 0.0016615385 0.0783454988 NA
2002083118 0 0.0016615385 0.0272506083 NA
2002083119 0 0.0016615385 0.001703163 NA
2002083120 0 0.0016615385 0 NA
2002083121 0 0.0016615385 0 NA
2002083122 0 0.0016615385 0 NA
2002083123 0 0.0016615385 0 NA
2002090100 0 0.0016615385 0 NA
2002090101 0 0.0016615385 0 NA
2002090102 0 0.0016615385 0 NA
2002090103 0 0.0016615385 0 NA
2002090104 0 0.0016615385 0 NA
2002090105 0 0.0016615385 0 NA
2002090106 0 0.0016615385 0.033851468 NA
2002090107 0 0.0016615385 0.0725388601 NA
2002090108 0 0.0016615385 0.1063903282 NA
2002090109 0 0.0016615385 0.219228555 NA
2002090110 0 0.0016615385 0.2514680484 NA
2002090111 0 0.0016615385 0.3240069085 NA
2002090112 0 0.0016615385 0.4062176166 NA
2002090113 0 0.0016615385 0.3788140472 NA
2002090114 0 0.0016615385 0.3272308578 NA
2002090115 0 0.0016615385 0.3207829591 NA
2002090116 0 0.0016615385 0.1789291883 NA
2002090117 0 0.0016615385 0.1305699482 NA
2002090118 0 0.0016615385 0.0483592401 NA
2002090119 0 0.0016615385 0.0016119747 NA
2002090120 0 0.0016615385 0 NA
2002090121 0 0.0016615385 0 NA
2002090122 0 0.0016615385 0 NA
2002090123 0 0.0016615385 0 NA
2002090200 0 0.0016615385 0 NA
2002090201 0 0.0016615385 0 NA
2002090202 0 0.0016615385 0 NA
2002090203 0 0.0016615385 0 NA
2002090204 0 0.0016615385 0 NA
2002090205 0 0.0016615385 0 NA
2002090206 0 0.0016615385 0.0343347639 NA
2002090207 0 0.0016615385 0.1184549356 NA
2002090208 0 0.0016615385 0.2042918455 NA
2002090209 0 0.0016615385 0.2884120172 NA
2002090210 0 0.0016615385 0.3673819742 NA
2002090211 0 0.0016615385 0.3708154506 NA
2002090212 0 0.0016615385 0.3484978541 NA
2002090213 0 0.0016615385 0.4120171674 NA
2002090214 0 0.0016615385 0.3278969957 NA
2002090215 0 0.0016615385 0.3175965665 NA
2002090216 0 0.0016615385 0.2248927039 NA
2002090217 0 0.0016615385 0.139055794 NA
2002090218 0 0.0016615385 0.0446351931 NA
2002090219 0 0.0016615385 0.0017167382 NA
2002090220 0 0.0016615385 0 NA
2002090221 0 0.0016615385 0 NA
2002090222 0 0.0016615385 0 NA
2002090223 0 0.0016615385 0 NA
2002090300 0 0.0016615385 0 NA
2002090301 0 0.0016615385 0 NA
2002090302 0 0.0016615385 0 NA
2002090303 0 0.0016615385 0 NA
2002090304 0 0.0016615385 0 NA
2002090305 0 0.0016615385 0 NA
2002090306 0 0.0016615385 0.03170441 NA
2002090307 0 0.0016615385 0.1117997616 NA
2002090308 0 0.0016615385 0.2035756853 NA
2002090309 0 0.0016615385 0.2853396901 NA
2002090310 0 0.0016615385 0.3537544696 NA
2002090311 0 0.0016615385 0.3904648391 NA
2002090312 0 0.0016615385 0.3887961859 NA
2002090313 0 0.0016615385 0.3170441001 NA
2002090314 0 0.0016615385 0.315375447 NA
2002090315 0 0.0016615385 0.2502979738 NA
2002090316 0 0.0016615385 0.0934445769 NA
2002090317 0.3 0.0016615385 0.0333730632 NA
2002090318 2.6 0.0016615385 0.0250297974 NA
2002090319 0 0.0016615385 0 NA
2002090320 0 0.0016615385 0 NA
2002090321 0 0.0016615385 0 NA
2002090322 0 0.0016615385 0 NA
2002090323 0 0.0016615385 0 NA
2002090400 0 0.0016615385 0 NA
2002090401 0 0.0016615385 0 NA
2002090402 0 0.0016615385 0 NA
2002090403 0 0.0016615385 0 NA
2002090404 0 0.0016615385 0 NA
2002090405 0 0.0016615385 0 NA
2002090406 0 0.0016615385 0.0202898551 NA
2002090407 0 0.0016615385 0.1048309179 NA
2002090408 0 0.0016615385 0.1910628019 NA
2002090409 0 0.0016615385 0.270531401 NA
2002090410 0 0.0016615385 0.3398550725 NA
2002090411 0 0.0016615385 0.3922705314 NA
2002090412 0 0.0016615385 0.3888888889 NA
2002090413 0 0.0023538462 0.284057971 NA
2002090414 0 0.0022153846 0.2739130435 NA
2002090415 0 0.0022153846 0.2823671498 NA
2002090416 0 0.0016615385 0.145410628 NA
2002090417 0 0.0016615385 0.0862318841 NA
2002090418 0 0.0016615385 0.0185990338 NA
2002090419 0 0.0016615385 0.0016908213 NA
2002090420 0 0.0016615385 0 NA
2002090421 0 0.0016615385 0 NA
2002090422 0 0.0016615385 0 NA
2002090423 0 0.0016615385 0 NA
2002090500 0 0.0016615385 0 NA
2002090501 0 0.0016615385 0 NA
2002090502 0 0.0016615385 0 NA
2002090503 0 0.0016615385 0 NA
2002090504 0 0.0016615385 0 NA
2002090505 0 0.0016615385 0 NA
2002090506 0 0.0016615385 0.0105263158 NA
2002090507 0 0.0016615385 0.0824561404 NA
2002090508 0 0.0016615385 0.1315789474 NA
2002090509 0 0.0016615385 0.1578947368 NA
2002090510 0 0.0016615385 0.1684210526 NA
2002090511 0 0.0016615385 0.3298245614 NA
2002090512 0 0.0016615385 0.3912280702 NA
2002090513 0 0.0016615385 0.3438596491 NA
2002090514 0 0.0016615385 0.2877192982 NA
2002090515 0 0.0016615385 0.2280701754 NA
2002090516 0 0.0016615385 0.1578947368 NA
2002090517 0 0.0016615385 0.0929824561 NA
2002090518 0 0.0016615385 0.0175438596 NA
2002090519 0 0.0016615385 0 NA
2002090520 0 0.0016615385 0 NA
2002090521 0 0.0016615385 0 NA
2002090522 0 0.0016615385 0 NA
2002090523 0 0.0016615385 0 NA
2002090600 0 0.0016615385 0 NA
2002090601 0 0.0016615385 0 NA
2002090602 0 0.0016615385 0 NA
2002090603 0 0.0016615385 0 NA
2002090604 0 0.0016615385 0 NA
2002090605 0 0.0016615385 0 NA
2002090606 0 0.0016615385 0.0153250774 NA
2002090607 0 0.0016615385 0.0698142415 NA
2002090608 0 0.0016615385 0.1157894737 NA
2002090609 0 0.0016615385 0.1719814241 NA
2002090610 0 0.0016615385 0.2281733746 NA
2002090611 0 0.0016615385 0.2383900929 NA
2002090612 0 0.0016615385 0.3592879257 NA
2002090613 0 0.0016615385 0.3116099071 NA
2002090614 0 0.0016615385 0.2281733746 NA
2002090615 0 0.0016615385 0.2094427245 NA
2002090616 0 0.0016615385 0.1464396285 NA
2002090617 0 0.0016615385 0.0936532508 NA
2002090618 0 0.0016615385 0.0119195046 NA
2002090619 0 0.0016615385 0 NA
2002090620 0 0.0016615385 0 NA
2002090621 0 0.0016615385 0 NA
2002090622 0 0.0016615385 0 NA
2002090623 0 0.0016615385 0 NA
2002090700 0 0.0016615385 0 NA
2002090701 0 0.0016615385 0 NA
2002090702 0 0.0016615385 0 NA
2002090703 0 0.0016615385 0 NA
2002090704 0 0.0016615385 0 NA
2002090705 0 0.0016615385 0 NA
2002090706 0 0.0016615385 0.0175292154 NA
2002090707 0 0.0016615385 0.0368113523 NA
2002090708 0 0.0016615385 0.071869783 NA
2002090709 0 0.0016615385 0.1156928214 NA
2002090710 0 0.0016615385 0.2103505843 NA
2002090711 0 0.0016615385 0.4031719533 NA
2002090712 0 0.0016615385 0.3523372287 NA
2002090713 0 0.0016615385 0.2541736227 NA
2002090714 0 0.0016615385 0.2366444073 NA
2002090715 0 0.0016615385 0.170033389 NA
2002090716 0 0.0016615385 0.1349749583 NA
2002090717 0 0.0012461538 0.0736227045 NA
2002090718 0 0.0011076923 0.0210350584 NA
2002090719 0 0.0011076923 0.0017529215 NA
2002090720 0 0.0011076923 0 NA
2002090721 0 0.0011076923 0 NA
2002090722 0 0.0011076923 0 NA
2002090723 0 0.0015230769 0 NA
2002090800 0 0.0016615385 0 NA
2002090801 0 0.0016615385 0 NA
2002090802 0 0.0016615385 0 NA
2002090803 0 0.0016615385 0 NA
2002090804 0 0.0016615385 0 NA
2002090805 0 0.0016615385 0 NA
2002090806 0 0.0016615385 0.0211350294 NA
2002090807 0 0.0016615385 0.0968688845 NA
2002090808 0 0.0016615385 0.1884540117 NA
2002090809 0 0.0016615385 0.2694716243 NA
2002090810 0 0.0016615385 0.3416829746 NA
2002090811 0 0.0016615385 0.3962818004 NA
2002090812 0 0.0016615385 0.4086105675 NA
2002090813 0 0.0013846154 0.2430528376 NA
2002090814 0 0.0011076923 0.2677103718 NA
2002090815 0 0.0011076923 0.2219178082 NA
2002090816 0 0.0011076923 0.162035225 NA
2002090817 0 0.0011076923 0.0651663405 NA
2002090818 0 0.0011076923 0.0176125245 NA
2002090819 0 0.0011076923 0 NA
2002090820 0 0.0011076923 0 NA
2002090821 0 0.0011076923 0 NA
2002090822 0 0.0011076923 0 NA
2002090823 0 0.0011076923 0 NA
2002090900 0 0.0011076923 0 NA
2002090901 0 0.0011076923 0 NA
2002090902 0 0.0011076923 0 NA
2002090903 0 0.0011076923 0 NA
2002090904 0 0.0011076923 0 NA
2002090905 0 0.0011076923 0 NA
2002090906 0 0.0011076923 0.0229243204 NA
2002090907 0 0.0011076923 0.0952240999 NA
2002090908 0 0.0012461538 0.163997061 NA
2002090909 0 0.0016615385 0.2080822924 NA
2002090910 0 0.0016615385 0.3562086701 NA
2002090911 0 0.0016615385 0.3844232182 NA
2002090912 0 0.0016615385 0.396767083 NA
2002090913 0 0.0013846154 0.3773695812 NA
2002090914 5.7 0.0011076923 0.1375459221 NA
2002090915 7.1 0.0011076923 0.0740631888 NA
2002090916 0 0.0012461538 0.1058045555 NA
2002090917 0 0.0026307692 0.0687729611 NA
2002090918 0 0.0062307692 0.0088170463 NA
2002090919 0 0.0077538462 0 NA
2002090920 0 0.0066461538 0 NA
2002090921 0 0.0056769231 0 NA
2002090922 0 0.0051230769 0 NA
2002090923 0 0.0049846154 0 NA
2002091000 0 0.0049846154 0 NA
2002091001 0 0.0048461538 0 NA
2002091002 0 0.0044307692 0 NA
2002091003 0 0.0042923077 0 NA
2002091004 0 0.0038769231 0 NA
2002091005 0.1 0.0037384615 0 NA
2002091006 0.1 0.0033230769 0.0016835017 NA
2002091007 0.2 0.0033230769 0.0134680135 NA
2002091008 0 0.0033230769 0.0420875421 NA
2002091009 0 0.0033230769 0.0404040404 NA
2002091010 0.1 0.0033230769 0.0656565657 NA
2002091011 0.4 0.0030461538 0.0841750842 NA
2002091012 0.4 0.0027692308 0.0606060606 NA
2002091013 1 0.0027692308 0.0589225589 NA
2002091014 0.6 0.0027692308 0.0505050505 NA
2002091015 0.8 0.0030461538 0.037037037 NA
2002091016 1.3 0.0033230769 0.0235690236 NA
2002091017 0.3 0.0034615385 0.0168350168 NA
2002091018 0.2 0.0038769231 0.0050505051 NA
2002091019 0 0.0041538462 0 NA
2002091020 0.3 0.0044307692 0 NA
2002091021 0.2 0.0044307692 0 NA
2002091022 1.2 0.0044307692 0 NA
2002091023 0.6 0.0044307692 0 NA
2002091100 0.3 0.0044307692 0 NA
2002091101 0.6 0.0045692308 0 NA
2002091102 0.4 0.0049846154 0 NA
2002091103 0.5 0.0052615385 0 NA
2002091104 0.1 0.0055384615 0 NA
2002091105 0 0.0055384615 0 NA
2002091106 0 0.0055384615 0.0015904573 NA
2002091107 0 0.0055384615 0.0111332008 NA
2002091108 0 0.0055384615 0.0461232604 NA
2002091109 0 0.0055384615 0.0572564612 NA
2002091110 0 0.0055384615 0.1129224652 NA
2002091111 0 0.0055384615 0.1161033797 NA
2002091112 0 0.0055384615 0.1590457256 NA
2002091113 0 0.0055384615 0.1081510934 NA
2002091114 0 0.0055384615 0.0652087475 NA
2002091115 0 0.0055384615 0.0477137177 NA
2002091116 0 0.0055384615 0.0413518887 NA
2002091117 0 0.0055384615 0.0286282306 NA
2002091118 0 0.0055384615 0.0047713718 NA
2002091119 0 0.0055384615 0 NA
2002091120 0 0.0055384615 0 NA
2002091121 0 0.0055384615 0 NA
2002091122 0 0.0055384615 0 NA
2002091123 0 0.0055384615 0 NA
2002091200 0 0.0052615385 0 NA
2002091201 0 0.0049846154 0 NA
2002091202 0 0.0049846154 0 NA
2002091203 0 0.0049846154 0 NA
2002091204 0 0.0049846154 0 NA
2002091205 0 0.0049846154 0 NA
2002091206 0 0.0049846154 0.0198177677 NA
2002091207 0 0.0049846154 0.0908314351 NA
2002091208 0 0.0049846154 0.1767084282 NA
2002091209 0 0.0049846154 0.2246013667 NA
2002091210 0 0.0049846154 0.3104783599 NA
2002091211 0 0.0049846154 0.3748861048 NA
2002091212 0 0.0049846154 0.3914009112 NA
2002091213 0 0.0045692308 0.383143508 NA
2002091214 0 0.0044307692 0.3435079727 NA
2002091215 0 0.0044307692 0.2757972665 NA
2002091216 0 0.0044307692 0.191571754 NA
2002091217 0 0.0044307692 0.1007403189 NA
2002091218 0 0.0044307692 0.0165148064 NA
2002091219 0 0.0044307692 0 NA
2002091220 0 0.0044307692 0 NA
2002091221 0 0.0044307692 0 NA
2002091222 0 0.0044307692 0 NA
2002091223 0 0.0044307692 0 NA
2002091300 0 0.0044307692 0 NA
2002091301 0 0.0038769231 0 NA
2002091302 0 0.0038769231 0 NA
2002091303 0 0.0038769231 0 NA
2002091304 0 0.0038769231 0 NA
2002091305 0 0.0038769231 0 NA
2002091306 0 0.0038769231 0.0148322543 NA
2002091307 0 0.0038769231 0.0939376104 NA
2002091308 0 0.0038769231 0.1779870512 NA
2002091309 0 0.0038769231 0.248852266 NA
2002091310 0 0.0038769231 0.3164214244 NA
2002091311 0 0.0038769231 0.3543260742 NA
2002091312 0 0.0038769231 0.3246615656 NA
2002091313 0 0.0036 0.3625662154 NA
2002091314 0 0.0033230769 0.3361977634 NA
2002091315 0 0.0033230769 0.2686286051 NA
2002091316 0 0.0033230769 0.1878752207 NA
2002091317 0 0.0033230769 0.0939376104 NA
2002091318 0 0.0033230769 0.019776339 NA
2002091319 0 0.0033230769 0 NA
2002091320 0 0.0033230769 0 NA
2002091321 0 0.0033230769 0 NA
2002091322 0 0.0033230769 0 NA
2002091323 0 0.0033230769 0 NA
2002091400 0 0.0033230769 0 NA
2002091401 0 0.0033230769 0 NA
2002091402 0 0.0033230769 0 NA
2002091403 0 0.0033230769 0 NA
2002091404 0 0.0033230769 0 NA
2002091405 0 0.0033230769 0 NA
2002091406 0 0.0033230769 0.0033587786 NA
2002091407 0 0.0033230769 0.0235114504 NA
2002091408 0 0.0033230769 0.0873282443 NA
2002091409 0 0.0033230769 0.0688549618 NA
2002091410 0 0.0033230769 0.1175572519 NA
2002091411 0 0.0033230769 0.1058015267 NA
2002091412 0 0.0031846154 0.1326717557 NA
2002091413 0 0.0027692308 0.0974045802 NA
2002091414 0.3 0.0027692308 0.1461068702 NA
2002091415 0 0.0027692308 0.134351145 NA
2002091416 0 0.0027692308 0.112519084 NA
2002091417 0 0.0027692308 0.058778626 NA
2002091418 0 0.0027692308 0.0117557252 NA
2002091419 0 0.0027692308 0 NA
2002091420 0 0.0027692308 0 NA
2002091421 0 0.0027692308 0 NA
2002091422 0 0.0027692308 0 NA
2002091423 0 0.0027692308 0 NA
2002091500 0 0.0027692308 0 NA
2002091501 0 0.0027692308 0 NA
2002091502 0 0.0027692308 0 NA
2002091503 0 0.0027692308 0 NA
2002091504 0 0.0027692308 0 NA
2002091505 0 0.0027692308 0 NA
2002091506 0 0.0027692308 0.016 NA
2002091507 0 0.0027692308 0.0736 NA
2002091508 0 0.0027692308 0.1568 NA
2002091509 0 0.0027692308 0.2016 NA
2002091510 0 0.0027692308 0.2656 NA
2002091511 0 0.0027692308 0.2912 NA
2002091512 0 0.0027692308 0.2944 NA
2002091513 0 0.0027692308 0.2736 NA
2002091514 0 0.0027692308 0.0896 NA
2002091515 0 0.0027692308 0.112 NA
2002091516 0 0.0027692308 0.1296 NA
2002091517 0 0.0027692308 0.0896 NA
2002091518 0 0.0027692308 0.0064 NA
2002091519 0 0.0024923077 0 NA
2002091520 0 0.0022153846 0 NA
2002091521 0 0.0022153846 0 NA
2002091522 0 0.0022153846 0 NA
2002091523 0 0.0022153846 0 NA
2002091600 0 0.0022153846 0 NA
2002091601 0 0.0022153846 0 NA
2002091602 0 0.0022153846 0 NA
2002091603 0 0.0022153846 0 NA
2002091604 0 0.0022153846 0 NA
2002091605 0 0.0022153846 0 NA
2002091606 0 0.0022153846 0.0061878453 NA
2002091607 0 0.0022153846 0.0433149171 NA
2002091608 0 0.0022153846 0.0495027624 NA
2002091609 0 0.0022153846 0.0742541436 NA
2002091610 0 0.0022153846 0.1191160221 NA
2002091611 0 0.0022153846 0.2150276243 NA
2002091612 0 0.0022153846 0.133038674 NA
2002091613 0 0.0022153846 0.360441989 NA
2002091614 0 0.0022153846 0.1933701657 NA
2002091615 0 0.0022153846 0.1051933702 NA
2002091616 0 0.0022153846 0.0742541436 NA
2002091617 0 0.0022153846 0.0216574586 NA
2002091618 0 0.0022153846 0.004640884 NA
2002091619 0 0.0022153846 0 NA
2002091620 0 0.0022153846 0 NA
2002091621 0 0.0022153846 0 NA
2002091622 0 0.0022153846 0 NA
2002091623 0 0.0022153846 0 NA
2002091700 0 0.0022153846 0 NA
2002091701 0 0.0022153846 0 NA
2002091702 0 0.0022153846 0 NA
2002091703 0 0.0022153846 0 NA
2002091704 0 0.0022153846 0 NA
2002091705 0 0.0022153846 0 NA
2002091706 0 0.0022153846 0.003156708 NA
2002091707 0 0.0022153846 0.033145434 NA
2002091708 0 0.0022153846 0.0694475761 NA
2002091709 0 0.0022153846 0.1167981962 NA
2002091710 0 0.0022153846 0.1531003382 NA
2002091711 0 0.0022153846 0.1846674183 NA
2002091712 0 0.0022153846 0.2351747463 NA
2002091713 0 0.0022153846 0.1341600902 NA
2002091714 0 0.0022153846 0.2478015784 NA
2002091715 0 0.0022153846 0.1452085682 NA
2002091716 0 0.0022153846 0.0378804961 NA
2002091717 0 0.0022153846 0.034723788 NA
2002091718 0 0.0022153846 0.004735062 NA
2002091719 0 0.0022153846 0 NA
2002091720 0 0.0022153846 0 NA
2002091721 0 0.0022153846 0 NA
2002091722 0 0.0022153846 0 NA
2002091723 0 0.0022153846 0 NA
2002091800 0 0.0022153846 0 NA
2002091801 0 0.0022153846 0 NA
2002091802 0 0.0022153846 0 NA
2002091803 0 0.0022153846 0 NA
2002091804 0 0.0022153846 0 NA
2002091805 0 0.0022153846 0 NA
2002091806 0 0.0022153846 0.0033126294 NA
2002091807 0 0.0022153846 0.0198757764 NA
2002091808 0 0.0022153846 0.0530020704 NA
2002091809 0 0.0022153846 0.0712215321 NA
2002091810 0 0.0022153846 0.1308488613 NA
2002091811 0 0.0022153846 0.0844720497 NA
2002091812 0 0.0022153846 0.1060041408 NA
2002091813 0 0.0022153846 0.1242236025 NA
2002091814 0 0.0022153846 0.0811594203 NA
2002091815 0 0.0022153846 0.0579710145 NA
2002091816 0 0.0020769231 0.0430641822 NA
2002091817 0 0.0016615385 0.0231884058 NA
2002091818 0 0.0016615385 0.0016563147 NA
2002091819 0 0.0016615385 0 NA
2002091820 0 0.0016615385 0 NA
2002091821 0 0.0016615385 0 NA
2002091822 0 0.0016615385 0 NA
2002091823 0 0.0016615385 0 NA
2002091900 0 0.0016615385 0 NA
2002091901 0 0.0016615385 0 NA
2002091902 0 0.0016615385 0 NA
2002091903 0 0.0016615385 0 NA
2002091904 0 0.0016615385 0 NA
2002091905 0 0.0016615385 0 NA
2002091906 0 0.0016615385 0.0016260163 NA
2002091907 0 0.0016615385 0.0195121951 NA
2002091908 0 0.0016615385 0.0390243902 NA
2002091909 0 0.0016615385 0.0601626016 NA
2002091910 0 0.0016615385 0.074796748 NA
2002091911 0 0.0016615385 0.1073170732 NA
2002091912 0 0.0016615385 0.1317073171 NA
2002091913 0 0.0016615385 0.156097561 NA
2002091914 0 0.0016615385 0.1105691057 NA
2002091915 0 0.0016615385 0.0520325203 NA
2002091916 0 0.0016615385 0.0308943089 NA
2002091917 0 0.0016615385 0.0130081301 NA
2002091918 0 0.0016615385 0.0032520325 NA
2002091919 0 0.0016615385 0 NA
2002091920 0 0.0016615385 0 NA
2002091921 0 0.0016615385 0 NA
2002091922 0 0.0016615385 0 NA
2002091923 0 0.0016615385 0 NA
2002092000 0 0.0016615385 0 NA
2002092001 0 0.0016615385 0 NA
2002092002 0 0.0016615385 0 NA
2002092003 0 0.0016615385 0 NA
2002092004 0 0.0016615385 0 NA
2002092005 0 0.0016615385 0 NA
2002092006 0 0.0016615385 0.001599016 NA
2002092007 0 0.0016615385 0.0223862239 NA
2002092008 0 0.0016615385 0.0591635916 NA
2002092009 0 0.0016615385 0.0959409594 NA
2002092010 0 0.0016615385 0.1870848708 NA
2002092011 0 0.0016615385 0.2782287823 NA
2002092012 0 0.0016615385 0.1822878229 NA
2002092013 0 0.0016615385 0.155104551 NA
2002092014 0 0.0016615385 0.1119311193 NA
2002092015 0 0.0016615385 0.1087330873 NA
2002092016 0 0.0016615385 0.0719557196 NA
2002092017 0 0.0016615385 0.0239852399 NA
2002092018 0 0.0016615385 0.001599016 NA
2002092019 0 0.0016615385 0 NA
2002092020 0 0.0016615385 0 NA
2002092021 0 0.0016615385 0 NA
2002092022 0 0.0016615385 0 NA
2002092023 0 0.0016615385 0 NA
2002092100 0 0.0016615385 0 NA
2002092101 0 0.0016615385 0 NA
2002092102 0 0.0016615385 0 NA
2002092103 0 0.0016615385 0 NA
2002092104 0 0.0016615385 0 NA
2002092105 0 0.0016615385 0 NA
2002092106 0 0.0016615385 0.0015974441 NA
2002092107 0 0.0016615385 0.017571885 NA
2002092108 0 0.0016615385 0.0431309904 NA
2002092109 0 0.0016615385 0.0654952077 NA
2002092110 0 0.0016615385 0.1341853035 NA
2002092111 0 0.0016615385 0.161341853 NA
2002092112 0 0.0016615385 0.2028753994 NA
2002092113 0 0.0016615385 0.2076677316 NA
2002092114 0 0.0016615385 0.0303514377 NA
2002092115 0.1 0.0016615385 0.0559105431 NA
2002092116 0 0.0016615385 0.0431309904 NA
2002092117 0 0.0016615385 0.03514377 NA
2002092118 0 0.0016615385 0.0015974441 NA
2002092119 0 0.0016615385 0 NA
2002092120 0 0.0016615385 0 NA
2002092121 0 0.0016615385 0 NA
2002092122 0 0.0016615385 0 NA
2002092123 0 0.0016615385 0 NA
2002092200 0 0.0016615385 0 NA
2002092201 0 0.0016615385 0 NA
2002092202 0 0.0016615385 0 NA
2002092203 0 0.0016615385 0 NA
2002092204 1.4 0.0016615385 0 NA
2002092205 0 0.0016615385 0 NA
2002092206 0 0.0016615385 0.0045180723 NA
2002092207 0 0.0019384615 0.0331325301 NA
2002092208 0 0.0022153846 0.1024096386 NA
2002092209 0 0.0022153846 0.1987951807 NA
2002092210 0 0.0022153846 0.1490963855 NA
2002092211 1 0.0022153846 0.1280120482 NA
2002092212 0 0.0019384615 0.2545180723 NA
2002092213 0.4 0.0020769231 0.125 NA
2002092214 0 0.0022153846 0.2560240964 NA
2002092215 1.9 0.0022153846 0.0647590361 NA
2002092216 0 0.0022153846 0.1129518072 NA
2002092217 0 0.0026307692 0.0557228916 NA
2002092218 0 0.0033230769 0.015060241 NA
2002092219 0 0.0038769231 0 NA
2002092220 0 0.0037384615 0 NA
2002092221 0 0.0031846154 0 NA
2002092222 0 0.0027692308 0 NA
2002092223 0 0.0027692308 0 NA
2002092300 0 0.0024923077 0 NA
2002092301 0 0.0022153846 0 NA
2002092302 0 0.0022153846 0 NA
2002092303 0 0.0022153846 0 NA
2002092304 0 0.0022153846 0 NA
2002092305 0 0.0022153846 0 NA
2002092306 0 0.0022153846 0.004398827 NA
2002092307 0 0.0022153846 0.0571847507 NA
2002092308 0 0.0022153846 0.133431085 NA
2002092309 0 0.0022153846 0.2008797654 NA
2002092310 0 0.0022153846 0.2331378299 NA
2002092311 0 0.0022153846 0.2668621701 NA
2002092312 0 0.0022153846 0.2859237537 NA
2002092313 0 0.0019384615 0.2917888563 NA
2002092314 0 0.0016615385 0.2360703812 NA
2002092315 0 0.0016615385 0.1480938416 NA
2002092316 0 0.0016615385 0.1099706745 NA
2002092317 0 0.0016615385 0.0307917889 NA
2002092318 0 0.0016615385 0.0014662757 NA
2002092319 0 0.0016615385 0 NA
2002092320 0 0.0016615385 0 NA
2002092321 0 0.0016615385 0 NA
2002092322 0 0.0016615385 0 NA
2002092323 0 0.0016615385 0 NA
2002092400 0 0.0016615385 0 NA
2002092401 0 0.0016615385 0 NA
2002092402 0 0.0016615385 0 NA
2002092403 0 0.0016615385 0 NA
2002092404 0 0.0016615385 0 NA
2002092405 0 0.0016615385 0 NA
2002092406 0 0.0016615385 0.0057591623 NA
2002092407 0 0.0016615385 0.0590314136 NA
2002092408 0 0.0016615385 0.1339005236 NA
2002092409 0 0.0016615385 0.2058900524 NA
2002092410 0 0.0016615385 0.2663612565 NA
2002092411 0 0.0016615385 0.3052356021 NA
2002092412 0 0.0016615385 0.3196335079 NA
2002092413 0 0.0016615385 0.3109947644 NA
2002092414 0 0.0016615385 0.2433246073 NA
2002092415 0 0.0016615385 0.190052356 NA
2002092416 0 0.0012461538 0.105104712 NA
2002092417 0 0.0011076923 0.0518324607 NA
2002092418 0 0.0011076923 0.0028795812 NA
2002092419 0 0.0011076923 0 NA
2002092420 0 0.0011076923 0 NA
2002092421 0 0.0012461538 0 NA
2002092422 0 0.0016615385 0 NA
2002092423 0 0.0016615385 0 NA
2002092500 0.2 0.0016615385 0 NA
2002092501 0 0.0016615385 0 NA
2002092502 0.3 0.0016615385 0 NA
2002092503 0.7 0.0016615385 0 NA
2002092504 3.9 0.0016615385 0 NA
2002092505 2.6 0.0016615385 0 NA
2002092506 0.2 0.0019384615 0 NA
2002092507 0.1 0.0027692308 0.0095238095 NA
2002092508 0 0.0044307692 0.046031746 NA
2002092509 0 0.0048461538 0.1079365079 NA
2002092510 0 0.0040153846 0.1666666667 NA
2002092511 0 0.0033230769 0.2444444444 NA
2002092512 0 0.0030461538 0.2015873016 NA
2002092513 0 0.0027692308 0.0825396825 NA
2002092514 0 0.0027692308 0.1047619048 NA
2002092515 0 0.0027692308 0.0682539683 NA
2002092516 0 0.0027692308 0.0492063492 NA
2002092517 0 0.0027692308 0.0174603175 NA
2002092518 0 0.0027692308 0.0015873016 NA
2002092519 0 0.0027692308 0 NA
2002092520 0 0.0027692308 0 NA
2002092521 0 0.0027692308 0 NA
2002092522 0 0.0027692308 0 NA
2002092523 0 0.0027692308 0 NA
2002092600 0 0.0027692308 0 NA
2002092601 0 0.0027692308 0 NA
2002092602 0 0.0027692308 0 NA
2002092603 0 0.0027692308 0 NA
2002092604 0 0.0027692308 0 NA
2002092605 0 0.0027692308 0 NA
2002092606 0.5 0.0027692308 0 NA
2002092607 0 0.0027692308 0.0063872255 NA
2002092608 0 0.0027692308 0.0239520958 NA
2002092609 0 0.0027692308 0.0319361277 NA
2002092610 0 0.0027692308 0.0670658683 NA
2002092611 0 0.0027692308 0.1325349301 NA
2002092612 0 0.0027692308 0.1325349301 NA
2002092613 0 0.0027692308 0.099001996 NA
2002092614 1.5 0.0027692308 0.0638722555 NA
2002092615 0 0.0022153846 0.1453093812 NA
2002092616 0 0.0022153846 0.0558882236 NA
2002092617 0 0.0022153846 0.0399201597 NA
2002092618 0 0.0022153846 0.0015968064 NA
2002092619 0 0.0022153846 0 NA
2002092620 0 0.0022153846 0 NA
2002092621 0 0.0022153846 0 NA
2002092622 0 0.0022153846 0 NA
2002092623 0 0.0022153846 0 NA
2002092700 0 0.0022153846 0 NA
2002092701 0 0.0022153846 0 NA
2002092702 0 0.0022153846 0 NA
2002092703 0 0.0022153846 0 NA
2002092704 0 0.0022153846 0 NA
2002092705 0 0.0022153846 0 NA
2002092706 0 0.0022153846 0.0015697138 NA
2002092707 0 0.0022153846 0.0094182825 NA
2002092708 0 0.0022153846 0.0439519852 NA
2002092709 0 0.0022153846 0.0737765466 NA
2002092710 0 0.0022153846 0.2684210526 NA
2002092711 0 0.0022153846 0.2621421976 NA
2002092712 0 0.0022153846 0.2746999077 NA
2002092713 0 0.0022153846 0.2590027701 NA
2002092714 0 0.0022153846 0.1381348107 NA
2002092715 0 0.0022153846 0.1930747922 NA
2002092716 0 0.0022153846 0.1208679594 NA
2002092717 0 0.0022153846 0.0533702678 NA
2002092718 0 0.0022153846 0.0015697138 NA
2002092719 0 0.0022153846 0 NA
2002092720 0 0.0022153846 0 NA
2002092721 0 0.0022153846 0 NA
2002092722 0 0.0022153846 0 NA
2002092723 0 0.0022153846 0 NA
2002092800 0 0.0022153846 0 NA
2002092801 0 0.0022153846 0 NA
2002092802 0 0.0022153846 0 NA
2002092803 0 0.0022153846 0 NA
2002092804 0 0.0022153846 0 NA
2002092805 0 0.0022153846 0 NA
2002092806 0 0.0022153846 0.0014851485 NA
2002092807 0 0.0022153846 0.0178217822 NA
2002092808 0 0.0022153846 0.049009901 NA
2002092809 0 0.0022153846 0.049009901 NA
2002092810 0 0.0022153846 0.0712871287 NA
2002092811 0 0.0022153846 0.1277227723 NA
2002092812 0 0.0022153846 0.1811881188 NA
2002092813 0 0.0022153846 0.1648514851 NA
2002092814 0 0.0022153846 0.1262376238 NA
2002092815 0 0.0022153846 0.0712871287 NA
2002092816 0 0.0022153846 0.0237623762 NA
2002092817 0 0.0022153846 0.0163366337 NA
2002092818 0 0.0022153846 0 NA
2002092819 0 0.0022153846 0 NA
2002092820 0 0.0022153846 0 NA
2002092821 0 0.0022153846 0 NA
2002092822 0 0.0022153846 0 NA
2002092823 0 0.0022153846 0 NA
2002092900 0 0.0022153846 0 NA
2002092901 0 0.0022153846 0 NA
2002092902 0 0.0022153846 0 NA
2002092903 0 0.0022153846 0 NA
2002092904 0 0.0022153846 0 NA
2002092905 0 0.0022153846 0 NA
2002092906 0 0.0022153846 0.0015310234 NA
2002092907 0 0.0022153846 0.0260273973 NA
2002092908 0 0.0022153846 0.0673650282 NA
2002092909 0 0.0022153846 0.1148267526 NA
2002092910 0 0.0022153846 0.220467365 NA
2002092911 0 0.0022153846 0.2939564867 NA
2002092912 0 0.0022153846 0.2847703465 NA
2002092913 0 0.0022153846 0.3046736503 NA
2002092914 0 0.0022153846 0.2602739726 NA
2002092915 0 0.0016615385 0.1883158743 NA
2002092916 0 0.0016615385 0.0995165189 NA
2002092917 0 0.0016615385 0.0367445608 NA
2002092918 0 0.0016615385 0.0015310234 NA
2002092919 0 0.0016615385 0 NA
2002092920 0 0.0016615385 0 NA
2002092921 0 0.0016615385 0 NA
2002092922 0 0.0016615385 0 NA
2002092923 0 0.0016615385 0 NA
2002093000 0 0.0016615385 0 NA
2002093001 0 0.0016615385 0 NA
2002093002 0 0.0016615385 0 NA
2002093003 0 0.0016615385 0 NA
2002093004 0 0.0016615385 0 NA
2002093005 0 0.0016615385 0 NA
2002093006 0 0.0016615385 0.0014695077 NA
2002093007 0 0.0016615385 0.0440852314 NA
2002093008 0 0.0016615385 0.1175606172 NA
2002093009 0 0.0016615385 0.1851579721 NA
2002093010 0 0.0016615385 0.2439382807 NA
2002093011 0 0.0016615385 0.2821454813 NA
2002093012 0 0.0016615385 0.293901543 NA
2002093013 0 0.0016615385 0.2821454813 NA
2002093014 0 0.0016615385 0.2409992652 NA
2002093015 0 0.0016615385 0.1880969875 NA
2002093016 0 0.0016615385 0.0940484938 NA
2002093017 0 0.0016615385 0.0264511389 NA
2002093018 0 0.0016615385 0 NA
2002093019 0 0.0016615385 0 NA
2002093020 0 0.0016615385 0 NA
2002093021 0 0.0016615385 0 NA
2002093022 0 0.0016615385 0 NA
2002093023 0 0.0016615385 0 NA
2002100100 0 0.0016615385 0 NA
2002100101 0 0.0016615385 0 NA
2002100102 0 0.0016615385 0 NA
2002100103 0 0.0016615385 0 NA
2002100104 0 0.0016615385 0 NA
2002100105 0 0.0016615385 0 NA
2002100106 0 0.0016615385 0 NA
2002100107 0 0.0016615385 0.027787307 NA
2002100108 0 0.0016615385 0.1096054889 NA
2002100109 0 0.0016615385 0.1837049743 NA
2002100110 0 0.0016615385 0.2500857633 NA
2002100111 0 0.0016615385 0.2377358491 NA
2002100112 0 0.0016615385 0.2886792453 NA
2002100113 0 0.0016615385 0.2516295026 NA
2002100114 0 0.0016615385 0.2068610635 NA
2002100115 0 0.0016615385 0.154373928 NA
2002100116 0 0.0016615385 0.0710120069 NA
2002100117 0 0.0016615385 0.0185248714 NA
2002100118 0 0.0016615385 0 NA
2002100119 0 0.0016615385 0 NA
2002100120 0 0.0016615385 0 NA
2002100121 0 0.0016615385 0 NA
2002100122 0 0.0016615385 0 NA
2002100123 0 0.0016615385 0 NA
2002100200 0 0.0016615385 0 NA
2002100201 0 0.0016615385 0 NA
2002100202 0 0.0016615385 0 NA
2002100203 0 0.0016615385 0 NA
2002100204 0 0.0016615385 0 NA
2002100205 0 0.0016615385 0 NA
2002100206 0 0.0016615385 0 NA
2002100207 0 0.0016615385 0.0198979592 NA
2002100208 0 0.0016615385 0.0719387755 NA
2002100209 0 0.0016615385 0.1346938776 NA
2002100210 0 0.0016615385 0.1760204082 NA
2002100211 0 0.0016615385 0.2112244898 NA
2002100212 0 0.0016615385 0.1591836735 NA
2002100213 0 0.0016615385 0.1454081633 NA
2002100214 0 0.0016615385 0.1209183673 NA
2002100215 0 0.0016615385 0.0918367347 NA
2002100216 0 0.0016615385 0.0505102041 NA
2002100217 0 0.0016615385 0.0183673469 NA
2002100218 0 0.0016615385 0 NA
2002100219 0 0.0016615385 0 NA
2002100220 0 0.0016615385 0 NA
2002100221 0 0.0016615385 0 NA
2002100222 0 0.0016615385 0 NA
2002100223 0 0.0016615385 0 NA
2002100300 0 0.0016615385 0 NA
2002100301 0 0.0016615385 0 NA
2002100302 0 0.0016615385 0 NA
2002100303 0 0.0016615385 0 NA
2002100304 0 0.0016615385 0 NA
2002100305 0.3 0.0016615385 0 NA
2002100306 0.6 0.0016615385 0 NA
2002100307 1.3 0.0016615385 0.0016129032 NA
2002100308 0 0.0016615385 0.0161290323 NA
2002100309 0 0.0016615385 0.0629032258 NA
2002100310 0 0.0016615385 0.1 NA
2002100311 0 0.0022153846 0.0822580645 NA
2002100312 0 0.0016615385 0.1177419355 NA
2002100313 0 0.0016615385 0.05 NA
2002100314 0.2 0.0016615385 0.0306451613 NA
2002100315 1.2 0.0016615385 0.0241935484 NA
2002100316 1.7 0.0016615385 0.0129032258 NA
2002100317 4.6 0.0016615385 0.0016129032 NA
2002100318 0.1 0.0018 0 NA
2002100319 0 0.0023538462 0 NA
2002100320 0 0.0038769231 0 NA
2002100321 0 0.0055384615 0 NA
2002100322 0 0.0054 0 NA
2002100323 0 0.0044307692 0 NA
2002100400 0 0.0038769231 0 NA
2002100401 0 0.0033230769 0 NA
2002100402 0 0.0033230769 0 NA
2002100403 0 0.0033230769 0 NA
2002100404 0 0.0033230769 0 NA
2002100405 0 0.0033230769 0 NA
2002100406 0 0.0033230769 0 NA
2002100407 0 0.0033230769 0.0371453138 NA
2002100408 0 0.0033230769 0.1052450559 NA
2002100409 0 0.0033230769 0.1609630267 NA
2002100410 0 0.0033230769 0.2398968186 NA
2002100411 0 0.0033230769 0.2987102322 NA
2002100412 0 0.0033230769 0.2662080825 NA
2002100413 0 0.0033230769 0.2429922614 NA
2002100414 0 0.0033230769 0.2321582115 NA
2002100415 0 0.0033230769 0.1331040413 NA
2002100416 0 0.0033230769 0.0696474635 NA
2002100417 0 0.0029076923 0.0139294927 NA
2002100418 0 0.0027692308 0 NA
2002100419 0 0.0027692308 0 NA
2002100420 0 0.0027692308 0 NA
2002100421 0 0.0027692308 0 NA
2002100422 0 0.0027692308 0 NA
2002100423 0 0.0027692308 0 NA
2002100500 0 0.0027692308 0 NA
2002100501 0 0.0027692308 0 NA
2002100502 0 0.0027692308 0 NA
2002100503 0 0.0027692308 0 NA
2002100504 0 0.0027692308 0 NA
2002100505 0 0.0027692308 0 NA
2002100506 0 0.0027692308 0 NA
2002100507 0 0.0027692308 0.0096551724 NA
2002100508 0.9 0.0027692308 0.0137931034 NA
2002100509 3 0.0027692308 0.0165517241 NA
2002100510 0.3 0.0027692308 0.0344827586 NA
2002100511 0.1 0.0031846154 0.0275862069 NA
2002100512 0.8 0.0036 0.0248275862 NA
2002100513 0.1 0.0044307692 0.0289655172 NA
2002100514 0.1 0.0044307692 0.0234482759 NA
2002100515 4.2 0.0044307692 0.0096551724 NA
2002100516 2.6 0.0044307692 0.0096551724 NA
2002100517 2.1 0.0045692308 0.0013793103 NA
2002100518 0.4 0.0060923077 0 NA
2002100519 0.1 0.0091384615 0 NA
2002100520 0 0.0106615385 0 NA
2002100521 0 0.0114923077 0 NA
2002100522 0.2 0.0120461538 0 NA
2002100523 0.2 0.0128769231 0 NA
2002100600 0.4 0.0141230769 0 NA
2002100601 0.9 0.0157846154 0 NA
2002100602 0.1 0.0174461538 0 NA
2002100603 0 0.0192461538 0 NA
2002100604 0 0.0213230769 0 NA
2002100605 0 0.0225692308 0 NA
2002100606 0 0.0228461538 0 NA
2002100607 0 0.0232615385 0.0030664395 NA
2002100608 0.1 0.0232615385 0.0107325383 NA
2002100609 0 0.0238153846 0.0229982964 NA
2002100610 0 0.0238153846 0.0613287905 NA
2002100611 0 0.0238153846 0.0873935264 NA
2002100612 0 0.0238153846 0.1579216354 NA
2002100613 0 0.0234 0.1471890971 NA
2002100614 0 0.0232615385 0.1962521295 NA
2002100615 0 0.0228461538 0.1257240204 NA
2002100616 0 0.0227076923 0.070528109 NA
2002100617 0 0.0227076923 0.0168654174 NA
2002100618 0 0.0227076923 0 NA
2002100619 0 0.0227076923 0 NA
2002100620 0 0.0222923077 0 NA
2002100621 0 0.0221538462 0 NA
2002100622 0 0.0218769231 0 NA
2002100623 0 0.0216 0 NA
2002100700 0 0.0213230769 0 NA
2002100701 0 0.0210461538 0 NA
2002100702 0 0.0210461538 0 NA
2002100703 0 0.0204923077 0 NA
2002100704 0 0.0204923077 0 NA
2002100705 0 0.0202153846 0 NA
2002100706 0 0.0199384615 0 NA
2002100707 0 0.0199384615 0.0053537285 NA
2002100708 0.1 0.0196615385 0.0173996176 NA
2002100709 0.1 0.0193846154 0.0455066922 NA
2002100710 0 0.0193846154 0.0629063098 NA
2002100711 0 0.0191076923 0.1137667304 NA
2002100712 0 0.0188307692 0.1298279159 NA
2002100713 0 0.0184153846 0.131166348 NA
2002100714 0 0.0182769231 0.0816443595 NA
2002100715 0 0.0182769231 0.0803059273 NA
2002100716 2 0.0181384615 0.0281070746 NA
2002100717 0.1 0.0177230769 0.0040152964 NA
2002100718 0 0.0177230769 0 NA
2002100719 0 0.0177230769 0 NA
2002100720 0 0.0177230769 0 NA
2002100721 0 0.0177230769 0 NA
2002100722 0 0.0177230769 0 NA
2002100723 0 0.0177230769 0 NA
2002100800 0 0.0177230769 0 NA
2002100801 0 0.0177230769 0 NA
2002100802 0 0.0177230769 0 NA
2002100803 0 0.0177230769 0 NA
2002100804 0 0.0177230769 0 NA
2002100805 0 0.0177230769 0 NA
2002100806 0 0.0177230769 0 NA
2002100807 0 0.0177230769 0.0280701754 NA
2002100808 0 0.0177230769 0.0893141946 NA
2002100809 0 0.0177230769 0.1492822967 NA
2002100810 0 0.0177230769 0.2003189793 NA
2002100811 0 0.0177230769 0.2309409888 NA
2002100812 0 0.0177230769 0.2398724083 NA
2002100813 0 0.0177230769 0.2309409888 NA
2002100814 0 0.0171692308 0.1977671451 NA
2002100815 0 0.0171692308 0.1416267943 NA
2002100816 0 0.0167538462 0.0765550239 NA
2002100817 0 0.0166153846 0.0153110048 NA
2002100818 0 0.0166153846 0 NA
2002100819 0 0.0166153846 0 NA
2002100820 0 0.0166153846 0 NA
2002100821 0 0.0166153846 0 NA
2002100822 0 0.0164769231 0 NA
2002100823 0 0.0160615385 0 NA
2002100900 0 0.0160615385 0 NA
2002100901 0 0.0160615385 0 NA
2002100902 0 0.0155076923 0 NA
2002100903 0 0.0155076923 0 NA
2002100904 0 0.0150923077 0 NA
2002100905 0 0.0149538462 0 NA
2002100906 0 0.0149538462 0 NA
2002100907 0 0.0149538462 0.0137931034 NA
2002100908 0 0.0149538462 0.0772413793 NA
2002100909 0 0.0149538462 0.1351724138 NA
2002100910 0 0.0149538462 0.2096551724 NA
2002100911 0 0.0145384615 0.2455172414 NA
2002100912 0 0.0144 0.244137931 NA
2002100913 0 0.0144 0.24 NA
2002100914 0 0.0138461538 0.2027586207 NA
2002100915 0 0.0139846154 0.1420689655 NA
2002100916 0 0.0135692308 0.0744827586 NA
2002100917 0 0.0134307692 0.0151724138 NA
2002100918 0 0.0131538462 0 NA
2002100919 0 0.0127384615 0 NA
2002100920 0 0.0127384615 0 NA
2002100921 0 0.0127384615 0 NA
2002100922 0 0.0127384615 0 NA
2002100923 0 0.0127384615 0 NA
2002101000 0 0.0123230769 0 NA
2002101001 0 0.0121846154 0 NA
2002101002 0 0.0121846154 0 NA
2002101003 0 0.0120461538 0 NA
2002101004 0 0.0116307692 0 NA
2002101005 0 0.0116307692 0 NA
2002101006 0 0.0116307692 0 NA
2002101007 0 0.0116307692 0.0229110512 NA
2002101008 0 0.0112153846 0.0781671159 NA
2002101009 0 0.0110769231 0.1455525606 NA
2002101010 0 0.0110769231 0.1981132075 NA
2002101011 0 0.0109384615 0.2237196765 NA
2002101012 0 0.0108 0.218328841 NA
2002101013 0 0.0105230769 0.2318059299 NA
2002101014 0 0.0105230769 0.1886792453 NA
2002101015 0 0.0102461538 0.1266846361 NA
2002101016 0 0.0101076923 0.0579514825 NA
2002101017 0 0.0099692308 0.0080862534 NA
2002101018 0 0.0095538462 0 NA
2002101019 0 0.0094153846 0 NA
2002101020 0 0.0094153846 0 NA
2002101021 0 0.0094153846 0 NA
2002101022 0 0.0094153846 0 NA
2002101023 0 0.0094153846 0 NA
2002101100 0 0.0088615385 0 NA
2002101101 0 0.0088615385 0 NA
2002101102 0 0.0088615385 0 NA
2002101103 0 0.0088615385 0 NA
2002101104 0 0.0088615385 0 NA
2002101105 0 0.0088615385 0 NA
2002101106 0 0.0084461538 0 NA
2002101107 0 0.0083076923 0.0143603133 NA
2002101108 0 0.0083076923 0.0731070496 NA
2002101109 0 0.0083076923 0.137075718 NA
2002101110 0 0.0083076923 0.1892950392 NA
2002101111 0 0.0083076923 0.2232375979 NA
2002101112 0 0.0081692308 0.2349869452 NA
2002101113 0 0.0078923077 0.2245430809 NA
2002101114 0 0.0077538462 0.1906005222 NA
2002101115 0 0.0077538462 0.134464752 NA
2002101116 0 0.0077538462 0.0665796345 NA
2002101117 0 0.0072 0.0117493473 NA
2002101118 0 0.0072 0 NA
2002101119 0 0.0072 0 NA
2002101120 0 0.0072 0 NA
2002101121 0 0.0072 0 NA
2002101122 0 0.0072 0 NA
2002101123 0 0.0072 0 NA
2002101200 0 0.0072 0 NA
2002101201 0 0.0067846154 0 NA
2002101202 0 0.0066461538 0 NA
2002101203 0 0.0066461538 0 NA
2002101204 0 0.0066461538 0 NA
2002101205 0 0.0066461538 0 NA
2002101206 0 0.0066461538 0 NA
2002101207 0 0.0066461538 0.0089974293 NA
2002101208 0 0.0066461538 0.029562982 NA
2002101209 0 0.0066461538 0.057840617 NA
2002101210 0 0.0066461538 0.0771208226 NA
2002101211 0 0.0066461538 0.087403599 NA
2002101212 0 0.0066461538 0.0964010283 NA
2002101213 0 0.0066461538 0.0706940874 NA
2002101214 0 0.0066461538 0.0424164524 NA
2002101215 0 0.0060923077 0.0218508997 NA
2002101216 0 0.0060923077 0.0077120823 NA
2002101217 0 0.0060923077 0 NA
2002101218 0 0.0060923077 0 NA
2002101219 0 0.0060923077 0 NA
2002101220 0 0.0060923077 0 NA
2002101221 0 0.0060923077 0 NA
2002101222 0 0.0060923077 0 NA
2002101223 0 0.0060923077 0 NA
2002101300 0 0.0060923077 0 NA
2002101301 0 0.0060923077 0 NA
2002101302 0 0.0060923077 0 NA
2002101303 0 0.0060923077 0 NA
2002101304 0 0.0060923077 0 NA
2002101305 0 0.0060923077 0 NA
2002101306 0 0.0060923077 0 NA
2002101307 0 0.0060923077 0.0025316456 NA
2002101308 0 0.0059538462 0.0164556962 NA
2002101309 0 0.0058153846 0.0367088608 NA
2002101310 0 0.0055384615 0.0594936709 NA
2002101311 0 0.0055384615 0.0518987342 NA
2002101312 0 0.0055384615 0.0443037975 NA
2002101313 0 0.0055384615 0.0417721519 NA
2002101314 0 0.0055384615 0.0151898734 NA
2002101315 0 0.0055384615 0.0151898734 NA
2002101316 0 0.0055384615 0.0139240506 NA
2002101317 0 0.0055384615 0.0025316456 NA
2002101318 0 0.0055384615 0 NA
2002101319 0 0.0055384615 0 NA
2002101320 0 0.0055384615 0 NA
2002101321 0 0.0055384615 0 NA
2002101322 0 0.0055384615 0 NA
2002101323 0 0.0055384615 0 NA
2002101400 0 0.0055384615 0 NA
2002101401 0 0.0055384615 0 NA
2002101402 0 0.0055384615 0 NA
2002101403 0.5 0.0055384615 0 NA
2002101404 0.8 0.0055384615 0 NA
2002101405 0.8 0.0055384615 0 NA
2002101406 0.4 0.0055384615 0 NA
2002101407 0 0.0055384615 0.0079295154 NA
2002101408 0 0.0056769231 0.0237885463 NA
2002101409 0.1 0.0060923077 0.0621145374 NA
2002101410 0 0.0060923077 0.0581497797 NA
2002101411 0.3 0.0060923077 0.0621145374 NA
2002101412 1.6 0.0060923077 0.0356828194 NA
2002101413 0.2 0.0060923077 0.0211453744 NA
2002101414 0.8 0.0060923077 0.0171806167 NA
2002101415 0.1 0.0062307692 0.0092511013 NA
2002101416 1.8 0.0067846154 0.0026431718 NA
2002101417 3.3 0.0072 0 NA
2002101418 0.5 0.0072 0 NA
2002101419 0.4 0.0078923077 0 NA
2002101420 0 0.0096923077 0 NA
2002101421 0 0.0108 0 NA
2002101422 0 0.0109384615 0 NA
2002101423 0 0.0105230769 0 NA
2002101500 0 0.0108 0 NA
2002101501 0 0.0112153846 0 NA
2002101502 0 0.0119076923 0 NA
2002101503 0 0.0124615385 0 NA
2002101504 0 0.0132923077 0 NA
2002101505 0 0.0138461538 0 NA
2002101506 0 0.0144 0 NA
2002101507 0 0.0148153846 0.0026431718 NA
2002101508 0 0.0150923077 0.0185022026 NA
2002101509 0 0.0155076923 0.0462555066 NA
2002101510 0 0.0159230769 0.0555066079 NA
2002101511 0 0.0160615385 0.0383259912 NA
2002101512 0 0.0164769231 0.0356828194 NA
2002101513 0 0.0166153846 0.0422907489 NA
2002101514 0 0.0170307692 0.0290748899 NA
2002101515 0 0.0174461538 0.0211453744 NA
2002101516 0 0.0177230769 0.0105726872 NA
2002101517 0 0.018 0 NA
2002101518 0.2 0.0182769231 0 NA
2002101519 0 0.0182769231 0 NA
2002101520 0 0.0188307692 0 NA
2002101521 0 0.0192461538 0 NA
2002101522 0 0.0193846154 0 NA
2002101523 0 0.0193846154 0 NA
2002101600 0 0.0193846154 0 NA
2002101601 0 0.0199384615 0 NA
2002101602 0 0.0199384615 0 NA
2002101603 0 0.0199384615 0 NA
2002101604 0 0.0199384615 0 NA
2002101605 0 0.0199384615 0 NA
2002101606 0 0.0199384615 0 NA
2002101607 0 0.0199384615 0.0150659134 NA
2002101608 0 0.0199384615 0.0512241055 NA
2002101609 0 0.0199384615 0.1461393597 NA
2002101610 0 0.0199384615 0.2290018832 NA
2002101611 0 0.0193846154 0.1220338983 NA
2002101612 0 0.0193846154 0.0828625235 NA
2002101613 0 0.0193846154 0.0888888889 NA
2002101614 0.1 0.0193846154 0.0376647834 NA
2002101615 0.3 0.0189692308 0.0210922787 NA
2002101616 0.7 0.0188307692 0.0060263653 NA
2002101617 1.8 0.0188307692 0 NA
2002101618 0.2 0.0188307692 0 NA
2002101619 0 0.0188307692 0 NA
2002101620 0 0.0193846154 0 NA
2002101621 0 0.0199384615 0 NA
2002101622 0 0.0199384615 0 NA
2002101623 0 0.0199384615 0 NA
2002101700 0 0.0199384615 0 NA
2002101701 0 0.0200769231 0 NA
2002101702 0 0.0204923077 0 NA
2002101703 0 0.0207692308 0 NA
2002101704 0 0.0210461538 0 NA
2002101705 0 0.0216 0 NA
2002101706 0 0.0216 0 NA
2002101707 0 0.0216 0.0088888889 NA
2002101708 0 0.0216 0.0266666667 NA
2002101709 0 0.0216 0.1037037037 NA
2002101710 0 0.0216 0.2044444444 NA
2002101711 0 0.0216 0.1659259259 NA
2002101712 0 0.0216 0.1274074074 NA
2002101713 0 0.0216 0.1244444444 NA
2002101714 0 0.0216 0.1140740741 NA
2002101715 0 0.0216 0.0977777778 NA
2002101716 0 0.0216 0.0237037037 NA
2002101717 0 0.0216 0.002962963 NA
2002101718 0 0.0213230769 0 NA
2002101719 0 0.0210461538 0 NA
2002101720 0 0.0210461538 0 NA
2002101721 0 0.0209076923 0 NA
2002101722 0 0.0204923077 0 NA
2002101723 0 0.0203538462 0 NA
2002101800 0 0.0199384615 0 NA
2002101801 0 0.0195230769 0 NA
2002101802 0 0.0193846154 0 NA
2002101803 0 0.0191076923 0 NA
2002101804 0 0.0188307692 0 NA
2002101805 0 0.0185538462 0 NA
2002101806 0 0.0182769231 0 NA
2002101807 0 0.0182769231 0.0094594595 NA
2002101808 0 0.018 0.0567567568 NA
2002101809 0 0.0177230769 0.122972973 NA
2002101810 0 0.0174461538 0.1581081081 NA
2002101811 0 0.0171692308 0.1162162162 NA
2002101812 0 0.0166153846 0.0905405405 NA
2002101813 1.6 0.0166153846 0.0864864865 NA
2002101814 0 0.0166153846 0.1067567568 NA
2002101815 0 0.0166153846 0.0378378378 NA
2002101816 0 0.0166153846 0.0148648649 NA
2002101817 0.3 0.0166153846 0 NA
2002101818 0 0.0166153846 0 NA
2002101819 0 0.0160615385 0 NA
2002101820 0 0.0160615385 0 NA
2002101821 0 0.0160615385 0 NA
2002101822 0 0.0160615385 0 NA
2002101823 0 0.0157846154 0 NA
2002101900 0 0.0155076923 0 NA
2002101901 0 0.0155076923 0 NA
2002101902 0 0.0155076923 0 NA
2002101903 0 0.0155076923 0 NA
2002101904 0 0.0150923077 0 NA
2002101905 0 0.0149538462 0 NA
2002101906 0 0.0149538462 0 NA
2002101907 0 0.0149538462 0.0137285491 NA
2002101908 0 0.0149538462 0.0374414977 NA
2002101909 0 0.0146769231 0.1198127925 NA
2002101910 0 0.0144 0.144773791 NA
2002101911 0 0.0144 0.0998439938 NA
2002101912 0 0.0138461538 0.0873634945 NA
2002101913 0 0.0138461538 0.1547581903 NA
2002101914 0 0.0138461538 0.0686427457 NA
2002101915 0 0.0135692308 0.048673947 NA
2002101916 0 0.0132923077 0.0199687988 NA
2002101917 0 0.0132923077 0.0049921997 NA
2002101918 0 0.0132923077 0 NA
2002101919 0 0.0130153846 0 NA
2002101920 0 0.0127384615 0 NA
2002101921 0 0.0127384615 0 NA
2002101922 0 0.0127384615 0 NA
2002101923 0 0.0127384615 0 NA
2002102000 0 0.0127384615 0 NA
2002102001 0 0.0127384615 0 NA
2002102002 0 0.0127384615 0 NA
2002102003 0 0.0123230769 0 NA
2002102004 0 0.0121846154 0 NA
2002102005 0 0.0121846154 0 NA
2002102006 0 0.0121846154 0 NA
2002102007 0 0.0121846154 0.0026706231 NA
2002102008 0 0.0121846154 0.0133531157 NA
2002102009 0 0.0121846154 0.0333827893 NA
2002102010 0 0.0121846154 0.0867952522 NA
2002102011 0 0.0121846154 0.2016320475 NA
2002102012 0 0.0120461538 0.1802670623 NA
2002102013 0 0.0116307692 0.1709198813 NA
2002102014 0 0.0116307692 0.1255192878 NA
2002102015 0 0.0116307692 0.0614243323 NA
2002102016 0 0.0116307692 0.0227002967 NA
2002102017 0 0.0116307692 0.0013353116 NA
2002102018 0 0.0116307692 0 NA
2002102019 0 0.0116307692 0 NA
2002102020 0 0.0116307692 0 NA
2002102021 0.2 0.0116307692 0 NA
2002102022 0.8 0.0116307692 0 NA
2002102023 0.3 0.0116307692 0 NA
2002102100 0.1 0.0116307692 0 NA
2002102101 0.2 0.0116307692 0 NA
2002102102 0 0.0121846154 0 NA
2002102103 0 0.0121846154 0 NA
2002102104 0.3 0.0121846154 0 NA
2002102105 0.8 0.0126 0 NA
2002102106 0.3 0.0127384615 0 NA
2002102107 1.1 0.0127384615 0 NA
2002102108 0.7 0.0130153846 0.0038095238 NA
2002102109 0.7 0.0138461538 0.0095238095 NA
2002102110 0 0.0142615385 0.04 NA
2002102111 0 0.0191076923 0.0514285714 NA
2002102112 0 0.0185538462 0.0361904762 NA
2002102113 0 0.0173076923 0.0285714286 NA
2002102114 0.1 0.0171692308 0.019047619 NA
2002102115 0.3 0.0171692308 0.0095238095 NA
2002102116 0.5 0.0175846154 0.0019047619 NA
2002102117 0.6 0.0182769231 0 NA
2002102118 0 0.0192461538 0 NA
2002102119 0 0.0202153846 0 NA
2002102120 0 0.0213230769 0 NA
2002102121 0 0.0221538462 0 NA
2002102122 0 0.0227076923 0 NA
2002102123 0 0.0232615385 0 NA
2002102200 0 0.0240923077 0 NA
2002102201 0 0.0246461538 0 NA
2002102202 0 0.0253384615 0 NA
2002102203 0 0.0260307692 0 NA
2002102204 0 0.0265846154 0 NA
2002102205 0 0.027 0 NA
2002102206 1.2 0.0272769231 0 NA
2002102207 0 0.0276923077 0.0015228426 NA
2002102208 0 0.0285230769 0.0517766497 NA
2002102209 0.4 0.0293538462 0.0517766497 NA
2002102210 0.3 0.0299076923 0.0730964467 NA
2002102211 0.2 0.0299076923 0.0654822335 NA
2002102212 0 0.0301846154 0.1385786802 NA
2002102213 0 0.0306 0.1096446701 NA
2002102214 0.7 0.0310153846 0.0365482234 NA
2002102215 0.1 0.0310153846 0.0532994924 NA
2002102216 0 0.0317076923 0.016751269 NA
2002102217 0 0.0324 0.0015228426 NA
2002102218 0 0.0330923077 0 NA
2002102219 0 0.0339230769 0 NA
2002102220 0 0.0346153846 0 NA
2002102221 0 0.0350307692 0 NA
2002102222 0 0.0354461538 0 NA
2002102223 0.1 0.0357230769 0 NA
2002102300 0 0.036 0 NA
2002102301 1.4 0.0364153846 0 NA
2002102302 0.4 0.0365538462 0 NA
2002102303 0.2 0.0365538462 0 NA
2002102304 1 0.0371076923 0 NA
2002102305 0 0.0380769231 0 NA
2002102306 0 0.0378 0 NA
2002102307 0 0.0384923077 0.0015789474 NA
2002102308 0 0.0391846154 0.0173684211 NA
2002102309 0 0.0393230769 0.0442105263 NA
2002102310 0 0.0397384615 0.0331578947 NA
2002102311 0 0.0398769231 0.0647368421 NA
2002102312 0 0.0402923077 0.0931578947 NA
2002102313 0 0.0404307692 0.1468421053 NA
2002102314 0 0.0404307692 0.1121052632 NA
2002102315 0.8 0.0401538462 0.0473684211 NA
2002102316 0 0.0398769231 0.0394736842 NA
2002102317 0 0.0398769231 0 NA
2002102318 0.4 0.0398769231 0 NA
2002102319 0 0.0396 0 NA
2002102320 0 0.0390461538 0 NA
2002102321 0 0.0387692308 0 NA
2002102322 0.4 0.0384923077 0 NA
2002102323 0 0.0378 0 NA
2002102400 0.1 0.0373846154 0 NA
2002102401 0.1 0.0371076923 0 NA
2002102402 0 0.0369692308 0 NA
2002102403 0.1 0.0365538462 0 NA
2002102404 0 0.0365538462 0 NA
2002102405 0 0.0365538462 0 NA
2002102406 0 0.0365538462 0 NA
2002102407 0 0.036 0.0039073806 NA
2002102408 0 0.036 0.0364688857 NA
2002102409 0 0.0355846154 0.0651230101 NA
2002102410 0 0.0354461538 0.1341534009 NA
2002102411 0 0.0348923077 0.1823444284 NA
2002102412 0 0.0344769231 0.1575976845 NA
2002102413 0 0.0340615385 0.0989869754 NA
2002102414 0 0.0337846154 0.122431259 NA
2002102415 0 0.0336461538 0.0690303907 NA
2002102416 0 0.0332307692 0.0286541245 NA
2002102417 0 0.0329538462 0.0013024602 NA
2002102418 0 0.0324 0 NA
2002102419 0 0.0321230769 0 NA
2002102420 0 0.0321230769 0 NA
2002102421 0 0.0319846154 0 NA
2002102422 0 0.0315692308 0 NA
2002102423 0 0.0314307692 0 NA
2002102500 0 0.0310153846 0 NA
2002102501 0 0.0310153846 0 NA
2002102502 0 0.0307384615 0 NA
2002102503 0 0.0304615385 0 NA
2002102504 0 0.0304615385 0 NA
2002102505 0 0.0304615385 0 NA
2002102506 0 0.0303230769 0 NA
2002102507 0 0.0299076923 0.002764977 NA
2002102508 0 0.0299076923 0.0096774194 NA
2002102509 0 0.0299076923 0.0235023041 NA
2002102510 0 0.0293538462 0.06359447 NA
2002102511 0 0.0293538462 0.0801843318 NA
2002102512 0.5 0.0288 0.0262672811 NA
2002102513 0.8 0.0288 0.0304147465 NA
2002102514 0.6 0.0288 0.031797235 NA
2002102515 0.3 0.0288 0.0276497696 NA
2002102516 0.7 0.0288 0.0041474654 NA
2002102517 0.9 0.0293538462 0 NA
2002102518 2.5 0.0294923077 0 NA
2002102519 0.3 0.0304615385 0 NA
2002102520 0 0.0318461538 0 NA
2002102521 0 0.0340615385 0 NA
2002102522 0 0.0354461538 0 NA
2002102523 0 0.036 0 NA
2002102600 1.1 0.0369692308 0 NA
2002102601 1 0.0387692308 0 NA
2002102602 2.7 0.0405692308 0 NA
2002102603 0 0.0433384615 0 NA
2002102604 0.2 0.0466615385 0 NA
2002102605 0.4 0.0502615385 0 NA
2002102606 0.1 0.054 0 NA
2002102607 0 0.0580153846 0.0042857143 NA
2002102608 0 0.0620307692 0.0471428571 NA
2002102609 0 0.0660461538 0.1085714286 NA
2002102610 0 0.0692307692 0.1657142857 NA
2002102611 0 0.0726923077 0.1742857143 NA
2002102612 0 0.0725538462 0.2171428571 NA
2002102613 0 0.0726923077 0.1585714286 NA
2002102614 0 0.0731076923 0.1328571429 NA
2002102615 0 0.0732461538 0.0771428571 NA
2002102616 0 0.0726923077 0.0142857143 NA
2002102617 0 0.0717230769 0 NA
2002102618 0 0.0711692308 0 NA
2002102619 0 0.0696461538 0 NA
2002102620 0 0.0682615385 0 NA
2002102621 0 0.0667384615 0 NA
2002102622 0 0.0652153846 0 NA
2002102623 0 0.0636923077 0 NA
2002102700 0 0.0624461538 0 NA
2002102701 0 0.0612 0 NA
2002102702 0.5 0.0603692308 0 NA
2002102703 1 0.0589846154 0 NA
2002102704 0.1 0.0581538462 0 NA
2002102705 0.4 0.0582923077 0 NA
2002102706 2 0.0587076923 0 NA
2002102707 0.4 0.0587076923 0 NA
2002102708 0 0.0592615385 0.0041666667 NA
2002102709 0.3 0.0616153846 0.0402777778 NA
2002102710 0 0.0628615385 0.0416666667 NA
2002102711 0 0.0645230769 0.1097222222 NA
2002102712 0 0.0667384615 0.15 NA
2002102713 0 0.0688153846 0.1166666667 NA
2002102714 0.1 0.0711692308 0.0277777778 NA
2002102715 0.4 0.0731076923 0.0083333333 NA
2002102716 1.5 0.0729692308 0.0013888889 NA
2002102717 1.2 0.0722769231 0 NA
2002102718 1.3 0.0740769231 0 NA
2002102719 1.6 0.0738 0 NA
2002102720 1.5 0.0757384615 0 NA
2002102721 0 0.0783692308 0 NA
2002102722 2.5 0.0814153846 0 NA
2002102723 0 0.0868153846 0 NA
2002102800 0.1 0.0936 0 NA
2002102801 0.1 0.1044 0 NA
2002102802 0 0.1139538462 0 NA
2002102803 0.1 0.1308461538 0 NA
2002102804 1.5 0.1356923077 0 NA
2002102805 0.5 0.1383230769 0 NA
2002102806 0.1 0.1404 0 NA
2002102807 0 0.1419230769 0.004379562 NA
2002102808 0 0.1428923077 0.0291970803 NA
2002102809 0 0.1433076923 0.099270073 NA
2002102810 0 0.1462153846 0.1620437956 NA
2002102811 0 0.1546615385 0.1562043796 NA
2002102812 0 0.1534153846 0.1824817518 NA
2002102813 0.3 0.1548 0.0686131387 NA
2002102814 0 0.1525846154 0.1620437956 NA
2002102815 0 0.1658769231 0.0919708029 NA
2002102816 0 0.1661538462 0.0408759124 NA
2002102817 0 0.1712769231 0.002919708 NA
2002102818 0 0.1586769231 0 NA
2002102819 0 0.1352769231 0 NA
2002102820 0 0.1253076923 0 NA
2002102821 0 0.1201846154 0 NA
2002102822 0 0.1161692308 0 NA
2002102823 0 0.1129846154 0 NA
2002102900 0 0.1099384615 0 NA
2002102901 0 0.1075846154 0 NA
2002102902 0 0.1049538462 0 NA
2002102903 0 0.1024615385 0 NA
2002102904 0 0.0999692308 0 NA
2002102905 0 0.0977538462 0 NA
2002102906 0 0.0955384615 0 NA
2002102907 0 0.0938769231 0.0014814815 NA
2002102908 0 0.0919384615 0.042962963 NA
2002102909 0 0.09 0.0637037037 NA
2002102910 0 0.0879230769 0.0562962963 NA
2002102911 0 0.0859846154 0.0622222222 NA
2002102912 0 0.0844615385 0.0622222222 NA
2002102913 0 0.0833538462 0.0444444444 NA
2002102914 0 0.0821076923 0.04 NA
2002102915 0 0.081 0.0192592593 NA
2002102916 0 0.0798923077 0.0074074074 NA
2002102917 0 0.0789230769 0 NA
2002102918 0 0.0779538462 0 NA
2002102919 0 0.0771230769 0 NA
2002102920 0 0.0761538462 0 NA
2002102921 0 0.0747692308 0 NA
2002102922 0 0.0736615385 0 NA
2002102923 0.3 0.0724153846 0 NA
2002103000 0.2 0.0713076923 0 NA
2002103001 0.6 0.0703384615 0 NA
2002103002 0.4 0.0696461538 0 NA
2002103003 0.1 0.0692307692 0 NA
2002103004 0 0.0692307692 0 NA
2002103005 0 0.0686769231 0 NA
2002103006 0 0.0682615385 0 NA
2002103007 0 0.0678461538 0.0013333333 NA
2002103008 0 0.0675692308 0.0293333333 NA
2002103009 0 0.0670153846 0.064 NA
2002103010 0 0.0664615385 0.124 NA
2002103011 0 0.0695076923 0.1533333333 NA
2002103012 0 0.0725538462 0.144 NA
2002103013 0 0.0728307692 0.1546666667 NA
2002103014 0 0.0822461538 0.1413333333 NA
2002103015 0 0.0888923077 0.0746666667 NA
2002103016 0 0.0829384615 0.0133333333 NA
2002103017 0 0.0718615385 0 NA
2002103018 0 0.0654923077 0 NA
2002103019 0 0.0627230769 0 NA
2002103020 0 0.0609230769 0 NA
2002103021 0 0.0600923077 0 NA
2002103022 0 0.0591230769 0 NA
2002103023 0 0.0581538462 0 NA
2002103100 0 0.0574615385 0 NA
2002103101 0 0.0567692308 0 NA
2002103102 0 0.0559384615 0 NA
2002103103 0 0.0551076923 0 NA
2002103104 0 0.0544153846 0 NA
2002103105 0 0.0537230769 0 NA
2002103106 0 0.0530307692 0 NA
2002103107 0 0.0523384615 0.0025316456 NA
2002103108 0 0.0516461538 0.035443038 NA
2002103109 0 0.0508153846 0.0873417722 NA
2002103110 0 0.0498461538 0.1075949367 NA
2002103111 0 0.0488769231 0.1506329114 NA
2002103112 0 0.0481846154 0.164556962 NA
2002103113 0 0.0473538462 0.1506329114 NA
2002103114 0 0.0466615385 0.1139240506 NA
2002103115 0 0.0465230769 0.0683544304 NA
2002103116 0 0.0463846154 0.0189873418 NA
2002103117 0 0.0458307692 0 NA
2002103118 0 0.0444461538 0 NA
2002103119 0 0.0440307692 0 NA
2002103120 0 0.0441692308 0 NA
2002103121 0 0.0434769231 0 NA
2002103122 0 0.0427846154 0 NA
2002103123 0 0.0420923077 0 NA
2002110100 0 0.0416769231 0 NA
2002110101 0 0.0412615385 0 NA
2002110102 0 0.0409846154 0 NA
2002110103 0 0.0405692308 0 NA
2002110104 0 0.0404307692 0 NA
2002110105 0 0.0401538462 0 NA
2002110106 0 0.0398769231 0 NA
2002110107 0 0.0393230769 0 NA
2002110108 0 0.0390461538 0.0033707865 NA
2002110109 0 0.0387692308 0.008988764 NA
2002110110 0 0.0384923077 0.0179775281 NA
2002110111 0 0.0382153846 0.0685393258 NA
2002110112 0 0.0376615385 0.0550561798 NA
2002110113 0 0.0376615385 0.0235955056 NA
2002110114 0 0.0376615385 0.008988764 NA
2002110115 0 0.0376615385 0.0101123596 NA
2002110116 0 0.0376615385 0.0033707865 NA
2002110117 0 0.0376615385 0 NA
2002110118 0 0.0380769231 0 NA
2002110119 0 0.0376615385 0 NA
2002110120 0 0.0376615385 0 NA
2002110121 0 0.0373846154 0 NA
2002110122 0.5 0.0371076923 0 NA
2002110123 1.3 0.0371076923 0 NA
2002110200 2.4 0.0372461538 0 NA
2002110201 1.6 0.0391846154 0 NA
2002110202 0 0.0438923077 0 NA
2002110203 0.2 0.0484615385 0 NA
2002110204 0 0.0531692308 0 NA
2002110205 0 0.0591230769 0 NA
2002110206 0 0.0635538462 0 NA
2002110207 0 0.0659076923 0.0015009381 NA
2002110208 0 0.0678461538 0.0150093809 NA
2002110209 0 0.0693692308 0.0930581614 NA
2002110210 0 0.0702 0.1125703565 NA
2002110211 0 0.0708923077 0.0780487805 NA
2002110212 0 0.0708923077 0.1260787992 NA
2002110213 0 0.0738 0.1756097561 NA
2002110214 0 0.0749076923 0.1245778612 NA
2002110215 0 0.0721384615 0.0570356473 NA
2002110216 0 0.0703384615 0.0165103189 NA
2002110217 0 0.0697846154 0 NA
2002110218 0 0.0689538462 0 NA
2002110219 0 0.0679846154 0 NA
2002110220 0 0.0668769231 0 NA
2002110221 0 0.0659076923 0 NA
2002110222 0 0.0650769231 0 NA
2002110223 0 0.0646615385 0 NA
2002110300 0.1 0.0639692308 0 NA
2002110301 1.1 0.0636923077 0 NA
2002110302 1 0.0636923077 0 NA
2002110303 0.3 0.0641076923 0 NA
2002110304 0.4 0.0661846154 0 NA
2002110305 2.7 0.0678461538 0 NA
2002110306 2 0.0711692308 0 NA
2002110307 2.3 0.0800307692 0 NA
2002110308 0.4 0.0955384615 0.0026578073 NA
2002110309 0.5 0.1215692308 0.0066445183 NA
2002110310 0.3 0.1514769231 0.0093023256 NA
2002110311 0.2 0.1697538462 0.0451827243 NA
2002110312 0.1 0.1757076923 0.0451827243 NA
2002110313 0 0.1775076923 0.0850498339 NA
2002110314 0 0.1776461538 0.0956810631 NA
2002110315 0 0.1748769231 0.1009966777 NA
2002110316 0 0.1705846154 0.0093023256 NA
2002110317 0 0.1658769231 0 NA
2002110318 0 0.1604769231 0 NA
2002110319 0 0.1549384615 0 NA
2002110320 0 0.1494 0 NA
2002110321 0 0.1444153846 0 NA
2002110322 0 0.1401230769 0 NA
2002110323 0 0.1356923077 0 NA
2002110400 0 0.1315384615 0 NA
2002110401 0 0.1276615385 0 NA
2002110402 0 0.1239230769 0 NA
2002110403 0 0.1206 0 NA
2002110404 0 0.1174153846 0 NA
2002110405 0 0.1142307692 0 NA
2002110406 0 0.1113230769 0 NA
2002110407 0 0.1084153846 0 NA
2002110408 0 0.1059230769 0.0066312997 NA
2002110409 0 0.1027384615 0.0278514589 NA
2002110410 0 0.0999692308 0.0411140584 NA
2002110411 0 0.0974769231 0.0676392573 NA
2002110412 0 0.0952615385 0.1047745358 NA
2002110413 0 0.0930461538 0.1047745358 NA
2002110414 0 0.0908307692 0.0875331565 NA
2002110415 0 0.0893076923 0.0450928382 NA
2002110416 0 0.0873692308 0.0145888594 NA
2002110417 0 0.0861230769 0 NA
2002110418 0 0.0855692308 0 NA
2002110419 0 0.0839076923 0 NA
2002110420 0 0.0815538462 0 NA
2002110421 0 0.0796153846 0 NA
2002110422 0 0.0779538462 0 NA
2002110423 0 0.0764307692 0 NA
2002110500 0 0.0749076923 0 NA
2002110501 0 0.0736615385 0 NA
2002110502 0 0.0722769231 0 NA
2002110503 0 0.0714461538 0 NA
2002110504 0 0.0699230769 0 NA
2002110505 0 0.0689538462 0 NA
2002110506 0 0.0678461538 0 NA
2002110507 0 0.0667384615 0 NA
2002110508 0 0.0657692308 0.0112676056 NA
2002110509 0 0.0645230769 0.0366197183 NA
2002110510 0 0.0632769231 0.0971830986 NA
2002110511 0 0.0621692308 0.0915492958 NA
2002110512 0 0.0612 0.0605633803 NA
2002110513 0 0.0602307692 0.0394366197 NA
2002110514 0 0.0594 0.0394366197 NA
2002110515 0 0.0584307692 0.0197183099 NA
2002110516 0 0.0584307692 0.0042253521 NA
2002110517 0 0.0573230769 0 NA
2002110518 0 0.0564923077 0 NA
2002110519 0 0.0556615385 0 NA
2002110520 0 0.0549692308 0 NA
2002110521 0 0.0544153846 0 NA
2002110522 0 0.0537230769 0 NA
2002110523 0 0.0533076923 0 NA
2002110600 0 0.0524769231 0 NA
2002110601 0 0.0520615385 0 NA
2002110602 0 0.0513692308 0 NA
2002110603 0 0.0509538462 0 NA
2002110604 0 0.0506769231 0 NA
2002110605 0 0.0502615385 0 NA
2002110606 0 0.0497076923 0 NA
2002110607 0 0.0492923077 0 NA
2002110608 0 0.0490153846 0.014968815 NA
2002110609 0 0.0486 0.0586278586 NA
2002110610 0 0.0480461538 0.111018711 NA
2002110611 0 0.0476307692 0.1297297297 NA
2002110612 0 0.0470769231 0.1284823285 NA
2002110613 0 0.0468 0.0673596674 NA
2002110614 0 0.0465230769 0.0561330561 NA
2002110615 0 0.0465230769 0.0261954262 NA
2002110616 0 0.0465230769 0.0074844075 NA
2002110617 0 0.0465230769 0 NA
2002110618 0 0.0465230769 0 NA
2002110619 0 0.0465230769 0 NA
2002110620 0 0.0462461538 0 NA
2002110621 0 0.0459692308 0 NA
2002110622 0 0.0454153846 0 NA
2002110623 0 0.0451384615 0 NA
2002110700 0 0.0445846154 0 NA
2002110701 0 0.0441692308 0 NA
2002110702 0.9 0.0437538462 0 NA
2002110703 1.8 0.0432 0 NA
2002110704 2 0.0433384615 0 NA
2002110705 2.1 0.0461076923 0 NA
2002110706 1.4 0.0504 0 NA
2002110707 0.5 0.0563538462 0 NA
2002110708 0.9 0.0657692308 0.0043902439 NA
2002110709 0.5 0.0790615385 0.0146341463 NA
2002110710 0.1 0.0963692308 0.0248780488 NA
2002110711 0.3 0.1074461538 0.032195122 NA
2002110712 0 0.1174153846 0.0746341463 NA
2002110713 0 0.1242 0.0643902439 NA
2002110714 0 0.1269692308 0.0482926829 NA
2002110715 0 0.1283538462 0.0219512195 NA
2002110716 0 0.1293230769 0.0146341463 NA
2002110717 0 0.1296 0 NA
2002110718 0 0.1290461538 0 NA
2002110719 0 0.1262769231 0 NA
2002110720 0 0.1228153846 0 NA
2002110721 0 0.1197692308 0 NA
2002110722 0 0.1167230769 0 NA
2002110723 0 0.1135384615 0 NA
2002110800 0 0.1106307692 0 NA
2002110801 0 0.1077230769 0 NA
2002110802 0 0.1045384615 0 NA
2002110803 0 0.1019076923 0 NA
2002110804 0 0.0994153846 0 NA
2002110805 0 0.0970615385 0 NA
2002110806 0 0.0948461538 0 NA
2002110807 0 0.0927692308 0 NA
2002110808 0 0.0905538462 0.0194805195 NA
2002110809 0 0.0888923077 0.0545454545 NA
2002110810 0 0.0872307692 0.0922077922 NA
2002110811 0 0.0855692308 0.0805194805 NA
2002110812 0 0.0840461538 0.0688311688 NA
2002110813 0 0.0829384615 0.0454545455 NA
2002110814 0 0.0822461538 0.025974026 NA
2002110815 0 0.0819692308 0.0116883117 NA
2002110816 0.3 0.0807230769 0.0012987013 NA
2002110817 1.1 0.0798923077 0 NA
2002110818 1.6 0.0798923077 0 NA
2002110819 1.7 0.0815538462 0 NA
2002110820 2.7 0.0864 0 NA
2002110821 2.9 0.0959538462 0 NA
2002110822 2 0.1185230769 0 NA
2002110823 1.4 0.1679538462 0 NA
2002110900 1.1 0.2503384615 0 NA
2002110901 1.7 0.3080769231 0 NA
2002110902 0.2 0.3381230769 0 NA
2002110903 0 0.3611076923 0 NA
2002110904 0 0.3627692308 0 NA
2002110905 0 0.3438 0 NA
2002110906 0 0.3201230769 0 NA
2002110907 0 0.2981076923 0 NA
2002110908 0 0.2820461538 0.0146110057 NA
2002110909 0 0.2734615385 0.0278937381 NA
2002110910 0 0.2518615385 0.1115749526 NA
2002110911 0 0.2374615385 0.1514231499 NA
2002110912 0 0.2262461538 0.135483871 NA
2002110913 0 0.2162769231 0.1142314991 NA
2002110914 0 0.2067230769 0.0903225806 NA
2002110915 0 0.1984153846 0.0491461101 NA
2002110916 0 0.1908 0.005313093 NA
2002110917 0 0.1837384615 0 NA
2002110918 0 0.1762615385 0 NA
2002110919 0 0.1694769231 0 NA
2002110920 0 0.1638 0 NA
2002110921 0 0.1581230769 0 NA
2002110922 0 0.1531384615 0 NA
2002110923 0 0.1484307692 0 NA
2002111000 0 0.1438615385 0 NA
2002111001 0 0.1398461538 0 NA
2002111002 0 0.1355538462 0 NA
2002111003 0 0.1322307692 0 NA
2002111004 0 0.1289076923 0 NA
2002111005 0 0.1255846154 0 NA
2002111006 0 0.1224 0 NA
2002111007 0 0.1194923077 0.0013550136 NA
2002111008 0 0.117 0.0447154472 NA
2002111009 0 0.1143692308 0.0582655827 NA
2002111010 0 0.1116 0.0867208672 NA
2002111011 0 0.1093846154 0.081300813 NA
2002111012 0 0.1073076923 0.081300813 NA
2002111013 0 0.1057846154 0.0758807588 NA
2002111014 0 0.1041230769 0.0474254743 NA
2002111015 0 0.1030153846 0.0203252033 NA
2002111016 0 0.1019076923 0.0027100271 NA
2002111017 0.9 0.1009384615 0 NA
2002111018 0.5 0.1002461538 0 NA
2002111019 0.4 0.1003846154 0 NA
2002111020 0.5 0.1014923077 0 NA
2002111021 0.2 0.1021846154 0 NA
2002111022 0.2 0.1044 0 NA
2002111023 0.3 0.1066153846 0 NA
2002111100 0.2 0.1088307692 0 NA
2002111101 1.2 0.1113230769 0 NA
2002111102 1.1 0.1140923077 0 NA
2002111103 0 0.1197692308 0 NA
2002111104 0 0.1269692308 0 NA
2002111105 0 0.1345846154 0 NA
2002111106 0 0.1401230769 0 NA
2002111107 0 0.1420615385 0 NA
2002111108 0 0.1420615385 0.0221987315 NA
2002111109 0 0.1409538462 0.0739957717 NA
2002111110 0 0.1381846154 0.1109936575 NA
2002111111 0 0.135 0.1317124736 NA
2002111112 0 0.1322307692 0.0976744186 NA
2002111113 0 0.1291846154 0.1317124736 NA
2002111114 0 0.1261384615 0.0828752643 NA
2002111115 0.1 0.1233692308 0.044397463 NA
2002111116 0 0.1219846154 0.0044397463 NA
2002111117 0 0.1190769231 0 NA
2002111118 0 0.1147846154 0 NA
2002111119 0 0.1120153846 0 NA
2002111120 0 0.1089692308 0 NA
2002111121 0 0.1066153846 0 NA
2002111122 0 0.1038461538 0 NA
2002111123 0 0.1017692308 0 NA
2002111200 0 0.0999692308 0 NA
2002111201 0 0.0981692308 0 NA
2002111202 0 0.0963692308 0 NA
2002111203 0 0.0949846154 0 NA
2002111204 0 0.0938769231 0 NA
2002111205 0.2 0.0927692308 0 NA
2002111206 0 0.0916615385 0 NA
2002111207 0 0.0905538462 0 NA
2002111208 0 0.0897230769 0.0112044818 NA
2002111209 0 0.0886153846 0.0378151261 NA
2002111210 0 0.0873692308 0.0798319328 NA
2002111211 0 0.0861230769 0.1078431373 NA
2002111212 0 0.0855692308 0.0882352941 NA
2002111213 0 0.0850153846 0.0854341737 NA
2002111214 0 0.0847384615 0.0644257703 NA
2002111215 0 0.0843230769 0.0210084034 NA
2002111216 0 0.0833538462 0.0042016807 NA
2002111217 0 0.0825230769 0 NA
2002111218 0 0.0816923077 0 NA
2002111219 0 0.081 0 NA
2002111220 0.2 0.0800307692 0 NA
2002111221 0.3 0.0793384615 0 NA
2002111222 0.2 0.0786461538 0 NA
2002111223 0 0.0782307692 0 NA
2002111300 0 0.0775384615 0 NA
2002111301 0 0.0768461538 0 NA
2002111302 0 0.0760153846 0 NA
2002111303 0 0.0753230769 0 NA
2002111304 0 0.0753230769 0 NA
2002111305 0 0.0746307692 0 NA
2002111306 0 0.0742153846 0 NA
2002111307 0.3 0.0736615385 0 NA
2002111308 0.3 0.0736615385 0.0027522936 NA
2002111309 1.3 0.0731076923 0.0096330275 NA
2002111310 0.4 0.0731076923 0.0233944954 NA
2002111311 0.5 0.0733846154 0.0330275229 NA
2002111312 0.1 0.0739384615 0.0619266055 NA
2002111313 0 0.0751846154 0.0949541284 NA
2002111314 0 0.0764307692 0.0495412844 NA
2002111315 0 0.0779538462 0.0233944954 NA
2002111316 0 0.0793384615 0.0013761468 NA
2002111317 0 0.0803076923 0 NA
2002111318 0.1 0.0801692308 0 NA
2002111319 0 0.0792 0 NA
2002111320 0 0.0776769231 0 NA
2002111321 0 0.0764307692 0 NA
2002111322 0 0.0749076923 0 NA
2002111323 0 0.0738 0 NA
2002111400 0 0.0726923077 0 NA
2002111401 0 0.0718615385 0 NA
2002111402 0 0.0713076923 0 NA
2002111403 0 0.0707538462 0 NA
2002111404 0 0.0703384615 0 NA
2002111405 0.1 0.0697846154 0 NA
2002111406 2.3 0.0693692308 0 NA
2002111407 1.8 0.0692307692 0 NA
2002111408 0 0.0689538462 0.0051282051 NA
2002111409 0 0.0685384615 0.0423076923 NA
2002111410 0 0.0677076923 0.0423076923 NA
2002111411 0 0.0664615385 0.0294871795 NA
2002111412 0 0.0653538462 0.0371794872 NA
2002111413 0 0.0645230769 0.0320512821 NA
2002111414 0 0.0639692308 0.0576923077 NA
2002111415 0 0.063 0.0435897436 NA
2002111416 0 0.0621692308 0.0102564103 NA
2002111417 0 0.0616153846 0 NA
2002111418 0 0.0609230769 0 NA
2002111419 0 0.0600923077 0 NA
2002111420 0 0.0589846154 0 NA
2002111421 0 0.0580153846 0 NA
2002111422 0 0.0571846154 0 NA
2002111423 0 0.0566307692 0 NA
2002111500 0 0.0562153846 0 NA
2002111501 0 0.0553846154 0 NA
2002111502 0 0.0546923077 0 NA
2002111503 0 0.054 0 NA
2002111504 0 0.0537230769 0 NA
2002111505 0 0.0531692308 0 NA
2002111506 0 0.0531692308 0 NA
2002111507 0 0.0527538462 0 NA
2002111508 0 0.0520615385 0.0055555556 NA
2002111509 0 0.0515076923 0.0305555556 NA
2002111510 0 0.0510923077 0.0611111111 NA
2002111511 0 0.0506769231 0.0708333333 NA
2002111512 0 0.0501230769 0.0402777778 NA
2002111513 0 0.0495692308 0.0416666667 NA
2002111514 0 0.0492923077 0.0319444444 NA
2002111515 0 0.0486 0.0152777778 NA
2002111516 0 0.0476307692 0.0027777778 NA
2002111517 0 0.0476307692 0 NA
2002111518 0 0.0473538462 0 NA
2002111519 0 0.0470769231 0 NA
2002111520 0 0.0465230769 0 NA
2002111521 0 0.0461076923 0 NA
2002111522 0 0.0456923077 0 NA
2002111523 0 0.0454153846 0 NA
2002111600 0 0.0448615385 0 NA
2002111601 0 0.0448615385 0 NA
2002111602 0 0.0444461538 0 NA
2002111603 0 0.0443076923 0 NA
2002111604 0 0.0440307692 0 NA
2002111605 0 0.0437538462 0 NA
2002111606 0 0.0437538462 0 NA
2002111607 0 0.0437538462 0 NA
2002111608 0 0.0433384615 0.0014492754 NA
2002111609 0 0.0430615385 0.0173913043 NA
2002111610 0 0.0423692308 0.0347826087 NA
2002111611 0 0.0420923077 0.0362318841 NA
2002111612 0 0.0420923077 0.047826087 NA
2002111613 0 0.0420923077 0.0420289855 NA
2002111614 0 0.0420923077 0.015942029 NA
2002111615 0 0.0420923077 0.0043478261 NA
2002111616 0.2 0.0420923077 0 NA
2002111617 0.7 0.0420923077 0 NA
2002111618 0.1 0.0420923077 0 NA
2002111619 0.7 0.0420923077 0 NA
2002111620 0.6 0.0427846154 0 NA
2002111621 0.5 0.0441692308 0 NA
2002111622 0.8 0.0455538462 0 NA
2002111623 1 0.0473538462 0 NA
2002111700 0.5 0.0504 0 NA
2002111701 0.1 0.0544153846 0 NA
2002111702 0 0.0581538462 0 NA
2002111703 0.1 0.0625846154 0 NA
2002111704 0.1 0.0664615385 0 NA
2002111705 0.4 0.0689538462 0 NA
2002111706 0.1 0.0710307692 0 NA
2002111707 0 0.0728307692 0 NA
2002111708 0 0.0740769231 0.0030769231 NA
2002111709 0 0.0749076923 0.0292307692 NA
2002111710 0 0.0753230769 0.0261538462 NA
2002111711 0 0.0753230769 0.0353846154 NA
2002111712 0 0.0750461538 0.0538461538 NA
2002111713 0 0.0742153846 0.0630769231 NA
2002111714 0 0.0738 0.0646153846 NA
2002111715 0 0.0732461538 0.0215384615 NA
2002111716 0 0.0728307692 0.0030769231 NA
2002111717 0 0.0724153846 0 NA
2002111718 0 0.0713076923 0 NA
2002111719 0 0.0700615385 0 NA
2002111720 0 0.0693692308 0 NA
2002111721 0 0.0684 0 NA
2002111722 0 0.0674307692 0 NA
2002111723 0 0.0664615385 0 NA
2002111800 0 0.0654923077 0 NA
2002111801 0 0.0648 0 NA
2002111802 0 0.0638307692 0 NA
2002111803 0 0.0628615385 0 NA
2002111804 0 0.0621692308 0 NA
2002111805 0 0.0614769231 0 NA
2002111806 0 0.0606461538 0 NA
2002111807 0 0.0599538462 0 NA
2002111808 0 0.0591230769 0.0027777778 NA
2002111809 0 0.0584307692 0.0092592593 NA
2002111810 0.1 0.0573230769 0.0148148148 NA
2002111811 0 0.0566307692 0.025 NA
2002111812 0 0.0555230769 0.0194444444 NA
2002111813 0 0.0546923077 0.0157407407 NA
2002111814 0 0.0542769231 0.0083333333 NA
2002111815 0 0.0537230769 0.0046296296 NA
2002111816 0 0.0533076923 0 NA
2002111817 0 0.0531692308 0 NA
2002111818 0 0.0530307692 0 NA
2002111819 0 0.0523384615 0 NA
2002111820 0 0.0519230769 0 NA
2002111821 0 0.0512307692 0 NA
2002111822 0 0.0506769231 0 NA
2002111823 0 0.0504 0 NA
2002111900 0 0.0498461538 0 NA
2002111901 0 0.0494307692 0 NA
2002111902 0 0.0492923077 0 NA
2002111903 0 0.0492923077 0 NA
2002111904 0 0.0487384615 0 NA
2002111905 0 0.0484615385 0 NA
2002111906 0 0.0481846154 0 NA
2002111907 0 0.0477692308 0 NA
2002111908 0 0.0476307692 0.0063131313 NA
2002111909 0 0.0470769231 0.0353535354 NA
2002111910 0 0.0463846154 0.0441919192 NA
2002111911 0 0.0456923077 0.0934343434 NA
2002111912 0 0.0452769231 0.1161616162 NA
2002111913 0 0.0447230769 0.1161616162 NA
2002111914 0 0.0443076923 0.0656565657 NA
2002111915 0 0.0438923077 0.0202020202 NA
2002111916 0 0.0437538462 0.0025252525 NA
2002111917 0 0.0437538462 0 NA
2002111918 0 0.0432 0 NA
2002111919 0 0.0429230769 0 NA
2002111920 0 0.0422307692 0 NA
2002111921 0 0.0418153846 0 NA
2002111922 0 0.0412615385 0 NA
2002111923 0 0.0408461538 0 NA
2002112000 0 0.0404307692 0 NA
2002112001 0 0.0404307692 0 NA
2002112002 0 0.0400153846 0 NA
2002112003 0 0.0393230769 0 NA
2002112004 0 0.0393230769 0 NA
2002112005 0 0.0393230769 0 NA
2002112006 0 0.0393230769 0 NA
2002112007 0 0.0390461538 0 NA
2002112008 0 0.0387692308 0.0098522167 NA
2002112009 0 0.0387692308 0.0504926108 NA
2002112010 0 0.0382153846 0.0775862069 NA
2002112011 0 0.0379384615 0.0837438424 NA
2002112012 0 0.0376615385 0.118226601 NA
2002112013 0 0.0375230769 0.0800492611 NA
2002112014 0 0.0371076923 0.0541871921 NA
2002112015 0 0.0371076923 0.0246305419 NA
2002112016 0 0.0371076923 0.0012315271 NA
2002112017 0 0.0371076923 0 NA
2002112018 0 0.0371076923 0 NA
2002112019 0 0.0371076923 0 NA
2002112020 0 0.0371076923 0 NA
2002112021 0 0.0371076923 0 NA
2002112022 0 0.0371076923 0 NA
2002112023 0 0.0371076923 0 NA
2002112100 0 0.0371076923 0 NA
2002112101 0 0.0371076923 0 NA
2002112102 0 0.0371076923 0 NA
2002112103 0 0.0371076923 0 NA
2002112104 0 0.0371076923 0 NA
2002112105 0 0.0371076923 0 NA
2002112106 0 0.0371076923 0 NA
2002112107 0 0.0371076923 0 NA
2002112108 0 0.0371076923 0 NA
2002112109 0 0.0371076923 0.0104575163 NA
2002112110 0 0.0371076923 0.0261437908 NA
2002112111 0 0.0371076923 0.0366013072 NA
2002112112 0 0.0365538462 0.0562091503 NA
2002112113 0 0.0365538462 0.0261437908 NA
2002112114 0 0.0365538462 0.0248366013 NA
2002112115 0 0.0365538462 0.0196078431 NA
2002112116 0 0.0365538462 0 NA
2002112117 0 0.0364153846 0 NA
2002112118 0 0.036 0 NA
2002112119 0 0.036 0 NA
2002112120 0 0.0357230769 0 NA
2002112121 0 0.0354461538 0 NA
2002112122 0 0.0350307692 0 NA
2002112123 0 0.0347538462 0 NA
2002112200 0 0.0343384615 0 NA
2002112201 0 0.0337846154 0 NA
2002112202 0 0.0336461538 0 NA
2002112203 0 0.0332307692 0 NA
2002112204 0 0.0332307692 0 NA
2002112205 0 0.0326769231 0 NA
2002112206 0 0.0324 0 NA
2002112207 0 0.0321230769 0 NA
2002112208 0 0.0321230769 0.0037974684 NA
2002112209 0 0.0317076923 0.0227848101 NA
2002112210 0 0.0314307692 0.0379746835 NA
2002112211 0 0.0310153846 0.0417721519 NA
2002112212 0 0.0304615385 0.0367088608 NA
2002112213 0 0.0304615385 0.0265822785 NA
2002112214 0 0.0303230769 0.0151898734 NA
2002112215 0 0.0299076923 0.0126582278 NA
2002112216 0 0.0297692308 0.0025316456 NA
2002112217 0 0.0293538462 0 NA
2002112218 0 0.0293538462 0 NA
2002112219 0 0.0293538462 0 NA
2002112220 0 0.0293538462 0 NA
2002112221 0 0.0292153846 0 NA
2002112222 0 0.0288 0 NA
2002112223 0 0.0282461538 0 NA
2002112300 0 0.0282461538 0 NA
2002112301 0 0.0276923077 0 NA
2002112302 0 0.0276923077 0 NA
2002112303 0 0.0272769231 0 NA
2002112304 0 0.0271384615 0 NA
2002112305 0 0.0271384615 0 NA
2002112306 0 0.0271384615 0 NA
2002112307 0 0.027 0 NA
2002112308 0 0.0265846154 0.0104347826 NA
2002112309 0 0.0265846154 0.0508695652 NA
2002112310 0 0.0264461538 0.09 NA
2002112311 0 0.0260307692 0.1186956522 NA
2002112312 0 0.0260307692 0.1252173913 NA
2002112313 0 0.0256153846 0.112173913 NA
2002112314 0 0.0254769231 0.0717391304 NA
2002112315 0 0.0254769231 0.0195652174 NA
2002112316 0 0.0254769231 0.0013043478 NA
2002112317 0 0.0254769231 0 NA
2002112318 0 0.0254769231 0 NA
2002112319 0 0.0254769231 0 NA
2002112320 0 0.0254769231 0 NA
2002112321 0 0.0254769231 0 NA
2002112322 0 0.0254769231 0 NA
2002112323 0 0.0254769231 0 NA
2002112400 1.3 0.0254769231 0 NA
2002112401 0 0.0254769231 0 NA
2002112402 0 0.0260307692 0 NA
2002112403 0 0.0267230769 0 NA
2002112404 0 0.0271384615 0 NA
2002112405 0 0.0271384615 0 NA
2002112406 0 0.0271384615 0 NA
2002112407 0 0.0271384615 0 NA
2002112408 0 0.0271384615 0.0012690355 NA
2002112409 0 0.0271384615 0.0304568528 NA
2002112410 0 0.0271384615 0.0723350254 NA
2002112411 0 0.0271384615 0.1091370558 NA
2002112412 0 0.0271384615 0.1078680203 NA
2002112413 0 0.0271384615 0.0824873096 NA
2002112414 0 0.0271384615 0.0621827411 NA
2002112415 0 0.0271384615 0.0317258883 NA
2002112416 0 0.0271384615 0.0025380711 NA
2002112417 0 0.0274153846 0 NA
2002112418 0 0.0276923077 0 NA
2002112419 0 0.0276923077 0 NA
2002112420 0 0.0276923077 0 NA
2002112421 0 0.0276923077 0 NA
2002112422 0 0.0276923077 0 NA
2002112423 0 0.0276923077 0 NA
2002112500 0 0.0276923077 0 NA
2002112501 0 0.0276923077 0 NA
2002112502 0 0.0276923077 0 NA
2002112503 0 0.0276923077 0 NA
2002112504 0 0.0276923077 0 NA
2002112505 0 0.0276923077 0 NA
2002112506 0 0.0276923077 0 NA
2002112507 0 0.0276923077 0 NA
2002112508 0 0.0279692308 0.0021505376 NA
2002112509 0 0.0282461538 0.0172043011 NA
2002112510 0 0.0282461538 0.0387096774 NA
2002112511 0 0.0282461538 0.0204301075 NA
2002112512 0.1 0.0282461538 0.0096774194 NA
2002112513 1.2 0.0282461538 0.0053763441 NA
2002112514 1.6 0.0282461538 0.0043010753 NA
2002112515 1.8 0.0289384615 0.0021505376 NA
2002112516 0.3 0.0315692308 0 NA
2002112517 0 0.0350307692 0 NA
2002112518 0 0.0373846154 0 NA
2002112519 0 0.0402923077 0 NA
2002112520 0 0.0438923077 0 NA
2002112521 0 0.0461076923 0 NA
2002112522 0.7 0.0479076923 0 NA
2002112523 0 0.0495692308 0 NA
2002112600 0.2 0.0515076923 0 NA
2002112601 0.3 0.0530307692 0 NA
2002112602 0 0.0542769231 0 NA
2002112603 0 0.0552461538 0 NA
2002112604 0 0.0563538462 0 NA
2002112605 0 0.0564923077 0 NA
2002112606 0 0.0570461538 0 NA
2002112607 0 0.0570461538 0 NA
2002112608 0 0.0569076923 0 NA
2002112609 0 0.0564923077 0.0209302326 NA
2002112610 0 0.0558 0.0627906977 NA
2002112611 0 0.0551076923 0.0795348837 NA
2002112612 0 0.0548307692 0.06 NA
2002112613 0 0.0542769231 0.0223255814 NA
2002112614 0 0.0537230769 0.0279069767 NA
2002112615 0 0.0534461538 0.0251162791 NA
2002112616 0 0.0528923077 0.0013953488 NA
2002112617 0 0.0526153846 0 NA
2002112618 0 0.0531692308 0 NA
2002112619 0 0.0523384615 0 NA
2002112620 0 0.0516461538 0 NA
2002112621 0 0.0506769231 0 NA
2002112622 0 0.0497076923 0 NA
2002112623 0 0.0488769231 0 NA
2002112700 0 0.0483230769 0 NA
2002112701 0 0.0477692308 0 NA
2002112702 0 0.0473538462 0 NA
2002112703 0 0.0465230769 0 NA
2002112704 0 0.0465230769 0 NA
2002112705 0 0.0462461538 0 NA
2002112706 0 0.0458307692 0 NA
2002112707 0 0.0454153846 0 NA
2002112708 0 0.0451384615 0.0059808612 NA
2002112709 0 0.0447230769 0.0394736842 NA
2002112710 0 0.0440307692 0.0753588517 NA
2002112711 0 0.0434769231 0.0980861244 NA
2002112712 0 0.0432 0.1028708134 NA
2002112713 0 0.0427846154 0.0921052632 NA
2002112714 0 0.0426461538 0.0645933014 NA
2002112715 0 0.0423692308 0.0203349282 NA
2002112716 0 0.0438923077 0.0011961722 NA
2002112717 0 0.0437538462 0 NA
2002112718 0 0.0433384615 0 NA
2002112719 0 0.0429230769 0 NA
2002112720 0 0.0425076923 0 NA
2002112721 0 0.0420923077 0 NA
2002112722 0 0.0419538462 0 NA
2002112723 0 0.0415384615 0 NA
2002112800 0 0.0412615385 0 NA
2002112801 0 0.0409846154 0 NA
2002112802 0 0.0404307692 0 NA
2002112803 0 0.0404307692 0 NA
2002112804 0 0.0398769231 0 NA
2002112805 0 0.0396 0 NA
2002112806 0 0.0391846154 0 NA
2002112807 0 0.0387692308 0 NA
2002112808 0 0.0384923077 0.0053691275 NA
2002112809 0 0.0380769231 0.033557047 NA
2002112810 0 0.0375230769 0.077852349 NA
2002112811 0 0.0371076923 0.0899328859 NA
2002112812 0 0.0365538462 0.1154362416 NA
2002112813 0 0.0365538462 0.0510067114 NA
2002112814 0 0.036 0.0187919463 NA
2002112815 0 0.0369692308 0.0080536913 NA
2002112816 0 0.0416769231 0 NA
2002112817 0.3 0.0383538462 0 NA
2002112818 0.2 0.0365538462 0 NA
2002112819 0.2 0.036 0 NA
2002112820 0.6 0.036 0 NA
2002112821 0 0.036 0 NA
2002112822 0 0.036 0 NA
2002112823 0 0.036 0 NA
2002112900 0 0.036 0 NA
2002112901 0 0.036 0 NA
2002112902 0 0.0364153846 0 NA
2002112903 0 0.0365538462 0 NA
2002112904 0 0.0365538462 0 NA
2002112905 0 0.0365538462 0 NA
2002112906 0.1 0.0365538462 0 NA
2002112907 0 0.0368307692 0 NA
2002112908 0.6 0.0371076923 0 NA
2002112909 0 0.0371076923 0.012716763 NA
2002112910 0 0.0373846154 0.0439306358 NA
2002112911 0 0.0382153846 0.0520231214 NA
2002112912 0 0.0382153846 0.0358381503 NA
2002112913 0 0.0382153846 0.0242774566 NA
2002112914 0 0.0382153846 0.0242774566 NA
2002112915 0 0.0384923077 0.0069364162 NA
2002112916 0 0.0387692308 0 NA
2002112917 0 0.0391846154 0 NA
2002112918 0 0.0393230769 0 NA
2002112919 0 0.0394615385 0 NA
2002112920 0 0.0398769231 0 NA
2002112921 0 0.0397384615 0 NA
2002112922 0 0.0393230769 0 NA
2002112923 0 0.0387692308 0 NA
2002113000 0 0.0386307692 0 NA
2002113001 0 0.0382153846 0 NA
2002113002 0 0.0378 0 NA
2002113003 0 0.0375230769 0 NA
2002113004 0 0.0371076923 0 NA
2002113005 0 0.0365538462 0 NA
2002113006 0 0.0365538462 0 NA
2002113007 0 0.036 0 NA
2002113008 0 0.036 0.0014925373 NA
2002113009 0 0.0354461538 0.0104477612 NA
2002113010 0 0.0351692308 0.0402985075 NA
2002113011 0 0.0347538462 0.0552238806 NA
2002113012 0 0.0342 0.0328358209 NA
2002113013 0 0.0337846154 0.0328358209 NA
2002113014 0 0.0337846154 0.0179104478 NA
2002113015 0 0.0332307692 0.0089552239 NA
2002113016 0 0.0332307692 0 NA
2002113017 0 0.0332307692 0 NA
2002113018 0 0.0332307692 0 NA
2002113019 0 0.0332307692 0 NA
2002113020 0 0.0332307692 0 NA
2002113021 0 0.0328153846 0 NA
2002113022 0 0.0326769231 0 NA
2002113023 0 0.0326769231 0 NA
2002120100 0 0.0322615385 0 NA
2002120101 0 0.0321230769 0 NA
2002120102 0 0.0321230769 0 NA
2002120103 0 0.0321230769 0 NA
2002120104 0 0.0321230769 0 NA
2002120105 0 0.0321230769 0 NA
2002120106 0 0.0321230769 0 NA
2002120107 0 0.0322615385 0 NA
2002120108 0 0.0326769231 0.0078175896 NA
2002120109 0 0.0329538462 0.0273615635 NA
2002120110 0 0.0332307692 0.067752443 NA
2002120111 0 0.0332307692 0.0846905537 NA
2002120112 0 0.0332307692 0.0651465798 NA
2002120113 0 0.0332307692 0.0651465798 NA
2002120114 0 0.0336461538 0.0664495114 NA
2002120115 0 0.0337846154 0.0143322476 NA
2002120116 0 0.0337846154 0.0013029316 NA
2002120117 0 0.0343384615 0 NA
2002120118 0 0.0348923077 0 NA
2002120119 0.3 0.0348923077 0 NA
2002120120 1.5 0.0355846154 0 NA
2002120121 0.9 0.0364153846 0 NA
2002120122 0.9 0.0382153846 0 NA
2002120123 0.3 0.0407076923 0 NA
2002120200 0 0.0423692308 0 NA
2002120201 0 0.0445846154 0 NA
2002120202 0 0.0472153846 0 NA
2002120203 0 0.0501230769 0 NA
2002120204 0 0.0520615385 0 NA
2002120205 0 0.0534461538 0 NA
2002120206 0 0.0541384615 0 NA
2002120207 0 0.0549692308 0 NA
2002120208 0 0.0553846154 0.0010638298 NA
2002120209 0 0.0553846154 0.0244680851 NA
2002120210 0 0.0553846154 0.0223404255 NA
2002120211 0 0.0553846154 0.0191489362 NA
2002120212 0 0.0548307692 0.0117021277 NA
2002120213 0 0.0542769231 0.0106382979 NA
2002120214 0 0.0537230769 0.0063829787 NA
2002120215 0.3 0.0530307692 0.0042553191 NA
2002120216 0.1 0.0524769231 0 NA
2002120217 0 0.0520615385 0 NA
2002120218 0 0.0516461538 0 NA
2002120219 0 0.0512307692 0 NA
2002120220 0 0.0502615385 0 NA
2002120221 0 0.0495692308 0 NA
2002120222 0.2 0.0488769231 0 NA
2002120223 0 0.0483230769 0 NA
2002120300 0 0.0481846154 0 NA
2002120301 0 0.0476307692 0 NA
2002120302 0 0.0472153846 0 NA
2002120303 0 0.0468 0 NA
2002120304 0 0.0465230769 0 NA
2002120305 0 0.0461076923 0 NA
2002120306 0 0.0459692308 0 NA
2002120307 0 0.0455538462 0 NA
2002120308 0 0.0454153846 0 NA
2002120309 0 0.0448615385 0.0101910828 NA
2002120310 0 0.0441692308 0.0229299363 NA
2002120311 0 0.0434769231 0.0356687898 NA
2002120312 0 0.0427846154 0.0433121019 NA
2002120313 0 0.0423692308 0.047133758 NA
2002120314 0 0.0420923077 0.0305732484 NA
2002120315 0 0.0415384615 0.0101910828 NA
2002120316 0 0.0409846154 0 NA
2002120317 0 0.0409846154 0 NA
2002120318 0 0.0409846154 0 NA
2002120319 0 0.0407076923 0 NA
2002120320 0 0.0404307692 0 NA
2002120321 0 0.0402923077 0 NA
2002120322 0 0.0398769231 0 NA
2002120323 0 0.0393230769 0 NA
2002120400 0 0.0389076923 0 NA
2002120401 0 0.0387692308 0 NA
2002120402 0 0.0380769231 0 NA
2002120403 0 0.0376615385 0 NA
2002120404 0 0.0376615385 0 NA
2002120405 0 0.0373846154 0 NA
2002120406 0 0.0371076923 0 NA
2002120407 0 0.0366923077 0 NA
2002120408 0 0.0365538462 0.0013605442 NA
2002120409 0 0.0365538462 0.019047619 NA
2002120410 0 0.0361384615 0.043537415 NA
2002120411 0 0.036 0.0734693878 NA
2002120412 0 0.0355846154 0.1006802721 NA
2002120413 0 0.0350307692 0.0897959184 NA
2002120414 0 0.0348923077 0.0585034014 NA
2002120415 0 0.0348923077 0.0136054422 NA
2002120416 0 0.0348923077 0 NA
2002120417 0 0.0348923077 0 NA
2002120418 0 0.0348923077 0 NA
2002120419 0 0.0346153846 0 NA
2002120420 0 0.0343384615 0 NA
2002120421 0 0.0343384615 0 NA
2002120422 0 0.0337846154 0 NA
2002120423 0 0.0337846154 0 NA
2002120500 0 0.0337846154 0 NA
2002120501 0 0.0337846154 0 NA
2002120502 0 0.0332307692 0 NA
2002120503 0 0.0329538462 0 NA
2002120504 0 0.0324 0 NA
2002120505 0 0.0321230769 0 NA
2002120506 0 0.0317076923 0 NA
2002120507 0 0.0312923077 0 NA
2002120508 0 0.0308769231 0.0015748031 NA
2002120509 0 0.0304615385 0.0094488189 NA
2002120510 0 0.0300461538 0.0204724409 NA
2002120511 0 0.0290769231 0.0488188976 NA
2002120512 0 0.0282461538 0.0614173228 NA
2002120513 0 0.0288 0.0346456693 NA
2002120514 0 0.0283846154 0.0173228346 NA
2002120515 0 0.0276923077 0.0062992126 NA
2002120516 0 0.0272769231 0 NA
2002120517 0 0.027 0 NA
2002120518 0 0.0265846154 0 NA
2002120519 0 0.0264461538 0 NA
2002120520 0 0.0260307692 0 NA
2002120521 0 0.0256153846 0 NA
2002120522 0 0.0254769231 0 NA
2002120523 0 0.0254769231 0 NA
2002120600 0 0.0250615385 0 NA
2002120601 0 0.0249230769 0 NA
2002120602 0 0.0249230769 0 NA
2002120603 0 0.0246461538 0 NA
2002120604 0 0.0245076923 0 NA
2002120605 0 0.0243692308 0 NA
2002120606 0 0.0243692308 0 NA
2002120607 0 0.0243692308 0 NA
2002120608 0 0.0243692308 0 NA
2002120609 0 0.0243692308 0.0015384615 NA
2002120610 0 0.0243692308 0.0092307692 NA
2002120611 0 0.0243692308 0.0092307692 NA
2002120612 0 0.0243692308 0.0138461538 NA
2002120613 0 0.0240923077 0.0261538462 NA
2002120614 0 0.0238153846 0.0307692308 NA
2002120615 0 0.0234 0.0092307692 NA
2002120616 0 0.0232615385 0 NA
2002120617 0 0.0232615385 0 NA
2002120618 0 0.0232615385 0 NA
2002120619 0 0.0231230769 0 NA
2002120620 0 0.0229846154 0 NA
2002120621 0 0.0227076923 0 NA
2002120622 0 0.0227076923 0 NA
2002120623 0 0.0227076923 0 NA
2002120700 0 0.0227076923 0 NA
2002120701 0 0.0227076923 0 NA
2002120702 0 0.0227076923 0 NA
2002120703 0 0.0227076923 0 NA
2002120704 0 0.0224307692 0 NA
2002120705 0 0.0222923077 0 NA
2002120706 0 0.0221538462 0 NA
2002120707 0 0.0221538462 0 NA
2002120708 0 0.0221538462 0.0012345679 NA
2002120709 0 0.0221538462 0.0074074074 NA
2002120710 0 0.0221538462 0.0098765432 NA
2002120711 0 0.0220153846 0.0222222222 NA
2002120712 0 0.0216 0.0135802469 NA
2002120713 0.6 0.0216 0.0222222222 NA
2002120714 0 0.0213230769 0.0160493827 NA
2002120715 0 0.0216 0.0074074074 NA
2002120716 0 0.0216 0 NA
2002120717 0 0.0216 0 NA
2002120718 0 0.0216 0 NA
2002120719 0 0.0216 0 NA
2002120720 0 0.0214615385 0 NA
2002120721 0 0.0209076923 0 NA
2002120722 0 0.0207692308 0 NA
2002120723 0 0.0209076923 0 NA
2002120800 0 0.0203538462 0 NA
2002120801 0 0.0200769231 0 NA
2002120802 0 0.0200769231 0 NA
2002120803 0 0.0199384615 0 NA
2002120804 0 0.0199384615 0 NA
2002120805 0 0.0196615385 0 NA
2002120806 0 0.0193846154 0 NA
2002120807 0 0.0193846154 0 NA
2002120808 0 0.0191076923 0.0009287926 NA
2002120809 0 0.0188307692 0.0074303406 NA
2002120810 0 0.0186923077 0.0287925697 NA
2002120811 0 0.0182769231 0.0622291022 NA
2002120812 0 0.018 0.0724458204 NA
2002120813 0 0.0182769231 0.066873065 NA
2002120814 0 0.0181384615 0.0455108359 NA
2002120815 0 0.0177230769 0.0148606811 NA
2002120816 0 0.0178615385 0.0009287926 NA
2002120817 0 0.0178615385 0 NA
2002120818 0 0.018 0 NA
2002120819 0 0.0177230769 0 NA
2002120820 0 0.0173076923 0 NA
2002120821 0 0.0166153846 0 NA
2002120822 0 0.0166153846 0 NA
2002120823 0 0.0166153846 0 NA
2002120900 0 0.0166153846 0 NA
2002120901 0 0.0164769231 0 NA
2002120902 0 0.0160615385 0 NA
2002120903 0 0.0160615385 0 NA
2002120904 0 0.0160615385 0 NA
2002120905 0 0.0155076923 0 NA
2002120906 0 0.0155076923 0 NA
2002120907 0 0.0150923077 0 NA
2002120908 0 0.0149538462 0.0016260163 NA
2002120909 0 0.0149538462 0.018699187 NA
2002120910 0 0.0144 0.0422764228 NA
2002120911 0 0.0144 0.0601626016 NA
2002120912 0 0.0142615385 0.0666666667 NA
2002120913 0 0.0139846154 0.0585365854 NA
2002120914 0 0.0138461538 0.0390243902 NA
2002120915 0 0.0138461538 0.012195122 NA
2002120916 0 0.0139846154 0.0008130081 NA
2002120917 0 0.0144 0 NA
2002120918 0 0.0144 0 NA
2002120919 0 0.0138461538 0 NA
2002120920 0 0.0138461538 0 NA
2002120921 0 0.0138461538 0 NA
2002120922 0 0.0135692308 0 NA
2002120923 0 0.0132923077 0 NA
2002121000 0 0.0132923077 0 NA
2002121001 0 0.0128769231 0 NA
2002121002 0 0.0127384615 0 NA
2002121003 0 0.0127384615 0 NA
2002121004 0 0.0127384615 0 NA
2002121005 0 0.0124615385 0 NA
2002121006 0 0.0121846154 0 NA
2002121007 0 0.0121846154 0 NA
2002121008 0 0.0119076923 0.0015665796 NA
2002121009 0 0.0116307692 0.0187989556 NA
2002121010 0 0.0116307692 0.0422976501 NA
2002121011 0 0.0114923077 0.0595300261 NA
2002121012 0 0.0114923077 0.0657963446 NA
2002121013 0 0.0112153846 0.0587467363 NA
2002121014 0 0.0110769231 0.0399477807 NA
2002121015 0 0.0110769231 0.0125326371 NA
2002121016 0 0.0110769231 0.0007832898 NA
2002121017 0 0.0110769231 0 NA
2002121018 0 0.0110769231 0 NA
2002121019 0 0.0110769231 0 NA
2002121020 0 0.0110769231 0 NA
2002121021 0 0.0110769231 0 NA
2002121022 0 0.0110769231 0 NA
2002121023 0 0.0110769231 0 NA
2002121100 0 0.0110769231 0 NA
2002121101 0 0.0110769231 0 NA
2002121102 0 0.0109384615 0 NA
2002121103 0 0.0105230769 0 NA
2002121104 0 0.0105230769 0 NA
2002121105 0 0.0105230769 0 NA
2002121106 0 0.0105230769 0 NA
2002121107 0 0.0105230769 0 NA
2002121108 0 0.0105230769 0.0016853933 NA
2002121109 0 0.0105230769 0.0185393258 NA
2002121110 0 0.0105230769 0.0421348315 NA
2002121111 0 0.0110769231 0.0581460674 NA
2002121112 0 0.0110769231 0.0674157303 NA
2002121113 0 0.0112153846 0.0598314607 NA
2002121114 0 0.0116307692 0.0387640449 NA
2002121115 0 0.0116307692 0.0117977528 NA
2002121116 0 0.0121846154 0.0016853933 NA
2002121117 0 0.0121846154 0 NA
2002121118 0 0.0126 0 NA
2002121119 0 0.0128769231 0 NA
2002121120 0 0.0132923077 0 NA
2002121121 0 0.0137076923 0 NA
2002121122 0 0.0138461538 0 NA
2002121123 0 0.0138461538 0 NA
2002121200 0 0.0138461538 0 NA
2002121201 0 0.0138461538 0 NA
2002121202 0 0.0138461538 0 NA
2002121203 0 0.0138461538 0 NA
2002121204 0 0.0138461538 0 NA
2002121205 0 0.0138461538 0 NA
2002121206 0 0.0138461538 0 NA
2002121207 0 0.0138461538 0 NA
2002121208 0 0.0134307692 0.0011695906 NA
2002121209 0 0.0132923077 0.016374269 NA
2002121210 0 0.0132923077 0.0210526316 NA
2002121211 0 0.0132923077 0.0456140351 NA
2002121212 0 0.0132923077 0.0421052632 NA
2002121213 0 0.0132923077 0.0350877193 NA
2002121214 0 0.0132923077 0.0269005848 NA
2002121215 0 0.0132923077 0.0105263158 NA
2002121216 0 0.0132923077 0.0011695906 NA
2002121217 0 0.0132923077 0 NA
2002121218 0 0.0132923077 0 NA
2002121219 0 0.0132923077 0 NA
2002121220 0 0.0132923077 0 NA
2002121221 0 0.0132923077 0 NA
2002121222 0 0.0132923077 0 NA
2002121223 0 0.0130153846 0 NA
2002121300 0 0.0127384615 0 NA
2002121301 0 0.0127384615 0 NA
2002121302 0 0.0127384615 0 NA
2002121303 0 0.0126 0 NA
2002121304 0 0.0121846154 0 NA
2002121305 0 0.0119076923 0 NA
2002121306 0 0.0112153846 0 NA
2002121307 0 0.0105230769 0 NA
2002121308 0 0.0105230769 0.0011560694 NA
2002121309 0 0.0102461538 0.012716763 NA
2002121310 0 0.0099692308 0.0242774566 NA
2002121311 0 0.0099692308 0.0450867052 NA
2002121312 0 0.0099692308 0.0543352601 NA
2002121313 0 0.0099692308 0.0393063584 NA
2002121314 0 0.0099692308 0.0161849711 NA
2002121315 0 0.0102461538 0.0069364162 NA
2002121316 0 0.0108 0 NA
2002121317 0 0.0113538462 0 NA
2002121318 0 0.0116307692 0 NA
2002121319 0 0.0116307692 0 NA
2002121320 0 0.0117692308 0 NA
2002121321 0 0.0121846154 0 NA
2002121322 0 0.0119076923 0 NA
2002121323 0 0.0108 0 NA
2002121400 0 0.0101076923 0 NA
2002121401 0 0.0102461538 0 NA
2002121402 0 0.0109384615 0 NA
2002121403 0 0.0113538462 0 NA
2002121404 0 0.0116307692 0 NA
2002121405 0 0.0109384615 0 NA
2002121406 0 0.0105230769 0 NA
2002121407 0 0.0099692308 0 NA
2002121408 0 0.0099692308 0 NA
2002121409 0 0.0099692308 0.0070422535 NA
2002121410 0 0.0099692308 0.0169014085 NA
2002121411 0 0.0099692308 0.0225352113 NA
2002121412 0 0.0099692308 0.023943662 NA
2002121413 0 0.0099692308 0.0183098592 NA
2002121414 0 0.0101076923 0.0098591549 NA
2002121415 0 0.0114923077 0.0014084507 NA
2002121416 0 0.0121846154 0 NA
2002121417 0 0.0121846154 0 NA
2002121418 0 0.0119076923 0 NA
2002121419 0 0.0112153846 0 NA
2002121420 0 0.0110769231 0 NA
2002121421 0 0.0108 0 NA
2002121422 0 0.0105230769 0 NA
2002121423 0 0.0105230769 0 NA
2002121500 0 0.0105230769 0 NA
2002121501 0 0.0105230769 0 NA
2002121502 0 0.0105230769 0 NA
2002121503 0 0.0109384615 0 NA
2002121504 0 0.0110769231 0 NA
2002121505 0 0.0109384615 0 NA
2002121506 0 0.0110769231 0 NA
2002121507 0 0.0110769231 0 NA
2002121508 0 0.0110769231 0 NA
2002121509 0 0.0110769231 0.0038461538 NA
2002121510 0 0.0110769231 0.0076923077 NA
2002121511 0 0.0113538462 0.0211538462 NA
2002121512 0 0.0116307692 0.0278846154 NA
2002121513 0 0.0116307692 0.0288461538 NA
2002121514 0 0.0116307692 0.0076923077 NA
2002121515 0 0.0116307692 0.0028846154 NA
2002121516 0.6 0.0120461538 0 NA
2002121517 0.4 0.0124615385 0 NA
2002121518 0 0.0127384615 0 NA
2002121519 0 0.0134307692 0 NA
2002121520 0 0.0138461538 0 NA
2002121521 0 0.0138461538 0 NA
2002121522 0.1 0.0138461538 0 NA
2002121523 0.4 0.0138461538 0 NA
2002121600 0.3 0.0138461538 0 NA
2002121601 0 0.0138461538 0 NA
2002121602 0 0.0139846154 0 NA
2002121603 0 0.0146769231 0 NA
2002121604 0.1 0.0149538462 0 NA
2002121605 0.2 0.0149538462 0 NA
2002121606 0.3 0.0149538462 0 NA
2002121607 0 0.0149538462 0 NA
2002121608 0.3 0.0150923077 0 NA
2002121609 1.3 0.0157846154 0 NA
2002121610 1.9 0.0164769231 0 NA
2002121611 0.2 0.0177230769 0 NA
2002121612 0.3 0.0200769231 0 NA
2002121613 0.1 0.0213230769 0 NA
2002121614 0.3 0.0224307692 0 NA
2002121615 0.1 0.0236769231 0 NA
2002121616 0 0.0247846154 0 NA
2002121617 0 0.0254769231 0 NA
2002121618 0 0.0254769231 0 NA
2002121619 0 0.0253384615 0 NA
2002121620 0.1 0.0249230769 0 NA
2002121621 0 0.0243692308 0 NA
2002121622 0 0.0243692308 0 NA
2002121623 0 0.0239538462 0 NA
2002121700 0 0.0238153846 0 NA
2002121701 0 0.0238153846 0 NA
2002121702 0 0.0238153846 0 NA
2002121703 0 0.0238153846 0 NA
2002121704 0 0.0238153846 0 NA
2002121705 0 0.0238153846 0 NA
2002121706 0 0.0238153846 0 NA
2002121707 0 0.0238153846 0 NA
2002121708 0 0.0234 0 NA
2002121709 0 0.0232615385 0.006122449 NA
2002121710 0 0.0232615385 0.0163265306 NA
2002121711 0 0.0232615385 0.0183673469 NA
2002121712 0 0.0232615385 0.0244897959 NA
2002121713 0 0.0232615385 0.0163265306 NA
2002121714 0 0.0231230769 0.0163265306 NA
2002121715 0 0.0227076923 0.0020408163 NA
2002121716 0 0.0231230769 0 NA
2002121717 0 0.0232615385 0 NA
2002121718 0 0.0232615385 0 NA
2002121719 0 0.0232615385 0 NA
2002121720 0 0.0232615385 0 NA
2002121721 0 0.0232615385 0 NA
2002121722 0 0.0232615385 0 NA
2002121723 0 0.0232615385 0 NA
2002121800 0 0.0232615385 0 NA
2002121801 0 0.0232615385 0 NA
2002121802 0 0.0232615385 0 NA
2002121803 0 0.0232615385 0 NA
2002121804 0 0.0232615385 0 NA
2002121805 0 0.0231230769 0 NA
2002121806 0 0.0227076923 0 NA
2002121807 0 0.0225692308 0 NA
2002121808 0 0.0221538462 0 NA
2002121809 0 0.0221538462 0.0133333333 NA
2002121810 0 0.0221538462 0.0266666667 NA
2002121811 0 0.0217384615 0.0424242424 NA
2002121812 0 0.0216 0.0387878788 NA
2002121813 0 0.0216 0.0351515152 NA
2002121814 0 0.0216 0.0242424242 NA
2002121815 0 0.0216 0.0181818182 NA
2002121816 0 0.0216 0.0012121212 NA
2002121817 0 0.0216 0 NA
2002121818 0 0.0216 0 NA
2002121819 0 0.0216 0 NA
2002121820 0 0.0218769231 0 NA
2002121821 0 0.0229846154 0 NA
2002121822 0 0.0236769231 0 NA
2002121823 0 0.0238153846 0 NA
2002121900 0 0.0238153846 0 NA
2002121901 0 0.0238153846 0 NA
2002121902 0 0.0238153846 0 NA
2002121903 0 0.0238153846 0 NA
2002121904 0 0.0238153846 0 NA
2002121905 0 0.0238153846 0 NA
2002121906 0 0.0238153846 0 NA
2002121907 0 0.0238153846 0 NA
2002121908 0 0.0238153846 0.0009259259 NA
2002121909 0 0.0238153846 0.012037037 NA
2002121910 0 0.0238153846 0.0166666667 NA
2002121911 0 0.0238153846 0.0240740741 NA
2002121912 0 0.0240923077 0.0212962963 NA
2002121913 0 0.0243692308 0.0138888889 NA
2002121914 0 0.0245076923 0.0083333333 NA
2002121915 0 0.0250615385 0.0027777778 NA
2002121916 0 0.0254769231 0 NA
2002121917 0 0.0257538462 0 NA
2002121918 0 0.0260307692 0 NA
2002121919 0 0.0264461538 0 NA
2002121920 0 0.0265846154 0 NA
2002121921 0 0.0265846154 0 NA
2002121922 0 0.0268615385 0 NA
2002121923 0 0.0271384615 0 NA
2002122000 0 0.027 0 NA
2002122001 0 0.0265846154 0 NA
2002122002 0 0.0265846154 0 NA
2002122003 0 0.0265846154 0 NA
2002122004 0 0.0265846154 0 NA
2002122005 0 0.0265846154 0 NA
2002122006 0 0.0264461538 0 NA
2002122007 0 0.0260307692 0 NA
2002122008 0 0.0260307692 0.0010989011 NA
2002122009 0 0.0256153846 0.010989011 NA
2002122010 0 0.0254769231 0.0296703297 NA
2002122011 0 0.0252 0.0384615385 NA
2002122012 0 0.0249230769 0.0417582418 NA
2002122013 0 0.0245076923 0.0549450549 NA
2002122014 0 0.0243692308 0.0186813187 NA
2002122015 0 0.0243692308 0.0043956044 NA
2002122016 0 0.0243692308 0 NA
2002122017 0 0.0243692308 0 NA
2002122018 0 0.0239538462 0 NA
2002122019 0 0.0238153846 0 NA
2002122020 0 0.0236769231 0 NA
2002122021 0 0.0232615385 0 NA
2002122022 0 0.0228461538 0 NA
2002122023 0 0.0227076923 0 NA
2002122100 0 0.0221538462 0 NA
2002122101 0 0.0221538462 0 NA
2002122102 0 0.0218769231 0 NA
2002122103 0 0.0216 0 NA
2002122104 0 0.0216 0 NA
2002122105 0 0.0216 0 NA
2002122106 0 0.0216 0 NA
2002122107 0 0.0216 0 NA
2002122108 0 0.0216 0 NA
2002122109 0 0.0216 0.0049382716 NA
2002122110 0 0.0210461538 0.0111111111 NA
2002122111 0 0.0210461538 0.0160493827 NA
2002122112 0 0.0210461538 0.0259259259 NA
2002122113 0 0.0204923077 0.024691358 NA
2002122114 0 0.0204923077 0.012345679 NA
2002122115 0 0.0204923077 0.0049382716 NA
2002122116 0 0.0204923077 0 NA
2002122117 0 0.0204923077 0 NA
2002122118 0 0.0204923077 0 NA
2002122119 0 0.0204923077 0 NA
2002122120 0 0.0204923077 0 NA
2002122121 0 0.0204923077 0 NA
2002122122 0 0.0204923077 0 NA
2002122123 0 0.0204923077 0 NA
2002122200 0 0.0204923077 0 NA
2002122201 0 0.0204923077 0 NA
2002122202 0 0.0209076923 0 NA
2002122203 0 0.0206307692 0 NA
2002122204 0 0.0213230769 0 NA
2002122205 0 0.0216 0 NA
2002122206 0 0.0220153846 0 NA
2002122207 0.3 0.0224307692 0 NA
2002122208 0.7 0.0229846154 0 NA
2002122209 1 0.0240923077 0 NA
2002122210 2.4 0.0252 0 NA
2002122211 2.4 0.0278307692 0 NA
2002122212 2.4 0.0325384615 0 NA
2002122213 2.1 0.0398769231 0 NA
2002122214 1.8 0.054 0 NA
2002122215 1.1 0.0843230769 0 NA
2002122216 1.3 0.1279384615 0 NA
2002122217 1 0.1668461538 0 NA
2002122218 0.9 0.1942615385 0 NA
2002122219 1 0.2176615385 0 NA
2002122220 0.6 0.2421692308 0 NA
2002122221 0 0.2524153846 0 NA
2002122222 0 0.2605846154 0 NA
2002122223 0 0.2632153846 0 NA
2002122300 0 0.2535230769 0 NA
2002122301 0 0.2396769231 0 NA
2002122302 0 0.2265230769 0 NA
2002122303 0 0.2158615385 0 NA
2002122304 0 0.2065846154 0 NA
2002122305 0 0.1978615385 0 NA
2002122306 0 0.1905230769 0 NA
2002122307 0 0.1838769231 0 NA
2002122308 0 0.1782 0 NA
2002122309 0 0.1721076923 0.0039473684 NA
2002122310 0 0.1672615385 0.0118421053 NA
2002122311 0 0.1626923077 0.0171052632 NA
2002122312 0 0.1579846154 0.025 NA
2002122313 0 0.1535538462 0.0210526316 NA
2002122314 0 0.1499538462 0.0171052632 NA
2002122315 0 0.1471846154 0.0039473684 NA
2002122316 0 0.144 0 NA
2002122317 0 0.1409538462 0 NA
2002122318 0 0.1381846154 0 NA
2002122319 0 0.1352769231 0 NA
2002122320 0 0.1329230769 0 NA
2002122321 0 0.1307076923 0 NA
2002122322 0 0.1282153846 0 NA
2002122323 0 0.1264153846 0 NA
2002122400 0 0.1239230769 0 NA
2002122401 0 0.1217076923 0 NA
2002122402 0.7 0.1199076923 0 NA
2002122403 0.5 0.1190769231 0 NA
2002122404 0 0.1190769231 0 NA
2002122405 0 0.1190769231 0 NA
2002122406 0 0.1194923077 0 NA
2002122407 0.4 0.1201846154 0 NA
2002122408 0.3 0.1204615385 0 NA
2002122409 0 0.1207384615 0.0045226131 NA
2002122410 0 0.1207384615 0.0422110553 NA
2002122411 0 0.1206 0.072361809 NA
2002122412 0 0.1199076923 0.0693467337 NA
2002122413 0 0.1193538462 0.0783919598 NA
2002122414 0 0.1183846154 0.0286432161 NA
2002122415 0 0.1171384615 0.0045226131 NA
2002122416 0 0.1163076923 0 NA
2002122417 0 0.1147846154 0 NA
2002122418 0.6 0.1134 0 NA
2002122419 0.7 0.1121538462 0 NA
2002122420 0 0.1118769231 0 NA
2002122421 0 0.1125692308 0 NA
2002122422 0 0.1138153846 0 NA
2002122423 0 0.1152 0 NA
2002122500 0 0.1161692308 0 NA
2002122501 0 0.1163076923 0 NA
2002122502 0 0.1152 0 NA
2002122503 0.1 0.1142307692 0 NA
2002122504 0 0.1129846154 0 NA
2002122505 0 0.1110461538 0 NA
2002122506 0 0.1096615385 0 NA
2002122507 0 0.108 0 NA
2002122508 0 0.1068923077 0 NA
2002122509 0 0.1050923077 0.0084033613 NA
2002122510 0 0.1034307692 0.025210084 NA
2002122511 0 0.1019076923 0.0504201681 NA
2002122512 0 0.1001076923 0.0588235294 NA
2002122513 0 0.0985846154 0.0369747899 NA
2002122514 0 0.0977538462 0.0151260504 NA
2002122515 0 0.0967846154 0.0050420168 NA
2002122516 0 0.0960923077 0 NA
2002122517 0 0.0949846154 0 NA
2002122518 0 0.0940153846 0 NA
2002122519 0 0.0929076923 0 NA
2002122520 0 0.0918 0 NA
2002122521 0 0.0905538462 0 NA
2002122522 0 0.0895846154 0 NA
2002122523 0 0.0886153846 0 NA
2002122600 0 0.0876461538 0 NA
2002122601 0 0.0866769231 0 NA
2002122602 0 0.0859846154 0 NA
2002122603 0.1 0.0855692308 0 NA
2002122604 0 0.0852923077 0 NA
2002122605 0 0.0852923077 0 NA
2002122606 0 0.0847384615 0 NA
2002122607 0 0.0844615385 0 NA
2002122608 0 0.0841846154 0 NA
2002122609 0 0.0836307692 0.0125 NA
2002122610 0 0.0832153846 0.0214285714 NA
2002122611 1.2 0.0826615385 0.0142857143 NA
2002122612 2.3 0.0826615385 0.0107142857 NA
2002122613 1.3 0.0861230769 0.0125 NA
2002122614 0.7 0.0951230769 0.0125 NA
2002122615 0.4 0.1084153846 0.0125 NA
2002122616 0 0.1248923077 0.0035714286 NA
2002122617 0 0.1412307692 0 NA
2002122618 0 0.1517538462 0 NA
2002122619 1.2 0.1567384615 0 NA
2002122620 0 0.1574307692 0 NA
2002122621 0 0.1584 0 NA
2002122622 0 0.1593692308 0 NA
2002122623 0 0.1589538462 0 NA
2002122700 0 0.1577076923 0 NA
2002122701 0 0.1550769231 0 NA
2002122702 0 0.1516153846 0 NA
2002122703 0 0.1478769231 0 NA
2002122704 0.2 0.1444153846 0 NA
2002122705 0.2 0.1415076923 0 NA
2002122706 0.1 0.1392923077 0 NA
2002122707 0.6 0.1376307692 0 NA
2002122708 0 0.1368 0 NA
2002122709 0.1 0.1369384615 0.0035714286 NA
2002122710 0.8 0.1376307692 0.0071428571 NA
2002122711 1.1 0.1380461538 0.0178571429 NA
2002122712 0.7 0.1406769231 0.0303571429 NA
2002122713 0.2 0.1471846154 0.025 NA
2002122714 0 0.1577076923 0.0107142857 NA
2002122715 0 0.1689230769 0.0053571429 NA
2002122716 0.1 0.1769538462 0 NA
2002122717 0.2 0.1793076923 0 NA
2002122718 0.1 0.1788923077 0 NA
2002122719 0 0.1764 0 NA
2002122720 0 0.1733538462 0 NA
2002122721 0.1 0.1703076923 0 NA
2002122722 0.2 0.1671230769 0 NA
2002122723 0.3 0.1638 0 NA
2002122800 0.4 0.1610307692 0 NA
2002122801 0.8 0.1586769231 0 NA
2002122802 0.2 0.1585384615 0 NA
2002122803 0 0.1608923077 0 NA
2002122804 0 0.1656 0 NA
2002122805 0 0.1696153846 0 NA
2002122806 0 0.1711384615 0 NA
2002122807 0 0.1697538462 0 NA
2002122808 0 0.1650461538 0 NA
2002122809 0 0.1595076923 0.0015748031 NA
2002122810 0 0.1545230769 0.0125984252 NA
2002122811 0 0.1492615385 0.0141732283 NA
2002122812 0 0.1448307692 0.0267716535 NA
2002122813 0 0.1402615385 0.0614173228 NA
2002122814 0 0.1363846154 0.0692913386 NA
2002122815 0 0.1327846154 0.0125984252 NA
2002122816 0 0.1300153846 0.0015748031 NA
2002122817 0 0.1269692308 0 NA
2002122818 0 0.1235076923 0 NA
2002122819 0 0.1210153846 0 NA
2002122820 0 0.1179692308 0 NA
2002122821 0 0.1154769231 0 NA
2002122822 0 0.1132615385 0 NA
2002122823 0 0.1106307692 0 NA
2002122900 0.2 0.1082769231 0 NA
2002122901 0.4 0.1056461538 0 NA
2002122902 0 0.1031538462 0 NA
2002122903 0 0.1021846154 0 NA
2002122904 0 0.1005230769 0 NA
2002122905 0 0.0991384615 0 NA
2002122906 0 0.0978923077 0 NA
2002122907 0 0.0966461538 0 NA
2002122908 0 0.0954 0 NA
2002122909 0 0.0942923077 0.0084745763 NA
2002122910 0 0.0929076923 0.0169491525 NA
2002122911 0 0.0913846154 0.0169491525 NA
2002122912 0 0.09 0.0237288136 NA
2002122913 0.8 0.0894461538 0.0084745763 NA
2002122914 0.1 0.0891692308 0.0152542373 NA
2002122915 0.2 0.0895846154 0.0101694915 NA
2002122916 0.2 0.0901384615 0 NA
2002122917 0.3 0.0897230769 0 NA
2002122918 0.5 0.0901384615 0 NA
2002122919 0.9 0.0922153846 0 NA
2002122920 1 0.0954 0 NA
2002122921 1.2 0.1006615385 0 NA
2002122922 1.3 0.1091076923 0 NA
2002122923 2 0.1211538462 0 NA
2002123000 2.6 0.1408153846 0 NA
2002123001 3.6 0.1746 0 NA
2002123002 3.9 0.2435538462 0 NA
2002123003 3.7 0.3672 0 NA
2002123004 3 0.5431846154 0 NA
2002123005 1.1 0.6204461538 0 NA
2002123006 3.3 0.6315230769 0 NA
2002123007 2.5 0.6377538462 0 NA
2002123008 1.9 0.6410769231 0 NA
2002123009 2 0.9670153846 0 NA
2002123010 0.9 1.0224 0 NA
2002123011 0.6 1.0226769231 0 NA
2002123012 0.3 0.9740769231 0 NA
2002123013 0 0.8896153846 0 NA
2002123014 0.1 0.8005846154 0 NA
2002123015 0 0.7208307692 0 NA
2002123016 0 0.6509076923 0 NA
2002123017 0 0.5922 0 NA
2002123018 0 0.5398615385 0 NA
2002123019 0.2 0.4969384615 0 NA
2002123020 0.1 0.4602461538 0 NA
2002123021 0 0.4295076923 0 NA
2002123022 0 0.4066615385 0 NA
2002123023 0 0.3852 0 NA
2002123100 0.1 0.3663692308 0 NA
2002123101 0 0.3500307692 0 NA
2002123102 0 0.3338307692 0 NA
2002123103 0 0.3194307692 0 NA
2002123104 0 0.3064153846 0 NA
2002123105 0 0.2939538462 0 NA
2002123106 0 0.2812153846 0 NA
2002123107 0 0.2709692308 0 NA
2002123108 0 0.2614153846 0 NA
2002123109 0 0.2515846154 0.01875 NA
2002123110 0 0.2425846154 0.046875 NA
2002123111 0 0.2346923077 0.078515625 28.686
2002123112 0 0.2272153846 0.07265625 28.672
2002123113 0 0.2187692308 0.0375 28.66
2002123114 0 0.2130923077 0.03046875 28.647
2002123115 0 0.2093538462 0.0140625 28.635
2002123116 0 0.2046461538 0.001171875 28.623
2002123117 0 0.1957846154 0 28.612
2002123118 0 0.1894153846 0 28.599
2002123119 0 0.1841538462 0 28.587
2002123120 0 0.1784769231 0 28.576
2002123121 0 0.1730769231 0 28.564
2002123122 0 0.1683692308 0 28.553
2002123123 0 0.1638 0 28.542
2003010100 0 0.1592307692 0 28.533
2003010101 0 0.1552153846 0 28.522
2003010102 0 0.1512 0 28.512
2003010103 0 0.1482923077 0 28.503
2003010104 0 0.1451076923 0 28.496
2003010105 0 0.1420615385 0 28.488
2003010106 0 0.1394307692 0 28.481
2003010107 0 0.1370769231 0 28.474
2003010108 0 0.1348615385 0 28.467
2003010109 0 0.1329230769 0.0061538462 28.461
2003010110 0 0.1312615385 0.0138461538 28.455
2003010111 0 0.1296 0.0261538462 28.449
2003010112 0.2 0.1283538462 0.0230769231 28.444
2003010113 2.8 0.1273846154 0.0169230769 28.44
2003010114 1 0.1300153846 0.0092307692 28.438
2003010115 0.5 0.1413692308 0.0046153846 28.45
2003010116 0.5 0.1570153846 0 28.475
2003010117 1.2 0.1751538462 0 28.497
2003010118 1.3 0.1955076923 0 28.512
2003010119 0.9 0.2198769231 0 28.527
2003010120 0 0.2508923077 0 28.546
2003010121 0 0.2852307692 0 28.567
2003010122 0.8 0.3078 0 28.577
2003010123 0.4 0.3137538462 0 28.578
2003010200 0.1 0.3122307692 0 28.577
2003010201 0 0.3136153846 0 28.577
2003010202 0.4 0.3118153846 0 28.575
2003010203 0.1 0.3040615385 0 28.57
2003010204 0.2 0.2936769231 0 28.563
2003010205 0.2 0.2846769231 0 28.557
2003010206 0.3 0.2778923077 0 28.551
2003010207 0.2 0.2730461538 0 28.545
2003010208 0.4 0.2683384615 0 28.54
2003010209 0.1 0.2650153846 0 28.537
2003010210 0 0.2632153846 0 28.534
2003010211 0 0.2615538462 0 28.531
2003010212 0.2 0.2580923077 0 28.528
2003010213 4.6 0.2536615385 0 28.523
2003010214 0.2 0.2597538462 0 28.523
2003010215 3.8 0.3100153846 0 28.559
2003010216 4.3 0.3948923077 0 28.593
2003010217 1.5 0.5189538462 0 28.631
2003010218 0.1 0.7389692308 0 28.689
2003010219 0.7 0.9282461538 0 28.727
2003010220 1.4 0.9253384615 0 28.746
2003010221 0 0.8382461538 0 28.757
2003010222 0.1 0.7787076923 0 28.769
2003010223 1.6 0.7332923077 0 28.779
2003010300 0.7 0.6702923077 0 28.783
2003010301 0.1 0.6318 0 28.786
2003010302 0.4 0.6201692308 0 28.788
2003010303 0 0.6045230769 0 28.788
2003010304 0.1 0.5692153846 0 28.788
2003010305 0 0.5290615385 0 28.788
2003010306 0 0.4936153846 0 28.788
2003010307 1.1 0.4621846154 0 28.788
2003010308 0.5 0.4338 0 28.788
2003010309 0 0.4173230769 0.0052083333 28.788
2003010310 0 0.4126153846 0.0145833333 28.788
2003010311 0 0.4059692308 0.0302083333 28.787
2003010312 0 0.3910153846 0.0135416667 28.783
2003010313 0 0.3724615385 0.0197916667 28.777
2003010314 0 0.3573692308 0.0125 28.769
2003010315 0 0.3421384615 0.0041666667 28.761
2003010316 0 0.3274615385 0 28.752
2003010317 0 0.3141692308 0 28.743
2003010318 0 0.3024 0 28.734
2003010319 0 0.2920153846 0 28.724
2003010320 0 0.2820461538 0 28.715
2003010321 0 0.2726307692 0 28.706
2003010322 0 0.2640461538 0 28.696
2003010323 0 0.2556 0 28.686
2003010400 0 0.2477076923 0 28.676
2003010401 0 0.2398153846 0 28.665
2003010402 0 0.2324769231 0 28.655
2003010403 0 0.225 0 28.644
2003010404 0 0.2184923077 0 28.634
2003010405 0 0.2122615385 0 28.622
2003010406 0 0.2064461538 0 28.612
2003010407 0 0.2010461538 0 28.6
2003010408 0 0.1957846154 0 28.589
2003010409 0 0.1905230769 0.0165938865 28.578
2003010410 0 0.1849846154 0.0401746725 28.566
2003010411 0 0.1798615385 0.0323144105 28.555
2003010412 0 0.1747384615 0.0331877729 28.544
2003010413 0 0.1707230769 0.0489082969 28.536
2003010414 0 0.1672615385 0.0227074236 28.524
2003010415 0 0.1638 0.0061135371 28.514
2003010416 0 0.1604769231 0 28.504
2003010417 0 0.1574307692 0 28.495
2003010418 0 0.1550769231 0 28.485
2003010419 0 0.1513384615 0 28.475
2003010420 0 0.1460769231 0 28.466
2003010421 0 0.1430307692 0 28.458
2003010422 0 0.1415076923 0 28.449
2003010423 0 0.1391538462 0 28.441
2003010500 0 0.1361076923 0 28.433
2003010501 0 0.1333384615 0 28.426
2003010502 0 0.1302923077 0 28.419
2003010503 0 0.1266923077 0 28.412
2003010504 0 0.1228153846 0 28.406
2003010505 0 0.1199076923 0 28.399
2003010506 0 0.1176923077 0 28.394
2003010507 0 0.1152 0 28.387
2003010508 0 0.1128461538 0.000877193 28.382
2003010509 0 0.1100769231 0.0210526316 28.376
2003010510 0 0.1071692308 0.0149122807 28.371
2003010511 0.2 0.1063384615 0.0105263158 28.365
2003010512 0.1 0.1070307692 0.0149122807 28.36
2003010513 0 0.1073076923 0.0157894737 28.356
2003010514 0 0.1067538462 0.0114035088 28.352
2003010515 0 0.1050923077 0.0096491228 28.348
2003010516 0 0.1037076923 0.000877193 28.345
2003010517 0 0.1032923077 0 28.341
2003010518 0 0.1024615385 0 28.338
2003010519 0 0.1013538462 0 28.335
2003010520 0 0.1010769231 0 28.331
2003010521 0 0.1003846154 0 28.329
2003010522 0 0.0994153846 0 28.326
2003010523 0 0.0984461538 0 28.323
2003010600 0.6 0.0977538462 0 28.321
2003010601 0.8 0.0970615385 0 28.318
2003010602 0 0.0969230769 0 28.315
2003010603 0 0.0958153846 0 28.313
2003010604 0 0.0930461538 0 28.31
2003010605 0 0.0909692308 0 28.306
2003010606 0 0.0898615385 0 28.304
2003010607 0 0.0888923077 0 28.303
2003010608 0 0.0882 0 28.3
2003010609 0 0.0873692308 0.0065625 28.298
2003010610 0 0.0861230769 0.0196875 28.296
2003010611 0 0.0858461538 0.0309375 28.294
2003010612 0.2 0.0869538462 0.09 28.291
2003010613 0.2 0.0866769231 0.0834375 28.289
2003010614 0 0.0844615385 0.0478125 28.287
2003010615 0 0.0841846154 0.0196875 28.285
2003010616 0 0.0826615385 0.001875 28.282
2003010617 0 0.0829384615 0 28.28
2003010618 0 0.0830769231 0 28.278
2003010619 0 0.0828 0 28.276
2003010620 0 0.0819692308 0 28.273
2003010621 0 0.0800307692 0 28.272
2003010622 0 0.0776769231 0 28.27
2003010623 0 0.0779538462 0 28.268
2003010700 0 0.0780923077 0 28.267
2003010701 0 0.0780923077 0 28.266
2003010702 0 0.0780923077 0 28.264
2003010703 0 0.0780923077 0 28.263
2003010704 0 0.0780923077 0 28.262
2003010705 0 0.0780923077 0 28.26
2003010706 0 0.0780923077 0 28.259
2003010707 0 0.0780923077 0 28.258
2003010708 0 0.0780923077 0 28.256
2003010709 0 0.0780923077 0.0064748201 28.254
2003010710 0 0.0780923077 0.0302158273 28.252
2003010711 0 0.0780923077 0.0431654676 28.251
2003010712 0 0.0780923077 0.0446043165 28.25
2003010713 0 0.0780923077 0.0323741007 28.25
2003010714 0 0.0780923077 0.0287769784 28.249
2003010715 0 0.0780923077 0.0129496403 28.248
2003010716 0 0.0780923077 0.0014388489 28.247
2003010717 0 0.0780923077 0 28.246
2003010718 0 0.0780923077 0 28.244
2003010719 0 0.0780923077 0 28.243
2003010720 0 0.0780923077 0 28.242
2003010721 0 0.0780923077 0 28.241
2003010722 0 0.0780923077 0 28.24
2003010723 0 0.0780923077 0 28.239
2003010800 0 0.0780923077 0 28.237
2003010801 0 0.0606461538 0 28.237
2003010802 0 0.0600923077 0 28.236
2003010803 0 0.0598153846 0 28.235
2003010804 0 0.0595384615 0 28.234
2003010805 0 0.0591230769 0 28.232
2003010806 0 0.0585692308 0 28.232
2003010807 0 0.0580153846 0 28.229
2003010808 0 0.0574615385 0.000913242 28.228
2003010809 0 0.0567692308 0.0073059361 28.227
2003010810 0 0.0556615385 0.0164383562 28.225
2003010811 0 0.0551076923 0.0447488584 28.224
2003010812 0 0.0542769231 0.0493150685 28.223
2003010813 0 0.0535846154 0.0465753425 28.222
2003010814 0 0.0531692308 0.0237442922 28.221
2003010815 0 0.0530307692 0.0091324201 28.221
2003010816 0 0.0523384615 0.001826484 28.22
2003010817 0 0.0519230769 0 28.219
2003010818 0 0.0515076923 0 28.217
2003010819 0 0.0519230769 0 28.216
2003010820 0 0.0519230769 0 28.215
2003010821 0 0.0512307692 0 28.213
2003010822 0 0.0509538462 0 28.212
2003010823 0 0.0504 0 28.211
2003010900 0 0.0494307692 0 28.209
2003010901 0 0.0473538462 0 28.208
2003010902 0 0.0454153846 0 28.207
2003010903 0 0.0443076923 0 28.206
2003010904 0 0.0437538462 0 28.204
2003010905 0 0.0430615385 0 28.203
2003010906 0 0.0425076923 0 28.201
2003010907 0 0.0419538462 0 28.199
2003010908 0 0.0412615385 0 28.197
2003010909 0 0.0404307692 0.0152993348 28.196
2003010910 0 0.0397384615 0.0372505543 28.194
2003010911 0 0.0391846154 0.0545454545 28.192
2003010912 0 0.0387692308 0.0631929047 28.192
2003010913 0 0.0387692308 0.0598669623 28.191
2003010914 0 0.0387692308 0.0445676275 28.19
2003010915 0 0.0387692308 0.022616408 28.188
2003010916 0 0.0390461538 0.0026607539 28.188
2003010917 0 0.0393230769 0 28.187
2003010918 0 0.0387692308 0 28.186
2003010919 0 0.0386307692 0 28.184
2003010920 0 0.0378 0 28.183
2003010921 0 0.0375230769 0 28.182
2003010922 0 0.0366923077 0 28.18
2003010923 0 0.0364153846 0 28.179
2003011000 0 0.036 0 28.178
2003011001 0 0.0354461538 0 28.177
2003011002 0 0.0350307692 0 28.176
2003011003 0 0.0347538462 0 28.175
2003011004 0 0.0343384615 0 28.174
2003011005 0 0.0343384615 0 28.173
2003011006 0 0.0343384615 0 28.172
2003011007 0 0.0343384615 0 28.171
2003011008 0 0.0340615385 0.0014981273 28.169
2003011009 0 0.0337846154 0.0187265918 28.168
2003011010 0 0.0335076923 0.0411985019 28.166
2003011011 0 0.0332307692 0.0292134831 28.164
2003011012 0 0.0326769231 0.0284644195 28.163
2003011013 0 0.0326769231 0.0314606742 28.161
2003011014 0 0.0326769231 0.0307116105 28.16
2003011015 0 0.0336461538 0.0172284644 28.16
2003011016 0 0.0353076923 0.0014981273 28.158
2003011017 0 0.0332307692 0 28.157
2003011018 0 0.0325384615 0 28.155
2003011019 0 0.0321230769 0 28.155
2003011020 0 0.0315692308 0 28.153
2003011021 0 0.0311538462 0 28.152
2003011022 0 0.0310153846 0 28.152
2003011023 0 0.0306 0 28.151
2003011100 0 0.0304615385 0 28.15
2003011101 0 0.0304615385 0 NA
2003011102 0 0.0300461538 0 29.148
2003011103 0 0.0299076923 0 29.148
2003011104 0 0.0299076923 0 29.147
2003011105 0 0.0296307692 0 29.147
2003011106 0 0.0293538462 0 29.146
2003011107 0 0.0293538462 0 29.145
2003011108 0 0.0288 0.001025641 29.144
2003011109 0 0.0288 0.0123076923 29.144
2003011110 0 0.0282461538 0.0482051282 29.143
2003011111 0 0.0282461538 0.0820512821 29.141
2003011112 0 0.0282461538 0.0779487179 29.141
2003011113 0 0.0281076923 0.081025641 29.141
2003011114 0 0.0276923077 0.0635897436 29.141
2003011115 0 0.0276923077 0.0297435897 29.141
2003011116 0 0.0281076923 0.0041025641 29.141
2003011117 0 0.0282461538 0 29.141
2003011118 0 0.0278307692 0 29.14
2003011119 0 0.0276923077 0 29.14
2003011120 0 0.0276923077 0 29.139
2003011121 0 0.0276923077 0 29.139
2003011122 0 0.0274153846 0 29.139
2003011123 0 0.0271384615 0 29.139
2003011200 0 0.0271384615 0 29.138
2003011201 0 0.0271384615 0 29.138
2003011202 0 0.027 0 29.137
2003011203 0 0.0268615385 0 29.137
2003011204 0 0.0271384615 0 29.137
2003011205 0 0.0267230769 0 29.136
2003011206 0 0.0265846154 0 29.136
2003011207 0 0.0265846154 0 29.136
2003011208 0 0.0265846154 0 29.136
2003011209 0 0.0265846154 0.0060483871 29.135
2003011210 0 0.0264461538 0.0169354839 29.133
2003011211 0 0.0260307692 0.0181451613 29.133
2003011212 0 0.0260307692 0.060483871 29.132
2003011213 0 0.0260307692 0.0858870968 29.132
2003011214 0 0.0260307692 0.0653225806 29.132
2003011215 0 0.0260307692 0.0399193548 29.132
2003011216 0 0.0260307692 0.0072580645 29.133
2003011217 0 0.0260307692 0 29.132
2003011218 0 0.0260307692 0 29.132
2003011219 0 0.0260307692 0 29.132
2003011220 0 0.0265846154 0 29.132
2003011221 0 0.0265846154 0 29.133
2003011222 0 0.0265846154 0 29.133
2003011223 0 0.0265846154 0 29.134
2003011300 0 0.0265846154 0 29.135
2003011301 0 0.027 0 29.136
2003011302 0.4 0.0272769231 0 29.136
2003011303 0.6 0.0276923077 0 29.137
2003011304 0.4 0.0279692308 0 29.138
2003011305 1.1 0.0285230769 0 29.139
2003011306 0.9 0.0292153846 0 29.139
2003011307 0.2 0.0307384615 0 29.139
2003011308 0.2 0.0339230769 0 29.139
2003011309 0 0.0365538462 0.0023809524 29.141
2003011310 0 0.0390461538 0.0071428571 29.145
2003011311 0 0.0404307692 0.0119047619 28.155
2003011312 0 0.0426461538 0.019047619 28.171
2003011313 0 0.0461076923 0.0214285714 28.19
2003011314 0 0.0509538462 0.0238095238 28.206
2003011315 0 0.0556615385 0.0142857143 28.219
2003011316 0.1 0.0598153846 0 28.226
2003011317 0.5 0.0623076923 0 28.231
2003011318 0.3 0.0641076923 0 28.235
2003011319 0 0.0661846154 0 28.238
2003011320 0 0.0688153846 0 28.243
2003011321 0 0.0715846154 0 28.249
2003011322 0 0.0739384615 0 28.254
2003011323 0 0.0760153846 0 28.258
2003011400 0 0.0775384615 0 28.261
2003011401 0 0.0787846154 0 28.264
2003011402 0 0.0798923077 0 28.267
2003011403 0 0.0811384615 0 28.269
2003011404 0 0.0825230769 0 28.27
2003011405 0 0.0836307692 0 28.272
2003011406 0 0.0847384615 0 28.273
2003011407 0 0.0859846154 0 28.274
2003011408 0 0.0872307692 0 28.275
2003011409 0 0.0883384615 0.0011764706 28.274
2003011410 0 0.0888923077 0.0094117647 28.273
2003011411 0 0.0895846154 0.0152941176 28.273
2003011412 0 0.09 0.0223529412 28.273
2003011413 0 0.0906923077 0.0176470588 28.273
2003011414 0 0.0918 0.0164705882 28.274
2003011415 0 0.0931846154 0.0164705882 28.274
2003011416 0 0.0944307692 0.0011764706 28.273
2003011417 0 0.0954 0 28.272
2003011418 0 0.0959538462 0 28.272
2003011419 0 0.0963692308 0 28.271
2003011420 0 0.0970615385 0 28.269
2003011421 0 0.0974769231 0 28.268
2003011422 0 0.0974769231 0 28.267
2003011423 0 0.0974769231 0 28.266
2003011500 0 0.0974769231 0 28.265
2003011501 0 0.0974769231 0 28.264
2003011502 0 0.0966461538 0 28.262
2003011503 0 0.0963692308 0 28.261
2003011504 0 0.0956769231 0 28.259
2003011505 0 0.0952615385 0 28.259
2003011506 0 0.0948461538 0 28.257
2003011507 0 0.0942923077 0 28.256
2003011508 0 0.0934615385 0 28.256
2003011509 0 0.0927692308 0.0030075188 28.254
2003011510 0 0.0915230769 0.0195488722 28.251
2003011511 0 0.0901384615 0.030075188 28.249
2003011512 0 0.0887538462 0.0285714286 28.248
2003011513 0 0.0873692308 0.0315789474 28.247
2003011514 0 0.0864 0.0601503759 28.246
2003011515 0 0.0858461538 0.0255639098 28.245
2003011516 0 0.0852923077 0.0015037594 28.244
2003011517 0 0.0844615385 0 28.243
2003011518 0 0.0839076923 0 28.241
2003011519 0.7 0.0830769231 0 28.24
2003011520 0.7 0.0825230769 0 28.238
2003011521 0 0.0828 0 28.237
2003011522 0 0.0837692308 0 28.236
2003011523 0 0.0846 0 28.237
2003011600 0 0.0854307692 0 28.237
2003011601 0 0.0858461538 0 28.238
2003011602 0 0.0864 0 28.238
2003011603 0 0.0862615385 0 28.238
2003011604 0 0.0857076923 0 28.237
2003011605 0 0.0846 0 28.235
2003011606 0 0.0830769231 0 28.234
2003011607 0 0.0816923077 0 28.232
2003011608 0 0.0801692308 0.001344086 28.231
2003011609 0 0.0787846154 0.0282258065 28.229
2003011610 0 0.0769846154 0.0672043011 28.227
2003011611 0 0.0756 0.0927419355 28.225
2003011612 0 0.0740769231 0.1155913978 28.223
2003011613 0 0.0729692308 0.1142473118 28.222
2003011614 0 0.0721384615 0.0577956989 28.222
2003011615 0 0.0714461538 0.0201612903 28.221
2003011616 0 0.0710307692 0.002688172 28.22
2003011617 0 0.0708923077 0 28.219
2003011618 0 0.0704769231 0 28.218
2003011619 0 0.0695076923 0 28.217
2003011620 0 0.0684 0 28.216
2003011621 0 0.0677076923 0 28.215
2003011622 0 0.0671538462 0 28.214
2003011623 0 0.0664615385 0 28.213
2003011700 0 0.0663230769 0 28.213
2003011701 0 0.0654923077 0 28.212
2003011702 0 0.0653538462 0 28.212
2003011703 0 0.0649384615 0 28.212
2003011704 0 0.0648 0 28.212
2003011705 0 0.0648 0 28.212
2003011706 0 0.0648 0 28.212
2003011707 0 0.0648 0 28.212
2003011708 0 0.0646615385 0.0011320755 28.212
2003011709 0 0.0638307692 0.0079245283 28.211
2003011710 0 0.0635538462 0.019245283 28.209
2003011711 0 0.0627230769 0.0305660377 28.208
2003011712 0 0.0618923077 0.0316981132 28.208
2003011713 0 0.0610615385 0.0803773585 28.208
2003011714 0 0.0609230769 0.0724528302 28.208
2003011715 0 0.0609230769 0.0441509434 28.209
2003011716 0 0.0609230769 0.0124528302 28.209
2003011717 0 0.0609230769 0 28.209
2003011718 0 0.0609230769 0 28.208
2003011719 0 0.0609230769 0 28.208
2003011720 0 0.0609230769 0 28.207
2003011721 0 0.0603692308 0 28.206
2003011722 0 0.0598153846 0 28.204
2003011723 0 0.0589846154 0 28.202
2003011800 0 0.0578769231 0 28.2
2003011801 0 0.0567692308 0 28.199
2003011802 0 0.0559384615 0 28.198
2003011803 0 0.0553846154 0 28.196
2003011804 0 0.0548307692 0 28.195
2003011805 0 0.0542769231 0 28.193
2003011806 0 0.0537230769 0 28.192
2003011807 0 0.0530307692 0 28.191
2003011808 0 0.0522 0 28.189
2003011809 0 0.0513692308 0.00375 28.187
2003011810 0 0.0506769231 0.01 28.186
2003011811 0 0.0499846154 0.0125 28.184
2003011812 0 0.0491538462 0.02625 28.183
2003011813 0 0.0484615385 0.0225 28.183
2003011814 0 0.0481846154 0.015 28.182
2003011815 0 0.0477692308 0.0075 28.182
2003011816 0 0.0476307692 0.0025 28.181
2003011817 0 0.0476307692 0 28.181
2003011818 0 0.0476307692 0 28.18
2003011819 0 0.0470769231 0 28.18
2003011820 0 0.0470769231 0 28.18
2003011821 0 0.0468 0 28.18
2003011822 0 0.0465230769 0 28.18
2003011823 0 0.0465230769 0 28.18
2003011900 0 0.0466615385 0 28.181
2003011901 0 0.0470769231 0 28.182
2003011902 0 0.0470769231 0 28.182
2003011903 0 0.0472153846 0 28.182
2003011904 0 0.0476307692 0 28.184
2003011905 0 0.0476307692 0 28.184
2003011906 0 0.0480461538 0 28.184
2003011907 0 0.0481846154 0 28.184
2003011908 0 0.0481846154 0.0012875536 28.184
2003011909 0 0.0486 0.0180257511 28.185
2003011910 0 0.0487384615 0.043776824 28.185
2003011911 0 0.0487384615 0.0682403433 28.184
2003011912 0 0.0484615385 0.09527897 28.185
2003011913 0 0.0481846154 0.047639485 28.185
2003011914 0 0.0483230769 0.0167381974 28.185
2003011915 0.3 0.0484615385 0.0077253219 28.185
2003011916 0.1 0.0487384615 0.0012875536 28.184
2003011917 0.2 0.0487384615 0 28.183
2003011918 0 0.0483230769 0 28.181
2003011919 0 0.0479076923 0 28.179
2003011920 0 0.0472153846 0 28.177
2003011921 0 0.0462461538 0 28.176
2003011922 0 0.0455538462 0 28.174
2003011923 0 0.0447230769 0 28.173
2003012000 0 0.0441692308 0 28.173
2003012001 0.6 0.0437538462 0 28.173
2003012002 0.3 0.0434769231 0 28.173
2003012003 0.1 0.0440307692 0 28.174
2003012004 0 0.045 0 28.175
2003012005 0 0.0455538462 0 28.177
2003012006 0 0.0459692308 0 28.179
2003012007 0 0.0462461538 0 28.18
2003012008 0 0.0466615385 0.0014492754 28.181
2003012009 0 0.0470769231 0.0217391304 28.182
2003012010 0 0.0472153846 0.0405797101 28.183
2003012011 0 0.0476307692 0.0637681159 28.183
2003012012 0 0.0476307692 0.052173913 28.184
2003012013 0 0.0480461538 0.0550724638 28.185
2003012014 0 0.0479076923 0.0376811594 28.186
2003012015 0 0.0477692308 0.0217391304 28.186
2003012016 0 0.0481846154 0.0057971014 28.187
2003012017 0.1 0.0481846154 0 28.187
2003012018 0 0.0491538462 0 28.187
2003012019 0.1 0.0528923077 0 28.188
2003012020 0.2 0.0524769231 0 28.188
2003012021 0.1 0.0516461538 0 28.188
2003012022 0.1 0.0516461538 0 28.188
2003012023 0.4 0.0520615385 0 28.188
2003012100 0.5 0.0520615385 0 28.189
2003012101 0.3 0.0528923077 0 28.19
2003012102 0.5 0.0542769231 0 28.193
2003012103 0 0.0556615385 0 28.196
2003012104 0 0.0573230769 0 28.2
2003012105 0 0.0591230769 0 28.203
2003012106 0 0.0603692308 0 28.207
2003012107 0 0.0616153846 0 28.208
2003012108 0 0.0624461538 0.0012875536 28.209
2003012109 0 0.0625846154 0.0141630901 28.209
2003012110 0 0.0625846154 0.0309012876 28.209
2003012111 0 0.0621692308 0.0708154506 28.208
2003012112 0 0.0616153846 0.0540772532 28.208
2003012113 0 0.0607846154 0.0386266094 28.208
2003012114 0 0.0603692308 0.0450643777 28.208
2003012115 0 0.0602307692 0.0296137339 28.209
2003012116 0 0.0598153846 0.0154506438 28.209
2003012117 0 0.0594 0 28.208
2003012118 0 0.0592615385 0 28.208
2003012119 0 0.0574615385 0 28.206
2003012120 0 0.0494307692 0 28.205
2003012121 0 0.0556615385 0 28.204
2003012122 0 0.0564923077 0 28.203
2003012123 0 0.0556615385 0 28.202
2003012200 0 0.0551076923 0 28.2
2003012201 0 0.0545538462 0 28.199
2003012202 0 0.0537230769 0 28.198
2003012203 0.1 0.0531692308 0 28.197
2003012204 0.3 0.0528923077 0 28.196
2003012205 0.3 0.0520615385 0 28.195
2003012206 0.6 0.0520615385 0 28.193
2003012207 0 0.0522 0 28.193
2003012208 0 0.0527538462 0.0025974026 28.193
2003012209 0 0.0531692308 0.0233766234 28.195
2003012210 0 0.0531692308 0.0350649351 28.196
2003012211 0.2 0.0531692308 0.0233766234 28.197
2003012212 0.4 0.0534461538 0.0961038961 28.198
2003012213 0 0.0544153846 0.0701298701 28.198
2003012214 0 0.0553846154 0.0337662338 28.2
2003012215 0.4 0.0564923077 0.0103896104 28.201
2003012216 0 0.0570461538 0.0051948052 28.202
2003012217 0 0.0576 0 28.202
2003012218 0 0.0580153846 0 28.202
2003012219 0 0.0587076923 0 28.202
2003012220 0.2 0.0584307692 0 28.202
2003012221 0.2 0.0580153846 0 28.201
2003012222 0.1 0.0576 0 28.2
2003012223 0 0.0573230769 0 28.2
2003012300 0 0.0569076923 0 28.199
2003012301 0 0.0564923077 0 28.199
2003012302 0 0.0556615385 0 28.199
2003012303 0.1 0.0551076923 0 28.198
2003012304 0.3 0.0545538462 0 28.197
2003012305 0 0.0542769231 0 28.196
2003012306 0.2 0.0542769231 0 28.195
2003012307 0.2 0.0541384615 0 28.195
2003012308 0 0.0542769231 0 28.195
2003012309 0 0.0542769231 0.00625 28.195
2003012310 0 0.0553846154 0.01875 28.195
2003012311 0 0.0585692308 0.021875 28.195
2003012312 0 0.0587076923 0.0125 28.194
2003012313 0 0.0585692308 0.01875 28.193
2003012314 0 0.0580153846 0.015625 28.192
2003012315 0 0.0574615385 0.0046875 28.191
2003012316 0 0.0567692308 0.0015625 28.188
2003012317 0 0.0558 0 28.186
2003012318 0 0.0545538462 0 28.184
2003012319 0 0.0534461538 0 28.181
2003012320 0 0.0523384615 0 28.179
2003012321 0 0.0512307692 0 28.177
2003012322 0 0.0501230769 0 28.175
2003012323 0 0.0491538462 0 28.173
2003012400 0 0.0484615385 0 28.172
2003012401 0 0.0477692308 0 28.171
2003012402 0 0.0472153846 0 28.17
2003012403 0 0.0466615385 0 28.169
2003012404 0 0.0462461538 0 28.168
2003012405 0 0.0459692308 0 28.167
2003012406 0 0.0454153846 0 28.167
2003012407 0 0.0451384615 0 28.166
2003012408 0 0.0448615385 0.0012048193 28.165
2003012409 0 0.0445846154 0.0168674699 28.164
2003012410 0 0.0443076923 0.0734939759 28.163
2003012411 0 0.0438923077 0.1108433735 28.163
2003012412 0 0.0434769231 0.1265060241 28.161
2003012413 0 0.0429230769 0.1060240964 28.161
2003012414 0 0.0416769231 0.0963855422 28.161
2003012415 0 0.0405692308 0.056626506 28.162
2003012416 0 0.0387692308 0.0120481928 28.162
2003012417 0 0.0387692308 0 28.161
2003012418 0 0.0387692308 0 28.161
2003012419 0 0.0387692308 0 28.161
2003012420 0 0.0393230769 0 28.161
2003012421 0 0.0393230769 0 28.161
2003012422 0 0.0393230769 0 28.161
2003012423 0 0.0393230769 0 28.161
2003012500 0 0.0393230769 0 28.161
2003012501 0 0.0389076923 0 28.16
2003012502 0 0.0387692308 0 28.16
2003012503 0 0.0387692308 0 28.16
2003012504 0 0.0387692308 0 28.16
2003012505 0 0.0383538462 0 28.16
2003012506 0 0.0382153846 0 28.16
2003012507 0 0.0382153846 0 28.16
2003012508 0 0.0382153846 0.0036585366 28.16
2003012509 0 0.0378 0.0402439024 28.159
2003012510 0 0.0376615385 0.0695121951 28.158
2003012511 0 0.0376615385 0.0817073171 28.158
2003012512 0 0.0371076923 0.1219512195 28.158
2003012513 0 0.0371076923 0.1146341463 28.16
2003012514 0 0.0375230769 0.0573170732 28.161
2003012515 0.7 0.0376615385 0.0097560976 28.163
2003012516 0.9 0.0384923077 0.0012195122 28.163
2003012517 1.4 0.0401538462 0 28.163
2003012518 0.1 0.0426461538 0 28.166
2003012519 0 0.0459692308 0 28.171
2003012520 0 0.0484615385 0 28.178
2003012521 0 0.0512307692 0 28.184
2003012522 0 0.0534461538 0 28.188
2003012523 0 0.0553846154 0 28.192
2003012600 0 0.0567692308 0 28.194
2003012601 0 0.0574615385 0 28.196
2003012602 0 0.0576 0 28.199
2003012603 0 0.0580153846 0 28.2
2003012604 0 0.0581538462 0 28.201
2003012605 0 0.0581538462 0 28.202
2003012606 0 0.0581538462 0 28.201
2003012607 0 0.0580153846 0 28.201
2003012608 0 0.0574615385 0.0028436019 28.201
2003012609 0 0.0567692308 0.0184834123 28.2
2003012610 0 0.0560769231 0.0625592417 28.199
2003012611 0 0.0552461538 0.0568720379 28.198
2003012612 0 0.0546923077 0.0611374408 28.197
2003012613 0 0.0542769231 0.0511848341 28.197
2003012614 0 0.0537230769 0.0327014218 28.199
2003012615 0.1 0.0537230769 0.0099526066 28.201
2003012616 0.5 0.0538615385 0.0042654028 28.201
2003012617 0.4 0.0542769231 0 28.2
2003012618 0.4 0.0551076923 0 28.2
2003012619 0.4 0.0562153846 0 28.203
2003012620 0.4 0.0578769231 0 28.207
2003012621 0.4 0.0598153846 0 28.212
2003012622 0.5 0.0632769231 0 28.217
2003012623 0.4 0.0670153846 0 28.222
2003012700 0.1 0.0714461538 0 28.228
2003012701 0.2 0.0758769231 0 28.234
2003012702 0.1 0.0801692308 0 28.24
2003012703 0 0.0834923077 0 28.246
2003012704 0 0.0859846154 0 28.251
2003012705 0 0.0877846154 0 28.254
2003012706 0 0.0886153846 0 28.256
2003012707 0.2 0.0891692308 0 28.256
2003012708 0 0.0888923077 0 28.256
2003012709 0 0.0887538462 0.0048076923 28.256
2003012710 0 0.0915230769 0.0125 28.257
2003012711 0 0.0919384615 0.0163461538 28.256
2003012712 0 0.0916615385 0.0201923077 28.256
2003012713 0 0.0905538462 0.0182692308 28.256
2003012714 0 0.0902769231 0.0182692308 28.256
2003012715 0 0.0898615385 0.0076923077 28.256
2003012716 0 0.0185538462 0.0019230769 28.256
2003012717 0 0.0159230769 0 28.255
2003012718 0 0.0380769231 0 28.254
2003012719 0 0.0510923077 0 28.252
2003012720 0 0.0571846154 0 28.251
2003012721 0 0.0605076923 0 28.25
2003012722 0 0.0625846154 0 28.249
2003012723 0 0.0643846154 0 28.248
2003012800 0.2 0.0656307692 0 28.247
2003012801 0.6 0.0674307692 0 28.246
2003012802 3 0.0685384615 0 28.245
2003012803 0.4 0.0697846154 0 28.245
2003012804 0.3 0.0717230769 0 28.256
2003012805 0 0.0739384615 0 28.277
2003012806 0 0.0776769231 0 28.292
2003012807 0 0.3054461538 0 28.302
2003012808 0 0.2032615385 0.0013888889 28.305
2003012809 0 0.0369692308 0.0138888889 28.307
2003012810 0 0.0828 0.0277777778 28.307
2003012811 0 0.2317846154 0.0319444444 28.307
2003012812 0 0.0396 0.0361111111 28.306
2003012813 0 0.1052307692 0.0388888889 28.305
2003012814 0 0.1171384615 0.0361111111 28.304
2003012815 1.7 0.1200461538 0.0097222222 28.302
2003012816 0.7 0.1301538462 0.0041666667 28.3
2003012817 1.6 0.1221230769 0 28.3
2003012818 3.1 0.1222615385 0 28.306
2003012819 1.4 0.1392923077 0 28.323
2003012820 0.2 0.1790307692 0 28.363
2003012821 0 0.2421692308 0 28.393
2003012822 0 0.2809384615 0 28.416
2003012823 0 0.2950615385 0 28.427
2003012900 0 0.2993538462 0 28.432
2003012901 1.8 0.2801076923 0 28.433
2003012902 2.3 0.2668153846 0 28.432
2003012903 0.1 0.2641846154 0 28.435
2003012904 0 0.2891076923 0 28.459
2003012905 0 0.3230307692 0 28.477
2003012906 0 0.3325846154 0 28.483
2003012907 0.1 0.3172153846 0 28.484
2003012908 1.7 0.2957538462 0 28.482
2003012909 2.9 0.2828769231 0.0013761468 28.479
2003012910 1.9 0.2904923077 0.0068807339 28.479
2003012911 0 0.3490615385 0.0853211009 28.504
2003012912 0 0.4411384615 0.0577981651 28.533
2003012913 0 0.4979076923 0.052293578 28.547
2003012914 0 0.4926461538 0.0674311927 28.552
2003012915 0 0.4536 0.0220183486 28.552
2003012916 0.2 0.4081846154 0.0068807339 28.549
2003012917 0 0.3746769231 0 28.545
2003012918 0 0.3400615385 0 28.539
2003012919 0 0.3219230769 0 28.533
2003012920 0 0.3025384615 0 28.526
2003012921 0.1 0.2871692308 0 28.519
2003012922 0.2 0.2745692308 0 28.512
2003012923 0 0.2628 0 28.504
2003013000 0 0.2513076923 0 28.496
2003013001 0.1 0.2409230769 0 28.489
2003013002 0 0.2333076923 0 28.481
2003013003 0 0.2265230769 0 28.474
2003013004 0 0.2196 0 28.466
2003013005 0.1 0.2137846154 0 28.46
2003013006 0.1 0.2081076923 0 28.453
2003013007 0 0.2022923077 0 28.445
2003013008 0 0.1923230769 0.0021314387 28.437
2003013009 0 0.1863692308 0.0309058615 28.429
2003013010 0 0.1862307692 0.0863232682 28.422
2003013011 0 0.1798615385 0.1268206039 28.416
2003013012 0 0.1754307692 0.0927175844 28.409
2003013013 0 0.1715538462 0.1246891652 28.403
2003013014 0 0.1603384615 0.1129662522 28.399
2003013015 0 0.1642153846 0.0223801066 28.394
2003013016 0.6 0.1635230769 0.0010657194 28.388
2003013017 0.6 0.1592307692 0 28.382
2003013018 0 0.1574307692 0 28.376
2003013019 0 0.1545230769 0 28.37
2003013020 0.4 0.1503692308 0 28.363
2003013021 0.4 0.1460769231 0 28.357
2003013022 0 0.1423384615 0 28.352
2003013023 0 0.1390153846 0 28.346
2003013100 0 0.1352769231 0 28.341
2003013101 0 0.1316769231 0 28.336
2003013102 0 0.1287692308 0 28.331
2003013103 0 0.126 0 28.327
2003013104 0 0.1232307692 0 28.324
2003013105 0 0.1204615385 0 28.32
2003013106 0 0.1178307692 0 28.317
2003013107 0 0.1154769231 0 28.314
2003013108 0 0.1131230769 0.0036927622 28.31
2003013109 0 0.1102153846 0.0465288035 28.305
2003013110 0 0.1077230769 0.076070901 28.302
2003013111 0 0.1052307692 0.0967503693 28.298
2003013112 0 0.1027384615 0.1093057607 28.295
2003013113 0 0.1010769231 0.082717873 28.291
2003013114 0 0.0996923077 0.0435745938 28.289
2003013115 0 0.0988615385 0.0258493353 28.286
2003013116 0 0.0977538462 0.0155096012 28.283
2003013117 0 0.0963692308 0 28.28
2003013118 0 0.0955384615 0 28.277
2003013119 0 0.0947076923 0 28.274
2003013120 0 0.0931846154 0 28.272
2003013121 0 0.0913846154 0 28.269
2003013122 0 0.0897230769 0 28.267
2003013123 0 0.0883384615 0 28.265
2003020100 0 0.0865384615 0 28.263
2003020101 0 0.0851538462 0 28.262
2003020102 0 0.0834923077 0 28.259
2003020103 0 0.0825230769 0 28.258
2003020104 0 0.0811384615 0 28.256
2003020105 0 0.0801692308 0 28.256
2003020106 0 0.0794769231 0 28.254
2003020107 0 0.0786461538 0 28.252
2003020108 0 0.0776769231 0.0034782609 28.25
2003020109 0 0.0769846154 0.02 28.249
2003020110 0 0.0758769231 0.0460869565 28.248
2003020111 0 0.0753230769 0.0930434783 28.246
2003020112 0 0.0746307692 0.0904347826 28.245
2003020113 0 0.0742153846 0.0791304348 28.244
2003020114 0 0.0742153846 0.0382608696 28.244
2003020115 0 0.0742153846 0.0191304348 28.244
2003020116 0.1 0.0742153846 0.0104347826 28.243
2003020117 0.4 0.0742153846 0 28.242
2003020118 0.3 0.0742153846 0 28.24
2003020119 0.2 0.0742153846 0 28.24
2003020120 0.4 0.0739384615 0 28.238
2003020121 0.2 0.0733846154 0 28.237
2003020122 0.2 0.0728307692 0 28.236
2003020123 0 0.0725538462 0 28.235
2003020200 0 0.0718615385 0 28.234
2003020201 0 0.0714461538 0 28.232
2003020202 0 0.0707538462 0 28.231
2003020203 0 0.0703384615 0 28.229
2003020204 0 0.0697846154 0 28.228
2003020205 0 0.0697846154 0 28.227
2003020206 0 0.0697846154 0 28.227
2003020207 0 0.0697846154 0 28.225
2003020208 0 0.0692307692 0.002173913 28.225
2003020209 0 0.0692307692 0.0173913043 28.224
2003020210 0 0.0689538462 0.0532608696 28.224
2003020211 0.4 0.0686769231 0.0358695652 28.224
2003020212 0.3 0.0695076923 0.0347826087 28.224
2003020213 0.6 0.0726923077 0.0293478261 28.227
2003020214 0.4 0.0778153846 0.0206521739 28.237
2003020215 0.3 0.0859846154 0.0054347826 28.256
2003020216 0.1 0.0963692308 0.0010869565 28.282
2003020217 0 0.1098 0 28.311
2003020218 0 0.1255846154 0 28.336
2003020219 0 0.1430307692 0 28.354
2003020220 0.2 0.1585384615 0 28.368
2003020221 1.6 0.1697538462 0 28.378
2003020222 2.5 0.1790307692 0 28.384
2003020223 4.2 0.1973076923 0 28.397
2003020300 2 0.2454923077 0 28.428
2003020301 0 0.3644307692 0 28.479
2003020302 0 0.5271230769 0 28.528
2003020303 0 0.5922 0 28.554
2003020304 1.5 0.5636769231 0 28.566
2003020305 1.4 0.5091230769 0 28.571
2003020306 2 0.4738153846 0 28.576
2003020307 0 0.4785230769 0 28.591
2003020308 0 0.5539846154 0.0021786492 28.611
2003020309 0 0.6151846154 0.0283224401 28.623
2003020310 0 0.6347076923 0.082788671 28.628
2003020311 0 0.5386153846 0.1045751634 28.632
2003020312 0 0.4947230769 0.1241830065 28.632
2003020313 0.7 0.4522153846 0.0468409586 28.632
2003020314 0.3 0.4212 0.0555555556 28.629
2003020315 1.1 0.3986307692 0.0272331155 28.627
2003020316 0 0.3843692308 0.0272331155 28.624
2003020317 0 0.3785538462 0.0010893246 28.623
2003020318 0 0.3755076923 0 28.624
2003020319 0 0.3699692308 0 28.62
2003020320 0 0.3544615385 0 28.615
2003020321 0 0.3360461538 0 28.609
2003020322 0 0.3181846154 0 28.602
2003020323 0 0.3015692308 0 28.593
2003020400 0 0.2868923077 0 28.584
2003020401 0 0.2736 0 28.575
2003020402 0.1 0.2605846154 0 28.565
2003020403 0.2 0.2484 0 28.555
2003020404 0 0.2381538462 0 28.546
2003020405 0 0.2292923077 0 28.538
2003020406 0 0.2205692308 0 28.529
2003020407 0 0.2126769231 0 28.519
2003020408 0 0.2054769231 0.0048192771 28.51
2003020409 0 0.1985538462 0.0686746988 28.501
2003020410 0 0.1923230769 0.1373493976 28.491
2003020411 0 0.1862307692 0.1493975904 28.482
2003020412 0.7 0.1805538462 0.021686747 28.473
2003020413 1.8 0.1775076923 0.0144578313 28.465
2003020414 0.4 0.1779230769 0.0301204819 28.461
2003020415 0 0.1806923077 0.0506024096 28.458
2003020416 0 0.1841538462 0.021686747 28.456
2003020417 0 0.1883076923 0.0012048193 28.453
2003020418 0 0.1913538462 0 28.453
2003020419 0.7 0.1948153846 0 28.454
2003020420 0.4 0.1975846154 0 28.453
2003020421 0.4 0.1991076923 0 28.453
2003020422 0.1 0.1999384615 0 28.452
2003020423 0 0.2009076923 0 28.451
2003020500 1.2 0.2010461538 0 28.451
2003020501 0.6 0.2013230769 0 28.45
2003020502 0 0.2072769231 0 28.46
2003020503 0.3 0.2234769231 0 28.483
2003020504 0 0.2425846154 0 28.5
2003020505 0.2 0.2572615385 0 28.507
2003020506 0.1 0.2639076923 0 28.509
2003020507 0.2 0.2652923077 0 28.508
2003020508 0 0.2632153846 0.0035573123 28.506
2003020509 0 0.2575384615 0.0355731225 28.5
2003020510 0 0.2511692308 0.0735177866 28.495
2003020511 0 0.2446615385 0.1138339921 28.489
2003020512 0 0.2384307692 0.1209486166 NA
2003020513 0 0.2334461538 0.0948616601 NA
2003020514 0 0.2292923077 0.0687747036 NA
2003020515 0 0.2244461538 0.0403162055 NA
2003020516 0 0.2184923077 0.04743083 NA
2003020517 0 0.2118461538 0.0011857708 NA
2003020518 0 0.2052 0 NA
2003020519 0 0.1988307692 0 NA
2003020520 0 0.1941230769 0 NA
2003020521 0.1 0.1891384615 0 NA
2003020522 0 0.1831846154 0 NA
2003020523 0 0.1783384615 0 NA
2003020600 0 0.1744615385 0 NA
2003020601 0 0.1697538462 0 NA
2003020602 0 0.1646307692 0 NA
2003020603 0 0.1599230769 0 NA
2003020604 0 0.1557692308 0 NA
2003020605 0 0.1523076923 0 NA
2003020606 0 0.1487076923 0 NA
2003020607 0 0.1453846154 0 NA
2003020608 0 0.1423384615 0.004375 NA
2003020609 0 0.1390153846 0.035 NA
2003020610 0 0.1356923077 0.09953125 NA
2003020611 0 0.1323692308 0.118125 NA
2003020612 0 0.1293230769 0.12796875 NA
2003020613 0 0.1272461538 0.10828125 NA
2003020614 0 0.1254461538 0.1225 NA
2003020615 0 0.1243384615 0.0678125 NA
2003020616 0 0.1232307692 0.0153125 NA
2003020617 0 0.1243384615 0.00109375 NA
2003020618 0 0.1282153846 0 NA
2003020619 0 0.1239230769 0 NA
2003020620 0 0.1199076923 0 NA
2003020621 0 0.1174153846 0 NA
2003020622 0 0.1154769231 0 NA
2003020623 0 0.1138153846 0 NA
2003020700 0 0.1122923077 0 NA
2003020701 0 0.1106307692 0 NA
2003020702 0 0.1089692308 0 NA
2003020703 0 0.1075846154 0 NA
2003020704 0 0.1063384615 0 NA
2003020705 0 0.1052307692 0 NA
2003020706 0 0.1042615385 0 NA
2003020707 0 0.1032923077 0 NA
2003020708 0 0.1021846154 0.0008928571 NA
2003020709 0.1 0.1013538462 0.0044642857 NA
2003020710 0.2 0.1002461538 0.0098214286 NA
2003020711 0 0.1002461538 0.0151785714 NA
2003020712 0 0.0999692308 0.01875 NA
2003020713 0 0.0977538462 0.0205357143 NA
2003020714 0 0.0973384615 0.0169642857 NA
2003020715 0 0.0965076923 0.0080357143 NA
2003020716 0.2 0.0958153846 0.0053571429 NA
2003020717 0 0.0958153846 0 NA
2003020718 0 0.0952615385 0 NA
2003020719 0 0.0948461538 0 NA
2003020720 0 0.0944307692 0 NA
2003020721 0.2 0.0937384615 0 NA
2003020722 0 0.0931846154 0 NA
2003020723 0 0.0929076923 0 NA
2003020800 0 0.0924923077 0 NA
2003020801 0 0.0922153846 0 NA
2003020802 0 0.0919384615 0 NA
2003020803 0 0.0913846154 0 NA
2003020804 0 0.0911076923 0 NA
2003020805 0 0.0905538462 0 NA
2003020806 0 0.0901384615 0 NA
2003020807 0 0.0897230769 0 NA
2003020808 0 0.0893076923 0.0018348624 NA
2003020809 0 0.0887538462 0.0055045872 NA
2003020810 0 0.0877846154 0.0137614679 NA
2003020811 0 0.0868153846 0.0155963303 NA
2003020812 0 0.0858461538 0.0128440367 NA
2003020813 0 0.0851538462 0.0137614679 NA
2003020814 0 0.0846 0.0165137615 NA
2003020815 0 0.0841846154 0.0155963303 NA
2003020816 0 0.0836307692 0.004587156 NA
2003020817 0 0.0832153846 0 NA
2003020818 0 0.0828 0 NA
2003020819 0 0.0823846154 0 NA
2003020820 0 0.0819692308 0 NA
2003020821 0 0.0818307692 0 NA
2003020822 0 0.0812769231 0 NA
2003020823 0 0.0808615385 0 NA
2003020900 0 0.0803076923 0 NA
2003020901 0 0.0797538462 0 NA
2003020902 0 0.0790615385 0 NA
2003020903 0 0.0786461538 0 NA
2003020904 0 0.0786461538 0 NA
2003020905 0 0.0782307692 0 NA
2003020906 0 0.0780923077 0 NA
2003020907 0 0.0776769231 0 NA
2003020908 0 0.0772615385 0.0038834951 NA
2003020909 0 0.0769846154 0.0181229773 NA
2003020910 0 0.0762923077 0.0245954693 NA
2003020911 0 0.0754615385 0.0608414239 NA
2003020912 0 0.0747692308 0.0815533981 NA
2003020913 0 0.0742153846 0.0828478964 NA
2003020914 0 0.0736615385 0.0699029126 NA
2003020915 0 0.0732461538 0.0401294498 NA
2003020916 0 0.0725538462 0.0181229773 NA
2003020917 0 0.0721384615 0 NA
2003020918 0 0.0715846154 0 NA
2003020919 0 0.0710307692 0 NA
2003020920 0 0.0700615385 0 NA
2003020921 0 0.0693692308 0 NA
2003020922 0 0.0686769231 0 NA
2003020923 0 0.0678461538 0 NA
2003021000 0 0.0670153846 0 NA
2003021001 0 0.0661846154 0 NA
2003021002 0 0.0652153846 0 NA
2003021003 0 0.0642461538 0 NA
2003021004 0 0.0635538462 0 NA
2003021005 0 0.0627230769 0 NA
2003021006 0 0.0620307692 0 NA
2003021007 0 0.0610615385 0 NA
2003021008 0 0.0600923077 0.0147058824 NA
2003021009 0 0.0594 0.0529411765 NA
2003021010 0 0.0582923077 0.1009803922 NA
2003021011 0 0.0571846154 0.1441176471 NA
2003021012 0 0.0564923077 0.137254902 NA
2003021013 0 0.0564923077 0.1284313725 NA
2003021014 0 0.0564923077 0.1098039216 NA
2003021015 0 0.0564923077 0.0764705882 NA
2003021016 0 0.0569076923 0.0333333333 NA
2003021017 0 0.0574615385 0.0019607843 NA
2003021018 0 0.0581538462 0 NA
2003021019 0 0.0587076923 0 NA
2003021020 0 0.0587076923 0 NA
2003021021 0 0.0587076923 0 NA
2003021022 0 0.0587076923 0 NA
2003021023 0 0.0580153846 0 NA
2003021100 0 0.0571846154 0 NA
2003021101 0 0.0563538462 0 NA
2003021102 0 0.0551076923 0 NA
2003021103 0 0.054 0 NA
2003021104 0 0.0531692308 0 NA
2003021105 0 0.0522 0 NA
2003021106 0 0.0513692308 0 NA
2003021107 0 0.0506769231 0 NA
2003021108 0 0.0497076923 0.015920398 NA
2003021109 0 0.0487384615 0.0656716418 NA
2003021110 0 0.0477692308 0.1134328358 NA
2003021111 0 0.0470769231 0.1393034826 NA
2003021112 0 0.0465230769 0.1402985075 NA
2003021113 0 0.0461076923 0.1243781095 NA
2003021114 0 0.0459692308 0.1024875622 NA
2003021115 0 0.0459692308 0.0686567164 NA
2003021116 0 0.0463846154 0.0278606965 NA
2003021117 0 0.0466615385 0.0019900498 NA
2003021118 0 0.0473538462 0 NA
2003021119 0 0.0483230769 0 NA
2003021120 0 0.0487384615 0 NA
2003021121 0 0.0492923077 0 NA
2003021122 0 0.0492923077 0 NA
2003021123 0 0.0492923077 0 NA
2003021200 0 0.0488769231 0 NA
2003021201 0 0.0484615385 0 NA
2003021202 0 0.0476307692 0 NA
2003021203 0 0.0470769231 0 NA
2003021204 0 0.0463846154 0 NA
2003021205 0 0.0455538462 0 NA
2003021206 0 0.0447230769 0 NA
2003021207 0 0.0438923077 0 NA
2003021208 0 0.0433384615 0.0016528926 NA
2003021209 0 0.0423692308 0.0074380165 NA
2003021210 0 0.0418153846 0.0132231405 NA
2003021211 0 0.0412615385 0.0165289256 NA
2003021212 0 0.0408461538 0.0198347107 NA
2003021213 0 0.0404307692 0.0148760331 NA
2003021214 0 0.0404307692 0.0115702479 NA
2003021215 0 0.0401538462 0.0090909091 NA
2003021216 0 0.0398769231 0.0049586777 NA
2003021217 0 0.0398769231 0.0008264463 NA
2003021218 0 0.0396 0 NA
2003021219 0 0.0393230769 0 NA
2003021220 0 0.0393230769 0 NA
2003021221 0 0.0390461538 0 NA
2003021222 0 0.0386307692 0 NA
2003021223 0 0.0382153846 0 NA
2003021300 0 0.0375230769 0 NA
2003021301 0 0.0368307692 0 NA
2003021302 0 0.0365538462 0 NA
2003021303 0 0.036 0 NA
2003021304 0 0.0357230769 0 NA
2003021305 0 0.0354461538 0 NA
2003021306 0 0.0351692308 0 NA
2003021307 0 0.0348923077 0 NA
2003021308 0 0.0343384615 0.0191878173 NA
2003021309 0 0.0337846154 0.081319797 NA
2003021310 0 0.0333692308 0.0977664975 NA
2003021311 0 0.0332307692 0.1489340102 NA
2003021312 0 0.0332307692 0.1699492386 NA
2003021313 0 0.0337846154 0.1498477157 NA
2003021314 0 0.0340615385 0.1169543147 NA
2003021315 0 0.0343384615 0.0776649746 NA
2003021316 0 0.0343384615 0.0356345178 NA
2003021317 0 0.0343384615 0.0027411168 NA
2003021318 0 0.0337846154 0 NA
2003021319 0 0.0337846154 0 NA
2003021320 0 0.0337846154 0 NA
2003021321 0 0.0335076923 0 NA
2003021322 0 0.0326769231 0 NA
2003021323 0 0.0312923077 0 NA
2003021400 0 0.0304615385 0 NA
2003021401 0 0.0304615385 0 NA
2003021402 0 0.0304615385 0 NA
2003021403 0 0.0304615385 0 NA
2003021404 0 0.0304615385 0 NA
2003021405 0 0.0304615385 0 NA
2003021406 0 0.0297692308 0 NA
2003021407 0 0.0293538462 0 NA
2003021408 0 0.0288 0.0183206107 NA
2003021409 0 0.0281076923 0.0631043257 NA
2003021410 0 0.0276923077 0.1078880407 NA
2003021411 0 0.0272769231 0.1302798982 NA
2003021412 0 0.0271384615 0.1496183206 NA
2003021413 0 0.0271384615 0.1078880407 NA
2003021414 0 0.0274153846 0.0916030534 NA
2003021415 0 0.0276923077 0.0804071247 NA
2003021416 0 0.0276923077 0.0437659033 NA
2003021417 0 0.0276923077 0.0071246819 NA
2003021418 0 0.0276923077 0 NA
2003021419 0 0.0276923077 0 NA
2003021420 0 0.0274153846 0 NA
2003021421 0 0.0271384615 0 NA
2003021422 0 0.0267230769 0 NA
2003021423 0 0.0265846154 0 NA
2003021500 0 0.0260307692 0 NA
2003021501 0 0.0257538462 0 NA
2003021502 0 0.0254769231 0 NA
2003021503 0 0.0254769231 0 NA
2003021504 0 0.0254769231 0 NA
2003021505 0 0.0254769231 0 NA
2003021506 0 0.0254769231 0 NA
2003021507 0 0.0252 0 NA
2003021508 0 0.0249230769 0.0039370079 NA
2003021509 0 0.0249230769 0.0062992126 NA
2003021510 0 0.0245076923 0.0086614173 NA
2003021511 0 0.0243692308 0.011023622 NA
2003021512 0 0.0243692308 0.0196850394 NA
2003021513 0 0.0238153846 0.0181102362 NA
2003021514 0 0.0238153846 0.0157480315 NA
2003021515 0 0.0238153846 0.011023622 NA
2003021516 0 0.0239538462 0.0047244094 NA
2003021517 0 0.0239538462 0.0007874016 NA
2003021518 0 0.0238153846 0 NA
2003021519 0 0.0238153846 0 NA
2003021520 0 0.0238153846 0 NA
2003021521 0 0.0238153846 0 NA
2003021522 0 0.0238153846 0 NA
2003021523 0 0.0240923077 0 NA
2003021600 0 0.0238153846 0 NA
2003021601 0 0.0238153846 0 NA
2003021602 0 0.0236769231 0 NA
2003021603 0 0.0232615385 0 NA
2003021604 0 0.0232615385 0 NA
2003021605 0 0.0232615385 0 NA
2003021606 0 0.0232615385 0 NA
2003021607 0 0.0232615385 0 NA
2003021608 0 0.0225692308 0.0176086957 NA
2003021609 0 0.0221538462 0.0401086957 NA
2003021610 0 0.0221538462 0.1144565217 NA
2003021611 0 0.0225692308 0.1408695652 NA
2003021612 0 0.0231230769 0.1555434783 NA
2003021613 0 0.0232615385 0.1526086957 NA
2003021614 0 0.0229846154 0.1320652174 NA
2003021615 0 0.0227076923 0.0948913043 NA
2003021616 0 0.0227076923 0.0479347826 NA
2003021617 0 0.0227076923 0.0039130435 NA
2003021618 0 0.0227076923 0 NA
2003021619 0 0.0227076923 0 NA
2003021620 0 0.0224307692 0 NA
2003021621 0 0.0221538462 0 NA
2003021622 0 0.0214615385 0 NA
2003021623 0 0.0206307692 0 NA
2003021700 0 0.0204923077 0 NA
2003021701 0 0.0204923077 0 NA
2003021702 0 0.0204923077 0 NA
2003021703 0 0.0204923077 0 NA
2003021704 0 0.0202153846 0 NA
2003021705 0 0.0199384615 0 NA
2003021706 0 0.0199384615 0 NA
2003021707 0 0.0193846154 0.0009307135 NA
2003021708 0 0.0193846154 0.0232678387 NA
2003021709 0 0.0191076923 0.0707342296 NA
2003021710 0 0.0188307692 0.1144777663 NA
2003021711 0 0.0188307692 0.1386763185 NA
2003021712 0 0.0188307692 0.1563598759 NA
2003021713 0 0.0193846154 0.1275077559 NA
2003021714 0 0.0196615385 0.1256463289 NA
2003021715 0 0.0202153846 0.0912099276 NA
2003021716 0 0.0204923077 0.0446742503 NA
2003021717 0 0.0204923077 0.0065149948 NA
2003021718 0 0.0204923077 0 NA
2003021719 0 0.0204923077 0 NA
2003021720 0 0.0204923077 0 NA
2003021721 0 0.0202153846 0 NA
2003021722 0 0.0196615385 0 NA
2003021723 0 0.0193846154 0 NA
2003021800 0 0.0193846154 0 NA
2003021801 0 0.0193846154 0 NA
2003021802 0 0.0191076923 0 NA
2003021803 0 0.0188307692 0 NA
2003021804 0 0.0188307692 0 NA
2003021805 0 0.0188307692 0 NA
2003021806 0 0.0188307692 0 NA
2003021807 0 0.0188307692 0.0009090909 NA
2003021808 0 0.0185538462 0.0309090909 NA
2003021809 0 0.0181384615 0.0790909091 NA
2003021810 0 0.0177230769 0.1163636364 NA
2003021811 0 0.0177230769 0.1354545455 NA
2003021812 0 0.0177230769 0.1436363636 NA
2003021813 0 0.018 0.14 NA
2003021814 0 0.0184153846 0.12 NA
2003021815 0 0.0188307692 0.0863636364 NA
2003021816 0 0.0193846154 0.0427272727 NA
2003021817 0 0.0193846154 0.0045454545 NA
2003021818 0 0.0193846154 0 NA
2003021819 0 0.0193846154 0 NA
2003021820 0 0.0193846154 0 NA
2003021821 0 0.0193846154 0 NA
2003021822 0 0.0191076923 0 NA
2003021823 0 0.0188307692 0 NA
2003021900 0 0.0184153846 0 NA
2003021901 0 0.0182769231 0 NA
2003021902 0 0.0181384615 0 NA
2003021903 0 0.0177230769 0 NA
2003021904 0 0.0177230769 0 NA
2003021905 0 0.0175846154 0 NA
2003021906 0 0.0171692308 0 NA
2003021907 0 0.0171692308 0.0010319917 NA
2003021908 0 0.0167538462 0.0268317853 NA
2003021909 0 0.0166153846 0.0732714138 NA
2003021910 0 0.0166153846 0.1166150671 NA
2003021911 0 0.0166153846 0.1496388029 NA
2003021912 0 0.0166153846 0.1661506708 NA
2003021913 0 0.0170307692 0.1640866873 NA
2003021914 0 0.0174461538 0.1403508772 NA
2003021915 0 0.018 0.1021671827 NA
2003021916 0 0.0185538462 0.0536635707 NA
2003021917 0 0.0188307692 0.0061919505 NA
2003021918 0 0.0188307692 0 NA
2003021919 0 0.0188307692 0 NA
2003021920 0 0.0188307692 0 NA
2003021921 0 0.0186923077 0 NA
2003021922 0 0.0182769231 0 NA
2003021923 0 0.0177230769 0 NA
2003022000 0 0.0177230769 0 NA
2003022001 0 0.0177230769 0 NA
2003022002 0 0.0174461538 0 NA
2003022003 0 0.0171692308 0 NA
2003022004 0 0.0171692308 0 NA
2003022005 0 0.0171692308 0 NA
2003022006 0 0.0171692308 0 NA
2003022007 0 0.0170307692 0.0010223048 NA
2003022008 0 0.0166153846 0.0378252788 NA
2003022009 0 0.0166153846 0.0971189591 NA
2003022010 0 0.0160615385 0.1451672862 NA
2003022011 0 0.0160615385 0.1727695167 NA
2003022012 0 0.0160615385 0.1737918216 NA
2003022013 0 0.0164769231 0.1645910781 NA
2003022014 0 0.0166153846 0.1410780669 NA
2003022015 0 0.0166153846 0.1042750929 NA
2003022016 0 0.0170307692 0.055204461 NA
2003022017 0 0.0171692308 0.0071561338 NA
2003022018 0 0.0167538462 0 NA
2003022019 0 0.0166153846 0 NA
2003022020 0 0.0166153846 0 NA
2003022021 0 0.0166153846 0 NA
2003022022 0 0.0166153846 0 NA
2003022023 0 0.0160615385 0 NA
2003022100 0 0.0157846154 0 NA
2003022101 0 0.0155076923 0 NA
2003022102 0 0.0155076923 0 NA
2003022103 0 0.0149538462 0 NA
2003022104 0 0.0149538462 0 NA
2003022105 0 0.0149538462 0 NA
2003022106 0 0.0149538462 0 NA
2003022107 0 0.0149538462 0.0020952381 NA
2003022108 0 0.0146769231 0.044 NA
2003022109 0 0.0144 0.1037142857 NA
2003022110 0 0.0144 0.1445714286 NA
2003022111 0 0.0144 0.1571428571 NA
2003022112 0 0.0144 0.1697142857 NA
2003022113 0 0.0144 0.1665714286 NA
2003022114 0 0.0146769231 0.1445714286 NA
2003022115 0 0.0149538462 0.1047619048 NA
2003022116 0 0.0149538462 0.0544761905 NA
2003022117 0 0.0149538462 0.0083809524 NA
2003022118 0 0.0149538462 0 NA
2003022119 0 0.0149538462 0 NA
2003022120 0 0.0149538462 0 NA
2003022121 0 0.0149538462 0 NA
2003022122 0 0.0149538462 0 NA
2003022123 0 0.0149538462 0 NA
2003022200 0 0.0144 0 NA
2003022201 0 0.0144 0 NA
2003022202 0 0.0141230769 0 NA
2003022203 0 0.0138461538 0 NA
2003022204 0 0.0138461538 0 NA
2003022205 0 0.0138461538 0 NA
2003022206 0 0.0138461538 0 NA
2003022207 0 0.0138461538 0.0022222222 NA
2003022208 0 0.0138461538 0.0522222222 NA
2003022209 0 0.0138461538 0.1211111111 NA
2003022210 0 0.0132923077 0.1544444444 NA
2003022211 0 0.0132923077 0.1688888889 NA
2003022212 0 0.0137076923 0.1844444444 NA
2003022213 0 0.0139846154 0.1788888889 NA
2003022214 0 0.0145384615 0.1533333333 NA
2003022215 0 0.0149538462 0.1133333333 NA
2003022216 0 0.0149538462 0.0611111111 NA
2003022217 0 0.0149538462 0.01 NA
2003022218 0 0.0149538462 0 NA
2003022219 0 0.0149538462 0 NA
2003022220 0 0.0149538462 0 NA
2003022221 0 0.0149538462 0 NA
2003022222 0 0.0149538462 0 NA
2003022223 0 0.0149538462 0 NA
2003022300 0 0.0149538462 0 NA
2003022301 0 0.0144 0 NA
2003022302 0 0.0142615385 0 NA
2003022303 0 0.0138461538 0 NA
2003022304 0 0.0138461538 0 NA
2003022305 0 0.0138461538 0 NA
2003022306 0 0.0138461538 0 NA
2003022307 0 0.0138461538 0.0022869023 NA
2003022308 0 0.0138461538 0.0297297297 NA
2003022309 0 0.0138461538 0.0823284823 NA
2003022310 0 0.0138461538 0.1292099792 NA
2003022311 0 0.0138461538 0.1635135135 NA
2003022312 0 0.0138461538 0.1806652807 NA
2003022313 0 0.0138461538 0.1772349272 NA
2003022314 0 0.0142615385 0.1532224532 NA
2003022315 0 0.0144 0.1132016632 NA
2003022316 0 0.0146769231 0.0583160083 NA
2003022317 0 0.0149538462 0.0102910603 NA
2003022318 0 0.0149538462 0 NA
2003022319 0 0.0149538462 0 NA
2003022320 0 0.0149538462 0 NA
2003022321 0 0.0149538462 0 NA
2003022322 0 0.0149538462 0 NA
2003022323 0 0.0149538462 0 NA
2003022400 0 0.0149538462 0 NA
2003022401 0 0.0149538462 0 NA
2003022402 0 0.0145384615 0 NA
2003022403 0 0.0144 0 NA
2003022404 0 0.0144 0 NA
2003022405 0 0.0144 0 NA
2003022406 0 0.0144 0 NA
2003022407 0 0.0144 0.0025157233 NA
2003022408 0 0.0144 0.0327044025 NA
2003022409 0 0.0144 0.0893081761 NA
2003022410 0 0.0144 0.1383647799 NA
2003022411 0 0.0144 0.1773584906 NA
2003022412 0 0.0144 0.1974842767 NA
2003022413 0 0.0145384615 0.1924528302 NA
2003022414 0 0.0149538462 0.1685534591 NA
2003022415 0 0.0149538462 0.1232704403 NA
2003022416 0 0.0149538462 0.0641509434 NA
2003022417 0 0.0149538462 0.013836478 NA
2003022418 0 0.0155076923 0 NA
2003022419 0 0.0157846154 0 NA
2003022420 0 0.0160615385 0 NA
2003022421 0 0.0166153846 0 NA
2003022422 0 0.0166153846 0 NA
2003022423 0 0.0166153846 0 NA
2003022500 0 0.0166153846 0 NA
2003022501 0 0.0166153846 0 NA
2003022502 0 0.0166153846 0 NA
2003022503 0 0.0162 0 NA
2003022504 0 0.0160615385 0 NA
2003022505 0 0.0160615385 0 NA
2003022506 0 0.0160615385 0 NA
2003022507 0 0.0160615385 0.0057017544 NA
2003022508 0 0.0160615385 0.0524561404 NA
2003022509 0 0.0160615385 0.1128947368 NA
2003022510 0 0.0160615385 0.1505263158 NA
2003022511 0 0.0160615385 0.1835964912 NA
2003022512 0 0.0160615385 0.2029824561 NA
2003022513 0 0.0164769231 0.1984210526 NA
2003022514 0 0.0166153846 0.1744736842 NA
2003022515 0 0.0166153846 0.1311403509 NA
2003022516 0 0.0166153846 0.0729824561 NA
2003022517 0 0.0166153846 0.0148245614 NA
2003022518 0 0.0166153846 0 NA
2003022519 0 0.0171692308 0 NA
2003022520 0 0.0174461538 0 NA
2003022521 0 0.0177230769 0 NA
2003022522 0 0.0177230769 0 NA
2003022523 0 0.0177230769 0 NA
2003022600 0 0.0177230769 0 NA
2003022601 0 0.0177230769 0 NA
2003022602 0 0.0177230769 0 NA
2003022603 0 0.0177230769 0 NA
2003022604 0 0.0171692308 0 NA
2003022605 0 0.0171692308 0 NA
2003022606 0 0.0171692308 0 NA
2003022607 0 0.0171692308 0.0048507463 NA
2003022608 0 0.0171692308 0.0424440299 NA
2003022609 0 0.0171692308 0.1042910448 NA
2003022610 0 0.0171692308 0.1552238806 NA
2003022611 0 0.0171692308 0.1940298507 NA
2003022612 0 0.0173076923 0.2097947761 NA
2003022613 0 0.0177230769 0.2049440299 NA
2003022614 0 0.0177230769 0.1782649254 NA
2003022615 0 0.0177230769 0.1285447761 NA
2003022616 0 0.0177230769 0.0666977612 NA
2003022617 0 0.0177230769 0.0109141791 NA
2003022618 0 0.018 0 NA
2003022619 0 0.0182769231 0 NA
2003022620 0 0.0182769231 0 NA
2003022621 0 0.0182769231 0 NA
2003022622 0 0.0182769231 0 NA
2003022623 0 0.0182769231 0 NA
2003022700 0 0.0182769231 0 NA
2003022701 0 0.0182769231 0 NA
2003022702 0 0.0182769231 0 NA
2003022703 0 0.0182769231 0 NA
2003022704 0 0.0182769231 0 NA
2003022705 0 0.0182769231 0 NA
2003022706 0 0.0182769231 0 NA
2003022707 0 0.0182769231 0.0039258451 NA
2003022708 0 0.0182769231 0.0366412214 NA
2003022709 0 0.0182769231 0.0955288986 NA
2003022710 0 0.0182769231 0.1177753544 NA
2003022711 0 0.0182769231 0.1818974918 NA
2003022712 0 0.0182769231 0.187131952 NA
2003022713 0 0.018 0.2211559433 NA
2003022714 0 0.0177230769 0.1347873501 NA
2003022715 0 0.0177230769 0.1413304253 NA
2003022716 0 0.0177230769 0.0667393675 NA
2003022717 0 0.0181384615 0.0130861505 NA
2003022718 0 0.0182769231 0 NA
2003022719 0 0.0186923077 0 NA
2003022720 0 0.0191076923 0 NA
2003022721 0 0.0193846154 0 NA
2003022722 0 0.0193846154 0 NA
2003022723 0 0.0193846154 0 NA
2003022800 0 0.0193846154 0 NA
2003022801 0 0.0193846154 0 NA
2003022802 0 0.0193846154 0 NA
2003022803 0 0.0193846154 0 NA
2003022804 0 0.0196615385 0 NA
2003022805 0 0.0199384615 0 NA
2003022806 0 0.0199384615 0 NA
2003022807 0 0.0199384615 0.0014201183 NA
2003022808 0 0.0199384615 0.0184615385 NA
2003022809 0 0.0199384615 0.0468639053 NA
2003022810 0 0.0199384615 0.1150295858 NA
2003022811 0 0.0199384615 0.186035503 NA
2003022812 0 0.0199384615 0.2385798817 NA
2003022813 0 0.0203538462 0.1633136095 NA
2003022814 0 0.0204923077 0.1888757396 NA
2003022815 0 0.0204923077 0.1547928994 NA
2003022816 0 0.0210461538 0.0724260355 NA
2003022817 0 0.0210461538 0.0142011834 NA
2003022818 0 0.0214615385 0 NA
2003022819 0 0.0222923077 0 NA
2003022820 0 0.0227076923 0 NA
2003022821 0 0.0232615385 0 NA
2003022822 0 0.0234 0 NA
2003022823 0 0.0238153846 0 NA
2003030100 0 0.0238153846 0 NA
2003030101 0.1 0.0240923077 0 NA
2003030102 1.4 0.0243692308 0 NA
2003030103 1 0.0246461538 0 NA
2003030104 0 0.0263076923 0 NA
2003030105 0 0.0279692308 0 NA
2003030106 0 0.0289384615 0 NA
2003030107 0 0.0296307692 0.0043343653 NA
2003030108 0 0.0299076923 0.062125903 NA
2003030109 0 0.0299076923 0.1141382869 NA
2003030110 0 0.0299076923 0.1661506708 NA
2003030111 0 0.0299076923 0.1719298246 NA
2003030112 0 0.0294923077 0.2629514964 NA
2003030113 0 0.0293538462 0.2383900929 NA
2003030114 0 0.0293538462 0.1300309598 NA
2003030115 0 0.0293538462 0.160371517 NA
2003030116 0 0.0294923077 0.0707946336 NA
2003030117 0 0.0299076923 0.0187822497 NA
2003030118 0 0.0303230769 0 NA
2003030119 0 0.0308769231 0 NA
2003030120 0 0.0312923077 0 NA
2003030121 0 0.0315692308 0 NA
2003030122 0 0.0315692308 0 NA
2003030123 0 0.0315692308 0 NA
2003030200 0 0.0315692308 0 NA
2003030201 0.3 0.0315692308 0 NA
2003030202 0.7 0.0318461538 0 NA
2003030203 1.2 0.0322615385 0 NA
2003030204 2.1 0.0336461538 0 NA
2003030205 1.3 0.0361384615 0 NA
2003030206 0.3 0.0404307692 0 NA
2003030207 0 0.0451384615 0 NA
2003030208 0 0.0492923077 0.0133757962 NA
2003030209 0 0.0530307692 0.0237791932 NA
2003030210 0 0.0560769231 0.038641189 NA
2003030211 0 0.0578769231 0.0549893843 NA
2003030212 0 0.0587076923 0.0921443737 NA
2003030213 0 0.0587076923 0.1174097665 NA
2003030214 0 0.0587076923 0.1515923567 NA
2003030215 0 0.0587076923 0.1530785563 NA
2003030216 0 0.0587076923 0.0430997877 NA
2003030217 0 0.0587076923 0.0118895966 NA
2003030218 0 0.0582923077 0 NA
2003030219 0 0.0576 0 NA
2003030220 0 0.0570461538 0 NA
2003030221 0 0.0562153846 0 NA
2003030222 0 0.0551076923 0 NA
2003030223 0 0.054 0 NA
2003030300 0 0.0530307692 0 NA
2003030301 0 0.0520615385 0 NA
2003030302 0 0.0512307692 0 NA
2003030303 0 0.0502615385 0 NA
2003030304 0 0.0495692308 0 NA
2003030305 0 0.0486 0 NA
2003030306 0 0.0477692308 0 NA
2003030307 0 0.0469384615 0 NA
2003030308 0 0.0462461538 0.0052747253 NA
2003030309 0 0.0451384615 0.0118681319 NA
2003030310 0 0.0441692308 0.0263736264 NA
2003030311 0 0.0436153846 0.058021978 NA
2003030312 0 0.0429230769 0.087032967 NA
2003030313 0 0.0420923077 0.0949450549 NA
2003030314 0 0.0418153846 0.123956044 NA
2003030315 0 0.0415384615 0.090989011 NA
2003030316 0 0.0408461538 0.090989011 NA
2003030317 0 0.0404307692 0.0105494505 NA
2003030318 0 0.0402923077 0 NA
2003030319 0 0.0398769231 0 NA
2003030320 0 0.0398769231 0 NA
2003030321 0 0.0393230769 0 NA
2003030322 0 0.0387692308 0 NA
2003030323 0 0.0384923077 0 NA
2003030400 0 0.0382153846 0 NA
2003030401 0 0.0378 0 NA
2003030402 0 0.0376615385 0 NA
2003030403 0 0.0371076923 0 NA
2003030404 0 0.0371076923 0 NA
2003030405 0 0.0366923077 0 NA
2003030406 0 0.0365538462 0 NA
2003030407 0 0.0361384615 0.0089361702 NA
2003030408 0 0.0358615385 0.06 NA
2003030409 0 0.0354461538 0.1225531915 NA
2003030410 0 0.0348923077 0.1685106383 NA
2003030411 0 0.0347538462 0.2068085106 NA
2003030412 0 0.0343384615 0.2042553191 NA
2003030413 0 0.0343384615 0.1761702128 NA
2003030414 0 0.0340615385 0.1276595745 NA
2003030415 0 0.0337846154 0.0778723404 NA
2003030416 0 0.0337846154 0.0370212766 NA
2003030417 0 0.0337846154 0.010212766 NA
2003030418 0 0.0337846154 0 NA
2003030419 0 0.0337846154 0 NA
2003030420 0 0.0337846154 0 NA
2003030421 0 0.0337846154 0 NA
2003030422 0 0.0337846154 0 NA
2003030423 0 0.0337846154 0 NA
2003030500 0 0.0337846154 0 NA
2003030501 0 0.0337846154 0 NA
2003030502 0 0.0337846154 0 NA
2003030503 0 0.0337846154 0 NA
2003030504 0 0.0337846154 0 NA
2003030505 0 0.0337846154 0 NA
2003030506 0 0.0335076923 0 NA
2003030507 0 0.0332307692 0.0074547391 NA
2003030508 0 0.0332307692 0.0462193823 NA
2003030509 0 0.0329538462 0.1356762513 NA
2003030510 0 0.0322615385 0.1744408946 NA
2003030511 0 0.0321230769 0.195314164 NA
2003030512 0 0.0321230769 0.2310969116 NA
2003030513 0 0.0317076923 0.2146964856 NA
2003030514 0 0.0315692308 0.1863684771 NA
2003030515 0 0.0310153846 0.1252396166 NA
2003030516 0 0.0310153846 0.0626198083 NA
2003030517 0 0.0310153846 0.0208732694 NA
2003030518 0 0.0310153846 0 NA
2003030519 0 0.0310153846 0 NA
2003030520 0 0.0312923077 0 NA
2003030521 0 0.0315692308 0 NA
2003030522 0 0.0315692308 0 NA
2003030523 0 0.0315692308 0 NA
2003030600 0 0.0315692308 0 NA
2003030601 0 0.0315692308 0 NA
2003030602 0 0.0315692308 0 NA
2003030603 0 0.0315692308 0 NA
2003030604 0 0.0321230769 0 NA
2003030605 0 0.0321230769 0 NA
2003030606 0 0.0321230769 0 NA
2003030607 0 0.0321230769 0.0013157895 NA
2003030608 0 0.0321230769 0.0157894737 NA
2003030609 0 0.0321230769 0.0078947368 NA
2003030610 0.1 0.0321230769 0.0144736842 NA
2003030611 0.4 0.0319846154 0.0184210526 NA
2003030612 0.7 0.0315692308 0.0302631579 NA
2003030613 0.1 0.0315692308 0.0407894737 NA
2003030614 0 0.0315692308 0.0223684211 NA
2003030615 0 0.0315692308 0.0263157895 NA
2003030616 0 0.0311538462 0.0144736842 NA
2003030617 0 0.0310153846 0.0078947368 NA
2003030618 0 0.0307384615 0 NA
2003030619 0 0.0297692308 0 NA
2003030620 0 0.0292153846 0 NA
2003030621 0 0.0288 0 NA
2003030622 0 0.0282461538 0 NA
2003030623 0 0.0279692308 0 NA
2003030700 0 0.0276923077 0 NA
2003030701 0 0.0274153846 0 NA
2003030702 0 0.0271384615 0 NA
2003030703 0 0.0271384615 0 NA
2003030704 0 0.027 0 NA
2003030705 0 0.0265846154 0 NA
2003030706 0 0.0265846154 0 NA
2003030707 0 0.0265846154 0.0064177363 NA
2003030708 0 0.0265846154 0.0295215869 NA
2003030709 0 0.0265846154 0.0603267211 NA
2003030710 0 0.0263076923 0.1347724621 NA
2003030711 0 0.0260307692 0.209218203 NA
2003030712 0 0.0260307692 0.204084014 NA
2003030713 0 0.0260307692 0.1796966161 NA
2003030714 0 0.0254769231 0.1334889148 NA
2003030715 0 0.0254769231 0.0808634772 NA
2003030716 0 0.0254769231 0.0423570595 NA
2003030717 0 0.0254769231 0.0179696616 NA
2003030718 0 0.0254769231 0.0012835473 NA
2003030719 0 0.0258923077 0 NA
2003030720 0 0.0264461538 0 NA
2003030721 0 0.027 0 NA
2003030722 0.1 0.0271384615 0 NA
2003030723 0.1 0.0274153846 0 NA
2003030800 0 0.0276923077 0 NA
2003030801 0 0.0276923077 0 NA
2003030802 0 0.0276923077 0 NA
2003030803 0 0.0276923077 0 NA
2003030804 0 0.0276923077 0 NA
2003030805 0 0.0276923077 0 NA
2003030806 0 0.0276923077 0 NA
2003030807 0 0.0274153846 0.0043875686 NA
2003030808 0 0.027 0.0131627057 NA
2003030809 0 0.0265846154 0.0204753199 NA
2003030810 0 0.0263076923 0.0365630713 NA
2003030811 0 0.0256153846 0.1038391225 NA
2003030812 0 0.0250615385 0.2047531993 NA
2003030813 0 0.0245076923 0.2500914077 NA
2003030814 0 0.0240923077 0.1038391225 NA
2003030815 0 0.0232615385 0.0351005484 NA
2003030816 0 0.0232615385 0.0160877514 NA
2003030817 0 0.0228461538 0.0117001828 NA
2003030818 0 0.0224307692 0 NA
2003030819 0 0.0221538462 0 NA
2003030820 0 0.0221538462 0 NA
2003030821 0.5 0.0221538462 0 NA
2003030822 0.7 0.0221538462 0 NA
2003030823 0.9 0.0227076923 0 NA
2003030900 0.2 0.0232615385 0 NA
2003030901 0.3 0.0247846154 0 NA
2003030902 0 0.0257538462 0 NA
2003030903 0 0.0263076923 0 NA
2003030904 0.1 0.027 0 NA
2003030905 0.1 0.0271384615 0 NA
2003030906 0 0.0274153846 0 NA
2003030907 0 0.0276923077 0.0027826087 NA
2003030908 0 0.0282461538 0.0166956522 NA
2003030909 0 0.0282461538 0.0445217391 NA
2003030910 0 0.0282461538 0.0793043478 NA
2003030911 0 0.0282461538 0.0667826087 NA
2003030912 0 0.0282461538 0.0806956522 NA
2003030913 0 0.0282461538 0.100173913 NA
2003030914 0 0.0285230769 0.1516521739 NA
2003030915 0 0.0288 0.1460869565 NA
2003030916 0 0.0283846154 0.0820869565 NA
2003030917 0 0.0282461538 0.027826087 NA
2003030918 0 0.0282461538 0.0013913043 NA
2003030919 0 0.0282461538 0 NA
2003030920 0 0.0282461538 0 NA
2003030921 0 0.0282461538 0 NA
2003030922 0 0.0282461538 0 NA
2003030923 0 0.0276923077 0 NA
2003031000 0 0.0276923077 0 NA
2003031001 0 0.0272769231 0 NA
2003031002 0 0.0271384615 0 NA
2003031003 0 0.0267230769 0 NA
2003031004 0 0.0265846154 0 NA
2003031005 0 0.0261692308 0 NA
2003031006 0 0.0258923077 0 NA
2003031007 0 0.0254769231 0.0176687117 NA
2003031008 0 0.0253384615 0.0780368098 NA
2003031009 0 0.0249230769 0.1001226994 NA
2003031010 0 0.0243692308 0.1855214724 NA
2003031011 0 0.0243692308 0.1884662577 NA
2003031012 0 0.0240923077 0.2223312883 NA
2003031013 0 0.0238153846 0.1604907975 NA
2003031014 0 0.0238153846 0.1236809816 NA
2003031015 0 0.0234 0.0559509202 NA
2003031016 0 0.0231230769 0.0426993865 NA
2003031017 0 0.0227076923 0.0235582822 NA
2003031018 0 0.0227076923 0.0014723926 NA
2003031019 0 0.0227076923 0 NA
2003031020 0 0.0227076923 0 NA
2003031021 0 0.0227076923 0 NA
2003031022 0 0.0227076923 0 NA
2003031023 0 0.0227076923 0 NA
2003031100 0 0.0227076923 0 NA
2003031101 0 0.0227076923 0 NA
2003031102 0 0.0227076923 0 NA
2003031103 0 0.0227076923 0 NA
2003031104 0.2 0.0227076923 0 NA
2003031105 0 0.0227076923 0 NA
2003031106 0.1 0.0227076923 0 NA
2003031107 0 0.0232615385 0.0063492063 NA
2003031108 1 0.0235384615 0.0142857143 NA
2003031109 2.3 0.0238153846 0.0095238095 NA
2003031110 1.3 0.0247846154 0.0222222222 NA
2003031111 1.1 0.0278307692 0.0476190476 NA
2003031112 0.1 0.0311538462 0.0349206349 NA
2003031113 0.5 0.0346153846 0.0158730159 NA
2003031114 0.8 0.0379384615 0.0206349206 NA
2003031115 2 0.0416769231 0.0142857143 NA
2003031116 1.5 0.0469384615 0.0095238095 NA
2003031117 1.6 0.0548307692 0.0047619048 NA
2003031118 1.1 0.0660461538 0 NA
2003031119 0.7 0.0815538462 0 NA
2003031120 0.3 0.1020461538 0 NA
2003031121 0 0.1219846154 0 NA
2003031122 0 0.1370769231 0 NA
2003031123 0 0.1459384615 0 NA
2003031200 0 0.1489846154 0 NA
2003031201 0 0.1505076923 0 NA
2003031202 0 0.1478769231 0 NA
2003031203 0 0.1427538462 0 NA
2003031204 0 0.1376307692 0 NA
2003031205 0 0.1327846154 0 NA
2003031206 0 0.1279384615 0 NA
2003031207 0 0.1230923077 0.006916996 NA
2003031208 0 0.1185230769 0.0345849802 NA
2003031209 0 0.1140923077 0.0760869565 NA
2003031210 0 0.1095230769 0.0954545455 NA
2003031211 0 0.1053692308 0.0788537549 NA
2003031212 0 0.1020461538 0.0747035573 NA
2003031213 0 0.0992769231 0.1009881423 NA
2003031214 0 0.0962307692 0.0830039526 NA
2003031215 0 0.0934615385 0.0788537549 NA
2003031216 0 0.0905538462 0.05256917 NA
2003031217 0 0.0882 0.0166007905 NA
2003031218 0 0.0855692308 0.0013833992 NA
2003031219 0 0.0833538462 0 NA
2003031220 0 0.0816923077 0 NA
2003031221 0 0.0794769231 0 NA
2003031222 0 0.0772615385 0 NA
2003031223 0 0.0749076923 0 NA
2003031300 0 0.0729692308 0 NA
2003031301 0 0.0711692308 0 NA
2003031302 0 0.0696461538 0 NA
2003031303 0 0.0682615385 0 NA
2003031304 0 0.0671538462 0 NA
2003031305 0 0.0660461538 0 NA
2003031306 0 0.0650769231 0 NA
2003031307 0 0.0641076923 0.0083598726 NA
2003031308 0 0.063 0.0310509554 NA
2003031309 0 0.0616153846 0.0561305732 NA
2003031310 0 0.0605076923 0.1194267516 NA
2003031311 0 0.0592615385 0.2472133758 NA
2003031312 0 0.0584307692 0.2376592357 NA
2003031313 0 0.0577384615 0.2460191083 NA
2003031314 0 0.0569076923 0.2209394904 NA
2003031315 0 0.0562153846 0.1731687898 NA
2003031316 0 0.0552461538 0.111066879 NA
2003031317 0 0.0546923077 0.0453821656 NA
2003031318 0 0.0542769231 0.0035828025 NA
2003031319 0 0.0542769231 0 NA
2003031320 0 0.0542769231 0 NA
2003031321 0 0.054 0 NA
2003031322 0 0.0533076923 0 NA
2003031323 0 0.0526153846 0 NA
2003031400 0 0.0517846154 0 NA
2003031401 0 0.0510923077 0 NA
2003031402 0 0.0502615385 0 NA
2003031403 0 0.0497076923 0 NA
2003031404 0 0.0490153846 0 NA
2003031405 0 0.0483230769 0 NA
2003031406 0 0.0474923077 0 NA
2003031407 0 0.0468 0.0310756972 NA
2003031408 0 0.0461076923 0.0944223108 NA
2003031409 0 0.0452769231 0.1505976096 NA
2003031410 0 0.0444461538 0.2043824701 NA
2003031411 0 0.0440307692 0.2414342629 NA
2003031412 0 0.0433384615 0.2581673307 NA
2003031413 0 0.0429230769 0.2521912351 NA
2003031414 0 0.0423692308 0.2235059761 NA
2003031415 0 0.0418153846 0.1756972112 NA
2003031416 0 0.0409846154 0.115936255 NA
2003031417 0 0.0408461538 0.0490039841 NA
2003031418 0 0.0404307692 0.0035856574 NA
2003031419 0 0.0402923077 0 NA
2003031420 0 0.0398769231 0 NA
2003031421 0 0.0398769231 0 NA
2003031422 0 0.0396 0 NA
2003031423 0 0.0387692308 0 NA
2003031500 0 0.0379384615 0 NA
2003031501 0 0.0375230769 0 NA
2003031502 0 0.0369692308 0 NA
2003031503 0 0.0365538462 0 NA
2003031504 0 0.0361384615 0 NA
2003031505 0 0.0355846154 0 NA
2003031506 0 0.0351692308 0 NA
2003031507 0 0.0347538462 0.0269021739 NA
2003031508 0 0.0342 0.0868206522 NA
2003031509 0 0.0336461538 0.1504076087 NA
2003031510 0 0.0330923077 0.2054347826 NA
2003031511 0 0.0325384615 0.2433423913 NA
2003031512 0 0.0319846154 0.2592391304 NA
2003031513 0 0.0314307692 0.253125 NA
2003031514 0 0.0308769231 0.2262228261 NA
2003031515 0 0.0304615385 0.1773097826 NA
2003031516 0 0.0304615385 0.1161684783 NA
2003031517 0 0.0304615385 0.0501358696 NA
2003031518 0 0.0304615385 0.0048913043 NA
2003031519 0 0.0304615385 0 NA
2003031520 0 0.0304615385 0 NA
2003031521 0 0.0304615385 0 NA
2003031522 0 0.0301846154 0 NA
2003031523 0 0.0297692308 0 NA
2003031600 0 0.0293538462 0 NA
2003031601 0 0.0290769231 0 NA
2003031602 0 0.0286615385 0 NA
2003031603 0 0.0282461538 0 NA
2003031604 0 0.0282461538 0 NA
2003031605 0 0.0281076923 0 NA
2003031606 0 0.0276923077 0 NA
2003031607 0 0.0276923077 0.0368073879 NA
2003031608 0 0.0271384615 0.1080474934 NA
2003031609 0 0.0268615385 0.1484168865 NA
2003031610 0 0.0265846154 0.1994722955 NA
2003031611 0 0.0265846154 0.2362796834 NA
2003031612 0 0.0263076923 0.2540897098 NA
2003031613 0 0.0260307692 0.2481530343 NA
2003031614 0 0.0254769231 0.2208443272 NA
2003031615 0 0.0254769231 0.1745382586 NA
2003031616 0 0.0250615385 0.115171504 NA
2003031617 0 0.0249230769 0.0534300792 NA
2003031618 0 0.0249230769 0.0047493404 NA
2003031619 0 0.0249230769 0 NA
2003031620 0 0.0254769231 0 NA
2003031621 0 0.0254769231 0 NA
2003031622 0 0.0254769231 0 NA
2003031623 0 0.0254769231 0 NA
2003031700 0 0.0254769231 0 NA
2003031701 0 0.0254769231 0 NA
2003031702 0 0.0254769231 0 NA
2003031703 0 0.0254769231 0 NA
2003031704 0 0.0254769231 0 NA
2003031705 0 0.0254769231 0 NA
2003031706 0 0.0254769231 0 NA
2003031707 0 0.0254769231 0.0145454545 NA
2003031708 0 0.0254769231 0.0682517483 NA
2003031709 0 0.0253384615 0.046993007 NA
2003031710 0 0.0249230769 0.0727272727 NA
2003031711 0 0.0315692308 0.0827972028 NA
2003031712 0 0.0512307692 0.1163636364 NA
2003031713 0 0.0376615385 0.1376223776 NA
2003031714 0 0.0290769231 0.0951048951 NA
2003031715 0 0.0267230769 0.0626573427 NA
2003031716 0 0.0243692308 0.0615384615 NA
2003031717 0 0.0236769231 0.0369230769 NA
2003031718 0 0.0232615385 0.0044755245 NA
2003031719 0 0.0232615385 0 NA
2003031720 0 0.0232615385 0 NA
2003031721 0 0.0235384615 0 NA
2003031722 0 0.0238153846 0 NA
2003031723 0 0.0238153846 0 NA
2003031800 0 0.0238153846 0 NA
2003031801 0 0.0238153846 0 NA
2003031802 0 0.0238153846 0 NA
2003031803 0 0.0238153846 0 NA
2003031804 0 0.0238153846 0 NA
2003031805 0 0.0238153846 0 NA
2003031806 0 0.0235384615 0.0012803235 NA
2003031807 0 0.0232615385 0.0281671159 NA
2003031808 0 0.0232615385 0.0793800539 NA
2003031809 0 0.0227076923 0.1497978437 NA
2003031810 0 0.0227076923 0.1984501348 NA
2003031811 0 0.0221538462 0.25606469 NA
2003031812 0 0.0221538462 0.2714285714 NA
2003031813 0 0.0220153846 0.2752695418 NA
2003031814 0 0.0216 0.2458221024 NA
2003031815 0 0.0216 0.1958894879 NA
2003031816 0 0.0216 0.1331536388 NA
2003031817 0 0.0216 0.0601752022 NA
2003031818 0 0.0213230769 0.0051212938 NA
2003031819 0 0.0210461538 0 NA
2003031820 0 0.0210461538 0 NA
2003031821 0 0.0216 0 NA
2003031822 0 0.0216 0 NA
2003031823 0 0.0216 0 NA
2003031900 0 0.0216 0 NA
2003031901 0 0.0216 0 NA
2003031902 0 0.0216 0 NA
2003031903 0 0.0216 0 NA
2003031904 0 0.0216 0 NA
2003031905 0 0.0216 0 NA
2003031906 0 0.0216 0.0011363636 NA
2003031907 0 0.0216 0.0363636364 NA
2003031908 0 0.0214615385 0.075 NA
2003031909 0 0.0210461538 0.0511363636 NA
2003031910 0 0.0210461538 0.0625 NA
2003031911 0 0.0210461538 0.0659090909 NA
2003031912 0 0.0207692308 0.0840909091 NA
2003031913 0 0.0204923077 0.1193181818 NA
2003031914 0 0.0204923077 0.15 NA
2003031915 0 0.0204923077 0.1738636364 NA
2003031916 0 0.0204923077 0.1375 NA
2003031917 0 0.0204923077 0.0397727273 NA
2003031918 0 0.0204923077 0.0034090909 NA
2003031919 0 0.0204923077 0 NA
2003031920 0 0.0204923077 0 NA
2003031921 0 0.0204923077 0 NA
2003031922 0 0.0204923077 0 NA
2003031923 0 0.0204923077 0 NA
2003032000 0 0.0204923077 0 NA
2003032001 0 0.0203538462 0 NA
2003032002 0 0.0199384615 0 NA
2003032003 0 0.0199384615 0 NA
2003032004 0 0.0199384615 0 NA
2003032005 0 0.0199384615 0 NA
2003032006 0 0.0199384615 0 NA
2003032007 0 0.0199384615 0.0058754407 NA
2003032008 0 0.0199384615 0.0223266745 NA
2003032009 0 0.0196615385 0.0364277321 NA
2003032010 0 0.0193846154 0.0552291422 NA
2003032011 0 0.0193846154 0.0951821387 NA
2003032012 0 0.0193846154 0.1457109283 NA
2003032013 0 0.0191076923 0.1762632197 NA
2003032014 0 0.0188307692 0.1551116334 NA
2003032015 0 0.0185538462 0.1633372503 NA
2003032016 0 0.0182769231 0.0928319624 NA
2003032017 0 0.0182769231 0.0434782609 NA
2003032018 0 0.0182769231 0.0082256169 NA
2003032019 0 0.0182769231 0 NA
2003032020 0 0.0182769231 0 NA
2003032021 0 0.0182769231 0 NA
2003032022 0 0.0182769231 0 NA
2003032023 0 0.0182769231 0 NA
2003032100 0 0.0182769231 0 NA
2003032101 0 0.0182769231 0 NA
2003032102 0 0.0182769231 0 NA
2003032103 0 0.0182769231 0 NA
2003032104 0 0.0182769231 0 NA
2003032105 0 0.0182769231 0 NA
2003032106 0 0.0182769231 0.0023904382 NA
2003032107 0 0.0182769231 0.0227091633 NA
2003032108 0 0.0182769231 0.0310756972 NA
2003032109 0 0.0182769231 0.0513944223 NA
2003032110 0 0.018 0.0752988048 NA
2003032111 0 0.0177230769 0.1792828685 NA
2003032112 0 0.0177230769 0.2641434263 NA
2003032113 0 0.0175846154 0.2641434263 NA
2003032114 0 0.0171692308 0.2354581673 NA
2003032115 0 0.0168923077 0.1852589641 NA
2003032116 0 0.0166153846 0.1219123506 NA
2003032117 0 0.0166153846 0.0573705179 NA
2003032118 0 0.0164769231 0.009561753 NA
2003032119 0 0.0160615385 0 NA
2003032120 0 0.0160615385 0 NA
2003032121 0 0.0160615385 0 NA
2003032122 0 0.0160615385 0 NA
2003032123 0 0.0160615385 0 NA
2003032200 0 0.0160615385 0 NA
2003032201 0 0.0160615385 0 NA
2003032202 0 0.0160615385 0 NA
2003032203 0 0.0160615385 0 NA
2003032204 0 0.0160615385 0 NA
2003032205 0 0.0160615385 0 NA
2003032206 0 0.0160615385 0.0024676851 NA
2003032207 0 0.0160615385 0.0419506463 NA
2003032208 0 0.0160615385 0.1085781434 NA
2003032209 0 0.0160615385 0.1752056404 NA
2003032210 0 0.0157846154 0.2331962397 NA
2003032211 0 0.0155076923 0.2739130435 NA
2003032212 0 0.0155076923 0.2887191539 NA
2003032213 0 0.0155076923 0.2862514689 NA
2003032214 0 0.0153692308 0.2578730905 NA
2003032215 0 0.0149538462 0.2072855464 NA
2003032216 0 0.0149538462 0.144359577 NA
2003032217 0 0.0149538462 0.0703290247 NA
2003032218 0 0.0148153846 0.0098707403 NA
2003032219 0 0.0144 0 NA
2003032220 0 0.0144 0 NA
2003032221 0 0.0144 0 NA
2003032222 0 0.0144 0 NA
2003032223 0 0.0144 0 NA
2003032300 0 0.0144 0 NA
2003032301 0 0.0144 0 NA
2003032302 0 0.0144 0 NA
2003032303 0 0.0144 0 NA
2003032304 0 0.0144 0 NA
2003032305 0 0.0144 0 NA
2003032306 0 0.0144 0.004016298 NA
2003032307 0 0.0144 0.0522118743 NA
2003032308 0 0.0144 0.1245052386 NA
2003032309 0 0.0144 0.196798603 NA
2003032310 0 0.0144 0.2583818393 NA
2003032311 0 0.0144 0.2998835856 NA
2003032312 0 0.0142615385 0.3172875437 NA
2003032313 0 0.0138461538 0.3092549476 NA
2003032314 0 0.0138461538 0.2757857974 NA
2003032315 0 0.0138461538 0.2222351572 NA
2003032316 0 0.0135692308 0.1539580908 NA
2003032317 0 0.0132923077 0.0763096624 NA
2003032318 0 0.0132923077 0.009371362 NA
2003032319 0 0.0132923077 0 NA
2003032320 0 0.0132923077 0 NA
2003032321 0 0.0132923077 0 NA
2003032322 0 0.0132923077 0 NA
2003032323 0 0.0132923077 0 NA
2003032400 0 0.0132923077 0 NA
2003032401 0 0.0132923077 0 NA
2003032402 0 0.0132923077 0 NA
2003032403 0 0.0132923077 0 NA
2003032404 0 0.0132923077 0 NA
2003032405 0 0.0132923077 0 NA
2003032406 0 0.0132923077 0.004518664 NA
2003032407 0 0.0132923077 0.0512115259 NA
2003032408 0 0.0132923077 0.1280288147 NA
2003032409 0 0.0132923077 0.2078585462 NA
2003032410 0 0.0132923077 0.2726260642 NA
2003032411 0 0.0132923077 0.3102815979 NA
2003032412 0 0.0132923077 0.3283562541 NA
2003032413 0 0.0132923077 0.3223313687 NA
2003032414 0 0.0132923077 0.2831696136 NA
2003032415 0 0.0130153846 0.219908317 NA
2003032416 0 0.0127384615 0.1280288147 NA
2003032417 0 0.0127384615 0.0406679764 NA
2003032418 0 0.0127384615 0.0030124427 NA
2003032419 0 0.0127384615 0 NA
2003032420 0 0.0127384615 0 NA
2003032421 0 0.0127384615 0 NA
2003032422 0 0.0127384615 0 NA
2003032423 0 0.0127384615 0 NA
2003032500 0 0.0127384615 0 NA
2003032501 0 0.0127384615 0 NA
2003032502 0 0.0127384615 0 NA
2003032503 0 0.0127384615 0 NA
2003032504 0 0.0127384615 0 NA
2003032505 0 0.0127384615 0 NA
2003032506 0 0.0127384615 0.0042068361 NA
2003032507 0 0.0127384615 0.0490797546 NA
2003032508 0 0.0127384615 0.1191936897 NA
2003032509 0 0.0127384615 0.1836985101 NA
2003032510 0 0.0127384615 0.1921121823 NA
2003032511 0 0.0127384615 0.2089395267 NA
2003032512 0 0.0127384615 0.1752848379 NA
2003032513 0 0.0127384615 0.179491674 NA
2003032514 0 0.0127384615 0.1584574934 NA
2003032515 0 0.0127384615 0.1542506573 NA
2003032516 0 0.0127384615 0.1065731814 NA
2003032517 0 0.0127384615 0.0617002629 NA
2003032518 0 0.0127384615 0.0070113935 NA
2003032519 0 0.0127384615 0 NA
2003032520 0 0.0127384615 0 NA
2003032521 0 0.0127384615 0 NA
2003032522 0 0.0127384615 0 NA
2003032523 0 0.0127384615 0 NA
2003032600 0 0.0127384615 0 NA
2003032601 0 0.0127384615 0 NA
2003032602 0 0.0127384615 0 NA
2003032603 0 0.0127384615 0 NA
2003032604 0 0.0127384615 0 NA
2003032605 0 0.0127384615 0 NA
2003032606 0 0.0127384615 0.0059004302 NA
2003032607 0 0.0127384615 0.0516287646 NA
2003032608 0 0.0127384615 0.1283343577 NA
2003032609 0 0.0127384615 0.2050399508 NA
2003032610 0 0.0127384615 0.2728948986 NA
2003032611 0 0.0127384615 0.3186232329 NA
2003032612 0 0.0127384615 0.3525507068 NA
2003032613 0 0.0127384615 0.345175169 NA
2003032614 0 0.0123230769 0.2846957591 NA
2003032615 0 0.0121846154 0.2124154886 NA
2003032616 0 0.0121846154 0.1371850031 NA
2003032617 0 0.0121846154 0.0708051629 NA
2003032618 0 0.0121846154 0.0147510756 NA
2003032619 0 0.0121846154 0 NA
2003032620 0 0.0121846154 0 NA
2003032621 0 0.0121846154 0 NA
2003032622 0 0.0121846154 0 NA
2003032623 0 0.0121846154 0 NA
2003032700 0 0.0121846154 0 NA
2003032701 0 0.0121846154 0 NA
2003032702 0 0.0121846154 0 NA
2003032703 0 0.0121846154 0 NA
2003032704 0 0.0121846154 0 NA
2003032705 0 0.0121846154 0 NA
2003032706 0 0.0121846154 0.0044058745 NA
2003032707 0 0.0121846154 0.0469959947 NA
2003032708 0 0.0121846154 0.1189586115 NA
2003032709 0 0.0121846154 0.1865153538 NA
2003032710 0 0.0121846154 0.2364485981 NA
2003032711 0 0.0121846154 0.2966622163 NA
2003032712 0 0.0121846154 0.326034713 NA
2003032713 0 0.0121846154 0.2878504673 NA
2003032714 0 0.0121846154 0.2775700935 NA
2003032715 0 0.0121846154 0.1865153538 NA
2003032716 0 0.0121846154 0.1483311081 NA
2003032717 0 0.0116307692 0.070493992 NA
2003032718 0 0.0116307692 0.0132176235 NA
2003032719 0 0.0116307692 0 NA
2003032720 0 0.0116307692 0 NA
2003032721 0 0.0116307692 0 NA
2003032722 0 0.0116307692 0 NA
2003032723 0 0.0116307692 0 NA
2003032800 0 0.0116307692 0 NA
2003032801 0 0.0116307692 0 NA
2003032802 0 0.0116307692 0 NA
2003032803 0 0.0116307692 0 NA
2003032804 0 0.0116307692 0 NA
2003032805 0 0.0116307692 0 NA
2003032806 0 0.0116307692 0.0060967528 NA
2003032807 0 0.0116307692 0.0533465871 NA
2003032808 0 0.0116307692 0.1280318091 NA
2003032809 0 0.0116307692 0.2057654076 NA
2003032810 0 0.0116307692 0.2743538767 NA
2003032811 0 0.0116307692 0.3200795229 NA
2003032812 0 0.0116307692 0.3307488403 NA
2003032813 0 0.0116307692 0.2972166998 NA
2003032814 0 0.0116307692 0.2774022531 NA
2003032815 0 0.0116307692 0.1935719019 NA
2003032816 0 0.0110769231 0.1402253148 NA
2003032817 0 0.0110769231 0.0640159046 NA
2003032818 0 0.0110769231 0.0091451292 NA
2003032819 0 0.0110769231 0 NA
2003032820 0 0.0110769231 0 NA
2003032821 0 0.0110769231 0 NA
2003032822 0 0.0110769231 0 NA
2003032823 0 0.0110769231 0 NA
2003032900 0 0.0110769231 0 NA
2003032901 0 0.0110769231 0 NA
2003032902 0 0.0110769231 0 NA
2003032903 0 0.0110769231 0 NA
2003032904 0 0.0110769231 0 NA
2003032905 0 0.0110769231 0 NA
2003032906 0 0.0110769231 0.0045643154 NA
2003032907 0 0.0110769231 0.0091286307 NA
2003032908 0 0.0110769231 0.0395573997 NA
2003032909 0 0.0110769231 0.1323651452 NA
2003032910 0 0.0110769231 0.1567081604 NA
2003032911 0 0.0110769231 0.1156293223 NA
2003032912 0 0.0110769231 0.1399723375 NA
2003032913 0 0.0110769231 0.1430152144 NA
2003032914 0 0.0110769231 0.1536652835 NA
2003032915 0 0.0110769231 0.094329184 NA
2003032916 0 0.0110769231 0.0730290456 NA
2003032917 0 0.0110769231 0.0349930844 NA
2003032918 0 0.0110769231 0.0030428769 NA
2003032919 0 0.0110769231 0 NA
2003032920 0 0.0110769231 0 NA
2003032921 0 0.0110769231 0 NA
2003032922 0 0.0110769231 0 NA
2003032923 0 0.0110769231 0 NA
2003033000 0 0.0110769231 0 NA
2003033001 0 0.0110769231 0 NA
2003033002 0 0.0110769231 0 NA
2003033003 0 0.0110769231 0 NA
2003033004 0 0.0108395604 0 NA
2003033005 0 0.0105230769 0 NA
2003033006 0 0.0105230769 0.0026760563 NA
2003033007 0 0.0105230769 0.016056338 NA
2003033008 0 0.0105230769 0.0388028169 NA
2003033009 0 0.0105230769 0.0896478873 NA
2003033010 0 0.0105230769 0.1766197183 NA
2003033011 0 0.0105230769 0.2836619718 NA
2003033012 0 0.0101076923 0.2983802817 NA
2003033013 0 0.0099692308 0.2970422535 NA
2003033014 0 0.0099692308 0.2662676056 NA
2003033015 0 0.0099692308 0.1859859155 NA
2003033016 0 0.0099692308 0.1511971831 NA
2003033017 0 0.0099692308 0.0762676056 NA
2003033018 0 0.0099692308 0.0173943662 NA
2003033019 0 0.0096923077 0 NA
2003033020 0 0.0094153846 0 NA
2003033021 0 0.0094153846 0 NA
2003033022 0 0.0094153846 0 NA
2003033023 0 0.0094153846 0 NA
2003033100 0 0.0094153846 0 NA
2003033101 0 0.0094153846 0 NA
2003033102 0 0.0094153846 0 NA
2003033103 0 0.0094153846 0 NA
2003033104 0 0.0094153846 0 NA
2003033105 0 0.0094153846 0 NA
2003033106 0 0.0094153846 0.0143961927 NA
2003033107 0 0.0094153846 0.0536585366 NA
2003033108 0 0.0094153846 0.0863771565 NA
2003033109 0 0.0094153846 0.1413444378 NA
2003033110 0 0.009 0.1989292088 NA
2003033111 0 0.0088615385 0.3154074955 NA
2003033112 0 0.0088615385 0.3101725164 NA
2003033113 0 0.0088615385 0.3167162403 NA
2003033114 0 0.0088615385 0.2800713861 NA
2003033115 0 0.0083076923 0.2251041047 NA
2003033116 0 0.0083076923 0.1570493754 NA
2003033117 0 0.0083076923 0.0850684117 NA
2003033118 0 0.0083076923 0.0157049375 NA
2003033119 0 0.0083076923 0 NA
2003033120 0 0.0083076923 0 NA
2003033121 0 0.0083076923 0 NA
2003033122 0 0.0083076923 0 NA
2003033123 0 0.0083076923 0 NA
2003040100 0 0.0083076923 0 NA
2003040101 0 0.0083076923 0 NA
2003040102 0 0.0083076923 0 NA
2003040103 0 0.0083076923 0 NA
2003040104 0 0.0083076923 0 NA
2003040105 0 0.0083076923 0 NA
2003040106 0 0.0083076923 0.0168697282 NA
2003040107 0 0.0087230769 0.0731021556 NA
2003040108 0 0.0088615385 0.1180880975 NA
2003040109 0 0.0088615385 0.1293345829 NA
2003040110 0 0.0088615385 0.2432052484 NA
2003040111 0 0.0088615385 0.3064667291 NA
2003040112 0 0.0088615385 0.2277413308 NA
2003040113 0 0.0088615385 0.1658856607 NA
2003040114 0 0.0091384615 0.1279287723 NA
2003040115 0 0.0094153846 0.0632614808 NA
2003040116 0.5 0.0094153846 0.0196813496 NA
2003040117 2 0.0094153846 0.0070290534 NA
2003040118 1.7 0.0098307692 0.0014058107 NA
2003040119 1.5 0.0105230769 0 NA
2003040120 2.2 0.0119076923 0 NA
2003040121 0.3 0.0135692308 0 NA
2003040122 0.1 0.0152307692 0 NA
2003040123 0 0.0170307692 0 NA
2003040200 0 0.018 0 NA
2003040201 0 0.0191076923 0 NA
2003040202 0 0.0196615385 0 NA
2003040203 0 0.0199384615 0 NA
2003040204 0.2 0.0199384615 0 NA
2003040205 0.5 0.0196615385 0 NA
2003040206 0.1 0.0189692308 0.0038961039 NA
2003040207 0 0.0182769231 0.0363636364 NA
2003040208 0 0.018 0.1051948052 NA
2003040209 0 0.0175846154 0.1142857143 NA
2003040210 0 0.0170307692 0.1974025974 NA
2003040211 0.5 0.0166153846 0.1311688312 NA
2003040212 1.3 0.0166153846 0.1090909091 NA
2003040213 0 0.0166153846 0.2233766234 NA
2003040214 0 0.0166153846 0.2181818182 NA
2003040215 0.3 0.0166153846 0.1324675325 NA
2003040216 0.9 0.0166153846 0.0831168831 NA
2003040217 0.3 0.0166153846 0.025974026 NA
2003040218 0.5 0.0168923077 0.0194805195 NA
2003040219 0 0.0174461538 0 NA
2003040220 0 0.0181384615 0 NA
2003040221 0 0.0182769231 0 NA
2003040222 0 0.0182769231 0 NA
2003040223 0 0.0182769231 0 NA
2003040300 0 0.0182769231 0 NA
2003040301 0 0.0182769231 0 NA
2003040302 0 0.0182769231 0 NA
2003040303 0 0.0181384615 0 NA
2003040304 0 0.0177230769 0 NA
2003040305 0 0.0177230769 0 NA
2003040306 0 0.0177230769 0.0136711281 NA
2003040307 0 0.0177230769 0.0671128107 NA
2003040308 0 0.0171692308 0.1031548757 NA
2003040309 0 0.0171692308 0.1329827916 NA
2003040310 0 0.0171692308 0.1864244742 NA
2003040311 0 0.0168923077 0.1665391969 NA
2003040312 0 0.0166153846 0.1217973231 NA
2003040313 0 0.0166153846 0.0956978967 NA
2003040314 0 0.0163384615 0.1304971319 NA
2003040315 0 0.0160615385 0.1118546845 NA
2003040316 0 0.0159230769 0.0932122371 NA
2003040317 0 0.0155076923 0.0534416826 NA
2003040318 0 0.0155076923 0.0236137667 NA
2003040319 0 0.0149538462 0 NA
2003040320 0 0.0149538462 0 NA
2003040321 0 0.0149538462 0 NA
2003040322 0 0.0149538462 0 NA
2003040323 0 0.0146769231 0 NA
2003040400 0 0.0144 0 NA
2003040401 0 0.0144 0 NA
2003040402 0 0.0144 0 NA
2003040403 0 0.0138461538 0 NA
2003040404 0 0.0138461538 0 NA
2003040405 0 0.0138461538 0 NA
2003040406 0 0.0138461538 0.017218543 NA
2003040407 0 0.0138461538 0.071333964 NA
2003040408 0 0.0135692308 0.1414380322 NA
2003040409 0 0.0132923077 0.2066225166 NA
2003040410 0 0.0132923077 0.2336802271 NA
2003040411 0 0.0132923077 0.1746452223 NA
2003040412 0 0.0132923077 0.1500473037 NA
2003040413 0 0.0132923077 0.0762535478 NA
2003040414 0 0.0132923077 0.0848628193 NA
2003040415 0 0.0132923077 0.0799432356 NA
2003040416 0 0.0132923077 0.0455061495 NA
2003040417 0 0.0132923077 0.0147587512 NA
2003040418 0 0.0132923077 0.0036896878 NA
2003040419 0 0.0132923077 0 NA
2003040420 0 0.0132923077 0 NA
2003040421 0 0.0132923077 0 NA
2003040422 0 0.0132923077 0 NA
2003040423 0 0.0132923077 0 NA
2003040500 0 0.0132923077 0 NA
2003040501 0 0.0132923077 0 NA
2003040502 0 0.0132923077 0 NA
2003040503 0 0.0132923077 0 NA
2003040504 0 0.0132923077 0 NA
2003040505 0 0.0132923077 0 NA
2003040506 0 0.0132923077 0.0175118859 NA
2003040507 0 0.0132923077 0.0794770206 NA
2003040508 0 0.0132923077 0.1454833597 NA
2003040509 0 0.0132923077 0.2182250396 NA
2003040510 0 0.0132923077 0.2478605388 NA
2003040511 0 0.0132923077 0.2707606973 NA
2003040512 0 0.0132923077 0.2465134707 NA
2003040513 0 0.0131538462 0.2087955626 NA
2003040514 0 0.0127384615 0.129318542 NA
2003040515 0 0.0127384615 0.0821711569 NA
2003040516 0 0.0127384615 0.0350237718 NA
2003040517 0 0.0127384615 0.0161648177 NA
2003040518 0 0.0127384615 0.0026941363 NA
2003040519 0 0.0127384615 0 NA
2003040520 0 0.0127384615 0 NA
2003040521 0 0.0127384615 0 NA
2003040522 0 0.0127384615 0 NA
2003040523 0 0.0124615385 0 NA
2003040600 0 0.0121846154 0 NA
2003040601 0 0.0121846154 0 NA
2003040602 0 0.0121846154 0 NA
2003040603 0 0.0121846154 0 NA
2003040604 0 0.0121846154 0 NA
2003040605 0 0.0121846154 0 NA
2003040606 0 0.0121846154 0.0206120092 NA
2003040607 0 0.0121846154 0.0836605081 NA
2003040608 0 0.0121846154 0.1503464203 NA
2003040609 0 0.0121846154 0.1939953811 NA
2003040610 0 0.0121846154 0.2388568129 NA
2003040611 0 0.0120461538 0.166108545 NA
2003040612 0 0.0116307692 0.2885681293 NA
2003040613 0 0.0116307692 0.2012702079 NA
2003040614 0 0.0116307692 0.2376443418 NA
2003040615 0 0.0113538462 0.2243071594 NA
2003040616 0 0.0110769231 0.1697459584 NA
2003040617 0 0.0110769231 0.0969976905 NA
2003040618 0 0.0109384615 0.027886836 NA
2003040619 0 0.0092769231 0 NA
2003040620 0 0.0065076923 0 NA
2003040621 0 0.0055384615 0 NA
2003040622 0 0.0056769231 0 NA
2003040623 0 0.0067846154 0 NA
2003040700 0 0.0080307692 0 NA
2003040701 0 0.0088615385 0 NA
2003040702 0 0.0092769231 0 NA
2003040703 0 0.0094153846 0 NA
2003040704 0 0.0094153846 0 NA
2003040705 0 0.0094153846 0 NA
2003040706 0 0.0094153846 0.0225442834 NA
2003040707 0 0.0094153846 0.0789049919 NA
2003040708 0 0.0094153846 0.1442834138 NA
2003040709 0 0.0094153846 0.2062801932 NA
2003040710 0 0.0094153846 0.2592592593 NA
2003040711 0 0.0094153846 0.2975845411 NA
2003040712 0 0.0094153846 0.2479871176 NA
2003040713 0 0.0094153846 0.2547504026 NA
2003040714 0 0.0094153846 0.23784219 NA
2003040715 0 0.0094153846 0.1578099839 NA
2003040716 0 0.0094153846 0.0946859903 NA
2003040717 0 0.0094153846 0.0789049919 NA
2003040718 0 0.0094153846 0.0191626409 NA
2003040719 0 0.0094153846 0 NA
2003040720 0 0.0094153846 0 NA
2003040721 0 0.0094153846 0 NA
2003040722 0 0.0094153846 0 NA
2003040723 0 0.0094153846 0 NA
2003040800 0 0.0094153846 0 NA
2003040801 0 0.0094153846 0 NA
2003040802 0 0.0094153846 0 NA
2003040803 0 0.0092769231 0 NA
2003040804 0 0.0088615385 0 NA
2003040805 0 0.0088615385 0 NA
2003040806 0 0.0088615385 0.0234491315 NA
2003040807 0 0.0088615385 0.079280397 NA
2003040808 0 0.0088615385 0.1418114144 NA
2003040809 0 0.0088615385 0.2009925558 NA
2003040810 0 0.0088615385 0.2490074442 NA
2003040811 0 0.0088615385 0.241191067 28.066
2003040812 0 0.0088615385 0.2032258065 28.066
2003040813 0 0.0088615385 0.1797766749 28.066
2003040814 0 0.0088615385 0.1451612903 28.067
2003040815 0 0.0088615385 0.1172456576 28.067
2003040816 0 0.0088615385 0.1183622829 28.067
2003040817 0 0.0088615385 0.0803970223 28.068
2003040818 0 0.0088615385 0.0200992556 28.068
2003040819 0 0.0088615385 0 28.068
2003040820 0 0.0088615385 0 28.068
2003040821 0 0.0088615385 0 28.067
2003040822 0 0.0088615385 0 28.066
2003040823 0 0.0088615385 0 28.066
2003040900 0 0.0088615385 0 28.066
2003040901 0 0.0088615385 0 28.066
2003040902 0 0.0088615385 0 28.066
2003040903 0 0.0088615385 0 28.066
2003040904 0 0.0088615385 0 28.066
2003040905 0 0.0088615385 0 28.066
2003040906 0 0.0088615385 0.0114864865 28.066
2003040907 0 0.0088615385 0.0390540541 28.066
2003040908 0 0.0088615385 0.1389864865 28.065
2003040909 0 0.0088615385 0.1860810811 28.065
2003040910 0 0.0088615385 0.2170945946 28.065
2003040911 0 0.0088615385 0.1516216216 28.065
2003040912 0 0.0088615385 0.1872297297 28.066
2003040913 0 0.0088615385 0.1481756757 28.067
2003040914 0 0.0088615385 0.1401351351 28.067
2003040915 0 0.0088615385 0.1975675676 28.068
2003040916 0 0.0088615385 0.1585135135 28.069
2003040917 0 0.0088615385 0.0953378378 28.07
2003040918 0 0.0088615385 0.0275675676 28.071
2003040919 0 0.0088615385 0.0011486486 28.071
2003040920 0 0.0088615385 0 28.071
2003040921 0 0.0088615385 0 28.07
2003040922 0 0.0088615385 0 28.07
2003040923 0 0.0088615385 0 28.07
2003041000 0 0.0088615385 0 28.07
2003041001 0 0.0088615385 0 28.07
2003041002 0 0.0088615385 0 28.07
2003041003 0 0.0088615385 0 28.07
2003041004 0 0.0088615385 0 28.07
2003041005 0 0.0088615385 0 28.07
2003041006 0 0.0088615385 0.0201332346 28.07
2003041007 0 0.0088615385 0.0959289415 28.069
2003041008 0 0.0088615385 0.1563286454 28.069
2003041009 0 0.0088615385 0.1456698742 28.068
2003041010 0 0.0088615385 0.1610658771 28.068
2003041011 0 0.0088615385 0.1172464841 28.067
2003041012 0 0.0088615385 0.162250185 28.067
2003041013 0 0.0088615385 0.2487046632 28.067
2003041014 0 0.0088615385 0.2676535899 28.067
2003041015 0 0.0088615385 0.163434493 28.067
2003041016 0.5 0.0088615385 0.0201332346 28.067
2003041017 0 0.0088615385 0.0343449297 28.066
2003041018 0 0.0088615385 0.0071058475 28.065
2003041019 0 0.0088615385 0 28.064
2003041020 0 0.0088615385 0 28.063
2003041021 0 0.0088615385 0 28.062
2003041022 0 0.0088615385 0 28.062
2003041023 0 0.0088615385 0 28.061
2003041100 0 0.0088615385 0 28.061
2003041101 0 0.0088615385 0 28.061
2003041102 0 0.0088615385 0 28.061
2003041103 0 0.0088615385 0 28.061
2003041104 0 0.0088615385 0 28.061
2003041105 0 0.0088615385 0 28.06
2003041106 0 0.0088615385 0.0036896878 28.06
2003041107 0.1 0.0083076923 0.0159886471 28.059
2003041108 0 0.0083076923 0.0319772942 28.059
2003041109 0 0.0083076923 0.0651844844 28.058
2003041110 0 0.0083076923 0.0811731315 28.058
2003041111 0 0.0083076923 0.1008514664 28.057
2003041112 0 0.0083076923 0.1475875118 28.056
2003041113 0 0.0083076923 0.1684957427 28.056
2003041114 0 0.0083076923 0.2791863765 28.056
2003041115 0 0.0083076923 0.2152317881 28.057
2003041116 0 0.0077538462 0.1057710501 28.058
2003041117 0 0.0077538462 0.0590350047 28.058
2003041118 0 0.0077538462 0.0245979186 28.058
2003041119 0 0.0077538462 0.0012298959 28.058
2003041120 0 0.0077538462 0 28.056
2003041121 0 0.0077538462 0 28.056
2003041122 0 0.0077538462 0 28.056
2003041123 0 0.0077538462 0 28.055
2003041200 0 0.0077538462 0 28.055
2003041201 0 0.0077538462 0 28.055
2003041202 0 0.0077538462 0 28.055
2003041203 0 0.0077538462 0 28.056
2003041204 0 0.0077538462 0 28.056
2003041205 0 0.0077538462 0 28.056
2003041206 0 0.0077538462 0.0261569416 28.056
2003041207 0 0.0077538462 0.0902414487 28.055
2003041208 0 0.0077538462 0.1621730382 28.055
2003041209 0 0.0077538462 0.2210261569 28.054
2003041210 0 0.0077538462 0.2890342052 28.054
2003041211 0 0.0077538462 0.3256539235 28.054
2003041212 0 0.0073384615 0.3374245473 28.054
2003041213 0 0.0072 0.3269617706 28.054
2003041214 0 0.0073384615 0.2916498994 28.054
2003041215 0 0.0078923077 0.2367203219 28.054
2003041216 0 0.0083076923 0.1647887324 28.053
2003041217 0 0.0088615385 0.095472837 28.053
2003041218 0 0.0088615385 0.03138833 28.052
2003041219 0 0.0088615385 0.0013078471 28.051
2003041220 0 0.0088615385 0 28.051
2003041221 0 0.0088615385 0 28.049
2003041222 0 0.0088615385 0 28.048
2003041223 0 0.0088615385 0 28.048
2003041300 0 0.0088615385 0 28.048
2003041301 0 0.0088615385 0 28.048
2003041302 0 0.0088615385 0 28.048
2003041303 0 0.0088615385 0 28.048
2003041304 0 0.0088615385 0 28.048
2003041305 0 0.0088615385 0 28.048
2003041306 0 0.0088615385 0.0294565769 28.048
2003041307 0 0.0088615385 0.0942610462 28.048
2003041308 0 0.0088615385 0.173793804 28.047
2003041309 0 0.0088615385 0.2489080752 28.047
2003041310 0 0.0088615385 0.3122397156 28.047
2003041311 0 0.0088615385 0.3578974099 28.047
2003041312 0 0.0084461538 0.375571356 28.047
2003041313 0 0.0083076923 0.3667343829 28.048
2003041314 0 0.0083076923 0.3328593195 28.049
2003041315 0 0.0083076923 0.2710005079 28.051
2003041316 0 0.0083076923 0.1899949213 28.051
2003041317 0 0.0083076923 0.1119349924 28.051
2003041318 0 0.0083076923 0.0338750635 28.052
2003041319 0 0.0083076923 0.0014728288 28.052
2003041320 0 0.0083076923 0 28.052
2003041321 0 0.0083076923 0 28.051
2003041322 0 0.0083076923 0 28.051
2003041323 0 0.0083076923 0 28.051
2003041400 0 0.0083076923 0 28.051
2003041401 0 0.0083076923 0 28.051
2003041402 0 0.0083076923 0 28.051
2003041403 0 0.0083076923 0 28.051
2003041404 0 0.0083076923 0 28.051
2003041405 0 0.0083076923 0.0015714286 28.051
2003041406 0 0.0083076923 0.0455714286 28.051
2003041407 0 0.0083076923 0.1178571429 28.051
2003041408 0 0.0083076923 0.2074285714 28.049
2003041409 0 0.0083076923 0.2891428571 28.048
2003041410 0 0.0083076923 0.3645714286 28.048
2003041411 0 0.0083076923 0.4101428571 28.049
2003041412 0 0.0083076923 0.429 28.049
2003041413 0 0.0083076923 0.4132857143 28.051
2003041414 0 0.0077538462 0.3724285714 28.051
2003041415 0 0.0077538462 0.2954285714 28.051
2003041416 0 0.0077538462 0.2137142857 28.051
2003041417 0 0.0077538462 0.1068571429 28.051
2003041418 0 0.0077538462 0.0314285714 28.05
2003041419 0 0.0077538462 0.0015714286 28.048
2003041420 0 0.0077538462 0 28.048
2003041421 0 0.0077538462 0 28.047
2003041422 0 0.0077538462 0 28.046
2003041423 0 0.0077538462 0 28.045
2003041500 0 0.0077538462 0 28.045
2003041501 0 0.0077538462 0 28.045
2003041502 0 0.0077538462 0 28.045
2003041503 0 0.0077538462 0 28.045
2003041504 0 0.0077538462 0 28.045
2003041505 0 0.0077538462 0.0016736402 28.045
2003041506 0 0.0077538462 0.0451882845 28.045
2003041507 0 0.0077538462 0.1338912134 28.044
2003041508 0 0.0077538462 0.2309623431 28.044
2003041509 0 0.0077538462 0.3213389121 28.044
2003041510 0 0.0077538462 0.3949790795 28.044
2003041511 0 0.0077538462 0.4368200837 28.044
2003041512 0 0.0077538462 0.4518828452 28.044
2003041513 0 0.0072 0.4368200837 28.044
2003041514 0 0.0072 0.3949790795 28.043
2003041515 0 0.0072 0.3246861925 28.043
2003041516 0 0.0072 0.2359832636 28.043
2003041517 0 0.0072 0.1422594142 28.043
2003041518 0 0.0072 0.0451882845 28.043
2003041519 0 0.0072 0.0033472803 28.042
2003041520 0 0.0072 0 28.04
2003041521 0 0.0072 0 28.04
2003041522 0 0.0072 0 28.039
2003041523 0 0.0072 0 28.038
2003041600 0 0.0072 0 28.037
2003041601 0 0.0072 0 28.037
2003041602 0 0.0072 0 28.037
2003041603 0 0.0072 0 28.038
2003041604 0 0.0072 0 28.038
2003041605 0 0.0072 0.0016869728 28.038
2003041606 0 0.0072 0.0506091846 28.037
2003041607 0 0.0072 0.1383317713 28.037
2003041608 0 0.0072 0.2277413308 28.037
2003041609 0 0.0072 0.3154639175 28.036
2003041610 0 0.0072 0.3880037488 28.036
2003041611 0 0.0072 0.4301780694 28.036
2003041612 0 0.0072 0.4571696345 28.036
2003041613 0 0.0072 0.4402999063 28.037
2003041614 0 0.0066461538 0.3947516401 28.037
2003041615 0 0.0066461538 0.320524836 28.036
2003041616 0 0.0066461538 0.2361761949 28.036
2003041617 0 0.0065076923 0.1450796626 28.036
2003041618 0 0.0060923077 0.0506091846 28.036
2003041619 0 0.0060923077 0.0033739456 28.036
2003041620 0 0.0063692308 0 28.035
2003041621 0 0.0066461538 0 28.034
2003041622 0 0.0066461538 0 28.033
2003041623 0 0.0066461538 0 28.033
2003041700 0 0.0066461538 0 28.032
2003041701 0 0.0066461538 0 28.032
2003041702 0 0.0066461538 0 28.032
2003041703 0 0.0066461538 0 28.032
2003041704 0 0.0066461538 0 28.032
2003041705 0 0.0066461538 0.0033027523 28.032
2003041706 0 0.0066461538 0.0495412844 28.032
2003041707 0 0.0066461538 0.135412844 28.032
2003041708 0 0.0066461538 0.2311926606 28.032
2003041709 0 0.0066461538 0.3203669725 28.031
2003041710 0 0.0066461538 0.3913761468 28.031
2003041711 0 0.0066461538 0.4376146789 28.031
2003041712 0 0.0066461538 0.4557798165 28.031
2003041713 0 0.0066461538 0.4359633028 28.031
2003041714 0 0.0066461538 0.3880733945 28.031
2003041715 0 0.0062307692 0.3253211009 28.031
2003041716 0 0.0060923077 0.236146789 28.031
2003041717 0 0.0060923077 0.1370642202 28.031
2003041718 0 0.0060923077 0.0495412844 28.03
2003041719 0 0.0060923077 0.0033027523 28.03
2003041720 0 0.0060923077 0 28.029
2003041721 0 0.0060923077 0 28.028
2003041722 0 0.0060923077 0 28.028
2003041723 0 0.0060923077 0 28.028
2003041800 0 0.0060923077 0 28.027
2003041801 0 0.0060923077 0 28.027
2003041802 0 0.0060923077 0 28.027
2003041803 0 0.0060923077 0 28.028
2003041804 0 0.0060923077 0 28.028
2003041805 0 0.0060923077 0.002972973 28.028
2003041806 0 0.0060923077 0.0490540541 28.028
2003041807 0 0.0060923077 0.1204054054 28.028
2003041808 0 0.0060923077 0.2051351351 28.028
2003041809 0 0.0060923077 0.2824324324 28.027
2003041810 0 0.0060923077 0.3597297297 28.027
2003041811 0 0.0060923077 0.4028378378 28.028
2003041812 0 0.0060923077 0.4177027027 28.028
2003041813 0 0.0060923077 0.4058108108 28.028
2003041814 0 0.0059538462 0.3656756757 28.028
2003041815 0 0.0055384615 0.3017567568 28.029
2003041816 0 0.0055384615 0.217027027 28.03
2003041817 0 0.0055384615 0.1159459459 28.031
2003041818 0 0.0055384615 0.0490540541 28.031
2003041819 0 0.0055384615 0.0044594595 28.03
2003041820 0 0.0055384615 0 28.029
2003041821 0 0.0055384615 0 28.028
2003041822 0 0.0055384615 0 28.028
2003041823 0 0.0055384615 0 28.028
2003041900 0 0.0055384615 0 28.028
2003041901 0 0.0055384615 0 28.028
2003041902 0 0.0055384615 0 28.028
2003041903 0 0.0055384615 0 28.028
2003041904 0 0.0055384615 0 28.028
2003041905 0 0.0055384615 0.0014051522 28.029
2003041906 0 0.0055384615 0.0168618267 28.029
2003041907 0 0.0055384615 0.0309133489 28.028
2003041908 0 0.0055384615 0.0351288056 28.028
2003041909 0 0.0055384615 0.0730679157 28.028
2003041910 0 0.0055384615 0.0519906323 28.028
2003041911 0 0.0055384615 0.0941451991 28.028
2003041912 0 0.0059538462 0.1334894614 28.029
2003041913 0 0.0060923077 0.2768149883 28.031
2003041914 0 0.0060923077 0.2838407494 28.031
2003041915 0 0.0060923077 0.125058548 28.032
2003041916 0 0.0060923077 0.0421545667 28.032
2003041917 0.3 0.0060923077 0.0112412178 28.032
2003041918 0 0.0060923077 0.0210772834 28.032
2003041919 0 0.0060923077 0.0028103044 28.032
2003041920 0 0.0066461538 0 28.032
2003041921 0 0.0070615385 0 28.032
2003041922 0 0.0077538462 0 28.031
2003041923 0 0.0081692308 0 28.03
2003042000 0 0.0083076923 0 28.03
2003042001 0 0.0083076923 0 28.031
2003042002 0 0.0087230769 0 28.031
2003042003 0 0.0088615385 0 28.031
2003042004 0 0.0088615385 0 28.031
2003042005 0 0.0088615385 0.0029248613 28.031
2003042006 0 0.0088615385 0.0467977811 28.031
2003042007 0 0.0088615385 0.1257690368 28.03
2003042008 0 0.0087230769 0.1988905698 28.029
2003042009 0 0.0083076923 0.2895612708 28.028
2003042010 0 0.0083076923 0.3290468986 28.028
2003042011 0 0.0077538462 0.3992435703 28.028
2003042012 0 0.0073384615 0.4124054463 28.028
2003042013 0 0.0069230769 0.323197176 28.028
2003042014 0 0.0066461538 0.2793242562 28.027
2003042015 0 0.0066461538 0.2339889057 28.027
2003042016 0 0.0066461538 0.1345436208 28.025
2003042017 0 0.0065076923 0.081896117 28.024
2003042018 0 0.0060923077 0.0409480585 28.023
2003042019 0 0.0060923077 0.0014624307 28.022
2003042020 0 0.0060923077 0 28.021
2003042021 0 0.0060923077 0 28.02
2003042022 0 0.0060923077 0 28.019
2003042023 0 0.0060923077 0 28.018
2003042100 0 0.0060923077 0 28.018
2003042101 0 0.0060923077 0 28.018
2003042102 0 0.0060923077 0 28.018
2003042103 0 0.0060923077 0 28.018
2003042104 0 0.0060923077 0 28.018
2003042105 0 0.0060923077 0.003248925 28.018
2003042106 0 0.0060923077 0.0487338748 28.018
2003042107 0 0.0060923077 0.1299569995 28.017
2003042108 0 0.0059538462 0.2144290492 28.017
2003042109 0 0.0055384615 0.2940277114 28.017
2003042110 0 0.0055384615 0.3671285237 28.016
2003042111 0 0.0055384615 0.4126134735 28.016
2003042112 0 0.0055384615 0.4256091734 28.016
2003042113 0 0.0055384615 0.4158623985 28.016
2003042114 0 0.0055384615 0.3784997611 28.016
2003042115 0 0.0055384615 0.3102723364 28.016
2003042116 0 0.0054 0.2241758242 28.016
2003042117 0 0.0049846154 0.134830387 28.016
2003042118 0 0.0049846154 0.0389870999 28.015
2003042119 0 0.0049846154 0.0016244625 28.015
2003042120 0 0.0049846154 0 28.014
2003042121 0 0.0049846154 0 28.013
2003042122 0 0.0049846154 0 28.012
2003042123 0 0.0049846154 0 28.011
2003042200 0 0.0049846154 0 28.011
2003042201 0 0.0049846154 0 28.01
2003042202 0 0.0049846154 0 28.01
2003042203 0 0.0049846154 0 28.009
2003042204 0 0.0049846154 0 28.009
2003042205 0 0.0049846154 0.0044444444 28.009
2003042206 0.3 0.0049846154 0.0177777778 28.008
2003042207 0 0.0049846154 0.0725925926 28.008
2003042208 0 0.0049846154 0.1259259259 28.008
2003042209 0 0.0049846154 0.1377777778 28.007
2003042210 0 0.0049846154 0.1051851852 28.007
2003042211 0 0.0049846154 0.0918518519 28.006
2003042212 0 0.0049846154 0.1051851852 28.006
2003042213 0 0.0049846154 0.0785185185 28.006
2003042214 0.2 0.0049846154 0.0666666667 28.006
2003042215 0.3 0.0049846154 0.0962962963 28.006
2003042216 0 0.0049846154 0.1481481481 28.006
2003042217 0 0.0049846154 0.0903703704 28.007
2003042218 0 0.0049846154 0.0533333333 28.007
2003042219 0 0.0049846154 0.0059259259 28.007
2003042220 0 0.0049846154 0 28.007
2003042221 0 0.0049846154 0 28.006
2003042222 0 0.0049846154 0 28.006
2003042223 0 0.0049846154 0 28.006
2003042300 0 0.0049846154 0 28.005
2003042301 0 0.0049846154 0 28.005
2003042302 0 0.0049846154 0 28.006
2003042303 0 0.0049846154 0 28.006
2003042304 0 0.0054 0 28.006
2003042305 0 0.0055384615 0.004488417 28.006
2003042306 0 0.0055384615 0.0433880309 28.006
2003042307 0 0.0055384615 0.1137065637 28.006
2003042308 0 0.0055384615 0.1885135135 28.006
2003042309 0 0.0055384615 0.2722972973 28.005
2003042310 0 0.0055384615 0.3321428571 28.005
2003042311 0 0.0055384615 0.37253861 28.004
2003042312 0 0.0055384615 0.390492278 28.004
2003042313 0 0.0055384615 0.378523166 28.004
2003042314 0 0.0052615385 0.3456081081 28.004
2003042315 0 0.0049846154 0.2827702703 28.004
2003042316 0 0.0049846154 0.2079633205 28.004
2003042317 0 0.0049846154 0.1226833977 28.004
2003042318 0 0.0047076923 0.0418918919 28.004
2003042319 0 0.0044307692 0.002992278 28.004
2003042320 0 0.0044307692 0 28.003
2003042321 0 0.0044307692 0 28.002
2003042322 0 0.0044307692 0 28.001
2003042323 0 0.0044307692 0 28.001
2003042400 0 0.0044307692 0 28
2003042401 0 0.0044307692 0 28
2003042402 0 0.0044307692 0 28
2003042403 0 0.0044307692 0 28
2003042404 0 0.0044307692 0 28
2003042405 0 0.0044307692 0.0079980611 28
2003042406 0 0.0044307692 0.0623848764 28
2003042407 0 0.0044307692 0.1359670383 28
2003042408 0 0.0044307692 0.2255453223 27.999
2003042409 0 0.0044307692 0.2783325254 27.999
2003042410 0 0.0044307692 0.3839069317 27.999
2003042411 0 0.0044307692 0.4270964615 27.998
2003042412 0 0.0044307692 0.4350945225 27.998
2003042413 0 0.0041538462 0.4095007271 27.998
2003042414 0 0.0038769231 0.3135239942 27.998
2003042415 0 0.0038769231 0.2623364033 27.998
2003042416 0 0.0038769231 0.2047503635 27.998
2003042417 0 0.0038769231 0.0911778963 27.998
2003042418 0 0.0038769231 0.059185652 27.998
2003042419 0 0.0038769231 0.0031992244 27.997
2003042420 0 0.0038769231 0 27.996
2003042421 0 0.0038769231 0 27.996
2003042422 0 0.0038769231 0 27.995
2003042423 0 0.0038769231 0 27.995
2003042500 0 0.0038769231 0 27.994
2003042501 0 0.0038769231 0 27.994
2003042502 0 0.0038769231 0 27.995
2003042503 0 0.0038769231 0 27.996
2003042504 0 0.0038769231 0 27.996
2003042505 0 0.0038769231 0.0035249042 27.996
2003042506 0 0.0038769231 0.0581609195 27.996
2003042507 0 0.0038769231 0.1304214559 27.996
2003042508 0 0.0038769231 0.1445210728 27.995
2003042509 0 0.0038769231 0.2590804598 27.995
2003042510 0 0.0038769231 0.2537931034 27.995
2003042511 0 0.0038769231 0.3665900383 27.995
2003042512 0 0.0038769231 0.3595402299 27.995
2003042513 0 0.0038769231 0.3366283525 27.995
2003042514 0 0.0038769231 0.1991570881 27.995
2003042515 0 0.0038769231 0.1216091954 27.995
2003042516 0 0.0038769231 0.0387739464 27.995
2003042517 0 0.0038769231 0.0229118774 27.995
2003042518 0 0.0038769231 0.0052873563 27.994
2003042519 0 0.0038769231 0 27.994
2003042520 0.1 0.0038769231 0 27.994
2003042521 0 0.0038769231 0 27.994
2003042522 0 0.0038769231 0 27.995
2003042523 0 0.0038769231 0 27.996
2003042600 0 0.0038769231 0 27.996
2003042601 0.5 0.0038769231 0 27.998
2003042602 1.7 0.0040153846 0 27.997
2003042603 0.7 0.0044307692 0 27.996
2003042604 0 0.0044307692 0 27.996
2003042605 0 0.0044307692 0.0029484029 27.995
2003042606 0 0.0044307692 0.0265356265 27.995
2003042607 0 0.0048461538 0.0530712531 27.995
2003042608 0 0.0049846154 0.0781326781 27.994
2003042609 0 0.0049846154 0.084029484 27.994
2003042610 0 0.0049846154 0.0781326781 27.994
2003042611 0.7 0.0049846154 0.056019656 27.995
2003042612 0.8 0.0049846154 0.0545454545 27.995
2003042613 2.4 0.0049846154 0.0353808354 27.996
2003042614 2.3 0.0049846154 0.0457002457 27.998
2003042615 1.5 0.0055384615 0.0457002457 28
2003042616 1.1 0.0060923077 0.0265356265 28.002
2003042617 7.3 0.0072 0.0058968059 28.004
2003042618 4.6 0.0083076923 0.0044226044 28.007
2003042619 0 0.0103846154 0.0029484029 28.01
2003042620 0 0.0150923077 0 28.024
2003042621 0 0.0200769231 0 28.044
2003042622 0 0.0257538462 0 28.061
2003042623 0 0.0314307692 0 28.072
2003042700 0 0.0348923077 0 28.08
2003042701 0 0.0353076923 0 28.087
2003042702 0 0.0335076923 0 28.091
2003042703 0 0.0312923077 0 28.094
2003042704 0 0.0290769231 0 28.096
2003042705 0 0.0272769231 0.0015564202 28.096
2003042706 0 0.0258923077 0.0171206226 28.096
2003042707 0 0.0246461538 0.0529182879 28.096
2003042708 0 0.0239538462 0.1260700389 28.096
2003042709 0 0.0229846154 0.1774319066 28.096
2003042710 0 0.0224307692 0.2007782101 28.095
2003042711 0 0.0218769231 0.2428015564 28.095
2003042712 0.9 0.0213230769 0.0949416342 28.094
2003042713 0.1 0.0207692308 0.3548638132 28.094
2003042714 0.3 0.0204923077 0.326848249 28.094
2003042715 1.6 0.0199384615 0.113618677 28.094
2003042716 1.4 0.0196615385 0.1587548638 28.093
2003042717 0.3 0.0193846154 0.073151751 28.092
2003042718 0 0.0193846154 0.0513618677 28.091
2003042719 0 0.0196615385 0.0077821012 28.091
2003042720 0 0.0203538462 0 28.091
2003042721 0 0.0213230769 0 28.092
2003042722 0 0.0224307692 0 28.093
2003042723 0 0.0238153846 0 28.094
2003042800 0 0.0249230769 0 28.095
2003042801 0 0.0257538462 0 28.095
2003042802 0 0.0261692308 0 28.096
2003042803 0 0.0265846154 0 28.097
2003042804 0.1 0.0265846154 0 28.098
2003042805 0.2 0.0265846154 0.0016393443 28.098
2003042806 0 0.0265846154 0.0213114754 28.099
2003042807 0 0.0265846154 0.0573770492 28.099
2003042808 0 0.0265846154 0.0639344262 28.099
2003042809 0 0.0265846154 0.0836065574 28.1
2003042810 0 0.0265846154 0.2213114754 28.101
2003042811 0 0.0265846154 0.2213114754 28.101
2003042812 0 0.0265846154 0.2754098361 28.103
2003042813 0 0.0265846154 0.2344262295 28.103
2003042814 0 0.0263076923 0.2868852459 28.103
2003042815 0 0.0260307692 0.2590163934 28.104
2003042816 0 0.0260307692 0.2245901639 28.103
2003042817 0 0.0258923077 0.1131147541 28.103
2003042818 0 0.0254769231 0.0360655738 28.102
2003042819 0.7 0.0254769231 0 28.101
2003042820 0 0.0254769231 0 28.099
2003042821 0 0.0254769231 0 28.098
2003042822 0 0.0254769231 0 28.097
2003042823 2.2 0.0254769231 0 28.096
2003042900 0.3 0.0249230769 0 28.096
2003042901 0 0.0249230769 0 28.095
2003042902 0 0.0249230769 0 28.094
2003042903 0 0.0253384615 0 28.094
2003042904 0 0.0254769231 0 28.093
2003042905 0 0.0261692308 0.004745167 28.093
2003042906 0 0.0268615385 0.0142355009 28.092
2003042907 1.1 0.0274153846 0.0189806678 28.091
2003042908 0.1 0.0278307692 0.0980667838 28.09
2003042909 0 0.0282461538 0.2103690685 28.088
2003042910 0 0.0282461538 0.3685413005 28.088
2003042911 0 0.0282461538 0.3369068541 28.087
2003042912 0 0.0282461538 0.351142355 28.087
2003042913 0 0.0282461538 0.3036906854 28.087
2003042914 0 0.0282461538 0.3131810193 28.087
2003042915 0 0.0278307692 0.2230228471 28.087
2003042916 0 0.0275538462 0.2246045694 28.087
2003042917 0 0.0271384615 0.158172232 28.088
2003042918 0 0.0267230769 0.0632688928 28.088
2003042919 0 0.0264461538 0.0110720562 28.088
2003042920 0 0.0260307692 0 28.088
2003042921 0 0.0260307692 0 28.088
2003042922 0 0.0256153846 0 28.087
2003042923 0 0.0254769231 0 28.087
2003043000 0 0.0250615385 0 28.087
2003043001 0 0.0247846154 0 28.087
2003043002 0 0.0243692308 0 28.088
2003043003 0 0.0243692308 0 28.088
2003043004 0 0.0238153846 0 28.088
2003043005 0 0.0238153846 0.0088421053 28.089
2003043006 0 0.0232615385 0.0294736842 28.09
2003043007 0 0.0231230769 0.0589473684 28.09
2003043008 0 0.0227076923 0.1031578947 28.09
2003043009 0 0.0227076923 0.0736842105 28.091
2003043010 0 0.0221538462 0.0574736842 28.092
2003043011 0.3 0.0220153846 0.0604210526 28.092
2003043012 1.1 0.0216 0.0530526316 28.092
2003043013 1.3 0.0216 0.0530526316 28.092
2003043014 0 0.0216 0.0618947368 28.092
2003043015 0.9 0.0216 0.0530526316 28.091
2003043016 0.4 0.0216 0.0397894737 28.09
2003043017 0.2 0.0218769231 0.0294736842 28.088
2003043018 0.1 0.0221538462 0.0147368421 28.088
2003043019 0 0.0227076923 0.0029473684 28.088
2003043020 2 0.0231230769 0 28.088
2003043021 0.2 0.0235384615 0 28.087
2003043022 0.7 0.0242307692 0 28.087
2003043023 0 0.0247846154 0 28.088
2003050100 0 0.0257538462 0 28.089
2003050101 0 0.0264461538 0 28.092
2003050102 0 0.0272769231 0 28.095
2003050103 0 0.0281076923 0 28.099
2003050104 0 0.0290769231 0 28.102
2003050105 0 0.0299076923 0.0075987842 28.105
2003050106 0 0.0306 0.0547112462 28.107
2003050107 0 0.0310153846 0.0638297872 28.108
2003050108 0 0.0314307692 0.0744680851 28.108
2003050109 0 0.0315692308 0.1474164134 28.109
2003050110 0 0.0317076923 0.273556231 28.11
2003050111 0 0.0321230769 0.2902735562 28.111
2003050112 0 0.0319846154 0.3465045593 28.112
2003050113 0 0.0315692308 0.26443769 28.113
2003050114 2.1 0.0311538462 0.1276595745 28.114
2003050115 1.2 0.0304615385 0.1869300912 28.115
2003050116 0.7 0.0304615385 0.0957446809 28.113
2003050117 0.9 0.0314307692 0.0273556231 28.113
2003050118 1.1 0.0318461538 0.0288753799 28.113
2003050119 1.4 0.0325384615 0.0106382979 28.115
2003050120 0 0.0346153846 0 28.117
2003050121 0 0.0379384615 0 28.121
2003050122 0 0.0400153846 0 28.126
2003050123 0 0.0420923077 0 28.133
2003050200 0 0.0448615385 0 28.138
2003050201 0 0.0463846154 0 28.143
2003050202 0 0.0465230769 0 28.147
2003050203 0 0.0465230769 0 28.15
2003050204 0 0.0465230769 0 28.153
2003050205 0 0.0465230769 0.011360799 28.155
2003050206 0 0.0465230769 0.0584269663 28.157
2003050207 0 0.0465230769 0.1509363296 28.158
2003050208 0 0.0463846154 0.2418227216 28.159
2003050209 0 0.0456923077 0.2856429463 28.16
2003050210 0 0.0454153846 0.397627965 28.161
2003050211 0 0.0451384615 0.45443196 28.161
2003050212 0 0.0444461538 0.3505617978 28.162
2003050213 0 0.0434769231 0.1687890137 28.162
2003050214 0 0.0427846154 0.124968789 28.161
2003050215 0 0.0420923077 0.2450686642 28.16
2003050216 0 0.0418153846 0.102247191 28.16
2003050217 1.4 0.0407076923 0.0048689139 28.16
2003050218 2.5 0.0404307692 0.0016229713 28.158
2003050219 0.3 0.0418153846 0.0016229713 28.155
2003050220 0 0.0443076923 0 28.154
2003050221 0 0.0448615385 0 28.153
2003050222 0 0.0444461538 0 28.154
2003050223 0 0.0443076923 0 28.156
2003050300 0 0.0441692308 0 28.159
2003050301 0 0.0437538462 0 28.163
2003050302 0 0.0437538462 0 28.166
2003050303 0.9 0.0437538462 0 28.167
2003050304 1.9 0.0438923077 0 28.168
2003050305 0 0.0451384615 0.0014981273 28.168
2003050306 0.6 0.0472153846 0 28.167
2003050307 1 0.0476307692 0.008988764 28.167
2003050308 0.1 0.0479076923 0.0629213483 28.169
2003050309 0 0.0491538462 0.0734082397 28.172
2003050310 0 0.0497076923 0.2666666667 28.177
2003050311 0 0.0498461538 0.3310861423 28.181
2003050312 0 0.0506769231 0.2711610487 28.184
2003050313 0 0.0510923077 0.3325842697 28.186
2003050314 0 0.0515076923 0.2816479401 28.187
2003050315 0 0.0512307692 0.325093633 28.187
2003050316 0 0.0504 0.2516853933 28.187
2003050317 0 0.0492923077 0.1063670412 28.187
2003050318 0 0.0484615385 0.0719101124 28.186
2003050319 0 0.0476307692 0.0149812734 28.184
2003050320 0 0.0469384615 0 28.183
2003050321 0 0.0461076923 0 28.181
2003050322 0 0.0451384615 0 28.179
2003050323 0 0.0443076923 0 28.177
2003050400 0 0.0434769231 0 28.176
2003050401 0 0.0423692308 0 28.176
2003050402 0 0.0418153846 0 28.174
2003050403 0 0.0409846154 0 28.173
2003050404 0 0.0404307692 0 28.171
2003050405 0 0.0398769231 0.021752988 28.17
2003050406 0 0.0390461538 0.0870119522 28.168
2003050407 0 0.0384923077 0.1740239044 28.167
2003050408 0 0.0378 0.2710756972 28.165
2003050409 0 0.0371076923 0.3647808765 28.164
2003050410 0 0.0364153846 0.4384063745 28.162
2003050411 0 0.0357230769 0.4651792829 28.161
2003050412 0 0.0350307692 0.4952988048 28.16
2003050413 0 0.0342 0.4668525896 28.159
2003050414 0 0.0333692308 0.4450996016 28.158
2003050415 0 0.0326769231 0.3848605578 28.157
2003050416 0 0.0318461538 0.294501992 28.155
2003050417 0 0.0312923077 0.1941035857 28.154
2003050418 0 0.0307384615 0.0803187251 28.152
2003050419 0 0.0304615385 0.0167330677 28.15
2003050420 0 0.0304615385 0 28.147
2003050421 0 0.0304615385 0 28.145
2003050422 0 0.0304615385 0 28.143
2003050423 0 0.0299076923 0 28.14
2003050500 0 0.0296307692 0 28.139
2003050501 0 0.0293538462 0 28.138
2003050502 0 0.0289384615 0 28.136
2003050503 0 0.0288 0 28.136
2003050504 0 0.0282461538 0 28.135
2003050505 0 0.0279692308 0.0225694444 28.134
2003050506 0 0.0276923077 0.046875 28.132
2003050507 0 0.0271384615 0.1666666667 28.13
2003050508 0 0.0267230769 0.2881944444 28.129
2003050509 0 0.0263076923 0.28125 28.126
2003050510 0 0.0257538462 0.3472222222 28.125
2003050511 0 0.0252 0.3628472222 28.123
2003050512 0 0.0246461538 0.3333333333 28.122
2003050513 0 0.0240923077 0.1944444444 28.12
2003050514 0 0.0234 0.1041666667 28.119
2003050515 0 0.0229846154 0.1059027778 28.117
2003050516 0 0.0227076923 0.125 28.115
2003050517 0 0.0222923077 0.078125 28.114
2003050518 0 0.0217384615 0.0347222222 28.113
2003050519 0 0.0216 0.0086805556 28.112
2003050520 0 0.0214615385 0 28.111
2003050521 0 0.0210461538 0 28.109
2003050522 0 0.0210461538 0 28.108
2003050523 0 0.0204923077 0 28.107
2003050600 0 0.0204923077 0 28.107
2003050601 0 0.0202153846 0 28.107
2003050602 0 0.0199384615 0 28.106
2003050603 1.7 0.0199384615 0 28.105
2003050604 0.9 0.0199384615 0 28.104
2003050605 0.2 0.0202153846 0 28.104
2003050606 0.3 0.0207692308 0.0135508156 28.103
2003050607 0 0.0210461538 0.0301129235 28.102
2003050608 0 0.0210461538 0.0542032622 28.102
2003050609 0 0.0210461538 0.0662484316 28.102
2003050610 0 0.0206307692 0.087327478 28.101
2003050611 0 0.0204923077 0.1084065245 28.1
2003050612 0 0.0204923077 0.1520702635 28.1
2003050613 0 0.0200769231 0.200250941 28.1
2003050614 0 0.0199384615 0.182183187 28.1
2003050615 0 0.0193846154 0.1309912171 28.101
2003050616 0 0.0193846154 0.0737766625 28.102
2003050617 0 0.0189692308 0.0466750314 28.102
2003050618 0 0.0188307692 0.0421580928 28.101
2003050619 0 0.0185538462 0.0120451694 28.101
2003050620 0 0.0182769231 0 28.1
2003050621 0 0.0182769231 0 28.1
2003050622 0 0.0182769231 0 28.099
2003050623 0 0.0182769231 0 28.099
2003050700 0 0.0181384615 0 28.099
2003050701 0 0.0177230769 0 28.099
2003050702 0 0.0177230769 0 28.099
2003050703 0 0.0177230769 0 28.099
2003050704 0 0.0175846154 0 28.099
2003050705 0 0.0171692308 0.0265682657 28.099
2003050706 0 0.0171692308 0.0782287823 28.099
2003050707 0 0.0171692308 0.1579335793 28.099
2003050708 0 0.0167538462 0.2597785978 28.098
2003050709 0 0.0166153846 0.3276752768 28.097
2003050710 0 0.0166153846 0.3675276753 28.096
2003050711 0 0.0160615385 0.4044280443 28.096
2003050712 0 0.0159230769 0.4147601476 28.096
2003050713 0 0.0155076923 0.3527675277 28.096
2003050714 0 0.0155076923 0.4014760148 28.096
2003050715 0 0.0155076923 0.3188191882 28.096
2003050716 0 0.0149538462 0.2509225092 28.096
2003050717 0 0.0149538462 0.1549815498 28.096
2003050718 0 0.0149538462 0.0649446494 28.096
2003050719 0 0.0149538462 0.0191881919 28.096
2003050720 0 0.0149538462 0 28.096
2003050721 0 0.0149538462 0 28.095
2003050722 0 0.0149538462 0 28.094
2003050723 0 0.0149538462 0 28.094
2003050800 0 0.0149538462 0 28.094
2003050801 0 0.0149538462 0 28.094
2003050802 0 0.0149538462 0 28.094
2003050803 0 0.0149538462 0 28.094
2003050804 0 0.0149538462 0 28.095
2003050805 0 0.0149538462 0.023928897 28.094
2003050806 0 0.0149538462 0.07976299 28.093
2003050807 0 0.0149538462 0.1611212397 28.092
2003050808 0 0.0149538462 0.2536463081 28.091
2003050809 0 0.0149538462 0.3334092981 28.09
2003050810 0 0.0149538462 0.3876481313 28.09
2003050811 0 0.0148153846 0.4402917046 28.089
2003050812 0 0.0144 0.3764813127 28.089
2003050813 0 0.0144 0.4227438469 28.088
2003050814 0 0.0139846154 0.3493618961 28.087
2003050815 0 0.0138461538 0.2664083865 28.086
2003050816 0 0.0138461538 0.2376937101 28.084
2003050817 0 0.0137076923 0.1180492252 28.083
2003050818 0 0.0132923077 0.0446672744 28.083
2003050819 0 0.0132923077 0.0047857794 28.081
2003050820 0.2 0.0132923077 0 28.08
2003050821 0.1 0.0131538462 0 28.079
2003050822 0.2 0.0127384615 0 28.079
2003050823 0 0.0127384615 0 28.078
2003050900 0 0.0126 0 28.078
2003050901 0 0.0121846154 0 28.078
2003050902 0 0.0121846154 0 28.078
2003050903 0 0.0121846154 0 28.078
2003050904 0 0.0121846154 0 28.078
2003050905 0 0.0121846154 0 28.078
2003050906 0 0.0121846154 0.0121557455 28.078
2003050907 0 0.0121846154 0.0136752137 28.078
2003050908 0 0.0121846154 0.0607787274 28.078
2003050909 0 0.0121846154 0.0942070275 28.077
2003050910 0 0.0121846154 0.0881291548 28.076
2003050911 0 0.0121846154 0.2096866097 28.076
2003050912 0 0.0119076923 0.3798670465 28.076
2003050913 0 0.0116307692 0.2233618234 28.076
2003050914 0 0.0116307692 0.1625830959 28.076
2003050915 0 0.0116307692 0.1747388414 28.075
2003050916 0 0.0116307692 0.0957264957 28.075
2003050917 0 0.0116307692 0.0440645774 28.074
2003050918 0 0.0116307692 0.0364672365 28.073
2003050919 0 0.0114923077 0.0045584046 28.072
2003050920 0 0.0110769231 0 28.071
2003050921 0 0.0110769231 0 28.071
2003050922 0 0.0110769231 0 28.07
2003050923 0 0.0110769231 0 28.07
2003051000 0 0.0110769231 0 28.07
2003051001 0 0.0110769231 0 28.069
2003051002 0 0.0110769231 0 28.069
2003051003 0 0.0110769231 0 28.069
2003051004 0 0.0105230769 0 28.069
2003051005 0 0.0105230769 0.016955684 28.068
2003051006 0 0.0105230769 0.0662813102 28.068
2003051007 0 0.0105230769 0.1649325626 28.067
2003051008 0 0.0105230769 0.2481695568 28.066
2003051009 0 0.0105230769 0.3206165703 28.066
2003051010 0 0.0101076923 0.391522158 28.065
2003051011 0 0.0099692308 0.3036608863 28.065
2003051012 0 0.0098307692 0.2358381503 28.064
2003051013 0 0.0094153846 0.4547206166 28.064
2003051014 0 0.0094153846 0.2990366089 28.064
2003051015 0 0.0094153846 0.195761079 28.064
2003051016 0 0.0094153846 0.2712909441 28.064
2003051017 0 0.0088615385 0.1063583815 28.063
2003051018 0 0.0088615385 0.0863198459 28.062
2003051019 0 0.0088615385 0.0385356455 28.062
2003051020 0 0.0088615385 0 28.061
2003051021 0 0.0088615385 0 28.06
2003051022 0 0.0088615385 0 28.059
2003051023 0 0.0088615385 0 28.059
2003051100 0 0.0088615385 0 28.059
2003051101 0 0.0088615385 0 28.059
2003051102 0 0.0088615385 0 28.06
2003051103 0 0.0088615385 0 28.06
2003051104 0 0.0084461538 0 28.059
2003051105 0 0.0083076923 0.0211431227 28.059
2003051106 0 0.0083076923 0.0910780669 28.059
2003051107 0 0.0083076923 0.1821561338 28.059
2003051108 0 0.0083076923 0.2634758364 28.059
2003051109 0 0.0083076923 0.3578066914 28.058
2003051110 0 0.0083076923 0.4277416357 28.058
2003051111 0 0.0083076923 0.3870817844 28.058
2003051112 0 0.0080307692 0.4309944238 28.058
2003051113 0 0.0077538462 0.3545539033 28.058
2003051114 0 0.0077538462 0.3366635688 28.058
2003051115 0 0.0077538462 0.279739777 28.057
2003051116 0 0.0077538462 0.1545074349 28.057
2003051117 0 0.0077538462 0.1219795539 28.056
2003051118 0 0.0077538462 0.0683085502 28.056
2003051119 0 0.0077538462 0.0227695167 28.056
2003051120 0 0.0077538462 0 28.056
2003051121 0 0.0077538462 0 28.056
2003051122 0 0.0077538462 0 28.056
2003051123 0 0.0077538462 0 28.056
2003051200 0 0.0077538462 0 28.056
2003051201 0 0.0077538462 0 28.056
2003051202 0 0.0077538462 0 28.056
2003051203 0 0.0077538462 0 28.056
2003051204 0 0.0077538462 0 28.056
2003051205 0 0.0077538462 0.0187234043 28.056
2003051206 0 0.0077538462 0.070212766 28.055
2003051207 0 0.0077538462 0.1529078014 28.053
2003051208 0 0.0077538462 0.2402836879 28.052
2003051209 0 0.0077538462 0.2870921986 28.052
2003051210 0 0.0077538462 0.2293617021 28.05
2003051211 0 0.0077538462 0.1404255319 28.049
2003051212 0 0.0077538462 0.2543262411 28.049
2003051213 0 0.0072 0.2512056738 28.049
2003051214 0 0.0072 0.170070922 28.049
2003051215 0 0.0072 0.1435460993 28.049
2003051216 0 0.0072 0.1185815603 28.049
2003051217 0 0.0072 0.0795744681 28.049
2003051218 0 0.0072 0.0374468085 28.049
2003051219 0 0.0072 0.0062411348 28.049
2003051220 0 0.0072 0 28.049
2003051221 0 0.0072 0 28.048
2003051222 0 0.0072 0 28.048
2003051223 0 0.0072 0 28.049
2003051300 0 0.0072 0 28.049
2003051301 0.1 0.0072 0 28.05
2003051302 0.9 0.0072 0 28.051
2003051303 1.2 0.0072 0 28.051
2003051304 1.4 0.0072 0 28.051
2003051305 0.2 0.0073384615 0.015761194 28.05
2003051306 0 0.0077538462 0.0487164179 28.049
2003051307 0 0.0083076923 0.1461492537 28.048
2003051308 0 0.0083076923 0.2034626866 28.046
2003051309 0 0.0083076923 0.3195223881 28.045
2003051310 0 0.0083076923 0.2421492537 28.045
2003051311 2.8 0.0083076923 0.0831044776 28.045
2003051312 0.5 0.0081692308 0.1662089552 28.043
2003051313 0 0.0083076923 0.2120597015 28.042
2003051314 0 0.0087230769 0.3051940299 28.042
2003051315 0 0.0088615385 0.3094925373 28.043
2003051316 0 0.0088615385 0.1705074627 28.043
2003051317 0 0.0088615385 0.1189253731 28.043
2003051318 0 0.0088615385 0.0415522388 28.043
2003051319 0 0.0088615385 0.015761194 28.043
2003051320 0 0.0084461538 0.0014328358 28.043
2003051321 0 0.0083076923 0 28.042
2003051322 0 0.0083076923 0 28.043
2003051323 0 0.0083076923 0 28.043
2003051400 0 0.0083076923 0 28.044
2003051401 0 0.0077538462 0 28.044
2003051402 0 0.0077538462 0 28.046
2003051403 0.2 0.0077538462 0 28.047
2003051404 0 0.0077538462 0 28.047
2003051405 1.6 0.0077538462 0.0109195402 28.047
2003051406 0 0.0077538462 0.0655172414 28.047
2003051407 0 0.0077538462 0.1132902299 28.047
2003051408 0 0.0077538462 0.1801724138 28.047
2003051409 0 0.0077538462 0.191091954 28.046
2003051410 0 0.0077538462 0.1951867816 28.046
2003051411 0 0.0077538462 0.3016522989 28.046
2003051412 0.3 0.0077538462 0.188362069 28.046
2003051413 0.1 0.0072 0.1569683908 28.046
2003051414 0.2 0.0072 0.11875 28.044
2003051415 0 0.0074769231 0.1528735632 28.044
2003051416 2.3 0.0077538462 0.0805316092 28.044
2003051417 0 0.0077538462 0.0873563218 28.043
2003051418 2.3 0.0081692308 0.0395833333 28.043
2003051419 1.1 0.0085846154 0.0150143678 28.043
2003051420 0 0.009 0.0027298851 28.044
2003051421 0 0.0094153846 0 28.044
2003051422 0 0.0096923077 0 28.045
2003051423 0 0.0099692308 0 28.046
2003051500 0 0.0099692308 0 28.048
2003051501 0 0.0098307692 0 28.05
2003051502 0 0.0094153846 0 28.052
2003051503 0 0.0094153846 0 28.054
2003051504 0.3 0.0096923077 0 28.056
2003051505 0 0.0099692308 0.0086187845 28.058
2003051506 0 0.0099692308 0.0790055249 28.059
2003051507 0 0.0099692308 0.1436464088 28.06
2003051508 1.9 0.0099692308 0.1005524862 28.06
2003051509 0.1 0.0099692308 0.3145856354 28.061
2003051510 0 0.0099692308 0.1120441989 28.063
2003051511 0 0.0099692308 0.2240883978 28.064
2003051512 0 0.0099692308 0.3950276243 28.066
2003051513 0 0.0099692308 0.3275138122 28.067
2003051514 0 0.0099692308 0.3835359116 28.07
2003051515 0.2 0.0098307692 0.1235359116 28.072
2003051516 0 0.0099692308 0.211160221 28.073
2003051517 0 0.0099692308 0.1005524862 28.074
2003051518 0 0.0101076923 0.0603314917 28.075
2003051519 0 0.0105230769 0.015801105 28.076
2003051520 0 0.0105230769 0 28.076
2003051521 0 0.0108 0 28.077
2003051522 0 0.0110769231 0 28.077
2003051523 0 0.0110769231 0 28.077
2003051600 0 0.0110769231 0 28.079
2003051601 0 0.0110769231 0 28.08
2003051602 0 0.0110769231 0 28.082
2003051603 0 0.0110769231 0 28.083
2003051604 0 0.0110769231 0 28.083
2003051605 0 0.0110769231 0.0295267043 28.084
2003051606 0 0.0110769231 0.0900564481 28.084
2003051607 0 0.0110769231 0.178636561 28.084
2003051608 0 0.0110769231 0.2598349978 28.084
2003051609 0 0.0110769231 0.3380807642 28.084
2003051610 0 0.0110769231 0.398610508 28.084
2003051611 0 0.0110769231 0.4089448545 28.085
2003051612 0 0.0109384615 0.3484151107 28.085
2003051613 0 0.0105230769 0.3794181502 28.085
2003051614 0 0.0105230769 0.3115067304 28.085
2003051615 0 0.0105230769 0.2790273556 28.084
2003051616 0 0.0105230769 0.2052105949 28.084
2003051617 0 0.0105230769 0.1062961355 28.083
2003051618 0 0.0105230769 0.0516717325 28.083
2003051619 0 0.0105230769 0.0147633521 28.082
2003051620 0 0.0105230769 0 28.081
2003051621 0 0.0105230769 0 28.08
2003051622 0 0.0105230769 0 28.08
2003051623 0 0.0105230769 0 28.08
2003051700 0 0.0105230769 0 28.08
2003051701 0 0.0105230769 0 28.08
2003051702 0 0.0105230769 0 28.08
2003051703 0 0.0101076923 0 28.081
2003051704 0 0.0099692308 0 28.081
2003051705 0 0.0099692308 0.0155737705 28.081
2003051706 0 0.0099692308 0.0731967213 28.081
2003051707 0 0.0099692308 0.1027868852 28.08
2003051708 0 0.0099692308 0.1105737705 28.08
2003051709 0 0.0099692308 0.1059016393 28.078
2003051710 0 0.0099692308 0.1697540984 28.076
2003051711 0 0.0099692308 0.1681967213 28.075
2003051712 0 0.0099692308 0.2180327869 28.075
2003051713 0 0.0099692308 0.2195901639 28.074
2003051714 0 0.0094153846 0.1339344262 28.073
2003051715 0 0.0094153846 0.2071311475 28.072
2003051716 0.2 0.0094153846 0.095 28.072
2003051717 0 0.0094153846 0.1697540984 28.071
2003051718 0 0.0092769231 0.0840983607 28.07
2003051719 0 0.0088615385 0.0264754098 28.07
2003051720 0 0.0088615385 0 28.069
2003051721 0 0.0088615385 0 28.069
2003051722 0 0.0088615385 0 28.068
2003051723 0 0.0088615385 0 28.067
2003051800 0.3 0.0088615385 0 28.067
2003051801 0 0.0088615385 0 28.068
2003051802 1.3 0.0088615385 0 28.068
2003051803 0.5 0.0084461538 0 28.068
2003051804 0 0.0088615385 0 28.068
2003051805 0 0.0088615385 0.023925104 28.067
2003051806 0 0.0088615385 0.0446601942 28.066
2003051807 0 0.0088615385 0.0845353675 28.065
2003051808 0 0.0088615385 0.1658807212 28.064
2003051809 0 0.0088615385 0.2711511789 28.064
2003051810 0 0.0088615385 0.1674757282 28.063
2003051811 0 0.0083076923 0.1355755895 28.063
2003051812 0 0.0083076923 0.3269764216 28.062
2003051813 0 0.0083076923 0.4067267684 28.062
2003051814 0 0.0083076923 0.2296809986 28.062
2003051815 0 0.0083076923 0.220110957 28.062
2003051816 0 0.0083076923 0.1387656033 28.061
2003051817 0 0.0077538462 0.0462552011 28.061
2003051818 0 0.0077538462 0.0287101248 28.06
2003051819 0 0.0077538462 0.0095700416 28.06
2003051820 1.7 0.0077538462 0 28.06
2003051821 2.9 0.0077538462 0 28.06
2003051822 1.5 0.0080307692 0 28.06
2003051823 0.1 0.0084461538 0 28.06
2003051900 0 0.0094153846 0 28.06
2003051901 0.1 0.0099692308 0 28.06
2003051902 0 0.0099692308 0 28.061
2003051903 0 0.0099692308 0 28.062
2003051904 0 0.0099692308 0.0015604681 28.063
2003051905 0 0.0101076923 0.0156046814 28.065
2003051906 0 0.0106615385 0.0358907672 28.067
2003051907 0 0.0112153846 0.0764629389 28.068
2003051908 0 0.0117692308 0.2013003901 28.07
2003051909 0 0.0123230769 0.156046814 28.072
2003051910 0 0.0127384615 0.121716515 28.074
2003051911 0 0.0127384615 0.1981794538 28.075
2003051912 0 0.0127384615 0.1404421326 28.077
2003051913 2.1 0.0127384615 0.0764629389 28.079
2003051914 5 0.0131538462 0.0452535761 28.081
2003051915 0.5 0.0145384615 0.0530559168 28.083
2003051916 1.7 0.0182769231 0.0312093628 28.088
2003051917 6.3 0.0222923077 0.0140442133 28.096
2003051918 3.5 0.0256153846 0.0078023407 28.107
2003051919 0 0.0384923077 0.0234070221 28.131
2003051920 0 0.0562153846 0.0015604681 28.17
2003051921 0 0.0613384615 0 28.21
2003051922 0 0.0807230769 0 28.238
2003051923 0 0.1157538462 0 28.257
2003052000 0 0.1345846154 0 28.269
2003052001 0 0.1394307692 0 28.277
2003052002 0 0.1366615385 0 28.282
2003052003 0.1 0.1304307692 0 28.284
2003052004 0 0.1244769231 0 28.284
2003052005 0 0.1192153846 0.0240522876 28.284
2003052006 0 0.1146461538 0.0916993464 28.283
2003052007 0 0.1102153846 0.1247712418 28.281
2003052008 0 0.1059230769 0.1879084967 28.279
2003052009 0.6 0.1017692308 0.1969281046 28.277
2003052010 0 0.0987230769 0.3412418301 28.275
2003052011 0.6 0.0960923077 0.2450326797 28.273
2003052012 1 0.0944307692 0.2600653595 28.27
2003052013 0 0.0926307692 0.2931372549 28.268
2003052014 0.1 0.0913846154 0.2209803922 28.266
2003052015 2 0.0895846154 0.1488235294 28.266
2003052016 0 0.0897230769 0.0616339869 28.265
2003052017 0.1 0.0906923077 0.0405882353 28.266
2003052018 3.3 0.0901384615 0.0435947712 28.271
2003052019 0 0.0916615385 0.0195424837 28.275
2003052020 0.5 0.0958153846 0 28.284
2003052021 6.2 0.0987230769 0 28.298
2003052022 3.5 0.1046769231 0 28.308
2003052023 3.7 0.1269692308 0 28.336
2003052100 0.6 0.1646307692 0 28.389
2003052101 0.1 0.2198769231 0 28.449
2003052102 0.6 0.2780307692 0 28.49
2003052103 0.6 0.3331384615 0 28.511
2003052104 0.3 0.3644307692 0 28.523
2003052105 0.2 0.3647076923 0.0157415079 28.529
2003052106 0.1 0.3483692308 0.0283347142 28.529
2003052107 0 0.3289846154 0.0724109362 28.528
2003052108 0 0.3111230769 0.1023198012 28.525
2003052109 0.2 0.2947846154 0.1086164043 28.52
2003052110 3.5 0.2802461538 0.1038939519 28.514
2003052111 0.5 0.2715230769 0.1212096106 28.509
2003052112 0.2 0.2701384615 0.2534382767 28.524
2003052113 0.1 0.2676461538 0.3683512842 28.537
2003052114 0 0.2655692308 0.221955261 28.54
2003052115 0 0.2633538462 0.1778790389 28.538
2003052116 0 0.2598923077 0.1810273405 28.532
2003052117 0 0.2550461538 0.0787075394 28.523
2003052118 0 0.2477076923 0.0535211268 28.511
2003052119 0 0.2391230769 0.0125932063 28.499
2003052120 0 0.2295692308 0 28.486
2003052121 0 0.2193230769 0 28.475
2003052122 0 0.2099076923 0 28.464
2003052123 0 0.2010461538 0 28.454
2003052200 0 0.1931538462 0 28.444
2003052201 0 0.1859538462 0 28.435
2003052202 0 0.1795846154 0 28.426
2003052203 0.1 0.1739076923 0 28.418
2003052204 0.1 0.1685076923 0 28.41
2003052205 0.1 0.1639384615 0.0064516129 28.403
2003052206 0.2 0.1595076923 0.0177419355 28.396
2003052207 0.1 0.1556307692 0.035483871 28.389
2003052208 0.2 0.1520307692 0.0403225806 28.382
2003052209 0.5 0.1485692308 0.0951612903 28.377
2003052210 0.1 0.1458 0.0887096774 28.371
2003052211 0 0.1434461538 0.1016129032 28.366
2003052212 0 0.1413692308 0.1064516129 28.362
2003052213 0 0.1397076923 0.1209677419 28.358
2003052214 0 0.1381846154 0.0709677419 28.355
2003052215 0 0.1368 0.0241935484 28.351
2003052216 0 0.1358307692 0.0451612903 28.347
2003052217 0 0.1345846154 0.0193548387 28.345
2003052218 0 0.1330615385 0.0209677419 28.341
2003052219 0 0.1309846154 0.0064516129 28.338
2003052220 0 0.1289076923 0 28.336
2003052221 0 0.1271076923 0 28.332
2003052222 0 0.1250307692 0 28.33
2003052223 0 0.1230923077 0 28.327
2003052300 0 0.1210153846 0 28.324
2003052301 0 0.1193538462 0 28.321
2003052302 0 0.1174153846 0 28.319
2003052303 0 0.1154769231 0 28.317
2003052304 0 0.1138153846 0 28.314
2003052305 0 0.1122923077 0.0030360531 28.311
2003052306 0.2 0.1103538462 0.0197343454 28.308
2003052307 0 0.1086923077 0.0379506641 28.305
2003052308 0.2 0.1068923077 0.0667931689 28.302
2003052309 0 0.1049538462 0.1017077799 28.3
2003052310 0.6 0.1032923077 0.0834914611 28.298
2003052311 1.2 0.1017692308 0.0743833017 28.296
2003052312 0.4 0.1013538462 0.0834914611 28.293
2003052313 0 0.1021846154 0.1108159393 28.293
2003052314 0.1 0.1032923077 0.069829222 28.298
2003052315 0 0.1041230769 0.0364326376 28.303
2003052316 0.4 0.1060615385 0.0303605313 28.306
2003052317 0.5 0.1082769231 0.0303605313 28.308
2003052318 0.2 0.1106307692 0.0227703985 28.309
2003052319 0.1 0.1132615385 0.0227703985 28.311
2003052320 0.1 0.1150615385 0.0060721063 28.314
2003052321 0.3 0.1168615385 0 28.316
2003052322 0.2 0.1182461538 0 28.318
2003052323 0 0.1197692308 0 28.32
2003052400 0 0.1210153846 0 28.323
2003052401 0 0.1218461538 0 28.325
2003052402 0 0.1224 0 28.324
2003052403 0 0.1224 0 28.324
2003052404 0.7 0.1221230769 0 28.322
2003052405 0.9 0.1217076923 0.005034965 28.32
2003052406 1.3 0.1212923077 0.0218181818 28.318
2003052407 3 0.1219846154 0.0184615385 28.319
2003052408 1.7 0.1261384615 0.0352447552 28.326
2003052409 1.6 0.1380461538 0.0453146853 28.357
2003052410 2.5 0.1582615385 0.0553846154 28.401
2003052411 1 0.1877538462 0.1057342657 28.441
2003052412 0.2 0.2337230769 0.1560839161 28.482
2003052413 0 0.2783076923 0.2198601399 28.517
2003052414 0 0.3122307692 0.198041958 28.536
2003052415 0 0.3348 0.1191608392 28.542
2003052416 0 0.3425538462 0.0956643357 28.541
2003052417 0 0.3382615385 0.0671328671 28.538
2003052418 0.1 0.3220615385 0.041958042 28.531
2003052419 0 0.3042 0.0151048951 28.523
2003052420 0 0.2870307692 0 28.514
2003052421 0 0.2713846154 0 28.504
2003052422 0.4 0.2569846154 0 28.493
2003052423 0.3 0.2446615385 0 28.482
2003052500 0.4 0.2348307692 0 28.471
2003052501 0.1 0.2266615385 0 28.462
2003052502 0.3 0.2200153846 0 28.455
2003052503 0.1 0.2147538462 0 28.449
2003052504 0 0.2100461538 0 28.443
2003052505 0 0.2061692308 0.0063380282 28.437
2003052506 0 0.2024307692 0.0507042254 28.431
2003052507 0 0.1984153846 0.1283450704 28.425
2003052508 0 0.1939846154 0.186971831 28.419
2003052509 0 0.1891384615 0.3026408451 28.413
2003052510 0 0.1841538462 0.1790492958 28.407
2003052511 0 0.1794461538 0.3375 28.401
2003052512 0 0.1746 0.4040492958 28.394
2003052513 0 0.1692 0.188556338 28.387
2003052514 0 0.1643538462 0.2139084507 28.38
2003052515 0 0.1592307692 0.2661971831 28.373
2003052516 0 0.1536923077 0.1616197183 28.365
2003052517 0 0.1485692308 0.1552816901 28.358
2003052518 0 0.1438615385 0.0839788732 28.351
2003052519 0 0.1398461538 0.0316901408 28.346
2003052520 0 0.1358307692 0.0031690141 28.339
2003052521 0 0.1323692308 0 28.334
2003052522 0 0.1287692308 0 28.329
2003052523 0 0.1251692308 0 28.324
2003052600 0 0.1218461538 0 28.32
2003052601 0 0.1185230769 0 28.316
2003052602 0 0.1157538462 0 28.312
2003052603 0 0.1132615385 0 28.308
2003052604 0 0.1106307692 0.0016086794 28.306
2003052605 0 0.1082769231 0.0321735877 28.302
2003052606 0 0.1059230769 0.099738122 28.299
2003052607 0 0.1034307692 0.2171717172 28.295
2003052608 0 0.1010769231 0.312083801 28.292
2003052609 0 0.0988615385 0.3844743734 28.288
2003052610 0 0.0967846154 0.3683875795 28.286
2003052611 0 0.0951230769 0.474560419 28.283
2003052612 0 0.0931846154 0.3297792742 28.279
2003052613 0 0.0911076923 0.4890385335 28.275
2003052614 0 0.0888923077 0.4343434343 28.272
2003052615 0 0.0866769231 0.4214739993 28.27
2003052616 0 0.0848769231 0.3458660681 28.266
2003052617 0 0.0830769231 0.2284324729 28.263
2003052618 0 0.0812769231 0.120650954 28.259
2003052619 0 0.0800307692 0.0386083053 28.256
2003052620 0 0.0790615385 0.0016086794 28.254
2003052621 0 0.0783692308 0 28.25
2003052622 0 0.0769846154 0 28.248
2003052623 0 0.0758769231 0 28.246
2003052700 0 0.0744923077 0 28.244
2003052701 0 0.0736615385 0 28.242
2003052702 0 0.0726923077 0 28.241
2003052703 0 0.0715846154 0 28.24
2003052704 0 0.0710307692 0.0050101833 28.238
2003052705 0 0.0700615385 0.0467617108 28.237
2003052706 0 0.0693692308 0.1185743381 28.235
2003052707 0 0.0685384615 0.2204480652 28.233
2003052708 0 0.0674307692 0.2872505092 28.231
2003052709 0 0.0661846154 0.3707535642 28.229
2003052710 0 0.0650769231 0.4225254582 28.228
2003052711 0 0.0639692308 0.4776374745 28.226
2003052712 0 0.0627230769 0.3590631365 28.224
2003052713 0 0.0617538462 0.4976782077 28.222
2003052714 0 0.0606461538 0.4325458248 28.22
2003052715 0 0.0592615385 0.4041547862 28.219
2003052716 0 0.0582923077 0.250509165 28.217
2003052717 0 0.0569076923 0.1118940937 28.216
2003052718 0 0.0562153846 0.0634623218 28.216
2003052719 0 0.0558 0.0283910387 28.214
2003052720 0 0.0551076923 0.0033401222 28.212
2003052721 0 0.0548307692 0 28.211
2003052722 0 0.0542769231 0 28.21
2003052723 0 0.0537230769 0 28.208
2003052800 0 0.0531692308 0 28.207
2003052801 0 0.0527538462 0 28.205
2003052802 0 0.0522 0 28.204
2003052803 0 0.0519230769 0 28.203
2003052804 0 0.0515076923 0.0017142857 28.202
2003052805 0 0.0512307692 0.0205714286 28.201
2003052806 0 0.0509538462 0.0754285714 28.2
2003052807 0 0.0501230769 0.1611428571 28.199
2003052808 0 0.0497076923 0.2417142857 28.197
2003052809 0 0.0490153846 0.264 28.196
2003052810 0 0.0481846154 0.3342857143 28.195
2003052811 0 0.0474923077 0.4577142857 28.193
2003052812 0 0.0468 0.4148571429 28.192
2003052813 0 0.0458307692 0.3531428571 28.192
2003052814 0 0.0452769231 0.2588571429 28.191
2003052815 0 0.0445846154 0.2074285714 28.191
2003052816 0 0.0438923077 0.2074285714 28.19
2003052817 0 0.0433384615 0.1388571429 28.19
2003052818 0 0.0425076923 0.1165714286 28.189
2003052819 0 0.0420923077 0.0428571429 28.188
2003052820 0 0.0416769231 0.0034285714 28.188
2003052821 0 0.0415384615 0 28.187
2003052822 0 0.0412615385 0 28.185
2003052823 0 0.0409846154 0 28.184
2003052900 0 0.0404307692 0 28.183
2003052901 0 0.0404307692 0 28.181
2003052902 0 0.0402923077 0 28.18
2003052903 0 0.0398769231 0 28.18
2003052904 0 0.0398769231 0.0036082474 28.179
2003052905 0 0.0398769231 0.0487113402 28.178
2003052906 0 0.0397384615 0.1353092784 28.177
2003052907 0 0.0391846154 0.2381443299 28.176
2003052908 0 0.0387692308 0.3355670103 28.176
2003052909 0 0.0386307692 0.4239690722 28.175
2003052910 0 0.0382153846 0.4636597938 28.173
2003052911 0 0.0376615385 0.5268041237 28.172
2003052912 0 0.0369692308 0.5556701031 28.171
2003052913 0 0.0365538462 0.5268041237 28.171
2003052914 0 0.0361384615 0.4961340206 28.17
2003052915 0 0.0353076923 0.4257731959 28.169
2003052916 0 0.0348923077 0.3427835052 28.169
2003052917 0 0.0343384615 0.1948453608 28.168
2003052918 0 0.0336461538 0.1280927835 28.168
2003052919 0 0.0332307692 0.0505154639 28.167
2003052920 0 0.0332307692 0.0036082474 28.167
2003052921 0 0.0330923077 0 28.165
2003052922 0 0.0325384615 0 28.164
2003052923 0 0.0321230769 0 28.163
2003053000 0 0.0321230769 0 28.163
2003053001 0 0.0319846154 0 28.163
2003053002 0 0.0315692308 0 28.161
2003053003 0 0.0315692308 0 28.16
2003053004 0 0.0315692308 0.0037398374 28.16
2003053005 0 0.0315692308 0.0504878049 28.159
2003053006 0 0.0315692308 0.112195122 28.157
2003053007 0 0.0311538462 0.2243902439 28.156
2003053008 0 0.0310153846 0.3365853659 28.155
2003053009 0 0.0310153846 0.4263414634 28.155
2003053010 0 0.0304615385 0.5011382114 28.153
2003053011 0 0.0303230769 0.5422764228 28.153
2003053012 0 0.0299076923 0.5516260163 28.152
2003053013 0 0.0293538462 0.5048780488 28.152
2003053014 0 0.0289384615 0.4001626016 28.152
2003053015 0 0.0283846154 0.3739837398 28.152
2003053016 0 0.0282461538 0.2842276423 28.151
2003053017 0 0.0276923077 0.1682926829 28.15
2003053018 0 0.0276923077 0.0972357724 28.149
2003053019 0 0.0271384615 0.018699187 28.148
2003053020 0 0.0271384615 0.0037398374 28.147
2003053021 0 0.0271384615 0 28.147
2003053022 0 0.0267230769 0 28.145
2003053023 0.2 0.0265846154 0 28.144
2003053100 0.6 0.0263076923 0 28.143
2003053101 0 0.0260307692 0 28.142
2003053102 0 0.0260307692 0 28.142
2003053103 0 0.0260307692 0 28.142
2003053104 0 0.0260307692 0 28.141
2003053105 0 0.0260307692 0.0293343962 28.141
2003053106 0 0.0260307692 0.084336389 28.14
2003053107 0 0.0260307692 0.1485053806 28.14
2003053108 0 0.0260307692 0.3043443603 28.139
2003053109 0 0.0256153846 0.3996811479 28.137
2003053110 0 0.0254769231 0.4748505381 28.136
2003053111 0 0.0254769231 0.5261857314 28.136
2003053112 0 0.0250615385 0.5390195297 28.136
2003053113 0 0.0246461538 0.5170187326 28.135
2003053114 0 0.0243692308 0.467516939 28.135
2003053115 0 0.0239538462 0.3923475488 28.134
2003053116 0 0.0238153846 0.3153447589 28.133
2003053117 0 0.0234 0.214507772 28.132
2003053118 0 0.0232615385 0.1320047828 28.131
2003053119 0 0.0227076923 0.0495017935 28.13
2003053120 0 0.0227076923 0.0055001993 28.128
2003053121 0 0.0225692308 0 28.126
2003053122 0 0.0221538462 0 28.126
2003053123 0 0.0218769231 0 28.124
2003060100 0 0.0216 0 28.123
2003060101 0 0.0216 0 28.123
2003060102 0 0.0210461538 0 28.122
2003060103 0 0.0210461538 0 28.121
2003060104 0 0.0210461538 0.0037346047 28.12
2003060105 0 0.0206307692 0.0522844656 28.12
2003060106 0 0.0204923077 0.11950735 28.119
2003060107 0 0.0204923077 0.2203416766 28.118
2003060108 0 0.0204923077 0.3193087008 28.117
2003060109 0 0.0203538462 0.4033373063 28.116
2003060110 0 0.0199384615 0.4817640048 28.115
2003060111 0 0.0199384615 0.4406833532 28.115
2003060112 0 0.0193846154 0.5359157727 28.115
2003060113 0 0.0193846154 0.4892332141 28.114
2003060114 0 0.0191076923 0.466825586 28.113
2003060115 0 0.0188307692 0.4089392133 28.113
2003060116 0 0.0184153846 0.3435836313 28.112
2003060117 0 0.0182769231 0.2259435836 28.112
2003060118 0 0.0182769231 0.1344457688 28.112
2003060119 0 0.018 0.0504171633 28.111
2003060120 0 0.0177230769 0.0037346047 28.11
2003060121 0 0.0177230769 0 28.109
2003060122 0 0.0177230769 0 28.108
2003060123 0 0.0177230769 0 28.107
2003060200 0 0.0171692308 0 28.107
2003060201 0 0.0171692308 0 28.107
2003060202 0 0.0171692308 0 28.106
2003060203 0 0.0171692308 0 28.106
2003060204 0 0.0166153846 0.0056823701 28.106
2003060205 0 0.0166153846 0.0587178242 28.106
2003060206 0 0.0166153846 0.1458474988 28.105
2003060207 0 0.0166153846 0.2386595435 28.104
2003060208 0 0.0166153846 0.3504128218 28.104
2003060209 0 0.0166153846 0.435648373 28.103
2003060210 0 0.0162 0.5000485673 28.102
2003060211 0 0.0160615385 0.5417192812 28.101
2003060212 0 0.0160615385 0.5625546382 28.1
2003060213 0 0.0157846154 0.4697425935 28.099
2003060214 0 0.0155076923 0.1174356484 28.098
2003060215 0 0.0155076923 0.1761534726 28.097
2003060216 0 0.0155076923 0.2291889267 28.096
2003060217 0 0.0155076923 0.0454589607 28.095
2003060218 3.4 0.0149538462 0.0113647402 28.094
2003060219 0 0.0164769231 0.0113647402 28.092
2003060220 0 0.0171692308 0 28.092
2003060221 0 0.0170307692 0 28.092
2003060222 0 0.0166153846 0 28.093
2003060223 0 0.0160615385 0 28.094
2003060300 0 0.0157846154 0 28.096
2003060301 0 0.0155076923 0 28.096
2003060302 0 0.0155076923 0 28.097
2003060303 0 0.0155076923 0 28.097
2003060304 0 0.0155076923 0.0018325904 28.097
2003060305 0 0.0155076923 0.0256562655 28.098
2003060306 0 0.0155076923 0.075136206 28.098
2003060307 0 0.0155076923 0.2235760277 28.097
2003060308 0 0.0155076923 0.2877166914 28.097
2003060309 0 0.0155076923 0.3408618128 28.096
2003060310 0 0.0155076923 0.4453194651 28.096
2003060311 0 0.0155076923 0.4251609708 28.096
2003060312 0 0.0153692308 0.346359584 28.096
2003060313 0 0.0149538462 0.3720158494 28.096
2003060314 0 0.0149538462 0.4801386825 28.096
2003060315 0 0.0149538462 0.3591877167 28.096
2003060316 0 0.0148153846 0.1905894007 28.096
2003060317 0 0.0144 0.0403169886 28.095
2003060318 0 0.0144 0.0641406637 28.095
2003060319 0 0.0144 0.0219910847 28.094
2003060320 0 0.0144 0 28.094
2003060321 0 0.0144 0 28.094
2003060322 0 0.0144 0 28.092
2003060323 0 0.0144 0 28.092
2003060400 0.7 0.0138461538 0 28.092
2003060401 1.6 0.0138461538 0 28.09
2003060402 0 0.0141230769 0 28.09
2003060403 0 0.0144 0 28.091
2003060404 0 0.0144 0.0093097184 28.091
2003060405 0 0.0144 0.0614441417 28.092
2003060406 0 0.0144 0.1508174387 28.092
2003060407 0 0.0144 0.2159854678 28.092
2003060408 0 0.0144 0.327702089 28.092
2003060409 0 0.0141230769 0.4245231608 28.092
2003060410 0 0.0138461538 0.4245231608 28.093
2003060411 0 0.0138461538 0.4487284287 28.093
2003060412 0 0.0138461538 0.5474114441 28.093
2003060413 0 0.0138461538 0.4785195277 28.093
2003060414 0 0.0134307692 0.4636239782 28.093
2003060415 0 0.0132923077 0.1321980018 28.093
2003060416 0.9 0.0132923077 0.0223433243 28.094
2003060417 0 0.0132923077 0.2048138056 28.093
2003060418 0 0.0138461538 0.1154405086 28.092
2003060419 0 0.0138461538 0.0651680291 28.09
2003060420 0 0.0138461538 0.0074477748 28.088
2003060421 0 0.0132923077 0 28.086
2003060422 0 0.0132923077 0 28.084
2003060423 0 0.0130153846 0 28.083
2003060500 0 0.0127384615 0 28.083
2003060501 0 0.0127384615 0 28.083
2003060502 0 0.0123230769 0 28.082
2003060503 2.1 0.0121846154 0 28.082
2003060504 0 0.0121846154 0.0034716981 28.081
2003060505 0 0.0121846154 0.0399245283 28.08
2003060506 0 0.0126 0.0590188679 28.08
2003060507 0 0.0127384615 0.1284528302 28.08
2003060508 0 0.0127384615 0.1041509434 28.08
2003060509 0 0.0123230769 0.1093584906 28.081
2003060510 0.2 0.0121846154 0.060754717 28.081
2003060511 0.2 0.0121846154 0.1024150943 28.081
2003060512 0 0.0121846154 0.184 28.08
2003060513 0 0.0121846154 0.2690566038 28.08
2003060514 0 0.0121846154 0.1787924528 28.081
2003060515 0 0.0121846154 0.3558490566 28.082
2003060516 0 0.0121846154 0.305509434 28.082
2003060517 0 0.0121846154 0.1978867925 28.083
2003060518 0 0.0121846154 0.1249811321 28.084
2003060519 0 0.0121846154 0.0659622642 28.084
2003060520 0 0.0121846154 0.0104150943 28.083
2003060521 0 0.0121846154 0 28.083
2003060522 0 0.0121846154 0 28.081
2003060523 0 0.0121846154 0 28.081
2003060600 0 0.0121846154 0 28.081
2003060601 0 0.0121846154 0 28.081
2003060602 0 0.0121846154 0 28.081
2003060603 0 0.0119076923 0 28.081
2003060604 0 0.0116307692 0.0052494415 28.081
2003060605 0 0.0116307692 0.0524944155 28.08
2003060606 0 0.0116307692 0.1259865972 28.079
2003060607 0 0.0116307692 0.220476545 28.079
2003060608 0 0.0114923077 0.3324646314 28.078
2003060609 0 0.0110769231 0.4112062547 28.077
2003060610 0 0.0110769231 0.4794489948 28.077
2003060611 0 0.0110769231 0.5179448995 28.076
2003060612 0 0.0110769231 0.4934475056 28.076
2003060613 0 0.0106615385 0.5039463887 28.075
2003060614 0 0.0105230769 0.4846984363 28.075
2003060615 0 0.0105230769 0.4147058824 28.075
2003060616 0 0.0103846154 0.3149664929 28.075
2003060617 0 0.0099692308 0.1924795235 28.075
2003060618 0 0.0099692308 0.092740134 28.075
2003060619 0 0.0099692308 0.0524944155 28.075
2003060620 0 0.0099692308 0.0052494415 28.075
2003060621 0 0.0099692308 0 28.074
2003060622 0 0.0099692308 0 28.074
2003060623 0 0.0099692308 0 28.074
2003060700 0 0.0099692308 0 28.073
2003060701 0 0.0099692308 0 28.073
2003060702 0 0.0096923077 0 28.072
2003060703 0 0.0094153846 0 28.072
2003060704 0 0.0094153846 0.007374027 28.072
2003060705 0 0.0094153846 0.0571487095 28.072
2003060706 0 0.0094153846 0.1327324867 28.072
2003060707 0 0.0094153846 0.2120032773 28.072
2003060708 0 0.0094153846 0.32998771 28.071
2003060709 0 0.0094153846 0.4221630479 28.071
2003060710 0 0.0088615385 0.4774682507 28.07
2003060711 0 0.0088615385 0.4627201966 28.07
2003060712 0 0.0088615385 0.3852929127 28.07
2003060713 0 0.0088615385 0.3742318722 28.068
2003060714 0 0.0088615385 0.4682507169 28.068
2003060715 0 0.0085846154 0.4129455141 28.067
2003060716 0 0.0083076923 0.3410487505 28.067
2003060717 0 0.0083076923 0.2193773044 28.067
2003060718 0 0.0083076923 0.138263007 28.066
2003060719 0 0.0083076923 0.0553052028 28.066
2003060720 0 0.0083076923 0.0036870135 28.065
2003060721 0 0.0083076923 0 28.064
2003060722 0 0.0083076923 0 28.064
2003060723 0 0.0083076923 0 28.063
2003060800 0 0.0083076923 0 28.063
2003060801 0 0.0083076923 0 28.063
2003060802 0 0.0083076923 0 28.063
2003060803 0 0.0083076923 0 28.063
2003060804 0 0.0083076923 0.0053682037 28.064
2003060805 0 0.0080307692 0.037577426 28.064
2003060806 0 0.0077538462 0.1324156917 28.064
2003060807 0 0.0077538462 0.232622161 28.064
2003060808 0 0.0077538462 0.3238816242 28.064
2003060809 0 0.0077538462 0.4061940812 28.064
2003060810 0 0.0077538462 0.3829318651 28.064
2003060811 0 0.0077538462 0.4401927047 28.064
2003060812 0.4 0.0077538462 0.0411562285 28.064
2003060813 10.9 0.0076153846 0.0035788025 28.064
2003060814 0.5 0.0109384615 0.0644184446 28.062
2003060815 0 0.0144 0.3024088094 28.079
2003060816 0 0.0152307692 0.127047488 28.103
2003060817 0 0.0159230769 0.0357880248 28.118
2003060818 1.8 0.0160615385 0.0250516173 28.126
2003060819 0 0.0160615385 0.0286304198 28.13
2003060820 0 0.0162 0.0107364074 28.134
2003060821 0 0.0166153846 0 28.136
2003060822 0 0.0166153846 0 28.138
2003060823 0 0.0166153846 0 28.14
2003060900 0 0.0168923077 0 28.142
2003060901 0 0.0171692308 0 28.143
2003060902 0 0.0171692308 0 28.142
2003060903 0 0.0171692308 0 28.142
2003060904 0 0.0171692308 0.0049673203 28.142
2003060905 0 0.0171692308 0.0546405229 28.141
2003060906 0 0.0171692308 0.1208714597 28.14
2003060907 0 0.0171692308 0.1755119826 28.139
2003060908 0 0.0171692308 0.2020043573 28.137
2003060909 0 0.0171692308 0.3576470588 28.136
2003060910 0 0.0171692308 0.3593028322 28.135
2003060911 0 0.0171692308 0.4222222222 28.134
2003060912 0 0.0166153846 0.3444008715 28.132
2003060913 0 0.0166153846 0.4520261438 28.131
2003060914 0 0.0162 0.3046623094 28.13
2003060915 0 0.0160615385 0.3626143791 28.128
2003060916 0 0.0155076923 0.271546841 28.127
2003060917 0 0.0153692308 0.1854466231 28.125
2003060918 0 0.0149538462 0.12583878 28.124
2003060919 0 0.0149538462 0.051328976 28.123
2003060920 0 0.0149538462 0.0049673203 28.121
2003060921 0 0.0144 0 28.12
2003060922 0 0.0144 0 28.118
2003060923 0 0.0144 0 28.117
2003061000 0 0.0138461538 0 28.116
2003061001 0 0.0138461538 0 28.115
2003061002 0 0.0138461538 0 28.115
2003061003 0 0.0132923077 0 28.115
2003061004 0 0.0132923077 0.0053811659 28.113
2003061005 0 0.0132923077 0.0412556054 28.112
2003061006 0 0.0128769231 0.0986547085 28.112
2003061007 0 0.0127384615 0.1399103139 28.111
2003061008 0 0.0127384615 0.330044843 28.11
2003061009 0 0.0127384615 0.3605381166 28.109
2003061010 0 0.0127384615 0.2852017937 28.107
2003061011 0 0.0123230769 0.4286995516 28.107
2003061012 0 0.0121846154 0.3730941704 28.106
2003061013 0 0.0121846154 0.2708520179 28.104
2003061014 2.2 0.0121846154 0.1255605381 28.103
2003061015 0.1 0.0121846154 0.0950672646 28.101
2003061016 0 0.0121846154 0.1076233184 28.099
2003061017 0 0.0123230769 0.0538116592 28.099
2003061018 0 0.0127384615 0.0502242152 28.099
2003061019 0 0.0127384615 0.0304932735 28.099
2003061020 0 0.0124615385 0.0035874439 28.099
2003061021 0 0.0121846154 0 28.098
2003061022 0 0.0121846154 0 28.097
2003061023 0 0.0121846154 0 28.096
2003061100 0 0.0117692308 0 28.095
2003061101 0 0.0116307692 0 28.094
2003061102 0 0.0116307692 0 28.094
2003061103 0 0.0116307692 0 28.093
2003061104 0 0.0110769231 0.0053233438 28.092
2003061105 0 0.0110769231 0.0621056782 28.091
2003061106 0 0.0110769231 0.1508280757 28.091
2003061107 0 0.0106615385 0.2501971609 28.09
2003061108 0 0.0105230769 0.353115142 28.088
2003061109 0 0.0105230769 0.4382886435 28.087
2003061110 0 0.0103846154 0.4968454259 28.086
2003061111 0 0.0099692308 0.5305599369 28.085
2003061112 0 0.0099692308 0.3992507886 28.083
2003061113 0 0.0099692308 0.4489353312 28.083
2003061114 0 0.0094153846 0.3655362776 28.081
2003061115 0 0.0094153846 0.2927839117 28.08
2003061116 0 0.0092769231 0.3105283912 28.079
2003061117 0 0.0088615385 0.1969637224 28.078
2003061118 0 0.0088615385 0.141955836 28.077
2003061119 0 0.0088615385 0.0514589905 28.076
2003061120 0 0.0088615385 0.0053233438 28.075
2003061121 0 0.0087230769 0 28.074
2003061122 0 0.0083076923 0 28.073
2003061123 0 0.0083076923 0 28.072
2003061200 0 0.0083076923 0 28.071
2003061201 0 0.0083076923 0 28.071
2003061202 0 0.0083076923 0 28.071
2003061203 0 0.0081692308 0 28.071
2003061204 0 0.0077538462 0.0071280564 28.071
2003061205 0 0.0077538462 0.0570244509 28.071
2003061206 0 0.0077538462 0.1443431413 28.07
2003061207 0 0.0077538462 0.2405719022 28.07
2003061208 0 0.0077538462 0.3332366349 28.069
2003061209 0 0.0077538462 0.4080812267 28.068
2003061210 0 0.0072 0.4811438044 28.068
2003061211 0 0.0072 0.5096560298 28.067
2003061212 0 0.0072 0.4668876917 28.067
2003061213 0 0.0072 0.4116452549 28.066
2003061214 0 0.0072 0.3724409449 28.064
2003061215 0 0.0069230769 0.2886862826 28.064
2003061216 0 0.0066461538 0.3136344799 28.063
2003061217 0 0.0066461538 0.1835474513 28.062
2003061218 0 0.0066461538 0.0766266059 28.062
2003061219 0.2 0.0066461538 0.0053460423 28.06
2003061220 3 0.0066461538 0 28.058
2003061221 0.1 0.0069230769 0 28.056
2003061222 0 0.0072 0 28.055
2003061223 0 0.0072 0 28.054
2003061300 0 0.0072 0 28.053
2003061301 0 0.0072 0 28.053
2003061302 0 0.0072 0 28.053
2003061303 0 0.0072 0 28.053
2003061304 0 0.0072 0.0052332657 28.054
2003061305 0 0.0070615385 0.0383772819 28.054
2003061306 0 0.0066461538 0.094198783 28.053
2003061307 0 0.0066461538 0.1657200811 28.053
2003061308 0 0.0066461538 0.3227180527 28.053
2003061309 0 0.0066461538 0.4256389452 28.053
2003061310 0 0.0066461538 0.4919269777 28.053
2003061311 0 0.0066461538 0.5146044625 28.052
2003061312 0 0.0063692308 0.3802839757 28.053
2003061313 0 0.0060923077 0.4727383367 28.052
2003061314 0 0.0060923077 0.4169168357 28.052
2003061315 0 0.0060923077 0.4343610548 28.052
2003061316 0 0.0060923077 0.2442190669 28.052
2003061317 0 0.0060923077 0.0994320487 28.052
2003061318 0 0.0060923077 0.1186206897 28.051
2003061319 0 0.0060923077 0.0662880325 28.05
2003061320 0 0.0060923077 0.0087221095 28.049
2003061321 0 0.0060923077 0 28.048
2003061322 0 0.0060923077 0 28.048
2003061323 0 0.0060923077 0 28.047
2003061400 0 0.0060923077 0 28.046
2003061401 0 0.0060923077 0 28.046
2003061402 0 0.0060923077 0 28.046
2003061403 0 0.0060923077 0 28.046
2003061404 0 0.0059538462 0.0100840336 28.046
2003061405 0 0.0055384615 0.0386554622 28.046
2003061406 0 0.0055384615 0.0739495798 28.046
2003061407 0 0.0055384615 0.1764705882 28.045
2003061408 0 0.0055384615 0.2268907563 28.045
2003061409 0 0.0055384615 0.3344537815 28.045
2003061410 0 0.0055384615 0.3092436975 28.045
2003061411 0 0.0055384615 0.1109243697 28.044
2003061412 0 0.0055384615 0.1731092437 28.043
2003061413 0 0.0055384615 0.2268907563 28.043
2003061414 0 0.0055384615 0.1949579832 28.043
2003061415 0 0.0051230769 0.2840336134 28.042
2003061416 0 0.0049846154 0.2672268908 28.042
2003061417 0 0.0049846154 0.1882352941 28.04
2003061418 0 0.0049846154 0.1092436975 28.039
2003061419 0 0.0049846154 0.0638655462 28.039
2003061420 0 0.0049846154 0.0117647059 28.037
2003061421 0 0.0049846154 0 28.036
2003061422 0 0.0049846154 0 28.035
2003061423 0 0.0049846154 0 28.034
2003061500 0 0.0049846154 0 28.033
2003061501 0 0.0049846154 0 28.033
2003061502 0 0.0049846154 0 28.032
2003061503 0 0.0049846154 0 28.032
2003061504 0 0.0049846154 0.0068767908 28.031
2003061505 0 0.0049846154 0.0550143266 28.031
2003061506 0 0.0049846154 0.1478510029 28.03
2003061507 0 0.0049846154 0.2406876791 28.03
2003061508 0 0.0049846154 0.335243553 28.03
2003061509 0 0.0049846154 0.4229226361 28.029
2003061510 0 0.0049846154 0.446991404 28.028
2003061511 0 0.0048461538 0.529512894 28.028
2003061512 0 0.0044307692 0.5415472779 28.028
2003061513 0 0.0044307692 0.51747851 28.028
2003061514 0 0.0044307692 0.4401146132 28.027
2003061515 0 0.0044307692 0.364469914 28.027
2003061516 0 0.0044307692 0.3042979943 28.027
2003061517 0 0.0044307692 0.2148997135 28.027
2003061518 0 0.0044307692 0.1581661891 28.026
2003061519 0 0.0038769231 0.0636103152 28.025
2003061520 0 0.0038769231 0.0103151862 28.024
2003061521 0 0.0038769231 0 28.023
2003061522 0 0.0038769231 0 28.022
2003061523 0 0.0038769231 0 28.022
2003061600 0 0.0038769231 0 28.02
2003061601 0 0.0038769231 0 28.019
2003061602 0 0.0038769231 0 28.019
2003061603 0 0.0038769231 0 28.019
2003061604 0 0.0038769231 0.0102380952 28.019
2003061605 0 0.0038769231 0.0477777778 28.019
2003061606 0 0.0038769231 0.1399206349 28.019
2003061607 0 0.0038769231 0.2269444444 28.018
2003061608 0 0.0038769231 0.3173809524 28.017
2003061609 0 0.0038769231 0.3958730159 28.017
2003061610 0 0.0038769231 0.4658333333 28.017
2003061611 0 0.0038769231 0.5119047619 28.017
2003061612 0 0.0038769231 0.4368253968 28.017
2003061613 0 0.0038769231 0.3207936508 28.016
2003061614 0 0.0038769231 0.389047619 28.016
2003061615 0 0.0038769231 0.3549206349 28.015
2003061616 0 0.0038769231 0.281547619 28.014
2003061617 0 0.0038769231 0.2013492063 28.013
2003061618 0 0.0038769231 0.1330952381 28.013
2003061619 0 0.0033230769 0.058015873 28.012
2003061620 0 0.0033230769 0.008531746 28.012
2003061621 0 0.0036 0 28.012
2003061622 0 0.0038769231 0 28.011
2003061623 0 0.0038769231 0 28.01
2003061700 0 0.0038769231 0 28.009
2003061701 0 0.0038769231 0 28.009
2003061702 0 0.0038769231 0 28.008
2003061703 0 0.0038769231 0 28.008
2003061704 0 0.0038769231 0.007219596 28.008
2003061705 0 0.0038769231 0.0469273743 28.008
2003061706 0 0.0038769231 0.1389772239 28.008
2003061707 0 0.0038769231 0.2147829824 28.008
2003061708 0 0.0038769231 0.2851740438 28.008
2003061709 0 0.0038769231 0.3447357112 28.008
2003061710 0 0.0038769231 0.469273743 28.007
2003061711 0 0.0038769231 0.5414697035 28.007
2003061712 0 0.0034615385 0.5522990976 28.006
2003061713 0 0.0033230769 0.5306403094 28.006
2003061714 0 0.0033230769 0.4295659648 28.005
2003061715 0 0.0033230769 0.2923936399 28.004
2003061716 0 0.0033230769 0.1642458101 28.004
2003061717 0 0.0033230769 0.1010743446 28.003
2003061718 0 0.0033230769 0.0667812634 28.003
2003061719 0 0.0033230769 0.0126342931 28.002
2003061720 0 0.0033230769 0.001804899 28.001
2003061721 0.1 0.0033230769 0 28
2003061722 1.9 0.0033230769 0 28
2003061723 0 0.0033230769 0 27.999
2003061800 0 0.0033230769 0 27.998
2003061801 0 0.0033230769 0 27.998
2003061802 0 0.0033230769 0 27.997
2003061803 0 0.0033230769 0 27.996
2003061804 0 0.0033230769 0.0017771702 27.996
2003061805 0 0.0033230769 0.0195488722 27.995
2003061806 0 0.0033230769 0.0710868079 27.995
2003061807 0 0.0033230769 0.1190704033 27.994
2003061808 0 0.0033230769 0.0604237867 27.993
2003061809 0 0.0033230769 0.1315105947 27.993
2003061810 0 0.0033230769 0.1848257006 27.992
2003061811 0 0.0033230769 0.3998632946 27.991
2003061812 0 0.0033230769 0.3732057416 27.99
2003061813 0.5 0.0033230769 0.0924128503 27.99
2003061814 0 0.0033230769 0.2221462748 27.99
2003061815 0 0.0033230769 0.3660970608 27.989
2003061816 0 0.0033230769 0.2914559125 27.989
2003061817 0 0.0033230769 0.1759398496 27.988
2003061818 0 0.0033230769 0.0657552973 27.988
2003061819 0 0.0033230769 0.0213260424 27.987
2003061820 0 0.0033230769 0.0035543404 27.987
2003061821 0 0.0033230769 0 27.987
2003061822 0 0.0033230769 0 27.986
2003061823 0 0.0033230769 0 27.985
2003061900 0 0.0033230769 0 27.985
2003061901 0 0.0033230769 0 27.985
2003061902 0 0.0033230769 0 27.986
2003061903 0 0.0033230769 0 27.986
2003061904 0.1 0.0033230769 0 27.986
2003061905 0 0.0033230769 0.0124324324 27.986
2003061906 0 0.0033230769 0.0195366795 27.986
2003061907 0 0.0033230769 0.0816988417 27.985
2003061908 0 0.0033230769 0.2042471042 27.985
2003061909 0 0.0033230769 0.1971428571 27.984
2003061910 0 0.0033230769 0.1420849421 27.984
2003061911 0 0.0033230769 0.2575289575 27.984
2003061912 0 0.0033230769 0.3108108108 27.984
2003061913 0 0.0033230769 0.3552123552 27.983
2003061914 0 0.0031846154 0.2770656371 27.983
2003061915 0 0.0027692308 0.118996139 27.983
2003061916 0 0.0027692308 0.0692664093 27.983
2003061917 0 0.0027692308 0.1261003861 27.983
2003061918 0 0.0027692308 0.0976833977 27.983
2003061919 0 0.0027692308 0.0284169884 27.984
2003061920 0 0.0027692308 0.0017760618 27.984
2003061921 0 0.0027692308 0 27.984
2003061922 9.2 0.0027692308 0 27.984
2003061923 0 0.0031846154 0 27.984
2003062000 0 0.0038769231 0 27.986
2003062001 0 0.0040153846 0 27.998
2003062002 0 0.0049846154 0 28.011
2003062003 0 0.0059538462 0 28.018
2003062004 0 0.0060923077 0.0082536924 28.023
2003062005 0 0.0060923077 0.064378801 28.026
2003062006 0 0.0058153846 0.1436142485 28.028
2003062007 0 0.0055384615 0.216246742 28.03
2003062008 0 0.0055384615 0.2624674196 28.031
2003062009 0 0.0055384615 0.3334491746 28.032
2003062010 0 0.0055384615 0.3037358818 28.032
2003062011 0 0.0055384615 0.4539530843 28.032
2003062012 0 0.0055384615 0.4506516073 28.032
2003062013 0 0.0054 0.4209383145 28.032
2003062014 0 0.0049846154 0.3648132059 28.031
2003062015 0 0.0049846154 0.3284969592 28.03
2003062016 0 0.0049846154 0.209643788 28.028
2003062017 0 0.0044307692 0.1320590791 28.027
2003062018 0 0.0044307692 0.0660295395 28.026
2003062019 0 0.0044307692 0.0313640313 28.024
2003062020 0 0.0044307692 0.0099044309 28.023
2003062021 0 0.0044307692 0 28.021
2003062022 0 0.0044307692 0 28.019
2003062023 0 0.0044307692 0 28.018
2003062100 0 0.0038769231 0 28.017
2003062101 0 0.0038769231 0 28.016
2003062102 0 0.0038769231 0 28.016
2003062103 0 0.0038769231 0 28.014
2003062104 0 0.0038769231 0.0032665964 28.014
2003062105 0 0.0038769231 0.0326659642 28.013
2003062106 0 0.0034615385 0.0734984194 28.012
2003062107 0 0.0033230769 0.1241306639 28.011
2003062108 0 0.0033230769 0.2253951528 28.011
2003062109 0 0.0033230769 0.266227608 28.01
2003062110 0 0.0033230769 0.2041622761 28.009
2003062111 0 0.0033230769 0.2939936776 28.008
2003062112 0 0.0033230769 0.3086933614 28.007
2003062113 0 0.0033230769 0.3119599579 28.006
2003062114 0 0.0033230769 0.3135932561 28.006
2003062115 0 0.0033230769 0.2613277134 28.004
2003062116 0 0.0033230769 0.305426765 28.003
2003062117 0 0.0033230769 0.1698630137 28.003
2003062118 0 0.0033230769 0.1371970495 28.002
2003062119 0 0.0033230769 0.0587987355 28.001
2003062120 0 0.0033230769 0.0097997893 28
2003062121 0 0.0033230769 0 27.999
2003062122 0 0.0033230769 0 27.997
2003062123 0 0.0033230769 0 27.996
2003062200 0 0.0033230769 0 27.995
2003062201 0 0.0033230769 0 27.995
2003062202 0 0.0033230769 0 27.994
2003062203 0 0.0033230769 0 27.994
2003062204 0 0.0033230769 0.0017605634 27.994
2003062205 0 0.0033230769 0.0158450704 27.993
2003062206 0 0.0033230769 0.0563380282 27.993
2003062207 0 0.0033230769 0.1320422535 27.993
2003062208 0 0.0033230769 0.2623239437 27.993
2003062209 0 0.0029076923 0.3679577465 27.992
2003062210 0 0.0027692308 0.4401408451 27.991
2003062211 0 0.0027692308 0.4929577465 27.991
2003062212 0 0.0027692308 0.4066901408 27.991
2003062213 0 0.0027692308 0.3538732394 27.989
2003062214 0 0.0027692308 0.2975352113 27.989
2003062215 0 0.0027692308 0.25 27.989
2003062216 0 0.0027692308 0.1408450704 27.989
2003062217 0 0.0027692308 0.1214788732 27.988
2003062218 0 0.0027692308 0.0827464789 27.987
2003062219 0 0.0027692308 0.0704225352 27.987
2003062220 0 0.0027692308 0.0070422535 27.986
2003062221 0 0.0027692308 0 27.985
2003062222 0 0.0027692308 0 27.984
2003062223 0 0.0027692308 0 27.984
2003062300 0 0.0027692308 0 27.984
2003062301 0 0.0027692308 0 27.984
2003062302 0 0.0027692308 0 27.984
2003062303 0 0.0027692308 0 27.984
2003062304 0 0.0027692308 0.0035576923 27.983
2003062305 0.3 0.0027692308 0.0053365385 27.981
2003062306 0.1 0.0027692308 0.023125 27.982
2003062307 0 0.0027692308 0.0782692308 27.986
2003062308 0 0.0027692308 0.1707692308 27.986
2003062309 0 0.0027692308 0.3664423077 27.986
2003062310 0 0.0027692308 0.3788942308 27.985
2003062311 0 0.0027692308 0.4767307692 27.984
2003062312 0 0.0027692308 0.4126923077 27.983
2003062313 0 0.0027692308 0.3877884615 27.981
2003062314 0 0.0027692308 0.2881730769 27.98
2003062315 0 0.0027692308 0.3771153846 27.978
2003062316 0 0.0027692308 0.3290865385 27.976
2003062317 0 0.0027692308 0.2099038462 27.974
2003062318 0 0.0027692308 0.1369711538 27.972
2003062319 0 0.0023538462 0.04625 27.971
2003062320 0 0.0022153846 0.0088942308 27.968
2003062321 0 0.0022153846 0 27.966
2003062322 0 0.0022153846 0 27.964
2003062323 0 0.0022153846 0 27.963
2003062400 0 0.0022153846 0 27.962
2003062401 0 0.0022153846 0 27.962
2003062402 0 0.0022153846 0 27.961
2003062403 0 0.0022153846 0 27.961
2003062404 0 0.0022153846 0.0050693241 27.96
2003062405 0 0.0022153846 0.038864818 27.96
2003062406 0 0.0022153846 0.0895580589 27.96
2003062407 0 0.0022153846 0.1199740035 27.959
2003062408 0 0.0022153846 0.2602253033 27.958
2003062409 0 0.0022153846 0.3430242634 27.957
2003062410 0 0.0022153846 0.3345753899 27.957
2003062411 0 0.0022153846 0.3903379549 27.957
2003062412 0 0.0022153846 0.429202773 27.957
2003062413 0 0.0022153846 0.4427209705 27.956
2003062414 0 0.0022153846 0.4139948007 27.956
2003062415 0 0.0022153846 0.3244367418 27.955
2003062416 0 0.0022153846 0.3328856153 27.955
2003062417 0 0.0022153846 0.2264298094 27.953
2003062418 0 0.0022153846 0.0844887348 27.953
2003062419 0 0.0022153846 0.0506932409 27.952
2003062420 0 0.0022153846 0.0135181976 27.952
2003062421 0 0.0022153846 0 27.951
2003062422 0 0.0022153846 0 27.95
2003062423 0 0.0022153846 0 27.949
2003062500 0 0.0022153846 0 27.949
2003062501 0 0.0022153846 0 27.948
2003062502 0 0.0022153846 0 27.948
2003062503 0 0.0022153846 0 27.948
2003062504 0 0.0022153846 0.0049598488 27.948
2003062505 0 0.0022153846 0.0347189419 27.947
2003062506 0 0.0022153846 0.0727444497 27.947
2003062507 0 0.0022153846 0.1355692017 27.947
2003062508 0 0.0022153846 0.1686348607 27.947
2003062509 0 0.0022153846 0.1851676901 27.947
2003062510 0 0.0022153846 0.1950873878 27.947
2003062511 0 0.0022153846 0.2579121398 27.946
2003062512 0 0.0022153846 0.3389230043 27.946
2003062513 0 0.0022153846 0.4629192253 27.946
2003062514 0 0.0022153846 0.4563060935 27.946
2003062515 0 0.0022153846 0.3918280586 27.945
2003062516 0 0.0022153846 0.3339631554 27.945
2003062517 0 0.0019384615 0.2248464809 27.945
2003062518 0 0.0016615385 0.1537553141 27.945
2003062519 0 0.0016615385 0.0710911667 27.945
2003062520 0 0.0016615385 0.0115729806 27.944
2003062521 0 0.0020769231 0 27.944
2003062522 0 0.0022153846 0 27.944
2003062523 0 0.0022153846 0 27.943
2003062600 0 0.0022153846 0 27.943
2003062601 0 0.0022153846 0 27.942
2003062602 0 0.0022153846 0 27.942
2003062603 0 0.0022153846 0 27.942
2003062604 0 0.0022153846 0.0068351727 27.942
2003062605 0 0.0022153846 0.0598077608 27.942
2003062606 0 0.0022153846 0.1384122464 27.941
2003062607 0 0.0022153846 0.1794232823 27.941
2003062608 0 0.0022153846 0.3468850125 27.941
2003062609 0 0.0022153846 0.3451762193 27.941
2003062610 0 0.0022153846 0.3896048416 27.94
2003062611 0 0.0022153846 0.5228907084 27.94
2003062612 0 0.0022153846 0.5382698469 27.94
2003062613 0 0.0022153846 0.5416874333 27.94
2003062614 0 0.0022153846 0.5040939836 27.94
2003062615 0 0.0016615385 0.4084015664 27.939
2003062616 0 0.0016615385 0.352011392 27.939
2003062617 0 0.0016615385 0.2306870773 27.938
2003062618 0 0.0016615385 0.1537913848 27.938
2003062619 0 0.0016615385 0.0700605198 27.937
2003062620 0 0.0016615385 0.0119615522 27.937
2003062621 0 0.0016615385 0 27.936
2003062622 0 0.0016615385 0 27.935
2003062623 0 0.0016615385 0 27.935
2003062700 0 0.0016615385 0 27.934
2003062701 0 0.0016615385 0 27.933
2003062702 0 0.0016615385 0 27.932
2003062703 0 0.0016615385 0 27.932
2003062704 0 0.0016615385 0.0073394495 27.932
2003062705 0 0.0016615385 0.0642201835 27.931
2003062706 0 0.0016615385 0.1559633028 27.93
2003062707 0 0.0016615385 0.2605504587 27.929
2003062708 0 0.0019384615 0.3577981651 27.929
2003062709 0 0.0022153846 0.4513761468 27.928
2003062710 0 0.0016615385 0.5027522936 27.928
2003062711 0 0.0016615385 0.5339449541 27.928
2003062712 0 0.0016615385 0.5394495413 27.927
2003062713 0 0.0016615385 0.4623853211 27.927
2003062714 0 0.0016615385 0.4788990826 27.925
2003062715 0 0.0016615385 0.4550458716 27.925
2003062716 0 0.0016615385 0.3027522936 27.924
2003062717 0 0.0016615385 0.2623853211 27.923
2003062718 0 0.0016615385 0.1119266055 27.923
2003062719 0 0.0016615385 0.0458715596 27.922
2003062720 0 0.0016615385 0.0073394495 27.921
2003062721 0 0.0016615385 0 27.921
2003062722 0 0.0016615385 0 27.92
2003062723 0 0.0016615385 0 27.919
2003062800 0 0.0016615385 0 27.918
2003062801 0 0.0016615385 0 27.918
2003062802 0 0.0016615385 0 27.917
2003062803 0 0.0016615385 0 27.917
2003062804 0 0.0016615385 0.0017077799 27.917
2003062805 0 0.0016615385 0.0017077799 27.916
2003062806 0 0.0016615385 0.0273244782 27.915
2003062807 0 0.0016615385 0.0836812144 27.915
2003062808 0 0.0016615385 0.0700189753 27.914
2003062809 0 0.0016615385 0.075142315 27.914
2003062810 0 0.0016615385 0.1314990512 27.914
2003062811 0 0.0016615385 0.2322580645 27.913
2003062812 0 0.0016615385 0.3398481973 27.912
2003062813 0 0.0016615385 0.194686907 27.912
2003062814 0 0.0016615385 0.2595825427 27.912
2003062815 0 0.0016615385 0.1075901328 27.912
2003062816 0 0.0016615385 0.0426944972 27.912
2003062817 0 0.0016615385 0.090512334 27.911
2003062818 0 0.0016615385 0.0922201139 27.911
2003062819 0 0.0016615385 0.0409867173 27.911
2003062820 0 0.0016615385 0.0085388994 27.91
2003062821 0 0.0016615385 0 27.909
2003062822 0 0.0016615385 0 27.908
2003062823 0 0.0016615385 0 27.907
2003062900 0 0.0016615385 0 27.907
2003062901 0 0.0016615385 0 27.907
2003062902 0 0.0016615385 0 27.907
2003062903 0 0.0016615385 0 27.907
2003062904 0 0.0016615385 0.0033927795 27.907
2003062905 0 0.0016615385 0.0220530666 27.907
2003062906 0 0.0016615385 0.0966942149 27.907
2003062907 0 0.0016615385 0.2103523271 27.907
2003062908 0 0.0016615385 0.198477599 27.906
2003062909 0 0.0016615385 0.2391909526 27.905
2003062910 0 0.0016615385 0.3307959983 27.904
2003062911 0 0.0016615385 0.4970421923 27.904
2003062912 0 0.0016615385 0.3681165724 27.904
2003062913 0 0.0016615385 0.3799913006 27.904
2003062914 0 0.0016615385 0.4342757721 27.904
2003062915 0 0.0016615385 0.4105263158 27.904
2003062916 0 0.0016615385 0.3087429317 27.903
2003062917 0 0.0016615385 0.2120487168 27.903
2003062918 0 0.0016615385 0.1170508917 27.902
2003062919 0 0.0016615385 0.057677251 27.902
2003062920 0 0.0016615385 0.0135711179 27.901
2003062921 0 0.0016615385 0 27.901
2003062922 0 0.0016615385 0 27.9
2003062923 0 0.0016615385 0 27.899
2003063000 0 0.0016615385 0 27.899
2003063001 0 0.0016615385 0 27.899
2003063002 0 0.0016615385 0 27.898
2003063003 0 0.0016615385 0 27.898
2003063004 0 0.0016615385 0.0105571848 27.898
2003063005 0 0.0016615385 0.0598240469 27.898
2003063006 0 0.0016615385 0.0563049853 27.898
2003063007 0 0.0016615385 0.1284457478 27.898
2003063008 0 0.0016615385 0.2656891496 27.897
2003063009 0 0.0016615385 0.2322580645 27.897
2003063010 0 0.0016615385 0.262170088 27.897
2003063011 0 0.0016615385 0.1038123167 27.896
2003063012 0 0.0016615385 0.0897360704 27.897
2003063013 0.2 0.0016615385 0.0686217009 27.897
2003063014 2.3 0.0016615385 0.0299120235 27.896
2003063015 0.6 0.0016615385 0.117888563 27.896
2003063016 0 0.0016615385 0.2217008798 27.897
2003063017 0 0.0016615385 0.1108504399 27.898
2003063018 0 0.0016615385 0.0299120235 27.898
2003063019 0 0.0016615385 0.008797654 27.897
2003063020 0 0.0020769231 0.0035190616 27.897
2003063021 0 0.0022153846 0 27.896
2003063022 0 0.0022153846 0 27.896
2003063023 0.2 0.0022153846 0 27.895
2003070100 0.5 0.0022153846 0 27.894
2003070101 0 0.0022153846 0 27.894
2003070102 0 0.0022153846 0 27.893
2003070103 0 0.0022153846 0 27.893
2003070104 0 0.0022153846 0.0050381679 27.892
2003070105 0 0.0022153846 0.0503816794 27.892
2003070106 0 0.0022153846 0.134351145 27.892
2003070107 0 0.0022153846 0.2300763359 27.891
2003070108 0 0.0022153846 0.2687022901 27.891
2003070109 0 0.0022153846 0.2888549618 27.891
2003070110 0 0.0022153846 0.4299236641 27.891
2003070111 0 0.0018 0.4635114504 27.89
2003070112 0 0.0016615385 0.1746564885 27.891
2003070113 0 0.0016615385 0.2367938931 27.891
2003070114 0 0.0016615385 0.4215267176 27.89
2003070115 0 0.0016615385 0.4080916031 27.89
2003070116 1.1 0.0016615385 0.0201526718 27.89
2003070117 1 0.0016615385 0.0789312977 27.889
2003070118 0 0.0016615385 0.0604580153 27.889
2003070119 0 0.0016615385 0.0184732824 27.889
2003070120 0 0.0016615385 0.0100763359 27.888
2003070121 0 0.0016615385 0 27.888
2003070122 0 0.0016615385 0 27.887
2003070123 0 0.0016615385 0 27.887
2003070200 0 0.0016615385 0 27.886
2003070201 0 0.0016615385 0 27.886
2003070202 0 0.0016615385 0 27.885
2003070203 0.5 0.0016615385 0 27.885
2003070204 2.5 0.0016615385 0 27.885
2003070205 0.9 0.0018 0.0084817642 27.885
2003070206 0.1 0.0022153846 0.042408821 27.884
2003070207 0 0.0022153846 0.0848176421 27.883
2003070208 0.1 0.0022153846 0.1238337574 27.883
2003070209 0.2 0.0022153846 0.1526717557 27.883
2003070210 1.7 0.0022153846 0.1594571671 27.883
2003070211 0 0.0026307692 0.3613231552 27.883
2003070212 0.1 0.0027692308 0.2052586938 27.883
2003070213 0 0.0027692308 0.2646310433 27.883
2003070214 0.6 0.0022153846 0.1136556404 27.883
2003070215 0 0.0027692308 0.2171331637 27.882
2003070216 0.9 0.0027692308 0.0610687023 27.882
2003070217 0 0.0027692308 0.096692112 27.881
2003070218 0 0.0026307692 0.0661577608 27.881
2003070219 0 0.0022153846 0.0356234097 27.881
2003070220 0 0.0022153846 0.0067854114 27.881
2003070221 0 0.0022153846 0 27.881
2003070222 0 0.0022153846 0 27.881
2003070223 0 0.0022153846 0 27.881
2003070300 0 0.0022153846 0 27.881
2003070301 0 0.0022153846 0 27.882
2003070302 0 0.0022153846 0 27.883
2003070303 0 0.0022153846 0 27.883
2003070304 0 0.0022153846 0.0082530949 27.884
2003070305 0.3 0.0022153846 0.0214580468 27.884
2003070306 2 0.0022153846 0.0148555708 27.885
2003070307 0.6 0.0022153846 0.0297111417 27.885
2003070308 1.2 0.0022153846 0.0478679505 27.886
2003070309 1.2 0.0022153846 0.0775790922 27.886
2003070310 4.3 0.0022153846 0.0561210454 27.887
2003070311 0.3 0.0024923077 0.1568088033 27.887
2003070312 2.2 0.0027692308 0.1650618982 27.887
2003070313 0.4 0.0033230769 0.1436038514 27.888
2003070314 4.8 0.0041538462 0.0709766162 27.891
2003070315 0.9 0.0052615385 0.0825309491 27.895
2003070316 0 0.0063692308 0.1089408528 27.902
2003070317 0.3 0.0069230769 0.1254470426 27.911
2003070318 0 0.0078923077 0.0643741403 27.921
2003070319 0 0.0083076923 0.0214580468 27.931
2003070320 0 0.0088615385 0.0049518569 27.941
2003070321 0 0.0085846154 0 27.949
2003070322 0 0.0083076923 0 27.957
2003070323 0 0.0083076923 0 27.964
2003070400 0 0.0084461538 0 27.969
2003070401 0 0.0088615385 0 27.974
2003070402 0 0.0088615385 0 27.979
2003070403 0 0.0088615385 0 27.984
2003070404 0 0.0088615385 0.0015847861 27.987
2003070405 0 0.0088615385 0.0110935024 27.99
2003070406 0 0.0088615385 0.0253565769 27.992
2003070407 0 0.0083076923 0.0649762282 27.994
2003070408 0 0.0083076923 0.0966719493 27.995
2003070409 0 0.0083076923 0.0808240887 27.996
2003070410 0.2 0.0081692308 0.0554675119 27.998
2003070411 0.2 0.0077538462 0.1030110935 28
2003070412 0 0.0077538462 0.1442155309 28
2003070413 0 0.0074769231 0.0982567353 28.001
2003070414 0 0.0072 0.0935023772 28.003
2003070415 0 0.0072 0.0538827258 28.004
2003070416 0 0.0072 0.0935023772 28.005
2003070417 0 0.0066461538 0.0332805071 28.006
2003070418 0 0.0066461538 0.0332805071 28.006
2003070419 0 0.0066461538 0.0095087163 28.007
2003070420 0 0.0063692308 0.0015847861 28.008
2003070421 0 0.0060923077 0 28.008
2003070422 0 0.0060923077 0 28.008
2003070423 0 0.0060923077 0 28.008
2003070500 0 0.0060923077 0 28.009
2003070501 0 0.0059538462 0 28.01
2003070502 0 0.0055384615 0 28.01
2003070503 0 0.0055384615 0 28.011
2003070504 0 0.0055384615 0.0016569201 28.011
2003070505 0 0.0055384615 0.0099415205 28.011
2003070506 0 0.0055384615 0.0331384016 28.011
2003070507 0 0.0055384615 0.0447368421 28.011
2003070508 0 0.0055384615 0.0679337232 28.011
2003070509 0 0.0055384615 0.0911306043 28.011
2003070510 0 0.0055384615 0.1524366472 28.011
2003070511 0 0.0049846154 0.0828460039 28.011
2003070512 0 0.0049846154 0.1325536062 28.01
2003070513 0 0.0049846154 0.1756335283 28.01
2003070514 0 0.0049846154 0.2038011696 28.01
2003070515 0 0.0049846154 0.2866471735 28.01
2003070516 0 0.0049846154 0.2071150097 28.01
2003070517 0 0.0049846154 0.1325536062 28.01
2003070518 0 0.0049846154 0.0579922027 28.009
2003070519 0 0.0049846154 0.0182261209 28.009
2003070520 0 0.0049846154 0.0016569201 28.008
2003070521 0 0.0049846154 0 28.008
2003070522 0 0.0049846154 0 28.008
2003070523 0 0.0047076923 0 28.007
2003070600 0 0.0044307692 0 28.007
2003070601 0 0.0044307692 0 28.007
2003070602 0 0.0044307692 0 28.007
2003070603 0 0.0044307692 0 28.007
2003070604 0 0.0044307692 0.0016806723 28.007
2003070605 0 0.0044307692 0.0100840336 28.007
2003070606 0 0.0044307692 0.0235294118 28.006
2003070607 0 0.0044307692 0.0470588235 28.006
2003070608 0 0.0044307692 0.0806722689 28.006
2003070609 0 0.0044307692 0.0957983193 28.005
2003070610 0 0.0044307692 0.1428571429 28.004
2003070611 0 0.0044307692 0.112605042 28.004
2003070612 0 0.0038769231 0.1714285714 28.004
2003070613 0 0.0038769231 0.1394957983 28.004
2003070614 0 0.0038769231 0.0907563025 28.003
2003070615 0 0.0038769231 0.0857142857 28.003
2003070616 0 0.0038769231 0.0974789916 28.003
2003070617 0 0.0038769231 0.0453781513 28.003
2003070618 0 0.0038769231 0.0352941176 28.003
2003070619 0 0.0038769231 0.0151260504 28.002
2003070620 0 0.0038769231 0.0050420168 28.002
2003070621 0 0.0038769231 0 28.001
2003070622 0 0.0038769231 0 28.001
2003070623 0 0.0038769231 0 28.001
2003070700 0 0.0038769231 0 28.001
2003070701 0 0.0038769231 0 28.001
2003070702 0 0.0038769231 0 28.001
2003070703 0 0.0038769231 0 28.001
2003070704 0 0.0038769231 0.0017323775 28
2003070705 0 0.0038769231 0.0259856631 28
2003070706 0 0.0038769231 0.0866188769 28
2003070707 0 0.0036 0.1715053763 28
2003070708 0 0.0033230769 0.176702509 28
2003070709 0 0.0033230769 0.1160692951 28
2003070710 0 0.0033230769 0.3637992832 27.999
2003070711 0 0.0033230769 0.1957586619 27.999
2003070712 0 0.0033230769 0.3239545998 27.999
2003070713 0 0.0033230769 0.2338709677 27.999
2003070714 0 0.0033230769 0.289307049 27.999
2003070715 0 0.0033230769 0.3378136201 27.999
2003070716 0 0.0033230769 0.2356033453 27.998
2003070717 0 0.0033230769 0.1922939068 27.998
2003070718 0 0.0033230769 0.0935483871 27.998
2003070719 0 0.0033230769 0.0502389486 27.998
2003070720 0 0.0033230769 0.0051971326 27.996
2003070721 0 0.0033230769 0 27.996
2003070722 0 0.0033230769 0 27.995
2003070723 0 0.0033230769 0 27.995
2003070800 0 0.0033230769 0 27.995
2003070801 0 0.0033230769 0 27.995
2003070802 0 0.0033230769 0 27.994
2003070803 0 0.0033230769 0 27.994
2003070804 0 0.0033230769 0.0052334531 27.994
2003070805 0 0.0033230769 0.0383786557 27.994
2003070806 0 0.0033230769 0.0976911237 27.994
2003070807 0 0.0033230769 0.1953822473 27.994
2003070808 0 0.0033230769 0.2895844023 27.994
2003070809 0 0.0030461538 0.3384299641 27.993
2003070810 0 0.0027692308 0.3558748076 27.992
2003070811 0 0.0027692308 0.3750641355 27.992
2003070812 0 0.0033230769 0.3890200103 27.992
2003070813 0 0.0033230769 0.4064648538 27.992
2003070814 0 0.0033230769 0.3209851206 27.992
2003070815 0 0.0033230769 0.233760903 27.991
2003070816 0 0.0033230769 0.1081580298 27.991
2003070817 0 0.0033230769 0.1360697794 27.99
2003070818 0 0.0033230769 0.069779374 27.99
2003070819 0 0.0033230769 0.0314007183 27.989
2003070820 0 0.0027692308 0.0087224218 27.988
2003070821 0 0.0027692308 0 27.988
2003070822 0 0.0027692308 0 27.987
2003070823 0 0.0027692308 0 27.987
2003070900 0 0.0027692308 0 27.986
2003070901 0 0.0027692308 0 27.985
2003070902 0 0.0027692308 0 27.985
2003070903 0 0.0027692308 0 27.985
2003070904 0 0.0027692308 0 27.985
2003070905 0 0.0027692308 0.0387575336 27.984
2003070906 0 0.0027692308 0.0880853037 27.984
2003070907 0 0.0027692308 0.1057023644 27.984
2003070908 0 0.0027692308 0.1004172462 27.983
2003070909 0 0.0027692308 0.3470560964 27.983
2003070910 0 0.0027692308 0.2765878535 27.982
2003070911 0 0.0027692308 0.2572090867 27.981
2003070912 0 0.0027692308 0.4192860454 27.981
2003070913 0 0.0027692308 0.4703755216 27.981
2003070914 0 0.0027692308 0.433379694 27.98
2003070915 0 0.0027692308 0.4210477515 27.98
2003070916 0 0.0024923077 0.3664348632 27.98
2003070917 0 0.0022153846 0.2748261474 27.979
2003070918 0 0.0022153846 0.1338896616 27.978
2003070919 0 0.0022153846 0.0581363004 27.978
2003070920 0 0.0022153846 0.0088085304 27.977
2003070921 0 0.0022153846 0 27.976
2003070922 0 0.0022153846 0 27.976
2003070923 0 0.0022153846 0 27.975
2003071000 0 0.0022153846 0 27.974
2003071001 0 0.0022153846 0 27.974
2003071002 0 0.0022153846 0 27.973
2003071003 0 0.0022153846 0 27.973
2003071004 0 0.0022153846 0.0034616743 27.972
2003071005 0 0.0022153846 0.0484634405 27.972
2003071006 0 0.0022153846 0.1228894384 27.972
2003071007 0 0.0022153846 0.2302013423 27.971
2003071008 0 0.0022153846 0.3236665489 27.97
2003071009 0 0.0022153846 0.4119392441 27.97
2003071010 0 0.0027692308 0.4794418933 27.969
2003071011 0 0.0027692308 0.5244436595 27.968
2003071012 0 0.0024923077 0.5417520311 27.968
2003071013 0 0.0022153846 0.5261744966 27.968
2003071014 0 0.0022153846 0.475980219 27.968
2003071015 0 0.0022153846 0.4240551042 27.967
2003071016 0 0.0022153846 0.3427057577 27.967
2003071017 0 0.0022153846 0.2336630166 27.966
2003071018 0 0.0022153846 0.1436594843 27.965
2003071019 0 0.0022153846 0.0588484634 27.964
2003071020 0 0.0022153846 0.0086541858 27.964
2003071021 0 0.0022153846 0 27.963
2003071022 0 0.0022153846 0 27.963
2003071023 0 0.0022153846 0 27.962
2003071100 0 0.0022153846 0 27.962
2003071101 0 0.0022153846 0 27.961
2003071102 0 0.0022153846 0 27.96
2003071103 0 0.0022153846 0 27.96
2003071104 0 0.0022153846 0 27.96
2003071105 0 0.0022153846 0.0232142857 27.96
2003071106 0 0.0022153846 0.1089285714 27.96
2003071107 0 0.0022153846 0.1964285714 27.959
2003071108 0 0.0022153846 0.3053571429 27.959
2003071109 0 0.0022153846 0.3482142857 27.958
2003071110 0 0.0022153846 0.4089285714 27.958
2003071111 0 0.0022153846 0.3642857143 27.957
2003071112 0 0.0022153846 0.3428571429 27.957
2003071113 0 0.0022153846 0.3232142857 27.956
2003071114 0 0.0022153846 0.2785714286 27.955
2003071115 0 0.0022153846 0.2839285714 27.955
2003071116 0 0.0022153846 0.1464285714 27.954
2003071117 0 0.0018 0.1428571429 27.953
2003071118 0 0.0016615385 0.1375 27.952
2003071119 0 0.0016615385 0.0785714286 27.951
2003071120 0 0.0016615385 0.0107142857 27.949
2003071121 0 0.0016615385 0 27.948
2003071122 0 0.0016615385 0 27.947
2003071123 0 0.0016615385 0 27.946
2003071200 0 0.0016615385 0 27.945
2003071201 0 0.0016615385 0 27.944
2003071202 0 0.0016615385 0 27.944
2003071203 0 0.0016615385 0 27.943
2003071204 0 0.0016615385 0.0017124831 27.943
2003071205 0 0.0016615385 0.0530869761 27.942
2003071206 0 0.0016615385 0.0941865705 27.941
2003071207 0 0.0016615385 0.2346101848 27.94
2003071208 0 0.0016615385 0.2876971609 27.939
2003071209 0 0.0016615385 0.323659306 27.939
2003071210 0 0.0016615385 0.306534475 27.938
2003071211 0 0.0016615385 0.3716088328 27.937
2003071212 0 0.0016615385 0.375033799 27.937
2003071213 0 0.0016615385 0.2825597116 27.936
2003071214 0 0.0016615385 0.3853086976 27.936
2003071215 0 0.0016615385 0.39215863 27.935
2003071216 0 0.0016615385 0.2808472285 27.935
2003071217 0 0.0016615385 0.2174853538 27.934
2003071218 0 0.0016615385 0.1010365029 27.933
2003071219 0 0.0016615385 0.0753492564 27.932
2003071220 0 0.0016615385 0.017124831 27.931
2003071221 0 0.0016615385 0 27.93
2003071222 0 0.0016615385 0 27.93
2003071223 0 0.0016615385 0 27.928
2003071300 0 0.0016615385 0 27.927
2003071301 0 0.0016615385 0 27.926
2003071302 0 0.0016615385 0 27.926
2003071303 0 0.0016615385 0 27.925
2003071304 0 0.0016615385 0.0017326733 27.925
2003071305 0 0.0016615385 0.0433168317 27.924
2003071306 0 0.0016615385 0.1212871287 27.923
2003071307 0 0.0016615385 0.2287128713 27.923
2003071308 0 0.0016615385 0.3638613861 27.921
2003071309 0 0.0016615385 0.3517326733 27.921
2003071310 0 0.0016615385 0.5024752475 27.92
2003071311 0 0.0016615385 0.4712871287 27.92
2003071312 0 0.0016615385 0.5301980198 27.919
2003071313 0 0.0016615385 0.5301980198 27.919
2003071314 0 0.0016615385 0.4955445545 27.918
2003071315 0 0.0016615385 0.4314356436 27.917
2003071316 0 0.0016615385 0.3534653465 27.916
2003071317 0 0.0016615385 0.2477722772 27.915
2003071318 0 0.0016615385 0.1455445545 27.915
2003071319 0 0.0016615385 0.071039604 27.915
2003071320 0 0.0016615385 0.0103960396 27.914
2003071321 0 0.0016615385 0 27.913
2003071322 0 0.0016615385 0 27.912
2003071323 0 0.0016615385 0 27.911
2003071400 0 0.0016615385 0 27.91
2003071401 0 0.0016615385 0 27.909
2003071402 0 0.0016615385 0 27.908
2003071403 0 0.0016615385 0 27.907
2003071404 0 0.0016615385 0.0018288475 27.907
2003071405 0 0.0016615385 0.045721187 27.906
2003071406 0 0.0016615385 0.1353347136 27.905
2003071407 0 0.0016615385 0.23957902 27.905
2003071408 0 0.0016615385 0.341994479 27.905
2003071409 0 0.0016615385 0.4279503106 27.904
2003071410 0 0.0016615385 0.5120772947 27.904
2003071411 0 0.0016615385 0.5632850242 27.903
2003071412 0 0.0016615385 0.5834023464 27.903
2003071413 0 0.0016615385 0.5706004141 27.902
2003071414 0 0.0016615385 0.532194617 27.902
2003071415 0 0.0016615385 0.4681849551 27.901
2003071416 0 0.0016615385 0.3804002761 27.9
2003071417 0 0.0012461538 0.2651828847 27.9
2003071418 0 0.0011076923 0.1499654934 27.899
2003071419 0 0.0011076923 0.0731538992 27.899
2003071420 0 0.0011076923 0.0091442374 27.898
2003071421 0 0.0011076923 0 27.897
2003071422 0 0.0011076923 0 27.896
2003071423 0 0.0011076923 0 27.895
2003071500 0 0.0015230769 0 27.894
2003071501 0 0.0016615385 0 27.893
2003071502 0 0.0016615385 0 27.892
2003071503 0 0.0016615385 0 27.891
2003071504 0 0.0016615385 0.0019379845 27.891
2003071505 0 0.0016615385 0.0445736434 27.89
2003071506 0 0.0016615385 0.1375968992 27.889
2003071507 0 0.0016615385 0.2480620155 27.889
2003071508 0 0.0016615385 0.3565891473 27.888
2003071509 0 0.0016615385 0.4476744186 27.887
2003071510 0 0.0016615385 0.5310077519 27.887
2003071511 0 0.0016615385 0.5852713178 27.886
2003071512 0 0.0016615385 0.6065891473 27.885
2003071513 0 0.0016615385 0.5949612403 27.884
2003071514 0 0.0016615385 0.5562015504 27.883
2003071515 0 0.0013846154 0.488372093 27.883
2003071516 0 0.0011076923 0.3914728682 27.882
2003071517 0 0.0011076923 0.2751937984 27.881
2003071518 0 0.0011076923 0.1492248062 27.88
2003071519 0 0.0011076923 0.0755813953 27.88
2003071520 0 0.0011076923 0.0096899225 27.88
2003071521 0 0.0011076923 0 27.879
2003071522 0 0.0011076923 0 27.877
2003071523 0 0.0011076923 0 27.876
2003071600 0 0.0011076923 0 27.876
2003071601 0 0.0011076923 0 27.875
2003071602 0 0.0011076923 0 27.875
2003071603 0 0.0011076923 0 27.874
2003071604 0 0.0011076923 0.0019669552 27.873
2003071605 0 0.0011076923 0.0452399685 27.873
2003071606 0 0.0011076923 0.1376868607 27.872
2003071607 0 0.0011076923 0.2478363493 27.872
2003071608 0 0.0011076923 0.3560188828 27.872
2003071609 0 0.0011076923 0.448465775 27.871
2003071610 0 0.0011076923 0.5173092054 27.871
2003071611 0 0.0011076923 0.5664830842 27.87
2003071612 0 0.0011076923 0.5881195909 27.869
2003071613 0 0.0011076923 0.5723839496 27.869
2003071614 0 0.0011076923 0.525177026 27.868
2003071615 0 0.0013846154 0.4405979544 27.868
2003071616 0 0.0016615385 0.3776553895 27.868
2003071617 0 0.0016615385 0.167191188 27.867
2003071618 0 0.0016615385 0.0078678206 27.867
2003071619 3.8 0.0016615385 0 27.866
2003071620 8.9 0.0016615385 0 27.865
2003071621 0 0.0016615385 0 27.864
2003071622 0.1 0.0016615385 0 27.868
2003071623 0 0.0016615385 0 27.873
2003071700 6.5 0.0016615385 0 27.88
2003071701 1.4 0.0016615385 0 27.883
2003071702 0 0.0016615385 0 27.888
2003071703 0 0.0013846154 0 27.895
2003071704 0 0.0016615385 0.001754386 27.9
2003071705 0 0.0011076923 0.0421052632 27.905
2003071706 0 0.0011076923 0.1052631579 27.909
2003071707 0 0.0011076923 0.1631578947 27.911
2003071708 0 0.0011076923 0.0964912281 27.912
2003071709 0 0.0011076923 0.0947368421 27.914
2003071710 0 0.0011076923 0.2842105263 27.915
2003071711 0 0.0011076923 0.2035087719 27.916
2003071712 0 0.0011076923 0.2035087719 27.917
2003071713 0 0.0011076923 0.2140350877 27.917
2003071714 0 0.0011076923 0.2210526316 27.917
2003071715 0 0.0011076923 0.098245614 27.917
2003071716 0 0.0011076923 0.0421052632 27.917
2003071717 0 0.0016615385 0.0666666667 27.917
2003071718 0 0.0038769231 0.0245614035 27.917
2003071719 0 0.0069230769 0.0263157895 27.917
2003071720 0 0.0132923077 0.0122807018 27.917
2003071721 0 0.0224307692 0 27.917
2003071722 0 0.0263076923 0 27.917
2003071723 0 0.0242307692 0 27.917
2003071800 0 0.0200769231 0 27.917
2003071801 0 0.0167538462 0 27.917
2003071802 0 0.0142615385 0 27.917
2003071803 0 0.0138461538 0 27.917
2003071804 0 0.0141230769 0 27.917
2003071805 0 0.0162 0.01625 27.917
2003071806 0 0.0198 0.0848611111 27.916
2003071807 0 0.0220153846 0.2130555556 27.916
2003071808 0 0.0221538462 0.24375 27.916
2003071809 0 0.0214615385 0.3629166667 27.916
2003071810 0 0.0199384615 0.4243055556 27.916
2003071811 0 0.0184153846 0.4604166667 27.915
2003071812 0 0.0171692308 0.4495833333 27.915
2003071813 0 0.0160615385 0.4459722222 27.915
2003071814 0 0.0155076923 0.2130555556 27.915
2003071815 0 0.0150923077 0.2365277778 27.914
2003071816 0 0.0149538462 0.3268055556 27.914
2003071817 0 0.0149538462 0.2383333333 27.913
2003071818 0 0.0148153846 0.1281944444 27.912
2003071819 0 0.0144 0.0523611111 27.912
2003071820 0 0.0142615385 0.0036111111 27.912
2003071821 0 0.0138461538 0 27.911
2003071822 0 0.0137076923 0 27.911
2003071823 0 0.0132923077 0 27.909
2003071900 0 0.0128769231 0 27.909
2003071901 0 0.0126 0 27.908
2003071902 0 0.0121846154 0 27.908
2003071903 0 0.0117692308 0 27.908
2003071904 0 0.0112153846 0.0019174041 27.908
2003071905 0 0.0109384615 0.0364306785 27.907
2003071906 0 0.0103846154 0.1246312684 27.907
2003071907 0 0.0099692308 0.2300884956 27.907
2003071908 0 0.0095538462 0.3336283186 27.907
2003071909 0 0.0094153846 0.4275811209 27.906
2003071910 0 0.0094153846 0.5042772861 27.905
2003071911 0 0.009 0.5560471976 27.905
2003071912 0 0.0087230769 0.5733038348 27.905
2003071913 0 0.0083076923 0.56179941 27.904
2003071914 0 0.0081692308 0.5349557522 27.904
2003071915 0 0.0077538462 0.4601769912 27.904
2003071916 0 0.0076153846 0.3700589971 27.903
2003071917 0 0.0072 0.2722713864 27.903
2003071918 0 0.0070615385 0.1418879056 27.902
2003071919 0 0.0066461538 0.0651917404 27.901
2003071920 0 0.0066461538 0.0057522124 27.9
2003071921 0 0.0065076923 0 27.9
2003071922 0 0.0060923077 0 27.899
2003071923 0 0.0060923077 0 27.899
2003072000 0 0.0060923077 0 27.898
2003072001 0 0.0060923077 0 27.898
2003072002 0 0.0060923077 0 27.897
2003072003 0 0.0060923077 0 27.897
2003072004 0 0.0060923077 0.0019230769 27.897
2003072005 0 0.0060923077 0.0365384615 27.897
2003072006 0 0.0060923077 0.1230769231 27.896
2003072007 0 0.0060923077 0.2230769231 27.896
2003072008 0 0.0060923077 0.2961538462 27.896
2003072009 0 0.0060923077 0.425 27.895
2003072010 0 0.0060923077 0.4961538462 27.894
2003072011 0 0.0060923077 0.5038461538 27.894
2003072012 0 0.0060923077 0.4807692308 27.893
2003072013 0 0.0060923077 0.5403846154 27.892
2003072014 0 0.0060923077 0.4019230769 27.892
2003072015 0 0.0060923077 0.4384615385 27.892
2003072016 0 0.0060923077 0.2461538462 27.891
2003072017 0 0.0060923077 0.0846153846 27.89
2003072018 0 0.0060923077 0.0653846154 27.889
2003072019 0 0.0060923077 0.0326923077 27.887
2003072020 0 0.0060923077 0.0038461538 27.885
2003072021 0 0.0060923077 0 27.883
2003072022 0 0.0060923077 0 27.882
2003072023 0 0.0060923077 0 27.88
2003072100 0 0.0060923077 0 27.879
2003072101 0 0.0060923077 0 27.877
2003072102 0 0.0060923077 0 27.876
2003072103 0 0.0060923077 0 27.875
2003072104 0 0.0060923077 0 27.875
2003072105 0 0.0060923077 0.0200913242 27.874
2003072106 0 0.0060923077 0.0694063927 27.873
2003072107 0 0.0060923077 0.1771689498 27.872
2003072108 0 0.0060923077 0.2301369863 27.871
2003072109 0 0.0060923077 0.3433789954 27.871
2003072110 0 0.0060923077 0.4566210046 27.87
2003072111 0 0.0060923077 0.5205479452 27.869
2003072112 0 0.0060923077 0.5242009132 27.868
2003072113 0 0.0060923077 0.4146118721 27.868
2003072114 0 0.0060923077 0.4949771689 27.867
2003072115 0 0.0060923077 0.3872146119 27.866
2003072116 28.3 0.0060923077 0.0621004566 27.866
2003072117 0 0.0060923077 0.1552511416 27.866
2003072118 0 0.0060923077 0.1150684932 27.921
2003072119 0 0.0060923077 0.0273972603 28.035
2003072120 0 0.0060923077 0.001826484 28.12
2003072121 0 0.0060923077 0 28.161
2003072122 0 0.0060923077 0 28.177
2003072123 0 0.0060923077 0 28.18
2003072200 0 0.0060923077 0 28.179
2003072201 0 0.0060923077 0 28.176
2003072202 0 0.0060923077 0 28.172
2003072203 0 0.0060923077 0 28.168
2003072204 0 0.0060923077 0 28.163
2003072205 1.4 0.0060923077 0.0036440678 28.158
2003072206 0 0.0060923077 0.0491949153 28.153
2003072207 0 0.0060923077 0.1075 28.15
2003072208 0 0.0060923077 0.3152118644 28.146
2003072209 0 0.0060923077 0.4026694915 28.143
2003072210 0 0.0060923077 0.4737288136 28.139
2003072211 0 0.0060923077 0.501059322 28.137
2003072212 0 0.0060923077 0.5047033898 28.133
2003072213 0 0.0060923077 0.4773728814 28.13
2003072214 0 0.0060923077 0.4810169492 28.126
2003072215 0 0.0060923077 0.3243220339 28.123
2003072216 0 0.0060923077 0.2897033898 28.12
2003072217 0 0.0060923077 0.215 28.116
2003072218 0 0.0060923077 0.1020338983 28.113
2003072219 0 0.0060923077 0.0491949153 28.109
2003072220 0 0.0060923077 0.0036440678 28.107
2003072221 0 0.0060923077 0 28.104
2003072222 0 0.0060923077 0 28.101
2003072223 0 0.0060923077 0 28.099
2003072300 0 0.0060923077 0 28.096
2003072301 0 0.0060923077 0 28.095
2003072302 0 0.0060923077 0 28.094
2003072303 0 0.0060923077 0 28.092
2003072304 0 0.0060923077 0 28.09
2003072305 0 0.0060923077 0.0290309278 28.089
2003072306 0 0.0060923077 0.0925360825 28.088
2003072307 0 0.0060923077 0.1524123711 28.086
2003072308 0 0.0060923077 0.2812371134 28.085
2003072309 0 0.0060923077 0.3665154639 28.083
2003072310 0 0.0060923077 0.4536082474 28.082
2003072311 0 0.0060923077 0.4898969072 28.081
2003072312 0 0.0060923077 0.533443299 NA
2003072313 0 0.0060923077 0.5570309278 NA
2003072314 0 0.0060923077 0.5134845361 NA
2003072315 0 0.0060923077 0.4191340206 NA
2003072316 0 0.0060923077 0.2903092784 NA
2003072317 0 0.0060923077 0.1052371134 NA
2003072318 0 0.0060923077 0.0798350515 NA
2003072319 0 0.0060923077 0.0326597938 NA
2003072320 0 0.0060923077 0.003628866 NA
2003072321 0 0.0060923077 0 NA
2003072322 0 0.0060923077 0 NA
2003072323 0 0.0060923077 0 NA
2003072400 3 0.0060923077 0 NA
2003072401 0.1 0.0060923077 0 NA
2003072402 0.2 0.0060923077 0 NA
2003072403 0 0.0060923077 0 NA
2003072404 0.3 0.0060923077 0 NA
2003072405 0 0.0060923077 0.0141442716 NA
2003072406 0 0.0060923077 0.0495049505 NA
2003072407 0 0.0060923077 0.1272984441 NA
2003072408 0 0.0060923077 0.2263083451 NA
2003072409 0 0.0060923077 0.2333804809 NA
2003072410 0 0.0060923077 0.1927157001 NA
2003072411 0 0.0060923077 0.1290664781 NA
2003072412 0.1 0.0060923077 0.2333804809 NA
2003072413 0 0.0060923077 0.4437765205 NA
2003072414 0 0.0060923077 0.2899575672 NA
2003072415 2 0.0060923077 0.1007779349 NA
2003072416 0.1 0.0060923077 0.097241867 NA
2003072417 0 0.0060923077 0.2033239038 NA
2003072418 0 0.0060923077 0.0813295615 NA
2003072419 0 0.0060923077 0.0724893918 NA
2003072420 0 0.0060923077 0.0053041018 NA
2003072421 0 0.0060923077 0 NA
2003072422 0 0.0060923077 0 NA
2003072423 0 0.0060923077 0 NA
2003072500 0 0.0060923077 0 NA
2003072501 0 0.0060923077 0 NA
2003072502 0 0.0060923077 0 NA
2003072503 0 0.0060923077 0 NA
2003072504 0 0.0060923077 0 NA
2003072505 0 0.0060923077 0.0253816794 NA
2003072506 0 0.0060923077 0.1124045802 NA
2003072507 0 0.0060923077 0.2157442748 NA
2003072508 0 0.0060923077 0.3009541985 NA
2003072509 0 0.0060923077 0.346278626 NA
2003072510 0 0.0060923077 0.4695610687 NA
2003072511 0 0.0060923077 0.5203244275 NA
2003072512 0 0.0060923077 0.5058206107 NA
2003072513 0 0.0060923077 0.3952290076 NA
2003072514 0 0.0060923077 0.3916030534 NA
2003072515 0 0.0060923077 0.3045801527 NA
2003072516 0 0.0060923077 0.1124045802 NA
2003072517 0 0.0060923077 0.0616412214 NA
2003072518 0 0.0060923077 0.0290076336 NA
2003072519 0 0.0060923077 0.0090648855 NA
2003072520 0 0.0060923077 0 NA
2003072521 0 0.0060923077 0 NA
2003072522 0 0.0060923077 0 NA
2003072523 0 0.0060923077 0 NA
2003072600 0.1 0.0060923077 0 NA
2003072601 0.3 0.0060923077 0 NA
2003072602 0 0.0060923077 0 NA
2003072603 0 0.0060923077 0 NA
2003072604 0 0.0060923077 0 NA
2003072605 0 0.0060923077 0.0124444444 NA
2003072606 0 0.0060923077 0.0213333333 NA
2003072607 0 0.0060923077 0.0497777778 NA
2003072608 0 0.0060923077 0.1066666667 NA
2003072609 0 0.0060923077 0.1564444444 NA
2003072610 0 0.0060923077 0.2186666667 NA
2003072611 0 0.0060923077 0.2737777778 NA
2003072612 0 0.0060923077 0.4462222222 NA
2003072613 0 0.0060923077 0.5048888889 NA
2003072614 0 0.0060923077 0.4568888889 NA
2003072615 0 0.0060923077 0.2897777778 NA
2003072616 0 0.0060923077 0.1333333333 NA
2003072617 0 0.0060923077 0.0888888889 NA
2003072618 0 0.0060923077 0.0355555556 NA
2003072619 0 0.0060923077 0.0053333333 NA
2003072620 0 0.0060923077 0 NA
2003072621 0.5 0.0060923077 0 NA
2003072622 0.6 0.0060923077 0 NA
2003072623 1.6 0.0060923077 0 NA
2003072700 1.8 0.0058153846 0 NA
2003072701 0 0.0055384615 0 NA
2003072702 0.5 0.0055384615 0 NA
2003072703 0.1 0.0052615385 0 NA
2003072704 0.9 0.0049846154 0 NA
2003072705 1.4 0.0049846154 0.0054978619 NA
2003072706 0.1 0.0049846154 0.0348197923 NA
2003072707 0 0.0047076923 0.093463653 NA
2003072708 0 0.0044307692 0.1667684789 NA
2003072709 0 0.0044307692 0.2015882712 NA
2003072710 0 0.0056769231 0.2968845449 NA
2003072711 0 0.0055384615 0.410507025 NA
2003072712 0 0.0055384615 0.3427000611 NA
2003072713 0 0.0055384615 0.3243738546 NA
2003072714 0 0.0055384615 0.2419059255 NA
2003072715 0 0.0052615385 0.2968845449 NA
2003072716 0 0.0049846154 0.2822235797 NA
2003072717 0 0.0049846154 0.1374465486 NA
2003072718 0 0.0049846154 0.1191203421 NA
2003072719 0 0.0049846154 0.0421502749 NA
2003072720 0 0.0049846154 0.0036652413 NA
2003072721 0 0.0049846154 0 NA
2003072722 0 0.0049846154 0 NA
2003072723 0 0.0049846154 0 NA
2003072800 0 0.0049846154 0 NA
2003072801 0 0.0049846154 0 NA
2003072802 0 0.0049846154 0 NA
2003072803 0 0.0049846154 0 NA
2003072804 0 0.0049846154 0 NA
2003072805 0 0.0049846154 0.0243928194 NA
2003072806 0 0.0049846154 0.0888595565 NA
2003072807 0 0.0049846154 0.1550686378 NA
2003072808 0 0.0049846154 0.1132523759 NA
2003072809 0 0.0049846154 0.18468849 NA
2003072810 0 0.0049846154 0.3275607181 NA
2003072811 0 0.0049846154 0.433843717 NA
2003072812 0 0.0047076923 0.4373284055 NA
2003072813 0 0.0044307692 0.3380147835 NA
2003072814 0 0.0044307692 0.1411298838 NA
2003072815 0 0.0044307692 0.3868004224 NA
2003072816 0 0.0044307692 0.2979408659 NA
2003072817 0 0.0044307692 0.1899155227 NA
2003072818 0 0.0044307692 0.1306758184 NA
2003072819 0 0.0044307692 0.0487856389 NA
2003072820 0 0.0044307692 0.0017423442 NA
2003072821 0 0.0044307692 0 NA
2003072822 0 0.0044307692 0 NA
2003072823 0 0.0044307692 0 NA
2003072900 0 0.0045692308 0 NA
2003072901 0 0.0051230769 0 NA
2003072902 0 0.0056769231 0 NA
2003072903 0 0.0060923077 0 NA
2003072904 0 0.0060923077 0 NA
2003072905 0 0.0060923077 0.0303313509 NA
2003072906 0 0.0060923077 0.0909940527 NA
2003072907 0 0.0066461538 0.1855564996 NA
2003072908 0 0.0070615385 0.2872557349 NA
2003072909 0 0.0072 0.3675446049 NA
2003072910 0 0.0072 0.4603228547 NA
2003072911 0 0.0066461538 0.5031435854 NA
2003072912 0 0.0066461538 0.5227697536 NA
2003072913 0 0.0066461538 0.4585386576 NA
2003072914 0 0.0066461538 0.3550552251 NA
2003072915 0 0.0060923077 0.2836873407 NA
2003072916 0 0.0060923077 0.2836873407 NA
2003072917 0 0.0060923077 0.224808836 NA
2003072918 0 0.0056769231 0.0981308411 NA
2003072919 0 0.0055384615 0.0463891249 NA
2003072920 0 0.0055384615 0.0017841971 NA
2003072921 0 0.0055384615 0 NA
2003072922 0 0.0052615385 0 NA
2003072923 0 0.0049846154 0 NA
2003073000 0 0.0049846154 0 NA
2003073001 0 0.0049846154 0 NA
2003073002 0 0.0049846154 0 NA
2003073003 0 0.0044307692 0 NA
2003073004 0 0.0044307692 0 NA
2003073005 0 0.0044307692 0.0050785973 NA
2003073006 0 0.0044307692 0.0237001209 NA
2003073007 0.1 0.0044307692 0.0507859734 NA
2003073008 0.3 0.0044307692 0.0507859734 NA
2003073009 0.1 0.0044307692 0.0914147521 NA
2003073010 0 0.0044307692 0.18452237 NA
2003073011 0 0.0044307692 0.0948004837 NA
2003073012 0 0.0041538462 0.2522370012 NA
2003073013 0 0.0038769231 0.084643289 NA
2003073014 0 0.0038769231 0.2505441354 NA
2003073015 0 0.0038769231 0.138814994 NA
2003073016 0.2 0.0038769231 0.0677146312 NA
2003073017 2.9 0.0038769231 0.0524788392 NA
2003073018 0 0.0038769231 0.0237001209 NA
2003073019 0.1 0.0038769231 0.0253929867 NA
2003073020 0 0.0038769231 0.0033857316 NA
2003073021 0 0.0038769231 0 NA
2003073022 0 0.0038769231 0 NA
2003073023 0 0.0038769231 0 NA
2003073100 0 0.0038769231 0 NA
2003073101 0 0.0038769231 0 NA
2003073102 0 0.0038769231 0 NA
2003073103 0 0.0038769231 0 NA
2003073104 0 0.0038769231 0 NA
2003073105 0 0.0038769231 0.021071115 NA
2003073106 0 0.0038769231 0.0614574188 NA
2003073107 0 0.0038769231 0.1141352063 NA
2003073108 0 0.0034615385 0.2247585601 NA
2003073109 0 0.0033230769 0.2756804214 NA
2003073110 0 0.0033230769 0.4161545215 NA
2003073111 0 0.0033230769 0.440737489 NA
2003073112 0 0.0033230769 0.5531167691 NA
2003073113 0 0.0033230769 0.5092186128 NA
2003073114 0 0.0033230769 0.4179104478 NA
2003073115 0 0.0030461538 0.3476733977 NA
2003073116 0 0.0027692308 0.2756804214 NA
2003073117 0 0.0027692308 0.1843722564 NA
2003073118 0 0.0027692308 0.1053555751 NA
2003073119 0 0.0027692308 0.0509218613 NA
2003073120 0 0.0027692308 0.0017559263 NA
2003073121 0 0.0027692308 0 NA
2003073122 0 0.0031846154 0 NA
2003073123 0 0.0033230769 0 NA
2003080100 0 0.0033230769 0 NA
2003080101 0 0.0033230769 0 NA
2003080102 0 0.0033230769 0 NA
2003080103 0 0.0033230769 0 NA
2003080104 0 0.0033230769 0 NA
2003080105 0 0.0033230769 0.0186227804 NA
2003080106 0 0.0033230769 0.0968384582 NA
2003080107 0 0.0033230769 0.1955391945 NA
2003080108 0 0.0033230769 0.2942399307 NA
2003080109 0 0.0033230769 0.3799047207 NA
2003080110 0 0.0033230769 0.439497618 NA
2003080111 0 0.0033230769 0.4730186228 NA
2003080112 0 0.0033230769 0.5065396275 NA
2003080113 0 0.0033230769 0.5195755738 NA
2003080114 0 0.0033230769 0.4208748376 NA
2003080115 0 0.0033230769 0.3370723257 NA
2003080116 0 0.0033230769 0.2849285405 NA
2003080117 0 0.0033230769 0.2048505847 NA
2003080118 0 0.0033230769 0.0987007362 NA
2003080119 0 0.0033230769 0.0297964487 NA
2003080120 0 0.0033230769 0 NA
2003080121 0 0.0033230769 0 NA
2003080122 0 0.0033230769 0 NA
2003080123 0 0.0033230769 0 NA
2003080200 0 0.0033230769 0 NA
2003080201 0 0.0033230769 0 NA
2003080202 0 0.0033230769 0 NA
2003080203 0 0.0033230769 0 NA
2003080204 0 0.0034615385 0 NA
2003080205 0 0.0038769231 0.0245383668 NA
2003080206 0 0.0038769231 0.0566270004 NA
2003080207 0 0.0038769231 0.1755437013 NA
2003080208 0 0.0038769231 0.2887977021 NA
2003080209 0 0.0034615385 0.3812884694 NA
2003080210 0 0.0033230769 0.4794419368 NA
2003080211 0 0.0033230769 0.4869922035 NA
2003080212 0 0.0033230769 0.5341813705 NA
2003080213 0 0.0033230769 0.5436192039 NA
2003080214 0 0.0033230769 0.4775543701 NA
2003080215 0 0.0030461538 0.4360279032 NA
2003080216 0 0.0027692308 0.324661469 NA
2003080217 0 0.0027692308 0.2378334017 NA
2003080218 0 0.0027692308 0.1132540008 NA
2003080219 0 0.0027692308 0.0377513336 NA
2003080220 0 0.0027692308 0.0018875667 NA
2003080221 0 0.0027692308 0 NA
2003080222 0 0.0027692308 0 NA
2003080223 0 0.0027692308 0 NA
2003080300 0 0.0027692308 0 NA
2003080301 0 0.0027692308 0 NA
2003080302 0 0.0027692308 0 NA
2003080303 0 0.0027692308 0 NA
2003080304 0 0.0027692308 0 NA
2003080305 0 0.0027692308 0.0149621966 NA
2003080306 0 0.0027692308 0.0766812575 NA
2003080307 0 0.0027692308 0.1870274572 NA
2003080308 0 0.0027692308 0.2955033824 NA
2003080309 0 0.0027692308 0.3927576602 NA
2003080310 0 0.0027692308 0.4750497413 NA
2003080311 0 0.0027692308 0.5218066057 NA
2003080312 0 0.0027692308 0.5423796259 NA
2003080313 0 0.0027692308 0.5423796259 NA
2003080314 0 0.0027692308 0.4993633108 NA
2003080315 0 0.0024923077 0.428292877 NA
2003080316 0 0.0022153846 0.3385196976 NA
2003080317 0 0.0022153846 0.2375248707 NA
2003080318 0 0.0022153846 0.1122164743 NA
2003080319 0 0.0022153846 0.0355352169 NA
2003080320 0 0.0022153846 0 NA
2003080321 0 0.0022153846 0 NA
2003080322 0 0.0026307692 0 NA
2003080323 0 0.0027692308 0 NA
2003080400 0 0.0027692308 0 NA
2003080401 0 0.0027692308 0 NA
2003080402 0 0.0027692308 0 NA
2003080403 0 0.0027692308 0 NA
2003080404 0 0.0027692308 0 NA
2003080405 0 0.0027692308 0.0207048458 NA
2003080406 0 0.0027692308 0.0978774529 NA
2003080407 0 0.0027692308 0.1976371646 NA
2003080408 0 0.0027692308 0.3030436524 NA
2003080409 0 0.0027692308 0.3971565879 NA
2003080410 0 0.0027692308 0.4780937125 NA
2003080411 0 0.0027692308 0.5289146976 NA
2003080412 0 0.0026307692 0.545855026 NA
2003080413 0 0.0022153846 0.5232679215 NA
2003080414 0 0.0022153846 0.4856227473 NA
2003080415 0 0.0022153846 0.4178614337 NA
2003080416 0 0.0022153846 0.3218662395 NA
2003080417 0 0.0022153846 0.2202242691 NA
2003080418 0 0.0022153846 0.1317581097 NA
2003080419 0 0.0022153846 0.0301161394 NA
2003080420 0 0.0022153846 0 NA
2003080421 0 0.0022153846 0 NA
2003080422 0 0.0022153846 0 NA
2003080423 0 0.0022153846 0 NA
2003080500 0 0.0022153846 0 NA
2003080501 0 0.0022153846 0 NA
2003080502 0 0.0022153846 0 NA
2003080503 0 0.0022153846 0 NA
2003080504 0 0.0022153846 0 NA
2003080505 0 0.0022153846 0.014973262 NA
2003080506 0 0.0022153846 0.0673796791 NA
2003080507 0 0.0022153846 0.1778074866 NA
2003080508 0 0.0022153846 0.2882352941 NA
2003080509 0 0.0022153846 0.3687165775 NA
2003080510 0 0.0026307692 0.4286096257 NA
2003080511 0 0.0024923077 0.4735294118 NA
2003080512 0 0.0022153846 0.4828877005 NA
2003080513 0 0.0022153846 0.4585561497 NA
2003080514 0 0.0022153846 0.4398395722 NA
2003080515 0 0.0022153846 0.3949197861 NA
2003080516 0 0.0022153846 0.2957219251 NA
2003080517 0 0.0022153846 0.1890374332 NA
2003080518 0 0.0022153846 0.0917112299 NA
2003080519 0 0.0022153846 0.0262032086 NA
2003080520 0 0.0022153846 0.0018716578 NA
2003080521 0 0.0022153846 0 NA
2003080522 0 0.0022153846 0 NA
2003080523 0 0.0022153846 0 NA
2003080600 0 0.0022153846 0 NA
2003080601 0 0.0022153846 0 NA
2003080602 0 0.0022153846 0 NA
2003080603 0 0.0022153846 0 NA
2003080604 0 0.0022153846 0 NA
2003080605 0 0.0022153846 0.0136069114 NA
2003080606 0 0.0022153846 0.0777537797 NA
2003080607 0 0.0022153846 0.1768898488 NA
2003080608 0 0.0022153846 0.2799136069 NA
2003080609 0 0.0022153846 0.3771058315 NA
2003080610 0 0.0022153846 0.4587473002 NA
2003080611 0 0.0022153846 0.5112311015 NA
2003080612 0 0.0022153846 0.5306695464 NA
2003080613 0 0.0022153846 0.5287257019 NA
2003080614 0 0.0022153846 0.4801295896 NA
2003080615 0 0.0022153846 0.4295896328 NA
2003080616 0 0.0022153846 0.3382289417 NA
2003080617 0 0.0022153846 0.2215982721 NA
2003080618 0 0.0022153846 0.0583153348 NA
2003080619 0 0.0022153846 0.0174946004 NA
2003080620 0 0.0022153846 0 NA
2003080621 0 0.0022153846 0 NA
2003080622 0 0.0022153846 0 NA
2003080623 0 0.0022153846 0 NA
2003080700 0 0.0022153846 0 NA
2003080701 0 0.0022153846 0 NA
2003080702 0 0.0022153846 0 NA
2003080703 0 0.0022153846 0 NA
2003080704 0 0.0022153846 0 NA
2003080705 0 0.0022153846 0.0100326645 NA
2003080706 0 0.0022153846 0.0802613159 NA
2003080707 0 0.0022153846 0.1805879608 NA
2003080708 0 0.0022153846 0.2809146057 NA
2003080709 0 0.0022153846 0.3772281848 NA
2003080710 0 0.0022153846 0.4615025665 NA
2003080711 0 0.0022153846 0.5156789547 NA
2003080712 0 0.0022153846 0.5417638824 NA
2003080713 0 0.0022153846 0.5517965469 NA
2003080714 0 0.0022153846 0.3852543164 NA
2003080715 0 0.0022153846 0.4173588427 NA
2003080716 0 0.0022153846 0.2728884741 NA
2003080717 0 0.0022153846 0.1524965002 NA
2003080718 0 0.0022153846 0.058189454 NA
2003080719 0 0.0022153846 0.0140457303 NA
2003080720 0 0.0022153846 0 NA
2003080721 0 0.0022153846 0 NA
2003080722 0 0.0022153846 0 NA
2003080723 0 0.0022153846 0 NA
2003080800 0 0.0022153846 0 NA
2003080801 0 0.0022153846 0 NA
2003080802 0 0.0022153846 0 NA
2003080803 0 0.0022153846 0 NA
2003080804 0 0.0022153846 0 NA
2003080805 0 0.0022153846 0.012016386 NA
2003080806 0 0.0022153846 0.0700955849 NA
2003080807 0 0.0022153846 0.1542102868 NA
2003080808 0 0.0022153846 0.2623577606 NA
2003080809 0 0.0022153846 0.3604915794 NA
2003080810 0 0.0022153846 0.4446062813 NA
2003080811 0 0.0022153846 0.5006827492 NA
2003080812 0 0.0018 0.5227127902 NA
2003080813 0 0.0020769231 0.5227127902 NA
2003080814 0 0.0022153846 0.4846609012 NA
2003080815 0 0.0022153846 0.4085571234 NA
2003080816 0 0.0022153846 0.3224396905 NA
2003080817 0 0.0016615385 0.2122894857 NA
2003080818 0 0.0016615385 0.0961310878 NA
2003080819 0 0.0016615385 0.026035503 NA
2003080820 0 0.0016615385 0 NA
2003080821 0 0.0018 0 NA
2003080822 0 0.0022153846 0 NA
2003080823 0 0.0022153846 0 NA
2003080900 0 0.0022153846 0 NA
2003080901 0 0.0022153846 0 NA
2003080902 0 0.0022153846 0 NA
2003080903 0 0.0022153846 0 NA
2003080904 0 0.0022153846 0 NA
2003080905 0 0.0022153846 0.005605889 NA
2003080906 0 0.0022153846 0.0242921857 NA
2003080907 0 0.0022153846 0.0616647792 NA
2003080908 0 0.0022153846 0.0878255946 NA
2003080909 0 0.0022153846 0.1233295583 NA
2003080910 0 0.0022153846 0.1737825595 NA
2003080911 0 0.0022153846 0.3793318233 NA
2003080912 0 0.0022153846 0.4970554926 NA
2003080913 0 0.0022153846 0.4877123443 NA
2003080914 0 0.0022153846 0.4522083805 NA
2003080915 0 0.0022153846 0.3886749717 NA
2003080916 0 0.0022153846 0.3008493771 NA
2003080917 0 0.0022153846 0.2018120045 NA
2003080918 0 0.0022153846 0.0915628539 NA
2003080919 0 0.0022153846 0.0242921857 NA
2003080920 0 0.0022153846 0 NA
2003080921 0 0.0022153846 0 NA
2003080922 0 0.0022153846 0 NA
2003080923 0 0.0022153846 0 NA
2003081000 0 0.0022153846 0 NA
2003081001 0 0.0022153846 0 NA
2003081002 0 0.0022153846 0 NA
2003081003 0 0.0022153846 0 NA
2003081004 0 0.0022153846 0 NA
2003081005 0 0.0022153846 0.0037348273 NA
2003081006 0 0.0022153846 0.0149393091 NA
2003081007 0 0.0022153846 0.0448179272 NA
2003081008 0 0.0022153846 0.1008403361 NA
2003081009 0 0.0022153846 0.3230625584 NA
2003081010 0 0.0022153846 0.4388422035 NA
2003081011 0 0.0022153846 0.4967320261 NA
2003081012 0 0.0022153846 0.522875817 NA
2003081013 0 0.0022153846 0.522875817 NA
2003081014 0 0.0022153846 0.4743230626 NA
2003081015 0 0.0022153846 0.4070961718 NA
2003081016 0 0.0018 0.3155929038 NA
2003081017 0 0.0016615385 0.2110177404 NA
2003081018 0 0.0016615385 0.0989729225 NA
2003081019 0 0.0016615385 0.0242763772 NA
2003081020 0 0.0020769231 0 NA
2003081021 0 0.0022153846 0 NA
2003081022 0 0.0022153846 0 NA
2003081023 0 0.0022153846 0 NA
2003081100 0 0.0022153846 0 NA
2003081101 0 0.0022153846 0 NA
2003081102 0 0.0022153846 0 NA
2003081103 0 0.0022153846 0 NA
2003081104 0 0.0022153846 0 NA
2003081105 0 0.0022153846 0.0077578051 NA
2003081106 0 0.0022153846 0.0640018921 NA
2003081107 0 0.0022153846 0.1629139073 NA
2003081108 0 0.0022153846 0.2618259224 NA
2003081109 0 0.0022153846 0.3587984863 NA
2003081110 0 0.0022153846 0.4363765374 NA
2003081111 0 0.0022153846 0.496499527 NA
2003081112 0 0.0022153846 0.5197729423 NA
2003081113 0 0.0022153846 0.4984389782 NA
2003081114 0 0.0022153846 0.4402554399 NA
2003081115 0 0.0019384615 0.3781929991 NA
2003081116 0 0.0016615385 0.2754020814 NA
2003081117 0 0.0016615385 0.1144276254 NA
2003081118 0 0.0016615385 0.0620624409 NA
2003081119 0 0.0016615385 0.0232734153 NA
2003081120 0 0.0018 0 NA
2003081121 0 0.0022153846 0 NA
2003081122 0 0.0022153846 0 NA
2003081123 0 0.0022153846 0 NA
2003081200 0 0.0022153846 0 NA
2003081201 0 0.0022153846 0 NA
2003081202 0 0.0022153846 0 NA
2003081203 0 0.0022153846 0 NA
2003081204 0 0.0022153846 0 NA
2003081205 0 0.0022153846 0.0200904068 NA
2003081206 0 0.0022153846 0.0723254646 NA
2003081207 0 0.0022153846 0.1526870919 NA
2003081208 0 0.0022153846 0.2109492717 NA
2003081209 0 0.0022153846 0.3194374686 NA
2003081210 0 0.0022153846 0.4359618282 NA
2003081211 0 0.0022153846 0.4520341537 NA
2003081212 0 0.0022153846 0.4841788046 NA
2003081213 0 0.0018 0.443997991 NA
2003081214 0 0.0016615385 0.4419889503 NA
2003081215 0 0.0016615385 0.3756906077 NA
2003081216 0 0.0016615385 0.3154193872 NA
2003081217 0 0.0016615385 0.1747865394 NA
2003081218 0 0.0016615385 0.0843797087 NA
2003081219 0 0.0016615385 0.0160723255 NA
2003081220 0 0.0016615385 0 NA
2003081221 0 0.0016615385 0 NA
2003081222 0 0.0016615385 0 NA
2003081223 0 0.0016615385 0 NA
2003081300 0 0.0016615385 0 NA
2003081301 0 0.0016615385 0 NA
2003081302 0 0.0016615385 0 NA
2003081303 0 0.0016615385 0 NA
2003081304 0 0.0016615385 0 NA
2003081305 0 0.0016615385 0.0073846154 NA
2003081306 0 0.0016615385 0.0387692308 NA
2003081307 0 0.0016615385 0.1273846154 NA
2003081308 0 0.0016615385 0.2049230769 NA
2003081309 0 0.0016615385 0.3027692308 NA
2003081310 0 0.0016615385 0.4043076923 NA
2003081311 0 0.0016615385 0.4467692308 NA
2003081312 0 0.0016615385 0.4836923077 NA
2003081313 0 0.0016615385 0.4707692308 NA
2003081314 0 0.0016615385 0.3858461538 NA
2003081315 0 0.0016615385 0.2676923077 NA
2003081316 0 0.0016615385 0.2436923077 NA
2003081317 0 0.0016615385 0.1347692308 NA
2003081318 0 0.0016615385 0.072 NA
2003081319 0 0.0016615385 0.0092307692 NA
2003081320 0 0.0016615385 0 NA
2003081321 0 0.0016615385 0 NA
2003081322 0 0.0016615385 0 NA
2003081323 0 0.0016615385 0 NA
2003081400 0 0.0016615385 0 NA
2003081401 0 0.0016615385 0 NA
2003081402 0 0.0016615385 0 NA
2003081403 0 0.0016615385 0 NA
2003081404 0 0.0016615385 0 NA
2003081405 0 0.0016615385 0.0034997427 NA
2003081406 0 0.0016615385 0.0244981987 NA
2003081407 0 0.0016615385 0.089243438 NA
2003081408 0 0.0016615385 0.1487390633 NA
2003081409 0 0.0016615385 0.220483788 NA
2003081410 0 0.0016615385 0.3972207926 NA
2003081411 0 0.0016615385 0.3989706639 NA
2003081412 0 0.0016615385 0.4339680906 NA
2003081413 0 0.0016615385 0.4689655172 NA
2003081414 0 0.0016615385 0.3622233659 NA
2003081415 0 0.0016615385 0.2852290273 NA
2003081416 0 0.0016615385 0.2659804426 NA
2003081417 0 0.0016615385 0.1907359753 NA
2003081418 0 0.0016615385 0.0927431806 NA
2003081419 0 0.0016615385 0.0174987133 NA
2003081420 0 0.0016615385 0 NA
2003081421 0 0.0015230769 0 NA
2003081422 0 0.0011076923 0 NA
2003081423 0 0.0011076923 0 NA
2003081500 0 0.0011076923 0 NA
2003081501 0 0.0011076923 0 NA
2003081502 0 0.0011076923 0 NA
2003081503 0 0.0011076923 0 NA
2003081504 0 0.0011076923 0 NA
2003081505 0 0.0011076923 0.0103092784 NA
2003081506 0 0.0011076923 0.0670103093 NA
2003081507 0 0.0011076923 0.1374570447 NA
2003081508 0 0.0011076923 0.2594501718 NA
2003081509 0 0.0011076923 0.3213058419 NA
2003081510 0 0.0015230769 0.3350515464 NA
2003081511 0 0.0012461538 0.3762886598 NA
2003081512 0 0.0011076923 0.324742268 NA
2003081513 0 0.0011076923 0.4570446735 NA
2003081514 0 0.0011076923 0.3281786942 NA
2003081515 0 0.0011076923 0.3213058419 NA
2003081516 0 0.0011076923 0.2628865979 NA
2003081517 0 0.0011076923 0.1941580756 NA
2003081518 0 0.0011076923 0.0859106529 NA
2003081519 0 0.0011076923 0.0189003436 NA
2003081520 0 0.0011076923 0 NA
2003081521 0 0.0011076923 0 NA
2003081522 0 0.0011076923 0 NA
2003081523 0 0.0011076923 0 NA
2003081600 0 0.0011076923 0 NA
2003081601 0 0.0011076923 0 NA
2003081602 0 0.0011076923 0 NA
2003081603 0 0.0011076923 0 NA
2003081604 0 0.0011076923 0 NA
2003081605 0 0.0011076923 0.0050933786 NA
2003081606 0 0.0011076923 0.0577249576 NA
2003081607 0 0.0011076923 0.1528013582 NA
2003081608 0 0.0011076923 0.2444821732 NA
2003081609 0 0.0011076923 0.3361629881 NA
2003081610 0 0.0011076923 0.2241086587 NA
2003081611 0 0.0011076923 0.2529711375 NA
2003081612 0 0.0011076923 0.3005093379 NA
2003081613 0 0.0011076923 0.273344652 NA
2003081614 0 0.0011076923 0.3344651952 NA
2003081615 0 0.0011076923 0.2937181664 NA
2003081616 0 0.0011076923 0.2682512733 NA
2003081617 0 0.0011076923 0.1782682513 NA
2003081618 0 0.0011076923 0.0628183362 NA
2003081619 0 0.0011076923 0.0152801358 NA
2003081620 0 0.0011076923 0 NA
2003081621 0 0.0011076923 0 NA
2003081622 0 0.0011076923 0 NA
2003081623 0 0.0011076923 0 NA
2003081700 0 0.0011076923 0 NA
2003081701 0 0.0011076923 0 NA
2003081702 0 0.0011076923 0 NA
2003081703 0 0.0011076923 0 NA
2003081704 0 0.0011076923 0 NA
2003081705 0 0.0011076923 0.0086021505 NA
2003081706 0 0.0011076923 0.0584946237 NA
2003081707 0 0.0011076923 0.0739784946 NA
2003081708 0 0.0011076923 0.1307526882 NA
2003081709 0 0.0011076923 0.2494623656 NA
2003081710 0 0.0011076923 0.2855913978 NA
2003081711 0 0.0011076923 0.1823655914 NA
2003081712 0 0.0011076923 0.1083870968 NA
2003081713 0 0.0011076923 0.1066666667 NA
2003081714 0 0.0011076923 0.1221505376 NA
2003081715 0 0.0011076923 0.1772043011 NA
2003081716 0 0.0011076923 0.0550537634 NA
2003081717 0.6 0.0011076923 0.0189247312 NA
2003081718 0.4 0.0011076923 0.0172043011 NA
2003081719 0 0.0011076923 0.0051612903 NA
2003081720 0 0.0011076923 0 NA
2003081721 0 0.0011076923 0 NA
2003081722 0 0.0011076923 0 NA
2003081723 0 0.0011076923 0 NA
2003081800 0 0.0011076923 0 NA
2003081801 0 0.0011076923 0 NA
2003081802 0 0.0011076923 0 NA
2003081803 0 0.0011076923 0 NA
2003081804 0 0.0011076923 0 NA
2003081805 0 0.0011076923 0.0034591195 NA
2003081806 0 0.0011076923 0.034591195 NA
2003081807 0 0.0011076923 0.0709119497 NA
2003081808 0 0.0011076923 0.1124213836 NA
2003081809 0 0.0011076923 0.0882075472 NA
2003081810 0 0.0011076923 0.1003144654 NA
2003081811 0 0.0011076923 0.1072327044 NA
2003081812 0 0.0011076923 0.0882075472 NA
2003081813 0 0.0011076923 0.1106918239 NA
2003081814 0 0.0011076923 0.1279874214 NA
2003081815 0 0.0011076923 0.0864779874 NA
2003081816 0 0.0011076923 0.0812893082 NA
2003081817 0 0.0011076923 0.0605345912 NA
2003081818 0 0.0011076923 0.0224842767 NA
2003081819 0 0.0011076923 0.0051886792 NA
2003081820 0 0.0011076923 0 NA
2003081821 0 0.0011076923 0 NA
2003081822 0 0.0011076923 0 NA
2003081823 0 0.0011076923 0 NA
2003081900 0 0.0011076923 0 NA
2003081901 0 0.0011076923 0 NA
2003081902 0 0.0011076923 0 NA
2003081903 0 0.0011076923 0 NA
2003081904 0 0.0011076923 0 NA
2003081905 0 0.0011076923 0.0017638037 NA
2003081906 0 0.0011076923 0.0229294479 NA
2003081907 0 0.0011076923 0.038803681 NA
2003081908 0 0.0011076923 0.1005368098 NA
2003081909 0 0.0011076923 0.0987730061 NA
2003081910 0.5 0.0011076923 0.0582055215 NA
2003081911 0.3 0.0011076923 0.1975460123 NA
2003081912 0 0.0011076923 0.292791411 NA
2003081913 0 0.0011076923 0.3845092025 NA
2003081914 0 0.0011076923 0.3174846626 NA
2003081915 0 0.0011076923 0.3174846626 NA
2003081916 0 0.0011076923 0.2328220859 NA
2003081917 0 0.0011076923 0.1763803681 NA
2003081918 0 0.0011076923 0.0476226994 NA
2003081919 0 0.0011076923 0.0123466258 NA
2003081920 0 0.0011076923 0 NA
2003081921 0 0.0011076923 0 NA
2003081922 0 0.0011076923 0 NA
2003081923 0 0.0011076923 0 NA
2003082000 0 0.0011076923 0 NA
2003082001 0 0.0011076923 0 NA
2003082002 0 0.0011076923 0 NA
2003082003 0 0.0011076923 0 NA
2003082004 0 0.0011076923 0 NA
2003082005 0 0.0011076923 0 NA
2003082006 0 0.0011076923 0.0285447761 NA
2003082007 0 0.0011076923 0.0873134328 NA
2003082008 0 0.0011076923 0.2333955224 NA
2003082009 0 0.0011076923 0.3240671642 NA
2003082010 0 0.0011076923 0.3878731343 NA
2003082011 0 0.0011076923 0.2585820896 NA
2003082012 0 0.0011076923 0.1444029851 NA
2003082013 0 0.0011076923 0.2720149254 NA
2003082014 0 0.0011076923 0.3559701493 NA
2003082015 0 0.0011076923 0.298880597 NA
2003082016 0 0.0011076923 0.1746268657 NA
2003082017 0 0.0011076923 0.0957089552 NA
2003082018 0 0.0011076923 0.035261194 NA
2003082019 0 0.0011076923 0.003358209 NA
2003082020 0 0.0011076923 0 NA
2003082021 0 0.0011076923 0 NA
2003082022 0 0.0011076923 0 NA
2003082023 0 0.0011076923 0 NA
2003082100 0 0.0011076923 0 NA
2003082101 0 0.0011076923 0 NA
2003082102 0 0.0011076923 0 NA
2003082103 0 0.0011076923 0 NA
2003082104 0 0.0011076923 0 NA
2003082105 0 0.0011076923 0.0034503272 NA
2003082106 0 0.0011076923 0.0448542534 NA
2003082107 0 0.0011076923 0.1362879239 NA
2003082108 0 0.0011076923 0.1707911957 NA
2003082109 0 0.0011076923 0.2812016657 NA
2003082110 0 0.0011076923 0.2950029744 NA
2003082111 0 0.0011076923 0.3502082094 NA
2003082112 0 0.0011076923 0.4174895895 NA
2003082113 0 0.0011076923 0.351933373 NA
2003082114 0 0.0011076923 0.3157049375 NA
2003082115 0 0.0011076923 0.2466983938 NA
2003082116 0 0.0011076923 0.1518143962 NA
2003082117 0 0.0011076923 0.1000594884 NA
2003082118 0 0.0011076923 0.0293277811 NA
2003082119 0 0.0011076923 0.0051754908 NA
2003082120 0 0.0011076923 0 NA
2003082121 0 0.0011076923 0 NA
2003082122 0 0.0011076923 0 NA
2003082123 0 0.0011076923 0 NA
2003082200 0 0.0011076923 0 NA
2003082201 0 0.0011076923 0 NA
2003082202 0 0.0011076923 0 NA
2003082203 0 0.0011076923 0 NA
2003082204 0 0.0011076923 0 NA
2003082205 0 0.0011076923 0.0035242291 NA
2003082206 0 0.0011076923 0.049339207 NA
2003082207 0 0.0011076923 0.0616740088 NA
2003082208 0 0.0011076923 0.0863436123 NA
2003082209 0 0.0011076923 0.1515418502 NA
2003082210 0 0.0011076923 0.2625550661 NA
2003082211 0 0.0011076923 0.1427312775 NA
2003082212 0 0.0011076923 0.095154185 NA
2003082213 0 0.0011076923 0.0810572687 NA
2003082214 0 0.0009692308 0.0581497797 NA
2003082215 0 0.0005538462 0.0881057269 NA
2003082216 0 0.0005538462 0.0704845815 NA
2003082217 0 0.0005538462 0.0405286344 NA
2003082218 0 0.0005538462 0.0088105727 NA
2003082219 0.1 0.0005538462 0 NA
2003082220 0.1 0.0005538462 0 NA
2003082221 0 0.0005538462 0 NA
2003082222 0 0.0005538462 0 NA
2003082223 0 0.0005538462 0 NA
2003082300 0 0.0005538462 0 NA
2003082301 0 0.0005538462 0 NA
2003082302 0 0.0005538462 0 NA
2003082303 0 0.0005538462 0 NA
2003082304 0 0.0005538462 0 NA
2003082305 0 0.0005538462 0 NA
2003082306 0 0.0005538462 0.012548714 NA
2003082307 0 0.0005538462 0.0376461419 NA
2003082308 0 0.0005538462 0.0914263445 NA
2003082309 0 0.0005538462 0.0842556508 NA
2003082310 0 0.0005538462 0.1559625877 NA
2003082311 1 0.0005538462 0.0968043648 NA
2003082312 0 0.0005538462 0.1344505066 NA
2003082313 0 0.0005538462 0.3961808262 NA
2003082314 0 0.0005538462 0.3854247857 NA
2003082315 0 0.0005538462 0.3728760717 NA
2003082316 0 0.0005538462 0.2706936867 NA
2003082317 0 0.0005538462 0.1810600156 NA
2003082318 0 0.0005538462 0.0717069369 NA
2003082319 0 0.0005538462 0.0089633671 NA
2003082320 0 0.0005538462 0 NA
2003082321 0 0.0005538462 0 NA
2003082322 0 0.0005538462 0 NA
2003082323 0 0.0005538462 0 NA
2003082400 0 0.0005538462 0 NA
2003082401 0 0.0005538462 0 NA
2003082402 0 0.0005538462 0 NA
2003082403 0 0.0005538462 0 NA
2003082404 0 0.0005538462 0 NA
2003082405 0 0.0005538462 0.001622248 NA
2003082406 0 0.0005538462 0.0113557358 NA
2003082407 0 0.0005538462 0.0373117034 NA
2003082408 0 0.0005538462 0.0713789108 NA
2003082409 0 0.0005538462 0.0989571263 NA
2003082410 0 0.0005538462 0.1297798378 NA
2003082411 0 0.0005538462 0.1784472769 NA
2003082412 0 0.0005538462 0.0876013905 NA
2003082413 0 0.0005538462 0.176825029 NA
2003082414 0 0.0005538462 0.2011587486 NA
2003082415 0 0.0005538462 0.1898030127 NA
2003082416 0 0.0005538462 0.1265353418 NA
2003082417 0 0.0005538462 0.058400927 NA
2003082418 0 0.0005538462 0.0275782155 NA
2003082419 0 0.0005538462 0.0032444959 NA
2003082420 0 0.0005538462 0 NA
2003082421 0 0.0005538462 0 NA
2003082422 0 0.0005538462 0 NA
2003082423 0 0.0005538462 0 NA
2003082500 0 0.0005538462 0 NA
2003082501 0 0.0005538462 0 NA
2003082502 0 0.0005538462 0 NA
2003082503 0 0.0005538462 0 NA
2003082504 0 0.0005538462 0 NA
2003082505 0 0.0005538462 0.0017734554 NA
2003082506 0 0.0005538462 0.0195080092 NA
2003082507 0 0.0005538462 0.0461098398 NA
2003082508 0 0.0005538462 0.0904462243 NA
2003082509 0 0.0005538462 0.1649313501 NA
2003082510 0 0.0005538462 0.2802059497 NA
2003082511 0 0.0006923077 0.4167620137 NA
2003082512 0 0.0011076923 0.4770594966 NA
2003082513 0 0.0011076923 0.4575514874 NA
2003082514 0 0.0006923077 0.3422768879 NA
2003082515 0 0.0005538462 0.3387299771 NA
2003082516 0 0.0005538462 0.2429633867 NA
2003082517 0 0.0005538462 0.1578375286 NA
2003082518 0 0.0005538462 0.0585240275 NA
2003082519 0 0.0005538462 0.0053203661 NA
2003082520 0 0.0005538462 0 NA
2003082521 0 0.0005538462 0 NA
2003082522 0 0.0005538462 0 NA
2003082523 0 0.0005538462 0 NA
2003082600 0 0.0005538462 0 NA
2003082601 0 0.0005538462 0 NA
2003082602 0 0.0005538462 0 NA
2003082603 0 0.0005538462 0 NA
2003082604 0 0.0005538462 0 NA
2003082605 0 0.0005538462 0.0017462165 NA
2003082606 0 0.0005538462 0.0192083818 NA
2003082607 0 0.0005538462 0.0768335274 NA
2003082608 0 0.0005538462 0.1885913853 NA
2003082609 0 0.0005538462 0.2654249127 NA
2003082610 0 0.0005538462 0.3597206054 NA
2003082611 0 0.0005538462 0.2374854482 NA
2003082612 0 0.0005538462 0.3824214203 NA
2003082613 0 0.0005538462 0.3300349243 NA
2003082614 0 0.0005538462 0.3509895227 NA
2003082615 0 0.0005538462 0.2898719441 NA
2003082616 0 0.0005538462 0.2724097788 NA
2003082617 0 0.0005538462 0.1589057043 NA
2003082618 0 0.0005538462 0.0611175786 NA
2003082619 0 0.0005538462 0.0052386496 NA
2003082620 0 0.0005538462 0 NA
2003082621 0 0.0005538462 0 NA
2003082622 0 0.0005538462 0 NA
2003082623 0 0.0005538462 0 NA
2003082700 0 0.0005538462 0 NA
2003082701 0 0.0005538462 0 NA
2003082702 0 0.0005538462 0 NA
2003082703 0 0.0005538462 0 NA
2003082704 0 0.0005538462 0 NA
2003082705 0 0.0005538462 0 NA
2003082706 0 0.0005538462 0.0102505695 NA
2003082707 0 0.0005538462 0.0410022779 NA
2003082708 0 0.0005538462 0.0580865604 NA
2003082709 0 0.0005538462 0.1093394077 NA
2003082710 0 0.0005538462 0.2169703872 NA
2003082711 0 0.0005538462 0.228929385 NA
2003082712 0 0.0005538462 0.1537585421 NA
2003082713 0 0.0005538462 0.1554669704 NA
2003082714 0 0.0005538462 0.1828018223 NA
2003082715 0 0.0005538462 0.1742596811 NA
2003082716 0 0.0005538462 0.0922551253 NA
2003082717 0 0.0005538462 0.0580865604 NA
2003082718 0 0.0005538462 0.0187927107 NA
2003082719 0 0.0005538462 0 NA
2003082720 0 0.0005538462 0 NA
2003082721 0 0.0005538462 0 NA
2003082722 0 0.0005538462 0 NA
2003082723 0 0.0005538462 0 NA
2003082800 0 0.0005538462 0 NA
2003082801 0 0.0005538462 0 NA
2003082802 0 0.0005538462 0 NA
2003082803 0 0.0005538462 0 NA
2003082804 0 0.0005538462 0 NA
2003082805 0 0.0005538462 0 NA
2003082806 0 0.0005538462 0.018872549 NA
2003082807 0 0.0005538462 0.0343137255 NA
2003082808 0 0.0005538462 0.0995098039 NA
2003082809 0 0.0005538462 0.2024509804 NA
2003082810 0 0.0005538462 0.2950980392 NA
2003082811 0 0.0005538462 0.3053921569 NA
2003082812 0 0.0005538462 0.2745098039 NA
2003082813 0 0.0005538462 0.2882352941 NA
2003082814 0 0.0005538462 0.2281862745 NA
2003082815 0 0.0005538462 0.175 NA
2003082816 0 0.0005538462 0.0600490196 NA
2003082817 0 0.0005538462 0.0892156863 NA
2003082818 0 0.0005538462 0.0274509804 NA
2003082819 0 0.0005538462 0.0017156863 NA
2003082820 0.3 0.0005538462 0 NA
2003082821 1 0.0005538462 0 NA
2003082822 0.1 0.0005538462 0 NA
2003082823 0 0.0005538462 0 NA
2003082900 0.1 0.0005538462 0 NA
2003082901 0.3 0.0005538462 0 NA
2003082902 1.5 0.0005538462 0 NA
2003082903 0.5 0.0005538462 0 NA
2003082904 0.3 0.0005538462 0 NA
2003082905 0.6 0.0005538462 0 NA
2003082906 1.9 0.0005538462 0.0033898305 NA
2003082907 2.4 0.0005538462 0.0118644068 NA
2003082908 0.9 0.0005538462 0.0271186441 NA
2003082909 2.5 0.0005538462 0.0271186441 NA
2003082910 2 0.0005538462 0.0474576271 NA
2003082911 1.6 0.0005538462 0.0457627119 NA
2003082912 3.7 0.0005538462 0.0491525424 NA
2003082913 0.2 0.0005538462 0.0389830508 NA
2003082914 0.7 0.0005538462 0.0661016949 NA
2003082915 0 0.0005538462 0.0644067797 NA
2003082916 0 0.0005538462 0.0372881356 NA
2003082917 0 0.0005538462 0.0559322034 NA
2003082918 0 0.0005538462 0.0254237288 NA
2003082919 0 0.0005538462 0 NA
2003082920 0 0.0005538462 0 NA
2003082921 0 0.0005538462 0 NA
2003082922 0 0.0005538462 0 NA
2003082923 0 0.0005538462 0 NA
2003083000 0 0.0005538462 0 NA
2003083001 0 0.0005538462 0 NA
2003083002 0 0.0005538462 0 NA
2003083003 0 0.0005538462 0 NA
2003083004 0 0.0005538462 0 NA
2003083005 0 0.0005538462 0.0016353725 NA
2003083006 0 0.0005538462 0.0343428225 NA
2003083007 0 0.0005538462 0.1259236826 NA
2003083008 0 0.0005538462 0.2109630527 NA
2003083009 0 0.0005538462 0.2796486978 NA
2003083010 0 0.0005538462 0.3663234403 NA
2003083011 0 0.0005538462 0.3516050878 NA
2003083012 0 0.0005538462 0.2403997577 NA
2003083013 0 0.0005538462 0.4088431254 NA
2003083014 0 0.0005538462 0.1946093277 NA
2003083015 0 0.0005538462 0.2420351302 NA
2003083016 0 0.0005538462 0.1357359176 NA
2003083017 0 0.0005538462 0.0735917626 NA
2003083018 0 0.0005538462 0.03270745 NA
2003083019 0 0.0005538462 0.0016353725 NA
2003083020 0 0.0005538462 0 NA
2003083021 0 0.0005538462 0 NA
2003083022 0 0.0005538462 0 NA
2003083023 0 0.0005538462 0 NA
2003083100 0 0.0005538462 0 NA
2003083101 0 0.0005538462 0 NA
2003083102 0 0.0005538462 0 NA
2003083103 0 0.0005538462 0 NA
2003083104 0 0.0005538462 0 NA
2003083105 0 0.0005538462 0.0015363128 NA
2003083106 0 0.0005538462 0.0384078212 NA
2003083107 0 0.0008307692 0.0629888268 NA
2003083108 0 0.0011076923 0.1751396648 NA
2003083109 0 0.0012461538 0.2319832402 NA
2003083110 0 0.0022153846 0.1720670391 NA
2003083111 0 0.0030461538 0.2673184358 NA
2003083112 0 0.0038769231 0.1889664804 NA
2003083113 0 0.0047076923 0.3349162011 NA
2003083114 0 0.0052615385 0.162849162 NA
2003083115 0 0.0055384615 0.2273743017 NA
2003083116 0 0.0048461538 0.2043296089 NA
2003083117 0 0.0040153846 0.101396648 NA
2003083118 0 0.0033230769 0.0291899441 NA
2003083119 0 0.0027692308 0.0015363128 NA
2003083120 0 0.0026307692 0 NA
2003083121 0 0.0022153846 0 NA
2003083122 0 0.0022153846 0 NA
2003083123 0 0.0020769231 0 NA
2003090100 0 0.0016615385 0 NA
2003090101 0 0.0016615385 0 NA
2003090102 0 0.0016615385 0 NA
2003090103 0 0.0016615385 0 NA
2003090104 0 0.0016615385 0 NA
2003090105 0 0.0016615385 0 NA
2003090106 0 0.0016615385 0.021875 NA
2003090107 0 0.0015230769 0.05 NA
2003090108 0 0.0011076923 0.11875 NA
2003090109 0 0.0011076923 0.1625 NA
2003090110 0 0.0011076923 0.275 NA
2003090111 0 0.0011076923 0.303125 NA
2003090112 0 0.0011076923 0.328125 NA
2003090113 4.6 0.0011076923 0.215625 NA
2003090114 0 0.0011076923 0.3046875 NA
2003090115 0 0.0011076923 0.1890625 NA
2003090116 0.3 0.0011076923 0.1234375 NA
2003090117 0.9 0.0011076923 0.0640625 NA
2003090118 0 0.0011076923 0.0421875 NA
2003090119 0 0.0011076923 0.0015625 NA
2003090120 0 0.0011076923 0 NA
2003090121 0 0.0011076923 0 NA
2003090122 0 0.0011076923 0 NA
2003090123 0 0.0011076923 0 NA
2003090200 0 0.0011076923 0 NA
2003090201 0 0.0011076923 0 NA
2003090202 0 0.0011076923 0 NA
2003090203 0 0.0011076923 0 NA
2003090204 0 0.0011076923 0 NA
2003090205 0 0.0011076923 0 NA
2003090206 0 0.0011076923 0.0371596369 NA
2003090207 0 0.0011076923 0.1594767752 NA
2003090208 0 0.0011076923 0.2183128671 NA
2003090209 0 0.0011076923 0.2709556861 NA
2003090210 0 0.0011076923 0.3406300053 NA
2003090211 0 0.0011076923 0.397917779 NA
2003090212 0 0.0011076923 0.4319807795 NA
2003090213 0 0.0011076923 0.3143085958 NA
2003090214 0 0.0011076923 0.3344367325 NA
2003090215 0 0.0008307692 0.1765082755 NA
2003090216 0 0.0005538462 0.1532835024 NA
2003090217 0 0.0005538462 0.0418045916 NA
2003090218 0 0.0005538462 0.0232247731 NA
2003090219 0 0.0005538462 0 NA
2003090220 0 0.0005538462 0 NA
2003090221 0 0.0005538462 0 NA
2003090222 0 0.0005538462 0 NA
2003090223 0 0.0005538462 0 NA
2003090300 0 0.0005538462 0 NA
2003090301 0 0.0005538462 0 NA
2003090302 0 0.0005538462 0 NA
2003090303 0 0.0005538462 0 NA
2003090304 0 0.0005538462 0 NA
2003090305 0 0.0005538462 0 NA
2003090306 0 0.0005538462 0.0325487945 NA
2003090307 0 0.0005538462 0.1053960964 NA
2003090308 0 0.0005538462 0.1921928817 NA
2003090309 0 0.0005538462 0.2727898967 NA
2003090310 0 0.0005538462 0.3192881745 NA
2003090311 0 0.0005538462 0.3626865672 NA
2003090312 0 0.0005538462 0.3626865672 27.804
2003090313 0 0.0006923077 0.3037887486 27.804
2003090314 0 0.0011076923 0.2510907003 27.804
2003090315 0 0.0011076923 0.24489093 27.804
2003090316 0 0.0011076923 0.1131458094 27.804
2003090317 0 0.0011076923 0.1053960964 27.804
2003090318 0 0.0011076923 0.0340987371 27.804
2003090319 0 0.0011076923 0 27.804
2003090320 0 0.0011076923 0 27.803
2003090321 0 0.0011076923 0 27.803
2003090322 0 0.0011076923 0 27.802
2003090323 0 0.0011076923 0 27.802
2003090400 0 0.0011076923 0 27.802
2003090401 0 0.0011076923 0 27.802
2003090402 0 0.0011076923 0 27.802
2003090403 0 0.0011076923 0 27.802
2003090404 0 0.0011076923 0 27.802
2003090405 0 0.0011076923 0 27.802
2003090406 0 0.0011076923 0.0295427902 27.802
2003090407 0 0.0011076923 0.1132473623 27.802
2003090408 0 0.0011076923 0.2018757327 27.801
2003090409 0 0.0011076923 0.2839390387 27.801
2003090410 0 0.0011076923 0.3463071512 27.801
2003090411 0 0.0011076923 0.3315357562 27.801
2003090412 0 0.0005538462 0.343024619 27.801
2003090413 0 0.0005538462 0.2806565064 27.801
2003090414 0 0.0005538462 0.2822977726 27.801
2003090415 0 0.0005538462 0.3479484174 27.801
2003090416 0 0.0005538462 0.1017584994 27.801
2003090417 0 0.0005538462 0.1050410317 27.801
2003090418 0 0.0005538462 0.0328253224 27.801
2003090419 0 0.0005538462 0 27.801
2003090420 0 0.0005538462 0 27.801
2003090421 0 0.0005538462 0 27.8
2003090422 0 0.0005538462 0 27.8
2003090423 0 0.0005538462 0 27.8
2003090500 0 0.0005538462 0 27.8
2003090501 0 0.0005538462 0 27.8
2003090502 0 0.0005538462 0 27.8
2003090503 0 0.0005538462 0 27.8
2003090504 0 0.0005538462 0 27.8
2003090505 0 0.0005538462 0 27.8
2003090506 0 0.0005538462 0.0304252999 27.8
2003090507 0 0.0005538462 0.1098691385 27.8
2003090508 0 0.0005538462 0.2079062159 27.8
2003090509 0 0.0005538462 0.2941112323 27.8
2003090510 0 0.0005538462 0.3617230098 27.8
2003090511 0 0.0005538462 0.4090512541 27.8
2003090512 0 0.0005538462 0.4276444929 27.8
2003090513 0 0.0005538462 0.4158124318 27.8
2003090514 0 0.0005538462 0.3651035987 27.8
2003090515 0 0.0005538462 0.2552344602 27.801
2003090516 0 0.0005538462 0.1318429662 27.801
2003090517 0 0.0005538462 0.0676117775 27.801
2003090518 0 0.0005538462 0.0236641221 27.8
2003090519 0 0.0005538462 0 27.8
2003090520 0 0.0005538462 0 27.8
2003090521 0 0.0005538462 0 27.799
2003090522 0 0.0005538462 0 27.799
2003090523 0 0.0005538462 0 27.798
2003090600 0 0.0005538462 0 27.797
2003090601 0 0.0005538462 0 27.797
2003090602 0 0.0005538462 0 27.797
2003090603 0 0.0005538462 0 27.796
2003090604 0 0.0005538462 0 27.795
2003090605 0 0.0005538462 0 27.795
2003090606 0 0.0005538462 0.0034833091 27.795
2003090607 0.1 0.0005538462 0.0104499274 27.795
2003090608 0.3 0.0005538462 0.0226415094 27.795
2003090609 0.1 0.0005538462 0.0505079826 27.794
2003090610 0 0.0005538462 0.097532656 27.793
2003090611 0 0.0005538462 0.2682148041 27.792
2003090612 0 0.0005538462 0.2734397678 27.792
2003090613 0 0.0005538462 0.2107402032 27.792
2003090614 0.2 0.0005538462 0.0835994194 27.792
2003090615 0.1 0.0005538462 0.0592162554 27.792
2003090616 0 0.0005538462 0.0888243832 27.792
2003090617 0 0.0005538462 0.0278664731 27.792
2003090618 1 0.0005538462 0.0034833091 27.792
2003090619 0.6 0.0005538462 0 27.791
2003090620 0 0.0005538462 0 27.791
2003090621 0 0.0005538462 0 27.79
2003090622 0 0.0005538462 0 27.789
2003090623 0 0.0005538462 0 27.789
2003090700 0 0.0005538462 0 27.788
2003090701 0 0.0005538462 0 27.788
2003090702 0 0.0005538462 0 27.787
2003090703 0 0.0005538462 0 27.787
2003090704 0 0.0005538462 0 27.787
2003090705 0 0.0005538462 0 27.787
2003090706 0 0.0005538462 0.0066508314 27.787
2003090707 0 0.0005538462 0.0249406176 27.786
2003090708 0 0.0005538462 0.06152019 27.786
2003090709 0 0.0005538462 0.0847980998 27.786
2003090710 0 0.0005538462 0.0914489311 27.786
2003090711 0 0.0005538462 0.103087886 27.785
2003090712 0 0.0005538462 0.1629453682 27.785
2003090713 0 0.0005538462 0.2377672209 27.785
2003090714 0 0.0005538462 0.2610451306 27.786
2003090715 0 0.0005538462 0.1945368171 27.786
2003090716 0 0.0005538462 0.1080760095 27.786
2003090717 0 0.0005538462 0.051543943 27.786
2003090718 0 0.0005538462 0.0116389549 27.786
2003090719 0 0.0005538462 0 27.786
2003090720 0 0.0005538462 0 27.786
2003090721 0 0.0005538462 0 27.786
2003090722 0 0.0005538462 0 27.786
2003090723 0 0.0005538462 0 27.786
2003090800 0 0.0005538462 0 27.786
2003090801 0.2 0.0005538462 0 27.786
2003090802 0.8 0.0005538462 0 27.786
2003090803 0.2 0.0005538462 0 27.787
2003090804 0.5 0.0005538462 0 27.787
2003090805 0.6 0.0005538462 0 27.787
2003090806 0.8 0.0005538462 0.0016786571 27.787
2003090807 1.4 0.0005538462 0.0100719424 27.787
2003090808 0.9 0.0005538462 0.0302158273 27.786
2003090809 1.1 0.0005538462 0.045323741 27.786
2003090810 1.2 0.0005538462 0.0621103118 27.786
2003090811 0.4 0.0005538462 0.0889688249 27.786
2003090812 0 0.0005538462 0.0721822542 27.786
2003090813 0 0.0005538462 0.0705035971 27.786
2003090814 0 0.0005538462 0.0872901679 27.786
2003090815 0 0.0005538462 0.1191846523 27.787
2003090816 0 0.0005538462 0.0705035971 27.788
2003090817 0 0.0005538462 0.0302158273 27.788
2003090818 0 0.0005538462 0.0117505995 27.789
2003090819 0 0.0005538462 0 27.789
2003090820 0 0.0005538462 0 27.789
2003090821 0 0.0005538462 0 27.789
2003090822 0 0.0005538462 0 27.789
2003090823 0 0.0005538462 0 27.79
2003090900 0 0.0005538462 0 27.79
2003090901 0 0.0005538462 0 27.79
2003090902 0 0.0005538462 0 27.79
2003090903 0.1 0.0005538462 0 27.79
2003090904 0 0.0005538462 0 27.791
2003090905 0 0.0005538462 0 27.791
2003090906 0 0.0005538462 0.0214285714 27.791
2003090907 0 0.0005538462 0.0923076923 27.79
2003090908 0 0.0005538462 0.1763736264 27.79
2003090909 0 0.0005538462 0.2456043956 27.789
2003090910 0 0.0005538462 0.3148351648 27.788
2003090911 0 0.0005538462 0.332967033 27.787
2003090912 0 0.0005538462 0.2736263736 27.787
2003090913 0 0.0005538462 0.0791208791 27.787
2003090914 0 0.0005538462 0.0923076923 27.787
2003090915 0 0.0005538462 0.089010989 27.787
2003090916 0 0.0005538462 0.0576923077 27.787
2003090917 0 0.0005538462 0.0197802198 27.787
2003090918 0 0.0005538462 0.0049450549 27.787
2003090919 0.4 0.0005538462 0 27.787
2003090920 0.1 0.0005538462 0 27.786
2003090921 0 0.0005538462 0 27.786
2003090922 0 0.0005538462 0 27.786
2003090923 0 0.0005538462 0 27.786
2003091000 0 0.0005538462 0 27.786
2003091001 0 0.0005538462 0 27.787
2003091002 0 0.0005538462 0 27.787
2003091003 0 0.0005538462 0 27.788
2003091004 0 0.0005538462 0 27.788
2003091005 0 0.0005538462 0 27.789
2003091006 0 0.0006923077 0.0124031008 27.79
2003091007 0 0.0011076923 0.0496124031 27.79
2003091008 0 0.0011076923 0.0728682171 27.791
2003091009 0 0.0011076923 0.0682170543 27.791
2003091010 0 0.0011076923 0.0930232558 27.791
2003091011 0 0.0015230769 0.1054263566 27.791
2003091012 0.7 0.0016615385 0.0651162791 27.792
2003091013 2 0.0016615385 0.0403100775 27.792
2003091014 2.4 0.0016615385 0.0449612403 27.793
2003091015 3.1 0.0016615385 0.0248062016 27.794
2003091016 5.9 0.0016615385 0.0108527132 27.796
2003091017 5.9 0.0016615385 0.0062015504 27.799
2003091018 1.1 0.0013846154 0.0062015504 27.802
2003091019 0 0.0011076923 0 27.806
2003091020 0 0.0011076923 0 27.813
2003091021 0 0.0011076923 0 27.823
2003091022 0 0.0011076923 0 27.833
2003091023 0 0.0011076923 0 27.844
2003091100 0 0.0011076923 0 27.855
2003091101 0 0.0011076923 0 27.864
2003091102 0 0.0011076923 0 27.873
2003091103 0 0.0011076923 0 27.88
2003091104 0 0.0011076923 0 27.887
2003091105 0 0.0011076923 0 27.892
2003091106 0 0.0011076923 0.0293159609 27.897
2003091107 0 0.0011076923 0.0749185668 27.9
2003091108 0 0.0011076923 0.1693811075 27.905
2003091109 0 0.0011076923 0.2671009772 27.908
2003091110 0 0.0011076923 0.1465798046 27.912
2003091111 0 0.0008307692 0.1368078176 27.915
2003091112 0.4 0.0005538462 0.0732899023 27.918
2003091113 0 0.0005538462 0.0912052117 27.921
2003091114 0 0.0005538462 0.1433224756 27.924
2003091115 0 0.0005538462 0.1938110749 27.927
2003091116 0 0.0005538462 0.0928338762 27.93
2003091117 0 0.0005538462 0.0732899023 27.932
2003091118 0 0.0005538462 0.0081433225 27.935
2003091119 0 0.0005538462 0 27.936
2003091120 0 0.0005538462 0 27.937
2003091121 0 0.0005538462 0 27.939
2003091122 0 0.0005538462 0 27.94
2003091123 0 0.0005538462 0 27.942
2003091200 0 0.0005538462 0 27.944
2003091201 0 0.0005538462 0 27.946
2003091202 0 0.0005538462 0 27.948
2003091203 0 0.0005538462 0 27.949
2003091204 0 0.0005538462 0 27.951
2003091205 0 0.0005538462 0 27.952
2003091206 0 0.0005538462 0.0144723618 27.953
2003091207 0 0.0005538462 0.0530653266 27.955
2003091208 0 0.0005538462 0.1608040201 27.955
2003091209 0 0.0005538462 0.2074371859 27.956
2003091210 0 0.0005538462 0.3103517588 27.957
2003091211 0 0.0005538462 0.3634170854 27.959
2003091212 0 0.0005538462 0.295879397 27.96
2003091213 0 0.0005538462 0.0659296482 27.96
2003091214 0.1 0.0011076923 0.040201005 27.961
2003091215 0.2 0.0011076923 0.0225125628 27.962
2003091216 0 0.0013846154 0.0144723618 27.963
2003091217 0 0.0024923077 0.040201005 27.963
2003091218 0 0.0052615385 0.0112562814 27.964
2003091219 0 0.0094153846 0 27.965
2003091220 0 0.0116307692 0 27.965
2003091221 0 0.0113538462 0 27.966
2003091222 0 0.0110769231 0 27.967
2003091223 0 0.0110769231 0 27.967
2003091300 0 0.0108 0 27.968
2003091301 0 0.0094153846 0 27.968
2003091302 0 0.0083076923 0 27.969
2003091303 0 0.0074769231 0 27.97
2003091304 0 0.0063692308 0 27.971
2003091305 0 0.0056769231 0 27.971
2003091306 0 0.0049846154 0.0188446439 27.972
2003091307 0 0.0044307692 0.0769489624 27.972
2003091308 0 0.0038769231 0.1648906338 27.972
2003091309 0 0.0034615385 0.2528323051 27.972
2003091310 0 0.0033230769 0.3329220415 27.972
2003091311 0 0.0031846154 0.3580482333 27.973
2003091312 0 0.0027692308 0.3596186203 27.973
2003091313 0 0.0027692308 0.3596186203 27.974
2003091314 0 0.0027692308 0.3392035895 27.975
2003091315 0 0.0024923077 0.262254627 27.975
2003091316 0 0.0022153846 0.1727425687 27.975
2003091317 0 0.0022153846 0.0895120583 27.975
2003091318 0 0.0022153846 0.0125630959 27.976
2003091319 0 0.0022153846 0 27.976
2003091320 0 0.0022153846 0 27.976
2003091321 0 0.0022153846 0 27.976
2003091322 0 0.0022153846 0 27.976
2003091323 0 0.0022153846 0 27.976
2003091400 0 0.0022153846 0 27.976
2003091401 0 0.0020769231 0 27.976
2003091402 0 0.0016615385 0 27.976
2003091403 0 0.0016615385 0 27.976
2003091404 0 0.0016615385 0 27.976
2003091405 0 0.0016615385 0 27.977
2003091406 0 0.0016615385 0.0124423963 27.977
2003091407 0 0.0016615385 0.077764977 27.977
2003091408 0 0.0016615385 0.1741935484 27.977
2003091409 0 0.0016615385 0.2550691244 27.977
2003091410 0 0.0016615385 0.3048387097 27.977
2003091411 0 0.0016615385 0.3608294931 27.978
2003091412 0 0.0016615385 0.3343894009 27.978
2003091413 0 0.0016615385 0.357718894 27.978
2003091414 0 0.0016615385 0.297062212 27.979
2003091415 0 0.0016615385 0.2550691244 27.979
2003091416 0 0.0016615385 0.1757488479 27.979
2003091417 0 0.0016615385 0.0855414747 27.979
2003091418 0 0.0016615385 0.0093317972 27.979
2003091419 0 0.0016615385 0 27.98
2003091420 0 0.0016615385 0 27.98
2003091421 0 0.0016615385 0 27.979
2003091422 0 0.0016615385 0 27.979
2003091423 0 0.0016615385 0 27.979
2003091500 0 0.0016615385 0 27.979
2003091501 0 0.0016615385 0 27.979
2003091502 0 0.0016615385 0 27.979
2003091503 0 0.0016615385 0 27.979
2003091504 0 0.0016615385 0 27.979
2003091505 0 0.0016615385 0 27.979
2003091506 0 0.0016615385 0.0113513514 27.98
2003091507 0 0.0016615385 0.0697297297 27.98
2003091508 0 0.0016615385 0.1167567568 27.979
2003091509 0 0.0016615385 0.1767567568 27.979
2003091510 0 0.0016615385 0.2886486486 27.979
2003091511 0 0.0016615385 0.3389189189 27.979
2003091512 0 0.0016615385 0.3437837838 27.979
2003091513 0 0.0016615385 0.3291891892 27.979
2003091514 0 0.0011076923 0.3178378378 27.979
2003091515 0 0.0011076923 0.2075675676 27.979
2003091516 0 0.0011076923 0.1394594595 27.979
2003091517 0 0.0011076923 0.0502702703 27.979
2003091518 0 0.0011076923 0.0097297297 27.979
2003091519 0 0.0011076923 0 27.979
2003091520 0 0.0011076923 0 27.979
2003091521 0 0.0011076923 0 27.978
2003091522 0 0.0011076923 0 27.978
2003091523 0 0.0011076923 0 27.977
2003091600 0 0.0011076923 0 27.977
2003091601 0 0.0011076923 0 27.978
2003091602 0 0.0011076923 0 27.978
2003091603 0 0.0011076923 0 27.978
2003091604 0 0.0011076923 0 27.978
2003091605 0 0.0011076923 0 27.978
2003091606 0 0.0011076923 0.0049819495 27.978
2003091607 0 0.0011076923 0.0332129964 27.977
2003091608 0 0.0011076923 0.1544404332 27.977
2003091609 0 0.0011076923 0.2490974729 27.976
2003091610 0 0.0011076923 0.3171841155 27.976
2003091611 0 0.0011076923 0.3371119134 27.976
2003091612 0 0.0011076923 0.3454151625 27.976
2003091613 0 0.0011076923 0.2939350181 27.976
2003091614 0 0.0011076923 0.2291696751 27.976
2003091615 0 0.0011076923 0.1494584838 27.975
2003091616 0 0.0011076923 0.1262093863 27.975
2003091617 0 0.0011076923 0.0514801444 27.975
2003091618 0 0.0011076923 0.0083032491 27.974
2003091619 0 0.0011076923 0 27.974
2003091620 0 0.0011076923 0 27.973
2003091621 0 0.0011076923 0 27.973
2003091622 0 0.0011076923 0 27.973
2003091623 0 0.0011076923 0 27.972
2003091700 0 0.0011076923 0 27.972
2003091701 0 0.0011076923 0 27.972
2003091702 0 0.0011076923 0 27.972
2003091703 0 0.0011076923 0 27.972
2003091704 0 0.0011076923 0 27.972
2003091705 0 0.0011076923 0 27.972
2003091706 0 0.0011076923 0.0049833887 27.972
2003091707 0 0.0011076923 0.0465116279 27.972
2003091708 0 0.0011076923 0.1411960133 27.971
2003091709 0 0.0011076923 0.2392026578 27.971
2003091710 0 0.0011076923 0.303986711 27.971
2003091711 0 0.0011076923 0.3438538206 27.97
2003091712 0 0.0011076923 0.3488372093 27.97
2003091713 0 0.0011076923 0.3338870432 27.97
2003091714 0 0.0011076923 0.292358804 27.97
2003091715 0 0.0011076923 0.2275747508 27.971
2003091716 0 0.0011076923 0.1478405316 27.971
2003091717 0 0.0011076923 0.0647840532 27.971
2003091718 0 0.0011076923 0.0049833887 27.971
2003091719 0 0.0011076923 0 27.971
2003091720 0 0.0011076923 0 27.97
2003091721 0 0.0011076923 0 27.969
2003091722 0 0.0011076923 0 27.969
2003091723 0 0.0011076923 0 27.969
2003091800 0 0.0011076923 0 27.969
2003091801 0 0.0011076923 0 27.969
2003091802 0 0.0011076923 0 27.968
2003091803 0 0.0011076923 0 27.968
2003091804 0 0.0011076923 0 27.968
2003091805 0 0.0011076923 0 27.968
2003091806 0 0.0011076923 0.0105537459 27.968
2003091807 0 0.0011076923 0.0756351792 27.967
2003091808 0 0.0011076923 0.1635830619 27.967
2003091809 0 0.0011076923 0.2585667752 27.967
2003091810 0 0.0011076923 0.3254071661 27.966
2003091811 0 0.0011076923 0.3588273616 27.966
2003091812 0 0.0011076923 0.3746579805 27.966
2003091813 0 0.0011076923 0.3553094463 27.966
2003091814 0 0.0011076923 0.3042996743 27.966
2003091815 0 0.0011076923 0.2409771987 27.966
2003091816 0 0.0011076923 0.1600651466 27.966
2003091817 0 0.0011076923 0.0668403909 27.965
2003091818 0 0.0011076923 0.005276873 27.965
2003091819 0 0.0011076923 0 27.964
2003091820 0 0.0011076923 0 27.964
2003091821 0 0.0011076923 0 27.963
2003091822 0 0.0011076923 0 27.962
2003091823 0 0.0011076923 0 27.962
2003091900 0 0.0011076923 0 27.961
2003091901 0 0.0011076923 0 27.96
2003091902 0 0.0011076923 0 27.96
2003091903 0 0.0011076923 0 27.96
2003091904 0 0.0011076923 0 27.96
2003091905 0 0.0011076923 0 27.959
2003091906 0 0.0011076923 0.008885851 27.959
2003091907 0 0.0011076923 0.0675324675 27.958
2003091908 0 0.0011076923 0.1546138072 27.957
2003091909 0 0.0011076923 0.2434723172 27.956
2003091910 0 0.0011076923 0.3092276145 27.956
2003091911 0 0.0011076923 0.3518796992 27.955
2003091912 0 0.0011076923 0.3660970608 27.955
2003091913 0 0.0011076923 0.3536568694 27.955
2003091914 0 0.0011076923 0.3056732741 27.955
2003091915 0 0.0011076923 0.2292549556 27.955
2003091916 0 0.0011076923 0.1475051265 27.955
2003091917 0 0.0011076923 0.0568694463 27.954
2003091918 0 0.0011076923 0.0053315106 27.953
2003091919 0 0.0011076923 0 27.953
2003091920 0 0.0011076923 0 27.952
2003091921 0 0.0011076923 0 27.952
2003091922 0 0.0011076923 0 27.951
2003091923 0 0.0011076923 0 27.951
2003092000 0 0.0011076923 0 27.95
2003092001 0 0.0011076923 0 27.95
2003092002 0 0.0011076923 0 27.95
2003092003 0 0.0011076923 0 27.949
2003092004 0 0.0011076923 0 27.949
2003092005 0 0.0011076923 0 27.949
2003092006 0 0.0011076923 0.0072372999 27.948
2003092007 0 0.0011076923 0.0615170494 27.948
2003092008 0 0.0011076923 0.1465553236 27.947
2003092009 0 0.0011076923 0.2442588727 27.947
2003092010 0 0.0011076923 0.309394572 27.946
2003092011 0 0.0011076923 0.3510090466 27.946
2003092012 0 0.0011076923 0.3654836465 27.946
2003092013 0 0.0011076923 0.3528183716 27.945
2003092014 0 0.0011076923 0.3057759221 27.945
2003092015 0 0.0011076923 0.2388308977 27.945
2003092016 0 0.0011076923 0.1537926235 27.944
2003092017 0 0.0011076923 0.0597077244 27.944
2003092018 0 0.0011076923 0.00361865 27.944
2003092019 0 0.0011076923 0 27.944
2003092020 0 0.0011076923 0 27.944
2003092021 0 0.0011076923 0 27.944
2003092022 0 0.0011076923 0 27.943
2003092023 0 0.0011076923 0 27.943
2003092100 0 0.0011076923 0 27.943
2003092101 0 0.0011076923 0 27.943
2003092102 0 0.0011076923 0 27.943
2003092103 0 0.0011076923 0 27.942
2003092104 0 0.0011076923 0 27.942
2003092105 0 0.0011076923 0 27.941
2003092106 0 0.0011076923 0.0070744289 27.94
2003092107 0 0.0011076923 0.0371407517 27.94
2003092108 0 0.0011076923 0.143257185 27.939
2003092109 0 0.0011076923 0.2246131172 27.937
2003092110 0 0.0011076923 0.2900515844 27.937
2003092111 0 0.0011076923 0.3360353721 27.936
2003092112 0 0.0011076923 0.3484156227 27.936
2003092113 0 0.0011076923 0.3183492999 27.936
2003092114 0 0.0011076923 0.2829771555 27.936
2003092115 0 0.0011076923 0.2193072955 27.936
2003092116 0 0.0011076923 0.1361827561 27.936
2003092117 0 0.0011076923 0.0530582167 27.935
2003092118 0 0.0011076923 0.0035372144 27.935
2003092119 0 0.0011076923 0 27.935
2003092120 0 0.0011076923 0 27.934
2003092121 0 0.0011076923 0 27.934
2003092122 0 0.0011076923 0 27.934
2003092123 0 0.0011076923 0 27.934
2003092200 0 0.0011076923 0 27.934
2003092201 0 0.0011076923 0 27.933
2003092202 0 0.0011076923 0 27.934
2003092203 0 0.0011076923 0 27.934
2003092204 0 0.0011076923 0 27.934
2003092205 0 0.0011076923 0 27.934
2003092206 0 0.0011076923 0.0090777052 27.934
2003092207 0 0.0011076923 0.0671750182 27.934
2003092208 0 0.0011076923 0.1597676107 27.934
2003092209 0 0.0011076923 0.2505446623 27.934
2003092210 0 0.0011076923 0.3249818446 27.934
2003092211 0 0.0011076923 0.3703703704 27.935
2003092212 0 0.0011076923 0.3685548293 27.935
2003092213 0 0.0011076923 0.2741466957 27.935
2003092214 0 0.0011076923 0.2705156137 27.935
2003092215 0 0.0011076923 0.2196804648 27.934
2003092216 0 0.0011076923 0.1325344953 27.934
2003092217 0 0.0011076923 0.0490196078 27.934
2003092218 0 0.0011076923 0.0036310821 27.934
2003092219 0 0.0011076923 0 27.933
2003092220 0 0.0011076923 0 27.932
2003092221 0 0.0011076923 0 27.931
2003092222 0 0.0011076923 0 27.931
2003092223 1.6 0.0011076923 0 27.93
2003092300 2.1 0.0011076923 0 27.928
2003092301 1.9 0.0011076923 0 27.927
2003092302 0.9 0.0011076923 0 27.925
2003092303 0.6 0.0011076923 0 27.924
2003092304 0 0.0011076923 0 27.923
2003092305 0 0.0011076923 0 27.922
2003092306 0 0.0011076923 0.0073349633 27.921
2003092307 0 0.0011076923 0.0410757946 27.92
2003092308 0 0.0011076923 0.1320293399 27.919
2003092309 0 0.0011076923 0.1349633252 27.919
2003092310 0.7 0.0011076923 0.1334963325 27.917
2003092311 0.5 0.0011076923 0.1232273839 27.916
2003092312 0 0.0011076923 0.1716381418 27.916
2003092313 0 0.0011076923 0.1511002445 27.915
2003092314 0 0.0011076923 0.0836185819 27.915
2003092315 0 0.0011076923 0.1569682152 27.914
2003092316 0.5 0.0011076923 0.0249388753 27.914
2003092317 0 0.0011076923 0.0366748166 27.913
2003092318 0 0.0011076923 0.0029339853 27.912
2003092319 0 0.0011076923 0 27.912
2003092320 0 0.0011076923 0 27.911
2003092321 0 0.0011076923 0 27.911
2003092322 0 0.0011076923 0 27.91
2003092323 0 0.0011076923 0 27.909
2003092400 0 0.0011076923 0 27.909
2003092401 0 0.0011076923 0 27.908
2003092402 0 0.0011076923 0 27.908
2003092403 0 0.0011076923 0 27.908
2003092404 0 0.0011076923 0 27.908
2003092405 0 0.0011076923 0 27.908
2003092406 0 0.0011076923 0.0058299595 27.908
2003092407 0 0.0011076923 0.059757085 27.907
2003092408 0 0.0011076923 0.1370040486 27.907
2003092409 0 0.0011076923 0.2142510121 27.906
2003092410 0 0.0011076923 0.2710931174 27.906
2003092411 0 0.0011076923 0.3250202429 27.905
2003092412 0 0.0011076923 0.1603238866 27.905
2003092413 0 0.0011076923 0.1661538462 27.905
2003092414 0 0.0011076923 0.2055060729 27.906
2003092415 0 0.0011076923 0.0787044534 27.906
2003092416 0 0.0011076923 0.1282591093 27.906
2003092417 0 0.0011076923 0.0466396761 27.906
2003092418 0 0.0011076923 0.0014574899 27.906
2003092419 0 0.0011076923 0 27.906
2003092420 0 0.0011076923 0 27.906
2003092421 0 0.0011076923 0 27.905
2003092422 0 0.0011076923 0 27.905
2003092423 0 0.0011076923 0 27.905
2003092500 0 0.0011076923 0 27.905
2003092501 0 0.0013846154 0 27.905
2003092502 0 0.0016615385 0 27.905
2003092503 0 0.0016615385 0 27.905
2003092504 0 0.0016615385 0 27.906
2003092505 0 0.0020769231 0 27.906
2003092506 0 0.0022153846 0.0074677529 27.906
2003092507 0 0.0022153846 0.0522742702 27.906
2003092508 0 0.0022153846 0.1329260014 27.906
2003092509 0 0.0022153846 0.1986422267 27.906
2003092510 0 0.0022153846 0.2748133062 27.906
2003092511 0 0.0020769231 0.300203666 27.906
2003092512 0 0.0018 0.3091649695 27.906
2003092513 0 0.0016615385 0.2912423625 27.907
2003092514 0 0.0016615385 0.2419551935 27.907
2003092515 0 0.0016615385 0.2105906314 27.908
2003092516 0 0.0019384615 0.1284453496 27.909
2003092517 0 0.0022153846 0.0507807196 27.909
2003092518 0 0.0022153846 0.0014935506 27.909
2003092519 0 0.0019384615 0 27.909
2003092520 0 0.0016615385 0 27.909
2003092521 0 0.0016615385 0 27.909
2003092522 0 0.0016615385 0 27.908
2003092523 0 0.0016615385 0 27.908
2003092600 0 0.0016615385 0 27.909
2003092601 0 0.0016615385 0 27.909
2003092602 0 0.0016615385 0 27.909
2003092603 0 0.0016615385 0 27.909
2003092604 0 0.0016615385 0 27.909
2003092605 0 0.0016615385 0 27.91
2003092606 0 0.0016615385 0.0047355959 27.91
2003092607 0 0.0016615385 0.0568271507 27.91
2003092608 0 0.0012461538 0.1389108129 27.909
2003092609 0 0.0011076923 0.2099447514 27.909
2003092610 0 0.0011076923 0.2778216259 27.908
2003092611 0 0.0011076923 0.3109707972 27.908
2003092612 0 0.0011076923 0.320441989 27.908
2003092613 0 0.0011076923 0.2762430939 27.907
2003092614 0 0.0011076923 0.2004735596 27.907
2003092615 0 0.0015230769 0.1168113654 27.907
2003092616 0 0.0016615385 0.0584056827 27.906
2003092617 0 0.0016615385 0.0268350434 27.906
2003092618 0 0.0016615385 0.001578532 27.905
2003092619 0 0.0016615385 0 27.905
2003092620 0 0.0016615385 0 27.904
2003092621 0 0.0016615385 0 27.904
2003092622 0 0.0016615385 0 27.903
2003092623 0 0.0016615385 0 27.903
2003092700 0 0.0016615385 0 27.903
2003092701 0 0.0016615385 0 27.903
2003092702 0 0.0016615385 0 27.902
2003092703 0 0.0016615385 0 27.902
2003092704 0 0.0016615385 0 27.902
2003092705 0 0.0016615385 0 27.901
2003092706 0 0.0016615385 0.0062193126 27.901
2003092707 0 0.0016615385 0.0404255319 27.9
2003092708 0 0.0016615385 0.0808510638 27.9
2003092709 0 0.0016615385 0.1725859247 27.899
2003092710 0 0.0016615385 0.2565466448 27.899
2003092711 0 0.0016615385 0.289198036 27.899
2003092712 0 0.0016615385 0.3482815057 27.899
2003092713 0 0.0016615385 0.1694762684 27.899
2003092714 0 0.0016615385 0.2332242226 27.899
2003092715 0 0.0016615385 0.1943535188 27.899
2003092716 0 0.0016615385 0.0699672668 27.899
2003092717 0 0.0016615385 0.0388707038 27.899
2003092718 0 0.0016615385 0 27.899
2003092719 0 0.0016615385 0 27.899
2003092720 0 0.0016615385 0 27.898
2003092721 0 0.0016615385 0 27.898
2003092722 0 0.0016615385 0 27.898
2003092723 0 0.0016615385 0 27.898
2003092800 0 0.0016615385 0 27.898
2003092801 0 0.0016615385 0 27.898
2003092802 0 0.0016615385 0 27.898
2003092803 0 0.0016615385 0 27.898
2003092804 0 0.0016615385 0 27.898
2003092805 0 0.0016615385 0 27.898
2003092806 0 0.0016615385 0.0014553015 27.899
2003092807 0 0.0016615385 0.0072765073 27.899
2003092808 0 0.0016615385 0.0087318087 27.899
2003092809 0.4 0.0016615385 0.0174636175 27.899
2003092810 0.2 0.0016615385 0.0465696466 27.898
2003092811 0 0.0016615385 0.1091476091 27.899
2003092812 0 0.0016615385 0.1702702703 27.899
2003092813 0 0.0016615385 0.1426195426 27.899
2003092814 0 0.0016615385 0.0975051975 27.9
2003092815 0 0.0016615385 0.0567567568 27.9
2003092816 0 0.0016615385 0.0349272349 27.9
2003092817 0.2 0.0016615385 0.0072765073 27.9
2003092818 6.8 0.0016615385 0 27.9
2003092819 0.9 0.0016615385 0 27.899
2003092820 0 0.0016615385 0 27.899
2003092821 0 0.0016615385 0 27.899
2003092822 0 0.0016615385 0 27.899
2003092823 0 0.0016615385 0 27.899
2003092900 0 0.0016615385 0 27.899
2003092901 0 0.0016615385 0 27.9
2003092902 0 0.0016615385 0 27.9
2003092903 0 0.0016615385 0 27.901
2003092904 0 0.0016615385 0 27.902
2003092905 0.2 0.0016615385 0 27.902
2003092906 0.1 0.0016615385 0 27.902
2003092907 0.3 0.0016615385 0.0044720497 27.902
2003092908 0.1 0.0016615385 0.0059627329 27.902
2003092909 0 0.0016615385 0.0223602484 27.901
2003092910 0 0.0016615385 0.1505590062 27.9
2003092911 0 0.0016615385 0.220621118 27.9
2003092912 0 0.0016615385 0.2549068323 27.9
2003092913 0 0.0016615385 0.1699378882 27.899
2003092914 0 0.0016615385 0.1013664596 27.899
2003092915 0 0.0016615385 0.1580124224 27.899
2003092916 0 0.0016615385 0.0998757764 27.9
2003092917 0 0.0016615385 0.0119254658 27.9
2003092918 0 0.0016615385 0 27.9
2003092919 0 0.0016615385 0 27.9
2003092920 0 0.0016615385 0 27.9
2003092921 0 0.0016615385 0 27.9
2003092922 0 0.0016615385 0 27.9
2003092923 0 0.0016615385 0 27.9
2003093000 0 0.0016615385 0 27.901
2003093001 0 0.0016615385 0 27.901
2003093002 0 0.0016615385 0 27.902
2003093003 0 0.0016615385 0 27.902
2003093004 0 0.0016615385 0 27.902
2003093005 0 0.0016615385 0 27.903
2003093006 0 0.0016615385 0.0029292107 27.903
2003093007 0 0.0016615385 0.0483319772 27.903
2003093008 0 0.0016615385 0.1127746135 27.903
2003093009 0 0.0016615385 0.1845402766 27.903
2003093010 0 0.0016615385 0.2387306753 27.903
2003093011 0 0.0016615385 0.2592351505 27.903
2003093012 0 0.0016615385 0.2724165989 27.903
2003093013 0 0.0019384615 0.2328722539 27.903
2003093014 0 0.0022153846 0.1889340928 27.904
2003093015 0 0.0022153846 0.1435313263 27.904
2003093016 0 0.0022153846 0.0951993491 27.904
2003093017 0 0.0022153846 0.0205044752 27.904
2003093018 0 0.0022153846 0 27.904
2003093019 0 0.0022153846 0 27.904
2003093020 0 0.0022153846 0 27.904
2003093021 0 0.0023538462 0 27.904
2003093022 0 0.0031846154 0 27.904
2003093023 0 0.0038769231 0 27.904
2003100100 0 0.0038769231 0 27.904
2003100101 0 0.0034615385 0 27.904
2003100102 0 0.0031846154 0 27.904
2003100103 0 0.0027692308 0 27.905
2003100104 0 0.0027692308 0 27.906
2003100105 0 0.0023538462 0 27.907
2003100106 0 0.0022153846 0.0015700483 27.907
2003100107 0 0.0022153846 0.045531401 27.907
2003100108 0 0.0022153846 0.1224637681 27.907
2003100109 0 0.0022153846 0.1585748792 27.907
2003100110 0 0.0022153846 0.2323671498 27.907
2003100111 0 0.0022153846 0.21352657 27.907
2003100112 0 0.0022153846 0.2009661836 27.908
2003100113 0 0.0022153846 0.1632850242 27.908
2003100114 0 0.0022153846 0.0926328502 27.909
2003100115 0 0.0022153846 0.0565217391 27.909
2003100116 0 0.0022153846 0.0094202899 27.909
2003100117 0 0.0022153846 0.0031400966 27.908
2003100118 1.7 0.0022153846 0 27.908
2003100119 0.7 0.0022153846 0 27.908
2003100120 1.2 0.0022153846 0 27.907
2003100121 1.5 0.0022153846 0 27.907
2003100122 1 0.0022153846 0 27.907
2003100123 0.1 0.0022153846 0 27.907
2003100200 0 0.0022153846 0 27.907
2003100201 0 0.0022153846 0 27.907
2003100202 0 0.0022153846 0 27.907
2003100203 0 0.0022153846 0 27.907
2003100204 0 0.0022153846 0 27.907
2003100205 0 0.0022153846 0 27.907
2003100206 0 0.0022153846 0.0015089163 27.907
2003100207 0 0.0022153846 0.0135802469 27.907
2003100208 0 0.0022153846 0.0482853224 27.907
2003100209 0 0.0022153846 0.1403292181 27.907
2003100210 0 0.0022153846 0.1192043896 27.907
2003100211 0 0.0022153846 0.111659808 27.907
2003100212 0 0.0020769231 0.149382716 27.907
2003100213 0 0.0016615385 0.1222222222 27.907
2003100214 0 0.0019384615 0.1358024691 27.908
2003100215 0 0.0019384615 0.158436214 27.909
2003100216 0 0.0022153846 0.0784636488 27.911
2003100217 0 0.0022153846 0.0211248285 27.912
2003100218 0 0.0022153846 0 27.912
2003100219 0 0.0022153846 0 27.913
2003100220 0 0.0022153846 0 27.914
2003100221 0 0.0022153846 0 27.914
2003100222 0 0.0022153846 0 27.915
2003100223 0 0.0022153846 0 27.915
2003100300 0 0.0022153846 0 27.917
2003100301 0 0.0022153846 0 27.919
2003100302 0 0.0022153846 0 27.919
2003100303 0 0.0022153846 0 27.92
2003100304 0 0.0022153846 0 27.923
2003100305 0 0.0022153846 0 27.923
2003100306 0 0.0022153846 0 27.924
2003100307 0 0.0022153846 0.0079365079 27.924
2003100308 0 0.0022153846 0.0206349206 27.924
2003100309 0 0.0022153846 0.0587301587 27.924
2003100310 0.3 0.0022153846 0.0444444444 27.925
2003100311 0 0.0018 0.0666666667 27.925
2003100312 0 0.0016615385 0.1015873016 27.925
2003100313 0 0.0018 0.0634920635 27.926
2003100314 0 0.0022153846 0.053968254 27.927
2003100315 0 0.0022153846 0.0412698413 27.927
2003100316 0 0.0019384615 0.0317460317 27.927
2003100317 0 0.0016615385 0.0095238095 27.928
2003100318 0 0.0016615385 0 27.928
2003100319 0 0.0016615385 0 27.928
2003100320 0 0.0016615385 0 27.929
2003100321 0 0.0018 0 27.929
2003100322 0.6 0.0022153846 0 27.93
2003100323 0.1 0.0022153846 0 27.931
2003100400 1 0.0024923077 0 27.931
2003100401 0.8 0.0027692308 0 27.931
2003100402 0 0.0033230769 0 27.931
2003100403 0 0.0033230769 0 27.932
2003100404 0 0.0029076923 0 27.933
2003100405 0 0.0027692308 0 27.933
2003100406 0 0.0026307692 0.0015027322 27.934
2003100407 0 0.0022153846 0.0225409836 27.934
2003100408 0 0.0022153846 0.1157103825 27.934
2003100409 0 0.0022153846 0.1637978142 27.934
2003100410 0 0.0022153846 0.1081967213 27.934
2003100411 0 0.0022153846 0.1683060109 27.934
2003100412 0 0.0022153846 0.2013661202 27.934
2003100413 1 0.0022153846 0.0976775956 27.935
2003100414 0 0.0022153846 0.1202185792 27.936
2003100415 0 0.0022153846 0.0420765027 27.936
2003100416 0 0.0022153846 0.0510928962 27.937
2003100417 0 0.0022153846 0.0075136612 27.937
2003100418 0 0.0022153846 0 27.937
2003100419 0 0.0022153846 0 27.938
2003100420 0.1 0.0022153846 0 27.939
2003100421 0.1 0.0022153846 0 27.939
2003100422 0 0.0022153846 0 27.94
2003100423 0.1 0.0022153846 0 27.94
2003100500 0 0.0022153846 0 27.942
2003100501 0 0.0022153846 0 27.943
2003100502 0 0.0022153846 0 27.943
2003100503 0 0.0022153846 0 27.944
2003100504 0 0.0022153846 0 27.944
2003100505 0 0.0022153846 0 27.944
2003100506 0 0.0022153846 0 27.944
2003100507 0 0.0022153846 0.0320037106 27.944
2003100508 0 0.0022153846 0.1057513915 27.944
2003100509 0 0.0083076923 0.176716141 27.944
2003100510 0 0.0087230769 0.1850649351 27.944
2003100511 0 0.0058153846 0.1989795918 27.944
2003100512 0 0.0038769231 0.2212430427 27.944
2003100513 0 0.0030461538 0.2142857143 27.946
2003100514 0 0.0024923077 0.1280148423 27.946
2003100515 0 0.0022153846 0.1266233766 27.946
2003100516 0 0.0022153846 0.0918367347 27.946
2003100517 0 0.0020769231 0.0194805195 27.947
2003100518 0 0.0016615385 0 27.947
2003100519 0 0.0016615385 0 27.947
2003100520 0 0.0016615385 0 27.947
2003100521 0 0.0016615385 0 27.947
2003100522 0 0.0019384615 0 27.947
2003100523 0 0.0022153846 0 27.947
2003100600 0 0.0022153846 0 27.948
2003100601 0 0.0022153846 0 27.949
2003100602 0 0.0022153846 0 27.95
2003100603 0 0.0022153846 0 27.951
2003100604 0 0.0022153846 0 27.952
2003100605 0 0.0022153846 0 27.953
2003100606 0 0.0022153846 0 27.954
2003100607 0 0.0022153846 0.0075757576 27.955
2003100608 0.4 0.0022153846 0.0257575758 27.955
2003100609 0.9 0.0022153846 0.0166666667 27.957
2003100610 1.2 0.0022153846 0.0227272727 27.959
2003100611 0.2 0.0022153846 0.0303030303 27.959
2003100612 0.6 0.0020769231 0.0196969697 27.959
2003100613 0.7 0.0018 0.0454545455 27.96
2003100614 0 0.0022153846 0.0454545455 27.96
2003100615 0.1 0.0022153846 0.0651515152 27.96
2003100616 2.7 0.0022153846 0.0151515152 27.96
2003100617 1.3 0.0022153846 0.0060606061 27.96
2003100618 0 0.0022153846 0 27.96
2003100619 0 0.0022153846 0 27.96
2003100620 0 0.0022153846 0 27.961
2003100621 0 0.0022153846 0 27.963
2003100622 0 0.0022153846 0 27.965
2003100623 0 0.0022153846 0 27.968
2003100700 1.2 0.0022153846 0 27.972
2003100701 1.2 0.0022153846 0 27.975
2003100702 0.1 0.0022153846 0 27.978
2003100703 7.9 0.0022153846 0 27.98
2003100704 1 0.0022153846 0 27.983
2003100705 2.7 0.0018 0 27.988
2003100706 1.4 0.0016615385 0 27.994
2003100707 0.6 0.0016615385 0.0084507042 28.004
2003100708 2.2 0.0016615385 0.0154929577 28.017
2003100709 4.2 0.0016615385 0.0126760563 28.032
2003100710 0.2 0.0016615385 0.1154929577 28.049
2003100711 0 0.0016615385 0.1971830986 28.072
2003100712 0.8 0.0016615385 0.1309859155 28.099
2003100713 0.6 0.0016615385 0.0901408451 28.124
2003100714 0 0.0016615385 0.1830985915 28.145
2003100715 0 0.0016615385 0.1042253521 28.163
2003100716 0.5 0.0016615385 0.038028169 28.177
2003100717 0.1 0.0016615385 0.0042253521 28.187
2003100718 1.3 0.0016615385 0 28.193
2003100719 0 0.0016615385 0 28.197
2003100720 1.4 0.0016615385 0 28.201
2003100721 1.3 0.0016615385 0 28.205
2003100722 0.2 0.0016615385 0 28.21
2003100723 0.3 0.0016615385 0 28.218
2003100800 0 0.0016615385 0 28.227
2003100801 0 0.0016615385 0 28.232
2003100802 0 0.0016615385 0 28.236
2003100803 0 0.0016615385 0 28.239
2003100804 0 0.0016615385 0 28.239
2003100805 0 0.0016615385 0 28.237
2003100806 0 0.0016615385 0 28.235
2003100807 0 0.0016615385 0.0206896552 28.233
2003100808 0 0.0016615385 0.0668435013 28.23
2003100809 0 0.0016615385 0.1209549072 28.227
2003100810 0 0.0016615385 0.1352785146 28.223
2003100811 0 0.0019384615 0.0732095491 28.22
2003100812 0 0.0022153846 0.0891246684 28.219
2003100813 0 0.0022153846 0.0381962865 28.216
2003100814 0.3 0.0022153846 0.0334217507 28.214
2003100815 1.8 0.0022153846 0.0190981432 28.212
2003100816 3.5 0.0024923077 0.0031830239 28.21
2003100817 1.7 0.0027692308 0 28.209
2003100818 0.4 0.0030461538 0 28.216
2003100819 0.2 0.0038769231 0 28.239
2003100820 0 0.0038769231 0 28.265
2003100821 0 0.0036 0 28.283
2003100822 0 0.0031846154 0 28.292
2003100823 0 0.0027692308 0 28.295
2003100900 0 0.0027692308 0 28.294
2003100901 0 0.0027692308 0 28.292
2003100902 0 0.0033230769 0 28.288
2003100903 0 0.0034615385 0 28.283
2003100904 0 0.0052615385 0 28.277
2003100905 0 0.0076153846 0 28.271
2003100906 0 0.0098307692 0 28.264
2003100907 0 0.0106615385 0.0184659091 28.258
2003100908 0 0.0131538462 0.0823863636 28.252
2003100909 0 0.0146769231 0.078125 28.246
2003100910 0 0.0166153846 0.0639204545 28.241
2003100911 0 0.0217384615 0.0596590909 28.235
2003100912 0 0.0276923077 0.1008522727 28.231
2003100913 0 0.0253384615 0.0369318182 28.227
2003100914 0.3 0.0221538462 0.0298295455 28.223
2003100915 0.3 0.0196615385 0.0213068182 28.219
2003100916 0.3 0.0177230769 0.0071022727 28.216
2003100917 0.1 0.0162 0.0014204545 28.213
2003100918 0 0.0149538462 0 28.211
2003100919 0 0.0142615385 0 28.208
2003100920 0 NA 0 28.206
2003100921 0.2 NA 0 28.204
2003100922 0 NA 0 28.202
2003100923 0 NA 0 28.199
2003101000 0 NA 0 28.197
2003101001 0 NA 0 28.196
2003101002 0 NA 0 28.194
2003101003 0 NA 0 28.192
2003101004 0 NA 0 28.191
2003101005 0 NA 0 28.188
2003101006 0 NA 0 28.187
2003101007 0 NA 0.0112676056 28.185
2003101008 0.1 NA 0.0241448692 28.183
2003101009 0.3 NA 0.0241448692 28.181
2003101010 0.6 NA 0.0338028169 28.178
2003101011 0.6 NA 0.0370221328 28.176
2003101012 0 NA 0.122334004 28.175
2003101013 0 NA 0.1867203219 28.174
2003101014 0 NA 0.1979879276 28.175
2003101015 0 NA 0.0885311871 28.175
2003101016 0 NA 0.0676056338 28.174
2003101017 0 NA 0.0064386318 28.172
2003101018 0 NA 0 28.171
2003101019 0 NA 0 28.169
2003101020 0 NA 0 28.167
2003101021 0 NA 0 28.165
2003101022 0 NA 0 28.164
2003101023 0 NA 0 28.163
2003101100 0 NA 0 28.16
2003101101 0 NA 0 28.16
2003101102 0 NA 0 28.158
2003101103 0 NA 0 28.156
2003101104 0 NA 0 28.155
2003101105 0 NA 0 28.154
2003101106 0 NA 0 28.152
2003101107 0 NA 0.0138817481 28.15
2003101108 0 NA 0.0370179949 28.148
2003101109 0 NA 0.0678663239 28.146
2003101110 0 NA 0.0956298201 28.144
2003101111 0 NA 0.1156812339 28.142
2003101112 0 NA 0.1095115681 28.141
2003101113 0 NA 0.0524421594 28.139
2003101114 0 NA 0.0354755784 28.139
2003101115 0 NA 0.0385604113 28.137
2003101116 0 NA 0.0277634961 28.136
2003101117 0 NA 0.0061696658 28.135
2003101118 0 NA 0 28.134
2003101119 0 NA 0 28.132
2003101120 0 NA 0 28.131
2003101121 0 NA 0 28.129
2003101122 0 NA 0 28.128
2003101123 0 NA 0 28.127
2003101200 0 NA 0 28.126
2003101201 0 NA 0 28.125
2003101202 0 NA 0 28.123
2003101203 0 NA 0 28.123
2003101204 0 NA 0 28.121
2003101205 0 NA 0 28.12
2003101206 0 NA 0 28.12
2003101207 0 NA 0.0211466165 28.119
2003101208 0 NA 0.0761278195 28.117
2003101209 0 NA 0.1593045113 28.116
2003101210 0 NA 0.2114661654 28.115
2003101211 0 NA 0.2438909774 28.113
2003101212 0 NA 0.2128759398 28.113
2003101213 0 NA 0.2044172932 28.113
2003101214 0 NA 0.1719924812 28.112
2003101215 0 NA 0.132518797 28.112
2003101216 0 NA 0.0578007519 28.112
2003101217 0 NA 0.0084586466 28.112
2003101218 0 NA 0 28.111
2003101219 0 NA 0 28.109
2003101220 0 NA 0 28.108
2003101221 0 NA 0 28.107
2003101222 0 NA 0 28.106
2003101223 0 NA 0 28.106
2003101300 0 NA 0 28.105
2003101301 0 NA 0 28.104
2003101302 0 NA 0 28.104
2003101303 0 NA 0 28.103
2003101304 0 NA 0 28.103
2003101305 0 NA 0 28.103
2003101306 0 NA 0 28.102
2003101307 0 NA 0.01825054 28.101
2003101308 0 NA 0.081425486 28.1
2003101309 0 NA 0.1502159827 28.099
2003101310 0 NA 0.207775378 28.098
2003101311 0 NA 0.2260259179 28.098
2003101312 0 NA 0.189524838 28.097
2003101313 0 NA 0.1698704104 28.097
2003101314 0 NA 0.1179265659 28.097
2003101315 0 NA 0.0968682505 28.096
2003101316 0 NA 0.0379049676 28.096
2003101317 0 NA 0.0042116631 28.095
2003101318 0 NA 0 28.095
2003101319 0 NA 0 28.093
2003101320 0 NA 0 28.092
2003101321 0 NA 0 28.091
2003101322 0 NA 0 28.09
2003101323 0 NA 0 28.089
2003101400 0 NA 0 28.089
2003101401 0 NA 0 28.088
2003101402 0 NA 0 28.088
2003101403 0 NA 0 28.088
2003101404 0 NA 0 28.087
2003101405 0 NA 0 28.087
2003101406 0 NA 0 28.086
2003101407 0 NA 0.0175359712 28.086
2003101408 0 NA 0.0795863309 28.084
2003101409 0 NA 0.1443345324 28.083
2003101410 0 NA 0.1901978417 28.083
2003101411 0 NA 0.2293165468 28.082
2003101412 0 NA 0.2158273381 28.081
2003101413 0 NA 0.2306654676 28.081
2003101414 0 NA 0.1915467626 28.081
2003101415 0 NA 0.1335431655 28.081
2003101416 0 NA 0.0607014388 28.081
2003101417 0 NA 0.0067446043 28.08
2003101418 0 NA 0 28.08
2003101419 0 NA 0 28.079
2003101420 0 NA 0 28.077
2003101421 0 NA 0 28.077
2003101422 0 NA 0 28.076
2003101423 0 NA 0 28.076
2003101500 0 NA 0 28.075
2003101501 0 NA 0 28.075
2003101502 0 NA 0 28.075
2003101503 0 NA 0 28.075
2003101504 0 NA 0 28.075
2003101505 0 NA 0 28.075
2003101506 0 NA 0 28.074
2003101507 0 NA 0.0193014706 28.074
2003101508 0 NA 0.0694852941 28.072
2003101509 0 NA 0.1376838235 28.072
2003101510 0 NA 0.1814338235 28.071
2003101511 0 NA 0.2136029412 28.071
2003101512 0 NA 0.2200367647 28.071
2003101513 0 NA 0.2071691176 28.072
2003101514 0 NA 0.1737132353 28.072
2003101515 0 NA 0.1196691176 28.072
2003101516 0 NA 0.0514705882 28.072
2003101517 0 NA 0.0064338235 28.072
2003101518 0 NA 0 28.071
2003101519 0 NA 0 28.07
2003101520 0 NA 0 28.069
2003101521 0 NA 0 28.068
2003101522 0 NA 0 28.068
2003101523 0 NA 0 28.067
2003101600 0 NA 0 28.067
2003101601 0 NA 0 28.067
2003101602 0 NA 0 28.067
2003101603 0 NA 0 28.067
2003101604 0 NA 0 28.067
2003101605 0 NA 0 28.067
2003101606 0 NA 0 28.066
2003101607 0 NA 0.0171374765 28.066
2003101608 0 NA 0.0711864407 28.065
2003101609 0 NA 0.1370998117 28.064
2003101610 0 NA 0.1858757062 28.064
2003101611 0 NA 0.2161958569 28.064
2003101612 0 NA 0.2201506591 28.064
2003101613 0 NA 0.2069679849 28.064
2003101614 0 NA 0.172693032 28.064
2003101615 0 NA 0.1173258004 28.064
2003101616 0 NA 0.050094162 28.064
2003101617 0 NA 0.0052730697 28.064
2003101618 0 NA 0 28.064
2003101619 0 NA 0 28.064
2003101620 0 NA 0 28.063
2003101621 0 NA 0 28.063
2003101622 0 NA 0 28.062
2003101623 0 NA 0 28.062
2003101700 0 NA 0 28.062
2003101701 0 NA 0 28.062
2003101702 0 NA 0 28.062
2003101703 0 NA 0 28.062
2003101704 0 NA 0 28.062
2003101705 0 NA 0 28.062
2003101706 0 NA 0 28.062
2003101707 0 NA 0.0171536287 28.062
2003101708 0 NA 0.0725730443 28.062
2003101709 0 NA 0.1359095193 28.061
2003101710 0 NA 0.1860508954 28.061
2003101711 0 NA 0.2150801131 28.061
2003101712 0 NA 0.2229971725 28.062
2003101713 0 NA 0.2084825636 28.062
2003101714 0 NA 0.1715362865 28.062
2003101715 0 NA 0.114797361 28.062
2003101716 0 NA 0.0501413761 28.062
2003101717 0 NA 0.0052780396 28.062
2003101718 0 NA 0 28.062
2003101719 0 NA 0 28.061
2003101720 0 NA 0 28.06
2003101721 0 NA 0 28.06
2003101722 0 NA 0 28.06
2003101723 0 NA 0 28.06
2003101800 0 NA 0 28.06
2003101801 0 NA 0 28.06
2003101802 0 NA 0 28.06
2003101803 0 NA 0 28.06
2003101804 0 NA 0 28.06
2003101805 0 NA 0 28.06
2003101806 0 NA 0 28.06
2003101807 0 NA 0.0213114754 28.06
2003101808 0 NA 0.0839922854 28.06
2003101809 0 NA 0.1266152363 28.059
2003101810 0 NA 0.1755062681 28.059
2003101811 0 NA 0.2030858245 28.059
2003101812 0 NA 0.2030858245 28.059
2003101813 0 NA 0.1842815815 28.059
2003101814 0 NA 0.1541947927 28.059
2003101815 0 NA 0.1040501446 28.06
2003101816 0 NA 0.0413693346 28.06
2003101817 0 NA 0.0025072324 28.06
2003101818 0 NA 0 28.059
2003101819 0 NA 0 28.059
2003101820 0 NA 0 28.058
2003101821 0 NA 0 28.058
2003101822 0 NA 0 28.057
2003101823 0 NA 0 28.057
2003101900 0 NA 0 28.057
2003101901 0 NA 0 28.057
2003101902 0 NA 0 28.057
2003101903 0 NA 0 28.058
2003101904 0 NA 0 28.058
2003101905 0 NA 0 28.058
2003101906 0 NA 0 28.058
2003101907 0 NA 0.013860252 28.057
2003101908 0 NA 0.0604810997 28.057
2003101909 0 NA 0.1222222222 28.056
2003101910 0 NA 0.1562428408 28.056
2003101911 0 NA 0.1524627721 28.056
2003101912 0 NA 0.1738831615 28.056
2003101913 0 NA 0.1738831615 28.056
2003101914 0 NA 0.1360824742 28.057
2003101915 0 NA 0.0781214204 28.057
2003101916 0 NA 0.0302405498 28.057
2003101917 0 NA 0.0025200458 28.056
2003101918 0 NA 0 28.056
2003101919 0 NA 0 28.056
2003101920 0 NA 0 28.056
2003101921 0 NA 0 28.056
2003101922 0 NA 0 28.056
2003101923 0 NA 0 28.056
2003102000 0 NA 0 28.056
2003102001 0 NA 0 28.056
2003102002 0 NA 0 28.056
2003102003 0 NA 0 28.056
2003102004 0 NA 0 28.057
2003102005 0 NA 0 28.057
2003102006 0 NA 0 28.056
2003102007 0 NA 0.0047377327 28.056
2003102008 0 NA 0.0284263959 28.055
2003102009 0 NA 0.0592216582 28.054
2003102010 0 NA 0.0983079526 28.053
2003102011 0 NA 0.1042301184 28.052
2003102012 0 NA 0.1492385787 28.052
2003102013 0 NA 0.0781725888 28.052
2003102014 0 NA 0.1243654822 28.052
2003102015 0 NA 0.0355329949 28.052
2003102016 0 NA 0.0165820643 28.051
2003102017 0 NA 0.0011844332 28.051
2003102018 0 NA 0 28.05
2003102019 0 NA 0 28.049
2003102020 0 NA 0 28.048
2003102021 0 NA 0 28.048
2003102022 0 NA 0 28.048
2003102023 0 NA 0 28.048
2003102100 0 NA 0 28.048
2003102101 0 NA 0 28.048
2003102102 0 NA 0 28.048
2003102103 0 NA 0 28.048
2003102104 0 NA 0 28.048
2003102105 0 NA 0 28.047
2003102106 0.2 NA 0 28.047
2003102107 0.2 NA 0.0035785288 28.046
2003102108 0 NA 0.0143141153 28.044
2003102109 0.2 NA 0.0274353877 28.043
2003102110 0.1 NA 0.083499006 28.042
2003102111 0 NA 0.1264413519 28.042
2003102112 0 NA 0.102584493 28.042
2003102113 0 NA 0.0727634195 28.042
2003102114 0 NA 0.0966202783 28.042
2003102115 0 NA 0.0560636183 28.042
2003102116 0 NA 0.0155069583 28.042
2003102117 0 NA 0.0011928429 28.042
2003102118 0 NA 0 28.042
2003102119 0 NA 0 28.042
2003102120 0 NA 0 28.041
2003102121 0 NA 0 28.041
2003102122 0 NA 0 28.041
2003102123 0 NA 0 28.041
2003102200 0 NA 0 28.041
2003102201 0 NA 0 28.041
2003102202 0 NA 0 28.041
2003102203 0 NA 0 28.041
2003102204 0 NA 0 28.041
2003102205 0 NA 0 28.041
2003102206 0 NA 0 28.041
2003102207 0 NA 0.0119863014 28.041
2003102208 0 NA 0.0443493151 28.04
2003102209 0 NA 0.079109589 28.039
2003102210 0 NA 0.1270547945 28.038
2003102211 0 NA 0.1282534247 28.038
2003102212 0 NA 0.1150684932 28.039
2003102213 0 NA 0.079109589 28.04
2003102214 0 NA 0.0623287671 28.04
2003102215 0 NA 0.0359589041 28.04
2003102216 0 NA 0.0155821918 28.04
2003102217 0 NA 0.0011986301 28.04
2003102218 0 NA 0 28.039
2003102219 0 NA 0 28.038
2003102220 0 NA 0 28.038
2003102221 0 NA 0 28.038
2003102222 0 NA 0 28.038
2003102223 0 NA 0 28.038
2003102300 0 NA 0 28.038
2003102301 0 NA 0 28.038
2003102302 0 NA 0 28.038
2003102303 0 NA 0 28.038
2003102304 0 NA 0 28.038
2003102305 0 NA 0 28.038
2003102306 0 NA 0 28.037
2003102307 0 NA 0.0075839653 28.037
2003102308 0 NA 0.0476706392 28.036
2003102309 0 NA 0.0964247021 28.035
2003102310 0 NA 0.1365113759 28.034
2003102311 0 NA 0.1614301192 28.034
2003102312 0 NA 0.16468039 28.034
2003102313 0 NA 0.1495124594 28.034
2003102314 0 NA 0.1245937161 28.034
2003102315 0 NA 0.0834236186 28.034
2003102316 0 NA 0.0270855905 28.034
2003102317 0 NA 0.0010834236 28.034
2003102318 0 NA 0 28.033
2003102319 0 NA 0 28.032
2003102320 0 NA 0 28.032
2003102321 0 NA 0 28.031
2003102322 0 NA 0 28.03
2003102323 0 NA 0 28.03
2003102400 0 NA 0 28.031
2003102401 0 NA 0 28.031
2003102402 0 NA 0 28.032
2003102403 0 NA 0 28.032
2003102404 0 NA 0 28.032
2003102405 0 NA 0 28.033
2003102406 0 NA 0 28.033
2003102407 0 NA 0.0052401747 28.033
2003102408 0.1 NA 0.0061135371 28.033
2003102409 0.2 NA 0.0113537118 28.032
2003102410 0.1 NA 0.0218340611 28.032
2003102411 0.1 NA 0.0209606987 28.032
2003102412 0 NA 0.0349344978 28.032
2003102413 0 NA 0.0471615721 28.032
2003102414 0 NA 0.0340611354 28.032
2003102415 0 NA 0.0139737991 28.032
2003102416 0 NA 0.0043668122 28.032
2003102417 0 NA 0 28.032
2003102418 0 NA 0 28.031
2003102419 0 NA 0 28.03
2003102420 0 NA 0 28.029
2003102421 0 NA 0 28.029
2003102422 0 NA 0 28.028
2003102423 0 NA 0 28.028
2003102500 0 NA 0 28.028
2003102501 0 NA 0 28.028
2003102502 0 NA 0 28.029
2003102503 0 NA 0 28.029
2003102504 0 NA 0 28.03
2003102505 0 NA 0 28.031
2003102506 0 NA 0 28.032
2003102507 0 NA 0.0011320755 28.032
2003102508 0 NA 0.0147169811 28.032
2003102509 0 NA 0.0226415094 28.032
2003102510 0 NA 0.0316981132 28.033
2003102511 0.5 NA 0.0396226415 28.033
2003102512 0 NA 0.081509434 28.034
2003102513 0 NA 0.0577358491 28.035
2003102514 0 NA 0.0283018868 28.037
2003102515 0.5 NA 0.0135849057 28.038
2003102516 0 NA 0.0090566038 28.039
2003102517 0 NA 0 28.04
2003102518 0 NA 0 28.04
2003102519 0 NA 0 28.04
2003102520 0 NA 0 28.041
2003102521 0 NA 0 28.041
2003102522 0.3 NA 0 28.042
2003102523 0.1 NA 0 28.043
2003102600 0.1 NA 0 28.043
2003102601 0.1 NA 0 28.043
2003102602 0 NA 0 28.043
2003102603 0 NA 0 28.043
2003102604 0 NA 0 28.044
2003102605 0.2 NA 0 28.043
2003102606 0 NA 0 28.043
2003102607 0 NA 0.0024793388 28.043
2003102608 0 NA 0.0198347107 28.043
2003102609 0 NA 0.0347107438 28.042
2003102610 0 NA 0.0520661157 28.041
2003102611 0 NA 0.047107438 28.04
2003102612 0 NA 0.0446280992 28.04
2003102613 0 NA 0.0632231405 28.04
2003102614 0.3 NA 0.0334710744 28.039
2003102615 3.4 NA 0.0012396694 28.04
2003102616 0.3 NA 0.0012396694 28.04
2003102617 0 NA 0 28.04
2003102618 0 NA 0 28.04
2003102619 0 NA 0 28.039
2003102620 0 NA 0 28.04
2003102621 0 NA 0 28.041
2003102622 0 NA 0 28.042
2003102623 0 NA 0 28.043
2003102700 0 NA 0 28.044
2003102701 0 NA 0 28.046
2003102702 0 NA 0 28.047
2003102703 0 NA 0 28.048
2003102704 0 NA 0 28.049
2003102705 0 NA 0 28.049
2003102706 0 NA 0 28.049
2003102707 0 NA 0.002184466 28.049
2003102708 0 NA 0.0251213592 28.049
2003102709 0 NA 0.0895631068 28.048
2003102710 0 NA 0.1343446602 28.048
2003102711 0 NA 0.1430825243 28.048
2003102712 0 NA 0.1987864078 28.049
2003102713 0 NA 0.1627427184 28.05
2003102714 0 NA 0.0720873786 28.051
2003102715 0 NA 0.0557038835 28.052
2003102716 0 NA 0.0163834951 28.052
2003102717 0 NA 0 28.052
2003102718 0 NA 0 28.052
2003102719 0 NA 0 28.052
2003102720 0 NA 0 28.053
2003102721 0 NA 0 28.053
2003102722 0 NA 0 28.054
2003102723 0 NA 0 28.054
2003102800 0 NA 0 28.054
2003102801 0 NA 0 28.054
2003102802 0 NA 0 28.055
2003102803 0 NA 0 28.055
2003102804 0 NA 0 28.056
2003102805 0 NA 0 28.056
2003102806 0 NA 0 28.057
2003102807 0 NA 0.0023217247 28.058
2003102808 0 NA 0.0174129353 28.057
2003102809 0 NA 0.035986733 28.057
2003102810 0 NA 0.0626865672 28.057
2003102811 0 NA 0.0893864013 28.057
2003102812 0 NA 0.1485903814 28.058
2003102813 0 NA 0.143946932 28.059
2003102814 0 NA 0.1137645108 28.061
2003102815 0 NA 0.0673300166 28.062
2003102816 0 NA 0.0185737977 28.064
2003102817 0 NA 0 28.064
2003102818 0 NA 0 28.064
2003102819 0 NA 0 28.064
2003102820 0 NA 0 28.064
2003102821 0 NA 0 28.065
2003102822 0 NA 0 28.065
2003102823 0 NA 0 28.066
2003102900 0 NA 0 28.067
2003102901 0 NA 0 28.067
2003102902 0 NA 0 28.068
2003102903 0 NA 0 28.068
2003102904 0 NA 0 28.068
2003102905 0 NA 0 28.068
2003102906 0 NA 0 28.068
2003102907 0 NA 0.0125698324 28.068
2003102908 0 NA 0.0590782123 28.067
2003102909 0 NA 0.0691340782 28.067
2003102910 0 NA 0.094273743 28.067
2003102911 0 NA 0.162150838 28.067
2003102912 0 NA 0.1332402235 28.067
2003102913 0 NA 0.1596368715 28.067
2003102914 0 NA 0.1194134078 28.067
2003102915 0 NA 0.0729050279 28.068
2003102916 0 NA 0.0175977654 28.068
2003102917 0 NA 0 28.067
2003102918 0 NA 0 28.067
2003102919 0 NA 0 28.067
2003102920 0 NA 0 28.067
2003102921 0 NA 0 28.066
2003102922 0 NA 0 28.065
2003102923 0 NA 0 28.065
2003103000 0 NA 0 28.065
2003103001 0 NA 0 28.065
2003103002 0 NA 0 28.065
2003103003 0 NA 0 28.065
2003103004 0 NA 0 28.065
2003103005 0 NA 0 28.065
2003103006 0 NA 0 28.065
2003103007 0 NA 0 28.064
2003103008 0 NA 0.0071713147 28.063
2003103009 0 NA 0.0179282869 28.062
2003103010 0 NA 0.0203187251 28.062
2003103011 0 NA 0.0334661355 28.061
2003103012 0 NA 0.0741035857 28.06
2003103013 0 NA 0.0669322709 28.061
2003103014 0 NA 0.0430278884 28.061
2003103015 0 NA 0.0310756972 28.061
2003103016 0 NA 0.0059760956 28.061
2003103017 0 NA 0 28.06
2003103018 0 NA 0 28.06
2003103019 0 NA 0 28.06
2003103020 0 NA 0 28.06
2003103021 0 NA 0 28.06
2003103022 0 NA 0 28.06
2003103023 0 NA 0 28.061
2003103100 0 NA 0 28.062
2003103101 0 NA 0 28.063
2003103102 0 NA 0 28.064
2003103103 0 NA 0 28.065
2003103104 0 NA 0 28.067
2003103105 0.5 NA 0 28.067
2003103106 0.4 NA 0 28.067
2003103107 0.1 NA 0 28.067
2003103108 0 NA 0.0076595745 28.066
2003103109 0 NA 0.0306382979 28.064
2003103110 0 NA 0.0523404255 28.063
2003103111 0 NA 0.0523404255 28.062
2003103112 0 NA 0.070212766 28.061
2003103113 0 NA 0.0434042553 28.061
2003103114 0 NA 0.0280851064 28.062
2003103115 0.1 NA 0.0114893617 28.061
2003103116 0.1 NA 0.0038297872 28.061
2003103117 0.2 NA 0 28.061
2003103118 0.2 NA 0 28.061
2003103119 0.1 NA 0 28.06
2003103120 0.1 NA 0 28.061
2003103121 0 NA 0 28.062
2003103122 0 NA 0 28.063
2003103123 0.2 NA 0 28.063
2003110100 0.9 NA 0 28.063
2003110101 0.5 NA 0 28.062
2003110102 0.2 NA 0 28.062
2003110103 0.2 NA 0 28.062
2003110104 0.2 NA 0 28.062
2003110105 0.6 NA 0 28.062
2003110106 0.1 NA 0 28.062
2003110107 0 NA 0 28.062
2003110108 0.1 NA 0.0088888889 28.062
2003110109 0 NA 0.0162962963 28.062
2003110110 0 NA 0.0222222222 28.064
2003110111 0 NA 0.0385185185 28.064
2003110112 0 NA 0.04 28.065
2003110113 0.1 NA 0.0281481481 28.066
2003110114 0 NA 0.0266666667 28.067
2003110115 0.4 NA 0.0148148148 28.067
2003110116 0 NA 0.0044444444 28.068
2003110117 0 NA 0 28.069
2003110118 0.5 NA 0 28.07
2003110119 0.4 NA 0 28.071
2003110120 0 NA 0 28.072
2003110121 0 NA 0 28.073
2003110122 0 NA 0 28.073
2003110123 0 NA 0 28.074
2003110200 0 NA 0 28.075
2003110201 0 NA 0 28.075
2003110202 0 NA 0 28.076
2003110203 0 NA 0 28.077
2003110204 0 NA 0 28.078
2003110205 0 NA 0 28.08
2003110206 0 NA 0 28.081
2003110207 0 NA 0.0015217391 28.083
2003110208 0 NA 0.022826087 28.083
2003110209 0 NA 0.047173913 28.084
2003110210 0 NA 0.0943478261 28.085
2003110211 0 NA 0.1765217391 28.086
2003110212 0 NA 0.162826087 28.088
2003110213 0 NA 0.092826087 28.09
2003110214 0 NA 0.0791304348 28.091
2003110215 0 NA 0.0213043478 28.091
2003110216 0 NA 0.0015217391 28.092
2003110217 0 NA 0 28.092
2003110218 0 NA 0 28.092
2003110219 0.2 NA 0 28.091
2003110220 1 NA 0 28.091
2003110221 1.1 NA 0 28.091
2003110222 0.3 NA 0 28.091
2003110223 0.2 NA 0 28.091
2003110300 6.3 NA 0 28.091
2003110301 0 NA 0 28.092
2003110302 0 NA 0 28.103
2003110303 0.3 NA 0 28.123
2003110304 0.4 NA 0 28.144
2003110305 0.1 NA 0 28.159
2003110306 0 NA 0 28.172
2003110307 0.5 NA 0.0048 28.181
2003110308 3.6 NA 0.016 28.186
2003110309 0 NA 0.0672 28.191
2003110310 0 NA 0.0928 28.203
2003110311 0.3 NA 0.0992 28.221
2003110312 2.2 NA 0.0816 28.235
2003110313 0 NA 0.0944 28.245
2003110314 0 NA 0.0928 28.257
2003110315 0 NA 0.0368 28.268
2003110316 0 NA 0.0144 28.277
2003110317 0 NA 0 28.28
2003110318 0.7 NA 0 28.279
2003110319 0.4 NA 0 28.275
2003110320 0 NA 0 28.272
2003110321 0 NA 0 28.27
2003110322 0 NA 0 28.269
2003110323 0 NA 0 28.268
2003110400 0 NA 0 28.266
2003110401 0 NA 0 28.263
2003110402 0 NA 0 28.259
2003110403 0 NA 0 28.255
2003110404 0 NA 0 28.251
2003110405 0 NA 0 28.247
2003110406 0 NA 0 28.242
2003110407 0 NA 0.0013740458 28.238
2003110408 0 NA 0.0357251908 28.234
2003110409 0 NA 0.0824427481 28.229
2003110410 0 NA 0.1332824427 28.225
2003110411 0 NA 0.1607633588 28.222
2003110412 0 NA 0.1635114504 28.219
2003110413 0 NA 0.1470229008 28.216
2003110414 0 NA 0.1112977099 28.213
2003110415 0 NA 0.0522137405 28.21
2003110416 0 NA 0.0123664122 28.207
2003110417 0 NA 0 28.204
2003110418 0 NA 0 28.201
2003110419 0 NA 0 28.199
2003110420 0 NA 0 28.196
2003110421 0 NA 0 28.193
2003110422 0 NA 0 28.191
2003110423 0 NA 0 28.188
2003110500 0 NA 0 28.186
2003110501 0 NA 0 28.184
2003110502 0 NA 0 28.182
2003110503 0 NA 0 28.179
2003110504 0 NA 0 28.178
2003110505 0 NA 0 28.176
2003110506 0 NA 0 28.174
2003110507 0 NA 0.0013313609 28.172
2003110508 0 NA 0.0306213018 28.169
2003110509 0 NA 0.0812130178 28.167
2003110510 0 NA 0.1291420118 28.165
2003110511 0 NA 0.1584319527 28.164
2003110512 0 NA 0.1650887574 28.163
2003110513 0 NA 0.1477810651 28.161
2003110514 0 NA 0.1118343195 28.16
2003110515 0 NA 0.0612426036 28.16
2003110516 0 NA 0.0133136095 28.159
2003110517 0 NA 0 28.157
2003110518 0 NA 0 28.156
2003110519 0 NA 0 28.155
2003110520 0 NA 0 28.154
2003110521 0 NA 0 28.152
2003110522 0 NA 0 28.151
2003110523 0 NA 0 28.149
2003110600 0 NA 0 28.148
2003110601 0 NA 0 28.147
2003110602 0 NA 0 28.145
2003110603 0 NA 0 28.144
2003110604 0 NA 0 28.141
2003110605 0 NA 0 28.14
2003110606 0 NA 0 28.139
2003110607 0 NA 0.0013636364 28.138
2003110608 0 NA 0.0327272727 28.136
2003110609 0 NA 0.0831818182 28.135
2003110610 0 NA 0.1295454545 28.133
2003110611 0 NA 0.1581818182 28.131
2003110612 0 NA 0.1636363636 28.13
2003110613 0 NA 0.1486363636 28.128
2003110614 0 NA 0.1131818182 28.128
2003110615 0 NA 0.0586363636 28.128
2003110616 0 NA 0.0109090909 28.127
2003110617 0 NA 0 28.126
2003110618 0 NA 0 28.125
2003110619 0 NA 0 28.125
2003110620 0 NA 0 28.124
2003110621 0 NA 0 28.123
2003110622 0 NA 0 28.122
2003110623 0 NA 0 28.12
2003110700 0 NA 0 28.12
2003110701 0 NA 0 28.119
2003110702 0 NA 0 28.117
2003110703 0 NA 0 28.116
2003110704 0 NA 0 28.115
2003110705 0 NA 0 28.115
2003110706 0 NA 0 28.113
2003110707 0 NA 0.0012678288 28.112
2003110708 0 NA 0.0278922345 28.112
2003110709 0 NA 0.0748019017 28.112
2003110710 0 NA 0.1179080824 28.112
2003110711 0 NA 0.1432646593 28.112
2003110712 0 NA 0.1470681458 28.112
2003110713 0 NA 0.1305863708 28.112
2003110714 0 NA 0.0963549921 28.112
2003110715 0 NA 0.0507131537 28.112
2003110716 0 NA 0.0101426307 28.112
2003110717 0 NA 0 28.112
2003110718 0 NA 0 28.112
2003110719 0 NA 0 28.111
2003110720 0 NA 0 28.111
2003110721 0 NA 0 28.111
2003110722 0 NA 0 28.111
2003110723 0 NA 0 28.109
2003110800 0 NA 0 28.108
2003110801 0 NA 0 28.107
2003110802 0 NA 0 28.107
2003110803 0 NA 0 28.107
2003110804 0 NA 0 28.107
2003110805 0 NA 0 28.107
2003110806 0 NA 0 28.107
2003110807 0 NA 0.0014018692 28.107
2003110808 0 NA 0.026635514 28.107
2003110809 0 NA 0.0757009346 28.106
2003110810 0 NA 0.1275700935 28.105
2003110811 0 NA 0.1724299065 28.105
2003110812 0 NA 0.176635514 28.106
2003110813 0 NA 0.1514018692 28.106
2003110814 0 NA 0.1079439252 28.106
2003110815 0 NA 0.0546728972 28.106
2003110816 0 NA 0.0056074766 28.106
2003110817 0 NA 0 28.105
2003110818 0 NA 0 28.104
2003110819 0 NA 0 28.103
2003110820 0 NA 0 28.103
2003110821 0 NA 0 28.101
2003110822 0 NA 0 28.1
2003110823 0 NA 0 28.1
2003110900 0 NA 0 28.099
2003110901 0 NA 0 28.098
2003110902 0 NA 0 28.097
2003110903 0 NA 0 28.096
2003110904 0 NA 0 28.096
2003110905 0 NA 0 28.096
2003110906 0 NA 0 28.096
2003110907 0 NA 0.0013266998 28.095
2003110908 0 NA 0.0265339967 28.094
2003110909 0 NA 0.0756218905 28.093
2003110910 0 NA 0.1061359867 28.092
2003110911 0 NA 0.1485903814 28.091
2003110912 0 NA 0.1525704809 28.091
2003110913 0 NA 0.1339966833 28.091
2003110914 0 NA 0.0981757877 28.091
2003110915 0 NA 0.0530679934 28.091
2003110916 0 NA 0.0039800995 28.091
2003110917 0 NA 0 28.091
2003110918 0 NA 0 28.09
2003110919 0 NA 0 28.09
2003110920 0 NA 0 28.09
2003110921 0 NA 0 28.09
2003110922 0 NA 0 28.088
2003110923 0 NA 0 28.088
2003111000 0 NA 0 28.088
2003111001 0 NA 0 28.088
2003111002 0 NA 0 28.088
2003111003 0 NA 0 28.087
2003111004 0 NA 0 28.087
2003111005 0 NA 0 28.087
2003111006 0 NA 0 28.087
2003111007 0 NA 0.001242236 28.086
2003111008 0 NA 0.0136645963 28.085
2003111009 0 NA 0.0372670807 28.085
2003111010 0 NA 0.1055900621 28.085
2003111011 0 NA 0.1366459627 28.084
2003111012 0 NA 0.1267080745 28.085
2003111013 0 NA 0.0894409938 28.085
2003111014 0 NA 0.0459627329 28.085
2003111015 0 NA 0.0347826087 28.085
2003111016 0 NA 0.0086956522 28.085
2003111017 0 NA 0 28.084
2003111018 0 NA 0 28.084
2003111019 0 NA 0 28.083
2003111020 0 NA 0 28.083
2003111021 0 NA 0 28.083
2003111022 0 NA 0 28.083
2003111023 0 NA 0 28.083
2003111100 0 NA 0 28.083
2003111101 0 NA 0 28.083
2003111102 0 NA 0 28.082
2003111103 0 NA 0 28.082
2003111104 0 NA 0 28.082
2003111105 0 NA 0 28.081
2003111106 0 NA 0 28.081
2003111107 0 NA 0 28.081
2003111108 0 NA 0.0036144578 28.081
2003111109 0 NA 0.0096385542 28.08
2003111110 0 NA 0.0156626506 28.079
2003111111 0 NA 0.0204819277 28.079
2003111112 0 NA 0.0192771084 28.079
2003111113 0 NA 0.013253012 28.08
2003111114 0 NA 0.0108433735 28.08
2003111115 0 NA 0.0060240964 28.08
2003111116 0 NA 0.0012048193 28.08
2003111117 0 NA 0 28.08
2003111118 0 NA 0 28.079
2003111119 0 NA 0 28.079
2003111120 0 NA 0 28.079
2003111121 0 NA 0 28.08
2003111122 0 NA 0 28.08
2003111123 0 NA 0 28.079
2003111200 0 NA 0 28.079
2003111201 0 NA 0 28.079
2003111202 0 NA 0 28.079
2003111203 0 NA 0 28.079
2003111204 0 NA 0 28.079
2003111205 0 NA 0 28.079
2003111206 0 NA 0 28.078
2003111207 0 NA 0 28.077
2003111208 0 NA 0.0075949367 28.077
2003111209 0 NA 0.0291139241 28.076
2003111210 0 NA 0.0658227848 28.076
2003111211 0 NA 0.1139240506 28.075
2003111212 0 NA 0.135443038 28.076
2003111213 0 NA 0.1189873418 28.076
2003111214 0 NA 0.0848101266 28.076
2003111215 0 NA 0.0405063291 28.076
2003111216 0 NA 0.0037974684 28.076
2003111217 0 NA 0 28.076
2003111218 0 NA 0 28.075
2003111219 0 NA 0 28.075
2003111220 0 NA 0 28.074
2003111221 0 NA 0 28.074
2003111222 0 NA 0 28.074
2003111223 0 NA 0 28.074
2003111300 0 NA 0 28.074
2003111301 0 NA 0 28.074
2003111302 0 NA 0 28.073
2003111303 0 NA 0 28.072
2003111304 0 NA 0 28.072
2003111305 0 NA 0 28.072
2003111306 0.3 NA 0 28.071
2003111307 0.2 NA 0 28.071
2003111308 0 NA 0.0094049904 28.069
2003111309 0 NA 0.0577735125 28.067
2003111310 0 NA 0.1142034549 28.067
2003111311 0 NA 0.139731286 28.067
2003111312 0 NA 0.1464491363 28.067
2003111313 0 NA 0.1303262956 28.067
2003111314 0 NA 0.0564299424 28.068
2003111315 0 NA 0.0429942418 28.068
2003111316 0 NA 0.0026871401 28.068
2003111317 0 NA 0 28.068
2003111318 0 NA 0 28.068
2003111319 0 NA 0 28.07
2003111320 0 NA 0 28.07
2003111321 0 NA 0 28.07
2003111322 0 NA 0 28.07
2003111323 0 NA 0 28.07
2003111400 0 NA 0 28.071
2003111401 0 NA 0 28.072
2003111402 0 NA 0 28.073
2003111403 0 NA 0 28.073
2003111404 0 NA 0 28.074
2003111405 0 NA 0 28.074
2003111406 0 NA 0 28.075
2003111407 0 NA 0 28.075
2003111408 0 NA 0.0136986301 28.075
2003111409 0 NA 0.0410958904 28.076
2003111410 0 NA 0.0643835616 28.076
2003111411 0 NA 0.0616438356 28.077
2003111412 0 NA 0.0410958904 28.077
2003111413 0 NA 0.0410958904 28.077
2003111414 0 NA 0.0315068493 28.078
2003111415 0.2 NA 0.0054794521 28.078
2003111416 1.3 NA 0 28.078
2003111417 0.2 NA 0 28.077
2003111418 0 NA 0 28.076
2003111419 0 NA 0 28.077
2003111420 0 NA 0 28.077
2003111421 0 NA 0 28.079
2003111422 0 NA 0 28.08
2003111423 0 NA 0 28.081
2003111500 0 NA 0 28.081
2003111501 0 NA 0 28.082
2003111502 0 NA 0 28.083
2003111503 0 NA 0 28.083
2003111504 0 NA 0 28.083
2003111505 0 NA 0 28.083
2003111506 0 NA 0 28.084
2003111507 0 NA 0 28.084
2003111508 0 NA 0.0047244094 28.083
2003111509 0 NA 0.0188976378 28.082
2003111510 0 NA 0.0362204724 28.081
2003111511 0 NA 0.0267716535 28.081
2003111512 0 NA 0.0393700787 28.08
2003111513 0 NA 0.0393700787 28.08
2003111514 0 NA 0.0220472441 28.081
2003111515 0 NA 0.011023622 28.081
2003111516 0 NA 0.0015748031 28.08
2003111517 0 NA 0 28.08
2003111518 0 NA 0 28.079
2003111519 0 NA 0 28.078
2003111520 0 NA 0 28.078
2003111521 0 NA 0 28.078
2003111522 0 NA 0 28.078
2003111523 0 NA 0 28.078
2003111600 0 NA 0 28.077
2003111601 0 NA 0 28.077
2003111602 0 NA 0 28.077
2003111603 0 NA 0 28.077
2003111604 0 NA 0 28.077
2003111605 0 NA 0 28.077
2003111606 0 NA 0 28.077
2003111607 0 NA 0 28.076
2003111608 0 NA 0.0036036036 28.075
2003111609 0 NA 0.0081081081 28.075
2003111610 0 NA 0.0126126126 28.075
2003111611 0 NA 0.0252252252 28.075
2003111612 0.1 NA 0.018018018 28.075
2003111613 0.2 NA 0.018018018 28.076
2003111614 0.3 NA 0.0108108108 28.077
2003111615 0.6 NA 0.0036036036 28.077
2003111616 1.2 NA 0 28.078
2003111617 1.2 NA 0 28.078
2003111618 0.9 NA 0 28.078
2003111619 0.5 NA 0 28.079
2003111620 0.1 NA 0 28.081
2003111621 0.1 NA 0 28.086
2003111622 0 NA 0 28.09
2003111623 0 NA 0 28.094
2003111700 0 NA 0 28.098
2003111701 0 NA 0 28.102
2003111702 0 NA 0 28.104
2003111703 0 NA 0 28.107
2003111704 0 NA 0 28.108
2003111705 0 NA 0 28.11
2003111706 0 NA 0 28.111
2003111707 0 NA 0 28.111
2003111708 0 NA 0.0039130435 28.112
2003111709 0 NA 0.0156521739 28.112
2003111710 0 NA 0.0391304348 28.113
2003111711 0 NA 0.0743478261 28.114
2003111712 0 NA 0.0626086957 28.115
2003111713 0 NA 0.0508695652 28.116
2003111714 0 NA 0.03 28.117
2003111715 0 NA 0.022173913 28.119
2003111716 0 NA 0.0013043478 28.12
2003111717 0.2 NA 0 28.12
2003111718 0.1 NA 0 28.12
2003111719 0 NA 0 28.12
2003111720 0.1 NA 0 28.121
2003111721 0.1 NA 0 28.121
2003111722 0 NA 0 28.122
2003111723 0 NA 0 28.121
2003111800 0 NA 0 28.121
2003111801 0 NA 0 28.121
2003111802 0 NA 0 28.122
2003111803 0 NA 0 28.122
2003111804 0 NA 0 28.122
2003111805 0.2 NA 0 28.122
2003111806 0.2 NA 0 28.121
2003111807 0.2 NA 0 28.121
2003111808 0.1 NA 0 28.12
2003111809 0.2 NA 0.0109090909 28.119
2003111810 0 NA 0.0145454545 28.119
2003111811 0 NA 0.0145454545 28.12
2003111812 0.1 NA 0.0163636364 28.121
2003111813 0 NA 0.02 28.123
2003111814 0 NA 0.0181818182 28.123
2003111815 0 NA 0.0054545455 28.125
2003111816 0 NA 0 28.126
2003111817 0 NA 0 28.126
2003111818 0.1 NA 0 28.126
2003111819 0 NA 0 28.127
2003111820 0.1 NA 0 28.127
2003111821 0 NA 0 28.127
2003111822 0 NA 0 28.128
2003111823 0 NA 0 28.129
2003111900 0 NA 0 28.13
2003111901 0 NA 0 28.13
2003111902 0 NA 0 28.13
2003111903 0 NA 0 28.13
2003111904 0 NA 0 28.131
2003111905 0.2 NA 0 28.131
2003111906 0.1 NA 0 28.131
2003111907 0.1 NA 0 28.131
2003111908 0 NA 0.0011111111 28.131
2003111909 0 NA 0.0066666667 28.131
2003111910 0 NA 0.0166666667 28.131
2003111911 0 NA 0.02 28.13
2003111912 0 NA 0.0244444444 28.129
2003111913 0 NA 0.0244444444 28.129
2003111914 0 NA 0.0055555556 28.129
2003111915 0 NA 0.0011111111 28.129
2003111916 0 NA 0 28.128
2003111917 0 NA 0 28.127
2003111918 0 NA 0 28.126
2003111919 0 NA 0 28.125
2003111920 0 NA 0 28.124
2003111921 0 NA 0 28.123
2003111922 0 NA 0 28.122
2003111923 0 NA 0 28.122
2003112000 0 NA 0 28.122
2003112001 0 NA 0 28.121
2003112002 0 NA 0 28.121
2003112003 0 NA 0 28.121
2003112004 0 NA 0 28.121
2003112005 0 NA 0 28.122
2003112006 0 NA 0 28.122
2003112007 0 NA 0 28.121
2003112008 0 NA 0.0029850746 28.121
2003112009 0 NA 0.0134328358 28.12
2003112010 0 NA 0.0253731343 28.12
2003112011 0 NA 0.0134328358 28.119
2003112012 0 NA 0.0134328358 28.12
2003112013 0 NA 0.0134328358 28.12
2003112014 0 NA 0.0104477612 28.12
2003112015 0 NA 0.0074626866 28.119
2003112016 0 NA 0 28.118
2003112017 0 NA 0 28.117
2003112018 0 NA 0 28.116
2003112019 0 NA 0 28.115
2003112020 0 NA 0 28.114
2003112021 0 NA 0 28.113
2003112022 0 NA 0 28.112
2003112023 0 NA 0 28.112
2003112100 0 NA 0 28.112
2003112101 0 NA 0 28.111
2003112102 0 NA 0 28.111
2003112103 0 NA 0 28.109
2003112104 0 NA 0 28.108
2003112105 0 NA 0 28.108
2003112106 0 NA 0 28.107
2003112107 0 NA 0 28.107
2003112108 0 NA 0.0070422535 28.107
2003112109 0 NA 0.0352112676 28.106
2003112110 0 NA 0.0605633803 28.105
2003112111 0 NA 0.0704225352 28.105
2003112112 0 NA 0.0915492958 28.104
2003112113 0 NA 0.0816901408 28.105
2003112114 0 NA 0.0338028169 28.105
2003112115 0 NA 0.0183098592 28.105
2003112116 0 NA 0.0014084507 28.104
2003112117 0 NA 0 28.104
2003112118 0 NA 0 28.103
2003112119 0 NA 0 28.103
2003112120 0 NA 0 28.101
2003112121 0 NA 0 28.101
2003112122 0 NA 0 28.1
2003112123 0 NA 0 28.1
2003112200 0 NA 0 28.099
2003112201 0 NA 0 28.099
2003112202 0 NA 0 28.099
2003112203 0 NA 0 28.099
2003112204 0 NA 0 28.099
2003112205 0 NA 0 28.099
2003112206 0 NA 0 28.099
2003112207 0 NA 0 28.099
2003112208 0 NA 0.0045226131 28.099
2003112209 1.5 NA 0.0045226131 28.098
2003112210 0.3 NA 0.0361809045 28.097
2003112211 0 NA 0.0572864322 28.098
2003112212 0 NA 0.0542713568 28.099
2003112213 0 NA 0.0527638191 28.102
2003112214 0 NA 0.0663316583 28.105
2003112215 0 NA 0.0226130653 28.107
2003112216 0 NA 0.0015075377 28.108
2003112217 0 NA 0 28.109
2003112218 0 NA 0 28.11
2003112219 0 NA 0 28.111
2003112220 0 NA 0 28.111
2003112221 0 NA 0 28.111
2003112222 0 NA 0 28.111
2003112223 0 NA 0 28.111
2003112300 0 NA 0 28.111
2003112301 0 NA 0 28.111
2003112302 0 NA 0 28.111
2003112303 0 NA 0 28.11
2003112304 0 NA 0 28.109
2003112305 0 NA 0 28.107
2003112306 0 NA 0 28.107
2003112307 0 NA 0 28.107
2003112308 0 NA 0.0028037383 28.107
2003112309 0 NA 0.0140186916 28.106
2003112310 0 NA 0.0406542056 28.105
2003112311 0 NA 0.0742990654 28.104
2003112312 0 NA 0.0785046729 28.104
2003112313 0 NA 0.0588785047 28.104
2003112314 0.1 NA 0.0224299065 28.104
2003112315 0.5 NA 0.008411215 28.104
2003112316 0 NA 0 28.103
2003112317 0 NA 0 28.103
2003112318 0 NA 0 28.104
2003112319 0 NA 0 28.104
2003112320 0 NA 0 28.104
2003112321 0 NA 0 28.105
2003112322 0 NA 0 28.105
2003112323 0 NA 0 28.104
2003112400 0 NA 0 28.104
2003112401 0 NA 0 28.104
2003112402 0 NA 0 28.103
2003112403 0 NA 0 28.103
2003112404 0 NA 0 28.103
2003112405 0.4 NA 0 28.103
2003112406 0 NA 0 28.102
2003112407 0.4 NA 0 28.102
2003112408 0.3 NA 0 28.101
2003112409 0.5 NA 0.0047058824 28.101
2003112410 0 NA 0.0117647059 28.101
2003112411 0 NA 0.0235294118 28.103
2003112412 0 NA 0.0141176471 28.105
2003112413 0 NA 0.0211764706 28.106
2003112414 0 NA 0.02 28.107
2003112415 0 NA 0.0047058824 28.109
2003112416 0 NA 0 28.111
2003112417 0 NA 0 28.112
2003112418 0 NA 0 28.112
2003112419 0 NA 0 28.112
2003112420 0 NA 0 28.112
2003112421 0 NA 0 28.112
2003112422 0 NA 0 28.112
2003112423 0 NA 0 28.111
2003112500 0 NA 0 28.111
2003112501 0 NA 0 28.11
2003112502 0 NA 0 28.109
2003112503 0 NA 0 28.107
2003112504 0 NA 0 28.107
2003112505 0 NA 0 28.107
2003112506 0 NA 0 28.107
2003112507 0 NA 0 28.107
2003112508 0 NA 0.0057971014 28.106
2003112509 0 NA 0.0130434783 28.104
2003112510 0 NA 0.0391304348 28.104
2003112511 0 NA 0.0420289855 28.104
2003112512 0 NA 0.0623188406 28.104
2003112513 0 NA 0.0710144928 28.104
2003112514 0 NA 0.0492753623 28.104
2003112515 0 NA 0.0173913043 28.104
2003112516 0 NA 0 28.104
2003112517 0 NA 0 28.103
2003112518 0 NA 0 28.103
2003112519 0 NA 0 28.103
2003112520 0 NA 0 28.103
2003112521 0 NA 0 28.102
2003112522 0 NA 0 28.102
2003112523 0 NA 0 28.102
2003112600 0 NA 0 28.103
2003112601 0 NA 0 28.104
2003112602 0 NA 0 28.103
2003112603 0 NA 0 28.102
2003112604 0 NA 0 28.103
2003112605 0 NA 0 28.104
2003112606 0 NA 0 28.104
2003112607 0 NA 0 28.104
2003112608 0 NA 0.0102040816 28.104
2003112609 0 NA 0.0626822157 28.103
2003112610 0 NA 0.0947521866 28.103
2003112611 0 NA 0.0903790087 28.103
2003112612 0 NA 0.0758017493 28.103
2003112613 0 NA 0.0758017493 28.104
2003112614 0 NA 0.0699708455 28.105
2003112615 0 NA 0.0189504373 28.105
2003112616 0 NA 0.0014577259 28.105
2003112617 0 NA 0 28.104
2003112618 0 NA 0 28.102
2003112619 0.1 NA 0 28.101
2003112620 0.4 NA 0 28.1
2003112621 0.8 NA 0 28.099
2003112622 0.8 NA 0 28.098
2003112623 0.5 NA 0 28.098
2003112700 0 NA 0 28.099
2003112701 0 NA 0 28.101
2003112702 0 NA 0 28.104
2003112703 0 NA 0 28.106
2003112704 0 NA 0 28.107
2003112705 0 NA 0 28.108
2003112706 0 NA 0 28.11
2003112707 0 NA 0 28.111
2003112708 0 NA 0.0012048193 28.112
2003112709 0 NA 0.013253012 28.111
2003112710 0 NA 0.0325301205 28.111
2003112711 0 NA 0.034939759 28.112
2003112712 0 NA 0.0457831325 28.112
2003112713 0 NA 0.0337349398 28.112
2003112714 0 NA 0.0240963855 28.112
2003112715 0 NA 0.013253012 28.112
2003112716 0 NA 0.0012048193 28.112
2003112717 0 NA 0 28.112
2003112718 0 NA 0 28.111
2003112719 0 NA 0 28.111
2003112720 0 NA 0 28.109
2003112721 0 NA 0 28.107
2003112722 0 NA 0 28.107
2003112723 0 NA 0 28.106
2003112800 0 NA 0 28.106
2003112801 0 NA 0 28.105
2003112802 0 NA 0 28.105
2003112803 0 NA 0 28.104
2003112804 0 NA 0 28.103
2003112805 0 NA 0 28.103
2003112806 0 NA 0 28.102
2003112807 0 NA 0 28.101
2003112808 0 NA 0.0040322581 28.099
2003112809 0 NA 0.0376344086 28.098
2003112810 0 NA 0.0591397849 28.098
2003112811 0 NA 0.0752688172 28.096
2003112812 0 NA 0.1169354839 28.095
2003112813 0 NA 0.1048387097 28.095
2003112814 0 NA 0.0725806452 28.095
2003112815 0 NA 0.0282258065 28.095
2003112816 0 NA 0.001344086 28.094
2003112817 0 NA 0 28.094
2003112818 0 NA 0 28.092
2003112819 0 NA 0 28.091
2003112820 0 NA 0 28.091
2003112821 0 NA 0 28.091
2003112822 0 NA 0 28.09
2003112823 0 NA 0 28.09
2003112900 0 NA 0 28.09
2003112901 0 NA 0 28.09
2003112902 0 NA 0 28.09
2003112903 0 NA 0 28.09
2003112904 0 NA 0 28.09
2003112905 0 NA 0 28.091
2003112906 0 NA 0 28.091
2003112907 0 NA 0 28.091
2003112908 0 NA 0.0011049724 28.091
2003112909 0 NA 0.0143646409 28.091
2003112910 0 NA 0.0563535912 28.091
2003112911 0 NA 0.0895027624 28.091
2003112912 0 NA 0.0906077348 28.092
2003112913 0 NA 0.0861878453 28.094
2003112914 0 NA 0.0453038674 28.095
2003112915 0 NA 0.0154696133 28.096
2003112916 0 NA 0.0011049724 28.096
2003112917 0 NA 0 28.096
2003112918 0 NA 0 28.096
2003112919 0 NA 0 28.096
2003112920 0 NA 0 28.096
2003112921 0 NA 0 28.096
2003112922 0 NA 0 28.096
2003112923 0 NA 0 28.096
2003113000 0 NA 0 28.095
2003113001 0 NA 0 28.095
2003113002 0 NA 0 28.095
2003113003 0 NA 0 28.095
2003113004 0.1 NA 0 28.094
2003113005 0 NA 0 28.094
2003113006 0 NA 0 28.094
2003113007 0 NA 0 28.094
2003113008 0.1 NA 0.001369863 28.093
2003113009 0.1 NA 0.0150684932 28.093
2003113010 0 NA 0.0164383562 28.093
2003113011 0 NA 0.0219178082 28.093
2003113012 0.1 NA 0.0109589041 28.093
2003113013 0 NA 0.0164383562 28.092
2003113014 0 NA 0.0109589041 28.092
2003113015 0 NA 0.0068493151 28.091
2003113016 0 NA 0 28.091
2003113017 0 NA 0 28.091
2003113018 0 NA 0 28.091
2003113019 0 NA 0 28.09
2003113020 0 NA 0 28.09
2003113021 0 NA 0 28.09
2003113022 0 NA 0 28.091
2003113023 0 NA 0 28.091
2003120100 0 NA 0 28.092
2003120101 0 NA 0 28.092
2003120102 0.1 NA 0 28.092
2003120103 0.4 NA 0 28.094
2003120104 0 NA 0 28.095
2003120105 0.1 NA 0 28.096
2003120106 0 NA 0 28.096
2003120107 0.1 NA 0 28.097
2003120108 0 NA 0.0015037594 28.097
2003120109 0 NA 0.0210526316 28.096
2003120110 0 NA 0.0526315789 28.095
2003120111 0 NA 0.0932330827 28.094
2003120112 0 NA 0.0812030075 28.094
2003120113 0 NA 0.0691729323 28.094
2003120114 0 NA 0.0676691729 28.094
2003120115 0 NA 0.0135338346 28.094
2003120116 0 NA 0 28.094
2003120117 0 NA 0 28.092
2003120118 0 NA 0 28.092
2003120119 0 NA 0 28.091
2003120120 0 NA 0 28.09
2003120121 0 NA 0 28.089
2003120122 0 NA 0 28.088
2003120123 0 NA 0 28.088
2003120200 0 NA 0 28.088
2003120201 0 NA 0 28.086
2003120202 0 NA 0 28.086
2003120203 0 NA 0 28.086
2003120204 0 NA 0 28.085
2003120205 0 NA 0 28.085
2003120206 0 NA 0 28.084
2003120207 0 NA 0 28.083
2003120208 0 NA 0.0013953488 28.082
2003120209 0 NA 0.0181395349 28.082
2003120210 0 NA 0.0390697674 28.081
2003120211 0 NA 0.0376744186 28.081
2003120212 0 NA 0.043255814 28.081
2003120213 0 NA 0.0795348837 28.081
2003120214 0 NA 0.0627906977 28.082
2003120215 0 NA 0.0181395349 28.083
2003120216 0 NA 0 28.083
2003120217 0 NA 0 28.082
2003120218 0 NA 0 28.082
2003120219 0 NA 0 28.082
2003120220 0 NA 0 28.082
2003120221 0 NA 0 28.081
2003120222 0 NA 0 28.08
2003120223 0 NA 0 28.08
2003120300 0 NA 0 28.079
2003120301 0 NA 0 28.079
2003120302 0 NA 0 28.08
2003120303 0 NA 0 28.079
2003120304 0 NA 0 28.077
2003120305 0 NA 0 28.077
2003120306 0 NA 0 28.075
2003120307 0 NA 0 28.075
2003120308 0 NA 0.0008130081 28.076
2003120309 0 NA 0.0081300813 28.075
2003120310 0 NA 0.0178861789 28.072
2003120311 0 NA 0.0195121951 28.072
2003120312 0 NA 0.0211382114 28.071
2003120313 0 NA 0.0178861789 28.071
2003120314 0 NA 0.0105691057 28.072
2003120315 0 NA 0.0040650407 28.072
2003120316 0 NA 0 28.072
2003120317 0 NA 0 28.071
2003120318 0 NA 0 28.071
2003120319 0 NA 0 28.071
2003120320 0 NA 0 28.071
2003120321 0 NA 0 28.07
2003120322 0 NA 0 28.07
2003120323 0 NA 0 28.071
2003120400 0 NA 0 28.071
2003120401 0 NA 0 28.071
2003120402 0 NA 0 28.072
2003120403 0 NA 0 28.072
2003120404 0 NA 0 28.072
2003120405 0 NA 0 28.072
2003120406 0 NA 0 28.073
2003120407 0 NA 0 28.073
2003120408 0 NA 0 28.073
2003120409 0 NA 0 28.072
2003120410 0 NA 0 28.072
2003120411 0 NA 0 28.072
2003120412 0 NA 0 28.072
2003120413 0 NA 0 28.073
2003120414 0 NA 0 28.074
2003120415 0 NA 0 28.074
2003120416 0 NA 0 28.074
2003120417 0 NA 0 28.074
2003120418 0 NA 0 28.073
2003120419 0 NA 0 28.072
2003120420 0 NA 0 28.071
2003120421 0 NA 0 28.071
2003120422 0 NA 0 28.07
2003120423 0 NA 0 28.069
2003120500 0 NA 0 28.068
2003120501 0 NA 0 28.068
2003120502 0 NA 0 28.07
2003120503 0 NA 0 28.07
2003120504 0 NA 0 28.071
2003120505 0 NA 0 28.071
2003120506 0 NA 0 28.071
2003120507 0 NA 0 28.07
2003120508 0 NA 0.0008403361 28.069
2003120509 0 NA 0.0042016807 28.069
2003120510 0 NA 0.0075630252 28.068
2003120511 0 NA 0.0134453782 28.068
2003120512 0 NA 0.0268907563 28.068
2003120513 0 NA 0.0193277311 28.07
2003120514 0 NA 0.018487395 28.071
2003120515 0 NA 0.0092436975 28.072
2003120516 0 NA 0 28.073
2003120517 0 NA 0 28.073
2003120518 0 NA 0 28.073
2003120519 0 NA 0 28.073
2003120520 0 NA 0 28.073
2003120521 0 NA 0 28.074
2003120522 0 NA 0 28.075
2003120523 0 NA 0 28.075
2003120600 0 NA 0 28.076
2003120601 0 NA 0 28.076
2003120602 0 NA 0 28.077
2003120603 0.1 NA 0 28.079
2003120604 0.3 NA 0 28.079
2003120605 0.5 NA 0 28.079
2003120606 1.1 NA 0 28.079
2003120607 0 NA 0 28.079
2003120608 0 NA 0.0013468013 28.077
2003120609 0 NA 0.0121212121 28.076
2003120610 0 NA 0.0404040404 28.076
2003120611 0 NA 0.0740740741 28.077
2003120612 0 NA 0.0781144781 28.077
2003120613 0 NA 0.0996632997 28.078
2003120614 0 NA 0.0686868687 28.078
2003120615 0 NA 0.0242424242 28.079
2003120616 0 NA 0.0013468013 28.079
2003120617 0 NA 0 28.078
2003120618 0 NA 0 28.078
2003120619 0 NA 0 28.077
2003120620 0 NA 0 28.076
2003120621 0 NA 0 28.076
2003120622 0 NA 0 28.076
2003120623 0 NA 0 28.076
2003120700 0 NA 0 28.075
2003120701 0 NA 0 28.076
2003120702 0 NA 0 28.076
2003120703 0 NA 0 28.076
2003120704 0 NA 0 28.076
2003120705 0 NA 0 28.076
2003120706 0 NA 0 28.075
2003120707 0 NA 0 28.075
2003120708 0 NA 0.001826484 28.074
2003120709 0 NA 0.0365296804 28.072
2003120710 0 NA 0.0639269406 28.071
2003120711 0 NA 0.0767123288 28.071
2003120712 0 NA 0.0812785388 28.072
2003120713 0 NA 0.0721461187 28.072
2003120714 0 NA 0.0511415525 28.074
2003120715 0 NA 0.0155251142 28.075
2003120716 0 NA 0.000913242 28.075
2003120717 0 NA 0 28.075
2003120718 0 NA 0 28.074
2003120719 0 NA 0 28.074
2003120720 0 NA 0 28.074
2003120721 0 NA 0 28.074
2003120722 0 NA 0 28.074
2003120723 0 NA 0 28.074
2003120800 0 NA 0 28.074
2003120801 0 NA 0 28.074
2003120802 0 NA 0 28.074
2003120803 0 NA 0 28.074
2003120804 0 NA 0 28.074
2003120805 0 NA 0 28.073
2003120806 0 NA 0 28.072
2003120807 0 NA 0 28.071
2003120808 0 NA 0.0009009009 28.071
2003120809 0 NA 0.0315315315 28.071
2003120810 0 NA 0.0558558559 28.071
2003120811 0 NA 0.0837837838 28.07
2003120812 0 NA 0.0936936937 28.07
2003120813 0 NA 0.072972973 28.07
2003120814 0 NA 0.0468468468 28.07
2003120815 0 NA 0.0135135135 28.07
2003120816 0 NA 0.0009009009 28.07
2003120817 0 NA 0 28.07
2003120818 0 NA 0 28.07
2003120819 0 NA 0 28.07
2003120820 0 NA 0 28.069
2003120821 0 NA 0 28.069
2003120822 0 NA 0 28.068
2003120823 0 NA 0 28.068
2003120900 0 NA 0 28.068
2003120901 0 NA 0 28.068
2003120902 0 NA 0 28.068
2003120903 0 NA 0 28.067
2003120904 0 NA 0 28.067
2003120905 0 NA 0 28.067
2003120906 0 NA 0 28.066
2003120907 0 NA 0 28.066
2003120908 0 NA 0.0010152284 28.066
2003120909 0 NA 0.0253807107 28.065
2003120910 0 NA 0.0659898477 28.065
2003120911 0 NA 0.076142132 28.064
2003120912 0 NA 0.0873096447 28.065
2003120913 0 NA 0.0751269036 28.064
2003120914 0 NA 0.0527918782 28.065
2003120915 0 NA 0.0152284264 28.065
2003120916 0 NA 0.0010152284 28.065
2003120917 0 NA 0 28.065
2003120918 0 NA 0 28.065
2003120919 0 NA 0 28.065
2003120920 0 NA 0 28.065
2003120921 0 NA 0 28.064
2003120922 0 NA 0 28.064
2003120923 0 NA 0 28.064
2003121000 0 NA 0 28.064
2003121001 0 NA 0 28.064
2003121002 0 NA 0 28.064
2003121003 0 NA 0 28.064
2003121004 0 NA 0 28.064
2003121005 0 NA 0 28.064
2003121006 0 NA 0 28.064
2003121007 0 NA 0 28.064
2003121008 0 NA 0.0010362694 28.064
2003121009 0 NA 0.0310880829 28.062
2003121010 0 NA 0.0725388601 28.062
2003121011 0 NA 0.0777202073 28.062
2003121012 0 NA 0.0829015544 28.062
2003121013 0 NA 0.0715025907 28.062
2003121014 0 NA 0.0497409326 28.062
2003121015 0 NA 0.0134715026 28.062
2003121016 0 NA 0 28.062
2003121017 0 NA 0 28.06
2003121018 0 NA 0 28.059
2003121019 0 NA 0 28.059
2003121020 0 NA 0 28.059
2003121021 0 NA 0 28.06
2003121022 0 NA 0 28.059
2003121023 0 NA 0 28.059
2003121100 0 NA 0 28.059
2003121101 0 NA 0 28.059
2003121102 0 NA 0 28.058
2003121103 0 NA 0 28.056
2003121104 0 NA 0 28.056
2003121105 0 NA 0 28.056
2003121106 0 NA 0 28.056
2003121107 0 NA 0 28.057
2003121108 0 NA 0.0009090909 28.056
2003121109 0 NA 0.0063636364 28.056
2003121110 0 NA 0.0136363636 28.055
2003121111 0 NA 0.0181818182 28.055
2003121112 0 NA 0.0209090909 28.056
2003121113 0 NA 0.0190909091 28.058
2003121114 0 NA 0.0145454545 28.059
2003121115 0 NA 0.0063636364 28.06
2003121116 0 NA 0 28.061
2003121117 1.2 NA 0 28.062
2003121118 1 NA 0 28.062
2003121119 0.5 NA 0 28.063
2003121120 0.2 NA 0 28.063
2003121121 0.7 NA 0 28.063
2003121122 0 NA 0 28.063
2003121123 0 NA 0 28.062
2003121200 0 NA 0 28.062
2003121201 0 NA 0 28.062
2003121202 0 NA 0 28.062
2003121203 0 NA 0 28.061
2003121204 0 NA 0 28.061
2003121205 0 NA 0 28.062
2003121206 0 NA 0 28.063
2003121207 0 NA 0 28.064
2003121208 0 NA 0.0041666667 28.065
2003121209 0 NA 0.0430555556 28.065
2003121210 0 NA 0.0694444444 28.067
2003121211 0 NA 0.0652777778 28.067
2003121212 0 NA 0.0541666667 28.069
2003121213 0 NA 0.0402777778 28.071
2003121214 0 NA 0.0152777778 28.074
2003121215 0 NA 0.0083333333 28.075
2003121216 0 NA 0 28.078
2003121217 0 NA 0 28.081
2003121218 0 NA 0 28.085
2003121219 0 NA 0 28.087
2003121220 0 NA 0 28.089
2003121221 0.1 NA 0 28.091
2003121222 0.2 NA 0 28.094
2003121223 0.4 NA 0 28.097
2003121300 0 NA 0 28.099
2003121301 0.1 NA 0 28.102
2003121302 0.9 NA 0 28.105
2003121303 1.2 NA 0 28.107
2003121304 1.8 NA 0 28.11
2003121305 1.3 NA 0 28.115
2003121306 0.9 NA 0 28.124
2003121307 0.4 NA 0 28.137
2003121308 0.2 NA 0 28.155
2003121309 0.3 NA 0.0057142857 28.175
2003121310 0.4 NA 0.0171428571 28.193
2003121311 1.1 NA 0.0257142857 28.209
2003121312 0.8 NA 0.0228571429 28.223
2003121313 0.4 NA 0.02 28.236
2003121314 1 NA 0.0085714286 28.252
2003121315 2.5 NA 0 28.268
2003121316 2.5 NA 0 28.282
2003121317 1 NA 0 28.3
2003121318 0.6 NA 0 28.326
2003121319 0.8 NA 0 28.352
2003121320 0.3 NA 0 28.369
2003121321 0.6 NA 0 28.381
2003121322 0.4 NA 0 28.39
2003121323 0.3 NA 0 28.396
2003121400 1.6 NA 0 28.401
2003121401 0.3 NA 0 28.405
2003121402 0 NA 0 28.409
2003121403 0.7 NA 0 28.416
2003121404 1.9 NA 0 28.419
2003121405 0 NA 0 28.421
2003121406 0.1 NA 0 28.427
2003121407 2.1 NA 0 28.433
2003121408 0 NA 0 28.433
2003121409 0 NA 0.0203883495 28.437
2003121410 0 NA 0.0524271845 28.442
2003121411 0.1 NA 0.0524271845 28.444
2003121412 0.8 NA 0.0247572816 28.443
2003121413 0 NA 0.0713592233 28.439
2003121414 0 NA 0.0626213592 28.435
2003121415 0 NA 0.0160194175 28.433
2003121416 0 NA 0 28.429
2003121417 0 NA 0 28.423
2003121418 2.7 NA 0 28.416
2003121419 3.4 NA 0 28.41
2003121420 1 NA 0 28.408
2003121421 0.1 NA 0 28.432
2003121422 0 NA 0 28.459
2003121423 0.3 NA 0 28.473
2003121500 0.1 NA 0 28.476
2003121501 0 NA 0 28.477
2003121502 0 NA 0 28.474
2003121503 0 NA 0 28.468
2003121504 0 NA 0 28.46
2003121505 0 NA 0 28.452
2003121506 0 NA 0 28.443
2003121507 0 NA 0 28.433
2003121508 0 NA 0 28.424
2003121509 0.4 NA 0.0104046243 28.414
2003121510 0.2 NA 0.0358381503 28.404
2003121511 0.9 NA 0.0242774566 28.397
2003121512 0.2 NA 0.0346820809 28.391
2003121513 0 NA 0.0393063584 28.39
2003121514 0 NA 0.038150289 28.391
2003121515 0 NA 0.0173410405 28.391
2003121516 0 NA 0 28.387
2003121517 0 NA 0 28.382
2003121518 0 NA 0 28.377
2003121519 0 NA 0 28.37
2003121520 0 NA 0 28.363
2003121521 0 NA 0 28.356
2003121522 0 NA 0 28.351
2003121523 0 NA 0 28.346
2003121600 0 NA 0 28.341
2003121601 0 NA 0 28.336
2003121602 0 NA 0 28.331
2003121603 0 NA 0 28.327
2003121604 0 NA 0 28.322
2003121605 0 NA 0 28.318
2003121606 0 NA 0 28.313
2003121607 0 NA 0 28.308
2003121608 0 NA 0.0014634146 28.304
2003121609 0 NA 0.016097561 28.3
2003121610 0 NA 0.0497560976 28.296
2003121611 0 NA 0.0702439024 28.294
2003121612 0 NA 0.0453658537 28.289
2003121613 0 NA 0.0614634146 28.286
2003121614 0 NA 0.0380487805 28.283
2003121615 0 NA 0.0175609756 28.28
2003121616 0 NA 0 28.278
2003121617 0 NA 0 28.274
2003121618 0 NA 0 28.271
2003121619 0 NA 0 28.269
2003121620 0 NA 0 28.267
2003121621 0 NA 0 28.265
2003121622 0 NA 0 28.263
2003121623 0 NA 0 28.26
2003121700 0 NA 0 28.258
2003121701 0 NA 0 28.256
2003121702 0 NA 0 28.255
2003121703 0 NA 0 28.253
2003121704 0 NA 0 28.251
2003121705 0 NA 0 28.249
2003121706 0 NA 0 28.248
2003121707 0 NA 0 28.246
2003121708 0 NA 0 28.243
2003121709 0 NA 0.0052863436 28.241
2003121710 0 NA 0.0158590308 28.239
2003121711 0 NA 0.0303964758 28.237
2003121712 0 NA 0.0792951542 28.235
2003121713 0 NA 0.0872246696 28.234
2003121714 0 NA 0.0621145374 28.232
2003121715 0 NA 0.0185022026 28.231
2003121716 0 NA 0.0013215859 28.229
2003121717 0 NA 0 28.227
2003121718 0 NA 0 28.225
2003121719 0 NA 0 28.223
2003121720 0 NA 0 28.222
2003121721 0 NA 0 28.22
2003121722 0 NA 0 28.218
2003121723 0 NA 0 28.217
2003121800 0 NA 0 28.215
2003121801 0 NA 0 28.214
2003121802 0 NA 0 28.212
2003121803 0 NA 0 28.21
2003121804 0 NA 0 28.208
2003121805 0 NA 0 28.206
2003121806 0 NA 0 28.204
2003121807 0 NA 0 28.202
2003121808 0 NA 0.0011396011 28.2
2003121809 0 NA 0.0193732194 28.198
2003121810 0 NA 0.0547008547 28.196
2003121811 0 NA 0.0820512821 28.195
2003121812 0 NA 0.09002849 28.193
2003121813 0 NA 0.0797720798 28.193
2003121814 0 NA 0.0558404558 28.195
2003121815 0 NA 0.015954416 28.196
2003121816 0 NA 0.0011396011 28.195
2003121817 0 NA 0 28.195
2003121818 0 NA 0 28.193
2003121819 0 NA 0 28.192
2003121820 0 NA 0 28.191
2003121821 0 NA 0 28.189
2003121822 0 NA 0 28.187
2003121823 0 NA 0 28.187
2003121900 0 NA 0 28.186
2003121901 0 NA 0 28.184
2003121902 0 NA 0 28.183
2003121903 0 NA 0 28.182
2003121904 0 NA 0 28.18
2003121905 0 NA 0 28.179
2003121906 0 NA 0 28.178
2003121907 0 NA 0 28.177
2003121908 0 NA 0.0010869565 28.176
2003121909 0 NA 0.0086956522 28.173
2003121910 0 NA 0.0097826087 28.172
2003121911 0 NA 0.0130434783 28.17
2003121912 0 NA 0.0163043478 28.17
2003121913 0 NA 0.027173913 28.17
2003121914 0 NA 0.0173913043 28.171
2003121915 0 NA 0.0065217391 28.171
2003121916 0 NA 0 28.171
2003121917 0 NA 0 28.17
2003121918 0 NA 0 28.168
2003121919 0 NA 0 28.168
2003121920 0 NA 0 28.167
2003121921 0 NA 0 28.165
2003121922 0 NA 0 28.165
2003121923 0 NA 0 28.164
2003122000 0 NA 0 28.164
2003122001 0 NA 0 28.163
2003122002 0 NA 0 28.163
2003122003 0 NA 0 28.162
2003122004 0 NA 0 28.162
2003122005 0 NA 0 28.162
2003122006 0 NA 0 28.163
2003122007 0 NA 0 28.163
2003122008 0 NA 0 28.163
2003122009 0 NA 0.0011904762 28.163
2003122010 0 NA 0.0035714286 28.163
2003122011 0 NA 0.0428571429 28.163
2003122012 0 NA 0.0321428571 28.164
2003122013 0 NA 0.0095238095 28.166
2003122014 0 NA 0.0083333333 28.168
2003122015 0.1 NA 0.0023809524 28.17
2003122016 1.4 NA 0 28.172
2003122017 1.1 NA 0 28.175
2003122018 0.8 NA 0 28.183
2003122019 0.2 NA 0 28.19
2003122020 0.2 NA 0 28.196
2003122021 0.7 NA 0 28.201
2003122022 0.1 NA 0 28.205
2003122023 0.1 NA 0 28.209
2003122100 0.1 NA 0 28.215
2003122101 0 NA 0 28.22
2003122102 0 NA 0 28.224
2003122103 0 NA 0 28.229
2003122104 0 NA 0 28.233
2003122105 0 NA 0 28.235
2003122106 0 NA 0 28.236
2003122107 0 NA 0 28.236
2003122108 0 NA 0 28.235
2003122109 1 NA 0.0013157895 28.235
2003122110 1 NA 0.0105263158 28.234
2003122111 0.1 NA 0.0263157895 28.232
2003122112 0.1 NA 0.025 28.233
2003122113 0.2 NA 0.0210526316 28.235
2003122114 0.5 NA 0.0105263158 28.238
2003122115 0 NA 0.0052631579 28.239
2003122116 0.4 NA 0 28.24
2003122117 0 NA 0 28.242
2003122118 0 NA 0 28.245
2003122119 0 NA 0 28.249
2003122120 0 NA 0 28.252
2003122121 0.5 NA 0 28.253
2003122122 2.2 NA 0 28.254
2003122123 2.1 NA 0 28.255
2003122200 0 NA 0 28.26
2003122201 0 NA 0 28.277
2003122202 0 NA 0 28.297
2003122203 0 NA 0 28.311
2003122204 0 NA 0 28.32
2003122205 0 NA 0 28.325
2003122206 0 NA 0 28.328
2003122207 0 NA 0 28.328
2003122208 0 NA 0 28.325
2003122209 0 NA 0.017114094 28.32
2003122210 0 NA 0.0503355705 28.315
2003122211 0 NA 0.0453020134 28.31
2003122212 0 NA 0.0473154362 28.306
2003122213 0 NA 0.0684563758 28.302
2003122214 0 NA 0.0503355705 28.299
2003122215 0 NA 0.0201342282 28.295
2003122216 0 NA 0.0010067114 28.29
2003122217 0 NA 0 28.285
2003122218 0 NA 0 28.28
2003122219 0 NA 0 28.275
2003122220 0 NA 0 28.271
2003122221 0 NA 0 28.267
2003122222 0 NA 0 28.264
2003122223 0 NA 0 28.261
2003122300 0 NA 0 28.258
2003122301 0 NA 0 28.255
2003122302 0 NA 0 28.251
2003122303 0 NA 0 28.248
2003122304 0 NA 0 28.245
2003122305 0 NA 0 28.242
2003122306 0 NA 0 28.24
2003122307 0 NA 0 28.237
2003122308 0 NA 0.0015625 28.234
2003122309 0 NA 0.0171875 28.231
2003122310 0.3 NA 0.0125 28.228
2003122311 0.7 NA 0.0140625 28.226
2003122312 0.9 NA 0.0234375 28.225
2003122313 0.7 NA 0.015625 28.224
2003122314 0.6 NA 0.0125 28.224
2003122315 0.7 NA 0.003125 28.224
2003122316 0.6 NA 0 28.224
2003122317 0.3 NA 0 28.224
2003122318 0.2 NA 0 28.224
2003122319 0 NA 0 28.224
2003122320 0 NA 0 28.225
2003122321 0 NA 0 28.227
2003122322 0 NA 0 28.231
2003122323 0 NA 0 28.235
2003122400 0 NA 0 28.24
2003122401 0 NA 0 28.245
2003122402 0 NA 0 28.252
2003122403 0 NA 0 28.259
2003122404 0 NA 0 28.267
2003122405 0 NA 0 28.275
2003122406 0 NA 0 28.284
2003122407 0 NA 0 28.29
2003122408 0 NA 0.0008403361 28.292
2003122409 0 NA 0.0092436975 28.293
2003122410 0 NA 0.0260504202 28.293
2003122411 0 NA 0.0235294118 28.293
2003122412 0 NA 0.018487395 28.292
2003122413 0 NA 0.0117647059 28.291
2003122414 0.1 NA 0.0067226891 28.291
2003122415 0.1 NA 0.0033613445 28.288
2003122416 0.1 NA 0 28.285
2003122417 0 NA 0 28.282
2003122418 0 NA 0 28.28
2003122419 0 NA 0 28.277
2003122420 0 NA 0 28.275
2003122421 0 NA 0 28.272
2003122422 0 NA 0 28.269
2003122423 0 NA 0 28.268
2003122500 0 NA 0 28.266
2003122501 0 NA 0 28.263
2003122502 0 NA 0 28.261
2003122503 0 NA 0 28.259
2003122504 0 NA 0 28.257
2003122505 0 NA 0 28.255
2003122506 0 NA 0 28.253
2003122507 0 NA 0 28.251
2003122508 0 NA 0 28.249
2003122509 0 NA 0.0045454545 28.246
2003122510 0 NA 0.0090909091 28.243
2003122511 0 NA 0.0181818182 28.242
2003122512 0 NA 0.0181818182 28.24
2003122513 0 NA 0.0204545455 28.239
2003122514 0 NA 0.0227272727 28.237
2003122515 0 NA 0.0068181818 28.235
2003122516 0 NA 0 28.234
2003122517 0 NA 0 28.232
2003122518 0 NA 0 28.23
2003122519 0 NA 0 28.228
2003122520 0 NA 0 28.227
2003122521 0 NA 0 28.225
2003122522 0.1 NA 0 28.224
2003122523 0 NA 0 28.222
2003122600 0 NA 0 28.222
2003122601 0.1 NA 0 28.221
2003122602 0 NA 0 28.22
2003122603 0 NA 0 28.22
2003122604 0 NA 0 28.219
2003122605 0 NA 0 28.218
2003122606 0 NA 0 28.218
2003122607 0 NA 0 28.217
2003122608 0 NA 0 28.216
2003122609 0 NA 0.006741573 28.216
2003122610 0 NA 0.008988764 28.215
2003122611 0 NA 0.0202247191 28.215
2003122612 0 NA 0.0359550562 28.215
2003122613 0 NA 0.0741573034 28.216
2003122614 0 NA 0.0382022472 28.216
2003122615 0 NA 0.0146067416 28.216
2003122616 0 NA 0.0011235955 28.216
2003122617 0 NA 0 28.216
2003122618 0 NA 0 28.214
2003122619 0 NA 0 28.212
2003122620 0 NA 0 28.211
2003122621 0 NA 0 28.209
2003122622 0 NA 0 28.208
2003122623 0 NA 0 28.207
2003122700 0 NA 0 28.206
2003122701 0 NA 0 28.206
2003122702 0.3 NA 0 28.205
2003122703 2 NA 0 28.204
2003122704 1.1 NA 0 28.204
2003122705 0.7 NA 0 28.209
2003122706 0 NA 0 28.216
2003122707 0 NA 0 28.224
2003122708 0 NA 0 28.232
2003122709 0 NA 0.0066666667 28.237
2003122710 0 NA 0.0186666667 28.241
2003122711 0 NA 0.056 28.244
2003122712 0 NA 0.0546666667 28.247
2003122713 0 NA 0.08 28.248
2003122714 0 NA 0.064 28.248
2003122715 0 NA 0.0186666667 28.248
2003122716 0 NA 0.0013333333 28.247
2003122717 0 NA 0 28.246
2003122718 0 NA 0 28.244
2003122719 0 NA 0 28.243
2003122720 0 NA 0 28.241
2003122721 0 NA 0 28.24
2003122722 0 NA 0 28.239
2003122723 0 NA 0 28.237
2003122800 0 NA 0 28.237
2003122801 0.2 NA 0 28.237
2003122802 2 NA 0 28.237
2003122803 3.6 NA 0 28.237
2003122804 2.5 NA 0 28.243
2003122805 2 NA 0 28.264
2003122806 1.2 NA 0 28.304
2003122807 0.3 NA 0 28.347
2003122808 0.8 NA 0 28.378
2003122809 0.3 NA 0.0025974026 28.401
2003122810 0 NA 0.0103896104 28.417
2003122811 0.1 NA 0.0207792208 28.429
2003122812 0 NA 0.025974026 28.436
2003122813 0 NA 0.0337662338 28.44
2003122814 2.7 NA 0.0051948052 28.441
2003122815 1.5 NA 0.0012987013 28.439
2003122816 0.1 NA 0 28.439
2003122817 0 NA 0 28.449
2003122818 0.2 NA 0 28.459
2003122819 0 NA 0 28.464
2003122820 0 NA 0 28.464
2003122821 0 NA 0 28.462
2003122822 0 NA 0 28.458
2003122823 0 NA 0 28.453
2003122900 0 NA 0 28.446
2003122901 0 NA 0 28.439
2003122902 0 NA 0 28.431
2003122903 0 NA 0 28.423
2003122904 0 NA 0 28.415
2003122905 0 NA 0 28.408
2003122906 0 NA 0 28.401
2003122907 0 NA 0 28.393
2003122908 0 NA 0 28.385
2003122909 0 NA 0.003202847 28.378
2003122910 0 NA 0.0170818505 28.371
2003122911 0 NA 0.0683274021 28.364
2003122912 0 NA 0.0854092527 28.358
2003122913 0 NA 0.0747330961 28.353
2003122914 0 NA 0.0341637011 28.347
2003122915 0 NA 0.0160142349 28.342
2003122916 0 NA 0.0010676157 28.337
2003122917 0 NA 0 28.331
2003122918 0 NA 0 28.327
2003122919 0 NA 0 28.323
2003122920 0 NA 0 28.319
2003122921 0 NA 0 28.314
2003122922 0 NA 0 28.31
2003122923 0 NA 0 28.306
2003123000 0 NA 0 28.302
2003123001 0 NA 0 28.299
2003123002 0 NA 0 28.296
2003123003 0 NA 0 28.293
2003123004 0 NA 0 28.289
2003123005 0 NA 0 28.286
2003123006 0 NA 0 28.282
2003123007 0 NA 0 28.279
2003123008 0 NA 0 28.276
2003123009 0 NA 0.0095238095 28.273
2003123010 0 NA 0.0247619048 28.27
2003123011 0 NA 0.0523809524 28.267
2003123012 0 NA 0.0504761905 28.266
2003123013 0 NA 0.04 28.264
2003123014 0 NA 0.0152380952 28.262
2003123015 0 NA 0.0066666667 28.26
2003123016 0 NA 0.000952381 28.257
2003123017 0 NA 0 28.255
2003123018 0 NA 0 28.252
2003123019 0 NA 0 28.25
2003123020 0 NA 0 28.248
2003123021 0 NA 0 28.245
2003123022 0 NA 0 28.243
2003123023 0 NA 0 28.241
2003123100 0 NA 0 28.24
2003123101 0 NA 0 28.239
2003123102 0 NA 0 28.237
2003123103 0 NA 0 28.235
2003123104 0 NA 0 28.233
2003123105 0 NA 0 28.231
2003123106 0 NA 0 28.229
2003123107 0 NA 0 28.227
2003123108 0 NA 0 28.225
2003123109 0 NA 0.0066666667 28.223
2003123110 0 NA 0.0213333333 28.221
2003123111 0 NA 0.0213333333 28.22
2003123112 0 NA 0.024 28.219
2003123113 0 NA 0.008 28.218
2003123114 0 NA 0.012 28.217
2003123115 0 NA 0.0066666667 28.216
2003123116 0 NA 0 28.216
2003123117 0 NA 0 28.214
2003123118 0 NA 0 28.213
2003123119 0 NA 0 28.213
2003123120 0 NA 0 28.212
2003123121 0 NA 0 28.212
2003123122 0 NA 0 28.211
2003123123 0 NA 0 28.21